mgra,PUMA,region
1,7317,1
2,7316,1
3,7313,1
4,7309,1
5,7309,1
6,7309,1
7,7310,1
8,7310,1
9,7320,1
10,7309,1
11,7310,1
12,7316,1
13,7309,1
14,7320,1
15,7318,1
16,7316,1
17,7316,1
18,7310,1
19,7316,1
20,7316,1
21,7309,1
22,7317,1
23,7319,1
24,7318,1
25,7316,1
26,7310,1
27,7319,1
28,7316,1
29,7317,1
30,7308,1
31,7317,1
32,7310,1
33,7310,1
34,7313,1
35,7314,1
36,7316,1
37,7308,1
38,7317,1
39,7322,1
40,7310,1
41,7309,1
42,7310,1
43,7319,1
44,7310,1
45,7321,1
46,7310,1
47,7317,1
48,7319,1
49,7316,1
50,7310,1
51,7318,1
52,7316,1
53,7318,1
54,7319,1
55,7316,1
56,7316,1
57,7301,1
58,7316,1
59,7310,1
60,7310,1
61,7309,1
62,7317,1
63,7310,1
64,7310,1
65,7313,1
66,7316,1
67,7321,1
68,7313,1
69,7310,1
70,7310,1
71,7321,1
72,7314,1
73,7316,1
74,7316,1
75,7310,1
76,7320,1
77,7314,1
78,7301,1
79,7313,1
80,7315,1
81,7316,1
82,7313,1
83,7316,1
84,7319,1
85,7316,1
86,7316,1
87,7321,1
88,7319,1
89,7321,1
90,7310,1
91,7308,1
92,7310,1
93,7316,1
94,7316,1
95,7310,1
96,7310,1
97,7316,1
98,7315,1
99,7316,1
100,7301,1
101,7313,1
102,7316,1
103,7310,1
104,7322,1
105,7307,1
106,7313,1
107,7322,1
108,7318,1
109,7321,1
110,7310,1
111,7317,1
112,7317,1
113,7310,1
114,7311,1
115,7321,1
116,7310,1
117,7321,1
118,7318,1
119,7317,1
120,7322,1
121,7313,1
122,7314,1
123,7318,1
124,7310,1
125,7310,1
126,7315,1
127,7318,1
128,7321,1
129,7310,1
130,7316,1
131,7316,1
132,7316,1
133,7316,1
134,7321,1
135,7316,1
136,7310,1
137,7317,1
138,7313,1
139,7310,1
140,7309,1
141,7309,1
142,7310,1
143,7310,1
144,7316,1
145,7316,1
146,7318,1
147,7316,1
148,7321,1
149,7313,1
150,7319,1
151,7318,1
152,7310,1
153,7310,1
154,7312,1
155,7307,1
156,7322,1
157,7316,1
158,7319,1
159,7316,1
160,7310,1
161,7319,1
162,7316,1
163,7313,1
164,7310,1
165,7301,1
166,7309,1
167,7314,1
168,7319,1
169,7319,1
170,7310,1
171,7320,1
172,7312,1
173,7318,1
174,7320,1
175,7310,1
176,7313,1
177,7321,1
178,7310,1
179,7310,1
180,7321,1
181,7318,1
182,7310,1
183,7313,1
184,7310,1
185,7313,1
186,7316,1
187,7310,1
188,7319,1
189,7310,1
190,7316,1
191,7317,1
192,7315,1
193,7310,1
194,7316,1
195,7316,1
196,7310,1
197,7313,1
198,7322,1
199,7310,1
200,7314,1
201,7310,1
202,7316,1
203,7322,1
204,7316,1
205,7322,1
206,7314,1
207,7307,1
208,7321,1
209,7321,1
210,7312,1
211,7322,1
212,7317,1
213,7316,1
214,7316,1
215,7316,1
216,7322,1
217,7314,1
218,7301,1
219,7321,1
220,7310,1
221,7313,1
222,7310,1
223,7321,1
224,7314,1
225,7310,1
226,7316,1
227,7310,1
228,7310,1
229,7301,1
230,7322,1
231,7316,1
232,7316,1
233,7316,1
234,7310,1
235,7310,1
236,7316,1
237,7317,1
238,7316,1
239,7319,1
240,7316,1
241,7316,1
242,7316,1
243,7310,1
244,7320,1
245,7301,1
246,7310,1
247,7316,1
248,7316,1
249,7316,1
250,7316,1
251,7301,1
252,7313,1
253,7310,1
254,7316,1
255,7318,1
256,7318,1
257,7317,1
258,7317,1
259,7317,1
260,7321,1
261,7315,1
262,7310,1
263,7316,1
264,7316,1
265,7309,1
266,7313,1
267,7310,1
268,7310,1
269,7314,1
270,7318,1
271,7319,1
272,7322,1
273,7310,1
274,7313,1
275,7310,1
276,7319,1
277,7317,1
278,7317,1
279,7321,1
280,7316,1
281,7321,1
282,7316,1
283,7310,1
284,7314,1
285,7310,1
286,7315,1
287,7314,1
288,7316,1
289,7314,1
290,7316,1
291,7316,1
292,7316,1
293,7301,1
294,7316,1
295,7310,1
296,7310,1
297,7315,1
298,7309,1
299,7316,1
300,7316,1
301,7310,1
302,7310,1
303,7321,1
304,7322,1
305,7301,1
306,7310,1
307,7310,1
308,7322,1
309,7318,1
310,7307,1
311,7321,1
312,7317,1
313,7318,1
314,7310,1
315,7310,1
316,7312,1
317,7307,1
318,7319,1
319,7316,1
320,7318,1
321,7309,1
322,7301,1
323,7317,1
324,7314,1
325,7313,1
326,7310,1
327,7309,1
328,7321,1
329,7322,1
330,7317,1
331,7316,1
332,7301,1
333,7321,1
334,7321,1
335,7317,1
336,7316,1
337,7309,1
338,7301,1
339,7310,1
340,7313,1
341,7318,1
342,7316,1
343,7313,1
344,7316,1
345,7320,1
346,7318,1
347,7320,1
348,7310,1
349,7316,1
350,7310,1
351,7310,1
352,7310,1
353,7316,1
354,7310,1
355,7315,1
356,7316,1
357,7311,1
358,7313,1
359,7301,1
360,7310,1
361,7318,1
362,7316,1
363,7321,1
364,7321,1
365,7322,1
366,7316,1
367,7315,1
368,7307,1
369,7307,1
370,7310,1
371,7316,1
372,7310,1
373,7309,1
374,7316,1
375,7313,1
376,7310,1
377,7316,1
378,7318,1
379,7313,1
380,7310,1
381,7316,1
382,7310,1
383,7321,1
384,7310,1
385,7317,1
386,7320,1
387,7316,1
388,7310,1
389,7310,1
390,7317,1
391,7310,1
392,7316,1
393,7317,1
394,7316,1
395,7310,1
396,7315,1
397,7315,1
398,7314,1
399,7314,1
400,7308,1
401,7310,1
402,7317,1
403,7315,1
404,7321,1
405,7317,1
406,7315,1
407,7316,1
408,7313,1
409,7301,1
410,7311,1
411,7310,1
412,7321,1
413,7310,1
414,7316,1
415,7310,1
416,7316,1
417,7322,1
418,7310,1
419,7318,1
420,7317,1
421,7315,1
422,7310,1
423,7310,1
424,7316,1
425,7316,1
426,7317,1
427,7314,1
428,7307,1
429,7321,1
430,7316,1
431,7310,1
432,7310,1
433,7310,1
434,7317,1
435,7316,1
436,7316,1
437,7316,1
438,7322,1
439,7313,1
440,7310,1
441,7311,1
442,7309,1
443,7314,1
444,7312,1
445,7312,1
446,7310,1
447,7319,1
448,7316,1
449,7310,1
450,7310,1
451,7316,1
452,7322,1
453,7314,1
454,7317,1
455,7321,1
456,7316,1
457,7316,1
458,7316,1
459,7315,1
460,7314,1
461,7307,1
462,7310,1
463,7315,1
464,7314,1
465,7316,1
466,7318,1
467,7308,1
468,7301,1
469,7301,1
470,7311,1
471,7310,1
472,7301,1
473,7319,1
474,7319,1
475,7316,1
476,7322,1
477,7310,1
478,7309,1
479,7316,1
480,7321,1
481,7319,1
482,7313,1
483,7322,1
484,7310,1
485,7322,1
486,7315,1
487,7307,1
488,7318,1
489,7309,1
490,7316,1
491,7322,1
492,7321,1
493,7316,1
494,7316,1
495,7310,1
496,7315,1
497,7321,1
498,7310,1
499,7316,1
500,7310,1
501,7313,1
502,7320,1
503,7316,1
504,7310,1
505,7310,1
506,7316,1
507,7301,1
508,7317,1
509,7321,1
510,7321,1
511,7317,1
512,7316,1
513,7310,1
514,7314,1
515,7310,1
516,7312,1
517,7317,1
518,7316,1
519,7316,1
520,7316,1
521,7315,1
522,7301,1
523,7307,1
524,7310,1
525,7318,1
526,7316,1
527,7321,1
528,7310,1
529,7317,1
530,7310,1
531,7313,1
532,7310,1
533,7316,1
534,7315,1
535,7316,1
536,7309,1
537,7310,1
538,7313,1
539,7314,1
540,7313,1
541,7317,1
542,7316,1
543,7316,1
544,7316,1
545,7318,1
546,7321,1
547,7319,1
548,7318,1
549,7310,1
550,7316,1
551,7316,1
552,7315,1
553,7309,1
554,7316,1
555,7319,1
556,7316,1
557,7310,1
558,7320,1
559,7316,1
560,7316,1
561,7317,1
562,7310,1
563,7310,1
564,7316,1
565,7301,1
566,7321,1
567,7310,1
568,7317,1
569,7301,1
570,7318,1
571,7310,1
572,7315,1
573,7316,1
574,7316,1
575,7316,1
576,7316,1
577,7322,1
578,7310,1
579,7314,1
580,7313,1
581,7309,1
582,7310,1
583,7316,1
584,7316,1
585,7314,1
586,7316,1
587,7314,1
588,7314,1
589,7314,1
590,7312,1
591,7310,1
592,7321,1
593,7301,1
594,7321,1
595,7315,1
596,7318,1
597,7321,1
598,7321,1
599,7301,1
600,7321,1
601,7310,1
602,7315,1
603,7316,1
604,7316,1
605,7318,1
606,7317,1
607,7321,1
608,7321,1
609,7321,1
610,7310,1
611,7301,1
612,7310,1
613,7321,1
614,7301,1
615,7316,1
616,7316,1
617,7317,1
618,7317,1
619,7316,1
620,7317,1
621,7312,1
622,7316,1
623,7321,1
624,7314,1
625,7307,1
626,7321,1
627,7315,1
628,7319,1
629,7301,1
630,7319,1
631,7310,1
632,7310,1
633,7313,1
634,7321,1
635,7316,1
636,7318,1
637,7314,1
638,7301,1
639,7310,1
640,7315,1
641,7311,1
642,7313,1
643,7320,1
644,7301,1
645,7310,1
646,7309,1
647,7319,1
648,7316,1
649,7316,1
650,7316,1
651,7316,1
652,7310,1
653,7310,1
654,7310,1
655,7319,1
656,7320,1
657,7321,1
658,7310,1
659,7314,1
660,7317,1
661,7318,1
662,7309,1
663,7307,1
664,7317,1
665,7317,1
666,7316,1
667,7317,1
668,7310,1
669,7322,1
670,7310,1
671,7316,1
672,7307,1
673,7313,1
674,7310,1
675,7310,1
676,7315,1
677,7321,1
678,7316,1
679,7310,1
680,7311,1
681,7310,1
682,7310,1
683,7321,1
684,7322,1
685,7307,1
686,7318,1
687,7316,1
688,7321,1
689,7318,1
690,7318,1
691,7322,1
692,7317,1
693,7314,1
694,7318,1
695,7310,1
696,7310,1
697,7318,1
698,7318,1
699,7316,1
700,7310,1
701,7310,1
702,7310,1
703,7301,1
704,7316,1
705,7315,1
706,7311,1
707,7316,1
708,7316,1
709,7310,1
710,7322,1
711,7319,1
712,7316,1
713,7316,1
714,7316,1
715,7310,1
716,7318,1
717,7318,1
718,7322,1
719,7307,1
720,7316,1
721,7316,1
722,7315,1
723,7310,1
724,7310,1
725,7322,1
726,7309,1
727,7310,1
728,7310,1
729,7315,1
730,7317,1
731,7310,1
732,7310,1
733,7316,1
734,7313,1
735,7318,1
736,7301,1
737,7316,1
738,7310,1
739,7321,1
740,7317,1
741,7316,1
742,7316,1
743,7322,1
744,7314,1
745,7312,1
746,7309,1
747,7316,1
748,7310,1
749,7316,1
750,7316,1
751,7316,1
752,7316,1
753,7317,1
754,7313,1
755,7321,1
756,7317,1
757,7310,1
758,7310,1
759,7313,1
760,7316,1
761,7314,1
762,7318,1
763,7316,1
764,7310,1
765,7310,1
766,7313,1
767,7316,1
768,7310,1
769,7310,1
770,7322,1
771,7321,1
772,7313,1
773,7309,1
774,7310,1
775,7316,1
776,7316,1
777,7321,1
778,7315,1
779,7314,1
780,7321,1
781,7316,1
782,7314,1
783,7310,1
784,7310,1
785,7321,1
786,7316,1
787,7310,1
788,7310,1
789,7314,1
790,7314,1
791,7319,1
792,7316,1
793,7312,1
794,7321,1
795,7316,1
796,7316,1
797,7310,1
798,7317,1
799,7321,1
800,7310,1
801,7315,1
802,7321,1
803,7321,1
804,7321,1
805,7316,1
806,7316,1
807,7301,1
808,7316,1
809,7316,1
810,7318,1
811,7316,1
812,7322,1
813,7316,1
814,7317,1
815,7321,1
816,7316,1
817,7318,1
818,7314,1
819,7310,1
820,7309,1
821,7301,1
822,7301,1
823,7318,1
824,7321,1
825,7316,1
826,7319,1
827,7318,1
828,7310,1
829,7318,1
830,7317,1
831,7310,1
832,7313,1
833,7316,1
834,7321,1
835,7316,1
836,7301,1
837,7311,1
838,7310,1
839,7314,1
840,7316,1
841,7310,1
842,7310,1
843,7310,1
844,7318,1
845,7315,1
846,7314,1
847,7321,1
848,7322,1
849,7318,1
850,7318,1
851,7318,1
852,7321,1
853,7316,1
854,7310,1
855,7310,1
856,7310,1
857,7322,1
858,7322,1
859,7317,1
860,7310,1
861,7316,1
862,7315,1
863,7316,1
864,7317,1
865,7319,1
866,7316,1
867,7310,1
868,7318,1
869,7313,1
870,7313,1
871,7318,1
872,7316,1
873,7310,1
874,7316,1
875,7318,1
876,7310,1
877,7310,1
878,7317,1
879,7310,1
880,7317,1
881,7317,1
882,7301,1
883,7321,1
884,7316,1
885,7317,1
886,7319,1
887,7316,1
888,7317,1
889,7315,1
890,7319,1
891,7316,1
892,7321,1
893,7310,1
894,7316,1
895,7310,1
896,7310,1
897,7322,1
898,7316,1
899,7316,1
900,7310,1
901,7321,1
902,7311,1
903,7310,1
904,7316,1
905,7317,1
906,7319,1
907,7319,1
908,7314,1
909,7310,1
910,7310,1
911,7313,1
912,7309,1
913,7316,1
914,7310,1
915,7310,1
916,7314,1
917,7315,1
918,7319,1
919,7319,1
920,7310,1
921,7316,1
922,7315,1
923,7321,1
924,7318,1
925,7317,1
926,7311,1
927,7312,1
928,7310,1
929,7310,1
930,7319,1
931,7316,1
932,7316,1
933,7316,1
934,7309,1
935,7309,1
936,7318,1
937,7321,1
938,7316,1
939,7316,1
940,7316,1
941,7310,1
942,7316,1
943,7310,1
944,7310,1
945,7319,1
946,7321,1
947,7316,1
948,7317,1
949,7321,1
950,7321,1
951,7309,1
952,7316,1
953,7310,1
954,7308,1
955,7309,1
956,7310,1
957,7308,1
958,7310,1
959,7310,1
960,7310,1
961,7316,1
962,7316,1
963,7310,1
964,7310,1
965,7310,1
966,7321,1
967,7310,1
968,7317,1
969,7307,1
970,7307,1
971,7307,1
972,7313,1
973,7310,1
974,7318,1
975,7321,1
976,7308,1
977,7310,1
978,7310,1
979,7310,1
980,7310,1
981,7316,1
982,7316,1
983,7317,1
984,7316,1
985,7314,1
986,7310,1
987,7310,1
988,7311,1
989,7307,1
990,7310,1
991,7316,1
992,7314,1
993,7316,1
994,7316,1
995,7310,1
996,7310,1
997,7316,1
998,7310,1
999,7322,1
1000,7310,1
1001,7321,1
1002,7316,1
1003,7316,1
1004,7319,1
1005,7317,1
1006,7316,1
1007,7316,1
1008,7313,1
1009,7310,1
1010,7315,1
1011,7310,1
1012,7321,1
1013,7316,1
1014,7314,1
1015,7316,1
1016,7316,1
1017,7316,1
1018,7309,1
1019,7308,1
1020,7310,1
1021,7321,1
1022,7317,1
1023,7308,1
1024,7310,1
1025,7310,1
1026,7321,1
1027,7309,1
1028,7310,1
1029,7316,1
1030,7318,1
1031,7301,1
1032,7312,1
1033,7319,1
1034,7310,1
1035,7309,1
1036,7317,1
1037,7319,1
1038,7316,1
1039,7307,1
1040,7315,1
1041,7316,1
1042,7314,1
1043,7310,1
1044,7310,1
1045,7310,1
1046,7313,1
1047,7317,1
1048,7316,1
1049,7318,1
1050,7316,1
1051,7310,1
1052,7321,1
1053,7321,1
1054,7316,1
1055,7307,1
1056,7316,1
1057,7316,1
1058,7321,1
1059,7310,1
1060,7318,1
1061,7318,1
1062,7316,1
1063,7321,1
1064,7315,1
1065,7314,1
1066,7315,1
1067,7318,1
1068,7310,1
1069,7311,1
1070,7311,1
1071,7320,1
1072,7310,1
1073,7313,1
1074,7322,1
1075,7317,1
1076,7310,1
1077,7301,1
1078,7310,1
1079,7310,1
1080,7309,1
1081,7316,1
1082,7310,1
1083,7307,1
1084,7310,1
1085,7317,1
1086,7322,1
1087,7319,1
1088,7315,1
1089,7308,1
1090,7310,1
1091,7314,1
1092,7309,1
1093,7316,1
1094,7316,1
1095,7316,1
1096,7316,1
1097,7322,1
1098,7310,1
1099,7322,1
1100,7322,1
1101,7321,1
1102,7317,1
1103,7322,1
1104,7313,1
1105,7321,1
1106,7310,1
1107,7319,1
1108,7318,1
1109,7311,1
1110,7321,1
1111,7316,1
1112,7310,1
1113,7319,1
1114,7301,1
1115,7310,1
1116,7314,1
1117,7314,1
1118,7321,1
1119,7321,1
1120,7316,1
1121,7318,1
1122,7309,1
1123,7310,1
1124,7313,1
1125,7319,1
1126,7321,1
1127,7321,1
1128,7307,1
1129,7322,1
1130,7320,1
1131,7315,1
1132,7315,1
1133,7314,1
1134,7316,1
1135,7317,1
1136,7310,1
1137,7322,1
1138,7310,1
1139,7310,1
1140,7310,1
1141,7314,1
1142,7309,1
1143,7310,1
1144,7301,1
1145,7310,1
1146,7321,1
1147,7310,1
1148,7321,1
1149,7317,1
1150,7317,1
1151,7319,1
1152,7321,1
1153,7316,1
1154,7309,1
1155,7316,1
1156,7316,1
1157,7314,1
1158,7317,1
1159,7312,1
1160,7318,1
1161,7313,1
1162,7313,1
1163,7310,1
1164,7316,1
1165,7320,1
1166,7317,1
1167,7318,1
1168,7313,1
1169,7309,1
1170,7301,1
1171,7317,1
1172,7316,1
1173,7318,1
1174,7322,1
1175,7317,1
1176,7322,1
1177,7316,1
1178,7316,1
1179,7314,1
1180,7310,1
1181,7316,1
1182,7320,1
1183,7316,1
1184,7316,1
1185,7316,1
1186,7318,1
1187,7316,1
1188,7318,1
1189,7309,1
1190,7316,1
1191,7301,1
1192,7320,1
1193,7310,1
1194,7318,1
1195,7311,1
1196,7316,1
1197,7313,1
1198,7321,1
1199,7309,1
1200,7310,1
1201,7316,1
1202,7316,1
1203,7320,1
1204,7318,1
1205,7319,1
1206,7315,1
1207,7306,1
1208,7309,1
1209,7317,1
1210,7316,1
1211,7310,1
1212,7310,1
1213,7316,1
1214,7322,1
1215,7316,1
1216,7310,1
1217,7301,1
1218,7312,1
1219,7317,1
1220,7314,1
1221,7314,1
1222,7310,1
1223,7310,1
1224,7307,1
1225,7311,1
1226,7313,1
1227,7321,1
1228,7310,1
1229,7310,1
1230,7321,1
1231,7310,1
1232,7314,1
1233,7316,1
1234,7307,1
1235,7316,1
1236,7316,1
1237,7316,1
1238,7316,1
1239,7314,1
1240,7318,1
1241,7310,1
1242,7317,1
1243,7320,1
1244,7301,1
1245,7318,1
1246,7322,1
1247,7316,1
1248,7309,1
1249,7322,1
1250,7309,1
1251,7307,1
1252,7315,1
1253,7316,1
1254,7310,1
1255,7310,1
1256,7315,1
1257,7310,1
1258,7310,1
1259,7319,1
1260,7310,1
1261,7301,1
1262,7307,1
1263,7317,1
1264,7313,1
1265,7310,1
1266,7310,1
1267,7307,1
1268,7307,1
1269,7316,1
1270,7319,1
1271,7309,1
1272,7316,1
1273,7314,1
1274,7319,1
1275,7317,1
1276,7301,1
1277,7313,1
1278,7318,1
1279,7309,1
1280,7310,1
1281,7322,1
1282,7313,1
1283,7309,1
1284,7314,1
1285,7317,1
1286,7317,1
1287,7310,1
1288,7310,1
1289,7316,1
1290,7319,1
1291,7316,1
1292,7316,1
1293,7316,1
1294,7310,1
1295,7310,1
1296,7313,1
1297,7316,1
1298,7310,1
1299,7315,1
1300,7310,1
1301,7321,1
1302,7310,1
1303,7316,1
1304,7316,1
1305,7316,1
1306,7316,1
1307,7316,1
1308,7309,1
1309,7310,1
1310,7315,1
1311,7310,1
1312,7310,1
1313,7310,1
1314,7315,1
1315,7310,1
1316,7310,1
1317,7310,1
1318,7309,1
1319,7316,1
1320,7319,1
1321,7316,1
1322,7319,1
1323,7317,1
1324,7301,1
1325,7311,1
1326,7310,1
1327,7316,1
1328,7316,1
1329,7310,1
1330,7315,1
1331,7309,1
1332,7316,1
1333,7310,1
1334,7310,1
1335,7316,1
1336,7321,1
1337,7317,1
1338,7314,1
1339,7314,1
1340,7314,1
1341,7313,1
1342,7316,1
1343,7316,1
1344,7317,1
1345,7310,1
1346,7317,1
1347,7301,1
1348,7321,1
1349,7316,1
1350,7301,1
1351,7310,1
1352,7321,1
1353,7313,1
1354,7314,1
1355,7316,1
1356,7310,1
1357,7316,1
1358,7315,1
1359,7315,1
1360,7315,1
1361,7318,1
1362,7316,1
1363,7322,1
1364,7316,1
1365,7316,1
1366,7310,1
1367,7316,1
1368,7310,1
1369,7316,1
1370,7310,1
1371,7321,1
1372,7321,1
1373,7310,1
1374,7307,1
1375,7317,1
1376,7320,1
1377,7316,1
1378,7316,1
1379,7310,1
1380,7301,1
1381,7318,1
1382,7310,1
1383,7315,1
1384,7310,1
1385,7309,1
1386,7316,1
1387,7310,1
1388,7301,1
1389,7310,1
1390,7310,1
1391,7310,1
1392,7313,1
1393,7301,1
1394,7322,1
1395,7317,1
1396,7321,1
1397,7315,1
1398,7310,1
1399,7301,1
1400,7321,1
1401,7316,1
1402,7316,1
1403,7314,1
1404,7319,1
1405,7319,1
1406,7316,1
1407,7310,1
1408,7310,1
1409,7307,1
1410,7310,1
1411,7301,1
1412,7310,1
1413,7310,1
1414,7316,1
1415,7316,1
1416,7314,1
1417,7310,1
1418,7317,1
1419,7310,1
1420,7321,1
1421,7319,1
1422,7312,1
1423,7301,1
1424,7310,1
1425,7309,1
1426,7316,1
1427,7310,1
1428,7310,1
1429,7310,1
1430,7316,1
1431,7319,1
1432,7318,1
1433,7316,1
1434,7316,1
1435,7316,1
1436,7310,1
1437,7316,1
1438,7322,1
1439,7322,1
1440,7315,1
1441,7317,1
1442,7301,1
1443,7307,1
1444,7316,1
1445,7310,1
1446,7315,1
1447,7310,1
1448,7319,1
1449,7316,1
1450,7301,1
1451,7313,1
1452,7321,1
1453,7316,1
1454,7314,1
1455,7316,1
1456,7322,1
1457,7310,1
1458,7311,1
1459,7310,1
1460,7316,1
1461,7318,1
1462,7317,1
1463,7316,1
1464,7318,1
1465,7317,1
1466,7316,1
1467,7316,1
1468,7310,1
1469,7301,1
1470,7310,1
1471,7314,1
1472,7313,1
1473,7307,1
1474,7321,1
1475,7317,1
1476,7315,1
1477,7316,1
1478,7307,1
1479,7317,1
1480,7316,1
1481,7310,1
1482,7322,1
1483,7316,1
1484,7316,1
1485,7316,1
1486,7320,1
1487,7310,1
1488,7309,1
1489,7319,1
1490,7321,1
1491,7314,1
1492,7316,1
1493,7321,1
1494,7317,1
1495,7317,1
1496,7321,1
1497,7318,1
1498,7318,1
1499,7310,1
1500,7312,1
1501,7322,1
1502,7310,1
1503,7316,1
1504,7316,1
1505,7320,1
1506,7321,1
1507,7319,1
1508,7316,1
1509,7316,1
1510,7316,1
1511,7316,1
1512,7316,1
1513,7321,1
1514,7321,1
1515,7310,1
1516,7317,1
1517,7310,1
1518,7322,1
1519,7317,1
1520,7310,1
1521,7310,1
1522,7315,1
1523,7309,1
1524,7314,1
1525,7316,1
1526,7310,1
1527,7321,1
1528,7310,1
1529,7317,1
1530,7321,1
1531,7318,1
1532,7319,1
1533,7319,1
1534,7310,1
1535,7312,1
1536,7318,1
1537,7310,1
1538,7314,1
1539,7321,1
1540,7316,1
1541,7316,1
1542,7316,1
1543,7316,1
1544,7318,1
1545,7322,1
1546,7306,1
1547,7318,1
1548,7301,1
1549,7310,1
1550,7310,1
1551,7318,1
1552,7316,1
1553,7301,1
1554,7313,1
1555,7310,1
1556,7319,1
1557,7318,1
1558,7311,1
1559,7316,1
1560,7310,1
1561,7321,1
1562,7301,1
1563,7313,1
1564,7310,1
1565,7309,1
1566,7310,1
1567,7310,1
1568,7316,1
1569,7321,1
1570,7316,1
1571,7310,1
1572,7301,1
1573,7310,1
1574,7320,1
1575,7319,1
1576,7310,1
1577,7316,1
1578,7316,1
1579,7316,1
1580,7317,1
1581,7316,1
1582,7316,1
1583,7314,1
1584,7310,1
1585,7316,1
1586,7313,1
1587,7313,1
1588,7313,1
1589,7313,1
1590,7309,1
1591,7310,1
1592,7310,1
1593,7310,1
1594,7310,1
1595,7310,1
1596,7322,1
1597,7321,1
1598,7307,1
1599,7318,1
1600,7309,1
1601,7314,1
1602,7310,1
1603,7321,1
1604,7316,1
1605,7317,1
1606,7316,1
1607,7316,1
1608,7318,1
1609,7318,1
1610,7316,1
1611,7314,1
1612,7316,1
1613,7310,1
1614,7310,1
1615,7310,1
1616,7310,1
1617,7316,1
1618,7316,1
1619,7307,1
1620,7310,1
1621,7319,1
1622,7321,1
1623,7317,1
1624,7320,1
1625,7316,1
1626,7318,1
1627,7316,1
1628,7319,1
1629,7307,1
1630,7315,1
1631,7311,1
1632,7316,1
1633,7315,1
1634,7316,1
1635,7310,1
1636,7310,1
1637,7321,1
1638,7319,1
1639,7310,1
1640,7315,1
1641,7321,1
1642,7316,1
1643,7321,1
1644,7321,1
1645,7318,1
1646,7319,1
1647,7322,1
1648,7316,1
1649,7316,1
1650,7321,1
1651,7310,1
1652,7301,1
1653,7310,1
1654,7321,1
1655,7310,1
1656,7310,1
1657,7312,1
1658,7318,1
1659,7321,1
1660,7315,1
1661,7322,1
1662,7310,1
1663,7310,1
1664,7310,1
1665,7316,1
1666,7316,1
1667,7315,1
1668,7321,1
1669,7310,1
1670,7313,1
1671,7316,1
1672,7310,1
1673,7316,1
1674,7316,1
1675,7307,1
1676,7301,1
1677,7318,1
1678,7311,1
1679,7310,1
1680,7310,1
1681,7316,1
1682,7317,1
1683,7316,1
1684,7310,1
1685,7310,1
1686,7314,1
1687,7317,1
1688,7315,1
1689,7317,1
1690,7316,1
1691,7310,1
1692,7316,1
1693,7314,1
1694,7310,1
1695,7319,1
1696,7316,1
1697,7317,1
1698,7301,1
1699,7317,1
1700,7318,1
1701,7310,1
1702,7321,1
1703,7310,1
1704,7316,1
1705,7314,1
1706,7321,1
1707,7314,1
1708,7316,1
1709,7316,1
1710,7316,1
1711,7316,1
1712,7318,1
1713,7316,1
1714,7310,1
1715,7310,1
1716,7316,1
1717,7316,1
1718,7313,1
1719,7322,1
1720,7313,1
1721,7316,1
1722,7319,1
1723,7310,1
1724,7310,1
1725,7310,1
1726,7316,1
1727,7310,1
1728,7316,1
1729,7316,1
1730,7309,1
1731,7316,1
1732,7313,1
1733,7310,1
1734,7310,1
1735,7310,1
1736,7319,1
1737,7314,1
1738,7316,1
1739,7316,1
1740,7310,1
1741,7310,1
1742,7310,1
1743,7310,1
1744,7321,1
1745,7313,1
1746,7309,1
1747,7316,1
1748,7319,1
1749,7319,1
1750,7307,1
1751,7310,1
1752,7319,1
1753,7316,1
1754,7317,1
1755,7317,1
1756,7313,1
1757,7322,1
1758,7321,1
1759,7318,1
1760,7317,1
1761,7321,1
1762,7321,1
1763,7321,1
1764,7321,1
1765,7318,1
1766,7321,1
1767,7321,1
1768,7321,1
1769,7310,1
1770,7316,1
1771,7313,1
1772,7317,1
1773,7318,1
1774,7301,1
1775,7315,1
1776,7316,1
1777,7321,1
1778,7313,1
1779,7308,1
1780,7315,1
1781,7309,1
1782,7309,1
1783,7316,1
1784,7316,1
1785,7310,1
1786,7313,1
1787,7314,1
1788,7316,1
1789,7315,1
1790,7319,1
1791,7316,1
1792,7321,1
1793,7316,1
1794,7301,1
1795,7306,1
1796,7318,1
1797,7310,1
1798,7317,1
1799,7319,1
1800,7313,1
1801,7310,1
1802,7316,1
1803,7316,1
1804,7310,1
1805,7301,1
1806,7310,1
1807,7321,1
1808,7318,1
1809,7318,1
1810,7318,1
1811,7315,1
1812,7316,1
1813,7321,1
1814,7316,1
1815,7315,1
1816,7313,1
1817,7309,1
1818,7316,1
1819,7316,1
1820,7307,1
1821,7314,1
1822,7310,1
1823,7310,1
1824,7312,1
1825,7316,1
1826,7316,1
1827,7310,1
1828,7309,1
1829,7310,1
1830,7321,1
1831,7321,1
1832,7313,1
1833,7314,1
1834,7301,1
1835,7321,1
1836,7318,1
1837,7310,1
1838,7310,1
1839,7321,1
1840,7318,1
1841,7316,1
1842,7316,1
1843,7313,1
1844,7310,1
1845,7310,1
1846,7312,1
1847,7310,1
1848,7316,1
1849,7301,1
1850,7317,1
1851,7316,1
1852,7316,1
1853,7310,1
1854,7321,1
1855,7311,1
1856,7310,1
1857,7307,1
1858,7313,1
1859,7310,1
1860,7311,1
1861,7316,1
1862,7316,1
1863,7317,1
1864,7313,1
1865,7301,1
1866,7317,1
1867,7317,1
1868,7314,1
1869,7322,1
1870,7316,1
1871,7318,1
1872,7322,1
1873,7316,1
1874,7316,1
1875,7315,1
1876,7310,1
1877,7301,1
1878,7310,1
1879,7308,1
1880,7310,1
1881,7316,1
1882,7310,1
1883,7316,1
1884,7316,1
1885,7310,1
1886,7310,1
1887,7312,1
1888,7313,1
1889,7310,1
1890,7312,1
1891,7319,1
1892,7317,1
1893,7317,1
1894,7315,1
1895,7316,1
1896,7301,1
1897,7310,1
1898,7310,1
1899,7309,1
1900,7316,1
1901,7316,1
1902,7316,1
1903,7320,1
1904,7310,1
1905,7313,1
1906,7314,1
1907,7321,1
1908,7301,1
1909,7316,1
1910,7321,1
1911,7314,1
1912,7317,1
1913,7315,1
1914,7311,1
1915,7310,1
1916,7316,1
1917,7320,1
1918,7317,1
1919,7317,1
1920,7316,1
1921,7316,1
1922,7309,1
1923,7310,1
1924,7318,1
1925,7317,1
1926,7312,1
1927,7318,1
1928,7310,1
1929,7310,1
1930,7316,1
1931,7316,1
1932,7310,1
1933,7316,1
1934,7318,1
1935,7308,1
1936,7310,1
1937,7310,1
1938,7316,1
1939,7316,1
1940,7310,1
1941,7313,1
1942,7311,1
1943,7314,1
1944,7318,1
1945,7316,1
1946,7318,1
1947,7310,1
1948,7317,1
1949,7310,1
1950,7307,1
1951,7316,1
1952,7322,1
1953,7316,1
1954,7317,1
1955,7316,1
1956,7310,1
1957,7310,1
1958,7307,1
1959,7310,1
1960,7321,1
1961,7306,1
1962,7310,1
1963,7316,1
1964,7322,1
1965,7316,1
1966,7301,1
1967,7316,1
1968,7321,1
1969,7316,1
1970,7317,1
1971,7307,1
1972,7316,1
1973,7315,1
1974,7316,1
1975,7316,1
1976,7316,1
1977,7318,1
1978,7301,1
1979,7310,1
1980,7310,1
1981,7316,1
1982,7316,1
1983,7301,1
1984,7316,1
1985,7316,1
1986,7310,1
1987,7310,1
1988,7310,1
1989,7316,1
1990,7321,1
1991,7316,1
1992,7316,1
1993,7313,1
1994,7313,1
1995,7310,1
1996,7313,1
1997,7316,1
1998,7316,1
1999,7310,1
2000,7310,1
2001,7310,1
2002,7315,1
2003,7312,1
2004,7310,1
2005,7310,1
2006,7316,1
2007,7321,1
2008,7316,1
2009,7320,1
2010,7321,1
2011,7314,1
2012,7317,1
2013,7313,1
2014,7317,1
2015,7318,1
2016,7301,1
2017,7307,1
2018,7319,1
2019,7310,1
2020,7310,1
2021,7315,1
2022,7310,1
2023,7317,1
2024,7316,1
2025,7301,1
2026,7301,1
2027,7321,1
2028,7322,1
2029,7318,1
2030,7316,1
2031,7316,1
2032,7314,1
2033,7317,1
2034,7314,1
2035,7321,1
2036,7321,1
2037,7316,1
2038,7310,1
2039,7316,1
2040,7313,1
2041,7320,1
2042,7310,1
2043,7301,1
2044,7315,1
2045,7310,1
2046,7312,1
2047,7310,1
2048,7309,1
2049,7316,1
2050,7310,1
2051,7310,1
2052,7310,1
2053,7318,1
2054,7316,1
2055,7321,1
2056,7307,1
2057,7321,1
2058,7318,1
2059,7316,1
2060,7310,1
2061,7313,1
2062,7321,1
2063,7320,1
2064,7316,1
2065,7319,1
2066,7316,1
2067,7310,1
2068,7317,1
2069,7316,1
2070,7314,1
2071,7314,1
2072,7310,1
2073,7316,1
2074,7313,1
2075,7310,1
2076,7310,1
2077,7310,1
2078,7316,1
2079,7317,1
2080,7316,1
2081,7310,1
2082,7314,1
2083,7316,1
2084,7316,1
2085,7316,1
2086,7318,1
2087,7319,1
2088,7321,1
2089,7317,1
2090,7314,1
2091,7316,1
2092,7310,1
2093,7310,1
2094,7309,1
2095,7310,1
2096,7310,1
2097,7308,1
2098,7317,1
2099,7316,1
2100,7310,1
2101,7316,1
2102,7321,1
2103,7314,1
2104,7316,1
2105,7318,1
2106,7318,1
2107,7321,1
2108,7317,1
2109,7310,1
2110,7310,1
2111,7310,1
2112,7310,1
2113,7313,1
2114,7314,1
2115,7310,1
2116,7316,1
2117,7316,1
2118,7314,1
2119,7316,1
2120,7310,1
2121,7316,1
2122,7319,1
2123,7307,1
2124,7321,1
2125,7314,1
2126,7321,1
2127,7322,1
2128,7317,1
2129,7316,1
2130,7310,1
2131,7310,1
2132,7319,1
2133,7316,1
2134,7316,1
2135,7310,1
2136,7307,1
2137,7317,1
2138,7317,1
2139,7310,1
2140,7310,1
2141,7310,1
2142,7308,1
2143,7301,1
2144,7310,1
2145,7321,1
2146,7316,1
2147,7321,1
2148,7316,1
2149,7301,1
2150,7319,1
2151,7316,1
2152,7310,1
2153,7308,1
2154,7316,1
2155,7316,1
2156,7313,1
2157,7316,1
2158,7310,1
2159,7317,1
2160,7317,1
2161,7309,1
2162,7309,1
2163,7309,1
2164,7320,1
2165,7320,1
2166,7310,1
2167,7310,1
2168,7319,1
2169,7319,1
2170,7315,1
2171,7316,1
2172,7308,1
2173,7310,1
2174,7315,1
2175,7318,1
2176,7318,1
2177,7316,1
2178,7316,1
2179,7318,1
2180,7313,1
2181,7307,1
2182,7314,1
2183,7310,1
2184,7316,1
2185,7315,1
2186,7310,1
2187,7310,1
2188,7321,1
2189,7316,1
2190,7314,1
2191,7316,1
2192,7314,1
2193,7321,1
2194,7321,1
2195,7310,1
2196,7311,1
2197,7310,1
2198,7314,1
2199,7319,1
2200,7317,1
2201,7313,1
2202,7313,1
2203,7311,1
2204,7310,1
2205,7310,1
2206,7316,1
2207,7317,1
2208,7310,1
2209,7321,1
2210,7318,1
2211,7316,1
2212,7316,1
2213,7310,1
2214,7310,1
2215,7317,1
2216,7321,1
2217,7316,1
2218,7316,1
2219,7309,1
2220,7315,1
2221,7320,1
2222,7320,1
2223,7309,1
2224,7309,1
2225,7316,1
2226,7307,1
2227,7322,1
2228,7308,1
2229,7316,1
2230,7312,1
2231,7310,1
2232,7321,1
2233,7309,1
2234,7301,1
2235,7319,1
2236,7321,1
2237,7317,1
2238,7316,1
2239,7310,1
2240,7310,1
2241,7316,1
2242,7310,1
2243,7307,1
2244,7307,1
2245,7319,1
2246,7316,1
2247,7310,1
2248,7310,1
2249,7314,1
2250,7316,1
2251,7316,1
2252,7316,1
2253,7316,1
2254,7321,1
2255,7310,1
2256,7310,1
2257,7315,1
2258,7318,1
2259,7314,1
2260,7314,1
2261,7310,1
2262,7315,1
2263,7310,1
2264,7317,1
2265,7310,1
2266,7316,1
2267,7318,1
2268,7321,1
2269,7319,1
2270,7308,1
2271,7310,1
2272,7310,1
2273,7313,1
2274,7310,1
2275,7316,1
2276,7318,1
2277,7321,1
2278,7311,1
2279,7316,1
2280,7316,1
2281,7301,1
2282,7310,1
2283,7310,1
2284,7317,1
2285,7311,1
2286,7309,1
2287,7310,1
2288,7310,1
2289,7310,1
2290,7320,1
2291,7318,1
2292,7316,1
2293,7316,1
2294,7316,1
2295,7313,1
2296,7322,1
2297,7321,1
2298,7316,1
2299,7310,1
2300,7316,1
2301,7309,1
2302,7310,1
2303,7321,1
2304,7316,1
2305,7318,1
2306,7301,1
2307,7310,1
2308,7317,1
2309,7316,1
2310,7313,1
2311,7313,1
2312,7310,1
2313,7314,1
2314,7314,1
2315,7313,1
2316,7310,1
2317,7311,1
2318,7314,1
2319,7316,1
2320,7311,1
2321,7316,1
2322,7318,1
2323,7319,1
2324,7316,1
2325,7315,1
2326,7308,1
2327,7316,1
2328,7310,1
2329,7310,1
2330,7313,1
2331,7310,1
2332,7316,1
2333,7301,1
2334,7313,1
2335,7313,1
2336,7310,1
2337,7309,1
2338,7316,1
2339,7316,1
2340,7310,1
2341,7322,1
2342,7310,1
2343,7310,1
2344,7310,1
2345,7319,1
2346,7316,1
2347,7316,1
2348,7318,1
2349,7316,1
2350,7317,1
2351,7307,1
2352,7318,1
2353,7321,1
2354,7313,1
2355,7307,1
2356,7316,1
2357,7316,1
2358,7310,1
2359,7309,1
2360,7317,1
2361,7315,1
2362,7316,1
2363,7310,1
2364,7310,1
2365,7313,1
2366,7308,1
2367,7321,1
2368,7301,1
2369,7310,1
2370,7310,1
2371,7313,1
2372,7309,1
2373,7316,1
2374,7310,1
2375,7310,1
2376,7317,1
2377,7316,1
2378,7322,1
2379,7322,1
2380,7321,1
2381,7319,1
2382,7319,1
2383,7316,1
2384,7309,1
2385,7316,1
2386,7313,1
2387,7314,1
2388,7310,1
2389,7316,1
2390,7316,1
2391,7316,1
2392,7311,1
2393,7308,1
2394,7301,1
2395,7301,1
2396,7316,1
2397,7316,1
2398,7310,1
2399,7315,1
2400,7310,1
2401,7321,1
2402,7310,1
2403,7322,1
2404,7321,1
2405,7318,1
2406,7316,1
2407,7321,1
2408,7318,1
2409,7310,1
2410,7318,1
2411,7310,1
2412,7310,1
2413,7321,1
2414,7310,1
2415,7309,1
2416,7321,1
2417,7313,1
2418,7318,1
2419,7320,1
2420,7304,1
2421,7310,1
2422,7321,1
2423,7310,1
2424,7301,1
2425,7322,1
2426,7314,1
2427,7319,1
2428,7314,1
2429,7313,1
2430,7310,1
2431,7310,1
2432,7316,1
2433,7316,1
2434,7321,1
2435,7321,1
2436,7318,1
2437,7317,1
2438,7317,1
2439,7319,1
2440,7321,1
2441,7308,1
2442,7313,1
2443,7316,1
2444,7320,1
2445,7316,1
2446,7308,1
2447,7316,1
2448,7314,1
2449,7310,1
2450,7317,1
2451,7311,1
2452,7310,1
2453,7309,1
2454,7310,1
2455,7322,1
2456,7318,1
2457,7316,1
2458,7310,1
2459,7310,1
2460,7310,1
2461,7321,1
2462,7310,1
2463,7316,1
2464,7320,1
2465,7301,1
2466,7307,1
2467,7319,1
2468,7321,1
2469,7321,1
2470,7321,1
2471,7321,1
2472,7318,1
2473,7307,1
2474,7307,1
2475,7316,1
2476,7315,1
2477,7316,1
2478,7313,1
2479,7321,1
2480,7321,1
2481,7315,1
2482,7317,1
2483,7313,1
2484,7316,1
2485,7321,1
2486,7316,1
2487,7310,1
2488,7314,1
2489,7321,1
2490,7316,1
2491,7315,1
2492,7310,1
2493,7310,1
2494,7310,1
2495,7310,1
2496,7316,1
2497,7319,1
2498,7316,1
2499,7315,1
2500,7307,1
2501,7317,1
2502,7318,1
2503,7310,1
2504,7313,1
2505,7307,1
2506,7321,1
2507,7321,1
2508,7321,1
2509,7310,1
2510,7316,1
2511,7313,1
2512,7319,1
2513,7316,1
2514,7314,1
2515,7316,1
2516,7310,1
2517,7322,1
2518,7310,1
2519,7321,1
2520,7321,1
2521,7321,1
2522,7320,1
2523,7321,1
2524,7311,1
2525,7316,1
2526,7316,1
2527,7318,1
2528,7309,1
2529,7310,1
2530,7314,1
2531,7301,1
2532,7321,1
2533,7318,1
2534,7309,1
2535,7311,1
2536,7313,1
2537,7316,1
2538,7316,1
2539,7311,1
2540,7309,1
2541,7307,1
2542,7321,1
2543,7310,1
2544,7307,1
2545,7310,1
2546,7319,1
2547,7316,1
2548,7310,1
2549,7301,1
2550,7316,1
2551,7310,1
2552,7317,1
2553,7316,1
2554,7316,1
2555,7310,1
2556,7310,1
2557,7317,1
2558,7310,1
2559,7309,1
2560,7318,1
2561,7318,1
2562,7317,1
2563,7316,1
2564,7321,1
2565,7316,1
2566,7301,1
2567,7322,1
2568,7310,1
2569,7316,1
2570,7310,1
2571,7316,1
2572,7315,1
2573,7315,1
2574,7301,1
2575,7309,1
2576,7322,1
2577,7310,1
2578,7315,1
2579,7310,1
2580,7308,1
2581,7309,1
2582,7310,1
2583,7316,1
2584,7310,1
2585,7313,1
2586,7313,1
2587,7310,1
2588,7310,1
2589,7315,1
2590,7317,1
2591,7318,1
2592,7313,1
2593,7315,1
2594,7315,1
2595,7310,1
2596,7310,1
2597,7321,1
2598,7310,1
2599,7316,1
2600,7318,1
2601,7310,1
2602,7316,1
2603,7310,1
2604,7317,1
2605,7319,1
2606,7314,1
2607,7316,1
2608,7310,1
2609,7310,1
2610,7310,1
2611,7316,1
2612,7316,1
2613,7314,1
2614,7310,1
2615,7310,1
2616,7314,1
2617,7301,1
2618,7310,1
2619,7310,1
2620,7316,1
2621,7306,1
2622,7321,1
2623,7322,1
2624,7316,1
2625,7318,1
2626,7316,1
2627,7310,1
2628,7310,1
2629,7310,1
2630,7310,1
2631,7310,1
2632,7315,1
2633,7316,1
2634,7301,1
2635,7316,1
2636,7310,1
2637,7321,1
2638,7321,1
2639,7312,1
2640,7318,1
2641,7316,1
2642,7313,1
2643,7313,1
2644,7319,1
2645,7310,1
2646,7308,1
2647,7310,1
2648,7315,1
2649,7310,1
2650,7318,1
2651,7316,1
2652,7310,1
2653,7312,1
2654,7314,1
2655,7310,1
2656,7321,1
2657,7316,1
2658,7316,1
2659,7310,1
2660,7310,1
2661,7310,1
2662,7317,1
2663,7316,1
2664,7318,1
2665,7316,1
2666,7307,1
2667,7319,1
2668,7316,1
2669,7310,1
2670,7321,1
2671,7314,1
2672,7318,1
2673,7321,1
2674,7310,1
2675,7310,1
2676,7315,1
2677,7316,1
2678,7313,1
2679,7311,1
2680,7310,1
2681,7310,1
2682,7309,1
2683,7313,1
2684,7309,1
2685,7318,1
2686,7318,1
2687,7310,1
2688,7317,1
2689,7310,1
2690,7318,1
2691,7320,1
2692,7322,1
2693,7317,1
2694,7316,1
2695,7317,1
2696,7321,1
2697,7310,1
2698,7318,1
2699,7315,1
2700,7310,1
2701,7316,1
2702,7316,1
2703,7317,1
2704,7317,1
2705,7316,1
2706,7314,1
2707,7313,1
2708,7321,1
2709,7318,1
2710,7321,1
2711,7310,1
2712,7310,1
2713,7321,1
2714,7310,1
2715,7317,1
2716,7310,1
2717,7309,1
2718,7316,1
2719,7321,1
2720,7316,1
2721,7317,1
2722,7317,1
2723,7301,1
2724,7309,1
2725,7308,1
2726,7316,1
2727,7316,1
2728,7316,1
2729,7316,1
2730,7315,1
2731,7315,1
2732,7316,1
2733,7307,1
2734,7310,1
2735,7309,1
2736,7309,1
2737,7309,1
2738,7309,1
2739,7310,1
2740,7321,1
2741,7313,1
2742,7307,1
2743,7313,1
2744,7310,1
2745,7310,1
2746,7316,1
2747,7315,1
2748,7320,1
2749,7316,1
2750,7317,1
2751,7317,1
2752,7310,1
2753,7310,1
2754,7319,1
2755,7318,1
2756,7316,1
2757,7316,1
2758,7315,1
2759,7317,1
2760,7321,1
2761,7316,1
2762,7310,1
2763,7313,1
2764,7310,1
2765,7310,1
2766,7316,1
2767,7316,1
2768,7316,1
2769,7310,1
2770,7319,1
2771,7321,1
2772,7317,1
2773,7316,1
2774,7316,1
2775,7321,1
2776,7310,1
2777,7310,1
2778,7310,1
2779,7316,1
2780,7322,1
2781,7316,1
2782,7310,1
2783,7319,1
2784,7316,1
2785,7318,1
2786,7318,1
2787,7316,1
2788,7316,1
2789,7313,1
2790,7322,1
2791,7301,1
2792,7301,1
2793,7310,1
2794,7316,1
2795,7310,1
2796,7310,1
2797,7310,1
2798,7310,1
2799,7316,1
2800,7316,1
2801,7316,1
2802,7314,1
2803,7310,1
2804,7310,1
2805,7322,1
2806,7311,1
2807,7311,1
2808,7310,1
2809,7321,1
2810,7321,1
2811,7321,1
2812,7309,1
2813,7310,1
2814,7307,1
2815,7316,1
2816,7310,1
2817,7307,1
2818,7313,1
2819,7316,1
2820,7316,1
2821,7322,1
2822,7316,1
2823,7318,1
2824,7314,1
2825,7308,1
2826,7320,1
2827,7321,1
2828,7310,1
2829,7316,1
2830,7313,1
2831,7313,1
2832,7316,1
2833,7316,1
2834,7316,1
2835,7316,1
2836,7316,1
2837,7310,1
2838,7316,1
2839,7317,1
2840,7316,1
2841,7316,1
2842,7317,1
2843,7321,1
2844,7322,1
2845,7321,1
2846,7321,1
2847,7321,1
2848,7316,1
2849,7310,1
2850,7310,1
2851,7310,1
2852,7314,1
2853,7310,1
2854,7316,1
2855,7315,1
2856,7310,1
2857,7316,1
2858,7309,1
2859,7315,1
2860,7316,1
2861,7310,1
2862,7310,1
2863,7310,1
2864,7316,1
2865,7314,1
2866,7309,1
2867,7310,1
2868,7319,1
2869,7307,1
2870,7316,1
2871,7309,1
2872,7301,1
2873,7318,1
2874,7316,1
2875,7307,1
2876,7319,1
2877,7319,1
2878,7310,1
2879,7307,1
2880,7307,1
2881,7316,1
2882,7313,1
2883,7316,1
2884,7316,1
2885,7316,1
2886,7319,1
2887,7316,1
2888,7316,1
2889,7316,1
2890,7313,1
2891,7312,1
2892,7311,1
2893,7317,1
2894,7310,1
2895,7322,1
2896,7316,1
2897,7322,1
2898,7321,1
2899,7310,1
2900,7317,1
2901,7317,1
2902,7310,1
2903,7316,1
2904,7311,1
2905,7310,1
2906,7310,1
2907,7318,1
2908,7314,1
2909,7318,1
2910,7307,1
2911,7319,1
2912,7321,1
2913,7308,1
2914,7313,1
2915,7313,1
2916,7316,1
2917,7316,1
2918,7316,1
2919,7310,1
2920,7310,1
2921,7301,1
2922,7301,1
2923,7310,1
2924,7322,1
2925,7310,1
2926,7309,1
2927,7310,1
2928,7310,1
2929,7316,1
2930,7316,1
2931,7316,1
2932,7310,1
2933,7321,1
2934,7308,1
2935,7313,1
2936,7321,1
2937,7319,1
2938,7321,1
2939,7316,1
2940,7319,1
2941,7301,1
2942,7316,1
2943,7318,1
2944,7316,1
2945,7310,1
2946,7310,1
2947,7312,1
2948,7316,1
2949,7317,1
2950,7314,1
2951,7310,1
2952,7321,1
2953,7322,1
2954,7322,1
2955,7310,1
2956,7313,1
2957,7314,1
2958,7314,1
2959,7310,1
2960,7307,1
2961,7311,1
2962,7317,1
2963,7316,1
2964,7316,1
2965,7301,1
2966,7307,1
2967,7316,1
2968,7310,1
2969,7309,1
2970,7310,1
2971,7315,1
2972,7314,1
2973,7318,1
2974,7318,1
2975,7309,1
2976,7316,1
2977,7316,1
2978,7314,1
2979,7301,1
2980,7314,1
2981,7313,1
2982,7310,1
2983,7309,1
2984,7310,1
2985,7310,1
2986,7316,1
2987,7320,1
2988,7310,1
2989,7321,1
2990,7308,1
2991,7313,1
2992,7316,1
2993,7321,1
2994,7316,1
2995,7321,1
2996,7307,1
2997,7316,1
2998,7318,1
2999,7310,1
3000,7316,1
3001,7310,1
3002,7310,1
3003,7321,1
3004,7310,1
3005,7321,1
3006,7321,1
3007,7314,1
3008,7309,1
3009,7310,1
3010,7310,1
3011,7316,1
3012,7301,1
3013,7317,1
3014,7310,1
3015,7321,1
3016,7314,1
3017,7310,1
3018,7320,1
3019,7321,1
3020,7319,1
3021,7322,1
3022,7318,1
3023,7310,1
3024,7301,1
3025,7316,1
3026,7307,1
3027,7322,1
3028,7316,1
3029,7316,1
3030,7310,1
3031,7310,1
3032,7316,1
3033,7316,1
3034,7322,1
3035,7310,1
3036,7314,1
3037,7312,1
3038,7321,1
3039,7316,1
3040,7316,1
3041,7316,1
3042,7301,1
3043,7317,1
3044,7317,1
3045,7314,1
3046,7314,1
3047,7321,1
3048,7317,1
3049,7309,1
3050,7316,1
3051,7316,1
3052,7317,1
3053,7313,1
3054,7313,1
3055,7316,1
3056,7307,1
3057,7316,1
3058,7313,1
3059,7316,1
3060,7321,1
3061,7316,1
3062,7309,1
3063,7301,1
3064,7318,1
3065,7320,1
3066,7318,1
3067,7316,1
3068,7322,1
3069,7322,1
3070,7322,1
3071,7322,1
3072,7316,1
3073,7321,1
3074,7316,1
3075,7318,1
3076,7321,1
3077,7310,1
3078,7316,1
3079,7315,1
3080,7316,1
3081,7310,1
3082,7310,1
3083,7310,1
3084,7317,1
3085,7301,1
3086,7313,1
3087,7310,1
3088,7316,1
3089,7310,1
3090,7310,1
3091,7314,1
3092,7321,1
3093,7320,1
3094,7308,1
3095,7313,1
3096,7316,1
3097,7316,1
3098,7316,1
3099,7316,1
3100,7321,1
3101,7321,1
3102,7313,1
3103,7308,1
3104,7310,1
3105,7310,1
3106,7310,1
3107,7310,1
3108,7316,1
3109,7316,1
3110,7313,1
3111,7310,1
3112,7316,1
3113,7318,1
3114,7318,1
3115,7316,1
3116,7310,1
3117,7311,1
3118,7320,1
3119,7315,1
3120,7321,1
3121,7320,1
3122,7301,1
3123,7314,1
3124,7313,1
3125,7307,1
3126,7315,1
3127,7310,1
3128,7312,1
3129,7320,1
3130,7317,1
3131,7317,1
3132,7301,1
3133,7318,1
3134,7311,1
3135,7314,1
3136,7316,1
3137,7322,1
3138,7315,1
3139,7315,1
3140,7314,1
3141,7313,1
3142,7318,1
3143,7314,1
3144,7316,1
3145,7301,1
3146,7309,1
3147,7310,1
3148,7310,1
3149,7310,1
3150,7316,1
3151,7313,1
3152,7320,1
3153,7301,1
3154,7322,1
3155,7319,1
3156,7310,1
3157,7318,1
3158,7321,1
3159,7315,1
3160,7316,1
3161,7315,1
3162,7307,1
3163,7316,1
3164,7314,1
3165,7314,1
3166,7319,1
3167,7316,1
3168,7316,1
3169,7316,1
3170,7318,1
3171,7315,1
3172,7309,1
3173,7321,1
3174,7321,1
3175,7310,1
3176,7321,1
3177,7316,1
3178,7310,1
3179,7316,1
3180,7319,1
3181,7310,1
3182,7316,1
3183,7319,1
3184,7309,1
3185,7317,1
3186,7310,1
3187,7318,1
3188,7307,1
3189,7307,1
3190,7318,1
3191,7318,1
3192,7319,1
3193,7313,1
3194,7310,1
3195,7317,1
3196,7317,1
3197,7316,1
3198,7316,1
3199,7316,1
3200,7316,1
3201,7310,1
3202,7315,1
3203,7316,1
3204,7322,1
3205,7322,1
3206,7317,1
3207,7309,1
3208,7318,1
3209,7313,1
3210,7311,1
3211,7310,1
3212,7310,1
3213,7314,1
3214,7318,1
3215,7317,1
3216,7314,1
3217,7316,1
3218,7301,1
3219,7310,1
3220,7310,1
3221,7320,1
3222,7310,1
3223,7314,1
3224,7310,1
3225,7316,1
3226,7316,1
3227,7310,1
3228,7316,1
3229,7311,1
3230,7318,1
3231,7310,1
3232,7313,1
3233,7310,1
3234,7316,1
3235,7311,1
3236,7310,1
3237,7310,1
3238,7317,1
3239,7310,1
3240,7301,1
3241,7321,1
3242,7318,1
3243,7316,1
3244,7301,1
3245,7321,1
3246,7310,1
3247,7316,1
3248,7314,1
3249,7307,1
3250,7321,1
3251,7310,1
3252,7314,1
3253,7318,1
3254,7316,1
3255,7315,1
3256,7318,1
3257,7313,1
3258,7316,1
3259,7315,1
3260,7310,1
3261,7320,1
3262,7322,1
3263,7316,1
3264,7312,1
3265,7308,1
3266,7313,1
3267,7307,1
3268,7322,1
3269,7316,1
3270,7316,1
3271,7310,1
3272,7310,1
3273,7307,1
3274,7315,1
3275,7316,1
3276,7310,1
3277,7315,1
3278,7307,1
3279,7321,1
3280,7311,1
3281,7319,1
3282,7316,1
3283,7321,1
3284,7318,1
3285,7310,1
3286,7313,1
3287,7311,1
3288,7315,1
3289,7321,1
3290,7301,1
3291,7316,1
3292,7321,1
3293,7316,1
3294,7310,1
3295,7316,1
3296,7310,1
3297,7310,1
3298,7322,1
3299,7322,1
3300,7307,1
3301,7307,1
3302,7319,1
3303,7316,1
3304,7316,1
3305,7321,1
3306,7301,1
3307,7316,1
3308,7317,1
3309,7316,1
3310,7321,1
3311,7316,1
3312,7316,1
3313,7310,1
3314,7321,1
3315,7315,1
3316,7309,1
3317,7310,1
3318,7310,1
3319,7316,1
3320,7310,1
3321,7319,1
3322,7307,1
3323,7318,1
3324,7317,1
3325,7317,1
3326,7316,1
3327,7310,1
3328,7321,1
3329,7310,1
3330,7301,1
3331,7316,1
3332,7319,1
3333,7322,1
3334,7317,1
3335,7309,1
3336,7318,1
3337,7310,1
3338,7310,1
3339,7310,1
3340,7310,1
3341,7316,1
3342,7316,1
3343,7310,1
3344,7310,1
3345,7314,1
3346,7315,1
3347,7312,1
3348,7313,1
3349,7319,1
3350,7316,1
3351,7316,1
3352,7310,1
3353,7301,1
3354,7321,1
3355,7311,1
3356,7301,1
3357,7310,1
3358,7310,1
3359,7316,1
3360,7316,1
3361,7309,1
3362,7317,1
3363,7318,1
3364,7316,1
3365,7309,1
3366,7301,1
3367,7310,1
3368,7310,1
3369,7310,1
3370,7321,1
3371,7316,1
3372,7318,1
3373,7316,1
3374,7309,1
3375,7311,1
3376,7316,1
3377,7313,1
3378,7320,1
3379,7316,1
3380,7310,1
3381,7316,1
3382,7313,1
3383,7317,1
3384,7310,1
3385,7316,1
3386,7310,1
3387,7310,1
3388,7316,1
3389,7317,1
3390,7316,1
3391,7319,1
3392,7319,1
3393,7313,1
3394,7318,1
3395,7316,1
3396,7316,1
3397,7320,1
3398,7317,1
3399,7307,1
3400,7307,1
3401,7317,1
3402,7301,1
3403,7310,1
3404,7310,1
3405,7314,1
3406,7316,1
3407,7310,1
3408,7310,1
3409,7316,1
3410,7316,1
3411,7322,1
3412,7320,1
3413,7317,1
3414,7320,1
3415,7301,1
3416,7321,1
3417,7317,1
3418,7316,1
3419,7316,1
3420,7313,1
3421,7318,1
3422,7315,1
3423,7310,1
3424,7316,1
3425,7314,1
3426,7316,1
3427,7316,1
3428,7316,1
3429,7310,1
3430,7301,1
3431,7318,1
3432,7321,1
3433,7318,1
3434,7317,1
3435,7316,1
3436,7313,1
3437,7317,1
3438,7313,1
3439,7321,1
3440,7310,1
3441,7317,1
3442,7316,1
3443,7310,1
3444,7310,1
3445,7315,1
3446,7316,1
3447,7315,1
3448,7315,1
3449,7322,1
3450,7316,1
3451,7301,1
3452,7311,1
3453,7322,1
3454,7310,1
3455,7316,1
3456,7310,1
3457,7310,1
3458,7310,1
3459,7314,1
3460,7318,1
3461,7317,1
3462,7316,1
3463,7321,1
3464,7307,1
3465,7321,1
3466,7318,1
3467,7308,1
3468,7316,1
3469,7316,1
3470,7316,1
3471,7310,1
3472,7310,1
3473,7313,1
3474,7310,1
3475,7315,1
3476,7316,1
3477,7318,1
3478,7316,1
3479,7314,1
3480,7317,1
3481,7301,1
3482,7301,1
3483,7301,1
3484,7321,1
3485,7314,1
3486,7310,1
3487,7317,1
3488,7316,1
3489,7310,1
3490,7307,1
3491,7315,1
3492,7310,1
3493,7321,1
3494,7317,1
3495,7317,1
3496,7321,1
3497,7321,1
3498,7310,1
3499,7313,1
3500,7310,1
3501,7319,1
3502,7315,1
3503,7316,1
3504,7316,1
3505,7315,1
3506,7308,1
3507,7314,1
3508,7313,1
3509,7301,1
3510,7317,1
3511,7314,1
3512,7310,1
3513,7310,1
3514,7316,1
3515,7313,1
3516,7316,1
3517,7316,1
3518,7315,1
3519,7319,1
3520,7310,1
3521,7319,1
3522,7322,1
3523,7316,1
3524,7321,1
3525,7321,1
3526,7314,1
3527,7308,1
3528,7316,1
3529,7321,1
3530,7310,1
3531,7316,1
3532,7310,1
3533,7310,1
3534,7311,1
3535,7321,1
3536,7310,1
3537,7309,1
3538,7301,1
3539,7310,1
3540,7311,1
3541,7316,1
3542,7314,1
3543,7313,1
3544,7310,1
3545,7319,1
3546,7310,1
3547,7317,1
3548,7310,1
3549,7310,1
3550,7310,1
3551,7316,1
3552,7316,1
3553,7321,1
3554,7321,1
3555,7321,1
3556,7316,1
3557,7321,1
3558,7316,1
3559,7316,1
3560,7318,1
3561,7318,1
3562,7318,1
3563,7314,1
3564,7321,1
3565,7316,1
3566,7316,1
3567,7316,1
3568,7317,1
3569,7317,1
3570,7314,1
3571,7301,1
3572,7310,1
3573,7316,1
3574,7310,1
3575,7310,1
3576,7316,1
3577,7311,1
3578,7319,1
3579,7301,1
3580,7314,1
3581,7317,1
3582,7317,1
3583,7316,1
3584,7310,1
3585,7307,1
3586,7316,1
3587,7318,1
3588,7315,1
3589,7319,1
3590,7316,1
3591,7310,1
3592,7310,1
3593,7308,1
3594,7310,1
3595,7301,1
3596,7310,1
3597,7310,1
3598,7307,1
3599,7317,1
3600,7321,1
3601,7316,1
3602,7316,1
3603,7316,1
3604,7321,1
3605,7310,1
3606,7314,1
3607,7317,1
3608,7309,1
3609,7313,1
3610,7316,1
3611,7310,1
3612,7315,1
3613,7321,1
3614,7321,1
3615,7316,1
3616,7308,1
3617,7318,1
3618,7318,1
3619,7315,1
3620,7316,1
3621,7309,1
3622,7310,1
3623,7313,1
3624,7316,1
3625,7309,1
3626,7310,1
3627,7301,1
3628,7320,1
3629,7322,1
3630,7310,1
3631,7310,1
3632,7310,1
3633,7313,1
3634,7310,1
3635,7316,1
3636,7316,1
3637,7307,1
3638,7319,1
3639,7316,1
3640,7316,1
3641,7307,1
3642,7319,1
3643,7314,1
3644,7310,1
3645,7316,1
3646,7311,1
3647,7309,1
3648,7309,1
3649,7317,1
3650,7317,1
3651,7316,1
3652,7316,1
3653,7316,1
3654,7308,1
3655,7308,1
3656,7321,1
3657,7321,1
3658,7310,1
3659,7310,1
3660,7316,1
3661,7318,1
3662,7316,1
3663,7310,1
3664,7309,1
3665,7310,1
3666,7320,1
3667,7316,1
3668,7321,1
3669,7321,1
3670,7310,1
3671,7313,1
3672,7318,1
3673,7316,1
3674,7317,1
3675,7317,1
3676,7317,1
3677,7316,1
3678,7321,1
3679,7301,1
3680,7310,1
3681,7310,1
3682,7310,1
3683,7310,1
3684,7310,1
3685,7310,1
3686,7315,1
3687,7314,1
3688,7318,1
3689,7309,1
3690,7316,1
3691,7315,1
3692,7322,1
3693,7316,1
3694,7310,1
3695,7316,1
3696,7315,1
3697,7316,1
3698,7310,1
3699,7316,1
3700,7316,1
3701,7316,1
3702,7311,1
3703,7319,1
3704,7318,1
3705,7321,1
3706,7322,1
3707,7309,1
3708,7314,1
3709,7316,1
3710,7316,1
3711,7317,1
3712,7322,1
3713,7316,1
3714,7301,1
3715,7310,1
3716,7313,1
3717,7313,1
3718,7310,1
3719,7316,1
3720,7310,1
3721,7316,1
3722,7313,1
3723,7318,1
3724,7316,1
3725,7316,1
3726,7310,1
3727,7301,1
3728,7310,1
3729,7310,1
3730,7310,1
3731,7310,1
3732,7310,1
3733,7322,1
3734,7322,1
3735,7322,1
3736,7322,1
3737,7310,1
3738,7310,1
3739,7310,1
3740,7310,1
3741,7310,1
3742,7310,1
3743,7310,1
3744,7310,1
3745,7310,1
3746,7310,1
3747,7307,1
3748,7310,1
3749,7310,1
3750,7316,1
3751,7316,1
3752,7316,1
3753,7316,1
3754,7316,1
3755,7316,1
3756,7316,1
3757,7316,1
3758,7316,1
3759,7316,1
3760,7316,1
3761,7316,1
3762,7316,1
3763,7316,1
3764,7316,1
3765,7321,1
3766,7310,1
3767,7315,1
3768,7315,1
3769,7315,1
3770,7315,1
3771,7315,1
3772,7312,1
3773,7310,1
3774,7310,1
3775,7310,1
3776,7310,1
3777,7310,1
3778,7311,1
3779,7310,1
3780,7310,1
3781,7310,1
3782,7320,1
3783,7320,1
3784,7320,1
3785,7320,1
3786,7302,1
3787,7302,1
3788,7322,1
3789,7322,1
3790,7322,1
3791,7322,1
3792,7322,1
3793,7322,1
3794,7322,1
3795,7322,1
3796,7322,1
3797,7322,1
3798,7322,1
3799,7322,1
3800,7322,1
3801,7322,1
3802,7322,1
3803,7322,1
3804,7322,1
3805,7322,1
3806,7322,1
3807,7322,1
3808,7322,1
3809,7322,1
3810,7322,1
3811,7322,1
3812,7322,1
3813,7322,1
3814,7322,1
3815,7322,1
3816,7322,1
3817,7320,1
3818,7320,1
3819,7320,1
3820,7320,1
3821,7320,1
3822,7320,1
3823,7321,1
3824,7321,1
3825,7320,1
3826,7320,1
3827,7320,1
3828,7321,1
3829,7321,1
3830,7321,1
3831,7321,1
3832,7320,1
3833,7301,1
3834,7301,1
3835,7301,1
3836,7310,1
3837,7301,1
3838,7302,1
3839,7301,1
3840,7301,1
3841,7308,1
3842,7308,1
3843,7308,1
3844,7308,1
3845,7308,1
3846,7310,1
3847,7310,1
3848,7310,1
3849,7310,1
3850,7310,1
3851,7321,1
3852,7318,1
3853,7321,1
3854,7321,1
3855,7321,1
3856,7321,1
3857,7320,1
3858,7321,1
3859,7310,1
3860,7310,1
3861,7310,1
3862,7310,1
3863,7310,1
3864,7310,1
3865,7310,1
3866,7310,1
3867,7310,1
3868,7310,1
3869,7310,1
3870,7310,1
3871,7310,1
3872,7310,1
3873,7310,1
3874,7310,1
3875,7310,1
3876,7310,1
3877,7316,1
3878,7308,1
3879,7308,1
3880,7311,1
3881,7311,1
3882,7311,1
3883,7311,1
3884,7311,1
3885,7311,1
3886,7315,1
3887,7322,1
3888,7322,1
3889,7322,1
3890,7319,1
3891,7317,1
3892,7317,1
3893,7317,1
3894,7317,1
3895,7317,1
3896,7317,1
3897,7317,1
3898,7317,1
3899,7317,1
3900,7317,1
3901,7317,1
3902,7317,1
3903,7317,1
3904,7317,1
3905,7317,1
3906,7317,1
3907,7317,1
3908,7317,1
3909,7317,1
3910,7317,1
3911,7317,1
3912,7317,1
3913,7317,1
3914,7317,1
3915,7317,1
3916,7314,1
3917,7314,1
3918,7314,1
3919,7314,1
3920,7314,1
3921,7314,1
3922,7314,1
3923,7314,1
3924,7314,1
3925,7314,1
3926,7314,1
3927,7314,1
3928,7314,1
3929,7321,1
3930,7321,1
3931,7321,1
3932,7321,1
3933,7321,1
3934,7321,1
3935,7321,1
3936,7321,1
3937,7322,1
3938,7310,1
3939,7314,1
3940,7314,1
3941,7314,1
3942,7314,1
3943,7314,1
3944,7314,1
3945,7314,1
3946,7314,1
3947,7314,1
3948,7314,1
3949,7314,1
3950,7314,1
3951,7314,1
3952,7314,1
3953,7314,1
3954,7314,1
3955,7314,1
3956,7314,1
3957,7314,1
3958,7314,1
3959,7314,1
3960,7314,1
3961,7314,1
3962,7314,1
3963,7314,1
3964,7314,1
3965,7314,1
3966,7314,1
3967,7314,1
3968,7314,1
3969,7314,1
3970,7314,1
3971,7314,1
3972,7314,1
3973,7314,1
3974,7314,1
3975,7314,1
3976,7314,1
3977,7314,1
3978,7314,1
3979,7312,1
3980,7312,1
3981,7314,1
3982,7314,1
3983,7314,1
3984,7314,1
3985,7314,1
3986,7314,1
3987,7314,1
3988,7314,1
3989,7314,1
3990,7314,1
3991,7314,1
3992,7314,1
3993,7314,1
3994,7314,1
3995,7314,1
3996,7314,1
3997,7314,1
3998,7314,1
3999,7310,1
4000,7310,1
4001,7310,1
4002,7310,1
4003,7310,1
4004,7310,1
4005,7310,1
4006,7310,1
4007,7310,1
4008,7310,1
4009,7310,1
4010,7310,1
4011,7310,1
4012,7310,1
4013,7310,1
4014,7310,1
4015,7310,1
4016,7310,1
4017,7310,1
4018,7310,1
4019,7310,1
4020,7310,1
4021,7310,1
4022,7310,1
4023,7310,1
4024,7310,1
4025,7310,1
4026,7310,1
4027,7310,1
4028,7310,1
4029,7310,1
4030,7310,1
4031,7317,1
4032,7317,1
4033,7317,1
4034,7317,1
4035,7317,1
4036,7317,1
4037,7317,1
4038,7317,1
4039,7317,1
4040,7317,1
4041,7317,1
4042,7317,1
4043,7317,1
4044,7317,1
4045,7317,1
4046,7317,1
4047,7317,1
4048,7317,1
4049,7317,1
4050,7317,1
4051,7317,1
4052,7317,1
4053,7317,1
4054,7317,1
4055,7317,1
4056,7317,1
4057,7320,1
4058,7319,1
4059,7319,1
4060,7319,1
4061,7319,1
4062,7319,1
4063,7319,1
4064,7319,1
4065,7319,1
4066,7319,1
4067,7319,1
4068,7319,1
4069,7319,1
4070,7316,1
4071,7316,1
4072,7316,1
4073,7316,1
4074,7316,1
4075,7316,1
4076,7316,1
4077,7316,1
4078,7316,1
4079,7317,1
4080,7317,1
4081,7317,1
4082,7317,1
4083,7317,1
4084,7321,1
4085,7310,1
4086,7311,1
4087,7311,1
4088,7311,1
4089,7312,1
4090,7312,1
4091,7312,1
4092,7312,1
4093,7310,1
4094,7311,1
4095,7311,1
4096,7311,1
4097,7311,1
4098,7311,1
4099,7311,1
4100,7311,1
4101,7311,1
4102,7311,1
4103,7314,1
4104,7310,1
4105,7310,1
4106,7310,1
4107,7310,1
4108,7310,1
4109,7310,1
4110,7310,1
4111,7310,1
4112,7310,1
4113,7311,1
4114,7311,1
4115,7311,1
4116,7317,1
4117,7316,1
4118,7316,1
4119,7316,1
4120,7316,1
4121,7316,1
4122,7308,1
4123,7308,1
4124,7308,1
4125,7308,1
4126,7308,1
4127,7308,1
4128,7308,1
4129,7308,1
4130,7308,1
4131,7308,1
4132,7308,1
4133,7308,1
4134,7308,1
4135,7308,1
4136,7308,1
4137,7308,1
4138,7308,1
4139,7308,1
4140,7308,1
4141,7308,1
4142,7308,1
4143,7308,1
4144,7312,1
4145,7312,1
4146,7311,1
4147,7312,1
4148,7312,1
4149,7312,1
4150,7312,1
4151,7312,1
4152,7312,1
4153,7312,1
4154,7312,1
4155,7312,1
4156,7310,1
4157,7310,1
4158,7310,1
4159,7310,1
4160,7310,1
4161,7310,1
4162,7310,1
4163,7310,1
4164,7310,1
4165,7310,1
4166,7310,1
4167,7316,1
4168,7316,1
4169,7316,1
4170,7316,1
4171,7316,1
4172,7316,1
4173,7316,1
4174,7316,1
4175,7316,1
4176,7316,1
4177,7316,1
4178,7317,1
4179,7317,1
4180,7316,1
4181,7316,1
4182,7316,1
4183,7316,1
4184,7316,1
4185,7316,1
4186,7316,1
4187,7316,1
4188,7316,1
4189,7316,1
4190,7316,1
4191,7316,1
4192,7316,1
4193,7316,1
4194,7316,1
4195,7316,1
4196,7316,1
4197,7316,1
4198,7316,1
4199,7316,1
4200,7316,1
4201,7316,1
4202,7316,1
4203,7316,1
4204,7316,1
4205,7316,1
4206,7316,1
4207,7321,1
4208,7321,1
4209,7318,1
4210,7318,1
4211,7321,1
4212,7321,1
4213,7321,1
4214,7321,1
4215,7321,1
4216,7321,1
4217,7321,1
4218,7301,1
4219,7310,1
4220,7310,1
4221,7310,1
4222,7310,1
4223,7310,1
4224,7310,1
4225,7310,1
4226,7310,1
4227,7310,1
4228,7310,1
4229,7310,1
4230,7310,1
4231,7310,1
4232,7310,1
4233,7310,1
4234,7310,1
4235,7310,1
4236,7314,1
4237,7309,1
4238,7309,1
4239,7314,1
4240,7314,1
4241,7315,1
4242,7315,1
4243,7315,1
4244,7315,1
4245,7314,1
4246,7314,1
4247,7314,1
4248,7314,1
4249,7314,1
4250,7314,1
4251,7314,1
4252,7314,1
4253,7314,1
4254,7314,1
4255,7315,1
4256,7309,1
4257,7312,1
4258,7312,1
4259,7312,1
4260,7315,1
4261,7315,1
4262,7315,1
4263,7315,1
4264,7315,1
4265,7315,1
4266,7315,1
4267,7315,1
4268,7315,1
4269,7315,1
4270,7315,1
4271,7315,1
4272,7315,1
4273,7315,1
4274,7315,1
4275,7315,1
4276,7312,1
4277,7321,1
4278,7318,1
4279,7318,1
4280,7318,1
4281,7318,1
4282,7318,1
4283,7318,1
4284,7316,1
4285,7316,1
4286,7317,1
4287,7315,1
4288,7315,1
4289,7314,1
4290,7314,1
4291,7318,1
4292,7318,1
4293,7317,1
4294,7317,1
4295,7317,1
4296,7317,1
4297,7317,1
4298,7316,1
4299,7316,1
4300,7316,1
4301,7316,1
4302,7316,1
4303,7310,1
4304,7316,1
4305,7310,1
4306,7310,1
4307,7310,1
4308,7310,1
4309,7310,1
4310,7310,1
4311,7310,1
4312,7310,1
4313,7310,1
4314,7310,1
4315,7310,1
4316,7310,1
4317,7307,1
4318,7307,1
4319,7307,1
4320,7307,1
4321,7313,1
4322,7313,1
4323,7313,1
4324,7313,1
4325,7313,1
4326,7313,1
4327,7313,1
4328,7313,1
4329,7313,1
4330,7313,1
4331,7313,1
4332,7313,1
4333,7313,1
4334,7313,1
4335,7313,1
4336,7313,1
4337,7313,1
4338,7313,1
4339,7313,1
4340,7313,1
4341,7313,1
4342,7313,1
4343,7313,1
4344,7307,1
4345,7317,1
4346,7317,1
4347,7317,1
4348,7317,1
4349,7317,1
4350,7317,1
4351,7317,1
4352,7317,1
4353,7315,1
4354,7309,1
4355,7309,1
4356,7311,1
4357,7308,1
4358,7308,1
4359,7308,1
4360,7308,1
4361,7308,1
4362,7308,1
4363,7307,1
4364,7307,1
4365,7315,1
4366,7315,1
4367,7315,1
4368,7310,1
4369,7310,1
4370,7310,1
4371,7310,1
4372,7310,1
4373,7310,1
4374,7310,1
4375,7310,1
4376,7310,1
4377,7310,1
4378,7310,1
4379,7310,1
4380,7310,1
4381,7310,1
4382,7310,1
4383,7310,1
4384,7310,1
4385,7310,1
4386,7310,1
4387,7310,1
4388,7310,1
4389,7310,1
4390,7310,1
4391,7310,1
4392,7310,1
4393,7310,1
4394,7310,1
4395,7311,1
4396,7309,1
4397,7309,1
4398,7318,1
4399,7309,1
4400,7309,1
4401,7309,1
4402,7309,1
4403,7309,1
4404,7309,1
4405,7309,1
4406,7309,1
4407,7318,1
4408,7318,1
4409,7318,1
4410,7318,1
4411,7318,1
4412,7318,1
4413,7318,1
4414,7318,1
4415,7318,1
4416,7318,1
4417,7318,1
4418,7319,1
4419,7312,1
4420,7312,1
4421,7318,1
4422,7318,1
4423,7318,1
4424,7318,1
4425,7318,1
4426,7318,1
4427,7318,1
4428,7318,1
4429,7318,1
4430,7318,1
4431,7318,1
4432,7318,1
4433,7318,1
4434,7309,1
4435,7309,1
4436,7309,1
4437,7309,1
4438,7309,1
4439,7309,1
4440,7309,1
4441,7309,1
4442,7309,1
4443,7309,1
4444,7309,1
4445,7309,1
4446,7309,1
4447,7309,1
4448,7319,1
4449,7319,1
4450,7317,1
4451,7314,1
4452,7317,1
4453,7319,1
4454,7319,1
4455,7309,1
4456,7309,1
4457,7309,1
4458,7309,1
4459,7309,1
4460,7309,1
4461,7309,1
4462,7309,1
4463,7309,1
4464,7314,1
4465,7314,1
4466,7314,1
4467,7317,1
4468,7317,1
4469,7317,1
4470,7317,1
4471,7317,1
4472,7317,1
4473,7309,1
4474,7309,1
4475,7309,1
4476,7309,1
4477,7309,1
4478,7309,1
4479,7309,1
4480,7309,1
4481,7309,1
4482,7309,1
4483,7309,1
4484,7309,1
4485,7309,1
4486,7309,1
4487,7309,1
4488,7311,1
4489,7311,1
4490,7311,1
4491,7311,1
4492,7317,1
4493,7317,1
4494,7317,1
4495,7317,1
4496,7317,1
4497,7314,1
4498,7314,1
4499,7314,1
4500,7314,1
4501,7314,1
4502,7314,1
4503,7314,1
4504,7314,1
4505,7314,1
4506,7314,1
4507,7314,1
4508,7319,1
4509,7319,1
4510,7319,1
4511,7319,1
4512,7319,1
4513,7319,1
4514,7319,1
4515,7319,1
4516,7314,1
4517,7314,1
4518,7314,1
4519,7314,1
4520,7311,1
4521,7311,1
4522,7311,1
4523,7311,1
4524,7311,1
4525,7311,1
4526,7311,1
4527,7311,1
4528,7311,1
4529,7311,1
4530,7311,1
4531,7311,1
4532,7311,1
4533,7311,1
4534,7311,1
4535,7311,1
4536,7309,1
4537,7309,1
4538,7309,1
4539,7311,1
4540,7311,1
4541,7311,1
4542,7311,1
4543,7311,1
4544,7313,1
4545,7313,1
4546,7313,1
4547,7319,1
4548,7314,1
4549,7313,1
4550,7313,1
4551,7313,1
4552,7313,1
4553,7313,1
4554,7313,1
4555,7313,1
4556,7313,1
4557,7313,1
4558,7313,1
4559,7313,1
4560,7313,1
4561,7311,1
4562,7311,1
4563,7309,1
4564,7309,1
4565,7309,1
4566,7309,1
4567,7309,1
4568,7311,1
4569,7311,1
4570,7313,1
4571,7313,1
4572,7313,1
4573,7313,1
4574,7313,1
4575,7313,1
4576,7313,1
4577,7313,1
4578,7313,1
4579,7322,1
4580,7314,1
4581,7314,1
4582,7314,1
4583,7317,1
4584,7316,1
4585,7313,1
4586,7313,1
4587,7313,1
4588,7312,1
4589,7311,1
4590,7311,1
4591,7311,1
4592,7311,1
4593,7311,1
4594,7311,1
4595,7311,1
4596,7311,1
4597,7311,1
4598,7311,1
4599,7311,1
4600,7311,1
4601,7311,1
4602,7309,1
4603,7309,1
4604,7309,1
4605,7309,1
4606,7309,1
4607,7309,1
4608,7309,1
4609,7311,1
4610,7313,1
4611,7313,1
4612,7313,1
4613,7313,1
4614,7313,1
4615,7313,1
4616,7313,1
4617,7313,1
4618,7313,1
4619,7313,1
4620,7307,1
4621,7316,1
4622,7315,1
4623,7315,1
4624,7315,1
4625,7312,1
4626,7312,1
4627,7311,1
4628,7311,1
4629,7311,1
4630,7311,1
4631,7311,1
4632,7311,1
4633,7311,1
4634,7311,1
4635,7312,1
4636,7312,1
4637,7311,1
4638,7311,1
4639,7311,1
4640,7311,1
4641,7311,1
4642,7311,1
4643,7311,1
4644,7312,1
4645,7312,1
4646,7312,1
4647,7312,1
4648,7312,1
4649,7312,1
4650,7315,1
4651,7315,1
4652,7315,1
4653,7315,1
4654,7315,1
4655,7315,1
4656,7315,1
4657,7315,1
4658,7315,1
4659,7315,1
4660,7315,1
4661,7315,1
4662,7315,1
4663,7315,1
4664,7315,1
4665,7315,1
4666,7315,1
4667,7315,1
4668,7315,1
4669,7315,1
4670,7312,1
4671,7311,1
4672,7311,1
4673,7311,1
4674,7311,1
4675,7311,1
4676,7311,1
4677,7311,1
4678,7311,1
4679,7311,1
4680,7311,1
4681,7311,1
4682,7311,1
4683,7312,1
4684,7312,1
4685,7312,1
4686,7312,1
4687,7312,1
4688,7308,1
4689,7308,1
4690,7308,1
4691,7308,1
4692,7308,1
4693,7308,1
4694,7308,1
4695,7308,1
4696,7308,1
4697,7314,1
4698,7314,1
4699,7314,1
4700,7314,1
4701,7314,1
4702,7314,1
4703,7314,1
4704,7314,1
4705,7308,1
4706,7308,1
4707,7308,1
4708,7308,1
4709,7308,1
4710,7308,1
4711,7308,1
4712,7308,1
4713,7312,1
4714,7308,1
4715,7308,1
4716,7308,1
4717,7308,1
4718,7308,1
4719,7308,1
4720,7308,1
4721,7308,1
4722,7308,1
4723,7308,1
4724,7301,1
4725,7315,1
4726,7315,1
4727,7315,1
4728,7315,1
4729,7315,1
4730,7315,1
4731,7315,1
4732,7315,1
4733,7315,1
4734,7315,1
4735,7315,1
4736,7315,1
4737,7315,1
4738,7315,1
4739,7315,1
4740,7315,1
4741,7308,1
4742,7308,1
4743,7308,1
4744,7308,1
4745,7308,1
4746,7308,1
4747,7308,1
4748,7308,1
4749,7308,1
4750,7308,1
4751,7308,1
4752,7308,1
4753,7308,1
4754,7308,1
4755,7308,1
4756,7308,1
4757,7308,1
4758,7308,1
4759,7308,1
4760,7308,1
4761,7308,1
4762,7308,1
4763,7308,1
4764,7308,1
4765,7308,1
4766,7308,1
4767,7308,1
4768,7308,1
4769,7308,1
4770,7308,1
4771,7308,1
4772,7308,1
4773,7308,1
4774,7308,1
4775,7308,1
4776,7308,1
4777,7308,1
4778,7308,1
4779,7308,1
4780,7308,1
4781,7308,1
4782,7308,1
4783,7308,1
4784,7308,1
4785,7315,1
4786,7315,1
4787,7312,1
4788,7312,1
4789,7308,1
4790,7308,1
4791,7308,1
4792,7308,1
4793,7308,1
4794,7308,1
4795,7308,1
4796,7308,1
4797,7308,1
4798,7308,1
4799,7308,1
4800,7308,1
4801,7308,1
4802,7308,1
4803,7308,1
4804,7308,1
4805,7308,1
4806,7308,1
4807,7308,1
4808,7308,1
4809,7308,1
4810,7308,1
4811,7308,1
4812,7308,1
4813,7308,1
4814,7308,1
4815,7308,1
4816,7308,1
4817,7308,1
4818,7308,1
4819,7308,1
4820,7308,1
4821,7308,1
4822,7308,1
4823,7308,1
4824,7308,1
4825,7308,1
4826,7308,1
4827,7308,1
4828,7308,1
4829,7308,1
4830,7308,1
4831,7308,1
4832,7308,1
4833,7308,1
4834,7308,1
4835,7308,1
4836,7308,1
4837,7308,1
4838,7308,1
4839,7308,1
4840,7308,1
4841,7308,1
4842,7308,1
4843,7312,1
4844,7312,1
4845,7312,1
4846,7311,1
4847,7311,1
4848,7311,1
4849,7311,1
4850,7311,1
4851,7311,1
4852,7311,1
4853,7311,1
4854,7311,1
4855,7311,1
4856,7311,1
4857,7311,1
4858,7311,1
4859,7311,1
4860,7311,1
4861,7311,1
4862,7315,1
4863,7315,1
4864,7312,1
4865,7312,1
4866,7306,1
4867,7306,1
4868,7306,1
4869,7306,1
4870,7309,1
4871,7309,1
4872,7309,1
4873,7309,1
4874,7309,1
4875,7309,1
4876,7309,1
4877,7309,1
4878,7309,1
4879,7309,1
4880,7309,1
4881,7309,1
4882,7309,1
4883,7309,1
4884,7309,1
4885,7309,1
4886,7309,1
4887,7309,1
4888,7309,1
4889,7309,1
4890,7309,1
4891,7309,1
4892,7309,1
4893,7317,1
4894,7319,1
4895,7317,1
4896,7310,1
4897,7310,1
4898,7315,1
4899,7318,1
4900,7316,1
4901,7314,1
4902,7321,1
4903,7319,1
4904,7301,1
4905,7310,1
4906,7310,1
4907,7313,1
4908,7308,1
4909,7318,1
4910,7316,1
4911,7313,1
4912,7321,1
4913,7317,1
4914,7314,1
4915,7310,1
4916,7310,1
4917,7310,1
4918,7321,1
4919,7319,1
4920,7314,1
4921,7312,1
4922,7314,1
4923,7316,1
4924,7310,1
4925,7315,1
4926,7314,1
4927,7312,1
4928,7317,1
4929,7310,1
4930,7321,1
4931,7316,1
4932,7308,1
4933,7321,1
4934,7322,1
4935,7312,1
4936,7311,1
4937,7322,1
4938,7308,1
4939,7321,1
4940,7316,1
4941,7313,1
4942,7320,1
4943,7314,1
4944,7321,1
4945,7314,1
4946,7321,1
4947,7316,1
4948,7315,1
4949,7309,1
4950,7318,1
4951,7314,1
4952,7321,1
4953,7316,1
4954,7321,1
4955,7308,1
4956,7308,1
4957,7312,1
4958,7308,1
4959,7318,1
4960,7317,1
4961,7317,1
4962,7301,1
4963,7321,1
4964,7321,1
4965,7308,1
4966,7316,1
4967,7321,1
4968,7301,1
4969,7311,1
4970,7306,1
4971,7316,1
4972,7316,1
4973,7322,1
4974,7317,1
4975,7315,1
4976,7316,1
4977,7322,1
4978,7322,1
4979,7312,1
4980,7308,1
4981,7310,1
4982,7314,1
4983,7313,1
4984,7319,1
4985,7314,1
4986,7321,1
4987,7313,1
4988,7319,1
4989,7321,1
4990,7316,1
4991,7317,1
4992,7322,1
4993,7310,1
4994,7321,1
4995,7320,1
4996,7312,1
4997,7314,1
4998,7320,1
4999,7314,1
5000,7320,1
5001,7316,1
5002,7310,1
5003,7318,1
5004,7315,1
5005,7321,1
5006,7322,1
5007,7308,1
5008,7318,1
5009,7308,1
5010,7313,1
5011,7315,1
5012,7308,1
5013,7308,1
5014,7314,1
5015,7313,1
5016,7318,1
5017,7311,1
5018,7315,1
5019,7322,1
5020,7321,1
5021,7311,1
5022,7321,1
5023,7308,1
5024,7310,1
5025,7313,1
5026,7311,1
5027,7308,1
5028,7322,1
5029,7310,1
5030,7316,1
5031,7316,1
5032,7316,1
5033,7301,1
5034,7312,1
5035,7309,1
5036,7313,1
5037,7314,1
5038,7321,1
5039,7318,1
5040,7310,1
5041,7321,1
5042,7313,1
5043,7321,1
5044,7320,1
5045,7313,1
5046,7310,1
5047,7321,1
5048,7314,1
5049,7315,1
5050,7308,1
5051,7314,1
5052,7316,1
5053,7321,1
5054,7312,1
5055,7317,1
5056,7308,1
5057,7310,1
5058,7313,1
5059,7310,1
5060,7314,1
5061,7311,1
5062,7309,1
5063,7321,1
5064,7313,1
5065,7310,1
5066,7310,1
5067,7310,1
5068,7317,1
5069,7317,1
5070,7310,1
5071,7309,1
5072,7310,1
5073,7317,1
5074,7310,1
5075,7321,1
5076,7314,1
5077,7308,1
5078,7314,1
5079,7322,1
5080,7317,1
5081,7315,1
5082,7309,1
5083,7311,1
5084,7316,1
5085,7311,1
5086,7312,1
5087,7315,1
5088,7310,1
5089,7312,1
5090,7322,1
5091,7316,1
5092,7320,1
5093,7321,1
5094,7308,1
5095,7321,1
5096,7310,1
5097,7319,1
5098,7311,1
5099,7321,1
5100,7314,1
5101,7310,1
5102,7308,1
5103,7322,1
5104,7313,1
5105,7306,1
5106,7316,1
5107,7321,1
5108,7313,1
5109,7321,1
5110,7311,1
5111,7301,1
5112,7308,1
5113,7310,1
5114,7319,1
5115,7313,1
5116,7310,1
5117,7312,1
5118,7314,1
5119,7314,1
5120,7321,1
5121,7318,1
5122,7309,1
5123,7320,1
5124,7320,1
5125,7314,1
5126,7316,1
5127,7313,1
5128,7316,1
5129,7318,1
5130,7316,1
5131,7320,1
5132,7316,1
5133,7301,1
5134,7320,1
5135,7318,1
5136,7318,1
5137,7320,1
5138,7318,1
5139,7306,1
5140,7316,1
5141,7315,1
5142,7315,1
5143,7316,1
5144,7318,1
5145,7315,1
5146,7318,1
5147,7318,1
5148,7320,1
5149,7301,1
5150,7308,1
5151,7313,1
5152,7310,1
5153,7320,1
5154,7313,1
5155,7313,1
5156,7308,1
5157,7322,1
5158,7316,1
5159,7316,1
5160,7321,1
5161,7322,1
5162,7318,1
5163,7312,1
5164,7309,1
5165,7313,1
5166,7314,1
5167,7310,1
5168,7313,1
5169,7313,1
5170,7318,1
5171,7317,1
5172,7321,1
5173,7316,1
5174,7311,1
5175,7318,1
5176,7319,1
5177,7310,1
5178,7320,1
5179,7314,1
5180,7309,1
5181,7318,1
5182,7313,1
5183,7314,1
5184,7308,1
5185,7321,1
5186,7321,1
5187,7313,1
5188,7310,1
5189,7310,1
5190,7310,1
5191,7315,1
5192,7316,1
5193,7310,1
5194,7308,1
5195,7317,1
5196,7314,1
5197,7314,1
5198,7321,1
5199,7318,1
5200,7321,1
5201,7321,1
5202,7322,1
5203,7317,1
5204,7310,1
5205,7314,1
5206,7322,1
5207,7315,1
5208,7315,1
5209,7314,1
5210,7318,1
5211,7314,1
5212,7319,1
5213,7318,1
5214,7318,1
5215,7313,1
5216,7320,1
5217,7309,1
5218,7317,1
5219,7317,1
5220,7308,1
5221,7312,1
5222,7322,1
5223,7308,1
5224,7322,1
5225,7316,1
5226,7322,1
5227,7313,1
5228,7315,1
5229,7321,1
5230,7319,1
5231,7314,1
5232,7313,1
5233,7310,1
5234,7308,1
5235,7310,1
5236,7313,1
5237,7316,1
5238,7316,1
5239,7321,1
5240,7317,1
5241,7317,1
5242,7310,1
5243,7311,1
5244,7301,1
5245,7316,1
5246,7318,1
5247,7309,1
5248,7316,1
5249,7313,1
5250,7316,1
5251,7319,1
5252,7308,1
5253,7320,1
5254,7311,1
5255,7322,1
5256,7315,1
5257,7321,1
5258,7313,1
5259,7315,1
5260,7313,1
5261,7321,1
5262,7306,1
5263,7317,1
5264,7308,1
5265,7308,1
5266,7307,1
5267,7315,1
5268,7308,1
5269,7319,1
5270,7315,1
5271,7320,1
5272,7315,1
5273,7312,1
5274,7316,1
5275,7301,1
5276,7310,1
5277,7322,1
5278,7317,1
5279,7312,1
5280,7321,1
5281,7319,1
5282,7301,1
5283,7311,1
5284,7320,1
5285,7320,1
5286,7310,1
5287,7316,1
5288,7316,1
5289,7311,1
5290,7321,1
5291,7311,1
5292,7319,1
5293,7320,1
5294,7308,1
5295,7320,1
5296,7318,1
5297,7317,1
5298,7315,1
5299,7319,1
5300,7314,1
5301,7322,1
5302,7319,1
5303,7316,1
5304,7317,1
5305,7313,1
5306,7309,1
5307,7310,1
5308,7321,1
5309,7315,1
5310,7319,1
5311,7318,1
5312,7315,1
5313,7301,1
5314,7317,1
5315,7309,1
5316,7308,1
5317,7313,1
5318,7322,1
5319,7322,1
5320,7317,1
5321,7313,1
5322,7310,1
5323,7315,1
5324,7320,1
5325,7309,1
5326,7321,1
5327,7311,1
5328,7313,1
5329,7312,1
5330,7321,1
5331,7318,1
5332,7321,1
5333,7317,1
5334,7316,1
5335,7310,1
5336,7314,1
5337,7316,1
5338,7321,1
5339,7309,1
5340,7315,1
5341,7316,1
5342,7316,1
5343,7312,1
5344,7310,1
5345,7301,1
5346,7316,1
5347,7317,1
5348,7315,1
5349,7315,1
5350,7321,1
5351,7316,1
5352,7320,1
5353,7301,1
5354,7311,1
5355,7313,1
5356,7316,1
5357,7310,1
5358,7301,1
5359,7310,1
5360,7310,1
5361,7318,1
5362,7314,1
5363,7308,1
5364,7321,1
5365,7314,1
5366,7309,1
5367,7320,1
5368,7316,1
5369,7315,1
5370,7313,1
5371,7309,1
5372,7314,1
5373,7309,1
5374,7311,1
5375,7318,1
5376,7320,1
5377,7316,1
5378,7311,1
5379,7322,1
5380,7314,1
5381,7318,1
5382,7319,1
5383,7320,1
5384,7321,1
5385,7311,1
5386,7312,1
5387,7308,1
5388,7314,1
5389,7317,1
5390,7310,1
5391,7311,1
5392,7313,1
5393,7310,1
5394,7314,1
5395,7321,1
5396,7314,1
5397,7316,1
5398,7310,1
5399,7318,1
5400,7321,1
5401,7318,1
5402,7318,1
5403,7318,1
5404,7322,1
5405,7310,1
5406,7322,1
5407,7322,1
5408,7322,1
5409,7309,1
5410,7313,1
5411,7320,1
5412,7318,1
5413,7318,1
5414,7320,1
5415,7318,1
5416,7317,1
5417,7317,1
5418,7312,1
5419,7311,1
5420,7310,1
5421,7320,1
5422,7308,1
5423,7311,1
5424,7301,1
5425,7317,1
5426,7313,1
5427,7319,1
5428,7321,1
5429,7315,1
5430,7314,1
5431,7313,1
5432,7318,1
5433,7316,1
5434,7321,1
5435,7316,1
5436,7321,1
5437,7308,1
5438,7312,1
5439,7312,1
5440,7310,1
5441,7313,1
5442,7319,1
5443,7319,1
5444,7314,1
5445,7312,1
5446,7313,1
5447,7322,1
5448,7315,1
5449,7321,1
5450,7314,1
5451,7314,1
5452,7313,1
5453,7313,1
5454,7310,1
5455,7314,1
5456,7301,1
5457,7317,1
5458,7312,1
5459,7316,1
5460,7318,1
5461,7317,1
5462,7318,1
5463,7312,1
5464,7312,1
5465,7321,1
5466,7321,1
5467,7318,1
5468,7322,1
5469,7316,1
5470,7320,1
5471,7317,1
5472,7322,1
5473,7309,1
5474,7321,1
5475,7321,1
5476,7308,1
5477,7308,1
5478,7315,1
5479,7320,1
5480,7309,1
5481,7317,1
5482,7315,1
5483,7310,1
5484,7314,1
5485,7316,1
5486,7308,1
5487,7311,1
5488,7322,1
5489,7313,1
5490,7310,1
5491,7309,1
5492,7314,1
5493,7316,1
5494,7316,1
5495,7316,1
5496,7310,1
5497,7313,1
5498,7314,1
5499,7321,1
5500,7315,1
5501,7313,1
5502,7314,1
5503,7316,1
5504,7318,1
5505,7313,1
5506,7321,1
5507,7315,1
5508,7322,1
5509,7316,1
5510,7301,1
5511,7314,1
5512,7309,1
5513,7315,1
5514,7318,1
5515,7301,1
5516,7308,1
5517,7320,1
5518,7319,1
5519,7320,1
5520,7318,1
5521,7316,1
5522,7320,1
5523,7314,1
5524,7310,1
5525,7315,1
5526,7317,1
5527,7310,1
5528,7316,1
5529,7310,1
5530,7318,1
5531,7322,1
5532,7322,1
5533,7321,1
5534,7322,1
5535,7317,1
5536,7301,1
5537,7318,1
5538,7310,1
5539,7308,1
5540,7314,1
5541,7313,1
5542,7315,1
5543,7319,1
5544,7317,1
5545,7308,1
5546,7320,1
5547,7318,1
5548,7312,1
5549,7318,1
5550,7321,1
5551,7313,1
5552,7313,1
5553,7313,1
5554,7301,1
5555,7312,1
5556,7310,1
5557,7310,1
5558,7320,1
5559,7318,1
5560,7318,1
5561,7312,1
5562,7322,1
5563,7314,1
5564,7320,1
5565,7316,1
5566,7317,1
5567,7318,1
5568,7314,1
5569,7320,1
5570,7313,1
5571,7313,1
5572,7310,1
5573,7301,1
5574,7316,1
5575,7313,1
5576,7317,1
5577,7310,1
5578,7309,1
5579,7314,1
5580,7316,1
5581,7310,1
5582,7321,1
5583,7316,1
5584,7308,1
5585,7308,1
5586,7308,1
5587,7320,1
5588,7320,1
5589,7308,1
5590,7315,1
5591,7319,1
5592,7318,1
5593,7309,1
5594,7317,1
5595,7311,1
5596,7320,1
5597,7315,1
5598,7313,1
5599,7315,1
5600,7317,1
5601,7317,1
5602,7310,1
5603,7322,1
5604,7321,1
5605,7318,1
5606,7317,1
5607,7321,1
5608,7318,1
5609,7314,1
5610,7318,1
5611,7310,1
5612,7310,1
5613,7315,1
5614,7310,1
5615,7316,1
5616,7301,1
5617,7309,1
5618,7306,1
5619,7316,1
5620,7308,1
5621,7322,1
5622,7301,1
5623,7315,1
5624,7312,1
5625,7316,1
5626,7312,1
5627,7320,1
5628,7319,1
5629,7316,1
5630,7313,1
5631,7313,1
5632,7320,1
5633,7311,1
5634,7315,1
5635,7322,1
5636,7313,1
5637,7319,1
5638,7309,1
5639,7318,1
5640,7319,1
5641,7318,1
5642,7308,1
5643,7313,1
5644,7320,1
5645,7321,1
5646,7321,1
5647,7319,1
5648,7301,1
5649,7318,1
5650,7308,1
5651,7319,1
5652,7310,1
5653,7314,1
5654,7310,1
5655,7321,1
5656,7316,1
5657,7313,1
5658,7313,1
5659,7319,1
5660,7314,1
5661,7314,1
5662,7322,1
5663,7317,1
5664,7321,1
5665,7310,1
5666,7314,1
5667,7310,1
5668,7316,1
5669,7319,1
5670,7316,1
5671,7317,1
5672,7322,1
5673,7313,1
5674,7311,1
5675,7314,1
5676,7315,1
5677,7308,1
5678,7301,1
5679,7317,1
5680,7315,1
5681,7316,1
5682,7312,1
5683,7316,1
5684,7320,1
5685,7322,1
5686,7321,1
5687,7314,1
5688,7317,1
5689,7313,1
5690,7318,1
5691,7301,1
5692,7315,1
5693,7302,1
5694,7312,1
5695,7313,1
5696,7315,1
5697,7313,1
5698,7310,1
5699,7319,1
5700,7319,1
5701,7318,1
5702,7301,1
5703,7322,1
5704,7311,1
5705,7319,1
5706,7320,1
5707,7320,1
5708,7314,1
5709,7313,1
5710,7316,1
5711,7314,1
5712,7313,1
5713,7314,1
5714,7309,1
5715,7320,1
5716,7310,1
5717,7314,1
5718,7310,1
5719,7315,1
5720,7318,1
5721,7310,1
5722,7312,1
5723,7321,1
5724,7321,1
5725,7318,1
5726,7314,1
5727,7314,1
5728,7309,1
5729,7312,1
5730,7315,1
5731,7308,1
5732,7317,1
5733,7312,1
5734,7316,1
5735,7315,1
5736,7316,1
5737,7321,1
5738,7317,1
5739,7320,1
5740,7312,1
5741,7312,1
5742,7308,1
5743,7317,1
5744,7301,1
5745,7311,1
5746,7309,1
5747,7315,1
5748,7313,1
5749,7315,1
5750,7310,1
5751,7301,1
5752,7322,1
5753,7314,1
5754,7322,1
5755,7319,1
5756,7301,1
5757,7322,1
5758,7308,1
5759,7310,1
5760,7316,1
5761,7316,1
5762,7320,1
5763,7318,1
5764,7311,1
5765,7301,1
5766,7308,1
5767,7315,1
5768,7315,1
5769,7316,1
5770,7315,1
5771,7322,1
5772,7314,1
5773,7317,1
5774,7308,1
5775,7320,1
5776,7320,1
5777,7301,1
5778,7321,1
5779,7316,1
5780,7315,1
5781,7322,1
5782,7312,1
5783,7310,1
5784,7309,1
5785,7320,1
5786,7312,1
5787,7309,1
5788,7314,1
5789,7319,1
5790,7318,1
5791,7317,1
5792,7321,1
5793,7322,1
5794,7314,1
5795,7301,1
5796,7315,1
5797,7314,1
5798,7320,1
5799,7314,1
5800,7316,1
5801,7316,1
5802,7315,1
5803,7315,1
5804,7317,1
5805,7301,1
5806,7311,1
5807,7315,1
5808,7306,1
5809,7314,1
5810,7315,1
5811,7314,1
5812,7310,1
5813,7308,1
5814,7313,1
5815,7316,1
5816,7310,1
5817,7314,1
5818,7321,1
5819,7322,1
5820,7310,1
5821,7316,1
5822,7318,1
5823,7316,1
5824,7320,1
5825,7314,1
5826,7310,1
5827,7314,1
5828,7301,1
5829,7321,1
5830,7318,1
5831,7315,1
5832,7311,1
5833,7308,1
5834,7311,1
5835,7310,1
5836,7309,1
5837,7319,1
5838,7313,1
5839,7301,1
5840,7313,1
5841,7315,1
5842,7317,1
5843,7312,1
5844,7320,1
5845,7315,1
5846,7301,1
5847,7311,1
5848,7308,1
5849,7308,1
5850,7309,1
5851,7320,1
5852,7312,1
5853,7311,1
5854,7310,1
5855,7313,1
5856,7318,1
5857,7310,1
5858,7312,1
5859,7316,1
5860,7321,1
5861,7322,1
5862,7309,1
5863,7312,1
5864,7312,1
5865,7314,1
5866,7316,1
5867,7321,1
5868,7301,1
5869,7308,1
5870,7308,1
5871,7314,1
5872,7308,1
5873,7316,1
5874,7316,1
5875,7318,1
5876,7312,1
5877,7316,1
5878,7301,1
5879,7301,1
5880,7309,1
5881,7314,1
5882,7316,1
5883,7316,1
5884,7314,1
5885,7313,1
5886,7322,1
5887,7317,1
5888,7315,1
5889,7322,1
5890,7313,1
5891,7315,1
5892,7321,1
5893,7320,1
5894,7310,1
5895,7321,1
5896,7321,1
5897,7310,1
5898,7321,1
5899,7318,1
5900,7313,1
5901,7313,1
5902,7311,1
5903,7315,1
5904,7318,1
5905,7318,1
5906,7312,1
5907,7320,1
5908,7321,1
5909,7321,1
5910,7318,1
5911,7316,1
5912,7312,1
5913,7320,1
5914,7301,1
5915,7317,1
5916,7316,1
5917,7311,1
5918,7318,1
5919,7301,1
5920,7309,1
5921,7301,1
5922,7316,1
5923,7321,1
5924,7315,1
5925,7314,1
5926,7317,1
5927,7312,1
5928,7313,1
5929,7318,1
5930,7315,1
5931,7314,1
5932,7309,1
5933,7309,1
5934,7301,1
5935,7308,1
5936,7308,1
5937,7313,1
5938,7317,1
5939,7301,1
5940,7310,1
5941,7314,1
5942,7322,1
5943,7314,1
5944,7322,1
5945,7314,1
5946,7317,1
5947,7308,1
5948,7313,1
5949,7319,1
5950,7316,1
5951,7321,1
5952,7308,1
5953,7319,1
5954,7311,1
5955,7309,1
5956,7321,1
5957,7315,1
5958,7301,1
5959,7312,1
5960,7315,1
5961,7315,1
5962,7310,1
5963,7313,1
5964,7321,1
5965,7315,1
5966,7319,1
5967,7318,1
5968,7320,1
5969,7320,1
5970,7317,1
5971,7320,1
5972,7321,1
5973,7321,1
5974,7314,1
5975,7315,1
5976,7318,1
5977,7318,1
5978,7319,1
5979,7315,1
5980,7318,1
5981,7321,1
5982,7318,1
5983,7317,1
5984,7301,1
5985,7322,1
5986,7315,1
5987,7313,1
5988,7322,1
5989,7314,1
5990,7319,1
5991,7313,1
5992,7310,1
5993,7315,1
5994,7313,1
5995,7316,1
5996,7317,1
5997,7317,1
5998,7316,1
5999,7310,1
6000,7317,1
6001,7314,1
6002,7310,1
6003,7313,1
6004,7314,1
6005,7316,1
6006,7319,1
6007,7308,1
6008,7301,1
6009,7319,1
6010,7315,1
6011,7315,1
6012,7322,1
6013,7315,1
6014,7312,1
6015,7318,1
6016,7312,1
6017,7309,1
6018,7311,1
6019,7308,1
6020,7308,1
6021,7320,1
6022,7310,1
6023,7309,1
6024,7319,1
6025,7315,1
6026,7314,1
6027,7308,1
6028,7321,1
6029,7301,1
6030,7322,1
6031,7318,1
6032,7317,1
6033,7320,1
6034,7314,1
6035,7313,1
6036,7319,1
6037,7316,1
6038,7307,1
6039,7322,1
6040,7322,1
6041,7315,1
6042,7315,1
6043,7308,1
6044,7311,1
6045,7308,1
6046,7317,1
6047,7316,1
6048,7313,1
6049,7320,1
6050,7317,1
6051,7317,1
6052,7318,1
6053,7321,1
6054,7318,1
6055,7317,1
6056,7321,1
6057,7314,1
6058,7320,1
6059,7319,1
6060,7312,1
6061,7301,1
6062,7313,1
6063,7314,1
6064,7319,1
6065,7321,1
6066,7316,1
6067,7316,1
6068,7317,1
6069,7318,1
6070,7310,1
6071,7322,1
6072,7316,1
6073,7301,1
6074,7317,1
6075,7315,1
6076,7320,1
6077,7310,1
6078,7310,1
6079,7308,1
6080,7301,1
6081,7321,1
6082,7319,1
6083,7320,1
6084,7315,1
6085,7310,1
6086,7310,1
6087,7308,1
6088,7310,1
6089,7315,1
6090,7312,1
6091,7316,1
6092,7310,1
6093,7321,1
6094,7314,1
6095,7318,1
6096,7321,1
6097,7322,1
6098,7312,1
6099,7313,1
6100,7315,1
6101,7316,1
6102,7317,1
6103,7314,1
6104,7316,1
6105,7315,1
6106,7313,1
6107,7320,1
6108,7309,1
6109,7315,1
6110,7318,1
6111,7315,1
6112,7311,1
6113,7310,1
6114,7310,1
6115,7310,1
6116,7308,1
6117,7317,1
6118,7317,1
6119,7320,1
6120,7317,1
6121,7314,1
6122,7317,1
6123,7315,1
6124,7320,1
6125,7322,1
6126,7317,1
6127,7316,1
6128,7307,1
6129,7316,1
6130,7321,1
6131,7318,1
6132,7318,1
6133,7321,1
6134,7313,1
6135,7310,1
6136,7322,1
6137,7319,1
6138,7315,1
6139,7308,1
6140,7314,1
6141,7315,1
6142,7322,1
6143,7320,1
6144,7308,1
6145,7309,1
6146,7316,1
6147,7318,1
6148,7319,1
6149,7310,1
6150,7315,1
6151,7314,1
6152,7321,1
6153,7315,1
6154,7312,1
6155,7310,1
6156,7301,1
6157,7321,1
6158,7318,1
6159,7322,1
6160,7316,1
6161,7314,1
6162,7312,1
6163,7310,1
6164,7310,1
6165,7322,1
6166,7313,1
6167,7318,1
6168,7313,1
6169,7311,1
6170,7315,1
6171,7308,1
6172,7310,1
6173,7316,1
6174,7310,1
6175,7310,1
6176,7308,1
6177,7321,1
6178,7313,1
6179,7301,1
6180,7308,1
6181,7311,1
6182,7315,1
6183,7301,1
6184,7315,1
6185,7320,1
6186,7313,1
6187,7309,1
6188,7318,1
6189,7315,1
6190,7311,1
6191,7315,1
6192,7311,1
6193,7315,1
6194,7322,1
6195,7316,1
6196,7316,1
6197,7309,1
6198,7308,1
6199,7301,1
6200,7310,1
6201,7315,1
6202,7322,1
6203,7313,1
6204,7313,1
6205,7313,1
6206,7310,1
6207,7314,1
6208,7316,1
6209,7313,1
6210,7313,1
6211,7313,1
6212,7321,1
6213,7319,1
6214,7319,1
6215,7314,1
6216,7316,1
6217,7317,1
6218,7319,1
6219,7311,1
6220,7314,1
6221,7319,1
6222,7315,1
6223,7310,1
6224,7314,1
6225,7313,1
6226,7317,1
6227,7301,1
6228,7312,1
6229,7321,1
6230,7321,1
6231,7320,1
6232,7321,1
6233,7321,1
6234,7321,1
6235,7318,1
6236,7320,1
6237,7322,1
6238,7322,1
6239,7319,1
6240,7308,1
6241,7310,1
6242,7313,1
6243,7322,1
6244,7318,1
6245,7314,1
6246,7315,1
6247,7313,1
6248,7314,1
6249,7314,1
6250,7318,1
6251,7319,1
6252,7313,1
6253,7313,1
6254,7310,1
6255,7310,1
6256,7309,1
6257,7310,1
6258,7314,1
6259,7322,1
6260,7322,1
6261,7313,1
6262,7314,1
6263,7321,1
6264,7315,1
6265,7321,1
6266,7320,1
6267,7316,1
6268,7316,1
6269,7318,1
6270,7320,1
6271,7301,1
6272,7301,1
6273,7310,1
6274,7308,1
6275,7311,1
6276,7320,1
6277,7315,1
6278,7312,1
6279,7315,1
6280,7322,1
6281,7309,1
6282,7320,1
6283,7316,1
6284,7312,1
6285,7311,1
6286,7309,1
6287,7314,1
6288,7317,1
6289,7321,1
6290,7311,1
6291,7301,1
6292,7319,1
6293,7310,1
6294,7322,1
6295,7321,1
6296,7322,1
6297,7317,1
6298,7301,1
6299,7312,1
6300,7311,1
6301,7321,1
6302,7318,1
6303,7322,1
6304,7314,1
6305,7321,1
6306,7317,1
6307,7318,1
6308,7317,1
6309,7312,1
6310,7315,1
6311,7321,1
6312,7313,1
6313,7318,1
6314,7315,1
6315,7301,1
6316,7321,1
6317,7322,1
6318,7322,1
6319,7314,1
6320,7308,1
6321,7308,1
6322,7320,1
6323,7317,1
6324,7311,1
6325,7308,1
6326,7315,1
6327,7313,1
6328,7316,1
6329,7320,1
6330,7322,1
6331,7301,1
6332,7308,1
6333,7310,1
6334,7321,1
6335,7322,1
6336,7319,1
6337,7310,1
6338,7313,1
6339,7316,1
6340,7310,1
6341,7315,1
6342,7301,1
6343,7316,1
6344,7301,1
6345,7319,1
6346,7320,1
6347,7322,1
6348,7315,1
6349,7317,1
6350,7311,1
6351,7309,1
6352,7315,1
6353,7318,1
6354,7320,1
6355,7319,1
6356,7322,1
6357,7314,1
6358,7310,1
6359,7320,1
6360,7315,1
6361,7320,1
6362,7318,1
6363,7321,1
6364,7318,1
6365,7317,1
6366,7320,1
6367,7317,1
6368,7316,1
6369,7313,1
6370,7315,1
6371,7314,1
6372,7313,1
6373,7319,1
6374,7321,1
6375,7312,1
6376,7308,1
6377,7319,1
6378,7316,1
6379,7318,1
6380,7318,1
6381,7316,1
6382,7316,1
6383,7315,1
6384,7311,1
6385,7310,1
6386,7308,1
6387,7319,1
6388,7322,1
6389,7309,1
6390,7316,1
6391,7318,1
6392,7320,1
6393,7319,1
6394,7320,1
6395,7320,1
6396,7318,1
6397,7314,1
6398,7312,1
6399,7321,1
6400,7317,1
6401,7310,1
6402,7310,1
6403,7313,1
6404,7318,1
6405,7318,1
6406,7314,1
6407,7311,1
6408,7313,1
6409,7314,1
6410,7309,1
6411,7319,1
6412,7319,1
6413,7320,1
6414,7310,1
6415,7314,1
6416,7313,1
6417,7321,1
6418,7319,1
6419,7316,1
6420,7309,1
6421,7312,1
6422,7321,1
6423,7319,1
6424,7321,1
6425,7313,1
6426,7319,1
6427,7316,1
6428,7310,1
6429,7320,1
6430,7322,1
6431,7315,1
6432,7317,1
6433,7317,1
6434,7316,1
6435,7317,1
6436,7316,1
6437,7321,1
6438,7311,1
6439,7320,1
6440,7317,1
6441,7311,1
6442,7310,1
6443,7321,1
6444,7320,1
6445,7315,1
6446,7315,1
6447,7308,1
6448,7319,1
6449,7315,1
6450,7315,1
6451,7315,1
6452,7316,1
6453,7301,1
6454,7311,1
6455,7321,1
6456,7316,1
6457,7311,1
6458,7313,1
6459,7314,1
6460,7310,1
6461,7308,1
6462,7317,1
6463,7311,1
6464,7315,1
6465,7301,1
6466,7316,1
6467,7317,1
6468,7319,1
6469,7320,1
6470,7311,1
6471,7315,1
6472,7309,1
6473,7316,1
6474,7310,1
6475,7321,1
6476,7311,1
6477,7310,1
6478,7315,1
6479,7315,1
6480,7316,1
6481,7309,1
6482,7310,1
6483,7313,1
6484,7322,1
6485,7317,1
6486,7317,1
6487,7309,1
6488,7308,1
6489,7310,1
6490,7313,1
6491,7319,1
6492,7320,1
6493,7320,1
6494,7308,1
6495,7309,1
6496,7322,1
6497,7314,1
6498,7318,1
6499,7321,1
6500,7310,1
6501,7313,1
6502,7320,1
6503,7322,1
6504,7310,1
6505,7318,1
6506,7318,1
6507,7321,1
6508,7321,1
6509,7319,1
6510,7317,1
6511,7314,1
6512,7312,1
6513,7314,1
6514,7310,1
6515,7317,1
6516,7316,1
6517,7313,1
6518,7318,1
6519,7318,1
6520,7319,1
6521,7309,1
6522,7308,1
6523,7316,1
6524,7309,1
6525,7311,1
6526,7311,1
6527,7301,1
6528,7301,1
6529,7310,1
6530,7321,1
6531,7320,1
6532,7301,1
6533,7308,1
6534,7321,1
6535,7321,1
6536,7313,1
6537,7311,1
6538,7319,1
6539,7311,1
6540,7310,1
6541,7313,1
6542,7319,1
6543,7310,1
6544,7319,1
6545,7310,1
6546,7316,1
6547,7316,1
6548,7317,1
6549,7319,1
6550,7320,1
6551,7312,1
6552,7313,1
6553,7318,1
6554,7308,1
6555,7319,1
6556,7318,1
6557,7312,1
6558,7321,1
6559,7322,1
6560,7310,1
6561,7312,1
6562,7322,1
6563,7315,1
6564,7320,1
6565,7315,1
6566,7316,1
6567,7316,1
6568,7318,1
6569,7320,1
6570,7322,1
6571,7310,1
6572,7317,1
6573,7322,1
6574,7308,1
6575,7319,1
6576,7321,1
6577,7314,1
6578,7318,1
6579,7317,1
6580,7321,1
6581,7318,1
6582,7321,1
6583,7318,1
6584,7313,1
6585,7316,1
6586,7315,1
6587,7314,1
6588,7311,1
6589,7309,1
6590,7311,1
6591,7306,1
6592,7320,1
6593,7313,1
6594,7310,1
6595,7321,1
6596,7313,1
6597,7308,1
6598,7319,1
6599,7316,1
6600,7316,1
6601,7311,1
6602,7309,1
6603,7316,1
6604,7321,1
6605,7321,1
6606,7314,1
6607,7309,1
6608,7311,1
6609,7321,1
6610,7319,1
6611,7316,1
6612,7318,1
6613,7316,1
6614,7308,1
6615,7322,1
6616,7317,1
6617,7315,1
6618,7311,1
6619,7316,1
6620,7310,1
6621,7317,1
6622,7314,1
6623,7314,1
6624,7319,1
6625,7316,1
6626,7318,1
6627,7313,1
6628,7318,1
6629,7314,1
6630,7315,1
6631,7301,1
6632,7309,1
6633,7307,1
6634,7313,1
6635,7321,1
6636,7311,1
6637,7318,1
6638,7322,1
6639,7318,1
6640,7318,1
6641,7309,1
6642,7320,1
6643,7301,1
6644,7310,1
6645,7321,1
6646,7320,1
6647,7301,1
6648,7321,1
6649,7319,1
6650,7321,1
6651,7321,1
6652,7310,1
6653,7318,1
6654,7311,1
6655,7322,1
6656,7322,1
6657,7320,1
6658,7313,1
6659,7316,1
6660,7310,1
6661,7314,1
6662,7315,1
6663,7315,1
6664,7313,1
6665,7317,1
6666,7315,1
6667,7322,1
6668,7318,1
6669,7316,1
6670,7316,1
6671,7320,1
6672,7312,1
6673,7301,1
6674,7312,1
6675,7317,1
6676,7312,1
6677,7321,1
6678,7322,1
6679,7320,1
6680,7312,1
6681,7311,1
6682,7310,1
6683,7313,1
6684,7313,1
6685,7318,1
6686,7315,1
6687,7314,1
6688,7319,1
6689,7316,1
6690,7315,1
6691,7318,1
6692,7317,1
6693,7319,1
6694,7317,1
6695,7308,1
6696,7321,1
6697,7317,1
6698,7316,1
6699,7314,1
6700,7315,1
6701,7317,1
6702,7311,1
6703,7310,1
6704,7316,1
6705,7301,1
6706,7318,1
6707,7320,1
6708,7318,1
6709,7321,1
6710,7314,1
6711,7318,1
6712,7317,1
6713,7311,1
6714,7320,1
6715,7317,1
6716,7310,1
6717,7316,1
6718,7321,1
6719,7314,1
6720,7319,1
6721,7312,1
6722,7314,1
6723,7301,1
6724,7301,1
6725,7310,1
6726,7316,1
6727,7310,1
6728,7318,1
6729,7318,1
6730,7314,1
6731,7321,1
6732,7318,1
6733,7310,1
6734,7319,1
6735,7321,1
6736,7318,1
6737,7301,1
6738,7310,1
6739,7315,1
6740,7310,1
6741,7310,1
6742,7317,1
6743,7317,1
6744,7313,1
6745,7316,1
6746,7313,1
6747,7317,1
6748,7314,1
6749,7312,1
6750,7311,1
6751,7320,1
6752,7321,1
6753,7321,1
6754,7313,1
6755,7313,1
6756,7310,1
6757,7313,1
6758,7310,1
6759,7313,1
6760,7310,1
6761,7312,1
6762,7321,1
6763,7321,1
6764,7320,1
6765,7318,1
6766,7322,1
6767,7322,1
6768,7318,1
6769,7322,1
6770,7322,1
6771,7310,1
6772,7314,1
6773,7312,1
6774,7310,1
6775,7316,1
6776,7312,1
6777,7322,1
6778,7322,1
6779,7301,1
6780,7313,1
6781,7315,1
6782,7314,1
6783,7319,1
6784,7319,1
6785,7313,1
6786,7314,1
6787,7311,1
6788,7319,1
6789,7310,1
6790,7311,1
6791,7314,1
6792,7307,1
6793,7319,1
6794,7316,1
6795,7301,1
6796,7311,1
6797,7312,1
6798,7308,1
6799,7308,1
6800,7314,1
6801,7316,1
6802,7321,1
6803,7321,1
6804,7315,1
6805,7321,1
6806,7314,1
6807,7308,1
6808,7312,1
6809,7317,1
6810,7310,1
6811,7316,1
6812,7310,1
6813,7314,1
6814,7309,1
6815,7308,1
6816,7321,1
6817,7322,1
6818,7314,1
6819,7311,1
6820,7318,1
6821,7308,1
6822,7322,1
6823,7321,1
6824,7318,1
6825,7314,1
6826,7309,1
6827,7301,1
6828,7321,1
6829,7315,1
6830,7322,1
6831,7312,1
6832,7310,1
6833,7321,1
6834,7316,1
6835,7321,1
6836,7308,1
6837,7322,1
6838,7322,1
6839,7311,1
6840,7320,1
6841,7310,1
6842,7313,1
6843,7321,1
6844,7312,1
6845,7313,1
6846,7314,1
6847,7314,1
6848,7319,1
6849,7315,1
6850,7320,1
6851,7313,1
6852,7317,1
6853,7314,1
6854,7321,1
6855,7314,1
6856,7321,1
6857,7318,1
6858,7317,1
6859,7314,1
6860,7311,1
6861,7301,1
6862,7313,1
6863,7314,1
6864,7312,1
6865,7312,1
6866,7308,1
6867,7316,1
6868,7317,1
6869,7319,1
6870,7318,1
6871,7316,1
6872,7314,1
6873,7313,1
6874,7313,1
6875,7308,1
6876,7308,1
6877,7310,1
6878,7313,1
6879,7316,1
6880,7310,1
6881,7317,1
6882,7316,1
6883,7308,1
6884,7320,1
6885,7314,1
6886,7301,1
6887,7321,1
6888,7321,1
6889,7318,1
6890,7321,1
6891,7321,1
6892,7318,1
6893,7321,1
6894,7321,1
6895,7301,1
6896,7317,1
6897,7315,1
6898,7308,1
6899,7314,1
6900,7315,1
6901,7322,1
6902,7313,1
6903,7322,1
6904,7317,1
6905,7320,1
6906,7313,1
6907,7308,1
6908,7313,1
6909,7313,1
6910,7313,1
6911,7301,1
6912,7319,1
6913,7315,1
6914,7322,1
6915,7314,1
6916,7314,1
6917,7314,1
6918,7321,1
6919,7321,1
6920,7321,1
6921,7316,1
6922,7319,1
6923,7312,1
6924,7319,1
6925,7311,1
6926,7315,1
6927,7310,1
6928,7310,1
6929,7310,1
6930,7319,1
6931,7322,1
6932,7318,1
6933,7319,1
6934,7316,1
6935,7322,1
6936,7322,1
6937,7312,1
6938,7319,1
6939,7313,1
6940,7319,1
6941,7321,1
6942,7317,1
6943,7316,1
6944,7316,1
6945,7314,1
6946,7308,1
6947,7315,1
6948,7308,1
6949,7320,1
6950,7321,1
6951,7318,1
6952,7316,1
6953,7301,1
6954,7307,1
6955,7310,1
6956,7322,1
6957,7311,1
6958,7311,1
6959,7316,1
6960,7310,1
6961,7308,1
6962,7315,1
6963,7314,1
6964,7314,1
6965,7322,1
6966,7319,1
6967,7321,1
6968,7313,1
6969,7315,1
6970,7319,1
6971,7319,1
6972,7310,1
6973,7311,1
6974,7317,1
6975,7318,1
6976,7319,1
6977,7321,1
6978,7321,1
6979,7308,1
6980,7308,1
6981,7310,1
6982,7312,1
6983,7301,1
6984,7310,1
6985,7310,1
6986,7316,1
6987,7319,1
6988,7322,1
6989,7318,1
6990,7310,1
6991,7313,1
6992,7317,1
6993,7322,1
6994,7310,1
6995,7309,1
6996,7301,1
6997,7312,1
6998,7314,1
6999,7314,1
7000,7321,1
7001,7308,1
7002,7310,1
7003,7313,1
7004,7301,1
7005,7314,1
7006,7317,1
7007,7312,1
7008,7316,1
7009,7316,1
7010,7317,1
7011,7315,1
7012,7317,1
7013,7321,1
7014,7318,1
7015,7321,1
7016,7316,1
7017,7317,1
7018,7310,1
7019,7315,1
7020,7315,1
7021,7315,1
7022,7318,1
7023,7316,1
7024,7313,1
7025,7315,1
7026,7316,1
7027,7314,1
7028,7318,1
7029,7318,1
7030,7318,1
7031,7321,1
7032,7317,1
7033,7308,1
7034,7301,1
7035,7301,1
7036,7313,1
7037,7313,1
7038,7322,1
7039,7308,1
7040,7322,1
7041,7318,1
7042,7312,1
7043,7301,1
7044,7319,1
7045,7321,1
7046,7316,1
7047,7316,1
7048,7313,1
7049,7313,1
7050,7313,1
7051,7317,1
7052,7322,1
7053,7310,1
7054,7320,1
7055,7315,1
7056,7308,1
7057,7311,1
7058,7310,1
7059,7310,1
7060,7317,1
7061,7321,1
7062,7315,1
7063,7316,1
7064,7319,1
7065,7310,1
7066,7322,1
7067,7322,1
7068,7321,1
7069,7321,1
7070,7320,1
7071,7313,1
7072,7316,1
7073,7316,1
7074,7310,1
7075,7301,1
7076,7322,1
7077,7320,1
7078,7318,1
7079,7322,1
7080,7321,1
7081,7320,1
7082,7318,1
7083,7318,1
7084,7316,1
7085,7314,1
7086,7321,1
7087,7308,1
7088,7312,1
7089,7315,1
7090,7313,1
7091,7319,1
7092,7321,1
7093,7320,1
7094,7320,1
7095,7301,1
7096,7315,1
7097,7310,1
7098,7317,1
7099,7322,1
7100,7310,1
7101,7311,1
7102,7316,1
7103,7315,1
7104,7317,1
7105,7301,1
7106,7320,1
7107,7308,1
7108,7314,1
7109,7312,1
7110,7317,1
7111,7314,1
7112,7322,1
7113,7319,1
7114,7310,1
7115,7314,1
7116,7318,1
7117,7321,1
7118,7311,1
7119,7312,1
7120,7322,1
7121,7310,1
7122,7316,1
7123,7318,1
7124,7314,1
7125,7308,1
7126,7313,1
7127,7314,1
7128,7308,1
7129,7315,1
7130,7301,1
7131,7318,1
7132,7318,1
7133,7319,1
7134,7315,1
7135,7316,1
7136,7316,1
7137,7316,1
7138,7310,1
7139,7313,1
7140,7317,1
7141,7317,1
7142,7313,1
7143,7319,1
7144,7319,1
7145,7316,1
7146,7316,1
7147,7315,1
7148,7317,1
7149,7314,1
7150,7316,1
7151,7320,1
7152,7314,1
7153,7315,1
7154,7316,1
7155,7315,1
7156,7318,1
7157,7310,1
7158,7310,1
7159,7310,1
7160,7317,1
7161,7322,1
7162,7314,1
7163,7308,1
7164,7301,1
7165,7313,1
7166,7322,1
7167,7317,1
7168,7322,1
7169,7310,1
7170,7309,1
7171,7301,1
7172,7321,1
7173,7320,1
7174,7316,1
7175,7313,1
7176,7321,1
7177,7320,1
7178,7308,1
7179,7319,1
7180,7310,1
7181,7310,1
7182,7321,1
7183,7311,1
7184,7315,1
7185,7309,1
7186,7316,1
7187,7319,1
7188,7313,1
7189,7311,1
7190,7320,1
7191,7322,1
7192,7314,1
7193,7308,1
7194,7308,1
7195,7320,1
7196,7310,1
7197,7316,1
7198,7313,1
7199,7314,1
7200,7317,1
7201,7313,1
7202,7314,1
7203,7310,1
7204,7301,1
7205,7315,1
7206,7320,1
7207,7317,1
7208,7321,1
7209,7321,1
7210,7316,1
7211,7301,1
7212,7316,1
7213,7314,1
7214,7321,1
7215,7315,1
7216,7319,1
7217,7314,1
7218,7322,1
7219,7314,1
7220,7318,1
7221,7312,1
7222,7318,1
7223,7313,1
7224,7309,1
7225,7309,1
7226,7301,1
7227,7301,1
7228,7313,1
7229,7312,1
7230,7317,1
7231,7313,1
7232,7315,1
7233,7310,1
7234,7308,1
7235,7311,1
7236,7311,1
7237,7315,1
7238,7316,1
7239,7316,1
7240,7316,1
7241,7310,1
7242,7301,1
7243,7309,1
7244,7311,1
7245,7320,1
7246,7317,1
7247,7322,1
7248,7313,1
7249,7313,1
7250,7322,1
7251,7317,1
7252,7316,1
7253,7321,1
7254,7321,1
7255,7307,1
7256,7315,1
7257,7316,1
7258,7315,1
7259,7317,1
7260,7306,1
7261,7316,1
7262,7313,1
7263,7321,1
7264,7319,1
7265,7318,1
7266,7315,1
7267,7312,1
7268,7315,1
7269,7321,1
7270,7322,1
7271,7316,1
7272,7309,1
7273,7310,1
7274,7310,1
7275,7320,1
7276,7310,1
7277,7321,1
7278,7306,1
7279,7321,1
7280,7321,1
7281,7317,1
7282,7321,1
7283,7310,1
7284,7318,1
7285,7313,1
7286,7321,1
7287,7312,1
7288,7313,1
7289,7319,1
7290,7316,1
7291,7317,1
7292,7311,1
7293,7311,1
7294,7308,1
7295,7310,1
7296,7301,1
7297,7321,1
7298,7318,1
7299,7301,1
7300,7310,1
7301,7310,1
7302,7308,1
7303,7317,1
7304,7313,1
7305,7310,1
7306,7316,1
7307,7315,1
7308,7321,1
7309,7319,1
7310,7321,1
7311,7308,1
7312,7319,1
7313,7316,1
7314,7319,1
7315,7318,1
7316,7311,1
7317,7315,1
7318,7315,1
7319,7312,1
7320,7309,1
7321,7316,1
7322,7315,1
7323,7317,1
7324,7315,1
7325,7316,1
7326,7316,1
7327,7319,1
7328,7310,1
7329,7308,1
7330,7313,1
7331,7314,1
7332,7321,1
7333,7320,1
7334,7314,1
7335,7314,1
7336,7310,1
7337,7310,1
7338,7315,1
7339,7315,1
7340,7315,1
7341,7314,1
7342,7321,1
7343,7314,1
7344,7315,1
7345,7315,1
7346,7318,1
7347,7320,1
7348,7318,1
7349,7314,1
7350,7313,1
7351,7315,1
7352,7312,1
7353,7320,1
7354,7317,1
7355,7322,1
7356,7315,1
7357,7315,1
7358,7314,1
7359,7313,1
7360,7311,1
7361,7315,1
7362,7310,1
7363,7310,1
7364,7311,1
7365,7321,1
7366,7320,1
7367,7313,1
7368,7319,1
7369,7301,1
7370,7321,1
7371,7313,1
7372,7308,1
7373,7310,1
7374,7322,1
7375,7321,1
7376,7314,1
7377,7308,1
7378,7317,1
7379,7322,1
7380,7313,1
7381,7314,1
7382,7317,1
7383,7309,1
7384,7318,1
7385,7314,1
7386,7313,1
7387,7312,1
7388,7317,1
7389,7309,1
7390,7322,1
7391,7317,1
7392,7314,1
7393,7312,1
7394,7308,1
7395,7310,1
7396,7321,1
7397,7314,1
7398,7318,1
7399,7321,1
7400,7317,1
7401,7319,1
7402,7317,1
7403,7321,1
7404,7313,1
7405,7310,1
7406,7310,1
7407,7322,1
7408,7318,1
7409,7315,1
7410,7311,1
7411,7321,1
7412,7322,1
7413,7316,1
7414,7318,1
7415,7317,1
7416,7320,1
7417,7319,1
7418,7318,1
7419,7321,1
7420,7311,1
7421,7311,1
7422,7317,1
7423,7309,1
7424,7318,1
7425,7310,1
7426,7321,1
7427,7309,1
7428,7322,1
7429,7313,1
7430,7308,1
7431,7322,1
7432,7316,1
7433,7321,1
7434,7310,1
7435,7320,1
7436,7320,1
7437,7311,1
7438,7319,1
7439,7310,1
7440,7310,1
7441,7319,1
7442,7308,1
7443,7312,1
7444,7321,1
7445,7312,1
7446,7312,1
7447,7315,1
7448,7321,1
7449,7316,1
7450,7308,1
7451,7316,1
7452,7321,1
7453,7313,1
7454,7311,1
7455,7313,1
7456,7316,1
7457,7314,1
7458,7315,1
7459,7318,1
7460,7317,1
7461,7322,1
7462,7322,1
7463,7317,1
7464,7315,1
7465,7311,1
7466,7315,1
7467,7314,1
7468,7317,1
7469,7313,1
7470,7309,1
7471,7316,1
7472,7318,1
7473,7311,1
7474,7322,1
7475,7312,1
7476,7322,1
7477,7318,1
7478,7322,1
7479,7314,1
7480,7316,1
7481,7314,1
7482,7320,1
7483,7321,1
7484,7310,1
7485,7316,1
7486,7314,1
7487,7321,1
7488,7315,1
7489,7310,1
7490,7315,1
7491,7315,1
7492,7322,1
7493,7322,1
7494,7313,1
7495,7319,1
7496,7311,1
7497,7313,1
7498,7308,1
7499,7321,1
7500,7316,1
7501,7316,1
7502,7319,1
7503,7316,1
7504,7312,1
7505,7315,1
7506,7319,1
7507,7315,1
7508,7311,1
7509,7315,1
7510,7314,1
7511,7316,1
7512,7318,1
7513,7316,1
7514,7310,1
7515,7318,1
7516,7312,1
7517,7322,1
7518,7322,1
7519,7310,1
7520,7315,1
7521,7322,1
7522,7321,1
7523,7316,1
7524,7321,1
7525,7317,1
7526,7313,1
7527,7316,1
7528,7316,1
7529,7321,1
7530,7321,1
7531,7321,1
7532,7321,1
7533,7318,1
7534,7314,1
7535,7313,1
7536,7321,1
7537,7318,1
7538,7315,1
7539,7315,1
7540,7317,1
7541,7317,1
7542,7316,1
7543,7307,1
7544,7308,1
7545,7312,1
7546,7320,1
7547,7315,1
7548,7315,1
7549,7319,1
7550,7301,1
7551,7315,1
7552,7314,1
7553,7321,1
7554,7316,1
7555,7316,1
7556,7309,1
7557,7310,1
7558,7314,1
7559,7319,1
7560,7310,1
7561,7313,1
7562,7317,1
7563,7315,1
7564,7301,1
7565,7320,1
7566,7321,1
7567,7321,1
7568,7314,1
7569,7315,1
7570,7311,1
7571,7322,1
7572,7310,1
7573,7310,1
7574,7301,1
7575,7317,1
7576,7319,1
7577,7315,1
7578,7321,1
7579,7319,1
7580,7318,1
7581,7311,1
7582,7314,1
7583,7314,1
7584,7314,1
7585,7319,1
7586,7321,1
7587,7317,1
7588,7311,1
7589,7314,1
7590,7313,1
7591,7316,1
7592,7318,1
7593,7315,1
7594,7308,1
7595,7310,1
7596,7321,1
7597,7317,1
7598,7321,1
7599,7310,1
7600,7301,1
7601,7316,1
7602,7320,1
7603,7314,1
7604,7320,1
7605,7316,1
7606,7316,1
7607,7301,1
7608,7308,1
7609,7308,1
7610,7310,1
7611,7317,1
7612,7301,1
7613,7316,1
7614,7313,1
7615,7314,1
7616,7304,1
7617,7313,1
7618,7308,1
7619,7318,1
7620,7309,1
7621,7310,1
7622,7321,1
7623,7320,1
7624,7316,1
7625,7322,1
7626,7318,1
7627,7316,1
7628,7316,1
7629,7313,1
7630,7315,1
7631,7311,1
7632,7317,1
7633,7316,1
7634,7322,1
7635,7312,1
7636,7320,1
7637,7319,1
7638,7315,1
7639,7310,1
7640,7310,1
7641,7315,1
7642,7322,1
7643,7319,1
7644,7322,1
7645,7322,1
7646,7312,1
7647,7320,1
7648,7312,1
7649,7316,1
7650,7313,1
7651,7313,1
7652,7318,1
7653,7317,1
7654,7312,1
7655,7318,1
7656,7310,1
7657,7310,1
7658,7314,1
7659,7321,1
7660,7318,1
7661,7315,1
7662,7313,1
7663,7308,1
7664,7316,1
7665,7315,1
7666,7318,1
7667,7315,1
7668,7311,1
7669,7316,1
7670,7309,1
7671,7309,1
7672,7308,1
7673,7322,1
7674,7318,1
7675,7301,1
7676,7322,1
7677,7322,1
7678,7319,1
7679,7321,1
7680,7313,1
7681,7312,1
7682,7321,1
7683,7316,1
7684,7310,1
7685,7321,1
7686,7321,1
7687,7316,1
7688,7312,1
7689,7315,1
7690,7315,1
7691,7322,1
7692,7321,1
7693,7319,1
7694,7314,1
7695,7313,1
7696,7313,1
7697,7312,1
7698,7316,1
7699,7316,1
7700,7318,1
7701,7316,1
7702,7316,1
7703,7310,1
7704,7315,1
7705,7308,1
7706,7322,1
7707,7314,1
7708,7322,1
7709,7308,1
7710,7312,1
7711,7320,1
7712,7313,1
7713,7310,1
7714,7314,1
7715,7313,1
7716,7315,1
7717,7317,1
7718,7316,1
7719,7320,1
7720,7322,1
7721,7321,1
7722,7314,1
7723,7321,1
7724,7318,1
7725,7317,1
7726,7319,1
7727,7321,1
7728,7321,1
7729,7320,1
7730,7319,1
7731,7315,1
7732,7316,1
7733,7315,1
7734,7309,1
7735,7310,1
7736,7312,1
7737,7317,1
7738,7308,1
7739,7316,1
7740,7316,1
7741,7309,1
7742,7319,1
7743,7316,1
7744,7320,1
7745,7309,1
7746,7316,1
7747,7313,1
7748,7320,1
7749,7319,1
7750,7321,1
7751,7321,1
7752,7317,1
7753,7321,1
7754,7310,1
7755,7321,1
7756,7321,1
7757,7321,1
7758,7319,1
7759,7315,1
7760,7316,1
7761,7311,1
7762,7318,1
7763,7313,1
7764,7315,1
7765,7309,1
7766,7312,1
7767,7315,1
7768,7311,1
7769,7310,1
7770,7320,1
7771,7312,1
7772,7319,1
7773,7313,1
7774,7320,1
7775,7316,1
7776,7321,1
7777,7316,1
7778,7314,1
7779,7311,1
7780,7311,1
7781,7321,1
7782,7321,1
7783,7316,1
7784,7320,1
7785,7315,1
7786,7308,1
7787,7313,1
7788,7308,1
7789,7301,1
7790,7321,1
7791,7315,1
7792,7318,1
7793,7309,1
7794,7308,1
7795,7315,1
7796,7320,1
7797,7310,1
7798,7320,1
7799,7316,1
7800,7311,1
7801,7311,1
7802,7314,1
7803,7312,1
7804,7320,1
7805,7315,1
7806,7314,1
7807,7319,1
7808,7314,1
7809,7316,1
7810,7321,1
7811,7321,1
7812,7317,1
7813,7321,1
7814,7308,1
7815,7308,1
7816,7322,1
7817,7320,1
7818,7319,1
7819,7319,1
7820,7314,1
7821,7317,1
7822,7313,1
7823,7320,1
7824,7315,1
7825,7316,1
7826,7314,1
7827,7317,1
7828,7313,1
7829,7311,1
7830,7314,1
7831,7314,1
7832,7314,1
7833,7310,1
7834,7317,1
7835,7317,1
7836,7317,1
7837,7314,1
7838,7314,1
7839,7316,1
7840,7318,1
7841,7307,1
7842,7315,1
7843,7315,1
7844,7311,1
7845,7321,1
7846,7311,1
7847,7315,1
7848,7314,1
7849,7308,1
7850,7319,1
7851,7315,1
7852,7313,1
7853,7309,1
7854,7320,1
7855,7320,1
7856,7310,1
7857,7316,1
7858,7311,1
7859,7309,1
7860,7301,1
7861,7321,1
7862,7313,1
7863,7313,1
7864,7321,1
7865,7316,1
7866,7315,1
7867,7316,1
7868,7310,1
7869,7314,1
7870,7319,1
7871,7320,1
7872,7319,1
7873,7312,1
7874,7315,1
7875,7321,1
7876,7313,1
7877,7313,1
7878,7321,1
7879,7321,1
7880,7317,1
7881,7316,1
7882,7314,1
7883,7312,1
7884,7314,1
7885,7308,1
7886,7309,1
7887,7315,1
7888,7322,1
7889,7308,1
7890,7322,1
7891,7322,1
7892,7314,1
7893,7308,1
7894,7320,1
7895,7321,1
7896,7317,1
7897,7321,1
7898,7318,1
7899,7316,1
7900,7309,1
7901,7313,1
7902,7317,1
7903,7315,1
7904,7317,1
7905,7321,1
7906,7321,1
7907,7321,1
7908,7318,1
7909,7321,1
7910,7320,1
7911,7315,1
7912,7308,1
7913,7318,1
7914,7318,1
7915,7315,1
7916,7319,1
7917,7321,1
7918,7318,1
7919,7315,1
7920,7316,1
7921,7318,1
7922,7310,1
7923,7313,1
7924,7315,1
7925,7301,1
7926,7315,1
7927,7315,1
7928,7311,1
7929,7314,1
7930,7301,1
7931,7311,1
7932,7314,1
7933,7318,1
7934,7312,1
7935,7314,1
7936,7316,1
7937,7315,1
7938,7310,1
7939,7321,1
7940,7317,1
7941,7308,1
7942,7304,1
7943,7318,1
7944,7307,1
7945,7317,1
7946,7315,1
7947,7322,1
7948,7320,1
7949,7319,1
7950,7321,1
7951,7301,1
7952,7310,1
7953,7310,1
7954,7315,1
7955,7321,1
7956,7311,1
7957,7314,1
7958,7315,1
7959,7314,1
7960,7312,1
7961,7308,1
7962,7311,1
7963,7310,1
7964,7319,1
7965,7319,1
7966,7314,1
7967,7315,1
7968,7309,1
7969,7315,1
7970,7310,1
7971,7315,1
7972,7319,1
7973,7320,1
7974,7314,1
7975,7321,1
7976,7316,1
7977,7322,1
7978,7321,1
7979,7301,1
7980,7322,1
7981,7317,1
7982,7317,1
7983,7309,1
7984,7308,1
7985,7311,1
7986,7315,1
7987,7316,1
7988,7315,1
7989,7316,1
7990,7320,1
7991,7320,1
7992,7320,1
7993,7301,1
7994,7301,1
7995,7317,1
7996,7310,1
7997,7315,1
7998,7312,1
7999,7311,1
8000,7316,1
8001,7309,1
8002,7314,1
8003,7321,1
8004,7313,1
8005,7317,1
8006,7316,1
8007,7314,1
8008,7307,1
8009,7315,1
8010,7301,1
8011,7319,1
8012,7311,1
8013,7317,1
8014,7319,1
8015,7313,1
8016,7318,1
8017,7314,1
8018,7315,1
8019,7319,1
8020,7318,1
8021,7320,1
8022,7301,1
8023,7313,1
8024,7311,1
8025,7319,1
8026,7309,1
8027,7321,1
8028,7321,1
8029,7312,1
8030,7319,1
8031,7316,1
8032,7313,1
8033,7307,1
8034,7314,1
8035,7315,1
8036,7311,1
8037,7308,1
8038,7312,1
8039,7312,1
8040,7320,1
8041,7316,1
8042,7321,1
8043,7316,1
8044,7308,1
8045,7322,1
8046,7317,1
8047,7310,1
8048,7314,1
8049,7316,1
8050,7317,1
8051,7314,1
8052,7319,1
8053,7314,1
8054,7310,1
8055,7308,1
8056,7310,1
8057,7317,1
8058,7321,1
8059,7319,1
8060,7310,1
8061,7319,1
8062,7312,1
8063,7317,1
8064,7313,1
8065,7313,1
8066,7321,1
8067,7321,1
8068,7321,1
8069,7321,1
8070,7308,1
8071,7314,1
8072,7314,1
8073,7310,1
8074,7313,1
8075,7316,1
8076,7318,1
8077,7317,1
8078,7314,1
8079,7320,1
8080,7317,1
8081,7320,1
8082,7319,1
8083,7315,1
8084,7312,1
8085,7310,1
8086,7315,1
8087,7320,1
8088,7316,1
8089,7316,1
8090,7322,1
8091,7312,1
8092,7314,1
8093,7318,1
8094,7320,1
8095,7320,1
8096,7321,1
8097,7317,1
8098,7310,1
8099,7321,1
8100,7315,1
8101,7313,1
8102,7318,1
8103,7317,1
8104,7317,1
8105,7314,1
8106,7315,1
8107,7320,1
8108,7309,1
8109,7310,1
8110,7310,1
8111,7304,1
8112,7310,1
8113,7301,1
8114,7321,1
8115,7308,1
8116,7314,1
8117,7310,1
8118,7322,1
8119,7315,1
8120,7313,1
8121,7310,1
8122,7321,1
8123,7313,1
8124,7318,1
8125,7315,1
8126,7321,1
8127,7310,1
8128,7310,1
8129,7301,1
8130,7319,1
8131,7318,1
8132,7318,1
8133,7311,1
8134,7301,1
8135,7318,1
8136,7315,1
8137,7312,1
8138,7308,1
8139,7310,1
8140,7318,1
8141,7316,1
8142,7317,1
8143,7316,1
8144,7320,1
8145,7312,1
8146,7315,1
8147,7314,1
8148,7308,1
8149,7308,1
8150,7318,1
8151,7321,1
8152,7320,1
8153,7307,1
8154,7316,1
8155,7321,1
8156,7317,1
8157,7315,1
8158,7321,1
8159,7318,1
8160,7317,1
8161,7321,1
8162,7312,1
8163,7321,1
8164,7322,1
8165,7315,1
8166,7321,1
8167,7316,1
8168,7308,1
8169,7314,1
8170,7317,1
8171,7301,1
8172,7314,1
8173,7321,1
8174,7314,1
8175,7312,1
8176,7322,1
8177,7318,1
8178,7313,1
8179,7308,1
8180,7321,1
8181,7309,1
8182,7314,1
8183,7316,1
8184,7301,1
8185,7321,1
8186,7313,1
8187,7321,1
8188,7316,1
8189,7319,1
8190,7315,1
8191,7310,1
8192,7321,1
8193,7315,1
8194,7313,1
8195,7314,1
8196,7314,1
8197,7310,1
8198,7315,1
8199,7321,1
8200,7320,1
8201,7314,1
8202,7310,1
8203,7319,1
8204,7314,1
8205,7318,1
8206,7322,1
8207,7318,1
8208,7321,1
8209,7318,1
8210,7315,1
8211,7310,1
8212,7315,1
8213,7316,1
8214,7314,1
8215,7311,1
8216,7301,1
8217,7321,1
8218,7314,1
8219,7314,1
8220,7301,1
8221,7313,1
8222,7321,1
8223,7322,1
8224,7321,1
8225,7319,1
8226,7314,1
8227,7314,1
8228,7321,1
8229,7318,1
8230,7321,1
8231,7321,1
8232,7314,1
8233,7312,1
8234,7308,1
8235,7317,1
8236,7317,1
8237,7310,1
8238,7310,1
8239,7308,1
8240,7315,1
8241,7316,1
8242,7318,1
8243,7313,1
8244,7309,1
8245,7320,1
8246,7301,1
8247,7314,1
8248,7311,1
8249,7318,1
8250,7312,1
8251,7309,1
8252,7316,1
8253,7320,1
8254,7316,1
8255,7315,1
8256,7301,1
8257,7310,1
8258,7311,1
8259,7320,1
8260,7321,1
8261,7314,1
8262,7314,1
8263,7315,1
8264,7316,1
8265,7312,1
8266,7320,1
8267,7316,1
8268,7313,1
8269,7317,1
8270,7314,1
8271,7311,1
8272,7315,1
8273,7317,1
8274,7322,1
8275,7310,1
8276,7310,1
8277,7310,1
8278,7319,1
8279,7317,1
8280,7310,1
8281,7310,1
8282,7308,1
8283,7315,1
8284,7321,1
8285,7313,1
8286,7314,1
8287,7313,1
8288,7311,1
8289,7311,1
8290,7311,1
8291,7311,1
8292,7315,1
8293,7320,1
8294,7310,1
8295,7321,1
8296,7317,1
8297,7311,1
8298,7310,1
8299,7318,1
8300,7314,1
8301,7321,1
8302,7321,1
8303,7320,1
8304,7321,1
8305,7317,1
8306,7316,1
8307,7310,1
8308,7310,1
8309,7308,1
8310,7313,1
8311,7315,1
8312,7308,1
8313,7321,1
8314,7321,1
8315,7310,1
8316,7316,1
8317,7314,1
8318,7317,1
8319,7315,1
8320,7318,1
8321,7311,1
8322,7301,1
8323,7301,1
8324,7312,1
8325,7320,1
8326,7322,1
8327,7301,1
8328,7310,1
8329,7310,1
8330,7310,1
8331,7307,1
8332,7310,1
8333,7310,1
8334,7314,1
8335,7313,1
8336,7321,1
8337,7322,1
8338,7321,1
8339,7321,1
8340,7317,1
8341,7321,1
8342,7317,1
8343,7313,1
8344,7321,1
8345,7321,1
8346,7316,1
8347,7315,1
8348,7321,1
8349,7315,1
8350,7315,1
8351,7314,1
8352,7316,1
8353,7310,1
8354,7313,1
8355,7321,1
8356,7308,1
8357,7320,1
8358,7310,1
8359,7314,1
8360,7322,1
8361,7318,1
8362,7312,1
8363,7315,1
8364,7313,1
8365,7312,1
8366,7320,1
8367,7319,1
8368,7311,1
8369,7315,1
8370,7310,1
8371,7322,1
8372,7314,1
8373,7317,1
8374,7322,1
8375,7316,1
8376,7314,1
8377,7322,1
8378,7316,1
8379,7308,1
8380,7318,1
8381,7315,1
8382,7321,1
8383,7315,1
8384,7318,1
8385,7318,1
8386,7316,1
8387,7317,1
8388,7316,1
8389,7321,1
8390,7320,1
8391,7319,1
8392,7319,1
8393,7309,1
8394,7312,1
8395,7313,1
8396,7313,1
8397,7311,1
8398,7312,1
8399,7314,1
8400,7310,1
8401,7313,1
8402,7313,1
8403,7318,1
8404,7315,1
8405,7316,1
8406,7312,1
8407,7310,1
8408,7318,1
8409,7309,1
8410,7314,1
8411,7313,1
8412,7321,1
8413,7313,1
8414,7313,1
8415,7320,1
8416,7313,1
8417,7311,1
8418,7301,1
8419,7311,1
8420,7306,1
8421,7315,1
8422,7314,1
8423,7317,1
8424,7315,1
8425,7315,1
8426,7318,1
8427,7311,1
8428,7313,1
8429,7309,1
8430,7320,1
8431,7322,1
8432,7314,1
8433,7313,1
8434,7311,1
8435,7314,1
8436,7313,1
8437,7317,1
8438,7315,1
8439,7311,1
8440,7311,1
8441,7310,1
8442,7314,1
8443,7311,1
8444,7314,1
8445,7314,1
8446,7322,1
8447,7312,1
8448,7321,1
8449,7321,1
8450,7321,1
8451,7317,1
8452,7321,1
8453,7319,1
8454,7317,1
8455,7316,1
8456,7315,1
8457,7314,1
8458,7318,1
8459,7320,1
8460,7310,1
8461,7312,1
8462,7315,1
8463,7317,1
8464,7322,1
8465,7320,1
8466,7321,1
8467,7310,1
8468,7314,1
8469,7316,1
8470,7316,1
8471,7301,1
8472,7310,1
8473,7319,1
8474,7313,1
8475,7316,1
8476,7322,1
8477,7311,1
8478,7309,1
8479,7315,1
8480,7313,1
8481,7301,1
8482,7319,1
8483,7321,1
8484,7318,1
8485,7320,1
8486,7320,1
8487,7321,1
8488,7314,1
8489,7308,1
8490,7320,1
8491,7313,1
8492,7315,1
8493,7312,1
8494,7315,1
8495,7315,1
8496,7310,1
8497,7320,1
8498,7315,1
8499,7319,1
8500,7316,1
8501,7313,1
8502,7310,1
8503,7320,1
8504,7320,1
8505,7314,1
8506,7319,1
8507,7314,1
8508,7310,1
8509,7311,1
8510,7310,1
8511,7317,1
8512,7321,1
8513,7321,1
8514,7310,1
8515,7322,1
8516,7318,1
8517,7322,1
8518,7319,1
8519,7314,1
8520,7309,1
8521,7315,1
8522,7313,1
8523,7318,1
8524,7314,1
8525,7317,1
8526,7318,1
8527,7316,1
8528,7318,1
8529,7310,1
8530,7317,1
8531,7316,1
8532,7319,1
8533,7308,1
8534,7314,1
8535,7317,1
8536,7306,1
8537,7320,1
8538,7318,1
8539,7311,1
8540,7317,1
8541,7315,1
8542,7317,1
8543,7310,1
8544,7318,1
8545,7315,1
8546,7315,1
8547,7317,1
8548,7322,1
8549,7301,1
8550,7309,1
8551,7308,1
8552,7315,1
8553,7316,1
8554,7316,1
8555,7317,1
8556,7321,1
8557,7318,1
8558,7301,1
8559,7304,1
8560,7316,1
8561,7314,1
8562,7313,1
8563,7317,1
8564,7314,1
8565,7315,1
8566,7308,1
8567,7310,1
8568,7311,1
8569,7314,1
8570,7309,1
8571,7322,1
8572,7317,1
8573,7312,1
8574,7322,1
8575,7319,1
8576,7311,1
8577,7322,1
8578,7316,1
8579,7321,1
8580,7312,1
8581,7321,1
8582,7316,1
8583,7315,1
8584,7315,1
8585,7319,1
8586,7321,1
8587,7314,1
8588,7311,1
8589,7322,1
8590,7318,1
8591,7320,1
8592,7321,1
8593,7308,1
8594,7315,1
8595,7312,1
8596,7321,1
8597,7309,1
8598,7309,1
8599,7318,1
8600,7301,1
8601,7322,1
8602,7321,1
8603,7317,1
8604,7310,1
8605,7308,1
8606,7315,1
8607,7309,1
8608,7308,1
8609,7311,1
8610,7316,1
8611,7313,1
8612,7312,1
8613,7321,1
8614,7321,1
8615,7319,1
8616,7322,1
8617,7313,1
8618,7309,1
8619,7316,1
8620,7315,1
8621,7318,1
8622,7314,1
8623,7313,1
8624,7316,1
8625,7315,1
8626,7311,1
8627,7314,1
8628,7310,1
8629,7315,1
8630,7317,1
8631,7318,1
8632,7315,1
8633,7314,1
8634,7310,1
8635,7317,1
8636,7320,1
8637,7307,1
8638,7312,1
8639,7315,1
8640,7320,1
8641,7320,1
8642,7314,1
8643,7314,1
8644,7313,1
8645,7317,1
8646,7313,1
8647,7310,1
8648,7311,1
8649,7321,1
8650,7322,1
8651,7317,1
8652,7316,1
8653,7318,1
8654,7317,1
8655,7319,1
8656,7310,1
8657,7314,1
8658,7314,1
8659,7322,1
8660,7318,1
8661,7315,1
8662,7308,1
8663,7314,1
8664,7318,1
8665,7318,1
8666,7301,1
8667,7311,1
8668,7308,1
8669,7301,1
8670,7316,1
8671,7314,1
8672,7318,1
8673,7312,1
8674,7322,1
8675,7319,1
8676,7322,1
8677,7311,1
8678,7319,1
8679,7308,1
8680,7320,1
8681,7315,1
8682,7318,1
8683,7321,1
8684,7310,1
8685,7321,1
8686,7315,1
8687,7315,1
8688,7318,1
8689,7311,1
8690,7301,1
8691,7316,1
8692,7314,1
8693,7314,1
8694,7314,1
8695,7318,1
8696,7317,1
8697,7315,1
8698,7308,1
8699,7312,1
8700,7311,1
8701,7318,1
8702,7309,1
8703,7310,1
8704,7317,1
8705,7312,1
8706,7313,1
8707,7301,1
8708,7314,1
8709,7320,1
8710,7318,1
8711,7319,1
8712,7319,1
8713,7318,1
8714,7314,1
8715,7322,1
8716,7317,1
8717,7317,1
8718,7313,1
8719,7313,1
8720,7312,1
8721,7316,1
8722,7315,1
8723,7322,1
8724,7308,1
8725,7315,1
8726,7322,1
8727,7314,1
8728,7310,1
8729,7309,1
8730,7320,1
8731,7311,1
8732,7315,1
8733,7301,1
8734,7310,1
8735,7317,1
8736,7314,1
8737,7319,1
8738,7318,1
8739,7321,1
8740,7313,1
8741,7308,1
8742,7316,1
8743,7309,1
8744,7309,1
8745,7310,1
8746,7315,1
8747,7321,1
8748,7320,1
8749,7316,1
8750,7321,1
8751,7319,1
8752,7309,1
8753,7310,1
8754,7317,1
8755,7321,1
8756,7322,1
8757,7318,1
8758,7308,1
8759,7321,1
8760,7318,1
8761,7317,1
8762,7322,1
8763,7321,1
8764,7322,1
8765,7313,1
8766,7315,1
8767,7309,1
8768,7314,1
8769,7316,1
8770,7316,1
8771,7316,1
8772,7315,1
8773,7319,1
8774,7317,1
8775,7318,1
8776,7317,1
8777,7321,1
8778,7317,1
8779,7316,1
8780,7314,1
8781,7313,1
8782,7322,1
8783,7321,1
8784,7308,1
8785,7315,1
8786,7315,1
8787,7317,1
8788,7313,1
8789,7318,1
8790,7301,1
8791,7316,1
8792,7313,1
8793,7319,1
8794,7310,1
8795,7311,1
8796,7308,1
8797,7318,1
8798,7315,1
8799,7312,1
8800,7319,1
8801,7319,1
8802,7308,1
8803,7310,1
8804,7311,1
8805,7301,1
8806,7310,1
8807,7316,1
8808,7309,1
8809,7315,1
8810,7321,1
8811,7316,1
8812,7314,1
8813,7316,1
8814,7317,1
8815,7320,1
8816,7319,1
8817,7321,1
8818,7314,1
8819,7320,1
8820,7311,1
8821,7313,1
8822,7309,1
8823,7315,1
8824,7312,1
8825,7312,1
8826,7301,1
8827,7316,1
8828,7321,1
8829,7321,1
8830,7315,1
8831,7319,1
8832,7318,1
8833,7315,1
8834,7311,1
8835,7321,1
8836,7301,1
8837,7310,1
8838,7316,1
8839,7313,1
8840,7318,1
8841,7301,1
8842,7321,1
8843,7320,1
8844,7313,1
8845,7310,1
8846,7314,1
8847,7301,1
8848,7308,1
8849,7308,1
8850,7317,1
8851,7319,1
8852,7310,1
8853,7316,1
8854,7317,1
8855,7309,1
8856,7317,1
8857,7314,1
8858,7301,1
8859,7313,1
8860,7315,1
8861,7316,1
8862,7320,1
8863,7301,1
8864,7319,1
8865,7314,1
8866,7309,1
8867,7319,1
8868,7320,1
8869,7313,1
8870,7314,1
8871,7319,1
8872,7315,1
8873,7309,1
8874,7308,1
8875,7310,1
8876,7310,1
8877,7316,1
8878,7319,1
8879,7313,1
8880,7316,1
8881,7316,1
8882,7314,1
8883,7317,1
8884,7318,1
8885,7310,1
8886,7315,1
8887,7308,1
8888,7319,1
8889,7310,1
8890,7320,1
8891,7321,1
8892,7322,1
8893,7314,1
8894,7308,1
8895,7313,1
8896,7314,1
8897,7316,1
8898,7313,1
8899,7313,1
8900,7318,1
8901,7322,1
8902,7309,1
8903,7322,1
8904,7317,1
8905,7321,1
8906,7321,1
8907,7318,1
8908,7317,1
8909,7316,1
8910,7314,1
8911,7321,1
8912,7314,1
8913,7322,1
8914,7318,1
8915,7316,1
8916,7308,1
8917,7313,1
8918,7313,1
8919,7312,1
8920,7314,1
8921,7321,1
8922,7311,1
8923,7311,1
8924,7315,1
8925,7301,1
8926,7301,1
8927,7314,1
8928,7316,1
8929,7319,1
8930,7316,1
8931,7321,1
8932,7310,1
8933,7322,1
8934,7318,1
8935,7319,1
8936,7313,1
8937,7322,1
8938,7320,1
8939,7320,1
8940,7319,1
8941,7316,1
8942,7315,1
8943,7308,1
8944,7313,1
8945,7316,1
8946,7315,1
8947,7319,1
8948,7308,1
8949,7308,1
8950,7311,1
8951,7318,1
8952,7310,1
8953,7322,1
8954,7310,1
8955,7313,1
8956,7310,1
8957,7310,1
8958,7321,1
8959,7310,1
8960,7322,1
8961,7321,1
8962,7321,1
8963,7320,1
8964,7318,1
8965,7317,1
8966,7307,1
8967,7321,1
8968,7301,1
8969,7301,1
8970,7321,1
8971,7318,1
8972,7309,1
8973,7315,1
8974,7310,1
8975,7316,1
8976,7316,1
8977,7312,1
8978,7308,1
8979,7301,1
8980,7315,1
8981,7313,1
8982,7321,1
8983,7320,1
8984,7322,1
8985,7312,1
8986,7308,1
8987,7306,1
8988,7310,1
8989,7316,1
8990,7314,1
8991,7319,1
8992,7319,1
8993,7319,1
8994,7313,1
8995,7321,1
8996,7321,1
8997,7318,1
8998,7320,1
8999,7320,1
9000,7313,1
9001,7315,1
9002,7322,1
9003,7319,1
9004,7321,1
9005,7315,1
9006,7309,1
9007,7317,1
9008,7319,1
9009,7316,1
9010,7314,1
9011,7320,1
9012,7301,1
9013,7313,1
9014,7312,1
9015,7314,1
9016,7321,1
9017,7322,1
9018,7319,1
9019,7320,1
9020,7314,1
9021,7317,1
9022,7314,1
9023,7319,1
9024,7320,1
9025,7318,1
9026,7311,1
9027,7310,1
9028,7317,1
9029,7321,1
9030,7314,1
9031,7301,1
9032,7319,1
9033,7320,1
9034,7322,1
9035,7312,1
9036,7318,1
9037,7310,1
9038,7308,1
9039,7310,1
9040,7322,1
9041,7310,1
9042,7310,1
9043,7310,1
9044,7310,1
9045,7310,1
9046,7310,1
9047,7301,1
9048,7301,1
9049,7321,1
9050,7322,1
9051,7319,1
9052,7319,1
9053,7319,1
9054,7319,1
9055,7319,1
9056,7319,1
9057,7313,1
9058,7320,1
9059,7319,1
9060,7319,1
9061,7316,1
9062,7316,1
9063,7316,1
9064,7316,1
9065,7316,1
9066,7316,1
9067,7316,1
9068,7316,1
9069,7316,1
9070,7316,1
9071,7316,1
9072,7316,1
9073,7316,1
9074,7316,1
9075,7316,1
9076,7316,1
9077,7316,1
9078,7316,1
9079,7316,1
9080,7310,1
9081,7310,1
9082,7315,1
9083,7315,1
9084,7315,1
9085,7315,1
9086,7314,1
9087,7315,1
9088,7315,1
9089,7315,1
9090,7315,1
9091,7315,1
9092,7315,1
9093,7315,1
9094,7315,1
9095,7316,1
9096,7315,1
9097,7315,1
9098,7310,1
9099,7310,1
9100,7310,1
9101,7310,1
9102,7310,1
9103,7310,1
9104,7312,1
9105,7310,1
9106,7312,1
9107,7312,1
9108,7312,1
9109,7311,1
9110,7311,1
9111,7310,1
9112,7304,1
9113,7310,1
9114,7310,1
9115,7309,1
9116,7310,1
9117,7310,1
9118,7310,1
9119,7320,1
9120,7320,1
9121,7320,1
9122,7320,1
9123,7320,1
9124,7320,1
9125,7320,1
9126,7320,1
9127,7320,1
9128,7320,1
9129,7320,1
9130,7319,1
9131,7319,1
9132,7319,1
9133,7319,1
9134,7319,1
9135,7319,1
9136,7320,1
9137,7320,1
9138,7320,1
9139,7320,1
9140,7320,1
9141,7320,1
9142,7320,1
9143,7320,1
9144,7320,1
9145,7320,1
9146,7320,1
9147,7320,1
9148,7320,1
9149,7320,1
9150,7320,1
9151,7320,1
9152,7320,1
9153,7320,1
9154,7320,1
9155,7320,1
9156,7320,1
9157,7320,1
9158,7302,1
9159,7302,1
9160,7310,1
9161,7310,1
9162,7310,1
9163,7310,1
9164,7310,1
9165,7310,1
9166,7310,1
9167,7310,1
9168,7310,1
9169,7310,1
9170,7310,1
9171,7310,1
9172,7310,1
9173,7310,1
9174,7322,1
9175,7322,1
9176,7322,1
9177,7322,1
9178,7322,1
9179,7322,1
9180,7322,1
9181,7322,1
9182,7322,1
9183,7322,1
9184,7322,1
9185,7322,1
9186,7322,1
9187,7322,1
9188,7322,1
9189,7322,1
9190,7322,1
9191,7322,1
9192,7322,1
9193,7322,1
9194,7322,1
9195,7322,1
9196,7322,1
9197,7322,1
9198,7322,1
9199,7322,1
9200,7322,1
9201,7322,1
9202,7322,1
9203,7322,1
9204,7322,1
9205,7322,1
9206,7322,1
9207,7322,1
9208,7322,1
9209,7322,1
9210,7322,1
9211,7322,1
9212,7322,1
9213,7322,1
9214,7322,1
9215,7322,1
9216,7322,1
9217,7322,1
9218,7322,1
9219,7322,1
9220,7322,1
9221,7322,1
9222,7322,1
9223,7322,1
9224,7322,1
9225,7322,1
9226,7322,1
9227,7322,1
9228,7322,1
9229,7322,1
9230,7322,1
9231,7322,1
9232,7322,1
9233,7322,1
9234,7322,1
9235,7322,1
9236,7322,1
9237,7322,1
9238,7322,1
9239,7322,1
9240,7322,1
9241,7322,1
9242,7322,1
9243,7322,1
9244,7322,1
9245,7322,1
9246,7322,1
9247,7322,1
9248,7322,1
9249,7322,1
9250,7322,1
9251,7322,1
9252,7322,1
9253,7322,1
9254,7322,1
9255,7322,1
9256,7322,1
9257,7322,1
9258,7322,1
9259,7322,1
9260,7322,1
9261,7322,1
9262,7322,1
9263,7322,1
9264,7322,1
9265,7322,1
9266,7322,1
9267,7322,1
9268,7322,1
9269,7322,1
9270,7322,1
9271,7322,1
9272,7322,1
9273,7322,1
9274,7322,1
9275,7322,1
9276,7322,1
9277,7322,1
9278,7322,1
9279,7322,1
9280,7322,1
9281,7322,1
9282,7322,1
9283,7322,1
9284,7322,1
9285,7322,1
9286,7322,1
9287,7322,1
9288,7322,1
9289,7322,1
9290,7322,1
9291,7322,1
9292,7322,1
9293,7322,1
9294,7322,1
9295,7322,1
9296,7322,1
9297,7322,1
9298,7322,1
9299,7322,1
9300,7322,1
9301,7322,1
9302,7322,1
9303,7322,1
9304,7322,1
9305,7322,1
9306,7322,1
9307,7322,1
9308,7322,1
9309,7322,1
9310,7322,1
9311,7322,1
9312,7322,1
9313,7322,1
9314,7322,1
9315,7322,1
9316,7322,1
9317,7322,1
9318,7322,1
9319,7322,1
9320,7322,1
9321,7322,1
9322,7322,1
9323,7322,1
9324,7322,1
9325,7322,1
9326,7322,1
9327,7322,1
9328,7322,1
9329,7322,1
9330,7322,1
9331,7322,1
9332,7322,1
9333,7322,1
9334,7322,1
9335,7322,1
9336,7322,1
9337,7322,1
9338,7322,1
9339,7322,1
9340,7322,1
9341,7322,1
9342,7322,1
9343,7322,1
9344,7322,1
9345,7322,1
9346,7322,1
9347,7322,1
9348,7322,1
9349,7322,1
9350,7322,1
9351,7322,1
9352,7322,1
9353,7322,1
9354,7322,1
9355,7322,1
9356,7322,1
9357,7322,1
9358,7322,1
9359,7322,1
9360,7322,1
9361,7322,1
9362,7322,1
9363,7322,1
9364,7322,1
9365,7322,1
9366,7322,1
9367,7322,1
9368,7322,1
9369,7322,1
9370,7322,1
9371,7322,1
9372,7322,1
9373,7322,1
9374,7322,1
9375,7322,1
9376,7322,1
9377,7322,1
9378,7322,1
9379,7322,1
9380,7322,1
9381,7322,1
9382,7322,1
9383,7322,1
9384,7322,1
9385,7322,1
9386,7322,1
9387,7322,1
9388,7322,1
9389,7322,1
9390,7322,1
9391,7322,1
9392,7322,1
9393,7322,1
9394,7322,1
9395,7322,1
9396,7322,1
9397,7322,1
9398,7322,1
9399,7322,1
9400,7322,1
9401,7322,1
9402,7322,1
9403,7322,1
9404,7322,1
9405,7322,1
9406,7322,1
9407,7322,1
9408,7322,1
9409,7322,1
9410,7322,1
9411,7322,1
9412,7322,1
9413,7322,1
9414,7322,1
9415,7322,1
9416,7322,1
9417,7322,1
9418,7322,1
9419,7322,1
9420,7322,1
9421,7322,1
9422,7322,1
9423,7322,1
9424,7322,1
9425,7322,1
9426,7322,1
9427,7322,1
9428,7322,1
9429,7322,1
9430,7322,1
9431,7322,1
9432,7322,1
9433,7322,1
9434,7322,1
9435,7322,1
9436,7322,1
9437,7322,1
9438,7322,1
9439,7322,1
9440,7322,1
9441,7322,1
9442,7322,1
9443,7322,1
9444,7322,1
9445,7322,1
9446,7322,1
9447,7322,1
9448,7322,1
9449,7322,1
9450,7322,1
9451,7322,1
9452,7322,1
9453,7322,1
9454,7322,1
9455,7322,1
9456,7322,1
9457,7322,1
9458,7322,1
9459,7322,1
9460,7322,1
9461,7322,1
9462,7322,1
9463,7322,1
9464,7322,1
9465,7322,1
9466,7322,1
9467,7322,1
9468,7322,1
9469,7322,1
9470,7322,1
9471,7322,1
9472,7321,1
9473,7321,1
9474,7321,1
9475,7321,1
9476,7309,1
9477,7322,1
9478,7322,1
9479,7322,1
9480,7322,1
9481,7322,1
9482,7322,1
9483,7322,1
9484,7322,1
9485,7322,1
9486,7322,1
9487,7322,1
9488,7322,1
9489,7322,1
9490,7322,1
9491,7322,1
9492,7322,1
9493,7320,1
9494,7320,1
9495,7320,1
9496,7320,1
9497,7320,1
9498,7320,1
9499,7320,1
9500,7320,1
9501,7320,1
9502,7320,1
9503,7320,1
9504,7320,1
9505,7320,1
9506,7320,1
9507,7320,1
9508,7320,1
9509,7320,1
9510,7320,1
9511,7320,1
9512,7320,1
9513,7320,1
9514,7320,1
9515,7320,1
9516,7320,1
9517,7320,1
9518,7320,1
9519,7320,1
9520,7320,1
9521,7320,1
9522,7320,1
9523,7320,1
9524,7320,1
9525,7320,1
9526,7320,1
9527,7320,1
9528,7320,1
9529,7320,1
9530,7320,1
9531,7320,1
9532,7320,1
9533,7320,1
9534,7320,1
9535,7320,1
9536,7320,1
9537,7320,1
9538,7320,1
9539,7320,1
9540,7320,1
9541,7320,1
9542,7320,1
9543,7320,1
9544,7320,1
9545,7320,1
9546,7320,1
9547,7320,1
9548,7320,1
9549,7320,1
9550,7320,1
9551,7320,1
9552,7320,1
9553,7320,1
9554,7320,1
9555,7320,1
9556,7320,1
9557,7320,1
9558,7320,1
9559,7320,1
9560,7320,1
9561,7320,1
9562,7320,1
9563,7322,1
9564,7322,1
9565,7322,1
9566,7322,1
9567,7322,1
9568,7322,1
9569,7322,1
9570,7322,1
9571,7322,1
9572,7321,1
9573,7322,1
9574,7322,1
9575,7321,1
9576,7321,1
9577,7321,1
9578,7321,1
9579,7321,1
9580,7321,1
9581,7321,1
9582,7321,1
9583,7321,1
9584,7321,1
9585,7321,1
9586,7319,1
9587,7322,1
9588,7322,1
9589,7322,1
9590,7322,1
9591,7322,1
9592,7322,1
9593,7322,1
9594,7322,1
9595,7322,1
9596,7322,1
9597,7322,1
9598,7322,1
9599,7322,1
9600,7322,1
9601,7322,1
9602,7320,1
9603,7320,1
9604,7320,1
9605,7320,1
9606,7320,1
9607,7320,1
9608,7320,1
9609,7320,1
9610,7320,1
9611,7320,1
9612,7320,1
9613,7320,1
9614,7320,1
9615,7320,1
9616,7320,1
9617,7320,1
9618,7320,1
9619,7320,1
9620,7320,1
9621,7320,1
9622,7320,1
9623,7320,1
9624,7320,1
9625,7320,1
9626,7320,1
9627,7320,1
9628,7322,1
9629,7322,1
9630,7322,1
9631,7322,1
9632,7322,1
9633,7322,1
9634,7322,1
9635,7322,1
9636,7322,1
9637,7322,1
9638,7322,1
9639,7322,1
9640,7319,1
9641,7320,1
9642,7320,1
9643,7320,1
9644,7320,1
9645,7320,1
9646,7320,1
9647,7320,1
9648,7320,1
9649,7320,1
9650,7320,1
9651,7320,1
9652,7320,1
9653,7320,1
9654,7320,1
9655,7320,1
9656,7320,1
9657,7320,1
9658,7320,1
9659,7320,1
9660,7320,1
9661,7320,1
9662,7320,1
9663,7320,1
9664,7320,1
9665,7320,1
9666,7320,1
9667,7320,1
9668,7322,1
9669,7320,1
9670,7322,1
9671,7320,1
9672,7320,1
9673,7320,1
9674,7320,1
9675,7320,1
9676,7320,1
9677,7320,1
9678,7320,1
9679,7320,1
9680,7320,1
9681,7320,1
9682,7320,1
9683,7320,1
9684,7320,1
9685,7320,1
9686,7320,1
9687,7320,1
9688,7320,1
9689,7320,1
9690,7320,1
9691,7320,1
9692,7320,1
9693,7320,1
9694,7320,1
9695,7320,1
9696,7320,1
9697,7320,1
9698,7320,1
9699,7320,1
9700,7320,1
9701,7320,1
9702,7320,1
9703,7320,1
9704,7320,1
9705,7320,1
9706,7320,1
9707,7320,1
9708,7320,1
9709,7320,1
9710,7320,1
9711,7320,1
9712,7320,1
9713,7320,1
9714,7320,1
9715,7320,1
9716,7320,1
9717,7320,1
9718,7320,1
9719,7320,1
9720,7320,1
9721,7320,1
9722,7320,1
9723,7320,1
9724,7320,1
9725,7320,1
9726,7320,1
9727,7320,1
9728,7320,1
9729,7320,1
9730,7320,1
9731,7320,1
9732,7320,1
9733,7320,1
9734,7320,1
9735,7320,1
9736,7320,1
9737,7320,1
9738,7320,1
9739,7320,1
9740,7320,1
9741,7320,1
9742,7321,1
9743,7321,1
9744,7321,1
9745,7321,1
9746,7321,1
9747,7321,1
9748,7321,1
9749,7321,1
9750,7321,1
9751,7321,1
9752,7321,1
9753,7321,1
9754,7321,1
9755,7321,1
9756,7321,1
9757,7321,1
9758,7321,1
9759,7321,1
9760,7321,1
9761,7321,1
9762,7321,1
9763,7321,1
9764,7321,1
9765,7321,1
9766,7321,1
9767,7321,1
9768,7321,1
9769,7321,1
9770,7321,1
9771,7321,1
9772,7321,1
9773,7321,1
9774,7320,1
9775,7320,1
9776,7320,1
9777,7320,1
9778,7320,1
9779,7320,1
9780,7320,1
9781,7320,1
9782,7320,1
9783,7320,1
9784,7320,1
9785,7320,1
9786,7320,1
9787,7320,1
9788,7320,1
9789,7320,1
9790,7320,1
9791,7321,1
9792,7321,1
9793,7321,1
9794,7321,1
9795,7321,1
9796,7321,1
9797,7321,1
9798,7321,1
9799,7321,1
9800,7321,1
9801,7321,1
9802,7321,1
9803,7321,1
9804,7321,1
9805,7321,1
9806,7321,1
9807,7321,1
9808,7321,1
9809,7321,1
9810,7321,1
9811,7321,1
9812,7321,1
9813,7321,1
9814,7321,1
9815,7321,1
9816,7321,1
9817,7321,1
9818,7321,1
9819,7321,1
9820,7321,1
9821,7321,1
9822,7321,1
9823,7321,1
9824,7321,1
9825,7321,1
9826,7321,1
9827,7321,1
9828,7321,1
9829,7321,1
9830,7321,1
9831,7321,1
9832,7321,1
9833,7321,1
9834,7321,1
9835,7321,1
9836,7321,1
9837,7321,1
9838,7321,1
9839,7321,1
9840,7321,1
9841,7321,1
9842,7320,1
9843,7320,1
9844,7320,1
9845,7320,1
9846,7320,1
9847,7320,1
9848,7320,1
9849,7320,1
9850,7320,1
9851,7320,1
9852,7321,1
9853,7321,1
9854,7321,1
9855,7321,1
9856,7321,1
9857,7321,1
9858,7321,1
9859,7321,1
9860,7320,1
9861,7320,1
9862,7320,1
9863,7320,1
9864,7320,1
9865,7320,1
9866,7320,1
9867,7318,1
9868,7318,1
9869,7318,1
9870,7318,1
9871,7318,1
9872,7320,1
9873,7320,1
9874,7320,1
9875,7320,1
9876,7320,1
9877,7320,1
9878,7320,1
9879,7320,1
9880,7320,1
9881,7320,1
9882,7320,1
9883,7320,1
9884,7320,1
9885,7320,1
9886,7320,1
9887,7320,1
9888,7320,1
9889,7320,1
9890,7320,1
9891,7320,1
9892,7320,1
9893,7320,1
9894,7320,1
9895,7320,1
9896,7320,1
9897,7320,1
9898,7301,1
9899,7301,1
9900,7301,1
9901,7301,1
9902,7301,1
9903,7301,1
9904,7301,1
9905,7309,1
9906,7301,1
9907,7310,1
9908,7310,1
9909,7301,1
9910,7301,1
9911,7301,1
9912,7302,1
9913,7302,1
9914,7302,1
9915,7301,1
9916,7308,1
9917,7308,1
9918,7308,1
9919,7308,1
9920,7308,1
9921,7308,1
9922,7308,1
9923,7308,1
9924,7308,1
9925,7308,1
9926,7308,1
9927,7308,1
9928,7308,1
9929,7308,1
9930,7308,1
9931,7308,1
9932,7308,1
9933,7310,1
9934,7310,1
9935,7310,1
9936,7310,1
9937,7320,1
9938,7320,1
9939,7318,1
9940,7318,1
9941,7318,1
9942,7318,1
9943,7318,1
9944,7318,1
9945,7318,1
9946,7320,1
9947,7320,1
9948,7320,1
9949,7320,1
9950,7320,1
9951,7320,1
9952,7320,1
9953,7320,1
9954,7320,1
9955,7321,1
9956,7321,1
9957,7321,1
9958,7321,1
9959,7321,1
9960,7321,1
9961,7321,1
9962,7321,1
9963,7321,1
9964,7321,1
9965,7321,1
9966,7321,1
9967,7321,1
9968,7321,1
9969,7321,1
9970,7321,1
9971,7321,1
9972,7318,1
9973,7318,1
9974,7318,1
9975,7318,1
9976,7318,1
9977,7318,1
9978,7318,1
9979,7318,1
9980,7318,1
9981,7318,1
9982,7318,1
9983,7318,1
9984,7318,1
9985,7318,1
9986,7318,1
9987,7321,1
9988,7321,1
9989,7321,1
9990,7321,1
9991,7321,1
9992,7321,1
9993,7321,1
9994,7321,1
9995,7321,1
9996,7321,1
9997,7321,1
9998,7321,1
9999,7321,1
10000,7321,1
10001,7321,1
10002,7321,1
10003,7321,1
10004,7321,1
10005,7321,1
10006,7321,1
10007,7321,1
10008,7321,1
10009,7321,1
10010,7321,1
10011,7321,1
10012,7318,1
10013,7318,1
10014,7318,1
10015,7318,1
10016,7318,1
10017,7318,1
10018,7318,1
10019,7318,1
10020,7318,1
10021,7318,1
10022,7319,1
10023,7319,1
10024,7321,1
10025,7321,1
10026,7321,1
10027,7321,1
10028,7321,1
10029,7321,1
10030,7321,1
10031,7321,1
10032,7321,1
10033,7321,1
10034,7321,1
10035,7321,1
10036,7321,1
10037,7321,1
10038,7321,1
10039,7321,1
10040,7321,1
10041,7321,1
10042,7321,1
10043,7321,1
10044,7321,1
10045,7321,1
10046,7321,1
10047,7321,1
10048,7321,1
10049,7321,1
10050,7321,1
10051,7321,1
10052,7320,1
10053,7310,1
10054,7310,1
10055,7310,1
10056,7310,1
10057,7310,1
10058,7310,1
10059,7310,1
10060,7310,1
10061,7310,1
10062,7310,1
10063,7310,1
10064,7310,1
10065,7310,1
10066,7310,1
10067,7310,1
10068,7310,1
10069,7310,1
10070,7310,1
10071,7310,1
10072,7310,1
10073,7316,1
10074,7316,1
10075,7316,1
10076,7308,1
10077,7308,1
10078,7308,1
10079,7311,1
10080,7311,1
10081,7311,1
10082,7311,1
10083,7311,1
10084,7311,1
10085,7311,1
10086,7311,1
10087,7311,1
10088,7310,1
10089,7310,1
10090,7322,1
10091,7322,1
10092,7322,1
10093,7322,1
10094,7322,1
10095,7322,1
10096,7322,1
10097,7322,1
10098,7322,1
10099,7322,1
10100,7322,1
10101,7322,1
10102,7322,1
10103,7322,1
10104,7322,1
10105,7322,1
10106,7322,1
10107,7319,1
10108,7319,1
10109,7319,1
10110,7319,1
10111,7319,1
10112,7319,1
10113,7319,1
10114,7319,1
10115,7319,1
10116,7319,1
10117,7319,1
10118,7319,1
10119,7319,1
10120,7319,1
10121,7309,1
10122,7317,1
10123,7317,1
10124,7317,1
10125,7317,1
10126,7317,1
10127,7317,1
10128,7317,1
10129,7317,1
10130,7317,1
10131,7314,1
10132,7314,1
10133,7314,1
10134,7314,1
10135,7314,1
10136,7314,1
10137,7314,1
10138,7314,1
10139,7314,1
10140,7314,1
10141,7314,1
10142,7321,1
10143,7321,1
10144,7321,1
10145,7321,1
10146,7321,1
10147,7322,1
10148,7321,1
10149,7322,1
10150,7321,1
10151,7322,1
10152,7321,1
10153,7321,1
10154,7321,1
10155,7321,1
10156,7321,1
10157,7321,1
10158,7321,1
10159,7321,1
10160,7321,1
10161,7321,1
10162,7321,1
10163,7321,1
10164,7321,1
10165,7321,1
10166,7321,1
10167,7321,1
10168,7321,1
10169,7321,1
10170,7322,1
10171,7321,1
10172,7322,1
10173,7321,1
10174,7321,1
10175,7321,1
10176,7321,1
10177,7321,1
10178,7321,1
10179,7321,1
10180,7321,1
10181,7321,1
10182,7321,1
10183,7321,1
10184,7321,1
10185,7321,1
10186,7321,1
10187,7321,1
10188,7321,1
10189,7321,1
10190,7321,1
10191,7321,1
10192,7321,1
10193,7321,1
10194,7320,1
10195,7320,1
10196,7320,1
10197,7320,1
10198,7320,1
10199,7320,1
10200,7320,1
10201,7320,1
10202,7320,1
10203,7320,1
10204,7320,1
10205,7320,1
10206,7320,1
10207,7320,1
10208,7316,1
10209,7320,1
10210,7320,1
10211,7322,1
10212,7322,1
10213,7322,1
10214,7310,1
10215,7310,1
10216,7310,1
10217,7310,1
10218,7322,1
10219,7322,1
10220,7322,1
10221,7322,1
10222,7322,1
10223,7322,1
10224,7322,1
10225,7322,1
10226,7322,1
10227,7322,1
10228,7321,1
10229,7321,1
10230,7314,1
10231,7314,1
10232,7314,1
10233,7314,1
10234,7314,1
10235,7314,1
10236,7314,1
10237,7314,1
10238,7314,1
10239,7314,1
10240,7314,1
10241,7314,1
10242,7314,1
10243,7314,1
10244,7314,1
10245,7314,1
10246,7314,1
10247,7314,1
10248,7314,1
10249,7314,1
10250,7314,1
10251,7314,1
10252,7314,1
10253,7314,1
10254,7314,1
10255,7314,1
10256,7314,1
10257,7314,1
10258,7314,1
10259,7314,1
10260,7314,1
10261,7314,1
10262,7314,1
10263,7314,1
10264,7317,1
10265,7314,1
10266,7314,1
10267,7314,1
10268,7314,1
10269,7314,1
10270,7314,1
10271,7314,1
10272,7314,1
10273,7314,1
10274,7314,1
10275,7314,1
10276,7314,1
10277,7314,1
10278,7314,1
10279,7314,1
10280,7314,1
10281,7314,1
10282,7314,1
10283,7314,1
10284,7314,1
10285,7314,1
10286,7314,1
10287,7312,1
10288,7312,1
10289,7314,1
10290,7314,1
10291,7314,1
10292,7314,1
10293,7314,1
10294,7314,1
10295,7312,1
10296,7314,1
10297,7314,1
10298,7314,1
10299,7314,1
10300,7314,1
10301,7314,1
10302,7314,1
10303,7314,1
10304,7314,1
10305,7314,1
10306,7314,1
10307,7314,1
10308,7314,1
10309,7314,1
10310,7314,1
10311,7314,1
10312,7314,1
10313,7314,1
10314,7314,1
10315,7314,1
10316,7314,1
10317,7314,1
10318,7314,1
10319,7314,1
10320,7314,1
10321,7314,1
10322,7314,1
10323,7314,1
10324,7314,1
10325,7314,1
10326,7310,1
10327,7310,1
10328,7310,1
10329,7310,1
10330,7310,1
10331,7310,1
10332,7310,1
10333,7310,1
10334,7310,1
10335,7310,1
10336,7310,1
10337,7310,1
10338,7310,1
10339,7310,1
10340,7310,1
10341,7310,1
10342,7310,1
10343,7310,1
10344,7310,1
10345,7310,1
10346,7310,1
10347,7310,1
10348,7310,1
10349,7310,1
10350,7310,1
10351,7310,1
10352,7310,1
10353,7310,1
10354,7310,1
10355,7310,1
10356,7310,1
10357,7317,1
10358,7317,1
10359,7317,1
10360,7317,1
10361,7317,1
10362,7317,1
10363,7317,1
10364,7317,1
10365,7317,1
10366,7317,1
10367,7317,1
10368,7317,1
10369,7317,1
10370,7317,1
10371,7317,1
10372,7317,1
10373,7317,1
10374,7317,1
10375,7317,1
10376,7317,1
10377,7317,1
10378,7317,1
10379,7317,1
10380,7317,1
10381,7317,1
10382,7317,1
10383,7317,1
10384,7320,1
10385,7320,1
10386,7320,1
10387,7320,1
10388,7320,1
10389,7318,1
10390,7321,1
10391,7320,1
10392,7320,1
10393,7319,1
10394,7320,1
10395,7320,1
10396,7319,1
10397,7319,1
10398,7319,1
10399,7319,1
10400,7319,1
10401,7319,1
10402,7319,1
10403,7319,1
10404,7319,1
10405,7319,1
10406,7319,1
10407,7319,1
10408,7319,1
10409,7319,1
10410,7319,1
10411,7319,1
10412,7319,1
10413,7319,1
10414,7319,1
10415,7319,1
10416,7319,1
10417,7319,1
10418,7319,1
10419,7319,1
10420,7319,1
10421,7319,1
10422,7319,1
10423,7319,1
10424,7319,1
10425,7319,1
10426,7319,1
10427,7319,1
10428,7319,1
10429,7319,1
10430,7319,1
10431,7319,1
10432,7319,1
10433,7319,1
10434,7319,1
10435,7319,1
10436,7319,1
10437,7319,1
10438,7319,1
10439,7319,1
10440,7319,1
10441,7319,1
10442,7319,1
10443,7319,1
10444,7319,1
10445,7319,1
10446,7319,1
10447,7319,1
10448,7319,1
10449,7319,1
10450,7319,1
10451,7319,1
10452,7319,1
10453,7319,1
10454,7319,1
10455,7319,1
10456,7319,1
10457,7319,1
10458,7319,1
10459,7319,1
10460,7319,1
10461,7319,1
10462,7319,1
10463,7319,1
10464,7319,1
10465,7319,1
10466,7319,1
10467,7319,1
10468,7319,1
10469,7319,1
10470,7319,1
10471,7319,1
10472,7319,1
10473,7319,1
10474,7319,1
10475,7319,1
10476,7319,1
10477,7319,1
10478,7319,1
10479,7319,1
10480,7319,1
10481,7319,1
10482,7314,1
10483,7314,1
10484,7314,1
10485,7314,1
10486,7314,1
10487,7314,1
10488,7314,1
10489,7314,1
10490,7314,1
10491,7314,1
10492,7316,1
10493,7316,1
10494,7316,1
10495,7316,1
10496,7316,1
10497,7316,1
10498,7316,1
10499,7317,1
10500,7316,1
10501,7317,1
10502,7317,1
10503,7317,1
10504,7317,1
10505,7317,1
10506,7317,1
10507,7311,1
10508,7311,1
10509,7311,1
10510,7311,1
10511,7311,1
10512,7312,1
10513,7312,1
10514,7312,1
10515,7312,1
10516,7312,1
10517,7312,1
10518,7312,1
10519,7312,1
10520,7311,1
10521,7311,1
10522,7311,1
10523,7311,1
10524,7311,1
10525,7311,1
10526,7311,1
10527,7310,1
10528,7310,1
10529,7310,1
10530,7310,1
10531,7310,1
10532,7310,1
10533,7310,1
10534,7310,1
10535,7310,1
10536,7310,1
10537,7310,1
10538,7310,1
10539,7310,1
10540,7310,1
10541,7310,1
10542,7310,1
10543,7310,1
10544,7310,1
10545,7310,1
10546,7310,1
10547,7310,1
10548,7310,1
10549,7310,1
10550,7310,1
10551,7311,1
10552,7311,1
10553,7316,1
10554,7316,1
10555,7316,1
10556,7316,1
10557,7316,1
10558,7316,1
10559,7316,1
10560,7316,1
10561,7316,1
10562,7316,1
10563,7316,1
10564,7308,1
10565,7308,1
10566,7308,1
10567,7308,1
10568,7308,1
10569,7308,1
10570,7308,1
10571,7308,1
10572,7308,1
10573,7308,1
10574,7308,1
10575,7308,1
10576,7308,1
10577,7308,1
10578,7308,1
10579,7308,1
10580,7308,1
10581,7308,1
10582,7308,1
10583,7308,1
10584,7308,1
10585,7308,1
10586,7308,1
10587,7314,1
10588,7314,1
10589,7308,1
10590,7308,1
10591,7308,1
10592,7312,1
10593,7312,1
10594,7312,1
10595,7312,1
10596,7312,1
10597,7312,1
10598,7312,1
10599,7311,1
10600,7311,1
10601,7312,1
10602,7312,1
10603,7312,1
10604,7312,1
10605,7312,1
10606,7312,1
10607,7312,1
10608,7312,1
10609,7312,1
10610,7312,1
10611,7312,1
10612,7312,1
10613,7312,1
10614,7312,1
10615,7312,1
10616,7310,1
10617,7310,1
10618,7312,1
10619,7314,1
10620,7308,1
10621,7308,1
10622,7308,1
10623,7308,1
10624,7308,1
10625,7308,1
10626,7310,1
10627,7316,1
10628,7316,1
10629,7316,1
10630,7316,1
10631,7316,1
10632,7316,1
10633,7316,1
10634,7316,1
10635,7316,1
10636,7316,1
10637,7316,1
10638,7316,1
10639,7316,1
10640,7316,1
10641,7316,1
10642,7316,1
10643,7316,1
10644,7316,1
10645,7316,1
10646,7316,1
10647,7316,1
10648,7316,1
10649,7316,1
10650,7316,1
10651,7316,1
10652,7316,1
10653,7316,1
10654,7316,1
10655,7316,1
10656,7316,1
10657,7316,1
10658,7316,1
10659,7316,1
10660,7316,1
10661,7316,1
10662,7316,1
10663,7316,1
10664,7316,1
10665,7316,1
10666,7316,1
10667,7316,1
10668,7316,1
10669,7316,1
10670,7316,1
10671,7316,1
10672,7316,1
10673,7316,1
10674,7316,1
10675,7316,1
10676,7316,1
10677,7316,1
10678,7316,1
10679,7316,1
10680,7316,1
10681,7316,1
10682,7316,1
10683,7316,1
10684,7316,1
10685,7316,1
10686,7317,1
10687,7317,1
10688,7317,1
10689,7317,1
10690,7317,1
10691,7317,1
10692,7317,1
10693,7317,1
10694,7317,1
10695,7317,1
10696,7317,1
10697,7317,1
10698,7317,1
10699,7317,1
10700,7317,1
10701,7316,1
10702,7316,1
10703,7316,1
10704,7316,1
10705,7316,1
10706,7316,1
10707,7316,1
10708,7316,1
10709,7316,1
10710,7316,1
10711,7316,1
10712,7316,1
10713,7316,1
10714,7316,1
10715,7316,1
10716,7316,1
10717,7316,1
10718,7316,1
10719,7316,1
10720,7316,1
10721,7316,1
10722,7316,1
10723,7316,1
10724,7316,1
10725,7316,1
10726,7316,1
10727,7316,1
10728,7316,1
10729,7316,1
10730,7316,1
10731,7316,1
10732,7316,1
10733,7316,1
10734,7316,1
10735,7316,1
10736,7316,1
10737,7316,1
10738,7316,1
10739,7318,1
10740,7318,1
10741,7318,1
10742,7316,1
10743,7316,1
10744,7316,1
10745,7316,1
10746,7321,1
10747,7321,1
10748,7321,1
10749,7321,1
10750,7321,1
10751,7321,1
10752,7321,1
10753,7321,1
10754,7321,1
10755,7321,1
10756,7321,1
10757,7321,1
10758,7321,1
10759,7321,1
10760,7321,1
10761,7321,1
10762,7321,1
10763,7321,1
10764,7321,1
10765,7321,1
10766,7321,1
10767,7321,1
10768,7318,1
10769,7318,1
10770,7318,1
10771,7318,1
10772,7318,1
10773,7318,1
10774,7318,1
10775,7318,1
10776,7318,1
10777,7318,1
10778,7318,1
10779,7318,1
10780,7318,1
10781,7318,1
10782,7318,1
10783,7318,1
10784,7318,1
10785,7318,1
10786,7318,1
10787,7318,1
10788,7318,1
10789,7318,1
10790,7318,1
10791,7321,1
10792,7321,1
10793,7321,1
10794,7321,1
10795,7321,1
10796,7321,1
10797,7321,1
10798,7321,1
10799,7321,1
10800,7321,1
10801,7321,1
10802,7321,1
10803,7321,1
10804,7321,1
10805,7321,1
10806,7321,1
10807,7321,1
10808,7321,1
10809,7321,1
10810,7321,1
10811,7321,1
10812,7321,1
10813,7321,1
10814,7321,1
10815,7321,1
10816,7321,1
10817,7321,1
10818,7321,1
10819,7321,1
10820,7321,1
10821,7321,1
10822,7321,1
10823,7321,1
10824,7321,1
10825,7321,1
10826,7321,1
10827,7321,1
10828,7321,1
10829,7321,1
10830,7321,1
10831,7321,1
10832,7321,1
10833,7321,1
10834,7315,1
10835,7301,1
10836,7301,1
10837,7301,1
10838,7310,1
10839,7310,1
10840,7310,1
10841,7310,1
10842,7310,1
10843,7310,1
10844,7310,1
10845,7310,1
10846,7310,1
10847,7310,1
10848,7310,1
10849,7310,1
10850,7310,1
10851,7310,1
10852,7310,1
10853,7310,1
10854,7310,1
10855,7310,1
10856,7310,1
10857,7310,1
10858,7314,1
10859,7309,1
10860,7309,1
10861,7309,1
10862,7308,1
10863,7308,1
10864,7308,1
10865,7314,1
10866,7314,1
10867,7314,1
10868,7314,1
10869,7314,1
10870,7314,1
10871,7315,1
10872,7315,1
10873,7315,1
10874,7315,1
10875,7315,1
10876,7315,1
10877,7315,1
10878,7315,1
10879,7315,1
10880,7315,1
10881,7315,1
10882,7315,1
10883,7314,1
10884,7314,1
10885,7314,1
10886,7314,1
10887,7315,1
10888,7314,1
10889,7314,1
10890,7314,1
10891,7314,1
10892,7314,1
10893,7314,1
10894,7314,1
10895,7314,1
10896,7314,1
10897,7314,1
10898,7314,1
10899,7314,1
10900,7314,1
10901,7314,1
10902,7315,1
10903,7315,1
10904,7315,1
10905,7315,1
10906,7309,1
10907,7312,1
10908,7312,1
10909,7312,1
10910,7312,1
10911,7312,1
10912,7312,1
10913,7312,1
10914,7312,1
10915,7312,1
10916,7312,1
10917,7312,1
10918,7315,1
10919,7315,1
10920,7315,1
10921,7315,1
10922,7315,1
10923,7315,1
10924,7315,1
10925,7315,1
10926,7315,1
10927,7315,1
10928,7315,1
10929,7315,1
10930,7315,1
10931,7315,1
10932,7315,1
10933,7315,1
10934,7315,1
10935,7315,1
10936,7312,1
10937,7312,1
10938,7321,1
10939,7321,1
10940,7321,1
10941,7321,1
10942,7321,1
10943,7321,1
10944,7321,1
10945,7318,1
10946,7318,1
10947,7318,1
10948,7318,1
10949,7318,1
10950,7318,1
10951,7318,1
10952,7318,1
10953,7318,1
10954,7318,1
10955,7318,1
10956,7318,1
10957,7318,1
10958,7318,1
10959,7318,1
10960,7318,1
10961,7318,1
10962,7318,1
10963,7318,1
10964,7318,1
10965,7318,1
10966,7318,1
10967,7318,1
10968,7318,1
10969,7318,1
10970,7318,1
10971,7318,1
10972,7318,1
10973,7318,1
10974,7318,1
10975,7318,1
10976,7318,1
10977,7318,1
10978,7318,1
10979,7321,1
10980,7321,1
10981,7321,1
10982,7318,1
10983,7318,1
10984,7318,1
10985,7318,1
10986,7318,1
10987,7318,1
10988,7318,1
10989,7318,1
10990,7318,1
10991,7318,1
10992,7318,1
10993,7318,1
10994,7318,1
10995,7318,1
10996,7318,1
10997,7318,1
10998,7318,1
10999,7316,1
11000,7316,1
11001,7316,1
11002,7316,1
11003,7316,1
11004,7316,1
11005,7318,1
11006,7318,1
11007,7318,1
11008,7316,1
11009,7316,1
11010,7316,1
11011,7316,1
11012,7316,1
11013,7316,1
11014,7316,1
11015,7316,1
11016,7316,1
11017,7316,1
11018,7316,1
11019,7316,1
11020,7317,1
11021,7317,1
11022,7317,1
11023,7317,1
11024,7317,1
11025,7317,1
11026,7317,1
11027,7317,1
11028,7317,1
11029,7317,1
11030,7317,1
11031,7317,1
11032,7317,1
11033,7317,1
11034,7317,1
11035,7317,1
11036,7317,1
11037,7317,1
11038,7317,1
11039,7317,1
11040,7317,1
11041,7317,1
11042,7317,1
11043,7317,1
11044,7317,1
11045,7317,1
11046,7317,1
11047,7317,1
11048,7317,1
11049,7317,1
11050,7312,1
11051,7315,1
11052,7315,1
11053,7314,1
11054,7314,1
11055,7314,1
11056,7317,1
11057,7317,1
11058,7317,1
11059,7317,1
11060,7317,1
11061,7317,1
11062,7317,1
11063,7317,1
11064,7317,1
11065,7318,1
11066,7318,1
11067,7318,1
11068,7318,1
11069,7318,1
11070,7318,1
11071,7318,1
11072,7318,1
11073,7318,1
11074,7318,1
11075,7318,1
11076,7318,1
11077,7318,1
11078,7318,1
11079,7318,1
11080,7318,1
11081,7318,1
11082,7318,1
11083,7318,1
11084,7318,1
11085,7318,1
11086,7318,1
11087,7318,1
11088,7318,1
11089,7317,1
11090,7317,1
11091,7317,1
11092,7317,1
11093,7317,1
11094,7317,1
11095,7317,1
11096,7317,1
11097,7317,1
11098,7317,1
11099,7317,1
11100,7317,1
11101,7317,1
11102,7317,1
11103,7317,1
11104,7317,1
11105,7317,1
11106,7317,1
11107,7317,1
11108,7317,1
11109,7317,1
11110,7317,1
11111,7317,1
11112,7317,1
11113,7317,1
11114,7317,1
11115,7317,1
11116,7317,1
11117,7317,1
11118,7317,1
11119,7317,1
11120,7317,1
11121,7317,1
11122,7317,1
11123,7317,1
11124,7317,1
11125,7317,1
11126,7317,1
11127,7317,1
11128,7317,1
11129,7317,1
11130,7317,1
11131,7317,1
11132,7317,1
11133,7316,1
11134,7316,1
11135,7316,1
11136,7316,1
11137,7316,1
11138,7316,1
11139,7316,1
11140,7316,1
11141,7316,1
11142,7316,1
11143,7316,1
11144,7316,1
11145,7316,1
11146,7316,1
11147,7316,1
11148,7316,1
11149,7316,1
11150,7316,1
11151,7316,1
11152,7316,1
11153,7316,1
11154,7316,1
11155,7316,1
11156,7316,1
11157,7316,1
11158,7316,1
11159,7316,1
11160,7316,1
11161,7316,1
11162,7316,1
11163,7316,1
11164,7316,1
11165,7316,1
11166,7316,1
11167,7316,1
11168,7316,1
11169,7316,1
11170,7310,1
11171,7316,1
11172,7316,1
11173,7316,1
11174,7316,1
11175,7316,1
11176,7316,1
11177,7310,1
11178,7316,1
11179,7316,1
11180,7301,1
11181,7301,1
11182,7301,1
11183,7301,1
11184,7301,1
11185,7301,1
11186,7301,1
11187,7301,1
11188,7301,1
11189,7301,1
11190,7301,1
11191,7301,1
11192,7301,1
11193,7301,1
11194,7301,1
11195,7301,1
11196,7301,1
11197,7301,1
11198,7301,1
11199,7301,1
11200,7301,1
11201,7301,1
11202,7301,1
11203,7316,1
11204,7316,1
11205,7316,1
11206,7316,1
11207,7310,1
11208,7310,1
11209,7310,1
11210,7310,1
11211,7310,1
11212,7310,1
11213,7316,1
11214,7316,1
11215,7316,1
11216,7316,1
11217,7316,1
11218,7316,1
11219,7316,1
11220,7316,1
11221,7316,1
11222,7316,1
11223,7316,1
11224,7316,1
11225,7310,1
11226,7310,1
11227,7316,1
11228,7310,1
11229,7310,1
11230,7310,1
11231,7310,1
11232,7310,1
11233,7310,1
11234,7310,1
11235,7310,1
11236,7310,1
11237,7310,1
11238,7316,1
11239,7310,1
11240,7310,1
11241,7310,1
11242,7310,1
11243,7310,1
11244,7310,1
11245,7310,1
11246,7310,1
11247,7310,1
11248,7310,1
11249,7310,1
11250,7310,1
11251,7310,1
11252,7310,1
11253,7310,1
11254,7310,1
11255,7310,1
11256,7310,1
11257,7310,1
11258,7310,1
11259,7310,1
11260,7310,1
11261,7310,1
11262,7310,1
11263,7310,1
11264,7310,1
11265,7310,1
11266,7310,1
11267,7310,1
11268,7310,1
11269,7310,1
11270,7310,1
11271,7310,1
11272,7310,1
11273,7310,1
11274,7310,1
11275,7310,1
11276,7310,1
11277,7310,1
11278,7310,1
11279,7310,1
11280,7310,1
11281,7310,1
11282,7310,1
11283,7310,1
11284,7310,1
11285,7310,1
11286,7310,1
11287,7310,1
11288,7310,1
11289,7310,1
11290,7310,1
11291,7310,1
11292,7310,1
11293,7310,1
11294,7310,1
11295,7310,1
11296,7310,1
11297,7310,1
11298,7310,1
11299,7310,1
11300,7310,1
11301,7310,1
11302,7310,1
11303,7310,1
11304,7310,1
11305,7310,1
11306,7310,1
11307,7310,1
11308,7310,1
11309,7310,1
11310,7310,1
11311,7310,1
11312,7310,1
11313,7310,1
11314,7310,1
11315,7308,1
11316,7307,1
11317,7307,1
11318,7307,1
11319,7312,1
11320,7312,1
11321,7315,1
11322,7315,1
11323,7315,1
11324,7315,1
11325,7315,1
11326,7313,1
11327,7307,1
11328,7313,1
11329,7313,1
11330,7313,1
11331,7313,1
11332,7313,1
11333,7313,1
11334,7313,1
11335,7313,1
11336,7313,1
11337,7313,1
11338,7313,1
11339,7313,1
11340,7313,1
11341,7313,1
11342,7313,1
11343,7313,1
11344,7313,1
11345,7313,1
11346,7313,1
11347,7313,1
11348,7313,1
11349,7313,1
11350,7313,1
11351,7313,1
11352,7313,1
11353,7313,1
11354,7317,1
11355,7317,1
11356,7317,1
11357,7317,1
11358,7315,1
11359,7315,1
11360,7315,1
11361,7315,1
11362,7310,1
11363,7310,1
11364,7315,1
11365,7315,1
11366,7315,1
11367,7315,1
11368,7315,1
11369,7315,1
11370,7315,1
11371,7315,1
11372,7315,1
11373,7309,1
11374,7309,1
11375,7309,1
11376,7309,1
11377,7309,1
11378,7309,1
11379,7309,1
11380,7309,1
11381,7309,1
11382,7309,1
11383,7309,1
11384,7309,1
11385,7311,1
11386,7309,1
11387,7309,1
11388,7311,1
11389,7308,1
11390,7308,1
11391,7308,1
11392,7308,1
11393,7308,1
11394,7308,1
11395,7308,1
11396,7308,1
11397,7308,1
11398,7308,1
11399,7308,1
11400,7308,1
11401,7308,1
11402,7308,1
11403,7308,1
11404,7308,1
11405,7308,1
11406,7308,1
11407,7307,1
11408,7315,1
11409,7315,1
11410,7315,1
11411,7315,1
11412,7315,1
11413,7315,1
11414,7315,1
11415,7315,1
11416,7315,1
11417,7315,1
11418,7315,1
11419,7315,1
11420,7315,1
11421,7315,1
11422,7315,1
11423,7315,1
11424,7315,1
11425,7315,1
11426,7315,1
11427,7315,1
11428,7315,1
11429,7315,1
11430,7310,1
11431,7310,1
11432,7310,1
11433,7310,1
11434,7310,1
11435,7310,1
11436,7310,1
11437,7310,1
11438,7315,1
11439,7315,1
11440,7315,1
11441,7315,1
11442,7310,1
11443,7310,1
11444,7310,1
11445,7310,1
11446,7310,1
11447,7310,1
11448,7310,1
11449,7310,1
11450,7310,1
11451,7310,1
11452,7310,1
11453,7310,1
11454,7310,1
11455,7310,1
11456,7310,1
11457,7310,1
11458,7310,1
11459,7310,1
11460,7310,1
11461,7310,1
11462,7310,1
11463,7310,1
11464,7310,1
11465,7310,1
11466,7310,1
11467,7310,1
11468,7310,1
11469,7310,1
11470,7310,1
11471,7310,1
11472,7310,1
11473,7310,1
11474,7310,1
11475,7310,1
11476,7310,1
11477,7310,1
11478,7310,1
11479,7310,1
11480,7310,1
11481,7310,1
11482,7310,1
11483,7310,1
11484,7310,1
11485,7310,1
11486,7310,1
11487,7310,1
11488,7310,1
11489,7310,1
11490,7310,1
11491,7310,1
11492,7310,1
11493,7310,1
11494,7310,1
11495,7310,1
11496,7310,1
11497,7310,1
11498,7310,1
11499,7310,1
11500,7310,1
11501,7310,1
11502,7310,1
11503,7310,1
11504,7310,1
11505,7310,1
11506,7310,1
11507,7310,1
11508,7310,1
11509,7310,1
11510,7310,1
11511,7310,1
11512,7310,1
11513,7310,1
11514,7310,1
11515,7310,1
11516,7310,1
11517,7310,1
11518,7310,1
11519,7310,1
11520,7310,1
11521,7310,1
11522,7310,1
11523,7310,1
11524,7310,1
11525,7310,1
11526,7310,1
11527,7310,1
11528,7310,1
11529,7310,1
11530,7310,1
11531,7310,1
11532,7310,1
11533,7310,1
11534,7310,1
11535,7310,1
11536,7310,1
11537,7310,1
11538,7310,1
11539,7310,1
11540,7310,1
11541,7310,1
11542,7310,1
11543,7310,1
11544,7310,1
11545,7310,1
11546,7310,1
11547,7310,1
11548,7310,1
11549,7310,1
11550,7310,1
11551,7310,1
11552,7310,1
11553,7310,1
11554,7310,1
11555,7310,1
11556,7310,1
11557,7310,1
11558,7310,1
11559,7310,1
11560,7310,1
11561,7310,1
11562,7310,1
11563,7310,1
11564,7312,1
11565,7311,1
11566,7311,1
11567,7311,1
11568,7311,1
11569,7311,1
11570,7311,1
11571,7311,1
11572,7311,1
11573,7309,1
11574,7309,1
11575,7309,1
11576,7309,1
11577,7309,1
11578,7309,1
11579,7309,1
11580,7309,1
11581,7309,1
11582,7309,1
11583,7309,1
11584,7301,1
11585,7301,1
11586,7301,1
11587,7301,1
11588,7301,1
11589,7301,1
11590,7301,1
11591,7301,1
11592,7301,1
11593,7301,1
11594,7301,1
11595,7318,1
11596,7318,1
11597,7318,1
11598,7318,1
11599,7318,1
11600,7318,1
11601,7318,1
11602,7309,1
11603,7309,1
11604,7309,1
11605,7309,1
11606,7309,1
11607,7309,1
11608,7309,1
11609,7309,1
11610,7309,1
11611,7309,1
11612,7309,1
11613,7309,1
11614,7309,1
11615,7309,1
11616,7309,1
11617,7309,1
11618,7309,1
11619,7309,1
11620,7309,1
11621,7309,1
11622,7309,1
11623,7309,1
11624,7309,1
11625,7309,1
11626,7309,1
11627,7309,1
11628,7309,1
11629,7309,1
11630,7309,1
11631,7309,1
11632,7309,1
11633,7318,1
11634,7318,1
11635,7318,1
11636,7318,1
11637,7318,1
11638,7318,1
11639,7318,1
11640,7318,1
11641,7318,1
11642,7318,1
11643,7318,1
11644,7318,1
11645,7318,1
11646,7318,1
11647,7318,1
11648,7318,1
11649,7318,1
11650,7318,1
11651,7318,1
11652,7318,1
11653,7318,1
11654,7318,1
11655,7318,1
11656,7318,1
11657,7318,1
11658,7318,1
11659,7318,1
11660,7318,1
11661,7318,1
11662,7318,1
11663,7318,1
11664,7318,1
11665,7318,1
11666,7318,1
11667,7318,1
11668,7318,1
11669,7318,1
11670,7318,1
11671,7318,1
11672,7318,1
11673,7318,1
11674,7318,1
11675,7318,1
11676,7318,1
11677,7318,1
11678,7318,1
11679,7318,1
11680,7318,1
11681,7318,1
11682,7318,1
11683,7318,1
11684,7318,1
11685,7318,1
11686,7318,1
11687,7318,1
11688,7318,1
11689,7318,1
11690,7318,1
11691,7318,1
11692,7318,1
11693,7319,1
11694,7319,1
11695,7312,1
11696,7312,1
11697,7312,1
11698,7312,1
11699,7312,1
11700,7312,1
11701,7312,1
11702,7312,1
11703,7312,1
11704,7318,1
11705,7318,1
11706,7318,1
11707,7318,1
11708,7318,1
11709,7318,1
11710,7318,1
11711,7318,1
11712,7318,1
11713,7318,1
11714,7318,1
11715,7318,1
11716,7318,1
11717,7318,1
11718,7318,1
11719,7318,1
11720,7318,1
11721,7318,1
11722,7318,1
11723,7318,1
11724,7318,1
11725,7318,1
11726,7318,1
11727,7318,1
11728,7318,1
11729,7318,1
11730,7318,1
11731,7318,1
11732,7318,1
11733,7318,1
11734,7318,1
11735,7318,1
11736,7318,1
11737,7318,1
11738,7318,1
11739,7318,1
11740,7309,1
11741,7309,1
11742,7309,1
11743,7309,1
11744,7309,1
11745,7309,1
11746,7309,1
11747,7309,1
11748,7309,1
11749,7309,1
11750,7309,1
11751,7309,1
11752,7309,1
11753,7309,1
11754,7309,1
11755,7309,1
11756,7309,1
11757,7309,1
11758,7309,1
11759,7309,1
11760,7309,1
11761,7309,1
11762,7309,1
11763,7309,1
11764,7309,1
11765,7309,1
11766,7309,1
11767,7309,1
11768,7309,1
11769,7309,1
11770,7309,1
11771,7309,1
11772,7309,1
11773,7309,1
11774,7309,1
11775,7309,1
11776,7309,1
11777,7309,1
11778,7309,1
11779,7309,1
11780,7309,1
11781,7309,1
11782,7309,1
11783,7309,1
11784,7309,1
11785,7309,1
11786,7319,1
11787,7319,1
11788,7319,1
11789,7319,1
11790,7319,1
11791,7319,1
11792,7301,1
11793,7301,1
11794,7301,1
11795,7317,1
11796,7317,1
11797,7317,1
11798,7317,1
11799,7317,1
11800,7317,1
11801,7317,1
11802,7317,1
11803,7317,1
11804,7317,1
11805,7317,1
11806,7317,1
11807,7317,1
11808,7317,1
11809,7317,1
11810,7317,1
11811,7317,1
11812,7317,1
11813,7317,1
11814,7317,1
11815,7317,1
11816,7317,1
11817,7317,1
11818,7317,1
11819,7314,1
11820,7314,1
11821,7314,1
11822,7314,1
11823,7314,1
11824,7314,1
11825,7314,1
11826,7314,1
11827,7314,1
11828,7314,1
11829,7314,1
11830,7317,1
11831,7317,1
11832,7317,1
11833,7317,1
11834,7317,1
11835,7319,1
11836,7319,1
11837,7319,1
11838,7319,1
11839,7319,1
11840,7319,1
11841,7319,1
11842,7309,1
11843,7309,1
11844,7309,1
11845,7309,1
11846,7309,1
11847,7309,1
11848,7309,1
11849,7309,1
11850,7309,1
11851,7309,1
11852,7309,1
11853,7309,1
11854,7309,1
11855,7309,1
11856,7309,1
11857,7309,1
11858,7309,1
11859,7309,1
11860,7309,1
11861,7309,1
11862,7309,1
11863,7309,1
11864,7309,1
11865,7309,1
11866,7309,1
11867,7309,1
11868,7309,1
11869,7309,1
11870,7309,1
11871,7319,1
11872,7319,1
11873,7319,1
11874,7319,1
11875,7314,1
11876,7314,1
11877,7314,1
11878,7314,1
11879,7314,1
11880,7314,1
11881,7314,1
11882,7314,1
11883,7314,1
11884,7314,1
11885,7314,1
11886,7314,1
11887,7314,1
11888,7314,1
11889,7314,1
11890,7314,1
11891,7317,1
11892,7317,1
11893,7317,1
11894,7317,1
11895,7317,1
11896,7317,1
11897,7317,1
11898,7317,1
11899,7317,1
11900,7317,1
11901,7317,1
11902,7317,1
11903,7317,1
11904,7317,1
11905,7317,1
11906,7317,1
11907,7317,1
11908,7317,1
11909,7317,1
11910,7317,1
11911,7317,1
11912,7317,1
11913,7317,1
11914,7317,1
11915,7317,1
11916,7317,1
11917,7317,1
11918,7317,1
11919,7317,1
11920,7317,1
11921,7317,1
11922,7317,1
11923,7317,1
11924,7317,1
11925,7317,1
11926,7317,1
11927,7317,1
11928,7317,1
11929,7317,1
11930,7317,1
11931,7317,1
11932,7317,1
11933,7317,1
11934,7317,1
11935,7317,1
11936,7317,1
11937,7317,1
11938,7317,1
11939,7317,1
11940,7317,1
11941,7317,1
11942,7317,1
11943,7317,1
11944,7317,1
11945,7317,1
11946,7317,1
11947,7309,1
11948,7309,1
11949,7309,1
11950,7309,1
11951,7309,1
11952,7309,1
11953,7309,1
11954,7309,1
11955,7309,1
11956,7309,1
11957,7309,1
11958,7309,1
11959,7309,1
11960,7309,1
11961,7309,1
11962,7309,1
11963,7309,1
11964,7309,1
11965,7309,1
11966,7309,1
11967,7309,1
11968,7309,1
11969,7309,1
11970,7309,1
11971,7309,1
11972,7309,1
11973,7309,1
11974,7309,1
11975,7309,1
11976,7309,1
11977,7309,1
11978,7309,1
11979,7309,1
11980,7309,1
11981,7309,1
11982,7309,1
11983,7309,1
11984,7309,1
11985,7309,1
11986,7309,1
11987,7309,1
11988,7309,1
11989,7309,1
11990,7309,1
11991,7309,1
11992,7309,1
11993,7309,1
11994,7309,1
11995,7309,1
11996,7309,1
11997,7309,1
11998,7309,1
11999,7309,1
12000,7309,1
12001,7309,1
12002,7309,1
12003,7309,1
12004,7309,1
12005,7309,1
12006,7309,1
12007,7309,1
12008,7309,1
12009,7311,1
12010,7311,1
12011,7311,1
12012,7311,1
12013,7311,1
12014,7311,1
12015,7311,1
12016,7311,1
12017,7311,1
12018,7311,1
12019,7311,1
12020,7311,1
12021,7311,1
12022,7311,1
12023,7311,1
12024,7311,1
12025,7311,1
12026,7311,1
12027,7311,1
12028,7311,1
12029,7311,1
12030,7311,1
12031,7317,1
12032,7317,1
12033,7317,1
12034,7317,1
12035,7317,1
12036,7317,1
12037,7317,1
12038,7317,1
12039,7317,1
12040,7317,1
12041,7317,1
12042,7317,1
12043,7317,1
12044,7317,1
12045,7317,1
12046,7317,1
12047,7317,1
12048,7317,1
12049,7317,1
12050,7317,1
12051,7317,1
12052,7317,1
12053,7317,1
12054,7317,1
12055,7317,1
12056,7317,1
12057,7317,1
12058,7317,1
12059,7317,1
12060,7317,1
12061,7317,1
12062,7317,1
12063,7317,1
12064,7317,1
12065,7317,1
12066,7317,1
12067,7317,1
12068,7317,1
12069,7317,1
12070,7317,1
12071,7317,1
12072,7317,1
12073,7314,1
12074,7314,1
12075,7314,1
12076,7314,1
12077,7314,1
12078,7314,1
12079,7314,1
12080,7314,1
12081,7314,1
12082,7314,1
12083,7314,1
12084,7314,1
12085,7314,1
12086,7314,1
12087,7314,1
12088,7314,1
12089,7314,1
12090,7314,1
12091,7314,1
12092,7314,1
12093,7314,1
12094,7314,1
12095,7314,1
12096,7314,1
12097,7314,1
12098,7314,1
12099,7314,1
12100,7314,1
12101,7314,1
12102,7314,1
12103,7314,1
12104,7314,1
12105,7314,1
12106,7314,1
12107,7314,1
12108,7314,1
12109,7314,1
12110,7314,1
12111,7314,1
12112,7314,1
12113,7314,1
12114,7314,1
12115,7314,1
12116,7314,1
12117,7314,1
12118,7314,1
12119,7314,1
12120,7314,1
12121,7314,1
12122,7314,1
12123,7314,1
12124,7314,1
12125,7314,1
12126,7314,1
12127,7314,1
12128,7314,1
12129,7314,1
12130,7314,1
12131,7314,1
12132,7314,1
12133,7314,1
12134,7314,1
12135,7314,1
12136,7314,1
12137,7314,1
12138,7314,1
12139,7314,1
12140,7314,1
12141,7314,1
12142,7314,1
12143,7314,1
12144,7314,1
12145,7314,1
12146,7314,1
12147,7314,1
12148,7314,1
12149,7314,1
12150,7314,1
12151,7314,1
12152,7314,1
12153,7314,1
12154,7314,1
12155,7314,1
12156,7314,1
12157,7314,1
12158,7314,1
12159,7314,1
12160,7314,1
12161,7314,1
12162,7314,1
12163,7314,1
12164,7314,1
12165,7314,1
12166,7314,1
12167,7314,1
12168,7314,1
12169,7314,1
12170,7314,1
12171,7314,1
12172,7314,1
12173,7314,1
12174,7314,1
12175,7314,1
12176,7314,1
12177,7314,1
12178,7314,1
12179,7314,1
12180,7314,1
12181,7314,1
12182,7313,1
12183,7314,1
12184,7314,1
12185,7314,1
12186,7314,1
12187,7314,1
12188,7314,1
12189,7314,1
12190,7314,1
12191,7314,1
12192,7314,1
12193,7314,1
12194,7314,1
12195,7314,1
12196,7314,1
12197,7319,1
12198,7319,1
12199,7319,1
12200,7319,1
12201,7319,1
12202,7319,1
12203,7319,1
12204,7319,1
12205,7319,1
12206,7319,1
12207,7319,1
12208,7319,1
12209,7319,1
12210,7319,1
12211,7319,1
12212,7319,1
12213,7319,1
12214,7319,1
12215,7319,1
12216,7319,1
12217,7319,1
12218,7319,1
12219,7319,1
12220,7319,1
12221,7319,1
12222,7319,1
12223,7319,1
12224,7319,1
12225,7319,1
12226,7319,1
12227,7319,1
12228,7319,1
12229,7319,1
12230,7319,1
12231,7319,1
12232,7314,1
12233,7314,1
12234,7314,1
12235,7314,1
12236,7314,1
12237,7319,1
12238,7319,1
12239,7319,1
12240,7319,1
12241,7319,1
12242,7319,1
12243,7319,1
12244,7319,1
12245,7319,1
12246,7319,1
12247,7319,1
12248,7319,1
12249,7319,1
12250,7319,1
12251,7319,1
12252,7319,1
12253,7319,1
12254,7319,1
12255,7319,1
12256,7319,1
12257,7319,1
12258,7319,1
12259,7319,1
12260,7319,1
12261,7319,1
12262,7319,1
12263,7319,1
12264,7319,1
12265,7319,1
12266,7319,1
12267,7319,1
12268,7319,1
12269,7319,1
12270,7319,1
12271,7319,1
12272,7319,1
12273,7319,1
12274,7319,1
12275,7319,1
12276,7319,1
12277,7319,1
12278,7319,1
12279,7319,1
12280,7319,1
12281,7319,1
12282,7319,1
12283,7319,1
12284,7319,1
12285,7319,1
12286,7319,1
12287,7314,1
12288,7314,1
12289,7314,1
12290,7314,1
12291,7314,1
12292,7314,1
12293,7319,1
12294,7319,1
12295,7319,1
12296,7319,1
12297,7319,1
12298,7319,1
12299,7319,1
12300,7319,1
12301,7319,1
12302,7311,1
12303,7311,1
12304,7311,1
12305,7311,1
12306,7311,1
12307,7311,1
12308,7311,1
12309,7311,1
12310,7311,1
12311,7311,1
12312,7311,1
12313,7311,1
12314,7311,1
12315,7311,1
12316,7311,1
12317,7311,1
12318,7311,1
12319,7311,1
12320,7311,1
12321,7311,1
12322,7311,1
12323,7311,1
12324,7311,1
12325,7311,1
12326,7311,1
12327,7311,1
12328,7311,1
12329,7311,1
12330,7311,1
12331,7311,1
12332,7311,1
12333,7311,1
12334,7311,1
12335,7311,1
12336,7311,1
12337,7311,1
12338,7311,1
12339,7311,1
12340,7311,1
12341,7311,1
12342,7311,1
12343,7311,1
12344,7311,1
12345,7311,1
12346,7311,1
12347,7311,1
12348,7311,1
12349,7311,1
12350,7311,1
12351,7311,1
12352,7311,1
12353,7311,1
12354,7311,1
12355,7311,1
12356,7311,1
12357,7311,1
12358,7311,1
12359,7311,1
12360,7311,1
12361,7311,1
12362,7311,1
12363,7311,1
12364,7311,1
12365,7309,1
12366,7309,1
12367,7309,1
12368,7309,1
12369,7309,1
12370,7309,1
12371,7309,1
12372,7309,1
12373,7309,1
12374,7311,1
12375,7311,1
12376,7311,1
12377,7311,1
12378,7311,1
12379,7311,1
12380,7311,1
12381,7311,1
12382,7311,1
12383,7311,1
12384,7311,1
12385,7311,1
12386,7311,1
12387,7311,1
12388,7311,1
12389,7311,1
12390,7311,1
12391,7311,1
12392,7311,1
12393,7311,1
12394,7311,1
12395,7311,1
12396,7311,1
12397,7311,1
12398,7311,1
12399,7311,1
12400,7313,1
12401,7313,1
12402,7313,1
12403,7313,1
12404,7313,1
12405,7313,1
12406,7319,1
12407,7319,1
12408,7319,1
12409,7319,1
12410,7319,1
12411,7319,1
12412,7319,1
12413,7319,1
12414,7314,1
12415,7314,1
12416,7314,1
12417,7314,1
12418,7314,1
12419,7314,1
12420,7314,1
12421,7319,1
12422,7319,1
12423,7319,1
12424,7319,1
12425,7319,1
12426,7319,1
12427,7314,1
12428,7314,1
12429,7314,1
12430,7314,1
12431,7314,1
12432,7314,1
12433,7314,1
12434,7314,1
12435,7314,1
12436,7314,1
12437,7314,1
12438,7314,1
12439,7314,1
12440,7313,1
12441,7313,1
12442,7313,1
12443,7313,1
12444,7313,1
12445,7313,1
12446,7313,1
12447,7313,1
12448,7313,1
12449,7314,1
12450,7313,1
12451,7313,1
12452,7313,1
12453,7313,1
12454,7313,1
12455,7313,1
12456,7313,1
12457,7313,1
12458,7313,1
12459,7313,1
12460,7313,1
12461,7313,1
12462,7313,1
12463,7313,1
12464,7313,1
12465,7313,1
12466,7313,1
12467,7313,1
12468,7313,1
12469,7313,1
12470,7313,1
12471,7313,1
12472,7313,1
12473,7313,1
12474,7313,1
12475,7313,1
12476,7313,1
12477,7313,1
12478,7313,1
12479,7313,1
12480,7313,1
12481,7313,1
12482,7313,1
12483,7313,1
12484,7313,1
12485,7313,1
12486,7313,1
12487,7313,1
12488,7313,1
12489,7313,1
12490,7313,1
12491,7313,1
12492,7313,1
12493,7313,1
12494,7313,1
12495,7313,1
12496,7313,1
12497,7313,1
12498,7313,1
12499,7313,1
12500,7313,1
12501,7313,1
12502,7313,1
12503,7313,1
12504,7313,1
12505,7313,1
12506,7313,1
12507,7313,1
12508,7313,1
12509,7313,1
12510,7313,1
12511,7313,1
12512,7314,1
12513,7313,1
12514,7313,1
12515,7301,1
12516,7301,1
12517,7301,1
12518,7301,1
12519,7301,1
12520,7301,1
12521,7301,1
12522,7301,1
12523,7301,1
12524,7301,1
12525,7301,1
12526,7301,1
12527,7301,1
12528,7301,1
12529,7301,1
12530,7301,1
12531,7301,1
12532,7301,1
12533,7301,1
12534,7301,1
12535,7301,1
12536,7301,1
12537,7301,1
12538,7301,1
12539,7301,1
12540,7301,1
12541,7301,1
12542,7311,1
12543,7311,1
12544,7311,1
12545,7311,1
12546,7311,1
12547,7311,1
12548,7311,1
12549,7311,1
12550,7311,1
12551,7311,1
12552,7311,1
12553,7311,1
12554,7311,1
12555,7311,1
12556,7311,1
12557,7311,1
12558,7311,1
12559,7311,1
12560,7311,1
12561,7311,1
12562,7311,1
12563,7311,1
12564,7311,1
12565,7311,1
12566,7311,1
12567,7309,1
12568,7309,1
12569,7309,1
12570,7309,1
12571,7309,1
12572,7311,1
12573,7311,1
12574,7311,1
12575,7311,1
12576,7309,1
12577,7309,1
12578,7309,1
12579,7309,1
12580,7309,1
12581,7309,1
12582,7309,1
12583,7309,1
12584,7309,1
12585,7309,1
12586,7309,1
12587,7309,1
12588,7309,1
12589,7309,1
12590,7309,1
12591,7309,1
12592,7309,1
12593,7309,1
12594,7309,1
12595,7309,1
12596,7309,1
12597,7309,1
12598,7309,1
12599,7309,1
12600,7309,1
12601,7309,1
12602,7309,1
12603,7309,1
12604,7309,1
12605,7309,1
12606,7311,1
12607,7311,1
12608,7311,1
12609,7311,1
12610,7311,1
12611,7311,1
12612,7311,1
12613,7311,1
12614,7311,1
12615,7311,1
12616,7313,1
12617,7313,1
12618,7313,1
12619,7313,1
12620,7313,1
12621,7313,1
12622,7313,1
12623,7313,1
12624,7313,1
12625,7313,1
12626,7313,1
12627,7313,1
12628,7313,1
12629,7313,1
12630,7313,1
12631,7313,1
12632,7313,1
12633,7313,1
12634,7313,1
12635,7313,1
12636,7313,1
12637,7313,1
12638,7313,1
12639,7313,1
12640,7313,1
12641,7313,1
12642,7313,1
12643,7313,1
12644,7313,1
12645,7313,1
12646,7313,1
12647,7313,1
12648,7313,1
12649,7313,1
12650,7313,1
12651,7313,1
12652,7313,1
12653,7313,1
12654,7313,1
12655,7313,1
12656,7313,1
12657,7313,1
12658,7313,1
12659,7313,1
12660,7313,1
12661,7313,1
12662,7313,1
12663,7313,1
12664,7313,1
12665,7313,1
12666,7313,1
12667,7313,1
12668,7313,1
12669,7313,1
12670,7313,1
12671,7313,1
12672,7313,1
12673,7313,1
12674,7313,1
12675,7313,1
12676,7316,1
12677,7314,1
12678,7322,1
12679,7322,1
12680,7322,1
12681,7322,1
12682,7314,1
12683,7314,1
12684,7314,1
12685,7314,1
12686,7317,1
12687,7317,1
12688,7317,1
12689,7317,1
12690,7317,1
12691,7317,1
12692,7316,1
12693,7316,1
12694,7316,1
12695,7316,1
12696,7316,1
12697,7316,1
12698,7316,1
12699,7310,1
12700,7310,1
12701,7310,1
12702,7310,1
12703,7310,1
12704,7310,1
12705,7310,1
12706,7312,1
12707,7312,1
12708,7312,1
12709,7312,1
12710,7312,1
12711,7312,1
12712,7312,1
12713,7312,1
12714,7312,1
12715,7313,1
12716,7313,1
12717,7313,1
12718,7313,1
12719,7313,1
12720,7313,1
12721,7313,1
12722,7313,1
12723,7313,1
12724,7313,1
12725,7313,1
12726,7313,1
12727,7313,1
12728,7313,1
12729,7313,1
12730,7313,1
12731,7313,1
12732,7313,1
12733,7313,1
12734,7313,1
12735,7313,1
12736,7313,1
12737,7313,1
12738,7313,1
12739,7313,1
12740,7313,1
12741,7313,1
12742,7313,1
12743,7313,1
12744,7313,1
12745,7313,1
12746,7313,1
12747,7313,1
12748,7313,1
12749,7313,1
12750,7313,1
12751,7313,1
12752,7313,1
12753,7313,1
12754,7313,1
12755,7313,1
12756,7313,1
12757,7313,1
12758,7313,1
12759,7313,1
12760,7313,1
12761,7313,1
12762,7313,1
12763,7313,1
12764,7313,1
12765,7313,1
12766,7313,1
12767,7313,1
12768,7313,1
12769,7313,1
12770,7313,1
12771,7313,1
12772,7311,1
12773,7311,1
12774,7311,1
12775,7311,1
12776,7312,1
12777,7312,1
12778,7312,1
12779,7312,1
12780,7312,1
12781,7312,1
12782,7312,1
12783,7312,1
12784,7311,1
12785,7311,1
12786,7311,1
12787,7311,1
12788,7311,1
12789,7311,1
12790,7311,1
12791,7311,1
12792,7311,1
12793,7311,1
12794,7311,1
12795,7311,1
12796,7311,1
12797,7311,1
12798,7311,1
12799,7311,1
12800,7311,1
12801,7311,1
12802,7311,1
12803,7311,1
12804,7311,1
12805,7311,1
12806,7311,1
12807,7311,1
12808,7311,1
12809,7311,1
12810,7311,1
12811,7311,1
12812,7311,1
12813,7311,1
12814,7311,1
12815,7311,1
12816,7311,1
12817,7311,1
12818,7311,1
12819,7311,1
12820,7311,1
12821,7311,1
12822,7311,1
12823,7311,1
12824,7311,1
12825,7311,1
12826,7311,1
12827,7311,1
12828,7311,1
12829,7311,1
12830,7311,1
12831,7311,1
12832,7311,1
12833,7311,1
12834,7311,1
12835,7309,1
12836,7309,1
12837,7309,1
12838,7309,1
12839,7309,1
12840,7309,1
12841,7309,1
12842,7309,1
12843,7309,1
12844,7309,1
12845,7309,1
12846,7311,1
12847,7311,1
12848,7311,1
12849,7311,1
12850,7311,1
12851,7311,1
12852,7311,1
12853,7311,1
12854,7311,1
12855,7311,1
12856,7311,1
12857,7312,1
12858,7313,1
12859,7313,1
12860,7313,1
12861,7313,1
12862,7313,1
12863,7313,1
12864,7313,1
12865,7313,1
12866,7313,1
12867,7313,1
12868,7313,1
12869,7313,1
12870,7313,1
12871,7313,1
12872,7313,1
12873,7313,1
12874,7313,1
12875,7313,1
12876,7313,1
12877,7313,1
12878,7313,1
12879,7313,1
12880,7313,1
12881,7313,1
12882,7313,1
12883,7313,1
12884,7313,1
12885,7313,1
12886,7313,1
12887,7313,1
12888,7313,1
12889,7313,1
12890,7313,1
12891,7313,1
12892,7313,1
12893,7307,1
12894,7307,1
12895,7307,1
12896,7313,1
12897,7313,1
12898,7313,1
12899,7313,1
12900,7313,1
12901,7313,1
12902,7313,1
12903,7313,1
12904,7313,1
12905,7313,1
12906,7313,1
12907,7313,1
12908,7313,1
12909,7313,1
12910,7313,1
12911,7313,1
12912,7313,1
12913,7313,1
12914,7313,1
12915,7313,1
12916,7313,1
12917,7313,1
12918,7307,1
12919,7307,1
12920,7313,1
12921,7313,1
12922,7313,1
12923,7313,1
12924,7313,1
12925,7313,1
12926,7313,1
12927,7313,1
12928,7313,1
12929,7313,1
12930,7313,1
12931,7313,1
12932,7313,1
12933,7313,1
12934,7313,1
12935,7313,1
12936,7313,1
12937,7313,1
12938,7313,1
12939,7313,1
12940,7307,1
12941,7307,1
12942,7313,1
12943,7313,1
12944,7313,1
12945,7313,1
12946,7313,1
12947,7313,1
12948,7313,1
12949,7313,1
12950,7313,1
12951,7313,1
12952,7313,1
12953,7313,1
12954,7313,1
12955,7313,1
12956,7313,1
12957,7313,1
12958,7307,1
12959,7307,1
12960,7307,1
12961,7307,1
12962,7307,1
12963,7313,1
12964,7313,1
12965,7313,1
12966,7313,1
12967,7313,1
12968,7316,1
12969,7315,1
12970,7315,1
12971,7315,1
12972,7315,1
12973,7315,1
12974,7315,1
12975,7315,1
12976,7315,1
12977,7315,1
12978,7315,1
12979,7315,1
12980,7315,1
12981,7315,1
12982,7315,1
12983,7315,1
12984,7316,1
12985,7316,1
12986,7315,1
12987,7315,1
12988,7315,1
12989,7315,1
12990,7315,1
12991,7315,1
12992,7315,1
12993,7315,1
12994,7315,1
12995,7301,1
12996,7301,1
12997,7301,1
12998,7301,1
12999,7301,1
13000,7301,1
13001,7301,1
13002,7301,1
13003,7301,1
13004,7301,1
13005,7301,1
13006,7301,1
13007,7301,1
13008,7312,1
13009,7312,1
13010,7312,1
13011,7312,1
13012,7312,1
13013,7312,1
13014,7312,1
13015,7312,1
13016,7312,1
13017,7312,1
13018,7312,1
13019,7312,1
13020,7312,1
13021,7312,1
13022,7312,1
13023,7311,1
13024,7311,1
13025,7311,1
13026,7311,1
13027,7311,1
13028,7311,1
13029,7311,1
13030,7311,1
13031,7311,1
13032,7312,1
13033,7312,1
13034,7311,1
13035,7311,1
13036,7311,1
13037,7311,1
13038,7311,1
13039,7311,1
13040,7311,1
13041,7311,1
13042,7311,1
13043,7311,1
13044,7311,1
13045,7311,1
13046,7311,1
13047,7311,1
13048,7311,1
13049,7311,1
13050,7311,1
13051,7311,1
13052,7311,1
13053,7311,1
13054,7311,1
13055,7312,1
13056,7312,1
13057,7312,1
13058,7312,1
13059,7312,1
13060,7312,1
13061,7309,1
13062,7311,1
13063,7311,1
13064,7311,1
13065,7311,1
13066,7311,1
13067,7311,1
13068,7311,1
13069,7311,1
13070,7311,1
13071,7311,1
13072,7311,1
13073,7309,1
13074,7311,1
13075,7311,1
13076,7311,1
13077,7311,1
13078,7311,1
13079,7311,1
13080,7311,1
13081,7311,1
13082,7311,1
13083,7308,1
13084,7308,1
13085,7311,1
13086,7311,1
13087,7311,1
13088,7311,1
13089,7311,1
13090,7311,1
13091,7311,1
13092,7311,1
13093,7311,1
13094,7311,1
13095,7311,1
13096,7311,1
13097,7311,1
13098,7311,1
13099,7311,1
13100,7311,1
13101,7311,1
13102,7311,1
13103,7311,1
13104,7311,1
13105,7311,1
13106,7311,1
13107,7312,1
13108,7312,1
13109,7312,1
13110,7312,1
13111,7312,1
13112,7312,1
13113,7312,1
13114,7312,1
13115,7312,1
13116,7312,1
13117,7312,1
13118,7312,1
13119,7312,1
13120,7312,1
13121,7312,1
13122,7301,1
13123,7301,1
13124,7301,1
13125,7301,1
13126,7301,1
13127,7301,1
13128,7301,1
13129,7301,1
13130,7301,1
13131,7301,1
13132,7301,1
13133,7301,1
13134,7301,1
13135,7315,1
13136,7315,1
13137,7315,1
13138,7315,1
13139,7315,1
13140,7315,1
13141,7315,1
13142,7315,1
13143,7315,1
13144,7315,1
13145,7315,1
13146,7315,1
13147,7315,1
13148,7315,1
13149,7315,1
13150,7315,1
13151,7315,1
13152,7315,1
13153,7315,1
13154,7315,1
13155,7315,1
13156,7315,1
13157,7315,1
13158,7315,1
13159,7315,1
13160,7315,1
13161,7315,1
13162,7315,1
13163,7315,1
13164,7315,1
13165,7315,1
13166,7315,1
13167,7315,1
13168,7315,1
13169,7315,1
13170,7315,1
13171,7315,1
13172,7315,1
13173,7315,1
13174,7315,1
13175,7315,1
13176,7315,1
13177,7315,1
13178,7315,1
13179,7315,1
13180,7315,1
13181,7315,1
13182,7315,1
13183,7315,1
13184,7315,1
13185,7315,1
13186,7315,1
13187,7315,1
13188,7315,1
13189,7315,1
13190,7315,1
13191,7315,1
13192,7315,1
13193,7315,1
13194,7315,1
13195,7315,1
13196,7315,1
13197,7315,1
13198,7315,1
13199,7315,1
13200,7315,1
13201,7315,1
13202,7315,1
13203,7315,1
13204,7315,1
13205,7315,1
13206,7315,1
13207,7315,1
13208,7315,1
13209,7315,1
13210,7315,1
13211,7315,1
13212,7315,1
13213,7315,1
13214,7315,1
13215,7315,1
13216,7315,1
13217,7315,1
13218,7315,1
13219,7315,1
13220,7315,1
13221,7315,1
13222,7315,1
13223,7315,1
13224,7315,1
13225,7315,1
13226,7315,1
13227,7315,1
13228,7315,1
13229,7315,1
13230,7315,1
13231,7315,1
13232,7315,1
13233,7315,1
13234,7315,1
13235,7315,1
13236,7315,1
13237,7315,1
13238,7315,1
13239,7315,1
13240,7315,1
13241,7314,1
13242,7314,1
13243,7315,1
13244,7315,1
13245,7315,1
13246,7315,1
13247,7315,1
13248,7315,1
13249,7315,1
13250,7315,1
13251,7315,1
13252,7315,1
13253,7315,1
13254,7315,1
13255,7315,1
13256,7315,1
13257,7315,1
13258,7315,1
13259,7315,1
13260,7315,1
13261,7315,1
13262,7315,1
13263,7315,1
13264,7315,1
13265,7315,1
13266,7315,1
13267,7315,1
13268,7315,1
13269,7315,1
13270,7315,1
13271,7315,1
13272,7315,1
13273,7315,1
13274,7315,1
13275,7315,1
13276,7315,1
13277,7315,1
13278,7315,1
13279,7315,1
13280,7315,1
13281,7315,1
13282,7315,1
13283,7315,1
13284,7315,1
13285,7315,1
13286,7315,1
13287,7315,1
13288,7315,1
13289,7315,1
13290,7315,1
13291,7315,1
13292,7315,1
13293,7315,1
13294,7315,1
13295,7315,1
13296,7315,1
13297,7315,1
13298,7315,1
13299,7315,1
13300,7315,1
13301,7315,1
13302,7315,1
13303,7315,1
13304,7315,1
13305,7315,1
13306,7315,1
13307,7315,1
13308,7315,1
13309,7315,1
13310,7315,1
13311,7315,1
13312,7315,1
13313,7315,1
13314,7315,1
13315,7315,1
13316,7315,1
13317,7315,1
13318,7315,1
13319,7315,1
13320,7315,1
13321,7315,1
13322,7315,1
13323,7315,1
13324,7315,1
13325,7315,1
13326,7315,1
13327,7315,1
13328,7315,1
13329,7315,1
13330,7315,1
13331,7315,1
13332,7312,1
13333,7312,1
13334,7311,1
13335,7311,1
13336,7311,1
13337,7311,1
13338,7311,1
13339,7311,1
13340,7311,1
13341,7311,1
13342,7311,1
13343,7311,1
13344,7311,1
13345,7311,1
13346,7311,1
13347,7311,1
13348,7311,1
13349,7311,1
13350,7311,1
13351,7311,1
13352,7311,1
13353,7311,1
13354,7311,1
13355,7311,1
13356,7311,1
13357,7311,1
13358,7311,1
13359,7311,1
13360,7311,1
13361,7311,1
13362,7311,1
13363,7312,1
13364,7312,1
13365,7312,1
13366,7312,1
13367,7312,1
13368,7312,1
13369,7312,1
13370,7312,1
13371,7312,1
13372,7312,1
13373,7308,1
13374,7308,1
13375,7312,1
13376,7312,1
13377,7312,1
13378,7312,1
13379,7312,1
13380,7312,1
13381,7312,1
13382,7312,1
13383,7312,1
13384,7312,1
13385,7312,1
13386,7312,1
13387,7312,1
13388,7308,1
13389,7308,1
13390,7308,1
13391,7308,1
13392,7308,1
13393,7308,1
13394,7308,1
13395,7308,1
13396,7308,1
13397,7308,1
13398,7308,1
13399,7308,1
13400,7308,1
13401,7308,1
13402,7308,1
13403,7308,1
13404,7308,1
13405,7308,1
13406,7308,1
13407,7308,1
13408,7308,1
13409,7308,1
13410,7308,1
13411,7308,1
13412,7308,1
13413,7308,1
13414,7308,1
13415,7308,1
13416,7308,1
13417,7308,1
13418,7308,1
13419,7308,1
13420,7308,1
13421,7308,1
13422,7308,1
13423,7308,1
13424,7308,1
13425,7308,1
13426,7308,1
13427,7308,1
13428,7308,1
13429,7308,1
13430,7308,1
13431,7308,1
13432,7308,1
13433,7308,1
13434,7308,1
13435,7314,1
13436,7314,1
13437,7314,1
13438,7314,1
13439,7314,1
13440,7314,1
13441,7314,1
13442,7314,1
13443,7314,1
13444,7314,1
13445,7314,1
13446,7314,1
13447,7314,1
13448,7314,1
13449,7314,1
13450,7314,1
13451,7314,1
13452,7314,1
13453,7314,1
13454,7314,1
13455,7314,1
13456,7314,1
13457,7314,1
13458,7314,1
13459,7301,1
13460,7301,1
13461,7301,1
13462,7314,1
13463,7314,1
13464,7314,1
13465,7314,1
13466,7314,1
13467,7314,1
13468,7314,1
13469,7314,1
13470,7314,1
13471,7314,1
13472,7314,1
13473,7314,1
13474,7314,1
13475,7314,1
13476,7308,1
13477,7308,1
13478,7308,1
13479,7308,1
13480,7308,1
13481,7308,1
13482,7308,1
13483,7308,1
13484,7308,1
13485,7308,1
13486,7308,1
13487,7308,1
13488,7308,1
13489,7308,1
13490,7308,1
13491,7308,1
13492,7308,1
13493,7308,1
13494,7308,1
13495,7308,1
13496,7308,1
13497,7308,1
13498,7308,1
13499,7308,1
13500,7308,1
13501,7308,1
13502,7308,1
13503,7308,1
13504,7308,1
13505,7312,1
13506,7312,1
13507,7312,1
13508,7312,1
13509,7312,1
13510,7312,1
13511,7308,1
13512,7308,1
13513,7308,1
13514,7308,1
13515,7301,1
13516,7301,1
13517,7301,1
13518,7301,1
13519,7301,1
13520,7301,1
13521,7301,1
13522,7304,1
13523,7304,1
13524,7304,1
13525,7304,1
13526,7304,1
13527,7304,1
13528,7304,1
13529,7304,1
13530,7304,1
13531,7301,1
13532,7301,1
13533,7301,1
13534,7301,1
13535,7301,1
13536,7304,1
13537,7301,1
13538,7301,1
13539,7301,1
13540,7301,1
13541,7301,1
13542,7301,1
13543,7301,1
13544,7301,1
13545,7301,1
13546,7301,1
13547,7301,1
13548,7301,1
13549,7301,1
13550,7301,1
13551,7301,1
13552,7301,1
13553,7301,1
13554,7301,1
13555,7301,1
13556,7301,1
13557,7301,1
13558,7301,1
13559,7301,1
13560,7301,1
13561,7301,1
13562,7308,1
13563,7308,1
13564,7308,1
13565,7308,1
13566,7308,1
13567,7308,1
13568,7308,1
13569,7308,1
13570,7308,1
13571,7308,1
13572,7308,1
13573,7308,1
13574,7308,1
13575,7308,1
13576,7308,1
13577,7308,1
13578,7308,1
13579,7308,1
13580,7308,1
13581,7308,1
13582,7308,1
13583,7308,1
13584,7308,1
13585,7308,1
13586,7314,1
13587,7314,1
13588,7314,1
13589,7301,1
13590,7301,1
13591,7301,1
13592,7301,1
13593,7301,1
13594,7301,1
13595,7301,1
13596,7301,1
13597,7315,1
13598,7315,1
13599,7315,1
13600,7315,1
13601,7315,1
13602,7315,1
13603,7315,1
13604,7315,1
13605,7315,1
13606,7315,1
13607,7315,1
13608,7315,1
13609,7315,1
13610,7315,1
13611,7315,1
13612,7315,1
13613,7314,1
13614,7315,1
13615,7315,1
13616,7315,1
13617,7315,1
13618,7315,1
13619,7315,1
13620,7315,1
13621,7315,1
13622,7315,1
13623,7315,1
13624,7315,1
13625,7315,1
13626,7315,1
13627,7315,1
13628,7315,1
13629,7315,1
13630,7315,1
13631,7315,1
13632,7315,1
13633,7315,1
13634,7315,1
13635,7315,1
13636,7315,1
13637,7315,1
13638,7315,1
13639,7315,1
13640,7315,1
13641,7315,1
13642,7315,1
13643,7315,1
13644,7315,1
13645,7315,1
13646,7315,1
13647,7315,1
13648,7315,1
13649,7315,1
13650,7315,1
13651,7315,1
13652,7315,1
13653,7315,1
13654,7315,1
13655,7315,1
13656,7315,1
13657,7315,1
13658,7315,1
13659,7315,1
13660,7315,1
13661,7315,1
13662,7315,1
13663,7315,1
13664,7315,1
13665,7315,1
13666,7315,1
13667,7315,1
13668,7315,1
13669,7315,1
13670,7315,1
13671,7315,1
13672,7315,1
13673,7315,1
13674,7315,1
13675,7315,1
13676,7315,1
13677,7315,1
13678,7315,1
13679,7315,1
13680,7315,1
13681,7315,1
13682,7315,1
13683,7315,1
13684,7315,1
13685,7315,1
13686,7315,1
13687,7315,1
13688,7315,1
13689,7315,1
13690,7315,1
13691,7315,1
13692,7315,1
13693,7315,1
13694,7315,1
13695,7315,1
13696,7315,1
13697,7315,1
13698,7315,1
13699,7315,1
13700,7315,1
13701,7315,1
13702,7315,1
13703,7315,1
13704,7315,1
13705,7315,1
13706,7315,1
13707,7315,1
13708,7315,1
13709,7315,1
13710,7315,1
13711,7315,1
13712,7315,1
13713,7315,1
13714,7315,1
13715,7315,1
13716,7315,1
13717,7315,1
13718,7315,1
13719,7315,1
13720,7315,1
13721,7315,1
13722,7315,1
13723,7315,1
13724,7315,1
13725,7315,1
13726,7315,1
13727,7308,1
13728,7308,1
13729,7308,1
13730,7308,1
13731,7308,1
13732,7308,1
13733,7308,1
13734,7308,1
13735,7308,1
13736,7308,1
13737,7308,1
13738,7308,1
13739,7308,1
13740,7308,1
13741,7308,1
13742,7308,1
13743,7308,1
13744,7308,1
13745,7308,1
13746,7308,1
13747,7308,1
13748,7308,1
13749,7308,1
13750,7308,1
13751,7308,1
13752,7308,1
13753,7308,1
13754,7308,1
13755,7308,1
13756,7308,1
13757,7308,1
13758,7308,1
13759,7308,1
13760,7308,1
13761,7308,1
13762,7308,1
13763,7308,1
13764,7308,1
13765,7308,1
13766,7308,1
13767,7308,1
13768,7308,1
13769,7308,1
13770,7308,1
13771,7308,1
13772,7308,1
13773,7308,1
13774,7308,1
13775,7308,1
13776,7308,1
13777,7308,1
13778,7308,1
13779,7308,1
13780,7308,1
13781,7308,1
13782,7308,1
13783,7308,1
13784,7308,1
13785,7308,1
13786,7308,1
13787,7308,1
13788,7308,1
13789,7308,1
13790,7308,1
13791,7308,1
13792,7308,1
13793,7308,1
13794,7308,1
13795,7308,1
13796,7308,1
13797,7308,1
13798,7308,1
13799,7308,1
13800,7308,1
13801,7308,1
13802,7308,1
13803,7308,1
13804,7308,1
13805,7308,1
13806,7308,1
13807,7308,1
13808,7308,1
13809,7308,1
13810,7308,1
13811,7308,1
13812,7308,1
13813,7308,1
13814,7308,1
13815,7308,1
13816,7308,1
13817,7308,1
13818,7308,1
13819,7308,1
13820,7308,1
13821,7308,1
13822,7308,1
13823,7308,1
13824,7308,1
13825,7308,1
13826,7308,1
13827,7308,1
13828,7308,1
13829,7308,1
13830,7308,1
13831,7308,1
13832,7308,1
13833,7308,1
13834,7308,1
13835,7308,1
13836,7308,1
13837,7308,1
13838,7308,1
13839,7308,1
13840,7308,1
13841,7308,1
13842,7308,1
13843,7308,1
13844,7308,1
13845,7308,1
13846,7308,1
13847,7308,1
13848,7308,1
13849,7308,1
13850,7308,1
13851,7308,1
13852,7308,1
13853,7308,1
13854,7308,1
13855,7308,1
13856,7308,1
13857,7308,1
13858,7308,1
13859,7308,1
13860,7308,1
13861,7308,1
13862,7308,1
13863,7308,1
13864,7308,1
13865,7308,1
13866,7308,1
13867,7308,1
13868,7308,1
13869,7308,1
13870,7308,1
13871,7308,1
13872,7308,1
13873,7308,1
13874,7308,1
13875,7308,1
13876,7308,1
13877,7308,1
13878,7308,1
13879,7308,1
13880,7315,1
13881,7315,1
13882,7315,1
13883,7315,1
13884,7315,1
13885,7315,1
13886,7315,1
13887,7315,1
13888,7315,1
13889,7315,1
13890,7315,1
13891,7315,1
13892,7315,1
13893,7315,1
13894,7315,1
13895,7315,1
13896,7315,1
13897,7315,1
13898,7315,1
13899,7315,1
13900,7315,1
13901,7315,1
13902,7315,1
13903,7315,1
13904,7315,1
13905,7315,1
13906,7315,1
13907,7315,1
13908,7315,1
13909,7315,1
13910,7315,1
13911,7315,1
13912,7315,1
13913,7315,1
13914,7315,1
13915,7315,1
13916,7315,1
13917,7315,1
13918,7315,1
13919,7315,1
13920,7315,1
13921,7315,1
13922,7315,1
13923,7315,1
13924,7315,1
13925,7315,1
13926,7312,1
13927,7312,1
13928,7312,1
13929,7312,1
13930,7312,1
13931,7312,1
13932,7312,1
13933,7312,1
13934,7312,1
13935,7312,1
13936,7312,1
13937,7312,1
13938,7312,1
13939,7312,1
13940,7312,1
13941,7312,1
13942,7312,1
13943,7312,1
13944,7312,1
13945,7312,1
13946,7312,1
13947,7312,1
13948,7312,1
13949,7312,1
13950,7312,1
13951,7312,1
13952,7312,1
13953,7312,1
13954,7312,1
13955,7312,1
13956,7312,1
13957,7312,1
13958,7312,1
13959,7312,1
13960,7312,1
13961,7312,1
13962,7312,1
13963,7312,1
13964,7312,1
13965,7312,1
13966,7312,1
13967,7312,1
13968,7312,1
13969,7312,1
13970,7312,1
13971,7312,1
13972,7312,1
13973,7312,1
13974,7312,1
13975,7312,1
13976,7312,1
13977,7312,1
13978,7312,1
13979,7312,1
13980,7312,1
13981,7312,1
13982,7312,1
13983,7312,1
13984,7312,1
13985,7312,1
13986,7312,1
13987,7312,1
13988,7312,1
13989,7312,1
13990,7312,1
13991,7312,1
13992,7312,1
13993,7312,1
13994,7312,1
13995,7312,1
13996,7312,1
13997,7312,1
13998,7312,1
13999,7312,1
14000,7312,1
14001,7312,1
14002,7312,1
14003,7312,1
14004,7312,1
14005,7312,1
14006,7312,1
14007,7312,1
14008,7312,1
14009,7312,1
14010,7312,1
14011,7312,1
14012,7312,1
14013,7312,1
14014,7312,1
14015,7312,1
14016,7312,1
14017,7312,1
14018,7312,1
14019,7312,1
14020,7312,1
14021,7312,1
14022,7312,1
14023,7312,1
14024,7312,1
14025,7312,1
14026,7312,1
14027,7308,1
14028,7308,1
14029,7308,1
14030,7308,1
14031,7308,1
14032,7308,1
14033,7308,1
14034,7308,1
14035,7308,1
14036,7308,1
14037,7308,1
14038,7308,1
14039,7308,1
14040,7308,1
14041,7308,1
14042,7308,1
14043,7308,1
14044,7308,1
14045,7308,1
14046,7308,1
14047,7308,1
14048,7308,1
14049,7308,1
14050,7308,1
14051,7308,1
14052,7308,1
14053,7308,1
14054,7308,1
14055,7308,1
14056,7308,1
14057,7308,1
14058,7308,1
14059,7308,1
14060,7308,1
14061,7308,1
14062,7308,1
14063,7308,1
14064,7308,1
14065,7308,1
14066,7308,1
14067,7308,1
14068,7308,1
14069,7308,1
14070,7308,1
14071,7308,1
14072,7308,1
14073,7308,1
14074,7308,1
14075,7308,1
14076,7308,1
14077,7308,1
14078,7308,1
14079,7308,1
14080,7308,1
14081,7308,1
14082,7308,1
14083,7308,1
14084,7308,1
14085,7308,1
14086,7308,1
14087,7308,1
14088,7308,1
14089,7308,1
14090,7308,1
14091,7308,1
14092,7308,1
14093,7308,1
14094,7308,1
14095,7308,1
14096,7308,1
14097,7308,1
14098,7308,1
14099,7308,1
14100,7308,1
14101,7308,1
14102,7308,1
14103,7308,1
14104,7308,1
14105,7308,1
14106,7308,1
14107,7308,1
14108,7308,1
14109,7308,1
14110,7308,1
14111,7308,1
14112,7308,1
14113,7308,1
14114,7308,1
14115,7308,1
14116,7308,1
14117,7308,1
14118,7308,1
14119,7308,1
14120,7308,1
14121,7308,1
14122,7308,1
14123,7308,1
14124,7308,1
14125,7308,1
14126,7308,1
14127,7308,1
14128,7308,1
14129,7308,1
14130,7308,1
14131,7308,1
14132,7308,1
14133,7308,1
14134,7308,1
14135,7308,1
14136,7308,1
14137,7308,1
14138,7308,1
14139,7308,1
14140,7308,1
14141,7308,1
14142,7308,1
14143,7308,1
14144,7308,1
14145,7308,1
14146,7308,1
14147,7308,1
14148,7308,1
14149,7308,1
14150,7308,1
14151,7308,1
14152,7308,1
14153,7308,1
14154,7308,1
14155,7308,1
14156,7308,1
14157,7308,1
14158,7308,1
14159,7308,1
14160,7308,1
14161,7308,1
14162,7308,1
14163,7308,1
14164,7308,1
14165,7308,1
14166,7308,1
14167,7308,1
14168,7308,1
14169,7308,1
14170,7308,1
14171,7308,1
14172,7308,1
14173,7308,1
14174,7308,1
14175,7308,1
14176,7308,1
14177,7308,1
14178,7308,1
14179,7308,1
14180,7308,1
14181,7308,1
14182,7308,1
14183,7308,1
14184,7308,1
14185,7308,1
14186,7308,1
14187,7308,1
14188,7308,1
14189,7308,1
14190,7308,1
14191,7308,1
14192,7308,1
14193,7308,1
14194,7308,1
14195,7308,1
14196,7308,1
14197,7308,1
14198,7308,1
14199,7308,1
14200,7308,1
14201,7308,1
14202,7308,1
14203,7308,1
14204,7308,1
14205,7308,1
14206,7308,1
14207,7308,1
14208,7308,1
14209,7308,1
14210,7308,1
14211,7308,1
14212,7308,1
14213,7308,1
14214,7308,1
14215,7308,1
14216,7308,1
14217,7308,1
14218,7308,1
14219,7308,1
14220,7308,1
14221,7308,1
14222,7308,1
14223,7308,1
14224,7308,1
14225,7308,1
14226,7308,1
14227,7308,1
14228,7308,1
14229,7308,1
14230,7308,1
14231,7308,1
14232,7308,1
14233,7308,1
14234,7308,1
14235,7308,1
14236,7308,1
14237,7308,1
14238,7308,1
14239,7308,1
14240,7308,1
14241,7308,1
14242,7308,1
14243,7308,1
14244,7308,1
14245,7308,1
14246,7308,1
14247,7307,1
14248,7313,1
14249,7307,1
14250,7313,1
14251,7307,1
14252,7312,1
14253,7312,1
14254,7312,1
14255,7312,1
14256,7312,1
14257,7312,1
14258,7312,1
14259,7312,1
14260,7312,1
14261,7312,1
14262,7312,1
14263,7311,1
14264,7311,1
14265,7311,1
14266,7311,1
14267,7311,1
14268,7311,1
14269,7311,1
14270,7311,1
14271,7311,1
14272,7311,1
14273,7311,1
14274,7311,1
14275,7311,1
14276,7311,1
14277,7311,1
14278,7311,1
14279,7311,1
14280,7311,1
14281,7311,1
14282,7311,1
14283,7311,1
14284,7311,1
14285,7311,1
14286,7311,1
14287,7311,1
14288,7311,1
14289,7311,1
14290,7311,1
14291,7311,1
14292,7311,1
14293,7311,1
14294,7311,1
14295,7311,1
14296,7311,1
14297,7311,1
14298,7311,1
14299,7311,1
14300,7311,1
14301,7311,1
14302,7311,1
14303,7311,1
14304,7311,1
14305,7311,1
14306,7311,1
14307,7311,1
14308,7311,1
14309,7315,1
14310,7315,1
14311,7301,1
14312,7301,1
14313,7301,1
14314,7301,1
14315,7301,1
14316,7301,1
14317,7301,1
14318,7301,1
14319,7301,1
14320,7301,1
14321,7301,1
14322,7301,1
14323,7301,1
14324,7301,1
14325,7301,1
14326,7301,1
14327,7301,1
14328,7301,1
14329,7301,1
14330,7301,1
14331,7301,1
14332,7301,1
14333,7301,1
14334,7301,1
14335,7301,1
14336,7301,1
14337,7301,1
14338,7301,1
14339,7312,1
14340,7312,1
14341,7312,1
14342,7312,1
14343,7312,1
14344,7306,1
14345,7306,1
14346,7306,1
14347,7306,1
14348,7306,1
14349,7306,1
14350,7306,1
14351,7306,1
14352,7306,1
14353,7306,1
14354,7306,1
14355,7306,1
14356,7306,1
14357,7306,1
14358,7312,1
14359,7312,1
14360,7312,1
14361,7309,1
14362,7309,1
14363,7309,1
14364,7309,1
14365,7309,1
14366,7309,1
14367,7309,1
14368,7309,1
14369,7309,1
14370,7309,1
14371,7309,1
14372,7309,1
14373,7309,1
14374,7309,1
14375,7309,1
14376,7309,1
14377,7309,1
14378,7309,1
14379,7309,1
14380,7309,1
14381,7309,1
14382,7309,1
14383,7309,1
14384,7309,1
14385,7309,1
14386,7309,1
14387,7309,1
14388,7309,1
14389,7309,1
14390,7309,1
14391,7309,1
14392,7309,1
14393,7309,1
14394,7309,1
14395,7309,1
14396,7309,1
14397,7309,1
14398,7309,1
14399,7301,1
14400,7301,1
14401,7301,1
14402,7301,1
14403,7316,1
14404,7312,1
14405,7319,1
14406,7319,1
14407,7319,1
14408,7319,1
14409,7319,1
14410,7319,1
14411,7319,1
14412,7319,1
14413,7319,1
14414,7319,1
14415,7319,1
14416,7319,1
14417,7319,1
14418,7319,1
14419,7319,1
14420,7319,1
14421,7319,1
14422,7319,1
14423,7319,1
14424,7319,1
14425,7319,1
14426,7319,1
14427,7319,1
14428,7319,1
14429,7319,1
14430,7319,1
14431,7319,1
14432,7319,1
14433,7319,1
14434,7319,1
14435,7319,1
14436,7319,1
14437,7319,1
14438,7319,1
14439,7319,1
14440,7319,1
14441,7319,1
14442,7319,1
14443,7319,1
14444,7319,1
14445,7319,1
14446,7319,1
14447,7319,1
14448,7319,1
14449,7319,1
14450,7319,1
14451,7319,1
14452,7319,1
14453,7319,1
14454,7319,1
14455,7319,1
14456,7319,1
14457,7319,1
14458,7319,1
14459,7319,1
14460,7319,1
14461,7319,1
14462,7319,1
14463,7319,1
14464,7313,1
14465,7313,1
14466,7313,1
14467,7313,1
14468,7313,1
14469,7313,1
14470,7313,1
14471,7313,1
14472,7313,1
14473,7313,1
14474,7313,1
14475,7313,1
14476,7313,1
14477,7313,1
14478,7313,1
14479,7313,1
14480,7313,1
14481,7313,1
14482,7313,1
14483,7313,1
14484,7313,1
14485,7313,1
14486,7313,1
14487,7313,1
14488,7313,1
14489,7313,1
14490,7313,1
14491,7313,1
14492,7313,1
14493,7313,1
14494,7313,1
14495,7313,1
14496,7313,1
14497,7313,1
14498,7313,1
14499,7313,1
14500,7313,1
14501,7313,1
14502,7313,1
14503,7313,1
14504,7313,1
14505,7313,1
14506,7313,1
14507,7313,1
14508,7313,1
14509,7313,1
14510,7313,1
14511,7313,1
14512,7313,1
14513,7313,1
14514,7313,1
14515,7313,1
14516,7313,1
14517,7313,1
14518,7307,1
14519,7307,1
14520,7307,1
14521,7307,1
14522,7307,1
14523,7307,1
14524,7307,1
14525,7307,1
14526,7307,1
14527,7307,1
14528,7307,1
14529,7307,1
14530,7307,1
14531,7307,1
14532,7307,1
14533,7307,1
14534,7307,1
14535,7307,1
14536,7307,1
14537,7307,1
14538,7307,1
14539,7307,1
14540,7307,1
14541,7307,1
14542,7307,1
14543,7307,1
14544,7307,1
14545,7307,1
14546,7307,1
14547,7307,1
14548,7307,1
14549,7307,1
14550,7307,1
14551,7307,1
14552,7307,1
14553,7307,1
14554,7307,1
14555,7307,1
14556,7307,1
14557,7307,1
14558,7307,1
14559,7307,1
14560,7307,1
14561,7313,1
14562,7313,1
14563,7313,1
14564,7313,1
14565,7313,1
14566,7313,1
14567,7313,1
14568,7313,1
14569,7313,1
14570,7313,1
14571,7313,1
14572,7313,1
14573,7313,1
14574,7313,1
14575,7313,1
14576,7313,1
14577,7313,1
14578,7313,1
14579,7313,1
14580,7313,1
14581,7313,1
14582,7313,1
14583,7313,1
14584,7313,1
14585,7313,1
14586,7313,1
14587,7313,1
14588,7313,1
14589,7313,1
14590,7313,1
14591,7313,1
14592,7313,1
14593,7313,1
14594,7313,1
14595,7313,1
14596,7313,1
14597,7313,1
14598,7313,1
14599,7313,1
14600,7313,1
14601,7313,1
14602,7313,1
14603,7313,1
14604,7313,1
14605,7313,1
14606,7313,1
14607,7313,1
14608,7313,1
14609,7313,1
14610,7313,1
14611,7313,1
14612,7313,1
14613,7313,1
14614,7313,1
14615,7313,1
14616,7313,1
14617,7313,1
14618,7313,1
14619,7313,1
14620,7313,1
14621,7313,1
14622,7313,1
14623,7313,1
14624,7313,1
14625,7313,1
14626,7313,1
14627,7313,1
14628,7313,1
14629,7313,1
14630,7313,1
14631,7307,1
14632,7307,1
14633,7307,1
14634,7307,1
14635,7307,1
14636,7307,1
14637,7307,1
14638,7307,1
14639,7307,1
14640,7307,1
14641,7307,1
14642,7307,1
14643,7307,1
14644,7307,1
14645,7307,1
14646,7307,1
14647,7307,1
14648,7307,1
14649,7307,1
14650,7307,1
14651,7307,1
14652,7307,1
14653,7307,1
14654,7307,1
14655,7307,1
14656,7307,1
14657,7307,1
14658,7313,1
14659,7313,1
14660,7313,1
14661,7313,1
14662,7313,1
14663,7313,1
14664,7313,1
14665,7313,1
14666,7313,1
14667,7313,1
14668,7313,1
14669,7313,1
14670,7313,1
14671,7313,1
14672,7313,1
14673,7313,1
14674,7313,1
14675,7313,1
14676,7313,1
14677,7313,1
14678,7313,1
14679,7313,1
14680,7313,1
14681,7313,1
14682,7313,1
14683,7313,1
14684,7313,1
14685,7313,1
14686,7313,1
14687,7313,1
14688,7313,1
14689,7313,1
14690,7313,1
14691,7313,1
14692,7313,1
14693,7313,1
14694,7313,1
14695,7313,1
14696,7313,1
14697,7313,1
14698,7313,1
14699,7313,1
14700,7313,1
14701,7313,1
14702,7313,1
14703,7307,1
14704,7307,1
14705,7307,1
14706,7307,1
14707,7307,1
14708,7307,1
14709,7307,1
14710,7307,1
14711,7307,1
14712,7307,1
14713,7307,1
14714,7307,1
14715,7307,1
14716,7307,1
14717,7307,1
14718,7307,1
14719,7307,1
14720,7307,1
14721,7307,1
14722,7307,1
14723,7307,1
14724,7307,1
14725,7307,1
14726,7307,1
14727,7307,1
14728,7307,1
14729,7307,1
14730,7307,1
14731,7307,1
14732,7307,1
14733,7307,1
14734,7307,1
14735,7307,1
14736,7307,1
14737,7307,1
14738,7307,1
14739,7307,1
14740,7307,1
14741,7307,1
14742,7307,1
14743,7307,1
14744,7307,1
14745,7307,1
14746,7307,1
14747,7307,1
14748,7307,1
14749,7307,1
14750,7307,1
14751,7307,1
14752,7307,1
14753,7307,1
14754,7307,1
14755,7307,1
14756,7307,1
14757,7307,1
14758,7307,1
14759,7307,1
14760,7307,1
14761,7307,1
14762,7307,1
14763,7307,1
14764,7307,1
14765,7307,1
14766,7307,1
14767,7307,1
14768,7307,1
14769,7307,1
14770,7307,1
14771,7307,1
14772,7307,1
14773,7307,1
14774,7307,1
14775,7307,1
14776,7307,1
14777,7307,1
14778,7307,1
14779,7307,1
14780,7307,1
14781,7307,1
14782,7307,1
14783,7307,1
14784,7307,1
14785,7307,1
14786,7307,1
14787,7307,1
14788,7307,1
14789,7307,1
14790,7307,1
14791,7307,1
14792,7307,1
14793,7307,1
14794,7307,1
14795,7307,1
14796,7307,1
14797,7307,1
14798,7307,1
14799,7307,1
14800,7307,1
14801,7307,1
14802,7307,1
14803,7307,1
14804,7307,1
14805,7307,1
14806,7307,1
14807,7307,1
14808,7307,1
14809,7307,1
14810,7307,1
14811,7307,1
14812,7307,1
14813,7307,1
14814,7307,1
14815,7307,1
14816,7307,1
14817,7307,1
14818,7307,1
14819,7307,1
14820,7307,1
14821,7307,1
14822,7307,1
14823,7307,1
14824,7307,1
14825,7307,1
14826,7307,1
14827,7307,1
14828,7307,1
14829,7307,1
14830,7307,1
14831,7307,1
14832,7307,1
14833,7307,1
14834,7307,1
14835,7307,1
14836,7307,1
14837,7307,1
14838,7307,1
14839,7307,1
14840,7307,1
14841,7307,1
14842,7307,1
14843,7307,1
14844,7307,1
14845,7307,1
14846,7307,1
14847,7307,1
14848,7307,1
14849,7307,1
14850,7307,1
14851,7307,1
14852,7307,1
14853,7307,1
14854,7307,1
14855,7307,1
14856,7307,1
14857,7307,1
14858,7307,1
14859,7307,1
14860,7307,1
14861,7307,1
14862,7307,1
14863,7307,1
14864,7307,1
14865,7307,1
14866,7307,1
14867,7307,1
14868,7307,1
14869,7307,1
14870,7307,1
14871,7307,1
14872,7307,1
14873,7307,1
14874,7307,1
14875,7307,1
14876,7307,1
14877,7307,1
14878,7307,1
14879,7307,1
14880,7307,1
14881,7307,1
14882,7307,1
14883,7307,1
14884,7307,1
14885,7307,1
14886,7307,1
14887,7307,1
14888,7307,1
14889,7307,1
14890,7307,1
14891,7307,1
14892,7307,1
14893,7307,1
14894,7307,1
14895,7307,1
14896,7307,1
14897,7307,1
14898,7307,1
14899,7307,1
14900,7307,1
14901,7307,1
14902,7307,1
14903,7307,1
14904,7307,1
14905,7307,1
14906,7307,1
14907,7307,1
14908,7307,1
14909,7307,1
14910,7307,1
14911,7307,1
14912,7307,1
14913,7307,1
14914,7307,1
14915,7307,1
14916,7307,1
14917,7307,1
14918,7307,1
14919,7307,1
14920,7307,1
14921,7307,1
14922,7307,1
14923,7307,1
14924,7307,1
14925,7307,1
14926,7307,1
14927,7307,1
14928,7307,1
14929,7307,1
14930,7307,1
14931,7307,1
14932,7307,1
14933,7307,1
14934,7307,1
14935,7307,1
14936,7307,1
14937,7307,1
14938,7307,1
14939,7307,1
14940,7307,1
14941,7307,1
14942,7307,1
14943,7307,1
14944,7307,1
14945,7307,1
14946,7307,1
14947,7307,1
14948,7307,1
14949,7307,1
14950,7307,1
14951,7307,1
14952,7307,1
14953,7307,1
14954,7307,1
14955,7307,1
14956,7309,1
14957,7309,1
14958,7309,1
14959,7309,1
14960,7309,1
14961,7309,1
14962,7309,1
14963,7309,1
14964,7309,1
14965,7309,1
14966,7309,1
14967,7309,1
14968,7309,1
14969,7309,1
14970,7309,1
14971,7309,1
14972,7309,1
14973,7309,1
14974,7309,1
14975,7309,1
14976,7309,1
14977,7309,1
14978,7309,1
14979,7309,1
14980,7309,1
14981,7309,1
14982,7309,1
14983,7309,1
14984,7309,1
14985,7309,1
14986,7309,1
14987,7309,1
14988,7309,1
14989,7309,1
14990,7309,1
14991,7309,1
14992,7309,1
14993,7309,1
14994,7309,1
14995,7309,1
14996,7309,1
14997,7309,1
14998,7309,1
14999,7309,1
15000,7309,1
15001,7309,1
15002,7309,1
15003,7309,1
15004,7309,1
15005,7309,1
15006,7309,1
15007,7309,1
15008,7309,1
15009,7309,1
15010,7309,1
15011,7309,1
15012,7309,1
15013,7309,1
15014,7309,1
15015,7309,1
15016,7309,1
15017,7309,1
15018,7309,1
15019,7309,1
15020,7309,1
15021,7309,1
15022,7309,1
15023,7309,1
15024,7309,1
15025,7309,1
15026,7309,1
15027,7309,1
15028,7309,1
15029,7309,1
15030,7309,1
15031,7309,1
15032,7309,1
15033,7309,1
15034,7309,1
15035,7309,1
15036,7309,1
15037,7309,1
15038,7309,1
15039,7309,1
15040,7309,1
15041,7309,1
15042,7309,1
15043,7309,1
15044,7309,1
15045,7309,1
15046,7309,1
15047,7309,1
15048,7309,1
15049,7309,1
15050,7309,1
15051,7309,1
15052,7309,1
15053,7309,1
15054,7309,1
15055,7309,1
15056,7309,1
15057,7309,1
15058,7309,1
15059,7309,1
15060,7309,1
15061,7309,1
15062,7309,1
15063,7309,1
15064,7309,1
15065,7309,1
15066,7309,1
15067,7309,1
15068,7309,1
15069,7309,1
15070,7309,1
15071,7309,1
15072,7309,1
15073,7309,1
15074,7309,1
15075,7309,1
15076,7309,1
15077,7309,1
15078,7309,1
15079,7309,1
15080,7309,1
15081,7309,1
15082,7309,1
15083,7309,1
15084,7309,1
15085,7309,1
15086,7309,1
15087,7309,1
15088,7309,1
15089,7309,1
15090,7309,1
15091,7309,1
15092,7309,1
15093,7309,1
15094,7309,1
15095,7309,1
15096,7309,1
15097,7309,1
15098,7309,1
15099,7309,1
15100,7309,1
15101,7309,1
15102,7309,1
15103,7309,1
15104,7309,1
15105,7309,1
15106,7309,1
15107,7309,1
15108,7309,1
15109,7309,1
15110,7309,1
15111,7309,1
15112,7309,1
15113,7309,1
15114,7309,1
15115,7309,1
15116,7309,1
15117,7309,1
15118,7309,1
15119,7309,1
15120,7309,1
15121,7309,1
15122,7309,1
15123,7309,1
15124,7309,1
15125,7309,1
15126,7309,1
15127,7309,1
15128,7309,1
15129,7309,1
15130,7309,1
15131,7309,1
15132,7309,1
15133,7309,1
15134,7309,1
15135,7309,1
15136,7309,1
15137,7309,1
15138,7309,1
15139,7309,1
15140,7309,1
15141,7309,1
15142,7309,1
15143,7309,1
15144,7309,1
15145,7309,1
15146,7309,1
15147,7309,1
15148,7309,1
15149,7309,1
15150,7309,1
15151,7309,1
15152,7309,1
15153,7309,1
15154,7309,1
15155,7309,1
15156,7309,1
15157,7309,1
15158,7309,1
15159,7309,1
15160,7309,1
15161,7309,1
15162,7309,1
15163,7309,1
15164,7309,1
15165,7309,1
15166,7309,1
15167,7309,1
15168,7309,1
15169,7309,1
15170,7309,1
15171,7309,1
15172,7309,1
15173,7309,1
15174,7309,1
15175,7309,1
15176,7309,1
15177,7309,1
15178,7309,1
15179,7309,1
15180,7309,1
15181,7309,1
15182,7309,1
15183,7309,1
15184,7309,1
15185,7309,1
15186,7309,1
15187,7309,1
15188,7309,1
15189,7309,1
15190,7309,1
15191,7309,1
15192,7309,1
15193,7309,1
15194,7309,1
15195,7309,1
15196,7309,1
15197,7309,1
15198,7309,1
15199,7309,1
15200,7309,1
15201,7309,1
15202,7309,1
15203,7309,1
15204,7309,1
15205,7309,1
15206,7309,1
15207,7309,1
15208,7309,1
15209,7309,1
15210,7309,1
15211,7309,1
15212,7309,1
15213,7309,1
15214,7309,1
15215,7309,1
15216,7309,1
15217,7309,1
15218,7309,1
15219,7309,1
15220,7309,1
15221,7309,1
15222,7309,1
15223,7309,1
15224,7309,1
15225,7309,1
15226,7309,1
15227,7309,1
15228,7309,1
15229,7309,1
15230,7309,1
15231,7309,1
15232,7309,1
15233,7309,1
15234,7309,1
15235,7309,1
15236,7309,1
15237,7309,1
15238,7309,1
15239,7309,1
15240,7309,1
15241,7309,1
15242,7309,1
15243,7309,1
15244,7309,1
15245,7309,1
15246,7309,1
15247,7309,1
15248,7309,1
15249,7309,1
15250,7309,1
15251,7309,1
15252,7309,1
15253,7309,1
15254,7309,1
15255,7309,1
15256,7309,1
15257,7309,1
15258,7309,1
15259,7309,1
15260,7309,1
15261,7309,1
15262,7309,1
15263,7309,1
15264,7309,1
15265,7309,1
15266,7309,1
15267,7309,1
15268,7309,1
15269,7309,1
15270,7309,1
15271,7309,1
15272,7309,1
15273,7309,1
15274,7309,1
15275,7309,1
15276,7309,1
15277,7309,1
15278,7309,1
15279,7309,1
15280,7309,1
15281,7309,1
15282,7309,1
15283,7309,1
15284,7309,1
15285,7309,1
15286,7309,1
15287,7309,1
15288,7309,1
15289,7309,1
15290,7309,1
15291,7309,1
15292,7309,1
15293,7309,1
15294,7309,1
15295,7309,1
15296,7309,1
15297,7309,1
15298,7309,1
15299,7309,1
15300,7309,1
15301,7309,1
15302,7309,1
15303,7309,1
15304,7309,1
15305,7309,1
15306,7309,1
15307,7309,1
15308,7309,1
15309,7309,1
15310,7309,1
15311,7309,1
15312,7309,1
15313,7309,1
15314,7309,1
15315,7309,1
15316,7309,1
15317,7309,1
15318,7309,1
15319,7309,1
15320,7309,1
15321,7309,1
15322,7309,1
15323,7309,1
15324,7309,1
15325,7309,1
15326,7309,1
15327,7309,1
15328,7309,1
15329,7309,1
15330,7309,1
15331,7309,1
15332,7309,1
15333,7309,1
15334,7309,1
15335,7309,1
15336,7309,1
15337,7309,1
15338,7309,1
15339,7309,1
15340,7309,1
15341,7309,1
15342,7309,1
15343,7309,1
15344,7309,1
15345,7309,1
15346,7309,1
15347,7309,1
15348,7309,1
15349,7309,1
15350,7309,1
15351,7309,1
15352,7309,1
15353,7309,1
15354,7309,1
15355,7309,1
15356,7309,1
15357,7309,1
15358,7309,1
15359,7309,1
15360,7309,1
15361,7309,1
15362,7309,1
15363,7309,1
15364,7309,1
15365,7309,1
15366,7309,1
15367,7309,1
15368,7309,1
15369,7309,1
15370,7309,1
15371,7309,1
15372,7309,1
15373,7309,1
15374,7309,1
15375,7309,1
15376,7309,1
15377,7309,1
15378,7309,1
15379,7309,1
15380,7309,1
15381,7309,1
15382,7309,1
15383,7309,1
15384,7309,1
15385,7309,1
15386,7309,1
15387,7309,1
15388,7309,1
15389,7309,1
15390,7309,1
15391,7309,1
15392,7309,1
15393,7309,1
15394,7309,1
15395,7309,1
15396,7309,1
15397,7309,1
15398,7309,1
15399,7309,1
15400,7309,1
15401,7309,1
15402,7309,1
15403,7309,1
15404,7309,1
15405,7309,1
15406,7309,1
15407,7309,1
15408,7309,1
15409,7309,1
15410,7309,1
15411,7309,1
15412,7309,1
15413,7309,1
15414,7309,1
15415,7309,1
15416,7309,1
15417,7309,1
15418,7309,1
15419,7309,1
15420,7309,1
15421,7309,1
15422,7309,1
15423,7309,1
15424,7309,1
15425,7309,1
15426,7309,1
15427,7309,1
15428,7309,1
15429,7309,1
15430,7309,1
15431,7309,1
15432,7309,1
15433,7309,1
15434,7309,1
15435,7309,1
15436,7309,1
15437,7309,1
15438,7309,1
15439,7309,1
15440,7309,1
15441,7309,1
15442,7309,1
15443,7309,1
15444,7309,1
15445,7309,1
15446,7309,1
15447,7309,1
15448,7309,1
15449,7309,1
15450,7309,1
15451,7309,1
15452,7309,1
15453,7309,1
15454,7309,1
15455,7309,1
15456,7309,1
15457,7309,1
15458,7309,1
15459,7309,1
15460,7309,1
15461,7309,1
15462,7309,1
15463,7309,1
15464,7309,1
15465,7309,1
15466,7309,1
15467,7309,1
15468,7309,1
15469,7309,1
15470,7309,1
15471,7309,1
15472,7309,1
15473,7309,1
15474,7309,1
15475,7309,1
15476,7309,1
15477,7309,1
15478,7309,1
15479,7309,1
15480,7309,1
15481,7309,1
15482,7309,1
15483,7309,1
15484,7309,1
15485,7309,1
15486,7309,1
15487,7309,1
15488,7309,1
15489,7309,1
15490,7309,1
15491,7309,1
15492,7309,1
15493,7309,1
15494,7309,1
15495,7309,1
15496,7309,1
15497,7309,1
15498,7309,1
15499,7309,1
15500,7309,1
15501,7309,1
15502,7309,1
15503,7309,1
15504,7309,1
15505,7309,1
15506,7309,1
15507,7309,1
15508,7309,1
15509,7309,1
15510,7309,1
15511,7309,1
15512,7309,1
15513,7309,1
15514,7309,1
15515,7309,1
15516,7309,1
15517,7309,1
15518,7309,1
15519,7309,1
15520,7309,1
15521,7309,1
15522,7309,1
15523,7309,1
15524,7309,1
15525,7309,1
15526,7309,1
15527,7309,1
15528,7309,1
15529,7309,1
15530,7309,1
15531,7309,1
15532,7309,1
15533,7309,1
15534,7309,1
15535,7309,1
15536,7309,1
15537,7309,1
15538,7309,1
15539,7309,1
15540,7309,1
15541,7309,1
15542,7309,1
15543,7309,1
15544,7309,1
15545,7309,1
15546,7309,1
15547,7309,1
15548,7309,1
15549,7309,1
15550,7309,1
15551,7309,1
15552,7309,1
15553,7309,1
15554,7309,1
15555,7309,1
15556,7309,1
15557,7309,1
15558,7309,1
15559,7309,1
15560,7309,1
15561,7309,1
15562,7309,1
15563,7309,1
15564,7309,1
15565,7309,1
15566,7309,1
15567,7309,1
15568,7309,1
15569,7309,1
15570,7309,1
15571,7309,1
15572,7309,1
15573,7309,1
15574,7309,1
15575,7309,1
15576,7309,1
15577,7309,1
15578,7309,1
15579,7309,1
15580,7309,1
15581,7309,1
15582,7309,1
15583,7309,1
15584,7309,1
15585,7309,1
15586,7309,1
15587,7309,1
15588,7309,1
15589,7309,1
15590,7309,1
15591,7309,1
15592,7309,1
15593,7309,1
15594,7309,1
15595,7309,1
15596,7309,1
15597,7309,1
15598,7309,1
15599,7309,1
15600,7309,1
15601,7309,1
15602,7309,1
15603,7309,1
15604,7309,1
15605,7309,1
15606,7309,1
15607,7309,1
15608,7309,1
15609,7309,1
15610,7309,1
15611,7309,1
15612,7309,1
15613,7309,1
15614,7309,1
15615,7309,1
15616,7309,1
15617,7309,1
15618,7309,1
15619,7309,1
15620,7309,1
15621,7309,1
15622,7309,1
15623,7309,1
15624,7309,1
15625,7309,1
15626,7309,1
15627,7309,1
15628,7309,1
15629,7309,1
15630,7309,1
15631,7309,1
15632,7309,1
15633,7309,1
15634,7309,1
15635,7309,1
15636,7309,1
15637,7309,1
15638,7309,1
15639,7309,1
15640,7309,1
15641,7309,1
15642,7309,1
15643,7309,1
15644,7309,1
15645,7309,1
15646,7309,1
15647,7309,1
15648,7309,1
15649,7309,1
15650,7309,1
15651,7309,1
15652,7309,1
15653,7309,1
15654,7309,1
15655,7309,1
15656,7309,1
15657,7309,1
15658,7309,1
15659,7309,1
15660,7309,1
15661,7309,1
15662,7309,1
15663,7309,1
15664,7309,1
15665,7309,1
15666,7309,1
15667,7309,1
15668,7309,1
15669,7309,1
15670,7309,1
15671,7309,1
15672,7309,1
15673,7309,1
15674,7309,1
15675,7309,1
15676,7309,1
15677,7309,1
15678,7309,1
15679,7309,1
15680,7309,1
15681,7309,1
15682,7309,1
15683,7309,1
15684,7309,1
15685,7309,1
15686,7309,1
15687,7309,1
15688,7309,1
15689,7309,1
15690,7309,1
15691,7309,1
15692,7309,1
15693,7309,1
15694,7309,1
15695,7309,1
15696,7309,1
15697,7309,1
15698,7309,1
15699,7309,1
15700,7309,1
15701,7309,1
15702,7309,1
15703,7309,1
15704,7309,1
15705,7309,1
15706,7309,1
15707,7309,1
15708,7309,1
15709,7309,1
15710,7309,1
15711,7309,1
15712,7309,1
15713,7309,1
15714,7309,1
15715,7309,1
15716,7309,1
15717,7309,1
15718,7309,1
15719,7309,1
15720,7309,1
15721,7309,1
15722,7309,1
15723,7309,1
15724,7309,1
15725,7309,1
15726,7309,1
15727,7309,1
15728,7309,1
15729,7309,1
15730,7309,1
15731,7309,1
15732,7309,1
15733,7309,1
15734,7309,1
15735,7309,1
15736,7309,1
15737,7309,1
15738,7309,1
15739,7309,1
15740,7309,1
15741,7309,1
15742,7304,1
15743,7304,1
15744,7304,1
15745,7304,1
15746,7304,1
15747,7304,1
15748,7304,1
15749,7309,1
15750,7309,1
15751,7309,1
15752,7309,1
15753,7309,1
15754,7309,1
15755,7309,1
15756,7309,1
15757,7309,1
15758,7309,1
15759,7309,1
15760,7309,1
15761,7309,1
15762,7309,1
15763,7309,1
15764,7309,1
15765,7309,1
15766,7309,1
15767,7309,1
15768,7309,1
15769,7309,1
15770,7309,1
15771,7309,1
15772,7309,1
15773,7309,1
15774,7309,1
15775,7309,1
15776,7309,1
15777,7309,1
15778,7309,1
15779,7309,1
15780,7309,1
15781,7309,1
15782,7309,1
15783,7309,1
15784,7309,1
15785,7309,1
15786,7309,1
15787,7309,1
15788,7309,1
15789,7309,1
15790,7309,1
15791,7309,1
15792,7309,1
15793,7309,1
15794,7309,1
15795,7309,1
15796,7309,1
15797,7309,1
15798,7309,1
15799,7309,1
15800,7309,1
15801,7309,1
15802,7309,1
15803,7309,1
15804,7309,1
15805,7309,1
15806,7309,1
15807,7309,1
15808,7309,1
15809,7309,1
15810,7309,1
15811,7309,1
15812,7309,1
15813,7309,1
15814,7309,1
15815,7309,1
15816,7309,1
15817,7309,1
15818,7309,1
15819,7309,1
15820,7309,1
15821,7309,1
15822,7309,1
15823,7309,1
15824,7309,1
15825,7309,1
15826,7309,1
15827,7309,1
15828,7309,1
15829,7309,1
15830,7309,1
15831,7309,1
15832,7309,1
15833,7309,1
15834,7309,1
15835,7309,1
15836,7309,1
15837,7309,1
15838,7309,1
15839,7309,1
15840,7309,1
15841,7309,1
15842,7309,1
15843,7309,1
15844,7309,1
15845,7309,1
15846,7309,1
15847,7309,1
15848,7309,1
15849,7309,1
15850,7309,1
15851,7309,1
15852,7309,1
15853,7309,1
15854,7309,1
15855,7309,1
15856,7309,1
15857,7309,1
15858,7309,1
15859,7309,1
15860,7309,1
15861,7309,1
15862,7309,1
15863,7309,1
15864,7309,1
15865,7309,1
15866,7309,1
15867,7309,1
15868,7309,1
15869,7309,1
15870,7309,1
15871,7309,1
15872,7309,1
15873,7309,1
15874,7309,1
15875,7309,1
15876,7309,1
15877,7309,1
15878,7309,1
15879,7309,1
15880,7309,1
15881,7309,1
15882,7309,1
15883,7309,1
15884,7309,1
15885,7309,1
15886,7309,1
15887,7309,1
15888,7309,1
15889,7309,1
15890,7309,1
15891,7309,1
15892,7309,1
15893,7309,1
15894,7309,1
15895,7309,1
15896,7309,1
15897,7309,1
15898,7309,1
15899,7309,1
15900,7309,1
15901,7309,1
15902,7309,1
15903,7309,1
15904,7309,1
15905,7309,1
15906,7309,1
15907,7309,1
15908,7309,1
15909,7309,1
15910,7309,1
15911,7309,1
15912,7309,1
15913,7309,1
15914,7309,1
15915,7309,1
15916,7309,1
15917,7309,1
15918,7309,1
15919,7309,1
15920,7309,1
15921,7309,1
15922,7309,1
15923,7309,1
15924,7309,1
15925,7309,1
15926,7309,1
15927,7309,1
15928,7309,1
15929,7309,1
15930,7309,1
15931,7309,1
15932,7309,1
15933,7309,1
15934,7309,1
15935,7309,1
15936,7309,1
15937,7309,1
15938,7309,1
15939,7309,1
15940,7309,1
15941,7309,1
15942,7309,1
15943,7309,1
15944,7309,1
15945,7309,1
15946,7309,1
15947,7309,1
15948,7309,1
15949,7309,1
15950,7309,1
15951,7309,1
15952,7309,1
15953,7309,1
15954,7309,1
15955,7309,1
15956,7309,1
15957,7309,1
15958,7309,1
15959,7309,1
15960,7309,1
15961,7309,1
15962,7309,1
15963,7309,1
15964,7309,1
15965,7309,1
15966,7309,1
15967,7309,1
15968,7309,1
15969,7309,1
15970,7309,1
15971,7309,1
15972,7309,1
15973,7309,1
15974,7309,1
15975,7309,1
15976,7309,1
15977,7309,1
15978,7309,1
15979,7309,1
15980,7309,1
15981,7309,1
15982,7309,1
15983,7309,1
15984,7309,1
15985,7309,1
15986,7309,1
15987,7309,1
15988,7309,1
15989,7309,1
15990,7309,1
15991,7309,1
15992,7309,1
15993,7309,1
15994,7309,1
15995,7309,1
15996,7309,1
15997,7309,1
15998,7309,1
15999,7304,1
16000,7304,1
16001,7304,1
16002,7304,1
16003,7304,1
16004,7304,1
16005,7304,1
16006,7304,1
16007,7304,1
16008,7304,1
16009,7304,1
16010,7304,1
16011,7304,1
16012,7304,1
16013,7304,1
16014,7304,1
16015,7304,1
16016,7304,1
16017,7304,1
16018,7304,1
16019,7304,1
16020,7304,1
16021,7304,1
16022,7304,1
16023,7304,1
16024,7304,1
16025,7304,1
16026,7304,1
16027,7304,1
16028,7304,1
16029,7304,1
16030,7304,1
16031,7304,1
16032,7304,1
16033,7304,1
16034,7304,1
16035,7304,1
16036,7304,1
16037,7304,1
16038,7304,1
16039,7304,1
16040,7304,1
16041,7304,1
16042,7304,1
16043,7304,1
16044,7304,1
16045,7304,1
16046,7304,1
16047,7304,1
16048,7304,1
16049,7304,1
16050,7304,1
16051,7304,1
16052,7304,1
16053,7304,1
16054,7304,1
16055,7304,1
16056,7304,1
16057,7304,1
16058,7304,1
16059,7304,1
16060,7304,1
16061,7304,1
16062,7304,1
16063,7304,1
16064,7304,1
16065,7304,1
16066,7304,1
16067,7304,1
16068,7304,1
16069,7304,1
16070,7304,1
16071,7304,1
16072,7304,1
16073,7304,1
16074,7304,1
16075,7304,1
16076,7304,1
16077,7304,1
16078,7304,1
16079,7304,1
16080,7304,1
16081,7304,1
16082,7304,1
16083,7304,1
16084,7304,1
16085,7304,1
16086,7304,1
16087,7304,1
16088,7304,1
16089,7304,1
16090,7304,1
16091,7304,1
16092,7304,1
16093,7304,1
16094,7304,1
16095,7304,1
16096,7304,1
16097,7304,1
16098,7304,1
16099,7304,1
16100,7304,1
16101,7304,1
16102,7304,1
16103,7304,1
16104,7304,1
16105,7304,1
16106,7304,1
16107,7304,1
16108,7304,1
16109,7304,1
16110,7304,1
16111,7304,1
16112,7304,1
16113,7304,1
16114,7304,1
16115,7304,1
16116,7304,1
16117,7304,1
16118,7304,1
16119,7304,1
16120,7304,1
16121,7304,1
16122,7304,1
16123,7304,1
16124,7304,1
16125,7304,1
16126,7304,1
16127,7304,1
16128,7304,1
16129,7304,1
16130,7304,1
16131,7304,1
16132,7304,1
16133,7304,1
16134,7304,1
16135,7304,1
16136,7304,1
16137,7304,1
16138,7304,1
16139,7304,1
16140,7304,1
16141,7304,1
16142,7304,1
16143,7304,1
16144,7304,1
16145,7304,1
16146,7304,1
16147,7304,1
16148,7304,1
16149,7304,1
16150,7304,1
16151,7304,1
16152,7304,1
16153,7304,1
16154,7304,1
16155,7304,1
16156,7304,1
16157,7304,1
16158,7304,1
16159,7304,1
16160,7304,1
16161,7304,1
16162,7304,1
16163,7304,1
16164,7304,1
16165,7304,1
16166,7304,1
16167,7304,1
16168,7304,1
16169,7304,1
16170,7304,1
16171,7304,1
16172,7304,1
16173,7304,1
16174,7304,1
16175,7304,1
16176,7304,1
16177,7304,1
16178,7304,1
16179,7304,1
16180,7304,1
16181,7304,1
16182,7304,1
16183,7304,1
16184,7304,1
16185,7304,1
16186,7304,1
16187,7304,1
16188,7304,1
16189,7304,1
16190,7304,1
16191,7304,1
16192,7304,1
16193,7304,1
16194,7304,1
16195,7304,1
16196,7304,1
16197,7304,1
16198,7304,1
16199,7304,1
16200,7304,1
16201,7304,1
16202,7304,1
16203,7304,1
16204,7304,1
16205,7304,1
16206,7304,1
16207,7304,1
16208,7304,1
16209,7304,1
16210,7304,1
16211,7304,1
16212,7304,1
16213,7304,1
16214,7304,1
16215,7304,1
16216,7304,1
16217,7304,1
16218,7304,1
16219,7304,1
16220,7304,1
16221,7304,1
16222,7304,1
16223,7304,1
16224,7304,1
16225,7304,1
16226,7304,1
16227,7304,1
16228,7304,1
16229,7304,1
16230,7304,1
16231,7304,1
16232,7304,1
16233,7304,1
16234,7304,1
16235,7301,1
16236,7301,1
16237,7301,1
16238,7301,1
16239,7301,1
16240,7301,1
16241,7301,1
16242,7301,1
16243,7301,1
16244,7301,1
16245,7301,1
16246,7301,1
16247,7301,1
16248,7301,1
16249,7301,1
16250,7301,1
16251,7301,1
16252,7301,1
16253,7301,1
16254,7301,1
16255,7301,1
16256,7301,1
16257,7301,1
16258,7301,1
16259,7301,1
16260,7301,1
16261,7301,1
16262,7301,1
16263,7301,1
16264,7301,1
16265,7301,1
16266,7301,1
16267,7301,1
16268,7301,1
16269,7301,1
16270,7301,1
16271,7301,1
16272,7301,1
16273,7301,1
16274,7301,1
16275,7301,1
16276,7301,1
16277,7301,1
16278,7301,1
16279,7301,1
16280,7301,1
16281,7301,1
16282,7301,1
16283,7301,1
16284,7301,1
16285,7301,1
16286,7301,1
16287,7301,1
16288,7301,1
16289,7301,1
16290,7301,1
16291,7301,1
16292,7301,1
16293,7301,1
16294,7301,1
16295,7301,1
16296,7301,1
16297,7301,1
16298,7301,1
16299,7301,1
16300,7301,1
16301,7301,1
16302,7301,1
16303,7301,1
16304,7301,1
16305,7301,1
16306,7301,1
16307,7301,1
16308,7301,1
16309,7301,1
16310,7301,1
16311,7301,1
16312,7301,1
16313,7301,1
16314,7301,1
16315,7301,1
16316,7301,1
16317,7301,1
16318,7301,1
16319,7301,1
16320,7301,1
16321,7301,1
16322,7301,1
16323,7301,1
16324,7301,1
16325,7301,1
16326,7301,1
16327,7301,1
16328,7301,1
16329,7301,1
16330,7301,1
16331,7301,1
16332,7301,1
16333,7301,1
16334,7301,1
16335,7301,1
16336,7301,1
16337,7301,1
16338,7301,1
16339,7301,1
16340,7301,1
16341,7301,1
16342,7301,1
16343,7301,1
16344,7301,1
16345,7301,1
16346,7301,1
16347,7301,1
16348,7301,1
16349,7301,1
16350,7301,1
16351,7301,1
16352,7301,1
16353,7301,1
16354,7301,1
16355,7301,1
16356,7301,1
16357,7301,1
16358,7301,1
16359,7301,1
16360,7301,1
16361,7301,1
16362,7301,1
16363,7301,1
16364,7301,1
16365,7301,1
16366,7301,1
16367,7301,1
16368,7301,1
16369,7301,1
16370,7301,1
16371,7301,1
16372,7301,1
16373,7301,1
16374,7301,1
16375,7301,1
16376,7301,1
16377,7301,1
16378,7301,1
16379,7301,1
16380,7301,1
16381,7301,1
16382,7301,1
16383,7301,1
16384,7301,1
16385,7301,1
16386,7301,1
16387,7301,1
16388,7301,1
16389,7301,1
16390,7301,1
16391,7301,1
16392,7301,1
16393,7301,1
16394,7301,1
16395,7301,1
16396,7301,1
16397,7301,1
16398,7301,1
16399,7301,1
16400,7301,1
16401,7301,1
16402,7301,1
16403,7301,1
16404,7301,1
16405,7301,1
16406,7301,1
16407,7301,1
16408,7301,1
16409,7301,1
16410,7301,1
16411,7301,1
16412,7301,1
16413,7301,1
16414,7301,1
16415,7301,1
16416,7301,1
16417,7301,1
16418,7301,1
16419,7301,1
16420,7301,1
16421,7301,1
16422,7301,1
16423,7301,1
16424,7301,1
16425,7301,1
16426,7301,1
16427,7301,1
16428,7301,1
16429,7301,1
16430,7301,1
16431,7301,1
16432,7301,1
16433,7301,1
16434,7301,1
16435,7301,1
16436,7301,1
16437,7301,1
16438,7301,1
16439,7301,1
16440,7301,1
16441,7301,1
16442,7301,1
16443,7301,1
16444,7301,1
16445,7301,1
16446,7301,1
16447,7301,1
16448,7301,1
16449,7301,1
16450,7301,1
16451,7301,1
16452,7301,1
16453,7301,1
16454,7301,1
16455,7301,1
16456,7301,1
16457,7301,1
16458,7301,1
16459,7301,1
16460,7301,1
16461,7301,1
16462,7301,1
16463,7301,1
16464,7301,1
16465,7301,1
16466,7301,1
16467,7301,1
16468,7301,1
16469,7301,1
16470,7301,1
16471,7301,1
16472,7301,1
16473,7301,1
16474,7301,1
16475,7301,1
16476,7301,1
16477,7301,1
16478,7301,1
16479,7301,1
16480,7301,1
16481,7301,1
16482,7301,1
16483,7301,1
16484,7301,1
16485,7301,1
16486,7301,1
16487,7301,1
16488,7301,1
16489,7301,1
16490,7301,1
16491,7301,1
16492,7301,1
16493,7301,1
16494,7301,1
16495,7302,1
16496,7302,1
16497,7302,1
16498,7302,1
16499,7302,1
16500,7302,1
16501,7302,1
16502,7302,1
16503,7302,1
16504,7302,1
16505,7302,1
16506,7302,1
16507,7302,1
16508,7302,1
16509,7302,1
16510,7302,1
16511,7302,1
16512,7302,1
16513,7302,1
16514,7302,1
16515,7302,1
16516,7302,1
16517,7302,1
16518,7302,1
16519,7302,1
16520,7302,1
16521,7302,1
16522,7302,1
16523,7302,1
16524,7302,1
16525,7302,1
16526,7302,1
16527,7302,1
16528,7302,1
16529,7302,1
16530,7302,1
16531,7302,1
16532,7302,1
16533,7302,1
16534,7302,1
16535,7302,1
16536,7302,1
16537,7302,1
16538,7302,1
16539,7302,1
16540,7302,1
16541,7302,1
16542,7302,1
16543,7302,1
16544,7302,1
16545,7302,1
16546,7302,1
16547,7302,1
16548,7302,1
16549,7302,1
16550,7302,1
16551,7302,1
16552,7302,1
16553,7302,1
16554,7302,1
16555,7302,1
16556,7302,1
16557,7302,1
16558,7302,1
16559,7302,1
16560,7302,1
16561,7302,1
16562,7302,1
16563,7302,1
16564,7302,1
16565,7302,1
16566,7302,1
16567,7302,1
16568,7302,1
16569,7302,1
16570,7302,1
16571,7302,1
16572,7302,1
16573,7302,1
16574,7302,1
16575,7302,1
16576,7302,1
16577,7302,1
16578,7302,1
16579,7302,1
16580,7302,1
16581,7302,1
16582,7302,1
16583,7302,1
16584,7302,1
16585,7302,1
16586,7302,1
16587,7302,1
16588,7302,1
16589,7302,1
16590,7302,1
16591,7302,1
16592,7302,1
16593,7302,1
16594,7302,1
16595,7302,1
16596,7302,1
16597,7302,1
16598,7302,1
16599,7302,1
16600,7302,1
16601,7302,1
16602,7302,1
16603,7302,1
16604,7302,1
16605,7302,1
16606,7302,1
16607,7302,1
16608,7302,1
16609,7302,1
16610,7302,1
16611,7302,1
16612,7302,1
16613,7302,1
16614,7302,1
16615,7302,1
16616,7302,1
16617,7302,1
16618,7302,1
16619,7302,1
16620,7302,1
16621,7302,1
16622,7302,1
16623,7302,1
16624,7302,1
16625,7302,1
16626,7302,1
16627,7302,1
16628,7302,1
16629,7302,1
16630,7302,1
16631,7302,1
16632,7301,1
16633,7301,1
16634,7301,1
16635,7301,1
16636,7301,1
16637,7301,1
16638,7301,1
16639,7301,1
16640,7301,1
16641,7301,1
16642,7301,1
16643,7301,1
16644,7301,1
16645,7301,1
16646,7301,1
16647,7301,1
16648,7301,1
16649,7301,1
16650,7301,1
16651,7301,1
16652,7301,1
16653,7301,1
16654,7301,1
16655,7301,1
16656,7301,1
16657,7301,1
16658,7301,1
16659,7301,1
16660,7301,1
16661,7301,1
16662,7301,1
16663,7301,1
16664,7301,1
16665,7301,1
16666,7301,1
16667,7301,1
16668,7301,1
16669,7301,1
16670,7301,1
16671,7301,1
16672,7301,1
16673,7301,1
16674,7301,1
16675,7301,1
16676,7301,1
16677,7301,1
16678,7302,1
16679,7302,1
16680,7302,1
16681,7302,1
16682,7302,1
16683,7302,1
16684,7302,1
16685,7302,1
16686,7302,1
16687,7302,1
16688,7302,1
16689,7302,1
16690,7302,1
16691,7302,1
16692,7302,1
16693,7302,1
16694,7302,1
16695,7302,1
16696,7302,1
16697,7302,1
16698,7302,1
16699,7302,1
16700,7302,1
16701,7302,1
16702,7302,1
16703,7302,1
16704,7302,1
16705,7302,1
16706,7302,1
16707,7302,1
16708,7302,1
16709,7302,1
16710,7302,1
16711,7302,1
16712,7302,1
16713,7302,1
16714,7302,1
16715,7302,1
16716,7302,1
16717,7302,1
16718,7302,1
16719,7302,1
16720,7302,1
16721,7302,1
16722,7302,1
16723,7302,1
16724,7302,1
16725,7302,1
16726,7302,1
16727,7302,1
16728,7302,1
16729,7302,1
16730,7302,1
16731,7302,1
16732,7302,1
16733,7302,1
16734,7302,1
16735,7302,1
16736,7302,1
16737,7302,1
16738,7302,1
16739,7302,1
16740,7302,1
16741,7302,1
16742,7302,1
16743,7302,1
16744,7302,1
16745,7302,1
16746,7302,1
16747,7302,1
16748,7302,1
16749,7302,1
16750,7302,1
16751,7302,1
16752,7302,1
16753,7302,1
16754,7302,1
16755,7302,1
16756,7302,1
16757,7302,1
16758,7302,1
16759,7302,1
16760,7302,1
16761,7302,1
16762,7302,1
16763,7302,1
16764,7302,1
16765,7302,1
16766,7302,1
16767,7302,1
16768,7302,1
16769,7302,1
16770,7302,1
16771,7302,1
16772,7302,1
16773,7302,1
16774,7302,1
16775,7302,1
16776,7302,1
16777,7302,1
16778,7302,1
16779,7302,1
16780,7302,1
16781,7302,1
16782,7302,1
16783,7302,1
16784,7302,1
16785,7302,1
16786,7302,1
16787,7302,1
16788,7302,1
16789,7302,1
16790,7302,1
16791,7302,1
16792,7302,1
16793,7302,1
16794,7302,1
16795,7302,1
16796,7302,1
16797,7302,1
16798,7302,1
16799,7302,1
16800,7302,1
16801,7302,1
16802,7302,1
16803,7302,1
16804,7302,1
16805,7302,1
16806,7302,1
16807,7302,1
16808,7302,1
16809,7302,1
16810,7302,1
16811,7302,1
16812,7302,1
16813,7302,1
16814,7302,1
16815,7302,1
16816,7302,1
16817,7302,1
16818,7302,1
16819,7302,1
16820,7302,1
16821,7302,1
16822,7302,1
16823,7302,1
16824,7302,1
16825,7302,1
16826,7302,1
16827,7302,1
16828,7302,1
16829,7302,1
16830,7302,1
16831,7302,1
16832,7302,1
16833,7302,1
16834,7302,1
16835,7302,1
16836,7302,1
16837,7302,1
16838,7302,1
16839,7302,1
16840,7302,1
16841,7302,1
16842,7302,1
16843,7302,1
16844,7302,1
16845,7302,1
16846,7302,1
16847,7302,1
16848,7302,1
16849,7302,1
16850,7302,1
16851,7302,1
16852,7302,1
16853,7302,1
16854,7302,1
16855,7302,1
16856,7302,1
16857,7302,1
16858,7302,1
16859,7302,1
16860,7302,1
16861,7302,1
16862,7302,1
16863,7302,1
16864,7302,1
16865,7302,1
16866,7302,1
16867,7302,1
16868,7302,1
16869,7302,1
16870,7302,1
16871,7302,1
16872,7302,1
16873,7302,1
16874,7302,1
16875,7302,1
16876,7302,1
16877,7302,1
16878,7302,1
16879,7302,1
16880,7302,1
16881,7302,1
16882,7302,1
16883,7302,1
16884,7302,1
16885,7302,1
16886,7302,1
16887,7302,1
16888,7302,1
16889,7302,1
16890,7302,1
16891,7302,1
16892,7302,1
16893,7302,1
16894,7302,1
16895,7302,1
16896,7302,1
16897,7302,1
16898,7302,1
16899,7302,1
16900,7302,1
16901,7302,1
16902,7302,1
16903,7302,1
16904,7302,1
16905,7302,1
16906,7302,1
16907,7302,1
16908,7302,1
16909,7302,1
16910,7302,1
16911,7302,1
16912,7302,1
16913,7302,1
16914,7302,1
16915,7302,1
16916,7302,1
16917,7302,1
16918,7302,1
16919,7302,1
16920,7302,1
16921,7302,1
16922,7302,1
16923,7302,1
16924,7302,1
16925,7302,1
16926,7302,1
16927,7302,1
16928,7302,1
16929,7302,1
16930,7302,1
16931,7302,1
16932,7302,1
16933,7302,1
16934,7302,1
16935,7302,1
16936,7302,1
16937,7302,1
16938,7302,1
16939,7302,1
16940,7302,1
16941,7302,1
16942,7302,1
16943,7302,1
16944,7302,1
16945,7302,1
16946,7302,1
16947,7302,1
16948,7302,1
16949,7302,1
16950,7302,1
16951,7302,1
16952,7302,1
16953,7302,1
16954,7302,1
16955,7302,1
16956,7302,1
16957,7302,1
16958,7302,1
16959,7302,1
16960,7302,1
16961,7302,1
16962,7302,1
16963,7302,1
16964,7302,1
16965,7302,1
16966,7302,1
16967,7302,1
16968,7302,1
16969,7302,1
16970,7302,1
16971,7302,1
16972,7302,1
16973,7302,1
16974,7302,1
16975,7302,1
16976,7302,1
16977,7302,1
16978,7302,1
16979,7302,1
16980,7302,1
16981,7302,1
16982,7302,1
16983,7302,1
16984,7302,1
16985,7302,1
16986,7302,1
16987,7302,1
16988,7302,1
16989,7302,1
16990,7302,1
16991,7302,1
16992,7302,1
16993,7302,1
16994,7302,1
16995,7302,1
16996,7302,1
16997,7302,1
16998,7302,1
16999,7302,1
17000,7302,1
17001,7302,1
17002,7302,1
17003,7302,1
17004,7302,1
17005,7302,1
17006,7302,1
17007,7302,1
17008,7302,1
17009,7302,1
17010,7302,1
17011,7302,1
17012,7302,1
17013,7302,1
17014,7302,1
17015,7302,1
17016,7302,1
17017,7302,1
17018,7302,1
17019,7302,1
17020,7302,1
17021,7302,1
17022,7302,1
17023,7302,1
17024,7302,1
17025,7302,1
17026,7302,1
17027,7302,1
17028,7302,1
17029,7302,1
17030,7302,1
17031,7302,1
17032,7302,1
17033,7302,1
17034,7302,1
17035,7302,1
17036,7302,1
17037,7302,1
17038,7302,1
17039,7302,1
17040,7302,1
17041,7302,1
17042,7302,1
17043,7302,1
17044,7302,1
17045,7302,1
17046,7302,1
17047,7302,1
17048,7302,1
17049,7302,1
17050,7302,1
17051,7302,1
17052,7302,1
17053,7302,1
17054,7302,1
17055,7302,1
17056,7302,1
17057,7302,1
17058,7302,1
17059,7302,1
17060,7302,1
17061,7302,1
17062,7302,1
17063,7302,1
17064,7302,1
17065,7302,1
17066,7302,1
17067,7302,1
17068,7302,1
17069,7302,1
17070,7302,1
17071,7302,1
17072,7302,1
17073,7302,1
17074,7302,1
17075,7302,1
17076,7302,1
17077,7302,1
17078,7302,1
17079,7302,1
17080,7302,1
17081,7302,1
17082,7302,1
17083,7302,1
17084,7302,1
17085,7302,1
17086,7302,1
17087,7302,1
17088,7302,1
17089,7302,1
17090,7302,1
17091,7302,1
17092,7302,1
17093,7302,1
17094,7302,1
17095,7302,1
17096,7302,1
17097,7302,1
17098,7302,1
17099,7302,1
17100,7302,1
17101,7302,1
17102,7302,1
17103,7302,1
17104,7302,1
17105,7302,1
17106,7302,1
17107,7302,1
17108,7302,1
17109,7302,1
17110,7302,1
17111,7302,1
17112,7302,1
17113,7302,1
17114,7302,1
17115,7302,1
17116,7302,1
17117,7302,1
17118,7302,1
17119,7302,1
17120,7302,1
17121,7302,1
17122,7302,1
17123,7302,1
17124,7302,1
17125,7302,1
17126,7302,1
17127,7302,1
17128,7302,1
17129,7302,1
17130,7302,1
17131,7302,1
17132,7302,1
17133,7302,1
17134,7302,1
17135,7302,1
17136,7302,1
17137,7302,1
17138,7302,1
17139,7302,1
17140,7302,1
17141,7302,1
17142,7302,1
17143,7302,1
17144,7302,1
17145,7302,1
17146,7302,1
17147,7302,1
17148,7302,1
17149,7302,1
17150,7302,1
17151,7302,1
17152,7302,1
17153,7302,1
17154,7302,1
17155,7302,1
17156,7302,1
17157,7302,1
17158,7302,1
17159,7302,1
17160,7302,1
17161,7302,1
17162,7302,1
17163,7302,1
17164,7302,1
17165,7302,1
17166,7302,1
17167,7302,1
17168,7302,1
17169,7302,1
17170,7302,1
17171,7302,1
17172,7302,1
17173,7302,1
17174,7302,1
17175,7302,1
17176,7302,1
17177,7302,1
17178,7302,1
17179,7302,1
17180,7302,1
17181,7302,1
17182,7302,1
17183,7302,1
17184,7302,1
17185,7302,1
17186,7302,1
17187,7302,1
17188,7302,1
17189,7302,1
17190,7302,1
17191,7302,1
17192,7302,1
17193,7302,1
17194,7302,1
17195,7302,1
17196,7302,1
17197,7302,1
17198,7302,1
17199,7302,1
17200,7302,1
17201,7302,1
17202,7302,1
17203,7302,1
17204,7302,1
17205,7302,1
17206,7302,1
17207,7302,1
17208,7302,1
17209,7302,1
17210,7302,1
17211,7302,1
17212,7302,1
17213,7302,1
17214,7302,1
17215,7302,1
17216,7302,1
17217,7302,1
17218,7302,1
17219,7302,1
17220,7302,1
17221,7302,1
17222,7302,1
17223,7302,1
17224,7302,1
17225,7302,1
17226,7302,1
17227,7302,1
17228,7302,1
17229,7302,1
17230,7302,1
17231,7302,1
17232,7302,1
17233,7302,1
17234,7302,1
17235,7302,1
17236,7302,1
17237,7302,1
17238,7302,1
17239,7302,1
17240,7302,1
17241,7302,1
17242,7302,1
17243,7302,1
17244,7302,1
17245,7302,1
17246,7302,1
17247,7302,1
17248,7302,1
17249,7302,1
17250,7302,1
17251,7302,1
17252,7302,1
17253,7302,1
17254,7302,1
17255,7302,1
17256,7302,1
17257,7302,1
17258,7302,1
17259,7302,1
17260,7302,1
17261,7302,1
17262,7302,1
17263,7302,1
17264,7302,1
17265,7302,1
17266,7302,1
17267,7302,1
17268,7302,1
17269,7302,1
17270,7302,1
17271,7302,1
17272,7302,1
17273,7302,1
17274,7302,1
17275,7302,1
17276,7302,1
17277,7302,1
17278,7302,1
17279,7302,1
17280,7302,1
17281,7302,1
17282,7302,1
17283,7302,1
17284,7302,1
17285,7302,1
17286,7302,1
17287,7302,1
17288,7302,1
17289,7302,1
17290,7302,1
17291,7302,1
17292,7302,1
17293,7302,1
17294,7302,1
17295,7302,1
17296,7302,1
17297,7302,1
17298,7302,1
17299,7302,1
17300,7302,1
17301,7302,1
17302,7302,1
17303,7302,1
17304,7302,1
17305,7302,1
17306,7302,1
17307,7302,1
17308,7302,1
17309,7302,1
17310,7302,1
17311,7302,1
17312,7302,1
17313,7302,1
17314,7302,1
17315,7302,1
17316,7302,1
17317,7302,1
17318,7302,1
17319,7302,1
17320,7302,1
17321,7302,1
17322,7302,1
17323,7302,1
17324,7302,1
17325,7302,1
17326,7302,1
17327,7302,1
17328,7302,1
17329,7302,1
17330,7302,1
17331,7302,1
17332,7302,1
17333,7302,1
17334,7302,1
17335,7302,1
17336,7302,1
17337,7302,1
17338,7302,1
17339,7302,1
17340,7302,1
17341,7302,1
17342,7302,1
17343,7302,1
17344,7302,1
17345,7302,1
17346,7302,1
17347,7302,1
17348,7302,1
17349,7302,1
17350,7302,1
17351,7302,1
17352,7302,1
17353,7302,1
17354,7302,1
17355,7302,1
17356,7302,1
17357,7302,1
17358,7302,1
17359,7302,1
17360,7302,1
17361,7302,1
17362,7302,1
17363,7302,1
17364,7302,1
17365,7302,1
17366,7302,1
17367,7302,1
17368,7302,1
17369,7302,1
17370,7302,1
17371,7302,1
17372,7302,1
17373,7302,1
17374,7302,1
17375,7302,1
17376,7302,1
17377,7302,1
17378,7302,1
17379,7302,1
17380,7302,1
17381,7302,1
17382,7302,1
17383,7302,1
17384,7302,1
17385,7302,1
17386,7302,1
17387,7302,1
17388,7302,1
17389,7302,1
17390,7302,1
17391,7302,1
17392,7302,1
17393,7302,1
17394,7302,1
17395,7302,1
17396,7302,1
17397,7302,1
17398,7302,1
17399,7302,1
17400,7302,1
17401,7302,1
17402,7302,1
17403,7302,1
17404,7302,1
17405,7302,1
17406,7302,1
17407,7302,1
17408,7302,1
17409,7302,1
17410,7302,1
17411,7302,1
17412,7302,1
17413,7302,1
17414,7302,1
17415,7302,1
17416,7302,1
17417,7302,1
17418,7302,1
17419,7302,1
17420,7302,1
17421,7302,1
17422,7302,1
17423,7302,1
17424,7302,1
17425,7302,1
17426,7302,1
17427,7302,1
17428,7302,1
17429,7302,1
17430,7302,1
17431,7302,1
17432,7302,1
17433,7302,1
17434,7302,1
17435,7302,1
17436,7302,1
17437,7302,1
17438,7302,1
17439,7302,1
17440,7302,1
17441,7302,1
17442,7302,1
17443,7302,1
17444,7302,1
17445,7302,1
17446,7302,1
17447,7302,1
17448,7302,1
17449,7302,1
17450,7302,1
17451,7302,1
17452,7302,1
17453,7302,1
17454,7302,1
17455,7302,1
17456,7302,1
17457,7302,1
17458,7302,1
17459,7302,1
17460,7302,1
17461,7302,1
17462,7302,1
17463,7302,1
17464,7302,1
17465,7302,1
17466,7302,1
17467,7302,1
17468,7302,1
17469,7302,1
17470,7302,1
17471,7302,1
17472,7302,1
17473,7302,1
17474,7302,1
17475,7302,1
17476,7302,1
17477,7302,1
17478,7302,1
17479,7302,1
17480,7302,1
17481,7302,1
17482,7302,1
17483,7302,1
17484,7302,1
17485,7302,1
17486,7302,1
17487,7302,1
17488,7302,1
17489,7302,1
17490,7302,1
17491,7302,1
17492,7302,1
17493,7302,1
17494,7302,1
17495,7302,1
17496,7302,1
17497,7302,1
17498,7302,1
17499,7302,1
17500,7302,1
17501,7302,1
17502,7302,1
17503,7302,1
17504,7302,1
17505,7302,1
17506,7302,1
17507,7302,1
17508,7302,1
17509,7302,1
17510,7302,1
17511,7302,1
17512,7302,1
17513,7302,1
17514,7302,1
17515,7302,1
17516,7302,1
17517,7302,1
17518,7302,1
17519,7302,1
17520,7302,1
17521,7302,1
17522,7302,1
17523,7302,1
17524,7302,1
17525,7302,1
17526,7302,1
17527,7302,1
17528,7302,1
17529,7302,1
17530,7302,1
17531,7302,1
17532,7302,1
17533,7302,1
17534,7302,1
17535,7302,1
17536,7302,1
17537,7302,1
17538,7302,1
17539,7302,1
17540,7302,1
17541,7302,1
17542,7302,1
17543,7302,1
17544,7302,1
17545,7302,1
17546,7302,1
17547,7302,1
17548,7302,1
17549,7302,1
17550,7302,1
17551,7302,1
17552,7302,1
17553,7302,1
17554,7302,1
17555,7302,1
17556,7302,1
17557,7302,1
17558,7302,1
17559,7302,1
17560,7302,1
17561,7302,1
17562,7302,1
17563,7302,1
17564,7302,1
17565,7302,1
17566,7302,1
17567,7302,1
17568,7302,1
17569,7302,1
17570,7302,1
17571,7302,1
17572,7302,1
17573,7302,1
17574,7302,1
17575,7302,1
17576,7302,1
17577,7302,1
17578,7302,1
17579,7302,1
17580,7302,1
17581,7302,1
17582,7302,1
17583,7302,1
17584,7302,1
17585,7302,1
17586,7302,1
17587,7302,1
17588,7302,1
17589,7302,1
17590,7302,1
17591,7302,1
17592,7302,1
17593,7302,1
17594,7302,1
17595,7302,1
17596,7302,1
17597,7302,1
17598,7302,1
17599,7302,1
17600,7302,1
17601,7302,1
17602,7302,1
17603,7302,1
17604,7302,1
17605,7302,1
17606,7302,1
17607,7302,1
17608,7302,1
17609,7302,1
17610,7302,1
17611,7302,1
17612,7302,1
17613,7302,1
17614,7302,1
17615,7302,1
17616,7302,1
17617,7302,1
17618,7302,1
17619,7302,1
17620,7302,1
17621,7302,1
17622,7302,1
17623,7302,1
17624,7302,1
17625,7302,1
17626,7302,1
17627,7302,1
17628,7302,1
17629,7302,1
17630,7302,1
17631,7302,1
17632,7302,1
17633,7302,1
17634,7302,1
17635,7302,1
17636,7302,1
17637,7302,1
17638,7302,1
17639,7302,1
17640,7302,1
17641,7302,1
17642,7302,1
17643,7302,1
17644,7302,1
17645,7302,1
17646,7302,1
17647,7302,1
17648,7302,1
17649,7302,1
17650,7302,1
17651,7302,1
17652,7302,1
17653,7302,1
17654,7302,1
17655,7302,1
17656,7302,1
17657,7302,1
17658,7302,1
17659,7302,1
17660,7302,1
17661,7302,1
17662,7302,1
17663,7302,1
17664,7302,1
17665,7302,1
17666,7302,1
17667,7302,1
17668,7302,1
17669,7302,1
17670,7302,1
17671,7302,1
17672,7302,1
17673,7302,1
17674,7302,1
17675,7302,1
17676,7302,1
17677,7302,1
17678,7302,1
17679,7302,1
17680,7302,1
17681,7302,1
17682,7302,1
17683,7302,1
17684,7302,1
17685,7302,1
17686,7302,1
17687,7302,1
17688,7302,1
17689,7302,1
17690,7302,1
17691,7302,1
17692,7302,1
17693,7302,1
17694,7302,1
17695,7302,1
17696,7302,1
17697,7302,1
17698,7302,1
17699,7302,1
17700,7302,1
17701,7302,1
17702,7302,1
17703,7302,1
17704,7302,1
17705,7302,1
17706,7302,1
17707,7302,1
17708,7302,1
17709,7302,1
17710,7302,1
17711,7302,1
17712,7302,1
17713,7302,1
17714,7302,1
17715,7302,1
17716,7302,1
17717,7302,1
17718,7302,1
17719,7302,1
17720,7302,1
17721,7302,1
17722,7302,1
17723,7302,1
17724,7302,1
17725,7302,1
17726,7302,1
17727,7302,1
17728,7302,1
17729,7302,1
17730,7302,1
17731,7302,1
17732,7302,1
17733,7302,1
17734,7302,1
17735,7302,1
17736,7302,1
17737,7302,1
17738,7302,1
17739,7302,1
17740,7302,1
17741,7302,1
17742,7302,1
17743,7302,1
17744,7302,1
17745,7302,1
17746,7302,1
17747,7302,1
17748,7302,1
17749,7302,1
17750,7302,1
17751,7302,1
17752,7302,1
17753,7302,1
17754,7302,1
17755,7302,1
17756,7302,1
17757,7302,1
17758,7302,1
17759,7302,1
17760,7302,1
17761,7302,1
17762,7302,1
17763,7302,1
17764,7302,1
17765,7302,1
17766,7302,1
17767,7302,1
17768,7302,1
17769,7302,1
17770,7302,1
17771,7302,1
17772,7302,1
17773,7302,1
17774,7302,1
17775,7302,1
17776,7302,1
17777,7302,1
17778,7302,1
17779,7302,1
17780,7302,1
17781,7302,1
17782,7302,1
17783,7302,1
17784,7302,1
17785,7302,1
17786,7302,1
17787,7302,1
17788,7302,1
17789,7302,1
17790,7302,1
17791,7302,1
17792,7302,1
17793,7302,1
17794,7302,1
17795,7302,1
17796,7302,1
17797,7302,1
17798,7302,1
17799,7302,1
17800,7302,1
17801,7302,1
17802,7302,1
17803,7302,1
17804,7302,1
17805,7302,1
17806,7302,1
17807,7302,1
17808,7302,1
17809,7302,1
17810,7302,1
17811,7302,1
17812,7302,1
17813,7302,1
17814,7302,1
17815,7302,1
17816,7302,1
17817,7302,1
17818,7302,1
17819,7302,1
17820,7302,1
17821,7302,1
17822,7302,1
17823,7302,1
17824,7302,1
17825,7302,1
17826,7302,1
17827,7302,1
17828,7302,1
17829,7302,1
17830,7302,1
17831,7302,1
17832,7302,1
17833,7302,1
17834,7302,1
17835,7302,1
17836,7302,1
17837,7302,1
17838,7302,1
17839,7302,1
17840,7302,1
17841,7302,1
17842,7302,1
17843,7302,1
17844,7302,1
17845,7302,1
17846,7302,1
17847,7303,1
17848,7303,1
17849,7303,1
17850,7303,1
17851,7303,1
17852,7303,1
17853,7303,1
17854,7303,1
17855,7303,1
17856,7303,1
17857,7303,1
17858,7303,1
17859,7303,1
17860,7303,1
17861,7303,1
17862,7303,1
17863,7303,1
17864,7303,1
17865,7303,1
17866,7303,1
17867,7303,1
17868,7303,1
17869,7303,1
17870,7303,1
17871,7303,1
17872,7303,1
17873,7303,1
17874,7303,1
17875,7303,1
17876,7303,1
17877,7303,1
17878,7303,1
17879,7303,1
17880,7303,1
17881,7303,1
17882,7303,1
17883,7303,1
17884,7303,1
17885,7303,1
17886,7303,1
17887,7303,1
17888,7303,1
17889,7303,1
17890,7303,1
17891,7303,1
17892,7303,1
17893,7303,1
17894,7303,1
17895,7303,1
17896,7303,1
17897,7303,1
17898,7303,1
17899,7303,1
17900,7303,1
17901,7303,1
17902,7303,1
17903,7303,1
17904,7303,1
17905,7303,1
17906,7303,1
17907,7303,1
17908,7303,1
17909,7303,1
17910,7303,1
17911,7303,1
17912,7303,1
17913,7303,1
17914,7303,1
17915,7303,1
17916,7303,1
17917,7303,1
17918,7303,1
17919,7303,1
17920,7303,1
17921,7303,1
17922,7303,1
17923,7303,1
17924,7303,1
17925,7303,1
17926,7303,1
17927,7303,1
17928,7303,1
17929,7303,1
17930,7303,1
17931,7303,1
17932,7303,1
17933,7303,1
17934,7303,1
17935,7303,1
17936,7303,1
17937,7303,1
17938,7303,1
17939,7303,1
17940,7303,1
17941,7303,1
17942,7303,1
17943,7303,1
17944,7303,1
17945,7303,1
17946,7303,1
17947,7303,1
17948,7303,1
17949,7303,1
17950,7303,1
17951,7303,1
17952,7303,1
17953,7303,1
17954,7303,1
17955,7303,1
17956,7303,1
17957,7303,1
17958,7303,1
17959,7303,1
17960,7303,1
17961,7303,1
17962,7303,1
17963,7303,1
17964,7303,1
17965,7303,1
17966,7303,1
17967,7303,1
17968,7303,1
17969,7303,1
17970,7303,1
17971,7303,1
17972,7301,1
17973,7301,1
17974,7301,1
17975,7301,1
17976,7301,1
17977,7301,1
17978,7301,1
17979,7301,1
17980,7301,1
17981,7301,1
17982,7301,1
17983,7301,1
17984,7301,1
17985,7301,1
17986,7301,1
17987,7301,1
17988,7301,1
17989,7301,1
17990,7301,1
17991,7301,1
17992,7301,1
17993,7301,1
17994,7301,1
17995,7301,1
17996,7301,1
17997,7301,1
17998,7301,1
17999,7301,1
18000,7301,1
18001,7301,1
18002,7301,1
18003,7301,1
18004,7301,1
18005,7301,1
18006,7301,1
18007,7301,1
18008,7301,1
18009,7301,1
18010,7301,1
18011,7301,1
18012,7301,1
18013,7301,1
18014,7301,1
18015,7303,1
18016,7303,1
18017,7303,1
18018,7302,1
18019,7302,1
18020,7302,1
18021,7302,1
18022,7302,1
18023,7302,1
18024,7302,1
18025,7302,1
18026,7302,1
18027,7302,1
18028,7302,1
18029,7302,1
18030,7302,1
18031,7302,1
18032,7302,1
18033,7302,1
18034,7302,1
18035,7302,1
18036,7302,1
18037,7302,1
18038,7302,1
18039,7302,1
18040,7302,1
18041,7302,1
18042,7302,1
18043,7302,1
18044,7302,1
18045,7302,1
18046,7302,1
18047,7302,1
18048,7302,1
18049,7302,1
18050,7302,1
18051,7302,1
18052,7302,1
18053,7302,1
18054,7302,1
18055,7302,1
18056,7302,1
18057,7302,1
18058,7302,1
18059,7302,1
18060,7302,1
18061,7302,1
18062,7302,1
18063,7302,1
18064,7302,1
18065,7302,1
18066,7302,1
18067,7302,1
18068,7302,1
18069,7302,1
18070,7302,1
18071,7302,1
18072,7302,1
18073,7302,1
18074,7302,1
18075,7302,1
18076,7302,1
18077,7302,1
18078,7302,1
18079,7302,1
18080,7302,1
18081,7302,1
18082,7302,1
18083,7302,1
18084,7302,1
18085,7302,1
18086,7302,1
18087,7302,1
18088,7302,1
18089,7302,1
18090,7302,1
18091,7302,1
18092,7302,1
18093,7302,1
18094,7302,1
18095,7302,1
18096,7302,1
18097,7302,1
18098,7302,1
18099,7302,1
18100,7302,1
18101,7302,1
18102,7302,1
18103,7302,1
18104,7302,1
18105,7302,1
18106,7302,1
18107,7302,1
18108,7302,1
18109,7302,1
18110,7302,1
18111,7303,1
18112,7303,1
18113,7303,1
18114,7303,1
18115,7303,1
18116,7303,1
18117,7303,1
18118,7303,1
18119,7303,1
18120,7303,1
18121,7303,1
18122,7303,1
18123,7303,1
18124,7303,1
18125,7303,1
18126,7303,1
18127,7303,1
18128,7303,1
18129,7303,1
18130,7303,1
18131,7303,1
18132,7303,1
18133,7303,1
18134,7303,1
18135,7303,1
18136,7303,1
18137,7303,1
18138,7303,1
18139,7303,1
18140,7303,1
18141,7303,1
18142,7303,1
18143,7303,1
18144,7303,1
18145,7303,1
18146,7303,1
18147,7303,1
18148,7303,1
18149,7303,1
18150,7303,1
18151,7303,1
18152,7303,1
18153,7303,1
18154,7303,1
18155,7303,1
18156,7303,1
18157,7303,1
18158,7303,1
18159,7303,1
18160,7303,1
18161,7303,1
18162,7303,1
18163,7303,1
18164,7303,1
18165,7303,1
18166,7303,1
18167,7303,1
18168,7303,1
18169,7303,1
18170,7303,1
18171,7303,1
18172,7303,1
18173,7303,1
18174,7303,1
18175,7303,1
18176,7303,1
18177,7303,1
18178,7303,1
18179,7303,1
18180,7303,1
18181,7303,1
18182,7303,1
18183,7303,1
18184,7303,1
18185,7303,1
18186,7303,1
18187,7303,1
18188,7303,1
18189,7303,1
18190,7303,1
18191,7303,1
18192,7303,1
18193,7303,1
18194,7303,1
18195,7303,1
18196,7303,1
18197,7303,1
18198,7303,1
18199,7303,1
18200,7303,1
18201,7303,1
18202,7303,1
18203,7303,1
18204,7303,1
18205,7303,1
18206,7303,1
18207,7303,1
18208,7303,1
18209,7303,1
18210,7303,1
18211,7303,1
18212,7303,1
18213,7303,1
18214,7303,1
18215,7303,1
18216,7303,1
18217,7303,1
18218,7303,1
18219,7303,1
18220,7303,1
18221,7303,1
18222,7303,1
18223,7303,1
18224,7303,1
18225,7303,1
18226,7303,1
18227,7303,1
18228,7303,1
18229,7303,1
18230,7303,1
18231,7303,1
18232,7303,1
18233,7303,1
18234,7303,1
18235,7303,1
18236,7303,1
18237,7303,1
18238,7303,1
18239,7303,1
18240,7303,1
18241,7303,1
18242,7303,1
18243,7303,1
18244,7303,1
18245,7303,1
18246,7303,1
18247,7303,1
18248,7303,1
18249,7303,1
18250,7303,1
18251,7303,1
18252,7303,1
18253,7303,1
18254,7303,1
18255,7303,1
18256,7303,1
18257,7303,1
18258,7303,1
18259,7303,1
18260,7303,1
18261,7303,1
18262,7303,1
18263,7303,1
18264,7303,1
18265,7303,1
18266,7303,1
18267,7303,1
18268,7303,1
18269,7303,1
18270,7303,1
18271,7303,1
18272,7303,1
18273,7303,1
18274,7301,1
18275,7301,1
18276,7301,1
18277,7301,1
18278,7301,1
18279,7301,1
18280,7301,1
18281,7301,1
18282,7301,1
18283,7301,1
18284,7301,1
18285,7301,1
18286,7301,1
18287,7301,1
18288,7301,1
18289,7301,1
18290,7301,1
18291,7301,1
18292,7301,1
18293,7301,1
18294,7301,1
18295,7301,1
18296,7301,1
18297,7301,1
18298,7301,1
18299,7301,1
18300,7301,1
18301,7301,1
18302,7301,1
18303,7301,1
18304,7301,1
18305,7301,1
18306,7301,1
18307,7303,1
18308,7303,1
18309,7303,1
18310,7303,1
18311,7303,1
18312,7303,1
18313,7303,1
18314,7303,1
18315,7303,1
18316,7303,1
18317,7303,1
18318,7303,1
18319,7303,1
18320,7303,1
18321,7303,1
18322,7303,1
18323,7303,1
18324,7303,1
18325,7303,1
18326,7303,1
18327,7303,1
18328,7303,1
18329,7303,1
18330,7303,1
18331,7303,1
18332,7303,1
18333,7303,1
18334,7303,1
18335,7303,1
18336,7303,1
18337,7303,1
18338,7303,1
18339,7303,1
18340,7303,1
18341,7303,1
18342,7303,1
18343,7303,1
18344,7303,1
18345,7303,1
18346,7303,1
18347,7303,1
18348,7303,1
18349,7303,1
18350,7303,1
18351,7303,1
18352,7303,1
18353,7303,1
18354,7303,1
18355,7303,1
18356,7303,1
18357,7303,1
18358,7303,1
18359,7303,1
18360,7303,1
18361,7303,1
18362,7303,1
18363,7303,1
18364,7303,1
18365,7303,1
18366,7303,1
18367,7303,1
18368,7303,1
18369,7303,1
18370,7303,1
18371,7303,1
18372,7303,1
18373,7303,1
18374,7303,1
18375,7303,1
18376,7303,1
18377,7303,1
18378,7303,1
18379,7303,1
18380,7303,1
18381,7303,1
18382,7303,1
18383,7303,1
18384,7303,1
18385,7303,1
18386,7303,1
18387,7303,1
18388,7303,1
18389,7303,1
18390,7303,1
18391,7303,1
18392,7303,1
18393,7303,1
18394,7303,1
18395,7303,1
18396,7303,1
18397,7303,1
18398,7303,1
18399,7303,1
18400,7303,1
18401,7303,1
18402,7303,1
18403,7303,1
18404,7303,1
18405,7303,1
18406,7303,1
18407,7303,1
18408,7303,1
18409,7303,1
18410,7303,1
18411,7303,1
18412,7303,1
18413,7303,1
18414,7303,1
18415,7303,1
18416,7303,1
18417,7303,1
18418,7303,1
18419,7303,1
18420,7303,1
18421,7303,1
18422,7303,1
18423,7303,1
18424,7303,1
18425,7303,1
18426,7303,1
18427,7303,1
18428,7303,1
18429,7303,1
18430,7303,1
18431,7303,1
18432,7303,1
18433,7303,1
18434,7303,1
18435,7303,1
18436,7303,1
18437,7303,1
18438,7303,1
18439,7303,1
18440,7303,1
18441,7303,1
18442,7303,1
18443,7303,1
18444,7303,1
18445,7303,1
18446,7303,1
18447,7303,1
18448,7303,1
18449,7303,1
18450,7303,1
18451,7303,1
18452,7303,1
18453,7303,1
18454,7303,1
18455,7303,1
18456,7303,1
18457,7303,1
18458,7303,1
18459,7303,1
18460,7303,1
18461,7303,1
18462,7303,1
18463,7303,1
18464,7303,1
18465,7303,1
18466,7303,1
18467,7303,1
18468,7303,1
18469,7303,1
18470,7303,1
18471,7303,1
18472,7303,1
18473,7303,1
18474,7303,1
18475,7303,1
18476,7303,1
18477,7304,1
18478,7304,1
18479,7304,1
18480,7304,1
18481,7304,1
18482,7304,1
18483,7304,1
18484,7304,1
18485,7304,1
18486,7304,1
18487,7303,1
18488,7303,1
18489,7303,1
18490,7303,1
18491,7303,1
18492,7303,1
18493,7303,1
18494,7303,1
18495,7303,1
18496,7303,1
18497,7303,1
18498,7303,1
18499,7303,1
18500,7303,1
18501,7303,1
18502,7303,1
18503,7303,1
18504,7303,1
18505,7303,1
18506,7303,1
18507,7303,1
18508,7303,1
18509,7303,1
18510,7303,1
18511,7303,1
18512,7303,1
18513,7303,1
18514,7303,1
18515,7303,1
18516,7303,1
18517,7303,1
18518,7303,1
18519,7303,1
18520,7303,1
18521,7303,1
18522,7303,1
18523,7303,1
18524,7303,1
18525,7303,1
18526,7303,1
18527,7303,1
18528,7303,1
18529,7303,1
18530,7303,1
18531,7303,1
18532,7303,1
18533,7303,1
18534,7303,1
18535,7303,1
18536,7303,1
18537,7303,1
18538,7303,1
18539,7303,1
18540,7303,1
18541,7303,1
18542,7303,1
18543,7303,1
18544,7303,1
18545,7303,1
18546,7303,1
18547,7303,1
18548,7303,1
18549,7303,1
18550,7303,1
18551,7303,1
18552,7303,1
18553,7303,1
18554,7303,1
18555,7303,1
18556,7303,1
18557,7303,1
18558,7303,1
18559,7303,1
18560,7303,1
18561,7303,1
18562,7303,1
18563,7303,1
18564,7303,1
18565,7303,1
18566,7303,1
18567,7303,1
18568,7303,1
18569,7303,1
18570,7303,1
18571,7303,1
18572,7303,1
18573,7303,1
18574,7303,1
18575,7303,1
18576,7303,1
18577,7303,1
18578,7303,1
18579,7303,1
18580,7303,1
18581,7303,1
18582,7303,1
18583,7303,1
18584,7303,1
18585,7303,1
18586,7303,1
18587,7303,1
18588,7303,1
18589,7303,1
18590,7303,1
18591,7303,1
18592,7303,1
18593,7303,1
18594,7303,1
18595,7303,1
18596,7303,1
18597,7303,1
18598,7303,1
18599,7303,1
18600,7303,1
18601,7303,1
18602,7303,1
18603,7303,1
18604,7303,1
18605,7303,1
18606,7303,1
18607,7303,1
18608,7303,1
18609,7303,1
18610,7303,1
18611,7303,1
18612,7303,1
18613,7303,1
18614,7303,1
18615,7303,1
18616,7303,1
18617,7303,1
18618,7303,1
18619,7303,1
18620,7303,1
18621,7303,1
18622,7303,1
18623,7303,1
18624,7303,1
18625,7303,1
18626,7303,1
18627,7303,1
18628,7303,1
18629,7303,1
18630,7303,1
18631,7303,1
18632,7303,1
18633,7303,1
18634,7303,1
18635,7303,1
18636,7303,1
18637,7303,1
18638,7303,1
18639,7303,1
18640,7303,1
18641,7303,1
18642,7303,1
18643,7303,1
18644,7303,1
18645,7303,1
18646,7303,1
18647,7303,1
18648,7303,1
18649,7303,1
18650,7303,1
18651,7303,1
18652,7303,1
18653,7303,1
18654,7303,1
18655,7303,1
18656,7303,1
18657,7303,1
18658,7303,1
18659,7303,1
18660,7303,1
18661,7303,1
18662,7303,1
18663,7303,1
18664,7303,1
18665,7303,1
18666,7303,1
18667,7303,1
18668,7303,1
18669,7303,1
18670,7303,1
18671,7303,1
18672,7303,1
18673,7303,1
18674,7303,1
18675,7303,1
18676,7303,1
18677,7303,1
18678,7303,1
18679,7303,1
18680,7303,1
18681,7303,1
18682,7303,1
18683,7303,1
18684,7303,1
18685,7303,1
18686,7303,1
18687,7303,1
18688,7303,1
18689,7303,1
18690,7303,1
18691,7303,1
18692,7303,1
18693,7303,1
18694,7303,1
18695,7303,1
18696,7303,1
18697,7303,1
18698,7303,1
18699,7303,1
18700,7303,1
18701,7303,1
18702,7303,1
18703,7303,1
18704,7303,1
18705,7303,1
18706,7303,1
18707,7303,1
18708,7303,1
18709,7303,1
18710,7303,1
18711,7303,1
18712,7303,1
18713,7303,1
18714,7303,1
18715,7303,1
18716,7303,1
18717,7303,1
18718,7303,1
18719,7303,1
18720,7303,1
18721,7303,1
18722,7303,1
18723,7303,1
18724,7303,1
18725,7303,1
18726,7303,1
18727,7303,1
18728,7303,1
18729,7303,1
18730,7303,1
18731,7303,1
18732,7303,1
18733,7303,1
18734,7303,1
18735,7303,1
18736,7303,1
18737,7303,1
18738,7303,1
18739,7303,1
18740,7303,1
18741,7303,1
18742,7303,1
18743,7303,1
18744,7303,1
18745,7303,1
18746,7303,1
18747,7303,1
18748,7303,1
18749,7303,1
18750,7303,1
18751,7303,1
18752,7303,1
18753,7303,1
18754,7303,1
18755,7303,1
18756,7303,1
18757,7303,1
18758,7303,1
18759,7303,1
18760,7303,1
18761,7303,1
18762,7303,1
18763,7303,1
18764,7303,1
18765,7303,1
18766,7303,1
18767,7303,1
18768,7303,1
18769,7303,1
18770,7303,1
18771,7303,1
18772,7303,1
18773,7303,1
18774,7303,1
18775,7303,1
18776,7303,1
18777,7303,1
18778,7303,1
18779,7303,1
18780,7303,1
18781,7303,1
18782,7303,1
18783,7303,1
18784,7303,1
18785,7303,1
18786,7303,1
18787,7303,1
18788,7303,1
18789,7303,1
18790,7303,1
18791,7303,1
18792,7303,1
18793,7303,1
18794,7303,1
18795,7304,1
18796,7304,1
18797,7304,1
18798,7304,1
18799,7304,1
18800,7304,1
18801,7304,1
18802,7304,1
18803,7304,1
18804,7304,1
18805,7304,1
18806,7304,1
18807,7304,1
18808,7304,1
18809,7304,1
18810,7304,1
18811,7304,1
18812,7304,1
18813,7304,1
18814,7304,1
18815,7304,1
18816,7304,1
18817,7304,1
18818,7304,1
18819,7304,1
18820,7304,1
18821,7304,1
18822,7304,1
18823,7304,1
18824,7304,1
18825,7304,1
18826,7304,1
18827,7304,1
18828,7304,1
18829,7304,1
18830,7304,1
18831,7304,1
18832,7304,1
18833,7304,1
18834,7304,1
18835,7304,1
18836,7304,1
18837,7304,1
18838,7304,1
18839,7304,1
18840,7304,1
18841,7304,1
18842,7304,1
18843,7304,1
18844,7304,1
18845,7304,1
18846,7304,1
18847,7304,1
18848,7304,1
18849,7304,1
18850,7304,1
18851,7304,1
18852,7304,1
18853,7304,1
18854,7304,1
18855,7304,1
18856,7304,1
18857,7304,1
18858,7304,1
18859,7304,1
18860,7304,1
18861,7304,1
18862,7304,1
18863,7304,1
18864,7304,1
18865,7304,1
18866,7304,1
18867,7304,1
18868,7304,1
18869,7304,1
18870,7304,1
18871,7304,1
18872,7304,1
18873,7304,1
18874,7304,1
18875,7304,1
18876,7304,1
18877,7304,1
18878,7304,1
18879,7304,1
18880,7304,1
18881,7304,1
18882,7304,1
18883,7304,1
18884,7304,1
18885,7304,1
18886,7304,1
18887,7304,1
18888,7304,1
18889,7304,1
18890,7304,1
18891,7304,1
18892,7304,1
18893,7304,1
18894,7304,1
18895,7304,1
18896,7304,1
18897,7304,1
18898,7304,1
18899,7304,1
18900,7304,1
18901,7304,1
18902,7303,1
18903,7303,1
18904,7303,1
18905,7303,1
18906,7303,1
18907,7303,1
18908,7303,1
18909,7303,1
18910,7303,1
18911,7303,1
18912,7303,1
18913,7303,1
18914,7303,1
18915,7303,1
18916,7303,1
18917,7303,1
18918,7303,1
18919,7303,1
18920,7303,1
18921,7303,1
18922,7303,1
18923,7303,1
18924,7303,1
18925,7303,1
18926,7303,1
18927,7303,1
18928,7303,1
18929,7303,1
18930,7303,1
18931,7303,1
18932,7303,1
18933,7303,1
18934,7303,1
18935,7303,1
18936,7303,1
18937,7303,1
18938,7303,1
18939,7303,1
18940,7303,1
18941,7303,1
18942,7303,1
18943,7303,1
18944,7303,1
18945,7303,1
18946,7303,1
18947,7303,1
18948,7303,1
18949,7303,1
18950,7303,1
18951,7303,1
18952,7303,1
18953,7303,1
18954,7303,1
18955,7303,1
18956,7303,1
18957,7303,1
18958,7303,1
18959,7303,1
18960,7303,1
18961,7303,1
18962,7303,1
18963,7303,1
18964,7303,1
18965,7303,1
18966,7303,1
18967,7303,1
18968,7303,1
18969,7303,1
18970,7304,1
18971,7304,1
18972,7304,1
18973,7304,1
18974,7304,1
18975,7304,1
18976,7304,1
18977,7304,1
18978,7304,1
18979,7304,1
18980,7304,1
18981,7304,1
18982,7304,1
18983,7304,1
18984,7304,1
18985,7304,1
18986,7304,1
18987,7304,1
18988,7304,1
18989,7304,1
18990,7304,1
18991,7304,1
18992,7304,1
18993,7304,1
18994,7304,1
18995,7304,1
18996,7304,1
18997,7304,1
18998,7304,1
18999,7304,1
19000,7304,1
19001,7304,1
19002,7304,1
19003,7304,1
19004,7304,1
19005,7304,1
19006,7304,1
19007,7304,1
19008,7304,1
19009,7304,1
19010,7304,1
19011,7304,1
19012,7304,1
19013,7304,1
19014,7304,1
19015,7304,1
19016,7304,1
19017,7304,1
19018,7304,1
19019,7304,1
19020,7304,1
19021,7304,1
19022,7304,1
19023,7304,1
19024,7304,1
19025,7304,1
19026,7304,1
19027,7304,1
19028,7304,1
19029,7304,1
19030,7304,1
19031,7304,1
19032,7304,1
19033,7304,1
19034,7304,1
19035,7304,1
19036,7304,1
19037,7304,1
19038,7304,1
19039,7304,1
19040,7304,1
19041,7304,1
19042,7304,1
19043,7304,1
19044,7304,1
19045,7304,1
19046,7304,1
19047,7304,1
19048,7304,1
19049,7304,1
19050,7304,1
19051,7304,1
19052,7304,1
19053,7304,1
19054,7304,1
19055,7304,1
19056,7304,1
19057,7304,1
19058,7304,1
19059,7304,1
19060,7304,1
19061,7304,1
19062,7304,1
19063,7304,1
19064,7304,1
19065,7304,1
19066,7304,1
19067,7304,1
19068,7304,1
19069,7304,1
19070,7304,1
19071,7304,1
19072,7304,1
19073,7304,1
19074,7304,1
19075,7304,1
19076,7304,1
19077,7304,1
19078,7304,1
19079,7304,1
19080,7304,1
19081,7304,1
19082,7304,1
19083,7304,1
19084,7304,1
19085,7304,1
19086,7304,1
19087,7304,1
19088,7304,1
19089,7304,1
19090,7304,1
19091,7304,1
19092,7304,1
19093,7304,1
19094,7304,1
19095,7304,1
19096,7304,1
19097,7304,1
19098,7304,1
19099,7304,1
19100,7304,1
19101,7304,1
19102,7304,1
19103,7304,1
19104,7304,1
19105,7304,1
19106,7304,1
19107,7304,1
19108,7304,1
19109,7304,1
19110,7304,1
19111,7304,1
19112,7304,1
19113,7304,1
19114,7304,1
19115,7304,1
19116,7304,1
19117,7304,1
19118,7304,1
19119,7304,1
19120,7304,1
19121,7304,1
19122,7304,1
19123,7304,1
19124,7304,1
19125,7304,1
19126,7304,1
19127,7304,1
19128,7304,1
19129,7304,1
19130,7304,1
19131,7304,1
19132,7304,1
19133,7303,1
19134,7303,1
19135,7303,1
19136,7303,1
19137,7303,1
19138,7303,1
19139,7303,1
19140,7303,1
19141,7303,1
19142,7303,1
19143,7303,1
19144,7303,1
19145,7303,1
19146,7303,1
19147,7303,1
19148,7303,1
19149,7303,1
19150,7303,1
19151,7303,1
19152,7303,1
19153,7303,1
19154,7303,1
19155,7303,1
19156,7303,1
19157,7303,1
19158,7303,1
19159,7303,1
19160,7303,1
19161,7303,1
19162,7303,1
19163,7303,1
19164,7303,1
19165,7303,1
19166,7303,1
19167,7303,1
19168,7303,1
19169,7303,1
19170,7303,1
19171,7303,1
19172,7303,1
19173,7303,1
19174,7303,1
19175,7303,1
19176,7303,1
19177,7303,1
19178,7303,1
19179,7303,1
19180,7303,1
19181,7303,1
19182,7303,1
19183,7303,1
19184,7303,1
19185,7303,1
19186,7303,1
19187,7303,1
19188,7303,1
19189,7303,1
19190,7303,1
19191,7303,1
19192,7303,1
19193,7303,1
19194,7303,1
19195,7303,1
19196,7303,1
19197,7303,1
19198,7303,1
19199,7303,1
19200,7303,1
19201,7303,1
19202,7303,1
19203,7303,1
19204,7303,1
19205,7303,1
19206,7303,1
19207,7303,1
19208,7303,1
19209,7303,1
19210,7303,1
19211,7303,1
19212,7303,1
19213,7303,1
19214,7303,1
19215,7303,1
19216,7303,1
19217,7303,1
19218,7303,1
19219,7303,1
19220,7303,1
19221,7303,1
19222,7303,1
19223,7303,1
19224,7303,1
19225,7303,1
19226,7303,1
19227,7304,1
19228,7304,1
19229,7304,1
19230,7304,1
19231,7304,1
19232,7304,1
19233,7304,1
19234,7304,1
19235,7304,1
19236,7304,1
19237,7304,1
19238,7304,1
19239,7304,1
19240,7304,1
19241,7304,1
19242,7304,1
19243,7304,1
19244,7304,1
19245,7304,1
19246,7304,1
19247,7304,1
19248,7304,1
19249,7304,1
19250,7304,1
19251,7304,1
19252,7304,1
19253,7304,1
19254,7304,1
19255,7304,1
19256,7304,1
19257,7304,1
19258,7304,1
19259,7304,1
19260,7304,1
19261,7304,1
19262,7304,1
19263,7304,1
19264,7304,1
19265,7304,1
19266,7304,1
19267,7304,1
19268,7304,1
19269,7304,1
19270,7304,1
19271,7304,1
19272,7304,1
19273,7304,1
19274,7304,1
19275,7304,1
19276,7304,1
19277,7304,1
19278,7304,1
19279,7304,1
19280,7304,1
19281,7304,1
19282,7304,1
19283,7304,1
19284,7304,1
19285,7304,1
19286,7304,1
19287,7304,1
19288,7304,1
19289,7304,1
19290,7304,1
19291,7304,1
19292,7304,1
19293,7304,1
19294,7304,1
19295,7304,1
19296,7304,1
19297,7304,1
19298,7304,1
19299,7305,1
19300,7305,1
19301,7305,1
19302,7305,1
19303,7305,1
19304,7305,1
19305,7305,1
19306,7305,1
19307,7305,1
19308,7305,1
19309,7305,1
19310,7305,1
19311,7305,1
19312,7305,1
19313,7305,1
19314,7305,1
19315,7305,1
19316,7305,1
19317,7305,1
19318,7305,1
19319,7305,1
19320,7305,1
19321,7305,1
19322,7305,1
19323,7305,1
19324,7305,1
19325,7305,1
19326,7305,1
19327,7305,1
19328,7305,1
19329,7305,1
19330,7305,1
19331,7305,1
19332,7305,1
19333,7305,1
19334,7305,1
19335,7305,1
19336,7305,1
19337,7305,1
19338,7305,1
19339,7305,1
19340,7305,1
19341,7305,1
19342,7305,1
19343,7305,1
19344,7305,1
19345,7305,1
19346,7305,1
19347,7305,1
19348,7305,1
19349,7305,1
19350,7305,1
19351,7305,1
19352,7305,1
19353,7305,1
19354,7305,1
19355,7305,1
19356,7305,1
19357,7305,1
19358,7305,1
19359,7305,1
19360,7305,1
19361,7305,1
19362,7305,1
19363,7305,1
19364,7305,1
19365,7305,1
19366,7305,1
19367,7305,1
19368,7305,1
19369,7305,1
19370,7305,1
19371,7305,1
19372,7305,1
19373,7305,1
19374,7305,1
19375,7305,1
19376,7305,1
19377,7305,1
19378,7305,1
19379,7305,1
19380,7305,1
19381,7305,1
19382,7305,1
19383,7305,1
19384,7305,1
19385,7305,1
19386,7305,1
19387,7305,1
19388,7305,1
19389,7305,1
19390,7305,1
19391,7305,1
19392,7305,1
19393,7305,1
19394,7305,1
19395,7305,1
19396,7305,1
19397,7305,1
19398,7305,1
19399,7305,1
19400,7305,1
19401,7305,1
19402,7305,1
19403,7305,1
19404,7305,1
19405,7305,1
19406,7305,1
19407,7305,1
19408,7305,1
19409,7305,1
19410,7305,1
19411,7305,1
19412,7305,1
19413,7305,1
19414,7305,1
19415,7305,1
19416,7305,1
19417,7305,1
19418,7305,1
19419,7305,1
19420,7305,1
19421,7305,1
19422,7305,1
19423,7305,1
19424,7305,1
19425,7305,1
19426,7305,1
19427,7305,1
19428,7305,1
19429,7305,1
19430,7305,1
19431,7305,1
19432,7305,1
19433,7305,1
19434,7305,1
19435,7305,1
19436,7305,1
19437,7305,1
19438,7305,1
19439,7305,1
19440,7305,1
19441,7305,1
19442,7305,1
19443,7305,1
19444,7305,1
19445,7305,1
19446,7305,1
19447,7305,1
19448,7305,1
19449,7305,1
19450,7305,1
19451,7305,1
19452,7305,1
19453,7305,1
19454,7305,1
19455,7305,1
19456,7305,1
19457,7305,1
19458,7305,1
19459,7305,1
19460,7305,1
19461,7305,1
19462,7305,1
19463,7305,1
19464,7305,1
19465,7305,1
19466,7305,1
19467,7305,1
19468,7305,1
19469,7305,1
19470,7305,1
19471,7305,1
19472,7305,1
19473,7305,1
19474,7305,1
19475,7305,1
19476,7305,1
19477,7305,1
19478,7305,1
19479,7305,1
19480,7305,1
19481,7305,1
19482,7305,1
19483,7305,1
19484,7305,1
19485,7305,1
19486,7309,1
19487,7305,1
19488,7305,1
19489,7305,1
19490,7305,1
19491,7305,1
19492,7305,1
19493,7305,1
19494,7305,1
19495,7305,1
19496,7305,1
19497,7305,1
19498,7305,1
19499,7305,1
19500,7305,1
19501,7305,1
19502,7305,1
19503,7305,1
19504,7305,1
19505,7305,1
19506,7305,1
19507,7305,1
19508,7305,1
19509,7305,1
19510,7305,1
19511,7305,1
19512,7305,1
19513,7305,1
19514,7305,1
19515,7306,1
19516,7306,1
19517,7306,1
19518,7306,1
19519,7306,1
19520,7306,1
19521,7304,1
19522,7304,1
19523,7304,1
19524,7304,1
19525,7304,1
19526,7304,1
19527,7304,1
19528,7304,1
19529,7304,1
19530,7304,1
19531,7304,1
19532,7304,1
19533,7304,1
19534,7304,1
19535,7304,1
19536,7304,1
19537,7304,1
19538,7304,1
19539,7305,1
19540,7305,1
19541,7305,1
19542,7305,1
19543,7305,1
19544,7305,1
19545,7305,1
19546,7305,1
19547,7305,1
19548,7305,1
19549,7305,1
19550,7305,1
19551,7305,1
19552,7305,1
19553,7305,1
19554,7305,1
19555,7305,1
19556,7305,1
19557,7305,1
19558,7305,1
19559,7305,1
19560,7305,1
19561,7305,1
19562,7305,1
19563,7305,1
19564,7305,1
19565,7305,1
19566,7305,1
19567,7305,1
19568,7305,1
19569,7305,1
19570,7305,1
19571,7305,1
19572,7305,1
19573,7305,1
19574,7305,1
19575,7305,1
19576,7305,1
19577,7305,1
19578,7305,1
19579,7305,1
19580,7305,1
19581,7305,1
19582,7305,1
19583,7305,1
19584,7305,1
19585,7305,1
19586,7305,1
19587,7305,1
19588,7305,1
19589,7305,1
19590,7305,1
19591,7305,1
19592,7305,1
19593,7305,1
19594,7305,1
19595,7305,1
19596,7305,1
19597,7305,1
19598,7305,1
19599,7305,1
19600,7305,1
19601,7305,1
19602,7305,1
19603,7305,1
19604,7305,1
19605,7305,1
19606,7305,1
19607,7305,1
19608,7305,1
19609,7305,1
19610,7305,1
19611,7305,1
19612,7305,1
19613,7305,1
19614,7305,1
19615,7305,1
19616,7305,1
19617,7305,1
19618,7305,1
19619,7305,1
19620,7305,1
19621,7305,1
19622,7305,1
19623,7305,1
19624,7305,1
19625,7305,1
19626,7305,1
19627,7305,1
19628,7305,1
19629,7305,1
19630,7305,1
19631,7305,1
19632,7305,1
19633,7305,1
19634,7305,1
19635,7305,1
19636,7305,1
19637,7305,1
19638,7305,1
19639,7305,1
19640,7305,1
19641,7305,1
19642,7305,1
19643,7305,1
19644,7305,1
19645,7305,1
19646,7305,1
19647,7305,1
19648,7305,1
19649,7305,1
19650,7305,1
19651,7305,1
19652,7305,1
19653,7305,1
19654,7305,1
19655,7305,1
19656,7305,1
19657,7305,1
19658,7305,1
19659,7305,1
19660,7305,1
19661,7305,1
19662,7305,1
19663,7305,1
19664,7305,1
19665,7305,1
19666,7305,1
19667,7305,1
19668,7305,1
19669,7305,1
19670,7305,1
19671,7305,1
19672,7305,1
19673,7305,1
19674,7305,1
19675,7305,1
19676,7305,1
19677,7305,1
19678,7305,1
19679,7305,1
19680,7305,1
19681,7305,1
19682,7305,1
19683,7305,1
19684,7305,1
19685,7305,1
19686,7305,1
19687,7305,1
19688,7305,1
19689,7305,1
19690,7305,1
19691,7305,1
19692,7305,1
19693,7305,1
19694,7305,1
19695,7305,1
19696,7305,1
19697,7305,1
19698,7305,1
19699,7305,1
19700,7305,1
19701,7305,1
19702,7305,1
19703,7305,1
19704,7305,1
19705,7305,1
19706,7305,1
19707,7305,1
19708,7305,1
19709,7305,1
19710,7305,1
19711,7305,1
19712,7305,1
19713,7305,1
19714,7305,1
19715,7305,1
19716,7305,1
19717,7305,1
19718,7305,1
19719,7305,1
19720,7305,1
19721,7305,1
19722,7305,1
19723,7305,1
19724,7305,1
19725,7305,1
19726,7305,1
19727,7305,1
19728,7305,1
19729,7305,1
19730,7305,1
19731,7305,1
19732,7305,1
19733,7305,1
19734,7305,1
19735,7305,1
19736,7305,1
19737,7305,1
19738,7305,1
19739,7305,1
19740,7305,1
19741,7305,1
19742,7305,1
19743,7305,1
19744,7305,1
19745,7305,1
19746,7305,1
19747,7305,1
19748,7305,1
19749,7305,1
19750,7305,1
19751,7305,1
19752,7305,1
19753,7305,1
19754,7306,1
19755,7306,1
19756,7306,1
19757,7306,1
19758,7306,1
19759,7306,1
19760,7306,1
19761,7306,1
19762,7306,1
19763,7306,1
19764,7306,1
19765,7306,1
19766,7306,1
19767,7306,1
19768,7306,1
19769,7306,1
19770,7306,1
19771,7306,1
19772,7306,1
19773,7306,1
19774,7306,1
19775,7306,1
19776,7306,1
19777,7306,1
19778,7306,1
19779,7306,1
19780,7306,1
19781,7306,1
19782,7306,1
19783,7306,1
19784,7306,1
19785,7306,1
19786,7306,1
19787,7306,1
19788,7306,1
19789,7306,1
19790,7306,1
19791,7306,1
19792,7306,1
19793,7306,1
19794,7306,1
19795,7306,1
19796,7306,1
19797,7306,1
19798,7306,1
19799,7306,1
19800,7306,1
19801,7306,1
19802,7306,1
19803,7306,1
19804,7306,1
19805,7306,1
19806,7306,1
19807,7306,1
19808,7306,1
19809,7306,1
19810,7306,1
19811,7306,1
19812,7306,1
19813,7306,1
19814,7306,1
19815,7306,1
19816,7306,1
19817,7306,1
19818,7306,1
19819,7306,1
19820,7306,1
19821,7306,1
19822,7306,1
19823,7306,1
19824,7306,1
19825,7306,1
19826,7306,1
19827,7306,1
19828,7306,1
19829,7306,1
19830,7306,1
19831,7306,1
19832,7306,1
19833,7306,1
19834,7306,1
19835,7306,1
19836,7306,1
19837,7306,1
19838,7306,1
19839,7306,1
19840,7306,1
19841,7306,1
19842,7306,1
19843,7306,1
19844,7306,1
19845,7306,1
19846,7306,1
19847,7306,1
19848,7306,1
19849,7306,1
19850,7306,1
19851,7306,1
19852,7306,1
19853,7306,1
19854,7306,1
19855,7306,1
19856,7306,1
19857,7306,1
19858,7306,1
19859,7306,1
19860,7306,1
19861,7306,1
19862,7306,1
19863,7306,1
19864,7306,1
19865,7306,1
19866,7306,1
19867,7306,1
19868,7306,1
19869,7306,1
19870,7306,1
19871,7306,1
19872,7306,1
19873,7306,1
19874,7306,1
19875,7306,1
19876,7306,1
19877,7306,1
19878,7306,1
19879,7306,1
19880,7306,1
19881,7306,1
19882,7306,1
19883,7306,1
19884,7306,1
19885,7306,1
19886,7306,1
19887,7306,1
19888,7306,1
19889,7306,1
19890,7306,1
19891,7306,1
19892,7306,1
19893,7306,1
19894,7306,1
19895,7306,1
19896,7306,1
19897,7306,1
19898,7306,1
19899,7306,1
19900,7306,1
19901,7306,1
19902,7306,1
19903,7306,1
19904,7306,1
19905,7306,1
19906,7306,1
19907,7306,1
19908,7306,1
19909,7306,1
19910,7306,1
19911,7306,1
19912,7306,1
19913,7306,1
19914,7306,1
19915,7306,1
19916,7306,1
19917,7306,1
19918,7306,1
19919,7306,1
19920,7306,1
19921,7306,1
19922,7306,1
19923,7306,1
19924,7306,1
19925,7306,1
19926,7306,1
19927,7306,1
19928,7306,1
19929,7306,1
19930,7306,1
19931,7306,1
19932,7306,1
19933,7306,1
19934,7306,1
19935,7306,1
19936,7306,1
19937,7306,1
19938,7306,1
19939,7306,1
19940,7306,1
19941,7306,1
19942,7306,1
19943,7306,1
19944,7306,1
19945,7306,1
19946,7306,1
19947,7306,1
19948,7306,1
19949,7306,1
19950,7306,1
19951,7306,1
19952,7306,1
19953,7306,1
19954,7306,1
19955,7306,1
19956,7306,1
19957,7306,1
19958,7306,1
19959,7306,1
19960,7306,1
19961,7306,1
19962,7306,1
19963,7306,1
19964,7306,1
19965,7306,1
19966,7306,1
19967,7305,1
19968,7305,1
19969,7305,1
19970,7305,1
19971,7305,1
19972,7305,1
19973,7305,1
19974,7305,1
19975,7305,1
19976,7305,1
19977,7305,1
19978,7305,1
19979,7305,1
19980,7305,1
19981,7305,1
19982,7305,1
19983,7305,1
19984,7305,1
19985,7305,1
19986,7305,1
19987,7305,1
19988,7305,1
19989,7305,1
19990,7305,1
19991,7305,1
19992,7305,1
19993,7305,1
19994,7305,1
19995,7305,1
19996,7305,1
19997,7305,1
19998,7305,1
19999,7305,1
20000,7305,1
20001,7305,1
20002,7305,1
20003,7305,1
20004,7305,1
20005,7305,1
20006,7305,1
20007,7306,1
20008,7306,1
20009,7306,1
20010,7306,1
20011,7306,1
20012,7306,1
20013,7306,1
20014,7306,1
20015,7306,1
20016,7306,1
20017,7306,1
20018,7306,1
20019,7306,1
20020,7306,1
20021,7306,1
20022,7306,1
20023,7306,1
20024,7306,1
20025,7306,1
20026,7306,1
20027,7306,1
20028,7306,1
20029,7306,1
20030,7306,1
20031,7306,1
20032,7306,1
20033,7306,1
20034,7306,1
20035,7306,1
20036,7306,1
20037,7306,1
20038,7306,1
20039,7306,1
20040,7306,1
20041,7306,1
20042,7306,1
20043,7306,1
20044,7306,1
20045,7306,1
20046,7306,1
20047,7306,1
20048,7306,1
20049,7306,1
20050,7306,1
20051,7306,1
20052,7306,1
20053,7306,1
20054,7306,1
20055,7306,1
20056,7306,1
20057,7306,1
20058,7306,1
20059,7306,1
20060,7306,1
20061,7306,1
20062,7306,1
20063,7306,1
20064,7306,1
20065,7306,1
20066,7306,1
20067,7306,1
20068,7306,1
20069,7306,1
20070,7306,1
20071,7306,1
20072,7306,1
20073,7306,1
20074,7306,1
20075,7306,1
20076,7306,1
20077,7306,1
20078,7306,1
20079,7306,1
20080,7306,1
20081,7306,1
20082,7306,1
20083,7306,1
20084,7306,1
20085,7306,1
20086,7306,1
20087,7306,1
20088,7306,1
20089,7306,1
20090,7306,1
20091,7306,1
20092,7306,1
20093,7306,1
20094,7306,1
20095,7306,1
20096,7306,1
20097,7306,1
20098,7306,1
20099,7306,1
20100,7306,1
20101,7306,1
20102,7306,1
20103,7306,1
20104,7306,1
20105,7306,1
20106,7306,1
20107,7306,1
20108,7306,1
20109,7306,1
20110,7306,1
20111,7306,1
20112,7306,1
20113,7306,1
20114,7306,1
20115,7306,1
20116,7306,1
20117,7306,1
20118,7306,1
20119,7306,1
20120,7306,1
20121,7306,1
20122,7306,1
20123,7306,1
20124,7306,1
20125,7306,1
20126,7306,1
20127,7306,1
20128,7306,1
20129,7306,1
20130,7306,1
20131,7306,1
20132,7306,1
20133,7306,1
20134,7306,1
20135,7306,1
20136,7306,1
20137,7306,1
20138,7306,1
20139,7306,1
20140,7306,1
20141,7306,1
20142,7306,1
20143,7306,1
20144,7306,1
20145,7306,1
20146,7306,1
20147,7306,1
20148,7306,1
20149,7306,1
20150,7306,1
20151,7306,1
20152,7306,1
20153,7306,1
20154,7306,1
20155,7306,1
20156,7306,1
20157,7306,1
20158,7306,1
20159,7306,1
20160,7306,1
20161,7306,1
20162,7306,1
20163,7306,1
20164,7306,1
20165,7306,1
20166,7306,1
20167,7306,1
20168,7306,1
20169,7306,1
20170,7306,1
20171,7306,1
20172,7306,1
20173,7306,1
20174,7306,1
20175,7306,1
20176,7306,1
20177,7306,1
20178,7306,1
20179,7306,1
20180,7306,1
20181,7306,1
20182,7306,1
20183,7306,1
20184,7306,1
20185,7306,1
20186,7306,1
20187,7306,1
20188,7306,1
20189,7305,1
20190,7305,1
20191,7305,1
20192,7305,1
20193,7305,1
20194,7305,1
20195,7305,1
20196,7305,1
20197,7305,1
20198,7305,1
20199,7305,1
20200,7305,1
20201,7305,1
20202,7305,1
20203,7305,1
20204,7305,1
20205,7305,1
20206,7305,1
20207,7305,1
20208,7305,1
20209,7305,1
20210,7305,1
20211,7305,1
20212,7305,1
20213,7305,1
20214,7305,1
20215,7305,1
20216,7305,1
20217,7305,1
20218,7305,1
20219,7305,1
20220,7305,1
20221,7305,1
20222,7305,1
20223,7305,1
20224,7305,1
20225,7305,1
20226,7305,1
20227,7305,1
20228,7305,1
20229,7305,1
20230,7305,1
20231,7305,1
20232,7305,1
20233,7305,1
20234,7305,1
20235,7305,1
20236,7305,1
20237,7305,1
20238,7305,1
20239,7305,1
20240,7305,1
20241,7305,1
20242,7305,1
20243,7305,1
20244,7305,1
20245,7305,1
20246,7305,1
20247,7305,1
20248,7305,1
20249,7305,1
20250,7305,1
20251,7305,1
20252,7305,1
20253,7305,1
20254,7305,1
20255,7305,1
20256,7305,1
20257,7305,1
20258,7305,1
20259,7305,1
20260,7305,1
20261,7305,1
20262,7305,1
20263,7305,1
20264,7305,1
20265,7305,1
20266,7305,1
20267,7305,1
20268,7305,1
20269,7305,1
20270,7305,1
20271,7305,1
20272,7305,1
20273,7305,1
20274,7305,1
20275,7305,1
20276,7305,1
20277,7305,1
20278,7305,1
20279,7305,1
20280,7305,1
20281,7305,1
20282,7305,1
20283,7305,1
20284,7305,1
20285,7305,1
20286,7305,1
20287,7305,1
20288,7305,1
20289,7305,1
20290,7305,1
20291,7305,1
20292,7305,1
20293,7305,1
20294,7305,1
20295,7305,1
20296,7305,1
20297,7305,1
20298,7305,1
20299,7305,1
20300,7305,1
20301,7305,1
20302,7305,1
20303,7305,1
20304,7305,1
20305,7305,1
20306,7305,1
20307,7305,1
20308,7305,1
20309,7305,1
20310,7305,1
20311,7305,1
20312,7305,1
20313,7305,1
20314,7305,1
20315,7305,1
20316,7305,1
20317,7305,1
20318,7305,1
20319,7305,1
20320,7305,1
20321,7305,1
20322,7305,1
20323,7305,1
20324,7305,1
20325,7305,1
20326,7305,1
20327,7305,1
20328,7305,1
20329,7305,1
20330,7305,1
20331,7305,1
20332,7305,1
20333,7305,1
20334,7305,1
20335,7305,1
20336,7305,1
20337,7305,1
20338,7305,1
20339,7305,1
20340,7305,1
20341,7305,1
20342,7305,1
20343,7305,1
20344,7305,1
20345,7305,1
20346,7305,1
20347,7305,1
20348,7305,1
20349,7305,1
20350,7305,1
20351,7305,1
20352,7305,1
20353,7305,1
20354,7305,1
20355,7306,1
20356,7306,1
20357,7306,1
20358,7306,1
20359,7306,1
20360,7306,1
20361,7306,1
20362,7306,1
20363,7306,1
20364,7306,1
20365,7306,1
20366,7306,1
20367,7306,1
20368,7306,1
20369,7306,1
20370,7306,1
20371,7306,1
20372,7306,1
20373,7306,1
20374,7306,1
20375,7306,1
20376,7306,1
20377,7306,1
20378,7306,1
20379,7306,1
20380,7306,1
20381,7306,1
20382,7306,1
20383,7306,1
20384,7306,1
20385,7306,1
20386,7306,1
20387,7306,1
20388,7306,1
20389,7306,1
20390,7306,1
20391,7306,1
20392,7306,1
20393,7306,1
20394,7306,1
20395,7306,1
20396,7306,1
20397,7306,1
20398,7306,1
20399,7306,1
20400,7306,1
20401,7306,1
20402,7306,1
20403,7306,1
20404,7306,1
20405,7306,1
20406,7306,1
20407,7306,1
20408,7306,1
20409,7306,1
20410,7306,1
20411,7306,1
20412,7306,1
20413,7306,1
20414,7306,1
20415,7306,1
20416,7306,1
20417,7306,1
20418,7306,1
20419,7306,1
20420,7306,1
20421,7306,1
20422,7306,1
20423,7306,1
20424,7306,1
20425,7306,1
20426,7306,1
20427,7306,1
20428,7306,1
20429,7306,1
20430,7306,1
20431,7306,1
20432,7306,1
20433,7306,1
20434,7306,1
20435,7306,1
20436,7306,1
20437,7306,1
20438,7305,1
20439,7305,1
20440,7305,1
20441,7305,1
20442,7305,1
20443,7305,1
20444,7305,1
20445,7305,1
20446,7305,1
20447,7305,1
20448,7305,1
20449,7305,1
20450,7305,1
20451,7305,1
20452,7305,1
20453,7305,1
20454,7305,1
20455,7305,1
20456,7305,1
20457,7305,1
20458,7305,1
20459,7305,1
20460,7305,1
20461,7305,1
20462,7305,1
20463,7305,1
20464,7305,1
20465,7305,1
20466,7305,1
20467,7305,1
20468,7305,1
20469,7305,1
20470,7305,1
20471,7305,1
20472,7305,1
20473,7305,1
20474,7305,1
20475,7305,1
20476,7305,1
20477,7305,1
20478,7305,1
20479,7305,1
20480,7305,1
20481,7305,1
20482,7305,1
20483,7305,1
20484,7305,1
20485,7305,1
20486,7305,1
20487,7305,1
20488,7305,1
20489,7305,1
20490,7305,1
20491,7305,1
20492,7305,1
20493,7305,1
20494,7305,1
20495,7305,1
20496,7305,1
20497,7305,1
20498,7305,1
20499,7305,1
20500,7305,1
20501,7305,1
20502,7305,1
20503,7305,1
20504,7305,1
20505,7305,1
20506,7305,1
20507,7305,1
20508,7305,1
20509,7305,1
20510,7305,1
20511,7305,1
20512,7305,1
20513,7305,1
20514,7305,1
20515,7305,1
20516,7305,1
20517,7305,1
20518,7305,1
20519,7305,1
20520,7305,1
20521,7305,1
20522,7305,1
20523,7305,1
20524,7305,1
20525,7305,1
20526,7305,1
20527,7305,1
20528,7305,1
20529,7305,1
20530,7305,1
20531,7305,1
20532,7305,1
20533,7305,1
20534,7305,1
20535,7305,1
20536,7305,1
20537,7305,1
20538,7305,1
20539,7305,1
20540,7305,1
20541,7305,1
20542,7305,1
20543,7305,1
20544,7305,1
20545,7305,1
20546,7305,1
20547,7305,1
20548,7305,1
20549,7305,1
20550,7305,1
20551,7305,1
20552,7305,1
20553,7305,1
20554,7305,1
20555,7305,1
20556,7305,1
20557,7305,1
20558,7305,1
20559,7305,1
20560,7305,1
20561,7305,1
20562,7305,1
20563,7305,1
20564,7305,1
20565,7305,1
20566,7305,1
20567,7305,1
20568,7305,1
20569,7305,1
20570,7305,1
20571,7305,1
20572,7305,1
20573,7305,1
20574,7305,1
20575,7305,1
20576,7305,1
20577,7305,1
20578,7305,1
20579,7305,1
20580,7305,1
20581,7305,1
20582,7305,1
20583,7305,1
20584,7305,1
20585,7305,1
20586,7305,1
20587,7305,1
20588,7305,1
20589,7305,1
20590,7305,1
20591,7305,1
20592,7305,1
20593,7305,1
20594,7305,1
20595,7305,1
20596,7305,1
20597,7305,1
20598,7305,1
20599,7305,1
20600,7305,1
20601,7305,1
20602,7305,1
20603,7305,1
20604,7305,1
20605,7305,1
20606,7305,1
20607,7305,1
20608,7306,1
20609,7306,1
20610,7306,1
20611,7306,1
20612,7306,1
20613,7306,1
20614,7306,1
20615,7306,1
20616,7306,1
20617,7306,1
20618,7306,1
20619,7306,1
20620,7306,1
20621,7306,1
20622,7306,1
20623,7306,1
20624,7306,1
20625,7306,1
20626,7306,1
20627,7306,1
20628,7306,1
20629,7306,1
20630,7306,1
20631,7306,1
20632,7306,1
20633,7306,1
20634,7306,1
20635,7306,1
20636,7306,1
20637,7306,1
20638,7306,1
20639,7306,1
20640,7306,1
20641,7306,1
20642,7306,1
20643,7306,1
20644,7306,1
20645,7306,1
20646,7306,1
20647,7306,1
20648,7306,1
20649,7306,1
20650,7306,1
20651,7306,1
20652,7306,1
20653,7306,1
20654,7306,1
20655,7306,1
20656,7306,1
20657,7306,1
20658,7306,1
20659,7306,1
20660,7306,1
20661,7306,1
20662,7306,1
20663,7306,1
20664,7306,1
20665,7306,1
20666,7306,1
20667,7306,1
20668,7306,1
20669,7306,1
20670,7306,1
20671,7306,1
20672,7306,1
20673,7306,1
20674,7306,1
20675,7306,1
20676,7306,1
20677,7306,1
20678,7306,1
20679,7306,1
20680,7306,1
20681,7306,1
20682,7306,1
20683,7306,1
20684,7306,1
20685,7306,1
20686,7306,1
20687,7306,1
20688,7306,1
20689,7306,1
20690,7306,1
20691,7306,1
20692,7306,1
20693,7306,1
20694,7306,1
20695,7306,1
20696,7306,1
20697,7306,1
20698,7306,1
20699,7306,1
20700,7306,1
20701,7306,1
20702,7306,1
20703,7306,1
20704,7306,1
20705,7306,1
20706,7306,1
20707,7306,1
20708,7306,1
20709,7306,1
20710,7306,1
20711,7306,1
20712,7306,1
20713,7306,1
20714,7306,1
20715,7306,1
20716,7306,1
20717,7306,1
20718,7306,1
20719,7306,1
20720,7306,1
20721,7306,1
20722,7306,1
20723,7306,1
20724,7306,1
20725,7306,1
20726,7306,1
20727,7306,1
20728,7306,1
20729,7306,1
20730,7306,1
20731,7306,1
20732,7306,1
20733,7306,1
20734,7306,1
20735,7306,1
20736,7306,1
20737,7306,1
20738,7306,1
20739,7306,1
20740,7306,1
20741,7306,1
20742,7306,1
20743,7306,1
20744,7306,1
20745,7306,1
20746,7306,1
20747,7306,1
20748,7306,1
20749,7306,1
20750,7306,1
20751,7306,1
20752,7306,1
20753,7306,1
20754,7306,1
20755,7306,1
20756,7306,1
20757,7306,1
20758,7306,1
20759,7306,1
20760,7306,1
20761,7306,1
20762,7306,1
20763,7306,1
20764,7306,1
20765,7306,1
20766,7306,1
20767,7306,1
20768,7306,1
20769,7306,1
20770,7306,1
20771,7306,1
20772,7306,1
20773,7306,1
20774,7306,1
20775,7306,1
20776,7306,1
20777,7306,1
20778,7306,1
20779,7306,1
20780,7306,1
20781,7306,1
20782,7306,1
20783,7306,1
20784,7306,1
20785,7306,1
20786,7306,1
20787,7306,1
20788,7306,1
20789,7306,1
20790,7306,1
20791,7306,1
20792,7306,1
20793,7306,1
20794,7306,1
20795,7306,1
20796,7306,1
20797,7306,1
20798,7306,1
20799,7306,1
20800,7306,1
20801,7306,1
20802,7306,1
20803,7306,1
20804,7306,1
20805,7306,1
20806,7306,1
20807,7306,1
20808,7306,1
20809,7306,1
20810,7306,1
20811,7306,1
20812,7306,1
20813,7306,1
20814,7306,1
20815,7306,1
20816,7306,1
20817,7306,1
20818,7306,1
20819,7306,1
20820,7306,1
20821,7306,1
20822,7306,1
20823,7306,1
20824,7306,1
20825,7306,1
20826,7306,1
20827,7306,1
20828,7306,1
20829,7306,1
20830,7306,1
20831,7306,1
20832,7306,1
20833,7306,1
20834,7306,1
20835,7306,1
20836,7306,1
20837,7306,1
20838,7306,1
20839,7306,1
20840,7306,1
20841,7306,1
20842,7307,1
20843,7307,1
20844,7307,1
20845,7307,1
20846,7307,1
20847,7307,1
20848,7306,1
20849,7306,1
20850,7306,1
20851,7306,1
20852,7306,1
20853,7306,1
20854,7306,1
20855,7306,1
20856,7306,1
20857,7306,1
20858,7306,1
20859,7306,1
20860,7306,1
20861,7306,1
20862,7306,1
20863,7306,1
20864,7306,1
20865,7306,1
20866,7306,1
20867,7306,1
20868,7306,1
20869,7306,1
20870,7306,1
20871,7306,1
20872,7306,1
20873,7306,1
20874,7306,1
20875,7306,1
20876,7306,1
20877,7306,1
20878,7306,1
20879,7306,1
20880,7306,1
20881,7306,1
20882,7306,1
20883,7306,1
20884,7306,1
20885,7306,1
20886,7306,1
20887,7306,1
20888,7306,1
20889,7306,1
20890,7306,1
20891,7306,1
20892,7306,1
20893,7306,1
20894,7306,1
20895,7306,1
20896,7306,1
20897,7306,1
20898,7306,1
20899,7306,1
20900,7306,1
20901,7306,1
20902,7306,1
20903,7306,1
20904,7306,1
20905,7306,1
20906,7306,1
20907,7306,1
20908,7306,1
20909,7306,1
20910,7306,1
20911,7306,1
20912,7306,1
20913,7306,1
20914,7306,1
20915,7306,1
20916,7306,1
20917,7306,1
20918,7306,1
20919,7306,1
20920,7306,1
20921,7306,1
20922,7306,1
20923,7306,1
20924,7306,1
20925,7306,1
20926,7306,1
20927,7306,1
20928,7306,1
20929,7306,1
20930,7306,1
20931,7306,1
20932,7306,1
20933,7306,1
20934,7306,1
20935,7306,1
20936,7306,1
20937,7306,1
20938,7306,1
20939,7306,1
20940,7306,1
20941,7306,1
20942,7306,1
20943,7306,1
20944,7306,1
20945,7306,1
20946,7306,1
20947,7306,1
20948,7306,1
20949,7306,1
20950,7306,1
20951,7306,1
20952,7306,1
20953,7306,1
20954,7306,1
20955,7306,1
20956,7306,1
20957,7306,1
20958,7306,1
20959,7306,1
20960,7306,1
20961,7306,1
20962,7306,1
20963,7306,1
20964,7306,1
20965,7306,1
20966,7306,1
20967,7306,1
20968,7306,1
20969,7306,1
20970,7306,1
20971,7306,1
20972,7306,1
20973,7306,1
20974,7306,1
20975,7306,1
20976,7306,1
20977,7306,1
20978,7306,1
20979,7306,1
20980,7306,1
20981,7306,1
20982,7306,1
20983,7306,1
20984,7306,1
20985,7306,1
20986,7306,1
20987,7306,1
20988,7306,1
20989,7306,1
20990,7306,1
20991,7306,1
20992,7306,1
20993,7306,1
20994,7306,1
20995,7306,1
20996,7306,1
20997,7306,1
20998,7306,1
20999,7306,1
21000,7306,1
21001,7306,1
21002,7306,1
21003,7306,1
21004,7306,1
21005,7306,1
21006,7306,1
21007,7306,1
21008,7306,1
21009,7306,1
21010,7306,1
21011,7306,1
21012,7306,1
21013,7306,1
21014,7306,1
21015,7306,1
21016,7306,1
21017,7306,1
21018,7306,1
21019,7306,1
21020,7306,1
21021,7306,1
21022,7306,1
21023,7306,1
21024,7306,1
21025,7306,1
21026,7306,1
21027,7306,1
21028,7306,1
21029,7307,1
21030,7307,1
21031,7307,1
21032,7307,1
21033,7307,1
21034,7307,1
21035,7307,1
21036,7307,1
21037,7307,1
21038,7307,1
21039,7307,1
21040,7307,1
21041,7307,1
21042,7307,1
21043,7307,1
21044,7307,1
21045,7307,1
21046,7307,1
21047,7307,1
21048,7307,1
21049,7307,1
21050,7307,1
21051,7307,1
21052,7307,1
21053,7307,1
21054,7307,1
21055,7307,1
21056,7307,1
21057,7307,1
21058,7307,1
21059,7307,1
21060,7307,1
21061,7307,1
21062,7307,1
21063,7307,1
21064,7307,1
21065,7307,1
21066,7307,1
21067,7307,1
21068,7307,1
21069,7307,1
21070,7307,1
21071,7307,1
21072,7307,1
21073,7307,1
21074,7307,1
21075,7302,1
21076,7307,1
21077,7307,1
21078,7302,1
21079,7307,1
21080,7307,1
21081,7307,1
21082,7307,1
21083,7307,1
21084,7307,1
21085,7307,1
21086,7307,1
21087,7307,1
21088,7307,1
21089,7307,1
21090,7307,1
21091,7307,1
21092,7307,1
21093,7307,1
21094,7307,1
21095,7307,1
21096,7307,1
21097,7307,1
21098,7307,1
21099,7307,1
21100,7307,1
21101,7307,1
21102,7307,1
21103,7307,1
21104,7307,1
21105,7307,1
21106,7307,1
21107,7307,1
21108,7307,1
21109,7307,1
21110,7307,1
21111,7307,1
21112,7307,1
21113,7307,1
21114,7307,1
21115,7307,1
21116,7307,1
21117,7307,1
21118,7307,1
21119,7307,1
21120,7307,1
21121,7307,1
21122,7307,1
21123,7307,1
21124,7307,1
21125,7307,1
21126,7307,1
21127,7307,1
21128,7307,1
21129,7307,1
21130,7307,1
21131,7307,1
21132,7307,1
21133,7307,1
21134,7307,1
21135,7307,1
21136,7307,1
21137,7307,1
21138,7302,1
21139,7302,1
21140,7302,1
21141,7302,1
21142,7302,1
21143,7302,1
21144,7302,1
21145,7302,1
21146,7302,1
21147,7302,1
21148,7302,1
21149,7302,1
21150,7302,1
21151,7302,1
21152,7302,1
21153,7302,1
21154,7302,1
21155,7302,1
21156,7302,1
21157,7302,1
21158,7302,1
21159,7302,1
21160,7302,1
21161,7307,1
21162,7307,1
21163,7307,1
21164,7307,1
21165,7307,1
21166,7307,1
21167,7307,1
21168,7307,1
21169,7307,1
21170,7307,1
21171,7307,1
21172,7307,1
21173,7307,1
21174,7307,1
21175,7307,1
21176,7307,1
21177,7307,1
21178,7307,1
21179,7307,1
21180,7307,1
21181,7307,1
21182,7307,1
21183,7307,1
21184,7307,1
21185,7307,1
21186,7307,1
21187,7307,1
21188,7307,1
21189,7307,1
21190,7307,1
21191,7307,1
21192,7307,1
21193,7307,1
21194,7307,1
21195,7307,1
21196,7307,1
21197,7307,1
21198,7307,1
21199,7307,1
21200,7307,1
21201,7307,1
21202,7307,1
21203,7307,1
21204,7307,1
21205,7307,1
21206,7307,1
21207,7307,1
21208,7307,1
21209,7307,1
21210,7307,1
21211,7307,1
21212,7307,1
21213,7307,1
21214,7307,1
21215,7307,1
21216,7307,1
21217,7307,1
21218,7307,1
21219,7307,1
21220,7307,1
21221,7307,1
21222,7307,1
21223,7307,1
21224,7307,1
21225,7307,1
21226,7307,1
21227,7307,1
21228,7307,1
21229,7307,1
21230,7307,1
21231,7307,1
21232,7307,1
21233,7307,1
21234,7307,1
21235,7307,1
21236,7307,1
21237,7307,1
21238,7307,1
21239,7307,1
21240,7307,1
21241,7307,1
21242,7307,1
21243,7307,1
21244,7307,1
21245,7307,1
21246,7307,1
21247,7307,1
21248,7307,1
21249,7307,1
21250,7307,1
21251,7307,1
21252,7307,1
21253,7307,1
21254,7307,1
21255,7307,1
21256,7307,1
21257,7307,1
21258,7307,1
21259,7307,1
21260,7307,1
21261,7307,1
21262,7307,1
21263,7307,1
21264,7307,1
21265,7307,1
21266,7307,1
21267,7307,1
21268,7307,1
21269,7307,1
21270,7307,1
21271,7307,1
21272,7307,1
21273,7307,1
21274,7307,1
21275,7307,1
21276,7307,1
21277,7307,1
21278,7307,1
21279,7307,1
21280,7307,1
21281,7307,1
21282,7307,1
21283,7307,1
21284,7307,1
21285,7307,1
21286,7307,1
21287,7307,1
21288,7307,1
21289,7307,1
21290,7307,1
21291,7307,1
21292,7307,1
21293,7307,1
21294,7307,1
21295,7307,1
21296,7307,1
21297,7307,1
21298,7307,1
21299,7307,1
21300,7307,1
21301,7307,1
21302,7307,1
21303,7307,1
21304,7307,1
21305,7307,1
21306,7307,1
21307,7307,1
21308,7307,1
21309,7307,1
21310,7307,1
21311,7307,1
21312,7307,1
21313,7307,1
21314,7307,1
21315,7307,1
21316,7307,1
21317,7307,1
21318,7307,1
21319,7307,1
21320,7307,1
21321,7307,1
21322,7307,1
21323,7307,1
21324,7307,1
21325,7307,1
21326,7307,1
21327,7307,1
21328,7307,1
21329,7307,1
21330,7307,1
21331,7307,1
21332,7307,1
21333,7307,1
21334,7307,1
21335,7307,1
21336,7307,1
21337,7307,1
21338,7307,1
21339,7307,1
21340,7307,1
21341,7307,1
21342,7307,1
21343,7307,1
21344,7307,1
21345,7307,1
21346,7307,1
21347,7307,1
21348,7307,1
21349,7307,1
21350,7307,1
21351,7307,1
21352,7307,1
21353,7307,1
21354,7307,1
21355,7307,1
21356,7307,1
21357,7307,1
21358,7307,1
21359,7307,1
21360,7307,1
21361,7307,1
21362,7307,1
21363,7307,1
21364,7307,1
21365,7307,1
21366,7307,1
21367,7307,1
21368,7307,1
21369,7307,1
21370,7307,1
21371,7307,1
21372,7307,1
21373,7302,1
21374,7302,1
21375,7302,1
21376,7302,1
21377,7302,1
21378,7302,1
21379,7302,1
21380,7302,1
21381,7302,1
21382,7302,1
21383,7302,1
21384,7302,1
21385,7302,1
21386,7302,1
21387,7302,1
21388,7302,1
21389,7302,1
21390,7302,1
21391,7302,1
21392,7302,1
21393,7302,1
21394,7302,1
21395,7302,1
21396,7302,1
21397,7302,1
21398,7302,1
21399,7302,1
21400,7302,1
21401,7302,1
21402,7302,1
21403,7302,1
21404,7302,1
21405,7302,1
21406,7302,1
21407,7302,1
21408,7302,1
21409,7302,1
21410,7302,1
21411,7302,1
21412,7302,1
21413,7302,1
21414,7302,1
21415,7302,1
21416,7302,1
21417,7302,1
21418,7302,1
21419,7302,1
21420,7302,1
21421,7302,1
21422,7302,1
21423,7302,1
21424,7302,1
21425,7302,1
21426,7302,1
21427,7302,1
21428,7302,1
21429,7302,1
21430,7302,1
21431,7302,1
21432,7302,1
21433,7302,1
21434,7302,1
21435,7302,1
21436,7302,1
21437,7302,1
21438,7302,1
21439,7302,1
21440,7302,1
21441,7302,1
21442,7302,1
21443,7302,1
21444,7302,1
21445,7302,1
21446,7302,1
21447,7302,1
21448,7302,1
21449,7302,1
21450,7302,1
21451,7302,1
21452,7302,1
21453,7302,1
21454,7302,1
21455,7302,1
21456,7302,1
21457,7302,1
21458,7302,1
21459,7302,1
21460,7302,1
21461,7302,1
21462,7302,1
21463,7302,1
21464,7302,1
21465,7302,1
21466,7302,1
21467,7302,1
21468,7302,1
21469,7302,1
21470,7302,1
21471,7302,1
21472,7302,1
21473,7302,1
21474,7302,1
21475,7302,1
21476,7302,1
21477,7302,1
21478,7302,1
21479,7302,1
21480,7302,1
21481,7302,1
21482,7302,1
21483,7302,1
21484,7302,1
21485,7302,1
21486,7302,1
21487,7302,1
21488,7302,1
21489,7302,1
21490,7302,1
21491,7302,1
21492,7302,1
21493,7302,1
21494,7302,1
21495,7302,1
21496,7302,1
21497,7302,1
21498,7302,1
21499,7302,1
21500,7302,1
21501,7302,1
21502,7302,1
21503,7302,1
21504,7302,1
21505,7302,1
21506,7302,1
21507,7302,1
21508,7302,1
21509,7302,1
21510,7302,1
21511,7302,1
21512,7302,1
21513,7302,1
21514,7302,1
21515,7302,1
21516,7302,1
21517,7302,1
21518,7302,1
21519,7302,1
21520,7302,1
21521,7302,1
21522,7302,1
21523,7302,1
21524,7302,1
21525,7302,1
21526,7302,1
21527,7302,1
21528,7302,1
21529,7302,1
21530,7302,1
21531,7302,1
21532,7302,1
21533,7302,1
21534,7302,1
21535,7302,1
21536,7302,1
21537,7302,1
21538,7302,1
21539,7302,1
21540,7302,1
21541,7302,1
21542,7302,1
21543,7302,1
21544,7302,1
21545,7302,1
21546,7302,1
21547,7302,1
21548,7302,1
21549,7302,1
21550,7302,1
21551,7302,1
21552,7302,1
21553,7302,1
21554,7302,1
21555,7302,1
21556,7302,1
21557,7302,1
21558,7302,1
21559,7302,1
21560,7302,1
21561,7302,1
21562,7302,1
21563,7302,1
21564,7302,1
21565,7302,1
21566,7302,1
21567,7302,1
21568,7302,1
21569,7302,1
21570,7302,1
21571,7302,1
21572,7302,1
21573,7302,1
21574,7302,1
21575,7302,1
21576,7302,1
21577,7302,1
21578,7302,1
21579,7302,1
21580,7302,1
21581,7302,1
21582,7302,1
21583,7302,1
21584,7302,1
21585,7302,1
21586,7302,1
21587,7302,1
21588,7302,1
21589,7302,1
21590,7302,1
21591,7302,1
21592,7302,1
21593,7302,1
21594,7302,1
21595,7302,1
21596,7302,1
21597,7302,1
21598,7302,1
21599,7302,1
21600,7302,1
21601,7302,1
21602,7302,1
21603,7302,1
21604,7302,1
21605,7302,1
21606,7302,1
21607,7302,1
21608,7302,1
21609,7302,1
21610,7302,1
21611,7302,1
21612,7302,1
21613,7302,1
21614,7302,1
21615,7302,1
21616,7302,1
21617,7302,1
21618,7302,1
21619,7302,1
21620,7302,1
21621,7302,1
21622,7302,1
21623,7302,1
21624,7302,1
21625,7302,1
21626,7302,1
21627,7302,1
21628,7302,1
21629,7302,1
21630,7302,1
21631,7302,1
21632,7302,1
21633,7302,1
21634,7302,1
21635,7302,1
21636,7302,1
21637,7302,1
21638,7302,1
21639,7302,1
21640,7302,1
21641,7302,1
21642,7302,1
21643,7302,1
21644,7302,1
21645,7302,1
21646,7302,1
21647,7302,1
21648,7302,1
21649,7302,1
21650,7302,1
21651,7302,1
21652,7302,1
21653,7302,1
21654,7302,1
21655,7302,1
21656,7302,1
21657,7302,1
21658,7302,1
21659,7302,1
21660,7302,1
21661,7302,1
21662,7302,1
21663,7302,1
21664,7302,1
21665,7302,1
21666,7302,1
21667,7302,1
21668,7302,1
21669,7302,1
21670,7302,1
21671,7302,1
21672,7302,1
21673,7302,1
21674,7302,1
21675,7302,1
21676,7302,1
21677,7302,1
21678,7302,1
21679,7302,1
21680,7302,1
21681,7302,1
21682,7302,1
21683,7302,1
21684,7302,1
21685,7302,1
21686,7302,1
21687,7302,1
21688,7302,1
21689,7302,1
21690,7302,1
21691,7302,1
21692,7302,1
21693,7302,1
21694,7302,1
21695,7302,1
21696,7302,1
21697,7302,1
21698,7302,1
21699,7302,1
21700,7302,1
21701,7302,1
21702,7302,1
21703,7302,1
21704,7302,1
21705,7302,1
21706,7302,1
21707,7302,1
21708,7302,1
21709,7302,1
21710,7302,1
21711,7302,1
21712,7302,1
21713,7302,1
21714,7302,1
21715,7302,1
21716,7302,1
21717,7302,1
21718,7302,1
21719,7302,1
21720,7302,1
21721,7302,1
21722,7302,1
21723,7302,1
21724,7302,1
21725,7302,1
21726,7302,1
21727,7302,1
21728,7302,1
21729,7302,1
21730,7302,1
21731,7302,1
21732,7302,1
21733,7302,1
21734,7302,1
21735,7302,1
21736,7302,1
21737,7302,1
21738,7302,1
21739,7302,1
21740,7302,1
21741,7302,1
21742,7302,1
21743,7302,1
21744,7302,1
21745,7302,1
21746,7302,1
21747,7302,1
21748,7302,1
21749,7302,1
21750,7302,1
21751,7302,1
21752,7302,1
21753,7302,1
21754,7302,1
21755,7302,1
21756,7302,1
21757,7302,1
21758,7302,1
21759,7302,1
21760,7302,1
21761,7302,1
21762,7302,1
21763,7302,1
21764,7302,1
21765,7302,1
21766,7302,1
21767,7302,1
21768,7302,1
21769,7302,1
21770,7302,1
21771,7302,1
21772,7302,1
21773,7302,1
21774,7302,1
21775,7302,1
21776,7302,1
21777,7302,1
21778,7302,1
21779,7302,1
21780,7302,1
21781,7302,1
21782,7302,1
21783,7302,1
21784,7302,1
21785,7302,1
21786,7302,1
21787,7302,1
21788,7302,1
21789,7302,1
21790,7302,1
21791,7302,1
21792,7302,1
21793,7302,1
21794,7302,1
21795,7302,1
21796,7302,1
21797,7302,1
21798,7302,1
21799,7302,1
21800,7302,1
21801,7302,1
21802,7302,1
21803,7302,1
21804,7302,1
21805,7302,1
21806,7302,1
21807,7302,1
21808,7302,1
21809,7302,1
21810,7302,1
21811,7302,1
21812,7302,1
21813,7302,1
21814,7302,1
21815,7302,1
21816,7302,1
21817,7302,1
21818,7302,1
21819,7302,1
21820,7302,1
21821,7302,1
21822,7302,1
21823,7302,1
21824,7302,1
21825,7302,1
21826,7302,1
21827,7302,1
21828,7302,1
21829,7302,1
21830,7302,1
21831,7302,1
21832,7302,1
21833,7302,1
21834,7302,1
21835,7302,1
21836,7302,1
21837,7302,1
21838,7302,1
21839,7302,1
21840,7302,1
21841,7302,1
21842,7302,1
21843,7302,1
21844,7302,1
21845,7302,1
21846,7302,1
21847,7302,1
21848,7302,1
21849,7302,1
21850,7302,1
21851,7302,1
21852,7302,1
21853,7302,1
21854,7302,1
21855,7302,1
21856,7302,1
21857,7302,1
21858,7302,1
21859,7302,1
21860,7302,1
21861,7302,1
21862,7302,1
21863,7302,1
21864,7302,1
21865,7302,1
21866,7302,1
21867,7302,1
21868,7302,1
21869,7302,1
21870,7302,1
21871,7302,1
21872,7302,1
21873,7302,1
21874,7302,1
21875,7302,1
21876,7302,1
21877,7302,1
21878,7302,1
21879,7302,1
21880,7302,1
21881,7302,1
21882,7302,1
21883,7302,1
21884,7302,1
21885,7302,1
21886,7302,1
21887,7302,1
21888,7302,1
21889,7302,1
21890,7302,1
21891,7302,1
21892,7302,1
21893,7302,1
21894,7302,1
21895,7302,1
21896,7302,1
21897,7302,1
21898,7302,1
21899,7302,1
21900,7302,1
21901,7302,1
21902,7302,1
21903,7302,1
21904,7302,1
21905,7302,1
21906,7302,1
21907,7302,1
21908,7302,1
21909,7302,1
21910,7302,1
21911,7302,1
21912,7302,1
21913,7302,1
21914,7302,1
21915,7302,1
21916,7302,1
21917,7302,1
21918,7302,1
21919,7302,1
21920,7302,1
21921,7302,1
21922,7302,1
21923,7302,1
21924,7302,1
21925,7302,1
21926,7302,1
21927,7302,1
21928,7302,1
21929,7302,1
21930,7302,1
21931,7302,1
21932,7302,1
21933,7302,1
21934,7302,1
21935,7302,1
21936,7302,1
21937,7302,1
21938,7302,1
21939,7302,1
21940,7302,1
21941,7302,1
21942,7302,1
21943,7302,1
21944,7302,1
21945,7302,1
21946,7302,1
21947,7302,1
21948,7302,1
21949,7302,1
21950,7302,1
21951,7302,1
21952,7302,1
21953,7302,1
21954,7302,1
21955,7302,1
21956,7302,1
21957,7302,1
21958,7302,1
21959,7302,1
21960,7302,1
21961,7302,1
21962,7302,1
21963,7302,1
21964,7302,1
21965,7302,1
21966,7302,1
21967,7302,1
21968,7302,1
21969,7302,1
21970,7302,1
21971,7302,1
21972,7302,1
21973,7302,1
21974,7302,1
21975,7302,1
21976,7302,1
21977,7302,1
21978,7302,1
21979,7302,1
21980,7302,1
21981,7302,1
21982,7302,1
21983,7302,1
21984,7302,1
21985,7302,1
21986,7302,1
21987,7302,1
21988,7302,1
21989,7302,1
21990,7302,1
21991,7302,1
21992,7302,1
21993,7302,1
21994,7302,1
21995,7302,1
21996,7302,1
21997,7302,1
21998,7302,1
21999,7302,1
22000,7302,1
22001,7302,1
22002,7302,1
22003,7302,1
22004,7302,1
22005,7302,1
22006,7302,1
22007,7302,1
22008,7302,1
22009,7302,1
22010,7302,1
22011,7302,1
22012,7302,1
22013,7302,1
22014,7302,1
22015,7302,1
22016,7302,1
22017,7302,1
22018,7302,1
22019,7302,1
22020,7302,1
22021,7302,1
22022,7302,1
22023,7302,1
22024,7302,1
22025,7302,1
22026,7302,1
22027,7302,1
22028,7302,1
22029,7302,1
22030,7302,1
22031,7302,1
22032,7302,1
22033,7302,1
22034,7302,1
22035,7302,1
22036,7302,1
22037,7302,1
22038,7302,1
22039,7302,1
22040,7302,1
22041,7302,1
22042,7302,1
22043,7302,1
22044,7302,1
22045,7302,1
22046,7302,1
22047,7302,1
22048,7302,1
22049,7302,1
22050,7302,1
22051,7302,1
22052,7302,1
22053,7302,1
22054,7302,1
22055,7302,1
22056,7302,1
22057,7302,1
22058,7302,1
22059,7302,1
22060,7302,1
22061,7302,1
22062,7302,1
22063,7302,1
22064,7302,1
22065,7302,1
22066,7302,1
22067,7302,1
22068,7302,1
22069,7302,1
22070,7302,1
22071,7302,1
22072,7302,1
22073,7302,1
22074,7302,1
22075,7302,1
22076,7302,1
22077,7302,1
22078,7302,1
22079,7302,1
22080,7302,1
22081,7302,1
22082,7302,1
22083,7302,1
22084,7302,1
22085,7302,1
22086,7302,1
22087,7302,1
22088,7302,1
22089,7302,1
22090,7302,1
22091,7302,1
22092,7302,1
22093,7302,1
22094,7302,1
22095,7302,1
22096,7302,1
22097,7302,1
22098,7302,1
22099,7302,1
22100,7302,1
22101,7302,1
22102,7302,1
22103,7302,1
22104,7302,1
22105,7302,1
22106,7302,1
22107,7302,1
22108,7302,1
22109,7302,1
22110,7302,1
22111,7302,1
22112,7302,1
22113,7302,1
22114,7302,1
22115,7302,1
22116,7302,1
22117,7302,1
22118,7302,1
22119,7302,1
22120,7302,1
22121,7302,1
22122,7302,1
22123,7302,1
22124,7302,1
22125,7302,1
22126,7302,1
22127,7302,1
22128,7302,1
22129,7302,1
22130,7302,1
22131,7302,1
22132,7302,1
22133,7302,1
22134,7302,1
22135,7302,1
22136,7302,1
22137,7302,1
22138,7302,1
22139,7302,1
22140,7302,1
22141,7302,1
22142,7302,1
22143,7302,1
22144,7302,1
22145,7302,1
22146,7302,1
22147,7302,1
22148,7302,1
22149,7302,1
22150,7302,1
22151,7302,1
22152,7302,1
22153,7302,1
22154,7302,1
22155,7302,1
22156,7302,1
22157,7302,1
22158,7302,1
22159,7302,1
22160,7302,1
22161,7302,1
22162,7302,1
22163,7302,1
22164,7302,1
22165,7302,1
22166,7302,1
22167,7302,1
22168,7302,1
22169,7302,1
22170,7302,1
22171,7302,1
22172,7302,1
22173,7302,1
22174,7302,1
22175,7302,1
22176,7302,1
22177,7302,1
22178,7302,1
22179,7302,1
22180,7302,1
22181,7302,1
22182,7302,1
22183,7302,1
22184,7302,1
22185,7302,1
22186,7302,1
22187,7302,1
22188,7302,1
22189,7302,1
22190,7302,1
22191,7302,1
22192,7302,1
22193,7302,1
22194,7302,1
22195,7302,1
22196,7302,1
22197,7302,1
22198,7302,1
22199,7302,1
22200,7302,1
22201,7302,1
22202,7302,1
22203,7302,1
22204,7302,1
22205,7302,1
22206,7302,1
22207,7302,1
22208,7302,1
22209,7302,1
22210,7302,1
22211,7302,1
22212,7302,1
22213,7302,1
22214,7302,1
22215,7302,1
22216,7302,1
22217,7302,1
22218,7302,1
22219,7302,1
22220,7302,1
22221,7302,1
22222,7302,1
22223,7302,1
22224,7302,1
22225,7302,1
22226,7302,1
22227,7302,1
22228,7302,1
22229,7302,1
22230,7302,1
22231,7302,1
22232,7302,1
22233,7302,1
22234,7302,1
22235,7302,1
22236,7302,1
22237,7302,1
22238,7302,1
22239,7302,1
22240,7302,1
22241,7302,1
22242,7302,1
22243,7302,1
22244,7302,1
22245,7302,1
22246,7302,1
22247,7302,1
22248,7302,1
22249,7302,1
22250,7302,1
22251,7302,1
22252,7302,1
22253,7302,1
22254,7302,1
22255,7302,1
22256,7302,1
22257,7302,1
22258,7302,1
22259,7302,1
22260,7302,1
22261,7302,1
22262,7302,1
22263,7302,1
22264,7302,1
22265,7302,1
22266,7302,1
22267,7302,1
22268,7302,1
22269,7302,1
22270,7302,1
22271,7302,1
22272,7302,1
22273,7302,1
22274,7302,1
22275,7302,1
22276,7302,1
22277,7302,1
22278,7302,1
22279,7302,1
22280,7302,1
22281,7302,1
22282,7302,1
22283,7302,1
22284,7302,1
22285,7302,1
22286,7302,1
22287,7302,1
22288,7302,1
22289,7302,1
22290,7302,1
22291,7302,1
22292,7302,1
22293,7302,1
22294,7302,1
22295,7302,1
22296,7302,1
22297,7302,1
22298,7302,1
22299,7302,1
22300,7302,1
22301,7302,1
22302,7302,1
22303,7302,1
22304,7302,1
22305,7302,1
22306,7302,1
22307,7302,1
22308,7302,1
22309,7302,1
22310,7302,1
22311,7302,1
22312,7302,1
22313,7302,1
22314,7302,1
22315,7302,1
22316,7302,1
22317,7302,1
22318,7302,1
22319,7302,1
22320,7302,1
22321,7302,1
22322,7302,1
22323,7302,1
22324,7302,1
22325,7302,1
22326,7302,1
22327,7302,1
22328,7302,1
22329,7302,1
22330,7302,1
22331,7302,1
22332,7302,1
22333,7302,1
22334,7302,1
22335,7302,1
22336,7302,1
22337,7302,1
22338,7302,1
22339,7302,1
22340,7302,1
22341,7302,1
22342,7302,1
22343,7302,1
22344,7302,1
22345,7302,1
22346,7302,1
22347,7302,1
22348,7302,1
22349,7302,1
22350,7302,1
22351,7302,1
22352,7302,1
22353,7302,1
22354,7302,1
22355,7302,1
22356,7302,1
22357,7302,1
22358,7302,1
22359,7302,1
22360,7302,1
22361,7302,1
22362,7302,1
22363,7302,1
22364,7302,1
22365,7302,1
22366,7302,1
22367,7302,1
22368,7302,1
22369,7302,1
22370,7302,1
22371,7302,1
22372,7302,1
22373,7302,1
22374,7302,1
22375,7302,1
22376,7302,1
22377,7302,1
22378,7302,1
22379,7302,1
22380,7302,1
22381,7302,1
22382,7302,1
22383,7302,1
22384,7302,1
22385,7302,1
22386,7302,1
22387,7302,1
22388,7302,1
22389,7302,1
22390,7302,1
22391,7302,1
22392,7302,1
22393,7302,1
22394,7302,1
22395,7302,1
22396,7302,1
22397,7302,1
22398,7302,1
22399,7302,1
22400,7302,1
22401,7302,1
22402,7302,1
22403,7302,1
22404,7302,1
22405,7302,1
22406,7302,1
22407,7302,1
22408,7302,1
22409,7302,1
22410,7302,1
22411,7302,1
22412,7302,1
22413,7302,1
22414,7302,1
22415,7302,1
22416,7302,1
22417,7302,1
22418,7302,1
22419,7302,1
22420,7302,1
22421,7302,1
22422,7302,1
22423,7302,1
22424,7302,1
22425,7302,1
22426,7302,1
22427,7302,1
22428,7302,1
22429,7302,1
22430,7302,1
22431,7302,1
22432,7302,1
22433,7302,1
22434,7302,1
22435,7302,1
22436,7302,1
22437,7302,1
22438,7302,1
22439,7302,1
22440,7302,1
22441,7302,1
22442,7302,1
22443,7302,1
22444,7302,1
22445,7302,1
22446,7302,1
22447,7302,1
22448,7302,1
22449,7302,1
22450,7302,1
22451,7302,1
22452,7302,1
22453,7302,1
22454,7302,1
22455,7302,1
22456,7302,1
22457,7302,1
22458,7302,1
22459,7302,1
22460,7302,1
22461,7302,1
22462,7302,1
22463,7302,1
22464,7302,1
22465,7302,1
22466,7302,1
22467,7302,1
22468,7302,1
22469,7302,1
22470,7302,1
22471,7302,1
22472,7302,1
22473,7302,1
22474,7302,1
22475,7302,1
22476,7302,1
22477,7302,1
22478,7302,1
22479,7302,1
22480,7302,1
22481,7302,1
22482,7302,1
22483,7302,1
22484,7302,1
22485,7302,1
22486,7302,1
22487,7302,1
22488,7302,1
22489,7302,1
22490,7302,1
22491,7302,1
22492,7302,1
22493,7302,1
22494,7302,1
22495,7302,1
22496,7302,1
22497,7302,1
22498,7302,1
22499,7302,1
22500,7302,1
22501,7302,1
22502,7302,1
22503,7302,1
22504,7302,1
22505,7302,1
22506,7302,1
22507,7302,1
22508,7302,1
22509,7302,1
22510,7302,1
22511,7302,1
22512,7302,1
22513,7302,1
22514,7302,1
22515,7302,1
22516,7302,1
22517,7302,1
22518,7302,1
22519,7302,1
22520,7302,1
22521,7302,1
22522,7302,1
22523,7302,1
22524,7302,1
22525,7302,1
22526,7302,1
22527,7302,1
22528,7302,1
22529,7302,1
22530,7302,1
22531,7302,1
22532,7302,1
22533,7302,1
22534,7302,1
22535,7302,1
22536,7302,1
22537,7302,1
22538,7302,1
22539,7302,1
22540,7302,1
22541,7302,1
22542,7302,1
22543,7302,1
22544,7302,1
22545,7302,1
22546,7302,1
22547,7302,1
22548,7302,1
22549,7302,1
22550,7302,1
22551,7302,1
22552,7302,1
22553,7302,1
22554,7302,1
22555,7302,1
22556,7302,1
22557,7302,1
22558,7302,1
22559,7302,1
22560,7302,1
22561,7302,1
22562,7302,1
22563,7302,1
22564,7302,1
22565,7302,1
22566,7302,1
22567,7302,1
22568,7302,1
22569,7302,1
22570,7302,1
22571,7302,1
22572,7302,1
22573,7302,1
22574,7302,1
22575,7302,1
22576,7302,1
22577,7302,1
22578,7302,1
22579,7302,1
22580,7302,1
22581,7302,1
22582,7302,1
22583,7302,1
22584,7302,1
22585,7302,1
22586,7302,1
22587,7302,1
22588,7302,1
22589,7302,1
22590,7302,1
22591,7302,1
22592,7302,1
22593,7302,1
22594,7302,1
22595,7302,1
22596,7302,1
22597,7302,1
22598,7302,1
22599,7302,1
22600,7302,1
22601,7302,1
22602,7302,1
22603,7302,1
22604,7302,1
22605,7302,1
22606,7302,1
22607,7302,1
22608,7302,1
22609,7302,1
22610,7302,1
22611,7302,1
22612,7302,1
22613,7302,1
22614,7302,1
22615,7302,1
22616,7302,1
22617,7302,1
22618,7302,1
22619,7302,1
22620,7302,1
22621,7302,1
22622,7302,1
22623,7302,1
22624,7302,1
22625,7302,1
22626,7302,1
22627,7302,1
22628,7302,1
22629,7302,1
22630,7302,1
22631,7302,1
22632,7302,1
22633,7302,1
22634,7302,1
22635,7302,1
22636,7302,1
22637,7302,1
22638,7302,1
22639,7302,1
22640,7302,1
22641,7302,1
22642,7302,1
22643,7302,1
22644,7302,1
22645,7302,1
22646,7302,1
22647,7302,1
22648,7302,1
22649,7302,1
22650,7302,1
22651,7302,1
22652,7302,1
22653,7302,1
22654,7302,1
22655,7302,1
22656,7302,1
22657,7302,1
22658,7302,1
22659,7302,1
22660,7302,1
22661,7302,1
22662,7302,1
22663,7302,1
22664,7302,1
22665,7302,1
22666,7302,1
22667,7302,1
22668,7302,1
22669,7302,1
22670,7302,1
22671,7302,1
22672,7302,1
22673,7302,1
22674,7302,1
22675,7302,1
22676,7302,1
22677,7302,1
22678,7302,1
22679,7302,1
22680,7302,1
22681,7302,1
22682,7302,1
22683,7302,1
22684,7302,1
22685,7302,1
22686,7302,1
22687,7302,1
22688,7302,1
22689,7302,1
22690,7302,1
22691,7302,1
22692,7302,1
22693,7302,1
22694,7302,1
22695,7302,1
22696,7302,1
22697,7302,1
22698,7302,1
22699,7302,1
22700,7302,1
22701,7302,1
22702,7302,1
22703,7302,1
22704,7302,1
22705,7302,1
22706,7302,1
22707,7302,1
22708,7302,1
22709,7302,1
22710,7302,1
22711,7302,1
22712,7302,1
22713,7302,1
22714,7302,1
22715,7302,1
22716,7302,1
22717,7302,1
22718,7302,1
22719,7302,1
22720,7302,1
22721,7302,1
22722,7302,1
22723,7302,1
22724,7302,1
22725,7302,1
22726,7302,1
22727,7302,1
22728,7302,1
22729,7302,1
22730,7302,1
22731,7302,1
22732,7302,1
22733,7302,1
22734,7302,1
22735,7302,1
22736,7302,1
22737,7302,1
22738,7302,1
22739,7302,1
22740,7302,1
22741,7302,1
22742,7302,1
22743,7302,1
22744,7302,1
22745,7302,1
22746,7302,1
22747,7302,1
22748,7302,1
22749,7302,1
22750,7302,1
22751,7302,1
22752,7302,1
22753,7302,1
22754,7302,1
22755,7302,1
22756,7302,1
22757,7302,1
22758,7302,1
22759,7302,1
22760,7302,1
22761,7302,1
22762,7302,1
22763,7302,1
22764,7302,1
22765,7302,1
22766,7302,1
22767,7319,1
22768,7302,1
22769,7302,1
22770,7302,1
22771,7302,1
22772,7302,1
22773,7302,1
22774,7302,1
22775,7302,1
22776,7302,1
22777,7302,1
22778,7302,1
22779,7302,1
22780,7302,1
22781,7302,1
22782,7302,1
22783,7302,1
22784,7302,1
22785,7302,1
22786,7302,1
22787,7302,1
22788,7302,1
22789,7302,1
22790,7302,1
22791,7302,1
22792,7302,1
22793,7302,1
22794,7319,1
22795,7319,1
22796,7319,1
22797,7319,1
22798,7319,1
22799,7319,1
22800,7319,1
22801,7319,1
22802,7319,1
22803,7319,1
22804,7319,1
22805,7319,1
22806,7319,1
22807,7319,1
22808,7319,1
22809,7319,1
22810,7319,1
22811,7319,1
22812,7319,1
22813,7319,1
22814,7319,1
22815,7319,1
22816,7319,1
22817,7319,1
22818,7319,1
22819,7319,1
22820,7319,1
22821,7319,1
22822,7319,1
22823,7319,1
22824,7319,1
22825,7319,1
22826,7319,1
22827,7319,1
22828,7319,1
22829,7319,1
22830,7319,1
22831,7319,1
22832,7319,1
22833,7319,1
22834,7319,1
22835,7319,1
22836,7319,1
22837,7319,1
22838,7319,1
22839,7319,1
22840,7319,1
22841,7319,1
22842,7319,1
22843,7319,1
22844,7319,1
22845,7302,1
22846,7302,1
22847,7302,1
22848,7302,1
22849,7302,1
22850,7302,1
22851,7302,1
22852,7302,1
22853,7302,1
22854,7302,1
22855,7302,1
22856,7302,1
22857,7302,1
22858,7302,1
22859,7302,1
22860,7302,1
22861,7302,1
22862,7302,1
22863,7302,1
22864,7302,1
22865,7302,1
22866,7302,1
22867,7302,1
22868,7302,1
22869,7302,1
22870,7302,1
22871,7302,1
22872,7302,1
22873,7302,1
22874,7302,1
22875,7302,1
22876,7302,1
22877,7302,1
22878,7302,1
22879,7302,1
22880,7302,1
22881,7302,1
22882,7302,1
22883,7302,1
22884,7302,1
22885,7302,1
22886,7302,1
22887,7302,1
22888,7302,1
22889,7302,1
22890,7302,1
22891,7302,1
22892,7302,1
22893,7302,1
22894,7302,1
22895,7302,1
22896,7302,1
22897,7302,1
22898,7302,1
22899,7302,1
22900,7302,1
22901,7302,1
22902,7302,1
22903,7302,1
22904,7302,1
22905,7302,1
22906,7302,1
22907,7302,1
22908,7302,1
22909,7302,1
22910,7302,1
22911,7302,1
22912,7302,1
22913,7302,1
22914,7302,1
22915,7302,1
22916,7302,1
22917,7302,1
22918,7302,1
22919,7302,1
22920,7302,1
22921,7302,1
22922,7302,1
22923,7302,1
22924,7302,1
22925,7302,1
22926,7302,1
22927,7302,1
22928,7302,1
22929,7302,1
22930,7302,1
22931,7302,1
22932,7302,1
22933,7302,1
22934,7319,1
22935,7319,1
22936,7319,1
22937,7319,1
22938,7319,1
22939,7319,1
22940,7319,1
22941,7319,1
22942,7319,1
22943,7319,1
22944,7319,1
22945,7319,1
22946,7319,1
22947,7319,1
22948,7319,1
22949,7319,1
22950,7319,1
22951,7319,1
22952,7319,1
22953,7319,1
22954,7319,1
22955,7319,1
22956,7319,1
22957,7319,1
22958,7319,1
22959,7319,1
22960,7319,1
22961,7319,1
22962,7319,1
22963,7319,1
22964,7319,1
22965,7319,1
22966,7319,1
22967,7319,1
22968,7319,1
22969,7319,1
22970,7319,1
22971,7319,1
22972,7319,1
22973,7319,1
22974,7319,1
22975,7319,1
22976,7319,1
22977,7319,1
22978,7319,1
22979,7319,1
22980,7319,1
22981,7319,1
22982,7319,1
22983,7319,1
22984,7319,1
22985,7319,1
22986,7319,1
22987,7319,1
22988,7319,1
22989,7319,1
22990,7319,1
22991,7319,1
22992,7319,1
22993,7319,1
22994,7319,1
22995,7319,1
22996,7319,1
22997,7319,1
22998,7319,1
22999,7319,1
23000,7319,1
23001,7319,1
23002,7319,1
23003,7319,1
23004,7319,1
23005,7319,1
23006,7319,1
23007,7319,1
23008,7319,1
23009,7304,1
23010,7304,1
23011,7304,1
23012,7304,1
23013,7304,1
23014,7304,1
23015,7304,1
23016,7304,1
23017,7304,1
23018,7304,1
23019,7304,1
23020,7304,1
23021,7304,1
23022,7304,1
23023,7304,1
23024,7304,1
23025,7304,1
23026,7304,1
23027,7304,1
23028,7304,1
23029,7304,1
23030,7304,1
23031,7309,1
23032,7302,1
23033,7301,1
23034,7304,1
23035,7306,1
23036,7304,1
23037,7304,1
23038,7304,1
23039,7304,1
23040,7304,1
23041,7304,1
23042,7304,1
23043,7304,1
23044,7304,1
23045,7304,1
23046,7304,1
23047,7304,1
23048,7304,1
23049,7304,1
23050,7304,1
23051,7304,1
23052,7304,1
23053,7304,1
23054,7304,1
23055,7304,1
23056,7304,1
23057,7304,1
23058,7304,1
23059,7304,1
23060,7304,1
23061,7304,1
23062,7304,1
23063,7304,1
23064,7304,1
23065,7304,1
23066,7304,1
23067,7304,1
23068,7304,1
23069,7304,1
23070,7304,1
23071,7304,1
23072,7304,1
23073,7304,1
23074,7304,1
23075,7304,1
23076,7304,1
23077,7304,1
23078,7304,1
23079,7304,1
23080,7304,1
23081,7304,1
23082,7304,1
23083,7304,1
23084,7304,1
23085,7304,1
23086,7304,1
23087,7304,1
23088,7304,1
23089,7304,1
23090,7304,1
23091,7304,1
23092,7304,1
23093,7304,1
23094,7304,1
23095,7304,1
23096,7304,1
23097,7304,1
23098,7304,1
23099,7304,1
23100,7304,1
23101,7304,1
23102,7302,1
23103,7309,1
23104,7304,1
23105,7309,1
23106,7307,1
23107,7307,1
23108,7301,1
23109,7302,1
23110,7302,1
23111,7302,1
23112,7307,1
23113,7307,1
23114,7301,1
23115,7302,1
23116,7307,1
23117,7306,1
23118,7305,1
23119,7301,1
23120,7301,1
23121,7313,1
23122,7313,1
23123,7306,1
23124,7303,1
23125,7306,1
23126,7305,1
23127,7306,1
23128,7303,1
23129,7305,1
23130,7305,1
23131,7303,1
23132,7303,1
23133,7306,1
23134,7306,1
23135,7306,1
23136,7306,1
23137,7302,1
23138,7302,1
23139,7307,1
23140,7307,1
23141,7302,1
23142,7306,1
23143,7306,1
23144,7302,1
23145,7304,1
23146,7304,1
23147,7304,1
23148,7302,1
23149,7306,1
23150,7302,1
23151,7304,1
23152,7305,1
23153,7305,1
23154,7305,1
23155,7305,1
23156,7307,1
23157,7307,1
23158,7306,1
23159,7306,1
23160,7302,1
23161,7305,1
23162,7305,1
23163,7305,1
23164,7305,1
23165,7305,1
23166,7305,1
23167,7305,1
23168,7305,1
23169,7305,1
23170,7305,1
23171,7305,1
23172,7305,1
23173,7305,1
23174,7305,1
23175,7305,1
23176,7319,1
23177,7304,1
23178,7304,1
23179,7304,1
23180,7305,1
23181,7305,1
23182,7305,1
23183,7305,1
23184,7303,1
23185,7303,1
23186,7304,1
23187,7304,1
23188,7304,1
23189,7304,1
23190,7309,1
23191,7309,1
23192,7305,1
23193,7307,1
23194,7307,1
23195,7307,1
23196,7307,1
23197,7307,1
23198,7307,1
23199,7307,1
23200,7307,1
23201,7302,1
23202,7302,1
23203,7302,1
23204,7302,1
23205,7302,1
23206,7302,1
23207,7302,1
23208,7302,1
23209,7304,1
23210,7304,1
23211,7301,1
23212,7301,1
23213,7301,1
23214,7301,1
23215,7301,1
23216,7301,1
23217,7301,1
23218,7301,1
23219,7301,1
23220,7301,1
23221,7301,1
23222,7301,1
23223,7301,1
23224,7301,1
23225,7301,1
23226,7301,1
23227,7301,1
23228,7301,1
23229,7301,1
23230,7301,1
23231,7301,1
23232,7301,1
23233,7301,1
23234,7301,1
23235,7301,1
23236,7301,1
23237,7301,1
23238,7301,1
23239,7301,1
23240,7301,1
23241,7301,1
23242,7301,1
23243,7301,1
23244,7301,1
23245,7301,1
23246,7301,1
23247,7301,1
23248,7301,1
23249,7302,1
23250,7301,1
23251,7301,1
23252,7301,1
23253,7302,1
23254,7302,1
23255,7302,1
23256,7304,1
23257,7304,1
23258,7301,1
23259,7304,1
23260,7304,1
23261,7304,1
23262,7304,1
23263,7304,1
23264,7304,1
23265,7304,1
23266,7304,1
23267,7304,1
23268,7304,1
23269,7304,1
23270,7304,1
23271,7304,1
23272,7304,1
23273,7309,1
23274,7309,1
23275,7309,1
23276,7309,1
23277,7309,1
23278,7309,1
23279,7309,1
23280,7309,1
23281,7309,1
23282,7309,1
23283,7309,1
23284,7309,1
23285,7309,1
23286,7309,1
23287,7309,1
23288,7309,1
23289,7309,1
23290,7309,1
23291,7309,1
23292,7309,1
23293,7309,1
23294,7309,1
23295,7309,1
23296,7309,1
23297,7309,1
23298,7309,1
23299,7309,1
23300,7309,1
23301,7309,1
23302,7309,1
23303,7309,1
23304,7309,1
23305,7309,1
23306,7309,1
23307,7309,1
23308,7309,1
23309,7309,1
23310,7309,1
23311,7309,1
23312,7309,1
23313,7309,1
23314,7309,1
23315,7309,1
23316,7309,1
23317,7309,1
23318,7309,1
23319,7309,1
23320,7309,1
23321,7309,1
23322,7309,1
23323,7309,1
23324,7309,1
23325,7309,1
23326,7309,1
23327,7309,1
23328,7309,1
23329,7309,1
23330,7309,1
23331,7309,1
23332,7309,1
23333,7309,1
23334,7309,1
23335,7309,1
23336,7309,1
23337,7309,1
23338,7309,1
23339,7309,1
23340,7309,1
23341,7309,1
23342,7309,1
23343,7309,1
23344,7309,1
23345,7309,1
23346,7309,1
23347,7309,1
23348,7309,1
23349,7309,1
23350,7309,1
23351,7309,1
23352,7309,1
23353,7309,1
23354,7309,1
23355,7309,1
23356,7309,1
23357,7309,1
23358,7309,1
23359,7309,1
23360,7309,1
23361,7309,1
23362,7309,1
23363,7309,1
23364,7309,1
23365,7309,1
23366,7306,1
23367,7306,1
23368,7306,1
23369,7306,1
23370,7306,1
23371,7306,1
23372,7306,1
23373,7306,1
23374,7306,1
23375,7306,1
23376,7306,1
23377,7306,1
23378,7306,1
23379,7306,1
23380,7306,1
23381,7306,1
23382,7306,1
23383,7306,1
23384,7306,1
23385,7307,1
23386,7307,1
23387,7307,1
23388,7307,1
23389,7307,1
23390,7307,1
23391,7307,1
23392,7307,1
23393,7307,1
23394,7307,1
23395,7307,1
23396,7307,1
23397,7307,1
23398,7307,1
23399,7307,1
23400,7307,1
23401,7307,1
23402,7307,1
23403,7307,1
23404,7307,1
23405,7307,1
23406,7307,1
23407,7307,1
23408,7307,1
23409,7307,1
23410,7307,1
23411,7307,1
23412,7307,1
23413,7307,1
23414,7307,1
23415,7302,1
23416,7302,1
23417,7307,1
23418,7307,1
23419,7307,1
23420,7307,1
23421,7307,1
23422,7307,1
23423,7307,1
23424,7307,1
23425,7307,1
23426,7307,1
23427,7307,1
23428,7307,1
23429,7307,1
23430,7307,1
23431,7307,1
23432,7307,1
23433,7307,1
23434,7307,1
23435,7307,1
23436,7307,1
23437,7307,1
23438,7307,1
23439,7307,1
23440,7307,1
23441,7307,1
23442,7307,1
23443,7307,1
23444,7307,1
23445,7307,1
23446,7307,1
23447,7307,1
23448,7307,1
23449,7307,1
23450,7307,1
23451,7307,1
23452,7307,1
23453,7307,1
23454,7307,1
23455,7307,1
23456,7307,1
23457,7307,1
23458,7307,1
23459,7307,1
23460,7307,1
23461,7307,1
23462,7307,1
23463,7307,1
23464,7307,1
23465,7307,1
23466,7307,1
23467,7307,1
23468,7307,1
23469,7307,1
23470,7307,1
23471,7307,1
23472,7307,1
23473,7307,1
23474,7307,1
23475,7307,1
23476,7307,1
23477,7307,1
23478,7307,1
23479,7307,1
23480,7307,1
23481,7307,1
23482,7307,1
23483,7307,1
23484,7307,1
23485,7307,1
23486,7307,1
23487,7307,1
23488,7307,1
23489,7307,1
23490,7319,1
23491,7319,1
23492,7319,1
23493,7319,1
23494,7319,1
23495,7319,1
23496,7319,1
23497,7319,1
23498,7313,1
23499,7313,1
23500,7313,1
23501,7313,1
23502,7313,1
23503,7313,1
23504,7313,1
23505,7313,1
23506,7313,1
23507,7313,1
23508,7313,1
23509,7313,1
23510,7313,1
23511,7313,1
23512,7313,1
23513,7313,1
23514,7313,1
23515,7313,1
23516,7313,1
23517,7313,1
23518,7313,1
23519,7313,1
23520,7313,1
23521,7313,1
23522,7313,1
23523,7313,1
23524,7313,1
23525,7313,1
23526,7313,1
23527,7313,1
23528,7313,1
23529,7313,1
23530,7313,1
23531,7313,1
23532,7313,1
23533,7302,1
23534,7302,1
23535,7319,1
23536,7319,1
23537,7319,1
23538,7319,1
23539,7319,1
23540,7319,1
23541,7319,1
23542,7319,1
23543,7319,1
23544,7319,1
23545,7319,1
23546,7319,1
23547,7319,1
23548,7319,1
23549,7319,1
23550,7319,1
23551,7319,1
23552,7319,1
23553,7319,1
23554,7319,1
23555,7319,1
23556,7319,1
23557,7319,1
23558,7319,1
23559,7301,1
23560,7301,1
23561,7301,1
23562,7304,1
23563,7304,1
23564,7309,1
23565,7309,1
23566,7309,1
23567,7309,1
23568,7305,1
23569,7305,1
23570,7306,1
23571,7306,1
23572,7302,1
23573,7302,1
23574,7302,1
23575,7302,1
23576,7302,1
23577,7302,1
23578,7302,1
23579,7302,1
23580,7302,1
23581,7302,1
23582,7302,1
23583,7302,1
23584,7302,1
23585,7302,1
23586,7302,1
23587,7302,1
23588,7302,1
23589,7302,1
23590,7302,1
23591,7302,1
23592,7302,1
23593,7302,1
23594,7302,1
23595,7302,1
23596,7302,1
23597,7302,1
23598,7302,1
23599,7302,1
23600,7302,1
23601,7302,1
23602,7302,1
23603,7302,1
23604,7302,1
23605,7302,1
23606,7302,1
23607,7302,1
23608,7302,1
23609,7302,1
23610,7302,1
23611,7302,1
23612,7302,1
23613,7302,1
23614,7302,1
23615,7302,1
23616,7302,1
23617,7302,1
23618,7302,1
23619,7302,1
23620,7302,1
23621,7306,1
23622,7306,1
23623,7306,1
23624,7306,1
23625,7306,1
23626,7306,1
23627,7306,1
23628,7306,1
23629,7306,1
23630,7306,1
23631,7306,1
23632,7306,1
23633,7306,1
23634,7306,1
23635,7306,1
23636,7306,1
23637,7306,1
23638,7306,1
23639,7306,1
23640,7306,1
23641,7306,1
23642,7306,1
23643,7306,1
23644,7306,1
23645,7306,1
23646,7306,1
23647,7306,1
23648,7306,1
23649,7306,1
23650,7306,1
23651,7306,1
23652,7306,1
23653,7306,1
23654,7306,1
23655,7306,1
23656,7306,1
23657,7306,1
23658,7306,1
23659,7306,1
23660,7306,1
23661,7306,1
23662,7306,1
23663,7306,1
23664,7306,1
23665,7306,1
23666,7306,1
23667,7306,1
23668,7306,1
23669,7306,1
23670,7306,1
23671,7306,1
23672,7306,1
23673,7309,1
23674,7309,1
23675,7309,1
23676,7309,1
23677,7309,1
23678,7309,1
23679,7309,1
23680,7309,1
23681,7309,1
23682,7309,1
23683,7309,1
23684,7309,1
23685,7309,1
23686,7309,1
23687,7309,1
23688,7307,1
23689,7307,1
23690,7321,1
23691,7310,1
23692,7310,1
23693,7316,1
23694,7302,1
23695,7307,1
23696,7304,1
23697,7304,1
23698,7304,1
23699,7311,1
23700,7309,1
23701,7309,1
23702,7309,1
23703,7309,1
23704,7309,1
23705,7309,1
23706,7307,1
23707,7307,1
23708,7307,1
23709,7307,1
23710,7307,1
23711,7307,1
23712,7308,1
23713,7314,1
23714,7307,1
23715,7306,1
23716,7306,1
23717,7306,1
23718,7306,1
23719,7306,1
23720,7306,1
23721,7306,1
23722,7306,1
23723,7306,1
23724,7306,1
23725,7306,1
23726,7306,1
23727,7306,1
23728,7306,1
23729,7306,1
23730,7306,1
23731,7306,1
23732,7310,1
23733,7310,1
23734,7315,1
23735,7309,1
23736,7309,1
23737,7309,1
23738,7309,1
23739,7310,1
23740,7315,1
23741,7309,1
23742,7315,1
23743,7315,1
23744,7315,1
23745,7310,1
23746,7309,1
23747,7310,1
23748,7309,1
23749,7315,1
23750,7309,1
23751,7315,1
23752,7301,1
23753,7301,1
23754,7315,1
23755,7315,1
23756,7315,1
23757,7315,1
23758,7315,1
23759,7309,1
23760,7309,1
23761,7309,1
23762,7309,1
23763,7309,1
23764,7309,1
23765,7309,1
23766,7309,1
23767,7309,1
23768,7309,1
23769,7309,1
23770,7309,1
23771,7309,1
23772,7311,1
23773,7311,1
23774,7311,1
23775,7309,1
23776,7311,1
23777,7308,1
23778,7308,1
23779,7306,1
23780,7309,1
23781,7309,1
23782,7309,1
23783,7305,1
23784,7306,1
23785,7309,1
23786,7309,1
23787,7309,1
23788,7309,1
23789,7309,1
23790,7309,1
23791,7309,1
23792,7309,1
23793,7309,1
23794,7306,1
23795,7306,1
23796,7306,1
23797,7306,1
23798,7306,1
23799,7306,1
23800,7306,1
23801,7306,1
23802,7306,1
23803,7306,1
23804,7306,1
23805,7306,1
23806,7306,1
23807,7306,1
23808,7306,1
23809,7306,1
23810,7306,1
23811,7306,1
23812,7306,1
23813,7308,1
23814,7309,1
23815,7308,1
23816,7306,1
23817,7306,1
23818,7306,1
23819,7306,1
23820,7306,1
23821,7310,1
23822,7310,1
23823,7310,1
23824,7310,1
23825,7312,1
23826,7306,1
23827,7310,1
23828,7311,1
23829,7315,1
23830,7310,1
23831,7310,1
23832,7315,1
23833,7315,1
23834,7313,1
23835,7313,1
23836,7313,1
23837,7311,1
23838,7309,1
23839,7309,1
23840,7309,1
23841,7313,1
23842,7301,1
23843,7301,1
23844,7301,1
23845,7301,1
23846,7301,1
23847,7301,1
23848,7301,1
23849,7301,1
23850,7301,1
23851,7301,1
23852,7301,1
23853,7301,1
23854,7301,1
23855,7301,1
23856,7301,1
23857,7301,1
23858,7301,1
23859,7301,1
23860,7301,1
23861,7301,1
23862,7301,1
23863,7301,1
23864,7301,1
23865,7301,1
23866,7301,1
23867,7301,1
23868,7301,1
23869,7301,1
23870,7301,1
23871,7301,1
23872,7301,1
23873,7301,1
23874,7301,1
23875,7301,1
23876,7301,1
23877,7301,1
23878,7301,1
23879,7301,1
23880,7301,1
23881,7301,1
23882,7301,1
23883,7301,1
23884,7301,1
23885,7301,1
23886,7301,1
23887,7301,1
23888,7301,1
23889,7301,1
23890,7301,1
23891,7301,1
23892,7301,1
23893,7301,1
23894,7301,1
23895,7301,1
23896,7301,1
23897,7301,1
23898,7301,1
23899,7301,1
23900,7301,1
23901,7301,1
23902,7301,1
23903,7301,1
23904,7301,1
23905,7301,1
23906,7301,1
23907,7301,1
23908,7301,1
23909,7301,1
23910,7301,1
23911,7301,1
23912,7301,1
23913,7301,1
23914,7301,1
23915,7301,1
23916,7301,1
23917,7301,1
23918,7301,1
23919,7301,1
23920,7301,1
23921,7301,1
23922,7301,1
23923,7301,1
23924,7301,1
23925,7301,1
23926,7301,1
23927,7301,1
23928,7301,1
23929,7301,1
23930,7301,1
23931,7301,1
23932,7301,1
23933,7301,1
23934,7301,1
23935,7301,1
23936,7309,1
23937,7309,1
23938,7309,1
23939,7309,1
23940,7309,1
23941,7309,1
23942,7309,1
23943,7309,1
23944,7309,1
23945,7309,1
23946,7309,1
23947,7309,1
23948,7309,1
23949,7304,1
23950,7304,1
23951,7304,1
23952,7304,1
23953,7304,1
23954,7304,1
23955,7304,1
23956,7304,1
23957,7304,1
23958,7304,1
23959,7304,1
23960,7304,1
23961,7304,1
23962,7304,1
23963,7304,1
23964,7304,1
23965,7304,1
23966,7303,1
23967,7303,1
23968,7304,1
23969,7304,1
23970,7304,1
23971,7304,1
23972,7304,1
23973,7304,1
23974,7304,1
23975,7304,1
23976,7304,1
23977,7304,1
23978,7304,1
23979,7304,1
23980,7304,1
23981,7304,1
23982,7304,1
23983,7305,1
23984,7305,1
23985,7305,1
23986,7305,1
23987,7305,1
23988,7305,1
23989,7305,1
23990,7305,1
23991,7306,1
23992,7304,1
23993,7304,1
23994,7304,1
23995,7304,1
23996,7304,1
23997,7304,1
23998,7304,1
23999,7304,1
24000,7304,1
24001,7304,1
24002,7304,1
24003,7304,1
24004,7306,1
24005,7304,1
24006,7305,1
24007,7305,1
24008,7304,1
24009,7304,1
24010,7301,1
24011,7301,1
24012,7302,1
24013,7302,1
24014,7302,1
24015,7309,1
24016,7309,1
24017,7310,1
24018,7310,1
24019,7310,1
24020,7310,1
24021,7310,1
24022,7310,1
24023,7310,1
24024,7310,1
24025,7310,1
24026,7310,1
24027,7310,1
24028,7310,1
24029,7310,1
24030,7304,1
24031,7304,1
24032,7304,1
24033,7301,1
24034,7304,1
24035,7301,1
24036,7301,1
24037,7301,1
24038,7301,1
24039,7301,1
24040,7301,1
24041,7306,1
24042,7306,1
24043,7306,1
24044,7306,1
24045,7306,1
24046,7301,1
24047,7301,1
24048,7301,1
24049,7301,1
24050,7301,1
24051,7302,1
24052,7302,1
24053,7302,1
24054,7302,1
24055,7308,1
24056,7306,1
24057,7302,1
24058,7302,1
24059,7302,1
24060,7302,1
24061,7302,1
24062,7302,1
24063,7302,1
24064,7322,1
24065,7301,1
24066,7301,1
24067,7312,1
24068,7312,1
24069,7315,1
24070,7310,1
24071,7309,1
24072,7315,1
24073,7315,1
24074,7315,1
24075,7315,1
24076,7315,1
24077,7315,1
24078,7315,1
24079,7315,1
24080,7315,1
24081,7317,1
24082,7317,1
24083,7318,1
24084,7318,1
24085,7319,1
24086,7319,1
24087,7322,1
24088,7319,1
24089,7319,1
24090,7319,1
24091,7315,1
24092,7315,1
24093,7315,1
24094,7320,1
24095,7320,1
24096,7309,1
24097,7315,1
24098,7314,1
24099,7314,1
24100,7308,1
24101,7310,1
24102,7310,1
24103,7308,1
24104,7308,1
24105,7301,1
24106,7301,1
24107,7311,1
24108,7311,1
24109,7311,1
24110,7314,1
24111,7322,1
24112,7322,1
24113,7314,1
24114,7315,1
24115,7315,1
24116,7312,1
24117,7309,1
24118,7309,1
24119,7310,1
24120,7312,1
24121,7312,1
24122,7319,1
24123,7308,1
24124,7308,1
24125,7315,1
24126,7315,1
24127,7315,1
24128,7310,1
24129,7318,1
24130,7309,1
24131,7314,1
24132,7314,1
24133,7309,1
24134,7313,1
24135,7313,1
24136,7312,1
24137,7311,1
24138,7311,1
24139,7315,1
24140,7308,1
24141,7308,1
24142,7322,1
24143,7308,1
24144,7308,1
24145,7307,1
24146,7309,1
24147,7309,1
24148,7304,1
24149,7304,1
24150,7304,1
24151,7304,1
24152,7304,1
24153,7304,1
24154,7301,1
24155,7301,1
24156,7301,1
24157,7301,1
24158,7301,1
24159,7301,1
24160,7301,1
24161,7301,1
24162,7301,1
24163,7301,1
24164,7301,1
24165,7301,1
24166,7301,1
24167,7301,1
24168,7301,1
24169,7301,1
24170,7301,1
24171,7301,1
24172,7305,1
24173,7305,1
24174,7305,1
24175,7305,1
24176,7305,1
24177,7305,1
24178,7305,1
24179,7305,1
24180,7305,1
24181,7305,1
24182,7305,1
24183,7309,1
24184,7305,1
24185,7305,1
24186,7305,1
24187,7303,1
24188,7303,1
24189,7303,1
24190,7303,1
24191,7304,1
24192,7311,1
24193,7311,1
24194,7312,1
24195,7312,1
24196,7316,1
24197,7307,1
24198,7307,1
24199,7307,1
24200,7302,1
24201,7301,1
24202,7301,1
24203,7301,1
24204,7302,1
24205,7302,1
24206,7302,1
24207,7302,1
24208,7302,1
24209,7302,1
24210,7305,1
24211,7304,1
24212,7304,1
24213,7302,1
24214,7302,1
24215,7303,1
24216,7303,1
24217,7303,1
24218,7303,1
24219,7304,1
24220,7304,1
24221,7303,1
24222,7302,1
24223,7302,1
24224,7306,1
24225,7305,1
24226,7305,1
24227,7305,1
24228,7305,1
24229,7305,1
24230,7305,1
24231,7305,1
24232,7305,1
24233,7305,1
24234,7305,1
24235,7305,1
24236,7305,1
24237,7305,1
24238,7302,1
24239,7319,1
24240,7319,1
24241,7319,1
24242,7304,1
24243,7304,1
24244,7304,1
24245,7304,1
24246,7304,1
24247,7308,1
24248,7308,1
24249,7308,1
24250,7301,1
24251,7304,1
24252,7304,1
24253,7304,1
24254,7304,1
24255,7314,1
24256,7314,1
24257,7307,1
24258,7308,1
24259,7308,1
24260,7308,1
24261,7311,1
24262,7309,1
24263,7302,1
24264,7302,1
24265,7302,1
24266,7302,1
24267,7302,1
24268,7302,1
24269,7302,1
24270,7302,1
24271,7322,1
24272,7322,1
24273,7310,1
24274,7312,1
24275,7312,1
24276,7309,1
24277,7309,1
24278,7309,1
24279,7309,1
24280,7309,1
24281,7304,1
24282,7310,1
24283,7310,1
24284,7310,1
24285,7321,1
24286,7302,1
24287,7302,1
24288,7302,1
24289,7302,1
24290,7314,1
24291,7314,1
24292,7314,1
24293,7309,1
24294,7309,1
24295,7309,1
24296,7309,1
24297,7306,1
24298,7306,1
24299,7305,1
24300,7305,1
24301,7305,1
24302,7305,1
24303,7305,1
24304,7305,1
24305,7305,1
24306,7305,1
24307,7302,1
24308,7302,1
24309,7305,1
24310,7305,1
24311,7301,1
24312,7301,1
24313,7301,1
24314,7309,1
24315,7311,1
24316,7311,1
24317,7314,1
24318,7306,1
24319,7302,1
24320,7302,1
24321,7306,1
