HHID,SPORDER,PUMA,AGEP,SCHG,COW,SEX,ESR,MIL,WKHP,RAC1P,HISP,isWorker,pop_race,NAICS2,WKW,OCCP,SCHL,isinlaborforce,SOCP,SOC2
1,1,7306,18,14,,2,6.0,4.0,,1,2,0,Hispanic,0,,,14.0,0,0,0
2,1,7319,25,0,,1,6.0,4.0,,1,2,0,Hispanic,0,,,1.0,0,0,0
3,1,7310,19,15,1.0,2,6.0,4.0,20.0,2,24,0,Hispanic,722,6.0,4030.0,18.0,0,352021,35
4,1,7301,19,0,5.0,1,4.0,1.0,55.0,1,1,1,White,MIL,1.0,9825.0,16.0,0,553010,55
5,1,7313,33,0,,2,6.0,4.0,,8,2,0,Hispanic,0,,,16.0,0,0,0
6,1,7304,27,0,1.0,2,6.0,4.0,,1,1,0,White,722,,4110.0,18.0,0,353031,35
7,1,7322,35,15,1.0,2,6.0,2.0,20.0,1,2,0,Hispanic,56,3.0,735.0,19.0,0,131161,13
8,1,7301,22,0,5.0,1,4.0,1.0,99.0,9,1,1,Two or More,MIL,6.0,9825.0,16.0,0,553010,55
9,1,7317,19,15,1.0,1,6.0,4.0,25.0,1,1,0,White,45,6.0,9645.0,18.0,0,537065,53
10,1,7322,40,0,,1,6.0,4.0,,2,1,0,Black,0,,,16.0,0,0,0
11,1,7321,15,13,,2,,,,6,1,0,Asian,0,,,13.0,0,0,0
12,1,7322,55,0,,1,6.0,4.0,,1,1,0,White,0,,,17.0,0,0,0
13,1,7301,23,0,5.0,1,4.0,1.0,50.0,1,1,1,White,MIL,1.0,9830.0,16.0,0,559830,55
14,1,7310,23,15,5.0,1,4.0,1.0,80.0,1,1,1,White,MIL,1.0,1108.0,19.0,0,151299,15
15,1,7316,49,0,,1,6.0,4.0,,1,1,0,White,0,,,16.0,0,0,0
16,1,7301,20,0,5.0,1,4.0,1.0,45.0,1,1,1,White,MIL,1.0,3645.0,19.0,0,319092,31
17,1,7314,27,0,,1,6.0,4.0,,2,1,0,Black,0,,,16.0,0,0,0
18,1,7310,23,0,1.0,2,1.0,4.0,32.0,2,1,1,Black,62,1.0,4230.0,19.0,1,372012,37
19,1,7317,37,0,1.0,1,1.0,4.0,40.0,2,1,1,Black,56,1.0,4251.0,16.0,1,373011,37
20,1,7306,64,0,,1,6.0,4.0,,1,1,0,White,0,,,16.0,0,0,0
21,1,7317,18,15,1.0,1,6.0,4.0,25.0,1,1,0,White,45,6.0,9645.0,18.0,0,537065,53
22,1,7304,20,0,,1,6.0,4.0,,1,1,0,White,0,,,16.0,0,0,0
23,1,7302,51,0,1.0,1,6.0,2.0,,1,1,0,White,62,,3255.0,22.0,0,291141,29
24,1,7308,47,0,,2,6.0,4.0,,1,2,0,Hispanic,0,,,18.0,0,0,0
25,1,7301,24,0,5.0,1,4.0,1.0,50.0,1,11,1,Hispanic,MIL,1.0,9830.0,19.0,0,559830,55
26,1,7317,20,15,,1,6.0,4.0,,1,1,0,White,0,,,19.0,0,0,0
27,1,7310,21,15,2.0,2,1.0,4.0,20.0,1,1,1,White,61,6.0,1970.0,19.0,1,1940YY,19
28,1,7317,18,15,1.0,1,6.0,4.0,25.0,1,1,0,White,45,6.0,9645.0,18.0,0,537065,53
29,1,7301,20,0,5.0,1,4.0,1.0,50.0,2,1,1,Black,MIL,1.0,7210.0,16.0,0,493031,49
30,1,7302,16,12,,1,6.0,,,1,2,0,Hispanic,0,,,12.0,0,0,0
31,1,7303,13,10,,1,,,,1,2,0,Hispanic,0,,,10.0,0,0,0
32,1,7301,22,0,5.0,1,4.0,1.0,45.0,1,1,1,White,MIL,1.0,9825.0,16.0,0,553010,55
33,1,7302,17,13,,1,6.0,4.0,,1,2,0,Hispanic,0,,,13.0,0,0,0
34,1,7312,22,0,5.0,1,4.0,1.0,55.0,1,19,1,Hispanic,MIL,1.0,9830.0,16.0,0,559830,55
35,1,7322,71,0,,1,6.0,4.0,,2,1,0,Black,0,,,19.0,0,0,0
36,1,7317,85,0,,2,6.0,4.0,,1,24,0,Hispanic,0,,,1.0,0,0,0
37,1,7316,46,0,,1,6.0,4.0,,1,2,0,Hispanic,0,,,17.0,0,0,0
38,1,7320,49,0,,2,6.0,4.0,,6,1,0,Asian,0,,,1.0,0,0,0
39,1,7302,45,0,,2,6.0,4.0,,6,1,0,Asian,0,,,19.0,0,0,0
40,1,7313,46,0,1.0,2,6.0,4.0,20.0,1,2,0,Hispanic,54,5.0,4900.0,20.0,0,419010,41
41,1,7306,63,0,,1,6.0,4.0,,2,1,0,Black,0,,,19.0,0,0,0
42,1,7310,20,15,1.0,1,6.0,4.0,40.0,6,1,0,Asian,45,6.0,4760.0,19.0,0,412031,41
43,1,7310,19,15,,2,6.0,4.0,,1,2,0,Hispanic,0,,,19.0,0,0,0
44,1,7321,24,15,1.0,2,6.0,4.0,20.0,9,1,0,Two or More,44,6.0,9620.0,19.0,0,537062,53
45,1,7307,57,0,,1,6.0,4.0,,8,24,0,Hispanic,0,,,13.0,0,0,0
46,1,7307,61,0,,1,6.0,2.0,,2,1,0,Black,0,,,16.0,0,0,0
47,1,7304,65,0,,2,6.0,4.0,,9,1,0,Two or More,0,,,23.0,0,0,0
48,1,7319,43,0,,1,6.0,4.0,,2,1,0,Black,0,,,17.0,0,0,0
49,1,7315,17,15,8.0,2,6.0,4.0,25.0,9,1,0,Two or More,54,6.0,710.0,16.0,0,131111,13
50,1,7302,40,0,,1,6.0,4.0,,1,2,0,Hispanic,0,,,16.0,0,0,0
51,1,7317,18,15,1.0,2,3.0,4.0,15.0,1,1,0,White,722,5.0,5240.0,16.0,1,434051,43
52,1,7308,65,0,,2,6.0,4.0,,2,1,0,Black,0,,,19.0,0,0,0
53,1,7301,20,0,5.0,1,4.0,1.0,45.0,1,1,1,White,MIL,1.0,3870.0,16.0,0,333050,33
54,1,7315,20,15,1.0,2,1.0,4.0,20.0,1,1,1,White,61,1.0,1050.0,19.0,1,151230,15
55,1,7322,63,0,,1,6.0,4.0,,1,1,0,White,0,,,16.0,0,0,0
56,1,7301,20,0,5.0,1,4.0,1.0,40.0,1,1,1,White,MIL,1.0,5040.0,16.0,0,432099,43
57,1,7313,69,0,,1,6.0,4.0,,1,1,0,White,0,,,13.0,0,0,0
58,1,7310,20,0,5.0,1,4.0,1.0,55.0,1,1,1,White,MIL,1.0,9825.0,16.0,0,553010,55
59,1,7301,22,0,5.0,1,4.0,1.0,60.0,8,3,1,Hispanic,MIL,1.0,9825.0,18.0,0,553010,55
60,1,7319,17,14,,1,6.0,4.0,,1,1,0,White,0,,,14.0,0,0,0
61,1,7310,23,0,5.0,1,4.0,1.0,73.0,8,2,1,Hispanic,MIL,1.0,9825.0,16.0,0,553010,55
62,1,7305,36,0,,2,6.0,4.0,,1,1,0,White,0,,,12.0,0,0,0
63,1,7317,25,0,,1,6.0,4.0,,1,2,0,Hispanic,0,,,1.0,0,0,0
64,1,7317,73,0,,2,6.0,4.0,,1,2,0,Hispanic,0,,,17.0,0,0,0
65,1,7316,37,0,5.0,1,4.0,1.0,30.0,1,23,1,Hispanic,MIL,1.0,1108.0,19.0,0,151299,15
66,1,7315,19,15,,2,6.0,4.0,,1,1,0,White,0,,,19.0,0,0,0
67,1,7310,20,15,,2,6.0,4.0,,1,1,0,White,0,,,19.0,0,0,0
68,1,7321,34,0,5.0,1,4.0,1.0,75.0,6,1,1,Asian,MIL,1.0,9830.0,19.0,0,559830,55
69,1,7315,94,0,,1,6.0,2.0,,1,1,0,White,0,,,12.0,0,0,0
70,1,7310,22,0,5.0,1,4.0,1.0,60.0,1,1,1,White,MIL,1.0,9825.0,16.0,0,553010,55
71,1,7320,85,0,,1,6.0,3.0,,1,1,0,White,0,,,18.0,0,0,0
72,1,7301,22,0,5.0,1,4.0,1.0,55.0,8,1,1,White,MIL,1.0,9825.0,19.0,0,553010,55
73,1,7313,48,0,,1,6.0,4.0,,1,1,0,White,0,,,19.0,0,0,0
74,1,7310,17,13,,1,6.0,4.0,,1,1,0,White,0,,,13.0,0,0,0
75,1,7315,19,15,1.0,1,6.0,4.0,40.0,1,1,0,White,44,6.0,5240.0,19.0,0,434051,43
76,1,7310,18,14,5.0,1,4.0,1.0,99.0,1,1,1,White,MIL,6.0,9825.0,16.0,0,553010,55
77,1,7320,84,0,,1,6.0,3.0,,1,1,0,White,0,,,21.0,0,0,0
78,1,7320,82,0,,1,6.0,2.0,,1,1,0,White,0,,,19.0,0,0,0
79,1,7315,21,15,2.0,1,1.0,4.0,40.0,1,1,1,White,81,5.0,725.0,16.0,1,131121,13
80,1,7316,37,15,5.0,1,4.0,1.0,40.0,6,1,1,Asian,MIL,1.0,5820.0,21.0,0,439022,43
81,1,7321,58,0,,1,6.0,2.0,,1,2,0,Hispanic,0,,,19.0,0,0,0
82,1,7316,50,0,,1,6.0,4.0,,2,1,0,Black,0,,,17.0,0,0,0
83,1,7320,51,0,1.0,1,6.0,2.0,,1,1,0,White,62,,3255.0,22.0,0,291141,29
84,1,7322,46,0,,1,6.0,4.0,,1,2,0,Hispanic,0,,,17.0,0,0,0
85,1,7315,21,15,2.0,2,1.0,4.0,20.0,1,1,1,White,61,6.0,1970.0,19.0,1,1940YY,19
86,1,7310,20,15,5.0,1,4.0,1.0,99.0,2,3,1,Hispanic,MIL,6.0,9825.0,16.0,0,553010,55
87,1,7317,20,15,,2,6.0,4.0,,1,24,0,Hispanic,0,,,19.0,0,0,0
88,1,7306,77,0,,2,6.0,4.0,,1,1,0,White,0,,,19.0,0,0,0
89,1,7309,21,0,,1,6.0,4.0,,1,11,0,Hispanic,0,,,19.0,0,0,0
90,1,7306,20,0,1.0,2,6.0,4.0,40.0,2,1,0,Black,62,5.0,3603.0,17.0,0,311131,31
91,1,7322,82,0,,1,6.0,2.0,,1,1,0,White,0,,,19.0,0,0,0
92,1,7310,20,0,5.0,1,4.0,1.0,40.0,1,23,1,Hispanic,MIL,1.0,9825.0,19.0,0,553010,55
93,1,7319,70,0,,2,6.0,4.0,,1,1,0,White,0,,,1.0,0,0,0
94,1,7316,20,0,5.0,2,4.0,1.0,60.0,1,1,1,White,MIL,1.0,3645.0,19.0,0,319092,31
95,1,7316,24,0,5.0,1,4.0,1.0,50.0,1,2,1,Hispanic,MIL,1.0,9830.0,19.0,0,559830,55
96,1,7310,55,0,1.0,1,6.0,4.0,,2,1,0,Black,56,,3930.0,19.0,0,339030,33
97,1,7301,22,0,5.0,1,4.0,1.0,60.0,1,2,1,Hispanic,MIL,1.0,7210.0,16.0,0,493031,49
98,1,7316,29,0,1.0,1,6.0,4.0,40.0,1,2,0,Hispanic,31,2.0,4020.0,14.0,0,352010,35
99,1,7318,32,0,1.0,1,3.0,2.0,,2,1,0,Black,31,,5610.0,19.0,1,435071,43
100,1,7310,20,15,2.0,2,6.0,4.0,10.0,6,1,0,Asian,61,6.0,1970.0,19.0,0,1940YY,19
101,1,7322,42,0,,1,6.0,4.0,,1,2,0,Hispanic,0,,,13.0,0,0,0
102,1,7315,19,15,,2,6.0,4.0,,1,1,0,White,0,,,19.0,0,0,0
103,1,7302,45,0,,2,6.0,4.0,,6,1,0,Asian,0,,,19.0,0,0,0
104,1,7302,18,15,5.0,1,4.0,1.0,50.0,1,1,1,White,MIL,3.0,9825.0,18.0,0,553010,55
105,1,7310,21,0,5.0,1,4.0,1.0,70.0,9,2,1,Hispanic,MIL,1.0,9825.0,16.0,0,553010,55
106,1,7322,47,0,,1,6.0,4.0,,2,1,0,Black,0,,,16.0,0,0,0
107,1,7301,20,0,5.0,1,4.0,1.0,55.0,8,3,1,Hispanic,MIL,1.0,5600.0,16.0,0,435061,43
108,1,7316,40,0,,1,6.0,4.0,,1,1,0,White,0,,,19.0,0,0,0
109,1,7321,63,0,,2,6.0,4.0,,1,2,0,Hispanic,0,,,19.0,0,0,0
110,1,7313,53,0,,2,6.0,4.0,,1,1,0,White,0,,,19.0,0,0,0
111,1,7305,94,0,,2,6.0,4.0,,2,1,0,Black,0,,,7.0,0,0,0
112,1,7302,60,0,1.0,1,6.0,4.0,,1,2,0,Hispanic,33,,8140.0,9.0,0,514120,51
113,1,7314,26,0,1.0,1,1.0,4.0,40.0,8,2,1,Hispanic,81,1.0,4220.0,14.0,1,37201X,37
114,1,7322,18,14,,2,6.0,4.0,,1,2,0,Hispanic,0,,,14.0,0,0,0
115,1,7310,18,15,5.0,1,4.0,1.0,81.0,1,1,1,White,MIL,1.0,9830.0,16.0,0,559830,55
116,1,7312,21,0,5.0,2,4.0,1.0,40.0,1,1,1,White,MIL,1.0,7140.0,19.0,0,493011,49
117,1,7301,21,0,5.0,1,4.0,1.0,60.0,1,1,1,White,MIL,1.0,9825.0,19.0,0,553010,55
118,1,7303,15,13,,1,,,,1,2,0,Hispanic,0,,,13.0,0,0,0
119,1,7312,78,0,,1,6.0,4.0,,8,2,0,Hispanic,0,,,6.0,0,0,0
120,1,7301,19,0,5.0,1,4.0,1.0,60.0,1,1,1,White,MIL,1.0,9825.0,16.0,0,553010,55
121,1,7317,19,15,2.0,2,1.0,4.0,30.0,1,1,1,White,62,1.0,3602.0,16.0,1,311122,31
122,1,7315,19,15,1.0,1,6.0,4.0,40.0,1,2,0,Hispanic,23,5.0,6260.0,16.0,0,472061,47
123,1,7303,55,0,,2,6.0,4.0,,1,1,0,White,0,,,13.0,0,0,0
124,1,7310,18,15,,1,6.0,4.0,,1,1,0,White,0,,,18.0,0,0,0
125,1,7301,18,14,5.0,1,4.0,1.0,81.0,1,2,1,Hispanic,MIL,6.0,9830.0,18.0,0,559830,55
126,1,7310,21,0,5.0,1,4.0,1.0,40.0,1,1,1,White,MIL,1.0,6835.0,19.0,0,475032,47
127,1,7321,51,0,,1,6.0,4.0,,1,2,0,Hispanic,0,,,19.0,0,0,0
128,1,7301,18,0,5.0,1,4.0,1.0,45.0,2,2,1,Hispanic,MIL,6.0,630.0,16.0,0,131070,13
129,1,7319,39,0,,1,6.0,4.0,,6,1,0,Asian,0,,,18.0,0,0,0
130,1,7322,46,0,,1,6.0,4.0,,1,2,0,Hispanic,0,,,17.0,0,0,0
131,1,7315,18,15,1.0,2,6.0,4.0,10.0,1,1,0,White,722,5.0,4110.0,18.0,0,353031,35
132,1,7321,51,0,,1,6.0,4.0,,1,2,0,Hispanic,0,,,19.0,0,0,0
133,1,7301,21,0,5.0,1,4.0,1.0,45.0,1,1,1,White,MIL,1.0,1010.0,19.0,0,151251,15
134,1,7317,60,0,1.0,1,6.0,4.0,,1,2,0,Hispanic,33,,8140.0,9.0,0,514120,51
135,1,7316,21,0,5.0,1,4.0,1.0,90.0,1,2,1,Hispanic,MIL,1.0,9825.0,16.0,0,553010,55
136,1,7319,28,0,,1,6.0,4.0,,1,1,0,White,0,,,16.0,0,0,0
137,1,7322,46,0,,1,6.0,4.0,,1,1,0,White,0,,,16.0,0,0,0
138,1,7310,35,15,1.0,2,6.0,2.0,20.0,1,2,0,Hispanic,56,3.0,735.0,19.0,0,131161,13
139,1,7310,20,15,1.0,1,6.0,4.0,40.0,6,1,0,Asian,45,6.0,4760.0,19.0,0,412031,41
140,1,7304,55,0,1.0,1,6.0,4.0,,2,1,0,Black,56,,3930.0,19.0,0,339030,33
141,1,7305,18,0,,2,6.0,4.0,,1,2,0,Hispanic,0,,,16.0,0,0,0
142,1,7318,55,0,2.0,2,6.0,4.0,,1,1,0,White,45,,9620.0,14.0,0,537062,53
143,1,7315,19,15,1.0,2,6.0,4.0,48.0,1,1,0,White,42,6.0,9640.0,18.0,0,537064,53
144,1,7306,26,0,1.0,1,6.0,4.0,20.0,1,1,0,White,56,4.0,9620.0,17.0,0,537062,53
145,1,7301,18,0,5.0,1,4.0,1.0,50.0,1,1,1,White,MIL,1.0,9645.0,16.0,0,537065,53
146,1,7315,94,0,,2,6.0,4.0,,2,1,0,Black,0,,,7.0,0,0,0
147,1,7312,19,0,5.0,2,4.0,1.0,50.0,1,1,1,White,MIL,1.0,5600.0,16.0,0,435061,43
148,1,7310,21,15,5.0,1,4.0,1.0,40.0,1,1,1,White,MIL,3.0,630.0,20.0,0,131070,13
149,1,7316,26,0,5.0,1,4.0,1.0,80.0,2,1,1,Black,MIL,1.0,7340.0,19.0,0,499071,49
150,1,7310,23,0,5.0,1,4.0,1.0,49.0,5,2,1,Hispanic,MIL,1.0,5740.0,19.0,0,436014,43
151,1,7322,34,0,1.0,1,6.0,4.0,,1,1,0,White,11,,6050.0,14.0,0,4520XX,45
152,1,7301,22,0,5.0,1,4.0,1.0,45.0,1,1,1,White,MIL,1.0,1010.0,16.0,0,151251,15
153,1,7321,21,0,5.0,1,4.0,1.0,68.0,1,1,1,White,MIL,1.0,5040.0,16.0,0,432099,43
154,1,7313,53,0,,2,6.0,4.0,,1,1,0,White,0,,,19.0,0,0,0
155,1,7302,16,12,,1,6.0,,,1,2,0,Hispanic,0,,,12.0,0,0,0
156,1,7318,51,0,,1,6.0,4.0,,1,2,0,Hispanic,0,,,16.0,0,0,0
157,1,7301,23,0,5.0,1,4.0,1.0,45.0,1,1,1,White,MIL,1.0,9830.0,16.0,0,559830,55
158,1,7303,28,0,,1,6.0,4.0,,1,1,0,White,0,,,16.0,0,0,0
159,1,7312,19,0,5.0,2,4.0,1.0,64.0,8,4,1,Hispanic,MIL,1.0,6835.0,19.0,0,475032,47
160,1,7321,41,0,5.0,1,4.0,1.0,99.0,1,1,1,White,MIL,1.0,630.0,20.0,0,131070,13
161,1,7301,21,0,5.0,1,4.0,1.0,55.0,1,1,1,White,MIL,1.0,5040.0,16.0,0,432099,43
162,1,7301,20,0,5.0,1,4.0,1.0,50.0,2,1,1,Black,MIL,1.0,5040.0,16.0,0,432099,43
163,1,7301,21,0,5.0,1,4.0,1.0,50.0,1,1,1,White,MIL,1.0,6835.0,16.0,0,475032,47
164,1,7303,86,0,,1,6.0,4.0,,1,2,0,Hispanic,0,,,16.0,0,0,0
165,1,7303,23,0,1.0,2,1.0,4.0,32.0,2,1,1,Black,62,1.0,4230.0,19.0,1,372012,37
166,1,7306,85,0,,1,6.0,3.0,,1,1,0,White,0,,,18.0,0,0,0
167,1,7301,21,0,5.0,1,4.0,1.0,68.0,8,17,1,Hispanic,MIL,1.0,9825.0,16.0,0,553010,55
168,1,7317,82,0,,2,6.0,4.0,,1,1,0,White,0,,,19.0,0,0,0
169,1,7312,22,15,5.0,2,4.0,1.0,99.0,2,1,1,Black,MIL,1.0,4030.0,19.0,0,352021,35
170,1,7319,32,0,1.0,2,6.0,4.0,25.0,1,1,0,White,44,5.0,4760.0,19.0,0,412031,41
171,1,7310,20,0,5.0,1,4.0,1.0,72.0,3,1,1,Other,MIL,1.0,7340.0,19.0,0,499071,49
172,1,7301,20,0,5.0,1,4.0,1.0,55.0,8,2,1,Hispanic,MIL,1.0,6765.0,16.0,0,4740XX,47
173,1,7316,20,0,5.0,1,4.0,1.0,54.0,1,1,1,White,MIL,1.0,9830.0,16.0,0,559830,55
174,1,7301,65,0,,2,6.0,4.0,,2,1,0,Black,0,,,19.0,0,0,0
175,1,7310,23,0,1.0,2,1.0,4.0,20.0,3,1,1,Other,44,1.0,4720.0,19.0,1,412010,41
176,1,7310,51,0,,1,6.0,4.0,,1,2,0,Hispanic,0,,,16.0,0,0,0
177,1,7306,17,13,,2,6.0,4.0,,1,1,0,White,0,,,13.0,0,0,0
178,1,7316,16,13,,1,6.0,,,1,2,0,Hispanic,0,,,13.0,0,0,0
179,1,7301,18,0,1.0,1,6.0,2.0,20.0,1,1,0,White,51,4.0,4720.0,16.0,0,412010,41
180,1,7305,79,0,,1,6.0,4.0,,1,1,0,White,0,,,21.0,0,0,0
181,1,7319,35,0,7.0,1,6.0,4.0,,1,2,0,Hispanic,48,,9130.0,14.0,0,533030,53
182,1,7321,94,0,,2,6.0,4.0,,1,1,0,White,0,,,7.0,0,0,0
183,1,7308,68,0,,2,6.0,4.0,,1,1,0,White,0,,,16.0,0,0,0
184,1,7322,51,0,,1,6.0,4.0,,1,2,0,Hispanic,0,,,14.0,0,0,0
185,1,7320,60,0,,2,6.0,4.0,,1,1,0,White,0,,,16.0,0,0,0
186,1,7312,23,0,5.0,1,4.0,1.0,99.0,1,1,1,White,MIL,1.0,7340.0,19.0,0,499071,49
187,1,7312,21,0,5.0,1,4.0,1.0,65.0,1,1,1,White,MIL,1.0,5040.0,16.0,0,432099,43
188,1,7305,35,0,,2,6.0,4.0,,1,1,0,White,0,,,1.0,0,0,0
189,1,7312,19,0,5.0,1,4.0,1.0,50.0,1,2,1,Hispanic,MIL,1.0,6355.0,16.0,0,472111,47
190,1,7319,48,0,1.0,1,6.0,4.0,40.0,1,1,0,White,33,3.0,8225.0,19.0,0,514XXX,51
191,1,7316,23,0,5.0,1,4.0,1.0,71.0,1,1,1,White,MIL,1.0,3740.0,17.0,0,332011,33
192,1,7313,43,0,1.0,2,6.0,4.0,32.0,1,1,0,White,56,5.0,4220.0,21.0,0,37201X,37
193,1,7316,28,0,5.0,1,4.0,1.0,99.0,2,1,1,Black,MIL,1.0,6835.0,16.0,0,475032,47
194,1,7310,18,15,,2,6.0,4.0,,1,2,0,Hispanic,0,,,19.0,0,0,0
195,1,7315,18,15,,1,6.0,4.0,,1,1,0,White,0,,,18.0,0,0,0
196,1,7303,65,0,,1,6.0,4.0,,1,1,0,White,0,,,15.0,0,0,0
197,1,7301,23,0,5.0,1,4.0,1.0,78.0,1,1,1,White,MIL,1.0,6835.0,18.0,0,475032,47
198,1,7310,21,0,5.0,1,4.0,1.0,60.0,1,1,1,White,MIL,1.0,9825.0,19.0,0,553010,55
199,1,7302,94,0,,1,6.0,4.0,,1,1,0,White,0,,,16.0,0,0,0
200,1,7318,29,0,,1,6.0,4.0,,1,2,0,Hispanic,0,,,14.0,0,0,0
201,1,7301,20,15,5.0,1,4.0,1.0,90.0,2,1,1,Black,MIL,1.0,9825.0,19.0,0,553010,55
202,1,7301,21,0,5.0,1,4.0,1.0,55.0,1,1,1,White,MIL,1.0,9825.0,16.0,0,553010,55
203,1,7312,20,0,5.0,1,4.0,1.0,66.0,1,5,1,Hispanic,MIL,1.0,9830.0,16.0,0,559830,55
204,1,7301,23,0,5.0,1,4.0,1.0,60.0,1,1,1,White,MIL,1.0,9825.0,16.0,0,553010,55
205,1,7303,33,0,6.0,1,6.0,4.0,40.0,1,2,0,Hispanic,23,4.0,6355.0,16.0,0,472111,47
206,1,7322,63,0,,1,6.0,4.0,,1,1,0,White,0,,,16.0,0,0,0
207,1,7318,94,0,,1,6.0,4.0,,1,1,0,White,0,,,16.0,0,0,0
208,1,7313,33,0,,2,6.0,4.0,,1,1,0,White,0,,,19.0,0,0,0
209,1,7301,21,0,5.0,1,4.0,1.0,55.0,1,1,1,White,MIL,1.0,5040.0,16.0,0,432099,43
210,1,7312,24,0,5.0,1,4.0,1.0,84.0,2,1,1,Black,MIL,1.0,7140.0,16.0,0,493011,49
211,1,7319,36,0,1.0,1,6.0,4.0,40.0,1,2,0,Hispanic,23,4.0,6442.0,11.0,0,472152,47
212,1,7321,94,0,,1,6.0,4.0,,1,1,0,White,0,,,16.0,0,0,0
213,1,7315,19,15,1.0,2,2.0,4.0,12.0,1,1,1,White,54,5.0,735.0,19.0,1,131161,13
214,1,7310,21,0,5.0,1,4.0,1.0,72.0,2,1,1,Black,MIL,1.0,7640.0,16.0,0,4990XX,49
215,1,7303,59,0,,2,6.0,4.0,,9,1,0,Two or More,0,,,20.0,0,0,0
216,1,7315,20,15,,2,6.0,4.0,,1,1,0,White,0,,,19.0,0,0,0
217,1,7305,19,15,,1,6.0,4.0,,6,1,0,Asian,0,,,19.0,0,0,0
218,1,7321,28,0,5.0,1,4.0,1.0,75.0,6,1,1,Asian,MIL,1.0,9825.0,19.0,0,553010,55
219,1,7301,21,0,5.0,1,4.0,1.0,50.0,8,2,1,Hispanic,MIL,1.0,9825.0,16.0,0,553010,55
220,1,7301,32,0,,2,6.0,4.0,,6,1,0,Asian,0,,,1.0,0,0,0
221,1,7315,19,15,,2,6.0,4.0,,1,1,0,White,0,,,19.0,0,0,0
222,1,7322,38,0,,1,6.0,4.0,,1,2,0,Hispanic,0,,,14.0,0,0,0
223,1,7319,22,0,1.0,1,6.0,4.0,40.0,1,1,0,White,56,6.0,9620.0,17.0,0,537062,53
224,1,7315,18,15,1.0,2,6.0,4.0,48.0,1,1,0,White,42,6.0,9640.0,18.0,0,537064,53
225,1,7316,24,0,5.0,1,4.0,1.0,99.0,2,1,1,Black,MIL,1.0,7340.0,18.0,0,499071,49
226,1,7309,77,0,,2,6.0,4.0,,1,1,0,White,0,,,19.0,0,0,0
227,1,7306,26,0,1.0,2,1.0,4.0,20.0,1,1,1,White,44,1.0,4720.0,16.0,1,412010,41
228,1,7321,24,0,5.0,1,4.0,1.0,99.0,3,1,1,Other,MIL,1.0,7340.0,19.0,0,499071,49
229,1,7301,23,0,5.0,1,4.0,1.0,73.0,8,2,1,Hispanic,MIL,1.0,9825.0,16.0,0,553010,55
230,1,7319,54,0,,1,6.0,4.0,,1,2,0,Hispanic,0,,,9.0,0,0,0
231,1,7316,75,0,,1,6.0,2.0,,6,1,0,Asian,0,,,16.0,0,0,0
232,1,7321,19,0,5.0,1,4.0,1.0,96.0,2,1,1,Black,MIL,1.0,9830.0,16.0,0,559830,55
233,1,7301,31,0,5.0,1,4.0,1.0,50.0,1,1,1,White,MIL,1.0,7140.0,19.0,0,493011,49
234,1,7313,41,0,1.0,2,6.0,4.0,,1,1,0,White,722,,4110.0,19.0,0,353031,35
235,1,7319,74,0,,2,6.0,4.0,,1,1,0,White,0,,,16.0,0,0,0
236,1,7312,21,0,5.0,2,4.0,1.0,78.0,1,1,1,White,MIL,1.0,9830.0,16.0,0,559830,55
237,1,7310,19,15,5.0,1,4.0,1.0,60.0,1,1,1,White,MIL,1.0,9825.0,18.0,0,553010,55
238,1,7321,89,0,,2,6.0,4.0,,6,1,0,Asian,0,,,16.0,0,0,0
239,1,7313,63,0,,1,6.0,2.0,,1,24,0,Hispanic,0,,,19.0,0,0,0
240,1,7312,22,0,5.0,2,4.0,1.0,85.0,1,23,1,Hispanic,MIL,1.0,3645.0,19.0,0,319092,31
241,1,7316,22,0,5.0,1,4.0,1.0,70.0,1,1,1,White,MIL,1.0,9310.0,18.0,0,535020,53
242,1,7322,32,0,,1,6.0,4.0,,2,1,0,Black,0,,,14.0,0,0,0
243,1,7307,80,0,,1,6.0,2.0,,1,1,0,White,0,,,12.0,0,0,0
244,1,7322,28,0,1.0,1,6.0,4.0,20.0,1,1,0,White,56,5.0,3930.0,14.0,0,339030,33
245,1,7322,71,0,,1,6.0,4.0,,2,1,0,Black,0,,,19.0,0,0,0
246,1,7320,87,0,,1,6.0,2.0,,1,1,0,White,0,,,19.0,0,0,0
247,1,7310,19,15,1.0,2,6.0,4.0,48.0,1,1,0,White,42,6.0,9640.0,18.0,0,537064,53
248,1,7310,21,0,5.0,1,4.0,1.0,90.0,1,2,1,Hispanic,MIL,1.0,9825.0,16.0,0,553010,55
249,1,7301,19,0,5.0,1,4.0,1.0,50.0,1,1,1,White,MIL,1.0,9645.0,16.0,0,537065,53
250,1,7319,62,0,,1,6.0,4.0,,1,1,0,White,0,,,18.0,0,0,0
251,1,7321,23,0,5.0,2,4.0,1.0,70.0,1,8,1,Hispanic,MIL,1.0,7100.0,16.0,0,49209X,49
252,1,7301,19,0,5.0,1,4.0,1.0,60.0,8,2,1,Hispanic,MIL,1.0,9825.0,16.0,0,553010,55
253,1,7315,17,13,,2,6.0,4.0,,1,1,0,White,0,,,13.0,0,0,0
254,1,7310,23,0,1.0,2,1.0,4.0,20.0,3,1,1,Other,44,1.0,4720.0,19.0,1,412010,41
255,1,7301,19,0,5.0,1,4.0,1.0,50.0,1,1,1,White,MIL,1.0,6765.0,16.0,0,4740XX,47
256,1,7317,19,15,,2,6.0,4.0,,1,1,0,White,0,,,18.0,0,0,0
257,1,7312,20,0,5.0,1,4.0,1.0,50.0,1,2,1,Hispanic,MIL,1.0,5040.0,16.0,0,432099,43
258,1,7301,24,0,5.0,1,4.0,1.0,50.0,1,1,1,White,MIL,1.0,9825.0,19.0,0,553010,55
259,1,7315,19,15,2.0,2,1.0,4.0,10.0,2,1,1,Black,61,5.0,5820.0,19.0,1,439022,43
260,1,7312,28,0,5.0,1,4.0,1.0,50.0,1,1,1,White,MIL,1.0,9825.0,16.0,0,553010,55
261,1,7315,21,15,2.0,1,1.0,4.0,40.0,1,1,1,White,81,5.0,725.0,16.0,1,131121,13
262,1,7309,30,0,,1,6.0,4.0,,9,1,0,Two or More,0,,,18.0,0,0,0
263,1,7319,26,0,,2,6.0,4.0,,1,1,0,White,0,,,16.0,0,0,0
264,1,7302,94,0,,2,6.0,2.0,,1,1,0,White,0,,,18.0,0,0,0
265,1,7319,41,0,1.0,1,6.0,4.0,,6,1,0,Asian,44,,4220.0,14.0,0,37201X,37
266,1,7302,47,0,,2,6.0,4.0,,1,2,0,Hispanic,0,,,18.0,0,0,0
267,1,7301,23,0,5.0,1,4.0,1.0,64.0,1,1,1,White,MIL,1.0,7140.0,16.0,0,493011,49
268,1,7315,19,15,2.0,2,1.0,4.0,30.0,1,1,1,White,62,1.0,3602.0,16.0,1,311122,31
269,1,7308,74,0,,2,6.0,4.0,,1,1,0,White,0,,,16.0,0,0,0
270,1,7301,22,0,5.0,1,4.0,1.0,70.0,1,1,1,White,MIL,1.0,7340.0,16.0,0,499071,49
271,1,7322,35,0,,1,6.0,4.0,,1,1,0,White,0,,,16.0,0,0,0
272,1,7321,60,0,,1,6.0,4.0,,2,1,0,Black,0,,,20.0,0,0,0
273,1,7310,20,15,1.0,2,6.0,4.0,38.0,6,1,0,Asian,61,6.0,1970.0,19.0,0,1940YY,19
274,1,7312,25,0,5.0,1,4.0,1.0,79.0,8,2,1,Hispanic,MIL,1.0,7040.0,19.0,0,492092,49
275,1,7322,49,0,,1,6.0,4.0,,1,1,0,White,0,,,12.0,0,0,0
276,1,7315,20,15,1.0,1,6.0,4.0,,1,1,0,White,71,,4435.0,19.0,0,3930XX,39
277,1,7315,18,15,8.0,1,6.0,4.0,30.0,1,1,0,White,71,6.0,4710.0,18.0,0,411012,41
278,1,7302,16,12,,1,6.0,,,1,2,0,Hispanic,0,,,12.0,0,0,0
279,1,7314,73,0,,1,6.0,4.0,,1,1,0,White,0,,,16.0,0,0,0
280,1,7321,34,0,5.0,2,4.0,1.0,80.0,2,1,1,Black,MIL,1.0,137.0,23.0,0,113131,11
281,1,7316,52,0,1.0,2,6.0,4.0,,1,1,0,White,52,,410.0,19.0,0,119141,11
282,1,7320,34,0,1.0,2,6.0,4.0,,1,1,0,White,56,,9645.0,18.0,0,537065,53
283,1,7303,56,0,1.0,1,1.0,4.0,40.0,1,1,1,White,56,1.0,4251.0,17.0,1,373011,37
284,1,7316,28,0,1.0,2,6.0,4.0,40.0,1,1,0,White,722,5.0,4110.0,18.0,0,353031,35
285,1,7317,18,15,,1,6.0,4.0,,1,1,0,White,0,,,18.0,0,0,0
286,1,7313,22,14,1.0,2,6.0,4.0,35.0,1,1,0,White,49,6.0,9645.0,14.0,0,537065,53
287,1,7321,74,0,,2,6.0,4.0,,1,2,0,Hispanic,0,,,9.0,0,0,0
288,1,7303,51,0,1.0,1,6.0,4.0,40.0,1,1,0,White,22,3.0,2555.0,19.0,0,2590XX,25
289,1,7322,40,0,,1,6.0,4.0,,2,1,0,Black,0,,,13.0,0,0,0
290,1,7310,19,0,5.0,1,4.0,1.0,99.0,1,1,1,White,MIL,6.0,9825.0,16.0,0,553010,55
291,1,7316,47,0,,2,6.0,4.0,,6,1,0,Asian,0,,,19.0,0,0,0
292,1,7305,80,0,,2,6.0,4.0,,2,1,0,Black,0,,,19.0,0,0,0
293,1,7308,20,0,,2,6.0,4.0,,1,1,0,White,0,,,13.0,0,0,0
294,1,7310,18,14,5.0,1,4.0,1.0,81.0,1,2,1,Hispanic,MIL,6.0,9830.0,18.0,0,559830,55
295,1,7301,27,0,5.0,1,4.0,1.0,68.0,1,1,1,White,MIL,1.0,7100.0,16.0,0,49209X,49
296,1,7310,20,0,5.0,1,4.0,1.0,20.0,1,2,1,Hispanic,MIL,1.0,1555.0,19.0,0,17302X,17
297,1,7310,21,0,5.0,1,4.0,1.0,45.0,1,1,1,White,MIL,1.0,1555.0,19.0,0,17302X,17
298,1,7301,19,0,5.0,1,4.0,1.0,50.0,1,1,1,White,MIL,1.0,6765.0,16.0,0,4740XX,47
299,1,7319,27,0,1.0,1,6.0,4.0,,1,2,0,Hispanic,23,,7020.0,19.0,0,492020,49
300,1,7316,49,0,,1,6.0,4.0,,7,1,0,Other,0,,,19.0,0,0,0
301,1,7315,42,0,,1,6.0,4.0,,1,1,0,White,0,,,19.0,0,0,0
302,1,7313,59,0,1.0,1,1.0,4.0,40.0,1,1,1,White,56,1.0,4251.0,16.0,1,373011,37
303,1,7316,30,0,5.0,1,4.0,1.0,77.0,6,1,1,Asian,MIL,1.0,7100.0,18.0,0,49209X,49
304,1,7313,26,0,1.0,1,1.0,4.0,40.0,8,2,1,Hispanic,81,1.0,4220.0,14.0,1,37201X,37
305,1,7316,40,0,1.0,1,6.0,4.0,,8,8,0,Hispanic,81,,7200.0,12.0,0,493023,49
306,1,7316,23,15,5.0,2,4.0,1.0,80.0,5,1,1,Other,MIL,1.0,9830.0,18.0,0,559830,55
307,1,7306,18,0,,2,6.0,4.0,,1,1,0,White,0,,,14.0,0,0,0
308,1,7301,21,0,5.0,1,4.0,1.0,45.0,1,1,1,White,MIL,1.0,1555.0,19.0,0,17302X,17
309,1,7313,23,0,,2,6.0,4.0,,8,2,0,Hispanic,0,,,14.0,0,0,0
310,1,7306,94,0,,2,6.0,4.0,,1,1,0,White,0,,,16.0,0,0,0
311,1,7303,44,0,,1,6.0,4.0,,1,2,0,Hispanic,0,,,1.0,0,0,0
312,1,7304,47,0,,2,6.0,4.0,,6,1,0,Asian,0,,,19.0,0,0,0
313,1,7319,17,13,,1,6.0,4.0,,1,1,0,White,0,,,13.0,0,0,0
314,1,7319,52,0,6.0,1,6.0,4.0,,1,1,0,White,23,,6410.0,19.0,0,472140,47
315,1,7307,17,13,,1,6.0,4.0,,1,1,0,White,0,,,13.0,0,0,0
316,1,7316,78,0,,1,6.0,4.0,,8,2,0,Hispanic,0,,,6.0,0,0,0
317,1,7301,20,0,5.0,1,4.0,1.0,50.0,2,1,1,Black,MIL,1.0,7210.0,16.0,0,493031,49
318,1,7321,26,0,1.0,2,1.0,4.0,20.0,1,1,1,White,44,1.0,4720.0,16.0,1,412010,41
319,1,7301,27,0,5.0,2,4.0,1.0,45.0,2,1,1,Black,MIL,1.0,9040.0,19.0,0,532020,53
320,1,7301,22,0,5.0,1,4.0,1.0,45.0,8,19,1,Hispanic,MIL,1.0,7640.0,16.0,0,4990XX,49
321,1,7319,17,13,,1,6.0,4.0,,1,2,0,Hispanic,0,,,13.0,0,0,0
322,1,7309,30,0,,1,6.0,4.0,,9,1,0,Two or More,0,,,18.0,0,0,0
323,1,7315,49,0,,2,6.0,4.0,,2,1,0,Black,0,,,18.0,0,0,0
324,1,7317,18,15,8.0,1,6.0,4.0,30.0,1,1,0,White,71,6.0,4710.0,18.0,0,411012,41
325,1,7316,21,15,5.0,1,6.0,2.0,69.0,2,1,0,Black,MIL,1.0,7420.0,19.0,0,499052,49
326,1,7316,22,0,5.0,1,6.0,2.0,69.0,1,1,0,White,92,1.0,1006.0,19.0,0,151211,15
327,1,7310,24,0,5.0,1,4.0,1.0,60.0,8,1,1,White,MIL,1.0,9830.0,19.0,0,559830,55
328,1,7301,20,0,5.0,1,4.0,1.0,45.0,1,1,1,White,MIL,1.0,1010.0,16.0,0,151251,15
329,1,7322,32,0,1.0,1,6.0,4.0,,2,1,0,Black,56,,4220.0,16.0,0,37201X,37
330,1,7315,64,0,,2,6.0,4.0,,1,1,0,White,0,,,16.0,0,0,0
331,1,7322,47,0,,1,6.0,4.0,,2,1,0,Black,0,,,16.0,0,0,0
332,1,7301,25,0,5.0,1,4.0,1.0,45.0,1,1,1,White,MIL,1.0,9830.0,18.0,0,559830,55
333,1,7303,80,0,,1,6.0,2.0,,1,1,0,White,0,,,12.0,0,0,0
334,1,7315,64,0,,2,6.0,4.0,,1,2,0,Hispanic,0,,,16.0,0,0,0
335,1,7321,20,0,5.0,1,4.0,1.0,85.0,1,1,1,White,MIL,1.0,5860.0,20.0,0,439061,43
336,1,7301,24,0,5.0,1,4.0,1.0,45.0,8,2,1,Hispanic,MIL,1.0,9825.0,16.0,0,553010,55
337,1,7321,19,0,5.0,1,4.0,1.0,96.0,2,1,1,Black,MIL,1.0,9830.0,16.0,0,559830,55
338,1,7321,23,0,5.0,2,4.0,1.0,80.0,1,1,1,White,MIL,1.0,9310.0,19.0,0,535020,53
339,1,7313,63,0,,1,6.0,4.0,,2,1,0,Black,0,,,19.0,0,0,0
340,1,7321,36,0,5.0,1,4.0,1.0,80.0,2,1,1,Black,MIL,1.0,9310.0,19.0,0,535020,53
341,1,7322,49,0,,1,6.0,4.0,,2,1,0,Black,0,,,19.0,0,0,0
342,1,7321,22,15,5.0,2,4.0,1.0,76.0,1,1,1,White,MIL,1.0,5040.0,19.0,0,432099,43
343,1,7317,18,15,,2,6.0,4.0,,1,1,0,White,0,,,18.0,0,0,0
344,1,7316,23,0,5.0,1,4.0,1.0,40.0,1,1,1,White,MIL,1.0,1108.0,19.0,0,151299,15
345,1,7319,17,13,6.0,1,6.0,4.0,20.0,1,2,0,Hispanic,23,2.0,6240.0,13.0,0,472040,47
346,1,7316,30,0,,2,6.0,4.0,,6,1,0,Asian,0,,,16.0,0,0,0
347,1,7321,23,0,5.0,1,4.0,1.0,58.0,8,19,1,Hispanic,MIL,1.0,9830.0,16.0,0,559830,55
348,1,7316,19,0,1.0,1,6.0,4.0,40.0,8,11,0,Hispanic,722,2.0,4020.0,14.0,0,352010,35
349,1,7313,34,13,3.0,2,6.0,4.0,,1,2,0,Hispanic,62,,3602.0,14.0,0,311122,31
350,1,7310,24,0,5.0,1,4.0,1.0,84.0,2,1,1,Black,MIL,1.0,7140.0,16.0,0,493011,49
351,1,7301,22,0,5.0,1,4.0,1.0,50.0,8,2,1,Hispanic,MIL,1.0,7030.0,16.0,0,492091,49
352,1,7301,61,0,,2,6.0,4.0,,1,1,0,White,0,,,19.0,0,0,0
353,1,7316,22,0,5.0,1,4.0,1.0,50.0,8,2,1,Hispanic,MIL,1.0,7030.0,16.0,0,492091,49
354,1,7302,18,15,1.0,1,1.0,4.0,15.0,1,1,1,White,722,1.0,4220.0,19.0,1,37201X,37
355,1,7316,38,0,,1,6.0,4.0,,1,1,0,White,0,,,16.0,0,0,0
356,1,7301,24,0,5.0,1,4.0,1.0,50.0,1,2,1,Hispanic,MIL,1.0,7640.0,16.0,0,4990XX,49
357,1,7310,19,0,5.0,1,4.0,1.0,75.0,8,2,1,Hispanic,MIL,4.0,9825.0,16.0,0,553010,55
358,1,7313,83,0,,2,6.0,4.0,,8,2,0,Hispanic,0,,,10.0,0,0,0
359,1,7310,21,0,5.0,1,4.0,1.0,98.0,8,2,1,Hispanic,MIL,1.0,7040.0,16.0,0,492092,49
360,1,7317,19,15,,2,6.0,4.0,,1,2,0,Hispanic,0,,,19.0,0,0,0
361,1,7310,18,15,,2,6.0,4.0,,1,2,0,Hispanic,0,,,18.0,0,0,0
362,1,7302,26,0,,2,6.0,4.0,,1,1,0,White,0,,,17.0,0,0,0
363,1,7310,20,15,,2,6.0,4.0,,1,24,0,Hispanic,0,,,19.0,0,0,0
364,1,7312,42,0,5.0,1,6.0,2.0,,1,1,0,White,92,,9365.0,21.0,0,536030,53
365,1,7316,24,0,3.0,1,6.0,4.0,,8,2,0,Hispanic,71,,4710.0,17.0,0,411012,41
366,1,7317,94,0,,2,6.0,4.0,,1,1,0,White,0,,,19.0,0,0,0
367,1,7322,46,0,,1,6.0,4.0,,1,2,0,Hispanic,0,,,17.0,0,0,0
368,1,7315,21,15,1.0,2,6.0,4.0,6.0,9,1,0,Two or More,722,6.0,4150.0,16.0,0,359031,35
369,1,7316,19,0,5.0,1,4.0,1.0,72.0,1,5,1,Hispanic,MIL,3.0,9825.0,16.0,0,553010,55
370,1,7314,34,0,,2,6.0,4.0,,1,1,0,White,0,,,13.0,0,0,0
371,1,7319,13,10,,1,,,,1,2,0,Hispanic,0,,,10.0,0,0,0
372,1,7301,21,0,5.0,1,4.0,1.0,50.0,6,5,1,Hispanic,MIL,1.0,9825.0,20.0,0,553010,55
373,1,7322,41,0,,1,6.0,4.0,,1,2,0,Hispanic,0,,,7.0,0,0,0
374,1,7308,83,0,,1,6.0,4.0,,1,1,0,White,0,,,21.0,0,0,0
375,1,7301,20,0,5.0,1,4.0,1.0,60.0,1,1,1,White,MIL,1.0,9825.0,16.0,0,553010,55
376,1,7322,41,0,,1,6.0,4.0,,1,2,0,Hispanic,0,,,7.0,0,0,0
377,1,7315,20,15,,1,6.0,4.0,,1,1,0,White,0,,,19.0,0,0,0
378,1,7319,18,0,,1,6.0,4.0,,1,1,0,White,0,,,18.0,0,0,0
379,1,7319,52,0,,1,6.0,4.0,,2,1,0,Black,0,,,14.0,0,0,0
380,1,7315,18,15,1.0,2,6.0,4.0,10.0,1,1,0,White,722,5.0,4110.0,18.0,0,353031,35
381,1,7316,29,0,5.0,1,4.0,1.0,75.0,6,1,1,Asian,MIL,1.0,1007.0,19.0,0,151212,15
382,1,7310,18,15,,2,6.0,4.0,,1,2,0,Hispanic,0,,,18.0,0,0,0
383,1,7318,77,0,,2,6.0,2.0,,1,1,0,White,0,,,19.0,0,0,0
384,1,7303,31,0,1.0,1,6.0,4.0,,6,1,0,Asian,81,,7200.0,17.0,0,493023,49
385,1,7318,35,15,1.0,2,6.0,2.0,20.0,1,2,0,Hispanic,56,3.0,735.0,19.0,0,131161,13
386,1,7315,26,0,1.0,1,6.0,4.0,20.0,1,1,0,White,56,4.0,9620.0,17.0,0,537062,53
387,1,7316,26,0,1.0,1,1.0,4.0,40.0,8,2,1,Hispanic,81,1.0,4220.0,14.0,1,37201X,37
388,1,7301,25,0,5.0,1,4.0,1.0,40.0,2,4,1,Hispanic,MIL,4.0,1555.0,19.0,0,17302X,17
389,1,7301,23,0,5.0,1,4.0,1.0,55.0,1,1,1,White,MIL,1.0,9825.0,16.0,0,553010,55
390,1,7306,90,0,,2,6.0,4.0,,1,1,0,White,0,,,12.0,0,0,0
391,1,7312,28,0,5.0,1,4.0,1.0,85.0,1,1,1,White,MIL,1.0,9825.0,18.0,0,553010,55
392,1,7310,19,15,,2,6.0,4.0,,1,2,0,Hispanic,0,,,19.0,0,0,0
393,1,7310,19,0,5.0,2,4.0,1.0,64.0,8,4,1,Hispanic,MIL,1.0,6835.0,19.0,0,475032,47
394,1,7310,51,0,1.0,1,6.0,2.0,,1,1,0,White,62,,3255.0,22.0,0,291141,29
395,1,7319,32,0,6.0,1,6.0,4.0,,2,1,0,Black,23,,6230.0,19.0,0,472031,47
396,1,7319,17,13,6.0,1,6.0,4.0,20.0,1,2,0,Hispanic,23,2.0,6240.0,13.0,0,472040,47
397,1,7306,20,0,,2,6.0,4.0,,1,1,0,White,0,,,13.0,0,0,0
398,1,7310,22,0,5.0,1,4.0,1.0,70.0,1,4,1,Hispanic,MIL,1.0,7030.0,18.0,0,492091,49
399,1,7301,22,0,5.0,1,4.0,1.0,70.0,1,1,1,White,MIL,2.0,9825.0,21.0,0,553010,55
400,1,7316,20,0,5.0,1,4.0,1.0,60.0,1,1,1,White,MIL,1.0,9300.0,16.0,0,5350XX,53
401,1,7316,35,0,5.0,1,4.0,3.0,70.0,6,1,1,Asian,MIL,1.0,7340.0,19.0,0,499071,49
402,1,7318,31,0,,1,6.0,4.0,,1,1,0,White,0,,,1.0,0,0,0
403,1,7310,18,0,5.0,1,4.0,1.0,99.0,3,3,1,Hispanic,MIL,6.0,9825.0,16.0,0,553010,55
404,1,7313,94,0,,1,6.0,2.0,,1,2,0,Hispanic,0,,,12.0,0,0,0
405,1,7316,23,0,5.0,1,4.0,1.0,74.0,2,1,1,Black,MIL,1.0,9645.0,20.0,0,537065,53
406,1,7319,44,0,1.0,1,6.0,2.0,20.0,1,1,0,White,722,1.0,4720.0,19.0,0,412010,41
407,1,7310,18,15,,2,6.0,4.0,,1,1,0,White,0,,,18.0,0,0,0
408,1,7309,94,0,,2,6.0,4.0,,1,1,0,White,0,,,19.0,0,0,0
409,1,7310,40,0,,1,6.0,2.0,,1,1,0,White,0,,,22.0,0,0,0
410,1,7316,52,0,1.0,2,6.0,4.0,,1,1,0,White,52,,410.0,19.0,0,119141,11
411,1,7322,56,0,,1,6.0,2.0,,1,1,0,White,0,,,17.0,0,0,0
412,1,7318,75,0,,1,6.0,2.0,,6,1,0,Asian,0,,,16.0,0,0,0
413,1,7322,56,0,,1,6.0,2.0,,1,1,0,White,0,,,17.0,0,0,0
414,1,7322,57,0,,1,6.0,4.0,,2,1,0,Black,0,,,11.0,0,0,0
415,1,7301,22,0,5.0,1,4.0,1.0,35.0,1,2,1,Hispanic,MIL,1.0,9825.0,14.0,0,553010,55
416,1,7316,21,15,5.0,1,4.0,1.0,40.0,1,1,1,White,MIL,3.0,630.0,20.0,0,131070,13
417,1,7301,23,0,5.0,1,4.0,1.0,55.0,1,1,1,White,MIL,1.0,9825.0,16.0,0,553010,55
418,1,7315,20,15,3.0,2,1.0,4.0,40.0,1,1,1,White,61,1.0,4640.0,19.0,1,399041,39
419,1,7315,22,15,,1,6.0,4.0,,6,1,0,Asian,0,,,16.0,0,0,0
420,1,7310,20,15,1.0,2,1.0,4.0,20.0,1,1,1,White,61,1.0,1050.0,19.0,1,151230,15
421,1,7301,20,0,5.0,1,4.0,1.0,50.0,8,3,1,Hispanic,MIL,1.0,9830.0,16.0,0,559830,55
422,1,7310,20,0,5.0,1,4.0,1.0,50.0,1,1,1,White,MIL,1.0,9825.0,16.0,0,553010,55
423,1,7310,22,0,5.0,1,4.0,1.0,72.0,1,1,1,White,MIL,1.0,7100.0,16.0,0,49209X,49
424,1,7318,16,12,,1,6.0,,,1,2,0,Hispanic,0,,,12.0,0,0,0
425,1,7319,53,0,,1,6.0,4.0,,1,2,0,Hispanic,0,,,9.0,0,0,0
426,1,7316,22,15,5.0,2,4.0,1.0,75.0,8,19,1,Hispanic,MIL,1.0,7100.0,16.0,0,49209X,49
427,1,7305,31,0,,1,6.0,4.0,,8,2,0,Hispanic,0,,,1.0,0,0,0
428,1,7316,33,0,5.0,1,4.0,1.0,85.0,1,1,1,White,MIL,1.0,6835.0,19.0,0,475032,47
429,1,7321,34,0,5.0,1,4.0,1.0,75.0,6,1,1,Asian,MIL,1.0,9830.0,19.0,0,559830,55
430,1,7320,94,0,,1,6.0,2.0,,1,2,0,Hispanic,0,,,12.0,0,0,0
431,1,7321,90,0,,1,6.0,2.0,,6,1,0,Asian,0,,,20.0,0,0,0
432,1,7310,20,0,5.0,1,4.0,1.0,30.0,8,3,1,Hispanic,MIL,1.0,9825.0,19.0,0,553010,55
433,1,7320,87,0,,1,6.0,2.0,,1,1,0,White,0,,,19.0,0,0,0
434,1,7320,64,0,,1,6.0,2.0,,1,1,0,White,0,,,21.0,0,0,0
435,1,7301,19,0,5.0,1,4.0,1.0,50.0,1,1,1,White,MIL,1.0,8140.0,16.0,0,514120,51
436,1,7317,18,15,1.0,2,1.0,4.0,15.0,1,2,1,Hispanic,44,3.0,4720.0,16.0,1,412010,41
437,1,7308,90,0,,2,6.0,4.0,,1,1,0,White,0,,,12.0,0,0,0
438,1,7301,22,0,1.0,2,6.0,4.0,20.0,1,2,0,Hispanic,44,5.0,9645.0,18.0,0,537065,53
439,1,7316,44,0,1.0,1,6.0,2.0,20.0,1,1,0,White,722,1.0,4720.0,19.0,0,412010,41
440,1,7310,21,0,5.0,1,4.0,3.0,58.0,1,1,1,White,MIL,1.0,7100.0,16.0,0,49209X,49
441,1,7321,36,0,1.0,1,6.0,4.0,40.0,6,1,0,Asian,81,4.0,7200.0,11.0,0,493023,49
442,1,7309,31,0,,1,6.0,4.0,,1,1,0,White,0,,,1.0,0,0,0
443,1,7313,65,0,,2,6.0,4.0,,2,1,0,Black,0,,,19.0,0,0,0
444,1,7301,25,0,5.0,1,4.0,1.0,76.0,6,1,1,Asian,MIL,1.0,4020.0,18.0,0,352010,35
445,1,7313,64,0,,1,6.0,4.0,,1,1,0,White,0,,,16.0,0,0,0
446,1,7303,37,0,1.0,1,1.0,4.0,40.0,2,1,1,Black,56,1.0,4251.0,16.0,1,373011,37
447,1,7301,20,0,5.0,1,4.0,1.0,55.0,8,2,1,Hispanic,MIL,1.0,5040.0,16.0,0,432099,43
448,1,7302,14,11,,1,,,,2,1,0,Black,0,,,11.0,0,0,0
449,1,7301,20,0,5.0,1,4.0,1.0,50.0,1,2,1,Hispanic,MIL,1.0,6765.0,16.0,0,4740XX,47
450,1,7312,20,0,5.0,1,4.0,1.0,60.0,1,1,1,White,MIL,1.0,9825.0,16.0,0,553010,55
451,1,7316,84,0,,1,6.0,2.0,,2,1,0,Black,0,,,19.0,0,0,0
452,1,7305,19,15,2.0,2,1.0,4.0,30.0,1,1,1,White,62,1.0,3602.0,16.0,1,311122,31
453,1,7301,20,0,5.0,1,4.0,1.0,60.0,1,1,1,White,MIL,1.0,9825.0,16.0,0,553010,55
454,1,7301,23,0,5.0,1,4.0,1.0,50.0,1,1,1,White,MIL,1.0,5040.0,16.0,0,432099,43
455,1,7315,79,13,,2,6.0,4.0,,1,1,0,White,0,,,13.0,0,0,0
456,1,7301,21,0,5.0,1,4.0,1.0,50.0,1,1,1,White,MIL,1.0,5040.0,16.0,0,432099,43
457,1,7320,23,0,1.0,2,1.0,4.0,40.0,2,5,1,Hispanic,56,5.0,9620.0,16.0,1,537062,53
458,1,7314,76,0,,2,6.0,4.0,,1,1,0,White,0,,,21.0,0,0,0
459,1,7310,19,0,5.0,1,4.0,1.0,30.0,1,1,1,White,MIL,3.0,9825.0,16.0,0,553010,55
460,1,7301,21,0,5.0,1,4.0,1.0,50.0,1,3,1,Hispanic,MIL,1.0,9830.0,16.0,0,559830,55
461,1,7310,21,0,5.0,1,4.0,1.0,99.0,8,23,1,Hispanic,MIL,1.0,9300.0,19.0,0,5350XX,53
462,1,7321,21,0,1.0,2,1.0,4.0,30.0,1,1,1,White,722,1.0,4720.0,18.0,1,412010,41
463,1,7313,35,15,1.0,2,6.0,2.0,20.0,1,2,0,Hispanic,56,3.0,735.0,19.0,0,131161,13
464,1,7317,19,15,1.0,1,6.0,4.0,20.0,1,1,0,White,23,5.0,6260.0,18.0,0,472061,47
465,1,7316,16,12,,1,6.0,,,1,2,0,Hispanic,0,,,12.0,0,0,0
466,1,7301,52,0,,1,6.0,4.0,,1,1,0,White,0,,,14.0,0,0,0
467,1,7316,20,0,5.0,2,4.0,1.0,84.0,2,1,1,Black,MIL,1.0,9825.0,16.0,0,553010,55
468,1,7319,49,0,,1,6.0,4.0,,1,1,0,White,0,,,16.0,0,0,0
469,1,7319,30,0,,1,6.0,4.0,,1,1,0,White,0,,,21.0,0,0,0
470,1,7313,48,0,,2,6.0,4.0,,1,1,0,White,0,,,10.0,0,0,0
471,1,7321,78,0,,1,6.0,4.0,,8,2,0,Hispanic,0,,,6.0,0,0,0
472,1,7310,22,0,5.0,1,4.0,1.0,70.0,1,1,1,White,MIL,2.0,9825.0,21.0,0,553010,55
473,1,7301,26,0,5.0,1,4.0,1.0,45.0,1,2,1,Hispanic,MIL,1.0,6765.0,18.0,0,4740XX,47
474,1,7301,22,0,5.0,1,4.0,1.0,50.0,8,19,1,Hispanic,MIL,1.0,9130.0,16.0,0,533030,53
475,1,7312,25,0,5.0,1,4.0,1.0,76.0,6,1,1,Asian,MIL,1.0,4020.0,18.0,0,352010,35
476,1,7310,18,15,,1,6.0,4.0,,1,2,0,Hispanic,0,,,18.0,0,0,0
477,1,7321,21,0,5.0,1,4.0,1.0,90.0,1,2,1,Hispanic,MIL,1.0,9825.0,16.0,0,553010,55
478,1,7316,52,0,1.0,1,6.0,4.0,,1,1,0,White,48,,9620.0,13.0,0,537062,53
479,1,7313,15,13,,2,,,,6,1,0,Asian,0,,,13.0,0,0,0
480,1,7310,19,15,,1,6.0,4.0,,1,1,0,White,0,,,19.0,0,0,0
481,1,7312,47,0,5.0,1,6.0,2.0,70.0,8,2,0,Hispanic,92,1.0,3740.0,19.0,0,332011,33
482,1,7317,19,15,,2,6.0,4.0,,1,1,0,White,0,,,18.0,0,0,0
483,1,7310,18,15,1.0,1,1.0,4.0,15.0,1,1,1,White,722,1.0,4220.0,19.0,1,37201X,37
484,1,7318,22,0,1.0,1,6.0,4.0,40.0,1,1,0,White,56,6.0,9620.0,17.0,0,537062,53
485,1,7301,19,0,5.0,2,4.0,1.0,50.0,8,2,1,Hispanic,MIL,1.0,9130.0,16.0,0,533030,53
486,1,7310,23,0,5.0,1,4.0,1.0,52.0,1,1,1,White,MIL,1.0,9825.0,16.0,0,553010,55
487,1,7313,33,0,,2,6.0,4.0,,1,1,0,White,0,,,16.0,0,0,0
488,1,7322,20,0,,1,6.0,4.0,,1,1,0,White,0,,,16.0,0,0,0
489,1,7301,19,0,5.0,2,4.0,1.0,50.0,1,1,1,White,MIL,1.0,5600.0,16.0,0,435061,43
490,1,7316,22,0,5.0,1,4.0,1.0,40.0,1,1,1,White,MIL,1.0,4020.0,16.0,0,352010,35
491,1,7316,25,0,5.0,1,4.0,1.0,20.0,1,1,1,White,MIL,1.0,9310.0,19.0,0,535020,53
492,1,7303,94,0,,2,6.0,4.0,,1,1,0,White,0,,,16.0,0,0,0
493,1,7321,40,0,,1,6.0,2.0,,1,1,0,White,0,,,22.0,0,0,0
494,1,7319,28,0,1.0,1,6.0,4.0,40.0,1,2,0,Hispanic,23,5.0,6260.0,11.0,0,472061,47
495,1,7319,40,0,,1,6.0,4.0,,1,1,0,White,0,,,19.0,0,0,0
496,1,7319,22,0,,1,6.0,4.0,,1,2,0,Hispanic,0,,,16.0,0,0,0
497,1,7316,25,0,5.0,1,4.0,1.0,81.0,2,1,1,Black,MIL,1.0,7100.0,16.0,0,49209X,49
498,1,7301,18,0,5.0,1,4.0,1.0,50.0,1,1,1,White,MIL,1.0,9645.0,16.0,0,537065,53
499,1,7313,62,0,,2,6.0,4.0,,1,1,0,White,0,,,21.0,0,0,0
500,1,7315,20,15,,1,6.0,4.0,,1,1,0,White,0,,,19.0,0,0,0
501,1,7318,21,0,1.0,2,1.0,4.0,30.0,1,1,1,White,722,1.0,4720.0,18.0,1,412010,41
502,1,7301,22,0,1.0,2,6.0,4.0,20.0,1,2,0,Hispanic,44,5.0,9645.0,18.0,0,537065,53
503,1,7316,47,0,1.0,1,6.0,4.0,50.0,8,2,0,Hispanic,81,3.0,4500.0,9.0,0,395011,39
504,1,7302,17,14,,1,6.0,4.0,,1,1,0,White,0,,,14.0,0,0,0
505,1,7301,25,0,5.0,1,4.0,1.0,20.0,1,1,1,White,MIL,1.0,9310.0,19.0,0,535020,53
506,1,7302,40,0,,1,6.0,4.0,,1,1,0,White,0,,,22.0,0,0,0
507,1,7322,31,0,,1,6.0,4.0,,1,1,0,White,0,,,1.0,0,0,0
508,1,7317,19,15,1.0,2,6.0,4.0,10.0,1,1,0,White,44,6.0,4720.0,18.0,0,412010,41
509,1,7301,21,0,5.0,1,4.0,1.0,60.0,1,1,1,White,MIL,1.0,9825.0,19.0,0,553010,55
510,1,7301,21,0,5.0,1,4.0,1.0,68.0,8,17,1,Hispanic,MIL,1.0,9825.0,16.0,0,553010,55
511,1,7310,23,0,5.0,1,4.0,1.0,58.0,8,19,1,Hispanic,MIL,1.0,9830.0,16.0,0,559830,55
512,1,7309,20,0,,1,6.0,4.0,,1,1,0,White,0,,,16.0,0,0,0
513,1,7310,18,15,,2,6.0,4.0,,1,1,0,White,0,,,18.0,0,0,0
514,1,7316,27,0,5.0,1,4.0,1.0,68.0,1,1,1,White,MIL,1.0,7100.0,16.0,0,49209X,49
515,1,7316,21,0,5.0,1,4.0,1.0,50.0,1,1,1,White,MIL,1.0,9825.0,16.0,0,553010,55
516,1,7306,79,0,,1,6.0,4.0,,1,1,0,White,0,,,21.0,0,0,0
517,1,7316,32,0,,1,6.0,4.0,,2,1,0,Black,0,,,16.0,0,0,0
518,1,7316,45,0,7.0,1,6.0,4.0,55.0,1,1,0,White,53,1.0,410.0,19.0,0,119141,11
519,1,7313,44,0,1.0,2,6.0,4.0,50.0,8,2,0,Hispanic,11,1.0,6050.0,19.0,0,4520XX,45
520,1,7316,27,0,1.0,2,6.0,4.0,15.0,8,2,0,Hispanic,44,4.0,4720.0,11.0,0,412010,41
521,1,7315,83,0,,1,6.0,4.0,,1,1,0,White,0,,,21.0,0,0,0
522,1,7302,20,0,5.0,1,4.0,1.0,55.0,8,2,1,Hispanic,MIL,1.0,5040.0,16.0,0,432099,43
523,1,7309,18,0,,2,6.0,4.0,,1,1,0,White,0,,,14.0,0,0,0
524,1,7321,94,0,,2,6.0,4.0,,1,1,0,White,0,,,16.0,0,0,0
525,1,7301,19,0,5.0,1,4.0,1.0,45.0,8,2,1,Hispanic,MIL,1.0,7020.0,16.0,0,492020,49
526,1,7319,34,0,,2,6.0,4.0,,1,1,0,White,0,,,13.0,0,0,0
527,1,7320,71,0,,1,6.0,2.0,,1,1,0,White,0,,,20.0,0,0,0
528,1,7322,18,0,,2,6.0,4.0,,1,2,0,Hispanic,0,,,16.0,0,0,0
529,1,7316,70,0,,1,6.0,2.0,,1,1,0,White,0,,,16.0,0,0,0
530,1,7310,23,0,5.0,1,4.0,1.0,99.0,1,1,1,White,MIL,4.0,9825.0,18.0,0,553010,55
531,1,7308,48,0,,2,6.0,4.0,,9,1,0,Two or More,0,,,19.0,0,0,0
532,1,7317,41,0,1.0,1,1.0,4.0,60.0,1,1,1,White,721,1.0,136.0,19.0,1,113121,11
533,1,7308,69,0,,1,6.0,4.0,,2,1,0,Black,0,,,6.0,0,0,0
534,1,7307,24,0,1.0,1,6.0,4.0,20.0,1,2,0,Hispanic,56,4.0,3930.0,16.0,0,339030,33
535,1,7316,49,0,,2,6.0,4.0,,2,1,0,Black,0,,,18.0,0,0,0
536,1,7321,25,0,5.0,1,4.0,1.0,84.0,1,1,1,White,MIL,1.0,9310.0,16.0,0,535020,53
537,1,7321,65,0,,2,6.0,4.0,,9,1,0,Two or More,0,,,23.0,0,0,0
538,1,7316,36,0,5.0,2,6.0,2.0,62.0,8,2,0,Hispanic,MIL,1.0,9300.0,19.0,0,5350XX,53
539,1,7306,22,0,1.0,2,6.0,4.0,20.0,1,2,0,Hispanic,44,5.0,9645.0,18.0,0,537065,53
540,1,7317,18,15,1.0,2,6.0,4.0,,1,1,0,White,62,,4600.0,18.0,0,399011,39
541,1,7317,18,15,1.0,2,6.0,4.0,16.0,1,1,0,White,722,6.0,4720.0,18.0,0,412010,41
542,1,7319,59,0,1.0,1,6.0,4.0,40.0,1,1,0,White,44,5.0,7200.0,20.0,0,493023,49
543,1,7302,38,0,,2,6.0,4.0,,1,1,0,White,0,,,17.0,0,0,0
544,1,7319,51,0,1.0,1,6.0,4.0,40.0,1,1,0,White,22,3.0,2555.0,19.0,0,2590XX,25
545,1,7301,20,0,5.0,1,4.0,1.0,50.0,6,1,1,Asian,MIL,1.0,9830.0,16.0,0,559830,55
546,1,7316,21,15,5.0,1,4.0,1.0,40.0,1,1,1,White,MIL,3.0,630.0,20.0,0,131070,13
547,1,7301,19,0,5.0,1,4.0,1.0,55.0,1,1,1,White,MIL,1.0,9825.0,18.0,0,553010,55
548,1,7312,23,0,5.0,1,4.0,1.0,50.0,1,11,1,Hispanic,MIL,1.0,9830.0,16.0,0,559830,55
549,1,7310,68,0,,1,6.0,2.0,,1,1,0,White,0,,,10.0,0,0,0
550,1,7302,17,13,,1,6.0,4.0,,1,1,0,White,0,,,13.0,0,0,0
551,1,7301,19,0,5.0,1,4.0,1.0,50.0,5,1,1,Other,MIL,1.0,9825.0,17.0,0,553010,55
552,1,7309,63,0,,2,6.0,4.0,,1,24,0,Hispanic,0,,,19.0,0,0,0
553,1,7301,46,0,2.0,2,1.0,4.0,25.0,8,2,1,Hispanic,62,1.0,9620.0,16.0,1,537062,53
554,1,7302,36,0,,2,6.0,4.0,,1,1,0,White,0,,,20.0,0,0,0
555,1,7310,41,0,1.0,2,1.0,4.0,40.0,1,1,1,White,721,1.0,340.0,20.0,1,119081,11
556,1,7315,20,15,,2,6.0,4.0,,1,1,0,White,0,,,19.0,0,0,0
557,1,7322,31,0,,1,6.0,4.0,,2,1,0,Black,0,,,16.0,0,0,0
558,1,7317,51,0,1.0,1,6.0,2.0,,1,1,0,White,62,,3255.0,22.0,0,291141,29
559,1,7315,16,13,,1,6.0,,,1,2,0,Hispanic,0,,,13.0,0,0,0
560,1,7301,23,0,5.0,1,4.0,1.0,55.0,1,1,1,White,MIL,1.0,9825.0,16.0,0,553010,55
561,1,7319,17,13,,2,6.0,4.0,,1,1,0,White,0,,,13.0,0,0,0
562,1,7310,18,15,,2,6.0,4.0,,1,1,0,White,0,,,18.0,0,0,0
563,1,7318,56,0,1.0,1,1.0,4.0,40.0,1,1,1,White,56,1.0,4251.0,17.0,1,373011,37
564,1,7315,20,15,1.0,1,6.0,4.0,20.0,1,2,0,Hispanic,71,6.0,5400.0,19.0,0,434171,43
565,1,7305,87,0,,1,6.0,2.0,,1,1,0,White,0,,,19.0,0,0,0
566,1,7319,32,0,1.0,2,6.0,4.0,25.0,1,1,0,White,44,5.0,4760.0,19.0,0,412031,41
567,1,7312,20,0,5.0,2,4.0,1.0,66.0,6,1,1,Asian,MIL,1.0,1108.0,19.0,0,151299,15
568,1,7310,24,0,5.0,1,4.0,1.0,32.0,1,1,1,White,MIL,3.0,630.0,16.0,0,131070,13
569,1,7316,23,0,5.0,1,4.0,1.0,81.0,1,1,1,White,MIL,1.0,9310.0,19.0,0,535020,53
570,1,7315,19,15,,2,6.0,4.0,,1,1,0,White,0,,,19.0,0,0,0
571,1,7315,67,0,,2,6.0,4.0,,1,1,0,White,0,,,24.0,0,0,0
572,1,7301,25,0,5.0,1,4.0,1.0,76.0,6,1,1,Asian,MIL,1.0,4020.0,18.0,0,352010,35
573,1,7316,28,0,5.0,1,4.0,1.0,75.0,6,1,1,Asian,MIL,1.0,9825.0,19.0,0,553010,55
574,1,7320,76,0,,1,6.0,3.0,,1,1,0,White,0,,,19.0,0,0,0
575,1,7319,53,0,1.0,1,6.0,4.0,40.0,1,2,0,Hispanic,52,3.0,4810.0,21.0,0,413021,41
576,1,7312,22,0,5.0,1,4.0,1.0,78.0,1,1,1,White,MIL,1.0,7030.0,16.0,0,492091,49
577,1,7301,26,0,5.0,1,4.0,1.0,55.0,1,1,1,White,MIL,1.0,9130.0,16.0,0,533030,53
578,1,7305,81,0,,2,6.0,4.0,,1,1,0,White,0,,,20.0,0,0,0
579,1,7316,21,0,5.0,1,4.0,1.0,72.0,1,1,1,White,MIL,1.0,7100.0,16.0,0,49209X,49
580,1,7301,22,0,5.0,1,4.0,1.0,50.0,2,1,1,Black,MIL,1.0,7030.0,16.0,0,492091,49
581,1,7308,85,0,,2,6.0,4.0,,1,1,0,White,0,,,13.0,0,0,0
582,1,7305,94,0,,2,6.0,4.0,,6,1,0,Asian,0,,,16.0,0,0,0
583,1,7321,20,0,5.0,1,4.0,1.0,81.0,1,1,1,White,MIL,1.0,9825.0,17.0,0,553010,55
584,1,7317,19,15,,2,6.0,4.0,,1,1,0,White,0,,,19.0,0,0,0
585,1,7301,18,0,5.0,1,4.0,1.0,80.0,1,1,1,White,MIL,4.0,9825.0,16.0,0,553010,55
586,1,7317,36,0,1.0,1,6.0,2.0,,1,1,0,White,54,,2180.0,19.0,0,232099,23
587,1,7313,32,0,1.0,2,6.0,4.0,,8,2,0,Hispanic,31,,7810.0,16.0,0,513020,51
588,1,7310,18,15,5.0,1,4.0,1.0,50.0,1,1,1,White,MIL,3.0,9825.0,18.0,0,553010,55
589,1,7319,23,0,1.0,1,6.0,4.0,,1,1,0,White,42,,4850.0,14.0,0,414010,41
590,1,7310,18,0,5.0,1,4.0,1.0,35.0,1,1,1,White,MIL,6.0,630.0,16.0,0,131070,13
591,1,7317,19,15,1.0,2,1.0,4.0,10.0,9,2,1,Hispanic,61,4.0,4720.0,18.0,1,412010,41
592,1,7313,31,0,,2,6.0,4.0,,1,1,0,White,0,,,18.0,0,0,0
593,1,7301,22,0,5.0,1,4.0,1.0,50.0,1,2,1,Hispanic,MIL,1.0,9825.0,16.0,0,553010,55
594,1,7321,29,0,5.0,1,4.0,1.0,75.0,6,1,1,Asian,MIL,1.0,1007.0,19.0,0,151212,15
595,1,7317,19,15,1.0,1,6.0,4.0,25.0,1,1,0,White,45,6.0,9645.0,18.0,0,537065,53
596,1,7301,22,0,5.0,1,4.0,1.0,55.0,2,1,1,Black,MIL,1.0,1555.0,16.0,0,17302X,17
597,1,7302,26,0,,2,6.0,4.0,,1,1,0,White,0,,,17.0,0,0,0
598,1,7312,26,0,1.0,1,6.0,4.0,20.0,1,1,0,White,56,4.0,9620.0,17.0,0,537062,53
599,1,7316,26,0,1.0,1,6.0,4.0,,1,2,0,Hispanic,44,,4760.0,7.0,0,412031,41
600,1,7319,51,0,,1,6.0,4.0,,1,2,0,Hispanic,0,,,16.0,0,0,0
601,1,7317,18,15,,2,6.0,4.0,,1,1,0,White,0,,,18.0,0,0,0
602,1,7316,21,0,1.0,2,1.0,4.0,30.0,1,1,1,White,722,1.0,4720.0,18.0,1,412010,41
603,1,7321,19,0,5.0,1,4.0,1.0,80.0,1,2,1,Hispanic,MIL,1.0,9825.0,19.0,0,553010,55
604,1,7302,51,0,,1,6.0,4.0,,1,2,0,Hispanic,0,,,16.0,0,0,0
605,1,7301,24,0,5.0,1,4.0,1.0,60.0,1,1,1,White,MIL,1.0,9825.0,16.0,0,553010,55
606,1,7317,49,0,,1,6.0,4.0,,7,1,0,Other,0,,,19.0,0,0,0
607,1,7316,31,0,,2,6.0,4.0,,2,1,0,Black,0,,,16.0,0,0,0
608,1,7321,22,0,5.0,2,4.0,1.0,81.0,1,1,1,White,MIL,1.0,9825.0,16.0,0,553010,55
609,1,7318,63,0,,1,6.0,4.0,,2,1,0,Black,0,,,18.0,0,0,0
610,1,7319,34,0,7.0,1,6.0,4.0,,1,1,0,White,56,,5600.0,21.0,0,435061,43
611,1,7316,31,0,1.0,1,6.0,4.0,,1,1,0,White,44,,8990.0,19.0,0,5191XX,51
612,1,7321,63,0,,1,6.0,4.0,,2,1,0,Black,0,,,14.0,0,0,0
613,1,7312,27,0,5.0,1,4.0,1.0,50.0,1,1,1,White,MIL,1.0,9825.0,19.0,0,553010,55
614,1,7322,24,0,1.0,1,6.0,4.0,,1,7,0,Hispanic,722,,4140.0,13.0,0,359021,35
615,1,7316,24,0,5.0,1,4.0,1.0,90.0,1,2,1,Hispanic,MIL,1.0,7210.0,16.0,0,493031,49
616,1,7301,20,0,5.0,1,4.0,1.0,50.0,1,1,1,White,MIL,1.0,9825.0,16.0,0,553010,55
617,1,7306,35,0,,2,6.0,4.0,,1,1,0,White,0,,,1.0,0,0,0
618,1,7301,19,0,5.0,1,4.0,1.0,50.0,1,2,1,Hispanic,MIL,1.0,6355.0,16.0,0,472111,47
619,1,7310,22,0,5.0,1,4.0,1.0,72.0,1,1,1,White,MIL,1.0,7100.0,16.0,0,49209X,49
620,1,7316,71,0,,2,6.0,4.0,,1,1,0,White,0,,,20.0,0,0,0
621,1,7315,19,15,1.0,2,1.0,4.0,10.0,9,2,1,Hispanic,61,4.0,4720.0,18.0,1,412010,41
622,1,7303,59,0,1.0,1,1.0,4.0,40.0,1,1,1,White,56,1.0,4251.0,16.0,1,373011,37
623,1,7319,29,0,1.0,1,6.0,4.0,,2,1,0,Black,45,,9645.0,16.0,0,537065,53
624,1,7313,33,0,,2,6.0,4.0,,1,1,0,White,0,,,19.0,0,0,0
625,1,7311,87,0,,1,6.0,2.0,,1,1,0,White,0,,,19.0,0,0,0
626,1,7312,22,0,5.0,2,4.0,1.0,50.0,1,2,1,Hispanic,MIL,1.0,7640.0,16.0,0,4990XX,49
627,1,7316,63,0,,1,6.0,4.0,,2,1,0,Black,0,,,14.0,0,0,0
628,1,7320,69,0,,2,6.0,4.0,,1,1,0,White,0,,,22.0,0,0,0
629,1,7316,22,15,5.0,2,4.0,1.0,99.0,2,1,1,Black,MIL,1.0,4030.0,19.0,0,352021,35
630,1,7319,25,0,1.0,1,6.0,4.0,40.0,1,2,0,Hispanic,23,3.0,5860.0,17.0,0,439061,43
631,1,7312,19,0,5.0,1,4.0,1.0,50.0,8,2,1,Hispanic,MIL,1.0,7010.0,16.0,0,492011,49
632,1,7316,41,0,,1,6.0,4.0,,1,2,0,Hispanic,0,,,7.0,0,0,0
633,1,7315,19,15,1.0,1,6.0,4.0,28.0,6,1,0,Asian,44,5.0,4720.0,19.0,0,412010,41
634,1,7317,18,15,1.0,1,6.0,4.0,,1,1,0,White,722,,4055.0,18.0,0,353023,35
635,1,7303,67,0,,1,6.0,2.0,,1,1,0,White,0,,,19.0,0,0,0
636,1,7316,21,0,5.0,1,4.0,1.0,50.0,1,2,1,Hispanic,MIL,1.0,4020.0,16.0,0,352010,35
637,1,7317,18,15,,2,6.0,4.0,,1,2,0,Hispanic,0,,,18.0,0,0,0
638,1,7301,27,0,5.0,1,4.0,1.0,50.0,1,1,1,White,MIL,1.0,9825.0,19.0,0,553010,55
639,1,7319,32,0,6.0,1,6.0,4.0,,2,1,0,Black,23,,6230.0,19.0,0,472031,47
640,1,7313,69,0,,2,6.0,4.0,,1,1,0,White,0,,,22.0,0,0,0
641,1,7301,21,0,5.0,1,4.0,1.0,50.0,8,2,1,Hispanic,MIL,1.0,9825.0,18.0,0,553010,55
642,1,7307,60,0,,2,6.0,4.0,,1,1,0,White,0,,,16.0,0,0,0
643,1,7316,20,0,5.0,1,4.0,1.0,60.0,1,1,1,White,MIL,1.0,9300.0,16.0,0,5350XX,53
644,1,7321,19,0,5.0,1,4.0,1.0,75.0,9,24,1,Hispanic,MIL,1.0,7140.0,19.0,0,493011,49
645,1,7305,94,0,,2,6.0,4.0,,1,1,0,White,0,,,20.0,0,0,0
646,1,7304,33,0,,2,6.0,4.0,,1,1,0,White,0,,,21.0,0,0,0
647,1,7301,21,0,5.0,1,4.0,1.0,45.0,1,1,1,White,MIL,1.0,9825.0,16.0,0,553010,55
648,1,7310,90,0,,2,6.0,4.0,,1,1,0,White,0,,,20.0,0,0,0
649,1,7310,21,0,5.0,2,4.0,1.0,48.0,1,1,1,White,MIL,1.0,1105.0,16.0,0,151244,15
650,1,7309,79,13,,2,6.0,4.0,,1,1,0,White,0,,,13.0,0,0,0
651,1,7315,19,15,1.0,2,1.0,4.0,10.0,9,2,1,Hispanic,61,4.0,4720.0,18.0,1,412010,41
652,1,7319,28,0,1.0,1,6.0,4.0,,1,2,0,Hispanic,54,,5000.0,16.0,0,431011,43
653,1,7301,19,0,5.0,1,4.0,1.0,60.0,1,1,1,White,MIL,1.0,9825.0,16.0,0,553010,55
654,1,7313,36,0,,2,6.0,4.0,,1,1,0,White,0,,,12.0,0,0,0
655,1,7301,21,0,5.0,1,4.0,1.0,55.0,1,1,1,White,MIL,1.0,9825.0,18.0,0,553010,55
656,1,7313,35,0,,2,6.0,4.0,,1,1,0,White,0,,,15.0,0,0,0
657,1,7316,33,0,6.0,1,6.0,4.0,40.0,1,2,0,Hispanic,23,4.0,6355.0,16.0,0,472111,47
658,1,7313,15,13,,2,,,,6,1,0,Asian,0,,,13.0,0,0,0
659,1,7303,17,13,,1,6.0,4.0,,1,2,0,Hispanic,0,,,13.0,0,0,0
660,1,7301,19,0,5.0,1,4.0,1.0,60.0,1,1,1,White,MIL,1.0,9825.0,16.0,0,553010,55
661,1,7319,17,14,,1,6.0,4.0,,2,1,0,Black,0,,,14.0,0,0,0
662,1,7307,17,13,6.0,1,6.0,4.0,20.0,1,2,0,Hispanic,23,2.0,6240.0,13.0,0,472040,47
663,1,7306,23,0,1.0,2,1.0,4.0,20.0,3,1,1,Other,44,1.0,4720.0,19.0,1,412010,41
664,1,7301,20,0,5.0,1,4.0,1.0,60.0,1,1,1,White,MIL,1.0,9825.0,16.0,0,553010,55
665,1,7316,26,0,5.0,1,4.0,1.0,69.0,1,1,1,White,MIL,1.0,9810.0,21.0,0,552010,55
666,1,7307,89,0,,2,6.0,4.0,,6,1,0,Asian,0,,,16.0,0,0,0
667,1,7315,83,13,,1,6.0,4.0,,1,1,0,White,0,,,13.0,0,0,0
668,1,7310,20,0,5.0,1,4.0,1.0,60.0,1,1,1,White,MIL,1.0,9825.0,18.0,0,553010,55
669,1,7302,71,0,,2,6.0,4.0,,1,1,0,White,0,,,20.0,0,0,0
670,1,7316,38,0,,1,6.0,4.0,,1,1,0,White,0,,,16.0,0,0,0
671,1,7322,39,0,,1,6.0,4.0,,1,2,0,Hispanic,0,,,14.0,0,0,0
672,1,7315,20,15,1.0,1,6.0,4.0,,1,1,0,White,71,,4435.0,19.0,0,3930XX,39
673,1,7316,21,0,5.0,1,4.0,1.0,45.0,2,1,1,Black,MIL,1.0,6835.0,16.0,0,475032,47
674,1,7301,23,0,5.0,1,4.0,3.0,45.0,1,1,1,White,MIL,1.0,9830.0,19.0,0,559830,55
675,1,7310,18,0,5.0,1,4.0,1.0,72.0,1,1,1,White,MIL,3.0,9825.0,16.0,0,553010,55
676,1,7316,29,0,1.0,1,6.0,4.0,,2,1,0,Black,45,,9645.0,16.0,0,537065,53
677,1,7321,62,0,,2,6.0,4.0,,1,2,0,Hispanic,0,,,19.0,0,0,0
678,1,7321,94,0,,2,6.0,4.0,,1,1,0,White,0,,,7.0,0,0,0
679,1,7310,21,0,5.0,1,4.0,1.0,60.0,2,3,1,Hispanic,MIL,1.0,7030.0,19.0,0,492091,49
680,1,7319,54,0,,1,6.0,4.0,,2,1,0,Black,0,,,16.0,0,0,0
681,1,7319,16,12,,1,6.0,,,1,2,0,Hispanic,0,,,12.0,0,0,0
682,1,7311,70,0,,1,6.0,2.0,,1,1,0,White,0,,,16.0,0,0,0
683,1,7320,17,13,,1,6.0,4.0,,1,1,0,White,0,,,13.0,0,0,0
684,1,7310,73,0,,1,6.0,4.0,,1,1,0,White,0,,,16.0,0,0,0
685,1,7321,83,0,,2,6.0,4.0,,1,1,0,White,0,,,16.0,0,0,0
686,1,7322,36,0,,2,6.0,4.0,,1,1,0,White,0,,,12.0,0,0,0
687,1,7302,94,0,,2,6.0,2.0,,1,1,0,White,0,,,18.0,0,0,0
688,1,7314,70,0,,1,6.0,2.0,,1,1,0,White,0,,,16.0,0,0,0
689,1,7315,59,0,1.0,1,1.0,4.0,40.0,1,1,1,White,56,1.0,4251.0,16.0,1,373011,37
690,1,7301,19,0,5.0,1,4.0,1.0,50.0,8,2,1,Hispanic,MIL,1.0,7010.0,16.0,0,492011,49
691,1,7316,28,0,5.0,2,4.0,1.0,40.0,2,1,1,Black,MIL,1.0,7030.0,16.0,0,492091,49
692,1,7318,40,0,1.0,2,1.0,4.0,8.0,2,1,1,Black,56,6.0,4940.0,16.0,1,419041,41
693,1,7315,18,15,8.0,1,6.0,4.0,30.0,1,1,0,White,71,6.0,4710.0,18.0,0,411012,41
694,1,7319,32,0,1.0,1,6.0,4.0,40.0,1,1,0,White,23,1.0,6442.0,16.0,0,472152,47
695,1,7315,18,15,,2,6.0,4.0,,1,1,0,White,0,,,18.0,0,0,0
696,1,7315,19,15,,2,6.0,4.0,,1,1,0,White,0,,,19.0,0,0,0
697,1,7306,29,0,1.0,2,6.0,4.0,,1,1,0,White,45,,4760.0,16.0,0,412031,41
698,1,7310,19,0,5.0,2,4.0,1.0,45.0,1,1,1,White,MIL,1.0,5860.0,16.0,0,439061,43
699,1,7322,59,0,,1,6.0,4.0,,1,2,0,Hispanic,0,,,19.0,0,0,0
700,1,7319,22,0,1.0,1,6.0,4.0,,1,2,0,Hispanic,32,,7700.0,16.0,0,511011,51
701,1,7317,18,15,1.0,2,3.0,4.0,15.0,1,1,0,White,722,5.0,5240.0,16.0,1,434051,43
702,1,7320,23,0,1.0,2,1.0,4.0,40.0,2,5,1,Hispanic,56,5.0,9620.0,16.0,1,537062,53
703,1,7316,20,0,,1,6.0,4.0,,1,1,0,White,0,,,16.0,0,0,0
704,1,7321,21,0,5.0,1,4.0,1.0,98.0,8,2,1,Hispanic,MIL,1.0,7040.0,16.0,0,492092,49
705,1,7320,77,0,,2,6.0,2.0,,1,1,0,White,0,,,19.0,0,0,0
706,1,7321,19,0,5.0,1,4.0,1.0,66.0,2,1,1,Black,MIL,4.0,9830.0,16.0,0,559830,55
707,1,7316,28,0,5.0,2,4.0,1.0,55.0,1,1,1,White,MIL,1.0,9830.0,20.0,0,559830,55
708,1,7314,63,0,,2,6.0,4.0,,1,24,0,Hispanic,0,,,19.0,0,0,0
709,1,7302,16,12,,1,6.0,,,1,2,0,Hispanic,0,,,12.0,0,0,0
710,1,7305,19,15,,2,6.0,4.0,,1,1,0,White,0,,,19.0,0,0,0
711,1,7308,77,0,,2,6.0,4.0,,1,1,0,White,0,,,19.0,0,0,0
712,1,7321,27,0,1.0,1,6.0,4.0,40.0,2,1,0,Black,45,5.0,4940.0,17.0,0,419041,41
713,1,7304,18,0,,2,6.0,4.0,,1,2,0,Hispanic,0,,,16.0,0,0,0
714,1,7317,69,0,,1,6.0,4.0,,1,1,0,White,0,,,13.0,0,0,0
715,1,7316,71,0,,1,6.0,4.0,,2,1,0,Black,0,,,19.0,0,0,0
716,1,7314,79,0,,2,6.0,4.0,,8,2,0,Hispanic,0,,,10.0,0,0,0
717,1,7317,19,15,1.0,1,6.0,4.0,40.0,1,2,0,Hispanic,23,5.0,6260.0,16.0,0,472061,47
718,1,7317,18,15,1.0,1,6.0,4.0,25.0,1,1,0,White,45,6.0,9645.0,18.0,0,537065,53
719,1,7321,28,0,5.0,1,4.0,1.0,99.0,2,1,1,Black,MIL,1.0,6835.0,16.0,0,475032,47
720,1,7303,62,0,,1,6.0,4.0,,1,1,0,White,0,,,16.0,0,0,0
721,1,7309,94,0,,2,6.0,4.0,,1,1,0,White,0,,,16.0,0,0,0
722,1,7319,29,0,,1,6.0,4.0,,1,1,0,White,0,,,12.0,0,0,0
723,1,7316,34,0,5.0,1,4.0,1.0,75.0,6,1,1,Asian,MIL,1.0,9830.0,19.0,0,559830,55
724,1,7314,46,0,2.0,2,1.0,4.0,25.0,8,2,1,Hispanic,62,1.0,9620.0,16.0,1,537062,53
725,1,7310,58,0,1.0,2,1.0,4.0,40.0,1,1,1,White,721,1.0,340.0,21.0,1,119081,11
726,1,7310,19,0,5.0,2,4.0,1.0,50.0,8,2,1,Hispanic,MIL,1.0,9130.0,16.0,0,533030,53
727,1,7310,20,15,1.0,2,3.0,4.0,20.0,1,2,0,Hispanic,722,4.0,4020.0,19.0,1,352010,35
728,1,7322,32,0,,1,6.0,4.0,,2,1,0,Black,0,,,14.0,0,0,0
729,1,7305,73,0,,2,6.0,4.0,,1,1,0,White,0,,,21.0,0,0,0
730,1,7306,34,0,,2,6.0,4.0,,1,1,0,White,0,,,13.0,0,0,0
731,1,7316,22,0,5.0,1,4.0,1.0,35.0,1,2,1,Hispanic,MIL,1.0,9825.0,14.0,0,553010,55
732,1,7301,22,0,5.0,2,4.0,1.0,50.0,2,1,1,Black,MIL,1.0,7210.0,16.0,0,493031,49
733,1,7301,21,0,5.0,1,4.0,1.0,70.0,1,1,1,White,MIL,1.0,9825.0,16.0,0,553010,55
734,1,7321,19,0,5.0,1,4.0,1.0,66.0,2,1,1,Black,MIL,4.0,9830.0,16.0,0,559830,55
735,1,7319,41,0,6.0,1,6.0,4.0,40.0,1,1,0,White,56,3.0,4240.0,21.0,0,372021,37
736,1,7308,94,0,,1,6.0,2.0,,1,1,0,White,0,,,16.0,0,0,0
737,1,7322,44,0,,1,6.0,4.0,,3,1,0,Other,0,,,13.0,0,0,0
738,1,7301,20,0,5.0,1,4.0,1.0,55.0,1,1,1,White,MIL,1.0,3870.0,16.0,0,333050,33
739,1,7313,76,0,,1,6.0,3.0,,1,1,0,White,0,,,19.0,0,0,0
740,1,7321,22,0,5.0,1,4.0,1.0,64.0,1,1,1,White,MIL,1.0,9825.0,16.0,0,553010,55
741,1,7321,47,0,,2,6.0,4.0,,1,2,0,Hispanic,0,,,18.0,0,0,0
742,1,7301,21,0,5.0,1,4.0,1.0,60.0,1,1,1,White,MIL,1.0,7030.0,16.0,0,492091,49
743,1,7316,20,0,5.0,1,4.0,1.0,75.0,6,1,1,Asian,MIL,1.0,9825.0,16.0,0,553010,55
744,1,7310,18,0,5.0,1,4.0,1.0,72.0,1,1,1,White,MIL,3.0,9830.0,16.0,0,559830,55
745,1,7317,18,15,1.0,2,6.0,4.0,16.0,1,1,0,White,722,6.0,4720.0,18.0,0,412010,41
746,1,7304,32,0,1.0,2,6.0,4.0,25.0,1,1,0,White,44,5.0,4760.0,19.0,0,412031,41
747,1,7307,56,0,,2,6.0,4.0,,1,1,0,White,0,,,21.0,0,0,0
748,1,7313,41,0,1.0,1,1.0,4.0,60.0,1,1,1,White,721,1.0,136.0,19.0,1,113121,11
749,1,7319,35,15,1.0,2,6.0,2.0,20.0,1,2,0,Hispanic,56,3.0,735.0,19.0,0,131161,13
750,1,7313,94,0,,1,6.0,2.0,,1,2,0,Hispanic,0,,,12.0,0,0,0
751,1,7313,39,0,,2,6.0,4.0,,8,2,0,Hispanic,0,,,19.0,0,0,0
752,1,7303,32,0,1.0,2,6.0,4.0,25.0,1,1,0,White,44,5.0,4760.0,19.0,0,412031,41
753,1,7302,29,0,,2,6.0,4.0,,1,1,0,White,0,,,19.0,0,0,0
754,1,7301,56,0,,1,6.0,2.0,,1,1,0,White,0,,,19.0,0,0,0
755,1,7310,21,15,,2,6.0,4.0,,8,2,0,Hispanic,0,,,19.0,0,0,0
756,1,7302,63,0,,2,6.0,4.0,,1,2,0,Hispanic,0,,,20.0,0,0,0
757,1,7315,19,15,1.0,1,6.0,4.0,5.0,6,1,0,Asian,61,5.0,230.0,18.0,0,119030,11
758,1,7317,64,0,,1,6.0,4.0,,1,1,0,White,0,,,16.0,0,0,0
759,1,7301,25,0,5.0,1,4.0,1.0,55.0,8,2,1,Hispanic,MIL,1.0,3930.0,19.0,0,339030,33
760,1,7315,19,15,,2,6.0,4.0,,1,2,0,Hispanic,0,,,19.0,0,0,0
761,1,7310,94,0,,1,6.0,4.0,,1,1,0,White,0,,,16.0,0,0,0
762,1,7319,21,0,1.0,2,1.0,4.0,30.0,1,1,1,White,722,1.0,4720.0,18.0,1,412010,41
763,1,7308,30,0,,1,6.0,4.0,,9,1,0,Two or More,0,,,18.0,0,0,0
764,1,7317,19,15,1.0,1,6.0,4.0,20.0,1,24,0,Hispanic,23,5.0,6260.0,18.0,0,472061,47
765,1,7322,35,0,,1,6.0,4.0,,1,1,0,White,0,,,16.0,0,0,0
766,1,7316,34,0,5.0,1,4.0,1.0,65.0,3,1,1,Other,MIL,1.0,9310.0,19.0,0,535020,53
767,1,7305,19,15,,1,6.0,4.0,,1,2,0,Hispanic,0,,,19.0,0,0,0
768,1,7319,31,0,1.0,1,6.0,4.0,,6,1,0,Asian,81,,7200.0,17.0,0,493023,49
769,1,7310,32,0,,2,6.0,4.0,,6,1,0,Asian,0,,,1.0,0,0,0
770,1,7306,94,0,,2,6.0,4.0,,1,1,0,White,0,,,16.0,0,0,0
771,1,7312,51,0,,1,6.0,4.0,,1,2,0,Hispanic,0,,,16.0,0,0,0
772,1,7321,26,0,5.0,2,4.0,3.0,85.0,1,23,1,Hispanic,MIL,1.0,3870.0,21.0,0,333050,33
773,1,7302,17,13,,1,6.0,4.0,,1,1,0,White,0,,,13.0,0,0,0
774,1,7321,19,0,5.0,2,4.0,3.0,75.0,8,2,1,Hispanic,MIL,1.0,9310.0,16.0,0,535020,53
775,1,7310,19,15,1.0,1,6.0,4.0,20.0,1,24,0,Hispanic,23,5.0,6260.0,18.0,0,472061,47
776,1,7310,29,0,,1,6.0,4.0,,1,2,0,Hispanic,0,,,14.0,0,0,0
777,1,7320,24,0,1.0,1,6.0,4.0,20.0,1,2,0,Hispanic,56,4.0,3930.0,16.0,0,339030,33
778,1,7316,28,0,5.0,1,4.0,1.0,40.0,1,1,1,White,MIL,1.0,3740.0,19.0,0,332011,33
779,1,7310,18,15,1.0,1,1.0,4.0,15.0,1,1,1,White,722,1.0,4220.0,19.0,1,37201X,37
780,1,7306,27,0,,1,6.0,4.0,,2,1,0,Black,0,,,16.0,0,0,0
781,1,7321,84,0,,1,6.0,2.0,,2,1,0,Black,0,,,19.0,0,0,0
782,1,7301,20,0,5.0,1,4.0,1.0,55.0,1,1,1,White,MIL,1.0,9825.0,16.0,0,553010,55
783,1,7301,88,0,,2,6.0,4.0,,1,1,0,White,0,,,16.0,0,0,0
784,1,7315,56,0,,2,6.0,4.0,,1,1,0,White,0,,,21.0,0,0,0
785,1,7310,19,0,5.0,2,4.0,1.0,50.0,1,1,1,White,MIL,1.0,5600.0,16.0,0,435061,43
786,1,7317,18,15,1.0,1,6.0,4.0,,1,1,0,White,722,,4055.0,18.0,0,353023,35
787,1,7316,41,0,5.0,1,4.0,1.0,75.0,1,1,1,White,MIL,1.0,9830.0,19.0,0,559830,55
788,1,7322,55,0,,1,6.0,4.0,,2,1,0,Black,0,,,19.0,0,0,0
789,1,7310,20,15,4.0,2,1.0,4.0,10.0,1,1,1,White,61,1.0,4640.0,19.0,1,399041,39
790,1,7301,22,0,5.0,1,4.0,1.0,60.0,1,1,1,White,MIL,1.0,9825.0,16.0,0,553010,55
791,1,7301,19,0,5.0,1,4.0,1.0,55.0,1,1,1,White,MIL,1.0,1105.0,16.0,0,151244,15
792,1,7312,23,0,5.0,1,4.0,1.0,64.0,1,1,1,White,MIL,1.0,7140.0,16.0,0,493011,49
793,1,7307,70,0,,1,6.0,2.0,,1,1,0,White,0,,,16.0,0,0,0
794,1,7305,48,0,,1,6.0,4.0,,1,1,0,White,0,,,19.0,0,0,0
795,1,7301,21,0,5.0,1,4.0,1.0,50.0,1,1,1,White,MIL,1.0,7020.0,16.0,0,492020,49
796,1,7316,17,14,,1,6.0,4.0,,1,1,0,White,0,,,14.0,0,0,0
797,1,7313,94,0,,2,6.0,4.0,,2,1,0,Black,0,,,7.0,0,0,0
798,1,7312,21,0,5.0,1,4.0,1.0,68.0,8,17,1,Hispanic,MIL,1.0,9825.0,16.0,0,553010,55
799,1,7313,20,15,2.0,2,6.0,4.0,10.0,6,1,0,Asian,61,6.0,1970.0,19.0,0,1940YY,19
800,1,7310,30,15,9.0,1,3.0,2.0,,2,1,0,Black,99,,9920.0,16.0,1,999920,99
801,1,7314,85,0,,2,6.0,4.0,,1,1,0,White,0,,,13.0,0,0,0
802,1,7310,28,15,5.0,1,1.0,2.0,70.0,1,1,1,White,721,1.0,340.0,19.0,1,119081,11
803,1,7309,94,0,,2,6.0,4.0,,1,1,0,White,0,,,19.0,0,0,0
804,1,7316,90,0,,1,6.0,2.0,,6,1,0,Asian,0,,,20.0,0,0,0
805,1,7301,21,0,5.0,1,4.0,1.0,50.0,1,1,1,White,MIL,1.0,5040.0,16.0,0,432099,43
806,1,7301,19,0,5.0,1,4.0,1.0,52.0,8,2,1,Hispanic,MIL,1.0,9825.0,16.0,0,553010,55
807,1,7301,26,0,5.0,1,4.0,1.0,45.0,1,1,1,White,MIL,1.0,9825.0,16.0,0,553010,55
808,1,7310,26,0,5.0,1,4.0,1.0,63.0,1,1,1,White,MIL,1.0,7220.0,17.0,0,493040,49
809,1,7321,25,0,5.0,1,4.0,1.0,84.0,1,1,1,White,MIL,1.0,9300.0,20.0,0,5350XX,53
810,1,7320,40,0,,1,6.0,2.0,,1,1,0,White,0,,,22.0,0,0,0
811,1,7320,84,0,,2,6.0,4.0,,1,1,0,White,0,,,20.0,0,0,0
812,1,7317,58,0,,1,6.0,4.0,,1,1,0,White,0,,,17.0,0,0,0
813,1,7310,32,0,1.0,1,3.0,2.0,,2,1,0,Black,31,,5610.0,19.0,1,435071,43
814,1,7310,19,15,1.0,1,6.0,4.0,25.0,1,1,0,White,45,6.0,9645.0,18.0,0,537065,53
815,1,7322,40,0,,1,6.0,4.0,,2,1,0,Black,0,,,13.0,0,0,0
816,1,7317,61,0,,2,6.0,4.0,,1,1,0,White,0,,,10.0,0,0,0
817,1,7301,83,0,,1,6.0,2.0,,1,1,0,White,0,,,19.0,0,0,0
818,1,7301,20,0,5.0,1,4.0,1.0,75.0,1,1,1,White,MIL,1.0,7340.0,18.0,0,499071,49
819,1,7303,81,0,,2,6.0,4.0,,1,1,0,White,0,,,16.0,0,0,0
820,1,7303,51,0,,1,6.0,4.0,,1,2,0,Hispanic,0,,,16.0,0,0,0
821,1,7316,29,15,5.0,1,4.0,1.0,25.0,2,2,1,Hispanic,MIL,1.0,9830.0,19.0,0,559830,55
822,1,7321,25,0,5.0,1,4.0,1.0,81.0,2,1,1,Black,MIL,1.0,7100.0,16.0,0,49209X,49
823,1,7310,26,15,5.0,1,4.0,1.0,50.0,1,2,1,Hispanic,MIL,1.0,9830.0,19.0,0,559830,55
824,1,7310,17,15,8.0,2,6.0,4.0,25.0,9,1,0,Two or More,54,6.0,710.0,16.0,0,131111,13
825,1,7306,68,0,,1,6.0,4.0,,1,1,0,White,0,,,24.0,0,0,0
826,1,7316,23,0,5.0,1,4.0,1.0,96.0,8,1,1,White,MIL,1.0,6835.0,16.0,0,475032,47
827,1,7319,31,0,,1,6.0,4.0,,1,1,0,White,0,,,1.0,0,0,0
828,1,7312,28,0,5.0,1,4.0,1.0,70.0,8,2,1,Hispanic,MIL,1.0,7340.0,19.0,0,499071,49
829,1,7310,22,0,5.0,1,4.0,1.0,78.0,1,1,1,White,MIL,1.0,9825.0,16.0,0,553010,55
830,1,7303,79,0,,1,6.0,4.0,,1,1,0,White,0,,,21.0,0,0,0
831,1,7301,21,0,5.0,1,4.0,1.0,55.0,1,1,1,White,MIL,1.0,9830.0,16.0,0,559830,55
832,1,7310,20,15,1.0,2,6.0,4.0,38.0,6,1,0,Asian,61,6.0,1970.0,19.0,0,1940YY,19
833,1,7310,24,15,1.0,2,6.0,4.0,20.0,9,1,0,Two or More,44,6.0,9620.0,19.0,0,537062,53
834,1,7322,66,0,,1,6.0,4.0,,2,1,0,Black,0,,,11.0,0,0,0
835,1,7318,32,0,1.0,1,3.0,2.0,,2,1,0,Black,31,,5610.0,19.0,1,435071,43
836,1,7321,70,0,,1,6.0,2.0,,1,1,0,White,0,,,16.0,0,0,0
837,1,7301,24,0,5.0,1,4.0,1.0,50.0,1,1,1,White,MIL,1.0,9825.0,19.0,0,553010,55
838,1,7322,15,13,,1,,,,1,2,0,Hispanic,0,,,13.0,0,0,0
839,1,7310,18,15,1.0,2,6.0,4.0,20.0,1,1,0,White,722,6.0,4030.0,18.0,0,352021,35
840,1,7316,20,0,5.0,1,4.0,1.0,40.0,1,1,1,White,MIL,1.0,9310.0,16.0,0,535020,53
841,1,7310,21,0,5.0,1,4.0,1.0,65.0,1,1,1,White,MIL,1.0,5040.0,16.0,0,432099,43
842,1,7310,23,0,5.0,1,4.0,1.0,99.0,1,1,1,White,MIL,1.0,7340.0,19.0,0,499071,49
843,1,7303,65,0,,1,6.0,4.0,,1,2,0,Hispanic,0,,,16.0,0,0,0
844,1,7312,19,0,5.0,1,4.0,1.0,60.0,1,1,1,White,MIL,1.0,9825.0,16.0,0,553010,55
845,1,7304,26,0,,2,6.0,4.0,,1,1,0,White,0,,,16.0,0,0,0
846,1,7301,19,0,5.0,1,4.0,1.0,55.0,1,1,1,White,MIL,1.0,8140.0,16.0,0,514120,51
847,1,7314,55,0,1.0,1,6.0,4.0,,2,1,0,Black,56,,3930.0,19.0,0,339030,33
848,1,7306,84,0,,2,6.0,4.0,,1,1,0,White,0,,,20.0,0,0,0
849,1,7301,23,0,5.0,1,4.0,1.0,50.0,1,1,1,White,MIL,1.0,8600.0,16.0,0,518010,51
850,1,7318,49,0,,1,6.0,4.0,,7,1,0,Other,0,,,19.0,0,0,0
851,1,7310,69,0,1.0,2,1.0,4.0,50.0,1,2,1,Hispanic,62,1.0,4220.0,1.0,1,37201X,37
852,1,7316,83,13,,1,6.0,4.0,,1,1,0,White,0,,,13.0,0,0,0
853,1,7318,16,14,,1,6.0,,,1,2,0,Hispanic,0,,,14.0,0,0,0
854,1,7303,53,0,,1,6.0,4.0,,6,1,0,Asian,0,,,21.0,0,0,0
855,1,7315,66,0,6.0,2,6.0,4.0,5.0,1,1,0,White,81,2.0,4350.0,19.0,0,392021,39
856,1,7301,19,0,5.0,1,4.0,1.0,50.0,1,1,1,White,MIL,1.0,1555.0,16.0,0,17302X,17
857,1,7322,49,0,,1,6.0,4.0,,1,1,0,White,0,,,16.0,0,0,0
858,1,7310,26,0,5.0,1,4.0,1.0,99.0,1,1,1,White,MIL,1.0,1555.0,18.0,0,17302X,17
859,1,7301,18,14,5.0,1,4.0,1.0,81.0,1,2,1,Hispanic,MIL,1.0,9830.0,18.0,0,559830,55
860,1,7310,18,15,5.0,2,1.0,4.0,10.0,9,1,1,Two or More,61,4.0,5740.0,19.0,1,436014,43
861,1,7321,25,0,5.0,1,4.0,1.0,81.0,2,1,1,Black,MIL,1.0,7100.0,16.0,0,49209X,49
862,1,7316,52,0,1.0,1,6.0,4.0,40.0,8,2,0,Hispanic,23,6.0,6260.0,9.0,0,472061,47
863,1,7304,64,0,,1,6.0,4.0,,1,1,0,White,0,,,16.0,0,0,0
864,1,7315,19,15,,2,6.0,4.0,,1,1,0,White,0,,,19.0,0,0,0
865,1,7310,20,0,5.0,1,4.0,1.0,20.0,1,2,1,Hispanic,MIL,1.0,1555.0,19.0,0,17302X,17
866,1,7316,22,15,5.0,1,4.0,1.0,85.0,6,1,1,Asian,MIL,1.0,7340.0,19.0,0,499071,49
867,1,7316,21,0,5.0,2,6.0,2.0,75.0,1,1,0,White,MIL,1.0,4020.0,17.0,0,352010,35
868,1,7301,22,0,5.0,2,4.0,1.0,50.0,2,1,1,Black,MIL,1.0,7210.0,16.0,0,493031,49
869,1,7316,20,0,,2,6.0,4.0,,1,1,0,White,0,,,13.0,0,0,0
870,1,7313,16,13,,1,6.0,,,1,2,0,Hispanic,0,,,13.0,0,0,0
871,1,7312,18,0,5.0,1,4.0,1.0,45.0,2,2,1,Hispanic,MIL,6.0,630.0,16.0,0,131070,13
872,1,7301,22,0,5.0,1,4.0,1.0,35.0,1,2,1,Hispanic,MIL,1.0,9825.0,14.0,0,553010,55
873,1,7310,24,0,5.0,1,4.0,1.0,40.0,1,1,1,White,MIL,1.0,9825.0,19.0,0,553010,55
874,1,7315,73,0,,2,6.0,4.0,,1,1,0,White,0,,,13.0,0,0,0
875,1,7319,40,0,,1,6.0,4.0,,1,1,0,White,0,,,14.0,0,0,0
876,1,7317,18,15,,1,6.0,4.0,,1,1,0,White,0,,,18.0,0,0,0
877,1,7301,24,0,5.0,1,4.0,1.0,60.0,8,1,1,White,MIL,1.0,9830.0,19.0,0,559830,55
878,1,7316,60,0,,2,6.0,4.0,,1,1,0,White,0,,,16.0,0,0,0
879,1,7303,18,14,,2,6.0,4.0,,1,2,0,Hispanic,0,,,14.0,0,0,0
880,1,7319,17,0,6.0,1,6.0,4.0,40.0,1,2,0,Hispanic,56,3.0,4251.0,16.0,0,373011,37
881,1,7310,84,0,,2,6.0,4.0,,1,1,0,White,0,,,20.0,0,0,0
882,1,7316,36,0,1.0,1,6.0,4.0,30.0,8,2,0,Hispanic,44,6.0,9645.0,16.0,0,537065,53
883,1,7315,21,15,1.0,2,6.0,4.0,20.0,9,2,0,Hispanic,44,6.0,4760.0,16.0,0,412031,41
884,1,7319,25,0,1.0,1,6.0,4.0,40.0,1,2,0,Hispanic,23,3.0,5860.0,17.0,0,439061,43
885,1,7316,63,0,,1,6.0,4.0,,2,1,0,Black,0,,,19.0,0,0,0
886,1,7315,18,15,1.0,2,6.0,4.0,20.0,1,1,0,White,722,6.0,4030.0,18.0,0,352021,35
887,1,7314,64,0,,2,6.0,4.0,,1,1,0,White,0,,,16.0,0,0,0
888,1,7310,22,0,5.0,1,4.0,1.0,68.0,1,1,1,White,MIL,1.0,7100.0,19.0,0,49209X,49
889,1,7321,82,0,,2,6.0,4.0,,1,1,0,White,0,,,20.0,0,0,0
890,1,7316,23,0,5.0,1,4.0,1.0,78.0,1,1,1,White,MIL,1.0,6835.0,18.0,0,475032,47
891,1,7322,56,0,,1,6.0,2.0,,7,1,0,Other,0,,,18.0,0,0,0
892,1,7301,21,0,5.0,1,4.0,1.0,72.0,1,1,1,White,MIL,1.0,7100.0,16.0,0,49209X,49
893,1,7320,69,0,,2,6.0,4.0,,1,1,0,White,0,,,1.0,0,0,0
894,1,7303,27,0,1.0,1,1.0,4.0,25.0,1,1,1,White,56,1.0,3930.0,16.0,1,339030,33
895,1,7307,64,0,,1,6.0,2.0,,1,1,0,White,0,,,21.0,0,0,0
896,1,7306,48,0,1.0,1,1.0,4.0,40.0,1,1,1,White,721,1.0,3930.0,19.0,1,339030,33
897,1,7316,36,0,1.0,1,6.0,4.0,30.0,8,2,0,Hispanic,44,6.0,9645.0,16.0,0,537065,53
898,1,7301,22,0,5.0,1,4.0,1.0,60.0,1,1,1,White,MIL,1.0,9825.0,16.0,0,553010,55
899,1,7303,22,0,1.0,1,6.0,4.0,,1,2,0,Hispanic,32,,7700.0,16.0,0,511011,51
900,1,7316,47,0,,2,6.0,4.0,,1,2,0,Hispanic,0,,,18.0,0,0,0
901,1,7310,20,0,5.0,1,4.0,1.0,75.0,1,1,1,White,MIL,1.0,9825.0,19.0,0,553010,55
902,1,7314,79,13,,2,6.0,4.0,,1,1,0,White,0,,,13.0,0,0,0
903,1,7317,41,0,1.0,1,1.0,4.0,60.0,1,1,1,White,721,1.0,136.0,19.0,1,113121,11
904,1,7312,22,0,5.0,1,4.0,1.0,70.0,1,1,1,White,MIL,1.0,7100.0,16.0,0,49209X,49
905,1,7303,20,15,4.0,2,1.0,4.0,10.0,1,1,1,White,61,1.0,4640.0,19.0,1,399041,39
906,1,7302,55,0,,2,6.0,4.0,,1,1,0,White,0,,,19.0,0,0,0
907,1,7316,30,0,,1,6.0,4.0,,1,1,0,White,0,,,21.0,0,0,0
908,1,7321,26,0,1.0,1,1.0,4.0,40.0,8,2,1,Hispanic,81,1.0,4220.0,14.0,1,37201X,37
909,1,7305,19,15,,2,6.0,4.0,,1,1,0,White,0,,,19.0,0,0,0
910,1,7310,18,0,1.0,1,1.0,2.0,32.0,1,2,1,Hispanic,722,6.0,4055.0,16.0,1,353023,35
911,1,7301,21,0,5.0,1,4.0,1.0,55.0,2,1,1,Black,MIL,1.0,9830.0,18.0,0,559830,55
912,1,7322,32,0,1.0,2,6.0,4.0,40.0,1,2,0,Hispanic,11,5.0,6050.0,14.0,0,4520XX,45
913,1,7317,18,15,1.0,2,6.0,4.0,,1,1,0,White,722,,4150.0,16.0,0,359031,35
914,1,7306,20,0,1.0,2,6.0,4.0,40.0,2,1,0,Black,62,5.0,3603.0,17.0,0,311131,31
915,1,7317,20,15,1.0,1,6.0,4.0,,1,1,0,White,71,,4435.0,19.0,0,3930XX,39
916,1,7316,28,0,,2,6.0,4.0,,1,1,0,White,0,,,19.0,0,0,0
917,1,7313,25,0,1.0,2,6.0,4.0,,6,1,0,Asian,722,,4110.0,17.0,0,353031,35
918,1,7301,24,0,5.0,1,4.0,1.0,40.0,1,1,1,White,MIL,1.0,9825.0,19.0,0,553010,55
919,1,7322,23,0,,1,6.0,4.0,,2,1,0,Black,0,,,17.0,0,0,0
920,1,7304,20,14,1.0,1,6.0,4.0,40.0,2,1,0,Black,722,4.0,4020.0,14.0,0,352010,35
921,1,7310,19,0,5.0,1,4.0,1.0,99.0,3,1,1,Other,MIL,6.0,9825.0,16.0,0,553010,55
922,1,7319,59,0,1.0,1,6.0,4.0,40.0,1,1,0,White,44,5.0,7200.0,20.0,0,493023,49
923,1,7316,21,0,5.0,1,4.0,1.0,99.0,1,1,1,White,MIL,1.0,4020.0,16.0,0,352010,35
924,1,7313,55,0,,2,6.0,4.0,,1,1,0,White,0,,,19.0,0,0,0
925,1,7317,77,0,,2,6.0,2.0,,1,1,0,White,0,,,19.0,0,0,0
926,1,7321,43,16,5.0,2,4.0,3.0,85.0,2,1,1,Black,MIL,1.0,700.0,21.0,0,131081,13
927,1,7319,37,0,1.0,1,6.0,4.0,40.0,7,1,0,Other,722,3.0,4020.0,16.0,0,352010,35
928,1,7302,20,0,,1,6.0,4.0,,1,1,0,White,0,,,16.0,0,0,0
929,1,7315,13,10,,1,,,,1,2,0,Hispanic,0,,,10.0,0,0,0
930,1,7301,22,0,5.0,2,4.0,1.0,50.0,1,2,1,Hispanic,MIL,1.0,7640.0,16.0,0,4990XX,49
931,1,7310,21,15,,2,6.0,4.0,,9,1,0,Two or More,0,,,19.0,0,0,0
932,1,7307,82,0,,1,6.0,2.0,,1,1,0,White,0,,,19.0,0,0,0
933,1,7317,79,0,,1,6.0,2.0,,1,1,0,White,0,,,21.0,0,0,0
934,1,7301,19,0,5.0,1,4.0,1.0,50.0,1,1,1,White,MIL,1.0,6765.0,16.0,0,4740XX,47
935,1,7317,18,15,1.0,1,1.0,4.0,15.0,1,1,1,White,722,1.0,4220.0,19.0,1,37201X,37
936,1,7316,55,0,,2,6.0,4.0,,1,1,0,White,0,,,13.0,0,0,0
937,1,7319,55,0,1.0,1,6.0,4.0,40.0,2,1,0,Black,23,3.0,6330.0,17.0,0,472080,47
938,1,7301,26,15,5.0,1,6.0,2.0,,1,1,0,White,92,,3515.0,19.0,0,292072,29
939,1,7301,21,0,5.0,1,4.0,1.0,65.0,1,1,1,White,MIL,1.0,5040.0,16.0,0,432099,43
940,1,7308,20,14,1.0,1,6.0,4.0,40.0,2,1,0,Black,722,4.0,4020.0,14.0,0,352010,35
941,1,7319,24,0,1.0,1,6.0,4.0,40.0,1,1,0,White,49,5.0,9130.0,17.0,0,533030,53
942,1,7322,39,0,,1,6.0,4.0,,2,1,0,Black,0,,,16.0,0,0,0
943,1,7321,46,0,2.0,2,1.0,4.0,25.0,8,2,1,Hispanic,62,1.0,9620.0,16.0,1,537062,53
944,1,7318,77,0,,2,6.0,2.0,,1,1,0,White,0,,,19.0,0,0,0
945,1,7312,34,0,,2,6.0,4.0,,1,1,0,White,0,,,13.0,0,0,0
946,1,7301,27,0,5.0,1,4.0,1.0,60.0,1,1,1,White,MIL,1.0,9810.0,20.0,0,552010,55
947,1,7313,32,0,1.0,2,6.0,4.0,,8,2,0,Hispanic,44,,4760.0,14.0,0,412031,41
948,1,7306,24,0,1.0,1,6.0,4.0,20.0,1,2,0,Hispanic,56,4.0,3930.0,16.0,0,339030,33
949,1,7301,19,0,5.0,1,4.0,1.0,50.0,1,1,1,White,MIL,1.0,9825.0,16.0,0,553010,55
950,1,7303,87,0,,2,6.0,4.0,,1,1,0,White,0,,,16.0,0,0,0
951,1,7319,33,0,1.0,1,6.0,4.0,,2,1,0,Black,23,,6260.0,19.0,0,472061,47
952,1,7322,36,0,,1,6.0,4.0,,1,2,0,Hispanic,0,,,16.0,0,0,0
953,1,7301,20,0,5.0,1,4.0,1.0,55.0,1,1,1,White,MIL,1.0,9825.0,16.0,0,553010,55
954,1,7310,25,0,,1,6.0,4.0,,1,2,0,Hispanic,0,,,1.0,0,0,0
955,1,7315,19,15,,1,6.0,4.0,,1,1,0,White,0,,,19.0,0,0,0
956,1,7319,44,0,6.0,1,6.0,4.0,40.0,2,1,0,Black,54,5.0,735.0,18.0,0,131161,13
957,1,7318,61,0,,2,6.0,4.0,,1,1,0,White,0,,,19.0,0,0,0
958,1,7316,18,0,,1,6.0,4.0,,1,1,0,White,0,,,18.0,0,0,0
959,1,7301,20,0,5.0,1,4.0,1.0,60.0,1,1,1,White,MIL,1.0,9825.0,16.0,0,553010,55
960,1,7316,21,0,5.0,1,4.0,1.0,60.0,1,1,1,White,MIL,1.0,8610.0,16.0,0,518021,51
961,1,7322,50,0,,1,6.0,4.0,,2,1,0,Black,0,,,6.0,0,0,0
962,1,7316,48,0,,2,6.0,4.0,,1,1,0,White,0,,,16.0,0,0,0
963,1,7310,23,0,5.0,1,4.0,1.0,40.0,3,4,1,Hispanic,MIL,1.0,9830.0,19.0,0,559830,55
964,1,7319,25,0,1.0,1,6.0,4.0,,1,2,0,Hispanic,56,,4210.0,16.0,0,371012,37
965,1,7315,56,0,,2,6.0,4.0,,1,1,0,White,0,,,21.0,0,0,0
966,1,7310,18,0,5.0,1,4.0,1.0,60.0,1,1,1,White,MIL,4.0,630.0,16.0,0,131070,13
967,1,7319,28,0,1.0,1,6.0,4.0,40.0,1,2,0,Hispanic,23,5.0,6260.0,11.0,0,472061,47
968,1,7301,20,0,5.0,1,4.0,1.0,50.0,1,1,1,White,MIL,1.0,9825.0,16.0,0,553010,55
969,1,7303,34,0,3.0,1,6.0,4.0,40.0,2,1,0,Black,62,4.0,3602.0,19.0,0,311122,31
970,1,7316,19,0,5.0,1,4.0,1.0,40.0,1,2,1,Hispanic,MIL,1.0,9310.0,18.0,0,535020,53
971,1,7312,21,0,5.0,2,4.0,1.0,50.0,1,1,1,White,MIL,1.0,9825.0,16.0,0,553010,55
972,1,7316,31,0,5.0,1,4.0,1.0,81.0,1,1,1,White,MIL,1.0,3870.0,20.0,0,333050,33
973,1,7310,22,0,5.0,1,4.0,1.0,99.0,1,1,1,White,MIL,6.0,9825.0,16.0,0,553010,55
974,1,7308,73,0,,1,6.0,4.0,,1,1,0,White,0,,,16.0,0,0,0
975,1,7316,20,0,5.0,1,4.0,1.0,75.0,1,1,1,White,MIL,1.0,7340.0,18.0,0,499071,49
976,1,7317,48,0,,2,6.0,4.0,,9,1,0,Two or More,0,,,19.0,0,0,0
977,1,7313,19,15,,2,6.0,4.0,,1,1,0,White,0,,,19.0,0,0,0
978,1,7319,28,0,1.0,1,6.0,4.0,,1,2,0,Hispanic,54,,5000.0,16.0,0,431011,43
979,1,7322,24,0,1.0,1,6.0,4.0,,1,7,0,Hispanic,722,,4140.0,13.0,0,359021,35
980,1,7314,65,0,,2,6.0,4.0,,2,1,0,Black,0,,,19.0,0,0,0
981,1,7320,94,0,,2,6.0,2.0,,1,1,0,White,0,,,18.0,0,0,0
982,1,7301,23,0,5.0,1,4.0,1.0,64.0,1,1,1,White,MIL,1.0,7140.0,16.0,0,493011,49
983,1,7314,71,0,,2,6.0,4.0,,1,1,0,White,0,,,20.0,0,0,0
984,1,7314,56,0,1.0,1,1.0,4.0,40.0,1,1,1,White,56,1.0,4251.0,17.0,1,373011,37
985,1,7317,19,15,,2,6.0,4.0,,1,1,0,White,0,,,18.0,0,0,0
986,1,7301,20,0,5.0,1,4.0,1.0,45.0,1,1,1,White,MIL,1.0,3870.0,16.0,0,333050,33
987,1,7315,33,0,,2,6.0,4.0,,1,1,0,White,0,,,21.0,0,0,0
988,1,7310,23,0,5.0,1,4.0,1.0,99.0,9,1,1,Two or More,MIL,6.0,9825.0,16.0,0,553010,55
989,1,7303,50,0,,1,6.0,4.0,,2,1,0,Black,0,,,17.0,0,0,0
990,1,7321,50,0,,1,6.0,4.0,,1,1,0,White,0,,,1.0,0,0,0
991,1,7315,64,0,,1,6.0,4.0,,1,1,0,White,0,,,16.0,0,0,0
992,1,7313,86,0,,1,6.0,4.0,,1,2,0,Hispanic,0,,,16.0,0,0,0
993,1,7310,56,0,,1,6.0,4.0,,9,1,0,Two or More,0,,,16.0,0,0,0
994,1,7313,51,0,1.0,1,6.0,2.0,,1,1,0,White,62,,3255.0,22.0,0,291141,29
995,1,7301,20,0,5.0,1,4.0,1.0,60.0,8,2,1,Hispanic,MIL,1.0,9830.0,16.0,0,559830,55
996,1,7310,19,15,,2,6.0,4.0,,1,2,0,Hispanic,0,,,19.0,0,0,0
997,1,7316,23,0,5.0,1,4.0,1.0,72.0,2,1,1,Black,MIL,1.0,9310.0,16.0,0,535020,53
998,1,7301,21,0,5.0,1,4.0,1.0,55.0,8,2,1,Hispanic,MIL,1.0,5040.0,16.0,0,432099,43
999,1,7316,30,0,,2,6.0,4.0,,6,1,0,Asian,0,,,16.0,0,0,0
1000,1,7315,19,15,,2,6.0,4.0,,1,1,0,White,0,,,19.0,0,0,0
1001,1,7305,82,0,,2,6.0,4.0,,1,1,0,White,0,,,20.0,0,0,0
1002,1,7321,64,0,,1,6.0,4.0,,1,1,0,White,0,,,16.0,0,0,0
1003,1,7309,80,0,,1,6.0,2.0,,1,1,0,White,0,,,23.0,0,0,0
1004,1,7312,20,0,5.0,1,4.0,1.0,53.0,1,1,1,White,MIL,1.0,5040.0,17.0,0,432099,43
1005,1,7313,33,0,,1,6.0,4.0,,1,1,0,White,0,,,16.0,0,0,0
1006,1,7310,69,0,,1,6.0,4.0,,2,1,0,Black,0,,,6.0,0,0,0
1007,1,7301,20,0,5.0,1,4.0,1.0,60.0,1,1,1,White,MIL,1.0,5040.0,16.0,0,432099,43
1008,1,7316,61,0,,1,6.0,4.0,,1,1,0,White,0,,,16.0,0,0,0
1009,1,7316,21,0,5.0,1,4.0,1.0,99.0,8,23,1,Hispanic,MIL,1.0,9300.0,19.0,0,5350XX,53
1010,1,7321,20,0,5.0,1,4.0,1.0,75.0,6,1,1,Asian,MIL,1.0,9825.0,16.0,0,553010,55
1011,1,7316,32,0,1.0,2,6.0,4.0,40.0,1,2,0,Hispanic,11,5.0,6050.0,14.0,0,4520XX,45
1012,1,7313,68,0,,1,6.0,4.0,,1,1,0,White,0,,,24.0,0,0,0
1013,1,7317,19,15,1.0,2,6.0,4.0,20.0,2,24,0,Hispanic,722,6.0,4030.0,18.0,0,352021,35
1014,1,7303,80,0,,1,6.0,3.0,,1,1,0,White,0,,,7.0,0,0,0
1015,1,7314,80,0,,1,6.0,2.0,,1,1,0,White,0,,,12.0,0,0,0
1016,1,7308,64,0,,2,6.0,4.0,,1,1,0,White,0,,,16.0,0,0,0
1017,1,7301,21,0,5.0,2,4.0,1.0,45.0,8,2,1,Hispanic,MIL,1.0,5040.0,16.0,0,432099,43
1018,1,7301,19,0,5.0,1,4.0,1.0,50.0,1,1,1,White,MIL,1.0,7040.0,16.0,0,492092,49
1019,1,7301,20,0,5.0,1,4.0,1.0,60.0,1,1,1,White,MIL,1.0,7210.0,16.0,0,493031,49
1020,1,7316,21,0,5.0,1,4.0,1.0,65.0,1,1,1,White,MIL,1.0,7340.0,16.0,0,499071,49
1021,1,7305,18,15,,2,6.0,4.0,,6,1,0,Asian,0,,,18.0,0,0,0
1022,1,7319,36,0,6.0,1,6.0,4.0,40.0,1,2,0,Hispanic,44,5.0,4760.0,17.0,0,412031,41
1023,1,7321,28,0,5.0,1,4.0,1.0,75.0,6,1,1,Asian,MIL,1.0,9825.0,19.0,0,553010,55
1024,1,7317,63,0,,1,6.0,4.0,,2,1,0,Black,0,,,14.0,0,0,0
1025,1,7301,19,0,5.0,1,4.0,1.0,60.0,1,1,1,White,MIL,1.0,9825.0,16.0,0,553010,55
1026,1,7301,24,0,5.0,1,4.0,1.0,60.0,2,1,1,Black,MIL,1.0,3870.0,19.0,0,333050,33
1027,1,7312,34,0,5.0,2,6.0,3.0,80.0,6,1,0,Asian,MIL,1.0,4220.0,19.0,0,37201X,37
1028,1,7319,73,0,,1,6.0,4.0,,1,4,0,Hispanic,0,,,12.0,0,0,0
1029,1,7303,34,0,3.0,1,6.0,4.0,40.0,2,1,0,Black,62,4.0,3602.0,19.0,0,311122,31
1030,1,7321,19,0,5.0,1,4.0,1.0,75.0,1,1,1,White,MIL,1.0,7210.0,16.0,0,493031,49
1031,1,7319,40,0,,1,6.0,4.0,,1,2,0,Hispanic,0,,,16.0,0,0,0
1032,1,7313,19,0,1.0,2,6.0,4.0,,1,1,0,White,722,,4720.0,12.0,0,412010,41
1033,1,7315,20,15,,1,6.0,4.0,,1,1,0,White,0,,,19.0,0,0,0
1034,1,7313,29,0,,2,6.0,4.0,,1,8,0,Hispanic,0,,,16.0,0,0,0
1035,1,7312,18,14,5.0,1,4.0,1.0,81.0,1,2,1,Hispanic,MIL,6.0,9830.0,18.0,0,559830,55
1036,1,7317,48,0,1.0,1,1.0,4.0,40.0,1,1,1,White,721,1.0,3930.0,19.0,1,339030,33
1037,1,7321,63,0,,1,6.0,4.0,,2,1,0,Black,0,,,19.0,0,0,0
1038,1,7310,20,15,5.0,1,4.0,1.0,90.0,2,1,1,Black,MIL,1.0,9825.0,19.0,0,553010,55
1039,1,7317,56,0,1.0,1,1.0,4.0,40.0,1,1,1,White,56,1.0,4251.0,17.0,1,373011,37
1040,1,7308,66,0,,1,6.0,4.0,,1,24,0,Hispanic,0,,,19.0,0,0,0
1041,1,7303,20,15,1.0,1,6.0,4.0,5.0,6,1,0,Asian,61,5.0,230.0,18.0,0,119030,11
1042,1,7315,74,0,,2,6.0,4.0,,1,1,0,White,0,,,16.0,0,0,0
1043,1,7313,35,15,,2,6.0,4.0,,1,1,0,White,0,,,20.0,0,0,0
1044,1,7301,21,15,5.0,1,4.0,1.0,40.0,1,1,1,White,MIL,3.0,630.0,20.0,0,131070,13
1045,1,7320,65,0,,1,6.0,4.0,,1,2,0,Hispanic,0,,,16.0,0,0,0
1046,1,7313,94,0,,2,6.0,4.0,,1,1,0,White,0,,,19.0,0,0,0
1047,1,7312,70,0,,1,6.0,2.0,,1,1,0,White,0,,,16.0,0,0,0
1048,1,7319,51,0,,1,6.0,4.0,,1,1,0,White,0,,,18.0,0,0,0
1049,1,7316,59,0,1.0,1,6.0,4.0,54.0,8,2,0,Hispanic,32,4.0,8255.0,9.0,0,515112,51
1050,1,7310,32,0,,2,6.0,4.0,,6,1,0,Asian,0,,,1.0,0,0,0
1051,1,7319,63,0,,1,6.0,4.0,,2,1,0,Black,0,,,14.0,0,0,0
1052,1,7319,24,0,,1,6.0,4.0,,1,1,0,White,0,,,17.0,0,0,0
1053,1,7316,53,0,,1,6.0,4.0,,6,1,0,Asian,0,,,21.0,0,0,0
1054,1,7310,22,15,1.0,1,6.0,4.0,40.0,1,1,0,White,45,6.0,4760.0,19.0,0,412031,41
1055,1,7310,22,0,5.0,2,4.0,1.0,40.0,1,2,1,Hispanic,MIL,1.0,5740.0,19.0,0,436014,43
1056,1,7310,19,0,5.0,1,4.0,1.0,40.0,9,2,1,Hispanic,MIL,1.0,9825.0,16.0,0,553010,55
1057,1,7301,19,0,5.0,1,4.0,1.0,99.0,3,1,1,Other,MIL,6.0,9825.0,16.0,0,553010,55
1058,1,7316,47,0,1.0,1,6.0,4.0,40.0,1,1,0,White,32,3.0,7750.0,22.0,0,5120XX,51
1059,1,7303,28,0,,1,6.0,4.0,,1,1,0,White,0,,,16.0,0,0,0
1060,1,7310,19,0,5.0,1,4.0,1.0,65.0,8,2,1,Hispanic,MIL,1.0,9300.0,19.0,0,5350XX,53
1061,1,7304,29,0,,2,6.0,4.0,,1,1,0,White,0,,,19.0,0,0,0
1062,1,7310,22,0,5.0,1,4.0,1.0,70.0,6,1,1,Asian,MIL,1.0,9825.0,18.0,0,553010,55
1063,1,7322,59,15,,1,6.0,4.0,,1,1,0,White,0,,,17.0,0,0,0
1064,1,7321,26,0,5.0,1,4.0,1.0,84.0,2,1,1,Black,MIL,1.0,9825.0,19.0,0,553010,55
1065,1,7315,22,15,1.0,2,1.0,3.0,40.0,1,1,1,White,61,5.0,5240.0,19.0,1,434051,43
1066,1,7322,23,0,3.0,2,6.0,4.0,40.0,1,2,0,Hispanic,62,4.0,3603.0,19.0,0,311131,31
1067,1,7309,84,0,,2,6.0,4.0,,1,1,0,White,0,,,20.0,0,0,0
1068,1,7321,78,0,,1,6.0,4.0,,1,2,0,Hispanic,0,,,19.0,0,0,0
1069,1,7315,19,15,1.0,2,6.0,4.0,20.0,1,2,0,Hispanic,722,6.0,4720.0,19.0,0,412010,41
1070,1,7301,18,0,5.0,1,4.0,1.0,35.0,1,1,1,White,MIL,6.0,630.0,16.0,0,131070,13
1071,1,7319,23,0,1.0,1,6.0,4.0,,1,1,0,White,42,,4850.0,14.0,0,414010,41
1072,1,7317,18,15,,2,6.0,4.0,,2,1,0,Black,0,,,18.0,0,0,0
1073,1,7303,32,0,6.0,1,6.0,4.0,,2,1,0,Black,23,,6230.0,19.0,0,472031,47
1074,1,7301,69,0,,2,6.0,4.0,,1,1,0,White,0,,,1.0,0,0,0
1075,1,7312,24,0,5.0,1,4.0,1.0,45.0,8,2,1,Hispanic,MIL,1.0,9825.0,16.0,0,553010,55
1076,1,7315,52,0,,2,6.0,4.0,,2,1,0,Black,0,,,16.0,0,0,0
1077,1,7301,19,0,5.0,1,4.0,1.0,55.0,1,1,1,White,MIL,1.0,8140.0,16.0,0,514120,51
1078,1,7322,69,0,,2,6.0,4.0,,1,1,0,White,0,,,1.0,0,0,0
1079,1,7316,30,15,9.0,1,3.0,2.0,,2,1,0,Black,99,,9920.0,16.0,1,999920,99
1080,1,7319,84,0,,1,6.0,2.0,,2,1,0,Black,0,,,19.0,0,0,0
1081,1,7301,20,0,5.0,1,4.0,1.0,73.0,1,1,1,White,MIL,1.0,9825.0,16.0,0,553010,55
1082,1,7301,21,0,5.0,1,4.0,1.0,60.0,1,1,1,White,MIL,1.0,9825.0,18.0,0,553010,55
1083,1,7316,21,0,5.0,1,6.0,2.0,50.0,8,2,0,Hispanic,MIL,1.0,9830.0,16.0,0,559830,55
1084,1,7301,47,0,,2,6.0,4.0,,6,1,0,Asian,0,,,19.0,0,0,0
1085,1,7316,40,0,1.0,2,1.0,4.0,8.0,2,1,1,Black,56,6.0,4940.0,16.0,1,419041,41
1086,1,7310,33,0,5.0,1,4.0,1.0,85.0,1,1,1,White,MIL,1.0,6835.0,19.0,0,475032,47
1087,1,7306,23,0,1.0,2,1.0,4.0,40.0,2,5,1,Hispanic,56,5.0,9620.0,16.0,1,537062,53
1088,1,7315,85,0,,2,6.0,4.0,,1,1,0,White,0,,,13.0,0,0,0
1089,1,7301,20,0,5.0,1,4.0,1.0,50.0,1,1,1,White,MIL,1.0,5040.0,16.0,0,432099,43
1090,1,7315,18,15,1.0,1,6.0,4.0,20.0,1,1,0,White,23,5.0,6260.0,18.0,0,472061,47
1091,1,7317,65,0,,2,6.0,4.0,,2,1,0,Black,0,,,19.0,0,0,0
1092,1,7320,32,0,,1,6.0,4.0,,1,1,0,White,0,,,1.0,0,0,0
1093,1,7310,18,0,5.0,1,4.0,1.0,99.0,1,2,1,Hispanic,MIL,5.0,9825.0,19.0,0,553010,55
1094,1,7322,38,0,,1,6.0,4.0,,1,1,0,White,0,,,19.0,0,0,0
1095,1,7305,21,15,1.0,2,1.0,4.0,20.0,1,1,1,White,61,1.0,2002.0,19.0,1,211012,21
1096,1,7313,94,0,,2,6.0,4.0,,2,1,0,Black,0,,,7.0,0,0,0
1097,1,7310,18,15,5.0,2,1.0,4.0,10.0,9,1,1,Two or More,61,4.0,5740.0,19.0,1,436014,43
1098,1,7317,20,15,3.0,2,1.0,4.0,40.0,1,1,1,White,61,1.0,4640.0,19.0,1,399041,39
1099,1,7310,18,15,1.0,2,6.0,4.0,,1,1,0,White,62,,4600.0,18.0,0,399011,39
1100,1,7317,20,15,,1,6.0,4.0,,1,1,0,White,0,,,19.0,0,0,0
1101,1,7301,20,0,5.0,1,4.0,1.0,50.0,1,1,1,White,MIL,1.0,7210.0,19.0,0,493031,49
1102,1,7305,16,12,,1,6.0,,,1,2,0,Hispanic,0,,,12.0,0,0,0
1103,1,7315,18,15,1.0,2,3.0,4.0,15.0,1,1,0,White,722,5.0,5240.0,16.0,1,434051,43
1104,1,7316,28,0,1.0,1,6.0,4.0,20.0,8,2,0,Hispanic,23,6.0,6260.0,9.0,0,472061,47
1105,1,7315,15,13,,2,,,,6,1,0,Asian,0,,,13.0,0,0,0
1106,1,7319,38,0,,1,6.0,4.0,,1,2,0,Hispanic,0,,,17.0,0,0,0
1107,1,7312,19,0,5.0,2,4.0,1.0,50.0,8,2,1,Hispanic,MIL,1.0,9130.0,16.0,0,533030,53
1108,1,7306,22,0,1.0,1,6.0,4.0,40.0,1,1,0,White,56,6.0,9620.0,17.0,0,537062,53
1109,1,7322,66,0,,1,6.0,4.0,,2,1,0,Black,0,,,11.0,0,0,0
1110,1,7322,53,0,,1,6.0,4.0,,2,1,0,Black,0,,,17.0,0,0,0
1111,1,7314,36,0,,2,6.0,4.0,,1,1,0,White,0,,,18.0,0,0,0
1112,1,7315,18,15,5.0,2,1.0,4.0,10.0,9,1,1,Two or More,61,4.0,5740.0,19.0,1,436014,43
1113,1,7317,26,0,,2,6.0,4.0,,1,1,0,White,0,,,16.0,0,0,0
1114,1,7316,19,0,5.0,1,4.0,1.0,50.0,5,1,1,Other,MIL,1.0,9825.0,17.0,0,553010,55
1115,1,7310,41,0,5.0,1,4.0,1.0,99.0,1,1,1,White,MIL,1.0,630.0,20.0,0,131070,13
1116,1,7322,42,0,,1,6.0,4.0,,1,2,0,Hispanic,0,,,13.0,0,0,0
1117,1,7313,36,0,,2,6.0,4.0,,1,2,0,Hispanic,0,,,14.0,0,0,0
1118,1,7318,23,0,1.0,2,1.0,4.0,32.0,2,1,1,Black,62,1.0,4230.0,19.0,1,372012,37
1119,1,7309,75,0,,2,6.0,4.0,,1,1,0,White,0,,,21.0,0,0,0
1120,1,7319,48,0,1.0,1,6.0,4.0,40.0,1,1,0,White,33,3.0,8225.0,19.0,0,514XXX,51
1121,1,7312,21,0,5.0,1,4.0,3.0,58.0,1,1,1,White,MIL,1.0,7100.0,16.0,0,49209X,49
1122,1,7315,19,15,,2,6.0,4.0,,6,1,0,Asian,0,,,18.0,0,0,0
1123,1,7316,25,0,5.0,1,4.0,1.0,88.0,8,21,1,Hispanic,MIL,1.0,7340.0,16.0,0,499071,49
1124,1,7315,18,15,,2,6.0,4.0,,1,2,0,Hispanic,0,,,19.0,0,0,0
1125,1,7306,66,0,,1,6.0,4.0,,1,24,0,Hispanic,0,,,19.0,0,0,0
1126,1,7322,36,0,,1,6.0,4.0,,1,1,0,White,0,,,8.0,0,0,0
1127,1,7313,75,0,,1,6.0,2.0,,1,1,0,White,0,,,21.0,0,0,0
1128,1,7319,26,0,1.0,1,6.0,4.0,,1,2,0,Hispanic,44,,4760.0,7.0,0,412031,41
1129,1,7321,87,0,,2,6.0,4.0,,1,1,0,White,0,,,16.0,0,0,0
1130,1,7313,68,0,,1,6.0,4.0,,1,1,0,White,0,,,22.0,0,0,0
1131,1,7316,23,0,1.0,1,6.0,4.0,20.0,1,1,0,White,23,1.0,6330.0,19.0,0,472080,47
1132,1,7301,20,0,5.0,1,4.0,1.0,50.0,1,1,1,White,MIL,1.0,9825.0,16.0,0,553010,55
1133,1,7315,20,15,1.0,2,6.0,4.0,38.0,6,1,0,Asian,61,6.0,1970.0,19.0,0,1940YY,19
1134,1,7310,28,0,1.0,2,6.0,4.0,40.0,1,1,0,White,722,5.0,4110.0,18.0,0,353031,35
1135,1,7316,36,0,1.0,1,6.0,4.0,30.0,8,2,0,Hispanic,44,6.0,9645.0,16.0,0,537065,53
1136,1,7319,22,0,1.0,1,6.0,4.0,40.0,1,2,0,Hispanic,722,4.0,9130.0,13.0,0,533030,53
1137,1,7319,58,0,1.0,1,6.0,4.0,,1,2,0,Hispanic,32,,8255.0,13.0,0,515112,51
1138,1,7310,18,0,5.0,1,4.0,1.0,37.0,1,4,1,Hispanic,MIL,4.0,630.0,16.0,0,131070,13
1139,1,7310,20,0,5.0,1,4.0,1.0,40.0,9,2,1,Hispanic,MIL,1.0,9825.0,16.0,0,553010,55
1140,1,7317,21,0,,1,6.0,4.0,,1,11,0,Hispanic,0,,,19.0,0,0,0
1141,1,7309,53,0,,1,6.0,4.0,,6,1,0,Asian,0,,,21.0,0,0,0
1142,1,7315,17,15,8.0,2,6.0,4.0,25.0,9,1,0,Two or More,54,6.0,710.0,16.0,0,131111,13
1143,1,7321,74,0,,2,6.0,4.0,,1,1,0,White,0,,,16.0,0,0,0
1144,1,7310,62,0,,1,6.0,4.0,,1,1,0,White,0,,,16.0,0,0,0
1145,1,7310,18,15,9.0,1,3.0,2.0,,1,2,0,Hispanic,99,,9920.0,18.0,1,999920,99
1146,1,7310,42,0,5.0,1,4.0,1.0,63.0,2,1,1,Black,MIL,1.0,630.0,21.0,0,131070,13
1147,1,7313,68,0,,2,6.0,4.0,,1,1,0,White,0,,,16.0,0,0,0
1148,1,7303,23,0,1.0,2,1.0,4.0,32.0,2,1,1,Black,62,1.0,4230.0,19.0,1,372012,37
1149,1,7315,18,15,,2,6.0,4.0,,1,1,0,White,0,,,18.0,0,0,0
1150,1,7313,74,0,,2,6.0,4.0,,1,2,0,Hispanic,0,,,9.0,0,0,0
1151,1,7309,94,0,,1,6.0,2.0,,1,1,0,White,0,,,16.0,0,0,0
1152,1,7301,21,0,5.0,1,4.0,1.0,50.0,1,1,1,White,MIL,1.0,9130.0,16.0,0,533030,53
1153,1,7301,21,0,5.0,1,4.0,1.0,50.0,1,2,1,Hispanic,MIL,1.0,4020.0,16.0,0,352010,35
1154,1,7310,20,0,5.0,1,4.0,1.0,70.0,1,1,1,White,MIL,1.0,9825.0,16.0,0,553010,55
1155,1,7312,47,0,5.0,1,6.0,2.0,50.0,1,2,0,Hispanic,92,1.0,630.0,22.0,0,131070,13
1156,1,7320,68,0,,1,6.0,4.0,,1,1,0,White,0,,,24.0,0,0,0
1157,1,7307,20,0,,2,6.0,4.0,,1,1,0,White,0,,,13.0,0,0,0
1158,1,7313,22,0,1.0,2,6.0,4.0,,1,2,0,Hispanic,81,,3602.0,17.0,0,311122,31
1159,1,7305,20,15,,1,6.0,4.0,,1,1,0,White,0,,,19.0,0,0,0
1160,1,7310,64,0,,1,6.0,2.0,,1,1,0,White,0,,,21.0,0,0,0
1161,1,7319,38,0,,1,6.0,4.0,,1,2,0,Hispanic,0,,,17.0,0,0,0
1162,1,7317,18,15,,2,6.0,4.0,,8,2,0,Hispanic,0,,,18.0,0,0,0
1163,1,7301,19,0,5.0,1,4.0,1.0,50.0,5,1,1,Other,MIL,1.0,9825.0,17.0,0,553010,55
1164,1,7305,21,15,,2,6.0,4.0,,8,2,0,Hispanic,0,,,19.0,0,0,0
1165,1,7322,23,0,,1,6.0,4.0,,2,1,0,Black,0,,,17.0,0,0,0
1166,1,7315,19,15,,2,6.0,4.0,,1,1,0,White,0,,,18.0,0,0,0
1167,1,7306,33,0,,1,6.0,4.0,,1,1,0,White,0,,,16.0,0,0,0
1168,1,7313,68,0,,1,6.0,2.0,,1,1,0,White,0,,,10.0,0,0,0
1169,1,7310,27,0,5.0,1,4.0,1.0,92.0,1,1,1,White,MIL,1.0,9825.0,16.0,0,553010,55
1170,1,7304,83,0,,2,6.0,4.0,,1,1,0,White,0,,,16.0,0,0,0
1171,1,7317,18,15,1.0,2,1.0,4.0,15.0,1,2,1,Hispanic,44,3.0,4720.0,16.0,1,412010,41
1172,1,7301,94,0,,2,6.0,4.0,,1,1,0,White,0,,,16.0,0,0,0
1173,1,7322,49,0,,1,6.0,4.0,,1,1,0,White,0,,,12.0,0,0,0
1174,1,7317,19,15,1.0,1,6.0,4.0,20.0,1,1,0,White,23,5.0,6260.0,18.0,0,472061,47
1175,1,7315,19,15,1.0,1,6.0,4.0,25.0,1,1,0,White,45,6.0,9645.0,18.0,0,537065,53
1176,1,7316,36,0,,2,6.0,4.0,,1,1,0,White,0,,,18.0,0,0,0
1177,1,7303,51,0,1.0,1,6.0,2.0,,1,1,0,White,62,,3255.0,22.0,0,291141,29
1178,1,7316,49,0,,1,6.0,4.0,,7,1,0,Other,0,,,19.0,0,0,0
1179,1,7315,21,15,1.0,2,6.0,4.0,20.0,9,2,0,Hispanic,44,6.0,4760.0,16.0,0,412031,41
1180,1,7322,40,0,,1,6.0,4.0,,2,1,0,Black,0,,,13.0,0,0,0
1181,1,7301,31,0,5.0,1,4.0,1.0,50.0,1,1,1,White,MIL,1.0,7140.0,19.0,0,493011,49
1182,1,7310,22,0,5.0,1,4.0,1.0,99.0,9,1,1,Two or More,MIL,6.0,9825.0,16.0,0,553010,55
1183,1,7316,22,0,5.0,1,4.0,1.0,70.0,1,1,1,White,MIL,1.0,7340.0,16.0,0,499071,49
1184,1,7312,20,0,5.0,1,4.0,1.0,60.0,1,1,1,White,MIL,1.0,5040.0,16.0,0,432099,43
1185,1,7317,18,15,,2,6.0,4.0,,1,1,0,White,0,,,18.0,0,0,0
1186,1,7310,22,0,5.0,1,4.0,1.0,72.0,1,1,1,White,MIL,1.0,7100.0,16.0,0,49209X,49
1187,1,7301,23,0,5.0,2,4.0,1.0,50.0,1,1,1,White,MIL,1.0,7030.0,16.0,0,492091,49
1188,1,7310,26,0,5.0,1,4.0,1.0,74.0,2,1,1,Black,MIL,1.0,9825.0,20.0,0,553010,55
1189,1,7314,58,0,,1,6.0,2.0,,1,2,0,Hispanic,0,,,19.0,0,0,0
1190,1,7315,18,15,,2,6.0,4.0,,1,2,0,Hispanic,0,,,18.0,0,0,0
1191,1,7301,21,0,5.0,1,4.0,1.0,60.0,1,1,1,White,MIL,1.0,9825.0,16.0,0,553010,55
1192,1,7310,41,0,5.0,1,4.0,1.0,75.0,1,1,1,White,MIL,1.0,9830.0,19.0,0,559830,55
1193,1,7301,18,0,5.0,1,4.0,1.0,70.0,1,1,1,White,MIL,1.0,9825.0,16.0,0,553010,55
1194,1,7309,84,0,,1,6.0,3.0,,1,1,0,White,0,,,21.0,0,0,0
1195,1,7301,21,0,5.0,1,4.0,1.0,60.0,1,1,1,White,MIL,1.0,9825.0,19.0,0,553010,55
1196,1,7316,31,0,5.0,1,4.0,1.0,55.0,2,1,1,Black,MIL,1.0,3645.0,21.0,0,319092,31
1197,1,7316,20,0,5.0,2,4.0,1.0,60.0,8,2,1,Hispanic,MIL,1.0,9825.0,16.0,0,553010,55
1198,1,7321,78,0,,1,6.0,2.0,,1,1,0,White,0,,,19.0,0,0,0
1199,1,7301,20,0,5.0,1,4.0,1.0,60.0,1,1,1,White,MIL,1.0,9825.0,16.0,0,553010,55
1200,1,7313,34,0,1.0,2,6.0,4.0,40.0,1,1,0,White,54,5.0,5120.0,16.0,0,433031,43
1201,1,7315,20,15,1.0,1,6.0,4.0,5.0,6,1,0,Asian,61,5.0,230.0,18.0,0,119030,11
1202,1,7306,94,0,,2,6.0,4.0,,1,1,0,White,0,,,16.0,0,0,0
1203,1,7322,39,0,,1,6.0,4.0,,1,2,0,Hispanic,0,,,16.0,0,0,0
1204,1,7322,48,0,,1,6.0,4.0,,2,1,0,Black,0,,,13.0,0,0,0
1205,1,7301,21,0,5.0,1,4.0,1.0,50.0,8,2,1,Hispanic,MIL,1.0,7210.0,16.0,0,493031,49
1206,1,7301,21,0,5.0,1,4.0,1.0,45.0,2,1,1,Black,MIL,1.0,9130.0,16.0,0,533030,53
1207,1,7316,49,0,,2,6.0,4.0,,1,1,0,White,0,,,12.0,0,0,0
1208,1,7310,23,0,5.0,1,4.0,1.0,50.0,1,1,1,White,MIL,1.0,9830.0,16.0,0,559830,55
1209,1,7301,22,0,5.0,1,4.0,1.0,45.0,1,1,1,White,MIL,1.0,1010.0,16.0,0,151251,15
1210,1,7313,49,0,,1,6.0,4.0,,7,1,0,Other,0,,,19.0,0,0,0
1211,1,7301,19,0,5.0,1,4.0,1.0,40.0,1,1,1,White,MIL,1.0,9825.0,16.0,0,553010,55
1212,1,7301,24,0,5.0,1,4.0,1.0,50.0,1,1,1,White,MIL,1.0,1108.0,20.0,0,151299,15
1213,1,7321,51,0,5.0,1,4.0,1.0,95.0,1,1,1,White,MIL,1.0,9810.0,19.0,0,552010,55
1214,1,7316,29,0,,1,6.0,4.0,,1,2,0,Hispanic,0,,,14.0,0,0,0
1215,1,7313,35,0,1.0,2,6.0,4.0,40.0,6,1,0,Asian,54,5.0,5120.0,16.0,0,433031,43
1216,1,7301,24,0,5.0,1,4.0,1.0,50.0,1,2,1,Hispanic,MIL,1.0,7640.0,16.0,0,4990XX,49
1217,1,7303,62,0,,2,6.0,4.0,,1,2,0,Hispanic,0,,,19.0,0,0,0
1218,1,7321,20,0,5.0,1,4.0,1.0,60.0,1,1,1,White,MIL,1.0,9300.0,16.0,0,5350XX,53
1219,1,7317,18,15,,2,6.0,4.0,,6,1,0,Asian,0,,,18.0,0,0,0
1220,1,7322,40,0,,1,6.0,4.0,,2,1,0,Black,0,,,16.0,0,0,0
1221,1,7303,29,0,,2,6.0,4.0,,1,1,0,White,0,,,19.0,0,0,0
1222,1,7316,48,0,1.0,1,6.0,4.0,,8,3,0,Hispanic,33,,8650.0,9.0,0,519020,51
1223,1,7310,18,0,1.0,1,6.0,2.0,20.0,1,1,0,White,51,4.0,4720.0,16.0,0,412010,41
1224,1,7316,19,0,5.0,2,4.0,1.0,65.0,1,1,1,White,MIL,1.0,9310.0,18.0,0,535020,53
1225,1,7310,19,15,,2,6.0,4.0,,6,1,0,Asian,0,,,18.0,0,0,0
1226,1,7301,19,0,5.0,1,4.0,1.0,40.0,9,2,1,Hispanic,MIL,1.0,9825.0,16.0,0,553010,55
1227,1,7312,26,0,5.0,1,4.0,1.0,80.0,2,1,1,Black,MIL,1.0,7340.0,19.0,0,499071,49
1228,1,7322,27,0,,1,6.0,4.0,,2,1,0,Black,0,,,14.0,0,0,0
1229,1,7319,35,0,1.0,1,6.0,4.0,40.0,2,1,0,Black,23,2.0,6330.0,16.0,0,472080,47
1230,1,7301,20,0,5.0,1,4.0,1.0,45.0,1,1,1,White,MIL,1.0,1010.0,16.0,0,151251,15
1231,1,7301,19,0,5.0,1,4.0,1.0,55.0,1,1,1,White,MIL,1.0,9825.0,16.0,0,553010,55
1232,1,7310,20,0,5.0,1,4.0,1.0,45.0,1,1,1,White,MIL,1.0,3870.0,16.0,0,333050,33
1233,1,7315,19,15,1.0,2,6.0,4.0,20.0,1,2,0,Hispanic,722,6.0,4720.0,19.0,0,412010,41
1234,1,7301,20,0,5.0,1,4.0,1.0,50.0,8,3,1,Hispanic,MIL,1.0,9830.0,16.0,0,559830,55
1235,1,7315,20,15,2.0,2,6.0,4.0,10.0,6,1,0,Asian,61,6.0,1970.0,19.0,0,1940YY,19
1236,1,7313,94,0,,2,6.0,4.0,,1,1,0,White,0,,,19.0,0,0,0
1237,1,7315,19,15,2.0,1,6.0,4.0,4.0,1,1,0,White,81,5.0,2905.0,19.0,0,2740XX,27
1238,1,7310,68,0,,1,6.0,2.0,,1,1,0,White,0,,,10.0,0,0,0
1239,1,7312,22,0,5.0,1,4.0,1.0,60.0,1,1,1,White,MIL,1.0,9825.0,16.0,0,553010,55
1240,1,7310,64,0,,1,6.0,4.0,,1,1,0,White,0,,,16.0,0,0,0
1241,1,7319,56,0,6.0,1,6.0,4.0,40.0,2,1,0,Black,56,2.0,4230.0,18.0,0,372012,37
1242,1,7310,65,0,,2,6.0,4.0,,9,1,0,Two or More,0,,,23.0,0,0,0
1243,1,7321,55,0,2.0,2,6.0,4.0,,1,1,0,White,45,,9620.0,14.0,0,537062,53
1244,1,7313,27,0,1.0,2,6.0,4.0,,1,1,0,White,722,,4110.0,18.0,0,353031,35
1245,1,7303,31,0,,1,6.0,4.0,,2,1,0,Black,0,,,13.0,0,0,0
1246,1,7322,27,0,,1,6.0,4.0,,2,1,0,Black,0,,,19.0,0,0,0
1247,1,7312,21,0,5.0,1,4.0,1.0,55.0,1,1,1,White,MIL,1.0,9825.0,18.0,0,553010,55
1248,1,7316,38,0,5.0,1,4.0,1.0,80.0,8,2,1,Hispanic,MIL,1.0,1105.0,20.0,0,151244,15
1249,1,7315,19,15,1.0,2,6.0,4.0,40.0,1,1,0,White,54,5.0,5740.0,19.0,0,436014,43
1250,1,7313,66,0,,1,6.0,4.0,,1,24,0,Hispanic,0,,,19.0,0,0,0
1251,1,7316,21,0,5.0,1,4.0,1.0,70.0,9,1,1,Two or More,MIL,1.0,9825.0,16.0,0,553010,55
1252,1,7313,31,0,1.0,2,6.0,4.0,,1,16,0,Hispanic,62,,3645.0,19.0,0,319092,31
1253,1,7316,66,0,6.0,2,6.0,4.0,5.0,1,1,0,White,81,2.0,4350.0,19.0,0,392021,39
1254,1,7320,83,13,,1,6.0,4.0,,1,1,0,White,0,,,13.0,0,0,0
1255,1,7318,26,0,1.0,2,1.0,4.0,20.0,1,1,1,White,44,1.0,4720.0,16.0,1,412010,41
1256,1,7301,18,0,5.0,1,4.0,1.0,50.0,1,2,1,Hispanic,MIL,1.0,9130.0,18.0,0,533030,53
1257,1,7319,44,0,6.0,1,6.0,4.0,,1,1,0,White,56,,725.0,19.0,0,131121,13
1258,1,7301,23,0,5.0,1,4.0,1.0,50.0,1,1,1,White,MIL,1.0,7030.0,16.0,0,492091,49
1259,1,7310,19,0,5.0,1,4.0,1.0,70.0,2,1,1,Black,MIL,1.0,4760.0,16.0,0,412031,41
1260,1,7307,67,0,,2,6.0,4.0,,1,1,0,White,0,,,24.0,0,0,0
1261,1,7316,41,0,1.0,1,6.0,4.0,40.0,1,1,0,White,44,5.0,4251.0,16.0,0,373011,37
1262,1,7310,63,0,,1,6.0,4.0,,2,1,0,Black,0,,,14.0,0,0,0
1263,1,7313,63,0,,2,6.0,4.0,,1,2,0,Hispanic,0,,,19.0,0,0,0
1264,1,7316,71,0,,2,6.0,4.0,,1,1,0,White,0,,,20.0,0,0,0
1265,1,7307,52,0,5.0,1,6.0,4.0,38.0,1,1,0,White,92,1.0,5860.0,9.0,0,439061,43
1266,1,7307,76,0,,2,6.0,4.0,,1,1,0,White,0,,,21.0,0,0,0
1267,1,7301,29,0,5.0,1,4.0,1.0,55.0,1,1,1,White,MIL,1.0,3870.0,19.0,0,333050,33
1268,1,7301,19,0,5.0,1,4.0,1.0,55.0,8,2,1,Hispanic,MIL,1.0,9830.0,16.0,0,559830,55
1269,1,7301,18,14,5.0,1,4.0,1.0,81.0,1,2,1,Hispanic,MIL,6.0,9830.0,18.0,0,559830,55
1270,1,7310,19,15,,1,6.0,4.0,,1,1,0,White,0,,,19.0,0,0,0
1271,1,7310,48,0,1.0,1,1.0,4.0,40.0,1,1,1,White,721,1.0,3930.0,19.0,1,339030,33
1272,1,7313,77,0,,2,6.0,4.0,,8,2,0,Hispanic,0,,,24.0,0,0,0
1273,1,7315,19,15,1.0,2,2.0,4.0,12.0,1,1,1,White,54,5.0,735.0,19.0,1,131161,13
1274,1,7319,56,0,1.0,1,6.0,4.0,,1,1,0,White,62,,4220.0,19.0,0,37201X,37
1275,1,7305,56,0,,1,6.0,2.0,,1,1,0,White,0,,,19.0,0,0,0
1276,1,7310,22,0,5.0,1,4.0,1.0,30.0,1,2,1,Hispanic,MIL,1.0,9825.0,19.0,0,553010,55
1277,1,7319,69,0,,2,6.0,4.0,,1,1,0,White,0,,,1.0,0,0,0
1278,1,7315,19,15,,2,6.0,4.0,,1,1,0,White,0,,,18.0,0,0,0
1279,1,7316,28,0,5.0,1,4.0,1.0,82.0,1,1,1,White,MIL,1.0,6835.0,16.0,0,475032,47
1280,1,7320,31,0,,1,6.0,4.0,,1,1,0,White,0,,,1.0,0,0,0
1281,1,7304,77,0,,2,6.0,4.0,,1,1,0,White,0,,,19.0,0,0,0
1282,1,7315,19,15,,2,6.0,4.0,,1,2,0,Hispanic,0,,,19.0,0,0,0
1283,1,7310,22,0,5.0,2,4.0,1.0,85.0,1,23,1,Hispanic,MIL,1.0,3645.0,19.0,0,319092,31
1284,1,7301,20,0,5.0,1,4.0,1.0,53.0,1,1,1,White,MIL,1.0,5040.0,17.0,0,432099,43
1285,1,7317,64,0,,1,6.0,4.0,,1,1,0,White,0,,,16.0,0,0,0
1286,1,7310,22,15,5.0,2,4.0,1.0,50.0,9,1,1,Two or More,MIL,1.0,5740.0,16.0,0,436014,43
1287,1,7315,19,15,4.0,1,1.0,4.0,30.0,1,1,1,White,71,1.0,3960.0,19.0,1,33909X,33
1288,1,7317,18,15,1.0,1,6.0,4.0,,1,1,0,White,722,,4055.0,18.0,0,353023,35
1289,1,7310,21,0,5.0,1,4.0,1.0,60.0,1,1,1,White,MIL,3.0,9825.0,16.0,0,553010,55
1290,1,7322,56,0,,1,6.0,2.0,,1,1,0,White,0,,,17.0,0,0,0
1291,1,7322,56,0,,1,6.0,2.0,,7,1,0,Other,0,,,18.0,0,0,0
1292,1,7316,22,15,4.0,1,6.0,4.0,20.0,1,2,0,Hispanic,61,2.0,9620.0,16.0,0,537062,53
1293,1,7310,21,0,5.0,1,4.0,1.0,62.0,2,1,1,Black,MIL,1.0,4020.0,16.0,0,352010,35
1294,1,7315,68,0,,2,6.0,4.0,,1,2,0,Hispanic,0,,,16.0,0,0,0
1295,1,7316,21,0,5.0,1,4.0,1.0,62.0,2,1,1,Black,MIL,1.0,4020.0,16.0,0,352010,35
1296,1,7321,31,0,1.0,1,6.0,4.0,40.0,1,1,0,White,23,3.0,6410.0,16.0,0,472140,47
1297,1,7318,17,13,,1,6.0,4.0,,1,2,0,Hispanic,0,,,13.0,0,0,0
1298,1,7322,54,0,,1,6.0,4.0,,1,2,0,Hispanic,0,,,11.0,0,0,0
1299,1,7313,65,0,,2,6.0,4.0,,9,1,0,Two or More,0,,,23.0,0,0,0
1300,1,7303,51,0,,1,6.0,4.0,,1,1,0,White,0,,,18.0,0,0,0
1301,1,7313,31,0,,2,6.0,4.0,,9,1,0,Two or More,0,,,14.0,0,0,0
1302,1,7321,73,0,,2,6.0,4.0,,1,2,0,Hispanic,0,,,17.0,0,0,0
1303,1,7301,21,0,5.0,1,4.0,1.0,50.0,1,1,1,White,MIL,1.0,7210.0,16.0,0,493031,49
1304,1,7310,19,15,1.0,1,6.0,4.0,28.0,6,1,0,Asian,44,5.0,4720.0,19.0,0,412010,41
1305,1,7316,58,0,5.0,1,4.0,1.0,40.0,1,1,1,White,MIL,1.0,2360.0,23.0,0,2530XX,25
1306,1,7319,36,0,1.0,1,6.0,4.0,40.0,1,2,0,Hispanic,23,4.0,6442.0,11.0,0,472152,47
1307,1,7319,69,0,1.0,2,1.0,4.0,50.0,1,2,1,Hispanic,62,1.0,4220.0,1.0,1,37201X,37
1308,1,7301,56,0,,1,6.0,2.0,,1,1,0,White,0,,,19.0,0,0,0
1309,1,7310,20,0,5.0,1,4.0,1.0,40.0,1,16,1,Hispanic,MIL,1.0,1555.0,16.0,0,17302X,17
1310,1,7313,63,0,,2,6.0,4.0,,1,24,0,Hispanic,0,,,19.0,0,0,0
1311,1,7302,48,0,1.0,1,1.0,4.0,40.0,1,1,1,White,721,1.0,3930.0,19.0,1,339030,33
1312,1,7301,18,0,5.0,1,4.0,1.0,99.0,1,2,1,Hispanic,MIL,5.0,9825.0,19.0,0,553010,55
1313,1,7301,63,0,,1,6.0,4.0,,2,1,0,Black,0,,,19.0,0,0,0
1314,1,7321,38,0,,1,6.0,4.0,,1,2,0,Hispanic,0,,,17.0,0,0,0
1315,1,7306,36,0,,2,6.0,4.0,,1,1,0,White,0,,,12.0,0,0,0
1316,1,7322,51,0,,1,6.0,4.0,,1,1,0,White,0,,,17.0,0,0,0
1317,1,7314,24,0,1.0,1,6.0,4.0,20.0,1,2,0,Hispanic,56,4.0,3930.0,16.0,0,339030,33
1318,1,7316,21,0,5.0,1,4.0,1.0,70.0,9,2,1,Hispanic,MIL,1.0,9825.0,16.0,0,553010,55
1319,1,7315,19,15,,1,6.0,4.0,,1,1,0,White,0,,,19.0,0,0,0
1320,1,7301,19,0,5.0,1,4.0,1.0,50.0,2,1,1,Black,MIL,1.0,7220.0,16.0,0,493040,49
1321,1,7319,35,0,,2,6.0,4.0,,1,1,0,White,0,,,1.0,0,0,0
1322,1,7315,20,15,,1,6.0,4.0,,1,1,0,White,0,,,19.0,0,0,0
1323,1,7317,67,0,,2,6.0,4.0,,1,1,0,White,0,,,24.0,0,0,0
1324,1,7315,20,15,1.0,2,2.0,4.0,8.0,1,1,1,White,722,6.0,4110.0,19.0,1,353031,35
1325,1,7314,33,0,,1,6.0,4.0,,1,1,0,White,0,,,16.0,0,0,0
1326,1,7315,19,15,,2,6.0,4.0,,1,1,0,White,0,,,19.0,0,0,0
1327,1,7315,20,15,,1,6.0,4.0,,1,1,0,White,0,,,19.0,0,0,0
1328,1,7313,34,0,5.0,1,6.0,4.0,38.0,1,1,0,White,92,1.0,5860.0,16.0,0,439061,43
1329,1,7301,22,0,5.0,1,4.0,1.0,55.0,1,19,1,Hispanic,MIL,1.0,9830.0,16.0,0,559830,55
1330,1,7301,19,0,5.0,1,4.0,1.0,50.0,1,1,1,White,MIL,1.0,1555.0,16.0,0,17302X,17
1331,1,7319,49,0,6.0,1,6.0,4.0,45.0,1,2,0,Hispanic,54,1.0,2170.0,21.0,0,232093,23
1332,1,7321,26,0,5.0,1,4.0,1.0,80.0,1,1,1,White,MIL,1.0,9825.0,16.0,0,553010,55
1333,1,7322,55,0,,1,6.0,4.0,,1,1,0,White,0,,,17.0,0,0,0
1334,1,7314,86,0,,1,6.0,4.0,,1,1,0,White,0,,,21.0,0,0,0
1335,1,7306,30,0,,1,6.0,4.0,,6,1,0,Asian,0,,,16.0,0,0,0
1336,1,7301,20,0,5.0,1,4.0,1.0,50.0,1,1,1,White,MIL,1.0,7210.0,16.0,0,493031,49
1337,1,7322,51,0,,1,6.0,4.0,,1,1,0,White,0,,,17.0,0,0,0
1338,1,7315,18,15,1.0,2,6.0,4.0,,1,1,0,White,722,,4150.0,16.0,0,359031,35
1339,1,7310,19,15,,2,6.0,4.0,,1,1,0,White,0,,,19.0,0,0,0
1340,1,7319,49,0,2.0,1,1.0,4.0,40.0,1,2,1,Hispanic,81,1.0,2040.0,21.0,1,212011,21
1341,1,7316,31,0,,2,6.0,4.0,,2,1,0,Black,0,,,16.0,0,0,0
1342,1,7310,18,0,5.0,1,4.0,1.0,45.0,2,2,1,Hispanic,MIL,6.0,630.0,16.0,0,131070,13
1343,1,7309,94,0,,2,6.0,4.0,,6,1,0,Asian,0,,,16.0,0,0,0
1344,1,7310,21,15,1.0,2,1.0,4.0,20.0,1,1,1,White,61,1.0,2002.0,19.0,1,211012,21
1345,1,7322,41,0,,1,6.0,4.0,,1,1,0,White,0,,,16.0,0,0,0
1346,1,7312,19,0,5.0,1,4.0,1.0,66.0,1,1,1,White,MIL,1.0,1108.0,16.0,0,151299,15
1347,1,7322,33,15,,1,6.0,4.0,,1,2,0,Hispanic,0,,,19.0,0,0,0
1348,1,7302,17,13,,1,6.0,4.0,,1,1,0,White,0,,,13.0,0,0,0
1349,1,7316,53,0,,1,6.0,4.0,,2,1,0,Black,0,,,17.0,0,0,0
1350,1,7301,20,0,5.0,1,4.0,1.0,55.0,1,1,1,White,MIL,1.0,9825.0,16.0,0,553010,55
1351,1,7310,22,0,5.0,1,4.0,1.0,30.0,1,1,1,White,MIL,1.0,9830.0,16.0,0,559830,55
1352,1,7322,35,0,,1,6.0,4.0,,1,1,0,White,0,,,16.0,0,0,0
1353,1,7314,48,0,1.0,1,1.0,4.0,40.0,1,1,1,White,721,1.0,3930.0,19.0,1,339030,33
1354,1,7322,46,0,,1,6.0,4.0,,1,2,0,Hispanic,0,,,17.0,0,0,0
1355,1,7312,21,0,5.0,1,4.0,1.0,70.0,1,1,1,White,MIL,1.0,9825.0,16.0,0,553010,55
1356,1,7301,19,0,5.0,1,4.0,1.0,72.0,1,5,1,Hispanic,MIL,3.0,9825.0,16.0,0,553010,55
1357,1,7312,24,0,5.0,1,6.0,2.0,,3,1,0,Other,92,,3930.0,16.0,0,339030,33
1358,1,7319,31,0,,1,6.0,4.0,,2,1,0,Black,0,,,13.0,0,0,0
1359,1,7310,21,0,5.0,1,4.0,1.0,99.0,1,1,1,White,MIL,1.0,1555.0,16.0,0,17302X,17
1360,1,7306,15,13,,2,,,,6,1,0,Asian,0,,,13.0,0,0,0
1361,1,7312,18,0,5.0,1,4.0,1.0,99.0,1,2,1,Hispanic,MIL,5.0,9825.0,19.0,0,553010,55
1362,1,7301,21,0,5.0,1,4.0,1.0,45.0,1,1,1,White,MIL,1.0,9825.0,16.0,0,553010,55
1363,1,7320,25,0,,1,6.0,4.0,,1,2,0,Hispanic,0,,,1.0,0,0,0
1364,1,7317,18,15,1.0,1,6.0,4.0,20.0,1,1,0,White,23,5.0,6260.0,18.0,0,472061,47
1365,1,7316,22,15,5.0,2,4.0,1.0,58.0,1,1,1,White,MIL,1.0,3870.0,18.0,0,333050,33
1366,1,7317,19,15,2.0,1,6.0,4.0,4.0,1,1,0,White,81,5.0,2905.0,19.0,0,2740XX,27
1367,1,7316,31,0,1.0,1,6.0,4.0,,6,1,0,Asian,81,,7200.0,17.0,0,493023,49
1368,1,7317,19,15,1.0,2,6.0,4.0,10.0,6,1,0,Asian,44,6.0,4720.0,16.0,0,412010,41
1369,1,7316,19,15,1.0,2,6.0,4.0,20.0,2,24,0,Hispanic,722,6.0,4030.0,18.0,0,352021,35
1370,1,7316,40,0,,1,6.0,4.0,,1,2,0,Hispanic,0,,,16.0,0,0,0
1371,1,7307,31,0,,1,6.0,4.0,,1,1,0,White,0,,,1.0,0,0,0
1372,1,7310,21,0,5.0,1,4.0,1.0,99.0,1,1,1,White,MIL,6.0,9825.0,16.0,0,553010,55
1373,1,7304,47,0,1.0,1,6.0,4.0,40.0,1,1,0,White,32,3.0,7750.0,22.0,0,5120XX,51
1374,1,7303,20,15,4.0,2,1.0,4.0,10.0,1,1,1,White,61,1.0,4640.0,19.0,1,399041,39
1375,1,7316,21,0,5.0,1,4.0,1.0,85.0,1,1,1,White,MIL,1.0,7340.0,16.0,0,499071,49
1376,1,7313,47,0,1.0,1,6.0,4.0,40.0,1,1,0,White,32,3.0,7750.0,22.0,0,5120XX,51
1377,1,7301,59,0,1.0,1,1.0,4.0,40.0,1,1,1,White,56,1.0,4251.0,16.0,1,373011,37
1378,1,7313,63,0,,2,6.0,4.0,,1,1,0,White,0,,,16.0,0,0,0
1379,1,7316,55,0,2.0,2,6.0,4.0,,1,1,0,White,45,,9620.0,14.0,0,537062,53
1380,1,7302,33,0,,2,6.0,4.0,,1,1,0,White,0,,,21.0,0,0,0
1381,1,7308,41,0,1.0,1,1.0,4.0,60.0,1,1,1,White,721,1.0,136.0,19.0,1,113121,11
1382,1,7317,18,15,1.0,2,6.0,4.0,16.0,1,1,0,White,722,6.0,4720.0,18.0,0,412010,41
1383,1,7316,77,0,,2,6.0,4.0,,1,1,0,White,0,,,19.0,0,0,0
1384,1,7319,44,0,,1,6.0,4.0,,1,2,0,Hispanic,0,,,1.0,0,0,0
1385,1,7322,21,0,,1,6.0,4.0,,2,1,0,Black,0,,,14.0,0,0,0
1386,1,7310,29,0,5.0,1,4.0,1.0,80.0,2,1,1,Black,MIL,1.0,700.0,18.0,0,131081,13
1387,1,7314,62,0,,1,6.0,4.0,,1,1,0,White,0,,,16.0,0,0,0
1388,1,7301,23,0,5.0,1,4.0,1.0,40.0,1,1,1,White,MIL,1.0,1108.0,19.0,0,151299,15
1389,1,7308,76,0,,2,6.0,4.0,,1,1,0,White,0,,,16.0,0,0,0
1390,1,7316,23,0,5.0,2,6.0,2.0,65.0,8,8,0,Hispanic,MIL,1.0,9830.0,16.0,0,559830,55
1391,1,7313,35,15,1.0,2,6.0,2.0,20.0,1,2,0,Hispanic,56,3.0,735.0,19.0,0,131161,13
1392,1,7317,52,0,5.0,1,6.0,4.0,38.0,1,1,0,White,92,1.0,5860.0,9.0,0,439061,43
1393,1,7317,18,15,1.0,2,6.0,4.0,,1,1,0,White,62,,4600.0,19.0,0,399011,39
1394,1,7301,21,0,5.0,1,4.0,1.0,50.0,1,1,1,White,MIL,1.0,9825.0,19.0,0,553010,55
1395,1,7313,52,0,,2,6.0,4.0,,1,1,0,White,0,,,14.0,0,0,0
1396,1,7319,26,0,1.0,1,6.0,4.0,,1,2,0,Hispanic,44,,4760.0,7.0,0,412031,41
1397,1,7310,20,15,1.0,1,6.0,4.0,40.0,6,1,0,Asian,45,6.0,4760.0,19.0,0,412031,41
1398,1,7315,18,15,,2,6.0,4.0,,1,2,0,Hispanic,0,,,18.0,0,0,0
1399,1,7310,24,0,5.0,1,4.0,1.0,65.0,1,1,1,White,MIL,1.0,9830.0,16.0,0,559830,55
1400,1,7315,19,15,,2,6.0,4.0,,1,1,0,White,0,,,19.0,0,0,0
1401,1,7302,18,13,,1,6.0,4.0,,1,2,0,Hispanic,0,,,13.0,0,0,0
1402,1,7312,21,0,5.0,1,4.0,1.0,50.0,2,1,1,Black,MIL,1.0,7040.0,19.0,0,492092,49
1403,1,7306,24,0,,1,6.0,4.0,,1,1,0,White,0,,,17.0,0,0,0
1404,1,7310,26,0,5.0,1,4.0,1.0,80.0,1,1,1,White,MIL,1.0,9825.0,16.0,0,553010,55
1405,1,7302,69,0,,2,6.0,4.0,,1,1,0,White,0,,,1.0,0,0,0
1406,1,7301,21,0,5.0,1,4.0,1.0,50.0,8,2,1,Hispanic,MIL,1.0,7210.0,16.0,0,493031,49
1407,1,7320,70,0,,1,6.0,2.0,,1,1,0,White,0,,,16.0,0,0,0
1408,1,7316,56,0,1.0,1,6.0,4.0,,1,1,0,White,62,,4220.0,19.0,0,37201X,37
1409,1,7316,20,0,5.0,2,4.0,1.0,40.0,2,1,1,Black,MIL,1.0,9825.0,16.0,0,553010,55
1410,1,7310,19,0,5.0,2,4.0,1.0,65.0,1,1,1,White,MIL,1.0,9310.0,18.0,0,535020,53
1411,1,7316,24,0,5.0,1,4.0,1.0,70.0,1,1,1,White,MIL,1.0,9825.0,16.0,0,553010,55
1412,1,7316,70,0,,1,6.0,2.0,,1,1,0,White,0,,,16.0,0,0,0
1413,1,7306,90,0,,2,6.0,4.0,,1,1,0,White,0,,,20.0,0,0,0
1414,1,7305,61,0,,2,6.0,4.0,,1,1,0,White,0,,,19.0,0,0,0
1415,1,7315,19,15,1.0,1,6.0,4.0,20.0,1,1,0,White,23,5.0,6260.0,18.0,0,472061,47
1416,1,7322,61,0,,2,6.0,4.0,,1,1,0,White,0,,,10.0,0,0,0
1417,1,7301,20,0,5.0,1,4.0,1.0,55.0,1,1,1,White,MIL,1.0,3870.0,16.0,0,333050,33
1418,1,7306,94,0,,2,6.0,4.0,,2,1,0,Black,0,,,7.0,0,0,0
1419,1,7303,56,0,1.0,1,6.0,4.0,,1,1,0,White,62,,4220.0,19.0,0,37201X,37
1420,1,7316,22,0,5.0,2,4.0,1.0,40.0,2,1,1,Black,MIL,1.0,1555.0,16.0,0,17302X,17
1421,1,7322,40,0,,1,6.0,4.0,,1,1,0,White,0,,,22.0,0,0,0
1422,1,7317,65,0,,2,6.0,4.0,,9,1,0,Two or More,0,,,23.0,0,0,0
1423,1,7309,90,0,,2,6.0,4.0,,1,1,0,White,0,,,20.0,0,0,0
1424,1,7312,25,0,5.0,1,4.0,1.0,76.0,6,1,1,Asian,MIL,1.0,4020.0,18.0,0,352010,35
1425,1,7301,26,0,5.0,1,4.0,1.0,45.0,1,2,1,Hispanic,MIL,1.0,6765.0,18.0,0,4740XX,47
1426,1,7301,22,0,5.0,1,4.0,1.0,60.0,8,1,1,White,MIL,1.0,9825.0,20.0,0,553010,55
1427,1,7317,40,0,,1,6.0,2.0,,1,1,0,White,0,,,22.0,0,0,0
1428,1,7310,21,15,1.0,2,6.0,4.0,6.0,9,1,0,Two or More,722,6.0,4150.0,16.0,0,359031,35
1429,1,7321,36,0,5.0,1,4.0,1.0,80.0,1,1,1,White,MIL,1.0,9310.0,21.0,0,535020,53
1430,1,7301,22,0,5.0,1,4.0,1.0,50.0,1,1,1,White,MIL,1.0,5040.0,18.0,0,432099,43
1431,1,7310,19,0,5.0,1,4.0,1.0,99.0,1,1,1,White,MIL,6.0,9825.0,16.0,0,553010,55
1432,1,7322,40,0,,1,6.0,4.0,,1,1,0,White,0,,,22.0,0,0,0
1433,1,7310,56,0,,1,6.0,2.0,,1,1,0,White,0,,,19.0,0,0,0
1434,1,7301,21,0,5.0,1,4.0,1.0,50.0,2,1,1,Black,MIL,1.0,7040.0,19.0,0,492092,49
1435,1,7322,36,0,1.0,1,6.0,4.0,,2,1,0,Black,54,,2910.0,14.0,0,274021,27
1436,1,7321,19,0,5.0,1,4.0,1.0,96.0,2,1,1,Black,MIL,1.0,9830.0,16.0,0,559830,55
1437,1,7321,24,0,5.0,1,4.0,1.0,75.0,1,1,1,White,MIL,1.0,9825.0,21.0,0,553010,55
1438,1,7308,78,0,,1,6.0,2.0,,1,1,0,White,0,,,19.0,0,0,0
1439,1,7305,18,15,1.0,1,1.0,4.0,15.0,1,1,1,White,722,1.0,4220.0,19.0,1,37201X,37
1440,1,7301,21,0,5.0,1,4.0,1.0,50.0,1,1,1,White,MIL,1.0,9130.0,20.0,0,533030,53
1441,1,7309,73,0,,2,6.0,4.0,,1,1,0,White,0,,,21.0,0,0,0
1442,1,7316,25,0,5.0,1,4.0,1.0,79.0,8,2,1,Hispanic,MIL,1.0,7040.0,19.0,0,492092,49
1443,1,7303,36,0,,2,6.0,4.0,,1,1,0,White,0,,,18.0,0,0,0
1444,1,7315,21,15,5.0,2,1.0,4.0,20.0,9,1,1,Two or More,61,1.0,2205.0,19.0,1,251000,25
1445,1,7317,70,0,,1,6.0,2.0,,1,1,0,White,0,,,16.0,0,0,0
1446,1,7304,20,0,,1,6.0,4.0,,1,1,0,White,0,,,16.0,0,0,0
1447,1,7322,40,0,,1,6.0,4.0,,1,1,0,White,0,,,17.0,0,0,0
1448,1,7322,20,14,1.0,1,6.0,4.0,40.0,2,1,0,Black,722,4.0,4020.0,14.0,0,352010,35
1449,1,7308,94,0,,2,6.0,4.0,,2,1,0,Black,0,,,7.0,0,0,0
1450,1,7315,19,15,1.0,2,1.0,4.0,10.0,9,2,1,Hispanic,61,4.0,4720.0,18.0,1,412010,41
1451,1,7303,85,0,,1,6.0,3.0,,1,1,0,White,0,,,18.0,0,0,0
1452,1,7301,19,0,5.0,1,4.0,1.0,50.0,1,2,1,Hispanic,MIL,1.0,6355.0,16.0,0,472111,47
1453,1,7315,24,0,,1,6.0,4.0,,1,1,0,White,0,,,17.0,0,0,0
1454,1,7321,21,0,5.0,1,4.0,1.0,85.0,8,2,1,Hispanic,MIL,1.0,9830.0,19.0,0,559830,55
1455,1,7316,28,0,5.0,1,4.0,1.0,99.0,1,1,1,White,MIL,1.0,1555.0,19.0,0,17302X,17
1456,1,7322,47,0,,1,6.0,4.0,,2,1,0,Black,0,,,16.0,0,0,0
1457,1,7311,17,13,,1,6.0,4.0,,1,1,0,White,0,,,13.0,0,0,0
1458,1,7301,19,0,5.0,2,4.0,1.0,50.0,9,1,1,Two or More,MIL,1.0,5040.0,19.0,0,432099,43
1459,1,7301,21,0,5.0,1,4.0,1.0,50.0,1,1,1,White,MIL,1.0,7020.0,16.0,0,492020,49
1460,1,7317,18,15,1.0,2,6.0,4.0,16.0,1,2,0,Hispanic,722,6.0,4720.0,18.0,0,412010,41
1461,1,7310,20,0,5.0,1,4.0,1.0,40.0,2,1,1,Black,MIL,1.0,1555.0,19.0,0,17302X,17
1462,1,7319,15,12,,1,,,,2,1,0,Black,0,,,12.0,0,0,0
1463,1,7301,20,0,5.0,1,4.0,1.0,45.0,1,1,1,White,MIL,1.0,3645.0,19.0,0,319092,31
1464,1,7320,32,0,,2,6.0,4.0,,6,1,0,Asian,0,,,1.0,0,0,0
1465,1,7312,82,0,,1,6.0,2.0,,1,1,0,White,0,,,19.0,0,0,0
1466,1,7315,19,15,1.0,2,6.0,4.0,40.0,1,1,0,White,54,5.0,5740.0,19.0,0,436014,43
1467,1,7301,20,0,5.0,1,4.0,1.0,50.0,1,2,1,Hispanic,MIL,1.0,5040.0,16.0,0,432099,43
1468,1,7308,17,13,,1,6.0,4.0,,1,1,0,White,0,,,13.0,0,0,0
1469,1,7321,36,0,,2,6.0,4.0,,1,1,0,White,0,,,18.0,0,0,0
1470,1,7306,78,0,,1,6.0,2.0,,1,1,0,White,0,,,19.0,0,0,0
1471,1,7315,23,15,1.0,2,1.0,4.0,25.0,1,24,1,Hispanic,61,6.0,5400.0,19.0,1,434171,43
1472,1,7310,23,0,5.0,1,4.0,1.0,40.0,1,1,1,White,MIL,1.0,1108.0,19.0,0,151299,15
1473,1,7303,41,0,6.0,1,6.0,4.0,40.0,1,1,0,White,56,3.0,4240.0,21.0,0,372021,37
1474,1,7317,19,15,,2,6.0,4.0,,1,1,0,White,0,,,18.0,0,0,0
1475,1,7316,24,15,1.0,2,6.0,4.0,20.0,9,1,0,Two or More,44,6.0,9620.0,19.0,0,537062,53
1476,1,7316,20,0,5.0,1,4.0,1.0,81.0,1,1,1,White,MIL,1.0,9825.0,17.0,0,553010,55
1477,1,7317,24,15,1.0,2,6.0,4.0,20.0,9,1,0,Two or More,44,6.0,9620.0,19.0,0,537062,53
1478,1,7322,39,0,,1,6.0,4.0,,1,2,0,Hispanic,0,,,11.0,0,0,0
1479,1,7301,22,0,5.0,1,4.0,1.0,78.0,1,1,1,White,MIL,1.0,7030.0,16.0,0,492091,49
1480,1,7310,21,0,5.0,1,4.0,1.0,62.0,1,1,1,White,MIL,1.0,7140.0,16.0,0,493011,49
1481,1,7301,22,0,5.0,1,4.0,1.0,50.0,1,1,1,White,MIL,1.0,9825.0,16.0,0,553010,55
1482,1,7301,19,0,5.0,1,4.0,1.0,60.0,1,1,1,White,MIL,1.0,9825.0,16.0,0,553010,55
1483,1,7321,43,16,5.0,2,4.0,3.0,85.0,2,1,1,Black,MIL,1.0,700.0,21.0,0,131081,13
1484,1,7310,66,0,,1,6.0,4.0,,1,24,0,Hispanic,0,,,19.0,0,0,0
1485,1,7319,50,0,,1,6.0,4.0,,1,1,0,White,0,,,1.0,0,0,0
1486,1,7313,61,0,,1,6.0,4.0,,1,1,0,White,0,,,16.0,0,0,0
1487,1,7313,65,0,,1,6.0,4.0,,1,1,0,White,0,,,16.0,0,0,0
1488,1,7322,38,0,,1,6.0,4.0,,1,2,0,Hispanic,0,,,14.0,0,0,0
1489,1,7307,63,0,,1,6.0,4.0,,2,1,0,Black,0,,,18.0,0,0,0
1490,1,7318,41,0,1.0,2,1.0,4.0,40.0,1,1,1,White,721,1.0,340.0,20.0,1,119081,11
1491,1,7301,20,0,5.0,1,4.0,1.0,66.0,1,5,1,Hispanic,MIL,1.0,9830.0,16.0,0,559830,55
1492,1,7315,20,15,1.0,2,2.0,4.0,8.0,1,1,1,White,722,6.0,4110.0,19.0,1,353031,35
1493,1,7304,25,0,,1,6.0,4.0,,1,2,0,Hispanic,0,,,1.0,0,0,0
1494,1,7316,29,0,5.0,1,4.0,1.0,75.0,6,1,1,Asian,MIL,1.0,1007.0,19.0,0,151212,15
1495,1,7316,20,0,5.0,1,4.0,1.0,79.0,1,1,1,White,MIL,1.0,1010.0,16.0,0,151251,15
1496,1,7312,22,0,5.0,1,4.0,1.0,50.0,8,19,1,Hispanic,MIL,1.0,9130.0,16.0,0,533030,53
1497,1,7310,25,0,5.0,1,4.0,1.0,40.0,2,4,1,Hispanic,MIL,4.0,1555.0,19.0,0,17302X,17
1498,1,7319,44,0,6.0,1,6.0,4.0,40.0,2,1,0,Black,54,5.0,735.0,18.0,0,131161,13
1499,1,7302,37,0,,2,6.0,4.0,,2,1,0,Black,0,,,20.0,0,0,0
1500,1,7305,18,15,,1,6.0,4.0,,8,2,0,Hispanic,0,,,19.0,0,0,0
1501,1,7315,19,15,4.0,1,6.0,4.0,12.0,1,1,0,White,61,5.0,5240.0,16.0,0,434051,43
1502,1,7315,19,15,1.0,2,1.0,4.0,20.0,6,1,1,Asian,54,5.0,1970.0,19.0,1,1940YY,19
1503,1,7315,19,15,1.0,1,6.0,4.0,40.0,1,2,0,Hispanic,23,5.0,6260.0,16.0,0,472061,47
1504,1,7301,27,0,5.0,1,4.0,1.0,50.0,1,1,1,White,MIL,1.0,5040.0,19.0,0,432099,43
1505,1,7313,27,0,,2,6.0,4.0,,2,1,0,Black,0,,,18.0,0,0,0
1506,1,7317,18,15,1.0,2,6.0,4.0,16.0,9,2,0,Hispanic,722,6.0,4720.0,18.0,0,412010,41
1507,1,7310,80,0,,1,6.0,3.0,,1,1,0,White,0,,,7.0,0,0,0
1508,1,7321,24,0,5.0,1,4.0,1.0,90.0,1,2,1,Hispanic,MIL,1.0,7210.0,16.0,0,493031,49
1509,1,7314,20,0,,2,6.0,4.0,,1,1,0,White,0,,,13.0,0,0,0
1510,1,7304,27,0,,2,6.0,4.0,,2,1,0,Black,0,,,18.0,0,0,0
1511,1,7301,28,0,5.0,1,4.0,1.0,55.0,1,1,1,White,MIL,1.0,5040.0,16.0,0,432099,43
1512,1,7321,76,0,,1,6.0,3.0,,1,1,0,White,0,,,19.0,0,0,0
1513,1,7322,71,0,,1,6.0,4.0,,2,1,0,Black,0,,,19.0,0,0,0
1514,1,7305,29,0,1.0,2,6.0,4.0,,1,1,0,White,45,,4760.0,16.0,0,412031,41
1515,1,7313,34,0,5.0,1,6.0,4.0,38.0,1,1,0,White,92,1.0,5860.0,16.0,0,439061,43
1516,1,7316,21,0,5.0,1,6.0,4.0,40.0,6,1,0,Asian,92,4.0,4120.0,19.0,0,353041,35
1517,1,7312,20,0,5.0,1,4.0,1.0,55.0,1,1,1,White,MIL,1.0,9825.0,16.0,0,553010,55
1518,1,7322,46,0,,1,6.0,4.0,,1,1,0,White,0,,,16.0,0,0,0
1519,1,7319,26,0,1.0,1,6.0,4.0,20.0,1,1,0,White,56,4.0,9620.0,17.0,0,537062,53
1520,1,7301,19,0,5.0,1,4.0,1.0,70.0,2,1,1,Black,MIL,1.0,9825.0,16.0,0,553010,55
1521,1,7318,71,0,,1,6.0,4.0,,1,1,0,White,0,,,13.0,0,0,0
1522,1,7319,45,0,,1,6.0,4.0,,1,2,0,Hispanic,0,,,14.0,0,0,0
1523,1,7301,22,0,5.0,1,4.0,1.0,50.0,1,1,1,White,MIL,1.0,3870.0,19.0,0,333050,33
1524,1,7310,19,15,,1,6.0,4.0,,1,1,0,White,0,,,19.0,0,0,0
1525,1,7301,32,0,1.0,2,6.0,4.0,40.0,1,2,0,Hispanic,11,5.0,6050.0,14.0,0,4520XX,45
1526,1,7310,20,15,5.0,1,4.0,3.0,80.0,1,1,1,White,MIL,5.0,9825.0,16.0,0,553010,55
1527,1,7308,94,0,,2,6.0,4.0,,1,1,0,White,0,,,16.0,0,0,0
1528,1,7318,94,0,,2,6.0,4.0,,6,1,0,Asian,0,,,16.0,0,0,0
1529,1,7310,19,0,5.0,1,4.0,3.0,50.0,1,2,1,Hispanic,MIL,6.0,9830.0,19.0,0,559830,55
1530,1,7322,40,0,,1,6.0,4.0,,2,1,0,Black,0,,,13.0,0,0,0
1531,1,7303,32,0,,1,6.0,4.0,,1,1,0,White,0,,,1.0,0,0,0
1532,1,7315,20,15,,2,6.0,4.0,,1,1,0,White,0,,,19.0,0,0,0
1533,1,7313,41,0,1.0,2,1.0,4.0,40.0,1,1,1,White,721,1.0,340.0,20.0,1,119081,11
1534,1,7301,20,0,5.0,1,4.0,1.0,50.0,1,1,1,White,MIL,1.0,9825.0,16.0,0,553010,55
1535,1,7322,58,0,,1,6.0,4.0,,2,1,0,Black,0,,,16.0,0,0,0
1536,1,7315,14,11,,1,,,,2,1,0,Black,0,,,11.0,0,0,0
1537,1,7308,17,13,,1,6.0,4.0,,1,1,0,White,0,,,13.0,0,0,0
1538,1,7307,26,0,1.0,1,6.0,4.0,20.0,1,1,0,White,56,4.0,9620.0,17.0,0,537062,53
1539,1,7319,33,0,6.0,1,6.0,4.0,40.0,1,2,0,Hispanic,23,4.0,6355.0,16.0,0,472111,47
1540,1,7319,53,0,1.0,1,6.0,4.0,40.0,1,2,0,Hispanic,52,3.0,4810.0,21.0,0,413021,41
1541,1,7322,80,0,,1,6.0,2.0,,1,1,0,White,0,,,23.0,0,0,0
1542,1,7310,18,14,5.0,1,4.0,1.0,81.0,1,2,1,Hispanic,MIL,1.0,9830.0,18.0,0,559830,55
1543,1,7322,40,0,,1,6.0,4.0,,1,1,0,White,0,,,17.0,0,0,0
1544,1,7316,51,0,,2,6.0,4.0,,1,1,0,White,0,,,14.0,0,0,0
1545,1,7301,76,0,,1,6.0,2.0,,1,1,0,White,0,,,21.0,0,0,0
1546,1,7319,51,0,1.0,1,6.0,4.0,40.0,1,2,0,Hispanic,23,3.0,6410.0,11.0,0,472140,47
1547,1,7305,18,15,,2,6.0,4.0,,8,2,0,Hispanic,0,,,18.0,0,0,0
1548,1,7301,18,0,5.0,1,4.0,1.0,37.0,1,4,1,Hispanic,MIL,4.0,630.0,16.0,0,131070,13
1549,1,7310,21,0,5.0,1,4.0,1.0,72.0,1,1,1,White,MIL,1.0,7100.0,16.0,0,49209X,49
1550,1,7322,18,14,,2,6.0,4.0,,1,2,0,Hispanic,0,,,14.0,0,0,0
1551,1,7317,23,0,1.0,2,1.0,4.0,20.0,3,1,1,Other,44,1.0,4720.0,19.0,1,412010,41
1552,1,7319,29,0,1.0,1,6.0,4.0,,2,1,0,Black,45,,9645.0,16.0,0,537065,53
1553,1,7321,20,0,5.0,1,4.0,1.0,60.0,1,1,1,White,MIL,1.0,9300.0,16.0,0,5350XX,53
1554,1,7322,16,13,,1,6.0,,,1,2,0,Hispanic,0,,,13.0,0,0,0
1555,1,7302,15,13,,1,,,,1,2,0,Hispanic,0,,,13.0,0,0,0
1556,1,7319,24,0,,1,6.0,4.0,,1,2,0,Hispanic,0,,,14.0,0,0,0
1557,1,7317,19,15,,2,6.0,4.0,,9,1,0,Two or More,0,,,18.0,0,0,0
1558,1,7310,21,0,1.0,2,1.0,4.0,30.0,1,1,1,White,722,1.0,4720.0,18.0,1,412010,41
1559,1,7321,26,0,5.0,1,4.0,1.0,80.0,1,1,1,White,MIL,1.0,9310.0,21.0,0,535020,53
1560,1,7312,22,0,5.0,1,4.0,1.0,60.0,1,10,1,Hispanic,MIL,1.0,9825.0,19.0,0,553010,55
1561,1,7310,19,0,5.0,1,4.0,1.0,99.0,1,1,1,White,MIL,6.0,9825.0,16.0,0,553010,55
1562,1,7310,20,0,5.0,1,4.0,1.0,75.0,6,1,1,Asian,MIL,1.0,9825.0,16.0,0,553010,55
1563,1,7315,75,0,,2,6.0,4.0,,1,1,0,White,0,,,21.0,0,0,0
1564,1,7303,41,0,1.0,1,6.0,4.0,40.0,1,1,0,White,44,5.0,4251.0,16.0,0,373011,37
1565,1,7318,89,0,,2,6.0,4.0,,6,1,0,Asian,0,,,16.0,0,0,0
1566,1,7310,25,0,5.0,1,4.0,1.0,81.0,2,1,1,Black,MIL,1.0,7100.0,16.0,0,49209X,49
1567,1,7318,26,0,1.0,1,6.0,4.0,20.0,1,1,0,White,56,4.0,9620.0,17.0,0,537062,53
1568,1,7301,36,0,,1,6.0,4.0,,1,24,0,Hispanic,0,,,18.0,0,0,0
1569,1,7322,66,0,,1,6.0,4.0,,2,1,0,Black,0,,,11.0,0,0,0
1570,1,7321,94,0,,1,6.0,2.0,,1,2,0,Hispanic,0,,,12.0,0,0,0
1571,1,7316,34,0,3.0,1,6.0,4.0,40.0,2,1,0,Black,62,4.0,3602.0,19.0,0,311122,31
1572,1,7318,41,0,1.0,1,1.0,4.0,60.0,1,1,1,White,721,1.0,136.0,19.0,1,113121,11
1573,1,7304,80,0,,1,6.0,2.0,,1,1,0,White,0,,,12.0,0,0,0
1574,1,7317,19,15,2.0,1,6.0,4.0,4.0,1,1,0,White,81,5.0,2905.0,19.0,0,2740XX,27
1575,1,7312,26,15,5.0,1,6.0,2.0,,1,1,0,White,92,,3515.0,19.0,0,292072,29
1576,1,7321,63,0,,1,6.0,2.0,,1,24,0,Hispanic,0,,,19.0,0,0,0
1577,1,7316,24,0,5.0,1,4.0,1.0,80.0,1,23,1,Hispanic,MIL,1.0,7100.0,19.0,0,49209X,49
1578,1,7301,23,0,5.0,1,4.0,1.0,73.0,8,2,1,Hispanic,MIL,1.0,9825.0,16.0,0,553010,55
1579,1,7309,69,0,,2,6.0,4.0,,1,1,0,White,0,,,1.0,0,0,0
1580,1,7322,55,0,,1,6.0,4.0,,1,1,0,White,0,,,17.0,0,0,0
1581,1,7301,37,15,5.0,1,4.0,1.0,40.0,6,1,1,Asian,MIL,1.0,5820.0,21.0,0,439022,43
1582,1,7319,23,0,1.0,1,6.0,4.0,20.0,1,1,0,White,23,1.0,6330.0,19.0,0,472080,47
1583,1,7315,20,14,1.0,1,6.0,4.0,40.0,2,1,0,Black,722,4.0,4020.0,14.0,0,352010,35
1584,1,7321,20,14,1.0,1,6.0,4.0,40.0,2,1,0,Black,722,4.0,4020.0,14.0,0,352010,35
1585,1,7312,20,0,5.0,1,4.0,1.0,73.0,1,1,1,White,MIL,1.0,9825.0,16.0,0,553010,55
1586,1,7313,94,0,,2,6.0,4.0,,1,1,0,White,0,,,19.0,0,0,0
1587,1,7319,15,13,,2,,,,6,1,0,Asian,0,,,13.0,0,0,0
1588,1,7301,19,0,5.0,1,4.0,1.0,50.0,1,1,1,White,MIL,1.0,9645.0,16.0,0,537065,53
1589,1,7303,79,0,,1,6.0,4.0,,1,1,0,White,0,,,21.0,0,0,0
1590,1,7312,18,0,5.0,1,4.0,1.0,99.0,1,2,1,Hispanic,MIL,5.0,9825.0,19.0,0,553010,55
1591,1,7301,19,0,5.0,1,4.0,1.0,50.0,8,2,1,Hispanic,MIL,1.0,7010.0,16.0,0,492011,49
1592,1,7319,39,0,,1,6.0,4.0,,1,2,0,Hispanic,0,,,14.0,0,0,0
1593,1,7309,83,0,,2,6.0,4.0,,1,1,0,White,0,,,21.0,0,0,0
1594,1,7319,54,0,,1,6.0,4.0,,1,3,0,Hispanic,0,,,20.0,0,0,0
1595,1,7305,32,0,1.0,2,6.0,4.0,40.0,1,2,0,Hispanic,11,5.0,6050.0,14.0,0,4520XX,45
1596,1,7310,19,0,5.0,1,4.0,1.0,35.0,1,1,1,White,MIL,1.0,9825.0,16.0,0,553010,55
1597,1,7301,23,0,5.0,1,4.0,1.0,50.0,1,11,1,Hispanic,MIL,1.0,9830.0,16.0,0,559830,55
1598,1,7310,21,0,5.0,1,4.0,1.0,60.0,1,1,1,White,MIL,1.0,7220.0,16.0,0,493040,49
1599,1,7301,26,0,5.0,1,4.0,1.0,45.0,1,1,1,White,MIL,1.0,9825.0,16.0,0,553010,55
1600,1,7313,71,0,,1,6.0,4.0,,1,1,0,White,0,,,13.0,0,0,0
1601,1,7319,34,0,,1,6.0,4.0,,2,1,0,Black,0,,,16.0,0,0,0
1602,1,7319,30,0,,1,6.0,4.0,,2,1,0,Black,0,,,16.0,0,0,0
1603,1,7319,20,0,6.0,1,6.0,4.0,,1,2,0,Hispanic,23,,6410.0,16.0,0,472140,47
1604,1,7319,29,0,,2,6.0,4.0,,1,1,0,White,0,,,19.0,0,0,0
1605,1,7310,18,0,5.0,1,4.0,1.0,99.0,1,2,1,Hispanic,MIL,5.0,9825.0,19.0,0,553010,55
1606,1,7314,20,14,1.0,1,6.0,4.0,40.0,2,1,0,Black,722,4.0,4020.0,14.0,0,352010,35
1607,1,7301,65,0,,1,6.0,4.0,,1,1,0,White,0,,,16.0,0,0,0
1608,1,7301,67,0,,2,6.0,4.0,,1,1,0,White,0,,,24.0,0,0,0
1609,1,7316,21,0,5.0,2,4.0,1.0,76.0,8,2,1,Hispanic,MIL,1.0,9300.0,19.0,0,5350XX,53
1610,1,7321,36,0,1.0,1,6.0,4.0,40.0,1,2,0,Hispanic,23,4.0,6442.0,11.0,0,472152,47
1611,1,7308,69,0,1.0,2,1.0,4.0,50.0,1,2,1,Hispanic,62,1.0,4220.0,1.0,1,37201X,37
1612,1,7304,48,0,1.0,1,1.0,4.0,40.0,1,1,1,White,721,1.0,3930.0,19.0,1,339030,33
1613,1,7319,16,14,,1,6.0,,,1,2,0,Hispanic,0,,,14.0,0,0,0
1614,1,7319,22,0,1.0,1,6.0,4.0,,1,2,0,Hispanic,32,,7700.0,16.0,0,511011,51
1615,1,7310,19,0,5.0,1,4.0,1.0,40.0,1,2,1,Hispanic,MIL,1.0,1555.0,19.0,0,17302X,17
1616,1,7306,79,13,,2,6.0,4.0,,1,1,0,White,0,,,13.0,0,0,0
1617,1,7316,56,0,,1,6.0,2.0,,1,1,0,White,0,,,17.0,0,0,0
1618,1,7321,24,0,5.0,1,4.0,1.0,65.0,1,1,1,White,MIL,1.0,9830.0,16.0,0,559830,55
1619,1,7301,27,0,1.0,1,1.0,4.0,25.0,1,1,1,White,56,1.0,3930.0,16.0,1,339030,33
1620,1,7301,22,0,5.0,1,4.0,1.0,50.0,8,19,1,Hispanic,MIL,1.0,9130.0,16.0,0,533030,53
1621,1,7315,17,13,,1,6.0,4.0,,1,1,0,White,0,,,13.0,0,0,0
1622,1,7312,20,0,5.0,1,4.0,1.0,53.0,1,1,1,White,MIL,1.0,5040.0,17.0,0,432099,43
1623,1,7313,23,0,1.0,2,1.0,4.0,32.0,2,1,1,Black,62,1.0,4230.0,19.0,1,372012,37
1624,1,7313,22,0,1.0,2,6.0,4.0,20.0,1,2,0,Hispanic,44,5.0,9645.0,18.0,0,537065,53
1625,1,7308,64,0,,2,6.0,4.0,,1,2,0,Hispanic,0,,,16.0,0,0,0
1626,1,7316,25,0,5.0,1,4.0,1.0,76.0,6,1,1,Asian,MIL,1.0,4020.0,18.0,0,352010,35
1627,1,7301,21,0,5.0,1,4.0,1.0,50.0,1,1,1,White,MIL,1.0,9825.0,16.0,0,553010,55
1628,1,7310,58,0,,1,6.0,2.0,,1,2,0,Hispanic,0,,,19.0,0,0,0
1629,1,7317,19,15,,2,6.0,4.0,,1,1,0,White,0,,,19.0,0,0,0
1630,1,7313,21,0,,1,6.0,4.0,,1,11,0,Hispanic,0,,,19.0,0,0,0
1631,1,7301,28,0,5.0,1,4.0,1.0,40.0,1,1,1,White,MIL,1.0,3740.0,19.0,0,332011,33
1632,1,7322,32,0,1.0,1,6.0,4.0,,2,1,0,Black,56,,4220.0,16.0,0,37201X,37
1633,1,7310,18,0,5.0,1,4.0,1.0,36.0,1,1,1,White,MIL,6.0,630.0,16.0,0,131070,13
1634,1,7316,21,0,5.0,1,4.0,1.0,98.0,8,2,1,Hispanic,MIL,1.0,7040.0,16.0,0,492092,49
1635,1,7312,23,0,5.0,1,4.0,1.0,50.0,1,11,1,Hispanic,MIL,1.0,9830.0,16.0,0,559830,55
1636,1,7322,70,0,,2,6.0,4.0,,1,1,0,White,0,,,1.0,0,0,0
1637,1,7321,83,0,,1,6.0,4.0,,1,1,0,White,0,,,21.0,0,0,0
1638,1,7316,60,0,1.0,1,6.0,4.0,,1,2,0,Hispanic,33,,8140.0,9.0,0,514120,51
1639,1,7321,36,0,5.0,2,4.0,1.0,84.0,1,1,1,White,MIL,1.0,9810.0,19.0,0,552010,55
1640,1,7310,66,0,6.0,2,6.0,4.0,5.0,1,1,0,White,81,2.0,4350.0,19.0,0,392021,39
1641,1,7314,29,0,1.0,2,6.0,4.0,,1,1,0,White,56,,9645.0,18.0,0,537065,53
1642,1,7312,23,0,5.0,1,4.0,1.0,55.0,1,1,1,White,MIL,1.0,9825.0,16.0,0,553010,55
1643,1,7322,22,0,1.0,2,6.0,4.0,20.0,1,2,0,Hispanic,44,5.0,9645.0,18.0,0,537065,53
1644,1,7319,22,15,4.0,1,6.0,4.0,20.0,1,2,0,Hispanic,61,2.0,9620.0,16.0,0,537062,53
1645,1,7321,47,0,1.0,1,6.0,4.0,40.0,1,1,0,White,32,3.0,7750.0,22.0,0,5120XX,51
1646,1,7316,23,0,5.0,1,4.0,1.0,85.0,1,1,1,White,MIL,1.0,9310.0,16.0,0,535020,53
1647,1,7306,73,0,,2,6.0,4.0,,1,1,0,White,0,,,21.0,0,0,0
1648,1,7312,23,15,5.0,1,4.0,1.0,72.0,1,1,1,White,MIL,1.0,7140.0,19.0,0,493011,49
1649,1,7310,23,0,5.0,1,4.0,1.0,72.0,2,1,1,Black,MIL,1.0,9310.0,16.0,0,535020,53
1650,1,7313,86,0,,1,6.0,4.0,,1,2,0,Hispanic,0,,,16.0,0,0,0
1651,1,7314,83,0,,2,6.0,4.0,,1,1,0,White,0,,,21.0,0,0,0
1652,1,7313,62,0,,1,6.0,4.0,,1,1,0,White,0,,,16.0,0,0,0
1653,1,7310,41,0,1.0,1,1.0,4.0,60.0,1,1,1,White,721,1.0,136.0,19.0,1,113121,11
1654,1,7310,19,15,,2,6.0,4.0,,1,2,0,Hispanic,0,,,19.0,0,0,0
1655,1,7319,16,14,,1,6.0,,,1,2,0,Hispanic,0,,,14.0,0,0,0
1656,1,7317,18,15,1.0,2,6.0,4.0,20.0,1,1,0,White,722,6.0,4030.0,18.0,0,352021,35
1657,1,7317,18,15,1.0,2,6.0,4.0,,1,1,0,White,722,,4150.0,16.0,0,359031,35
1658,1,7321,35,0,5.0,1,4.0,1.0,82.0,1,23,1,Hispanic,MIL,1.0,9830.0,21.0,0,559830,55
1659,1,7319,40,0,,1,6.0,4.0,,1,1,0,White,0,,,14.0,0,0,0
1660,1,7313,94,0,,1,6.0,2.0,,1,1,0,White,0,,,12.0,0,0,0
1661,1,7311,59,0,1.0,1,1.0,4.0,40.0,1,1,1,White,56,1.0,4251.0,16.0,1,373011,37
1662,1,7301,24,0,5.0,1,4.0,1.0,84.0,2,1,1,Black,MIL,1.0,7140.0,16.0,0,493011,49
1663,1,7322,66,0,,1,6.0,4.0,,1,1,0,White,0,,,16.0,0,0,0
1664,1,7301,25,0,5.0,1,4.0,1.0,50.0,1,1,1,White,MIL,1.0,7210.0,16.0,0,493031,49
1665,1,7310,18,15,,2,6.0,4.0,,1,1,0,White,0,,,18.0,0,0,0
1666,1,7322,31,0,,1,6.0,4.0,,2,1,0,Black,0,,,16.0,0,0,0
1667,1,7321,41,0,,1,6.0,4.0,,1,1,0,White,0,,,6.0,0,0,0
1668,1,7307,66,0,,1,6.0,4.0,,1,1,0,White,0,,,5.0,0,0,0
1669,1,7312,59,0,,1,6.0,2.0,,1,1,0,White,0,,,16.0,0,0,0
1670,1,7301,18,0,1.0,1,1.0,2.0,23.0,1,1,1,White,721,1.0,4020.0,16.0,1,352010,35
1671,1,7309,74,0,,2,6.0,4.0,,1,1,0,White,0,,,21.0,0,0,0
1672,1,7301,22,0,5.0,1,4.0,1.0,55.0,2,1,1,Black,MIL,1.0,6835.0,16.0,0,475032,47
1673,1,7322,46,15,,1,6.0,4.0,,1,2,0,Hispanic,0,,,19.0,0,0,0
1674,1,7310,17,14,,1,6.0,4.0,,1,2,0,Hispanic,0,,,14.0,0,0,0
1675,1,7321,78,0,,2,6.0,4.0,,1,2,0,Hispanic,0,,,12.0,0,0,0
1676,1,7307,21,14,,2,6.0,4.0,,1,2,0,Hispanic,0,,,14.0,0,0,0
1677,1,7310,71,0,,1,6.0,2.0,,1,1,0,White,0,,,22.0,0,0,0
1678,1,7319,60,0,,1,6.0,4.0,,2,4,0,Hispanic,0,,,19.0,0,0,0
1679,1,7301,20,0,5.0,1,4.0,1.0,50.0,2,1,1,Black,MIL,1.0,9825.0,21.0,0,553010,55
1680,1,7305,18,15,1.0,1,6.0,4.0,2.0,8,2,0,Hispanic,722,6.0,4130.0,19.0,0,359011,35
1681,1,7321,27,0,5.0,1,4.0,1.0,70.0,1,2,1,Hispanic,MIL,1.0,9825.0,16.0,0,553010,55
1682,1,7313,65,0,6.0,1,6.0,4.0,40.0,1,1,0,White,81,1.0,440.0,18.0,0,1191XX,11
1683,1,7321,18,14,,2,6.0,4.0,,1,1,0,White,0,,,14.0,0,0,0
1684,1,7316,21,0,1.0,1,6.0,4.0,,2,1,0,Black,45,,4950.0,14.0,0,419091,41
1685,1,7301,28,0,5.0,1,4.0,1.0,50.0,1,1,1,White,MIL,1.0,9825.0,20.0,0,553010,55
1686,1,7310,22,0,5.0,1,5.0,1.0,50.0,1,2,1,Hispanic,MIL,1.0,9830.0,16.0,0,559830,55
1687,1,7313,74,0,,2,6.0,2.0,,1,1,0,White,0,,,19.0,0,0,0
1688,1,7314,44,0,1.0,2,1.0,4.0,40.0,1,1,1,White,61,5.0,5140.0,18.0,1,433051,43
1689,1,7301,19,0,5.0,1,4.0,1.0,50.0,1,1,1,White,MIL,1.0,9830.0,16.0,0,559830,55
1690,1,7301,22,0,5.0,1,4.0,1.0,50.0,1,1,1,White,MIL,1.0,7640.0,16.0,0,4990XX,49
1691,1,7310,21,0,5.0,1,4.0,1.0,64.0,1,1,1,White,MIL,1.0,7140.0,16.0,0,493011,49
1692,1,7313,70,0,,1,6.0,4.0,,2,1,0,Black,0,,,14.0,0,0,0
1693,1,7316,55,0,,1,6.0,4.0,,1,1,0,White,0,,,16.0,0,0,0
1694,1,7316,70,0,,2,6.0,4.0,,1,1,0,White,0,,,14.0,0,0,0
1695,1,7310,54,0,,2,6.0,4.0,,1,1,0,White,0,,,17.0,0,0,0
1696,1,7321,22,0,1.0,1,6.0,4.0,,1,2,0,Hispanic,44,,4720.0,16.0,0,412010,41
1697,1,7305,70,0,,2,6.0,4.0,,1,1,0,White,0,,,14.0,0,0,0
1698,1,7317,68,0,,1,6.0,4.0,,1,1,0,White,0,,,19.0,0,0,0
1699,1,7322,43,0,,1,6.0,4.0,,2,1,0,Black,0,,,8.0,0,0,0
1700,1,7301,22,0,5.0,1,4.0,1.0,60.0,1,1,1,White,MIL,1.0,6355.0,16.0,0,472111,47
1701,1,7313,94,0,,1,6.0,4.0,,1,1,0,White,0,,,21.0,0,0,0
1702,1,7319,39,0,1.0,2,6.0,4.0,40.0,1,2,0,Hispanic,81,3.0,4350.0,17.0,0,392021,39
1703,1,7312,20,0,5.0,1,4.0,1.0,50.0,1,1,1,White,MIL,1.0,9825.0,16.0,0,553010,55
1704,1,7316,70,0,,1,6.0,4.0,,1,1,0,White,0,,,19.0,0,0,0
1705,1,7314,53,0,,1,6.0,4.0,,1,1,0,White,0,,,19.0,0,0,0
1706,1,7321,35,0,5.0,1,4.0,1.0,64.0,9,1,1,Two or More,MIL,1.0,6355.0,19.0,0,472111,47
1707,1,7310,21,0,5.0,1,4.0,1.0,55.0,1,3,1,Hispanic,MIL,1.0,1050.0,19.0,0,151230,15
1708,1,7310,33,0,1.0,1,6.0,2.0,40.0,1,1,0,White,721,5.0,4120.0,21.0,0,353041,35
1709,1,7310,19,0,5.0,1,4.0,1.0,99.0,8,2,1,Hispanic,MIL,6.0,9825.0,16.0,0,553010,55
1710,1,7318,83,0,,2,6.0,4.0,,1,2,0,Hispanic,0,,,20.0,0,0,0
1711,1,7316,20,0,5.0,1,4.0,1.0,40.0,1,1,1,White,MIL,1.0,7100.0,16.0,0,49209X,49
1712,1,7301,23,0,5.0,1,4.0,1.0,50.0,8,2,1,Hispanic,MIL,1.0,9810.0,16.0,0,552010,55
1713,1,7307,64,0,,1,6.0,4.0,,1,1,0,White,0,,,22.0,0,0,0
1714,1,7301,67,0,,2,6.0,4.0,,1,1,0,White,0,,,19.0,0,0,0
1715,1,7310,19,0,1.0,1,1.0,4.0,40.0,1,2,1,Hispanic,33,5.0,8140.0,16.0,1,514120,51
1716,1,7321,49,0,2.0,2,6.0,4.0,34.0,1,1,0,White,62,1.0,4220.0,19.0,0,37201X,37
1717,1,7301,20,0,5.0,1,4.0,1.0,50.0,1,1,1,White,MIL,1.0,9825.0,16.0,0,553010,55
1718,1,7316,45,0,,2,6.0,4.0,,1,1,0,White,0,,,21.0,0,0,0
1719,1,7301,28,0,5.0,1,4.0,1.0,65.0,1,1,1,White,MIL,1.0,7100.0,19.0,0,49209X,49
1720,1,7316,27,0,5.0,1,4.0,1.0,90.0,1,3,1,Hispanic,MIL,1.0,9310.0,19.0,0,535020,53
1721,1,7315,32,0,1.0,1,3.0,4.0,,1,11,0,Hispanic,44,,7120.0,16.0,1,492097,49
1722,1,7317,85,0,,1,6.0,4.0,,1,1,0,White,0,,,19.0,0,0,0
1723,1,7319,17,14,,1,6.0,4.0,,6,1,0,Asian,0,,,14.0,0,0,0
1724,1,7321,55,0,,2,6.0,4.0,,3,1,0,Other,0,,,16.0,0,0,0
1725,1,7322,38,0,,1,6.0,4.0,,3,1,0,Other,0,,,13.0,0,0,0
1726,1,7317,81,0,,1,6.0,2.0,,1,1,0,White,0,,,20.0,0,0,0
1727,1,7303,26,0,,2,6.0,4.0,,1,1,0,White,0,,,16.0,0,0,0
1728,1,7301,20,0,5.0,1,4.0,1.0,50.0,1,2,1,Hispanic,MIL,1.0,9130.0,16.0,0,533030,53
1729,1,7315,63,0,,2,6.0,4.0,,6,1,0,Asian,0,,,1.0,0,0,0
1730,1,7319,25,0,1.0,1,6.0,4.0,4.0,1,2,0,Hispanic,53,4.0,9620.0,14.0,0,537062,53
1731,1,7301,27,0,5.0,1,4.0,1.0,50.0,1,2,1,Hispanic,MIL,1.0,9830.0,16.0,0,559830,55
1732,1,7315,17,14,,1,6.0,4.0,,1,2,0,Hispanic,0,,,14.0,0,0,0
1733,1,7301,20,0,5.0,1,4.0,1.0,55.0,1,1,1,White,MIL,1.0,9830.0,18.0,0,559830,55
1734,1,7317,19,15,7.0,1,6.0,4.0,4.0,6,1,0,Asian,49,6.0,9130.0,18.0,0,533030,53
1735,1,7321,33,0,1.0,1,6.0,2.0,,1,2,0,Hispanic,61,,7200.0,16.0,0,493023,49
1736,1,7316,19,0,5.0,1,4.0,1.0,45.0,1,1,1,White,MIL,1.0,7140.0,16.0,0,493011,49
1737,1,7304,50,0,,2,6.0,4.0,,2,1,0,Black,0,,,16.0,0,0,0
1738,1,7315,53,0,,2,6.0,4.0,,1,2,0,Hispanic,0,,,9.0,0,0,0
1739,1,7310,18,0,1.0,1,6.0,4.0,4.0,1,2,0,Hispanic,71,6.0,3930.0,17.0,0,339030,33
1740,1,7317,19,15,,2,6.0,4.0,,1,1,0,White,0,,,18.0,0,0,0
1741,1,7314,64,0,,1,6.0,4.0,,1,1,0,White,0,,,21.0,0,0,0
1742,1,7308,48,0,,1,6.0,4.0,,1,1,0,White,0,,,16.0,0,0,0
1743,1,7301,23,0,5.0,1,4.0,1.0,50.0,1,1,1,White,MIL,1.0,9825.0,16.0,0,553010,55
1744,1,7313,16,13,,1,6.0,,,1,1,0,White,0,,,13.0,0,0,0
1745,1,7310,23,0,5.0,1,4.0,1.0,40.0,9,1,1,Two or More,MIL,4.0,9825.0,16.0,0,553010,55
1746,1,7302,50,0,1.0,2,6.0,4.0,40.0,6,1,0,Asian,45,6.0,4720.0,19.0,0,412010,41
1747,1,7321,62,0,,1,6.0,4.0,,1,1,0,White,0,,,19.0,0,0,0
1748,1,7321,59,0,,2,6.0,4.0,,1,1,0,White,0,,,14.0,0,0,0
1749,1,7310,34,0,5.0,1,4.0,1.0,48.0,1,1,1,White,MIL,1.0,1108.0,19.0,0,151299,15
1750,1,7310,19,15,1.0,1,6.0,4.0,12.0,6,1,0,Asian,62,6.0,5940.0,16.0,0,439XXX,43
1751,1,7317,19,15,1.0,1,3.0,4.0,25.0,1,1,0,White,71,1.0,4435.0,19.0,1,3930XX,39
1752,1,7316,73,0,,1,6.0,4.0,,1,1,0,White,0,,,24.0,0,0,0
1753,1,7315,18,15,,2,6.0,4.0,,1,1,0,White,0,,,18.0,0,0,0
1754,1,7319,52,0,7.0,1,6.0,4.0,40.0,1,1,0,White,56,1.0,440.0,18.0,0,1191XX,11
1755,1,7313,29,0,,2,6.0,4.0,,1,2,0,Hispanic,0,,,17.0,0,0,0
1756,1,7316,26,0,5.0,1,4.0,1.0,50.0,8,2,1,Hispanic,MIL,1.0,9810.0,19.0,0,552010,55
1757,1,7301,20,0,5.0,1,4.0,1.0,55.0,1,1,1,White,MIL,1.0,9830.0,18.0,0,559830,55
1758,1,7301,24,0,5.0,1,4.0,1.0,50.0,1,1,1,White,MIL,1.0,1460.0,16.0,0,172141,17
1759,1,7303,87,0,,2,6.0,4.0,,1,1,0,White,0,,,21.0,0,0,0
1760,1,7322,26,0,1.0,1,6.0,4.0,,1,2,0,Hispanic,23,,6410.0,16.0,0,472140,47
1761,1,7313,55,0,1.0,1,6.0,4.0,,2,1,0,Black,44,,4760.0,18.0,0,412031,41
1762,1,7303,25,13,,1,6.0,4.0,,1,3,0,Hispanic,0,,,13.0,0,0,0
1763,1,7306,73,0,,2,6.0,4.0,,9,1,0,Two or More,0,,,19.0,0,0,0
1764,1,7322,31,0,,1,6.0,4.0,,1,2,0,Hispanic,0,,,12.0,0,0,0
1765,1,7307,26,0,1.0,1,6.0,4.0,15.0,1,1,0,White,722,6.0,5240.0,18.0,0,434051,43
1766,1,7306,50,0,,2,6.0,4.0,,2,1,0,Black,0,,,16.0,0,0,0
1767,1,7315,21,15,1.0,1,1.0,4.0,30.0,1,1,1,White,722,1.0,4010.0,19.0,1,351012,35
1768,1,7310,19,0,5.0,1,4.0,1.0,85.0,1,1,1,White,MIL,1.0,7140.0,16.0,0,493011,49
1769,1,7313,60,0,,2,6.0,4.0,,1,1,0,White,0,,,16.0,0,0,0
1770,1,7321,67,0,,1,6.0,2.0,,2,1,0,Black,0,,,16.0,0,0,0
1771,1,7316,24,0,5.0,1,4.0,1.0,20.0,1,2,1,Hispanic,MIL,1.0,4220.0,21.0,0,37201X,37
1772,1,7309,74,0,,2,6.0,4.0,,1,1,0,White,0,,,21.0,0,0,0
1773,1,7310,65,0,,1,6.0,2.0,,2,1,0,Black,0,,,13.0,0,0,0
1774,1,7310,20,0,5.0,1,4.0,1.0,50.0,1,1,1,White,MIL,1.0,9830.0,16.0,0,559830,55
1775,1,7315,18,15,,2,6.0,4.0,,1,2,0,Hispanic,0,,,19.0,0,0,0
1776,1,7317,21,0,1.0,1,6.0,4.0,,1,2,0,Hispanic,56,,3930.0,16.0,0,339030,33
1777,1,7316,21,0,5.0,1,4.0,1.0,40.0,1,1,1,White,MIL,1.0,4220.0,16.0,0,37201X,37
1778,1,7313,79,0,,1,6.0,4.0,,1,1,0,White,0,,,21.0,0,0,0
1779,1,7312,60,0,3.0,2,6.0,4.0,40.0,1,2,0,Hispanic,71,6.0,4220.0,13.0,0,37201X,37
1780,1,7315,19,15,,2,6.0,4.0,,2,1,0,Black,0,,,19.0,0,0,0
1781,1,7306,81,0,,2,6.0,4.0,,1,1,0,White,0,,,23.0,0,0,0
1782,1,7312,23,0,5.0,1,4.0,1.0,50.0,1,1,1,White,MIL,1.0,9825.0,16.0,0,553010,55
1783,1,7310,22,16,1.0,2,6.0,4.0,20.0,1,1,0,White,722,6.0,4110.0,21.0,0,353031,35
1784,1,7321,26,0,,2,6.0,4.0,,1,1,0,White,0,,,16.0,0,0,0
1785,1,7321,24,0,5.0,1,4.0,1.0,71.0,1,2,1,Hispanic,MIL,1.0,9830.0,19.0,0,559830,55
1786,1,7322,29,0,4.0,1,6.0,2.0,60.0,8,2,0,Hispanic,92,5.0,3740.0,16.0,0,332011,33
1787,1,7311,53,0,1.0,2,3.0,4.0,,1,1,0,White,45,,4720.0,18.0,1,412010,41
1788,1,7314,23,0,1.0,2,1.0,4.0,40.0,2,1,1,Black,62,5.0,4230.0,16.0,1,372012,37
1789,1,7319,18,14,,1,6.0,4.0,,1,1,0,White,0,,,14.0,0,0,0
1790,1,7301,18,14,,1,6.0,4.0,,1,1,0,White,0,,,14.0,0,0,0
1791,1,7321,35,0,5.0,1,4.0,1.0,64.0,9,1,1,Two or More,MIL,1.0,6355.0,19.0,0,472111,47
1792,1,7312,32,0,1.0,1,2.0,4.0,60.0,1,1,1,White,56,6.0,4251.0,13.0,1,373011,37
1793,1,7301,19,0,5.0,1,4.0,1.0,50.0,2,1,1,Black,MIL,1.0,6765.0,18.0,0,4740XX,47
1794,1,7319,25,0,,1,6.0,4.0,,1,2,0,Hispanic,0,,,19.0,0,0,0
1795,1,7301,19,0,5.0,1,4.0,1.0,55.0,1,1,1,White,MIL,1.0,7210.0,16.0,0,493031,49
1796,1,7306,61,0,,2,6.0,4.0,,1,2,0,Hispanic,0,,,19.0,0,0,0
1797,1,7317,21,15,1.0,2,6.0,4.0,20.0,1,1,0,White,722,6.0,4110.0,19.0,0,353031,35
1798,1,7304,94,0,,1,6.0,2.0,,1,1,0,White,0,,,19.0,0,0,0
1799,1,7318,17,14,,2,6.0,4.0,,2,1,0,Black,0,,,14.0,0,0,0
1800,1,7301,21,0,5.0,1,4.0,1.0,50.0,1,1,1,White,MIL,1.0,9825.0,16.0,0,553010,55
1801,1,7308,55,0,1.0,2,6.0,4.0,,1,1,0,White,56,,710.0,19.0,0,131111,13
1802,1,7317,22,0,1.0,2,1.0,4.0,25.0,1,1,1,White,722,6.0,4030.0,17.0,1,352021,35
1803,1,7319,37,0,,1,6.0,4.0,,9,1,0,Two or More,0,,,19.0,0,0,0
1804,1,7306,33,0,1.0,1,6.0,2.0,,1,2,0,Hispanic,61,,7200.0,16.0,0,493023,49
1805,1,7316,53,0,1.0,2,3.0,4.0,,1,1,0,White,45,,4720.0,18.0,1,412010,41
1806,1,7316,45,0,,1,6.0,4.0,,1,2,0,Hispanic,0,,,16.0,0,0,0
1807,1,7319,28,0,1.0,1,6.0,4.0,40.0,1,1,0,White,56,4.0,4251.0,17.0,0,373011,37
1808,1,7315,70,0,,1,6.0,4.0,,8,24,0,Hispanic,0,,,16.0,0,0,0
1809,1,7313,19,15,1.0,2,6.0,4.0,30.0,1,1,0,White,71,5.0,2722.0,18.0,0,272022,27
1810,1,7301,23,0,5.0,1,4.0,1.0,50.0,1,1,1,White,MIL,1.0,9825.0,16.0,0,553010,55
1811,1,7309,74,0,,2,6.0,2.0,,1,1,0,White,0,,,19.0,0,0,0
1812,1,7321,25,0,5.0,1,4.0,1.0,45.0,5,2,1,Hispanic,MIL,1.0,160.0,19.0,0,113071,11
1813,1,7310,21,15,1.0,1,6.0,4.0,40.0,1,2,0,Hispanic,71,5.0,3960.0,19.0,0,33909X,33
1814,1,7315,18,15,1.0,2,6.0,4.0,3.0,1,1,0,White,722,6.0,9130.0,18.0,0,533030,53
1815,1,7302,41,0,,1,6.0,2.0,,1,1,0,White,0,,,16.0,0,0,0
1816,1,7315,22,15,1.0,2,6.0,4.0,12.0,1,24,0,Hispanic,61,6.0,2722.0,19.0,0,272022,27
1817,1,7319,26,0,1.0,1,6.0,4.0,,2,1,0,Black,81,,9610.0,16.0,0,537061,53
1818,1,7321,55,0,1.0,2,6.0,4.0,,1,1,0,White,56,,710.0,19.0,0,131111,13
1819,1,7316,40,0,,1,6.0,4.0,,2,1,0,Black,0,,,19.0,0,0,0
1820,1,7310,22,0,8.0,1,6.0,2.0,50.0,1,1,0,White,23,5.0,6260.0,19.0,0,472061,47
1821,1,7322,63,0,,1,6.0,4.0,,1,2,0,Hispanic,0,,,17.0,0,0,0
1822,1,7322,45,0,,1,6.0,4.0,,6,1,0,Asian,0,,,12.0,0,0,0
1823,1,7310,18,15,1.0,1,1.0,2.0,30.0,1,1,1,White,722,4.0,4020.0,19.0,1,352010,35
1824,1,7322,18,0,1.0,1,6.0,4.0,4.0,1,2,0,Hispanic,71,6.0,3930.0,17.0,0,339030,33
1825,1,7316,22,0,5.0,1,4.0,1.0,50.0,7,1,1,Other,MIL,1.0,9830.0,16.0,0,559830,55
1826,1,7319,17,14,,1,6.0,4.0,,6,1,0,Asian,0,,,14.0,0,0,0
1827,1,7316,23,0,5.0,1,4.0,1.0,40.0,2,1,1,Black,MIL,1.0,7100.0,19.0,0,49209X,49
1828,1,7302,20,0,5.0,1,4.0,1.0,50.0,1,1,1,White,MIL,1.0,9830.0,16.0,0,559830,55
1829,1,7317,18,15,,2,6.0,4.0,,1,1,0,White,0,,,18.0,0,0,0
1830,1,7320,66,0,,1,6.0,4.0,,1,1,0,White,0,,,19.0,0,0,0
1831,1,7310,21,0,5.0,2,4.0,1.0,40.0,1,1,1,White,MIL,4.0,6410.0,16.0,0,472140,47
1832,1,7316,22,0,1.0,1,6.0,4.0,40.0,1,2,0,Hispanic,42,4.0,4850.0,16.0,0,414010,41
1833,1,7315,19,15,,1,6.0,4.0,,1,1,0,White,0,,,19.0,0,0,0
1834,1,7303,28,0,,1,6.0,4.0,,8,2,0,Hispanic,0,,,18.0,0,0,0
1835,1,7301,27,0,5.0,1,4.0,1.0,40.0,4,1,1,Other,MIL,1.0,9310.0,16.0,0,535020,53
1836,1,7303,82,0,,2,6.0,4.0,,1,1,0,White,0,,,16.0,0,0,0
1837,1,7318,11,10,,1,,,,2,1,0,Black,0,,,10.0,0,0,0
1838,1,7321,80,0,,1,6.0,4.0,,1,1,0,White,0,,,23.0,0,0,0
1839,1,7310,19,0,5.0,1,4.0,1.0,40.0,1,1,1,White,MIL,1.0,9825.0,18.0,0,553010,55
1840,1,7317,19,15,1.0,1,6.0,4.0,30.0,1,1,0,White,81,5.0,9350.0,19.0,0,536021,53
1841,1,7310,18,15,2.0,2,1.0,4.0,10.0,1,2,1,Hispanic,61,5.0,5820.0,18.0,1,439022,43
1842,1,7304,58,0,,2,6.0,2.0,,6,1,0,Asian,0,,,16.0,0,0,0
1843,1,7301,20,0,5.0,1,4.0,1.0,50.0,1,1,1,White,MIL,1.0,9825.0,16.0,0,553010,55
1844,1,7310,19,0,1.0,1,1.0,2.0,40.0,1,2,1,Hispanic,56,1.0,4251.0,16.0,1,373011,37
1845,1,7306,60,0,3.0,2,6.0,4.0,40.0,1,2,0,Hispanic,71,6.0,4220.0,13.0,0,37201X,37
1846,1,7316,58,0,,1,6.0,2.0,,2,1,0,Black,0,,,21.0,0,0,0
1847,1,7301,20,0,5.0,1,4.0,1.0,50.0,1,1,1,White,MIL,1.0,9825.0,16.0,0,553010,55
1848,1,7310,18,15,1.0,1,6.0,4.0,30.0,1,1,0,White,722,6.0,4020.0,16.0,0,352010,35
1849,1,7314,32,0,1.0,1,2.0,4.0,60.0,1,1,1,White,56,6.0,4251.0,13.0,1,373011,37
1850,1,7302,23,0,4.0,1,6.0,4.0,60.0,8,2,0,Hispanic,92,4.0,3740.0,18.0,0,332011,33
1851,1,7318,61,0,,2,6.0,4.0,,8,2,0,Hispanic,0,,,20.0,0,0,0
1852,1,7318,29,0,,2,6.0,4.0,,1,11,0,Hispanic,0,,,16.0,0,0,0
1853,1,7301,43,0,,1,6.0,4.0,,8,2,0,Hispanic,0,,,16.0,0,0,0
1854,1,7310,19,0,5.0,1,4.0,1.0,82.0,2,3,1,Hispanic,MIL,1.0,2752.0,16.0,0,272042,27
1855,1,7322,22,0,1.0,2,1.0,4.0,25.0,1,1,1,White,722,6.0,4030.0,17.0,1,352021,35
1856,1,7310,21,0,5.0,2,4.0,1.0,80.0,9,1,1,Two or More,MIL,1.0,120.0,16.0,0,113031,11
1857,1,7301,19,0,5.0,1,4.0,1.0,45.0,1,1,1,White,MIL,1.0,9300.0,16.0,0,5350XX,53
1858,1,7322,45,0,,1,6.0,2.0,,2,1,0,Black,0,,,16.0,0,0,0
1859,1,7315,18,15,1.0,1,6.0,4.0,30.0,1,1,0,White,722,6.0,4020.0,16.0,0,352010,35
1860,1,7301,25,0,5.0,1,4.0,1.0,50.0,1,1,1,White,MIL,1.0,7210.0,16.0,0,493031,49
1861,1,7303,25,0,,1,6.0,4.0,,1,2,0,Hispanic,0,,,19.0,0,0,0
1862,1,7309,79,0,,1,6.0,4.0,,1,1,0,White,0,,,21.0,0,0,0
1863,1,7301,19,0,5.0,1,4.0,1.0,50.0,1,1,1,White,MIL,1.0,9825.0,16.0,0,553010,55
1864,1,7318,48,0,,2,6.0,4.0,,2,24,0,Hispanic,0,,,1.0,0,0,0
1865,1,7303,15,12,,1,,,,2,1,0,Black,0,,,12.0,0,0,0
1866,1,7303,54,0,,1,6.0,4.0,,1,1,0,White,0,,,15.0,0,0,0
1867,1,7301,22,0,5.0,1,4.0,1.0,60.0,1,1,1,White,MIL,1.0,7430.0,16.0,0,499060,49
1868,1,7305,16,13,,1,6.0,,,1,1,0,White,0,,,13.0,0,0,0
1869,1,7316,30,0,5.0,1,4.0,1.0,40.0,1,2,1,Hispanic,MIL,1.0,4220.0,19.0,0,37201X,37
1870,1,7301,22,0,5.0,1,4.0,1.0,50.0,8,2,1,Hispanic,MIL,1.0,9825.0,16.0,0,553010,55
1871,1,7302,21,0,1.0,1,6.0,4.0,,2,1,0,Black,722,,4720.0,15.0,0,412010,41
1872,1,7301,20,0,5.0,1,4.0,1.0,50.0,1,2,1,Hispanic,MIL,1.0,9130.0,16.0,0,533030,53
1873,1,7321,23,0,5.0,2,4.0,1.0,50.0,2,1,1,Black,MIL,1.0,9825.0,19.0,0,553010,55
1874,1,7301,22,0,5.0,2,4.0,1.0,60.0,8,2,1,Hispanic,MIL,1.0,9830.0,16.0,0,559830,55
1875,1,7319,70,0,,2,6.0,4.0,,1,1,0,White,0,,,14.0,0,0,0
1876,1,7321,49,0,,2,6.0,4.0,,1,1,0,White,0,,,11.0,0,0,0
1877,1,7321,29,0,5.0,1,4.0,1.0,40.0,8,11,1,Hispanic,MIL,1.0,1108.0,19.0,0,151299,15
1878,1,7310,20,15,1.0,2,6.0,4.0,20.0,1,1,0,White,722,6.0,4110.0,19.0,0,353031,35
1879,1,7303,94,0,,2,6.0,4.0,,1,1,0,White,0,,,16.0,0,0,0
1880,1,7305,41,0,,1,6.0,4.0,,1,1,0,White,0,,,6.0,0,0,0
1881,1,7315,18,15,1.0,1,6.0,4.0,12.0,1,2,0,Hispanic,62,6.0,5940.0,18.0,0,439XXX,43
1882,1,7308,94,0,,2,6.0,4.0,,1,24,0,Hispanic,0,,,12.0,0,0,0
1883,1,7301,61,0,,2,6.0,4.0,,8,2,0,Hispanic,0,,,20.0,0,0,0
1884,1,7319,54,0,1.0,2,6.0,4.0,,1,1,0,White,722,,4720.0,17.0,0,412010,41
1885,1,7303,46,0,,1,6.0,4.0,,6,1,0,Asian,0,,,1.0,0,0,0
1886,1,7315,19,15,,2,6.0,4.0,,1,2,0,Hispanic,0,,,16.0,0,0,0
1887,1,7317,68,0,,1,6.0,2.0,,1,1,0,White,0,,,14.0,0,0,0
1888,1,7312,32,0,1.0,1,2.0,4.0,60.0,1,1,1,White,56,6.0,4251.0,13.0,1,373011,37
1889,1,7307,68,0,,1,6.0,4.0,,1,1,0,White,0,,,11.0,0,0,0
1890,1,7322,43,0,,1,6.0,4.0,,2,1,0,Black,0,,,17.0,0,0,0
1891,1,7316,32,0,1.0,1,6.0,4.0,40.0,2,1,0,Black,23,3.0,6260.0,16.0,0,472061,47
1892,1,7310,20,0,5.0,1,4.0,1.0,50.0,1,2,1,Hispanic,MIL,1.0,9130.0,16.0,0,533030,53
1893,1,7316,21,0,1.0,1,6.0,4.0,,1,2,0,Hispanic,56,,3930.0,16.0,0,339030,33
1894,1,7301,21,0,5.0,1,4.0,1.0,55.0,2,2,1,Hispanic,MIL,1.0,9830.0,16.0,0,559830,55
1895,1,7310,81,0,,1,6.0,2.0,,1,1,0,White,0,,,20.0,0,0,0
1896,1,7310,22,0,5.0,1,4.0,1.0,50.0,8,2,1,Hispanic,MIL,1.0,9825.0,16.0,0,553010,55
1897,1,7319,23,0,1.0,1,6.0,4.0,,2,1,0,Black,44,,9645.0,18.0,0,537065,53
1898,1,7308,60,0,,1,6.0,4.0,,1,1,0,White,0,,,19.0,0,0,0
1899,1,7301,22,0,5.0,1,4.0,1.0,50.0,1,1,1,White,MIL,1.0,6230.0,18.0,0,472031,47
1900,1,7317,18,15,,2,6.0,4.0,,1,1,0,White,0,,,18.0,0,0,0
1901,1,7322,26,0,,1,6.0,4.0,,2,1,0,Black,0,,,13.0,0,0,0
1902,1,7315,18,15,,2,6.0,4.0,,1,1,0,White,0,,,18.0,0,0,0
1903,1,7316,23,0,4.0,1,6.0,4.0,60.0,8,2,0,Hispanic,92,4.0,3740.0,18.0,0,332011,33
1904,1,7312,21,0,5.0,1,4.0,1.0,50.0,1,1,1,White,MIL,1.0,7210.0,16.0,0,493031,49
1905,1,7301,21,0,5.0,1,4.0,1.0,20.0,1,1,1,White,MIL,1.0,4220.0,19.0,0,37201X,37
1906,1,7314,74,0,,2,6.0,4.0,,1,1,0,White,0,,,21.0,0,0,0
1907,1,7310,49,0,1.0,1,6.0,2.0,45.0,1,1,0,White,56,6.0,3930.0,16.0,0,339030,33
1908,1,7317,19,15,7.0,1,6.0,4.0,4.0,1,1,0,White,49,6.0,9130.0,18.0,0,533030,53
1909,1,7310,19,0,5.0,1,1.0,2.0,60.0,1,2,1,Hispanic,62,1.0,3640.0,18.0,1,319091,31
1910,1,7317,19,14,1.0,2,6.0,4.0,30.0,1,2,0,Hispanic,54,4.0,4900.0,14.0,0,419010,41
1911,1,7317,43,0,,1,6.0,4.0,,8,2,0,Hispanic,0,,,16.0,0,0,0
1912,1,7303,52,0,,1,6.0,4.0,,1,1,0,White,0,,,16.0,0,0,0
1913,1,7314,68,0,,1,6.0,4.0,,1,1,0,White,0,,,19.0,0,0,0
1914,1,7310,34,0,5.0,2,4.0,1.0,40.0,1,11,1,Hispanic,MIL,1.0,6410.0,19.0,0,472140,47
1915,1,7317,18,15,,2,6.0,4.0,,1,1,0,White,0,,,18.0,0,0,0
1916,1,7301,23,0,5.0,1,4.0,1.0,50.0,1,2,1,Hispanic,MIL,1.0,9825.0,16.0,0,553010,55
1917,1,7315,22,15,1.0,1,6.0,4.0,30.0,1,2,0,Hispanic,23,5.0,6355.0,19.0,0,472111,47
1918,1,7301,21,0,5.0,1,4.0,1.0,50.0,8,7,1,Hispanic,MIL,1.0,7210.0,19.0,0,493031,49
1919,1,7301,56,0,2.0,1,6.0,4.0,,1,1,0,White,44,,9130.0,17.0,0,533030,53
1920,1,7309,81,0,2.0,1,1.0,4.0,10.0,1,1,1,White,81,1.0,2040.0,16.0,1,212011,21
1921,1,7317,18,15,1.0,1,6.0,4.0,10.0,1,1,0,White,81,5.0,9350.0,16.0,0,536021,53
1922,1,7310,18,15,7.0,1,6.0,4.0,4.0,1,1,0,White,49,6.0,9130.0,18.0,0,533030,53
1923,1,7301,20,0,5.0,1,4.0,1.0,50.0,1,1,1,White,MIL,1.0,7020.0,19.0,0,492020,49
1924,1,7310,22,0,3.0,2,1.0,4.0,20.0,1,2,1,Hispanic,62,5.0,4600.0,16.0,1,399011,39
1925,1,7315,22,15,1.0,1,6.0,4.0,30.0,1,1,0,White,23,5.0,6355.0,19.0,0,472111,47
1926,1,7316,21,0,5.0,1,4.0,1.0,20.0,1,1,1,White,MIL,1.0,4220.0,19.0,0,37201X,37
1927,1,7322,37,0,,1,6.0,4.0,,1,1,0,White,0,,,17.0,0,0,0
1928,1,7308,54,0,,1,6.0,4.0,,1,1,0,White,0,,,19.0,0,0,0
1929,1,7321,43,0,5.0,1,4.0,1.0,60.0,1,1,1,White,MIL,1.0,6355.0,20.0,0,472111,47
1930,1,7322,54,0,,1,6.0,4.0,,2,1,0,Black,0,,,21.0,0,0,0
1931,1,7315,18,15,,2,6.0,4.0,,1,1,0,White,0,,,18.0,0,0,0
1932,1,7314,69,0,1.0,2,1.0,4.0,48.0,6,1,1,Asian,62,1.0,3602.0,21.0,1,311122,31
1933,1,7305,49,0,1.0,1,6.0,2.0,45.0,1,1,0,White,56,6.0,3930.0,16.0,0,339030,33
1934,1,7316,32,0,1.0,1,6.0,4.0,,1,2,0,Hispanic,23,,6250.0,12.0,0,472050,47
1935,1,7317,18,15,,2,6.0,4.0,,1,1,0,White,0,,,18.0,0,0,0
1936,1,7319,75,0,,1,6.0,4.0,,2,1,0,Black,0,,,22.0,0,0,0
1937,1,7310,21,15,1.0,2,6.0,4.0,15.0,1,1,0,White,722,4.0,4110.0,19.0,0,353031,35
1938,1,7301,20,0,5.0,1,4.0,1.0,55.0,1,1,1,White,MIL,1.0,9825.0,16.0,0,553010,55
1939,1,7313,56,0,2.0,1,6.0,4.0,,1,1,0,White,44,,9130.0,17.0,0,533030,53
1940,1,7315,21,15,1.0,2,6.0,4.0,15.0,1,2,0,Hispanic,722,4.0,4110.0,19.0,0,353031,35
1941,1,7316,23,0,5.0,1,4.0,1.0,40.0,1,1,1,White,MIL,1.0,9645.0,16.0,0,537065,53
1942,1,7306,82,0,,1,6.0,4.0,,8,2,0,Hispanic,0,,,1.0,0,0,0
1943,1,7321,79,0,,1,6.0,4.0,,1,1,0,White,0,,,21.0,0,0,0
1944,1,7321,56,0,,2,6.0,4.0,,1,3,0,Hispanic,0,,,1.0,0,0,0
1945,1,7301,22,0,5.0,1,4.0,1.0,60.0,1,2,1,Hispanic,MIL,1.0,4020.0,16.0,0,352010,35
1946,1,7301,23,0,5.0,2,4.0,1.0,50.0,1,2,1,Hispanic,MIL,1.0,9830.0,19.0,0,559830,55
1947,1,7315,19,15,1.0,2,6.0,4.0,,2,1,0,Black,45,,4760.0,16.0,0,412031,41
1948,1,7309,80,0,,1,6.0,4.0,,1,1,0,White,0,,,21.0,0,0,0
1949,1,7316,16,14,,1,6.0,,,2,1,0,Black,0,,,14.0,0,0,0
1950,1,7303,70,0,,2,6.0,4.0,,1,1,0,White,0,,,16.0,0,0,0
1951,1,7301,21,0,5.0,1,4.0,1.0,50.0,8,7,1,Hispanic,MIL,1.0,7210.0,19.0,0,493031,49
1952,1,7316,22,0,5.0,1,4.0,1.0,48.0,9,1,1,Two or More,MIL,1.0,9040.0,19.0,0,532020,53
1953,1,7312,20,0,5.0,1,4.0,1.0,50.0,1,1,1,White,MIL,1.0,9130.0,16.0,0,533030,53
1954,1,7322,40,0,,1,6.0,4.0,,1,1,0,White,0,,,19.0,0,0,0
1955,1,7316,19,0,5.0,1,4.0,1.0,40.0,2,1,1,Black,MIL,1.0,9830.0,16.0,0,559830,55
1956,1,7315,81,0,,2,6.0,4.0,,1,1,0,White,0,,,21.0,0,0,0
1957,1,7301,22,0,5.0,1,4.0,1.0,50.0,1,1,1,White,MIL,1.0,7640.0,16.0,0,4990XX,49
1958,1,7316,48,0,1.0,2,1.0,4.0,40.0,2,1,1,Black,56,1.0,3930.0,19.0,1,339030,33
1959,1,7310,19,0,5.0,2,4.0,1.0,50.0,1,1,1,White,MIL,1.0,9825.0,16.0,0,553010,55
1960,1,7301,21,0,5.0,1,4.0,1.0,50.0,1,2,1,Hispanic,MIL,1.0,7140.0,16.0,0,493011,49
1961,1,7310,18,0,5.0,2,4.0,1.0,40.0,2,1,1,Black,MIL,4.0,6410.0,16.0,0,472140,47
1962,1,7319,28,0,,1,6.0,4.0,,1,1,0,White,0,,,16.0,0,0,0
1963,1,7316,21,0,5.0,1,4.0,1.0,50.0,8,11,1,Hispanic,MIL,1.0,4020.0,16.0,0,352010,35
1964,1,7316,21,0,5.0,2,4.0,3.0,60.0,2,1,1,Black,MIL,1.0,3645.0,16.0,0,319092,31
1965,1,7303,29,0,,2,6.0,4.0,,1,1,0,White,0,,,1.0,0,0,0
1966,1,7313,58,0,,1,6.0,4.0,,1,1,0,White,0,,,16.0,0,0,0
1967,1,7303,37,0,,1,6.0,4.0,,9,1,0,Two or More,0,,,19.0,0,0,0
1968,1,7313,58,0,,2,6.0,4.0,,2,1,0,Black,0,,,18.0,0,0,0
1969,1,7315,19,15,1.0,1,1.0,4.0,20.0,1,1,1,White,722,4.0,4130.0,19.0,1,359011,35
1970,1,7306,73,0,,1,6.0,4.0,,1,1,0,White,0,,,24.0,0,0,0
1971,1,7321,39,0,1.0,1,6.0,4.0,,1,2,0,Hispanic,54,,2640.0,17.0,0,27102X,27
1972,1,7306,18,14,,2,6.0,4.0,,1,1,0,White,0,,,14.0,0,0,0
1973,1,7310,19,0,5.0,2,4.0,1.0,60.0,1,1,1,White,MIL,1.0,9830.0,16.0,0,559830,55
1974,1,7315,21,15,1.0,1,6.0,4.0,40.0,1,2,0,Hispanic,71,5.0,3960.0,19.0,0,33909X,33
1975,1,7316,33,0,1.0,1,6.0,2.0,,1,2,0,Hispanic,61,,7200.0,16.0,0,493023,49
1976,1,7301,19,0,5.0,2,4.0,1.0,50.0,1,1,1,White,MIL,1.0,9825.0,16.0,0,553010,55
1977,1,7316,19,0,5.0,1,4.0,1.0,45.0,1,1,1,White,MIL,1.0,6835.0,16.0,0,475032,47
1978,1,7301,22,0,5.0,1,4.0,1.0,50.0,1,1,1,White,MIL,1.0,9130.0,16.0,0,533030,53
1979,1,7322,42,0,,1,6.0,4.0,,2,1,0,Black,0,,,19.0,0,0,0
1980,1,7317,18,15,1.0,1,6.0,4.0,2.0,8,2,0,Hispanic,722,6.0,4130.0,19.0,0,359011,35
1981,1,7303,54,0,,1,6.0,2.0,,1,1,0,White,0,,,19.0,0,0,0
1982,1,7322,73,0,,1,6.0,4.0,,2,1,0,Black,0,,,19.0,0,0,0
1983,1,7301,59,0,,2,6.0,4.0,,1,1,0,White,0,,,14.0,0,0,0
1984,1,7310,21,0,5.0,1,4.0,1.0,50.0,8,7,1,Hispanic,MIL,1.0,7210.0,19.0,0,493031,49
1985,1,7321,25,0,5.0,1,4.0,1.0,72.0,1,1,1,White,MIL,2.0,3740.0,19.0,0,332011,33
1986,1,7315,18,15,6.0,1,6.0,4.0,8.0,1,1,0,White,23,6.0,6260.0,18.0,0,472061,47
1987,1,7306,25,0,2.0,1,1.0,4.0,40.0,8,2,1,Hispanic,62,1.0,2012.0,17.0,1,211022,21
1988,1,7319,54,0,,1,6.0,4.0,,1,1,0,White,0,,,18.0,0,0,0
1989,1,7303,28,0,1.0,1,6.0,4.0,30.0,1,1,0,White,81,5.0,7200.0,16.0,0,493023,49
1990,1,7315,75,0,,2,6.0,4.0,,1,1,0,White,0,,,17.0,0,0,0
1991,1,7301,19,0,1.0,1,1.0,4.0,36.0,1,3,1,Hispanic,722,1.0,4020.0,19.0,1,352010,35
1992,1,7301,22,0,5.0,2,4.0,1.0,45.0,1,2,1,Hispanic,MIL,1.0,9825.0,20.0,0,553010,55
1993,1,7301,22,0,5.0,1,4.0,1.0,50.0,3,1,1,Other,MIL,1.0,6355.0,16.0,0,472111,47
1994,1,7310,67,0,,1,6.0,2.0,,1,2,0,Hispanic,0,,,1.0,0,0,0
1995,1,7312,22,0,5.0,1,4.0,1.0,60.0,1,1,1,White,MIL,1.0,7430.0,16.0,0,499060,49
1996,1,7315,15,12,,1,,,,2,1,0,Black,0,,,12.0,0,0,0
1997,1,7316,19,0,5.0,1,4.0,1.0,45.0,1,1,1,White,MIL,1.0,9300.0,16.0,0,5350XX,53
1998,1,7320,25,13,,1,6.0,4.0,,1,3,0,Hispanic,0,,,13.0,0,0,0
1999,1,7318,21,0,1.0,2,1.0,4.0,8.0,2,1,1,Black,56,6.0,5860.0,17.0,1,439061,43
2000,1,7315,18,15,,1,6.0,4.0,,1,1,0,White,0,,,18.0,0,0,0
2001,1,7306,29,0,,2,6.0,4.0,,1,11,0,Hispanic,0,,,16.0,0,0,0
2002,1,7312,23,0,5.0,1,4.0,1.0,50.0,1,1,1,White,MIL,1.0,9825.0,16.0,0,553010,55
2003,1,7315,18,15,2.0,2,1.0,4.0,10.0,1,2,1,Hispanic,61,5.0,5820.0,18.0,1,439022,43
2004,1,7306,58,0,,1,6.0,2.0,,2,1,0,Black,0,,,21.0,0,0,0
2005,1,7301,69,0,,2,6.0,4.0,,1,1,0,White,0,,,16.0,0,0,0
2006,1,7315,50,0,,2,6.0,4.0,,6,1,0,Asian,0,,,15.0,0,0,0
2007,1,7322,69,0,,1,6.0,4.0,,1,1,0,White,0,,,19.0,0,0,0
2008,1,7306,82,0,,1,6.0,4.0,,8,2,0,Hispanic,0,,,1.0,0,0,0
2009,1,7318,11,10,,1,,,,2,1,0,Black,0,,,10.0,0,0,0
2010,1,7322,38,0,1.0,1,6.0,4.0,,1,2,0,Hispanic,23,,7750.0,16.0,0,5120XX,51
2011,1,7318,53,0,,2,6.0,4.0,,1,2,0,Hispanic,0,,,9.0,0,0,0
2012,1,7305,21,15,,2,6.0,4.0,,2,1,0,Black,0,,,19.0,0,0,0
2013,1,7303,41,0,,1,6.0,2.0,,1,1,0,White,0,,,16.0,0,0,0
2014,1,7310,21,0,5.0,2,4.0,1.0,40.0,1,1,1,White,MIL,4.0,6410.0,16.0,0,472140,47
2015,1,7303,22,0,1.0,1,6.0,4.0,,2,1,0,Black,56,,9640.0,16.0,0,537064,53
2016,1,7310,21,15,1.0,2,6.0,4.0,20.0,1,1,0,White,722,6.0,4110.0,19.0,0,353031,35
2017,1,7306,17,14,,2,6.0,4.0,,1,3,0,Hispanic,0,,,14.0,0,0,0
2018,1,7321,23,0,5.0,2,4.0,1.0,99.0,8,2,1,Hispanic,MIL,1.0,9310.0,16.0,0,535020,53
2019,1,7321,40,0,5.0,1,4.0,1.0,80.0,1,2,1,Hispanic,MIL,1.0,9800.0,16.0,0,551010,55
2020,1,7322,46,0,,1,6.0,4.0,,1,2,0,Hispanic,0,,,16.0,0,0,0
2021,1,7306,53,0,1.0,2,3.0,4.0,,1,1,0,White,45,,4720.0,18.0,1,412010,41
2022,1,7320,69,0,,2,6.0,4.0,,1,1,0,White,0,,,14.0,0,0,0
2023,1,7303,13,10,,1,,,,1,1,0,White,0,,,10.0,0,0,0
2024,1,7319,16,13,,1,6.0,,,1,2,0,Hispanic,0,,,13.0,0,0,0
2025,1,7321,29,15,5.0,1,4.0,1.0,80.0,1,2,1,Hispanic,MIL,1.0,9810.0,20.0,0,552010,55
2026,1,7301,19,0,5.0,1,4.0,1.0,40.0,1,1,1,White,MIL,1.0,9830.0,16.0,0,559830,55
2027,1,7306,59,0,,1,6.0,4.0,,1,1,0,White,0,,,19.0,0,0,0
2028,1,7309,85,0,,2,6.0,4.0,,1,1,0,White,0,,,19.0,0,0,0
2029,1,7310,22,15,1.0,1,6.0,4.0,20.0,1,1,0,White,61,6.0,6410.0,19.0,0,472140,47
2030,1,7314,83,0,,2,6.0,4.0,,1,1,0,White,0,,,18.0,0,0,0
2031,1,7319,31,0,1.0,1,6.0,4.0,,1,1,0,White,23,,6260.0,16.0,0,472061,47
2032,1,7322,45,0,,1,6.0,4.0,,6,1,0,Asian,0,,,12.0,0,0,0
2033,1,7306,18,14,9.0,1,3.0,4.0,,6,1,0,Asian,99,,9920.0,14.0,1,999920,99
2034,1,7322,29,0,,1,6.0,4.0,,1,2,0,Hispanic,0,,,16.0,0,0,0
2035,1,7310,37,0,,1,6.0,4.0,,9,1,0,Two or More,0,,,19.0,0,0,0
2036,1,7301,20,0,5.0,1,4.0,1.0,55.0,1,1,1,White,MIL,1.0,9830.0,16.0,0,559830,55
2037,1,7316,28,15,5.0,2,4.0,3.0,40.0,1,2,1,Hispanic,MIL,1.0,9645.0,19.0,0,537065,53
2038,1,7321,29,0,5.0,1,4.0,1.0,60.0,1,1,1,White,MIL,1.0,9810.0,18.0,0,552010,55
2039,1,7321,94,0,,2,6.0,4.0,,1,2,0,Hispanic,0,,,5.0,0,0,0
2040,1,7301,23,0,5.0,1,4.0,1.0,60.0,1,1,1,White,MIL,1.0,9810.0,16.0,0,552010,55
2041,1,7308,61,0,,2,6.0,4.0,,1,2,0,Hispanic,0,,,1.0,0,0,0
2042,1,7322,54,0,,1,6.0,4.0,,2,1,0,Black,0,,,20.0,0,0,0
2043,1,7317,18,15,,2,6.0,4.0,,1,1,0,White,0,,,18.0,0,0,0
2044,1,7322,49,0,,1,6.0,4.0,,2,1,0,Black,0,,,14.0,0,0,0
2045,1,7319,17,14,,1,6.0,4.0,,6,1,0,Asian,0,,,14.0,0,0,0
2046,1,7309,68,0,,1,6.0,4.0,,1,1,0,White,0,,,19.0,0,0,0
2047,1,7301,20,0,5.0,1,4.0,1.0,50.0,1,1,1,White,MIL,1.0,5040.0,16.0,0,432099,43
2048,1,7309,94,0,,2,6.0,4.0,,1,24,0,Hispanic,0,,,12.0,0,0,0
2049,1,7315,20,15,1.0,1,6.0,4.0,,1,1,0,White,722,,4140.0,18.0,0,359021,35
2050,1,7302,27,0,1.0,1,6.0,4.0,40.0,1,2,0,Hispanic,23,2.0,6230.0,16.0,0,472031,47
2051,1,7315,51,0,,1,6.0,4.0,,1,1,0,White,0,,,8.0,0,0,0
2052,1,7322,39,0,,1,6.0,4.0,,2,1,0,Black,0,,,13.0,0,0,0
2053,1,7312,19,0,5.0,1,4.0,1.0,40.0,1,1,1,White,MIL,1.0,9830.0,16.0,0,559830,55
2054,1,7301,32,0,1.0,1,2.0,4.0,60.0,1,1,1,White,56,6.0,4251.0,13.0,1,373011,37
2055,1,7310,17,0,5.0,1,5.0,1.0,99.0,1,2,1,Hispanic,MIL,1.0,9830.0,17.0,0,559830,55
2056,1,7310,22,0,5.0,1,4.0,1.0,60.0,1,1,1,White,MIL,1.0,6355.0,16.0,0,472111,47
2057,1,7310,33,0,5.0,1,4.0,1.0,84.0,2,1,1,Black,MIL,1.0,9810.0,22.0,0,552010,55
2058,1,7315,18,15,,2,6.0,4.0,,1,1,0,White,0,,,18.0,0,0,0
2059,1,7307,61,0,,1,6.0,4.0,,1,1,0,White,0,,,22.0,0,0,0
2060,1,7311,43,0,,2,6.0,4.0,,1,2,0,Hispanic,0,,,12.0,0,0,0
2061,1,7315,19,15,1.0,2,6.0,4.0,15.0,8,11,0,Hispanic,722,6.0,4055.0,16.0,0,353023,35
2062,1,7310,21,0,5.0,1,4.0,1.0,55.0,2,1,1,Black,MIL,1.0,9830.0,20.0,0,559830,55
2063,1,7310,19,0,5.0,2,4.0,1.0,55.0,1,1,1,White,MIL,1.0,9830.0,16.0,0,559830,55
2064,1,7317,18,15,1.0,1,6.0,4.0,10.0,1,1,0,White,81,5.0,9350.0,16.0,0,536021,53
2065,1,7316,20,0,5.0,1,4.0,1.0,40.0,1,2,1,Hispanic,MIL,1.0,9300.0,16.0,0,5350XX,53
2066,1,7317,21,0,1.0,1,6.0,4.0,,2,1,0,Black,722,,4720.0,15.0,0,412010,41
2067,1,7301,19,0,5.0,1,4.0,1.0,45.0,8,2,1,Hispanic,MIL,1.0,5040.0,16.0,0,432099,43
2068,1,7306,53,0,1.0,2,3.0,4.0,,1,1,0,White,45,,4720.0,18.0,1,412010,41
2069,1,7316,30,0,5.0,1,4.0,1.0,76.0,1,1,1,White,MIL,1.0,7100.0,19.0,0,49209X,49
2070,1,7307,65,0,6.0,2,1.0,4.0,80.0,7,1,1,Other,62,1.0,440.0,16.0,1,1191XX,11
2071,1,7301,19,0,5.0,1,4.0,1.0,50.0,1,1,1,White,MIL,1.0,9825.0,16.0,0,553010,55
2072,1,7301,19,14,,2,6.0,4.0,,1,1,0,White,0,,,17.0,0,0,0
2073,1,7315,18,15,,2,6.0,4.0,,1,2,0,Hispanic,0,,,19.0,0,0,0
2074,1,7317,22,0,1.0,1,6.0,4.0,,2,1,0,Black,56,,9640.0,16.0,0,537064,53
2075,1,7313,88,0,,2,6.0,4.0,,1,1,0,White,0,,,19.0,0,0,0
2076,1,7301,19,0,5.0,1,4.0,1.0,50.0,1,1,1,White,MIL,1.0,6230.0,16.0,0,472031,47
2077,1,7301,20,0,5.0,1,4.0,1.0,50.0,1,1,1,White,MIL,1.0,9830.0,20.0,0,559830,55
2078,1,7310,18,15,1.0,1,6.0,4.0,2.0,8,2,0,Hispanic,722,6.0,4130.0,19.0,0,359011,35
2079,1,7314,85,0,,2,6.0,4.0,,1,1,0,White,0,,,19.0,0,0,0
2080,1,7301,78,0,,2,6.0,4.0,,6,1,0,Asian,0,,,16.0,0,0,0
2081,1,7301,23,0,5.0,1,4.0,1.0,45.0,8,2,1,Hispanic,MIL,1.0,9830.0,16.0,0,559830,55
2082,1,7312,20,0,5.0,2,4.0,1.0,45.0,1,1,1,White,MIL,1.0,9825.0,16.0,0,553010,55
2083,1,7307,67,0,,1,6.0,4.0,,1,2,0,Hispanic,0,,,16.0,0,0,0
2084,1,7302,16,13,,1,6.0,,,1,1,0,White,0,,,13.0,0,0,0
2085,1,7315,22,15,1.0,1,6.0,4.0,40.0,5,1,0,Other,71,5.0,3960.0,19.0,0,33909X,33
2086,1,7317,19,15,,2,6.0,4.0,,1,1,0,White,0,,,18.0,0,0,0
2087,1,7302,39,0,1.0,2,6.0,4.0,,1,1,0,White,722,,4020.0,19.0,0,352010,35
2088,1,7315,21,15,1.0,2,6.0,4.0,15.0,1,1,0,White,722,4.0,4110.0,19.0,0,353031,35
2089,1,7311,42,0,,2,6.0,4.0,,9,1,0,Two or More,0,,,13.0,0,0,0
2090,1,7316,65,0,,1,6.0,2.0,,2,1,0,Black,0,,,13.0,0,0,0
2091,1,7315,19,15,1.0,2,1.0,4.0,12.0,1,1,1,White,71,3.0,440.0,19.0,1,1191XX,11
2092,1,7303,38,0,1.0,1,6.0,4.0,40.0,1,1,0,White,44,5.0,9645.0,19.0,0,537065,53
2093,1,7319,23,0,1.0,1,6.0,4.0,,2,1,0,Black,44,,9645.0,18.0,0,537065,53
2094,1,7312,21,0,5.0,1,4.0,1.0,50.0,1,1,1,White,MIL,1.0,5040.0,16.0,0,432099,43
2095,1,7310,29,0,5.0,1,4.0,1.0,60.0,1,1,1,White,MIL,1.0,9810.0,18.0,0,552010,55
2096,1,7316,65,0,,1,6.0,4.0,,1,1,0,White,0,,,18.0,0,0,0
2097,1,7316,68,0,,1,6.0,2.0,,1,1,0,White,0,,,14.0,0,0,0
2098,1,7315,19,15,1.0,2,6.0,4.0,30.0,1,1,0,White,722,5.0,4030.0,18.0,0,352021,35
2099,1,7319,60,0,,1,6.0,4.0,,2,4,0,Hispanic,0,,,19.0,0,0,0
2100,1,7301,19,0,5.0,2,4.0,1.0,50.0,2,1,1,Black,MIL,1.0,4020.0,20.0,0,352010,35
2101,1,7317,19,15,,2,6.0,4.0,,1,1,0,White,0,,,18.0,0,0,0
2102,1,7322,56,0,,1,6.0,4.0,,1,3,0,Hispanic,0,,,9.0,0,0,0
2103,1,7305,18,15,,1,6.0,4.0,,1,1,0,White,0,,,18.0,0,0,0
2104,1,7313,70,0,,2,6.0,4.0,,1,1,0,White,0,,,19.0,0,0,0
2105,1,7319,52,0,7.0,1,6.0,4.0,40.0,1,1,0,White,56,1.0,440.0,18.0,0,1191XX,11
2106,1,7321,19,0,5.0,1,4.0,1.0,40.0,2,1,1,Black,MIL,1.0,9830.0,16.0,0,559830,55
2107,1,7321,16,14,,1,6.0,,,2,1,0,Black,0,,,14.0,0,0,0
2108,1,7310,70,0,,1,6.0,4.0,,1,2,0,Hispanic,0,,,16.0,0,0,0
2109,1,7319,29,0,,2,6.0,4.0,,1,11,0,Hispanic,0,,,16.0,0,0,0
2110,1,7315,19,15,1.0,1,6.0,4.0,12.0,6,1,0,Asian,62,6.0,5940.0,16.0,0,439XXX,43
2111,1,7305,65,0,6.0,1,6.0,4.0,40.0,1,1,0,White,81,1.0,440.0,18.0,0,1191XX,11
2112,1,7318,37,0,,1,6.0,4.0,,9,1,0,Two or More,0,,,19.0,0,0,0
2113,1,7310,22,0,5.0,1,4.0,1.0,55.0,8,2,1,Hispanic,MIL,1.0,7210.0,16.0,0,493031,49
2114,1,7306,80,0,,2,6.0,4.0,,8,24,0,Hispanic,0,,,11.0,0,0,0
2115,1,7316,25,0,5.0,1,4.0,1.0,48.0,2,1,1,Black,MIL,1.0,9300.0,19.0,0,5350XX,53
2116,1,7302,38,0,4.0,1,6.0,4.0,80.0,1,1,0,White,92,1.0,5120.0,18.0,0,433031,43
2117,1,7301,20,0,5.0,1,4.0,1.0,50.0,1,1,1,White,MIL,1.0,7100.0,16.0,0,49209X,49
2118,1,7321,35,0,,1,6.0,4.0,,8,2,0,Hispanic,0,,,11.0,0,0,0
2119,1,7319,26,0,1.0,1,6.0,4.0,,2,1,0,Black,81,,9610.0,16.0,0,537061,53
2120,1,7316,56,0,,1,6.0,4.0,,2,1,0,Black,0,,,8.0,0,0,0
2121,1,7315,18,15,,2,6.0,4.0,,2,1,0,Black,0,,,16.0,0,0,0
2122,1,7301,21,0,5.0,2,4.0,1.0,50.0,1,1,1,White,MIL,1.0,7210.0,16.0,0,493031,49
2123,1,7310,33,0,1.0,1,6.0,2.0,,1,2,0,Hispanic,61,,7200.0,16.0,0,493023,49
2124,1,7319,26,0,1.0,1,6.0,4.0,40.0,1,2,0,Hispanic,81,4.0,7200.0,16.0,0,493023,49
2125,1,7306,42,0,,2,6.0,4.0,,9,1,0,Two or More,0,,,13.0,0,0,0
2126,1,7318,16,13,,1,6.0,,,1,2,0,Hispanic,0,,,13.0,0,0,0
2127,1,7315,77,0,,1,6.0,4.0,,1,2,0,Hispanic,0,,,12.0,0,0,0
2128,1,7321,24,0,5.0,1,4.0,1.0,43.0,2,1,1,Black,MIL,1.0,3740.0,19.0,0,332011,33
2129,1,7316,88,0,,2,6.0,4.0,,1,1,0,White,0,,,11.0,0,0,0
2130,1,7310,21,0,5.0,1,4.0,1.0,40.0,9,1,1,Two or More,MIL,1.0,6410.0,19.0,0,472140,47
2131,1,7319,48,0,6.0,1,6.0,4.0,40.0,1,1,0,White,81,4.0,7200.0,16.0,0,493023,49
2132,1,7318,68,0,,1,6.0,4.0,,1,1,0,White,0,,,19.0,0,0,0
2133,1,7319,32,0,1.0,1,2.0,4.0,60.0,1,1,1,White,56,6.0,4251.0,13.0,1,373011,37
2134,1,7322,25,0,,1,6.0,4.0,,3,1,0,Other,0,,,17.0,0,0,0
2135,1,7319,44,0,1.0,1,6.0,4.0,40.0,1,1,0,White,23,1.0,6530.0,16.0,0,472221,47
2136,1,7301,26,0,5.0,2,4.0,1.0,50.0,1,2,1,Hispanic,MIL,1.0,9830.0,19.0,0,559830,55
2137,1,7319,46,0,1.0,1,6.0,4.0,40.0,1,2,0,Hispanic,23,4.0,6230.0,16.0,0,472031,47
2138,1,7317,19,15,1.0,1,6.0,4.0,30.0,1,1,0,White,722,5.0,4110.0,18.0,0,353031,35
2139,1,7317,16,13,,1,6.0,,,1,1,0,White,0,,,13.0,0,0,0
2140,1,7310,18,15,,2,6.0,4.0,,1,1,0,White,0,,,18.0,0,0,0
2141,1,7321,34,0,5.0,1,4.0,1.0,60.0,1,1,1,White,MIL,1.0,1108.0,18.0,0,151299,15
2142,1,7313,13,10,,1,,,,1,1,0,White,0,,,10.0,0,0,0
2143,1,7309,65,0,,1,6.0,2.0,,2,1,0,Black,0,,,13.0,0,0,0
2144,1,7321,30,0,5.0,1,4.0,1.0,76.0,1,1,1,White,MIL,1.0,7100.0,19.0,0,49209X,49
2145,1,7321,94,0,,2,6.0,4.0,,1,1,0,White,0,,,16.0,0,0,0
2146,1,7301,20,0,5.0,1,4.0,1.0,50.0,2,1,1,Black,MIL,1.0,5040.0,19.0,0,432099,43
2147,1,7301,25,0,5.0,1,4.0,1.0,50.0,1,1,1,White,MIL,1.0,9810.0,18.0,0,552010,55
2148,1,7301,21,0,5.0,1,4.0,1.0,50.0,1,2,1,Hispanic,MIL,1.0,5860.0,16.0,0,439061,43
2149,1,7321,69,0,,2,6.0,4.0,,1,1,0,White,0,,,16.0,0,0,0
2150,1,7315,21,15,1.0,1,1.0,4.0,30.0,1,1,1,White,722,1.0,4010.0,19.0,1,351012,35
2151,1,7321,25,0,5.0,1,4.0,1.0,72.0,1,1,1,White,MIL,2.0,3740.0,19.0,0,332011,33
2152,1,7316,22,0,5.0,1,4.0,1.0,50.0,7,1,1,Other,MIL,1.0,9830.0,16.0,0,559830,55
2153,1,7301,25,0,5.0,1,4.0,1.0,48.0,2,1,1,Black,MIL,1.0,9300.0,19.0,0,5350XX,53
2154,1,7301,69,0,,2,6.0,4.0,,1,1,0,White,0,,,14.0,0,0,0
2155,1,7321,19,0,5.0,2,4.0,1.0,60.0,1,1,1,White,MIL,1.0,9310.0,16.0,0,535020,53
2156,1,7301,21,0,5.0,1,4.0,1.0,40.0,1,1,1,White,MIL,1.0,4220.0,16.0,0,37201X,37
2157,1,7301,21,0,5.0,1,4.0,1.0,55.0,1,2,1,Hispanic,MIL,1.0,9830.0,16.0,0,559830,55
2158,1,7310,19,15,,2,6.0,4.0,,1,1,0,White,0,,,16.0,0,0,0
2159,1,7301,72,0,,1,6.0,2.0,,1,1,0,White,0,,,18.0,0,0,0
2160,1,7319,16,13,,1,6.0,,,1,2,0,Hispanic,0,,,13.0,0,0,0
2161,1,7301,20,0,5.0,1,4.0,1.0,55.0,1,1,1,White,MIL,1.0,9830.0,16.0,0,559830,55
2162,1,7315,22,16,1.0,2,6.0,4.0,20.0,1,1,0,White,722,6.0,4110.0,21.0,0,353031,35
2163,1,7310,19,0,5.0,1,4.0,1.0,40.0,1,1,1,White,MIL,1.0,9830.0,16.0,0,559830,55
2164,1,7315,65,0,6.0,1,6.0,4.0,40.0,1,1,0,White,81,1.0,440.0,18.0,0,1191XX,11
2165,1,7315,18,15,,2,6.0,4.0,,1,1,0,White,0,,,18.0,0,0,0
2166,1,7310,21,0,5.0,1,4.0,1.0,55.0,1,1,1,White,MIL,1.0,9825.0,16.0,0,553010,55
2167,1,7322,41,0,,1,6.0,4.0,,2,1,0,Black,0,,,16.0,0,0,0
2168,1,7313,48,0,,1,6.0,4.0,,1,1,0,White,0,,,16.0,0,0,0
2169,1,7321,33,0,5.0,2,4.0,1.0,60.0,1,1,1,White,MIL,1.0,9810.0,19.0,0,552010,55
2170,1,7315,94,0,,2,6.0,4.0,,1,1,0,White,0,,,21.0,0,0,0
2171,1,7316,21,0,5.0,1,4.0,1.0,50.0,1,3,1,Hispanic,MIL,1.0,4020.0,19.0,0,352010,35
2172,1,7308,82,0,,1,6.0,2.0,,1,23,0,Hispanic,0,,,19.0,0,0,0
2173,1,7310,22,0,5.0,2,4.0,1.0,40.0,9,1,1,Two or More,MIL,5.0,6410.0,19.0,0,472140,47
2174,1,7301,94,0,,1,6.0,4.0,,1,1,0,White,0,,,16.0,0,0,0
2175,1,7310,64,0,,2,6.0,4.0,,1,1,0,White,0,,,21.0,0,0,0
2176,1,7321,25,0,5.0,1,4.0,1.0,45.0,5,2,1,Hispanic,MIL,1.0,160.0,19.0,0,113071,11
2177,1,7303,40,0,1.0,1,6.0,4.0,20.0,9,1,0,Two or More,81,5.0,3602.0,19.0,0,311122,31
2178,1,7310,24,0,5.0,1,4.0,1.0,40.0,1,1,1,White,MIL,1.0,6410.0,19.0,0,472140,47
2179,1,7301,24,0,5.0,1,4.0,1.0,55.0,1,3,1,Hispanic,MIL,1.0,7350.0,16.0,0,499043,49
2180,1,7315,22,15,,1,6.0,4.0,,1,1,0,White,0,,,19.0,0,0,0
2181,1,7313,74,0,,1,6.0,4.0,,1,1,0,White,0,,,19.0,0,0,0
2182,1,7301,21,0,5.0,1,4.0,1.0,50.0,2,1,1,Black,MIL,1.0,9830.0,16.0,0,559830,55
2183,1,7315,22,16,1.0,2,6.0,4.0,20.0,1,1,0,White,722,6.0,4110.0,21.0,0,353031,35
2184,1,7301,23,0,5.0,1,4.0,1.0,55.0,1,1,1,White,MIL,1.0,6355.0,16.0,0,472111,47
2185,1,7308,74,0,,1,6.0,4.0,,1,2,0,Hispanic,0,,,1.0,0,0,0
2186,1,7307,61,0,6.0,1,1.0,4.0,99.0,9,1,1,Two or More,62,1.0,440.0,17.0,1,1191XX,11
2187,1,7310,40,0,5.0,1,4.0,1.0,80.0,1,2,1,Hispanic,MIL,1.0,9800.0,16.0,0,551010,55
2188,1,7319,23,0,1.0,2,1.0,4.0,40.0,1,1,1,White,56,6.0,4840.0,13.0,1,413091,41
2189,1,7316,26,0,5.0,1,4.0,1.0,80.0,9,1,1,Two or More,MIL,1.0,8030.0,17.0,0,514041,51
2190,1,7316,43,0,,1,6.0,4.0,,2,1,0,Black,0,,,17.0,0,0,0
2191,1,7320,32,0,1.0,1,3.0,4.0,,1,11,0,Hispanic,44,,7120.0,16.0,1,492097,49
2192,1,7301,21,0,5.0,1,4.0,1.0,50.0,8,11,1,Hispanic,MIL,1.0,4020.0,16.0,0,352010,35
2193,1,7319,17,14,,1,6.0,4.0,,6,1,0,Asian,0,,,14.0,0,0,0
2194,1,7320,70,0,,2,6.0,4.0,,1,1,0,White,0,,,20.0,0,0,0
2195,1,7301,21,0,5.0,1,4.0,1.0,50.0,1,1,1,White,MIL,1.0,7030.0,16.0,0,492091,49
2196,1,7310,19,0,5.0,1,4.0,1.0,45.0,1,1,1,White,MIL,1.0,6835.0,16.0,0,475032,47
2197,1,7319,55,0,,1,6.0,4.0,,1,1,0,White,0,,,21.0,0,0,0
2198,1,7314,73,0,,2,6.0,4.0,,9,1,0,Two or More,0,,,19.0,0,0,0
2199,1,7314,70,0,,1,6.0,4.0,,1,1,0,White,0,,,19.0,0,0,0
2200,1,7313,62,0,,1,6.0,4.0,,1,1,0,White,0,,,16.0,0,0,0
2201,1,7318,37,0,,1,6.0,4.0,,9,1,0,Two or More,0,,,19.0,0,0,0
2202,1,7303,87,0,,1,6.0,4.0,,1,1,0,White,0,,,21.0,0,0,0
2203,1,7319,70,0,,2,6.0,4.0,,1,1,0,White,0,,,20.0,0,0,0
2204,1,7303,18,15,6.0,1,6.0,4.0,8.0,2,1,0,Black,23,6.0,6260.0,18.0,0,472061,47
2205,1,7313,79,0,,2,6.0,4.0,,1,1,0,White,0,,,19.0,0,0,0
2206,1,7316,60,0,3.0,2,6.0,4.0,40.0,1,2,0,Hispanic,71,6.0,4220.0,13.0,0,37201X,37
2207,1,7316,57,0,,1,6.0,2.0,,1,1,0,White,0,,,21.0,0,0,0
2208,1,7304,50,0,,1,6.0,4.0,,1,1,0,White,0,,,16.0,0,0,0
2209,1,7316,48,0,1.0,2,1.0,4.0,40.0,2,1,1,Black,56,1.0,3930.0,19.0,1,339030,33
2210,1,7315,18,15,,2,6.0,4.0,,1,1,0,White,0,,,16.0,0,0,0
2211,1,7306,58,0,,2,6.0,4.0,,1,1,0,White,0,,,19.0,0,0,0
2212,1,7301,21,0,5.0,1,4.0,1.0,55.0,2,1,1,Black,MIL,1.0,9830.0,20.0,0,559830,55
2213,1,7301,30,0,5.0,1,4.0,1.0,55.0,1,1,1,White,MIL,1.0,7220.0,16.0,0,493040,49
2214,1,7310,21,0,5.0,1,4.0,1.0,50.0,1,1,1,White,MIL,1.0,9825.0,16.0,0,553010,55
2215,1,7315,16,13,,1,6.0,,,1,1,0,White,0,,,13.0,0,0,0
2216,1,7319,55,0,,1,6.0,4.0,,1,1,0,White,0,,,21.0,0,0,0
2217,1,7316,50,0,,1,6.0,4.0,,1,1,0,White,0,,,12.0,0,0,0
2218,1,7301,19,0,5.0,1,4.0,1.0,50.0,1,1,1,White,MIL,1.0,9040.0,16.0,0,532020,53
2219,1,7301,19,0,5.0,1,4.0,1.0,50.0,1,2,1,Hispanic,MIL,1.0,9830.0,16.0,0,559830,55
2220,1,7319,28,0,1.0,1,6.0,4.0,40.0,1,1,0,White,56,4.0,4251.0,17.0,0,373011,37
2221,1,7322,48,0,,1,6.0,4.0,,2,1,0,Black,0,,,21.0,0,0,0
2222,1,7312,28,15,5.0,2,4.0,3.0,40.0,1,2,1,Hispanic,MIL,1.0,9645.0,19.0,0,537065,53
2223,1,7322,26,0,,1,6.0,4.0,,2,1,0,Black,0,,,13.0,0,0,0
2224,1,7315,18,15,,2,6.0,4.0,,1,1,0,White,0,,,19.0,0,0,0
2225,1,7310,24,0,5.0,1,4.0,1.0,40.0,1,2,1,Hispanic,MIL,1.0,2752.0,17.0,0,272042,27
2226,1,7303,73,0,,1,6.0,4.0,,1,1,0,White,0,,,22.0,0,0,0
2227,1,7303,94,0,,2,6.0,4.0,,1,1,0,White,0,,,21.0,0,0,0
2228,1,7306,66,0,,1,6.0,4.0,,1,1,0,White,0,,,19.0,0,0,0
2229,1,7313,20,0,1.0,2,3.0,4.0,,1,1,0,White,722,,4055.0,16.0,1,353023,35
2230,1,7309,81,0,2.0,1,1.0,4.0,10.0,1,1,1,White,81,1.0,2040.0,16.0,1,212011,21
2231,1,7304,35,0,1.0,1,6.0,4.0,,8,2,0,Hispanic,45,,4700.0,16.0,0,411011,41
2232,1,7315,18,15,,2,6.0,4.0,,1,1,0,White,0,,,18.0,0,0,0
2233,1,7319,22,0,1.0,1,6.0,4.0,,2,1,0,Black,56,,9640.0,16.0,0,537064,53
2234,1,7315,18,15,,2,6.0,4.0,,1,1,0,White,0,,,18.0,0,0,0
2235,1,7316,26,0,1.0,1,6.0,4.0,15.0,1,1,0,White,722,6.0,5240.0,18.0,0,434051,43
2236,1,7301,19,0,5.0,1,4.0,1.0,40.0,6,1,1,Asian,MIL,1.0,3740.0,16.0,0,332011,33
2237,1,7322,51,0,,1,6.0,4.0,,1,1,0,White,0,,,16.0,0,0,0
2238,1,7301,50,0,,2,6.0,4.0,,1,1,0,White,0,,,1.0,0,0,0
2239,1,7321,84,0,,2,6.0,4.0,,1,1,0,White,0,,,16.0,0,0,0
2240,1,7321,40,0,5.0,1,4.0,1.0,80.0,1,2,1,Hispanic,MIL,1.0,9800.0,16.0,0,551010,55
2241,1,7302,29,0,4.0,1,6.0,4.0,60.0,7,1,0,Other,92,1.0,3740.0,15.0,0,332011,33
2242,1,7316,18,0,5.0,1,4.0,1.0,50.0,1,1,1,White,MIL,1.0,9825.0,16.0,0,553010,55
2243,1,7303,90,0,,2,6.0,4.0,,1,1,0,White,0,,,19.0,0,0,0
2244,1,7315,18,15,,1,6.0,4.0,,1,2,0,Hispanic,0,,,19.0,0,0,0
2245,1,7303,90,12,,2,6.0,4.0,,1,2,0,Hispanic,0,,,13.0,0,0,0
2246,1,7319,23,0,6.0,1,6.0,4.0,20.0,1,1,0,White,23,5.0,6410.0,16.0,0,472140,47
2247,1,7303,53,0,,2,6.0,4.0,,1,2,0,Hispanic,0,,,9.0,0,0,0
2248,1,7303,37,0,,1,6.0,4.0,,1,1,0,White,0,,,18.0,0,0,0
2249,1,7310,67,0,,1,6.0,2.0,,2,1,0,Black,0,,,16.0,0,0,0
2250,1,7309,72,0,,1,6.0,2.0,,1,1,0,White,0,,,16.0,0,0,0
2251,1,7301,20,0,5.0,2,4.0,1.0,45.0,1,1,1,White,MIL,1.0,9825.0,16.0,0,553010,55
2252,1,7303,44,0,,1,6.0,4.0,,1,1,0,White,0,,,19.0,0,0,0
2253,1,7301,20,0,5.0,1,4.0,1.0,50.0,1,1,1,White,MIL,1.0,9130.0,16.0,0,533030,53
2254,1,7313,50,0,1.0,2,6.0,4.0,40.0,6,1,0,Asian,45,6.0,4720.0,19.0,0,412010,41
2255,1,7306,60,0,,1,6.0,4.0,,1,1,0,White,0,,,19.0,0,0,0
2256,1,7321,24,0,5.0,1,4.0,1.0,71.0,1,2,1,Hispanic,MIL,1.0,9830.0,19.0,0,559830,55
2257,1,7310,18,15,6.0,1,6.0,4.0,30.0,1,1,0,White,61,6.0,2545.0,19.0,0,259040,25
2258,1,7312,21,0,5.0,1,4.0,1.0,50.0,1,1,1,White,MIL,1.0,7640.0,16.0,0,4990XX,49
2259,1,7309,84,0,,2,6.0,4.0,,8,2,0,Hispanic,0,,,19.0,0,0,0
2260,1,7301,20,0,5.0,1,4.0,1.0,60.0,2,1,1,Black,MIL,1.0,9645.0,16.0,0,537065,53
2261,1,7313,26,0,1.0,1,6.0,4.0,25.0,1,1,0,White,23,5.0,6260.0,17.0,0,472061,47
2262,1,7310,19,0,5.0,1,4.0,1.0,40.0,1,1,1,White,MIL,1.0,7100.0,16.0,0,49209X,49
2263,1,7316,43,0,,2,6.0,4.0,,1,2,0,Hispanic,0,,,12.0,0,0,0
2264,1,7301,19,0,5.0,1,4.0,1.0,40.0,6,1,1,Asian,MIL,1.0,3740.0,19.0,0,332011,33
2265,1,7319,55,0,,1,6.0,4.0,,1,2,0,Hispanic,0,,,16.0,0,0,0
2266,1,7318,18,15,,1,6.0,4.0,,1,2,0,Hispanic,0,,,16.0,0,0,0
2267,1,7313,50,0,1.0,2,6.0,4.0,40.0,6,1,0,Asian,45,6.0,4720.0,19.0,0,412010,41
2268,1,7310,19,0,5.0,1,4.0,1.0,40.0,1,1,1,White,MIL,1.0,630.0,19.0,0,131070,13
2269,1,7315,21,15,2.0,2,1.0,4.0,20.0,6,1,1,Asian,54,6.0,1050.0,19.0,1,151230,15
2270,1,7301,24,0,5.0,1,4.0,1.0,50.0,1,2,1,Hispanic,MIL,1.0,9825.0,16.0,0,553010,55
2271,1,7319,37,0,1.0,1,6.0,4.0,40.0,1,1,0,White,45,3.0,4700.0,19.0,0,411011,41
2272,1,7313,39,0,1.0,2,6.0,4.0,,1,1,0,White,722,,4020.0,19.0,0,352010,35
2273,1,7322,56,0,2.0,1,6.0,4.0,,1,1,0,White,44,,9130.0,17.0,0,533030,53
2274,1,7305,24,0,,1,6.0,4.0,,1,1,0,White,0,,,22.0,0,0,0
2275,1,7301,21,0,5.0,1,4.0,1.0,55.0,1,1,1,White,MIL,1.0,7220.0,16.0,0,493040,49
2276,1,7303,49,0,1.0,1,6.0,4.0,40.0,1,1,0,White,23,5.0,220.0,19.0,0,119021,11
2277,1,7302,29,0,4.0,1,6.0,2.0,60.0,8,2,0,Hispanic,92,5.0,3740.0,16.0,0,332011,33
2278,1,7318,94,0,,2,6.0,4.0,,1,13,0,Hispanic,0,,,16.0,0,0,0
2279,1,7312,20,0,5.0,1,4.0,1.0,40.0,1,2,1,Hispanic,MIL,1.0,9830.0,19.0,0,559830,55
2280,1,7321,19,0,5.0,1,4.0,1.0,40.0,2,1,1,Black,MIL,1.0,9830.0,16.0,0,559830,55
2281,1,7301,25,0,5.0,1,4.0,1.0,45.0,1,1,1,White,MIL,1.0,3645.0,19.0,0,319092,31
2282,1,7316,94,0,,2,6.0,4.0,,1,1,0,White,0,,,19.0,0,0,0
2283,1,7306,72,0,,1,6.0,4.0,,1,1,0,White,0,,,21.0,0,0,0
2284,1,7306,70,0,,2,6.0,4.0,,1,2,0,Hispanic,0,,,1.0,0,0,0
2285,1,7305,18,15,,2,6.0,4.0,,1,2,0,Hispanic,0,,,19.0,0,0,0
2286,1,7305,51,0,,1,6.0,4.0,,1,1,0,White,0,,,8.0,0,0,0
2287,1,7319,22,0,1.0,1,6.0,4.0,,1,2,0,Hispanic,44,,4720.0,16.0,0,412010,41
2288,1,7315,58,0,1.0,1,6.0,2.0,,1,1,0,White,62,,5940.0,21.0,0,439XXX,43
2289,1,7317,18,15,,2,6.0,4.0,,1,1,0,White,0,,,18.0,0,0,0
2290,1,7301,20,0,5.0,1,4.0,1.0,50.0,1,1,1,White,MIL,1.0,9825.0,16.0,0,553010,55
2291,1,7318,68,0,,1,6.0,4.0,,1,1,0,White,0,,,19.0,0,0,0
2292,1,7301,19,0,5.0,2,4.0,1.0,50.0,2,1,1,Black,MIL,1.0,9830.0,16.0,0,559830,55
2293,1,7319,48,0,6.0,1,6.0,4.0,40.0,1,1,0,White,81,4.0,7200.0,16.0,0,493023,49
2294,1,7319,29,0,,1,6.0,4.0,,2,1,0,Black,0,,,15.0,0,0,0
2295,1,7319,37,0,,1,6.0,4.0,,1,1,0,White,0,,,19.0,0,0,0
2296,1,7301,19,0,5.0,2,4.0,1.0,55.0,1,1,1,White,MIL,1.0,9830.0,16.0,0,559830,55
2297,1,7319,27,0,1.0,1,6.0,4.0,40.0,1,2,0,Hispanic,23,2.0,6230.0,16.0,0,472031,47
2298,1,7306,15,12,,1,,,,2,1,0,Black,0,,,12.0,0,0,0
2299,1,7312,24,0,5.0,1,4.0,1.0,55.0,1,2,1,Hispanic,MIL,1.0,5040.0,16.0,0,432099,43
2300,1,7322,21,0,1.0,1,6.0,4.0,,2,1,0,Black,45,,9645.0,16.0,0,537065,53
2301,1,7301,54,0,,1,6.0,4.0,,1,1,0,White,0,,,18.0,0,0,0
2302,1,7301,21,0,5.0,1,4.0,1.0,50.0,1,1,1,White,MIL,1.0,5040.0,16.0,0,432099,43
2303,1,7313,45,0,,1,6.0,4.0,,6,1,0,Asian,0,,,1.0,0,0,0
2304,1,7310,73,0,,1,6.0,2.0,,1,2,0,Hispanic,0,,,19.0,0,0,0
2305,1,7310,77,0,,1,6.0,4.0,,1,2,0,Hispanic,0,,,12.0,0,0,0
2306,1,7301,26,0,5.0,1,4.0,1.0,50.0,8,2,1,Hispanic,MIL,1.0,9810.0,19.0,0,552010,55
2307,1,7311,30,0,1.0,1,1.0,4.0,40.0,6,1,1,Asian,62,1.0,3602.0,19.0,1,311122,31
2308,1,7310,22,15,1.0,1,6.0,4.0,40.0,5,1,0,Other,71,5.0,3960.0,19.0,0,33909X,33
2309,1,7310,18,0,5.0,1,4.0,1.0,60.0,1,1,1,White,MIL,4.0,630.0,16.0,0,131070,13
2310,1,7313,29,0,,2,6.0,4.0,,1,2,0,Hispanic,0,,,17.0,0,0,0
2311,1,7301,20,0,5.0,1,4.0,1.0,50.0,1,1,1,White,MIL,1.0,9825.0,16.0,0,553010,55
2312,1,7301,21,0,5.0,2,4.0,1.0,55.0,1,1,1,White,MIL,1.0,9825.0,16.0,0,553010,55
2313,1,7317,54,0,,2,6.0,4.0,,1,1,0,White,0,,,1.0,0,0,0
2314,1,7304,29,0,,2,6.0,4.0,,1,11,0,Hispanic,0,,,16.0,0,0,0
2315,1,7301,23,0,5.0,1,4.0,1.0,50.0,1,1,1,White,MIL,1.0,9825.0,16.0,0,553010,55
2316,1,7301,20,0,5.0,1,4.0,1.0,50.0,1,1,1,White,MIL,1.0,6835.0,16.0,0,475032,47
2317,1,7322,56,0,,1,6.0,4.0,,2,1,0,Black,0,,,8.0,0,0,0
2318,1,7319,23,0,1.0,1,6.0,4.0,20.0,2,1,0,Black,56,4.0,3930.0,19.0,0,339030,33
2319,1,7315,58,0,,2,6.0,4.0,,1,2,0,Hispanic,0,,,16.0,0,0,0
2320,1,7301,20,0,5.0,1,4.0,1.0,50.0,6,1,1,Asian,MIL,1.0,9825.0,16.0,0,553010,55
2321,1,7316,48,0,1.0,2,1.0,4.0,40.0,2,1,1,Black,56,1.0,3930.0,19.0,1,339030,33
2322,1,7315,70,0,,1,6.0,4.0,,2,1,0,Black,0,,,14.0,0,0,0
2323,1,7316,31,15,5.0,1,4.0,1.0,60.0,6,1,1,Asian,MIL,1.0,1108.0,20.0,0,151299,15
2324,1,7317,18,15,,2,6.0,4.0,,1,2,0,Hispanic,0,,,19.0,0,0,0
2325,1,7310,68,0,,1,6.0,4.0,,1,1,0,White,0,,,19.0,0,0,0
2326,1,7322,29,0,,1,6.0,4.0,,1,2,0,Hispanic,0,,,16.0,0,0,0
2327,1,7307,16,14,,1,6.0,,,2,1,0,Black,0,,,14.0,0,0,0
2328,1,7313,80,0,,2,6.0,4.0,,8,24,0,Hispanic,0,,,11.0,0,0,0
2329,1,7310,23,0,1.0,2,1.0,4.0,40.0,1,1,1,White,62,6.0,3602.0,14.0,1,311122,31
2330,1,7322,51,0,,1,6.0,4.0,,1,1,0,White,0,,,19.0,0,0,0
2331,1,7317,18,15,6.0,1,6.0,4.0,30.0,1,1,0,White,61,6.0,2545.0,19.0,0,259040,25
2332,1,7301,20,0,5.0,1,4.0,1.0,50.0,1,1,1,White,MIL,1.0,9825.0,16.0,0,553010,55
2333,1,7309,78,0,,2,6.0,4.0,,1,2,0,Hispanic,0,,,18.0,0,0,0
2334,1,7313,55,0,,1,6.0,4.0,,1,1,0,White,0,,,16.0,0,0,0
2335,1,7301,19,0,5.0,1,4.0,1.0,50.0,1,1,1,White,MIL,1.0,9040.0,16.0,0,532020,53
2336,1,7315,19,15,1.0,1,6.0,4.0,12.0,6,1,0,Asian,62,6.0,5940.0,16.0,0,439XXX,43
2337,1,7321,19,0,5.0,1,1.0,2.0,60.0,1,2,1,Hispanic,62,1.0,3640.0,18.0,1,319091,31
2338,1,7313,65,0,6.0,1,6.0,4.0,40.0,1,1,0,White,81,1.0,440.0,18.0,0,1191XX,11
2339,1,7316,38,0,1.0,1,6.0,4.0,40.0,1,1,0,White,44,5.0,9645.0,19.0,0,537065,53
2340,1,7301,20,0,5.0,1,4.0,1.0,55.0,1,1,1,White,MIL,1.0,9825.0,16.0,0,553010,55
2341,1,7310,21,15,1.0,1,6.0,4.0,40.0,1,2,0,Hispanic,71,5.0,3960.0,19.0,0,33909X,33
2342,1,7319,25,0,,1,6.0,4.0,,1,2,0,Hispanic,0,,,16.0,0,0,0
2343,1,7301,20,0,5.0,1,4.0,1.0,50.0,6,16,1,Hispanic,MIL,1.0,9830.0,16.0,0,559830,55
2344,1,7301,19,0,5.0,2,4.0,1.0,50.0,1,1,1,White,MIL,1.0,700.0,18.0,0,131081,13
2345,1,7319,22,0,1.0,1,6.0,4.0,40.0,1,1,0,White,81,4.0,2600.0,14.0,0,271010,27
2346,1,7307,17,14,,2,6.0,4.0,,1,3,0,Hispanic,0,,,14.0,0,0,0
2347,1,7316,23,0,5.0,1,4.0,1.0,50.0,1,1,1,White,MIL,1.0,9825.0,16.0,0,553010,55
2348,1,7310,23,15,,2,6.0,4.0,,2,1,0,Black,0,,,19.0,0,0,0
2349,1,7301,23,0,1.0,2,1.0,4.0,40.0,1,1,1,White,56,6.0,4840.0,13.0,1,413091,41
2350,1,7321,79,0,,1,6.0,4.0,,1,2,0,Hispanic,0,,,20.0,0,0,0
2351,1,7306,30,0,,1,6.0,4.0,,2,1,0,Black,0,,,16.0,0,0,0
2352,1,7318,80,0,,2,6.0,4.0,,6,1,0,Asian,0,,,19.0,0,0,0
2353,1,7313,59,0,,1,6.0,4.0,,1,1,0,White,0,,,19.0,0,0,0
2354,1,7318,32,0,1.0,1,2.0,4.0,60.0,1,1,1,White,56,6.0,4251.0,13.0,1,373011,37
2355,1,7322,72,0,,1,6.0,4.0,,6,1,0,Asian,0,,,16.0,0,0,0
2356,1,7322,48,0,,1,6.0,4.0,,1,1,0,White,0,,,21.0,0,0,0
2357,1,7321,65,0,6.0,1,6.0,4.0,40.0,1,1,0,White,81,1.0,440.0,18.0,0,1191XX,11
2358,1,7305,89,0,,1,6.0,4.0,,8,2,0,Hispanic,0,,,12.0,0,0,0
2359,1,7301,19,0,5.0,2,4.0,1.0,50.0,2,1,1,Black,MIL,1.0,4020.0,20.0,0,352010,35
2360,1,7301,22,0,5.0,1,4.0,1.0,60.0,1,2,1,Hispanic,MIL,1.0,4020.0,16.0,0,352010,35
2361,1,7303,27,0,,1,6.0,4.0,,1,3,0,Hispanic,0,,,18.0,0,0,0
2362,1,7316,20,0,5.0,1,4.0,1.0,56.0,1,1,1,White,MIL,1.0,9825.0,19.0,0,553010,55
2363,1,7319,38,0,1.0,1,6.0,4.0,40.0,1,1,0,White,44,5.0,9645.0,19.0,0,537065,53
2364,1,7315,22,15,1.0,1,6.0,4.0,40.0,5,1,0,Other,71,5.0,3960.0,19.0,0,33909X,33
2365,1,7316,32,0,5.0,1,4.0,1.0,50.0,2,1,1,Black,MIL,1.0,9810.0,19.0,0,552010,55
2366,1,7302,23,0,1.0,2,1.0,4.0,40.0,1,1,1,White,56,6.0,4840.0,13.0,1,413091,41
2367,1,7322,49,0,,1,6.0,4.0,,2,1,0,Black,0,,,14.0,0,0,0
2368,1,7322,21,0,1.0,1,6.0,4.0,,2,1,0,Black,45,,9645.0,16.0,0,537065,53
2369,1,7301,23,0,5.0,1,4.0,1.0,50.0,1,1,1,White,MIL,1.0,9825.0,16.0,0,553010,55
2370,1,7317,22,15,1.0,1,6.0,4.0,30.0,1,2,0,Hispanic,23,5.0,6355.0,19.0,0,472111,47
2371,1,7316,23,0,5.0,2,4.0,1.0,50.0,1,2,1,Hispanic,MIL,1.0,9830.0,19.0,0,559830,55
2372,1,7310,55,0,1.0,2,6.0,4.0,,1,1,0,White,56,,710.0,19.0,0,131111,13
2373,1,7321,54,0,,1,6.0,4.0,,1,1,0,White,0,,,19.0,0,0,0
2374,1,7317,19,0,,1,6.0,4.0,,1,1,0,White,0,,,16.0,0,0,0
2375,1,7320,94,0,,1,6.0,2.0,,1,1,0,White,0,,,19.0,0,0,0
2376,1,7310,19,0,5.0,2,4.0,1.0,60.0,1,1,1,White,MIL,1.0,7010.0,16.0,0,492011,49
2377,1,7301,25,0,5.0,1,4.0,1.0,50.0,1,1,1,White,MIL,1.0,9810.0,18.0,0,552010,55
2378,1,7315,81,0,,2,6.0,4.0,,1,1,0,White,0,,,21.0,0,0,0
2379,1,7313,58,0,,2,6.0,2.0,,6,1,0,Asian,0,,,16.0,0,0,0
2380,1,7319,17,14,,2,6.0,4.0,,2,1,0,Black,0,,,14.0,0,0,0
2381,1,7306,26,0,,2,6.0,4.0,,1,1,0,White,0,,,16.0,0,0,0
2382,1,7317,18,15,,2,6.0,4.0,,2,1,0,Black,0,,,16.0,0,0,0
2383,1,7302,52,0,,1,6.0,4.0,,9,1,0,Two or More,0,,,16.0,0,0,0
2384,1,7321,81,0,2.0,1,1.0,4.0,10.0,1,1,1,White,81,1.0,2040.0,16.0,1,212011,21
2385,1,7306,41,0,,1,6.0,2.0,,1,1,0,White,0,,,16.0,0,0,0
2386,1,7316,23,0,1.0,2,1.0,4.0,40.0,1,1,1,White,56,6.0,4840.0,13.0,1,413091,41
2387,1,7315,19,15,,1,6.0,4.0,,1,1,0,White,0,,,16.0,0,0,0
2388,1,7319,16,14,,1,6.0,,,2,1,0,Black,0,,,14.0,0,0,0
2389,1,7301,20,0,5.0,1,4.0,1.0,45.0,1,2,1,Hispanic,MIL,1.0,6230.0,16.0,0,472031,47
2390,1,7306,78,0,,2,6.0,4.0,,1,2,0,Hispanic,0,,,12.0,0,0,0
2391,1,7318,81,0,,2,6.0,4.0,,1,1,0,White,0,,,21.0,0,0,0
2392,1,7301,20,0,5.0,1,4.0,1.0,50.0,1,2,1,Hispanic,MIL,1.0,9130.0,16.0,0,533030,53
2393,1,7307,61,0,,1,6.0,4.0,,1,1,0,White,0,,,22.0,0,0,0
2394,1,7322,22,0,1.0,1,6.0,4.0,,1,2,0,Hispanic,722,,4720.0,16.0,0,412010,41
2395,1,7315,20,15,,1,6.0,4.0,,1,2,0,Hispanic,0,,,19.0,0,0,0
2396,1,7321,77,0,,1,6.0,4.0,,1,2,0,Hispanic,0,,,12.0,0,0,0
2397,1,7316,25,0,2.0,1,1.0,4.0,40.0,8,2,1,Hispanic,62,1.0,2012.0,17.0,1,211022,21
2398,1,7310,41,0,,1,6.0,2.0,,1,1,0,White,0,,,16.0,0,0,0
2399,1,7301,21,0,5.0,1,4.0,1.0,55.0,1,1,1,White,MIL,1.0,9825.0,16.0,0,553010,55
2400,1,7322,17,10,,2,6.0,4.0,,1,2,0,Hispanic,0,,,10.0,0,0,0
2401,1,7307,54,0,,1,6.0,4.0,,1,1,0,White,0,,,18.0,0,0,0
2402,1,7316,72,0,,1,6.0,2.0,,1,1,0,White,0,,,18.0,0,0,0
2403,1,7314,54,0,,1,6.0,4.0,,1,1,0,White,0,,,19.0,0,0,0
2404,1,7313,52,0,1.0,1,6.0,4.0,45.0,1,1,0,White,33,1.0,8950.0,16.0,0,519198,51
2405,1,7301,18,0,5.0,1,4.0,1.0,50.0,6,1,1,Asian,MIL,1.0,9830.0,16.0,0,559830,55
2406,1,7310,18,0,5.0,1,4.0,1.0,40.0,1,2,1,Hispanic,MIL,1.0,9830.0,16.0,0,559830,55
2407,1,7316,25,0,,1,6.0,4.0,,1,2,0,Hispanic,0,,,19.0,0,0,0
2408,1,7318,44,0,,1,6.0,4.0,,6,1,0,Asian,0,,,1.0,0,0,0
2409,1,7321,34,0,5.0,1,4.0,1.0,48.0,1,1,1,White,MIL,1.0,1108.0,19.0,0,151299,15
2410,1,7322,75,0,,1,6.0,4.0,,1,2,0,Hispanic,0,,,21.0,0,0,0
2411,1,7310,68,0,,1,6.0,2.0,,1,1,0,White,0,,,14.0,0,0,0
2412,1,7315,18,15,,2,6.0,4.0,,9,1,0,Two or More,0,,,18.0,0,0,0
2413,1,7319,65,0,,1,6.0,4.0,,1,1,0,White,0,,,18.0,0,0,0
2414,1,7301,22,0,5.0,1,4.0,1.0,50.0,1,1,1,White,MIL,1.0,6230.0,16.0,0,472031,47
2415,1,7301,19,0,5.0,1,4.0,1.0,55.0,7,1,1,Other,MIL,1.0,7000.0,16.0,0,491011,49
2416,1,7310,75,0,,2,6.0,4.0,,1,1,0,White,0,,,14.0,0,0,0
2417,1,7307,42,0,2.0,1,1.0,4.0,20.0,1,1,1,White,722,1.0,9620.0,16.0,1,537062,53
2418,1,7307,35,0,,1,6.0,4.0,,8,2,0,Hispanic,0,,,11.0,0,0,0
2419,1,7322,45,0,,1,6.0,4.0,,6,1,0,Asian,0,,,12.0,0,0,0
2420,1,7308,82,0,,2,6.0,4.0,,1,1,0,White,0,,,16.0,0,0,0
2421,1,7319,28,0,,1,6.0,4.0,,1,1,0,White,0,,,16.0,0,0,0
2422,1,7301,21,0,5.0,1,4.0,1.0,50.0,8,2,1,Hispanic,MIL,1.0,9825.0,16.0,0,553010,55
2423,1,7310,70,0,,2,6.0,4.0,,1,2,0,Hispanic,0,,,1.0,0,0,0
2424,1,7322,56,0,,1,6.0,4.0,,1,1,0,White,0,,,17.0,0,0,0
2425,1,7316,26,0,5.0,1,4.0,1.0,55.0,8,2,1,Hispanic,MIL,1.0,9825.0,16.0,0,553010,55
2426,1,7322,36,0,,1,6.0,4.0,,2,1,0,Black,0,,,14.0,0,0,0
2427,1,7318,26,0,,2,6.0,4.0,,1,1,0,White,0,,,16.0,0,0,0
2428,1,7307,11,10,,1,,,,2,1,0,Black,0,,,10.0,0,0,0
2429,1,7301,18,0,5.0,1,4.0,1.0,50.0,1,1,1,White,MIL,1.0,7340.0,16.0,0,499071,49
2430,1,7310,21,0,5.0,1,4.0,1.0,55.0,2,2,1,Hispanic,MIL,1.0,9830.0,16.0,0,559830,55
2431,1,7322,30,15,1.0,1,6.0,4.0,,1,1,0,White,23,,7315.0,19.0,0,499021,49
2432,1,7321,33,0,5.0,1,4.0,1.0,84.0,2,1,1,Black,MIL,1.0,9810.0,22.0,0,552010,55
2433,1,7310,21,14,,2,6.0,4.0,,1,2,0,Hispanic,0,,,14.0,0,0,0
2434,1,7303,17,0,,1,6.0,4.0,,1,2,0,Hispanic,0,,,14.0,0,0,0
2435,1,7319,18,15,,1,6.0,4.0,,2,1,0,Black,0,,,16.0,0,0,0
2436,1,7316,19,0,5.0,1,4.0,1.0,40.0,6,1,1,Asian,MIL,1.0,3740.0,16.0,0,332011,33
2437,1,7301,19,0,5.0,1,4.0,1.0,50.0,1,1,1,White,MIL,1.0,9825.0,16.0,0,553010,55
2438,1,7301,18,0,5.0,1,4.0,1.0,50.0,8,2,1,Hispanic,MIL,1.0,9825.0,16.0,0,553010,55
2439,1,7315,19,15,1.0,2,6.0,4.0,,2,1,0,Black,45,,4760.0,16.0,0,412031,41
2440,1,7306,61,0,,1,6.0,4.0,,1,1,0,White,0,,,22.0,0,0,0
2441,1,7301,20,0,5.0,1,4.0,1.0,56.0,1,1,1,White,MIL,1.0,9825.0,19.0,0,553010,55
2442,1,7316,21,0,5.0,2,4.0,1.0,40.0,1,1,1,White,MIL,1.0,9825.0,19.0,0,553010,55
2443,1,7301,19,0,5.0,1,4.0,1.0,55.0,7,1,1,Other,MIL,1.0,7000.0,16.0,0,491011,49
2444,1,7310,64,0,,1,6.0,2.0,,1,1,0,White,0,,,16.0,0,0,0
2445,1,7305,24,15,,1,6.0,4.0,,1,1,0,White,0,,,19.0,0,0,0
2446,1,7312,19,0,5.0,1,4.0,1.0,40.0,1,1,1,White,MIL,4.0,9830.0,16.0,0,559830,55
2447,1,7301,20,0,5.0,1,4.0,1.0,50.0,1,1,1,White,MIL,1.0,5040.0,18.0,0,432099,43
2448,1,7316,23,0,1.0,1,6.0,4.0,40.0,1,2,0,Hispanic,23,1.0,6515.0,16.0,0,472181,47
2449,1,7301,19,0,5.0,1,4.0,1.0,50.0,1,1,1,White,MIL,1.0,9645.0,16.0,0,537065,53
2450,1,7322,18,0,1.0,1,6.0,4.0,4.0,1,2,0,Hispanic,71,6.0,3930.0,17.0,0,339030,33
2451,1,7301,25,0,5.0,1,4.0,1.0,45.0,1,1,1,White,MIL,1.0,3645.0,19.0,0,319092,31
2452,1,7303,35,0,1.0,1,6.0,4.0,,8,2,0,Hispanic,45,,4700.0,16.0,0,411011,41
2453,1,7313,32,0,6.0,2,6.0,4.0,20.0,1,2,0,Hispanic,23,5.0,6355.0,16.0,0,472111,47
2454,1,7310,23,0,1.0,2,1.0,4.0,40.0,2,1,1,Black,62,5.0,4230.0,16.0,1,372012,37
2455,1,7309,64,0,,1,6.0,4.0,,1,1,0,White,0,,,21.0,0,0,0
2456,1,7319,45,0,,1,6.0,4.0,,1,1,0,White,0,,,19.0,0,0,0
2457,1,7306,86,0,,2,6.0,4.0,,1,1,0,White,0,,,16.0,0,0,0
2458,1,7307,12,10,,1,,,,6,1,0,Asian,0,,,10.0,0,0,0
2459,1,7321,29,0,5.0,1,4.0,1.0,40.0,8,11,1,Hispanic,MIL,1.0,1108.0,19.0,0,151299,15
2460,1,7305,68,0,,1,6.0,2.0,,1,1,0,White,0,,,14.0,0,0,0
2461,1,7305,25,0,,2,6.0,4.0,,1,2,0,Hispanic,0,,,14.0,0,0,0
2462,1,7301,21,0,5.0,1,4.0,1.0,60.0,1,1,1,White,MIL,1.0,4020.0,16.0,0,352010,35
2463,1,7310,19,15,1.0,2,6.0,4.0,,2,1,0,Black,45,,4760.0,16.0,0,412031,41
2464,1,7310,18,15,,2,6.0,4.0,,1,1,0,White,0,,,18.0,0,0,0
2465,1,7301,20,0,5.0,1,4.0,1.0,50.0,2,1,1,Black,MIL,1.0,5040.0,19.0,0,432099,43
2466,1,7306,50,0,,2,6.0,4.0,,2,1,0,Black,0,,,16.0,0,0,0
2467,1,7316,21,0,5.0,1,4.0,1.0,50.0,1,1,1,White,MIL,1.0,9825.0,16.0,0,553010,55
2468,1,7316,44,0,,1,6.0,4.0,,1,1,0,White,0,,,19.0,0,0,0
2469,1,7308,25,0,1.0,1,6.0,4.0,21.0,6,1,0,Asian,42,4.0,8990.0,19.0,0,5191XX,51
2470,1,7301,20,0,5.0,1,4.0,1.0,50.0,1,1,1,White,MIL,1.0,9830.0,16.0,0,559830,55
2471,1,7316,35,0,5.0,1,4.0,3.0,16.0,1,2,1,Hispanic,MIL,6.0,7000.0,20.0,0,491011,49
2472,1,7316,25,0,1.0,1,6.0,4.0,40.0,2,1,0,Black,722,1.0,4720.0,17.0,0,412010,41
2473,1,7306,79,0,,1,6.0,4.0,,1,1,0,White,0,,,21.0,0,0,0
2474,1,7310,18,15,,2,6.0,4.0,,1,1,0,White,0,,,18.0,0,0,0
2475,1,7310,19,15,,2,6.0,4.0,,1,2,0,Hispanic,0,,,16.0,0,0,0
2476,1,7322,63,0,,1,6.0,4.0,,2,1,0,Black,0,,,17.0,0,0,0
2477,1,7321,56,0,,1,6.0,4.0,,1,2,0,Hispanic,0,,,12.0,0,0,0
2478,1,7319,39,0,,1,6.0,4.0,,2,1,0,Black,0,,,16.0,0,0,0
2479,1,7319,35,0,1.0,1,6.0,4.0,,8,2,0,Hispanic,45,,4700.0,16.0,0,411011,41
2480,1,7312,19,0,5.0,1,4.0,1.0,55.0,7,1,1,Other,MIL,1.0,7000.0,16.0,0,491011,49
2481,1,7319,38,0,6.0,1,6.0,4.0,20.0,1,2,0,Hispanic,56,5.0,4251.0,14.0,0,373011,37
2482,1,7316,49,0,,1,6.0,4.0,,1,1,0,White,0,,,11.0,0,0,0
2483,1,7301,18,14,9.0,1,3.0,4.0,,6,1,0,Asian,99,,9920.0,14.0,1,999920,99
2484,1,7310,19,0,5.0,1,4.0,1.0,40.0,1,1,1,White,MIL,1.0,9830.0,16.0,0,559830,55
2485,1,7316,28,0,5.0,1,4.0,1.0,65.0,1,1,1,White,MIL,1.0,7100.0,19.0,0,49209X,49
2486,1,7301,19,0,5.0,1,4.0,1.0,55.0,1,1,1,White,MIL,1.0,7210.0,16.0,0,493031,49
2487,1,7322,36,0,1.0,1,1.0,4.0,60.0,1,1,1,White,81,1.0,9610.0,16.0,1,537061,53
2488,1,7302,29,0,,2,6.0,4.0,,1,1,0,White,0,,,1.0,0,0,0
2489,1,7303,50,0,,1,6.0,4.0,,1,1,0,White,0,,,17.0,0,0,0
2490,1,7310,24,0,5.0,1,4.0,1.0,40.0,1,1,1,White,MIL,1.0,6410.0,19.0,0,472140,47
2491,1,7313,22,0,1.0,1,6.0,4.0,,2,1,0,Black,56,,9640.0,16.0,0,537064,53
2492,1,7310,19,15,,2,6.0,4.0,,1,1,0,White,0,,,16.0,0,0,0
2493,1,7316,28,0,,1,6.0,4.0,,1,1,0,White,0,,,16.0,0,0,0
2494,1,7309,74,0,,1,6.0,4.0,,1,1,0,White,0,,,19.0,0,0,0
2495,1,7318,54,0,1.0,2,6.0,4.0,,1,1,0,White,722,,4720.0,17.0,0,412010,41
2496,1,7316,94,0,,1,6.0,2.0,,1,1,0,White,0,,,19.0,0,0,0
2497,1,7316,21,0,5.0,1,4.0,1.0,83.0,2,1,1,Black,MIL,1.0,4020.0,16.0,0,352010,35
2498,1,7319,23,0,1.0,1,6.0,4.0,40.0,1,2,0,Hispanic,81,5.0,9610.0,16.0,0,537061,53
2499,1,7301,51,0,1.0,2,1.0,4.0,40.0,6,1,1,Asian,62,1.0,420.0,21.0,1,119151,11
2500,1,7313,75,0,,2,6.0,4.0,,1,1,0,White,0,,,16.0,0,0,0
2501,1,7313,50,0,1.0,2,6.0,4.0,40.0,6,1,0,Asian,45,6.0,4720.0,19.0,0,412010,41
2502,1,7312,20,0,5.0,1,4.0,1.0,40.0,1,2,1,Hispanic,MIL,1.0,9300.0,16.0,0,5350XX,53
2503,1,7319,16,13,,1,6.0,,,1,1,0,White,0,,,13.0,0,0,0
2504,1,7316,72,0,6.0,2,6.0,4.0,40.0,1,1,0,White,45,1.0,4760.0,19.0,0,412031,41
2505,1,7310,19,0,5.0,1,4.0,1.0,40.0,1,1,1,White,MIL,4.0,9830.0,16.0,0,559830,55
2506,1,7319,64,0,6.0,1,6.0,4.0,40.0,1,1,0,White,54,4.0,2640.0,16.0,0,27102X,27
2507,1,7317,19,0,,1,6.0,4.0,,1,1,0,White,0,,,16.0,0,0,0
2508,1,7305,19,14,1.0,2,6.0,4.0,30.0,1,2,0,Hispanic,54,4.0,4900.0,14.0,0,419010,41
2509,1,7309,21,0,1.0,1,6.0,4.0,,1,2,0,Hispanic,56,,3930.0,16.0,0,339030,33
2510,1,7310,19,0,1.0,1,1.0,4.0,36.0,1,3,1,Hispanic,722,1.0,4020.0,19.0,1,352010,35
2511,1,7309,81,0,2.0,1,1.0,4.0,10.0,1,1,1,White,81,1.0,2040.0,16.0,1,212011,21
2512,1,7301,22,0,5.0,1,4.0,1.0,50.0,1,1,1,White,MIL,1.0,7640.0,16.0,0,4990XX,49
2513,1,7322,19,14,1.0,2,1.0,4.0,20.0,2,1,1,Black,44,5.0,9645.0,14.0,1,537065,53
2514,1,7312,23,0,5.0,1,4.0,1.0,40.0,1,1,1,White,MIL,1.0,9645.0,16.0,0,537065,53
2515,1,7301,21,0,5.0,1,4.0,1.0,50.0,1,3,1,Hispanic,MIL,1.0,4020.0,19.0,0,352010,35
2516,1,7313,72,0,,2,6.0,4.0,,1,1,0,White,0,,,15.0,0,0,0
2517,1,7316,27,0,1.0,2,1.0,4.0,28.0,1,2,1,Hispanic,81,1.0,5860.0,19.0,1,439061,43
2518,1,7305,85,0,,2,6.0,4.0,,1,1,0,White,0,,,19.0,0,0,0
2519,1,7315,18,15,,2,6.0,4.0,,1,1,0,White,0,,,18.0,0,0,0
2520,1,7316,45,0,,1,6.0,4.0,,1,2,0,Hispanic,0,,,16.0,0,0,0
2521,1,7316,67,0,,1,6.0,4.0,,1,1,0,White,0,,,19.0,0,0,0
2522,1,7316,33,0,,1,6.0,4.0,,1,1,0,White,0,,,17.0,0,0,0
2523,1,7313,29,14,,2,6.0,4.0,,1,1,0,White,0,,,14.0,0,0,0
2524,1,7310,18,15,,2,6.0,4.0,,1,1,0,White,0,,,18.0,0,0,0
2525,1,7322,54,0,,1,6.0,4.0,,2,1,0,Black,0,,,20.0,0,0,0
2526,1,7316,35,0,5.0,1,4.0,1.0,64.0,9,1,1,Two or More,MIL,1.0,6355.0,19.0,0,472111,47
2527,1,7307,11,10,,1,,,,2,1,0,Black,0,,,10.0,0,0,0
2528,1,7316,26,0,,1,6.0,4.0,,2,1,0,Black,0,,,13.0,0,0,0
2529,1,7301,23,0,5.0,1,4.0,1.0,50.0,3,1,1,Other,MIL,1.0,9825.0,16.0,0,553010,55
2530,1,7301,19,0,5.0,1,4.0,1.0,50.0,1,1,1,White,MIL,1.0,9830.0,16.0,0,559830,55
2531,1,7319,44,0,1.0,1,6.0,4.0,40.0,1,1,0,White,23,1.0,6530.0,16.0,0,472221,47
2532,1,7313,78,0,,2,6.0,4.0,,1,2,0,Hispanic,0,,,18.0,0,0,0
2533,1,7315,19,15,1.0,2,6.0,4.0,30.0,1,1,0,White,71,5.0,2722.0,18.0,0,272022,27
2534,1,7322,49,0,,1,6.0,4.0,,2,1,0,Black,0,,,14.0,0,0,0
2535,1,7316,54,0,,1,6.0,4.0,,1,1,0,White,0,,,19.0,0,0,0
2536,1,7301,25,0,5.0,1,4.0,1.0,60.0,1,1,1,White,MIL,1.0,7140.0,20.0,0,493011,49
2537,1,7321,34,0,5.0,1,4.0,1.0,48.0,1,1,1,White,MIL,1.0,1108.0,19.0,0,151299,15
2538,1,7319,47,0,1.0,1,6.0,4.0,40.0,1,2,0,Hispanic,23,1.0,6230.0,9.0,0,472031,47
2539,1,7301,22,0,5.0,1,4.0,1.0,55.0,8,2,1,Hispanic,MIL,1.0,7210.0,16.0,0,493031,49
2540,1,7313,70,0,,1,6.0,4.0,,1,2,0,Hispanic,0,,,16.0,0,0,0
2541,1,7318,11,10,,1,,,,2,1,0,Black,0,,,10.0,0,0,0
2542,1,7306,81,0,,1,6.0,2.0,,1,1,0,White,0,,,20.0,0,0,0
2543,1,7319,19,14,1.0,2,1.0,4.0,20.0,2,1,1,Black,44,5.0,9645.0,14.0,1,537065,53
2544,1,7316,24,0,5.0,1,4.0,1.0,55.0,1,2,1,Hispanic,MIL,1.0,5040.0,16.0,0,432099,43
2545,1,7301,20,0,5.0,1,4.0,1.0,50.0,1,1,1,White,MIL,1.0,9830.0,16.0,0,559830,55
2546,1,7321,46,0,6.0,1,6.0,4.0,,1,1,0,White,23,,6230.0,12.0,0,472031,47
2547,1,7310,34,0,,1,6.0,2.0,,1,2,0,Hispanic,0,,,16.0,0,0,0
2548,1,7321,61,0,,2,6.0,4.0,,8,2,0,Hispanic,0,,,20.0,0,0,0
2549,1,7308,76,0,,1,6.0,4.0,,1,1,0,White,0,,,16.0,0,0,0
2550,1,7315,22,15,1.0,2,6.0,4.0,12.0,1,24,0,Hispanic,61,6.0,2722.0,19.0,0,272022,27
2551,1,7310,20,0,5.0,1,4.0,1.0,40.0,9,1,1,Two or More,MIL,1.0,9645.0,16.0,0,537065,53
2552,1,7315,18,15,,2,6.0,4.0,,1,1,0,White,0,,,19.0,0,0,0
2553,1,7314,70,0,,1,6.0,4.0,,8,24,0,Hispanic,0,,,16.0,0,0,0
2554,1,7301,26,0,1.0,1,6.0,4.0,15.0,1,1,0,White,722,6.0,5240.0,18.0,0,434051,43
2555,1,7312,22,0,5.0,1,4.0,1.0,50.0,1,1,1,White,MIL,1.0,5860.0,16.0,0,439061,43
2556,1,7301,59,0,,1,6.0,4.0,,1,1,0,White,0,,,12.0,0,0,0
2557,1,7316,22,0,1.0,1,6.0,4.0,,2,1,0,Black,56,,9640.0,16.0,0,537064,53
2558,1,7305,35,0,,1,6.0,4.0,,8,2,0,Hispanic,0,,,11.0,0,0,0
2559,1,7322,55,0,,1,6.0,4.0,,2,1,0,Black,0,,,16.0,0,0,0
2560,1,7312,64,0,,2,6.0,4.0,,1,1,0,White,0,,,16.0,0,0,0
2561,1,7317,18,15,1.0,1,6.0,4.0,10.0,1,1,0,White,81,5.0,9350.0,16.0,0,536021,53
2562,1,7314,55,0,,2,6.0,4.0,,1,2,0,Hispanic,0,,,16.0,0,0,0
2563,1,7314,25,0,,2,6.0,4.0,,1,1,0,White,0,,,6.0,0,0,0
2564,1,7313,90,12,,2,6.0,4.0,,1,2,0,Hispanic,0,,,13.0,0,0,0
2565,1,7303,38,0,,1,6.0,4.0,,1,2,0,Hispanic,0,,,19.0,0,0,0
2566,1,7316,22,0,5.0,1,4.0,1.0,60.0,1,1,1,White,MIL,1.0,6355.0,16.0,0,472111,47
2567,1,7302,17,15,1.0,1,6.0,4.0,40.0,2,1,0,Black,23,4.0,6515.0,16.0,0,472181,47
2568,1,7315,21,15,6.0,2,6.0,4.0,20.0,1,2,0,Hispanic,54,6.0,5260.0,19.0,0,434071,43
2569,1,7317,18,15,,2,6.0,4.0,,1,1,0,White,0,,,16.0,0,0,0
2570,1,7312,22,0,5.0,1,4.0,1.0,50.0,3,1,1,Other,MIL,1.0,6355.0,16.0,0,472111,47
2571,1,7303,76,0,,2,6.0,4.0,,1,1,0,White,0,,,16.0,0,0,0
2572,1,7317,19,15,,2,6.0,4.0,,2,1,0,Black,0,,,19.0,0,0,0
2573,1,7316,27,0,5.0,1,4.0,1.0,40.0,4,1,1,Other,MIL,1.0,9310.0,16.0,0,535020,53
2574,1,7316,22,0,5.0,2,4.0,1.0,60.0,8,2,1,Hispanic,MIL,1.0,9830.0,16.0,0,559830,55
2575,1,7301,19,0,5.0,1,4.0,1.0,50.0,1,1,1,White,MIL,1.0,9130.0,16.0,0,533030,53
2576,1,7304,19,0,,1,6.0,4.0,,1,1,0,White,0,,,16.0,0,0,0
2577,1,7319,17,15,1.0,1,6.0,4.0,40.0,2,1,0,Black,23,4.0,6515.0,16.0,0,472181,47
2578,1,7319,25,13,,1,6.0,4.0,,1,3,0,Hispanic,0,,,13.0,0,0,0
2579,1,7306,70,0,,2,6.0,4.0,,1,1,0,White,0,,,20.0,0,0,0
2580,1,7322,34,0,,1,6.0,4.0,,1,1,0,White,0,,,16.0,0,0,0
2581,1,7316,13,10,,1,,,,1,1,0,White,0,,,10.0,0,0,0
2582,1,7320,70,0,,2,6.0,4.0,,1,2,0,Hispanic,0,,,1.0,0,0,0
2583,1,7317,20,15,,1,6.0,4.0,,1,2,0,Hispanic,0,,,19.0,0,0,0
2584,1,7318,72,0,,2,6.0,4.0,,1,1,0,White,0,,,15.0,0,0,0
2585,1,7319,27,0,1.0,1,6.0,4.0,,1,2,0,Hispanic,722,,4020.0,16.0,0,352010,35
2586,1,7312,18,0,5.0,1,6.0,2.0,9.0,1,3,0,Hispanic,MIL,1.0,6765.0,16.0,0,4740XX,47
2587,1,7301,27,0,5.0,1,4.0,1.0,50.0,1,1,1,White,MIL,1.0,9825.0,20.0,0,553010,55
2588,1,7313,35,0,1.0,1,6.0,4.0,,8,2,0,Hispanic,45,,4700.0,16.0,0,411011,41
2589,1,7319,22,0,1.0,2,1.0,4.0,25.0,1,1,1,White,722,6.0,4030.0,17.0,1,352021,35
2590,1,7301,21,0,5.0,1,4.0,1.0,50.0,1,1,1,White,MIL,1.0,9825.0,16.0,0,553010,55
2591,1,7322,43,0,,1,6.0,4.0,,2,1,0,Black,0,,,17.0,0,0,0
2592,1,7310,18,15,,2,6.0,4.0,,2,1,0,Black,0,,,18.0,0,0,0
2593,1,7322,29,0,,1,6.0,4.0,,1,1,0,White,0,,,19.0,0,0,0
2594,1,7303,29,0,,1,6.0,4.0,,8,16,0,Hispanic,0,,,15.0,0,0,0
2595,1,7316,47,0,,1,6.0,4.0,,2,1,0,Black,0,,,14.0,0,0,0
2596,1,7316,33,0,,1,6.0,4.0,,1,1,0,White,0,,,17.0,0,0,0
2597,1,7322,29,0,1.0,1,6.0,4.0,,2,1,0,Black,56,,4251.0,13.0,0,373011,37
2598,1,7309,74,0,,2,6.0,4.0,,1,1,0,White,0,,,21.0,0,0,0
2599,1,7309,90,0,,2,6.0,4.0,,1,1,0,White,0,,,21.0,0,0,0
2600,1,7305,25,0,,2,6.0,4.0,,1,1,0,White,0,,,6.0,0,0,0
2601,1,7301,21,0,5.0,1,4.0,1.0,50.0,1,1,1,White,MIL,1.0,7640.0,16.0,0,4990XX,49
2602,1,7316,43,0,,1,6.0,4.0,,8,2,0,Hispanic,0,,,16.0,0,0,0
2603,1,7301,24,0,5.0,1,4.0,1.0,50.0,1,1,1,White,MIL,1.0,1460.0,16.0,0,172141,17
2604,1,7313,81,0,,2,6.0,4.0,,1,1,0,White,0,,,21.0,0,0,0
2605,1,7301,21,0,5.0,1,4.0,1.0,50.0,8,11,1,Hispanic,MIL,1.0,4020.0,16.0,0,352010,35
2606,1,7322,29,0,4.0,1,6.0,4.0,60.0,7,1,0,Other,92,1.0,3740.0,15.0,0,332011,33
2607,1,7301,22,0,5.0,2,4.0,1.0,50.0,1,1,1,White,MIL,1.0,9825.0,16.0,0,553010,55
2608,1,7316,23,0,5.0,1,4.0,1.0,40.0,1,1,1,White,MIL,1.0,9830.0,19.0,0,559830,55
2609,1,7321,19,0,5.0,1,4.0,1.0,40.0,2,1,1,Black,MIL,1.0,9830.0,16.0,0,559830,55
2610,1,7310,21,0,1.0,1,6.0,4.0,,2,1,0,Black,722,,4720.0,15.0,0,412010,41
2611,1,7301,21,0,5.0,1,4.0,1.0,45.0,1,1,1,White,MIL,1.0,1108.0,16.0,0,151299,15
2612,1,7309,64,0,,1,6.0,2.0,,1,1,0,White,0,,,16.0,0,0,0
2613,1,7321,25,0,5.0,1,4.0,1.0,63.0,2,1,1,Black,MIL,1.0,7315.0,16.0,0,499021,49
2614,1,7315,21,15,2.0,2,1.0,4.0,20.0,6,1,1,Asian,54,6.0,1050.0,19.0,1,151230,15
2615,1,7301,20,0,5.0,1,4.0,1.0,50.0,1,1,1,White,MIL,1.0,9825.0,16.0,0,553010,55
2616,1,7306,26,0,1.0,2,1.0,4.0,15.0,1,1,1,White,722,6.0,4110.0,17.0,1,353031,35
2617,1,7313,88,0,,2,6.0,4.0,,1,1,0,White,0,,,11.0,0,0,0
2618,1,7313,70,0,,1,6.0,4.0,,1,1,0,White,0,,,19.0,0,0,0
2619,1,7321,31,15,5.0,1,4.0,1.0,60.0,6,1,1,Asian,MIL,1.0,1108.0,20.0,0,151299,15
2620,1,7310,23,0,5.0,1,4.0,1.0,50.0,1,1,1,White,MIL,1.0,9825.0,16.0,0,553010,55
2621,1,7313,29,14,,2,6.0,4.0,,1,1,0,White,0,,,14.0,0,0,0
2622,1,7322,61,0,,1,6.0,4.0,,1,1,0,White,0,,,17.0,0,0,0
2623,1,7319,37,0,,1,6.0,4.0,,1,1,0,White,0,,,18.0,0,0,0
2624,1,7316,73,0,,1,6.0,4.0,,1,1,0,White,0,,,24.0,0,0,0
2625,1,7322,64,0,,1,6.0,4.0,,2,11,0,Hispanic,0,,,19.0,0,0,0
2626,1,7321,94,0,,2,6.0,4.0,,1,1,0,White,0,,,18.0,0,0,0
2627,1,7322,78,0,,1,6.0,4.0,,2,1,0,Black,0,,,19.0,0,0,0
2628,1,7301,20,0,5.0,1,4.0,1.0,50.0,1,2,1,Hispanic,MIL,1.0,9130.0,16.0,0,533030,53
2629,1,7310,20,0,5.0,1,4.0,1.0,50.0,1,1,1,White,MIL,1.0,7020.0,19.0,0,492020,49
2630,1,7314,69,0,,2,6.0,4.0,,1,1,0,White,0,,,14.0,0,0,0
2631,1,7317,18,15,,2,6.0,4.0,,1,1,0,White,0,,,18.0,0,0,0
2632,1,7310,19,15,1.0,1,1.0,2.0,36.0,1,1,1,White,44,3.0,4760.0,18.0,1,412031,41
2633,1,7313,28,0,1.0,1,6.0,4.0,18.0,1,11,0,Hispanic,722,6.0,4220.0,16.0,0,37201X,37
2634,1,7322,40,0,,1,6.0,4.0,,2,1,0,Black,0,,,19.0,0,0,0
2635,1,7301,20,0,5.0,1,4.0,1.0,50.0,1,1,1,White,MIL,1.0,9825.0,16.0,0,553010,55
2636,1,7302,33,0,1.0,1,6.0,2.0,,1,2,0,Hispanic,61,,7200.0,16.0,0,493023,49
2637,1,7301,21,0,5.0,1,4.0,1.0,55.0,1,1,1,White,MIL,1.0,9825.0,16.0,0,553010,55
2638,1,7322,47,0,,1,6.0,4.0,,1,1,0,White,0,,,16.0,0,0,0
2639,1,7322,29,0,,1,6.0,4.0,,1,2,0,Hispanic,0,,,16.0,0,0,0
2640,1,7303,47,0,,1,6.0,4.0,,1,1,0,White,0,,,18.0,0,0,0
2641,1,7322,29,0,,1,6.0,4.0,,1,2,0,Hispanic,0,,,16.0,0,0,0
2642,1,7316,37,0,,1,6.0,4.0,,9,1,0,Two or More,0,,,19.0,0,0,0
2643,1,7310,18,0,1.0,1,1.0,2.0,23.0,1,1,1,White,721,1.0,4020.0,16.0,1,352010,35
2644,1,7322,61,0,,1,6.0,4.0,,2,1,0,Black,0,,,17.0,0,0,0
2645,1,7319,19,14,,2,6.0,4.0,,1,1,0,White,0,,,17.0,0,0,0
2646,1,7301,19,0,5.0,1,4.0,1.0,50.0,2,1,1,Black,MIL,1.0,6765.0,18.0,0,4740XX,47
2647,1,7315,18,15,6.0,1,6.0,4.0,30.0,1,1,0,White,61,6.0,2545.0,19.0,0,259040,25
2648,1,7319,49,0,1.0,2,1.0,4.0,30.0,1,2,1,Hispanic,62,1.0,4220.0,16.0,1,37201X,37
2649,1,7314,16,14,,1,6.0,,,2,1,0,Black,0,,,14.0,0,0,0
2650,1,7314,81,0,,2,6.0,4.0,,1,1,0,White,0,,,23.0,0,0,0
2651,1,7302,39,0,1.0,2,6.0,4.0,,1,1,0,White,722,,4020.0,19.0,0,352010,35
2652,1,7317,18,15,,2,6.0,4.0,,1,2,0,Hispanic,0,,,19.0,0,0,0
2653,1,7316,73,0,,1,6.0,4.0,,1,1,0,White,0,,,22.0,0,0,0
2654,1,7312,24,0,5.0,1,4.0,1.0,20.0,1,2,1,Hispanic,MIL,1.0,4220.0,21.0,0,37201X,37
2655,1,7313,94,0,,2,6.0,4.0,,1,24,0,Hispanic,0,,,12.0,0,0,0
2656,1,7315,18,15,,2,6.0,4.0,,1,1,0,White,0,,,18.0,0,0,0
2657,1,7311,32,0,2.0,1,1.0,4.0,7.0,1,1,1,White,45,1.0,4220.0,18.0,1,37201X,37
2658,1,7312,22,0,5.0,1,5.0,1.0,50.0,1,2,1,Hispanic,MIL,1.0,9830.0,16.0,0,559830,55
2659,1,7310,21,0,5.0,1,4.0,1.0,55.0,1,1,1,White,MIL,1.0,9825.0,16.0,0,553010,55
2660,1,7301,17,14,,2,6.0,4.0,,1,3,0,Hispanic,0,,,14.0,0,0,0
2661,1,7303,94,0,,1,6.0,4.0,,1,1,0,White,0,,,21.0,0,0,0
2662,1,7301,20,0,5.0,1,4.0,1.0,60.0,2,1,1,Black,MIL,1.0,9645.0,16.0,0,537065,53
2663,1,7316,16,14,,1,6.0,,,2,1,0,Black,0,,,14.0,0,0,0
2664,1,7311,17,14,,2,6.0,4.0,,2,1,0,Black,0,,,14.0,0,0,0
2665,1,7312,21,0,5.0,1,4.0,1.0,50.0,1,1,1,White,MIL,1.0,5040.0,16.0,0,432099,43
2666,1,7320,90,12,,2,6.0,4.0,,1,2,0,Hispanic,0,,,13.0,0,0,0
2667,1,7301,18,0,5.0,1,4.0,1.0,50.0,8,2,1,Hispanic,MIL,1.0,9825.0,16.0,0,553010,55
2668,1,7309,48,0,,1,6.0,4.0,,1,1,0,White,0,,,16.0,0,0,0
2669,1,7315,61,0,,1,6.0,4.0,,6,1,0,Asian,0,,,16.0,0,0,0
2670,1,7316,33,0,1.0,1,6.0,2.0,40.0,1,1,0,White,721,5.0,4120.0,21.0,0,353041,35
2671,1,7321,19,0,5.0,1,4.0,1.0,52.0,6,1,1,Asian,MIL,1.0,9830.0,16.0,0,559830,55
2672,1,7301,20,0,5.0,1,4.0,1.0,50.0,1,1,1,White,MIL,1.0,9830.0,19.0,0,559830,55
2673,1,7317,18,15,,2,6.0,4.0,,1,2,0,Hispanic,0,,,19.0,0,0,0
2674,1,7321,87,0,,2,6.0,4.0,,6,1,0,Asian,0,,,23.0,0,0,0
2675,1,7312,24,0,5.0,1,4.0,1.0,55.0,1,3,1,Hispanic,MIL,1.0,7350.0,16.0,0,499043,49
2676,1,7317,18,15,7.0,1,6.0,4.0,4.0,1,2,0,Hispanic,49,6.0,9130.0,18.0,0,533030,53
2677,1,7310,19,0,5.0,1,4.0,1.0,85.0,1,1,1,White,MIL,1.0,7140.0,16.0,0,493011,49
2678,1,7306,17,14,,2,6.0,4.0,,1,3,0,Hispanic,0,,,14.0,0,0,0
2679,1,7316,29,15,5.0,1,4.0,1.0,80.0,1,2,1,Hispanic,MIL,1.0,9810.0,20.0,0,552010,55
2680,1,7316,31,0,5.0,1,4.0,1.0,80.0,1,1,1,White,MIL,1.0,9810.0,21.0,0,552010,55
2681,1,7316,20,0,5.0,1,4.0,1.0,40.0,1,2,1,Hispanic,MIL,1.0,9830.0,19.0,0,559830,55
2682,1,7305,51,0,,1,6.0,4.0,,1,1,0,White,0,,,8.0,0,0,0
2683,1,7316,88,0,,2,6.0,4.0,,1,1,0,White,0,,,11.0,0,0,0
2684,1,7310,18,15,6.0,1,6.0,4.0,8.0,1,1,0,White,23,6.0,6260.0,18.0,0,472061,47
2685,1,7321,20,0,5.0,1,4.0,1.0,71.0,8,2,1,Hispanic,MIL,1.0,9300.0,16.0,0,5350XX,53
2686,1,7301,19,0,5.0,1,4.0,1.0,55.0,7,1,1,Other,MIL,1.0,7000.0,16.0,0,491011,49
2687,1,7310,30,0,5.0,1,4.0,1.0,55.0,1,1,1,White,MIL,1.0,7220.0,16.0,0,493040,49
2688,1,7301,21,0,5.0,1,4.0,1.0,55.0,1,3,1,Hispanic,MIL,1.0,1050.0,19.0,0,151230,15
2689,1,7322,63,0,,1,6.0,4.0,,2,1,0,Black,0,,,17.0,0,0,0
2690,1,7322,56,0,,1,6.0,4.0,,1,1,0,White,0,,,17.0,0,0,0
2691,1,7302,74,0,,1,6.0,4.0,,1,1,0,White,0,,,18.0,0,0,0
2692,1,7315,18,15,1.0,2,6.0,4.0,,1,4,0,Hispanic,81,,4600.0,18.0,0,399011,39
2693,1,7314,69,0,,2,6.0,4.0,,1,1,0,White,0,,,14.0,0,0,0
2694,1,7301,53,0,1.0,2,3.0,4.0,,1,1,0,White,45,,4720.0,18.0,1,412010,41
2695,1,7302,26,0,1.0,1,6.0,4.0,,1,2,0,Hispanic,23,,6410.0,16.0,0,472140,47
2696,1,7306,72,0,,2,6.0,4.0,,1,1,0,White,0,,,19.0,0,0,0
2697,1,7316,19,0,5.0,1,4.0,1.0,40.0,6,1,1,Asian,MIL,1.0,3740.0,19.0,0,332011,33
2698,1,7317,87,0,,2,6.0,4.0,,6,1,0,Asian,0,,,23.0,0,0,0
2699,1,7317,36,0,1.0,1,1.0,4.0,60.0,1,1,1,White,81,1.0,9610.0,16.0,1,537061,53
2700,1,7303,33,0,1.0,1,6.0,2.0,40.0,1,1,0,White,721,5.0,4120.0,21.0,0,353041,35
2701,1,7301,20,0,5.0,1,4.0,1.0,50.0,1,1,1,White,MIL,6.0,6230.0,16.0,0,472031,47
2702,1,7310,32,0,1.0,1,3.0,4.0,,1,11,0,Hispanic,44,,7120.0,16.0,1,492097,49
2703,1,7315,19,15,,2,6.0,4.0,,1,1,0,White,0,,,18.0,0,0,0
2704,1,7315,19,15,1.0,2,6.0,4.0,30.0,1,1,0,White,722,5.0,4030.0,18.0,0,352021,35
2705,1,7322,36,0,,1,6.0,4.0,,2,1,0,Black,0,,,16.0,0,0,0
2706,1,7301,24,0,5.0,1,4.0,1.0,40.0,1,1,1,White,MIL,1.0,6410.0,19.0,0,472140,47
2707,1,7302,18,15,,1,6.0,4.0,,1,2,0,Hispanic,0,,,16.0,0,0,0
2708,1,7317,18,15,6.0,1,6.0,4.0,8.0,2,1,0,Black,23,6.0,6260.0,18.0,0,472061,47
2709,1,7301,21,0,5.0,1,4.0,1.0,50.0,1,1,1,White,MIL,1.0,9825.0,16.0,0,553010,55
2710,1,7316,25,0,5.0,1,4.0,1.0,45.0,1,1,1,White,MIL,1.0,9825.0,16.0,0,553010,55
2711,1,7301,22,0,5.0,1,4.0,1.0,60.0,1,1,1,White,MIL,1.0,9645.0,16.0,0,537065,53
2712,1,7315,18,15,,2,6.0,4.0,,2,1,0,Black,0,,,18.0,0,0,0
2713,1,7302,27,15,4.0,1,6.0,4.0,60.0,8,2,0,Hispanic,92,4.0,3740.0,18.0,0,332011,33
2714,1,7312,22,0,5.0,1,4.0,1.0,60.0,1,1,1,White,MIL,1.0,7030.0,16.0,0,492091,49
2715,1,7319,36,0,1.0,1,1.0,4.0,60.0,1,1,1,White,81,1.0,9610.0,16.0,1,537061,53
2716,1,7310,17,10,,2,6.0,4.0,,1,2,0,Hispanic,0,,,10.0,0,0,0
2717,1,7321,34,0,5.0,1,4.0,1.0,48.0,1,1,1,White,MIL,1.0,1108.0,19.0,0,151299,15
2718,1,7307,18,15,,2,6.0,4.0,,1,1,0,White,0,,,18.0,0,0,0
2719,1,7313,62,0,,2,6.0,4.0,,1,2,0,Hispanic,0,,,10.0,0,0,0
2720,1,7319,15,12,,1,,,,2,1,0,Black,0,,,12.0,0,0,0
2721,1,7307,13,10,,1,,,,1,1,0,White,0,,,10.0,0,0,0
2722,1,7310,25,0,5.0,1,4.0,1.0,35.0,1,1,1,White,MIL,1.0,2752.0,19.0,0,272042,27
2723,1,7301,24,0,5.0,1,4.0,1.0,55.0,1,3,1,Hispanic,MIL,1.0,7350.0,16.0,0,499043,49
2724,1,7314,94,0,,2,6.0,4.0,,6,1,0,Asian,0,,,12.0,0,0,0
2725,1,7308,50,0,,2,6.0,4.0,,1,1,0,White,0,,,10.0,0,0,0
2726,1,7322,38,0,1.0,1,6.0,4.0,,1,2,0,Hispanic,23,,7750.0,16.0,0,5120XX,51
2727,1,7303,17,0,,1,6.0,4.0,,1,2,0,Hispanic,0,,,14.0,0,0,0
2728,1,7301,21,0,5.0,1,4.0,1.0,50.0,6,1,1,Asian,MIL,1.0,5040.0,19.0,0,432099,43
2729,1,7322,19,0,,1,6.0,4.0,,1,1,0,White,0,,,16.0,0,0,0
2730,1,7301,24,0,5.0,1,4.0,1.0,50.0,1,1,1,White,MIL,1.0,1460.0,16.0,0,172141,17
2731,1,7301,20,0,5.0,1,4.0,1.0,55.0,1,1,1,White,MIL,1.0,7210.0,16.0,0,493031,49
2732,1,7319,17,0,,1,6.0,4.0,,1,2,0,Hispanic,0,,,14.0,0,0,0
2733,1,7319,38,0,,1,6.0,4.0,,1,2,0,Hispanic,0,,,19.0,0,0,0
2734,1,7316,20,0,1.0,2,3.0,4.0,,1,1,0,White,722,,4055.0,16.0,1,353023,35
2735,1,7315,20,15,,1,6.0,4.0,,2,1,0,Black,0,,,19.0,0,0,0
2736,1,7322,53,0,,1,6.0,4.0,,1,1,0,White,0,,,16.0,0,0,0
2737,1,7314,35,0,1.0,1,6.0,4.0,,8,2,0,Hispanic,45,,4700.0,16.0,0,411011,41
2738,1,7301,21,0,5.0,1,4.0,1.0,50.0,1,1,1,White,MIL,1.0,7030.0,16.0,0,492091,49
2739,1,7321,61,0,,2,6.0,4.0,,8,2,0,Hispanic,0,,,20.0,0,0,0
2740,1,7316,20,0,5.0,1,4.0,1.0,82.0,1,1,1,White,MIL,1.0,9310.0,16.0,0,535020,53
2741,1,7301,21,0,5.0,1,4.0,1.0,55.0,2,1,1,Black,MIL,1.0,9830.0,20.0,0,559830,55
2742,1,7322,51,0,,1,6.0,4.0,,2,1,0,Black,0,,,16.0,0,0,0
2743,1,7322,36,0,,2,6.0,4.0,,1,1,0,White,0,,,1.0,0,0,0
2744,1,7315,20,15,6.0,2,6.0,4.0,20.0,1,2,0,Hispanic,54,6.0,5260.0,19.0,0,434071,43
2745,1,7313,70,0,5.0,2,6.0,4.0,26.0,1,1,0,White,92,5.0,440.0,16.0,0,1191XX,11
2746,1,7315,18,15,6.0,1,6.0,4.0,8.0,2,1,0,Black,23,6.0,6260.0,18.0,0,472061,47
2747,1,7310,80,0,,1,6.0,2.0,,1,1,0,White,0,,,19.0,0,0,0
2748,1,7317,19,15,1.0,2,6.0,4.0,9.0,1,1,0,White,71,6.0,4600.0,19.0,0,399011,39
2749,1,7321,24,0,1.0,1,6.0,4.0,40.0,2,1,0,Black,44,1.0,4720.0,16.0,0,412010,41
2750,1,7305,94,0,,1,6.0,2.0,,1,1,0,White,0,,,19.0,0,0,0
2751,1,7301,30,0,5.0,1,4.0,1.0,40.0,1,2,1,Hispanic,MIL,1.0,4220.0,19.0,0,37201X,37
2752,1,7307,44,0,1.0,2,1.0,4.0,40.0,1,1,1,White,61,5.0,5140.0,18.0,1,433051,43
2753,1,7301,19,14,1.0,2,6.0,4.0,30.0,1,2,0,Hispanic,54,4.0,4900.0,14.0,0,419010,41
2754,1,7319,23,0,1.0,1,6.0,4.0,,2,1,0,Black,44,,9645.0,18.0,0,537065,53
2755,1,7318,42,0,,2,6.0,4.0,,1,1,0,White,0,,,1.0,0,0,0
2756,1,7303,18,15,,1,6.0,4.0,,2,1,0,Black,0,,,16.0,0,0,0
2757,1,7314,32,0,,1,6.0,4.0,,2,1,0,Black,0,,,16.0,0,0,0
2758,1,7317,18,15,,2,6.0,4.0,,9,1,0,Two or More,0,,,18.0,0,0,0
2759,1,7310,20,0,5.0,1,4.0,1.0,50.0,1,1,1,White,MIL,1.0,9830.0,16.0,0,559830,55
2760,1,7301,20,0,5.0,1,4.0,1.0,50.0,1,1,1,White,MIL,1.0,7200.0,16.0,0,493023,49
2761,1,7319,25,13,,1,6.0,4.0,,1,3,0,Hispanic,0,,,13.0,0,0,0
2762,1,7319,30,0,1.0,1,6.0,4.0,40.0,1,2,0,Hispanic,23,3.0,6240.0,17.0,0,472040,47
2763,1,7310,20,0,5.0,1,4.0,1.0,50.0,1,1,1,White,MIL,1.0,5040.0,18.0,0,432099,43
2764,1,7322,49,0,,1,6.0,4.0,,2,1,0,Black,0,,,14.0,0,0,0
2765,1,7312,20,0,5.0,1,4.0,1.0,50.0,1,1,1,White,MIL,1.0,7020.0,19.0,0,492020,49
2766,1,7301,19,0,5.0,1,4.0,1.0,50.0,1,1,1,White,MIL,1.0,9830.0,16.0,0,559830,55
2767,1,7321,25,0,5.0,1,4.0,1.0,45.0,5,2,1,Hispanic,MIL,1.0,160.0,19.0,0,113071,11
2768,1,7315,20,15,,1,6.0,4.0,,2,1,0,Black,0,,,19.0,0,0,0
2769,1,7315,19,15,1.0,2,1.0,4.0,10.0,9,1,1,Two or More,71,1.0,4110.0,16.0,1,353031,35
2770,1,7309,68,0,,2,6.0,4.0,,1,1,0,White,0,,,19.0,0,0,0
2771,1,7313,29,0,,2,6.0,4.0,,1,2,0,Hispanic,0,,,17.0,0,0,0
2772,1,7322,56,0,,1,6.0,4.0,,1,1,0,White,0,,,17.0,0,0,0
2773,1,7306,64,0,,1,6.0,2.0,,1,1,0,White,0,,,16.0,0,0,0
2774,1,7316,25,0,5.0,1,4.0,1.0,45.0,5,2,1,Hispanic,MIL,1.0,160.0,19.0,0,113071,11
2775,1,7301,23,0,5.0,1,4.0,1.0,60.0,8,2,1,Hispanic,MIL,1.0,9825.0,16.0,0,553010,55
2776,1,7322,18,14,9.0,1,3.0,4.0,,6,1,0,Asian,99,,9920.0,14.0,1,999920,99
2777,1,7310,18,15,,2,6.0,4.0,,1,1,0,White,0,,,16.0,0,0,0
2778,1,7317,33,0,,1,6.0,4.0,,1,2,0,Hispanic,0,,,19.0,0,0,0
2779,1,7317,18,0,1.0,1,6.0,4.0,4.0,1,2,0,Hispanic,71,6.0,3930.0,17.0,0,339030,33
2780,1,7301,24,0,5.0,1,4.0,1.0,50.0,1,2,1,Hispanic,MIL,1.0,9825.0,16.0,0,553010,55
2781,1,7321,47,0,,2,6.0,4.0,,1,1,0,White,0,,,1.0,0,0,0
2782,1,7316,49,0,,2,6.0,4.0,,1,2,0,Hispanic,0,,,20.0,0,0,0
2783,1,7322,48,0,,1,6.0,4.0,,2,1,0,Black,0,,,21.0,0,0,0
2784,1,7322,56,0,,1,6.0,4.0,,1,1,0,White,0,,,17.0,0,0,0
2785,1,7321,40,0,5.0,1,4.0,1.0,80.0,1,2,1,Hispanic,MIL,1.0,9800.0,16.0,0,551010,55
2786,1,7314,79,0,,1,6.0,4.0,,1,1,0,White,0,,,21.0,0,0,0
2787,1,7303,43,0,,1,6.0,4.0,,2,1,0,Black,0,,,16.0,0,0,0
2788,1,7316,22,0,5.0,1,4.0,1.0,45.0,1,1,1,White,MIL,1.0,4220.0,21.0,0,37201X,37
2789,1,7320,70,0,,1,6.0,4.0,,1,1,0,White,0,,,19.0,0,0,0
2790,1,7316,40,0,1.0,1,6.0,4.0,20.0,9,1,0,Two or More,81,5.0,3602.0,19.0,0,311122,31
2791,1,7321,19,0,5.0,1,1.0,2.0,60.0,1,2,1,Hispanic,62,1.0,3640.0,18.0,1,319091,31
2792,1,7301,20,0,5.0,1,4.0,1.0,55.0,1,1,1,White,MIL,1.0,9830.0,16.0,0,559830,55
2793,1,7301,18,0,5.0,1,4.0,1.0,50.0,1,1,1,White,MIL,1.0,9825.0,16.0,0,553010,55
2794,1,7317,68,0,,1,6.0,4.0,,1,1,0,White,0,,,19.0,0,0,0
2795,1,7302,39,0,1.0,2,6.0,4.0,,1,1,0,White,722,,4020.0,19.0,0,352010,35
2796,1,7301,23,0,5.0,1,4.0,1.0,50.0,1,1,1,White,MIL,1.0,9825.0,16.0,0,553010,55
2797,1,7316,31,0,5.0,1,4.0,1.0,70.0,1,1,1,White,MIL,1.0,7100.0,21.0,0,49209X,49
2798,1,7308,22,0,1.0,2,1.0,4.0,25.0,1,1,1,White,722,6.0,4030.0,17.0,1,352021,35
2799,1,7301,18,0,5.0,2,4.0,1.0,50.0,1,1,1,White,MIL,1.0,9825.0,16.0,0,553010,55
2800,1,7322,27,0,1.0,2,1.0,4.0,28.0,1,2,1,Hispanic,81,1.0,5860.0,19.0,1,439061,43
2801,1,7307,16,13,,1,6.0,,,1,1,0,White,0,,,13.0,0,0,0
2802,1,7301,21,0,5.0,1,4.0,1.0,50.0,1,1,1,White,MIL,1.0,9830.0,16.0,0,559830,55
2803,1,7302,79,0,,1,6.0,4.0,,1,1,0,White,0,,,21.0,0,0,0
2804,1,7314,21,0,1.0,1,6.0,4.0,,2,1,0,Black,722,,4720.0,15.0,0,412010,41
2805,1,7316,22,0,5.0,1,4.0,1.0,55.0,1,1,1,White,MIL,1.0,9825.0,16.0,0,553010,55
2806,1,7304,17,10,,2,6.0,4.0,,1,2,0,Hispanic,0,,,10.0,0,0,0
2807,1,7317,63,0,,2,6.0,4.0,,6,1,0,Asian,0,,,1.0,0,0,0
2808,1,7316,20,0,5.0,1,4.0,1.0,45.0,1,1,1,White,MIL,1.0,6835.0,18.0,0,475032,47
2809,1,7316,26,0,1.0,1,6.0,4.0,15.0,1,1,0,White,722,6.0,5240.0,18.0,0,434051,43
2810,1,7305,72,0,,2,6.0,4.0,,1,1,0,White,0,,,15.0,0,0,0
2811,1,7310,67,0,,1,6.0,2.0,,2,1,0,Black,0,,,16.0,0,0,0
2812,1,7303,72,0,,1,6.0,2.0,,1,1,0,White,0,,,16.0,0,0,0
2813,1,7301,21,0,5.0,1,4.0,1.0,50.0,8,2,1,Hispanic,MIL,1.0,9825.0,16.0,0,553010,55
2814,1,7301,24,0,5.0,1,4.0,1.0,55.0,1,2,1,Hispanic,MIL,1.0,5040.0,16.0,0,432099,43
2815,1,7303,45,0,9.0,1,3.0,4.0,,2,1,0,Black,99,,9920.0,20.0,1,999920,99
2816,1,7307,19,15,1.0,1,6.0,4.0,12.0,6,1,0,Asian,62,6.0,5940.0,16.0,0,439XXX,43
2817,1,7316,17,14,,1,6.0,4.0,,6,1,0,Asian,0,,,14.0,0,0,0
2818,1,7322,78,0,,1,6.0,4.0,,2,1,0,Black,0,,,19.0,0,0,0
2819,1,7310,20,0,5.0,1,4.0,1.0,50.0,1,1,1,White,MIL,1.0,5040.0,18.0,0,432099,43
2820,1,7316,27,0,5.0,1,4.0,1.0,20.0,1,1,1,White,MIL,1.0,4220.0,19.0,0,37201X,37
2821,1,7315,59,0,,1,6.0,4.0,,1,1,0,White,0,,,12.0,0,0,0
2822,1,7310,26,0,1.0,2,1.0,4.0,15.0,1,1,1,White,722,6.0,4110.0,17.0,1,353031,35
2823,1,7315,18,15,,2,6.0,4.0,,1,2,0,Hispanic,0,,,19.0,0,0,0
2824,1,7313,68,0,,2,6.0,4.0,,1,1,0,White,0,,,19.0,0,0,0
2825,1,7301,23,0,5.0,1,4.0,1.0,50.0,3,1,1,Other,MIL,1.0,9825.0,16.0,0,553010,55
2826,1,7319,53,0,1.0,1,6.0,4.0,40.0,1,2,0,Hispanic,23,3.0,6260.0,16.0,0,472061,47
2827,1,7322,17,14,,2,6.0,4.0,,2,1,0,Black,0,,,14.0,0,0,0
2828,1,7312,25,0,5.0,1,6.0,2.0,40.0,1,1,0,White,MIL,1.0,7020.0,21.0,0,492020,49
2829,1,7301,19,0,5.0,1,4.0,1.0,55.0,8,1,1,White,MIL,1.0,9825.0,16.0,0,553010,55
2830,1,7313,55,0,,1,6.0,4.0,,1,1,0,White,0,,,16.0,0,0,0
2831,1,7303,45,0,,1,6.0,4.0,,1,1,0,White,0,,,18.0,0,0,0
2832,1,7301,54,0,1.0,2,6.0,4.0,,1,1,0,White,722,,4720.0,17.0,0,412010,41
2833,1,7301,21,0,5.0,1,4.0,1.0,50.0,8,2,1,Hispanic,MIL,1.0,9825.0,16.0,0,553010,55
2834,1,7312,62,0,,1,6.0,4.0,,1,1,0,White,0,,,16.0,0,0,0
2835,1,7317,21,15,1.0,2,6.0,4.0,15.0,1,1,0,White,722,4.0,4110.0,19.0,0,353031,35
2836,1,7322,19,14,1.0,2,6.0,4.0,30.0,1,2,0,Hispanic,54,4.0,4900.0,14.0,0,419010,41
2837,1,7318,50,0,1.0,2,6.0,4.0,40.0,6,1,0,Asian,45,6.0,4720.0,19.0,0,412010,41
2838,1,7313,54,0,,1,6.0,4.0,,1,1,0,White,0,,,19.0,0,0,0
2839,1,7301,25,0,5.0,1,4.0,1.0,48.0,2,1,1,Black,MIL,1.0,9300.0,19.0,0,5350XX,53
2840,1,7313,19,15,1.0,2,6.0,4.0,30.0,1,1,0,White,722,5.0,4030.0,18.0,0,352021,35
2841,1,7309,94,0,,2,6.0,4.0,,1,13,0,Hispanic,0,,,16.0,0,0,0
2842,1,7321,67,0,,1,6.0,4.0,,1,2,0,Hispanic,0,,,16.0,0,0,0
2843,1,7301,23,0,5.0,1,4.0,1.0,45.0,1,1,1,White,MIL,1.0,9830.0,16.0,0,559830,55
2844,1,7322,16,13,,1,6.0,,,1,1,0,White,0,,,13.0,0,0,0
2845,1,7321,32,0,1.0,1,3.0,4.0,,1,11,0,Hispanic,44,,7120.0,16.0,1,492097,49
2846,1,7321,62,0,,2,6.0,4.0,,1,2,0,Hispanic,0,,,10.0,0,0,0
2847,1,7317,80,0,,1,6.0,4.0,,1,1,0,White,0,,,21.0,0,0,0
2848,1,7302,18,14,9.0,1,3.0,4.0,,6,1,0,Asian,99,,9920.0,14.0,1,999920,99
2849,1,7322,58,0,,1,6.0,4.0,,2,1,0,Black,0,,,19.0,0,0,0
2850,1,7312,28,15,5.0,1,6.0,2.0,10.0,1,2,0,Hispanic,MIL,1.0,9830.0,20.0,0,559830,55
2851,1,7310,24,0,5.0,1,4.0,1.0,60.0,2,1,1,Black,MIL,1.0,5600.0,18.0,0,435061,43
2852,1,7322,47,0,,1,6.0,4.0,,1,1,0,White,0,,,16.0,0,0,0
2853,1,7314,48,0,,2,6.0,4.0,,2,24,0,Hispanic,0,,,1.0,0,0,0
2854,1,7312,21,0,5.0,2,4.0,1.0,40.0,1,1,1,White,MIL,1.0,9825.0,19.0,0,553010,55
2855,1,7322,31,0,,1,6.0,4.0,,1,2,0,Hispanic,0,,,12.0,0,0,0
2856,1,7306,58,0,,1,6.0,4.0,,3,1,0,Other,0,,,16.0,0,0,0
2857,1,7310,81,0,,2,6.0,4.0,,1,1,0,White,0,,,21.0,0,0,0
2858,1,7302,81,0,2.0,1,1.0,4.0,10.0,1,1,1,White,81,1.0,2040.0,16.0,1,212011,21
2859,1,7301,26,0,5.0,1,4.0,1.0,50.0,1,1,1,White,MIL,1.0,9825.0,16.0,0,553010,55
2860,1,7319,28,0,1.0,1,6.0,4.0,18.0,1,11,0,Hispanic,722,6.0,4220.0,16.0,0,37201X,37
2861,1,7319,38,0,6.0,1,6.0,4.0,20.0,1,2,0,Hispanic,56,5.0,4251.0,14.0,0,373011,37
2862,1,7314,54,0,1.0,2,6.0,4.0,,1,1,0,White,722,,4720.0,17.0,0,412010,41
2863,1,7316,27,0,5.0,1,4.0,1.0,40.0,4,1,1,Other,MIL,1.0,9310.0,16.0,0,535020,53
2864,1,7317,19,15,1.0,2,6.0,4.0,8.0,6,1,0,Asian,44,3.0,4055.0,18.0,0,353023,35
2865,1,7315,18,15,,1,6.0,4.0,,1,1,0,White,0,,,18.0,0,0,0
2866,1,7316,17,15,1.0,1,6.0,4.0,40.0,2,1,0,Black,23,4.0,6515.0,16.0,0,472181,47
2867,1,7310,58,0,,1,6.0,2.0,,2,1,0,Black,0,,,21.0,0,0,0
2868,1,7322,40,0,,1,6.0,4.0,,1,2,0,Hispanic,0,,,17.0,0,0,0
2869,1,7322,28,0,,1,6.0,4.0,,1,2,0,Hispanic,0,,,16.0,0,0,0
2870,1,7319,21,0,1.0,1,6.0,4.0,,2,1,0,Black,722,,4720.0,15.0,0,412010,41
2871,1,7313,39,0,1.0,2,6.0,4.0,40.0,1,2,0,Hispanic,81,3.0,4350.0,17.0,0,392021,39
2872,1,7307,56,0,,1,6.0,4.0,,1,1,0,White,0,,,10.0,0,0,0
2873,1,7301,19,0,5.0,1,4.0,1.0,45.0,1,1,1,White,MIL,1.0,7210.0,16.0,0,493031,49
2874,1,7310,19,0,5.0,1,4.0,1.0,15.0,1,1,1,White,MIL,4.0,630.0,16.0,0,131070,13
2875,1,7302,17,14,,1,6.0,4.0,,1,2,0,Hispanic,0,,,14.0,0,0,0
2876,1,7301,23,0,5.0,1,4.0,1.0,50.0,6,1,1,Asian,MIL,1.0,110.0,19.0,0,113021,11
2877,1,7318,18,14,,2,6.0,4.0,,1,1,0,White,0,,,14.0,0,0,0
2878,1,7322,56,0,,1,6.0,4.0,,1,3,0,Hispanic,0,,,9.0,0,0,0
2879,1,7312,21,0,5.0,1,4.0,1.0,40.0,9,1,1,Two or More,MIL,1.0,6410.0,19.0,0,472140,47
2880,1,7322,26,0,,1,6.0,4.0,,2,1,0,Black,0,,,13.0,0,0,0
2881,1,7310,36,0,1.0,1,1.0,4.0,60.0,1,1,1,White,81,1.0,9610.0,16.0,1,537061,53
2882,1,7313,30,0,1.0,1,1.0,4.0,40.0,6,1,1,Asian,62,1.0,3602.0,19.0,1,311122,31
2883,1,7322,71,0,,1,6.0,4.0,,1,1,0,White,0,,,19.0,0,0,0
2884,1,7321,23,0,5.0,1,4.0,1.0,96.0,8,2,1,Hispanic,MIL,1.0,7740.0,17.0,0,512041,51
2885,1,7303,50,0,,1,6.0,4.0,,1,1,0,White,0,,,14.0,0,0,0
2886,1,7301,26,0,5.0,1,4.0,1.0,50.0,1,1,1,White,MIL,1.0,9825.0,16.0,0,553010,55
2887,1,7301,21,0,5.0,1,4.0,1.0,55.0,1,3,1,Hispanic,MIL,1.0,1050.0,19.0,0,151230,15
2888,1,7301,20,0,5.0,1,4.0,1.0,50.0,2,1,1,Black,MIL,1.0,9825.0,21.0,0,553010,55
2889,1,7313,29,14,,2,6.0,4.0,,1,1,0,White,0,,,14.0,0,0,0
2890,1,7310,21,0,5.0,1,4.0,1.0,83.0,2,1,1,Black,MIL,1.0,4020.0,16.0,0,352010,35
2891,1,7310,18,15,1.0,1,6.0,4.0,30.0,1,1,0,White,722,6.0,4020.0,16.0,0,352010,35
2892,1,7321,34,0,5.0,1,4.0,1.0,60.0,1,1,1,White,MIL,1.0,1108.0,18.0,0,151299,15
2893,1,7304,58,0,,2,6.0,4.0,,1,1,0,White,0,,,19.0,0,0,0
2894,1,7316,19,0,5.0,1,4.0,1.0,40.0,1,1,1,White,MIL,1.0,7100.0,16.0,0,49209X,49
2895,1,7316,33,0,1.0,1,6.0,2.0,,1,2,0,Hispanic,61,,7200.0,16.0,0,493023,49
2896,1,7322,63,0,,1,6.0,4.0,,1,1,0,White,0,,,20.0,0,0,0
2897,1,7322,54,0,,1,6.0,4.0,,2,1,0,Black,0,,,21.0,0,0,0
2898,1,7322,12,10,,1,,,,6,1,0,Asian,0,,,10.0,0,0,0
2899,1,7315,22,16,1.0,2,6.0,4.0,20.0,1,1,0,White,722,6.0,4110.0,21.0,0,353031,35
2900,1,7316,45,0,,1,6.0,4.0,,1,1,0,White,0,,,19.0,0,0,0
2901,1,7319,33,0,,1,6.0,4.0,,1,2,0,Hispanic,0,,,11.0,0,0,0
2902,1,7322,56,0,,1,6.0,4.0,,2,1,0,Black,0,,,8.0,0,0,0
2903,1,7306,70,0,,1,6.0,4.0,,1,1,0,White,0,,,19.0,0,0,0
2904,1,7319,18,15,,1,6.0,4.0,,1,2,0,Hispanic,0,,,16.0,0,0,0
2905,1,7313,67,0,,1,6.0,4.0,,1,1,0,White,0,,,19.0,0,0,0
2906,1,7309,70,0,,1,6.0,4.0,,1,1,0,White,0,,,19.0,0,0,0
2907,1,7307,94,0,,2,6.0,4.0,,1,1,0,White,0,,,21.0,0,0,0
2908,1,7321,62,0,1.0,1,6.0,4.0,,1,2,0,Hispanic,48,,9620.0,14.0,0,537062,53
2909,1,7306,84,0,,2,6.0,4.0,,1,1,0,White,0,,,16.0,0,0,0
2910,1,7312,80,0,,2,6.0,4.0,,8,24,0,Hispanic,0,,,11.0,0,0,0
2911,1,7301,19,0,5.0,1,4.0,1.0,40.0,6,1,1,Asian,MIL,1.0,3740.0,16.0,0,332011,33
2912,1,7310,20,0,5.0,1,4.0,1.0,74.0,1,2,1,Hispanic,MIL,1.0,6835.0,16.0,0,475032,47
2913,1,7318,41,0,,2,6.0,4.0,,2,1,0,Black,0,,,16.0,0,0,0
2914,1,7316,54,0,1.0,2,6.0,4.0,,1,1,0,White,722,,4720.0,17.0,0,412010,41
2915,1,7315,18,15,,2,6.0,4.0,,1,1,0,White,0,,,18.0,0,0,0
2916,1,7307,75,0,,2,6.0,4.0,,1,1,0,White,0,,,14.0,0,0,0
2917,1,7321,48,0,,1,6.0,4.0,,1,1,0,White,0,,,16.0,0,0,0
2918,1,7321,20,0,5.0,1,4.0,1.0,71.0,8,2,1,Hispanic,MIL,1.0,9300.0,16.0,0,5350XX,53
2919,1,7315,18,15,,2,6.0,4.0,,1,1,0,White,0,,,18.0,0,0,0
2920,1,7322,29,0,,1,6.0,4.0,,1,1,0,White,0,,,19.0,0,0,0
2921,1,7307,69,0,,2,6.0,4.0,,1,1,0,White,0,,,14.0,0,0,0
2922,1,7322,21,0,1.0,2,1.0,4.0,8.0,2,1,1,Black,56,6.0,5860.0,17.0,1,439061,43
2923,1,7301,22,0,5.0,1,4.0,1.0,55.0,1,1,1,White,MIL,1.0,5040.0,19.0,0,432099,43
2924,1,7316,21,0,5.0,2,4.0,1.0,80.0,9,1,1,Two or More,MIL,1.0,120.0,16.0,0,113031,11
2925,1,7315,18,15,,1,6.0,4.0,,1,1,0,White,0,,,18.0,0,0,0
2926,1,7316,20,0,5.0,2,4.0,1.0,40.0,1,1,1,White,MIL,1.0,3740.0,19.0,0,332011,33
2927,1,7316,94,0,,2,6.0,4.0,,1,1,0,White,0,,,16.0,0,0,0
2928,1,7301,19,0,5.0,1,4.0,1.0,50.0,1,1,1,White,MIL,1.0,7140.0,16.0,0,493011,49
2929,1,7322,45,0,,1,6.0,4.0,,1,2,0,Hispanic,0,,,16.0,0,0,0
2930,1,7316,32,0,5.0,1,4.0,1.0,50.0,2,1,1,Black,MIL,1.0,9810.0,19.0,0,552010,55
2931,1,7303,54,0,,1,6.0,2.0,,2,1,0,Black,0,,,16.0,0,0,0
2932,1,7321,78,0,,2,6.0,4.0,,1,2,0,Hispanic,0,,,12.0,0,0,0
2933,1,7301,21,0,5.0,1,4.0,1.0,50.0,1,1,1,White,MIL,1.0,5040.0,16.0,0,432099,43
2934,1,7321,23,0,1.0,2,1.0,4.0,40.0,1,1,1,White,56,6.0,4840.0,13.0,1,413091,41
2935,1,7301,24,0,5.0,1,4.0,1.0,50.0,1,1,1,White,MIL,1.0,1460.0,16.0,0,172141,17
2936,1,7316,45,0,,2,6.0,4.0,,1,1,0,White,0,,,21.0,0,0,0
2937,1,7321,21,0,5.0,1,4.0,1.0,40.0,1,1,1,White,MIL,1.0,1108.0,16.0,0,151299,15
2938,1,7301,21,0,5.0,1,4.0,1.0,50.0,8,2,1,Hispanic,MIL,1.0,9825.0,16.0,0,553010,55
2939,1,7316,50,0,,1,6.0,4.0,,2,1,0,Black,0,,,21.0,0,0,0
2940,1,7301,22,0,5.0,1,4.0,1.0,50.0,1,1,1,White,MIL,1.0,5860.0,16.0,0,439061,43
2941,1,7315,21,15,1.0,1,6.0,4.0,40.0,1,2,0,Hispanic,71,5.0,3960.0,19.0,0,33909X,33
2942,1,7320,62,0,,2,6.0,4.0,,1,2,0,Hispanic,0,,,10.0,0,0,0
2943,1,7310,18,15,1.0,1,1.0,2.0,30.0,1,1,1,White,722,4.0,4020.0,19.0,1,352010,35
2944,1,7301,20,0,5.0,1,4.0,1.0,40.0,1,2,1,Hispanic,MIL,1.0,9300.0,16.0,0,5350XX,53
2945,1,7317,19,15,1.0,2,6.0,4.0,20.0,2,1,0,Black,71,4.0,4150.0,18.0,0,359031,35
2946,1,7313,83,0,,2,6.0,4.0,,1,1,0,White,0,,,18.0,0,0,0
2947,1,7321,35,0,5.0,1,4.0,1.0,60.0,1,2,1,Hispanic,MIL,1.0,9645.0,16.0,0,537065,53
2948,1,7301,23,0,5.0,1,4.0,1.0,60.0,8,2,1,Hispanic,MIL,1.0,9825.0,16.0,0,553010,55
2949,1,7322,18,14,,2,6.0,4.0,,1,1,0,White,0,,,14.0,0,0,0
2950,1,7312,21,0,5.0,1,6.0,2.0,40.0,2,1,0,Black,MIL,1.0,9830.0,16.0,0,559830,55
2951,1,7322,61,0,,1,6.0,4.0,,1,1,0,White,0,,,17.0,0,0,0
2952,1,7314,60,0,,2,6.0,4.0,,2,1,0,Black,0,,,20.0,0,0,0
2953,1,7310,21,0,5.0,1,4.0,1.0,60.0,9,2,1,Hispanic,MIL,1.0,9825.0,16.0,0,553010,55
2954,1,7307,57,0,,1,6.0,4.0,,1,1,0,White,0,,,5.0,0,0,0
2955,1,7315,19,15,1.0,2,3.0,4.0,10.0,1,2,0,Hispanic,722,6.0,4150.0,16.0,1,359031,35
2956,1,7317,18,15,,2,6.0,4.0,,1,1,0,White,0,,,16.0,0,0,0
2957,1,7310,22,0,5.0,1,4.0,1.0,60.0,1,1,1,White,MIL,1.0,7030.0,16.0,0,492091,49
2958,1,7310,19,15,7.0,1,6.0,4.0,4.0,6,1,0,Asian,49,6.0,9130.0,18.0,0,533030,53
2959,1,7313,76,0,,2,6.0,4.0,,1,2,0,Hispanic,0,,,12.0,0,0,0
2960,1,7319,23,0,1.0,1,6.0,4.0,40.0,1,2,0,Hispanic,23,1.0,6515.0,16.0,0,472181,47
2961,1,7316,76,0,,1,6.0,4.0,,1,1,0,White,0,,,16.0,0,0,0
2962,1,7303,48,0,1.0,2,1.0,4.0,40.0,2,1,1,Black,56,1.0,3930.0,19.0,1,339030,33
2963,1,7310,18,0,5.0,1,5.0,1.0,36.0,2,1,1,Black,MIL,3.0,9830.0,16.0,0,559830,55
2964,1,7301,35,0,,1,6.0,4.0,,8,2,0,Hispanic,0,,,11.0,0,0,0
2965,1,7301,21,0,5.0,1,4.0,1.0,50.0,1,1,1,White,MIL,1.0,7210.0,16.0,0,493031,49
2966,1,7312,52,0,1.0,1,6.0,4.0,45.0,1,1,0,White,33,1.0,8950.0,16.0,0,519198,51
2967,1,7317,19,15,,2,6.0,4.0,,1,2,0,Hispanic,0,,,18.0,0,0,0
2968,1,7313,89,0,,1,6.0,4.0,,8,2,0,Hispanic,0,,,12.0,0,0,0
2969,1,7310,19,15,,2,6.0,4.0,,1,1,0,White,0,,,18.0,0,0,0
2970,1,7318,61,0,,1,6.0,4.0,,6,1,0,Asian,0,,,16.0,0,0,0
2971,1,7301,24,0,5.0,1,4.0,1.0,50.0,1,1,1,White,MIL,1.0,7000.0,16.0,0,491011,49
2972,1,7310,21,15,1.0,2,6.0,4.0,15.0,1,2,0,Hispanic,722,4.0,4110.0,19.0,0,353031,35
2973,1,7314,19,0,,1,6.0,4.0,,1,1,0,White,0,,,16.0,0,0,0
2974,1,7319,36,0,1.0,1,6.0,4.0,40.0,1,2,0,Hispanic,44,4.0,4760.0,18.0,0,412031,41
2975,1,7316,35,0,5.0,1,4.0,1.0,60.0,1,1,1,White,MIL,1.0,9825.0,21.0,0,553010,55
2976,1,7310,94,0,,2,6.0,4.0,,1,13,0,Hispanic,0,,,16.0,0,0,0
2977,1,7312,33,0,,1,6.0,4.0,,1,2,0,Hispanic,0,,,19.0,0,0,0
2978,1,7313,50,0,,1,6.0,4.0,,1,1,0,White,0,,,17.0,0,0,0
2979,1,7316,19,0,5.0,1,4.0,1.0,40.0,2,1,1,Black,MIL,1.0,9310.0,16.0,0,535020,53
2980,1,7305,19,15,,1,6.0,4.0,,1,1,0,White,0,,,19.0,0,0,0
2981,1,7322,58,0,,1,6.0,4.0,,2,1,0,Black,0,,,14.0,0,0,0
2982,1,7319,23,0,6.0,1,6.0,4.0,20.0,1,1,0,White,23,5.0,6410.0,16.0,0,472140,47
2983,1,7312,19,0,5.0,1,4.0,1.0,50.0,1,1,1,White,MIL,1.0,9825.0,16.0,0,553010,55
2984,1,7312,20,0,5.0,1,4.0,1.0,50.0,1,1,1,White,MIL,1.0,7020.0,19.0,0,492020,49
2985,1,7316,68,0,,2,6.0,4.0,,1,1,0,White,0,,,19.0,0,0,0
2986,1,7317,18,15,,2,6.0,4.0,,1,1,0,White,0,,,18.0,0,0,0
2987,1,7319,34,0,2.0,1,6.0,4.0,40.0,1,1,0,White,81,5.0,6355.0,20.0,0,472111,47
2988,1,7301,22,0,5.0,1,4.0,1.0,55.0,1,1,1,White,MIL,1.0,9825.0,16.0,0,553010,55
2989,1,7317,79,0,,1,6.0,4.0,,1,1,0,White,0,,,21.0,0,0,0
2990,1,7322,19,14,,2,6.0,4.0,,1,1,0,White,0,,,17.0,0,0,0
2991,1,7315,60,0,,2,6.0,4.0,,1,1,0,White,0,,,16.0,0,0,0
2992,1,7301,23,0,5.0,1,4.0,1.0,50.0,1,1,1,White,MIL,1.0,7210.0,19.0,0,493031,49
2993,1,7301,21,0,5.0,2,4.0,1.0,80.0,9,1,1,Two or More,MIL,1.0,120.0,16.0,0,113031,11
2994,1,7310,60,0,,2,6.0,4.0,,1,1,0,White,0,,,16.0,0,0,0
2995,1,7319,87,0,,2,6.0,4.0,,6,1,0,Asian,0,,,23.0,0,0,0
2996,1,7305,41,0,,1,6.0,2.0,,1,1,0,White,0,,,16.0,0,0,0
2997,1,7319,28,0,1.0,1,6.0,4.0,40.0,1,2,0,Hispanic,71,4.0,8810.0,17.0,0,519120,51
2998,1,7301,20,0,5.0,1,4.0,1.0,60.0,2,1,1,Black,MIL,1.0,9645.0,16.0,0,537065,53
2999,1,7321,21,0,5.0,1,4.0,1.0,40.0,1,1,1,White,MIL,1.0,1108.0,16.0,0,151299,15
3000,1,7304,62,0,,1,6.0,4.0,,1,1,0,White,0,,,16.0,0,0,0
3001,1,7319,49,0,,2,6.0,4.0,,1,1,0,White,0,,,11.0,0,0,0
3002,1,7321,70,0,5.0,2,6.0,4.0,26.0,1,1,0,White,92,5.0,440.0,16.0,0,1191XX,11
3003,1,7301,25,0,5.0,1,4.0,1.0,60.0,1,1,1,White,MIL,1.0,7140.0,20.0,0,493011,49
3004,1,7322,55,0,,1,6.0,4.0,,2,1,0,Black,0,,,16.0,0,0,0
3005,1,7301,19,0,5.0,2,4.0,1.0,60.0,1,1,1,White,MIL,1.0,7010.0,16.0,0,492011,49
3006,1,7303,53,0,,2,6.0,4.0,,1,2,0,Hispanic,0,,,9.0,0,0,0
3007,1,7308,70,0,,1,6.0,4.0,,1,1,0,White,0,,,19.0,0,0,0
3008,1,7301,21,0,5.0,1,4.0,1.0,50.0,1,1,1,White,MIL,1.0,7030.0,16.0,0,492091,49
3009,1,7319,17,14,,1,6.0,4.0,,1,2,0,Hispanic,0,,,14.0,0,0,0
3010,1,7301,22,0,1.0,1,1.0,2.0,48.0,2,1,1,Black,32,2.0,8990.0,19.0,1,5191XX,51
3011,1,7310,19,0,5.0,1,4.0,1.0,82.0,2,3,1,Hispanic,MIL,1.0,2752.0,16.0,0,272042,27
3012,1,7310,20,0,5.0,1,4.0,1.0,68.0,8,2,1,Hispanic,MIL,1.0,5260.0,16.0,0,434071,43
3013,1,7301,47,0,,1,6.0,4.0,,1,1,0,White,0,,,18.0,0,0,0
3014,1,7317,83,0,,2,6.0,4.0,,1,2,0,Hispanic,0,,,16.0,0,0,0
3015,1,7310,22,0,5.0,1,4.0,1.0,50.0,1,1,1,White,MIL,1.0,6230.0,18.0,0,472031,47
3016,1,7318,74,0,,1,6.0,4.0,,1,2,0,Hispanic,0,,,1.0,0,0,0
3017,1,7301,22,0,5.0,1,4.0,1.0,60.0,1,1,1,White,MIL,1.0,7430.0,16.0,0,499060,49
3018,1,7315,19,15,1.0,1,1.0,4.0,20.0,1,1,1,White,722,4.0,4130.0,19.0,1,359011,35
3019,1,7317,18,15,1.0,2,6.0,4.0,,1,4,0,Hispanic,81,,4600.0,18.0,0,399011,39
3020,1,7316,55,0,1.0,1,6.0,4.0,,2,1,0,Black,44,,4760.0,18.0,0,412031,41
3021,1,7315,81,0,2.0,1,1.0,4.0,10.0,1,1,1,White,81,1.0,2040.0,16.0,1,212011,21
3022,1,7316,27,0,5.0,1,4.0,1.0,70.0,1,2,1,Hispanic,MIL,1.0,9825.0,16.0,0,553010,55
3023,1,7322,34,0,,1,6.0,4.0,,1,1,0,White,0,,,16.0,0,0,0
3024,1,7321,35,0,5.0,1,4.0,1.0,60.0,1,1,1,White,MIL,1.0,9825.0,21.0,0,553010,55
3025,1,7318,41,0,,1,6.0,2.0,,1,1,0,White,0,,,16.0,0,0,0
3026,1,7316,43,0,,1,6.0,4.0,,8,2,0,Hispanic,0,,,16.0,0,0,0
3027,1,7319,18,0,6.0,1,6.0,4.0,20.0,1,2,0,Hispanic,56,4.0,4251.0,16.0,0,373011,37
3028,1,7303,17,14,,1,6.0,4.0,,6,1,0,Asian,0,,,14.0,0,0,0
3029,1,7317,70,0,,1,6.0,4.0,,1,1,0,White,0,,,19.0,0,0,0
3030,1,7301,22,0,5.0,1,4.0,1.0,50.0,1,1,1,White,MIL,1.0,7210.0,16.0,0,493031,49
3031,1,7302,23,0,1.0,2,1.0,4.0,40.0,2,1,1,Black,62,5.0,4230.0,16.0,1,372012,37
3032,1,7316,45,0,,1,6.0,4.0,,1,2,0,Hispanic,0,,,21.0,0,0,0
3033,1,7301,21,0,5.0,1,4.0,1.0,50.0,8,2,1,Hispanic,MIL,1.0,9825.0,16.0,0,553010,55
3034,1,7318,68,0,1.0,1,1.0,4.0,20.0,6,1,1,Asian,62,4.0,3602.0,20.0,1,311122,31
3035,1,7317,94,0,,2,6.0,4.0,,1,2,0,Hispanic,0,,,5.0,0,0,0
3036,1,7303,17,0,,1,6.0,4.0,,1,2,0,Hispanic,0,,,14.0,0,0,0
3037,1,7317,19,15,1.0,1,6.0,4.0,30.0,1,1,0,White,722,6.0,4020.0,18.0,0,352010,35
3038,1,7301,22,0,5.0,2,4.0,1.0,50.0,1,1,1,White,MIL,1.0,9825.0,16.0,0,553010,55
3039,1,7316,29,0,1.0,1,6.0,4.0,,1,2,0,Hispanic,23,,6460.0,16.0,0,472161,47
3040,1,7301,20,0,5.0,1,4.0,1.0,50.0,1,1,1,White,MIL,1.0,9830.0,20.0,0,559830,55
3041,1,7313,58,0,1.0,1,6.0,2.0,,1,1,0,White,62,,5940.0,21.0,0,439XXX,43
3042,1,7317,18,15,,2,6.0,4.0,,1,1,0,White,0,,,16.0,0,0,0
3043,1,7322,61,0,,1,6.0,4.0,,2,1,0,Black,0,,,17.0,0,0,0
3044,1,7315,18,15,,2,6.0,4.0,,1,1,0,White,0,,,16.0,0,0,0
3045,1,7322,40,0,,1,6.0,4.0,,2,1,0,Black,0,,,16.0,0,0,0
3046,1,7316,61,0,,1,6.0,4.0,,1,1,0,White,0,,,22.0,0,0,0
3047,1,7322,64,0,,1,6.0,4.0,,2,11,0,Hispanic,0,,,19.0,0,0,0
3048,1,7317,20,15,,1,6.0,4.0,,1,2,0,Hispanic,0,,,19.0,0,0,0
3049,1,7301,21,0,5.0,1,4.0,1.0,50.0,1,1,1,White,MIL,1.0,5040.0,16.0,0,432099,43
3050,1,7308,81,0,,2,6.0,4.0,,1,1,0,White,0,,,16.0,0,0,0
3051,1,7316,54,0,1.0,2,6.0,4.0,,1,1,0,White,722,,4720.0,17.0,0,412010,41
3052,1,7320,70,0,,1,6.0,4.0,,1,2,0,Hispanic,0,,,16.0,0,0,0
3053,1,7317,81,0,,2,6.0,4.0,,1,1,0,White,0,,,21.0,0,0,0
3054,1,7317,21,15,1.0,2,6.0,4.0,15.0,1,2,0,Hispanic,722,4.0,4110.0,19.0,0,353031,35
3055,1,7316,19,14,1.0,2,1.0,4.0,20.0,2,1,1,Black,44,5.0,9645.0,14.0,1,537065,53
3056,1,7317,18,15,,2,6.0,4.0,,2,1,0,Black,0,,,18.0,0,0,0
3057,1,7315,13,10,,1,,,,1,1,0,White,0,,,10.0,0,0,0
3058,1,7312,22,0,5.0,1,4.0,1.0,50.0,1,1,1,White,MIL,1.0,7640.0,16.0,0,4990XX,49
3059,1,7319,17,14,,2,6.0,4.0,,2,1,0,Black,0,,,14.0,0,0,0
3060,1,7317,18,15,7.0,1,6.0,4.0,4.0,1,1,0,White,49,6.0,9130.0,18.0,0,533030,53
3061,1,7303,94,0,,2,6.0,4.0,,1,1,0,White,0,,,18.0,0,0,0
3062,1,7315,72,0,,2,6.0,4.0,,1,1,0,White,0,,,19.0,0,0,0
3063,1,7318,81,0,,2,6.0,4.0,,1,1,0,White,0,,,19.0,0,0,0
3064,1,7316,45,0,,2,6.0,4.0,,1,1,0,White,0,,,21.0,0,0,0
3065,1,7310,19,15,1.0,1,1.0,4.0,20.0,1,1,1,White,722,4.0,4130.0,19.0,1,359011,35
3066,1,7306,26,0,1.0,1,6.0,4.0,25.0,1,1,0,White,23,5.0,6260.0,17.0,0,472061,47
3067,1,7311,12,10,,1,,,,6,1,0,Asian,0,,,10.0,0,0,0
3068,1,7306,20,0,1.0,2,3.0,4.0,,1,1,0,White,722,,4055.0,16.0,1,353023,35
3069,1,7301,21,0,5.0,1,4.0,1.0,55.0,1,1,1,White,MIL,1.0,7220.0,16.0,0,493040,49
3070,1,7321,86,0,,2,6.0,4.0,,6,1,0,Asian,0,,,16.0,0,0,0
3071,1,7321,58,0,,2,6.0,4.0,,1,1,0,White,0,,,19.0,0,0,0
3072,1,7317,19,15,,1,6.0,4.0,,1,1,0,White,0,,,19.0,0,0,0
3073,1,7306,21,0,1.0,1,6.0,4.0,,2,1,0,Black,722,,4720.0,15.0,0,412010,41
3074,1,7313,39,0,1.0,2,6.0,4.0,40.0,1,2,0,Hispanic,81,3.0,4350.0,17.0,0,392021,39
3075,1,7310,19,0,5.0,1,4.0,1.0,45.0,1,1,1,White,MIL,1.0,7140.0,16.0,0,493011,49
3076,1,7315,18,15,,2,6.0,4.0,,1,1,0,White,0,,,19.0,0,0,0
3077,1,7306,19,14,,2,6.0,4.0,,1,1,0,White,0,,,17.0,0,0,0
3078,1,7316,44,0,1.0,2,1.0,4.0,40.0,1,1,1,White,61,5.0,5140.0,18.0,1,433051,43
3079,1,7310,19,15,,2,6.0,4.0,,1,1,0,White,0,,,16.0,0,0,0
3080,1,7302,35,0,1.0,1,6.0,4.0,,8,2,0,Hispanic,45,,4700.0,16.0,0,411011,41
3081,1,7306,28,0,1.0,1,6.0,4.0,18.0,1,11,0,Hispanic,722,6.0,4220.0,16.0,0,37201X,37
3082,1,7321,27,0,5.0,1,4.0,1.0,90.0,1,3,1,Hispanic,MIL,1.0,9310.0,19.0,0,535020,53
3083,1,7320,83,0,,1,6.0,4.0,,1,1,0,White,0,,,16.0,0,0,0
3084,1,7307,13,10,,1,,,,1,1,0,White,0,,,10.0,0,0,0
3085,1,7301,21,0,5.0,1,4.0,1.0,60.0,9,2,1,Hispanic,MIL,1.0,9825.0,16.0,0,553010,55
3086,1,7314,80,0,,1,6.0,2.0,,1,1,0,White,0,,,19.0,0,0,0
3087,1,7318,36,0,1.0,1,1.0,4.0,60.0,1,1,1,White,81,1.0,9610.0,16.0,1,537061,53
3088,1,7302,61,0,,1,6.0,4.0,,1,1,0,White,0,,,22.0,0,0,0
3089,1,7312,27,0,5.0,1,4.0,1.0,20.0,1,1,1,White,MIL,1.0,4220.0,19.0,0,37201X,37
3090,1,7301,19,0,5.0,1,4.0,1.0,45.0,8,2,1,Hispanic,MIL,1.0,5040.0,16.0,0,432099,43
3091,1,7316,29,0,5.0,1,4.0,1.0,50.0,6,3,1,Hispanic,MIL,1.0,1105.0,19.0,0,151244,15
3092,1,7321,32,0,5.0,1,4.0,1.0,50.0,2,1,1,Black,MIL,1.0,9810.0,19.0,0,552010,55
3093,1,7303,68,0,,1,6.0,2.0,,1,1,0,White,0,,,14.0,0,0,0
3094,1,7317,94,0,,2,6.0,4.0,,2,1,0,Black,0,,,19.0,0,0,0
3095,1,7310,22,0,1.0,1,1.0,2.0,48.0,2,1,1,Black,32,2.0,8990.0,19.0,1,5191XX,51
3096,1,7315,18,15,,2,6.0,4.0,,1,2,0,Hispanic,0,,,18.0,0,0,0
3097,1,7303,49,0,,2,6.0,4.0,,1,1,0,White,0,,,11.0,0,0,0
3098,1,7301,23,0,5.0,1,4.0,1.0,60.0,1,1,1,White,MIL,1.0,9810.0,16.0,0,552010,55
3099,1,7321,41,0,,1,6.0,4.0,,1,1,0,White,0,,,6.0,0,0,0
3100,1,7316,27,0,5.0,1,4.0,1.0,90.0,1,3,1,Hispanic,MIL,1.0,9310.0,19.0,0,535020,53
3101,1,7308,70,0,,1,6.0,4.0,,1,1,0,White,0,,,19.0,0,0,0
3102,1,7301,94,0,,1,6.0,4.0,,1,1,0,White,0,,,16.0,0,0,0
3103,1,7320,94,0,,1,6.0,4.0,,1,1,0,White,0,,,16.0,0,0,0
3104,1,7302,61,0,,1,6.0,4.0,,2,1,0,Black,0,,,17.0,0,0,0
3105,1,7301,18,0,5.0,1,4.0,1.0,50.0,1,1,1,White,MIL,1.0,7340.0,16.0,0,499071,49
3106,1,7319,32,0,1.0,1,3.0,4.0,,1,11,0,Hispanic,44,,7120.0,16.0,1,492097,49
3107,1,7310,28,0,5.0,1,4.0,1.0,55.0,1,1,1,White,MIL,1.0,9810.0,16.0,0,552010,55
3108,1,7302,35,0,,1,6.0,4.0,,1,1,0,White,0,,,17.0,0,0,0
3109,1,7315,38,0,,1,6.0,4.0,,1,1,0,White,0,,,16.0,0,0,0
3110,1,7321,21,0,5.0,1,4.0,1.0,50.0,1,1,1,White,MIL,1.0,1105.0,16.0,0,151244,15
3111,1,7308,73,0,,1,6.0,4.0,,9,2,0,Hispanic,0,,,1.0,0,0,0
3112,1,7312,23,0,5.0,1,4.0,1.0,50.0,1,1,1,White,MIL,1.0,9830.0,20.0,0,559830,55
3113,1,7322,68,0,,1,6.0,4.0,,2,1,0,Black,0,,,17.0,0,0,0
3114,1,7316,30,0,,1,6.0,4.0,,1,24,0,Hispanic,0,,,16.0,0,0,0
3115,1,7316,35,0,,1,6.0,4.0,,1,1,0,White,0,,,17.0,0,0,0
3116,1,7312,21,0,5.0,1,4.0,1.0,50.0,1,1,1,White,MIL,1.0,1105.0,16.0,0,151244,15
3117,1,7302,16,13,,1,6.0,,,9,2,0,Hispanic,0,,,13.0,0,0,0
3118,1,7322,17,12,,1,6.0,4.0,,9,2,0,Hispanic,0,,,12.0,0,0,0
3119,1,7316,19,0,5.0,1,4.0,1.0,50.0,1,1,1,White,MIL,1.0,7020.0,16.0,0,492020,49
3120,1,7311,22,0,,2,6.0,4.0,,8,2,0,Hispanic,0,,,14.0,0,0,0
3121,1,7303,73,0,,2,6.0,4.0,,1,1,0,White,0,,,19.0,0,0,0
3122,1,7322,30,0,,1,6.0,4.0,,1,24,0,Hispanic,0,,,20.0,0,0,0
3123,1,7315,63,0,1.0,1,6.0,4.0,,1,3,0,Hispanic,23,,6220.0,19.0,0,472XXX,47
3124,1,7301,24,0,5.0,1,4.0,1.0,50.0,1,1,1,White,MIL,1.0,7340.0,16.0,0,499071,49
3125,1,7310,21,0,5.0,1,4.0,1.0,50.0,1,1,1,White,MIL,1.0,9645.0,16.0,0,537065,53
3126,1,7306,83,0,,2,6.0,4.0,,9,2,0,Hispanic,0,,,16.0,0,0,0
3127,1,7312,46,0,,1,6.0,4.0,,1,1,0,White,0,,,17.0,0,0,0
3128,1,7315,19,15,1.0,1,1.0,4.0,30.0,1,1,1,White,53,1.0,410.0,16.0,1,119141,11
3129,1,7321,40,0,1.0,1,6.0,2.0,,2,1,0,Black,49,,9645.0,16.0,0,537065,53
3130,1,7301,23,0,5.0,1,4.0,1.0,55.0,1,1,1,White,MIL,1.0,5120.0,16.0,0,433031,43
3131,1,7317,72,0,,1,6.0,4.0,,8,2,0,Hispanic,0,,,1.0,0,0,0
3132,1,7321,47,0,1.0,1,1.0,4.0,7.0,9,2,1,Hispanic,56,6.0,6260.0,8.0,1,472061,47
3133,1,7305,20,15,1.0,2,6.0,4.0,,9,11,0,Hispanic,61,,4130.0,19.0,0,359011,35
3134,1,7322,30,0,,1,6.0,4.0,,1,24,0,Hispanic,0,,,20.0,0,0,0
3135,1,7315,19,15,3.0,2,6.0,4.0,8.0,6,1,0,Asian,45,6.0,8990.0,19.0,0,5191XX,51
3136,1,7301,18,0,5.0,1,1.0,4.0,20.0,2,1,1,Black,722,6.0,4020.0,17.0,1,352010,35
3137,1,7301,55,0,,2,6.0,2.0,,2,1,0,Black,0,,,16.0,0,0,0
3138,1,7316,53,0,1.0,2,6.0,4.0,40.0,9,24,0,Hispanic,721,6.0,4230.0,21.0,0,372012,37
3139,1,7319,42,0,3.0,1,6.0,4.0,,2,1,0,Black,92,,4220.0,14.0,0,37201X,37
3140,1,7312,21,0,5.0,1,4.0,1.0,50.0,9,2,1,Hispanic,MIL,1.0,9645.0,16.0,0,537065,53
3141,1,7301,22,0,5.0,1,4.0,1.0,50.0,6,1,1,Asian,MIL,1.0,7030.0,20.0,0,492091,49
3142,1,7322,39,0,,1,6.0,4.0,,3,1,0,Other,0,,,13.0,0,0,0
3143,1,7321,25,15,5.0,1,1.0,2.0,72.0,1,1,1,White,56,1.0,4220.0,19.0,1,37201X,37
3144,1,7322,16,12,,2,6.0,,,8,2,0,Hispanic,0,,,12.0,0,0,0
3145,1,7307,77,0,,2,6.0,4.0,,1,1,0,White,0,,,16.0,0,0,0
3146,1,7305,94,0,,2,6.0,4.0,,8,2,0,Hispanic,0,,,11.0,0,0,0
3147,1,7301,24,0,5.0,1,4.0,1.0,55.0,1,1,1,White,MIL,1.0,7020.0,16.0,0,492020,49
3148,1,7315,20,15,,1,6.0,4.0,,1,1,0,White,0,,,19.0,0,0,0
3149,1,7316,43,15,,1,6.0,4.0,,1,24,0,Hispanic,0,,,19.0,0,0,0
3150,1,7315,16,15,,1,6.0,,,9,2,0,Hispanic,0,,,16.0,0,0,0
3151,1,7301,21,0,5.0,1,1.0,2.0,50.0,9,1,1,Two or More,62,1.0,2360.0,16.0,1,2530XX,25
3152,1,7315,88,0,,2,6.0,4.0,,1,1,0,White,0,,,16.0,0,0,0
3153,1,7316,26,0,,1,6.0,4.0,,9,2,0,Hispanic,0,,,14.0,0,0,0
3154,1,7317,20,15,1.0,2,1.0,4.0,15.0,1,2,1,Hispanic,71,5.0,4435.0,19.0,1,3930XX,39
3155,1,7321,26,0,1.0,1,1.0,4.0,40.0,9,2,1,Hispanic,44,5.0,9620.0,1.0,1,537062,53
3156,1,7317,94,0,,2,6.0,4.0,,2,1,0,Black,0,,,16.0,0,0,0
3157,1,7301,19,0,5.0,1,4.0,1.0,50.0,1,1,1,White,MIL,1.0,6230.0,16.0,0,472031,47
3158,1,7319,42,0,,1,6.0,4.0,,9,24,0,Hispanic,0,,,17.0,0,0,0
3159,1,7301,21,0,5.0,1,4.0,1.0,50.0,1,1,1,White,MIL,1.0,1105.0,16.0,0,151244,15
3160,1,7303,14,11,,1,,,,1,1,0,White,0,,,11.0,0,0,0
3161,1,7318,20,0,5.0,1,4.0,1.0,50.0,1,1,1,White,MIL,1.0,9825.0,16.0,0,553010,55
3162,1,7321,26,15,5.0,2,1.0,2.0,86.0,1,1,1,White,33,1.0,7750.0,20.0,1,5120XX,51
3163,1,7320,50,0,1.0,2,1.0,2.0,35.0,2,1,1,Black,42,1.0,5740.0,18.0,1,436014,43
3164,1,7321,48,0,,1,6.0,4.0,,1,2,0,Hispanic,0,,,1.0,0,0,0
3165,1,7310,21,0,5.0,1,1.0,2.0,45.0,1,1,1,White,722,1.0,4020.0,16.0,1,352010,35
3166,1,7322,51,0,,1,6.0,4.0,,1,1,0,White,0,,,16.0,0,0,0
3167,1,7313,31,0,,2,6.0,4.0,,3,1,0,Other,0,,,18.0,0,0,0
3168,1,7303,16,14,,1,6.0,,,1,1,0,White,0,,,14.0,0,0,0
3169,1,7301,22,0,5.0,1,4.0,1.0,50.0,6,1,1,Asian,MIL,1.0,7030.0,20.0,0,492091,49
3170,1,7313,73,0,,2,6.0,4.0,,1,1,0,White,0,,,19.0,0,0,0
3171,1,7310,21,0,5.0,1,4.0,1.0,50.0,1,1,1,White,MIL,1.0,7140.0,19.0,0,493011,49
3172,1,7316,24,0,5.0,1,4.0,1.0,50.0,1,1,1,White,MIL,1.0,9825.0,16.0,0,553010,55
3173,1,7310,50,0,2.0,1,1.0,2.0,20.0,1,1,1,White,62,1.0,7340.0,20.0,1,499071,49
3174,1,7319,36,0,1.0,1,6.0,4.0,,9,2,0,Hispanic,722,,4140.0,12.0,0,359021,35
3175,1,7316,49,0,,1,6.0,4.0,,1,24,0,Hispanic,0,,,17.0,0,0,0
3176,1,7322,35,0,,1,6.0,4.0,,9,2,0,Hispanic,0,,,17.0,0,0,0
3177,1,7310,20,0,5.0,1,4.0,1.0,50.0,1,1,1,White,MIL,1.0,6230.0,16.0,0,472031,47
3178,1,7312,19,0,5.0,1,4.0,1.0,50.0,1,2,1,Hispanic,MIL,1.0,7210.0,16.0,0,493031,49
3179,1,7301,25,0,5.0,1,4.0,1.0,80.0,9,3,1,Hispanic,MIL,1.0,1240.0,21.0,0,1520XX,15
3180,1,7313,32,0,2.0,2,6.0,4.0,40.0,8,2,0,Hispanic,81,5.0,750.0,14.0,0,131199,13
3181,1,7316,35,0,5.0,1,4.0,1.0,68.0,9,1,1,Two or More,MIL,1.0,9810.0,18.0,0,552010,55
3182,1,7310,19,15,,2,6.0,4.0,,1,1,0,White,0,,,19.0,0,0,0
3183,1,7310,19,15,,1,6.0,4.0,,1,1,0,White,0,,,19.0,0,0,0
3184,1,7307,80,0,,2,6.0,4.0,,1,1,0,White,0,,,16.0,0,0,0
3185,1,7322,39,0,,1,6.0,4.0,,2,1,0,Black,0,,,12.0,0,0,0
3186,1,7307,46,0,,1,6.0,4.0,,9,2,0,Hispanic,0,,,1.0,0,0,0
3187,1,7316,31,0,1.0,1,6.0,4.0,40.0,9,2,0,Hispanic,23,3.0,6330.0,13.0,0,472080,47
3188,1,7316,21,0,5.0,1,4.0,1.0,64.0,6,1,1,Asian,MIL,1.0,7210.0,16.0,0,493031,49
3189,1,7310,20,15,1.0,2,1.0,4.0,10.0,1,2,1,Hispanic,61,6.0,1050.0,19.0,1,151230,15
3190,1,7306,79,0,,1,6.0,4.0,,1,1,0,White,0,,,21.0,0,0,0
3191,1,7322,19,0,2.0,1,6.0,4.0,20.0,1,1,0,White,45,6.0,5240.0,16.0,0,434051,43
3192,1,7316,25,0,5.0,1,4.0,1.0,50.0,1,1,1,White,MIL,1.0,9830.0,16.0,0,559830,55
3193,1,7319,47,0,,1,6.0,4.0,,2,1,0,Black,0,,,16.0,0,0,0
3194,1,7322,51,0,,1,6.0,4.0,,2,1,0,Black,0,,,1.0,0,0,0
3195,1,7316,23,0,5.0,1,4.0,1.0,80.0,1,1,1,White,MIL,1.0,9800.0,21.0,0,551010,55
3196,1,7321,37,0,,2,6.0,4.0,,1,1,0,White,0,,,15.0,0,0,0
3197,1,7314,71,0,,1,6.0,2.0,,5,1,0,Other,0,,,16.0,0,0,0
3198,1,7316,30,0,5.0,1,4.0,1.0,65.0,2,1,1,Black,MIL,1.0,5000.0,18.0,0,431011,43
3199,1,7322,41,0,,1,6.0,4.0,,2,1,0,Black,0,,,17.0,0,0,0
3200,1,7301,23,0,5.0,1,4.0,1.0,50.0,1,1,1,White,MIL,1.0,3802.0,19.0,0,333012,33
3201,1,7301,21,0,5.0,1,4.0,1.0,50.0,6,1,1,Asian,MIL,1.0,1105.0,16.0,0,151244,15
3202,1,7307,94,0,,2,6.0,4.0,,1,1,0,White,0,,,16.0,0,0,0
3203,1,7308,32,0,,1,6.0,4.0,,8,9,0,Hispanic,0,,,1.0,0,0,0
3204,1,7303,73,0,,1,6.0,4.0,,1,1,0,White,0,,,22.0,0,0,0
3205,1,7311,18,0,,1,6.0,4.0,,2,1,0,Black,0,,,16.0,0,0,0
3206,1,7315,65,0,,1,6.0,4.0,,1,1,0,White,0,,,16.0,0,0,0
3207,1,7321,22,0,5.0,1,4.0,1.0,50.0,1,1,1,White,MIL,1.0,9825.0,16.0,0,553010,55
3208,1,7316,24,0,5.0,1,4.0,1.0,99.0,1,1,1,White,MIL,1.0,7100.0,16.0,0,49209X,49
3209,1,7316,25,15,5.0,1,1.0,2.0,72.0,1,1,1,White,56,1.0,4220.0,19.0,1,37201X,37
3210,1,7322,56,0,,1,6.0,4.0,,1,1,0,White,0,,,22.0,0,0,0
3211,1,7317,19,15,3.0,1,6.0,4.0,40.0,2,1,0,Black,721,6.0,4622.0,18.0,0,399032,39
3212,1,7313,75,0,,2,6.0,4.0,,8,2,0,Hispanic,0,,,16.0,0,0,0
3213,1,7319,70,0,,1,6.0,4.0,,1,1,0,White,0,,,19.0,0,0,0
3214,1,7310,18,15,,2,6.0,4.0,,1,1,0,White,0,,,18.0,0,0,0
3215,1,7310,52,0,4.0,2,6.0,4.0,8.0,1,1,0,White,62,6.0,4230.0,18.0,0,372012,37
3216,1,7308,94,0,,1,6.0,2.0,,6,1,0,Asian,0,,,20.0,0,0,0
3217,1,7322,51,0,,1,6.0,4.0,,2,1,0,Black,0,,,1.0,0,0,0
3218,1,7301,21,0,5.0,1,4.0,1.0,50.0,1,1,1,White,MIL,1.0,9645.0,16.0,0,537065,53
3219,1,7316,35,0,,1,6.0,4.0,,9,2,0,Hispanic,0,,,17.0,0,0,0
3220,1,7301,73,0,,2,6.0,4.0,,1,1,0,White,0,,,16.0,0,0,0
3221,1,7316,25,0,5.0,1,4.0,1.0,50.0,1,1,1,White,MIL,1.0,1551.0,16.0,0,173023,17
3222,1,7321,22,0,5.0,1,4.0,1.0,70.0,8,2,1,Hispanic,MIL,1.0,7000.0,16.0,0,491011,49
3223,1,7302,32,0,,2,6.0,4.0,,1,2,0,Hispanic,0,,,17.0,0,0,0
3224,1,7316,20,0,5.0,1,4.0,1.0,50.0,1,1,1,White,MIL,1.0,7020.0,16.0,0,492020,49
3225,1,7310,18,0,5.0,1,5.0,1.0,99.0,6,1,1,Asian,MIL,1.0,9830.0,16.0,0,559830,55
3226,1,7314,39,0,1.0,1,6.0,4.0,40.0,1,2,0,Hispanic,33,5.0,1555.0,21.0,0,17302X,17
3227,1,7301,21,0,5.0,1,4.0,1.0,50.0,1,1,1,White,MIL,1.0,9825.0,16.0,0,553010,55
3228,1,7321,21,0,5.0,2,4.0,1.0,50.0,1,1,1,White,MIL,1.0,1108.0,16.0,0,151299,15
3229,1,7320,37,0,1.0,1,1.0,4.0,30.0,1,1,1,White,62,1.0,5860.0,12.0,1,439061,43
3230,1,7321,24,15,5.0,1,1.0,2.0,77.0,6,1,1,Asian,71,1.0,7240.0,18.0,1,493050,49
3231,1,7301,21,0,5.0,1,4.0,1.0,50.0,1,1,1,White,MIL,1.0,9825.0,16.0,0,553010,55
3232,1,7322,40,0,,1,6.0,4.0,,2,1,0,Black,0,,,17.0,0,0,0
3233,1,7301,21,0,5.0,1,4.0,1.0,50.0,6,1,1,Asian,MIL,1.0,1105.0,16.0,0,151244,15
3234,1,7321,19,0,2.0,1,6.0,4.0,20.0,1,1,0,White,45,6.0,5240.0,16.0,0,434051,43
3235,1,7322,55,0,,1,6.0,4.0,,1,1,0,White,0,,,16.0,0,0,0
3236,1,7312,22,0,5.0,1,1.0,2.0,65.0,1,1,1,White,62,1.0,2360.0,16.0,1,2530XX,25
3237,1,7301,20,0,5.0,1,4.0,1.0,40.0,1,1,1,White,MIL,1.0,9825.0,19.0,0,553010,55
3238,1,7315,18,15,,2,6.0,4.0,,1,1,0,White,0,,,18.0,0,0,0
3239,1,7301,52,0,2.0,1,1.0,4.0,26.0,1,1,1,White,54,6.0,20.0,20.0,1,111021,11
3240,1,7307,64,0,,1,6.0,4.0,,1,1,0,White,0,,,16.0,0,0,0
3241,1,7321,18,0,5.0,1,4.0,1.0,8.0,1,1,1,White,MIL,1.0,9830.0,16.0,0,559830,55
3242,1,7301,20,0,5.0,1,4.0,1.0,50.0,1,1,1,White,MIL,1.0,7030.0,16.0,0,492091,49
3243,1,7316,50,0,,1,6.0,4.0,,1,24,0,Hispanic,0,,,18.0,0,0,0
3244,1,7319,18,14,,1,6.0,4.0,,9,2,0,Hispanic,0,,,14.0,0,0,0
3245,1,7307,53,0,,1,6.0,4.0,,8,2,0,Hispanic,0,,,16.0,0,0,0
3246,1,7321,20,0,5.0,2,1.0,2.0,50.0,1,1,1,White,62,1.0,3601.0,16.0,1,311121,31
3247,1,7310,67,0,,2,6.0,4.0,,8,2,0,Hispanic,0,,,9.0,0,0,0
3248,1,7304,50,0,2.0,1,1.0,2.0,20.0,1,1,1,White,62,1.0,7340.0,20.0,1,499071,49
3249,1,7322,28,0,,1,6.0,4.0,,9,2,0,Hispanic,0,,,12.0,0,0,0
3250,1,7312,20,0,5.0,1,4.0,1.0,45.0,2,1,1,Black,MIL,1.0,9825.0,16.0,0,553010,55
3251,1,7310,30,0,9.0,1,3.0,2.0,,1,1,0,White,99,,9920.0,16.0,1,999920,99
3252,1,7314,62,0,,2,6.0,4.0,,1,1,0,White,0,,,1.0,0,0,0
3253,1,7317,18,15,,2,6.0,4.0,,1,1,0,White,0,,,18.0,0,0,0
3254,1,7310,18,15,,2,6.0,4.0,,2,1,0,Black,0,,,18.0,0,0,0
3255,1,7322,56,0,,1,6.0,4.0,,2,1,0,Black,0,,,16.0,0,0,0
3256,1,7321,38,0,5.0,1,4.0,1.0,75.0,6,1,1,Asian,MIL,1.0,1555.0,21.0,0,17302X,17
3257,1,7321,85,0,,2,6.0,4.0,,9,2,0,Hispanic,0,,,16.0,0,0,0
3258,1,7301,20,0,5.0,1,4.0,1.0,55.0,8,2,1,Hispanic,MIL,1.0,6230.0,16.0,0,472031,47
3259,1,7301,74,0,,2,6.0,4.0,,2,1,0,Black,0,,,16.0,0,0,0
3260,1,7316,90,0,,2,6.0,4.0,,1,1,0,White,0,,,21.0,0,0,0
3261,1,7321,17,15,5.0,1,4.0,1.0,99.0,9,1,1,Two or More,MIL,1.0,9825.0,18.0,0,553010,55
3262,1,7310,24,0,5.0,2,4.0,1.0,50.0,6,1,1,Asian,MIL,1.0,7030.0,16.0,0,492091,49
3263,1,7310,21,0,5.0,1,4.0,1.0,50.0,1,1,1,White,MIL,1.0,7430.0,16.0,0,499060,49
3264,1,7316,74,0,,1,6.0,4.0,,1,1,0,White,0,,,16.0,0,0,0
3265,1,7305,79,0,,2,6.0,4.0,,1,1,0,White,0,,,21.0,0,0,0
3266,1,7310,20,0,5.0,1,4.0,1.0,45.0,2,1,1,Black,MIL,1.0,9825.0,16.0,0,553010,55
3267,1,7316,28,0,5.0,1,4.0,1.0,40.0,2,1,1,Black,MIL,1.0,9830.0,19.0,0,559830,55
3268,1,7322,28,0,,1,6.0,4.0,,9,2,0,Hispanic,0,,,12.0,0,0,0
3269,1,7315,18,15,1.0,2,6.0,4.0,,1,1,0,White,61,,4130.0,18.0,0,359011,35
3270,1,7303,74,0,,1,6.0,4.0,,2,1,0,Black,0,,,14.0,0,0,0
3271,1,7306,48,0,,2,6.0,4.0,,5,2,0,Hispanic,0,,,1.0,0,0,0
3272,1,7303,36,0,1.0,1,6.0,4.0,,9,2,0,Hispanic,722,,4140.0,12.0,0,359021,35
3273,1,7317,21,15,1.0,2,6.0,4.0,35.0,1,1,0,White,44,6.0,2360.0,19.0,0,2530XX,25
3274,1,7315,19,15,1.0,2,6.0,4.0,15.0,1,1,0,White,722,6.0,4110.0,19.0,0,353031,35
3275,1,7316,28,0,5.0,1,4.0,1.0,40.0,1,23,1,Hispanic,MIL,1.0,7340.0,19.0,0,499071,49
3276,1,7316,75,0,,1,6.0,4.0,,1,1,0,White,0,,,16.0,0,0,0
3277,1,7307,35,0,,1,6.0,4.0,,1,1,0,White,0,,,1.0,0,0,0
3278,1,7322,41,0,,1,6.0,4.0,,2,1,0,Black,0,,,14.0,0,0,0
3279,1,7303,30,0,1.0,2,6.0,4.0,,3,1,0,Other,45,,4720.0,13.0,0,412010,41
3280,1,7301,22,0,5.0,1,4.0,1.0,50.0,1,1,1,White,MIL,1.0,9825.0,16.0,0,553010,55
3281,1,7317,21,0,,2,6.0,4.0,,9,2,0,Hispanic,0,,,16.0,0,0,0
3282,1,7315,19,15,1.0,2,1.0,4.0,25.0,1,1,1,White,62,6.0,4600.0,19.0,1,399011,39
3283,1,7310,20,0,5.0,1,4.0,1.0,45.0,2,1,1,Black,MIL,1.0,9825.0,16.0,0,553010,55
3284,1,7301,59,0,,1,6.0,4.0,,1,1,0,White,0,,,16.0,0,0,0
3285,1,7309,86,0,,2,6.0,4.0,,1,1,0,White,0,,,16.0,0,0,0
3286,1,7309,78,0,,1,6.0,4.0,,1,1,0,White,0,,,16.0,0,0,0
3287,1,7321,80,0,,2,6.0,4.0,,8,11,0,Hispanic,0,,,16.0,0,0,0
3288,1,7322,23,15,,1,6.0,4.0,,1,1,0,White,0,,,16.0,0,0,0
3289,1,7310,17,15,5.0,1,4.0,1.0,99.0,9,1,1,Two or More,MIL,1.0,9825.0,16.0,0,553010,55
3290,1,7315,21,15,1.0,2,6.0,4.0,30.0,2,1,0,Black,49,6.0,5240.0,19.0,0,434051,43
3291,1,7313,35,0,,2,6.0,4.0,,1,1,0,White,0,,,16.0,0,0,0
3292,1,7314,68,0,,1,6.0,4.0,,1,1,0,White,0,,,16.0,0,0,0
3293,1,7317,19,15,3.0,1,6.0,4.0,40.0,1,1,0,White,721,6.0,4622.0,19.0,0,399032,39
3294,1,7310,20,0,5.0,1,4.0,1.0,50.0,1,1,1,White,MIL,1.0,5600.0,16.0,0,435061,43
3295,1,7319,31,0,1.0,1,6.0,4.0,,9,2,0,Hispanic,44,,4760.0,16.0,0,412031,41
3296,1,7310,21,0,5.0,1,4.0,1.0,55.0,8,2,1,Hispanic,MIL,1.0,7210.0,16.0,0,493031,49
3297,1,7310,25,0,5.0,1,4.0,1.0,80.0,9,3,1,Hispanic,MIL,1.0,1240.0,21.0,0,1520XX,15
3298,1,7314,94,0,,2,6.0,4.0,,1,1,0,White,0,,,12.0,0,0,0
3299,1,7317,19,15,,2,6.0,4.0,,1,1,0,White,0,,,18.0,0,0,0
3300,1,7301,19,0,5.0,1,4.0,1.0,50.0,1,1,1,White,MIL,1.0,7020.0,16.0,0,492020,49
3301,1,7321,19,0,5.0,1,4.0,1.0,50.0,1,1,1,White,MIL,1.0,6230.0,16.0,0,472031,47
3302,1,7306,85,0,,2,6.0,4.0,,8,2,0,Hispanic,0,,,21.0,0,0,0
3303,1,7316,25,0,5.0,1,4.0,1.0,80.0,9,3,1,Hispanic,MIL,1.0,1240.0,21.0,0,1520XX,15
3304,1,7318,28,0,5.0,1,4.0,1.0,40.0,2,1,1,Black,MIL,1.0,9830.0,19.0,0,559830,55
3305,1,7317,19,15,3.0,1,6.0,4.0,40.0,1,1,0,White,721,6.0,4622.0,19.0,0,399032,39
3306,1,7319,56,0,,1,6.0,4.0,,1,1,0,White,0,,,13.0,0,0,0
3307,1,7301,30,0,9.0,1,3.0,2.0,,1,1,0,White,99,,9920.0,16.0,1,999920,99
3308,1,7310,67,0,,1,6.0,4.0,,1,1,0,White,0,,,18.0,0,0,0
3309,1,7322,41,0,,1,6.0,4.0,,3,1,0,Other,0,,,14.0,0,0,0
3310,1,7310,21,0,5.0,1,4.0,1.0,50.0,1,1,1,White,MIL,1.0,9825.0,16.0,0,553010,55
3311,1,7301,21,0,5.0,1,1.0,2.0,50.0,1,1,1,White,722,1.0,4020.0,16.0,1,352010,35
3312,1,7310,19,15,,2,6.0,4.0,,9,1,0,Two or More,0,,,19.0,0,0,0
3313,1,7301,19,0,5.0,1,4.0,1.0,50.0,1,1,1,White,MIL,1.0,7210.0,16.0,0,493031,49
3314,1,7313,76,0,,2,6.0,4.0,,1,1,0,White,0,,,16.0,0,0,0
3315,1,7301,21,0,5.0,1,1.0,2.0,50.0,1,1,1,White,722,1.0,4020.0,16.0,1,352010,35
3316,1,7321,36,0,5.0,2,4.0,1.0,70.0,2,1,1,Black,MIL,1.0,5000.0,21.0,0,431011,43
3317,1,7320,73,0,,2,6.0,4.0,,2,1,0,Black,0,,,19.0,0,0,0
3318,1,7316,22,0,1.0,2,1.0,4.0,20.0,2,1,1,Black,722,1.0,4110.0,19.0,1,353031,35
3319,1,7322,20,14,,1,6.0,4.0,,1,1,0,White,0,,,14.0,0,0,0
3320,1,7305,48,0,,2,6.0,4.0,,1,2,0,Hispanic,0,,,1.0,0,0,0
3321,1,7306,37,0,1.0,1,6.0,4.0,,8,24,0,Hispanic,32,,4850.0,18.0,0,414010,41
3322,1,7301,21,0,5.0,1,4.0,1.0,50.0,8,2,1,Hispanic,MIL,1.0,9825.0,16.0,0,553010,55
3323,1,7306,32,0,,2,6.0,4.0,,1,1,0,White,0,,,16.0,0,0,0
3324,1,7315,90,0,,1,6.0,4.0,,1,1,0,White,0,,,16.0,0,0,0
3325,1,7316,66,0,,1,6.0,4.0,,1,1,0,White,0,,,1.0,0,0,0
3326,1,7322,31,0,,1,6.0,4.0,,9,2,0,Hispanic,0,,,13.0,0,0,0
3327,1,7313,70,0,,2,6.0,4.0,,1,1,0,White,0,,,19.0,0,0,0
3328,1,7322,27,0,,1,6.0,4.0,,9,2,0,Hispanic,0,,,19.0,0,0,0
3329,1,7317,18,15,,1,6.0,4.0,,1,1,0,White,0,,,18.0,0,0,0
3330,1,7316,20,0,5.0,1,4.0,1.0,40.0,9,2,1,Hispanic,MIL,1.0,4020.0,16.0,0,352010,35
3331,1,7310,19,15,3.0,1,6.0,4.0,40.0,1,1,0,White,721,6.0,4622.0,19.0,0,399032,39
3332,1,7301,20,0,5.0,1,4.0,1.0,50.0,1,1,1,White,MIL,1.0,7210.0,16.0,0,493031,49
3333,1,7316,22,0,5.0,1,4.0,1.0,50.0,1,1,1,White,MIL,1.0,9825.0,16.0,0,553010,55
3334,1,7314,88,0,,1,6.0,4.0,,1,1,0,White,0,,,16.0,0,0,0
3335,1,7309,34,0,,1,6.0,4.0,,2,1,0,Black,0,,,14.0,0,0,0
3336,1,7301,19,0,5.0,1,4.0,1.0,50.0,1,1,1,White,MIL,1.0,7020.0,16.0,0,492020,49
3337,1,7316,29,0,,1,6.0,4.0,,2,1,0,Black,0,,,16.0,0,0,0
3338,1,7301,23,0,5.0,1,4.0,1.0,50.0,9,2,1,Hispanic,MIL,1.0,5610.0,16.0,0,435071,43
3339,1,7317,19,15,3.0,1,6.0,4.0,19.0,1,1,0,White,44,6.0,9620.0,19.0,0,537062,53
3340,1,7305,28,0,,2,6.0,4.0,,1,1,0,White,0,,,19.0,0,0,0
3341,1,7321,20,0,5.0,1,4.0,1.0,70.0,1,5,1,Hispanic,MIL,1.0,7000.0,16.0,0,491011,49
3342,1,7319,69,0,2.0,1,1.0,4.0,60.0,1,1,1,White,721,1.0,2040.0,22.0,1,212011,21
3343,1,7314,79,0,,2,6.0,4.0,,1,1,0,White,0,,,21.0,0,0,0
3344,1,7318,31,0,,1,6.0,4.0,,6,1,0,Asian,0,,,16.0,0,0,0
3345,1,7315,20,15,1.0,2,6.0,4.0,30.0,1,1,0,White,81,6.0,4350.0,19.0,0,392021,39
3346,1,7316,29,0,,1,6.0,4.0,,2,1,0,Black,0,,,16.0,0,0,0
3347,1,7301,26,0,5.0,1,1.0,2.0,69.0,1,1,1,White,44,1.0,4720.0,16.0,1,412010,41
3348,1,7315,19,15,,2,6.0,4.0,,1,1,0,White,0,,,19.0,0,0,0
3349,1,7318,69,0,,2,6.0,4.0,,2,1,0,Black,0,,,16.0,0,0,0
3350,1,7301,21,0,5.0,1,4.0,1.0,55.0,1,1,1,White,MIL,1.0,1105.0,18.0,0,151244,15
3351,1,7321,22,0,5.0,1,4.0,1.0,70.0,8,2,1,Hispanic,MIL,1.0,7000.0,16.0,0,491011,49
3352,1,7321,37,0,,2,6.0,4.0,,1,1,0,White,0,,,16.0,0,0,0
3353,1,7301,22,0,5.0,1,4.0,1.0,50.0,1,1,1,White,MIL,1.0,9830.0,16.0,0,559830,55
3354,1,7305,40,0,,1,6.0,4.0,,6,1,0,Asian,0,,,18.0,0,0,0
3355,1,7309,62,0,,1,6.0,4.0,,2,1,0,Black,0,,,12.0,0,0,0
3356,1,7315,21,15,1.0,2,6.0,4.0,30.0,2,1,0,Black,49,6.0,5240.0,19.0,0,434051,43
3357,1,7316,43,0,,2,6.0,4.0,,1,1,0,White,0,,,15.0,0,0,0
3358,1,7316,22,0,5.0,1,4.0,1.0,70.0,8,2,1,Hispanic,MIL,1.0,7000.0,16.0,0,491011,49
3359,1,7317,21,15,2.0,1,6.0,4.0,40.0,1,1,0,White,71,6.0,3960.0,19.0,0,33909X,33
3360,1,7306,89,0,,2,6.0,4.0,,6,1,0,Asian,0,,,17.0,0,0,0
3361,1,7317,18,15,,2,6.0,4.0,,1,1,0,White,0,,,18.0,0,0,0
3362,1,7319,31,0,1.0,1,6.0,4.0,40.0,9,2,0,Hispanic,23,3.0,6330.0,13.0,0,472080,47
3363,1,7316,25,0,5.0,1,4.0,1.0,40.0,2,1,1,Black,MIL,1.0,9810.0,16.0,0,552010,55
3364,1,7310,21,0,5.0,1,4.0,1.0,50.0,1,3,1,Hispanic,MIL,1.0,5040.0,16.0,0,432099,43
3365,1,7301,23,0,5.0,1,4.0,1.0,55.0,1,23,1,Hispanic,MIL,1.0,9130.0,16.0,0,533030,53
3366,1,7319,69,0,,1,6.0,4.0,,1,1,0,White,0,,,21.0,0,0,0
3367,1,7301,21,0,5.0,1,4.0,1.0,50.0,9,1,1,Two or More,MIL,1.0,9800.0,16.0,0,551010,55
3368,1,7303,89,0,,2,6.0,4.0,,1,1,0,White,0,,,17.0,0,0,0
3369,1,7310,28,0,5.0,1,4.0,1.0,40.0,9,2,1,Hispanic,MIL,1.0,9030.0,21.0,0,532010,53
3370,1,7321,25,0,5.0,2,4.0,1.0,65.0,9,1,1,Two or More,MIL,1.0,9310.0,21.0,0,535020,53
3371,1,7318,71,0,,2,6.0,4.0,,1,1,0,White,0,,,19.0,0,0,0
3372,1,7316,21,0,5.0,1,1.0,2.0,83.0,1,1,1,White,722,1.0,4020.0,16.0,1,352010,35
3373,1,7317,19,15,,2,6.0,4.0,,1,1,0,White,0,,,19.0,0,0,0
3374,1,7315,19,15,,2,6.0,4.0,,9,1,0,Two or More,0,,,19.0,0,0,0
3375,1,7306,61,0,,1,6.0,4.0,,1,1,0,White,0,,,16.0,0,0,0
3376,1,7316,42,0,6.0,2,6.0,4.0,,1,1,0,White,53,,4920.0,21.0,0,419020,41
3377,1,7301,19,0,5.0,1,4.0,1.0,50.0,1,1,1,White,MIL,1.0,7020.0,16.0,0,492020,49
3378,1,7317,32,0,1.0,1,3.0,4.0,50.0,1,1,0,White,49,5.0,9645.0,18.0,1,537065,53
3379,1,7315,49,0,,1,6.0,4.0,,1,1,0,White,0,,,16.0,0,0,0
3380,1,7310,9,6,,1,,,,9,2,0,Hispanic,0,,,6.0,0,0,0
3381,1,7301,27,0,5.0,1,1.0,2.0,45.0,2,1,1,Black,61,1.0,2350.0,20.0,1,253041,25
3382,1,7321,47,0,,1,6.0,4.0,,1,1,0,White,0,,,1.0,0,0,0
3383,1,7314,20,0,5.0,1,4.0,1.0,40.0,6,1,1,Asian,MIL,1.0,9620.0,16.0,0,537062,53
3384,1,7313,84,0,,2,6.0,4.0,,8,2,0,Hispanic,0,,,4.0,0,0,0
3385,1,7322,42,0,3.0,1,6.0,4.0,,2,1,0,Black,92,,4220.0,14.0,0,37201X,37
3386,1,7301,23,0,5.0,1,4.0,1.0,75.0,1,1,1,White,MIL,1.0,3740.0,16.0,0,332011,33
3387,1,7303,15,12,,1,,,,8,2,0,Hispanic,0,,,12.0,0,0,0
3388,1,7303,75,0,,1,6.0,4.0,,9,7,0,Hispanic,0,,,9.0,0,0,0
3389,1,7301,18,0,5.0,1,5.0,1.0,99.0,6,1,1,Asian,MIL,1.0,9830.0,16.0,0,559830,55
3390,1,7310,29,0,5.0,1,4.0,1.0,50.0,9,1,1,Two or More,MIL,1.0,9825.0,19.0,0,553010,55
3391,1,7316,25,15,5.0,1,1.0,2.0,72.0,1,1,1,White,56,1.0,4220.0,19.0,1,37201X,37
3392,1,7313,78,0,,2,6.0,4.0,,1,1,0,White,0,,,24.0,0,0,0
3393,1,7318,10,0,,1,,,,1,1,0,White,0,,,1.0,0,0,0
3394,1,7310,20,0,5.0,1,4.0,1.0,50.0,1,1,1,White,MIL,1.0,7020.0,18.0,0,492020,49
3395,1,7301,25,0,5.0,1,4.0,1.0,80.0,9,3,1,Hispanic,MIL,1.0,1240.0,21.0,0,1520XX,15
3396,1,7316,38,0,,1,6.0,2.0,,1,24,0,Hispanic,0,,,13.0,0,0,0
3397,1,7322,38,0,,1,6.0,2.0,,1,24,0,Hispanic,0,,,13.0,0,0,0
3398,1,7316,19,0,1.0,1,6.0,4.0,40.0,1,24,0,Hispanic,56,4.0,4251.0,16.0,0,373011,37
3399,1,7321,21,0,5.0,1,4.0,1.0,50.0,9,2,1,Hispanic,MIL,1.0,9130.0,16.0,0,533030,53
3400,1,7320,39,0,6.0,1,6.0,4.0,,8,11,0,Hispanic,81,,9610.0,6.0,0,537061,53
3401,1,7321,30,0,5.0,1,4.0,1.0,50.0,1,1,1,White,MIL,1.0,7100.0,16.0,0,49209X,49
3402,1,7301,22,0,5.0,1,4.0,1.0,50.0,1,1,1,White,MIL,1.0,9825.0,16.0,0,553010,55
3403,1,7303,24,0,,2,6.0,4.0,,1,1,0,White,0,,,19.0,0,0,0
3404,1,7301,23,0,5.0,1,4.0,1.0,50.0,9,2,1,Hispanic,MIL,1.0,5610.0,16.0,0,435071,43
3405,1,7321,70,0,,1,6.0,4.0,,1,1,0,White,0,,,16.0,0,0,0
3406,1,7313,17,13,,1,6.0,4.0,,9,2,0,Hispanic,0,,,13.0,0,0,0
3407,1,7315,20,15,,2,6.0,4.0,,1,1,0,White,0,,,19.0,0,0,0
3408,1,7308,50,0,1.0,2,1.0,2.0,35.0,2,1,1,Black,42,1.0,5740.0,18.0,1,436014,43
3409,1,7307,83,0,,2,6.0,4.0,,1,1,0,White,0,,,16.0,0,0,0
3410,1,7301,19,0,5.0,1,4.0,1.0,50.0,1,2,1,Hispanic,MIL,1.0,6230.0,16.0,0,472031,47
3411,1,7302,41,0,3.0,2,6.0,4.0,40.0,8,2,0,Hispanic,45,1.0,6230.0,14.0,0,472031,47
3412,1,7301,35,0,1.0,1,1.0,2.0,20.0,2,1,1,Black,56,1.0,4220.0,16.0,1,37201X,37
3413,1,7315,19,15,,2,6.0,4.0,,1,1,0,White,0,,,19.0,0,0,0
3414,1,7317,19,15,3.0,1,6.0,4.0,40.0,2,1,0,Black,721,6.0,4622.0,18.0,0,399032,39
3415,1,7315,19,15,,2,6.0,4.0,,1,1,0,White,0,,,19.0,0,0,0
3416,1,7310,21,0,5.0,1,1.0,2.0,50.0,1,1,1,White,23,1.0,6515.0,16.0,1,472181,47
3417,1,7316,26,0,5.0,1,6.0,2.0,,8,1,0,White,MIL,,7430.0,19.0,0,499060,49
3418,1,7301,22,0,5.0,1,4.0,1.0,55.0,1,1,1,White,MIL,1.0,7220.0,16.0,0,493040,49
3419,1,7318,50,0,,1,6.0,4.0,,2,1,0,Black,0,,,19.0,0,0,0
3420,1,7310,20,15,6.0,2,6.0,4.0,40.0,1,1,0,White,722,6.0,4055.0,19.0,0,353023,35
3421,1,7301,19,15,5.0,1,5.0,1.0,99.0,6,1,1,Asian,MIL,1.0,9830.0,18.0,0,559830,55
3422,1,7301,26,0,5.0,1,1.0,2.0,65.0,6,1,1,Asian,56,1.0,4220.0,18.0,1,37201X,37
3423,1,7301,27,0,5.0,1,1.0,2.0,45.0,2,1,1,Black,61,1.0,2350.0,20.0,1,253041,25
3424,1,7322,61,0,,1,6.0,4.0,,1,1,0,White,0,,,14.0,0,0,0
3425,1,7312,24,0,5.0,1,4.0,1.0,50.0,1,1,1,White,MIL,1.0,9825.0,16.0,0,553010,55
3426,1,7301,21,0,5.0,1,4.0,1.0,50.0,8,2,1,Hispanic,MIL,1.0,9830.0,16.0,0,559830,55
3427,1,7306,60,0,1.0,1,1.0,4.0,40.0,1,1,1,White,62,1.0,3602.0,16.0,1,311122,31
3428,1,7304,68,0,,1,6.0,4.0,,2,1,0,Black,0,,,16.0,0,0,0
3429,1,7301,20,0,5.0,1,1.0,2.0,50.0,1,2,1,Hispanic,23,1.0,6515.0,16.0,1,472181,47
3430,1,7321,19,15,5.0,1,5.0,1.0,99.0,6,1,1,Asian,MIL,1.0,9830.0,18.0,0,559830,55
3431,1,7301,22,0,5.0,1,4.0,1.0,55.0,1,1,1,White,MIL,1.0,7220.0,16.0,0,493040,49
3432,1,7306,65,0,,2,6.0,4.0,,1,1,0,White,0,,,13.0,0,0,0
3433,1,7314,86,0,2.0,2,6.0,4.0,,1,1,0,White,48,,9130.0,13.0,0,533030,53
3434,1,7310,20,0,5.0,1,4.0,1.0,50.0,1,1,1,White,MIL,1.0,7030.0,16.0,0,492091,49
3435,1,7321,19,15,5.0,1,5.0,1.0,99.0,6,1,1,Asian,MIL,1.0,9830.0,18.0,0,559830,55
3436,1,7321,67,0,,1,6.0,2.0,,1,1,0,White,0,,,23.0,0,0,0
3437,1,7313,50,0,,1,6.0,4.0,,1,1,0,White,0,,,1.0,0,0,0
3438,1,7302,58,0,,2,6.0,4.0,,1,1,0,White,0,,,16.0,0,0,0
3439,1,7304,81,0,,1,6.0,4.0,,2,1,0,Black,0,,,20.0,0,0,0
3440,1,7309,66,0,,2,6.0,4.0,,2,1,0,Black,0,,,19.0,0,0,0
3441,1,7319,75,0,,2,6.0,4.0,,2,1,0,Black,0,,,18.0,0,0,0
3442,1,7313,22,0,6.0,2,6.0,4.0,,2,1,0,Black,81,,4230.0,14.0,0,372012,37
3443,1,7313,27,0,2.0,1,6.0,4.0,,1,1,0,White,42,,6115.0,13.0,0,453031,45
3444,1,7306,30,0,,1,6.0,4.0,,2,1,0,Black,0,,,16.0,0,0,0
3445,1,7319,24,0,1.0,1,6.0,4.0,,1,1,0,White,722,,4020.0,18.0,0,352010,35
3446,1,7312,19,0,5.0,1,4.0,1.0,50.0,1,2,1,Hispanic,MIL,1.0,6230.0,16.0,0,472031,47
3447,1,7301,21,0,5.0,1,1.0,2.0,50.0,1,1,1,White,23,1.0,6515.0,16.0,1,472181,47
3448,1,7315,19,15,1.0,1,6.0,4.0,25.0,1,1,0,White,54,6.0,5860.0,19.0,0,439061,43
3449,1,7319,40,0,,1,6.0,4.0,,1,1,0,White,0,,,20.0,0,0,0
3450,1,7314,80,0,,2,6.0,4.0,,1,1,0,White,0,,,13.0,0,0,0
3451,1,7301,19,0,5.0,1,4.0,1.0,50.0,1,1,1,White,MIL,1.0,7210.0,16.0,0,493031,49
3452,1,7319,94,0,,2,6.0,4.0,,1,1,0,White,0,,,16.0,0,0,0
3453,1,7301,22,0,5.0,1,4.0,1.0,50.0,1,1,1,White,MIL,1.0,9825.0,16.0,0,553010,55
3454,1,7321,56,0,1.0,1,2.0,4.0,84.0,6,1,1,Asian,31,3.0,7855.0,16.0,1,513099,51
3455,1,7321,43,0,1.0,2,2.0,4.0,25.0,1,1,1,White,56,4.0,4230.0,16.0,1,372012,37
3456,1,7301,21,0,5.0,1,4.0,1.0,50.0,1,1,1,White,MIL,1.0,7210.0,16.0,0,493031,49
3457,1,7301,20,0,5.0,1,4.0,1.0,50.0,1,1,1,White,MIL,1.0,9825.0,16.0,0,553010,55
3458,1,7317,18,15,,2,6.0,4.0,,1,1,0,White,0,,,18.0,0,0,0
3459,1,7313,88,0,,2,6.0,4.0,,1,1,0,White,0,,,16.0,0,0,0
3460,1,7310,23,0,5.0,1,1.0,2.0,50.0,1,1,1,White,722,1.0,4030.0,19.0,1,352021,35
3461,1,7309,41,0,1.0,1,6.0,4.0,,1,1,0,White,33,,9630.0,19.0,0,537063,53
3462,1,7319,41,0,,1,6.0,4.0,,3,1,0,Other,0,,,14.0,0,0,0
3463,1,7310,21,15,2.0,2,1.0,4.0,20.0,9,1,1,Two or More,62,6.0,3603.0,19.0,1,311131,31
3464,1,7314,94,0,,2,6.0,4.0,,8,2,0,Hispanic,0,,,1.0,0,0,0
3465,1,7312,37,0,1.0,1,3.0,4.0,40.0,1,1,0,White,62,4.0,420.0,19.0,1,119151,11
3466,1,7301,19,0,5.0,1,4.0,1.0,50.0,1,2,1,Hispanic,MIL,1.0,7210.0,16.0,0,493031,49
3467,1,7310,23,0,5.0,1,4.0,1.0,50.0,8,11,1,Hispanic,MIL,1.0,9130.0,16.0,0,533030,53
3468,1,7322,43,0,,1,6.0,4.0,,9,2,0,Hispanic,0,,,14.0,0,0,0
3469,1,7318,17,13,,1,6.0,4.0,,1,1,0,White,0,,,13.0,0,0,0
3470,1,7313,19,0,5.0,1,4.0,1.0,40.0,1,1,1,White,MIL,1.0,9825.0,16.0,0,553010,55
3471,1,7321,47,0,,1,6.0,4.0,,2,1,0,Black,0,,,16.0,0,0,0
3472,1,7312,20,0,5.0,1,4.0,1.0,45.0,2,1,1,Black,MIL,1.0,9825.0,16.0,0,553010,55
3473,1,7321,20,0,5.0,1,4.0,1.0,50.0,1,1,1,White,MIL,1.0,7020.0,16.0,0,492020,49
3474,1,7317,66,0,,1,6.0,4.0,,1,1,0,White,0,,,24.0,0,0,0
3475,1,7303,17,12,,1,6.0,4.0,,5,1,0,Other,0,,,12.0,0,0,0
3476,1,7310,20,0,2.0,1,6.0,4.0,40.0,8,2,0,Hispanic,81,1.0,7200.0,20.0,0,493023,49
3477,1,7320,33,0,1.0,1,1.0,4.0,40.0,2,3,1,Hispanic,44,5.0,9620.0,18.0,1,537062,53
3478,1,7310,40,0,,1,6.0,4.0,,6,1,0,Asian,0,,,1.0,0,0,0
3479,1,7317,18,15,,2,6.0,4.0,,1,1,0,White,0,,,19.0,0,0,0
3480,1,7302,17,13,,1,6.0,4.0,,9,2,0,Hispanic,0,,,13.0,0,0,0
3481,1,7301,23,0,5.0,1,4.0,1.0,55.0,1,1,1,White,MIL,1.0,5120.0,16.0,0,433031,43
3482,1,7301,14,11,,1,,,,8,24,0,Hispanic,0,,,11.0,0,0,0
3483,1,7322,42,0,3.0,1,6.0,4.0,,2,1,0,Black,92,,4220.0,14.0,0,37201X,37
3484,1,7301,20,0,5.0,1,4.0,1.0,50.0,1,1,1,White,MIL,1.0,1105.0,16.0,0,151244,15
3485,1,7313,27,0,,1,6.0,4.0,,1,1,0,White,0,,,16.0,0,0,0
3486,1,7310,23,0,5.0,1,4.0,1.0,55.0,1,23,1,Hispanic,MIL,1.0,9130.0,16.0,0,533030,53
3487,1,7310,73,0,,2,6.0,4.0,,9,2,0,Hispanic,0,,,20.0,0,0,0
3488,1,7305,19,15,3.0,1,6.0,4.0,40.0,2,1,0,Black,721,6.0,4622.0,18.0,0,399032,39
3489,1,7308,94,0,,2,6.0,4.0,,1,1,0,White,0,,,11.0,0,0,0
3490,1,7310,19,0,5.0,1,4.0,1.0,50.0,1,1,1,White,MIL,1.0,6230.0,16.0,0,472031,47
3491,1,7301,21,0,5.0,1,4.0,1.0,50.0,8,2,1,Hispanic,MIL,1.0,9830.0,16.0,0,559830,55
3492,1,7316,29,0,,1,6.0,4.0,,1,24,0,Hispanic,0,,,20.0,0,0,0
3493,1,7310,21,15,2.0,2,1.0,4.0,6.0,1,1,1,White,61,6.0,5400.0,19.0,1,434171,43
3494,1,7308,61,0,2.0,2,1.0,4.0,60.0,1,1,1,White,81,1.0,4850.0,21.0,1,414010,41
3495,1,7313,87,0,,1,6.0,2.0,,2,1,0,Black,0,,,18.0,0,0,0
3496,1,7316,22,0,5.0,1,4.0,1.0,40.0,9,1,1,Two or More,MIL,1.0,7340.0,16.0,0,499071,49
3497,1,7320,89,0,,1,6.0,4.0,,8,2,0,Hispanic,0,,,1.0,0,0,0
3498,1,7302,18,14,,1,6.0,4.0,,9,2,0,Hispanic,0,,,14.0,0,0,0
3499,1,7301,24,0,5.0,1,4.0,1.0,50.0,1,1,1,White,MIL,1.0,5040.0,20.0,0,432099,43
3500,1,7310,21,0,5.0,1,4.0,1.0,50.0,9,5,1,Hispanic,MIL,1.0,9825.0,19.0,0,553010,55
3501,1,7306,65,0,,1,6.0,4.0,,1,1,0,White,0,,,16.0,0,0,0
3502,1,7318,37,0,,2,6.0,4.0,,1,1,0,White,0,,,14.0,0,0,0
3503,1,7315,37,0,1.0,1,3.0,4.0,40.0,1,1,0,White,62,4.0,420.0,19.0,1,119151,11
3504,1,7310,21,0,5.0,1,4.0,1.0,50.0,9,1,1,Two or More,MIL,1.0,9800.0,16.0,0,551010,55
3505,1,7310,26,0,5.0,1,1.0,2.0,69.0,1,1,1,White,44,1.0,4720.0,16.0,1,412010,41
3506,1,7301,18,0,5.0,1,1.0,2.0,10.0,8,2,1,Hispanic,53,6.0,9610.0,16.0,1,537061,53
3507,1,7317,20,15,1.0,2,2.0,4.0,23.0,9,2,1,Hispanic,51,6.0,3930.0,19.0,1,339030,33
3508,1,7321,31,0,5.0,1,1.0,2.0,82.0,2,1,1,Black,45,1.0,4700.0,22.0,1,411011,41
3509,1,7317,72,0,,2,6.0,4.0,,6,1,0,Asian,0,,,8.0,0,0,0
3510,1,7313,33,0,,2,6.0,4.0,,1,1,0,White,0,,,16.0,0,0,0
3511,1,7316,20,15,,2,6.0,4.0,,1,1,0,White,0,,,19.0,0,0,0
3512,1,7322,52,0,,1,6.0,4.0,,2,1,0,Black,0,,,21.0,0,0,0
3513,1,7301,22,0,5.0,1,1.0,2.0,65.0,1,1,1,White,62,1.0,2360.0,16.0,1,2530XX,25
3514,1,7321,20,0,5.0,1,4.0,1.0,50.0,1,1,1,White,MIL,1.0,7020.0,18.0,0,492020,49
3515,1,7306,89,0,,1,6.0,4.0,,8,2,0,Hispanic,0,,,11.0,0,0,0
3516,1,7321,89,0,,2,6.0,4.0,,1,1,0,White,0,,,17.0,0,0,0
3517,1,7302,66,0,,1,6.0,4.0,,1,1,0,White,0,,,1.0,0,0,0
3518,1,7307,84,0,,2,6.0,4.0,,1,1,0,White,0,,,1.0,0,0,0
3519,1,7316,20,0,1.0,1,6.0,4.0,20.0,1,1,0,White,21,5.0,6800.0,16.0,0,4750YY,47
3520,1,7315,49,0,,2,6.0,4.0,,1,1,0,White,0,,,18.0,0,0,0
3521,1,7302,39,0,6.0,1,6.0,4.0,,8,11,0,Hispanic,81,,9610.0,6.0,0,537061,53
3522,1,7314,50,0,,1,6.0,4.0,,6,1,0,Asian,0,,,11.0,0,0,0
3523,1,7310,20,0,5.0,1,4.0,1.0,50.0,1,1,1,White,MIL,1.0,5600.0,16.0,0,435061,43
3524,1,7301,59,0,1.0,1,6.0,4.0,,1,1,0,White,33,,1320.0,21.0,0,172011,17
3525,1,7321,23,0,5.0,1,4.0,1.0,80.0,1,1,1,White,MIL,1.0,9800.0,21.0,0,551010,55
3526,1,7301,73,0,,1,6.0,4.0,,2,1,0,Black,0,,,12.0,0,0,0
3527,1,7322,47,0,,1,6.0,4.0,,2,1,0,Black,0,,,16.0,0,0,0
3528,1,7301,21,0,5.0,1,4.0,1.0,50.0,9,23,1,Hispanic,MIL,1.0,7020.0,16.0,0,492020,49
3529,1,7321,24,0,5.0,2,4.0,1.0,50.0,6,1,1,Asian,MIL,1.0,7030.0,16.0,0,492091,49
3530,1,7321,21,0,5.0,1,1.0,2.0,50.0,1,1,1,White,23,1.0,6515.0,16.0,1,472181,47
3531,1,7315,19,15,,1,6.0,4.0,,1,1,0,White,0,,,19.0,0,0,0
3532,1,7303,23,0,2.0,2,1.0,4.0,40.0,1,1,1,White,81,1.0,2060.0,16.0,1,212099,21
3533,1,7310,24,0,5.0,1,4.0,1.0,55.0,1,1,1,White,MIL,1.0,7020.0,16.0,0,492020,49
3534,1,7301,24,0,5.0,2,4.0,1.0,50.0,6,1,1,Asian,MIL,1.0,7030.0,16.0,0,492091,49
3535,1,7322,37,0,1.0,1,3.0,4.0,40.0,1,1,0,White,62,4.0,420.0,19.0,1,119151,11
3536,1,7301,21,0,5.0,1,4.0,1.0,50.0,9,5,1,Hispanic,MIL,1.0,9825.0,19.0,0,553010,55
3537,1,7301,21,0,5.0,1,4.0,1.0,50.0,9,2,1,Hispanic,MIL,1.0,9645.0,16.0,0,537065,53
3538,1,7321,19,0,5.0,2,4.0,1.0,80.0,2,1,1,Black,MIL,1.0,9825.0,16.0,0,553010,55
3539,1,7315,19,15,,1,6.0,4.0,,1,1,0,White,0,,,19.0,0,0,0
3540,1,7322,21,0,,1,6.0,4.0,,2,1,0,Black,0,,,14.0,0,0,0
3541,1,7313,94,0,1.0,1,6.0,4.0,,6,1,0,Asian,42,,9130.0,21.0,0,533030,53
3542,1,7303,16,13,,1,6.0,,,8,2,0,Hispanic,0,,,13.0,0,0,0
3543,1,7312,18,0,5.0,1,4.0,1.0,30.0,6,1,1,Asian,MIL,1.0,9830.0,16.0,0,559830,55
3544,1,7301,50,0,2.0,1,1.0,2.0,20.0,1,1,1,White,62,1.0,7340.0,20.0,1,499071,49
3545,1,7310,71,0,,1,6.0,4.0,,9,2,0,Hispanic,0,,,16.0,0,0,0
3546,1,7301,25,0,5.0,1,4.0,1.0,50.0,1,1,1,White,MIL,1.0,7000.0,20.0,0,491011,49
3547,1,7315,19,15,1.0,2,6.0,4.0,15.0,6,1,0,Asian,722,6.0,4110.0,16.0,0,353031,35
3548,1,7316,83,0,,2,6.0,4.0,,1,1,0,White,0,,,16.0,0,0,0
3549,1,7316,70,0,,1,6.0,4.0,,6,1,0,Asian,0,,,1.0,0,0,0
3550,1,7310,22,0,5.0,1,4.0,1.0,50.0,1,1,1,White,MIL,1.0,7010.0,16.0,0,492011,49
3551,1,7301,20,0,5.0,1,4.0,1.0,55.0,1,1,1,White,MIL,1.0,7030.0,16.0,0,492091,49
3552,1,7310,20,15,1.0,1,6.0,4.0,30.0,1,1,0,White,44,6.0,9645.0,19.0,0,537065,53
3553,1,7306,45,0,,1,6.0,4.0,,1,1,0,White,0,,,20.0,0,0,0
3554,1,7322,39,0,,1,6.0,4.0,,3,1,0,Other,0,,,13.0,0,0,0
3555,1,7317,20,15,2.0,1,6.0,4.0,40.0,6,1,0,Asian,71,6.0,3960.0,19.0,0,33909X,33
3556,1,7320,64,0,,1,6.0,4.0,,1,1,0,White,0,,,1.0,0,0,0
3557,1,7310,19,0,5.0,1,4.0,1.0,50.0,1,1,1,White,MIL,1.0,9825.0,16.0,0,553010,55
3558,1,7316,23,0,5.0,1,4.0,1.0,50.0,1,1,1,White,MIL,1.0,9830.0,20.0,0,559830,55
3559,1,7317,18,15,,2,6.0,4.0,,1,2,0,Hispanic,0,,,18.0,0,0,0
3560,1,7322,41,0,,1,6.0,4.0,,9,2,0,Hispanic,0,,,17.0,0,0,0
3561,1,7301,24,0,5.0,1,4.0,1.0,50.0,1,1,1,White,MIL,1.0,9825.0,16.0,0,553010,55
3562,1,7317,60,0,,1,6.0,4.0,,1,1,0,White,0,,,13.0,0,0,0
3563,1,7318,18,14,,1,6.0,4.0,,9,2,0,Hispanic,0,,,14.0,0,0,0
3564,1,7301,20,0,5.0,1,4.0,1.0,50.0,1,1,1,White,MIL,1.0,1105.0,16.0,0,151244,15
3565,1,7322,56,0,,1,6.0,4.0,,2,1,0,Black,0,,,16.0,0,0,0
3566,1,7301,18,0,5.0,2,4.0,1.0,50.0,8,12,1,Hispanic,MIL,1.0,5740.0,16.0,0,436014,43
3567,1,7306,41,0,1.0,1,6.0,4.0,,1,1,0,White,33,,9630.0,19.0,0,537063,53
3568,1,7315,19,15,1.0,2,6.0,4.0,15.0,1,1,0,White,722,6.0,4110.0,19.0,0,353031,35
3569,1,7321,29,0,,1,6.0,4.0,,1,2,0,Hispanic,0,,,1.0,0,0,0
3570,1,7319,16,0,,1,6.0,,,9,2,0,Hispanic,0,,,1.0,0,0,0
3571,1,7321,21,0,5.0,1,1.0,2.0,83.0,1,1,1,White,722,1.0,4020.0,16.0,1,352010,35
3572,1,7301,33,0,5.0,1,4.0,1.0,40.0,6,1,1,Asian,MIL,1.0,7100.0,19.0,0,49209X,49
3573,1,7310,30,0,5.0,2,1.0,2.0,65.0,2,1,1,Black,51,1.0,440.0,21.0,1,1191XX,11
3574,1,7302,94,0,,2,6.0,4.0,,6,1,0,Asian,0,,,1.0,0,0,0
3575,1,7321,21,0,5.0,1,1.0,2.0,50.0,1,1,1,White,722,1.0,4020.0,16.0,1,352010,35
3576,1,7321,83,0,,2,6.0,4.0,,6,1,0,Asian,0,,,16.0,0,0,0
3577,1,7322,41,0,,1,6.0,4.0,,9,2,0,Hispanic,0,,,17.0,0,0,0
3578,1,7313,55,0,,1,6.0,4.0,,2,1,0,Black,0,,,16.0,0,0,0
3579,1,7316,22,0,5.0,1,1.0,2.0,65.0,1,1,1,White,62,1.0,2360.0,16.0,1,2530XX,25
3580,1,7303,34,0,6.0,1,6.0,4.0,40.0,8,16,0,Hispanic,23,5.0,6230.0,16.0,0,472031,47
3581,1,7314,66,0,,2,6.0,4.0,,8,2,0,Hispanic,0,,,9.0,0,0,0
3582,1,7308,59,0,,1,6.0,4.0,,1,1,0,White,0,,,19.0,0,0,0
3583,1,7301,24,0,5.0,1,4.0,1.0,50.0,1,3,1,Hispanic,MIL,1.0,7030.0,16.0,0,492091,49
3584,1,7322,40,0,,1,6.0,4.0,,2,1,0,Black,0,,,17.0,0,0,0
3585,1,7303,29,0,1.0,1,6.0,4.0,,9,2,0,Hispanic,722,,4720.0,13.0,0,412010,41
3586,1,7317,20,15,1.0,2,6.0,4.0,30.0,1,1,0,White,49,6.0,5240.0,19.0,0,434051,43
3587,1,7314,33,0,4.0,2,6.0,4.0,8.0,1,1,0,White,62,6.0,4230.0,19.0,0,372012,37
3588,1,7317,20,15,1.0,1,6.0,4.0,30.0,1,1,0,White,44,6.0,9645.0,19.0,0,537065,53
3589,1,7316,21,0,5.0,1,4.0,1.0,50.0,6,1,1,Asian,MIL,1.0,1105.0,16.0,0,151244,15
3590,1,7316,71,0,,2,6.0,4.0,,1,1,0,White,0,,,19.0,0,0,0
3591,1,7306,70,0,,1,6.0,4.0,,1,1,0,White,0,,,19.0,0,0,0
3592,1,7303,31,0,1.0,1,6.0,4.0,,9,2,0,Hispanic,44,,4760.0,16.0,0,412031,41
3593,1,7321,87,0,1.0,1,6.0,4.0,,8,2,0,Hispanic,23,,6260.0,11.0,0,472061,47
3594,1,7310,19,0,5.0,1,4.0,1.0,50.0,1,1,1,White,MIL,1.0,7020.0,16.0,0,492020,49
3595,1,7310,20,0,5.0,1,4.0,1.0,55.0,1,1,1,White,MIL,1.0,9040.0,16.0,0,532020,53
3596,1,7312,33,0,5.0,1,4.0,1.0,40.0,6,1,1,Asian,MIL,1.0,7100.0,19.0,0,49209X,49
3597,1,7322,28,0,1.0,1,6.0,4.0,,9,2,0,Hispanic,42,,9600.0,13.0,0,537051,53
3598,1,7301,20,0,5.0,1,4.0,1.0,40.0,1,1,1,White,MIL,1.0,9825.0,19.0,0,553010,55
3599,1,7301,20,0,5.0,1,4.0,1.0,50.0,1,1,1,White,MIL,1.0,6230.0,16.0,0,472031,47
3600,1,7321,21,0,5.0,1,4.0,1.0,50.0,1,1,1,White,MIL,1.0,9825.0,16.0,0,553010,55
3601,1,7321,26,0,5.0,1,1.0,2.0,65.0,6,1,1,Asian,56,1.0,4220.0,18.0,1,37201X,37
3602,1,7306,34,0,6.0,1,6.0,4.0,40.0,8,16,0,Hispanic,23,5.0,6230.0,16.0,0,472031,47
3603,1,7312,64,0,,1,6.0,4.0,,1,1,0,White,0,,,1.0,0,0,0
3604,1,7321,24,0,5.0,1,4.0,1.0,55.0,1,1,1,White,MIL,1.0,7020.0,16.0,0,492020,49
3605,1,7310,52,0,,2,6.0,4.0,,1,1,0,White,0,,,16.0,0,0,0
3606,1,7312,43,0,,2,6.0,4.0,,8,2,0,Hispanic,0,,,13.0,0,0,0
3607,1,7310,52,0,,2,6.0,4.0,,1,1,0,White,0,,,16.0,0,0,0
3608,1,7301,55,0,,2,6.0,2.0,,2,1,0,Black,0,,,16.0,0,0,0
3609,1,7310,20,0,5.0,1,4.0,1.0,40.0,1,1,1,White,MIL,1.0,9825.0,19.0,0,553010,55
3610,1,7321,28,0,5.0,1,4.0,1.0,40.0,9,2,1,Hispanic,MIL,1.0,9030.0,21.0,0,532010,53
3611,1,7309,90,0,,1,6.0,4.0,,6,1,0,Asian,0,,,22.0,0,0,0
3612,1,7316,44,0,1.0,2,2.0,4.0,25.0,3,7,1,Hispanic,56,4.0,4230.0,9.0,1,372012,37
3613,1,7316,30,0,5.0,2,1.0,2.0,65.0,2,1,1,Black,51,1.0,440.0,21.0,1,1191XX,11
3614,1,7312,24,0,5.0,1,1.0,2.0,50.0,1,1,1,White,722,1.0,4220.0,19.0,1,37201X,37
3615,1,7309,78,0,,2,6.0,4.0,,1,1,0,White,0,,,16.0,0,0,0
3616,1,7309,54,0,,1,6.0,4.0,,1,1,0,White,0,,,19.0,0,0,0
3617,1,7318,20,0,5.0,1,4.0,1.0,55.0,1,1,1,White,MIL,1.0,7030.0,16.0,0,492091,49
3618,1,7309,23,0,,1,6.0,4.0,,9,2,0,Hispanic,0,,,16.0,0,0,0
3619,1,7319,75,0,,1,6.0,4.0,,9,7,0,Hispanic,0,,,9.0,0,0,0
3620,1,7310,18,0,5.0,1,1.0,4.0,20.0,2,1,1,Black,722,6.0,4020.0,17.0,1,352010,35
3621,1,7315,20,15,1.0,2,1.0,4.0,15.0,1,2,1,Hispanic,71,5.0,4435.0,19.0,1,3930XX,39
3622,1,7301,27,0,5.0,1,4.0,1.0,50.0,9,1,1,Two or More,MIL,1.0,7430.0,16.0,0,499060,49
3623,1,7320,94,0,1.0,1,6.0,4.0,,6,1,0,Asian,42,,9130.0,21.0,0,533030,53
3624,1,7315,19,15,3.0,2,6.0,4.0,8.0,6,1,0,Asian,45,6.0,8990.0,19.0,0,5191XX,51
3625,1,7301,19,0,5.0,1,4.0,1.0,50.0,1,1,1,White,MIL,1.0,6230.0,16.0,0,472031,47
3626,1,7322,35,0,,1,6.0,4.0,,1,1,0,White,0,,,17.0,0,0,0
3627,1,7316,20,0,5.0,1,4.0,1.0,55.0,8,2,1,Hispanic,MIL,1.0,6230.0,16.0,0,472031,47
3628,1,7319,39,0,,1,6.0,4.0,,1,1,0,White,0,,,19.0,0,0,0
3629,1,7321,19,0,5.0,1,4.0,1.0,40.0,1,1,1,White,MIL,1.0,9830.0,16.0,0,559830,55
3630,1,7316,19,0,5.0,1,4.0,1.0,40.0,1,1,1,White,MIL,1.0,9830.0,16.0,0,559830,55
3631,1,7301,28,0,5.0,1,4.0,1.0,40.0,2,1,1,Black,MIL,1.0,9830.0,19.0,0,559830,55
3632,1,7318,94,0,,2,6.0,4.0,,2,1,0,Black,0,,,16.0,0,0,0
3633,1,7313,33,0,1.0,2,6.0,4.0,40.0,1,1,0,White,44,6.0,6120.0,16.0,0,454011,45
3634,1,7317,19,15,,2,6.0,4.0,,1,1,0,White,0,,,19.0,0,0,0
3635,1,7319,34,0,,2,6.0,4.0,,8,24,0,Hispanic,0,,,15.0,0,0,0
3636,1,7317,52,0,1.0,1,1.0,4.0,30.0,1,1,1,White,62,1.0,5860.0,16.0,1,439061,43
3637,1,7322,85,15,,2,6.0,4.0,,6,1,0,Asian,0,,,16.0,0,0,0
3638,1,7317,20,15,6.0,2,6.0,4.0,40.0,7,1,0,Other,722,6.0,4055.0,19.0,0,353023,35
3639,1,7322,37,0,1.0,1,1.0,4.0,30.0,1,1,1,White,56,3.0,4251.0,19.0,1,373011,37
3640,1,7307,17,13,,1,6.0,4.0,,8,2,0,Hispanic,0,,,13.0,0,0,0
3641,1,7322,41,0,,1,6.0,4.0,,2,1,0,Black,0,,,14.0,0,0,0
3642,1,7310,19,15,,2,6.0,4.0,,1,1,0,White,0,,,19.0,0,0,0
3643,1,7301,19,0,5.0,1,4.0,1.0,50.0,1,23,1,Hispanic,MIL,1.0,7020.0,16.0,0,492020,49
3644,1,7316,30,0,5.0,1,4.0,1.0,50.0,1,1,1,White,MIL,1.0,7100.0,16.0,0,49209X,49
3645,1,7301,19,0,5.0,1,4.0,1.0,50.0,1,1,1,White,MIL,1.0,9825.0,16.0,0,553010,55
3646,1,7313,54,0,1.0,1,1.0,4.0,40.0,6,1,1,Asian,62,1.0,3602.0,19.0,1,311122,31
3647,1,7302,37,0,,2,6.0,4.0,,1,1,0,White,0,,,9.0,0,0,0
3648,1,7310,21,0,5.0,2,4.0,1.0,50.0,1,1,1,White,MIL,1.0,1108.0,16.0,0,151299,15
3649,1,7301,22,0,5.0,1,4.0,1.0,50.0,1,1,1,White,MIL,1.0,7010.0,16.0,0,492011,49
3650,1,7321,29,0,1.0,1,3.0,4.0,50.0,7,1,0,Other,22,2.0,7410.0,17.0,1,499051,49
3651,1,7317,79,0,,2,6.0,4.0,,6,1,0,Asian,0,,,21.0,0,0,0
3652,1,7310,77,0,2.0,1,6.0,4.0,,1,1,0,White,81,,2040.0,21.0,0,212011,21
3653,1,7316,22,0,5.0,1,1.0,2.0,50.0,1,1,1,White,23,1.0,6515.0,16.0,1,472181,47
3654,1,7310,31,0,5.0,1,4.0,1.0,60.0,1,1,1,White,MIL,1.0,160.0,21.0,0,113071,11
3655,1,7310,94,0,,2,6.0,4.0,,1,1,0,White,0,,,16.0,0,0,0
3656,1,7317,19,15,3.0,1,6.0,4.0,19.0,1,2,0,Hispanic,44,6.0,9620.0,19.0,0,537062,53
3657,1,7316,20,0,5.0,1,4.0,1.0,50.0,1,1,1,White,MIL,1.0,5600.0,16.0,0,435061,43
3658,1,7315,81,0,,2,6.0,4.0,,1,2,0,Hispanic,0,,,12.0,0,0,0
3659,1,7301,23,0,5.0,1,4.0,1.0,75.0,1,1,1,White,MIL,1.0,3740.0,16.0,0,332011,33
3660,1,7310,20,0,5.0,1,4.0,1.0,55.0,1,1,1,White,MIL,1.0,7030.0,16.0,0,492091,49
3661,1,7303,69,0,,1,6.0,4.0,,1,1,0,White,0,,,21.0,0,0,0
3662,1,7315,19,15,1.0,2,6.0,4.0,15.0,6,1,0,Asian,722,6.0,4110.0,16.0,0,353031,35
3663,1,7310,39,0,2.0,2,1.0,4.0,26.0,6,1,1,Asian,81,1.0,5740.0,21.0,1,436014,43
3664,1,7314,72,0,,2,6.0,4.0,,1,1,0,White,0,,,16.0,0,0,0
3665,1,7313,94,0,,1,6.0,4.0,,1,1,0,White,0,,,21.0,0,0,0
3666,1,7301,21,0,5.0,1,4.0,1.0,50.0,1,1,1,White,MIL,1.0,7140.0,19.0,0,493011,49
3667,1,7310,21,15,2.0,2,1.0,4.0,20.0,9,1,1,Two or More,62,6.0,3603.0,19.0,1,311131,31
3668,1,7310,19,15,,2,6.0,4.0,,1,1,0,White,0,,,19.0,0,0,0
3669,1,7318,17,15,,1,6.0,4.0,,9,1,0,Two or More,0,,,18.0,0,0,0
3670,1,7308,80,0,,1,6.0,4.0,,2,1,0,Black,0,,,19.0,0,0,0
3671,1,7322,94,0,,2,6.0,4.0,,1,1,0,White,0,,,21.0,0,0,0
3672,1,7317,20,15,,2,6.0,4.0,,1,1,0,White,0,,,19.0,0,0,0
3673,1,7322,52,0,,1,6.0,4.0,,2,1,0,Black,0,,,21.0,0,0,0
3674,1,7301,24,0,5.0,1,4.0,1.0,50.0,1,1,1,White,MIL,1.0,7140.0,16.0,0,493011,49
3675,1,7316,69,0,,1,6.0,2.0,,8,2,0,Hispanic,0,,,16.0,0,0,0
3676,1,7317,18,15,,1,6.0,4.0,,1,1,0,White,0,,,18.0,0,0,0
3677,1,7309,71,0,1.0,1,1.0,4.0,32.0,1,1,1,White,62,1.0,3602.0,16.0,1,311122,31
3678,1,7322,39,0,,1,6.0,4.0,,1,1,0,White,0,,,14.0,0,0,0
3679,1,7319,36,0,1.0,1,6.0,4.0,,9,2,0,Hispanic,722,,4140.0,12.0,0,359021,35
3680,1,7321,35,0,5.0,1,1.0,2.0,99.0,1,2,1,Hispanic,56,1.0,4251.0,19.0,1,373011,37
3681,1,7322,18,14,,1,6.0,4.0,,1,1,0,White,0,,,14.0,0,0,0
3682,1,7301,18,0,5.0,1,1.0,2.0,10.0,8,2,1,Hispanic,53,6.0,9610.0,16.0,1,537061,53
3683,1,7306,61,0,,1,6.0,4.0,,2,1,0,Black,0,,,19.0,0,0,0
3684,1,7316,21,0,5.0,1,4.0,1.0,60.0,1,1,1,White,MIL,1.0,1555.0,16.0,0,17302X,17
3685,1,7312,22,0,5.0,1,1.0,2.0,50.0,2,1,1,Black,722,1.0,4020.0,16.0,1,352010,35
3686,1,7301,20,0,5.0,1,4.0,1.0,50.0,1,1,1,White,MIL,1.0,7210.0,16.0,0,493031,49
3687,1,7315,54,0,,1,6.0,4.0,,8,2,0,Hispanic,0,,,12.0,0,0,0
3688,1,7301,22,0,5.0,1,1.0,2.0,50.0,1,1,1,White,23,1.0,6515.0,16.0,1,472181,47
3689,1,7312,21,0,5.0,1,4.0,1.0,50.0,6,1,1,Asian,MIL,1.0,1105.0,16.0,0,151244,15
3690,1,7308,69,0,,1,6.0,4.0,,1,1,0,White,0,,,21.0,0,0,0
3691,1,7301,20,0,5.0,1,4.0,1.0,50.0,1,1,1,White,MIL,1.0,5600.0,16.0,0,435061,43
3692,1,7301,18,0,5.0,2,4.0,1.0,50.0,8,12,1,Hispanic,MIL,1.0,5740.0,16.0,0,436014,43
3693,1,7301,24,0,5.0,1,4.0,1.0,50.0,1,1,1,White,MIL,1.0,7340.0,16.0,0,499071,49
3694,1,7310,58,0,1.0,1,3.0,4.0,,2,1,0,Black,62,,3601.0,16.0,1,311121,31
3695,1,7319,71,0,,1,6.0,4.0,,9,2,0,Hispanic,0,,,16.0,0,0,0
3696,1,7318,94,0,,2,6.0,4.0,,6,1,0,Asian,0,,,16.0,0,0,0
3697,1,7316,44,0,1.0,1,1.0,4.0,10.0,6,1,1,Asian,722,1.0,3930.0,13.0,1,339030,33
3698,1,7310,21,15,2.0,1,6.0,4.0,40.0,1,1,0,White,71,6.0,3960.0,19.0,0,33909X,33
3699,1,7322,30,0,,1,6.0,4.0,,1,24,0,Hispanic,0,,,20.0,0,0,0
3700,1,7315,73,0,,2,6.0,4.0,,1,1,0,White,0,,,16.0,0,0,0
3701,1,7312,21,0,5.0,1,4.0,1.0,50.0,1,1,1,White,MIL,1.0,7210.0,16.0,0,493031,49
3702,1,7320,36,0,1.0,1,1.0,2.0,85.0,1,1,1,White,21,1.0,8650.0,19.0,1,519020,51
3703,1,7303,94,0,,2,6.0,4.0,,1,1,0,White,0,,,16.0,0,0,0
3704,1,7315,20,15,1.0,1,6.0,4.0,30.0,1,1,0,White,44,6.0,9645.0,19.0,0,537065,53
3705,1,7322,35,0,,1,6.0,4.0,,9,2,0,Hispanic,0,,,17.0,0,0,0
3706,1,7310,19,15,,2,6.0,4.0,,1,1,0,White,0,,,19.0,0,0,0
3707,1,7321,36,0,5.0,1,4.0,1.0,60.0,1,1,1,White,MIL,1.0,7100.0,19.0,0,49209X,49
3708,1,7305,55,0,,1,6.0,4.0,,1,1,0,White,0,,,16.0,0,0,0
3709,1,7301,20,0,5.0,1,4.0,1.0,50.0,1,1,1,White,MIL,1.0,7020.0,18.0,0,492020,49
3710,1,7310,18,0,5.0,1,4.0,1.0,8.0,1,1,1,White,MIL,1.0,9830.0,16.0,0,559830,55
3711,1,7316,29,0,5.0,1,4.0,1.0,50.0,9,1,1,Two or More,MIL,1.0,9825.0,19.0,0,553010,55
3712,1,7315,20,15,,1,6.0,4.0,,1,1,0,White,0,,,19.0,0,0,0
3713,1,7308,94,0,1.0,1,6.0,4.0,,6,1,0,Asian,42,,9130.0,21.0,0,533030,53
3714,1,7321,94,0,,2,6.0,4.0,,1,1,0,White,0,,,12.0,0,0,0
3715,1,7319,18,0,,1,6.0,4.0,,9,2,0,Hispanic,0,,,16.0,0,0,0
3716,1,7310,60,0,,2,6.0,4.0,,9,2,0,Hispanic,0,,,13.0,0,0,0
3717,1,7318,26,0,5.0,2,4.0,1.0,40.0,6,1,1,Asian,MIL,1.0,9830.0,21.0,0,559830,55
3718,1,7321,21,0,5.0,1,1.0,2.0,50.0,1,1,1,White,722,1.0,4020.0,16.0,1,352010,35
3719,1,7304,82,0,,1,6.0,4.0,,8,2,0,Hispanic,0,,,6.0,0,0,0
3720,1,7317,20,15,1.0,2,1.0,4.0,10.0,1,2,1,Hispanic,61,6.0,1050.0,19.0,1,151230,15
3721,1,7310,18,0,5.0,1,1.0,4.0,20.0,2,1,1,Black,722,6.0,4020.0,17.0,1,352010,35
3722,1,7313,88,0,,1,6.0,4.0,,1,1,0,White,0,,,18.0,0,0,0
3723,1,7314,55,0,1.0,1,2.0,4.0,40.0,9,1,1,Two or More,48,5.0,9142.0,18.0,1,533054,53
3724,1,7322,94,0,,2,6.0,4.0,,1,1,0,White,0,,,16.0,0,0,0
3725,1,7311,55,0,,2,6.0,4.0,,1,1,0,White,0,,,19.0,0,0,0
3726,1,7319,56,0,1.0,1,6.0,4.0,40.0,1,1,0,White,44,3.0,9645.0,16.0,0,537065,53
3727,1,7316,16,15,,1,6.0,,,9,2,0,Hispanic,0,,,16.0,0,0,0
3728,1,7317,43,0,,1,6.0,4.0,,1,1,0,White,0,,,16.0,0,0,0
3729,1,7310,18,15,,1,6.0,4.0,,1,1,0,White,0,,,18.0,0,0,0
3730,1,7305,19,15,1.0,1,1.0,4.0,30.0,1,1,1,White,53,1.0,410.0,16.0,1,119141,11
3731,1,7316,18,0,,1,6.0,4.0,,1,1,0,White,0,,,16.0,0,0,0
3732,1,7320,65,0,4.0,2,6.0,4.0,40.0,1,1,0,White,62,1.0,7750.0,19.0,0,5120XX,51
3733,1,7322,40,0,,1,6.0,4.0,,1,1,0,White,0,,,20.0,0,0,0
3734,1,7301,20,0,5.0,1,1.0,2.0,50.0,1,2,1,Hispanic,23,1.0,6515.0,16.0,1,472181,47
3735,1,7313,61,0,,2,6.0,4.0,,1,1,0,White,0,,,16.0,0,0,0
3736,1,7316,80,0,,1,6.0,4.0,,6,1,0,Asian,0,,,1.0,0,0,0
3737,1,7312,76,0,,2,6.0,4.0,,9,2,0,Hispanic,0,,,11.0,0,0,0
3738,1,7310,19,0,5.0,1,4.0,1.0,50.0,1,1,1,White,MIL,1.0,6230.0,16.0,0,472031,47
3739,1,7305,19,15,3.0,2,6.0,4.0,8.0,6,1,0,Asian,45,6.0,8990.0,19.0,0,5191XX,51
3740,1,7316,23,0,5.0,1,4.0,1.0,75.0,1,1,1,White,MIL,1.0,3740.0,16.0,0,332011,33
3741,1,7313,30,0,,2,6.0,4.0,,1,11,0,Hispanic,0,,,16.0,0,0,0
3742,1,7313,41,0,2.0,2,6.0,4.0,40.0,8,24,0,Hispanic,81,5.0,750.0,17.0,0,131199,13
3743,1,7303,59,0,1.0,1,6.0,2.0,,1,1,0,White,23,,6260.0,20.0,0,472061,47
3744,1,7317,35,0,4.0,1,1.0,4.0,40.0,1,1,1,White,61,1.0,440.0,21.0,1,1191XX,11
3745,1,7313,43,0,,1,6.0,4.0,,1,1,0,White,0,,,16.0,0,0,0
3746,1,7317,20,15,,2,6.0,4.0,,1,1,0,White,0,,,18.0,0,0,0
3747,1,7318,34,0,6.0,1,6.0,4.0,40.0,8,16,0,Hispanic,23,5.0,6230.0,16.0,0,472031,47
3748,1,7316,69,0,,2,6.0,4.0,,1,1,0,White,0,,,20.0,0,0,0
3749,1,7309,65,0,,1,6.0,4.0,,1,1,0,White,0,,,16.0,0,0,0
3750,1,7320,94,0,,2,6.0,4.0,,1,1,0,White,0,,,1.0,0,0,0
3751,1,7301,23,0,5.0,1,4.0,1.0,50.0,1,1,1,White,MIL,1.0,9830.0,20.0,0,559830,55
3752,1,7303,81,0,,2,6.0,4.0,,1,1,0,White,0,,,16.0,0,0,0
3753,1,7321,35,0,5.0,1,1.0,2.0,99.0,1,2,1,Hispanic,56,1.0,4251.0,19.0,1,373011,37
3754,1,7310,20,15,6.0,2,6.0,4.0,40.0,1,1,0,White,722,6.0,4055.0,19.0,0,353023,35
3755,1,7322,51,0,,1,6.0,4.0,,2,1,0,Black,0,,,1.0,0,0,0
3756,1,7301,20,0,5.0,1,4.0,1.0,50.0,1,1,1,White,MIL,1.0,5600.0,16.0,0,435061,43
3757,1,7310,20,0,5.0,1,4.0,1.0,70.0,1,5,1,Hispanic,MIL,1.0,7000.0,16.0,0,491011,49
3758,1,7308,79,0,1.0,2,6.0,4.0,,1,1,0,White,44,,4720.0,19.0,0,412010,41
3759,1,7321,20,0,,1,6.0,4.0,,1,24,0,Hispanic,0,,,13.0,0,0,0
3760,1,7317,19,15,1.0,1,6.0,4.0,25.0,1,1,0,White,54,6.0,5860.0,19.0,0,439061,43
3761,1,7301,87,0,,2,6.0,4.0,,6,1,0,Asian,0,,,1.0,0,0,0
3762,1,7312,28,0,5.0,1,4.0,1.0,40.0,9,2,1,Hispanic,MIL,1.0,9030.0,21.0,0,532010,53
3763,1,7317,19,15,,2,6.0,4.0,,9,1,0,Two or More,0,,,19.0,0,0,0
3764,1,7322,21,0,,2,6.0,4.0,,9,2,0,Hispanic,0,,,16.0,0,0,0
3765,1,7319,40,0,,1,6.0,4.0,,1,1,0,White,0,,,17.0,0,0,0
3766,1,7316,33,0,5.0,1,4.0,1.0,40.0,6,1,1,Asian,MIL,1.0,7100.0,19.0,0,49209X,49
3767,1,7301,25,0,5.0,1,4.0,1.0,50.0,1,1,1,White,MIL,1.0,7000.0,20.0,0,491011,49
3768,1,7321,35,0,5.0,1,4.0,1.0,68.0,9,1,1,Two or More,MIL,1.0,9810.0,18.0,0,552010,55
3769,1,7319,26,0,,1,6.0,4.0,,9,2,0,Hispanic,0,,,14.0,0,0,0
3770,1,7301,20,0,5.0,1,4.0,1.0,50.0,1,1,1,White,MIL,1.0,9825.0,16.0,0,553010,55
3771,1,7301,37,0,1.0,1,1.0,4.0,30.0,1,1,1,White,62,1.0,5860.0,12.0,1,439061,43
3772,1,7301,20,0,5.0,1,4.0,1.0,50.0,1,1,1,White,MIL,1.0,9825.0,16.0,0,553010,55
3773,1,7301,21,0,5.0,1,4.0,1.0,50.0,1,1,1,White,MIL,1.0,9825.0,16.0,0,553010,55
3774,1,7316,18,0,5.0,1,5.0,1.0,99.0,6,1,1,Asian,MIL,1.0,9830.0,16.0,0,559830,55
3775,1,7314,42,0,,1,6.0,4.0,,8,2,0,Hispanic,0,,,9.0,0,0,0
3776,1,7316,31,0,5.0,1,4.0,1.0,60.0,1,1,1,White,MIL,1.0,160.0,21.0,0,113071,11
3777,1,7315,50,0,,1,6.0,4.0,,1,1,0,White,0,,,16.0,0,0,0
3778,1,7305,69,0,,2,6.0,4.0,,1,1,0,White,0,,,19.0,0,0,0
3779,1,7301,19,0,5.0,1,4.0,1.0,50.0,1,1,1,White,MIL,1.0,7220.0,16.0,0,493040,49
3780,1,7301,21,0,5.0,1,1.0,2.0,50.0,1,1,1,White,23,1.0,6515.0,16.0,1,472181,47
3781,1,7303,87,0,,2,6.0,4.0,,6,1,0,Asian,0,,,14.0,0,0,0
3782,1,7319,23,0,,1,6.0,4.0,,9,2,0,Hispanic,0,,,16.0,0,0,0
3783,1,7321,36,0,5.0,1,4.0,1.0,60.0,1,1,1,White,MIL,1.0,7100.0,19.0,0,49209X,49
3784,1,7306,59,0,,1,6.0,3.0,,1,1,0,White,0,,,20.0,0,0,0
3785,1,7303,56,0,1.0,1,6.0,4.0,40.0,1,1,0,White,44,3.0,9645.0,16.0,0,537065,53
3786,1,7316,94,0,,2,6.0,4.0,,1,1,0,White,0,,,18.0,0,0,0
3787,1,7306,66,0,,1,6.0,4.0,,2,1,0,Black,0,,,1.0,0,0,0
3788,1,7316,21,0,5.0,1,4.0,1.0,50.0,1,1,1,White,MIL,1.0,9825.0,16.0,0,553010,55
3789,1,7310,19,0,5.0,1,4.0,1.0,50.0,1,1,1,White,MIL,1.0,7020.0,16.0,0,492020,49
3790,1,7320,55,0,,1,6.0,4.0,,8,2,0,Hispanic,0,,,19.0,0,0,0
3791,1,7302,61,0,2.0,2,1.0,4.0,60.0,1,1,1,White,81,1.0,4850.0,21.0,1,414010,41
3792,1,7301,22,0,5.0,1,1.0,2.0,50.0,1,1,1,White,23,1.0,6515.0,16.0,1,472181,47
3793,1,7301,21,0,5.0,1,4.0,1.0,50.0,2,1,1,Black,MIL,1.0,9040.0,16.0,0,532020,53
3794,1,7301,24,0,5.0,1,4.0,1.0,50.0,1,1,1,White,MIL,1.0,7140.0,16.0,0,493011,49
3795,1,7307,62,0,1.0,2,1.0,4.0,48.0,6,1,1,Asian,62,1.0,440.0,16.0,1,1191XX,11
3796,1,7310,19,0,5.0,1,4.0,1.0,50.0,2,1,1,Black,MIL,1.0,7020.0,16.0,0,492020,49
3797,1,7317,20,15,6.0,2,6.0,4.0,40.0,7,1,0,Other,722,6.0,4055.0,19.0,0,353023,35
3798,1,7305,21,15,2.0,2,1.0,4.0,6.0,1,1,1,White,61,6.0,5400.0,19.0,1,434171,43
3799,1,7303,18,15,1.0,2,6.0,4.0,,1,1,0,White,61,,4130.0,18.0,0,359011,35
3800,1,7321,19,0,5.0,1,4.0,1.0,40.0,1,1,1,White,MIL,1.0,9830.0,16.0,0,559830,55
3801,1,7322,49,0,,1,6.0,4.0,,1,24,0,Hispanic,0,,,17.0,0,0,0
3802,1,7310,30,0,5.0,1,1.0,2.0,40.0,7,1,1,Other,54,1.0,4840.0,19.0,1,413091,41
3803,1,7322,46,0,,1,6.0,4.0,,9,2,0,Hispanic,0,,,13.0,0,0,0
3804,1,7301,27,0,5.0,1,4.0,1.0,50.0,9,1,1,Two or More,MIL,1.0,7430.0,16.0,0,499060,49
3805,1,7321,41,0,,1,6.0,4.0,,2,1,0,Black,0,,,17.0,0,0,0
3806,1,7316,36,0,5.0,1,4.0,1.0,60.0,1,1,1,White,MIL,1.0,7100.0,19.0,0,49209X,49
3807,1,7321,35,0,5.0,1,1.0,2.0,99.0,1,2,1,Hispanic,56,1.0,4251.0,19.0,1,373011,37
3808,1,7322,39,0,,1,6.0,4.0,,2,1,0,Black,0,,,12.0,0,0,0
3809,1,7322,48,0,,1,6.0,4.0,,1,1,0,White,0,,,16.0,0,0,0
3810,1,7322,41,0,,1,6.0,4.0,,3,1,0,Other,0,,,14.0,0,0,0
3811,1,7316,49,0,1.0,1,6.0,4.0,50.0,8,2,0,Hispanic,81,3.0,8450.0,17.0,0,516093,51
3812,1,7315,18,15,,2,6.0,4.0,,1,1,0,White,0,,,18.0,0,0,0
3813,1,7319,23,0,,1,6.0,4.0,,9,2,0,Hispanic,0,,,16.0,0,0,0
3814,1,7319,64,0,,1,6.0,4.0,,1,1,0,White,0,,,16.0,0,0,0
3815,1,7319,47,0,2.0,1,1.0,4.0,40.0,2,1,1,Black,62,1.0,6200.0,14.0,1,471011,47
3816,1,7319,40,0,,1,6.0,4.0,,1,1,0,White,0,,,14.0,0,0,0
3817,1,7316,29,0,,1,6.0,4.0,,1,1,0,White,0,,,18.0,0,0,0
3818,1,7303,16,14,,1,6.0,,,1,1,0,White,0,,,14.0,0,0,0
3819,1,7322,50,0,,1,6.0,4.0,,1,24,0,Hispanic,0,,,18.0,0,0,0
3820,1,7317,20,15,,2,6.0,4.0,,1,1,0,White,0,,,18.0,0,0,0
3821,1,7322,27,0,1.0,1,6.0,4.0,,1,1,0,White,722,,4140.0,18.0,0,359021,35
3822,1,7316,49,0,,1,6.0,4.0,,1,24,0,Hispanic,0,,,17.0,0,0,0
3823,1,7313,69,0,,2,6.0,4.0,,1,1,0,White,0,,,21.0,0,0,0
3824,1,7310,20,0,5.0,1,4.0,1.0,55.0,1,1,1,White,MIL,1.0,9825.0,16.0,0,553010,55
3825,1,7322,50,0,,1,6.0,4.0,,2,1,0,Black,0,,,20.0,0,0,0
3826,1,7321,20,0,5.0,1,4.0,1.0,50.0,1,1,1,White,MIL,1.0,9825.0,16.0,0,553010,55
3827,1,7319,63,0,,1,6.0,4.0,,9,2,0,Hispanic,0,,,21.0,0,0,0
3828,1,7301,18,0,5.0,1,5.0,1.0,99.0,6,1,1,Asian,MIL,1.0,9830.0,16.0,0,559830,55
3829,1,7317,19,15,,2,6.0,4.0,,1,1,0,White,0,,,18.0,0,0,0
3830,1,7320,41,0,,1,6.0,4.0,,3,2,0,Hispanic,0,,,13.0,0,0,0
3831,1,7310,23,0,5.0,1,4.0,1.0,80.0,1,1,1,White,MIL,1.0,9800.0,21.0,0,551010,55
3832,1,7306,20,0,1.0,1,6.0,4.0,20.0,1,1,0,White,21,5.0,6800.0,16.0,0,4750YY,47
3833,1,7302,67,0,,1,6.0,4.0,,1,1,0,White,0,,,9.0,0,0,0
3834,1,7322,27,0,,1,6.0,4.0,,9,2,0,Hispanic,0,,,19.0,0,0,0
3835,1,7301,19,0,5.0,1,4.0,1.0,40.0,1,1,1,White,MIL,1.0,9830.0,16.0,0,559830,55
3836,1,7313,84,0,,1,6.0,4.0,,9,2,0,Hispanic,0,,,1.0,0,0,0
3837,1,7315,20,15,,2,6.0,4.0,,9,21,0,Hispanic,0,,,19.0,0,0,0
3838,1,7310,16,13,,1,6.0,,,3,24,0,Hispanic,0,,,13.0,0,0,0
3839,1,7315,18,15,1.0,2,6.0,4.0,,1,1,0,White,61,,4130.0,18.0,0,359011,35
3840,1,7316,20,0,5.0,1,4.0,1.0,40.0,1,1,1,White,MIL,1.0,9825.0,19.0,0,553010,55
3841,1,7316,50,0,,1,6.0,4.0,,9,1,0,Two or More,0,,,19.0,0,0,0
3842,1,7302,17,13,,1,6.0,4.0,,9,2,0,Hispanic,0,,,13.0,0,0,0
3843,1,7322,41,0,,1,6.0,4.0,,9,2,0,Hispanic,0,,,17.0,0,0,0
3844,1,7314,16,13,,1,6.0,,,9,2,0,Hispanic,0,,,13.0,0,0,0
3845,1,7312,21,0,5.0,1,1.0,2.0,50.0,9,1,1,Two or More,62,1.0,2360.0,16.0,1,2530XX,25
3846,1,7316,38,0,,1,6.0,4.0,,1,1,0,White,0,,,16.0,0,0,0
3847,1,7304,52,0,2.0,1,6.0,4.0,40.0,1,1,0,White,45,6.0,4220.0,17.0,0,37201X,37
3848,1,7312,27,0,5.0,1,4.0,1.0,50.0,1,1,1,White,MIL,1.0,9825.0,16.0,0,553010,55
3849,1,7309,84,0,,2,6.0,4.0,,9,2,0,Hispanic,0,,,16.0,0,0,0
3850,1,7316,51,0,,1,6.0,4.0,,1,1,0,White,0,,,16.0,0,0,0
3851,1,7317,21,15,2.0,2,1.0,4.0,6.0,1,2,1,Hispanic,61,6.0,5400.0,19.0,1,434171,43
3852,1,7317,19,15,3.0,2,6.0,4.0,8.0,6,1,0,Asian,45,6.0,8990.0,19.0,0,5191XX,51
3853,1,7321,26,0,5.0,1,1.0,2.0,65.0,6,1,1,Asian,56,1.0,4220.0,18.0,1,37201X,37
3854,1,7317,19,0,1.0,2,6.0,4.0,,1,1,0,White,23,,6360.0,16.0,0,472121,47
3855,1,7301,20,0,5.0,1,4.0,1.0,55.0,1,1,1,White,MIL,1.0,9825.0,16.0,0,553010,55
3856,1,7301,22,0,5.0,1,4.0,1.0,50.0,1,1,1,White,MIL,1.0,9825.0,16.0,0,553010,55
3857,1,7322,68,0,,1,6.0,4.0,,2,1,0,Black,0,,,17.0,0,0,0
3858,1,7321,31,0,5.0,1,4.0,1.0,60.0,1,1,1,White,MIL,1.0,160.0,21.0,0,113071,11
3859,1,7301,24,0,5.0,1,4.0,1.0,50.0,1,3,1,Hispanic,MIL,1.0,7030.0,16.0,0,492091,49
3860,1,7319,39,0,,1,6.0,4.0,,1,1,0,White,0,,,19.0,0,0,0
3861,1,7313,38,0,,2,6.0,4.0,,8,24,0,Hispanic,0,,,11.0,0,0,0
3862,1,7319,16,14,,1,6.0,,,1,1,0,White,0,,,14.0,0,0,0
3863,1,7313,35,0,,2,6.0,4.0,,1,1,0,White,0,,,16.0,0,0,0
3864,1,7301,21,0,5.0,1,4.0,1.0,50.0,6,1,1,Asian,MIL,1.0,1105.0,16.0,0,151244,15
3865,1,7301,21,0,5.0,1,4.0,1.0,50.0,2,1,1,Black,MIL,1.0,9830.0,16.0,0,559830,55
3866,1,7321,21,0,5.0,1,1.0,2.0,45.0,1,1,1,White,722,1.0,4020.0,16.0,1,352010,35
3867,1,7312,63,0,,2,6.0,4.0,,2,1,0,Black,0,,,18.0,0,0,0
3868,1,7312,89,0,,2,6.0,4.0,,1,1,0,White,0,,,22.0,0,0,0
3869,1,7308,57,0,,1,6.0,4.0,,1,1,0,White,0,,,16.0,0,0,0
3870,1,7321,33,0,5.0,1,1.0,2.0,82.0,1,1,1,White,62,1.0,3602.0,22.0,1,311122,31
3871,1,7310,21,15,1.0,2,6.0,4.0,35.0,1,1,0,White,44,6.0,2360.0,19.0,0,2530XX,25
3872,1,7322,19,15,,2,6.0,4.0,,9,2,0,Hispanic,0,,,16.0,0,0,0
3873,1,7319,31,0,1.0,1,6.0,4.0,40.0,9,2,0,Hispanic,23,3.0,6330.0,13.0,0,472080,47
3874,1,7319,29,0,,1,6.0,4.0,,2,1,0,Black,0,,,16.0,0,0,0
3875,1,7319,43,0,,1,6.0,4.0,,9,2,0,Hispanic,0,,,14.0,0,0,0
3876,1,7305,94,0,,2,6.0,4.0,,1,1,0,White,0,,,11.0,0,0,0
3877,1,7315,19,15,1.0,2,6.0,4.0,15.0,6,1,0,Asian,722,6.0,4110.0,16.0,0,353031,35
3878,1,7319,30,0,,1,6.0,4.0,,1,24,0,Hispanic,0,,,16.0,0,0,0
3879,1,7308,82,0,,2,6.0,4.0,,1,1,0,White,0,,,16.0,0,0,0
3880,1,7316,27,0,,1,6.0,4.0,,1,24,0,Hispanic,0,,,16.0,0,0,0
3881,1,7321,78,0,,2,6.0,4.0,,1,1,0,White,0,,,16.0,0,0,0
3882,1,7315,20,15,1.0,2,6.0,4.0,30.0,1,1,0,White,49,6.0,5240.0,19.0,0,434051,43
3883,1,7316,61,0,,1,6.0,4.0,,8,2,0,Hispanic,0,,,9.0,0,0,0
3884,1,7304,46,0,,1,6.0,4.0,,6,1,0,Asian,0,,,16.0,0,0,0
3885,1,7310,19,15,3.0,1,6.0,4.0,19.0,1,1,0,White,44,6.0,9620.0,19.0,0,537062,53
3886,1,7309,62,0,1.0,1,6.0,4.0,,2,1,0,Black,81,,4965.0,19.0,0,419099,41
3887,1,7319,61,0,1.0,1,6.0,4.0,,9,2,0,Hispanic,48,,7220.0,18.0,0,493040,49
3888,1,7312,58,0,1.0,1,6.0,4.0,,8,2,0,Hispanic,23,,6260.0,14.0,0,472061,47
3889,1,7303,90,0,,2,6.0,4.0,,1,1,0,White,0,,,16.0,0,0,0
3890,1,7316,39,0,6.0,1,6.0,2.0,,9,1,0,Two or More,48,,9620.0,20.0,0,537062,53
3891,1,7316,52,0,4.0,1,6.0,4.0,16.0,2,1,0,Black,56,5.0,9620.0,13.0,0,537062,53
3892,1,7315,19,15,1.0,2,1.0,4.0,25.0,1,1,1,White,62,6.0,4600.0,19.0,1,399011,39
3893,1,7315,52,0,,1,6.0,4.0,,6,1,0,Asian,0,,,1.0,0,0,0
3894,1,7316,18,15,,2,6.0,4.0,,1,2,0,Hispanic,0,,,18.0,0,0,0
3895,1,7306,19,0,,1,6.0,4.0,,8,2,0,Hispanic,0,,,16.0,0,0,0
3896,1,7301,23,0,5.0,1,4.0,1.0,50.0,1,1,1,White,MIL,1.0,9830.0,20.0,0,559830,55
3897,1,7301,22,0,5.0,1,4.0,1.0,50.0,8,2,1,Hispanic,MIL,1.0,5860.0,16.0,0,439061,43
3898,1,7315,61,0,1.0,1,1.0,4.0,84.0,1,1,1,White,71,3.0,102.0,19.0,1,113013,11
3899,1,7301,21,0,5.0,1,4.0,1.0,50.0,1,1,1,White,MIL,1.0,9825.0,16.0,0,553010,55
3900,1,7310,24,0,5.0,1,4.0,1.0,55.0,1,1,1,White,MIL,1.0,7020.0,16.0,0,492020,49
3901,1,7315,21,15,1.0,1,1.0,4.0,18.0,1,1,1,White,61,6.0,2545.0,19.0,1,259040,25
3902,1,7301,19,0,5.0,1,4.0,1.0,50.0,6,1,1,Asian,MIL,1.0,6230.0,16.0,0,472031,47
3903,1,7301,22,0,5.0,1,4.0,1.0,50.0,1,1,1,White,MIL,1.0,9830.0,16.0,0,559830,55
3904,1,7310,25,0,5.0,1,4.0,1.0,40.0,2,1,1,Black,MIL,1.0,9810.0,16.0,0,552010,55
3905,1,7317,35,0,4.0,1,1.0,4.0,40.0,1,1,1,White,61,1.0,440.0,21.0,1,1191XX,11
3906,1,7315,20,15,1.0,2,1.0,4.0,10.0,1,2,1,Hispanic,61,6.0,1050.0,19.0,1,151230,15
3907,1,7310,35,0,4.0,1,1.0,4.0,40.0,1,1,1,White,61,1.0,440.0,21.0,1,1191XX,11
3908,1,7317,36,0,,1,6.0,4.0,,1,1,0,White,0,,,1.0,0,0,0
3909,1,7316,58,0,1.0,1,3.0,4.0,,2,1,0,Black,62,,3601.0,16.0,1,311121,31
3910,1,7306,19,15,1.0,1,3.0,4.0,12.0,8,2,0,Hispanic,44,6.0,4110.0,18.0,1,353031,35
3911,1,7313,69,0,,1,6.0,4.0,,8,2,0,Hispanic,0,,,16.0,0,0,0
3912,1,7312,21,0,5.0,1,1.0,2.0,50.0,1,1,1,White,722,1.0,4020.0,16.0,1,352010,35
3913,1,7310,21,0,5.0,1,1.0,2.0,45.0,1,1,1,White,722,1.0,4020.0,16.0,1,352010,35
3914,1,7306,63,0,1.0,1,6.0,4.0,,1,1,0,White,4M,,9620.0,15.0,0,537062,53
3915,1,7310,23,0,5.0,1,4.0,1.0,50.0,1,1,1,White,MIL,1.0,3802.0,19.0,0,333012,33
3916,1,7303,65,0,,1,6.0,4.0,,1,1,0,White,0,,,16.0,0,0,0
3917,1,7310,18,0,5.0,1,1.0,4.0,20.0,2,1,1,Black,722,6.0,4020.0,17.0,1,352010,35
3918,1,7317,32,0,,1,6.0,4.0,,2,1,0,Black,0,,,1.0,0,0,0
3919,1,7316,21,0,5.0,1,4.0,1.0,81.0,1,1,1,White,MIL,1.0,4700.0,16.0,0,411011,41
3920,1,7310,19,15,3.0,1,6.0,4.0,40.0,1,1,0,White,721,6.0,4622.0,19.0,0,399032,39
3921,1,7315,19,15,,2,6.0,4.0,,9,1,0,Two or More,0,,,19.0,0,0,0
3922,1,7306,14,11,,1,,,,1,1,0,White,0,,,11.0,0,0,0
3923,1,7313,75,0,,1,6.0,4.0,,2,1,0,Black,0,,,16.0,0,0,0
3924,1,7301,29,0,5.0,1,4.0,1.0,50.0,9,1,1,Two or More,MIL,1.0,9825.0,19.0,0,553010,55
3925,1,7313,63,0,,1,6.0,4.0,,1,1,0,White,0,,,16.0,0,0,0
3926,1,7321,30,0,,1,6.0,4.0,,1,24,0,Hispanic,0,,,20.0,0,0,0
3927,1,7319,16,13,,1,6.0,,,9,2,0,Hispanic,0,,,13.0,0,0,0
3928,1,7321,20,0,5.0,1,4.0,1.0,60.0,2,1,1,Black,MIL,1.0,9825.0,18.0,0,553010,55
3929,1,7312,28,0,5.0,1,4.0,1.0,40.0,1,23,1,Hispanic,MIL,1.0,7340.0,19.0,0,499071,49
3930,1,7317,20,15,,2,6.0,4.0,,1,1,0,White,0,,,19.0,0,0,0
3931,1,7316,37,0,,2,6.0,4.0,,1,1,0,White,0,,,15.0,0,0,0
3932,1,7306,45,0,,1,6.0,4.0,,1,1,0,White,0,,,20.0,0,0,0
3933,1,7301,20,0,5.0,1,4.0,1.0,50.0,1,1,1,White,MIL,1.0,7020.0,16.0,0,492020,49
3934,1,7312,27,0,5.0,1,4.0,1.0,50.0,1,1,1,White,MIL,1.0,9825.0,16.0,0,553010,55
3935,1,7307,18,15,,2,6.0,4.0,,1,1,0,White,0,,,18.0,0,0,0
3936,1,7317,69,0,,2,6.0,4.0,,1,1,0,White,0,,,19.0,0,0,0
3937,1,7302,51,0,,1,6.0,4.0,,2,1,0,Black,0,,,1.0,0,0,0
3938,1,7310,21,15,2.0,2,1.0,4.0,20.0,9,1,1,Two or More,62,6.0,3603.0,19.0,1,311131,31
3939,1,7301,20,0,5.0,1,4.0,1.0,50.0,1,1,1,White,MIL,1.0,9825.0,16.0,0,553010,55
3940,1,7316,24,0,5.0,1,4.0,1.0,40.0,1,1,1,White,MIL,1.0,7340.0,16.0,0,499071,49
3941,1,7321,31,0,5.0,1,4.0,1.0,60.0,1,1,1,White,MIL,1.0,160.0,21.0,0,113071,11
3942,1,7321,21,0,5.0,1,4.0,1.0,50.0,9,2,1,Hispanic,MIL,1.0,9130.0,16.0,0,533030,53
3943,1,7315,54,0,,1,6.0,4.0,,2,1,0,Black,0,,,1.0,0,0,0
3944,1,7310,21,0,5.0,1,4.0,1.0,50.0,1,1,1,White,MIL,1.0,9825.0,16.0,0,553010,55
3945,1,7310,30,0,5.0,1,4.0,1.0,65.0,2,1,1,Black,MIL,1.0,5000.0,18.0,0,431011,43
3946,1,7301,20,0,5.0,1,4.0,1.0,50.0,1,1,1,White,MIL,1.0,6230.0,16.0,0,472031,47
3947,1,7315,19,15,,2,6.0,4.0,,1,1,0,White,0,,,19.0,0,0,0
3948,1,7301,21,0,5.0,1,4.0,1.0,50.0,2,1,1,Black,MIL,1.0,9830.0,16.0,0,559830,55
3949,1,7312,24,0,5.0,1,4.0,1.0,50.0,1,1,1,White,MIL,1.0,9825.0,16.0,0,553010,55
3950,1,7310,19,15,,2,6.0,4.0,,1,1,0,White,0,,,19.0,0,0,0
3951,1,7317,19,15,3.0,1,6.0,4.0,40.0,2,1,0,Black,721,6.0,4622.0,18.0,0,399032,39
3952,1,7319,38,15,,1,6.0,4.0,,6,1,0,Asian,0,,,14.0,0,0,0
3953,1,7303,63,0,,1,6.0,4.0,,9,2,0,Hispanic,0,,,21.0,0,0,0
3954,1,7322,42,0,,1,6.0,4.0,,9,24,0,Hispanic,0,,,17.0,0,0,0
3955,1,7316,31,0,5.0,1,1.0,2.0,82.0,2,1,1,Black,45,1.0,4700.0,22.0,1,411011,41
3956,1,7301,21,0,5.0,1,4.0,1.0,50.0,2,1,1,Black,MIL,1.0,9830.0,16.0,0,559830,55
3957,1,7322,56,0,,1,6.0,4.0,,2,1,0,Black,0,,,16.0,0,0,0
3958,1,7322,60,0,1.0,1,1.0,4.0,40.0,6,1,1,Asian,62,1.0,3602.0,21.0,1,311122,31
3959,1,7301,19,0,5.0,1,4.0,1.0,50.0,1,2,1,Hispanic,MIL,1.0,7210.0,16.0,0,493031,49
3960,1,7306,40,0,,1,6.0,4.0,,6,1,0,Asian,0,,,18.0,0,0,0
3961,1,7301,23,0,5.0,1,4.0,1.0,50.0,1,1,1,White,MIL,1.0,3802.0,19.0,0,333012,33
3962,1,7322,41,0,,1,6.0,4.0,,2,1,0,Black,0,,,14.0,0,0,0
3963,1,7319,16,12,,2,6.0,,,8,2,0,Hispanic,0,,,12.0,0,0,0
3964,1,7316,58,0,1.0,1,3.0,4.0,,2,1,0,Black,62,,3601.0,16.0,1,311121,31
3965,1,7310,19,15,,1,6.0,4.0,,1,1,0,White,0,,,19.0,0,0,0
3966,1,7321,81,0,,1,6.0,4.0,,8,2,0,Hispanic,0,,,6.0,0,0,0
3967,1,7315,20,15,2.0,2,1.0,4.0,20.0,1,1,1,White,61,6.0,4640.0,19.0,1,399041,39
3968,1,7315,19,15,,2,6.0,4.0,,1,1,0,White,0,,,19.0,0,0,0
3969,1,7307,45,0,1.0,1,1.0,4.0,40.0,6,1,1,Asian,62,1.0,3602.0,13.0,1,311122,31
3970,1,7317,19,15,3.0,1,6.0,4.0,40.0,2,1,0,Black,721,6.0,4622.0,18.0,0,399032,39
3971,1,7314,31,14,,1,6.0,4.0,,8,8,0,Hispanic,0,,,14.0,0,0,0
3972,1,7304,79,0,,2,6.0,4.0,,1,1,0,White,0,,,19.0,0,0,0
3973,1,7316,63,0,1.0,2,6.0,4.0,,2,1,0,Black,54,,120.0,22.0,0,113031,11
3974,1,7322,52,0,,1,6.0,4.0,,2,1,0,Black,0,,,21.0,0,0,0
3975,1,7306,30,0,1.0,1,6.0,4.0,,8,24,0,Hispanic,81,,7200.0,9.0,0,493023,49
3976,1,7321,28,0,5.0,1,4.0,1.0,40.0,1,23,1,Hispanic,MIL,1.0,7340.0,19.0,0,499071,49
3977,1,7301,20,0,5.0,1,4.0,1.0,50.0,1,1,1,White,MIL,1.0,7030.0,16.0,0,492091,49
3978,1,7303,77,0,,2,6.0,4.0,,6,1,0,Asian,0,,,15.0,0,0,0
3979,1,7301,21,0,5.0,1,4.0,1.0,55.0,1,1,1,White,MIL,1.0,1105.0,18.0,0,151244,15
3980,1,7312,25,0,5.0,1,4.0,1.0,50.0,1,1,1,White,MIL,1.0,7000.0,20.0,0,491011,49
3981,1,7315,20,15,,2,6.0,4.0,,1,1,0,White,0,,,19.0,0,0,0
3982,1,7301,19,0,5.0,1,4.0,1.0,50.0,1,1,1,White,MIL,1.0,9825.0,16.0,0,553010,55
3983,1,7319,16,13,,1,6.0,,,9,2,0,Hispanic,0,,,13.0,0,0,0
3984,1,7302,72,0,,1,6.0,4.0,,1,1,0,White,0,,,1.0,0,0,0
3985,1,7313,81,0,,2,6.0,4.0,,1,1,0,White,0,,,19.0,0,0,0
3986,1,7316,46,0,,1,6.0,4.0,,9,2,0,Hispanic,0,,,13.0,0,0,0
3987,1,7313,16,13,,1,6.0,,,3,24,0,Hispanic,0,,,13.0,0,0,0
3988,1,7310,20,15,,2,6.0,4.0,,1,1,0,White,0,,,19.0,0,0,0
3989,1,7310,19,15,5.0,1,5.0,1.0,99.0,6,1,1,Asian,MIL,1.0,9830.0,18.0,0,559830,55
3990,1,7310,20,0,5.0,1,4.0,1.0,55.0,8,2,1,Hispanic,MIL,1.0,6230.0,16.0,0,472031,47
3991,1,7321,21,0,5.0,1,4.0,1.0,55.0,8,2,1,Hispanic,MIL,1.0,7210.0,16.0,0,493031,49
3992,1,7316,25,0,5.0,1,4.0,1.0,40.0,2,1,1,Black,MIL,1.0,9810.0,16.0,0,552010,55
3993,1,7313,58,0,,1,6.0,4.0,,9,2,0,Hispanic,0,,,19.0,0,0,0
3994,1,7307,83,0,,1,6.0,4.0,,1,1,0,White,0,,,16.0,0,0,0
3995,1,7316,90,0,,1,6.0,4.0,,1,1,0,White,0,,,18.0,0,0,0
3996,1,7312,21,0,5.0,1,4.0,1.0,50.0,9,5,1,Hispanic,MIL,1.0,9825.0,19.0,0,553010,55
3997,1,7313,76,0,,2,6.0,4.0,,1,1,0,White,0,,,14.0,0,0,0
3998,1,7301,60,0,1.0,1,1.0,4.0,20.0,9,2,1,Hispanic,56,1.0,4220.0,11.0,1,37201X,37
3999,1,7301,22,0,5.0,1,4.0,1.0,50.0,8,2,1,Hispanic,MIL,1.0,5860.0,16.0,0,439061,43
4000,1,7322,30,0,,1,6.0,4.0,,1,24,0,Hispanic,0,,,16.0,0,0,0
4001,1,7318,56,0,2.0,1,1.0,4.0,50.0,6,1,1,Asian,81,1.0,2040.0,24.0,1,212011,21
4002,1,7319,63,0,,1,6.0,4.0,,9,2,0,Hispanic,0,,,21.0,0,0,0
4003,1,7321,21,0,5.0,1,4.0,1.0,55.0,1,1,1,White,MIL,1.0,1105.0,18.0,0,151244,15
4004,1,7310,20,0,5.0,1,4.0,1.0,55.0,1,1,1,White,MIL,1.0,7030.0,16.0,0,492091,49
4005,1,7301,23,0,5.0,1,4.0,1.0,55.0,1,1,1,White,MIL,1.0,5120.0,16.0,0,433031,43
4006,1,7313,66,0,,1,6.0,4.0,,1,1,0,White,0,,,16.0,0,0,0
4007,1,7310,20,15,2.0,2,1.0,4.0,20.0,1,1,1,White,61,6.0,4640.0,19.0,1,399041,39
4008,1,7313,36,15,1.0,2,6.0,4.0,40.0,1,1,0,White,33,6.0,8760.0,18.0,0,519080,51
4009,1,7301,21,0,5.0,1,4.0,1.0,50.0,1,1,1,White,MIL,1.0,7140.0,19.0,0,493011,49
4010,1,7319,40,0,,1,6.0,4.0,,9,2,0,Hispanic,0,,,16.0,0,0,0
4011,1,7316,22,0,5.0,1,4.0,1.0,40.0,9,2,1,Hispanic,MIL,1.0,1108.0,16.0,0,151299,15
4012,1,7313,51,16,,1,6.0,4.0,,2,1,0,Black,0,,,21.0,0,0,0
4013,1,7317,21,15,,2,6.0,4.0,,1,1,0,White,0,,,19.0,0,0,0
4014,1,7301,28,0,5.0,1,4.0,1.0,55.0,1,1,1,White,MIL,1.0,9810.0,16.0,0,552010,55
4015,1,7319,16,14,,1,6.0,,,8,24,0,Hispanic,0,,,14.0,0,0,0
4016,1,7310,81,0,,2,6.0,4.0,,1,1,0,White,0,,,19.0,0,0,0
4017,1,7301,21,0,5.0,1,4.0,1.0,50.0,1,3,1,Hispanic,MIL,1.0,5040.0,16.0,0,432099,43
4018,1,7313,70,0,,2,6.0,4.0,,1,1,0,White,0,,,21.0,0,0,0
4019,1,7301,21,0,5.0,1,4.0,1.0,55.0,3,1,1,Other,MIL,1.0,7340.0,16.0,0,499071,49
4020,1,7321,27,0,5.0,1,4.0,1.0,50.0,1,1,1,White,MIL,1.0,9825.0,16.0,0,553010,55
4021,1,7322,40,0,,1,6.0,4.0,,2,1,0,Black,0,,,17.0,0,0,0
4022,1,7320,58,0,,1,6.0,4.0,,1,1,0,White,0,,,14.0,0,0,0
4023,1,7319,44,0,,1,6.0,4.0,,1,1,0,White,0,,,17.0,0,0,0
4024,1,7321,21,0,5.0,1,4.0,1.0,50.0,1,3,1,Hispanic,MIL,1.0,5040.0,16.0,0,432099,43
4025,1,7321,70,0,,1,6.0,4.0,,6,1,0,Asian,0,,,1.0,0,0,0
4026,1,7303,66,0,,2,6.0,4.0,,8,19,0,Hispanic,0,,,16.0,0,0,0
4027,1,7310,21,15,,2,6.0,4.0,,1,1,0,White,0,,,19.0,0,0,0
4028,1,7317,58,0,1.0,1,6.0,4.0,,8,2,0,Hispanic,23,,6260.0,14.0,0,472061,47
4029,1,7305,78,0,,1,6.0,3.0,,1,1,0,White,0,,,21.0,0,0,0
4030,1,7301,23,0,5.0,1,1.0,2.0,50.0,1,1,1,White,722,1.0,4030.0,19.0,1,352021,35
4031,1,7311,83,0,,2,6.0,4.0,,1,1,0,White,0,,,21.0,0,0,0
4032,1,7310,22,0,5.0,1,1.0,2.0,70.0,1,1,1,White,62,1.0,2360.0,16.0,1,2530XX,25
4033,1,7314,26,0,5.0,1,4.0,1.0,40.0,9,1,1,Two or More,MIL,1.0,1860.0,21.0,0,1930XX,19
4034,1,7306,45,0,1.0,1,1.0,4.0,40.0,6,1,1,Asian,62,1.0,3602.0,13.0,1,311122,31
4035,1,7312,24,0,5.0,1,4.0,1.0,50.0,1,1,1,White,MIL,1.0,5040.0,20.0,0,432099,43
4036,1,7316,20,0,5.0,1,4.0,1.0,50.0,1,1,1,White,MIL,1.0,6230.0,16.0,0,472031,47
4037,1,7316,20,0,,1,6.0,4.0,,1,24,0,Hispanic,0,,,13.0,0,0,0
4038,1,7310,20,0,5.0,1,1.0,2.0,50.0,1,2,1,Hispanic,23,1.0,6515.0,16.0,1,472181,47
4039,1,7315,20,15,6.0,2,6.0,4.0,40.0,1,1,0,White,722,6.0,4055.0,19.0,0,353023,35
4040,1,7321,35,0,5.0,1,1.0,2.0,99.0,1,2,1,Hispanic,56,1.0,4251.0,19.0,1,373011,37
4041,1,7301,20,0,5.0,1,4.0,1.0,50.0,1,1,1,White,MIL,1.0,7020.0,16.0,0,492020,49
4042,1,7308,24,0,1.0,2,1.0,4.0,60.0,1,1,1,White,62,1.0,3602.0,20.0,1,311122,31
4043,1,7305,59,0,,2,6.0,4.0,,2,1,0,Black,0,,,15.0,0,0,0
4044,1,7315,19,15,,2,6.0,4.0,,1,1,0,White,0,,,19.0,0,0,0
4045,1,7316,29,0,,1,6.0,4.0,,1,1,0,White,0,,,18.0,0,0,0
4046,1,7320,26,0,2.0,2,1.0,4.0,60.0,1,1,1,White,81,1.0,2060.0,16.0,1,212099,21
4047,1,7316,27,0,5.0,1,4.0,1.0,50.0,1,1,1,White,MIL,1.0,9825.0,16.0,0,553010,55
4048,1,7317,30,0,2.0,1,6.0,4.0,13.0,2,1,0,Black,54,6.0,5850.0,24.0,0,439051,43
4049,1,7316,45,0,1.0,2,2.0,4.0,49.0,1,1,1,White,62,6.0,4020.0,16.0,1,352010,35
4050,1,7321,88,0,,2,6.0,4.0,,8,2,0,Hispanic,0,,,18.0,0,0,0
4051,1,7301,23,0,5.0,1,1.0,2.0,50.0,1,1,1,White,722,1.0,4030.0,19.0,1,352021,35
4052,1,7320,30,0,1.0,1,6.0,4.0,,8,24,0,Hispanic,81,,7200.0,13.0,0,493023,49
4053,1,7316,38,0,5.0,1,4.0,1.0,75.0,6,1,1,Asian,MIL,1.0,1555.0,21.0,0,17302X,17
4054,1,7310,18,0,5.0,1,4.0,1.0,30.0,6,1,1,Asian,MIL,1.0,9830.0,16.0,0,559830,55
4055,1,7311,17,13,,1,6.0,4.0,,9,2,0,Hispanic,0,,,13.0,0,0,0
4056,1,7301,22,0,5.0,1,1.0,2.0,50.0,2,1,1,Black,722,1.0,4020.0,16.0,1,352010,35
4057,1,7321,38,0,,1,6.0,4.0,,1,1,0,White,0,,,1.0,0,0,0
4058,1,7318,20,0,5.0,1,4.0,1.0,50.0,1,1,1,White,MIL,1.0,6230.0,16.0,0,472031,47
4059,1,7303,31,0,1.0,1,6.0,4.0,40.0,9,2,0,Hispanic,23,3.0,6330.0,13.0,0,472080,47
4060,1,7316,22,0,5.0,1,4.0,1.0,80.0,8,11,1,Hispanic,MIL,1.0,7020.0,16.0,0,492020,49
4061,1,7320,86,0,,2,6.0,4.0,,1,1,0,White,0,,,14.0,0,0,0
4062,1,7322,41,0,,1,6.0,4.0,,2,1,0,Black,0,,,14.0,0,0,0
4063,1,7301,24,0,5.0,1,4.0,1.0,50.0,1,1,1,White,MIL,1.0,7140.0,16.0,0,493011,49
4064,1,7321,88,0,,2,6.0,4.0,,8,2,0,Hispanic,0,,,16.0,0,0,0
4065,1,7316,19,15,5.0,1,5.0,1.0,99.0,6,1,1,Asian,MIL,1.0,9830.0,18.0,0,559830,55
4066,1,7315,21,15,,2,6.0,4.0,,1,1,0,White,0,,,19.0,0,0,0
4067,1,7317,18,15,,2,6.0,4.0,,1,1,0,White,0,,,18.0,0,0,0
4068,1,7318,87,0,,2,6.0,4.0,,6,1,0,Asian,0,,,14.0,0,0,0
4069,1,7321,23,0,5.0,1,4.0,1.0,50.0,1,1,1,White,MIL,1.0,9825.0,16.0,0,553010,55
4070,1,7310,86,0,,2,6.0,4.0,,1,1,0,White,0,,,16.0,0,0,0
4071,1,7301,19,0,5.0,1,4.0,1.0,50.0,1,1,1,White,MIL,1.0,6230.0,16.0,0,472031,47
4072,1,7316,47,0,,1,6.0,4.0,,1,1,0,White,0,,,1.0,0,0,0
4073,1,7301,21,0,5.0,1,4.0,1.0,50.0,1,1,1,White,MIL,1.0,7140.0,19.0,0,493011,49
4074,1,7302,47,0,4.0,2,6.0,4.0,7.0,1,1,0,White,81,5.0,9610.0,19.0,0,537061,53
4075,1,7301,21,0,5.0,1,4.0,1.0,50.0,9,2,1,Hispanic,MIL,1.0,9130.0,16.0,0,533030,53
4076,1,7321,65,0,,2,6.0,4.0,,2,1,0,Black,0,,,19.0,0,0,0
4077,1,7321,20,0,5.0,1,4.0,1.0,50.0,1,1,1,White,MIL,1.0,5600.0,16.0,0,435061,43
4078,1,7321,49,0,,2,6.0,4.0,,2,1,0,Black,0,,,13.0,0,0,0
4079,1,7322,56,0,,1,6.0,4.0,,2,1,0,Black,0,,,16.0,0,0,0
4080,1,7319,56,0,,2,6.0,4.0,,9,1,0,Two or More,0,,,19.0,0,0,0
4081,1,7308,72,0,,1,6.0,4.0,,1,1,0,White,0,,,1.0,0,0,0
4082,1,7301,20,0,5.0,2,1.0,2.0,50.0,1,1,1,White,62,1.0,3601.0,16.0,1,311121,31
4083,1,7313,65,0,,1,6.0,4.0,,1,1,0,White,0,,,16.0,0,0,0
4084,1,7322,27,0,,1,6.0,4.0,,1,24,0,Hispanic,0,,,16.0,0,0,0
4085,1,7316,30,0,5.0,1,4.0,1.0,50.0,1,1,1,White,MIL,1.0,7100.0,16.0,0,49209X,49
4086,1,7322,23,0,,1,6.0,4.0,,9,2,0,Hispanic,0,,,16.0,0,0,0
4087,1,7304,80,0,,1,6.0,4.0,,6,1,0,Asian,0,,,1.0,0,0,0
4088,1,7313,94,0,,2,6.0,4.0,,1,1,0,White,0,,,21.0,0,0,0
4089,1,7301,22,0,5.0,1,4.0,1.0,50.0,1,1,1,White,MIL,1.0,9830.0,18.0,0,559830,55
4090,1,7305,20,15,1.0,2,1.0,4.0,15.0,1,2,1,Hispanic,71,5.0,4435.0,19.0,1,3930XX,39
4091,1,7301,21,0,5.0,1,4.0,1.0,50.0,8,2,1,Hispanic,MIL,1.0,9825.0,16.0,0,553010,55
4092,1,7313,73,0,,2,6.0,4.0,,1,1,0,White,0,,,18.0,0,0,0
4093,1,7301,20,0,5.0,1,4.0,1.0,50.0,1,1,1,White,MIL,1.0,9825.0,16.0,0,553010,55
4094,1,7305,60,0,,1,6.0,3.0,,7,1,0,Other,0,,,18.0,0,0,0
4095,1,7322,65,0,4.0,2,1.0,4.0,40.0,1,1,1,White,62,1.0,7750.0,16.0,1,5120XX,51
4096,1,7310,40,0,,1,6.0,4.0,,6,1,0,Asian,0,,,18.0,0,0,0
4097,1,7301,18,0,5.0,1,4.0,1.0,8.0,1,1,1,White,MIL,1.0,9830.0,16.0,0,559830,55
4098,1,7310,20,15,6.0,2,6.0,4.0,40.0,1,1,0,White,722,6.0,4055.0,19.0,0,353023,35
4099,1,7315,19,15,3.0,1,6.0,4.0,19.0,1,1,0,White,44,6.0,9620.0,19.0,0,537062,53
4100,1,7316,35,0,5.0,2,4.0,1.0,55.0,2,1,1,Black,MIL,1.0,9800.0,21.0,0,551010,55
4101,1,7301,19,0,5.0,1,4.0,1.0,50.0,1,1,1,White,MIL,1.0,7020.0,16.0,0,492020,49
4102,1,7315,19,15,,2,6.0,4.0,,1,1,0,White,0,,,19.0,0,0,0
4103,1,7312,26,0,5.0,2,4.0,1.0,40.0,6,1,1,Asian,MIL,1.0,9830.0,21.0,0,559830,55
4104,1,7301,17,15,,1,6.0,4.0,,2,1,0,Black,0,,,16.0,0,0,0
4105,1,7321,23,0,5.0,1,4.0,1.0,55.0,1,1,1,White,MIL,1.0,5120.0,16.0,0,433031,43
4106,1,7317,71,0,2.0,1,1.0,4.0,40.0,6,1,1,Asian,81,1.0,2040.0,22.0,1,212011,21
4107,1,7322,48,0,,1,6.0,4.0,,1,1,0,White,0,,,16.0,0,0,0
4108,1,7303,30,0,,1,6.0,4.0,,1,1,0,White,0,,,16.0,0,0,0
4109,1,7306,68,0,,2,6.0,4.0,,1,1,0,White,0,,,21.0,0,0,0
4110,1,7318,58,0,6.0,2,6.0,4.0,,1,1,0,White,62,,3601.0,17.0,0,311121,31
4111,1,7321,31,0,5.0,1,1.0,2.0,82.0,2,1,1,Black,45,1.0,4700.0,22.0,1,411011,41
4112,1,7306,36,0,1.0,1,6.0,4.0,,8,2,0,Hispanic,11,,6120.0,17.0,0,454011,45
4113,1,7322,40,0,,1,6.0,4.0,,1,1,0,White,0,,,20.0,0,0,0
4114,1,7321,24,15,5.0,1,1.0,2.0,77.0,6,1,1,Asian,71,1.0,7240.0,18.0,1,493050,49
4115,1,7318,85,0,,1,6.0,2.0,,6,1,0,Asian,0,,,16.0,0,0,0
4116,1,7319,62,0,,1,6.0,4.0,,9,2,0,Hispanic,0,,,8.0,0,0,0
4117,1,7301,29,0,5.0,1,4.0,1.0,50.0,9,1,1,Two or More,MIL,1.0,9825.0,19.0,0,553010,55
4118,1,7317,35,0,2.0,1,1.0,4.0,20.0,1,1,1,White,11,4.0,4251.0,20.0,1,373011,37
4119,1,7301,27,0,5.0,1,4.0,1.0,50.0,9,1,1,Two or More,MIL,1.0,7430.0,16.0,0,499060,49
4120,1,7301,19,0,5.0,1,4.0,1.0,50.0,1,2,1,Hispanic,MIL,1.0,6230.0,16.0,0,472031,47
4121,1,7322,40,0,,1,6.0,4.0,,1,1,0,White,0,,,17.0,0,0,0
4122,1,7321,24,15,5.0,1,1.0,2.0,77.0,6,1,1,Asian,71,1.0,7240.0,18.0,1,493050,49
4123,1,7310,20,15,,2,6.0,4.0,,1,1,0,White,0,,,19.0,0,0,0
4124,1,7314,67,0,,2,6.0,4.0,,5,1,0,Other,0,,,16.0,0,0,0
4125,1,7302,19,15,3.0,1,6.0,4.0,19.0,1,2,0,Hispanic,44,6.0,9620.0,19.0,0,537062,53
4126,1,7316,20,0,,1,6.0,4.0,,2,1,0,Black,0,,,15.0,0,0,0
4127,1,7310,19,15,,2,6.0,4.0,,1,1,0,White,0,,,18.0,0,0,0
4128,1,7321,20,0,5.0,1,4.0,1.0,45.0,2,1,1,Black,MIL,1.0,9825.0,16.0,0,553010,55
4129,1,7315,19,15,,2,6.0,4.0,,1,1,0,White,0,,,19.0,0,0,0
4130,1,7310,22,0,5.0,1,4.0,1.0,80.0,8,11,1,Hispanic,MIL,1.0,7020.0,16.0,0,492020,49
4131,1,7310,21,0,5.0,1,4.0,1.0,55.0,3,1,1,Other,MIL,1.0,7340.0,16.0,0,499071,49
4132,1,7306,70,0,,2,6.0,4.0,,1,1,0,White,0,,,22.0,0,0,0
4133,1,7301,18,0,5.0,1,4.0,1.0,8.0,1,1,1,White,MIL,1.0,9830.0,16.0,0,559830,55
4134,1,7319,90,0,,1,6.0,2.0,,1,1,0,White,0,,,16.0,0,0,0
4135,1,7312,26,0,5.0,2,4.0,1.0,40.0,6,1,1,Asian,MIL,1.0,9830.0,21.0,0,559830,55
4136,1,7318,77,0,,1,6.0,4.0,,9,2,0,Hispanic,0,,,9.0,0,0,0
4137,1,7315,81,0,,1,6.0,4.0,,9,2,0,Hispanic,0,,,16.0,0,0,0
4138,1,7313,18,14,,1,6.0,4.0,,2,1,0,Black,0,,,14.0,0,0,0
4139,1,7301,20,0,5.0,1,4.0,1.0,45.0,2,1,1,Black,MIL,1.0,9825.0,16.0,0,553010,55
4140,1,7316,24,0,5.0,1,4.0,1.0,50.0,1,3,1,Hispanic,MIL,1.0,7030.0,16.0,0,492091,49
4141,1,7321,76,0,,2,6.0,4.0,,1,1,0,White,0,,,14.0,0,0,0
4142,1,7313,70,0,,1,6.0,4.0,,1,1,0,White,0,,,11.0,0,0,0
4143,1,7310,21,0,5.0,2,4.0,1.0,50.0,1,1,1,White,MIL,1.0,1108.0,16.0,0,151299,15
4144,1,7316,50,0,,1,6.0,4.0,,2,1,0,Black,0,,,14.0,0,0,0
4145,1,7320,66,0,,2,6.0,4.0,,9,24,0,Hispanic,0,,,18.0,0,0,0
4146,1,7313,24,0,1.0,2,6.0,4.0,,1,2,0,Hispanic,722,,4030.0,19.0,0,352021,35
4147,1,7316,67,0,1.0,1,6.0,2.0,40.0,1,1,0,White,23,1.0,6355.0,20.0,0,472111,47
4148,1,7322,28,0,,1,6.0,4.0,,9,2,0,Hispanic,0,,,12.0,0,0,0
4149,1,7314,40,0,1.0,1,6.0,2.0,,2,1,0,Black,49,,9645.0,16.0,0,537065,53
4150,1,7316,74,0,,2,6.0,4.0,,9,1,0,Two or More,0,,,16.0,0,0,0
4151,1,7316,19,0,5.0,1,4.0,1.0,50.0,1,1,1,White,MIL,1.0,7210.0,16.0,0,493031,49
4152,1,7316,40,0,,1,6.0,4.0,,1,1,0,White,0,,,20.0,0,0,0
4153,1,7321,35,0,5.0,2,4.0,1.0,55.0,2,1,1,Black,MIL,1.0,9800.0,21.0,0,551010,55
4154,1,7317,52,0,,1,6.0,4.0,,1,1,0,White,0,,,1.0,0,0,0
4155,1,7315,18,15,1.0,2,6.0,4.0,,1,1,0,White,61,,4130.0,18.0,0,359011,35
4156,1,7315,19,15,3.0,1,6.0,4.0,40.0,1,1,0,White,721,6.0,4622.0,19.0,0,399032,39
4157,1,7310,20,0,5.0,1,4.0,1.0,40.0,9,2,1,Hispanic,MIL,1.0,4020.0,16.0,0,352010,35
4158,1,7319,23,0,,1,6.0,4.0,,9,2,0,Hispanic,0,,,16.0,0,0,0
4159,1,7301,21,0,5.0,1,4.0,1.0,55.0,3,1,1,Other,MIL,1.0,7340.0,16.0,0,499071,49
4160,1,7321,19,0,5.0,1,4.0,1.0,50.0,6,1,1,Asian,MIL,1.0,6230.0,16.0,0,472031,47
4161,1,7319,86,0,,2,6.0,4.0,,1,1,0,White,0,,,20.0,0,0,0
4162,1,7317,20,15,,2,6.0,4.0,,1,1,0,White,0,,,19.0,0,0,0
4163,1,7315,19,15,3.0,1,6.0,4.0,19.0,1,1,0,White,44,6.0,9620.0,19.0,0,537062,53
4164,1,7301,25,0,5.0,1,4.0,1.0,50.0,1,1,1,White,MIL,1.0,1551.0,16.0,0,173023,17
4165,1,7306,19,0,2.0,1,6.0,4.0,20.0,1,1,0,White,45,6.0,5240.0,16.0,0,434051,43
4166,1,7317,34,0,,1,6.0,4.0,,1,1,0,White,0,,,17.0,0,0,0
4167,1,7306,90,0,,1,6.0,4.0,,1,1,0,White,0,,,18.0,0,0,0
4168,1,7319,61,0,,1,6.0,4.0,,2,1,0,Black,0,,,19.0,0,0,0
4169,1,7321,23,15,5.0,2,1.0,2.0,78.0,1,1,1,White,722,1.0,4020.0,19.0,1,352010,35
4170,1,7321,19,0,5.0,2,1.0,2.0,91.0,8,2,1,Hispanic,81,1.0,4510.0,16.0,1,395012,39
4171,1,7301,21,0,5.0,1,4.0,1.0,50.0,1,1,1,White,MIL,1.0,7210.0,16.0,0,493031,49
4172,1,7310,22,0,5.0,1,1.0,2.0,70.0,1,1,1,White,62,1.0,2360.0,16.0,1,2530XX,25
4173,1,7310,19,0,5.0,1,4.0,1.0,50.0,1,1,1,White,MIL,1.0,7020.0,16.0,0,492020,49
4174,1,7303,36,0,1.0,1,6.0,4.0,,9,2,0,Hispanic,722,,4140.0,12.0,0,359021,35
4175,1,7307,58,0,,2,6.0,4.0,,1,1,0,White,0,,,16.0,0,0,0
4176,1,7322,49,0,,1,6.0,4.0,,1,24,0,Hispanic,0,,,17.0,0,0,0
4177,1,7322,18,14,,1,6.0,4.0,,1,1,0,White,0,,,13.0,0,0,0
4178,1,7301,33,0,4.0,2,6.0,4.0,8.0,1,1,0,White,62,6.0,4230.0,19.0,0,372012,37
4179,1,7319,29,14,2.0,1,1.0,4.0,30.0,9,2,1,Hispanic,51,6.0,2016.0,15.0,1,211093,21
4180,1,7310,18,0,5.0,1,1.0,4.0,20.0,2,1,1,Black,722,6.0,4020.0,17.0,1,352010,35
4181,1,7307,10,7,,1,,,,2,1,0,Black,0,,,7.0,0,0,0
4182,1,7315,18,15,,2,6.0,4.0,,1,1,0,White,0,,,18.0,0,0,0
4183,1,7322,50,0,,1,6.0,4.0,,1,24,0,Hispanic,0,,,18.0,0,0,0
4184,1,7313,77,0,,1,6.0,4.0,,1,1,0,White,0,,,22.0,0,0,0
4185,1,7313,35,0,1.0,1,1.0,2.0,20.0,2,1,1,Black,56,1.0,4220.0,16.0,1,37201X,37
4186,1,7301,20,0,5.0,1,4.0,1.0,50.0,1,1,1,White,MIL,1.0,9825.0,16.0,0,553010,55
4187,1,7301,21,0,5.0,1,1.0,2.0,45.0,1,1,1,White,722,1.0,4020.0,16.0,1,352010,35
4188,1,7313,81,0,,2,6.0,4.0,,1,1,0,White,0,,,17.0,0,0,0
4189,1,7310,21,15,,2,6.0,4.0,,1,1,0,White,0,,,19.0,0,0,0
4190,1,7316,19,0,5.0,1,4.0,1.0,50.0,1,1,1,White,MIL,1.0,7220.0,16.0,0,493040,49
4191,1,7301,21,0,5.0,1,4.0,1.0,50.0,1,1,1,White,MIL,1.0,7210.0,16.0,0,493031,49
4192,1,7304,32,0,1.0,1,6.0,4.0,40.0,2,1,0,Black,32,1.0,8990.0,20.0,0,5191XX,51
4193,1,7315,20,15,,2,6.0,4.0,,6,1,0,Asian,0,,,19.0,0,0,0
4194,1,7316,19,0,5.0,1,4.0,1.0,40.0,1,1,1,White,MIL,1.0,9830.0,16.0,0,559830,55
4195,1,7301,22,0,5.0,1,4.0,1.0,50.0,8,2,1,Hispanic,MIL,1.0,5860.0,16.0,0,439061,43
4196,1,7315,94,0,,2,6.0,4.0,,1,1,0,White,0,,,1.0,0,0,0
4197,1,7316,72,0,,1,6.0,2.0,,1,1,0,White,0,,,19.0,0,0,0
4198,1,7306,56,0,,1,6.0,4.0,,1,1,0,White,0,,,13.0,0,0,0
4199,1,7315,19,15,1.0,2,6.0,4.0,,9,11,0,Hispanic,61,,4130.0,19.0,0,359011,35
4200,1,7301,58,0,,2,6.0,4.0,,1,1,0,White,0,,,18.0,0,0,0
4201,1,7319,44,0,1.0,1,6.0,2.0,,1,1,0,White,722,,4010.0,21.0,0,351012,35
4202,1,7316,39,14,,1,6.0,4.0,,6,1,0,Asian,0,,,14.0,0,0,0
4203,1,7308,87,0,,2,6.0,4.0,,1,1,0,White,0,,,16.0,0,0,0
4204,1,7301,19,0,5.0,1,4.0,1.0,50.0,1,1,1,White,MIL,1.0,6230.0,16.0,0,472031,47
4205,1,7322,48,0,,1,6.0,4.0,,1,1,0,White,0,,,16.0,0,0,0
4206,1,7322,35,0,,1,6.0,4.0,,1,1,0,White,0,,,17.0,0,0,0
4207,1,7307,46,0,2.0,2,1.0,4.0,30.0,6,1,1,Asian,62,1.0,4600.0,21.0,1,399011,39
4208,1,7310,31,0,5.0,1,1.0,2.0,82.0,2,1,1,Black,45,1.0,4700.0,22.0,1,411011,41
4209,1,7311,78,0,,1,6.0,4.0,,1,1,0,White,0,,,17.0,0,0,0
4210,1,7301,23,0,5.0,1,4.0,1.0,50.0,1,1,1,White,MIL,1.0,9825.0,16.0,0,553010,55
4211,1,7304,39,0,,1,6.0,4.0,,1,1,0,White,0,,,9.0,0,0,0
4212,1,7315,20,15,1.0,1,6.0,4.0,35.0,1,1,0,White,54,6.0,1108.0,19.0,0,151299,15
4213,1,7309,67,0,,1,6.0,4.0,,9,23,0,Hispanic,0,,,16.0,0,0,0
4214,1,7301,23,0,5.0,1,4.0,1.0,50.0,8,11,1,Hispanic,MIL,1.0,9130.0,16.0,0,533030,53
4215,1,7316,20,0,5.0,1,4.0,1.0,55.0,1,1,1,White,MIL,1.0,9825.0,16.0,0,553010,55
4216,1,7321,46,0,,1,6.0,4.0,,6,1,0,Asian,0,,,16.0,0,0,0
4217,1,7315,61,0,,1,6.0,4.0,,1,1,0,White,0,,,12.0,0,0,0
4218,1,7310,22,0,5.0,1,4.0,1.0,50.0,1,1,1,White,MIL,1.0,9825.0,16.0,0,553010,55
4219,1,7303,43,0,,2,6.0,4.0,,8,2,0,Hispanic,0,,,13.0,0,0,0
4220,1,7316,25,0,5.0,1,4.0,1.0,50.0,1,1,1,White,MIL,1.0,1551.0,16.0,0,173023,17
4221,1,7301,25,0,5.0,1,4.0,1.0,50.0,1,1,1,White,MIL,1.0,7000.0,20.0,0,491011,49
4222,1,7302,18,0,,1,6.0,4.0,,2,1,0,Black,0,,,16.0,0,0,0
4223,1,7316,20,0,5.0,1,4.0,1.0,50.0,1,1,1,White,MIL,1.0,9825.0,16.0,0,553010,55
4224,1,7309,75,0,,2,6.0,4.0,,1,1,0,White,0,,,16.0,0,0,0
4225,1,7310,21,0,5.0,1,4.0,1.0,55.0,8,2,1,Hispanic,MIL,1.0,7210.0,16.0,0,493031,49
4226,1,7319,31,0,1.0,1,6.0,4.0,40.0,9,2,0,Hispanic,23,3.0,6330.0,13.0,0,472080,47
4227,1,7301,21,0,5.0,1,4.0,1.0,50.0,2,1,1,Black,MIL,1.0,9830.0,16.0,0,559830,55
4228,1,7316,60,0,1.0,1,1.0,2.0,30.0,1,2,1,Hispanic,23,6.0,6260.0,17.0,1,472061,47
4229,1,7321,94,0,,2,6.0,4.0,,6,1,0,Asian,0,,,16.0,0,0,0
4230,1,7302,22,0,5.0,1,4.0,1.0,50.0,8,2,1,Hispanic,MIL,1.0,5860.0,16.0,0,439061,43
4231,1,7319,71,0,,2,6.0,4.0,,1,1,0,White,0,,,19.0,0,0,0
4232,1,7315,20,15,2.0,2,1.0,4.0,20.0,1,1,1,White,61,6.0,4640.0,19.0,1,399041,39
4233,1,7321,58,0,,1,6.0,4.0,,8,7,0,Hispanic,0,,,16.0,0,0,0
4234,1,7301,21,0,5.0,1,4.0,1.0,55.0,1,1,1,White,MIL,1.0,1105.0,18.0,0,151244,15
4235,1,7301,17,12,,2,6.0,4.0,,6,1,0,Asian,0,,,12.0,0,0,0
4236,1,7301,26,0,5.0,1,1.0,2.0,69.0,1,1,1,White,44,1.0,4720.0,16.0,1,412010,41
4237,1,7301,50,0,1.0,2,1.0,2.0,35.0,2,1,1,Black,42,1.0,5740.0,18.0,1,436014,43
4238,1,7316,27,0,5.0,2,4.0,1.0,40.0,9,8,1,Hispanic,MIL,1.0,9830.0,19.0,0,559830,55
4239,1,7310,30,0,5.0,1,1.0,2.0,40.0,7,1,1,Other,54,1.0,4840.0,19.0,1,413091,41
4240,1,7316,30,0,5.0,1,4.0,1.0,65.0,2,1,1,Black,MIL,1.0,5000.0,18.0,0,431011,43
4241,1,7301,60,0,,1,6.0,3.0,,7,1,0,Other,0,,,18.0,0,0,0
4242,1,7310,67,0,,1,6.0,4.0,,2,1,0,Black,0,,,16.0,0,0,0
4243,1,7318,60,0,,1,6.0,4.0,,1,1,0,White,0,,,14.0,0,0,0
4244,1,7318,77,0,1.0,2,1.0,4.0,40.0,6,1,1,Asian,62,1.0,4020.0,21.0,1,352010,35
4245,1,7317,38,0,,1,6.0,4.0,,1,1,0,White,0,,,1.0,0,0,0
4246,1,7315,18,15,1.0,2,6.0,4.0,,1,1,0,White,61,,4130.0,18.0,0,359011,35
4247,1,7301,21,0,5.0,1,4.0,1.0,50.0,1,1,1,White,MIL,1.0,7430.0,16.0,0,499060,49
4248,1,7313,20,0,5.0,2,4.0,1.0,40.0,9,2,1,Hispanic,MIL,1.0,9825.0,1.0,0,553010,55
4249,1,7301,20,0,5.0,1,1.0,2.0,50.0,1,1,1,White,62,1.0,2360.0,16.0,1,2530XX,25
4250,1,7310,22,0,5.0,1,4.0,1.0,70.0,8,2,1,Hispanic,MIL,1.0,7000.0,16.0,0,491011,49
4251,1,7315,19,15,,2,6.0,4.0,,1,1,0,White,0,,,19.0,0,0,0
4252,1,7319,38,0,,1,6.0,4.0,,1,1,0,White,0,,,1.0,0,0,0
4253,1,7301,24,0,5.0,1,4.0,1.0,55.0,1,1,1,White,MIL,1.0,7020.0,16.0,0,492020,49
4254,1,7317,80,0,,1,6.0,4.0,,9,2,0,Hispanic,0,,,9.0,0,0,0
4255,1,7306,81,0,,2,6.0,4.0,,1,1,0,White,0,,,20.0,0,0,0
4256,1,7310,20,15,1.0,1,6.0,4.0,35.0,1,1,0,White,54,6.0,1108.0,19.0,0,151299,15
4257,1,7301,22,0,5.0,1,4.0,1.0,55.0,1,1,1,White,MIL,1.0,7220.0,16.0,0,493040,49
4258,1,7310,18,0,5.0,1,4.0,1.0,8.0,1,1,1,White,MIL,1.0,9830.0,16.0,0,559830,55
4259,1,7303,29,0,1.0,1,6.0,4.0,,9,2,0,Hispanic,722,,4720.0,13.0,0,412010,41
4260,1,7316,36,0,,1,6.0,4.0,,9,2,0,Hispanic,0,,,17.0,0,0,0
4261,1,7313,94,0,,2,6.0,4.0,,1,1,0,White,0,,,16.0,0,0,0
4262,1,7310,35,0,5.0,2,4.0,1.0,55.0,2,1,1,Black,MIL,1.0,9800.0,21.0,0,551010,55
4263,1,7316,40,0,,1,6.0,4.0,,1,1,0,White,0,,,14.0,0,0,0
4264,1,7306,59,0,2.0,2,6.0,4.0,,1,1,0,White,62,,5820.0,19.0,0,439022,43
4265,1,7316,56,0,8.0,1,6.0,4.0,,1,24,0,Hispanic,23,,6260.0,17.0,0,472061,47
4266,1,7318,79,0,,2,6.0,4.0,,1,1,0,White,0,,,24.0,0,0,0
4267,1,7308,74,0,,1,6.0,2.0,,1,1,0,White,0,,,16.0,0,0,0
4268,1,7319,18,0,,1,6.0,4.0,,9,2,0,Hispanic,0,,,16.0,0,0,0
4269,1,7321,23,0,5.0,1,1.0,2.0,50.0,1,1,1,White,722,1.0,4030.0,19.0,1,352021,35
4270,1,7301,21,0,5.0,1,4.0,1.0,50.0,1,1,1,White,MIL,1.0,7140.0,19.0,0,493011,49
4271,1,7316,78,0,,2,6.0,4.0,,1,1,0,White,0,,,21.0,0,0,0
4272,1,7315,18,15,1.0,2,6.0,4.0,,1,1,0,White,61,,4130.0,18.0,0,359011,35
4273,1,7315,20,15,,2,6.0,4.0,,6,1,0,Asian,0,,,19.0,0,0,0
4274,1,7303,84,0,,2,6.0,4.0,,1,1,0,White,0,,,1.0,0,0,0
4275,1,7317,20,0,1.0,1,6.0,4.0,20.0,1,1,0,White,21,5.0,6800.0,16.0,0,4750YY,47
4276,1,7318,34,0,1.0,1,6.0,4.0,,1,1,0,White,62,,9645.0,17.0,0,537065,53
4277,1,7313,18,15,,2,6.0,4.0,,1,2,0,Hispanic,0,,,18.0,0,0,0
4278,1,7301,23,0,5.0,1,4.0,1.0,50.0,8,11,1,Hispanic,MIL,1.0,9130.0,16.0,0,533030,53
4279,1,7309,85,0,,2,6.0,4.0,,8,2,0,Hispanic,0,,,16.0,0,0,0
4280,1,7319,17,13,,1,6.0,4.0,,9,2,0,Hispanic,0,,,13.0,0,0,0
4281,1,7321,36,0,5.0,2,4.0,1.0,70.0,2,1,1,Black,MIL,1.0,5000.0,21.0,0,431011,43
4282,1,7303,40,0,,1,6.0,4.0,,1,1,0,White,0,,,14.0,0,0,0
4283,1,7302,19,0,2.0,1,1.0,4.0,40.0,2,1,1,Black,722,1.0,4055.0,16.0,1,353023,35
4284,1,7315,20,15,6.0,2,6.0,4.0,40.0,1,1,0,White,722,6.0,4055.0,19.0,0,353023,35
4285,1,7321,21,0,5.0,1,4.0,1.0,60.0,1,1,1,White,MIL,1.0,1555.0,16.0,0,17302X,17
4286,1,7303,29,0,,1,6.0,4.0,,2,1,0,Black,0,,,16.0,0,0,0
4287,1,7316,26,0,5.0,1,1.0,2.0,65.0,6,1,1,Asian,56,1.0,4220.0,18.0,1,37201X,37
4288,1,7310,21,0,5.0,1,4.0,1.0,50.0,2,1,1,Black,MIL,1.0,9830.0,16.0,0,559830,55
4289,1,7310,19,0,5.0,1,4.0,1.0,50.0,1,1,1,White,MIL,1.0,7020.0,16.0,0,492020,49
4290,1,7310,70,0,,2,6.0,4.0,,1,1,0,White,0,,,21.0,0,0,0
4291,1,7316,21,0,5.0,1,4.0,1.0,64.0,6,1,1,Asian,MIL,1.0,7210.0,16.0,0,493031,49
4292,1,7301,21,0,5.0,1,1.0,2.0,50.0,1,1,1,White,23,1.0,6515.0,16.0,1,472181,47
4293,1,7307,35,0,,2,6.0,4.0,,1,1,0,White,0,,,14.0,0,0,0
4294,1,7301,22,0,5.0,1,4.0,1.0,50.0,1,1,1,White,MIL,1.0,7010.0,16.0,0,492011,49
4295,1,7316,30,0,,1,6.0,4.0,,1,24,0,Hispanic,0,,,20.0,0,0,0
4296,1,7302,60,0,1.0,1,1.0,4.0,40.0,6,1,1,Asian,62,1.0,3602.0,21.0,1,311122,31
4297,1,7316,30,0,5.0,1,4.0,1.0,65.0,2,1,1,Black,MIL,1.0,5000.0,18.0,0,431011,43
4298,1,7313,83,0,,2,6.0,4.0,,9,2,0,Hispanic,0,,,16.0,0,0,0
4299,1,7317,19,15,,2,6.0,4.0,,1,1,0,White,0,,,19.0,0,0,0
4300,1,7301,22,0,5.0,1,4.0,1.0,50.0,1,1,1,White,MIL,1.0,9825.0,16.0,0,553010,55
4301,1,7318,33,0,2.0,1,1.0,4.0,20.0,1,1,1,White,11,4.0,4251.0,16.0,1,373011,37
4302,1,7314,82,0,,1,6.0,4.0,,6,1,0,Asian,0,,,14.0,0,0,0
4303,1,7321,24,15,5.0,1,1.0,2.0,77.0,6,1,1,Asian,71,1.0,7240.0,18.0,1,493050,49
4304,1,7316,21,0,,1,6.0,4.0,,1,24,0,Hispanic,0,,,16.0,0,0,0
4305,1,7319,66,0,,1,6.0,4.0,,9,2,0,Hispanic,0,,,16.0,0,0,0
4306,1,7316,30,0,,1,6.0,4.0,,1,24,0,Hispanic,0,,,20.0,0,0,0
4307,1,7316,20,0,5.0,1,4.0,1.0,40.0,1,1,1,White,MIL,1.0,9825.0,19.0,0,553010,55
4308,1,7315,21,15,2.0,2,1.0,4.0,6.0,1,2,1,Hispanic,61,6.0,5400.0,19.0,1,434171,43
4309,1,7322,52,0,,1,6.0,4.0,,2,1,0,Black,0,,,21.0,0,0,0
4310,1,7322,21,0,,1,6.0,4.0,,2,1,0,Black,0,,,14.0,0,0,0
4311,1,7303,90,0,,1,6.0,4.0,,1,1,0,White,0,,,18.0,0,0,0
4312,1,7301,21,0,5.0,1,1.0,2.0,50.0,1,1,1,White,23,1.0,6515.0,16.0,1,472181,47
4313,1,7321,52,0,,1,6.0,4.0,,2,1,0,Black,0,,,21.0,0,0,0
4314,1,7301,21,0,5.0,1,4.0,1.0,50.0,8,2,1,Hispanic,MIL,1.0,9825.0,16.0,0,553010,55
4315,1,7316,25,15,5.0,1,1.0,2.0,72.0,1,1,1,White,56,1.0,4220.0,19.0,1,37201X,37
4316,1,7301,22,0,5.0,1,4.0,1.0,50.0,2,1,1,Black,MIL,1.0,9825.0,16.0,0,553010,55
4317,1,7303,63,0,,1,6.0,4.0,,9,2,0,Hispanic,0,,,21.0,0,0,0
4318,1,7310,30,0,5.0,1,1.0,2.0,84.0,1,1,1,White,56,1.0,4220.0,19.0,1,37201X,37
4319,1,7316,76,0,,2,6.0,4.0,,1,24,0,Hispanic,0,,,16.0,0,0,0
4320,1,7316,21,0,5.0,1,4.0,1.0,50.0,8,2,1,Hispanic,MIL,1.0,9830.0,16.0,0,559830,55
4321,1,7301,23,0,5.0,1,4.0,1.0,55.0,1,23,1,Hispanic,MIL,1.0,9130.0,16.0,0,533030,53
4322,1,7310,23,0,5.0,1,4.0,1.0,75.0,1,1,1,White,MIL,1.0,3740.0,16.0,0,332011,33
4323,1,7313,61,0,,1,6.0,4.0,,1,1,0,White,0,,,16.0,0,0,0
4324,1,7320,16,12,,1,6.0,,,8,2,0,Hispanic,0,,,12.0,0,0,0
4325,1,7312,22,0,5.0,1,1.0,2.0,70.0,1,1,1,White,62,1.0,2360.0,16.0,1,2530XX,25
4326,1,7322,49,0,,1,6.0,4.0,,1,24,0,Hispanic,0,,,17.0,0,0,0
4327,1,7307,22,15,6.0,2,6.0,4.0,40.0,1,1,0,White,722,6.0,4055.0,19.0,0,353023,35
4328,1,7317,85,0,,2,6.0,4.0,,6,1,0,Asian,0,,,9.0,0,0,0
4329,1,7320,36,0,1.0,2,6.0,4.0,,8,2,0,Hispanic,62,,3602.0,18.0,0,311122,31
4330,1,7308,72,0,,1,6.0,2.0,,1,1,0,White,0,,,19.0,0,0,0
4331,1,7303,94,0,,2,6.0,4.0,,8,2,0,Hispanic,0,,,1.0,0,0,0
4332,1,7310,20,15,6.0,2,6.0,4.0,40.0,7,1,0,Other,722,6.0,4055.0,19.0,0,353023,35
4333,1,7315,18,15,,2,6.0,4.0,,1,1,0,White,0,,,18.0,0,0,0
4334,1,7301,21,0,5.0,1,4.0,1.0,50.0,9,1,1,Two or More,MIL,1.0,9800.0,16.0,0,551010,55
4335,1,7309,82,0,,2,6.0,4.0,,1,1,0,White,0,,,16.0,0,0,0
4336,1,7302,16,14,,1,6.0,,,9,2,0,Hispanic,0,,,14.0,0,0,0
4337,1,7313,72,0,,1,6.0,4.0,,8,2,0,Hispanic,0,,,1.0,0,0,0
4338,1,7321,18,0,5.0,1,4.0,1.0,30.0,6,1,1,Asian,MIL,1.0,9830.0,16.0,0,559830,55
4339,1,7319,14,10,,1,,,,2,1,0,Black,0,,,10.0,0,0,0
4340,1,7310,33,0,5.0,1,1.0,2.0,82.0,1,1,1,White,62,1.0,3602.0,22.0,1,311122,31
4341,1,7316,42,0,,1,6.0,4.0,,8,11,0,Hispanic,0,,,1.0,0,0,0
4342,1,7301,20,0,5.0,1,4.0,1.0,50.0,1,1,1,White,MIL,1.0,9825.0,16.0,0,553010,55
4343,1,7310,19,0,5.0,1,4.0,1.0,50.0,1,23,1,Hispanic,MIL,1.0,7020.0,16.0,0,492020,49
4344,1,7310,19,15,,2,6.0,4.0,,1,1,0,White,0,,,19.0,0,0,0
4345,1,7321,30,0,5.0,1,4.0,1.0,65.0,2,1,1,Black,MIL,1.0,5000.0,18.0,0,431011,43
4346,1,7301,21,0,5.0,2,4.0,1.0,50.0,1,1,1,White,MIL,1.0,1108.0,16.0,0,151299,15
4347,1,7303,18,15,1.0,2,6.0,4.0,,1,1,0,White,61,,4130.0,18.0,0,359011,35
4348,1,7313,46,0,6.0,2,6.0,4.0,,1,1,0,White,81,,3630.0,18.0,0,319011,31
4349,1,7321,21,0,5.0,1,1.0,2.0,50.0,1,1,1,White,23,1.0,6515.0,16.0,1,472181,47
4350,1,7310,19,15,,2,6.0,4.0,,1,1,0,White,0,,,19.0,0,0,0
4351,1,7319,16,13,,1,6.0,,,9,2,0,Hispanic,0,,,13.0,0,0,0
4352,1,7301,22,0,5.0,1,4.0,1.0,50.0,1,1,1,White,MIL,1.0,9825.0,16.0,0,553010,55
4353,1,7301,18,15,5.0,1,4.0,1.0,35.0,1,2,1,Hispanic,MIL,1.0,9830.0,18.0,0,559830,55
4354,1,7310,20,0,5.0,2,1.0,2.0,50.0,1,1,1,White,62,1.0,3601.0,16.0,1,311121,31
4355,1,7315,19,15,,2,6.0,4.0,,1,1,0,White,0,,,19.0,0,0,0
4356,1,7310,22,0,5.0,1,4.0,1.0,55.0,1,1,1,White,MIL,1.0,7220.0,16.0,0,493040,49
4357,1,7301,22,0,5.0,1,4.0,1.0,50.0,1,1,1,White,MIL,1.0,7010.0,16.0,0,492011,49
4358,1,7315,17,13,,1,6.0,4.0,,2,1,0,Black,0,,,13.0,0,0,0
4359,1,7315,20,15,,2,6.0,4.0,,9,21,0,Hispanic,0,,,19.0,0,0,0
4360,1,7319,21,0,,2,6.0,4.0,,9,2,0,Hispanic,0,,,16.0,0,0,0
4361,1,7316,20,0,5.0,1,4.0,1.0,50.0,1,1,1,White,MIL,1.0,7030.0,16.0,0,492091,49
4362,1,7303,50,0,,1,6.0,4.0,,2,1,0,Black,0,,,19.0,0,0,0
4363,1,7301,23,0,5.0,1,4.0,1.0,50.0,1,1,1,White,MIL,1.0,9830.0,20.0,0,559830,55
4364,1,7312,90,0,,2,6.0,4.0,,1,1,0,White,0,,,16.0,0,0,0
4365,1,7317,18,15,,2,6.0,4.0,,1,1,0,White,0,,,18.0,0,0,0
4366,1,7313,83,0,,1,6.0,4.0,,8,9,0,Hispanic,0,,,14.0,0,0,0
4367,1,7316,39,0,,1,6.0,4.0,,3,1,0,Other,0,,,13.0,0,0,0
4368,1,7301,40,0,1.0,1,6.0,2.0,,2,1,0,Black,49,,9645.0,16.0,0,537065,53
4369,1,7318,17,14,,1,6.0,4.0,,5,2,0,Hispanic,0,,,14.0,0,0,0
4370,1,7313,51,0,,2,6.0,4.0,,1,2,0,Hispanic,0,,,16.0,0,0,0
4371,1,7317,18,15,,2,6.0,4.0,,1,1,0,White,0,,,19.0,0,0,0
4372,1,7321,94,0,,2,6.0,4.0,,8,2,0,Hispanic,0,,,11.0,0,0,0
4373,1,7322,35,0,,1,6.0,4.0,,9,2,0,Hispanic,0,,,13.0,0,0,0
4374,1,7319,18,0,,1,6.0,4.0,,2,1,0,Black,0,,,16.0,0,0,0
4375,1,7322,29,0,,1,6.0,4.0,,1,1,0,White,0,,,18.0,0,0,0
4376,1,7312,19,0,5.0,1,4.0,1.0,50.0,1,1,1,White,MIL,1.0,7220.0,16.0,0,493040,49
4377,1,7321,94,0,,2,6.0,4.0,,2,1,0,Black,0,,,16.0,0,0,0
4378,1,7316,19,0,1.0,1,6.0,4.0,40.0,1,24,0,Hispanic,56,4.0,4251.0,16.0,0,373011,37
4379,1,7315,19,15,1.0,2,6.0,4.0,15.0,6,1,0,Asian,722,6.0,4110.0,16.0,0,353031,35
4380,1,7317,19,15,3.0,1,6.0,4.0,19.0,1,2,0,Hispanic,44,6.0,9620.0,19.0,0,537062,53
4381,1,7316,22,0,5.0,1,4.0,1.0,80.0,1,1,1,White,MIL,1.0,9825.0,18.0,0,553010,55
4382,1,7313,57,0,,2,6.0,4.0,,1,1,0,White,0,,,16.0,0,0,0
4383,1,7316,26,0,5.0,1,4.0,1.0,40.0,1,1,1,White,MIL,1.0,9825.0,21.0,0,553010,55
4384,1,7321,22,0,5.0,1,1.0,2.0,50.0,2,1,1,Black,722,1.0,4020.0,16.0,1,352010,35
4385,1,7321,60,0,,1,6.0,4.0,,2,1,0,Black,0,,,16.0,0,0,0
4386,1,7309,94,0,,2,6.0,4.0,,6,1,0,Asian,0,,,16.0,0,0,0
4387,1,7313,19,0,1.0,2,6.0,4.0,,1,1,0,White,722,,4110.0,14.0,0,353031,35
4388,1,7310,20,0,5.0,1,4.0,1.0,40.0,9,2,1,Hispanic,MIL,1.0,4020.0,16.0,0,352010,35
4389,1,7301,22,0,5.0,1,4.0,1.0,50.0,1,1,1,White,MIL,1.0,7010.0,16.0,0,492011,49
4390,1,7312,22,0,5.0,1,4.0,1.0,50.0,1,1,1,White,MIL,1.0,9825.0,16.0,0,553010,55
4391,1,7301,28,0,5.0,1,4.0,1.0,55.0,1,1,1,White,MIL,1.0,9810.0,16.0,0,552010,55
4392,1,7313,21,0,1.0,2,6.0,4.0,,8,24,0,Hispanic,722,,4110.0,16.0,0,353031,35
4393,1,7316,20,0,5.0,1,4.0,1.0,70.0,1,5,1,Hispanic,MIL,1.0,7000.0,16.0,0,491011,49
4394,1,7319,66,0,,2,6.0,4.0,,8,19,0,Hispanic,0,,,16.0,0,0,0
4395,1,7301,18,0,5.0,1,4.0,1.0,8.0,1,1,1,White,MIL,1.0,9830.0,16.0,0,559830,55
4396,1,7301,24,0,5.0,1,1.0,2.0,50.0,1,1,1,White,722,1.0,4220.0,19.0,1,37201X,37
4397,1,7319,35,0,,1,6.0,4.0,,9,2,0,Hispanic,0,,,13.0,0,0,0
4398,1,7306,52,0,,2,6.0,4.0,,1,1,0,White,0,,,16.0,0,0,0
4399,1,7322,48,0,,1,6.0,4.0,,1,1,0,White,0,,,16.0,0,0,0
4400,1,7310,19,15,1.0,1,1.0,4.0,30.0,1,1,1,White,53,1.0,410.0,16.0,1,119141,11
4401,1,7315,45,0,4.0,2,6.0,4.0,6.0,2,1,0,Black,62,1.0,4120.0,16.0,0,353041,35
4402,1,7315,20,15,,1,6.0,4.0,,1,1,0,White,0,,,19.0,0,0,0
4403,1,7319,40,0,,1,6.0,4.0,,9,2,0,Hispanic,0,,,16.0,0,0,0
4404,1,7322,68,0,,1,6.0,4.0,,2,1,0,Black,0,,,17.0,0,0,0
4405,1,7321,20,0,5.0,2,1.0,2.0,50.0,1,1,1,White,62,1.0,3601.0,16.0,1,311121,31
4406,1,7321,30,0,5.0,1,4.0,1.0,65.0,2,1,1,Black,MIL,1.0,5000.0,18.0,0,431011,43
4407,1,7303,83,0,,1,6.0,4.0,,8,2,0,Hispanic,0,,,6.0,0,0,0
4408,1,7322,47,0,,1,6.0,4.0,,2,1,0,Black,0,,,16.0,0,0,0
4409,1,7313,69,0,,2,6.0,4.0,,1,1,0,White,0,,,16.0,0,0,0
4410,1,7306,41,0,1.0,1,3.0,4.0,,3,7,0,Hispanic,23,,6515.0,1.0,1,472181,47
4411,1,7301,21,0,5.0,1,4.0,1.0,50.0,1,3,1,Hispanic,MIL,1.0,5040.0,16.0,0,432099,43
4412,1,7310,20,15,,1,6.0,4.0,,1,1,0,White,0,,,19.0,0,0,0
4413,1,7316,22,0,5.0,1,1.0,2.0,70.0,1,1,1,White,62,1.0,2360.0,16.0,1,2530XX,25
4414,1,7310,21,15,2.0,2,1.0,4.0,20.0,9,1,1,Two or More,62,6.0,3603.0,19.0,1,311131,31
4415,1,7321,19,0,5.0,1,4.0,1.0,50.0,6,1,1,Asian,MIL,1.0,6230.0,16.0,0,472031,47
4416,1,7322,40,0,,1,6.0,4.0,,1,1,0,White,0,,,17.0,0,0,0
4417,1,7310,18,15,,2,6.0,4.0,,1,1,0,White,0,,,18.0,0,0,0
4418,1,7301,19,0,5.0,1,4.0,1.0,50.0,1,2,1,Hispanic,MIL,1.0,6230.0,16.0,0,472031,47
4419,1,7316,17,13,,2,6.0,4.0,,2,1,0,Black,0,,,13.0,0,0,0
4420,1,7305,20,15,6.0,2,6.0,4.0,40.0,1,1,0,White,722,6.0,4055.0,19.0,0,353023,35
4421,1,7319,62,0,,1,6.0,4.0,,9,2,0,Hispanic,0,,,8.0,0,0,0
4422,1,7301,20,0,5.0,1,4.0,1.0,50.0,1,1,1,White,MIL,1.0,7020.0,18.0,0,492020,49
4423,1,7305,94,0,,2,6.0,4.0,,1,1,0,White,0,,,16.0,0,0,0
4424,1,7314,62,0,1.0,1,6.0,4.0,,8,2,0,Hispanic,81,,9610.0,16.0,0,537061,53
4425,1,7301,21,0,5.0,1,4.0,1.0,50.0,9,2,1,Hispanic,MIL,1.0,9645.0,16.0,0,537065,53
4426,1,7308,72,0,,1,6.0,4.0,,1,1,0,White,0,,,16.0,0,0,0
4427,1,7316,36,0,5.0,1,4.0,1.0,60.0,1,1,1,White,MIL,1.0,7100.0,19.0,0,49209X,49
4428,1,7309,72,0,,1,6.0,4.0,,1,1,0,White,0,,,16.0,0,0,0
4429,1,7301,27,0,5.0,1,1.0,2.0,45.0,2,1,1,Black,61,1.0,2350.0,20.0,1,253041,25
4430,1,7310,18,0,5.0,1,1.0,2.0,10.0,8,2,1,Hispanic,53,6.0,9610.0,16.0,1,537061,53
4431,1,7301,23,0,5.0,1,4.0,1.0,50.0,1,1,1,White,MIL,1.0,3802.0,19.0,0,333012,33
4432,1,7321,24,0,5.0,1,4.0,1.0,99.0,1,1,1,White,MIL,1.0,7100.0,16.0,0,49209X,49
4433,1,7301,28,0,5.0,1,4.0,1.0,40.0,1,23,1,Hispanic,MIL,1.0,7340.0,19.0,0,499071,49
4434,1,7322,41,0,,1,6.0,4.0,,2,1,0,Black,0,,,17.0,0,0,0
4435,1,7310,21,15,1.0,1,1.0,4.0,18.0,1,1,1,White,61,6.0,2545.0,19.0,1,259040,25
4436,1,7313,63,0,2.0,2,1.0,4.0,40.0,1,1,1,White,71,1.0,2640.0,18.0,1,27102X,27
4437,1,7301,22,0,5.0,1,4.0,1.0,50.0,2,1,1,Black,MIL,1.0,9825.0,16.0,0,553010,55
4438,1,7313,33,0,,2,6.0,4.0,,1,1,0,White,0,,,18.0,0,0,0
4439,1,7314,19,15,,2,6.0,4.0,,9,2,0,Hispanic,0,,,16.0,0,0,0
4440,1,7301,20,0,5.0,1,4.0,1.0,55.0,1,1,1,White,MIL,1.0,7030.0,16.0,0,492091,49
4441,1,7310,22,0,5.0,1,4.0,1.0,50.0,8,2,1,Hispanic,MIL,1.0,5860.0,16.0,0,439061,43
4442,1,7321,42,0,3.0,1,6.0,4.0,,2,1,0,Black,92,,4220.0,14.0,0,37201X,37
4443,1,7317,18,15,1.0,2,6.0,4.0,,1,1,0,White,61,,4130.0,18.0,0,359011,35
4444,1,7321,68,0,,1,6.0,2.0,,1,1,0,White,0,,,20.0,0,0,0
4445,1,7318,65,0,1.0,1,1.0,4.0,84.0,8,1,1,White,31,1.0,140.0,21.0,1,113051,11
4446,1,7305,35,0,1.0,1,1.0,2.0,20.0,2,1,1,Black,56,1.0,4220.0,16.0,1,37201X,37
4447,1,7321,20,0,5.0,1,4.0,1.0,60.0,2,1,1,Black,MIL,1.0,9825.0,18.0,0,553010,55
4448,1,7308,73,0,,1,6.0,4.0,,1,1,0,White,0,,,18.0,0,0,0
4449,1,7313,78,0,,2,6.0,4.0,,1,1,0,White,0,,,21.0,0,0,0
4450,1,7306,62,0,,2,6.0,4.0,,2,1,0,Black,0,,,22.0,0,0,0
4451,1,7301,23,0,5.0,1,4.0,1.0,50.0,9,4,1,Hispanic,MIL,1.0,9130.0,16.0,0,533030,53
4452,1,7321,17,14,,1,6.0,4.0,,2,1,0,Black,0,,,14.0,0,0,0
4453,1,7322,41,0,,1,6.0,4.0,,3,1,0,Other,0,,,14.0,0,0,0
4454,1,7313,41,0,2.0,2,6.0,4.0,40.0,8,24,0,Hispanic,81,5.0,750.0,17.0,0,131199,13
4455,1,7301,69,0,,1,6.0,4.0,,8,2,0,Hispanic,0,,,9.0,0,0,0
4456,1,7301,20,0,5.0,1,4.0,1.0,55.0,1,1,1,White,MIL,1.0,9040.0,16.0,0,532020,53
4457,1,7319,15,12,,1,,,,2,1,0,Black,0,,,12.0,0,0,0
4458,1,7301,21,0,5.0,1,4.0,1.0,50.0,8,2,1,Hispanic,MIL,1.0,9825.0,16.0,0,553010,55
4459,1,7322,51,0,,1,6.0,4.0,,1,1,0,White,0,,,16.0,0,0,0
4460,1,7301,22,0,5.0,1,4.0,1.0,50.0,1,1,1,White,MIL,1.0,9825.0,16.0,0,553010,55
4461,1,7301,23,0,5.0,1,1.0,2.0,50.0,1,1,1,White,722,1.0,4030.0,19.0,1,352021,35
4462,1,7312,20,0,5.0,1,4.0,1.0,40.0,9,2,1,Hispanic,MIL,1.0,4020.0,16.0,0,352010,35
4463,1,7301,19,0,5.0,1,4.0,1.0,50.0,1,1,1,White,MIL,1.0,7220.0,16.0,0,493040,49
4464,1,7317,59,0,,2,6.0,4.0,,2,1,0,Black,0,,,15.0,0,0,0
4465,1,7310,18,15,5.0,1,4.0,1.0,35.0,1,2,1,Hispanic,MIL,1.0,9830.0,18.0,0,559830,55
4466,1,7310,19,15,,2,6.0,4.0,,1,1,0,White,0,,,19.0,0,0,0
4467,1,7319,41,0,,1,6.0,4.0,,2,1,0,Black,0,,,17.0,0,0,0
4468,1,7301,27,0,5.0,1,4.0,1.0,50.0,9,1,1,Two or More,MIL,1.0,7430.0,16.0,0,499060,49
4469,1,7312,20,0,5.0,1,4.0,1.0,50.0,1,1,1,White,MIL,1.0,9825.0,16.0,0,553010,55
4470,1,7301,23,0,5.0,1,4.0,1.0,60.0,8,2,1,Hispanic,MIL,1.0,4020.0,16.0,0,352010,35
4471,1,7318,72,0,,1,6.0,2.0,,1,1,0,White,0,,,19.0,0,0,0
4472,1,7301,19,0,5.0,1,4.0,1.0,50.0,2,1,1,Black,MIL,1.0,7020.0,16.0,0,492020,49
4473,1,7301,21,0,5.0,1,1.0,2.0,50.0,1,1,1,White,23,1.0,6515.0,16.0,1,472181,47
4474,1,7301,20,0,5.0,1,4.0,1.0,55.0,1,1,1,White,MIL,1.0,9040.0,16.0,0,532020,53
4475,1,7301,21,0,5.0,1,1.0,2.0,50.0,1,1,1,White,62,1.0,2360.0,16.0,1,2530XX,25
4476,1,7316,37,0,,1,6.0,4.0,,1,24,0,Hispanic,0,,,11.0,0,0,0
4477,1,7313,76,0,,2,6.0,4.0,,1,1,0,White,0,,,20.0,0,0,0
4478,1,7310,20,15,,2,6.0,4.0,,1,1,0,White,0,,,19.0,0,0,0
4479,1,7318,90,0,,1,6.0,2.0,,1,1,0,White,0,,,19.0,0,0,0
4480,1,7321,20,0,5.0,1,4.0,1.0,50.0,1,1,1,White,MIL,1.0,6230.0,16.0,0,472031,47
4481,1,7303,39,0,,1,6.0,4.0,,1,1,0,White,0,,,19.0,0,0,0
4482,1,7319,40,0,,1,6.0,4.0,,1,1,0,White,0,,,14.0,0,0,0
4483,1,7319,24,0,1.0,1,6.0,4.0,,1,1,0,White,722,,4020.0,18.0,0,352010,35
4484,1,7316,19,0,5.0,2,4.0,1.0,80.0,2,1,1,Black,MIL,1.0,9825.0,16.0,0,553010,55
4485,1,7310,21,0,5.0,1,4.0,1.0,50.0,9,1,1,Two or More,MIL,1.0,9800.0,16.0,0,551010,55
4486,1,7310,19,15,,2,6.0,4.0,,1,1,0,White,0,,,19.0,0,0,0
4487,1,7319,29,0,1.0,1,6.0,4.0,,9,2,0,Hispanic,722,,4720.0,13.0,0,412010,41
4488,1,7315,20,15,,1,6.0,4.0,,1,1,0,White,0,,,19.0,0,0,0
4489,1,7321,22,0,5.0,1,4.0,1.0,80.0,1,1,1,White,MIL,1.0,9825.0,18.0,0,553010,55
4490,1,7310,25,0,5.0,1,1.0,2.0,83.0,6,1,1,Asian,62,1.0,8710.0,16.0,1,519030,51
4491,1,7321,22,0,5.0,1,4.0,1.0,80.0,8,11,1,Hispanic,MIL,1.0,7020.0,16.0,0,492020,49
4492,1,7301,19,0,5.0,1,4.0,1.0,50.0,1,2,1,Hispanic,MIL,1.0,6230.0,16.0,0,472031,47
4493,1,7301,20,0,5.0,1,4.0,1.0,50.0,1,1,1,White,MIL,1.0,6230.0,16.0,0,472031,47
4494,1,7310,22,0,5.0,1,4.0,1.0,40.0,9,2,1,Hispanic,MIL,1.0,1108.0,16.0,0,151299,15
4495,1,7322,35,0,,1,6.0,4.0,,9,2,0,Hispanic,0,,,13.0,0,0,0
4496,1,7309,75,0,,2,6.0,4.0,,1,1,0,White,0,,,16.0,0,0,0
4497,1,7309,21,0,,2,6.0,4.0,,9,2,0,Hispanic,0,,,16.0,0,0,0
4498,1,7315,20,15,1.0,2,1.0,4.0,10.0,1,2,1,Hispanic,61,6.0,1050.0,19.0,1,151230,15
4499,1,7316,49,0,,1,6.0,4.0,,1,24,0,Hispanic,0,,,17.0,0,0,0
4500,1,7318,26,15,5.0,2,4.0,1.0,40.0,2,1,1,Black,MIL,1.0,9825.0,21.0,0,553010,55
4501,1,7319,15,13,,1,,,,9,2,0,Hispanic,0,,,13.0,0,0,0
4502,1,7307,50,0,,1,6.0,4.0,,1,1,0,White,0,,,17.0,0,0,0
4503,1,7315,19,15,1.0,1,6.0,4.0,25.0,1,1,0,White,54,6.0,5860.0,19.0,0,439061,43
4504,1,7319,56,0,1.0,1,6.0,4.0,40.0,1,1,0,White,44,3.0,9645.0,16.0,0,537065,53
4505,1,7301,18,0,5.0,1,4.0,1.0,30.0,6,1,1,Asian,MIL,1.0,9830.0,16.0,0,559830,55
4506,1,7322,35,0,,1,6.0,4.0,,1,1,0,White,0,,,17.0,0,0,0
4507,1,7313,60,0,,1,6.0,4.0,,1,1,0,White,0,,,16.0,0,0,0
4508,1,7316,26,0,5.0,2,4.0,1.0,40.0,6,1,1,Asian,MIL,1.0,9830.0,21.0,0,559830,55
4509,1,7301,20,0,5.0,1,4.0,1.0,40.0,9,2,1,Hispanic,MIL,1.0,4020.0,16.0,0,352010,35
4510,1,7317,32,0,,1,6.0,4.0,,6,1,0,Asian,0,,,16.0,0,0,0
4511,1,7316,27,0,1.0,2,3.0,4.0,,9,2,0,Hispanic,722,,4720.0,16.0,1,412010,41
4512,1,7303,56,0,1.0,1,6.0,4.0,40.0,1,1,0,White,44,3.0,9645.0,16.0,0,537065,53
4513,1,7301,25,0,5.0,1,4.0,1.0,50.0,1,1,1,White,MIL,1.0,1551.0,16.0,0,173023,17
4514,1,7310,53,0,1.0,2,6.0,4.0,40.0,9,24,0,Hispanic,721,6.0,4230.0,21.0,0,372012,37
4515,1,7316,21,0,5.0,1,4.0,1.0,50.0,1,1,1,White,MIL,1.0,7430.0,16.0,0,499060,49
4516,1,7306,50,0,1.0,2,1.0,2.0,35.0,2,1,1,Black,42,1.0,5740.0,18.0,1,436014,43
4517,1,7322,68,0,,1,6.0,4.0,,2,1,0,Black,0,,,17.0,0,0,0
4518,1,7317,37,0,,1,6.0,4.0,,5,2,0,Hispanic,0,,,14.0,0,0,0
4519,1,7301,21,0,5.0,1,4.0,1.0,55.0,1,1,1,White,MIL,1.0,1105.0,18.0,0,151244,15
4520,1,7315,90,0,,1,6.0,3.0,,1,1,0,White,0,,,16.0,0,0,0
4521,1,7308,73,0,,1,6.0,4.0,,9,2,0,Hispanic,0,,,9.0,0,0,0
4522,1,7321,53,0,,2,6.0,4.0,,6,1,0,Asian,0,,,14.0,0,0,0
4523,1,7301,27,0,5.0,1,4.0,1.0,50.0,1,1,1,White,MIL,1.0,9825.0,16.0,0,553010,55
4524,1,7312,21,0,5.0,1,4.0,1.0,50.0,2,1,1,Black,MIL,1.0,9040.0,16.0,0,532020,53
4525,1,7319,29,0,,1,6.0,4.0,,2,1,0,Black,0,,,16.0,0,0,0
4526,1,7312,23,0,5.0,1,4.0,1.0,50.0,1,1,1,White,MIL,1.0,3802.0,19.0,0,333012,33
4527,1,7301,20,0,5.0,1,4.0,1.0,50.0,1,1,1,White,MIL,1.0,9825.0,16.0,0,553010,55
4528,1,7308,35,0,,1,6.0,4.0,,1,1,0,White,0,,,16.0,0,0,0
4529,1,7310,25,0,5.0,1,4.0,1.0,50.0,1,1,1,White,MIL,1.0,9830.0,16.0,0,559830,55
4530,1,7313,78,0,,1,6.0,4.0,,1,1,0,White,0,,,16.0,0,0,0
4531,1,7312,28,0,5.0,1,4.0,1.0,55.0,1,1,1,White,MIL,1.0,9810.0,16.0,0,552010,55
4532,1,7319,31,0,1.0,1,6.0,4.0,40.0,9,2,0,Hispanic,23,3.0,6330.0,13.0,0,472080,47
4533,1,7301,28,0,5.0,1,4.0,1.0,55.0,1,1,1,White,MIL,1.0,9810.0,16.0,0,552010,55
4534,1,7322,41,0,,1,6.0,4.0,,3,1,0,Other,0,,,14.0,0,0,0
4535,1,7306,58,0,,2,6.0,4.0,,1,1,0,White,0,,,18.0,0,0,0
4536,1,7301,26,0,5.0,1,6.0,2.0,,8,1,0,White,MIL,,7430.0,17.0,0,499060,49
4537,1,7315,82,0,,2,6.0,4.0,,1,1,0,White,0,,,16.0,0,0,0
4538,1,7308,24,0,,1,6.0,4.0,,2,1,0,Black,0,,,16.0,0,0,0
4539,1,7318,86,0,,2,6.0,4.0,,6,1,0,Asian,0,,,16.0,0,0,0
4540,1,7321,20,0,5.0,1,4.0,1.0,50.0,1,1,1,White,MIL,1.0,1105.0,16.0,0,151244,15
4541,1,7301,21,0,5.0,1,4.0,1.0,50.0,2,1,1,Black,MIL,1.0,9040.0,16.0,0,532020,53
4542,1,7310,69,0,,2,6.0,4.0,,6,1,0,Asian,0,,,20.0,0,0,0
4543,1,7304,69,0,1.0,1,6.0,4.0,20.0,2,1,0,Black,56,3.0,9620.0,22.0,0,537062,53
4544,1,7317,20,15,1.0,2,2.0,4.0,23.0,9,2,1,Hispanic,51,6.0,3930.0,19.0,1,339030,33
4545,1,7321,26,0,5.0,2,4.0,1.0,40.0,6,1,1,Asian,MIL,1.0,9830.0,21.0,0,559830,55
4546,1,7302,32,0,9.0,1,3.0,4.0,,8,2,0,Hispanic,99,,9920.0,14.0,1,999920,99
4547,1,7301,21,0,5.0,1,4.0,1.0,50.0,9,2,1,Hispanic,MIL,1.0,9130.0,16.0,0,533030,53
4548,1,7312,22,0,5.0,1,1.0,2.0,70.0,1,1,1,White,62,1.0,2360.0,16.0,1,2530XX,25
4549,1,7313,28,0,1.0,2,6.0,4.0,40.0,1,1,0,White,61,3.0,2350.0,16.0,0,253041,25
4550,1,7310,30,0,5.0,1,1.0,2.0,40.0,7,1,1,Other,54,1.0,4840.0,19.0,1,413091,41
4551,1,7321,33,0,5.0,1,4.0,1.0,40.0,6,1,1,Asian,MIL,1.0,7100.0,19.0,0,49209X,49
4552,1,7306,50,0,1.0,2,1.0,2.0,35.0,2,1,1,Black,42,1.0,5740.0,18.0,1,436014,43
4553,1,7306,32,0,,2,6.0,4.0,,1,1,0,White,0,,,16.0,0,0,0
4554,1,7306,41,0,1.0,2,3.0,4.0,,1,2,0,Hispanic,31,,5120.0,18.0,1,433031,43
4555,1,7310,21,0,,1,6.0,4.0,,2,1,0,Black,0,,,16.0,0,0,0
4556,1,7306,58,0,,2,6.0,4.0,,1,1,0,White,0,,,18.0,0,0,0
4557,1,7316,21,0,5.0,1,4.0,1.0,60.0,1,1,1,White,MIL,1.0,1555.0,16.0,0,17302X,17
4558,1,7301,17,0,,1,6.0,4.0,,1,1,0,White,0,,,16.0,0,0,0
4559,1,7307,16,13,,1,6.0,,,2,1,0,Black,0,,,13.0,0,0,0
4560,1,7312,22,0,5.0,1,4.0,1.0,50.0,1,1,1,White,MIL,1.0,9825.0,16.0,0,553010,55
4561,1,7302,21,0,1.0,1,6.0,4.0,46.0,1,1,0,White,722,1.0,7200.0,19.0,0,493023,49
4562,1,7315,18,15,,2,6.0,4.0,,2,1,0,Black,0,,,18.0,0,0,0
4563,1,7312,29,0,5.0,1,4.0,1.0,50.0,9,1,1,Two or More,MIL,1.0,9825.0,19.0,0,553010,55
4564,1,7316,27,0,,1,6.0,4.0,,9,2,0,Hispanic,0,,,19.0,0,0,0
4565,1,7322,40,0,,1,6.0,4.0,,2,1,0,Black,0,,,17.0,0,0,0
4566,1,7310,20,0,5.0,1,4.0,1.0,50.0,1,1,1,White,MIL,1.0,7020.0,16.0,0,492020,49
4567,1,7319,28,0,,1,6.0,4.0,,1,1,0,White,0,,,16.0,0,0,0
4568,1,7315,19,15,,2,6.0,4.0,,1,1,0,White,0,,,19.0,0,0,0
4569,1,7303,71,0,,2,6.0,4.0,,1,1,0,White,0,,,19.0,0,0,0
4570,1,7322,43,0,,1,6.0,4.0,,9,2,0,Hispanic,0,,,14.0,0,0,0
4571,1,7316,35,0,5.0,1,4.0,1.0,68.0,9,1,1,Two or More,MIL,1.0,9810.0,18.0,0,552010,55
4572,1,7322,40,0,,1,6.0,4.0,,1,1,0,White,0,,,17.0,0,0,0
4573,1,7317,21,15,1.0,1,1.0,4.0,18.0,1,1,1,White,61,6.0,2545.0,19.0,1,259040,25
4574,1,7319,29,0,1.0,1,3.0,4.0,50.0,7,1,0,Other,22,2.0,7410.0,19.0,1,499051,49
4575,1,7306,61,0,,2,6.0,4.0,,2,1,0,Black,0,,,16.0,0,0,0
4576,1,7310,21,0,5.0,1,1.0,2.0,50.0,9,1,1,Two or More,62,1.0,2360.0,16.0,1,2530XX,25
4577,1,7302,16,13,,1,6.0,,,9,2,0,Hispanic,0,,,13.0,0,0,0
4578,1,7316,29,0,1.0,1,6.0,4.0,,9,2,0,Hispanic,722,,4720.0,13.0,0,412010,41
4579,1,7318,29,0,,1,6.0,4.0,,1,1,0,White,0,,,18.0,0,0,0
4580,1,7301,20,0,5.0,1,4.0,1.0,50.0,1,1,1,White,MIL,1.0,6230.0,16.0,0,472031,47
4581,1,7312,23,0,5.0,1,4.0,1.0,55.0,1,23,1,Hispanic,MIL,1.0,9130.0,16.0,0,533030,53
4582,1,7301,19,0,5.0,1,4.0,1.0,50.0,1,23,1,Hispanic,MIL,1.0,7020.0,16.0,0,492020,49
4583,1,7321,83,0,,1,6.0,4.0,,2,1,0,Black,0,,,16.0,0,0,0
4584,1,7305,19,15,,1,6.0,4.0,,1,1,0,White,0,,,19.0,0,0,0
4585,1,7317,94,0,,1,6.0,4.0,,9,23,0,Hispanic,0,,,21.0,0,0,0
4586,1,7301,21,0,5.0,1,4.0,1.0,50.0,1,1,1,White,MIL,1.0,9645.0,16.0,0,537065,53
4587,1,7314,60,0,,1,6.0,4.0,,1,1,0,White,0,,,16.0,0,0,0
4588,1,7317,21,15,,2,6.0,4.0,,1,1,0,White,0,,,19.0,0,0,0
4589,1,7301,21,0,5.0,1,4.0,1.0,50.0,1,1,1,White,MIL,1.0,7430.0,16.0,0,499060,49
4590,1,7316,28,0,5.0,1,4.0,1.0,40.0,9,2,1,Hispanic,MIL,1.0,9030.0,21.0,0,532010,53
4591,1,7313,15,12,,1,,,,8,2,0,Hispanic,0,,,12.0,0,0,0
4592,1,7316,19,0,5.0,1,4.0,1.0,50.0,1,1,1,White,MIL,1.0,7220.0,16.0,0,493040,49
4593,1,7310,21,15,2.0,2,1.0,4.0,6.0,1,2,1,Hispanic,61,6.0,5400.0,19.0,1,434171,43
4594,1,7301,20,0,5.0,1,4.0,1.0,50.0,1,1,1,White,MIL,1.0,6230.0,16.0,0,472031,47
4595,1,7301,22,0,5.0,1,4.0,1.0,50.0,6,1,1,Asian,MIL,1.0,7030.0,20.0,0,492091,49
4596,1,7302,53,0,2.0,1,1.0,4.0,40.0,6,1,1,Asian,81,1.0,2040.0,22.0,1,212011,21
4597,1,7312,94,0,,2,6.0,4.0,,1,1,0,White,0,,,21.0,0,0,0
4598,1,7317,20,15,1.0,1,6.0,4.0,35.0,1,1,0,White,54,6.0,1108.0,19.0,0,151299,15
4599,1,7306,81,0,,2,6.0,4.0,,6,1,0,Asian,0,,,21.0,0,0,0
4600,1,7304,89,0,,2,6.0,4.0,,1,1,0,White,0,,,11.0,0,0,0
4601,1,7301,20,0,5.0,1,4.0,1.0,50.0,1,1,1,White,MIL,1.0,7020.0,18.0,0,492020,49
4602,1,7317,19,15,,2,6.0,4.0,,1,1,0,White,0,,,19.0,0,0,0
4603,1,7319,47,0,1.0,1,1.0,4.0,60.0,6,1,1,Asian,11,3.0,6115.0,16.0,1,453031,45
4604,1,7321,22,0,5.0,1,1.0,2.0,70.0,1,1,1,White,62,1.0,2360.0,16.0,1,2530XX,25
4605,1,7301,21,0,5.0,1,4.0,1.0,50.0,1,1,1,White,MIL,1.0,7430.0,16.0,0,499060,49
4606,1,7317,20,15,,2,6.0,4.0,,9,21,0,Hispanic,0,,,19.0,0,0,0
4607,1,7301,25,0,5.0,1,4.0,1.0,80.0,9,3,1,Hispanic,MIL,1.0,1240.0,21.0,0,1520XX,15
4608,1,7319,90,0,,2,6.0,4.0,,9,23,0,Hispanic,0,,,16.0,0,0,0
4609,1,7310,60,0,,1,6.0,3.0,,7,1,0,Other,0,,,18.0,0,0,0
4610,1,7310,22,0,5.0,1,4.0,1.0,50.0,1,1,1,White,MIL,1.0,9825.0,16.0,0,553010,55
4611,1,7301,20,0,5.0,1,1.0,2.0,50.0,1,1,1,White,62,1.0,2360.0,16.0,1,2530XX,25
4612,1,7306,64,0,,2,6.0,4.0,,2,1,0,Black,0,,,12.0,0,0,0
4613,1,7315,19,15,,2,6.0,4.0,,1,1,0,White,0,,,19.0,0,0,0
4614,1,7315,86,0,,2,6.0,4.0,,1,1,0,White,0,,,14.0,0,0,0
4615,1,7315,19,15,,2,6.0,4.0,,1,1,0,White,0,,,19.0,0,0,0
4616,1,7315,19,15,1.0,2,1.0,4.0,25.0,1,1,1,White,62,6.0,4600.0,19.0,1,399011,39
4617,1,7321,30,0,5.0,1,4.0,1.0,50.0,1,1,1,White,MIL,1.0,7100.0,16.0,0,49209X,49
4618,1,7317,18,15,,1,6.0,4.0,,1,1,0,White,0,,,18.0,0,0,0
4619,1,7315,85,0,,1,6.0,4.0,,9,20,0,Hispanic,0,,,23.0,0,0,0
4620,1,7301,24,0,5.0,1,4.0,1.0,50.0,1,1,1,White,MIL,1.0,9825.0,16.0,0,553010,55
4621,1,7310,19,15,,2,6.0,4.0,,1,1,0,White,0,,,19.0,0,0,0
4622,1,7310,22,15,6.0,2,6.0,4.0,40.0,1,1,0,White,722,6.0,4055.0,19.0,0,353023,35
4623,1,7301,20,0,5.0,1,4.0,1.0,40.0,9,2,1,Hispanic,MIL,1.0,4020.0,16.0,0,352010,35
4624,1,7319,66,0,,2,6.0,4.0,,1,1,0,White,0,,,19.0,0,0,0
4625,1,7310,22,0,5.0,1,4.0,1.0,50.0,1,1,1,White,MIL,1.0,9830.0,16.0,0,559830,55
4626,1,7322,46,0,,1,6.0,4.0,,9,2,0,Hispanic,0,,,13.0,0,0,0
4627,1,7317,19,15,1.0,1,6.0,4.0,25.0,1,1,0,White,54,6.0,5860.0,19.0,0,439061,43
4628,1,7315,18,15,1.0,2,6.0,4.0,,1,1,0,White,61,,4130.0,18.0,0,359011,35
4629,1,7301,22,0,5.0,1,4.0,1.0,50.0,1,1,1,White,MIL,1.0,9830.0,16.0,0,559830,55
4630,1,7312,21,0,5.0,1,4.0,1.0,50.0,1,1,1,White,MIL,1.0,9645.0,16.0,0,537065,53
4631,1,7310,22,15,1.0,1,1.0,4.0,15.0,1,1,1,White,71,6.0,4435.0,19.0,1,3930XX,39
4632,1,7317,51,0,,1,6.0,4.0,,1,1,0,White,0,,,16.0,0,0,0
4633,1,7317,20,15,,2,6.0,4.0,,9,21,0,Hispanic,0,,,19.0,0,0,0
4634,1,7312,23,0,5.0,1,4.0,1.0,60.0,8,2,1,Hispanic,MIL,1.0,4020.0,16.0,0,352010,35
4635,1,7303,69,0,,1,6.0,4.0,,1,1,0,White,0,,,21.0,0,0,0
4636,1,7312,19,0,5.0,1,4.0,1.0,50.0,1,23,1,Hispanic,MIL,1.0,7020.0,16.0,0,492020,49
4637,1,7310,19,15,,2,6.0,4.0,,9,2,0,Hispanic,0,,,16.0,0,0,0
4638,1,7316,63,0,,2,6.0,4.0,,1,1,0,White,0,,,18.0,0,0,0
4639,1,7301,65,0,4.0,2,6.0,4.0,40.0,1,1,0,White,62,1.0,7750.0,19.0,0,5120XX,51
4640,1,7306,90,0,,1,6.0,4.0,,1,1,0,White,0,,,18.0,0,0,0
4641,1,7302,61,0,1.0,1,1.0,2.0,30.0,1,2,1,Hispanic,23,6.0,6260.0,19.0,1,472061,47
4642,1,7316,21,0,5.0,1,4.0,1.0,50.0,8,2,1,Hispanic,MIL,1.0,9830.0,16.0,0,559830,55
4643,1,7316,31,0,5.0,1,4.0,1.0,60.0,1,1,1,White,MIL,1.0,160.0,21.0,0,113071,11
4644,1,7317,19,15,1.0,2,1.0,4.0,25.0,1,1,1,White,62,6.0,4600.0,19.0,1,399011,39
4645,1,7301,21,0,5.0,1,4.0,1.0,50.0,1,1,1,White,MIL,1.0,7430.0,16.0,0,499060,49
4646,1,7322,37,0,,1,6.0,4.0,,1,24,0,Hispanic,0,,,11.0,0,0,0
4647,1,7322,50,0,,1,6.0,4.0,,2,1,0,Black,0,,,14.0,0,0,0
4648,1,7316,29,0,5.0,1,4.0,1.0,50.0,9,1,1,Two or More,MIL,1.0,9825.0,19.0,0,553010,55
4649,1,7312,24,0,5.0,1,4.0,1.0,50.0,1,1,1,White,MIL,1.0,7340.0,16.0,0,499071,49
4650,1,7316,64,0,4.0,1,6.0,4.0,40.0,1,1,0,White,92,1.0,4220.0,17.0,0,37201X,37
4651,1,7301,23,0,5.0,1,4.0,1.0,55.0,1,23,1,Hispanic,MIL,1.0,9130.0,16.0,0,533030,53
4652,1,7301,24,0,5.0,1,4.0,1.0,50.0,1,1,1,White,MIL,1.0,7340.0,16.0,0,499071,49
4653,1,7316,73,0,,2,6.0,4.0,,1,1,0,White,0,,,18.0,0,0,0
4654,1,7306,49,0,,2,6.0,4.0,,1,1,0,White,0,,,19.0,0,0,0
4655,1,7313,61,0,,2,6.0,4.0,,1,1,0,White,0,,,16.0,0,0,0
4656,1,7310,94,0,,2,6.0,4.0,,8,2,0,Hispanic,0,,,11.0,0,0,0
4657,1,7315,21,15,1.0,1,1.0,4.0,18.0,1,1,1,White,61,6.0,2545.0,19.0,1,259040,25
4658,1,7310,20,15,,1,6.0,4.0,,1,1,0,White,0,,,19.0,0,0,0
4659,1,7301,28,0,5.0,1,4.0,1.0,40.0,1,23,1,Hispanic,MIL,1.0,7340.0,19.0,0,499071,49
4660,1,7301,23,0,5.0,1,4.0,1.0,75.0,1,1,1,White,MIL,1.0,3740.0,16.0,0,332011,33
4661,1,7321,94,0,,2,6.0,4.0,,1,1,0,White,0,,,21.0,0,0,0
4662,1,7305,66,0,,2,6.0,4.0,,8,2,0,Hispanic,0,,,16.0,0,0,0
4663,1,7321,25,0,5.0,1,4.0,1.0,50.0,1,1,1,White,MIL,1.0,7000.0,20.0,0,491011,49
4664,1,7319,46,0,1.0,1,3.0,4.0,90.0,1,1,0,White,32,1.0,7750.0,19.0,1,5120XX,51
4665,1,7310,26,0,5.0,1,1.0,2.0,65.0,6,1,1,Asian,56,1.0,4220.0,18.0,1,37201X,37
4666,1,7310,26,0,5.0,1,1.0,2.0,65.0,6,1,1,Asian,56,1.0,4220.0,18.0,1,37201X,37
4667,1,7317,19,15,1.0,1,1.0,4.0,30.0,1,1,1,White,53,1.0,410.0,16.0,1,119141,11
4668,1,7304,30,0,9.0,1,3.0,2.0,,1,1,0,White,99,,9920.0,16.0,1,999920,99
4669,1,7316,24,0,5.0,2,4.0,1.0,50.0,6,1,1,Asian,MIL,1.0,7030.0,16.0,0,492091,49
4670,1,7322,51,0,,1,6.0,4.0,,2,1,0,Black,0,,,1.0,0,0,0
4671,1,7309,53,0,,2,6.0,4.0,,1,1,0,White,0,,,16.0,0,0,0
4672,1,7306,60,0,,1,6.0,4.0,,8,2,0,Hispanic,0,,,14.0,0,0,0
4673,1,7303,94,0,,2,6.0,4.0,,1,1,0,White,0,,,1.0,0,0,0
4674,1,7309,46,0,,1,6.0,4.0,,6,1,0,Asian,0,,,16.0,0,0,0
4675,1,7318,30,0,2.0,1,1.0,4.0,40.0,2,1,1,Black,81,1.0,2360.0,24.0,1,2530XX,25
4676,1,7310,22,0,5.0,1,1.0,2.0,65.0,1,1,1,White,62,1.0,2360.0,16.0,1,2530XX,25
4677,1,7315,19,15,3.0,1,6.0,4.0,40.0,1,1,0,White,721,6.0,4622.0,19.0,0,399032,39
4678,1,7321,20,0,5.0,1,4.0,1.0,70.0,1,5,1,Hispanic,MIL,1.0,7000.0,16.0,0,491011,49
4679,1,7301,22,0,5.0,1,4.0,1.0,50.0,1,1,1,White,MIL,1.0,9830.0,16.0,0,559830,55
4680,1,7322,47,0,,1,6.0,4.0,,2,1,0,Black,0,,,16.0,0,0,0
4681,1,7307,26,0,1.0,1,6.0,4.0,32.0,7,1,0,Other,44,6.0,9645.0,16.0,0,537065,53
4682,1,7301,21,0,5.0,1,4.0,1.0,50.0,1,1,1,White,MIL,1.0,7210.0,16.0,0,493031,49
4683,1,7303,16,14,,1,6.0,,,9,2,0,Hispanic,0,,,14.0,0,0,0
4684,1,7322,42,0,3.0,1,6.0,4.0,,2,1,0,Black,92,,4220.0,14.0,0,37201X,37
4685,1,7301,22,0,5.0,1,4.0,1.0,50.0,1,1,1,White,MIL,1.0,9825.0,16.0,0,553010,55
4686,1,7316,35,0,5.0,1,4.0,1.0,68.0,9,1,1,Two or More,MIL,1.0,9810.0,18.0,0,552010,55
4687,1,7321,20,0,5.0,1,4.0,1.0,40.0,1,1,1,White,MIL,1.0,9825.0,19.0,0,553010,55
4688,1,7315,14,11,,1,,,,1,2,0,Hispanic,0,,,11.0,0,0,0
4689,1,7310,21,0,5.0,1,1.0,2.0,50.0,1,1,1,White,722,1.0,4020.0,16.0,1,352010,35
4690,1,7313,17,14,,1,6.0,4.0,,1,1,0,White,0,,,14.0,0,0,0
4691,1,7301,82,0,,2,6.0,4.0,,1,1,0,White,0,,,19.0,0,0,0
4692,1,7321,16,13,,1,6.0,,,3,24,0,Hispanic,0,,,13.0,0,0,0
4693,1,7310,23,0,5.0,1,4.0,1.0,55.0,1,23,1,Hispanic,MIL,1.0,9130.0,16.0,0,533030,53
4694,1,7311,29,0,,1,6.0,4.0,,1,2,0,Hispanic,0,,,1.0,0,0,0
4695,1,7315,20,15,,2,6.0,4.0,,1,1,0,White,0,,,19.0,0,0,0
4696,1,7307,36,0,1.0,2,6.0,4.0,,8,2,0,Hispanic,62,,3602.0,18.0,0,311122,31
4697,1,7301,21,0,5.0,1,4.0,1.0,50.0,1,1,1,White,MIL,1.0,9645.0,16.0,0,537065,53
4698,1,7301,21,0,5.0,1,4.0,1.0,55.0,8,2,1,Hispanic,MIL,1.0,7210.0,16.0,0,493031,49
4699,1,7313,70,0,,2,6.0,4.0,,1,1,0,White,0,,,21.0,0,0,0
4700,1,7310,21,0,5.0,1,4.0,1.0,50.0,8,2,1,Hispanic,MIL,1.0,9825.0,16.0,0,553010,55
4701,1,7313,18,15,,2,6.0,4.0,,1,1,0,White,0,,,18.0,0,0,0
4702,1,7315,20,15,1.0,2,1.0,4.0,15.0,1,2,1,Hispanic,71,5.0,4435.0,19.0,1,3930XX,39
4703,1,7317,18,15,,2,6.0,4.0,,1,1,0,White,0,,,18.0,0,0,0
4704,1,7317,18,15,,2,6.0,4.0,,1,1,0,White,0,,,18.0,0,0,0
4705,1,7316,20,0,,1,6.0,4.0,,1,24,0,Hispanic,0,,,13.0,0,0,0
4706,1,7322,26,0,,1,6.0,4.0,,9,2,0,Hispanic,0,,,14.0,0,0,0
4707,1,7316,30,0,,1,6.0,4.0,,1,1,0,White,0,,,16.0,0,0,0
4708,1,7305,94,0,,1,6.0,4.0,,1,1,0,White,0,,,16.0,0,0,0
4709,1,7302,55,0,,2,6.0,4.0,,1,1,0,White,0,,,19.0,0,0,0
4710,1,7316,33,0,5.0,1,1.0,2.0,82.0,1,1,1,White,62,1.0,3602.0,22.0,1,311122,31
4711,1,7314,69,0,,1,6.0,4.0,,1,1,0,White,0,,,16.0,0,0,0
4712,1,7318,74,0,,1,6.0,4.0,,1,1,0,White,0,,,16.0,0,0,0
4713,1,7318,16,13,,1,6.0,,,9,2,0,Hispanic,0,,,13.0,0,0,0
4714,1,7308,76,0,,2,6.0,4.0,,1,1,0,White,0,,,14.0,0,0,0
4715,1,7313,72,0,,1,6.0,4.0,,1,1,0,White,0,,,16.0,0,0,0
4716,1,7301,19,0,5.0,1,4.0,1.0,50.0,1,1,1,White,MIL,1.0,7020.0,16.0,0,492020,49
4717,1,7315,19,15,1.0,1,6.0,4.0,25.0,1,1,0,White,54,6.0,5860.0,19.0,0,439061,43
4718,1,7314,52,0,,2,6.0,4.0,,1,1,0,White,0,,,16.0,0,0,0
4719,1,7315,20,15,1.0,2,6.0,4.0,30.0,1,1,0,White,81,6.0,4350.0,19.0,0,392021,39
4720,1,7319,37,0,,1,6.0,4.0,,1,24,0,Hispanic,0,,,11.0,0,0,0
4721,1,7315,19,15,,2,6.0,4.0,,1,1,0,White,0,,,19.0,0,0,0
4722,1,7301,94,0,,2,6.0,4.0,,1,1,0,White,0,,,16.0,0,0,0
4723,1,7312,20,0,5.0,1,4.0,1.0,55.0,8,2,1,Hispanic,MIL,1.0,6230.0,16.0,0,472031,47
4724,1,7309,52,0,,2,6.0,4.0,,1,1,0,White,0,,,20.0,0,0,0
4725,1,7316,60,0,,2,6.0,4.0,,1,1,0,White,0,,,16.0,0,0,0
4726,1,7321,25,0,,1,6.0,4.0,,1,1,0,White,0,,,1.0,0,0,0
4727,1,7301,23,0,5.0,1,4.0,1.0,60.0,8,2,1,Hispanic,MIL,1.0,4020.0,16.0,0,352010,35
4728,1,7321,62,0,,1,6.0,4.0,,9,2,0,Hispanic,0,,,8.0,0,0,0
4729,1,7314,52,0,,1,6.0,4.0,,1,1,0,White,0,,,1.0,0,0,0
4730,1,7317,19,15,,2,6.0,4.0,,1,1,0,White,0,,,19.0,0,0,0
4731,1,7319,39,0,,1,6.0,4.0,,1,1,0,White,0,,,19.0,0,0,0
4732,1,7301,21,0,5.0,1,4.0,1.0,50.0,6,1,1,Asian,MIL,1.0,1105.0,16.0,0,151244,15
4733,1,7301,94,0,,2,6.0,4.0,,1,1,0,White,0,,,16.0,0,0,0
4734,1,7301,25,0,5.0,1,4.0,1.0,50.0,1,1,1,White,MIL,1.0,1551.0,16.0,0,173023,17
4735,1,7312,19,15,5.0,1,5.0,1.0,99.0,6,1,1,Asian,MIL,1.0,9830.0,18.0,0,559830,55
4736,1,7310,21,0,5.0,1,4.0,1.0,50.0,9,1,1,Two or More,MIL,1.0,9800.0,16.0,0,551010,55
4737,1,7321,87,0,,2,6.0,4.0,,8,2,0,Hispanic,0,,,1.0,0,0,0
4738,1,7318,39,0,1.0,1,6.0,4.0,40.0,1,2,0,Hispanic,33,5.0,1555.0,21.0,0,17302X,17
4739,1,7319,86,0,,1,6.0,4.0,,1,1,0,White,0,,,18.0,0,0,0
4740,1,7322,21,0,,2,6.0,4.0,,9,2,0,Hispanic,0,,,16.0,0,0,0
4741,1,7304,70,0,,2,6.0,4.0,,1,1,0,White,0,,,19.0,0,0,0
4742,1,7319,36,0,1.0,1,6.0,4.0,,9,2,0,Hispanic,722,,4140.0,12.0,0,359021,35
4743,1,7321,30,0,,1,6.0,4.0,,1,1,0,White,0,,,16.0,0,0,0
4744,1,7301,18,14,,1,6.0,4.0,,1,1,0,White,0,,,14.0,0,0,0
4745,1,7313,79,0,1.0,1,6.0,4.0,,1,1,0,White,42,,9130.0,16.0,0,533030,53
4746,1,7301,60,0,,1,6.0,4.0,,1,1,0,White,0,,,1.0,0,0,0
4747,1,7310,24,0,5.0,1,4.0,1.0,50.0,1,3,1,Hispanic,MIL,1.0,7030.0,16.0,0,492091,49
4748,1,7301,21,0,5.0,1,4.0,1.0,50.0,1,1,1,White,MIL,1.0,7430.0,16.0,0,499060,49
4749,1,7301,22,0,5.0,1,4.0,1.0,55.0,1,1,1,White,MIL,1.0,7220.0,16.0,0,493040,49
4750,1,7317,19,15,3.0,2,6.0,4.0,8.0,6,1,0,Asian,45,6.0,8990.0,19.0,0,5191XX,51
4751,1,7322,36,0,,1,6.0,4.0,,9,2,0,Hispanic,0,,,17.0,0,0,0
4752,1,7317,20,15,,2,6.0,4.0,,1,1,0,White,0,,,19.0,0,0,0
4753,1,7309,85,0,,1,6.0,4.0,,1,1,0,White,0,,,16.0,0,0,0
4754,1,7301,21,0,5.0,1,4.0,1.0,55.0,8,2,1,Hispanic,MIL,1.0,7210.0,16.0,0,493031,49
4755,1,7310,21,0,5.0,1,1.0,2.0,45.0,1,1,1,White,722,1.0,4020.0,16.0,1,352010,35
4756,1,7316,45,0,,1,6.0,4.0,,1,1,0,White,0,,,20.0,0,0,0
4757,1,7308,17,13,,1,6.0,4.0,,1,1,0,White,0,,,13.0,0,0,0
4758,1,7316,28,0,5.0,1,4.0,1.0,40.0,1,23,1,Hispanic,MIL,1.0,7340.0,19.0,0,499071,49
4759,1,7301,21,0,5.0,1,4.0,1.0,50.0,9,23,1,Hispanic,MIL,1.0,7020.0,16.0,0,492020,49
4760,1,7301,22,0,5.0,1,4.0,1.0,50.0,1,1,1,White,MIL,1.0,9825.0,16.0,0,553010,55
4761,1,7320,62,0,,1,6.0,4.0,,1,1,0,White,0,,,1.0,0,0,0
4762,1,7302,40,0,,1,6.0,4.0,,1,1,0,White,0,,,14.0,0,0,0
4763,1,7316,44,0,,1,6.0,4.0,,1,1,0,White,0,,,17.0,0,0,0
4764,1,7322,50,0,,1,6.0,4.0,,2,1,0,Black,0,,,14.0,0,0,0
4765,1,7309,71,0,,1,6.0,2.0,,8,2,0,Hispanic,0,,,19.0,0,0,0
4766,1,7303,75,0,,2,6.0,4.0,,1,1,0,White,0,,,19.0,0,0,0
4767,1,7319,18,14,,1,6.0,4.0,,9,2,0,Hispanic,0,,,14.0,0,0,0
4768,1,7306,30,0,,1,6.0,4.0,,1,1,0,White,0,,,16.0,0,0,0
4769,1,7314,24,0,,1,6.0,4.0,,2,1,0,Black,0,,,16.0,0,0,0
4770,1,7301,58,0,,2,6.0,4.0,,1,1,0,White,0,,,16.0,0,0,0
4771,1,7321,21,0,5.0,1,4.0,1.0,55.0,3,1,1,Other,MIL,1.0,7340.0,16.0,0,499071,49
4772,1,7301,27,0,5.0,1,4.0,1.0,50.0,1,1,1,White,MIL,1.0,9825.0,16.0,0,553010,55
4773,1,7315,54,0,,1,6.0,4.0,,2,1,0,Black,0,,,22.0,0,0,0
4774,1,7319,63,0,,1,6.0,4.0,,9,2,0,Hispanic,0,,,21.0,0,0,0
4775,1,7319,41,0,,1,6.0,4.0,,2,1,0,Black,0,,,14.0,0,0,0
4776,1,7310,18,15,,2,6.0,4.0,,1,1,0,White,0,,,18.0,0,0,0
4777,1,7306,49,0,,1,6.0,4.0,,2,1,0,Black,0,,,17.0,0,0,0
4778,1,7301,20,0,5.0,1,4.0,1.0,55.0,1,1,1,White,MIL,1.0,9825.0,16.0,0,553010,55
4779,1,7316,37,0,,2,6.0,4.0,,1,1,0,White,0,,,9.0,0,0,0
4780,1,7301,33,0,5.0,1,4.0,1.0,40.0,6,1,1,Asian,MIL,1.0,7100.0,19.0,0,49209X,49
4781,1,7319,39,0,,1,6.0,4.0,,1,1,0,White,0,,,19.0,0,0,0
4782,1,7322,38,0,,1,6.0,2.0,,1,24,0,Hispanic,0,,,13.0,0,0,0
4783,1,7310,48,0,,1,6.0,4.0,,9,24,0,Hispanic,0,,,16.0,0,0,0
4784,1,7321,77,0,,1,6.0,4.0,,2,1,0,Black,0,,,16.0,0,0,0
4785,1,7321,25,0,5.0,1,1.0,2.0,83.0,6,1,1,Asian,62,1.0,8710.0,16.0,1,519030,51
4786,1,7313,59,0,,1,6.0,4.0,,1,1,0,White,0,,,19.0,0,0,0
4787,1,7301,21,0,5.0,1,1.0,2.0,50.0,1,1,1,White,722,1.0,4020.0,16.0,1,352010,35
4788,1,7319,51,0,,1,6.0,4.0,,1,1,0,White,0,,,16.0,0,0,0
4789,1,7322,39,0,,1,6.0,4.0,,1,1,0,White,0,,,14.0,0,0,0
4790,1,7316,15,11,,2,,,,2,8,0,Hispanic,0,,,12.0,0,0,0
4791,1,7301,55,0,1.0,1,2.0,4.0,40.0,9,1,1,Two or More,48,5.0,9142.0,18.0,1,533054,53
4792,1,7322,29,0,,1,6.0,4.0,,1,24,0,Hispanic,0,,,20.0,0,0,0
4793,1,7316,31,0,1.0,1,6.0,4.0,,9,2,0,Hispanic,44,,4760.0,16.0,0,412031,41
4794,1,7310,20,0,5.0,1,4.0,1.0,55.0,1,1,1,White,MIL,1.0,7030.0,16.0,0,492091,49
4795,1,7316,27,0,1.0,2,3.0,4.0,,9,2,0,Hispanic,722,,4720.0,16.0,1,412010,41
4796,1,7301,19,0,5.0,1,4.0,1.0,50.0,2,1,1,Black,MIL,1.0,7020.0,16.0,0,492020,49
4797,1,7303,49,0,,1,6.0,4.0,,1,1,0,White,0,,,16.0,0,0,0
4798,1,7310,23,0,5.0,1,4.0,1.0,60.0,8,2,1,Hispanic,MIL,1.0,4020.0,16.0,0,352010,35
4799,1,7301,25,0,5.0,1,4.0,1.0,50.0,1,1,1,White,MIL,1.0,9830.0,16.0,0,559830,55
4800,1,7317,21,15,1.0,2,6.0,4.0,35.0,1,1,0,White,44,6.0,2360.0,19.0,0,2530XX,25
4801,1,7316,50,0,3.0,1,6.0,4.0,24.0,1,1,0,White,92,5.0,4251.0,16.0,0,373011,37
4802,1,7317,18,15,1.0,2,6.0,4.0,12.0,1,1,0,White,722,6.0,4720.0,18.0,0,412010,41
4803,1,7316,24,0,5.0,1,4.0,1.0,82.0,1,1,1,White,MIL,1.0,5860.0,19.0,0,439061,43
4804,1,7320,72,0,,1,6.0,2.0,,1,1,0,White,0,,,16.0,0,0,0
4805,1,7312,26,0,5.0,1,4.0,1.0,40.0,1,1,1,White,MIL,1.0,9825.0,19.0,0,553010,55
4806,1,7312,21,0,5.0,1,4.0,1.0,60.0,2,1,1,Black,MIL,1.0,9830.0,16.0,0,559830,55
4807,1,7303,94,0,,2,6.0,4.0,,1,1,0,White,0,,,19.0,0,0,0
4808,1,7305,16,13,,1,6.0,,,8,2,0,Hispanic,0,,,13.0,0,0,0
4809,1,7301,23,0,5.0,1,6.0,2.0,45.0,2,1,0,Black,MIL,2.0,7200.0,19.0,0,493023,49
4810,1,7312,19,0,5.0,1,4.0,1.0,99.0,1,3,1,Hispanic,MIL,6.0,9825.0,16.0,0,553010,55
4811,1,7319,37,0,,1,6.0,4.0,,8,2,0,Hispanic,0,,,19.0,0,0,0
4812,1,7322,29,0,6.0,1,6.0,2.0,,1,24,0,Hispanic,23,,6260.0,19.0,0,472061,47
4813,1,7315,19,15,2.0,2,6.0,4.0,40.0,1,20,0,Hispanic,71,6.0,4622.0,19.0,0,399032,39
4814,1,7322,20,0,1.0,1,6.0,4.0,,1,24,0,Hispanic,49,,9620.0,16.0,0,537062,53
4815,1,7301,61,0,,1,6.0,4.0,,1,1,0,White,0,,,16.0,0,0,0
4816,1,7316,21,0,5.0,2,4.0,1.0,58.0,1,1,1,White,MIL,1.0,9825.0,16.0,0,553010,55
4817,1,7310,67,0,,1,6.0,2.0,,1,1,0,White,0,,,16.0,0,0,0
4818,1,7304,49,0,,2,6.0,4.0,,8,2,0,Hispanic,0,,,15.0,0,0,0
4819,1,7301,21,0,5.0,1,4.0,1.0,50.0,8,17,1,Hispanic,MIL,1.0,9830.0,18.0,0,559830,55
4820,1,7316,20,0,5.0,1,4.0,1.0,68.0,8,3,1,Hispanic,MIL,1.0,9310.0,16.0,0,535020,53
4821,1,7306,35,0,,1,6.0,4.0,,8,2,0,Hispanic,0,,,16.0,0,0,0
4822,1,7310,17,15,1.0,2,6.0,4.0,20.0,1,1,0,White,45,6.0,4760.0,16.0,0,412031,41
4823,1,7310,50,0,,1,6.0,4.0,,1,1,0,White,0,,,17.0,0,0,0
4824,1,7319,48,0,1.0,1,6.0,4.0,40.0,1,2,0,Hispanic,23,6.0,6260.0,20.0,0,472061,47
4825,1,7321,76,0,,1,6.0,4.0,,1,2,0,Hispanic,0,,,19.0,0,0,0
4826,1,7301,20,0,5.0,1,4.0,1.0,50.0,6,1,1,Asian,MIL,1.0,7020.0,16.0,0,492020,49
4827,1,7316,53,0,1.0,2,3.0,2.0,,1,1,0,White,62,,5940.0,22.0,1,439XXX,43
4828,1,7315,22,15,1.0,2,6.0,4.0,25.0,1,1,0,White,71,6.0,3960.0,19.0,0,33909X,33
4829,1,7305,53,0,,1,6.0,4.0,,2,1,0,Black,0,,,16.0,0,0,0
4830,1,7301,22,0,5.0,1,4.0,1.0,50.0,8,2,1,Hispanic,MIL,1.0,9830.0,16.0,0,559830,55
4831,1,7316,35,0,5.0,1,4.0,1.0,98.0,2,1,1,Black,MIL,1.0,3645.0,20.0,0,319092,31
4832,1,7316,43,0,1.0,1,6.0,4.0,,8,2,0,Hispanic,23,,8140.0,10.0,0,514120,51
4833,1,7304,35,0,,2,6.0,4.0,,1,1,0,White,0,,,18.0,0,0,0
4834,1,7307,68,0,2.0,1,6.0,2.0,,1,1,0,White,62,,7640.0,18.0,0,4990XX,49
4835,1,7316,32,0,1.0,2,6.0,4.0,40.0,1,2,0,Hispanic,56,1.0,4230.0,11.0,0,372012,37
4836,1,7317,23,15,1.0,1,6.0,4.0,27.0,1,1,0,White,44,6.0,4760.0,19.0,0,412031,41
4837,1,7301,20,0,5.0,1,4.0,1.0,77.0,1,1,1,White,MIL,1.0,7640.0,18.0,0,4990XX,49
4838,1,7303,84,0,,1,6.0,2.0,,1,1,0,White,0,,,16.0,0,0,0
4839,1,7303,63,0,,1,6.0,4.0,,1,1,0,White,0,,,18.0,0,0,0
4840,1,7316,33,15,1.0,1,6.0,4.0,,1,24,0,Hispanic,722,,4130.0,19.0,0,359011,35
4841,1,7315,19,15,,1,6.0,4.0,,1,1,0,White,0,,,18.0,0,0,0
4842,1,7316,46,0,1.0,1,6.0,4.0,,1,24,0,Hispanic,722,,4130.0,19.0,0,359011,35
4843,1,7301,22,0,5.0,1,4.0,1.0,50.0,1,1,1,White,MIL,1.0,9825.0,16.0,0,553010,55
4844,1,7322,50,0,1.0,1,6.0,4.0,,1,24,0,Hispanic,722,,4130.0,15.0,0,359011,35
4845,1,7301,22,0,5.0,1,4.0,1.0,50.0,1,23,1,Hispanic,MIL,1.0,5860.0,16.0,0,439061,43
4846,1,7320,66,0,,1,6.0,2.0,,1,1,0,White,0,,,18.0,0,0,0
4847,1,7316,49,0,1.0,1,3.0,4.0,42.0,1,1,0,White,56,5.0,5350.0,18.0,1,434XXX,43
4848,1,7313,46,0,,2,6.0,4.0,,8,2,0,Hispanic,0,,,16.0,0,0,0
4849,1,7312,19,0,5.0,1,4.0,1.0,50.0,9,11,1,Hispanic,MIL,3.0,9645.0,18.0,0,537065,53
4850,1,7316,32,0,5.0,1,4.0,1.0,88.0,2,1,1,Black,MIL,1.0,9645.0,20.0,0,537065,53
4851,1,7301,18,0,5.0,1,4.0,1.0,40.0,2,1,1,Black,MIL,5.0,9825.0,16.0,0,553010,55
4852,1,7316,85,0,,2,6.0,4.0,,1,1,0,White,0,,,9.0,0,0,0
4853,1,7312,21,0,5.0,2,4.0,1.0,50.0,8,5,1,Hispanic,MIL,1.0,700.0,16.0,0,131081,13
4854,1,7310,23,0,5.0,2,4.0,1.0,52.0,8,6,1,Hispanic,MIL,1.0,9825.0,19.0,0,553010,55
4855,1,7306,20,0,,1,6.0,4.0,,8,2,0,Hispanic,0,,,16.0,0,0,0
4856,1,7320,74,0,,2,6.0,4.0,,9,2,0,Hispanic,0,,,16.0,0,0,0
4857,1,7315,19,15,1.0,1,1.0,4.0,10.0,2,1,1,Black,61,6.0,2310.0,18.0,1,252020,25
4858,1,7315,19,15,3.0,2,6.0,4.0,,1,1,0,White,61,,4600.0,19.0,0,399011,39
4859,1,7304,74,0,,1,6.0,2.0,,2,1,0,Black,0,,,19.0,0,0,0
4860,1,7321,71,0,,1,6.0,4.0,,2,1,0,Black,0,,,15.0,0,0,0
4861,1,7316,23,0,5.0,2,4.0,1.0,81.0,1,1,1,White,MIL,1.0,9800.0,21.0,0,551010,55
4862,1,7322,20,15,5.0,2,1.0,4.0,40.0,8,2,1,Hispanic,62,1.0,3603.0,18.0,1,311131,31
4863,1,7302,50,0,1.0,1,6.0,4.0,,1,24,0,Hispanic,722,,4130.0,15.0,0,359011,35
4864,1,7301,22,0,5.0,1,4.0,1.0,50.0,8,2,1,Hispanic,MIL,1.0,9830.0,16.0,0,559830,55
4865,1,7315,18,15,1.0,2,6.0,4.0,10.0,1,1,0,White,62,6.0,4600.0,18.0,0,399011,39
4866,1,7316,34,0,,1,6.0,4.0,,1,1,0,White,0,,,13.0,0,0,0
4867,1,7312,19,0,5.0,1,4.0,1.0,40.0,1,4,1,Hispanic,MIL,5.0,9825.0,16.0,0,553010,55
4868,1,7315,19,15,1.0,1,1.0,4.0,10.0,2,1,1,Black,61,6.0,2310.0,18.0,1,252020,25
4869,1,7301,19,0,5.0,1,4.0,1.0,50.0,8,23,1,Hispanic,MIL,1.0,6230.0,16.0,0,472031,47
4870,1,7313,63,0,,2,6.0,4.0,,9,1,0,Two or More,0,,,24.0,0,0,0
4871,1,7315,87,0,,2,6.0,4.0,,1,1,0,White,0,,,15.0,0,0,0
4872,1,7318,45,0,1.0,1,1.0,4.0,20.0,6,1,1,Asian,33,1.0,7750.0,16.0,1,5120XX,51
4873,1,7315,19,15,1.0,2,6.0,4.0,,1,1,0,White,62,,5400.0,19.0,0,434171,43
4874,1,7310,23,0,5.0,2,4.0,1.0,81.0,1,1,1,White,MIL,1.0,9800.0,21.0,0,551010,55
4875,1,7315,50,0,,1,6.0,4.0,,6,1,0,Asian,0,,,16.0,0,0,0
4876,1,7301,22,0,5.0,1,4.0,1.0,46.0,1,1,1,White,MIL,1.0,7140.0,18.0,0,493011,49
4877,1,7310,18,15,1.0,2,6.0,4.0,18.0,1,1,0,White,722,6.0,4010.0,18.0,0,351012,35
4878,1,7322,25,15,,1,6.0,4.0,,9,2,0,Hispanic,0,,,17.0,0,0,0
4879,1,7310,24,0,5.0,1,4.0,1.0,50.0,1,3,1,Hispanic,MIL,1.0,7030.0,20.0,0,492091,49
4880,1,7316,26,0,5.0,1,4.0,1.0,82.0,8,2,1,Hispanic,MIL,1.0,9300.0,16.0,0,5350XX,53
4881,1,7321,43,0,,1,6.0,4.0,,2,1,0,Black,0,,,17.0,0,0,0
4882,1,7301,26,0,5.0,1,4.0,1.0,75.0,6,1,1,Asian,MIL,1.0,9310.0,16.0,0,535020,53
4883,1,7316,25,0,5.0,1,4.0,1.0,88.0,1,1,1,White,MIL,1.0,700.0,21.0,0,131081,13
4884,1,7301,23,0,1.0,1,1.0,4.0,40.0,9,2,1,Hispanic,722,6.0,4020.0,1.0,1,352010,35
4885,1,7302,32,0,1.0,2,1.0,4.0,50.0,1,1,1,White,722,1.0,310.0,11.0,1,119051,11
4886,1,7321,41,0,1.0,1,6.0,4.0,,1,1,0,White,23,,6260.0,19.0,0,472061,47
4887,1,7310,25,0,1.0,1,1.0,2.0,50.0,1,2,1,Hispanic,23,1.0,6355.0,16.0,1,472111,47
4888,1,7310,26,0,5.0,1,4.0,1.0,65.0,8,2,1,Hispanic,MIL,1.0,7030.0,16.0,0,492091,49
4889,1,7303,16,13,,1,6.0,,,8,2,0,Hispanic,0,,,13.0,0,0,0
4890,1,7315,20,15,1.0,2,6.0,4.0,30.0,9,2,0,Hispanic,722,6.0,4110.0,20.0,0,353031,35
4891,1,7301,22,0,5.0,1,4.0,1.0,99.0,6,1,1,Asian,MIL,6.0,9830.0,20.0,0,559830,55
4892,1,7306,34,0,,1,6.0,4.0,,1,1,0,White,0,,,13.0,0,0,0
4893,1,7322,26,0,6.0,1,6.0,4.0,,1,2,0,Hispanic,81,,7200.0,12.0,0,493023,49
4894,1,7316,19,0,5.0,1,4.0,1.0,65.0,6,1,1,Asian,MIL,1.0,9300.0,16.0,0,5350XX,53
4895,1,7316,28,0,5.0,2,4.0,1.0,87.0,1,1,1,White,MIL,1.0,9825.0,18.0,0,553010,55
4896,1,7301,18,0,5.0,1,4.0,1.0,32.0,1,2,1,Hispanic,MIL,1.0,9825.0,18.0,0,553010,55
4897,1,7306,70,0,,2,6.0,4.0,,1,3,0,Hispanic,0,,,16.0,0,0,0
4898,1,7315,19,15,2.0,2,6.0,4.0,40.0,1,1,0,White,71,6.0,4622.0,19.0,0,399032,39
4899,1,7301,22,0,5.0,1,4.0,1.0,45.0,8,16,1,Hispanic,MIL,1.0,7020.0,16.0,0,492020,49
4900,1,7319,41,0,6.0,1,6.0,4.0,,1,2,0,Hispanic,48,,9130.0,13.0,0,533030,53
4901,1,7316,21,0,5.0,2,4.0,1.0,45.0,6,1,1,Asian,MIL,1.0,3645.0,19.0,0,319092,31
4902,1,7313,76,0,,2,6.0,4.0,,2,1,0,Black,0,,,16.0,0,0,0
4903,1,7312,20,15,1.0,2,3.0,4.0,10.0,1,16,0,Hispanic,44,1.0,4760.0,20.0,1,412031,41
4904,1,7301,27,0,5.0,1,4.0,1.0,72.0,1,1,1,White,MIL,1.0,7340.0,16.0,0,499071,49
4905,1,7307,21,0,,1,6.0,4.0,,9,2,0,Hispanic,0,,,18.0,0,0,0
4906,1,7321,84,0,,1,6.0,4.0,,1,1,0,White,0,,,22.0,0,0,0
4907,1,7313,71,0,,1,6.0,4.0,,1,1,0,White,0,,,14.0,0,0,0
4908,1,7312,18,14,5.0,1,4.0,1.0,31.0,9,2,1,Hispanic,MIL,4.0,9830.0,18.0,0,559830,55
4909,1,7317,40,0,,1,6.0,4.0,,6,1,0,Asian,0,,,22.0,0,0,0
4910,1,7303,84,0,,2,6.0,4.0,,1,1,0,White,0,,,19.0,0,0,0
4911,1,7315,75,0,,2,6.0,4.0,,2,1,0,Black,0,,,19.0,0,0,0
4912,1,7302,17,13,1.0,1,6.0,4.0,8.0,9,1,0,Two or More,45,1.0,4760.0,13.0,0,412031,41
4913,1,7313,76,0,,2,6.0,4.0,,1,1,0,White,0,,,19.0,0,0,0
4914,1,7321,29,0,,1,6.0,4.0,,9,1,0,Two or More,0,,,9.0,0,0,0
4915,1,7316,29,0,1.0,2,6.0,4.0,,3,2,0,Hispanic,721,,4230.0,14.0,0,372012,37
4916,1,7301,31,0,5.0,1,4.0,1.0,50.0,8,2,1,Hispanic,MIL,1.0,7140.0,19.0,0,493011,49
4917,1,7317,94,0,,2,6.0,4.0,,6,1,0,Asian,0,,,15.0,0,0,0
4918,1,7312,20,0,5.0,1,4.0,1.0,50.0,8,1,1,White,MIL,1.0,2145.0,16.0,0,232011,23
4919,1,7316,30,14,1.0,1,6.0,4.0,,1,24,0,Hispanic,722,,4130.0,14.0,0,359011,35
4920,1,7305,60,0,,1,6.0,4.0,,1,1,0,White,0,,,1.0,0,0,0
4921,1,7317,18,15,1.0,2,6.0,4.0,18.0,9,23,0,Hispanic,722,6.0,4010.0,19.0,0,351012,35
4922,1,7320,16,13,,1,6.0,,,9,1,0,Two or More,0,,,13.0,0,0,0
4923,1,7313,44,0,,1,6.0,4.0,,8,2,0,Hispanic,0,,,9.0,0,0,0
4924,1,7316,19,0,5.0,1,4.0,1.0,75.0,1,1,1,White,MIL,1.0,7210.0,16.0,0,493031,49
4925,1,7319,50,0,,1,6.0,2.0,,2,1,0,Black,0,,,20.0,0,0,0
4926,1,7315,17,15,1.0,2,1.0,4.0,14.0,1,1,1,White,61,1.0,2360.0,16.0,1,2530XX,25
4927,1,7319,26,0,1.0,2,6.0,4.0,,9,1,0,Two or More,722,,4040.0,20.0,0,353011,35
4928,1,7322,29,0,6.0,1,6.0,2.0,,1,24,0,Hispanic,23,,6260.0,19.0,0,472061,47
4929,1,7301,18,0,5.0,1,1.0,2.0,30.0,1,1,1,White,23,1.0,6330.0,16.0,1,472080,47
4930,1,7304,50,0,,1,6.0,2.0,,6,1,0,Asian,0,,,19.0,0,0,0
4931,1,7315,48,0,,2,6.0,4.0,,2,1,0,Black,0,,,17.0,0,0,0
4932,1,7307,70,0,1.0,2,1.0,4.0,40.0,6,1,1,Asian,62,1.0,3602.0,19.0,1,311122,31
4933,1,7318,27,0,2.0,1,2.0,4.0,15.0,8,2,1,Hispanic,56,6.0,9620.0,14.0,1,537062,53
4934,1,7316,21,15,5.0,1,4.0,1.0,62.0,1,1,1,White,MIL,1.0,9825.0,19.0,0,553010,55
4935,1,7316,21,0,5.0,2,4.0,1.0,70.0,8,3,1,Hispanic,MIL,1.0,7100.0,19.0,0,49209X,49
4936,1,7316,17,13,,2,6.0,4.0,,8,2,0,Hispanic,0,,,13.0,0,0,0
4937,1,7310,22,0,5.0,1,4.0,1.0,60.0,1,1,1,White,MIL,2.0,7640.0,16.0,0,4990XX,49
4938,1,7321,41,0,1.0,1,6.0,4.0,60.0,1,1,0,White,23,4.0,6260.0,19.0,0,472061,47
4939,1,7301,22,0,5.0,1,4.0,1.0,45.0,2,1,1,Black,MIL,1.0,5860.0,16.0,0,439061,43
4940,1,7310,18,15,1.0,2,1.0,4.0,16.0,1,1,1,White,61,1.0,2545.0,16.0,1,259040,25
4941,1,7310,19,0,5.0,1,4.0,1.0,40.0,9,2,1,Hispanic,MIL,1.0,9825.0,16.0,0,553010,55
4942,1,7301,21,0,5.0,1,4.0,1.0,50.0,1,1,1,White,MIL,1.0,7140.0,16.0,0,493011,49
4943,1,7318,36,0,,2,6.0,4.0,,2,1,0,Black,0,,,16.0,0,0,0
4944,1,7316,55,0,,1,6.0,4.0,,8,24,0,Hispanic,0,,,16.0,0,0,0
4945,1,7322,27,0,1.0,1,6.0,4.0,,1,1,0,White,44,,4030.0,13.0,0,352021,35
4946,1,7316,26,0,6.0,1,6.0,4.0,,1,2,0,Hispanic,81,,7200.0,19.0,0,493023,49
4947,1,7301,19,0,5.0,1,4.0,1.0,99.0,9,1,1,Two or More,MIL,6.0,9830.0,18.0,0,559830,55
4948,1,7316,24,0,5.0,1,4.0,1.0,45.0,1,1,1,White,MIL,1.0,1551.0,19.0,0,173023,17
4949,1,7322,41,0,,1,6.0,4.0,,9,2,0,Hispanic,0,,,9.0,0,0,0
4950,1,7320,15,11,,2,,,,8,23,0,Hispanic,0,,,12.0,0,0,0
4951,1,7316,76,0,,2,6.0,4.0,,1,1,0,White,0,,,22.0,0,0,0
4952,1,7301,22,0,5.0,1,4.0,1.0,40.0,9,2,1,Hispanic,MIL,1.0,9825.0,19.0,0,553010,55
4953,1,7316,27,0,5.0,1,1.0,3.0,55.0,1,1,1,White,92,1.0,1108.0,19.0,1,151299,15
4954,1,7317,18,15,1.0,2,6.0,4.0,18.0,1,1,0,White,722,6.0,4010.0,18.0,0,351012,35
4955,1,7315,21,15,1.0,1,6.0,4.0,25.0,1,1,0,White,61,6.0,2360.0,20.0,0,2530XX,25
4956,1,7307,82,0,,1,6.0,3.0,,2,1,0,Black,0,,,19.0,0,0,0
4957,1,7308,65,0,,1,6.0,2.0,,9,2,0,Hispanic,0,,,11.0,0,0,0
4958,1,7306,78,0,,2,6.0,4.0,,2,1,0,Black,0,,,21.0,0,0,0
4959,1,7317,19,15,,1,6.0,4.0,,1,1,0,White,0,,,18.0,0,0,0
4960,1,7307,63,0,1.0,1,1.0,4.0,70.0,9,2,1,Hispanic,11,5.0,6050.0,1.0,1,4520XX,45
4961,1,7315,20,15,,2,6.0,4.0,,2,1,0,Black,0,,,19.0,0,0,0
4962,1,7301,22,0,5.0,1,4.0,1.0,50.0,1,23,1,Hispanic,MIL,1.0,5860.0,16.0,0,439061,43
4963,1,7315,21,15,1.0,2,1.0,4.0,40.0,1,1,1,White,44,6.0,4760.0,19.0,1,412031,41
4964,1,7317,83,0,,2,6.0,4.0,,1,1,0,White,0,,,19.0,0,0,0
4965,1,7312,80,0,,2,6.0,4.0,,1,1,0,White,0,,,19.0,0,0,0
4966,1,7301,21,0,5.0,1,4.0,1.0,50.0,1,1,1,White,MIL,1.0,7140.0,16.0,0,493011,49
4967,1,7316,24,0,5.0,1,4.0,1.0,99.0,8,2,1,Hispanic,MIL,1.0,7340.0,16.0,0,499071,49
4968,1,7322,45,0,,1,6.0,4.0,,9,1,0,Two or More,0,,,18.0,0,0,0
4969,1,7322,28,0,,1,6.0,4.0,,1,1,0,White,0,,,15.0,0,0,0
4970,1,7314,40,0,9.0,1,3.0,4.0,,1,1,0,White,99,,9920.0,19.0,1,999920,99
4971,1,7301,18,0,5.0,1,4.0,1.0,40.0,1,1,1,White,MIL,1.0,9825.0,18.0,0,553010,55
4972,1,7301,20,0,5.0,1,4.0,1.0,50.0,1,1,1,White,MIL,1.0,9830.0,20.0,0,559830,55
4973,1,7313,57,0,,1,6.0,4.0,,6,1,0,Asian,0,,,21.0,0,0,0
4974,1,7315,81,0,,1,6.0,2.0,,1,1,0,White,0,,,16.0,0,0,0
4975,1,7314,69,0,,1,6.0,4.0,,1,1,0,White,0,,,21.0,0,0,0
4976,1,7322,38,0,1.0,1,6.0,4.0,54.0,9,2,0,Hispanic,33,1.0,4850.0,20.0,0,414010,41
4977,1,7322,70,0,1.0,2,1.0,4.0,40.0,6,1,1,Asian,62,1.0,4020.0,16.0,1,352010,35
4978,1,7317,23,15,1.0,1,1.0,4.0,10.0,2,1,1,Black,44,6.0,4760.0,19.0,1,412031,41
4979,1,7321,40,0,,1,6.0,4.0,,6,1,0,Asian,0,,,22.0,0,0,0
4980,1,7316,37,0,1.0,1,1.0,4.0,40.0,1,1,1,White,56,5.0,3930.0,18.0,1,339030,33
4981,1,7316,80,0,,1,6.0,2.0,,2,1,0,Black,0,,,19.0,0,0,0
4982,1,7316,30,0,1.0,1,6.0,4.0,,1,2,0,Hispanic,23,,6230.0,16.0,0,472031,47
4983,1,7312,21,15,5.0,1,4.0,1.0,85.0,1,1,1,White,MIL,1.0,3645.0,19.0,0,319092,31
4984,1,7315,20,15,1.0,2,1.0,4.0,10.0,1,2,1,Hispanic,61,1.0,5820.0,19.0,1,439022,43
4985,1,7310,21,0,5.0,2,4.0,1.0,40.0,9,2,1,Hispanic,MIL,1.0,7640.0,19.0,0,4990XX,49
4986,1,7315,25,0,1.0,1,1.0,4.0,40.0,8,2,1,Hispanic,44,3.0,4760.0,19.0,1,412031,41
4987,1,7321,31,0,7.0,2,6.0,4.0,40.0,9,1,0,Two or More,49,6.0,5510.0,1.0,0,435021,43
4988,1,7302,16,13,,1,6.0,,,8,2,0,Hispanic,0,,,13.0,0,0,0
4989,1,7310,20,0,5.0,1,4.0,1.0,50.0,9,5,1,Hispanic,MIL,1.0,9830.0,16.0,0,559830,55
4990,1,7320,80,0,,2,6.0,4.0,,8,2,0,Hispanic,0,,,11.0,0,0,0
4991,1,7313,37,0,,1,6.0,4.0,,2,1,0,Black,0,,,16.0,0,0,0
4992,1,7308,18,13,2.0,2,1.0,4.0,10.0,1,1,1,White,56,1.0,5000.0,13.0,1,431011,43
4993,1,7303,18,14,,1,6.0,4.0,,2,1,0,Black,0,,,16.0,0,0,0
4994,1,7322,31,0,1.0,1,6.0,4.0,,1,1,0,White,48,,5410.0,19.0,0,434181,43
4995,1,7316,30,0,1.0,1,1.0,4.0,40.0,1,19,1,Hispanic,62,5.0,3401.0,21.0,1,292042,29
4996,1,7310,20,0,5.0,1,4.0,1.0,50.0,1,1,1,White,MIL,1.0,9825.0,16.0,0,553010,55
4997,1,7301,20,0,5.0,1,4.0,1.0,50.0,1,1,1,White,MIL,1.0,9825.0,16.0,0,553010,55
4998,1,7315,18,15,6.0,2,6.0,4.0,60.0,1,1,0,White,81,5.0,4600.0,16.0,0,399011,39
4999,1,7312,19,0,5.0,1,4.0,1.0,45.0,1,1,1,White,MIL,1.0,9130.0,16.0,0,533030,53
5000,1,7308,31,0,1.0,2,6.0,4.0,40.0,1,1,0,White,722,1.0,4010.0,18.0,0,351012,35
5001,1,7315,20,15,1.0,2,1.0,4.0,40.0,1,1,1,White,44,6.0,4760.0,19.0,1,412031,41
5002,1,7305,22,15,,2,6.0,4.0,,8,2,0,Hispanic,0,,,19.0,0,0,0
5003,1,7306,65,0,7.0,2,6.0,4.0,,2,1,0,Black,62,,10.0,19.0,0,1110XX,11
5004,1,7317,18,15,2.0,2,6.0,4.0,,1,1,0,White,61,,2545.0,16.0,0,259040,25
5005,1,7301,20,0,5.0,1,4.0,1.0,50.0,8,5,1,Hispanic,MIL,1.0,5260.0,16.0,0,434071,43
5006,1,7313,29,0,,2,6.0,4.0,,8,2,0,Hispanic,0,,,16.0,0,0,0
5007,1,7316,26,0,5.0,1,4.0,1.0,75.0,6,1,1,Asian,MIL,1.0,9310.0,16.0,0,535020,53
5008,1,7315,22,15,,2,6.0,4.0,,8,2,0,Hispanic,0,,,19.0,0,0,0
5009,1,7316,34,0,1.0,1,1.0,4.0,40.0,8,1,1,White,722,1.0,4700.0,17.0,1,411011,41
5010,1,7306,42,16,2.0,1,6.0,4.0,,9,1,0,Two or More,81,,2025.0,22.0,0,21109X,21
5011,1,7313,72,0,,1,6.0,4.0,,1,1,0,White,0,,,16.0,0,0,0
5012,1,7310,26,0,5.0,1,4.0,1.0,40.0,1,1,1,White,MIL,1.0,9825.0,19.0,0,553010,55
5013,1,7308,76,0,,2,6.0,4.0,,2,1,0,Black,0,,,16.0,0,0,0
5014,1,7301,18,0,5.0,1,4.0,1.0,40.0,2,1,1,Black,MIL,5.0,9825.0,16.0,0,553010,55
5015,1,7304,49,0,,1,6.0,4.0,,8,24,0,Hispanic,0,,,15.0,0,0,0
5016,1,7301,19,0,5.0,1,4.0,1.0,50.0,1,1,1,White,MIL,1.0,9825.0,16.0,0,553010,55
5017,1,7316,19,0,5.0,1,4.0,1.0,63.0,2,1,1,Black,MIL,1.0,9300.0,16.0,0,5350XX,53
5018,1,7313,78,0,,1,6.0,4.0,,1,1,0,White,0,,,21.0,0,0,0
5019,1,7312,22,0,5.0,1,4.0,1.0,55.0,1,1,1,White,MIL,1.0,9825.0,16.0,0,553010,55
5020,1,7310,22,0,5.0,1,4.0,1.0,40.0,1,1,1,White,MIL,1.0,9825.0,16.0,0,553010,55
5021,1,7315,21,15,2.0,1,1.0,4.0,8.0,8,2,1,Hispanic,61,6.0,5860.0,16.0,1,439061,43
5022,1,7303,17,0,,1,6.0,4.0,,9,1,0,Two or More,0,,,16.0,0,0,0
5023,1,7312,23,0,5.0,2,4.0,1.0,52.0,8,6,1,Hispanic,MIL,1.0,9825.0,19.0,0,553010,55
5024,1,7304,22,14,5.0,1,1.0,4.0,40.0,9,9,1,Hispanic,62,1.0,9645.0,14.0,1,537065,53
5025,1,7317,19,15,1.0,2,6.0,4.0,20.0,2,1,0,Black,722,6.0,5240.0,18.0,0,434051,43
5026,1,7322,43,0,1.0,1,6.0,4.0,,8,2,0,Hispanic,23,,8140.0,10.0,0,514120,51
5027,1,7301,19,0,5.0,1,4.0,1.0,99.0,1,1,1,White,MIL,6.0,9830.0,17.0,0,559830,55
5028,1,7316,23,0,5.0,1,4.0,1.0,68.0,1,1,1,White,MIL,1.0,3870.0,16.0,0,333050,33
5029,1,7310,18,0,5.0,1,1.0,2.0,30.0,1,1,1,White,23,1.0,6330.0,16.0,1,472080,47
5030,1,7307,48,0,,2,6.0,4.0,,1,23,0,Hispanic,0,,,15.0,0,0,0
5031,1,7310,28,0,5.0,1,4.0,1.0,65.0,9,1,1,Two or More,MIL,1.0,1551.0,19.0,0,173023,17
5032,1,7313,72,0,,1,6.0,2.0,,1,1,0,White,0,,,16.0,0,0,0
5033,1,7316,20,0,5.0,1,4.0,3.0,64.0,1,1,1,White,MIL,1.0,3645.0,16.0,0,319092,31
5034,1,7310,21,0,5.0,1,4.0,1.0,55.0,8,2,1,Hispanic,MIL,1.0,9300.0,16.0,0,5350XX,53
5035,1,7301,24,0,5.0,1,4.0,1.0,50.0,8,2,1,Hispanic,MIL,1.0,6305.0,16.0,0,472070,47
5036,1,7312,20,0,5.0,1,4.0,1.0,50.0,1,1,1,White,MIL,1.0,9830.0,16.0,0,559830,55
5037,1,7316,24,0,5.0,1,4.0,1.0,72.0,1,1,1,White,MIL,1.0,9800.0,21.0,0,551010,55
5038,1,7317,27,0,,1,6.0,4.0,,6,1,0,Asian,0,,,16.0,0,0,0
5039,1,7312,27,0,5.0,1,4.0,1.0,72.0,1,1,1,White,MIL,1.0,7340.0,16.0,0,499071,49
5040,1,7303,16,13,,1,6.0,,,2,1,0,Black,0,,,13.0,0,0,0
5041,1,7321,71,0,,1,6.0,4.0,,8,2,0,Hispanic,0,,,12.0,0,0,0
5042,1,7317,18,15,1.0,2,1.0,4.0,30.0,1,1,1,White,44,6.0,4760.0,16.0,1,412031,41
5043,1,7307,48,0,,1,6.0,4.0,,8,2,0,Hispanic,0,,,16.0,0,0,0
5044,1,7301,19,0,5.0,1,4.0,1.0,55.0,1,1,1,White,MIL,1.0,9825.0,16.0,0,553010,55
5045,1,7316,22,0,5.0,1,4.0,1.0,84.0,1,1,1,White,MIL,1.0,4020.0,16.0,0,352010,35
5046,1,7309,77,0,,2,6.0,4.0,,1,1,0,White,0,,,19.0,0,0,0
5047,1,7322,32,0,1.0,1,6.0,4.0,84.0,2,1,0,Black,3M,4.0,8990.0,12.0,0,5191XX,51
5048,1,7317,19,15,6.0,2,6.0,4.0,15.0,1,1,0,White,49,6.0,5510.0,19.0,0,435021,43
5049,1,7319,25,0,1.0,1,6.0,4.0,,9,3,0,Hispanic,81,,8300.0,13.0,0,516011,51
5050,1,7322,42,16,2.0,1,6.0,4.0,,9,1,0,Two or More,81,,2025.0,22.0,0,21109X,21
5051,1,7316,69,0,,1,6.0,2.0,,1,1,0,White,0,,,19.0,0,0,0
5052,1,7317,31,0,,1,6.0,4.0,,6,1,0,Asian,0,,,21.0,0,0,0
5053,1,7316,19,0,5.0,1,4.0,1.0,65.0,6,1,1,Asian,MIL,1.0,9300.0,16.0,0,5350XX,53
5054,1,7316,44,0,,1,6.0,4.0,,8,2,0,Hispanic,0,,,9.0,0,0,0
5055,1,7322,41,0,6.0,1,6.0,4.0,,1,2,0,Hispanic,48,,9130.0,13.0,0,533030,53
5056,1,7314,38,0,1.0,1,1.0,4.0,40.0,1,1,1,White,56,5.0,3930.0,16.0,1,339030,33
5057,1,7313,63,0,1.0,2,6.0,4.0,,1,1,0,White,81,,3630.0,16.0,0,319011,31
5058,1,7317,20,15,1.0,2,3.0,4.0,10.0,1,16,0,Hispanic,44,1.0,4760.0,20.0,1,412031,41
5059,1,7313,35,0,,1,6.0,4.0,,2,1,0,Black,0,,,1.0,0,0,0
5060,1,7301,20,0,5.0,1,4.0,1.0,50.0,1,1,1,White,MIL,1.0,9825.0,16.0,0,553010,55
5061,1,7310,20,0,5.0,1,4.0,1.0,55.0,1,1,1,White,MIL,1.0,7140.0,16.0,0,493011,49
5062,1,7310,94,0,,2,6.0,4.0,,1,1,0,White,0,,,19.0,0,0,0
5063,1,7315,18,15,,2,6.0,4.0,,1,1,0,White,0,,,18.0,0,0,0
5064,1,7306,60,0,,1,6.0,4.0,,1,1,0,White,0,,,16.0,0,0,0
5065,1,7316,31,0,5.0,1,4.0,1.0,75.0,9,3,1,Hispanic,MIL,1.0,7100.0,19.0,0,49209X,49
5066,1,7301,19,0,5.0,1,4.0,1.0,55.0,1,1,1,White,MIL,1.0,9830.0,16.0,0,559830,55
5067,1,7306,68,0,,2,6.0,4.0,,8,2,0,Hispanic,0,,,18.0,0,0,0
5068,1,7319,61,0,,1,6.0,4.0,,2,1,0,Black,0,,,19.0,0,0,0
5069,1,7301,22,0,5.0,1,4.0,1.0,50.0,1,1,1,White,MIL,1.0,7140.0,18.0,0,493011,49
5070,1,7315,22,15,1.0,1,1.0,4.0,10.0,2,1,1,Black,44,6.0,4760.0,19.0,1,412031,41
5071,1,7312,19,14,5.0,1,4.0,1.0,99.0,9,2,1,Hispanic,MIL,6.0,9830.0,14.0,0,559830,55
5072,1,7319,37,0,,1,6.0,4.0,,8,2,0,Hispanic,0,,,19.0,0,0,0
5073,1,7314,34,0,1.0,1,6.0,4.0,,1,1,0,White,56,,4251.0,15.0,0,373011,37
5074,1,7310,19,0,5.0,2,4.0,1.0,55.0,1,1,1,White,MIL,1.0,7140.0,17.0,0,493011,49
5075,1,7315,17,15,,2,6.0,4.0,,9,11,0,Hispanic,0,,,16.0,0,0,0
5076,1,7316,21,15,5.0,1,4.0,1.0,85.0,1,1,1,White,MIL,1.0,3645.0,19.0,0,319092,31
5077,1,7312,19,0,5.0,1,4.0,1.0,55.0,9,2,1,Hispanic,MIL,1.0,7140.0,18.0,0,493011,49
5078,1,7318,51,0,2.0,2,1.0,4.0,70.0,1,1,1,White,81,1.0,2100.0,23.0,1,2310XX,23
5079,1,7316,71,16,,2,6.0,4.0,,2,1,0,Black,0,,,21.0,0,0,0
5080,1,7309,88,0,,1,6.0,4.0,,9,2,0,Hispanic,0,,,1.0,0,0,0
5081,1,7310,19,0,5.0,1,4.0,1.0,63.0,9,1,1,Two or More,MIL,2.0,6442.0,16.0,0,472152,47
5082,1,7315,18,15,,1,6.0,4.0,,1,1,0,White,0,,,16.0,0,0,0
5083,1,7318,94,0,,1,6.0,2.0,,1,1,0,White,0,,,1.0,0,0,0
5084,1,7310,18,14,5.0,1,4.0,1.0,31.0,9,2,1,Hispanic,MIL,4.0,9830.0,18.0,0,559830,55
5085,1,7312,19,0,5.0,1,4.0,1.0,63.0,9,1,1,Two or More,MIL,2.0,6442.0,16.0,0,472152,47
5086,1,7301,20,0,5.0,1,4.0,1.0,50.0,1,1,1,White,MIL,1.0,9825.0,16.0,0,553010,55
5087,1,7310,23,0,5.0,2,4.0,3.0,65.0,6,1,1,Asian,MIL,1.0,3640.0,20.0,0,319091,31
5088,1,7301,19,0,5.0,1,4.0,1.0,45.0,1,1,1,White,MIL,1.0,9825.0,16.0,0,553010,55
5089,1,7317,18,15,2.0,2,6.0,4.0,,1,1,0,White,61,,2545.0,16.0,0,259040,25
5090,1,7310,58,0,,2,6.0,4.0,,1,1,0,White,0,,,16.0,0,0,0
5091,1,7303,29,0,1.0,1,6.0,2.0,30.0,1,1,0,White,23,6.0,6260.0,16.0,0,472061,47
5092,1,7318,40,0,,1,6.0,4.0,,6,1,0,Asian,0,,,22.0,0,0,0
5093,1,7315,18,15,6.0,2,6.0,4.0,6.0,1,1,0,White,81,6.0,4600.0,18.0,0,399011,39
5094,1,7315,20,15,2.0,1,1.0,4.0,4.0,1,1,1,White,61,6.0,3960.0,19.0,1,33909X,33
5095,1,7301,20,0,5.0,1,4.0,1.0,40.0,1,1,1,White,MIL,5.0,9825.0,16.0,0,553010,55
5096,1,7318,83,0,,2,6.0,4.0,,9,2,0,Hispanic,0,,,11.0,0,0,0
5097,1,7322,46,0,1.0,1,6.0,4.0,,1,24,0,Hispanic,722,,4130.0,19.0,0,359011,35
5098,1,7315,19,15,2.0,2,6.0,4.0,40.0,1,20,0,Hispanic,71,6.0,4622.0,19.0,0,399032,39
5099,1,7301,28,0,5.0,1,4.0,1.0,50.0,1,1,1,White,MIL,1.0,6230.0,16.0,0,472031,47
5100,1,7315,18,15,,1,6.0,4.0,,1,1,0,White,0,,,16.0,0,0,0
5101,1,7309,73,0,,1,6.0,2.0,,1,1,0,White,0,,,15.0,0,0,0
5102,1,7315,18,15,1.0,2,1.0,4.0,8.0,1,1,1,White,61,6.0,5860.0,16.0,1,439061,43
5103,1,7310,66,0,,2,6.0,4.0,,1,1,0,White,0,,,22.0,0,0,0
5104,1,7319,87,0,,1,6.0,2.0,,1,1,0,White,0,,,18.0,0,0,0
5105,1,7305,78,0,,2,6.0,2.0,,2,1,0,Black,0,,,21.0,0,0,0
5106,1,7307,25,0,1.0,1,1.0,4.0,40.0,8,2,1,Hispanic,44,3.0,4760.0,19.0,1,412031,41
5107,1,7322,37,0,,1,6.0,4.0,,8,2,0,Hispanic,0,,,19.0,0,0,0
5108,1,7310,18,0,5.0,1,4.0,1.0,32.0,1,2,1,Hispanic,MIL,1.0,9825.0,18.0,0,553010,55
5109,1,7317,18,15,,1,6.0,4.0,,1,1,0,White,0,,,16.0,0,0,0
5110,1,7310,23,0,5.0,1,4.0,1.0,50.0,2,1,1,Black,MIL,1.0,7030.0,16.0,0,492091,49
5111,1,7306,67,0,,1,6.0,4.0,,1,1,0,White,0,,,19.0,0,0,0
5112,1,7301,49,0,1.0,1,3.0,4.0,42.0,1,1,0,White,56,5.0,5350.0,18.0,1,434XXX,43
5113,1,7301,19,0,5.0,1,4.0,1.0,40.0,1,1,1,White,MIL,1.0,7100.0,16.0,0,49209X,49
5114,1,7315,19,15,2.0,2,6.0,4.0,40.0,1,20,0,Hispanic,71,6.0,4622.0,19.0,0,399032,39
5115,1,7310,19,15,2.0,2,6.0,4.0,40.0,1,20,0,Hispanic,71,6.0,4622.0,19.0,0,399032,39
5116,1,7301,19,0,5.0,1,4.0,1.0,40.0,8,2,1,Hispanic,MIL,5.0,9825.0,16.0,0,553010,55
5117,1,7312,20,0,5.0,1,4.0,1.0,50.0,1,1,1,White,MIL,1.0,9825.0,16.0,0,553010,55
5118,1,7315,21,15,4.0,2,1.0,4.0,20.0,2,1,1,Black,61,4.0,2016.0,18.0,1,211093,21
5119,1,7301,26,0,5.0,1,4.0,1.0,65.0,8,2,1,Hispanic,MIL,1.0,7030.0,16.0,0,492091,49
5120,1,7317,31,0,,1,6.0,4.0,,6,1,0,Asian,0,,,21.0,0,0,0
5121,1,7316,30,0,5.0,1,4.0,1.0,85.0,1,1,1,White,MIL,1.0,6835.0,20.0,0,475032,47
5122,1,7301,19,0,5.0,1,4.0,1.0,40.0,6,1,1,Asian,MIL,5.0,9825.0,16.0,0,553010,55
5123,1,7307,35,0,,1,6.0,4.0,,8,2,0,Hispanic,0,,,16.0,0,0,0
5124,1,7320,69,0,,1,6.0,2.0,,1,1,0,White,0,,,19.0,0,0,0
5125,1,7301,19,0,5.0,1,4.0,1.0,50.0,1,1,1,White,MIL,1.0,5040.0,16.0,0,432099,43
5126,1,7316,46,15,1.0,1,6.0,4.0,,6,1,0,Asian,722,,4130.0,22.0,0,359011,35
5127,1,7301,24,0,5.0,2,4.0,1.0,84.0,2,7,1,Hispanic,MIL,1.0,7140.0,19.0,0,493011,49
5128,1,7301,23,0,5.0,1,4.0,1.0,45.0,1,1,1,White,MIL,1.0,9830.0,18.0,0,559830,55
5129,1,7315,85,0,,2,6.0,4.0,,1,1,0,White,0,,,9.0,0,0,0
5130,1,7315,19,15,,2,6.0,4.0,,1,1,0,White,0,,,19.0,0,0,0
5131,1,7301,21,0,5.0,1,4.0,1.0,45.0,1,1,1,White,MIL,1.0,2145.0,16.0,0,232011,23
5132,1,7315,94,0,,2,6.0,4.0,,8,17,0,Hispanic,0,,,16.0,0,0,0
5133,1,7301,28,0,5.0,1,4.0,1.0,45.0,6,1,1,Asian,MIL,1.0,9800.0,21.0,0,551010,55
5134,1,7314,90,0,,2,6.0,4.0,,1,1,0,White,0,,,16.0,0,0,0
5135,1,7310,20,0,5.0,1,4.0,1.0,50.0,1,1,1,White,MIL,1.0,9830.0,16.0,0,559830,55
5136,1,7316,27,0,6.0,2,6.0,4.0,40.0,3,2,0,Hispanic,81,5.0,3602.0,14.0,0,311122,31
5137,1,7315,20,15,,2,6.0,4.0,,2,1,0,Black,0,,,19.0,0,0,0
5138,1,7312,24,0,5.0,1,4.0,1.0,99.0,1,1,1,White,MIL,1.0,3740.0,19.0,0,332011,33
5139,1,7312,21,0,5.0,1,4.0,1.0,25.0,8,7,1,Hispanic,MIL,1.0,9825.0,16.0,0,553010,55
5140,1,7321,28,0,5.0,1,4.0,1.0,78.0,2,1,1,Black,MIL,1.0,6835.0,19.0,0,475032,47
5141,1,7309,76,0,,1,6.0,4.0,,1,1,0,White,0,,,21.0,0,0,0
5142,1,7322,25,0,1.0,1,6.0,4.0,,8,2,0,Hispanic,23,,6410.0,11.0,0,472140,47
5143,1,7316,35,0,5.0,1,4.0,1.0,98.0,2,1,1,Black,MIL,1.0,3645.0,20.0,0,319092,31
5144,1,7313,82,0,,2,6.0,4.0,,1,1,0,White,0,,,16.0,0,0,0
5145,1,7315,18,15,,1,6.0,4.0,,1,1,0,White,0,,,18.0,0,0,0
5146,1,7302,36,0,1.0,1,1.0,4.0,45.0,9,2,1,Hispanic,11,1.0,6050.0,15.0,1,4520XX,45
5147,1,7316,29,0,1.0,1,6.0,2.0,30.0,1,1,0,White,23,6.0,6260.0,16.0,0,472061,47
5148,1,7315,19,15,1.0,1,6.0,4.0,20.0,1,1,0,White,44,6.0,4760.0,16.0,0,412031,41
5149,1,7318,17,14,,1,6.0,4.0,,1,2,0,Hispanic,0,,,14.0,0,0,0
5150,1,7306,87,0,,2,6.0,4.0,,1,1,0,White,0,,,19.0,0,0,0
5151,1,7314,54,0,,1,6.0,4.0,,8,2,0,Hispanic,0,,,18.0,0,0,0
5152,1,7322,40,0,6.0,1,6.0,4.0,,1,24,0,Hispanic,23,,6260.0,19.0,0,472061,47
5153,1,7301,21,0,5.0,1,4.0,1.0,50.0,1,1,1,White,MIL,1.0,3740.0,16.0,0,332011,33
5154,1,7316,19,0,5.0,1,4.0,1.0,60.0,1,1,1,White,MIL,2.0,9300.0,16.0,0,5350XX,53
5155,1,7313,68,0,,2,6.0,4.0,,8,2,0,Hispanic,0,,,18.0,0,0,0
5156,1,7316,24,0,5.0,1,4.0,1.0,20.0,1,1,1,White,MIL,1.0,7100.0,19.0,0,49209X,49
5157,1,7316,81,0,,2,6.0,4.0,,8,2,0,Hispanic,0,,,16.0,0,0,0
5158,1,7313,94,0,,2,6.0,4.0,,1,1,0,White,0,,,16.0,0,0,0
5159,1,7306,30,0,,1,6.0,4.0,,9,3,0,Hispanic,0,,,16.0,0,0,0
5160,1,7315,18,15,1.0,2,6.0,4.0,,1,1,0,White,71,,3960.0,16.0,0,33909X,33
5161,1,7315,18,15,,1,6.0,4.0,,1,1,0,White,0,,,16.0,0,0,0
5162,1,7317,19,15,,1,6.0,4.0,,1,1,0,White,0,,,18.0,0,0,0
5163,1,7310,53,0,,2,6.0,4.0,,1,1,0,White,0,,,15.0,0,0,0
5164,1,7315,21,15,,1,6.0,4.0,,6,1,0,Asian,0,,,18.0,0,0,0
5165,1,7310,19,0,5.0,2,4.0,1.0,40.0,8,2,1,Hispanic,MIL,1.0,9300.0,16.0,0,5350XX,53
5166,1,7301,22,0,5.0,1,4.0,1.0,50.0,1,1,1,White,MIL,1.0,9825.0,16.0,0,553010,55
5167,1,7302,53,0,,1,6.0,4.0,,9,11,0,Hispanic,0,,,19.0,0,0,0
5168,1,7314,63,0,,1,6.0,4.0,,2,1,0,Black,0,,,16.0,0,0,0
5169,1,7310,20,15,1.0,2,1.0,4.0,20.0,1,1,1,White,61,1.0,5400.0,16.0,1,434171,43
5170,1,7315,18,15,,2,6.0,4.0,,2,1,0,Black,0,,,16.0,0,0,0
5171,1,7312,23,0,5.0,1,4.0,1.0,99.0,2,1,1,Black,MIL,1.0,9300.0,16.0,0,5350XX,53
5172,1,7310,46,0,,1,6.0,4.0,,8,2,0,Hispanic,0,,,16.0,0,0,0
5173,1,7301,23,0,5.0,1,4.0,1.0,60.0,1,1,1,White,MIL,1.0,9620.0,16.0,0,537062,53
5174,1,7306,71,0,,1,6.0,4.0,,1,1,0,White,0,,,16.0,0,0,0
5175,1,7319,27,0,1.0,1,6.0,4.0,,8,2,0,Hispanic,56,,8990.0,15.0,0,5191XX,51
5176,1,7313,64,0,,2,6.0,4.0,,1,1,0,White,0,,,19.0,0,0,0
5177,1,7301,19,0,5.0,1,4.0,1.0,50.0,1,1,1,White,MIL,1.0,9825.0,16.0,0,553010,55
5178,1,7316,46,0,,1,6.0,4.0,,9,2,0,Hispanic,0,,,15.0,0,0,0
5179,1,7302,15,12,,1,,,,2,1,0,Black,0,,,12.0,0,0,0
5180,1,7301,20,0,5.0,2,4.0,1.0,45.0,1,1,1,White,MIL,1.0,2910.0,19.0,0,274021,27
5181,1,7313,90,0,,2,6.0,4.0,,6,1,0,Asian,0,,,19.0,0,0,0
5182,1,7322,32,0,6.0,1,6.0,4.0,60.0,1,1,0,White,81,6.0,7200.0,13.0,0,493023,49
5183,1,7301,21,0,5.0,1,4.0,1.0,25.0,8,7,1,Hispanic,MIL,1.0,9825.0,16.0,0,553010,55
5184,1,7319,41,0,,1,6.0,4.0,,9,2,0,Hispanic,0,,,9.0,0,0,0
5185,1,7312,22,0,5.0,1,4.0,1.0,60.0,1,1,1,White,MIL,2.0,7640.0,16.0,0,4990XX,49
5186,1,7310,17,13,1.0,1,6.0,4.0,,9,3,0,Hispanic,44,,4965.0,13.0,0,419099,41
5187,1,7321,90,0,,1,6.0,2.0,,1,1,0,White,0,,,16.0,0,0,0
5188,1,7320,82,0,,1,6.0,3.0,,2,1,0,Black,0,,,19.0,0,0,0
5189,1,7320,24,14,1.0,2,6.0,4.0,,1,3,0,Hispanic,722,,4720.0,17.0,0,412010,41
5190,1,7317,35,0,2.0,2,1.0,4.0,70.0,1,1,1,White,81,1.0,136.0,16.0,1,113121,11
5191,1,7312,21,0,5.0,1,4.0,1.0,45.0,1,1,1,White,MIL,1.0,7020.0,18.0,0,492020,49
5192,1,7316,29,0,1.0,1,6.0,4.0,,1,24,0,Hispanic,722,,4130.0,14.0,0,359011,35
5193,1,7319,27,0,1.0,1,6.0,4.0,,1,1,0,White,44,,4030.0,13.0,0,352021,35
5194,1,7301,20,0,5.0,1,4.0,1.0,50.0,1,1,1,White,MIL,1.0,9825.0,17.0,0,553010,55
5195,1,7316,23,0,5.0,1,4.0,1.0,76.0,6,1,1,Asian,MIL,1.0,7340.0,19.0,0,499071,49
5196,1,7321,84,0,,2,6.0,4.0,,2,1,0,Black,0,,,18.0,0,0,0
5197,1,7321,68,0,,1,6.0,4.0,,1,1,0,White,0,,,21.0,0,0,0
5198,1,7322,41,0,1.0,1,6.0,4.0,60.0,1,1,0,White,23,4.0,6260.0,19.0,0,472061,47
5199,1,7318,23,0,5.0,1,4.0,1.0,50.0,8,1,1,White,MIL,1.0,137.0,18.0,0,113131,11
5200,1,7307,65,0,,1,6.0,4.0,,1,1,0,White,0,,,12.0,0,0,0
5201,1,7315,24,16,2.0,2,1.0,4.0,40.0,9,1,1,Two or More,61,1.0,440.0,21.0,1,1191XX,11
5202,1,7312,20,0,5.0,1,4.0,1.0,50.0,1,1,1,White,MIL,1.0,6230.0,16.0,0,472031,47
5203,1,7317,22,15,1.0,1,6.0,4.0,25.0,1,1,0,White,49,6.0,9130.0,16.0,0,533030,53
5204,1,7313,75,0,,2,6.0,4.0,,1,1,0,White,0,,,16.0,0,0,0
5205,1,7316,23,0,5.0,1,4.0,1.0,85.0,6,1,1,Asian,MIL,1.0,7210.0,16.0,0,493031,49
5206,1,7313,59,0,6.0,1,6.0,2.0,30.0,2,1,0,Black,81,2.0,7200.0,19.0,0,493023,49
5207,1,7320,55,0,,1,6.0,4.0,,8,9,0,Hispanic,0,,,21.0,0,0,0
5208,1,7315,19,15,2.0,2,6.0,4.0,40.0,1,1,0,White,71,6.0,4622.0,19.0,0,399032,39
5209,1,7315,23,15,,2,6.0,4.0,,1,1,0,White,0,,,19.0,0,0,0
5210,1,7312,23,0,5.0,1,4.0,1.0,81.0,2,1,1,Black,MIL,1.0,1460.0,16.0,0,172141,17
5211,1,7318,42,16,2.0,1,6.0,4.0,,9,1,0,Two or More,81,,2025.0,22.0,0,21109X,21
5212,1,7322,41,0,,1,6.0,4.0,,9,2,0,Hispanic,0,,,9.0,0,0,0
5213,1,7319,22,14,5.0,1,1.0,4.0,40.0,9,9,1,Hispanic,62,1.0,9645.0,14.0,1,537065,53
5214,1,7314,69,0,,1,6.0,2.0,,1,1,0,White,0,,,18.0,0,0,0
5215,1,7306,53,0,1.0,2,3.0,2.0,,1,1,0,White,62,,5940.0,22.0,1,439XXX,43
5216,1,7309,65,0,,2,6.0,4.0,,1,1,0,White,0,,,19.0,0,0,0
5217,1,7318,49,0,,2,6.0,4.0,,8,2,0,Hispanic,0,,,17.0,0,0,0
5218,1,7318,34,0,,1,6.0,4.0,,1,1,0,White,0,,,13.0,0,0,0
5219,1,7301,20,0,5.0,1,4.0,1.0,50.0,9,5,1,Hispanic,MIL,1.0,9830.0,16.0,0,559830,55
5220,1,7320,94,0,,2,6.0,4.0,,9,24,0,Hispanic,0,,,16.0,0,0,0
5221,1,7302,55,0,,1,6.0,4.0,,2,1,0,Black,0,,,17.0,0,0,0
5222,1,7301,19,0,5.0,1,4.0,1.0,50.0,9,5,1,Hispanic,MIL,1.0,6230.0,16.0,0,472031,47
5223,1,7319,41,0,,1,6.0,4.0,,9,2,0,Hispanic,0,,,9.0,0,0,0
5224,1,7316,22,0,5.0,1,4.0,1.0,40.0,2,1,1,Black,MIL,1.0,3740.0,16.0,0,332011,33
5225,1,7302,31,0,,1,6.0,4.0,,6,1,0,Asian,0,,,21.0,0,0,0
5226,1,7310,19,0,5.0,1,4.0,1.0,50.0,9,11,1,Hispanic,MIL,3.0,9645.0,18.0,0,537065,53
5227,1,7317,18,15,,2,6.0,4.0,,2,1,0,Black,0,,,16.0,0,0,0
5228,1,7316,23,0,5.0,1,4.0,1.0,65.0,8,2,1,Hispanic,MIL,1.0,9300.0,16.0,0,5350XX,53
5229,1,7301,19,0,5.0,1,4.0,1.0,50.0,8,23,1,Hispanic,MIL,1.0,6230.0,16.0,0,472031,47
5230,1,7315,19,15,2.0,2,6.0,4.0,40.0,1,1,0,White,71,6.0,4622.0,19.0,0,399032,39
5231,1,7315,21,15,5.0,1,3.0,4.0,,6,1,0,Asian,61,,9620.0,16.0,1,537062,53
5232,1,7322,20,15,1.0,2,1.0,4.0,10.0,8,2,1,Hispanic,722,1.0,4720.0,17.0,1,412010,41
5233,1,7319,32,0,1.0,1,6.0,4.0,84.0,2,1,0,Black,3M,4.0,8990.0,12.0,0,5191XX,51
5234,1,7318,40,0,4.0,2,6.0,4.0,,1,1,0,White,53,,6660.0,19.0,0,474011,47
5235,1,7316,40,0,9.0,1,3.0,4.0,,1,1,0,White,99,,9920.0,19.0,1,999920,99
5236,1,7316,22,0,5.0,1,4.0,1.0,69.0,1,1,1,White,MIL,1.0,5360.0,18.0,0,434161,43
5237,1,7301,21,0,5.0,1,4.0,1.0,50.0,1,1,1,White,MIL,1.0,9825.0,16.0,0,553010,55
5238,1,7316,38,0,1.0,1,6.0,4.0,54.0,9,2,0,Hispanic,33,1.0,4850.0,20.0,0,414010,41
5239,1,7301,20,0,5.0,1,4.0,1.0,40.0,1,1,1,White,MIL,1.0,7430.0,16.0,0,499060,49
5240,1,7301,20,0,5.0,1,4.0,1.0,50.0,1,1,1,White,MIL,1.0,9825.0,16.0,0,553010,55
5241,1,7310,21,15,5.0,1,3.0,4.0,,6,1,0,Asian,61,,9620.0,16.0,1,537062,53
5242,1,7301,24,0,5.0,1,4.0,1.0,50.0,1,1,1,White,MIL,1.0,9130.0,16.0,0,533030,53
5243,1,7316,26,0,1.0,1,1.0,4.0,40.0,2,1,1,Black,45,5.0,4760.0,21.0,1,412031,41
5244,1,7319,41,0,6.0,1,6.0,4.0,,1,2,0,Hispanic,48,,9130.0,13.0,0,533030,53
5245,1,7310,19,0,5.0,2,4.0,1.0,68.0,2,1,1,Black,MIL,1.0,1560.0,16.0,0,173031,17
5246,1,7312,27,0,5.0,1,4.0,1.0,72.0,1,1,1,White,MIL,1.0,7340.0,16.0,0,499071,49
5247,1,7310,19,15,1.0,2,1.0,4.0,12.0,6,1,1,Asian,722,1.0,4720.0,16.0,1,412010,41
5248,1,7309,70,0,,2,6.0,4.0,,6,1,0,Asian,0,,,21.0,0,0,0
5249,1,7315,19,15,7.0,2,6.0,4.0,1.0,1,2,0,Hispanic,71,6.0,2722.0,16.0,0,272022,27
5250,1,7313,62,0,2.0,2,6.0,4.0,40.0,1,1,0,White,81,1.0,2006.0,19.0,0,211019,21
5251,1,7316,23,0,5.0,1,4.0,1.0,86.0,1,1,1,White,MIL,1.0,3740.0,16.0,0,332011,33
5252,1,7316,69,0,,2,6.0,4.0,,8,2,0,Hispanic,0,,,16.0,0,0,0
5253,1,7301,20,0,5.0,1,4.0,1.0,50.0,1,1,1,White,MIL,1.0,9825.0,16.0,0,553010,55
5254,1,7322,49,0,,1,6.0,2.0,,8,2,0,Hispanic,0,,,19.0,0,0,0
5255,1,7301,41,0,1.0,1,6.0,4.0,,6,1,0,Asian,44,,4720.0,20.0,0,412010,41
5256,1,7319,20,15,1.0,2,1.0,4.0,10.0,8,2,1,Hispanic,722,1.0,4720.0,17.0,1,412010,41
5257,1,7304,44,0,,1,6.0,4.0,,8,2,0,Hispanic,0,,,9.0,0,0,0
5258,1,7316,53,0,1.0,2,3.0,2.0,,1,1,0,White,62,,5940.0,22.0,1,439XXX,43
5259,1,7313,82,0,,1,6.0,3.0,,2,1,0,Black,0,,,19.0,0,0,0
5260,1,7322,30,14,1.0,1,6.0,4.0,,1,24,0,Hispanic,722,,4130.0,14.0,0,359011,35
5261,1,7310,22,0,5.0,1,4.0,1.0,38.0,1,1,1,White,MIL,1.0,9830.0,16.0,0,559830,55
5262,1,7301,21,0,5.0,1,4.0,1.0,50.0,8,17,1,Hispanic,MIL,1.0,9830.0,19.0,0,559830,55
5263,1,7301,19,0,5.0,1,4.0,1.0,40.0,8,2,1,Hispanic,MIL,5.0,9825.0,16.0,0,553010,55
5264,1,7315,21,15,1.0,2,1.0,4.0,10.0,9,2,1,Hispanic,44,6.0,4760.0,19.0,1,412031,41
5265,1,7301,20,0,5.0,1,4.0,1.0,77.0,1,1,1,White,MIL,1.0,7640.0,18.0,0,4990XX,49
5266,1,7316,49,0,,2,6.0,4.0,,8,2,0,Hispanic,0,,,17.0,0,0,0
5267,1,7313,82,0,,1,6.0,3.0,,2,1,0,Black,0,,,19.0,0,0,0
5268,1,7301,24,0,5.0,1,4.0,1.0,99.0,8,2,1,Hispanic,MIL,1.0,7340.0,16.0,0,499071,49
5269,1,7316,17,14,1.0,1,6.0,4.0,70.0,8,7,0,Hispanic,722,5.0,4020.0,14.0,0,352010,35
5270,1,7310,20,15,1.0,2,6.0,4.0,25.0,1,1,0,White,71,6.0,3960.0,16.0,0,33909X,33
5271,1,7301,84,0,,2,6.0,4.0,,1,1,0,White,0,,,16.0,0,0,0
5272,1,7316,18,0,5.0,1,4.0,1.0,60.0,1,1,1,White,MIL,1.0,630.0,18.0,0,131070,13
5273,1,7301,20,0,5.0,1,4.0,1.0,50.0,1,1,1,White,MIL,1.0,9825.0,16.0,0,553010,55
5274,1,7302,77,0,,2,6.0,4.0,,9,1,0,Two or More,0,,,18.0,0,0,0
5275,1,7303,39,0,,1,6.0,4.0,,1,1,0,White,0,,,1.0,0,0,0
5276,1,7322,20,0,1.0,1,6.0,4.0,,1,24,0,Hispanic,49,,9620.0,16.0,0,537062,53
5277,1,7310,20,0,5.0,1,4.0,1.0,40.0,1,1,1,White,MIL,1.0,7430.0,16.0,0,499060,49
5278,1,7316,20,0,5.0,1,4.0,1.0,50.0,1,1,1,White,MIL,1.0,9825.0,16.0,0,553010,55
5279,1,7319,21,0,1.0,1,6.0,4.0,30.0,8,2,0,Hispanic,44,6.0,4720.0,18.0,0,412010,41
5280,1,7319,55,0,,1,6.0,4.0,,2,1,0,Black,0,,,17.0,0,0,0
5281,1,7310,19,15,2.0,2,6.0,4.0,40.0,1,1,0,White,71,6.0,4622.0,19.0,0,399032,39
5282,1,7306,50,0,,1,6.0,4.0,,1,1,0,White,0,,,17.0,0,0,0
5283,1,7315,19,15,,2,6.0,4.0,,2,1,0,Black,0,,,19.0,0,0,0
5284,1,7317,18,15,7.0,2,6.0,4.0,12.0,1,1,0,White,71,6.0,2722.0,16.0,0,272022,27
5285,1,7317,53,0,,2,6.0,4.0,,1,1,0,White,0,,,15.0,0,0,0
5286,1,7316,36,0,1.0,1,6.0,4.0,40.0,9,2,0,Hispanic,722,5.0,4020.0,14.0,0,352010,35
5287,1,7313,72,0,,2,6.0,4.0,,6,1,0,Asian,0,,,19.0,0,0,0
5288,1,7315,19,15,,1,6.0,4.0,,1,1,0,White,0,,,19.0,0,0,0
5289,1,7322,26,0,6.0,1,6.0,4.0,,1,24,0,Hispanic,23,,6260.0,14.0,0,472061,47
5290,1,7301,20,0,5.0,1,4.0,1.0,50.0,6,1,1,Asian,MIL,1.0,7020.0,16.0,0,492020,49
5291,1,7315,18,15,,2,6.0,4.0,,1,1,0,White,0,,,16.0,0,0,0
5292,1,7319,27,0,1.0,1,6.0,4.0,,8,2,0,Hispanic,56,,8990.0,15.0,0,5191XX,51
5293,1,7315,21,15,4.0,2,1.0,4.0,20.0,2,1,1,Black,61,4.0,2016.0,18.0,1,211093,21
5294,1,7316,23,0,1.0,2,6.0,4.0,,1,1,0,White,81,,5400.0,16.0,0,434171,43
5295,1,7301,20,0,5.0,1,4.0,1.0,50.0,9,2,1,Hispanic,MIL,1.0,9825.0,16.0,0,553010,55
5296,1,7322,94,0,,2,6.0,4.0,,1,1,0,White,0,,,24.0,0,0,0
5297,1,7312,19,0,5.0,1,4.0,1.0,40.0,1,3,1,Hispanic,MIL,1.0,700.0,16.0,0,131081,13
5298,1,7315,88,0,,2,6.0,4.0,,1,1,0,White,0,,,19.0,0,0,0
5299,1,7314,56,0,,2,6.0,4.0,,9,2,0,Hispanic,0,,,1.0,0,0,0
5300,1,7316,59,0,1.0,1,6.0,2.0,40.0,1,1,0,White,23,6.0,6260.0,16.0,0,472061,47
5301,1,7302,36,0,4.0,2,6.0,4.0,,8,2,0,Hispanic,54,,5240.0,15.0,0,434051,43
5302,1,7312,19,0,5.0,1,4.0,1.0,45.0,1,1,1,White,MIL,1.0,9130.0,16.0,0,533030,53
5303,1,7315,77,0,,2,6.0,4.0,,9,1,0,Two or More,0,,,18.0,0,0,0
5304,1,7317,19,15,,1,6.0,4.0,,1,1,0,White,0,,,18.0,0,0,0
5305,1,7319,59,0,1.0,1,1.0,4.0,26.0,1,1,1,White,722,4.0,4220.0,1.0,1,37201X,37
5306,1,7315,18,15,1.0,2,1.0,4.0,30.0,1,1,1,White,44,6.0,4760.0,16.0,1,412031,41
5307,1,7318,63,0,6.0,2,1.0,4.0,80.0,1,1,1,White,62,1.0,3602.0,16.0,1,311122,31
5308,1,7313,46,0,,1,6.0,4.0,,1,1,0,White,0,,,19.0,0,0,0
5309,1,7310,18,0,5.0,1,4.0,3.0,99.0,9,2,1,Hispanic,MIL,6.0,9825.0,16.0,0,553010,55
5310,1,7320,66,0,,2,6.0,4.0,,1,1,0,White,0,,,22.0,0,0,0
5311,1,7310,20,15,1.0,1,6.0,4.0,20.0,1,2,0,Hispanic,54,6.0,4840.0,19.0,0,413091,41
5312,1,7318,49,0,,2,6.0,4.0,,1,2,0,Hispanic,0,,,16.0,0,0,0
5313,1,7301,22,0,5.0,1,4.0,1.0,50.0,1,23,1,Hispanic,MIL,1.0,5860.0,16.0,0,439061,43
5314,1,7310,19,15,,1,6.0,4.0,,1,1,0,White,0,,,19.0,0,0,0
5315,1,7322,34,0,6.0,1,6.0,4.0,60.0,8,2,0,Hispanic,81,6.0,7200.0,12.0,0,493023,49
5316,1,7321,94,0,,2,6.0,4.0,,2,1,0,Black,0,,,16.0,0,0,0
5317,1,7316,20,0,1.0,1,6.0,4.0,,1,24,0,Hispanic,49,,9620.0,16.0,0,537062,53
5318,1,7312,22,0,5.0,1,4.0,1.0,50.0,1,1,1,White,MIL,1.0,9825.0,16.0,0,553010,55
5319,1,7305,31,0,1.0,2,6.0,4.0,40.0,1,1,0,White,722,1.0,4010.0,18.0,0,351012,35
5320,1,7310,18,0,5.0,1,4.0,1.0,99.0,1,1,1,White,MIL,6.0,9825.0,16.0,0,553010,55
5321,1,7312,18,14,5.0,1,4.0,1.0,99.0,8,2,1,Hispanic,MIL,6.0,9825.0,18.0,0,553010,55
5322,1,7316,20,0,,1,6.0,4.0,,8,2,0,Hispanic,0,,,16.0,0,0,0
5323,1,7319,17,0,,1,6.0,4.0,,2,1,0,Black,0,,,15.0,0,0,0
5324,1,7301,31,0,1.0,2,6.0,4.0,40.0,1,1,0,White,722,1.0,4010.0,18.0,0,351012,35
5325,1,7316,24,0,5.0,1,4.0,1.0,99.0,1,1,1,White,MIL,1.0,3740.0,19.0,0,332011,33
5326,1,7315,19,15,1.0,1,6.0,4.0,20.0,1,1,0,White,44,6.0,4760.0,16.0,0,412031,41
5327,1,7318,61,0,,1,6.0,2.0,,9,1,0,Two or More,0,,,14.0,0,0,0
5328,1,7310,27,0,5.0,1,4.0,1.0,72.0,1,1,1,White,MIL,1.0,7340.0,16.0,0,499071,49
5329,1,7301,21,0,5.0,1,4.0,1.0,45.0,8,1,1,White,MIL,1.0,7210.0,16.0,0,493031,49
5330,1,7301,24,0,5.0,1,4.0,1.0,50.0,1,3,1,Hispanic,MIL,1.0,7030.0,20.0,0,492091,49
5331,1,7301,20,0,5.0,1,4.0,1.0,50.0,1,1,1,White,MIL,1.0,3740.0,16.0,0,332011,33
5332,1,7319,17,14,,1,6.0,4.0,,2,1,0,Black,0,,,14.0,0,0,0
5333,1,7316,21,0,5.0,1,4.0,1.0,91.0,6,1,1,Asian,MIL,1.0,1108.0,16.0,0,151299,15
5334,1,7316,23,0,5.0,1,4.0,1.0,68.0,1,1,1,White,MIL,1.0,3870.0,16.0,0,333050,33
5335,1,7316,25,0,5.0,1,4.0,1.0,40.0,1,1,1,White,MIL,1.0,9825.0,19.0,0,553010,55
5336,1,7315,80,0,,2,6.0,4.0,,1,1,0,White,0,,,13.0,0,0,0
5337,1,7310,53,0,1.0,1,1.0,4.0,40.0,9,2,1,Hispanic,11,4.0,6050.0,1.0,1,4520XX,45
5338,1,7313,38,0,,1,6.0,4.0,,6,1,0,Asian,0,,,21.0,0,0,0
5339,1,7307,66,0,,1,6.0,4.0,,1,1,0,White,0,,,16.0,0,0,0
5340,1,7316,72,0,,1,6.0,4.0,,1,1,0,White,0,,,19.0,0,0,0
5341,1,7303,41,0,1.0,1,6.0,4.0,,6,1,0,Asian,44,,4720.0,20.0,0,412010,41
5342,1,7310,38,0,,1,6.0,4.0,,6,1,0,Asian,0,,,21.0,0,0,0
5343,1,7315,19,15,7.0,2,6.0,4.0,1.0,1,2,0,Hispanic,71,6.0,2722.0,16.0,0,272022,27
5344,1,7315,18,15,,1,6.0,4.0,,2,1,0,Black,0,,,16.0,0,0,0
5345,1,7315,18,15,1.0,2,6.0,4.0,,1,1,0,White,62,,5400.0,18.0,0,434171,43
5346,1,7312,19,0,5.0,1,4.0,1.0,55.0,1,1,1,White,MIL,1.0,7140.0,16.0,0,493011,49
5347,1,7310,24,0,5.0,2,4.0,1.0,81.0,1,1,1,White,MIL,1.0,9810.0,16.0,0,552010,55
5348,1,7310,72,0,,1,6.0,4.0,,1,1,0,White,0,,,21.0,0,0,0
5349,1,7316,76,0,,2,6.0,4.0,,1,1,0,White,0,,,21.0,0,0,0
5350,1,7313,77,0,,1,6.0,4.0,,1,2,0,Hispanic,0,,,19.0,0,0,0
5351,1,7319,41,0,,1,6.0,4.0,,9,2,0,Hispanic,0,,,9.0,0,0,0
5352,1,7316,59,0,,1,6.0,4.0,,1,1,0,White,0,,,14.0,0,0,0
5353,1,7314,69,0,,1,6.0,3.0,,1,1,0,White,0,,,19.0,0,0,0
5354,1,7301,18,0,5.0,1,4.0,3.0,99.0,9,2,1,Hispanic,MIL,6.0,9825.0,16.0,0,553010,55
5355,1,7313,23,0,1.0,1,1.0,4.0,40.0,9,2,1,Hispanic,722,6.0,4020.0,1.0,1,352010,35
5356,1,7310,49,0,1.0,1,3.0,4.0,42.0,1,1,0,White,56,5.0,5350.0,18.0,1,434XXX,43
5357,1,7301,22,0,5.0,1,4.0,1.0,50.0,1,2,1,Hispanic,MIL,1.0,5860.0,16.0,0,439061,43
5358,1,7301,19,0,5.0,1,4.0,1.0,99.0,2,1,1,Black,MIL,6.0,9825.0,16.0,0,553010,55
5359,1,7317,16,14,,1,6.0,,,9,24,0,Hispanic,0,,,14.0,0,0,0
5360,1,7303,27,0,,1,6.0,4.0,,8,2,0,Hispanic,0,,,15.0,0,0,0
5361,1,7310,23,15,1.0,1,6.0,4.0,27.0,1,1,0,White,44,6.0,4760.0,19.0,0,412031,41
5362,1,7314,49,0,2.0,2,6.0,4.0,,1,1,0,White,42,,9640.0,1.0,0,537064,53
5363,1,7319,55,0,,1,6.0,4.0,,2,1,0,Black,0,,,17.0,0,0,0
5364,1,7306,88,0,,1,6.0,4.0,,6,1,0,Asian,0,,,14.0,0,0,0
5365,1,7320,83,0,,1,6.0,4.0,,1,1,0,White,0,,,21.0,0,0,0
5366,1,7311,16,13,,2,6.0,,,8,2,0,Hispanic,0,,,13.0,0,0,0
5367,1,7310,82,0,,2,6.0,3.0,,1,1,0,White,0,,,16.0,0,0,0
5368,1,7312,22,0,5.0,1,4.0,1.0,38.0,1,1,1,White,MIL,1.0,9830.0,16.0,0,559830,55
5369,1,7302,43,0,,1,6.0,4.0,,1,1,0,White,0,,,16.0,0,0,0
5370,1,7316,21,0,5.0,1,4.0,1.0,67.0,6,1,1,Asian,MIL,1.0,700.0,19.0,0,131081,13
5371,1,7317,94,0,,2,6.0,4.0,,1,1,0,White,0,,,16.0,0,0,0
5372,1,7306,15,12,,2,,,,1,1,0,White,0,,,12.0,0,0,0
5373,1,7301,19,0,5.0,1,4.0,1.0,50.0,9,11,1,Hispanic,MIL,1.0,6230.0,18.0,0,472031,47
5374,1,7315,18,15,1.0,2,1.0,4.0,40.0,1,1,1,White,722,1.0,4720.0,16.0,1,412010,41
5375,1,7320,61,0,2.0,1,1.0,4.0,58.0,1,1,1,White,81,1.0,2040.0,22.0,1,212011,21
5376,1,7317,18,15,,1,6.0,4.0,,1,1,0,White,0,,,18.0,0,0,0
5377,1,7316,24,0,1.0,1,6.0,4.0,,8,2,0,Hispanic,49,,9620.0,12.0,0,537062,53
5378,1,7315,36,0,,2,6.0,4.0,,1,1,0,White,0,,,16.0,0,0,0
5379,1,7307,36,0,,2,6.0,4.0,,1,1,0,White,0,,,16.0,0,0,0
5380,1,7310,23,15,5.0,1,1.0,4.0,40.0,8,2,1,Hispanic,62,1.0,650.0,19.0,1,131151,13
5381,1,7315,19,15,1.0,1,1.0,4.0,7.0,1,1,1,White,71,6.0,4435.0,19.0,1,3930XX,39
5382,1,7322,28,0,,1,6.0,4.0,,8,2,0,Hispanic,0,,,12.0,0,0,0
5383,1,7307,69,0,,1,6.0,2.0,,9,2,0,Hispanic,0,,,21.0,0,0,0
5384,1,7303,42,0,1.0,1,6.0,4.0,,1,1,0,White,23,,7315.0,14.0,0,499021,49
5385,1,7306,31,0,1.0,2,6.0,4.0,40.0,1,1,0,White,722,1.0,4010.0,18.0,0,351012,35
5386,1,7301,26,0,5.0,1,4.0,1.0,50.0,6,1,1,Asian,MIL,1.0,9810.0,18.0,0,552010,55
5387,1,7315,19,15,3.0,2,6.0,4.0,,1,1,0,White,61,,4600.0,19.0,0,399011,39
5388,1,7312,21,0,5.0,1,4.0,1.0,50.0,8,2,1,Hispanic,MIL,1.0,9825.0,16.0,0,553010,55
5389,1,7315,8,4,,1,,,,1,1,0,White,0,,,4.0,0,0,0
5390,1,7316,48,0,1.0,1,6.0,4.0,40.0,1,2,0,Hispanic,23,6.0,6260.0,20.0,0,472061,47
5391,1,7320,63,0,,1,6.0,3.0,,9,1,0,Two or More,0,,,17.0,0,0,0
5392,1,7302,73,0,,2,6.0,4.0,,1,1,0,White,0,,,1.0,0,0,0
5393,1,7310,19,15,1.0,2,6.0,4.0,,1,1,0,White,62,,5400.0,16.0,0,434171,43
5394,1,7321,38,0,1.0,1,6.0,4.0,54.0,9,2,0,Hispanic,33,1.0,4850.0,20.0,0,414010,41
5395,1,7316,31,0,,2,6.0,4.0,,8,16,0,Hispanic,0,,,21.0,0,0,0
5396,1,7310,33,16,,1,6.0,4.0,,1,1,0,White,0,,,21.0,0,0,0
5397,1,7310,19,0,5.0,1,4.0,1.0,16.0,9,2,1,Hispanic,MIL,1.0,9830.0,16.0,0,559830,55
5398,1,7302,42,0,4.0,2,6.0,4.0,36.0,1,2,0,Hispanic,92,5.0,4220.0,19.0,0,37201X,37
5399,1,7310,22,0,5.0,1,4.0,1.0,60.0,1,1,1,White,MIL,1.0,3645.0,19.0,0,319092,31
5400,1,7317,22,15,4.0,2,1.0,4.0,10.0,9,2,1,Hispanic,61,6.0,5400.0,16.0,1,434171,43
5401,1,7315,21,15,5.0,1,3.0,4.0,,6,1,0,Asian,61,,9620.0,16.0,1,537062,53
5402,1,7319,36,0,5.0,1,6.0,4.0,,8,2,0,Hispanic,81,,8140.0,19.0,0,514120,51
5403,1,7312,30,0,,1,6.0,4.0,,9,3,0,Hispanic,0,,,16.0,0,0,0
5404,1,7303,57,0,,1,6.0,4.0,,1,1,0,White,0,,,3.0,0,0,0
5405,1,7313,81,0,,1,6.0,2.0,,1,1,0,White,0,,,16.0,0,0,0
5406,1,7316,21,0,5.0,1,4.0,1.0,84.0,1,1,1,White,MIL,1.0,6835.0,16.0,0,475032,47
5407,1,7301,22,0,5.0,1,4.0,1.0,40.0,9,2,1,Hispanic,MIL,1.0,9825.0,19.0,0,553010,55
5408,1,7301,22,0,5.0,1,4.0,1.0,40.0,1,1,1,White,MIL,1.0,9830.0,19.0,0,559830,55
5409,1,7313,52,0,,1,6.0,2.0,,8,2,0,Hispanic,0,,,19.0,0,0,0
5410,1,7321,20,0,5.0,1,4.0,1.0,88.0,1,1,1,White,MIL,1.0,7640.0,16.0,0,4990XX,49
5411,1,7322,40,0,6.0,1,6.0,4.0,,1,24,0,Hispanic,23,,6260.0,19.0,0,472061,47
5412,1,7301,20,0,5.0,1,4.0,1.0,55.0,1,1,1,White,MIL,1.0,7140.0,16.0,0,493011,49
5413,1,7313,60,0,,1,6.0,4.0,,2,1,0,Black,0,,,11.0,0,0,0
5414,1,7301,19,0,5.0,1,4.0,1.0,40.0,9,2,1,Hispanic,MIL,1.0,9825.0,16.0,0,553010,55
5415,1,7301,21,0,5.0,1,4.0,1.0,50.0,8,2,1,Hispanic,MIL,1.0,9825.0,16.0,0,553010,55
5416,1,7307,27,0,1.0,1,1.0,4.0,40.0,2,1,1,Black,45,5.0,4760.0,21.0,1,412031,41
5417,1,7303,18,0,,1,6.0,4.0,,1,1,0,White,0,,,16.0,0,0,0
5418,1,7302,58,0,1.0,1,1.0,4.0,20.0,1,1,1,White,23,1.0,6305.0,1.0,1,472070,47
5419,1,7307,40,0,4.0,2,6.0,4.0,,1,1,0,White,53,,6660.0,19.0,0,474011,47
5420,1,7310,19,0,5.0,1,4.0,1.0,68.0,1,1,1,White,MIL,1.0,7340.0,16.0,0,499071,49
5421,1,7313,70,0,,2,6.0,4.0,,1,1,0,White,0,,,16.0,0,0,0
5422,1,7316,19,0,5.0,1,4.0,1.0,63.0,2,1,1,Black,MIL,1.0,9300.0,16.0,0,5350XX,53
5423,1,7310,31,0,5.0,1,4.0,1.0,50.0,8,2,1,Hispanic,MIL,1.0,7140.0,19.0,0,493011,49
5424,1,7301,21,0,5.0,1,4.0,1.0,45.0,2,1,1,Black,MIL,1.0,5040.0,17.0,0,432099,43
5425,1,7314,75,0,,1,6.0,4.0,,1,1,0,White,0,,,21.0,0,0,0
5426,1,7316,25,0,1.0,1,6.0,4.0,,8,2,0,Hispanic,23,,6410.0,11.0,0,472140,47
5427,1,7310,20,15,1.0,2,1.0,4.0,10.0,1,2,1,Hispanic,61,1.0,5820.0,19.0,1,439022,43
5428,1,7319,17,0,,1,6.0,4.0,,9,2,0,Hispanic,0,,,15.0,0,0,0
5429,1,7322,32,0,1.0,1,6.0,4.0,84.0,2,1,0,Black,3M,4.0,8990.0,12.0,0,5191XX,51
5430,1,7320,60,0,1.0,1,1.0,4.0,40.0,6,1,1,Asian,62,1.0,3602.0,21.0,1,311122,31
5431,1,7313,18,15,,1,6.0,4.0,,2,1,0,Black,0,,,16.0,0,0,0
5432,1,7316,22,0,5.0,1,4.0,1.0,80.0,2,1,1,Black,MIL,2.0,9310.0,18.0,0,535020,53
5433,1,7305,19,15,1.0,2,1.0,4.0,25.0,1,1,1,White,722,1.0,4055.0,19.0,1,353023,35
5434,1,7315,19,15,7.0,2,6.0,4.0,1.0,1,2,0,Hispanic,71,6.0,2722.0,16.0,0,272022,27
5435,1,7301,20,0,5.0,1,4.0,1.0,50.0,1,1,1,White,MIL,1.0,9825.0,16.0,0,553010,55
5436,1,7322,23,15,5.0,1,1.0,4.0,40.0,8,2,1,Hispanic,62,1.0,650.0,19.0,1,131151,13
5437,1,7301,20,0,5.0,1,4.0,1.0,50.0,1,1,1,White,MIL,1.0,9825.0,17.0,0,553010,55
5438,1,7310,20,15,2.0,1,1.0,4.0,4.0,1,1,1,White,61,6.0,3960.0,19.0,1,33909X,33
5439,1,7301,23,0,5.0,1,4.0,1.0,99.0,2,1,1,Black,MIL,1.0,9300.0,16.0,0,5350XX,53
5440,1,7301,20,0,5.0,1,4.0,1.0,50.0,1,1,1,White,MIL,1.0,6230.0,16.0,0,472031,47
5441,1,7318,32,16,,2,6.0,4.0,,1,1,0,White,0,,,20.0,0,0,0
5442,1,7301,24,0,5.0,1,4.0,1.0,55.0,1,1,1,White,MIL,1.0,9830.0,16.0,0,559830,55
5443,1,7317,81,0,,1,6.0,2.0,,1,1,0,White,0,,,23.0,0,0,0
5444,1,7307,36,0,,2,6.0,4.0,,2,1,0,Black,0,,,16.0,0,0,0
5445,1,7320,59,0,,2,6.0,2.0,,1,1,0,White,0,,,20.0,0,0,0
5446,1,7302,4,0,,1,,,,1,1,0,White,0,,,1.0,0,0,0
5447,1,7312,21,0,5.0,2,4.0,1.0,50.0,2,1,1,Black,MIL,1.0,9310.0,19.0,0,535020,53
5448,1,7301,20,0,5.0,1,4.0,1.0,50.0,1,1,1,White,MIL,1.0,9825.0,16.0,0,553010,55
5449,1,7322,29,0,6.0,1,6.0,2.0,,1,24,0,Hispanic,23,,6260.0,19.0,0,472061,47
5450,1,7316,21,0,5.0,2,4.0,1.0,50.0,8,12,1,Hispanic,MIL,1.0,700.0,18.0,0,131081,13
5451,1,7316,59,0,,1,6.0,4.0,,2,1,0,Black,0,,,14.0,0,0,0
5452,1,7318,35,0,3.0,2,3.0,4.0,,1,1,0,White,22,,5400.0,19.0,1,434171,43
5453,1,7315,19,15,7.0,2,6.0,4.0,1.0,1,2,0,Hispanic,71,6.0,2722.0,16.0,0,272022,27
5454,1,7310,20,15,1.0,1,1.0,4.0,20.0,1,1,1,White,722,6.0,4130.0,16.0,1,359011,35
5455,1,7315,21,15,5.0,1,1.0,4.0,40.0,6,24,1,Hispanic,61,6.0,2205.0,19.0,1,251000,25
5456,1,7317,20,15,6.0,1,6.0,4.0,6.0,6,1,0,Asian,61,6.0,2360.0,16.0,0,2530XX,25
5457,1,7301,21,0,5.0,1,4.0,1.0,50.0,6,1,1,Asian,MIL,1.0,7030.0,16.0,0,492091,49
5458,1,7316,21,15,5.0,1,4.0,1.0,84.0,1,1,1,White,MIL,1.0,3740.0,19.0,0,332011,33
5459,1,7317,22,15,,2,6.0,4.0,,8,2,0,Hispanic,0,,,19.0,0,0,0
5460,1,7321,72,0,,2,6.0,4.0,,6,1,0,Asian,0,,,21.0,0,0,0
5461,1,7301,26,0,5.0,1,4.0,1.0,75.0,6,1,1,Asian,MIL,1.0,9310.0,16.0,0,535020,53
5462,1,7317,20,15,2.0,2,2.0,4.0,25.0,1,1,1,White,62,6.0,3602.0,19.0,1,311122,31
5463,1,7301,22,0,5.0,1,4.0,1.0,40.0,2,1,1,Black,MIL,1.0,7340.0,16.0,0,499071,49
5464,1,7316,20,0,5.0,1,4.0,1.0,88.0,1,1,1,White,MIL,1.0,7640.0,16.0,0,4990XX,49
5465,1,7315,61,0,,1,6.0,4.0,,9,24,0,Hispanic,0,,,1.0,0,0,0
5466,1,7314,85,0,,2,6.0,4.0,,1,1,0,White,0,,,9.0,0,0,0
5467,1,7309,70,0,6.0,2,6.0,4.0,24.0,6,23,0,Hispanic,62,4.0,3602.0,16.0,0,311122,31
5468,1,7321,18,13,2.0,2,1.0,4.0,10.0,1,1,1,White,56,1.0,5000.0,13.0,1,431011,43
5469,1,7301,19,0,5.0,1,4.0,1.0,40.0,1,1,1,White,MIL,1.0,9825.0,16.0,0,553010,55
5470,1,7316,24,0,5.0,2,4.0,1.0,81.0,1,1,1,White,MIL,1.0,9810.0,16.0,0,552010,55
5471,1,7301,20,0,5.0,1,4.0,3.0,64.0,1,1,1,White,MIL,1.0,3645.0,16.0,0,319092,31
5472,1,7316,21,0,5.0,1,4.0,1.0,72.0,2,1,1,Black,MIL,1.0,9830.0,16.0,0,559830,55
5473,1,7315,17,14,,1,6.0,4.0,,6,1,0,Asian,0,,,14.0,0,0,0
5474,1,7315,36,0,,2,6.0,4.0,,2,1,0,Black,0,,,16.0,0,0,0
5475,1,7310,19,0,5.0,1,4.0,1.0,99.0,2,1,1,Black,MIL,6.0,9825.0,16.0,0,553010,55
5476,1,7322,38,0,1.0,1,6.0,4.0,54.0,9,2,0,Hispanic,33,1.0,4850.0,20.0,0,414010,41
5477,1,7310,18,0,5.0,1,4.0,3.0,99.0,1,1,1,White,MIL,1.0,9830.0,16.0,0,559830,55
5478,1,7319,15,11,,1,,,,2,1,0,Black,0,,,11.0,0,0,0
5479,1,7310,19,0,5.0,1,4.0,1.0,99.0,1,3,1,Hispanic,MIL,6.0,9825.0,16.0,0,553010,55
5480,1,7301,24,0,5.0,1,4.0,1.0,50.0,8,2,1,Hispanic,MIL,1.0,6305.0,16.0,0,472070,47
5481,1,7321,39,0,,2,6.0,4.0,,1,2,0,Hispanic,0,,,13.0,0,0,0
5482,1,7321,30,0,5.0,1,4.0,1.0,85.0,1,1,1,White,MIL,1.0,6835.0,20.0,0,475032,47
5483,1,7319,21,0,,1,6.0,4.0,,1,1,0,White,0,,,10.0,0,0,0
5484,1,7315,19,15,1.0,2,6.0,4.0,,1,1,0,White,33,,5860.0,19.0,0,439061,43
5485,1,7302,81,0,,1,6.0,2.0,,1,1,0,White,0,,,16.0,0,0,0
5486,1,7313,73,0,,2,6.0,4.0,,9,2,0,Hispanic,0,,,18.0,0,0,0
5487,1,7303,26,0,1.0,1,6.0,4.0,,9,3,0,Hispanic,81,,8300.0,16.0,0,516011,51
5488,1,7317,19,15,1.0,2,6.0,4.0,20.0,1,1,0,White,722,6.0,5240.0,19.0,0,434051,43
5489,1,7316,49,0,6.0,1,6.0,2.0,,1,1,0,White,23,,6260.0,16.0,0,472061,47
5490,1,7315,80,0,,1,6.0,4.0,,1,1,0,White,0,,,16.0,0,0,0
5491,1,7314,71,0,,2,6.0,4.0,,1,1,0,White,0,,,16.0,0,0,0
5492,1,7316,53,0,1.0,2,3.0,2.0,,1,1,0,White,62,,5940.0,22.0,1,439XXX,43
5493,1,7316,19,0,,1,6.0,4.0,,1,24,0,Hispanic,0,,,14.0,0,0,0
5494,1,7315,20,15,1.0,1,1.0,4.0,20.0,1,1,1,White,722,6.0,4130.0,16.0,1,359011,35
5495,1,7305,22,15,1.0,1,1.0,4.0,20.0,1,1,1,White,44,5.0,9645.0,19.0,1,537065,53
5496,1,7315,21,15,2.0,2,6.0,4.0,18.0,1,1,0,White,53,6.0,5740.0,19.0,0,436014,43
5497,1,7313,76,0,,2,6.0,4.0,,1,1,0,White,0,,,19.0,0,0,0
5498,1,7319,17,13,1.0,1,6.0,4.0,,8,2,0,Hispanic,56,,4220.0,13.0,0,37201X,37
5499,1,7309,70,0,,1,6.0,4.0,,2,1,0,Black,0,,,14.0,0,0,0
5500,1,7303,56,0,,1,6.0,4.0,,1,1,0,White,0,,,16.0,0,0,0
5501,1,7303,74,0,,1,6.0,4.0,,1,1,0,White,0,,,21.0,0,0,0
5502,1,7316,32,0,5.0,1,4.0,1.0,68.0,2,1,1,Black,MIL,1.0,9810.0,21.0,0,552010,55
5503,1,7303,49,0,,2,6.0,4.0,,8,2,0,Hispanic,0,,,17.0,0,0,0
5504,1,7310,27,0,5.0,1,4.0,1.0,72.0,1,1,1,White,MIL,1.0,7340.0,16.0,0,499071,49
5505,1,7322,46,0,1.0,1,6.0,4.0,,1,24,0,Hispanic,722,,4130.0,19.0,0,359011,35
5506,1,7322,42,0,1.0,1,6.0,4.0,25.0,1,24,0,Hispanic,44,4.0,4760.0,15.0,0,412031,41
5507,1,7310,80,0,,1,6.0,2.0,,2,1,0,Black,0,,,19.0,0,0,0
5508,1,7301,22,0,5.0,1,4.0,1.0,46.0,1,1,1,White,MIL,1.0,7140.0,18.0,0,493011,49
5509,1,7310,37,0,,1,6.0,4.0,,6,1,0,Asian,0,,,17.0,0,0,0
5510,1,7301,21,0,5.0,1,4.0,1.0,50.0,1,1,1,White,MIL,1.0,3740.0,16.0,0,332011,33
5511,1,7319,30,0,1.0,1,6.0,4.0,60.0,2,1,0,Black,23,4.0,6260.0,20.0,0,472061,47
5512,1,7316,49,0,,1,6.0,2.0,,8,2,0,Hispanic,0,,,19.0,0,0,0
5513,1,7318,26,0,,1,6.0,4.0,,2,1,0,Black,0,,,13.0,0,0,0
5514,1,7312,24,0,5.0,1,4.0,1.0,50.0,8,2,1,Hispanic,MIL,1.0,6305.0,16.0,0,472070,47
5515,1,7315,22,15,1.0,1,6.0,4.0,25.0,1,1,0,White,49,6.0,9130.0,16.0,0,533030,53
5516,1,7316,21,0,5.0,2,4.0,1.0,40.0,9,2,1,Hispanic,MIL,1.0,7640.0,19.0,0,4990XX,49
5517,1,7322,65,0,,1,6.0,4.0,,1,1,0,White,0,,,21.0,0,0,0
5518,1,7316,22,0,5.0,1,4.0,1.0,40.0,2,1,1,Black,MIL,1.0,7340.0,16.0,0,499071,49
5519,1,7303,36,0,,2,6.0,4.0,,1,1,0,White,0,,,16.0,0,0,0
5520,1,7319,25,0,1.0,1,6.0,4.0,,8,2,0,Hispanic,23,,6410.0,11.0,0,472140,47
5521,1,7318,67,0,,2,6.0,2.0,,1,1,0,White,0,,,19.0,0,0,0
5522,1,7310,27,0,5.0,1,5.0,1.0,80.0,1,1,1,White,MIL,1.0,7200.0,19.0,0,493023,49
5523,1,7310,19,0,5.0,1,5.0,1.0,99.0,1,1,1,White,MIL,1.0,630.0,16.0,0,131070,13
5524,1,7313,29,0,,2,6.0,4.0,,1,1,0,White,0,,,1.0,0,0,0
5525,1,7301,24,0,5.0,1,4.0,1.0,50.0,1,1,1,White,MIL,1.0,7140.0,16.0,0,493011,49
5526,1,7310,19,0,5.0,1,4.0,1.0,99.0,1,1,1,White,MIL,1.0,630.0,16.0,0,131070,13
5527,1,7310,37,0,5.0,1,4.0,1.0,74.0,1,1,1,White,MIL,1.0,3870.0,19.0,0,333050,33
5528,1,7307,42,16,2.0,1,6.0,4.0,,9,1,0,Two or More,81,,2025.0,22.0,0,21109X,21
5529,1,7322,63,0,,1,6.0,3.0,,1,1,0,White,0,,,15.0,0,0,0
5530,1,7319,21,0,1.0,1,6.0,4.0,30.0,8,2,0,Hispanic,44,6.0,4720.0,18.0,0,412010,41
5531,1,7310,22,0,5.0,1,4.0,1.0,45.0,8,16,1,Hispanic,MIL,1.0,7020.0,16.0,0,492020,49
5532,1,7301,20,0,5.0,1,4.0,1.0,50.0,8,2,1,Hispanic,MIL,1.0,9825.0,16.0,0,553010,55
5533,1,7304,94,0,,2,6.0,4.0,,1,1,0,White,0,,,23.0,0,0,0
5534,1,7312,90,0,,2,6.0,4.0,,6,1,0,Asian,0,,,21.0,0,0,0
5535,1,7316,48,0,,2,6.0,4.0,,8,7,0,Hispanic,0,,,12.0,0,0,0
5536,1,7319,49,0,,2,6.0,4.0,,8,2,0,Hispanic,0,,,17.0,0,0,0
5537,1,7306,51,0,,1,6.0,4.0,,1,1,0,White,0,,,18.0,0,0,0
5538,1,7316,43,0,,1,6.0,4.0,,2,1,0,Black,0,,,17.0,0,0,0
5539,1,7314,13,10,,2,,,,9,1,0,Two or More,0,,,10.0,0,0,0
5540,1,7310,18,14,5.0,1,4.0,1.0,99.0,8,2,1,Hispanic,MIL,6.0,9825.0,18.0,0,553010,55
5541,1,7301,21,0,5.0,1,4.0,1.0,50.0,1,1,1,White,MIL,1.0,9825.0,16.0,0,553010,55
5542,1,7317,59,0,,1,6.0,4.0,,1,1,0,White,0,,,14.0,0,0,0
5543,1,7316,14,11,,1,,,,1,1,0,White,0,,,11.0,0,0,0
5544,1,7319,17,12,,1,6.0,4.0,,1,1,0,White,0,,,12.0,0,0,0
5545,1,7301,19,0,5.0,1,4.0,1.0,40.0,1,1,1,White,MIL,1.0,9825.0,16.0,0,553010,55
5546,1,7301,19,0,5.0,1,4.0,1.0,99.0,1,3,1,Hispanic,MIL,6.0,9825.0,16.0,0,553010,55
5547,1,7315,18,15,1.0,2,6.0,4.0,30.0,1,1,0,White,81,6.0,4600.0,18.0,0,399011,39
5548,1,7315,19,15,6.0,2,6.0,4.0,15.0,1,1,0,White,49,6.0,5510.0,19.0,0,435021,43
5549,1,7312,21,0,5.0,1,4.0,1.0,50.0,6,1,1,Asian,MIL,1.0,7030.0,16.0,0,492091,49
5550,1,7307,14,12,,2,,,,1,1,0,White,0,,,12.0,0,0,0
5551,1,7301,27,0,5.0,1,5.0,1.0,80.0,1,1,1,White,MIL,1.0,7200.0,19.0,0,493023,49
5552,1,7317,19,15,,1,6.0,4.0,,1,1,0,White,0,,,18.0,0,0,0
5553,1,7310,20,15,1.0,2,6.0,4.0,25.0,1,1,0,White,71,6.0,3960.0,19.0,0,33909X,33
5554,1,7310,62,0,,2,6.0,4.0,,6,1,0,Asian,0,,,19.0,0,0,0
5555,1,7306,25,15,,1,6.0,4.0,,9,2,0,Hispanic,0,,,17.0,0,0,0
5556,1,7302,39,0,,2,6.0,4.0,,1,2,0,Hispanic,0,,,13.0,0,0,0
5557,1,7310,22,15,1.0,2,6.0,4.0,25.0,1,1,0,White,71,6.0,3960.0,19.0,0,33909X,33
5558,1,7312,20,0,5.0,1,4.0,1.0,50.0,6,1,1,Asian,MIL,1.0,7020.0,16.0,0,492020,49
5559,1,7321,56,12,9.0,1,3.0,4.0,,2,1,0,Black,99,,9920.0,12.0,1,999920,99
5560,1,7315,20,15,1.0,1,6.0,4.0,27.0,1,1,0,White,44,6.0,4760.0,19.0,0,412031,41
5561,1,7318,39,0,,1,6.0,4.0,,1,1,0,White,0,,,1.0,0,0,0
5562,1,7310,21,15,1.0,1,1.0,4.0,12.0,1,1,1,White,61,6.0,1050.0,19.0,1,151230,15
5563,1,7315,23,15,,2,6.0,4.0,,1,1,0,White,0,,,19.0,0,0,0
5564,1,7305,21,15,4.0,2,1.0,4.0,20.0,2,1,1,Black,61,4.0,2016.0,18.0,1,211093,21
5565,1,7315,21,15,1.0,2,1.0,4.0,5.0,2,1,1,Black,61,6.0,2910.0,19.0,1,274021,27
5566,1,7316,28,0,5.0,1,4.0,1.0,78.0,2,1,1,Black,MIL,1.0,6835.0,19.0,0,475032,47
5567,1,7315,84,0,,2,6.0,2.0,,1,1,0,White,0,,,19.0,0,0,0
5568,1,7303,76,0,,2,6.0,4.0,,1,1,0,White,0,,,17.0,0,0,0
5569,1,7315,19,15,4.0,2,1.0,4.0,4.0,6,1,1,Asian,61,6.0,2205.0,16.0,1,251000,25
5570,1,7317,38,0,,1,6.0,4.0,,6,1,0,Asian,0,,,21.0,0,0,0
5571,1,7316,28,0,5.0,1,4.0,1.0,65.0,9,1,1,Two or More,MIL,1.0,1551.0,19.0,0,173023,17
5572,1,7322,20,0,1.0,1,6.0,4.0,,1,24,0,Hispanic,49,,9620.0,16.0,0,537062,53
5573,1,7309,71,0,,2,6.0,4.0,,1,1,0,White,0,,,16.0,0,0,0
5574,1,7322,50,0,1.0,1,6.0,4.0,,1,24,0,Hispanic,722,,4130.0,15.0,0,359011,35
5575,1,7303,59,0,1.0,1,6.0,2.0,40.0,1,1,0,White,23,6.0,6260.0,16.0,0,472061,47
5576,1,7301,24,0,5.0,1,4.0,1.0,55.0,1,1,1,White,MIL,1.0,9830.0,16.0,0,559830,55
5577,1,7301,20,0,5.0,1,4.0,1.0,50.0,9,5,1,Hispanic,MIL,1.0,9830.0,16.0,0,559830,55
5578,1,7316,24,15,5.0,1,4.0,1.0,85.0,1,1,1,White,MIL,1.0,3740.0,18.0,0,332011,33
5579,1,7316,60,0,,1,6.0,4.0,,8,1,0,White,0,,,15.0,0,0,0
5580,1,7301,25,0,5.0,1,4.0,1.0,99.0,1,2,1,Hispanic,MIL,6.0,9830.0,21.0,0,559830,55
5581,1,7318,23,0,,1,6.0,4.0,,1,1,0,White,0,,,1.0,0,0,0
5582,1,7313,42,0,1.0,2,6.0,4.0,,1,1,0,White,722,,4020.0,14.0,0,352010,35
5583,1,7301,21,0,5.0,1,4.0,1.0,50.0,1,1,1,White,MIL,1.0,6230.0,16.0,0,472031,47
5584,1,7301,18,0,5.0,1,4.0,1.0,40.0,1,1,1,White,MIL,1.0,9825.0,18.0,0,553010,55
5585,1,7315,20,15,1.0,2,3.0,4.0,10.0,1,16,0,Hispanic,44,1.0,4760.0,20.0,1,412031,41
5586,1,7318,46,0,1.0,1,1.0,2.0,40.0,7,1,1,Other,32,1.0,8990.0,17.0,1,5191XX,51
5587,1,7315,19,15,1.0,2,6.0,4.0,,1,1,0,White,62,,5400.0,19.0,0,434171,43
5588,1,7310,65,0,,1,6.0,2.0,,9,2,0,Hispanic,0,,,11.0,0,0,0
5589,1,7316,41,0,1.0,1,6.0,4.0,,6,1,0,Asian,44,,4720.0,20.0,0,412010,41
5590,1,7322,34,0,6.0,1,6.0,4.0,60.0,8,2,0,Hispanic,81,6.0,7200.0,12.0,0,493023,49
5591,1,7312,19,0,5.0,1,5.0,1.0,99.0,1,1,1,White,MIL,1.0,630.0,16.0,0,131070,13
5592,1,7310,20,15,1.0,1,6.0,4.0,,6,1,0,Asian,45,,9645.0,19.0,0,537065,53
5593,1,7316,86,0,,2,6.0,4.0,,6,1,0,Asian,0,,,21.0,0,0,0
5594,1,7303,78,0,,1,6.0,4.0,,1,1,0,White,0,,,22.0,0,0,0
5595,1,7315,18,15,,1,6.0,4.0,,1,1,0,White,0,,,16.0,0,0,0
5596,1,7312,18,14,5.0,1,4.0,1.0,99.0,8,2,1,Hispanic,MIL,6.0,9825.0,18.0,0,553010,55
5597,1,7301,22,0,5.0,1,4.0,1.0,50.0,1,23,1,Hispanic,MIL,1.0,5860.0,16.0,0,439061,43
5598,1,7313,24,0,,2,6.0,4.0,,1,1,0,White,0,,,18.0,0,0,0
5599,1,7301,22,0,5.0,1,4.0,1.0,50.0,1,1,1,White,MIL,1.0,9825.0,16.0,0,553010,55
5600,1,7322,71,0,,2,6.0,4.0,,1,1,0,White,0,,,19.0,0,0,0
5601,1,7316,23,0,5.0,1,4.0,1.0,65.0,8,2,1,Hispanic,MIL,1.0,9300.0,16.0,0,5350XX,53
5602,1,7315,19,15,1.0,2,6.0,4.0,,1,1,0,White,62,,5400.0,16.0,0,434171,43
5603,1,7310,19,0,5.0,1,5.0,1.0,68.0,8,3,1,Hispanic,MIL,1.0,9830.0,16.0,0,559830,55
5604,1,7316,42,0,5.0,1,4.0,1.0,76.0,8,23,1,Hispanic,MIL,1.0,9800.0,22.0,0,551010,55
5605,1,7316,29,15,5.0,2,4.0,1.0,80.0,2,1,1,Black,MIL,1.0,9310.0,18.0,0,535020,53
5606,1,7312,49,0,,1,6.0,4.0,,8,24,0,Hispanic,0,,,15.0,0,0,0
5607,1,7322,30,0,1.0,1,6.0,4.0,60.0,2,1,0,Black,23,4.0,6260.0,20.0,0,472061,47
5608,1,7310,22,0,5.0,1,4.0,1.0,99.0,6,1,1,Asian,MIL,1.0,9825.0,16.0,0,553010,55
5609,1,7312,23,0,5.0,1,4.0,1.0,99.0,2,1,1,Black,MIL,1.0,9300.0,16.0,0,5350XX,53
5610,1,7313,63,0,,1,6.0,3.0,,9,1,0,Two or More,0,,,17.0,0,0,0
5611,1,7319,17,13,,1,6.0,4.0,,9,1,0,Two or More,0,,,13.0,0,0,0
5612,1,7315,18,15,,2,6.0,4.0,,2,1,0,Black,0,,,16.0,0,0,0
5613,1,7319,18,0,,1,6.0,4.0,,8,2,0,Hispanic,0,,,16.0,0,0,0
5614,1,7301,18,0,5.0,1,4.0,1.0,40.0,8,2,1,Hispanic,MIL,4.0,9825.0,16.0,0,553010,55
5615,1,7319,37,0,,1,6.0,4.0,,8,2,0,Hispanic,0,,,19.0,0,0,0
5616,1,7319,21,15,,1,6.0,4.0,,6,1,0,Asian,0,,,18.0,0,0,0
5617,1,7312,20,0,5.0,1,4.0,1.0,40.0,1,1,1,White,MIL,1.0,7430.0,16.0,0,499060,49
5618,1,7316,20,0,5.0,1,4.0,1.0,72.0,1,1,1,White,MIL,1.0,9825.0,16.0,0,553010,55
5619,1,7301,21,0,5.0,1,4.0,1.0,50.0,1,1,1,White,MIL,1.0,7030.0,16.0,0,492091,49
5620,1,7301,19,0,5.0,1,4.0,1.0,55.0,1,1,1,White,MIL,1.0,9825.0,16.0,0,553010,55
5621,1,7316,38,0,1.0,1,1.0,4.0,40.0,8,2,1,Hispanic,42,5.0,5120.0,13.0,1,433031,43
5622,1,7301,20,0,5.0,1,4.0,1.0,50.0,1,1,1,White,MIL,1.0,9825.0,16.0,0,553010,55
5623,1,7320,81,0,,1,6.0,2.0,,1,1,0,White,0,,,20.0,0,0,0
5624,1,7319,36,0,5.0,1,6.0,4.0,,8,2,0,Hispanic,81,,8140.0,19.0,0,514120,51
5625,1,7312,22,0,5.0,1,4.0,1.0,55.0,9,2,1,Hispanic,MIL,1.0,9825.0,16.0,0,553010,55
5626,1,7316,30,0,5.0,1,4.0,1.0,85.0,1,1,1,White,MIL,1.0,6835.0,20.0,0,475032,47
5627,1,7313,65,0,,1,6.0,4.0,,1,1,0,White,0,,,16.0,0,0,0
5628,1,7315,21,15,1.0,2,1.0,4.0,5.0,2,1,1,Black,61,6.0,2910.0,19.0,1,274021,27
5629,1,7301,20,0,5.0,1,4.0,1.0,50.0,8,1,1,White,MIL,1.0,2145.0,16.0,0,232011,23
5630,1,7301,20,0,5.0,1,4.0,1.0,50.0,9,3,1,Hispanic,MIL,1.0,6230.0,16.0,0,472031,47
5631,1,7301,21,0,5.0,1,4.0,1.0,45.0,2,1,1,Black,MIL,1.0,5040.0,17.0,0,432099,43
5632,1,7301,21,0,5.0,1,4.0,1.0,50.0,6,1,1,Asian,MIL,1.0,9825.0,16.0,0,553010,55
5633,1,7301,28,0,5.0,1,4.0,1.0,50.0,1,1,1,White,MIL,1.0,6230.0,16.0,0,472031,47
5634,1,7310,22,0,5.0,2,4.0,1.0,45.0,9,3,1,Hispanic,MIL,1.0,3870.0,16.0,0,333050,33
5635,1,7315,4,0,,1,,,,1,1,0,White,0,,,1.0,0,0,0
5636,1,7315,19,15,,1,6.0,4.0,,1,1,0,White,0,,,16.0,0,0,0
5637,1,7319,34,0,,1,6.0,4.0,,1,1,0,White,0,,,13.0,0,0,0
5638,1,7312,26,0,5.0,1,4.0,1.0,75.0,6,1,1,Asian,MIL,1.0,9310.0,16.0,0,535020,53
5639,1,7307,35,0,,1,6.0,4.0,,8,2,0,Hispanic,0,,,16.0,0,0,0
5640,1,7319,94,0,,1,6.0,2.0,,1,1,0,White,0,,,1.0,0,0,0
5641,1,7314,82,0,,2,6.0,3.0,,1,1,0,White,0,,,16.0,0,0,0
5642,1,7315,18,15,,1,6.0,4.0,,1,1,0,White,0,,,16.0,0,0,0
5643,1,7317,18,15,1.0,2,1.0,4.0,8.0,1,1,1,White,61,6.0,5860.0,16.0,1,439061,43
5644,1,7306,86,0,,2,6.0,4.0,,1,1,0,White,0,,,19.0,0,0,0
5645,1,7316,72,0,,1,6.0,2.0,,1,1,0,White,0,,,16.0,0,0,0
5646,1,7316,21,0,5.0,1,4.0,1.0,65.0,1,1,1,White,MIL,1.0,9300.0,18.0,0,5350XX,53
5647,1,7303,48,0,1.0,2,6.0,4.0,,2,1,0,Black,52,,3930.0,16.0,0,339030,33
5648,1,7309,71,0,,2,6.0,4.0,,1,1,0,White,0,,,1.0,0,0,0
5649,1,7317,65,0,,1,6.0,4.0,,1,1,0,White,0,,,16.0,0,0,0
5650,1,7301,20,0,5.0,1,4.0,1.0,50.0,1,1,1,White,MIL,1.0,7020.0,19.0,0,492020,49
5651,1,7307,87,0,,1,6.0,2.0,,1,1,0,White,0,,,18.0,0,0,0
5652,1,7312,23,0,5.0,1,4.0,1.0,32.0,2,1,1,Black,MIL,1.0,7640.0,16.0,0,4990XX,49
5653,1,7301,20,0,5.0,1,4.0,1.0,45.0,1,1,1,White,MIL,1.0,2145.0,16.0,0,232011,23
5654,1,7317,19,15,1.0,2,6.0,4.0,30.0,2,1,0,Black,722,6.0,4110.0,19.0,0,353031,35
5655,1,7316,24,15,1.0,1,1.0,4.0,30.0,8,2,1,Hispanic,722,1.0,4055.0,16.0,1,353023,35
5656,1,7317,19,15,,1,6.0,4.0,,6,1,0,Asian,0,,,18.0,0,0,0
5657,1,7301,25,0,5.0,1,4.0,1.0,50.0,1,1,1,White,MIL,1.0,5040.0,19.0,0,432099,43
5658,1,7322,24,0,1.0,1,6.0,4.0,,1,24,0,Hispanic,23,,6260.0,15.0,0,472061,47
5659,1,7316,23,0,5.0,1,4.0,1.0,66.0,1,1,1,White,MIL,1.0,1555.0,19.0,0,17302X,17
5660,1,7301,83,0,,2,6.0,4.0,,1,1,0,White,0,,,11.0,0,0,0
5661,1,7319,21,0,1.0,1,6.0,4.0,,9,2,0,Hispanic,23,,6240.0,18.0,0,472040,47
5662,1,7310,28,0,5.0,1,4.0,1.0,65.0,9,1,1,Two or More,MIL,1.0,1551.0,19.0,0,173023,17
5663,1,7315,18,15,,1,6.0,4.0,,1,1,0,White,0,,,16.0,0,0,0
5664,1,7310,42,0,5.0,1,4.0,1.0,76.0,8,23,1,Hispanic,MIL,1.0,9800.0,22.0,0,551010,55
5665,1,7310,18,0,8.0,1,6.0,2.0,40.0,1,1,0,White,11,1.0,6050.0,16.0,0,4520XX,45
5666,1,7316,44,0,,1,6.0,4.0,,8,2,0,Hispanic,0,,,9.0,0,0,0
5667,1,7312,24,0,5.0,1,4.0,1.0,99.0,1,1,1,White,MIL,1.0,3740.0,19.0,0,332011,33
5668,1,7310,38,0,5.0,1,4.0,1.0,71.0,6,1,1,Asian,MIL,1.0,9800.0,22.0,0,551010,55
5669,1,7317,18,15,1.0,1,1.0,4.0,20.0,9,2,1,Hispanic,32,1.0,5740.0,18.0,1,436014,43
5670,1,7321,20,0,5.0,1,4.0,1.0,68.0,8,3,1,Hispanic,MIL,1.0,9310.0,16.0,0,535020,53
5671,1,7310,23,15,5.0,1,1.0,4.0,40.0,8,2,1,Hispanic,62,1.0,650.0,19.0,1,131151,13
5672,1,7309,94,0,,1,6.0,2.0,,1,1,0,White,0,,,19.0,0,0,0
5673,1,7303,48,0,1.0,1,6.0,4.0,40.0,1,2,0,Hispanic,23,6.0,6260.0,20.0,0,472061,47
5674,1,7310,19,0,5.0,1,4.0,1.0,55.0,1,1,1,White,MIL,1.0,9830.0,16.0,0,559830,55
5675,1,7316,23,0,5.0,2,4.0,1.0,74.0,8,2,1,Hispanic,MIL,1.0,9825.0,16.0,0,553010,55
5676,1,7302,94,0,,2,6.0,4.0,,6,1,0,Asian,0,,,21.0,0,0,0
5677,1,7306,61,0,,2,6.0,4.0,,5,1,0,Other,0,,,19.0,0,0,0
5678,1,7319,27,0,1.0,1,6.0,4.0,,8,2,0,Hispanic,56,,8990.0,15.0,0,5191XX,51
5679,1,7309,27,0,,1,6.0,4.0,,6,1,0,Asian,0,,,16.0,0,0,0
5680,1,7316,38,16,5.0,2,4.0,1.0,99.0,9,1,1,Two or More,MIL,1.0,136.0,22.0,0,113121,11
5681,1,7322,33,15,1.0,1,6.0,4.0,,1,24,0,Hispanic,722,,4130.0,19.0,0,359011,35
5682,1,7301,89,0,,2,6.0,4.0,,8,2,0,Hispanic,0,,,15.0,0,0,0
5683,1,7301,23,0,5.0,1,4.0,1.0,50.0,1,1,1,White,MIL,1.0,9810.0,16.0,0,552010,55
5684,1,7322,21,0,,1,6.0,4.0,,1,1,0,White,0,,,10.0,0,0,0
5685,1,7310,22,0,5.0,1,4.0,1.0,99.0,6,1,1,Asian,MIL,6.0,9830.0,20.0,0,559830,55
5686,1,7301,22,0,5.0,1,4.0,1.0,40.0,1,1,1,White,MIL,1.0,9830.0,19.0,0,559830,55
5687,1,7310,19,0,5.0,2,4.0,1.0,50.0,8,2,1,Hispanic,MIL,1.0,700.0,16.0,0,131081,13
5688,1,7310,19,0,5.0,1,4.0,1.0,40.0,1,1,1,White,MIL,1.0,7100.0,16.0,0,49209X,49
5689,1,7301,22,0,5.0,1,4.0,1.0,55.0,1,1,1,White,MIL,1.0,9825.0,16.0,0,553010,55
5690,1,7312,23,0,5.0,1,4.0,1.0,86.0,1,1,1,White,MIL,1.0,3740.0,16.0,0,332011,33
5691,1,7305,30,0,1.0,2,6.0,4.0,,1,1,0,White,722,,4040.0,19.0,0,353011,35
5692,1,7317,23,0,1.0,1,1.0,4.0,40.0,9,2,1,Hispanic,722,6.0,4020.0,1.0,1,352010,35
5693,1,7322,21,0,,1,6.0,4.0,,1,1,0,White,0,,,10.0,0,0,0
5694,1,7310,18,15,,1,6.0,4.0,,9,1,0,Two or More,0,,,18.0,0,0,0
5695,1,7312,20,0,5.0,1,4.0,1.0,50.0,1,1,1,White,MIL,1.0,9825.0,16.0,0,553010,55
5696,1,7317,18,15,7.0,2,6.0,4.0,12.0,1,1,0,White,71,6.0,2722.0,16.0,0,272022,27
5697,1,7322,29,0,1.0,1,6.0,2.0,30.0,1,1,0,White,23,6.0,6260.0,16.0,0,472061,47
5698,1,7310,27,0,5.0,1,4.0,1.0,50.0,2,1,1,Black,MIL,1.0,3740.0,20.0,0,332011,33
5699,1,7301,28,0,5.0,1,4.0,1.0,50.0,8,3,1,Hispanic,MIL,1.0,8620.0,19.0,0,518031,51
5700,1,7315,21,15,4.0,2,1.0,4.0,20.0,2,1,1,Black,61,4.0,2016.0,18.0,1,211093,21
5701,1,7301,59,0,1.0,1,6.0,2.0,40.0,1,1,0,White,23,6.0,6260.0,16.0,0,472061,47
5702,1,7306,84,0,,2,6.0,4.0,,2,1,0,Black,0,,,17.0,0,0,0
5703,1,7301,25,0,5.0,1,4.0,1.0,50.0,1,1,1,White,MIL,1.0,7020.0,20.0,0,492020,49
5704,1,7301,22,0,5.0,1,4.0,1.0,50.0,8,2,1,Hispanic,MIL,1.0,9825.0,16.0,0,553010,55
5705,1,7305,19,15,1.0,2,1.0,4.0,8.0,1,1,1,White,45,6.0,5240.0,18.0,1,434051,43
5706,1,7316,24,0,1.0,1,6.0,4.0,,1,24,0,Hispanic,23,,6260.0,15.0,0,472061,47
5707,1,7319,27,0,,1,6.0,4.0,,8,2,0,Hispanic,0,,,15.0,0,0,0
5708,1,7310,77,0,,2,6.0,4.0,,6,1,0,Asian,0,,,14.0,0,0,0
5709,1,7315,18,15,1.0,1,1.0,4.0,20.0,9,2,1,Hispanic,32,1.0,5740.0,18.0,1,436014,43
5710,1,7317,18,15,6.0,2,6.0,4.0,60.0,1,1,0,White,81,5.0,4600.0,16.0,0,399011,39
5711,1,7316,37,0,5.0,1,4.0,1.0,74.0,1,1,1,White,MIL,1.0,3870.0,19.0,0,333050,33
5712,1,7312,70,0,,1,6.0,4.0,,1,1,0,White,0,,,16.0,0,0,0
5713,1,7310,20,0,5.0,1,4.0,1.0,40.0,1,1,1,White,MIL,1.0,9830.0,16.0,0,559830,55
5714,1,7316,59,0,,1,6.0,4.0,,1,1,0,White,0,,,14.0,0,0,0
5715,1,7314,80,0,,2,6.0,4.0,,1,1,0,White,0,,,13.0,0,0,0
5716,1,7314,73,0,,2,6.0,4.0,,1,1,0,White,0,,,16.0,0,0,0
5717,1,7317,18,15,7.0,2,6.0,4.0,12.0,1,1,0,White,71,6.0,2722.0,16.0,0,272022,27
5718,1,7318,29,0,2.0,1,1.0,4.0,40.0,8,2,1,Hispanic,81,1.0,2016.0,15.0,1,211093,21
5719,1,7315,78,0,,2,6.0,4.0,,6,1,0,Asian,0,,,19.0,0,0,0
5720,1,7310,21,15,1.0,1,6.0,4.0,25.0,9,2,0,Hispanic,44,6.0,5240.0,19.0,0,434051,43
5721,1,7310,19,15,1.0,2,1.0,4.0,8.0,1,1,1,White,45,6.0,5240.0,18.0,1,434051,43
5722,1,7310,20,0,5.0,1,4.0,1.0,50.0,1,1,1,White,MIL,1.0,3740.0,16.0,0,332011,33
5723,1,7312,20,0,5.0,1,4.0,1.0,40.0,1,1,1,White,MIL,5.0,9825.0,16.0,0,553010,55
5724,1,7316,23,0,5.0,1,4.0,1.0,65.0,8,2,1,Hispanic,MIL,1.0,9300.0,16.0,0,5350XX,53
5725,1,7315,21,15,2.0,1,1.0,4.0,8.0,8,2,1,Hispanic,61,6.0,5860.0,16.0,1,439061,43
5726,1,7310,21,15,1.0,1,1.0,4.0,12.0,1,1,1,White,61,6.0,1050.0,19.0,1,151230,15
5727,1,7317,19,15,1.0,1,6.0,4.0,,1,1,0,White,71,,4720.0,19.0,0,412010,41
5728,1,7301,21,0,5.0,1,4.0,1.0,40.0,1,1,1,White,MIL,5.0,9825.0,16.0,0,553010,55
5729,1,7320,17,14,1.0,1,6.0,4.0,70.0,8,7,0,Hispanic,722,5.0,4020.0,14.0,0,352010,35
5730,1,7316,29,0,5.0,1,4.0,1.0,95.0,6,1,1,Asian,MIL,1.0,4020.0,16.0,0,352010,35
5731,1,7315,19,15,4.0,1,1.0,4.0,13.0,1,2,1,Hispanic,722,1.0,4140.0,16.0,1,359021,35
5732,1,7317,18,15,,1,6.0,4.0,,1,1,0,White,0,,,16.0,0,0,0
5733,1,7318,53,0,1.0,1,6.0,4.0,,1,1,0,White,23,,6260.0,16.0,0,472061,47
5734,1,7316,19,0,5.0,1,4.0,1.0,68.0,1,1,1,White,MIL,1.0,7340.0,16.0,0,499071,49
5735,1,7319,55,0,,1,6.0,4.0,,2,1,0,Black,0,,,17.0,0,0,0
5736,1,7315,20,15,1.0,2,6.0,4.0,30.0,9,2,0,Hispanic,722,6.0,4110.0,19.0,0,353031,35
5737,1,7301,21,0,5.0,1,4.0,1.0,45.0,2,1,1,Black,MIL,1.0,5040.0,17.0,0,432099,43
5738,1,7310,22,15,1.0,2,6.0,4.0,25.0,1,1,0,White,71,6.0,3960.0,19.0,0,33909X,33
5739,1,7316,28,0,5.0,1,4.0,1.0,84.0,6,1,1,Asian,MIL,1.0,4020.0,16.0,0,352010,35
5740,1,7301,21,0,5.0,1,4.0,1.0,45.0,8,2,1,Hispanic,MIL,1.0,2145.0,16.0,0,232011,23
5741,1,7310,20,15,6.0,1,6.0,4.0,6.0,6,1,0,Asian,61,6.0,2360.0,16.0,0,2530XX,25
5742,1,7301,22,0,5.0,1,4.0,1.0,55.0,1,1,1,White,MIL,1.0,9825.0,16.0,0,553010,55
5743,1,7310,23,0,5.0,1,4.0,1.0,60.0,1,1,1,White,MIL,1.0,9620.0,16.0,0,537062,53
5744,1,7305,21,15,4.0,1,3.0,4.0,20.0,1,1,0,White,61,1.0,4640.0,19.0,1,399041,39
5745,1,7308,41,0,,1,6.0,4.0,,2,1,0,Black,0,,,16.0,0,0,0
5746,1,7312,19,0,5.0,1,4.0,1.0,50.0,9,11,1,Hispanic,MIL,3.0,9645.0,18.0,0,537065,53
5747,1,7315,18,15,1.0,2,1.0,4.0,8.0,1,1,1,White,61,6.0,5860.0,16.0,1,439061,43
5748,1,7321,69,0,,2,6.0,4.0,,2,1,0,Black,0,,,20.0,0,0,0
5749,1,7310,21,0,5.0,1,4.0,1.0,45.0,1,1,1,White,MIL,6.0,6515.0,16.0,0,472181,47
5750,1,7317,19,15,7.0,2,6.0,4.0,12.0,1,1,0,White,71,6.0,2722.0,16.0,0,272022,27
5751,1,7301,28,0,5.0,1,4.0,1.0,45.0,6,1,1,Asian,MIL,1.0,9800.0,21.0,0,551010,55
5752,1,7301,20,0,5.0,1,4.0,1.0,50.0,1,1,1,White,MIL,1.0,9825.0,17.0,0,553010,55
5753,1,7310,18,14,5.0,1,4.0,1.0,31.0,9,2,1,Hispanic,MIL,4.0,9830.0,18.0,0,559830,55
5754,1,7304,23,0,1.0,1,1.0,4.0,40.0,9,2,1,Hispanic,722,6.0,4020.0,1.0,1,352010,35
5755,1,7301,19,0,5.0,1,4.0,1.0,40.0,1,1,1,White,MIL,1.0,7100.0,16.0,0,49209X,49
5756,1,7303,22,14,5.0,1,1.0,4.0,40.0,9,9,1,Hispanic,62,1.0,9645.0,14.0,1,537065,53
5757,1,7310,20,0,5.0,1,4.0,1.0,50.0,1,1,1,White,MIL,1.0,9825.0,16.0,0,553010,55
5758,1,7313,32,16,,2,6.0,4.0,,1,1,0,White,0,,,20.0,0,0,0
5759,1,7310,18,15,,1,6.0,4.0,,1,1,0,White,0,,,16.0,0,0,0
5760,1,7319,34,0,1.0,1,6.0,4.0,,1,1,0,White,722,,4140.0,1.0,0,359021,35
5761,1,7316,32,0,5.0,1,4.0,1.0,68.0,2,1,1,Black,MIL,1.0,9810.0,21.0,0,552010,55
5762,1,7319,41,0,1.0,1,6.0,4.0,,1,1,0,White,23,,6260.0,19.0,0,472061,47
5763,1,7310,20,15,1.0,1,1.0,4.0,20.0,1,1,1,White,722,6.0,4130.0,16.0,1,359011,35
5764,1,7310,18,15,9.0,2,3.0,4.0,,1,1,0,White,99,,9920.0,16.0,1,999920,99
5765,1,7317,19,15,1.0,2,6.0,4.0,30.0,1,1,0,White,722,6.0,4110.0,19.0,0,353031,35
5766,1,7315,17,15,,2,6.0,4.0,,9,11,0,Hispanic,0,,,16.0,0,0,0
5767,1,7312,20,0,5.0,1,4.0,1.0,50.0,1,1,1,White,MIL,1.0,7030.0,16.0,0,492091,49
5768,1,7321,73,0,,1,6.0,4.0,,1,1,0,White,0,,,16.0,0,0,0
5769,1,7302,22,14,5.0,1,1.0,4.0,40.0,9,9,1,Hispanic,62,1.0,9645.0,14.0,1,537065,53
5770,1,7316,31,0,5.0,1,4.0,1.0,75.0,1,1,1,White,MIL,1.0,9310.0,17.0,0,535020,53
5771,1,7301,21,0,5.0,1,4.0,1.0,50.0,6,1,1,Asian,MIL,1.0,9825.0,16.0,0,553010,55
5772,1,7312,20,0,5.0,1,4.0,1.0,45.0,5,1,1,Other,MIL,1.0,7210.0,18.0,0,493031,49
5773,1,7301,18,14,5.0,1,4.0,1.0,31.0,9,2,1,Hispanic,MIL,4.0,9830.0,18.0,0,559830,55
5774,1,7313,94,0,,1,6.0,4.0,,1,1,0,White,0,,,16.0,0,0,0
5775,1,7316,47,0,,1,6.0,4.0,,8,2,0,Hispanic,0,,,12.0,0,0,0
5776,1,7310,19,0,5.0,1,4.0,1.0,99.0,9,1,1,Two or More,MIL,6.0,9830.0,18.0,0,559830,55
5777,1,7308,94,0,,2,6.0,4.0,,1,1,0,White,0,,,16.0,0,0,0
5778,1,7321,23,0,5.0,1,4.0,1.0,76.0,6,1,1,Asian,MIL,1.0,7340.0,19.0,0,499071,49
5779,1,7316,27,0,1.0,1,6.0,4.0,,1,1,0,White,44,,4030.0,13.0,0,352021,35
5780,1,7301,64,0,,1,6.0,4.0,,1,1,0,White,0,,,21.0,0,0,0
5781,1,7313,72,0,,1,6.0,4.0,,2,1,0,Black,0,,,21.0,0,0,0
5782,1,7303,54,0,,2,6.0,4.0,,1,1,0,White,0,,,17.0,0,0,0
5783,1,7317,18,15,2.0,2,6.0,4.0,2.0,1,1,0,White,62,6.0,4622.0,16.0,0,399032,39
5784,1,7301,19,0,5.0,1,4.0,1.0,50.0,1,1,1,White,MIL,1.0,7030.0,16.0,0,492091,49
5785,1,7319,29,0,1.0,1,6.0,2.0,30.0,1,1,0,White,23,6.0,6260.0,16.0,0,472061,47
5786,1,7310,19,14,5.0,1,4.0,1.0,99.0,9,2,1,Hispanic,MIL,6.0,9830.0,14.0,0,559830,55
5787,1,7319,65,0,1.0,2,1.0,4.0,20.0,6,1,1,Asian,62,1.0,3602.0,19.0,1,311122,31
5788,1,7317,18,15,1.0,2,1.0,4.0,6.0,1,1,1,White,49,6.0,4965.0,19.0,1,419099,41
5789,1,7315,94,0,,1,6.0,2.0,,1,1,0,White,0,,,21.0,0,0,0
5790,1,7316,40,0,6.0,1,6.0,4.0,,1,24,0,Hispanic,23,,6260.0,15.0,0,472061,47
5791,1,7320,13,10,,2,,,,9,1,0,Two or More,0,,,10.0,0,0,0
5792,1,7301,20,0,5.0,1,4.0,1.0,45.0,2,1,1,Black,MIL,1.0,9830.0,16.0,0,559830,55
5793,1,7301,18,0,8.0,1,6.0,2.0,40.0,1,1,0,White,11,1.0,6050.0,16.0,0,4520XX,45
5794,1,7322,33,15,1.0,1,6.0,4.0,,1,24,0,Hispanic,722,,4130.0,19.0,0,359011,35
5795,1,7310,17,0,5.0,1,4.0,1.0,99.0,8,2,1,Hispanic,MIL,6.0,9830.0,16.0,0,559830,55
5796,1,7310,37,0,,1,6.0,4.0,,1,1,0,White,0,,,16.0,0,0,0
5797,1,7301,21,0,5.0,1,4.0,1.0,50.0,1,1,1,White,MIL,1.0,9825.0,16.0,0,553010,55
5798,1,7316,19,0,5.0,2,4.0,1.0,67.0,2,1,1,Black,MIL,1.0,9300.0,16.0,0,5350XX,53
5799,1,7301,22,0,5.0,1,4.0,1.0,50.0,1,2,1,Hispanic,MIL,1.0,5860.0,16.0,0,439061,43
5800,1,7311,70,0,,2,6.0,2.0,,6,1,0,Asian,0,,,19.0,0,0,0
5801,1,7316,24,0,5.0,2,4.0,1.0,84.0,2,7,1,Hispanic,MIL,1.0,7140.0,19.0,0,493011,49
5802,1,7310,23,15,,2,6.0,4.0,,1,1,0,White,0,,,19.0,0,0,0
5803,1,7314,81,0,,2,6.0,4.0,,1,1,0,White,0,,,16.0,0,0,0
5804,1,7312,19,0,5.0,2,4.0,1.0,40.0,8,2,1,Hispanic,MIL,1.0,9300.0,16.0,0,5350XX,53
5805,1,7301,21,0,5.0,1,4.0,1.0,50.0,1,1,1,White,MIL,1.0,9825.0,16.0,0,553010,55
5806,1,7315,19,15,1.0,2,6.0,4.0,,1,1,0,White,62,,5400.0,19.0,0,434171,43
5807,1,7310,20,15,2.0,2,1.0,4.0,20.0,6,1,1,Asian,722,6.0,4120.0,19.0,1,353041,35
5808,1,7317,19,15,1.0,1,1.0,4.0,12.0,1,1,1,White,49,6.0,5510.0,18.0,1,435021,43
5809,1,7314,54,0,,2,6.0,4.0,,1,1,0,White,0,,,15.0,0,0,0
5810,1,7312,48,0,,2,6.0,4.0,,7,1,0,Other,0,,,1.0,0,0,0
5811,1,7319,18,0,,1,6.0,4.0,,8,2,0,Hispanic,0,,,16.0,0,0,0
5812,1,7322,36,0,1.0,1,6.0,4.0,40.0,9,2,0,Hispanic,722,5.0,4020.0,14.0,0,352010,35
5813,1,7317,54,0,,2,6.0,4.0,,1,1,0,White,0,,,19.0,0,0,0
5814,1,7312,19,0,5.0,1,4.0,1.0,50.0,1,1,1,White,MIL,1.0,9825.0,16.0,0,553010,55
5815,1,7303,94,0,,2,6.0,4.0,,1,1,0,White,0,,,15.0,0,0,0
5816,1,7310,18,15,2.0,2,6.0,4.0,,1,1,0,White,61,,2545.0,16.0,0,259040,25
5817,1,7301,22,0,5.0,1,4.0,1.0,40.0,2,1,1,Black,MIL,1.0,3740.0,16.0,0,332011,33
5818,1,7315,75,0,,1,6.0,2.0,,6,1,0,Asian,0,,,16.0,0,0,0
5819,1,7301,19,0,5.0,1,4.0,1.0,40.0,1,1,1,White,MIL,1.0,9825.0,16.0,0,553010,55
5820,1,7301,22,0,5.0,1,4.0,1.0,84.0,1,1,1,White,MIL,1.0,4020.0,16.0,0,352010,35
5821,1,7310,21,0,5.0,1,4.0,1.0,50.0,6,1,1,Asian,MIL,1.0,9825.0,16.0,0,553010,55
5822,1,7312,26,0,5.0,1,4.0,1.0,45.0,1,1,1,White,MIL,1.0,9830.0,16.0,0,559830,55
5823,1,7301,20,0,5.0,1,4.0,1.0,50.0,9,3,1,Hispanic,MIL,1.0,6835.0,16.0,0,475032,47
5824,1,7307,49,0,,2,6.0,4.0,,1,2,0,Hispanic,0,,,16.0,0,0,0
5825,1,7319,57,0,,1,6.0,4.0,,1,1,0,White,0,,,3.0,0,0,0
5826,1,7315,49,0,,2,6.0,4.0,,8,2,0,Hispanic,0,,,17.0,0,0,0
5827,1,7301,19,0,5.0,1,5.0,1.0,99.0,1,1,1,White,MIL,1.0,630.0,16.0,0,131070,13
5828,1,7303,82,0,,2,6.0,4.0,,1,1,0,White,0,,,21.0,0,0,0
5829,1,7316,35,0,5.0,1,4.0,1.0,98.0,2,1,1,Black,MIL,1.0,3645.0,20.0,0,319092,31
5830,1,7317,19,15,1.0,1,1.0,4.0,10.0,2,1,1,Black,61,6.0,2310.0,18.0,1,252020,25
5831,1,7315,18,15,,1,6.0,4.0,,9,1,0,Two or More,0,,,18.0,0,0,0
5832,1,7309,54,0,1.0,1,1.0,4.0,40.0,9,2,1,Hispanic,11,4.0,6050.0,1.0,1,4520XX,45
5833,1,7315,21,15,5.0,1,1.0,4.0,40.0,6,23,1,Hispanic,61,6.0,2205.0,20.0,1,251000,25
5834,1,7308,71,0,,2,6.0,4.0,,1,1,0,White,0,,,19.0,0,0,0
5835,1,7310,22,0,5.0,1,4.0,1.0,46.0,1,1,1,White,MIL,1.0,7140.0,18.0,0,493011,49
5836,1,7322,55,0,,1,6.0,4.0,,2,1,0,Black,0,,,17.0,0,0,0
5837,1,7306,60,0,,1,6.0,4.0,,1,1,0,White,0,,,16.0,0,0,0
5838,1,7301,22,0,5.0,1,4.0,1.0,50.0,1,1,1,White,MIL,1.0,9825.0,16.0,0,553010,55
5839,1,7312,18,0,5.0,1,4.0,1.0,99.0,1,1,1,White,MIL,6.0,9825.0,16.0,0,553010,55
5840,1,7315,20,15,,2,6.0,4.0,,2,1,0,Black,0,,,19.0,0,0,0
5841,1,7312,20,0,5.0,1,4.0,1.0,50.0,8,23,1,Hispanic,MIL,1.0,9800.0,16.0,0,551010,55
5842,1,7321,67,0,,1,6.0,4.0,,1,1,0,White,0,,,16.0,0,0,0
5843,1,7301,26,0,5.0,1,4.0,1.0,50.0,6,1,1,Asian,MIL,1.0,9810.0,18.0,0,552010,55
5844,1,7322,30,0,1.0,1,6.0,4.0,,1,1,0,White,23,,6260.0,15.0,0,472061,47
5845,1,7312,19,0,5.0,1,4.0,1.0,99.0,1,3,1,Hispanic,MIL,6.0,9825.0,16.0,0,553010,55
5846,1,7303,54,0,,1,6.0,4.0,,1,1,0,White,0,,,19.0,0,0,0
5847,1,7319,41,0,1.0,1,6.0,4.0,,1,1,0,White,23,,6260.0,19.0,0,472061,47
5848,1,7312,19,0,5.0,2,4.0,1.0,50.0,8,2,1,Hispanic,MIL,1.0,700.0,16.0,0,131081,13
5849,1,7316,38,0,5.0,1,4.0,1.0,71.0,6,1,1,Asian,MIL,1.0,9800.0,22.0,0,551010,55
5850,1,7312,28,0,5.0,1,4.0,1.0,50.0,1,1,1,White,MIL,1.0,6230.0,16.0,0,472031,47
5851,1,7322,30,0,1.0,1,6.0,4.0,,1,2,0,Hispanic,23,,6230.0,16.0,0,472031,47
5852,1,7315,22,15,1.0,1,6.0,4.0,25.0,1,1,0,White,49,5.0,5510.0,19.0,0,435021,43
5853,1,7317,20,15,1.0,2,6.0,4.0,,1,2,0,Hispanic,3M,,5610.0,20.0,0,435071,43
5854,1,7321,23,0,5.0,1,4.0,1.0,65.0,8,2,1,Hispanic,MIL,1.0,9300.0,16.0,0,5350XX,53
5855,1,7310,20,0,5.0,1,4.0,1.0,40.0,6,1,1,Asian,MIL,1.0,9825.0,16.0,0,553010,55
5856,1,7302,60,0,,1,6.0,4.0,,1,1,0,White,0,,,20.0,0,0,0
5857,1,7301,20,0,5.0,1,4.0,1.0,50.0,9,3,1,Hispanic,MIL,1.0,6230.0,19.0,0,472031,47
5858,1,7312,23,0,5.0,2,4.0,1.0,74.0,8,2,1,Hispanic,MIL,1.0,9825.0,16.0,0,553010,55
5859,1,7316,26,0,6.0,1,6.0,4.0,,1,24,0,Hispanic,23,,6260.0,14.0,0,472061,47
5860,1,7303,17,14,1.0,1,6.0,4.0,70.0,8,7,0,Hispanic,722,5.0,4020.0,14.0,0,352010,35
5861,1,7312,23,0,5.0,1,4.0,1.0,50.0,2,1,1,Black,MIL,1.0,7030.0,16.0,0,492091,49
5862,1,7312,19,0,5.0,1,4.0,1.0,99.0,9,1,1,Two or More,MIL,6.0,9830.0,18.0,0,559830,55
5863,1,7316,22,0,5.0,1,4.0,1.0,72.0,1,1,1,White,MIL,1.0,9825.0,16.0,0,553010,55
5864,1,7306,30,0,,1,6.0,4.0,,9,3,0,Hispanic,0,,,16.0,0,0,0
5865,1,7315,59,0,1.0,1,1.0,4.0,26.0,1,1,1,White,722,4.0,4220.0,10.0,1,37201X,37
5866,1,7301,20,0,5.0,1,4.0,1.0,50.0,1,1,1,White,MIL,1.0,9825.0,16.0,0,553010,55
5867,1,7316,22,15,1.0,2,1.0,4.0,30.0,1,1,1,White,45,1.0,2016.0,21.0,1,211093,21
5868,1,7301,20,0,5.0,1,4.0,1.0,50.0,1,1,1,White,MIL,1.0,6230.0,16.0,0,472031,47
5869,1,7316,34,0,6.0,1,6.0,4.0,60.0,8,2,0,Hispanic,81,6.0,7200.0,12.0,0,493023,49
5870,1,7305,49,0,,2,6.0,4.0,,1,2,0,Hispanic,0,,,16.0,0,0,0
5871,1,7317,19,15,7.0,2,6.0,4.0,12.0,1,1,0,White,71,6.0,2722.0,18.0,0,272022,27
5872,1,7315,18,15,1.0,2,3.0,4.0,12.0,1,1,0,White,61,6.0,2722.0,18.0,1,272022,27
5873,1,7301,19,0,5.0,1,4.0,1.0,40.0,1,1,1,White,MIL,1.0,9825.0,16.0,0,553010,55
5874,1,7301,20,0,5.0,1,4.0,1.0,40.0,1,1,1,White,MIL,1.0,9830.0,16.0,0,559830,55
5875,1,7301,21,0,5.0,1,4.0,1.0,50.0,9,2,1,Hispanic,MIL,1.0,700.0,16.0,0,131081,13
5876,1,7301,24,0,5.0,1,4.0,1.0,45.0,1,1,1,White,MIL,1.0,1551.0,19.0,0,173023,17
5877,1,7301,24,0,5.0,1,4.0,1.0,45.0,1,1,1,White,MIL,1.0,1551.0,19.0,0,173023,17
5878,1,7301,21,0,5.0,1,4.0,1.0,50.0,8,2,1,Hispanic,MIL,1.0,9825.0,16.0,0,553010,55
5879,1,7310,27,0,5.0,1,5.0,1.0,80.0,1,1,1,White,MIL,1.0,7200.0,19.0,0,493023,49
5880,1,7312,21,15,5.0,1,4.0,1.0,84.0,1,1,1,White,MIL,1.0,3740.0,19.0,0,332011,33
5881,1,7306,67,0,,1,6.0,4.0,,1,1,0,White,0,,,16.0,0,0,0
5882,1,7319,34,0,1.0,1,6.0,4.0,,1,1,0,White,722,,4140.0,1.0,0,359021,35
5883,1,7301,20,0,5.0,1,4.0,1.0,50.0,1,1,1,White,MIL,1.0,6355.0,16.0,0,472111,47
5884,1,7315,23,15,5.0,1,1.0,4.0,40.0,8,2,1,Hispanic,62,1.0,650.0,19.0,1,131151,13
5885,1,7312,21,0,5.0,1,4.0,1.0,45.0,8,1,1,White,MIL,1.0,7210.0,16.0,0,493031,49
5886,1,7310,84,0,,2,6.0,4.0,,8,2,0,Hispanic,0,,,19.0,0,0,0
5887,1,7301,20,0,5.0,1,4.0,1.0,45.0,5,1,1,Other,MIL,1.0,7210.0,16.0,0,493031,49
5888,1,7313,71,0,,2,6.0,4.0,,2,1,0,Black,0,,,1.0,0,0,0
5889,1,7318,36,0,1.0,2,6.0,4.0,40.0,9,24,0,Hispanic,56,6.0,9620.0,13.0,0,537062,53
5890,1,7302,36,0,,2,6.0,4.0,,2,1,0,Black,0,,,16.0,0,0,0
5891,1,7316,66,15,2.0,2,6.0,4.0,,9,4,0,Hispanic,81,,5810.0,19.0,0,439021,43
5892,1,7301,22,0,5.0,1,4.0,1.0,50.0,8,5,1,Hispanic,MIL,1.0,9830.0,16.0,0,559830,55
5893,1,7322,59,0,,1,6.0,4.0,,2,1,0,Black,0,,,14.0,0,0,0
5894,1,7315,20,15,,1,6.0,4.0,,1,1,0,White,0,,,19.0,0,0,0
5895,1,7301,19,0,5.0,1,4.0,1.0,50.0,8,23,1,Hispanic,MIL,1.0,6230.0,16.0,0,472031,47
5896,1,7313,36,0,1.0,2,6.0,4.0,40.0,9,24,0,Hispanic,56,6.0,9620.0,13.0,0,537062,53
5897,1,7301,27,0,5.0,1,4.0,1.0,50.0,8,2,1,Hispanic,MIL,1.0,9825.0,19.0,0,553010,55
5898,1,7308,94,0,,2,6.0,4.0,,1,1,0,White,0,,,21.0,0,0,0
5899,1,7306,18,0,,1,6.0,4.0,,1,1,0,White,0,,,16.0,0,0,0
5900,1,7310,19,15,1.0,2,6.0,4.0,,6,1,0,Asian,33,,5860.0,16.0,0,439061,43
5901,1,7316,59,0,,1,6.0,4.0,,1,1,0,White,0,,,14.0,0,0,0
5902,1,7311,27,0,2.0,1,2.0,4.0,15.0,8,2,1,Hispanic,56,6.0,9620.0,14.0,1,537062,53
5903,1,7317,19,15,,1,6.0,4.0,,1,1,0,White,0,,,18.0,0,0,0
5904,1,7308,60,0,,2,6.0,4.0,,8,24,0,Hispanic,0,,,16.0,0,0,0
5905,1,7315,34,0,,2,6.0,4.0,,1,1,0,White,0,,,17.0,0,0,0
5906,1,7303,44,0,,1,6.0,4.0,,1,1,0,White,0,,,1.0,0,0,0
5907,1,7316,31,0,5.0,1,4.0,1.0,45.0,1,1,1,White,MIL,1.0,7100.0,18.0,0,49209X,49
5908,1,7301,44,0,,1,6.0,4.0,,8,2,0,Hispanic,0,,,9.0,0,0,0
5909,1,7319,27,0,1.0,1,6.0,4.0,,1,1,0,White,44,,4030.0,13.0,0,352021,35
5910,1,7320,51,0,2.0,2,1.0,4.0,84.0,1,1,1,White,81,1.0,2825.0,21.0,1,273031,27
5911,1,7309,49,0,,2,6.0,4.0,,8,2,0,Hispanic,0,,,17.0,0,0,0
5912,1,7315,19,15,,1,6.0,4.0,,9,1,0,Two or More,0,,,18.0,0,0,0
5913,1,7316,23,0,5.0,1,4.0,1.0,65.0,8,2,1,Hispanic,MIL,1.0,9300.0,16.0,0,5350XX,53
5914,1,7319,48,0,1.0,1,6.0,4.0,40.0,1,2,0,Hispanic,23,6.0,6260.0,20.0,0,472061,47
5915,1,7309,67,0,,1,6.0,4.0,,2,1,0,Black,0,,,19.0,0,0,0
5916,1,7315,20,15,2.0,2,2.0,4.0,25.0,1,1,1,White,62,6.0,3602.0,19.0,1,311122,31
5917,1,7315,76,0,,1,6.0,4.0,,8,4,0,Hispanic,0,,,9.0,0,0,0
5918,1,7316,20,0,5.0,1,4.0,1.0,45.0,1,1,1,White,MIL,1.0,9300.0,16.0,0,5350XX,53
5919,1,7315,71,0,,2,6.0,4.0,,2,1,0,Black,0,,,1.0,0,0,0
5920,1,7307,29,0,,2,6.0,4.0,,1,1,0,White,0,,,17.0,0,0,0
5921,1,7314,72,0,,2,6.0,4.0,,1,1,0,White,0,,,18.0,0,0,0
5922,1,7319,31,0,1.0,1,6.0,4.0,,1,1,0,White,48,,5410.0,19.0,0,434181,43
5923,1,7322,27,0,1.0,1,6.0,4.0,,1,1,0,White,44,,4030.0,13.0,0,352021,35
5924,1,7312,19,0,5.0,1,4.0,1.0,63.0,2,1,1,Black,MIL,1.0,9300.0,16.0,0,5350XX,53
5925,1,7304,68,0,,1,6.0,4.0,,6,1,0,Asian,0,,,22.0,0,0,0
5926,1,7308,26,15,,1,6.0,4.0,,1,2,0,Hispanic,0,,,16.0,0,0,0
5927,1,7320,16,13,,1,6.0,,,8,2,0,Hispanic,0,,,13.0,0,0,0
5928,1,7312,23,0,5.0,1,4.0,1.0,86.0,1,1,1,White,MIL,1.0,3740.0,16.0,0,332011,33
5929,1,7319,19,14,1.0,1,6.0,4.0,,2,1,0,Black,11,,4252.0,14.0,0,373013,37
5930,1,7314,36,0,,2,6.0,4.0,,1,1,0,White,0,,,16.0,0,0,0
5931,1,7315,19,15,1.0,1,1.0,4.0,12.0,1,1,1,White,49,6.0,5510.0,18.0,1,435021,43
5932,1,7301,26,0,5.0,1,4.0,1.0,45.0,1,1,1,White,MIL,1.0,9830.0,16.0,0,559830,55
5933,1,7310,25,0,5.0,1,4.0,1.0,99.0,1,2,1,Hispanic,MIL,6.0,9830.0,21.0,0,559830,55
5934,1,7316,20,0,5.0,1,4.0,1.0,68.0,8,3,1,Hispanic,MIL,1.0,9310.0,16.0,0,535020,53
5935,1,7301,19,0,5.0,1,4.0,1.0,40.0,9,2,1,Hispanic,MIL,1.0,9825.0,16.0,0,553010,55
5936,1,7316,40,16,5.0,2,4.0,1.0,58.0,2,1,1,Black,MIL,1.0,2002.0,21.0,0,211012,21
5937,1,7316,32,0,6.0,1,6.0,4.0,60.0,1,1,0,White,81,6.0,7200.0,13.0,0,493023,49
5938,1,7306,94,0,,2,6.0,4.0,,1,1,0,White,0,,,15.0,0,0,0
5939,1,7302,33,0,6.0,1,1.0,4.0,50.0,1,1,1,White,23,1.0,220.0,18.0,1,119021,11
5940,1,7301,18,0,,1,6.0,4.0,,1,1,0,White,0,,,16.0,0,0,0
5941,1,7316,33,0,5.0,1,4.0,1.0,74.0,1,1,1,White,MIL,1.0,7030.0,17.0,0,492091,49
5942,1,7316,23,0,5.0,1,4.0,1.0,88.0,1,1,1,White,MIL,1.0,7000.0,16.0,0,491011,49
5943,1,7316,50,0,1.0,1,6.0,4.0,,1,24,0,Hispanic,722,,4130.0,15.0,0,359011,35
5944,1,7322,43,0,,1,6.0,4.0,,2,1,0,Black,0,,,17.0,0,0,0
5945,1,7317,19,15,,1,6.0,4.0,,9,1,0,Two or More,0,,,18.0,0,0,0
5946,1,7316,24,0,5.0,2,4.0,1.0,84.0,1,2,1,Hispanic,MIL,3.0,9825.0,16.0,0,553010,55
5947,1,7310,22,0,5.0,1,4.0,1.0,99.0,6,1,1,Asian,MIL,1.0,9825.0,20.0,0,553010,55
5948,1,7319,64,0,,1,6.0,4.0,,1,1,0,White,0,,,16.0,0,0,0
5949,1,7303,37,0,,1,6.0,4.0,,8,2,0,Hispanic,0,,,19.0,0,0,0
5950,1,7316,51,0,1.0,1,6.0,4.0,25.0,1,24,0,Hispanic,44,4.0,4760.0,16.0,0,412031,41
5951,1,7319,31,0,1.0,1,6.0,4.0,,1,1,0,White,48,,5410.0,19.0,0,434181,43
5952,1,7316,21,0,5.0,1,4.0,1.0,84.0,1,1,1,White,MIL,1.0,6835.0,16.0,0,475032,47
5953,1,7316,20,0,5.0,1,4.0,1.0,77.0,1,1,1,White,MIL,1.0,7640.0,18.0,0,4990XX,49
5954,1,7315,21,15,1.0,1,1.0,4.0,10.0,2,1,1,Black,44,6.0,4760.0,19.0,1,412031,41
5955,1,7301,20,0,5.0,1,4.0,1.0,50.0,8,23,1,Hispanic,MIL,1.0,9800.0,16.0,0,551010,55
5956,1,7307,32,16,,2,6.0,4.0,,1,1,0,White,0,,,20.0,0,0,0
5957,1,7315,70,0,,2,6.0,4.0,,1,1,0,White,0,,,11.0,0,0,0
5958,1,7310,19,0,5.0,1,4.0,1.0,38.0,9,2,1,Hispanic,MIL,1.0,9830.0,16.0,0,559830,55
5959,1,7315,20,15,6.0,1,6.0,4.0,6.0,6,1,0,Asian,61,6.0,2360.0,16.0,0,2530XX,25
5960,1,7317,21,15,1.0,1,1.0,4.0,12.0,1,1,1,White,61,6.0,1050.0,19.0,1,151230,15
5961,1,7317,18,15,1.0,2,3.0,4.0,12.0,1,1,0,White,61,6.0,2722.0,18.0,1,272022,27
5962,1,7320,16,13,,2,6.0,,,8,2,0,Hispanic,0,,,13.0,0,0,0
5963,1,7319,13,10,,2,,,,9,1,0,Two or More,0,,,10.0,0,0,0
5964,1,7301,22,0,5.0,1,4.0,1.0,50.0,1,1,1,White,MIL,1.0,9825.0,16.0,0,553010,55
5965,1,7319,27,0,1.0,1,6.0,4.0,,1,1,0,White,44,,4030.0,13.0,0,352021,35
5966,1,7309,65,0,,1,6.0,4.0,,8,2,0,Hispanic,0,,,12.0,0,0,0
5967,1,7312,19,0,5.0,1,4.0,1.0,40.0,1,1,1,White,MIL,1.0,7100.0,16.0,0,49209X,49
5968,1,7309,20,15,1.0,2,1.0,4.0,10.0,8,2,1,Hispanic,722,1.0,4720.0,17.0,1,412010,41
5969,1,7316,58,0,2.0,2,1.0,4.0,40.0,6,1,1,Asian,62,1.0,2300.0,13.0,1,252010,25
5970,1,7310,90,0,,2,6.0,4.0,,6,1,0,Asian,0,,,19.0,0,0,0
5971,1,7316,50,0,,1,6.0,4.0,,1,1,0,White,0,,,17.0,0,0,0
5972,1,7308,94,0,,2,6.0,4.0,,6,1,0,Asian,0,,,16.0,0,0,0
5973,1,7316,27,0,5.0,2,4.0,1.0,76.0,9,1,1,Two or More,MIL,1.0,9830.0,19.0,0,559830,55
5974,1,7322,28,0,,1,6.0,4.0,,8,2,0,Hispanic,0,,,12.0,0,0,0
5975,1,7301,21,0,5.0,1,4.0,1.0,45.0,9,1,1,Two or More,MIL,1.0,7210.0,16.0,0,493031,49
5976,1,7316,23,0,5.0,1,4.0,1.0,99.0,2,1,1,Black,MIL,1.0,9300.0,16.0,0,5350XX,53
5977,1,7303,94,0,,2,6.0,4.0,,1,1,0,White,0,,,19.0,0,0,0
5978,1,7317,75,0,,1,6.0,4.0,,2,1,0,Black,0,,,16.0,0,0,0
5979,1,7313,51,0,1.0,2,6.0,4.0,,2,1,0,Black,722,,4030.0,20.0,0,352021,35
5980,1,7322,55,0,2.0,2,1.0,4.0,20.0,1,1,1,White,62,1.0,2006.0,20.0,1,211019,21
5981,1,7301,22,0,5.0,1,4.0,1.0,46.0,1,1,1,White,MIL,1.0,7140.0,18.0,0,493011,49
5982,1,7319,50,0,,1,6.0,2.0,,2,1,0,Black,0,,,20.0,0,0,0
5983,1,7316,39,15,5.0,1,4.0,1.0,64.0,9,2,1,Hispanic,MIL,1.0,9300.0,20.0,0,5350XX,53
5984,1,7301,13,10,,2,,,,5,1,0,Other,0,,,10.0,0,0,0
5985,1,7317,56,0,,1,6.0,4.0,,1,1,0,White,0,,,20.0,0,0,0
5986,1,7306,23,15,5.0,1,1.0,4.0,40.0,8,2,1,Hispanic,62,1.0,650.0,19.0,1,131151,13
5987,1,7301,21,0,5.0,1,4.0,1.0,50.0,9,1,1,Two or More,MIL,1.0,9830.0,16.0,0,559830,55
5988,1,7318,17,14,1.0,1,6.0,4.0,70.0,8,7,0,Hispanic,722,5.0,4020.0,14.0,0,352010,35
5989,1,7302,38,0,,2,6.0,4.0,,8,4,0,Hispanic,0,,,17.0,0,0,0
5990,1,7301,21,15,5.0,1,4.0,1.0,40.0,1,1,1,White,MIL,1.0,5040.0,19.0,0,432099,43
5991,1,7319,41,0,1.0,1,6.0,4.0,60.0,1,1,0,White,23,4.0,6260.0,19.0,0,472061,47
5992,1,7310,19,15,,1,6.0,4.0,,6,1,0,Asian,0,,,19.0,0,0,0
5993,1,7319,59,0,,2,6.0,2.0,,1,1,0,White,0,,,20.0,0,0,0
5994,1,7316,77,0,,2,6.0,4.0,,2,1,0,Black,0,,,20.0,0,0,0
5995,1,7303,29,0,1.0,1,6.0,2.0,30.0,1,1,0,White,23,6.0,6260.0,16.0,0,472061,47
5996,1,7312,18,0,5.0,1,4.0,1.0,40.0,8,2,1,Hispanic,MIL,4.0,9825.0,16.0,0,553010,55
5997,1,7301,22,0,5.0,1,4.0,1.0,40.0,8,2,1,Hispanic,MIL,1.0,9825.0,16.0,0,553010,55
5998,1,7301,22,0,5.0,1,4.0,1.0,45.0,8,2,1,Hispanic,MIL,1.0,2145.0,16.0,0,232011,23
5999,1,7301,19,0,5.0,1,4.0,1.0,50.0,8,3,1,Hispanic,MIL,1.0,9825.0,16.0,0,553010,55
6000,1,7322,46,0,,1,6.0,4.0,,9,2,0,Hispanic,0,,,15.0,0,0,0
6001,1,7315,48,0,,1,6.0,4.0,,8,2,0,Hispanic,0,,,16.0,0,0,0
6002,1,7301,24,0,5.0,1,4.0,1.0,50.0,1,1,1,White,MIL,1.0,7140.0,16.0,0,493011,49
6003,1,7319,81,0,,2,6.0,4.0,,1,1,0,White,0,,,16.0,0,0,0
6004,1,7319,41,0,1.0,1,6.0,4.0,60.0,1,1,0,White,23,4.0,6260.0,19.0,0,472061,47
6005,1,7310,18,15,,1,6.0,4.0,,2,1,0,Black,0,,,18.0,0,0,0
6006,1,7315,20,15,1.0,2,1.0,4.0,20.0,1,1,1,White,61,1.0,5400.0,16.0,1,434171,43
6007,1,7312,94,0,,2,6.0,4.0,,1,1,0,White,0,,,19.0,0,0,0
6008,1,7301,21,0,5.0,1,4.0,1.0,50.0,1,1,1,White,MIL,1.0,7140.0,16.0,0,493011,49
6009,1,7317,53,0,1.0,1,6.0,4.0,,1,1,0,White,23,,6260.0,16.0,0,472061,47
6010,1,7310,84,0,,2,6.0,4.0,,1,1,0,White,0,,,20.0,0,0,0
6011,1,7301,14,12,,2,,,,1,1,0,White,0,,,12.0,0,0,0
6012,1,7314,68,0,,1,6.0,4.0,,1,1,0,White,0,,,11.0,0,0,0
6013,1,7316,49,0,6.0,1,6.0,4.0,,2,1,0,Black,56,,3910.0,21.0,0,339021,33
6014,1,7313,57,0,,1,6.0,4.0,,6,1,0,Asian,0,,,21.0,0,0,0
6015,1,7310,19,0,5.0,1,4.0,1.0,40.0,1,1,1,White,MIL,1.0,4120.0,16.0,0,353041,35
6016,1,7316,40,0,6.0,1,6.0,4.0,,1,24,0,Hispanic,23,,6260.0,19.0,0,472061,47
6017,1,7301,21,0,5.0,1,4.0,1.0,45.0,1,1,1,White,MIL,1.0,7020.0,18.0,0,492020,49
6018,1,7303,60,0,2.0,1,6.0,4.0,,6,1,0,Asian,62,,4220.0,1.0,0,37201X,37
6019,1,7319,20,15,5.0,2,1.0,4.0,40.0,8,2,1,Hispanic,62,1.0,3603.0,18.0,1,311131,31
6020,1,7316,28,0,,1,6.0,4.0,,8,2,0,Hispanic,0,,,12.0,0,0,0
6021,1,7301,22,0,5.0,1,4.0,1.0,50.0,1,1,1,White,MIL,6.0,7020.0,16.0,0,492020,49
6022,1,7301,19,0,5.0,1,4.0,1.0,50.0,1,1,1,White,MIL,1.0,9825.0,16.0,0,553010,55
6023,1,7321,62,0,,2,6.0,4.0,,1,1,0,White,0,,,14.0,0,0,0
6024,1,7313,64,0,,2,6.0,4.0,,8,2,0,Hispanic,0,,,9.0,0,0,0
6025,1,7310,94,0,,1,6.0,4.0,,8,2,0,Hispanic,0,,,20.0,0,0,0
6026,1,7316,22,0,5.0,1,4.0,1.0,72.0,1,1,1,White,MIL,1.0,9825.0,16.0,0,553010,55
6027,1,7313,44,0,,2,6.0,4.0,,2,1,0,Black,0,,,21.0,0,0,0
6028,1,7301,19,0,5.0,1,4.0,1.0,50.0,1,1,1,White,MIL,1.0,6305.0,18.0,0,472070,47
6029,1,7319,30,0,1.0,1,6.0,4.0,,1,1,0,White,23,,6260.0,15.0,0,472061,47
6030,1,7301,60,0,,1,6.0,2.0,,1,1,0,White,0,,,21.0,0,0,0
6031,1,7312,21,0,5.0,1,4.0,1.0,55.0,8,2,1,Hispanic,MIL,1.0,9300.0,16.0,0,5350XX,53
6032,1,7320,69,0,,1,6.0,3.0,,1,1,0,White,0,,,19.0,0,0,0
6033,1,7320,87,0,,1,6.0,2.0,,1,1,0,White,0,,,18.0,0,0,0
6034,1,7315,48,0,1.0,1,6.0,4.0,5.0,9,1,0,Two or More,44,4.0,4760.0,19.0,0,412031,41
6035,1,7318,31,0,1.0,2,6.0,4.0,40.0,1,1,0,White,722,1.0,4010.0,18.0,0,351012,35
6036,1,7315,19,15,1.0,2,1.0,4.0,12.0,6,1,1,Asian,722,1.0,4720.0,16.0,1,412010,41
6037,1,7318,80,0,,1,6.0,2.0,,1,1,0,White,0,,,16.0,0,0,0
6038,1,7302,20,14,1.0,1,6.0,4.0,35.0,8,2,0,Hispanic,722,6.0,4030.0,15.0,0,352021,35
6039,1,7306,80,0,,1,6.0,4.0,,1,1,0,White,0,,,19.0,0,0,0
6040,1,7314,62,0,,2,6.0,4.0,,1,1,0,White,0,,,14.0,0,0,0
6041,1,7313,62,0,,2,6.0,4.0,,2,1,0,Black,0,,,16.0,0,0,0
6042,1,7303,55,0,,1,6.0,4.0,,2,1,0,Black,0,,,17.0,0,0,0
6043,1,7301,19,0,5.0,1,5.0,1.0,68.0,8,3,1,Hispanic,MIL,1.0,9830.0,16.0,0,559830,55
6044,1,7315,42,16,2.0,1,6.0,4.0,,9,1,0,Two or More,81,,2025.0,22.0,0,21109X,21
6045,1,7301,24,0,5.0,1,4.0,1.0,50.0,1,1,1,White,MIL,1.0,7340.0,20.0,0,499071,49
6046,1,7307,38,0,,1,6.0,4.0,,2,1,0,Black,0,,,14.0,0,0,0
6047,1,7317,67,0,,2,6.0,4.0,,1,1,0,White,0,,,19.0,0,0,0
6048,1,7306,77,0,,2,6.0,4.0,,8,2,0,Hispanic,0,,,16.0,0,0,0
6049,1,7319,21,0,1.0,1,6.0,4.0,30.0,8,2,0,Hispanic,44,6.0,4720.0,18.0,0,412010,41
6050,1,7319,30,0,1.0,1,6.0,4.0,,1,1,0,White,23,,6260.0,15.0,0,472061,47
6051,1,7316,33,0,6.0,2,1.0,4.0,20.0,1,1,1,White,49,6.0,5510.0,19.0,1,435021,43
6052,1,7301,23,0,5.0,1,4.0,1.0,50.0,8,1,1,White,MIL,1.0,137.0,18.0,0,113131,11
6053,1,7322,57,0,,2,6.0,4.0,,1,1,0,White,0,,,1.0,0,0,0
6054,1,7301,23,0,5.0,1,4.0,1.0,50.0,8,2,1,Hispanic,MIL,1.0,9825.0,16.0,0,553010,55
6055,1,7317,30,0,,2,6.0,4.0,,1,1,0,White,0,,,15.0,0,0,0
6056,1,7315,17,14,1.0,1,6.0,4.0,70.0,8,7,0,Hispanic,722,5.0,4020.0,14.0,0,352010,35
6057,1,7301,19,0,5.0,1,4.0,1.0,45.0,1,1,1,White,MIL,1.0,9825.0,16.0,0,553010,55
6058,1,7309,66,0,,2,6.0,4.0,,1,1,0,White,0,,,18.0,0,0,0
6059,1,7301,20,0,5.0,1,4.0,1.0,50.0,9,3,1,Hispanic,MIL,1.0,6835.0,16.0,0,475032,47
6060,1,7301,18,0,5.0,1,1.0,2.0,30.0,1,1,1,White,23,1.0,6330.0,16.0,1,472080,47
6061,1,7302,21,15,2.0,1,1.0,4.0,8.0,8,2,1,Hispanic,61,6.0,5860.0,16.0,1,439061,43
6062,1,7319,38,0,1.0,1,6.0,4.0,54.0,9,2,0,Hispanic,33,1.0,4850.0,20.0,0,414010,41
6063,1,7310,18,15,5.0,1,4.0,3.0,99.0,8,2,1,Hispanic,MIL,6.0,9825.0,16.0,0,553010,55
6064,1,7310,21,0,5.0,1,4.0,1.0,45.0,1,1,1,White,MIL,1.0,2145.0,16.0,0,232011,23
6065,1,7320,14,12,,2,,,,1,1,0,White,0,,,12.0,0,0,0
6066,1,7302,30,0,1.0,1,6.0,4.0,,1,2,0,Hispanic,23,,6230.0,16.0,0,472031,47
6067,1,7310,20,15,1.0,2,6.0,4.0,25.0,1,1,0,White,71,6.0,3960.0,19.0,0,33909X,33
6068,1,7322,22,14,5.0,1,1.0,4.0,40.0,9,9,1,Hispanic,62,1.0,9645.0,14.0,1,537065,53
6069,1,7322,22,0,,1,6.0,4.0,,2,1,0,Black,0,,,18.0,0,0,0
6070,1,7321,74,0,,2,6.0,4.0,,1,1,0,White,0,,,16.0,0,0,0
6071,1,7319,37,0,,1,6.0,4.0,,8,2,0,Hispanic,0,,,19.0,0,0,0
6072,1,7315,18,15,2.0,2,6.0,4.0,20.0,9,1,0,Two or More,81,1.0,2865.0,18.0,0,273099,27
6073,1,7317,19,15,1.0,2,6.0,4.0,18.0,9,23,0,Hispanic,722,6.0,4010.0,19.0,0,351012,35
6074,1,7312,19,0,5.0,1,4.0,1.0,55.0,1,1,1,White,MIL,1.0,7140.0,16.0,0,493011,49
6075,1,7308,73,0,,1,6.0,4.0,,6,1,0,Asian,0,,,12.0,0,0,0
6076,1,7316,35,0,,1,6.0,4.0,,8,2,0,Hispanic,0,,,16.0,0,0,0
6077,1,7302,39,0,,2,6.0,4.0,,1,2,0,Hispanic,0,,,13.0,0,0,0
6078,1,7313,51,0,,1,6.0,4.0,,1,1,0,White,0,,,20.0,0,0,0
6079,1,7316,29,0,1.0,1,6.0,4.0,25.0,1,24,0,Hispanic,44,4.0,4760.0,19.0,0,412031,41
6080,1,7312,19,0,5.0,1,5.0,1.0,99.0,1,1,1,White,MIL,1.0,630.0,16.0,0,131070,13
6081,1,7315,19,15,1.0,2,1.0,4.0,16.0,2,2,1,Hispanic,44,6.0,4760.0,19.0,1,412031,41
6082,1,7303,20,0,,1,6.0,4.0,,8,2,0,Hispanic,0,,,16.0,0,0,0
6083,1,7319,45,0,,1,6.0,4.0,,9,1,0,Two or More,0,,,18.0,0,0,0
6084,1,7301,19,0,5.0,1,4.0,1.0,45.0,1,1,1,White,MIL,1.0,9825.0,16.0,0,553010,55
6085,1,7316,22,0,,1,6.0,4.0,,2,1,0,Black,0,,,18.0,0,0,0
6086,1,7321,73,0,,2,6.0,4.0,,6,1,0,Asian,0,,,21.0,0,0,0
6087,1,7305,54,0,,2,6.0,4.0,,6,1,0,Asian,0,,,24.0,0,0,0
6088,1,7310,22,0,5.0,1,4.0,1.0,38.0,1,1,1,White,MIL,1.0,9830.0,16.0,0,559830,55
6089,1,7313,66,0,,1,6.0,4.0,,1,1,0,White,0,,,14.0,0,0,0
6090,1,7302,16,12,2.0,1,6.0,,,2,2,0,Hispanic,62,,5860.0,13.0,0,439061,43
6091,1,7310,20,15,1.0,1,6.0,4.0,26.0,6,1,0,Asian,45,6.0,4760.0,20.0,0,412031,41
6092,1,7308,86,0,,2,6.0,4.0,,8,2,0,Hispanic,0,,,10.0,0,0,0
6093,1,7316,29,0,5.0,1,4.0,1.0,70.0,6,1,1,Asian,MIL,1.0,4010.0,16.0,0,351012,35
6094,1,7301,19,0,5.0,1,4.0,1.0,40.0,1,1,1,White,MIL,5.0,9825.0,16.0,0,553010,55
6095,1,7316,21,0,5.0,1,4.0,1.0,81.0,1,2,1,Hispanic,MIL,1.0,7100.0,16.0,0,49209X,49
6096,1,7310,19,0,5.0,1,4.0,1.0,79.0,1,1,1,White,MIL,1.0,7340.0,16.0,0,499071,49
6097,1,7322,29,0,1.0,1,6.0,2.0,30.0,1,1,0,White,23,6.0,6260.0,16.0,0,472061,47
6098,1,7312,19,0,5.0,1,4.0,1.0,50.0,1,1,1,White,MIL,1.0,6305.0,18.0,0,472070,47
6099,1,7310,22,0,5.0,1,4.0,1.0,50.0,8,2,1,Hispanic,MIL,1.0,9825.0,16.0,0,553010,55
6100,1,7316,22,0,5.0,2,4.0,1.0,35.0,9,3,1,Hispanic,MIL,1.0,5040.0,20.0,0,432099,43
6101,1,7312,27,0,5.0,1,4.0,1.0,50.0,1,2,1,Hispanic,MIL,1.0,7140.0,18.0,0,493011,49
6102,1,7322,49,0,,1,6.0,2.0,,8,2,0,Hispanic,0,,,19.0,0,0,0
6103,1,7316,23,0,5.0,1,4.0,1.0,81.0,2,1,1,Black,MIL,1.0,1460.0,16.0,0,172141,17
6104,1,7314,54,0,,2,6.0,4.0,,8,2,0,Hispanic,0,,,1.0,0,0,0
6105,1,7316,38,15,5.0,2,4.0,1.0,75.0,2,1,1,Black,MIL,1.0,9800.0,20.0,0,551010,55
6106,1,7301,27,0,5.0,1,1.0,3.0,55.0,1,1,1,White,92,1.0,1108.0,19.0,1,151299,15
6107,1,7313,25,15,,1,6.0,4.0,,9,2,0,Hispanic,0,,,17.0,0,0,0
6108,1,7310,23,0,5.0,1,4.0,1.0,50.0,8,1,1,White,MIL,1.0,137.0,18.0,0,113131,11
6109,1,7322,50,0,1.0,1,6.0,4.0,,1,24,0,Hispanic,722,,4130.0,15.0,0,359011,35
6110,1,7310,22,0,5.0,1,4.0,1.0,99.0,1,1,1,White,MIL,6.0,9830.0,19.0,0,559830,55
6111,1,7315,19,15,,1,6.0,4.0,,6,1,0,Asian,0,,,19.0,0,0,0
6112,1,7315,73,0,,1,6.0,4.0,,1,1,0,White,0,,,16.0,0,0,0
6113,1,7316,38,0,6.0,1,6.0,4.0,,1,24,0,Hispanic,23,,6260.0,14.0,0,472061,47
6114,1,7312,19,0,5.0,2,4.0,1.0,68.0,2,1,1,Black,MIL,1.0,1560.0,16.0,0,173031,17
6115,1,7310,23,0,5.0,1,4.0,1.0,32.0,2,1,1,Black,MIL,1.0,7640.0,16.0,0,4990XX,49
6116,1,7312,20,0,5.0,1,4.0,1.0,55.0,1,1,1,White,MIL,1.0,7140.0,16.0,0,493011,49
6117,1,7312,18,15,5.0,1,4.0,3.0,99.0,8,2,1,Hispanic,MIL,6.0,9825.0,16.0,0,553010,55
6118,1,7307,17,14,,1,6.0,4.0,,9,1,0,Two or More,0,,,14.0,0,0,0
6119,1,7313,29,0,1.0,1,6.0,4.0,,9,2,0,Hispanic,23,,8810.0,16.0,0,519120,51
6120,1,7318,58,0,,1,6.0,2.0,,2,1,0,Black,0,,,16.0,0,0,0
6121,1,7306,69,0,,2,6.0,4.0,,8,2,0,Hispanic,0,,,16.0,0,0,0
6122,1,7315,23,15,1.0,1,1.0,4.0,10.0,2,1,1,Black,44,6.0,4760.0,19.0,1,412031,41
6123,1,7310,20,15,1.0,2,1.0,4.0,10.0,8,2,1,Hispanic,722,1.0,4720.0,17.0,1,412010,41
6124,1,7302,15,12,,1,,,,2,1,0,Black,0,,,12.0,0,0,0
6125,1,7315,19,15,1.0,2,6.0,4.0,20.0,1,1,0,White,722,6.0,4150.0,16.0,0,359031,35
6126,1,7310,21,15,1.0,2,1.0,4.0,5.0,2,1,1,Black,61,6.0,2910.0,19.0,1,274021,27
6127,1,7322,38,0,1.0,1,6.0,4.0,54.0,9,2,0,Hispanic,33,1.0,4850.0,20.0,0,414010,41
6128,1,7318,52,0,,1,6.0,4.0,,1,1,0,White,0,,,19.0,0,0,0
6129,1,7305,20,15,,2,6.0,4.0,,8,2,0,Hispanic,0,,,19.0,0,0,0
6130,1,7322,18,13,2.0,2,1.0,4.0,10.0,1,1,1,White,56,1.0,5000.0,13.0,1,431011,43
6131,1,7318,29,0,,2,6.0,4.0,,2,1,0,Black,0,,,16.0,0,0,0
6132,1,7317,21,15,1.0,1,6.0,4.0,25.0,1,1,0,White,61,6.0,2360.0,20.0,0,2530XX,25
6133,1,7316,42,0,1.0,1,6.0,4.0,25.0,1,24,0,Hispanic,44,4.0,4760.0,15.0,0,412031,41
6134,1,7312,20,0,5.0,2,4.0,1.0,40.0,1,1,1,White,MIL,1.0,6835.0,18.0,0,475032,47
6135,1,7305,77,0,,1,6.0,4.0,,2,1,0,Black,0,,,16.0,0,0,0
6136,1,7319,67,0,,2,6.0,2.0,,1,1,0,White,0,,,19.0,0,0,0
6137,1,7301,19,0,5.0,1,4.0,1.0,40.0,1,4,1,Hispanic,MIL,5.0,9825.0,16.0,0,553010,55
6138,1,7309,58,0,,1,6.0,4.0,,1,1,0,White,0,,,19.0,0,0,0
6139,1,7310,18,0,5.0,1,4.0,1.0,50.0,1,1,1,White,MIL,1.0,9825.0,18.0,0,553010,55
6140,1,7315,20,15,2.0,2,2.0,4.0,25.0,1,1,1,White,62,6.0,3602.0,19.0,1,311122,31
6141,1,7312,49,0,,2,6.0,4.0,,1,2,0,Hispanic,0,,,16.0,0,0,0
6142,1,7321,57,0,,2,6.0,4.0,,9,4,0,Hispanic,0,,,1.0,0,0,0
6143,1,7313,80,0,,2,6.0,4.0,,1,1,0,White,0,,,13.0,0,0,0
6144,1,7301,19,0,5.0,1,4.0,1.0,45.0,1,1,1,White,MIL,1.0,9130.0,16.0,0,533030,53
6145,1,7314,59,0,1.0,1,6.0,2.0,40.0,1,1,0,White,23,6.0,6260.0,16.0,0,472061,47
6146,1,7318,78,0,,2,6.0,4.0,,1,1,0,White,0,,,21.0,0,0,0
6147,1,7322,64,0,,1,6.0,4.0,,1,24,0,Hispanic,0,,,1.0,0,0,0
6148,1,7316,34,0,1.0,1,6.0,4.0,,6,1,0,Asian,23,,6355.0,19.0,0,472111,47
6149,1,7316,49,0,1.0,1,3.0,4.0,42.0,1,1,0,White,56,5.0,5350.0,18.0,1,434XXX,43
6150,1,7310,23,0,5.0,2,4.0,1.0,64.0,9,1,1,Two or More,MIL,1.0,9645.0,19.0,0,537065,53
6151,1,7310,19,0,5.0,1,4.0,1.0,40.0,9,2,1,Hispanic,MIL,1.0,9825.0,16.0,0,553010,55
6152,1,7308,32,0,1.0,1,6.0,4.0,30.0,9,2,0,Hispanic,722,6.0,4055.0,13.0,0,353023,35
6153,1,7322,26,0,6.0,1,6.0,4.0,,1,24,0,Hispanic,23,,6260.0,14.0,0,472061,47
6154,1,7317,83,0,,2,6.0,4.0,,1,1,0,White,0,,,21.0,0,0,0
6155,1,7321,23,0,5.0,2,4.0,1.0,81.0,1,1,1,White,MIL,1.0,9800.0,21.0,0,551010,55
6156,1,7301,19,0,5.0,1,4.0,1.0,79.0,1,1,1,White,MIL,1.0,7340.0,16.0,0,499071,49
6157,1,7318,49,0,,1,6.0,4.0,,1,1,0,White,0,,,19.0,0,0,0
6158,1,7303,45,0,,1,6.0,4.0,,9,1,0,Two or More,0,,,18.0,0,0,0
6159,1,7316,83,0,,1,6.0,4.0,,9,2,0,Hispanic,0,,,1.0,0,0,0
6160,1,7316,31,0,5.0,1,4.0,1.0,75.0,1,1,1,White,MIL,1.0,9310.0,17.0,0,535020,53
6161,1,7312,27,0,5.0,1,4.0,1.0,72.0,1,1,1,White,MIL,1.0,7340.0,16.0,0,499071,49
6162,1,7315,19,15,2.0,2,6.0,4.0,40.0,1,1,0,White,71,6.0,4622.0,19.0,0,399032,39
6163,1,7316,64,0,,1,6.0,4.0,,1,24,0,Hispanic,0,,,1.0,0,0,0
6164,1,7320,84,0,,1,6.0,3.0,,1,1,0,White,0,,,20.0,0,0,0
6165,1,7302,48,0,,1,6.0,4.0,,8,2,0,Hispanic,0,,,16.0,0,0,0
6166,1,7301,21,0,5.0,1,4.0,1.0,25.0,8,7,1,Hispanic,MIL,1.0,9825.0,16.0,0,553010,55
6167,1,7309,67,0,,1,6.0,2.0,,1,1,0,White,0,,,16.0,0,0,0
6168,1,7303,85,0,,2,6.0,4.0,,9,2,0,Hispanic,0,,,1.0,0,0,0
6169,1,7318,86,0,,2,6.0,4.0,,1,1,0,White,0,,,19.0,0,0,0
6170,1,7322,27,0,,1,6.0,4.0,,6,1,0,Asian,0,,,16.0,0,0,0
6171,1,7317,19,15,1.0,1,1.0,4.0,10.0,2,1,1,Black,61,6.0,2310.0,18.0,1,252020,25
6172,1,7301,20,0,5.0,1,4.0,1.0,50.0,1,1,1,White,MIL,1.0,9825.0,16.0,0,553010,55
6173,1,7321,59,0,,1,6.0,4.0,,6,1,0,Asian,0,,,19.0,0,0,0
6174,1,7312,24,0,5.0,1,4.0,1.0,50.0,1,1,1,White,MIL,1.0,7340.0,20.0,0,499071,49
6175,1,7312,37,0,5.0,1,6.0,2.0,32.0,1,1,0,White,81,1.0,4500.0,19.0,0,395011,39
6176,1,7301,21,0,5.0,1,4.0,1.0,55.0,1,2,1,Hispanic,MIL,1.0,9825.0,16.0,0,553010,55
6177,1,7301,28,0,5.0,1,4.0,1.0,50.0,1,1,1,White,MIL,1.0,2145.0,21.0,0,232011,23
6178,1,7316,36,0,5.0,2,4.0,1.0,72.0,2,1,1,Black,MIL,1.0,9810.0,20.0,0,552010,55
6179,1,7314,69,0,,2,6.0,4.0,,1,1,0,White,0,,,21.0,0,0,0
6180,1,7313,61,0,2.0,1,6.0,4.0,,9,1,0,Two or More,62,,420.0,21.0,0,119151,11
6181,1,7322,22,14,5.0,1,1.0,4.0,40.0,9,9,1,Hispanic,62,1.0,9645.0,14.0,1,537065,53
6182,1,7301,20,0,5.0,1,4.0,1.0,50.0,1,1,1,White,MIL,1.0,9825.0,16.0,0,553010,55
6183,1,7301,18,0,5.0,1,4.0,1.0,99.0,1,1,1,White,MIL,6.0,9825.0,16.0,0,553010,55
6184,1,7314,75,0,,2,6.0,4.0,,8,2,0,Hispanic,0,,,6.0,0,0,0
6185,1,7305,21,15,,1,6.0,4.0,,1,1,0,White,0,,,19.0,0,0,0
6186,1,7303,61,0,,1,6.0,4.0,,2,1,0,Black,0,,,17.0,0,0,0
6187,1,7320,50,0,,1,6.0,4.0,,1,1,0,White,0,,,17.0,0,0,0
6188,1,7301,20,0,5.0,1,4.0,1.0,40.0,1,1,1,White,MIL,5.0,9825.0,16.0,0,553010,55
6189,1,7301,23,0,5.0,1,4.0,1.0,99.0,2,1,1,Black,MIL,1.0,9300.0,16.0,0,5350XX,53
6190,1,7316,21,0,5.0,2,4.0,1.0,50.0,2,1,1,Black,MIL,1.0,9310.0,19.0,0,535020,53
6191,1,7315,14,12,,2,,,,1,1,0,White,0,,,12.0,0,0,0
6192,1,7316,26,15,5.0,2,4.0,1.0,99.0,2,1,1,Black,MIL,1.0,9645.0,19.0,0,537065,53
6193,1,7313,69,0,,1,6.0,3.0,,1,1,0,White,0,,,19.0,0,0,0
6194,1,7302,18,0,,1,6.0,4.0,,1,1,0,White,0,,,16.0,0,0,0
6195,1,7312,21,0,5.0,1,4.0,1.0,60.0,2,1,1,Black,MIL,1.0,9830.0,16.0,0,559830,55
6196,1,7307,94,0,,2,6.0,4.0,,1,1,0,White,0,,,21.0,0,0,0
6197,1,7315,20,15,,1,6.0,4.0,,1,1,0,White,0,,,19.0,0,0,0
6198,1,7315,65,0,,1,6.0,2.0,,9,2,0,Hispanic,0,,,11.0,0,0,0
6199,1,7313,25,0,3.0,1,3.0,4.0,,1,1,0,White,62,,1010.0,16.0,1,151251,15
6200,1,7301,25,0,5.0,1,4.0,1.0,99.0,1,2,1,Hispanic,MIL,6.0,9830.0,21.0,0,559830,55
6201,1,7319,22,0,,1,6.0,4.0,,2,1,0,Black,0,,,18.0,0,0,0
6202,1,7310,19,0,5.0,1,4.0,1.0,50.0,8,3,1,Hispanic,MIL,1.0,9825.0,16.0,0,553010,55
6203,1,7313,63,0,,2,6.0,4.0,,1,1,0,White,0,,,18.0,0,0,0
6204,1,7306,41,0,1.0,1,6.0,4.0,,6,1,0,Asian,44,,4720.0,20.0,0,412010,41
6205,1,7319,13,10,,1,,,,2,1,0,Black,0,,,10.0,0,0,0
6206,1,7322,33,15,1.0,1,6.0,4.0,,1,24,0,Hispanic,722,,4130.0,19.0,0,359011,35
6207,1,7322,23,0,1.0,1,1.0,4.0,40.0,9,2,1,Hispanic,722,6.0,4020.0,1.0,1,352010,35
6208,1,7301,57,0,,1,6.0,4.0,,1,1,0,White,0,,,9.0,0,0,0
6209,1,7321,76,0,1.0,2,1.0,4.0,40.0,6,1,1,Asian,62,1.0,340.0,20.0,1,119081,11
6210,1,7316,65,0,,1,6.0,4.0,,1,1,0,White,0,,,21.0,0,0,0
6211,1,7310,23,0,5.0,1,4.0,1.0,81.0,2,1,1,Black,MIL,1.0,1460.0,16.0,0,172141,17
6212,1,7319,61,0,,1,6.0,4.0,,2,1,0,Black,0,,,17.0,0,0,0
6213,1,7320,13,9,,2,,,,5,1,0,Other,0,,,10.0,0,0,0
6214,1,7310,21,0,1.0,1,1.0,2.0,40.0,1,1,1,White,62,1.0,7340.0,16.0,1,499071,49
6215,1,7320,15,12,,2,,,,1,1,0,White,0,,,12.0,0,0,0
6216,1,7310,19,0,5.0,1,5.0,1.0,68.0,8,3,1,Hispanic,MIL,1.0,9830.0,16.0,0,559830,55
6217,1,7310,22,0,5.0,1,4.0,1.0,99.0,1,1,1,White,MIL,6.0,9830.0,19.0,0,559830,55
6218,1,7315,73,0,,2,6.0,4.0,,1,1,0,White,0,,,19.0,0,0,0
6219,1,7315,20,15,1.0,1,6.0,4.0,6.0,1,1,0,White,49,6.0,9130.0,19.0,0,533030,53
6220,1,7312,37,0,5.0,1,6.0,2.0,32.0,1,1,0,White,81,1.0,4500.0,19.0,0,395011,39
6221,1,7317,68,0,,2,6.0,4.0,,1,1,0,White,0,,,19.0,0,0,0
6222,1,7318,49,0,1.0,1,3.0,4.0,42.0,1,1,0,White,56,5.0,5350.0,18.0,1,434XXX,43
6223,1,7321,35,0,,1,6.0,4.0,,8,2,0,Hispanic,0,,,16.0,0,0,0
6224,1,7312,21,0,5.0,2,4.0,1.0,40.0,9,2,1,Hispanic,MIL,1.0,7640.0,19.0,0,4990XX,49
6225,1,7319,61,0,,1,6.0,4.0,,2,1,0,Black,0,,,17.0,0,0,0
6226,1,7310,24,0,5.0,2,4.0,1.0,84.0,2,7,1,Hispanic,MIL,1.0,7140.0,19.0,0,493011,49
6227,1,7319,83,0,,2,6.0,4.0,,1,1,0,White,0,,,11.0,0,0,0
6228,1,7303,42,16,2.0,1,6.0,4.0,,9,1,0,Two or More,81,,2025.0,22.0,0,21109X,21
6229,1,7301,21,0,5.0,1,4.0,1.0,45.0,1,1,1,White,MIL,1.0,7020.0,18.0,0,492020,49
6230,1,7301,38,0,1.0,1,1.0,4.0,40.0,8,2,1,Hispanic,42,5.0,5120.0,16.0,1,433031,43
6231,1,7313,55,0,,1,6.0,4.0,,1,1,0,White,0,,,9.0,0,0,0
6232,1,7301,22,0,5.0,1,4.0,1.0,55.0,9,2,1,Hispanic,MIL,1.0,9825.0,16.0,0,553010,55
6233,1,7310,87,0,,2,6.0,4.0,,8,2,0,Hispanic,0,,,7.0,0,0,0
6234,1,7316,29,0,6.0,1,6.0,2.0,,1,24,0,Hispanic,23,,6260.0,19.0,0,472061,47
6235,1,7316,25,0,1.0,1,1.0,4.0,40.0,8,2,1,Hispanic,44,3.0,4760.0,19.0,1,412031,41
6236,1,7313,30,0,,2,6.0,4.0,,1,1,0,White,0,,,19.0,0,0,0
6237,1,7310,19,0,5.0,1,4.0,1.0,99.0,1,1,1,White,MIL,6.0,9830.0,17.0,0,559830,55
6238,1,7313,40,0,,1,6.0,4.0,,6,1,0,Asian,0,,,22.0,0,0,0
6239,1,7308,47,0,,1,6.0,4.0,,1,1,0,White,0,,,16.0,0,0,0
6240,1,7315,18,15,6.0,2,6.0,4.0,6.0,1,1,0,White,81,6.0,4600.0,18.0,0,399011,39
6241,1,7310,19,0,5.0,1,4.0,1.0,40.0,1,1,1,White,MIL,1.0,9825.0,16.0,0,553010,55
6242,1,7310,56,0,,1,6.0,4.0,,1,1,0,White,0,,,24.0,0,0,0
6243,1,7316,23,0,5.0,2,4.0,1.0,52.0,8,6,1,Hispanic,MIL,1.0,9825.0,19.0,0,553010,55
6244,1,7319,36,0,5.0,1,6.0,4.0,,8,2,0,Hispanic,81,,8140.0,19.0,0,514120,51
6245,1,7302,34,0,,1,6.0,4.0,,1,1,0,White,0,,,13.0,0,0,0
6246,1,7301,18,0,5.0,1,4.0,3.0,99.0,9,2,1,Hispanic,MIL,6.0,9825.0,16.0,0,553010,55
6247,1,7317,18,15,6.0,2,6.0,4.0,20.0,1,1,0,White,81,6.0,4655.0,18.0,0,399099,39
6248,1,7315,19,15,1.0,2,6.0,4.0,35.0,1,1,0,White,81,6.0,4600.0,18.0,0,399011,39
6249,1,7316,69,0,,1,6.0,3.0,,1,1,0,White,0,,,19.0,0,0,0
