HHID,PUMA,NP,HHADJINC,ADJINC,WGTP,HHT,GQ_type,child_present,WIF,HUPAC,VEH,numWorkers,BLD
1,7306,1,0.0,1093093,9,,3,0,,,,0.0,
2,7319,1,0.0,1093093,6,,3,0,,,,0.0,
3,7310,1,1292.3999999999999,1093093,13,,2,0,,,,0.0,
4,7301,1,12924.0,1093093,6,,1,0,,,,1.0,
5,7313,1,11847.0,1093093,13,,3,0,,,,0.0,
6,7304,1,12924.0,1093093,2,,3,0,,,,0.0,
7,7322,1,30156.0,1093093,3,,2,0,,,,0.0,
8,7301,1,969.3,1093093,21,,1,0,,,,1.0,
9,7317,1,3984.8999999999996,1093093,12,,2,0,,,,0.0,
10,7322,1,0.0,1093093,5,,3,0,,,,0.0,
11,7321,1,0.0,1093093,2,,3,0,,,,0.0,
12,7322,1,0.0,1093093,1,,3,0,,,,0.0,
13,7301,1,26925.0,1093093,10,,1,0,,,,1.0,
14,7310,1,25848.0,1093093,69,,1,0,,,,1.0,
15,7316,1,0.0,1093093,14,,3,0,,,,0.0,
16,7301,1,19386.0,1093093,8,,1,0,,,,1.0,
17,7314,1,0.0,1093093,1,,3,0,,,,0.0,
18,7310,1,19386.0,1093093,2,,3,0,,,,1.0,
19,7317,1,21540.0,1093093,5,,3,0,,,,1.0,
20,7306,1,5815.8,1093093,2,,3,0,,,,0.0,
21,7317,1,3984.8999999999996,1093093,16,,2,0,,,,0.0,
22,7304,1,0.0,1093093,3,,3,0,,,,0.0,
23,7302,1,5385.0,1093093,3,,3,0,,,,0.0,
24,7308,1,0.0,1093093,1,,3,0,,,,0.0,
25,7301,1,25848.0,1093093,18,,1,0,,,,1.0,
26,7317,1,17232.0,1093093,14,,2,0,,,,0.0,
27,7310,1,1938.6,1093093,9,,2,0,,,,1.0,
28,7317,1,3984.8999999999996,1093093,9,,2,0,,,,0.0,
29,7301,1,24771.0,1093093,12,,1,0,,,,1.0,
30,7302,1,0.0,1093093,3,,3,0,,,,0.0,
31,7303,1,,1093093,6,,3,0,,,,0.0,
32,7301,1,25848.0,1093093,11,,1,0,,,,1.0,
33,7302,1,0.0,1093093,2,,3,0,,,,0.0,
34,7312,1,19386.0,1093093,18,,1,0,,,,1.0,
35,7322,1,0.0,1093093,5,,3,0,,,,0.0,
36,7317,1,0.0,1093093,3,,3,0,,,,0.0,
37,7316,1,0.0,1093093,15,,3,0,,,,0.0,
38,7320,1,0.0,1093093,2,,3,0,,,,0.0,
39,7302,1,1615.5,1093093,2,,3,0,,,,0.0,
40,7313,1,1615.5,1093093,13,,3,0,,,,0.0,
41,7306,1,8831.4,1093093,1,,3,0,,,,0.0,
42,7310,1,3554.1,1093093,10,,2,0,,,,0.0,
43,7310,1,0.0,1093093,18,,2,0,,,,0.0,
44,7321,1,8185.2,1093093,3,,2,0,,,,0.0,
45,7307,1,0.0,1093093,12,,3,0,,,,0.0,
46,7307,1,538.5,1093093,3,,3,0,,,,0.0,
47,7304,1,17232.0,1093093,13,,3,0,,,,0.0,
48,7319,1,0.0,1093093,1,,3,0,,,,0.0,
49,7315,1,2154.0,1093093,17,,2,0,,,,0.0,
50,7302,1,0.0,1093093,15,,3,0,,,,0.0,
51,7317,1,2692.5,1093093,8,,2,0,,,,0.0,
52,7308,1,13354.8,1093093,16,,3,0,,,,0.0,
53,7301,1,19386.0,1093093,17,,1,0,,,,1.0,
54,7315,1,5385.0,1093093,8,,2,0,,,,1.0,
55,7322,1,0.0,1093093,17,,3,0,,,,0.0,
56,7301,1,23694.0,1093093,4,,1,0,,,,1.0,
57,7313,1,14754.9,1093093,14,,3,0,,,,0.0,
58,7310,1,11847.0,1093093,13,,1,0,,,,1.0,
59,7301,1,23694.0,1093093,11,,1,0,,,,1.0,
60,7319,1,0.0,1093093,4,,3,0,,,,0.0,
61,7310,1,19386.0,1093093,2,,1,0,,,,1.0,
62,7305,1,12924.0,1093093,10,,3,0,,,,0.0,
63,7317,1,0.0,1093093,4,,3,0,,,,0.0,
64,7317,1,12924.0,1093093,4,,3,0,,,,0.0,
65,7316,1,35541.0,1093093,64,,1,0,,,,1.0,
66,7315,1,0.0,1093093,6,,2,0,,,,0.0,
67,7310,1,0.0,1093093,14,,2,0,,,,0.0,
68,7321,1,60312.0,1093093,13,,1,0,,,,1.0,
69,7315,1,22509.3,1093093,15,,3,0,,,,0.0,
70,7310,1,23694.0,1093093,7,,1,0,,,,1.0,
71,7320,1,55573.2,1093093,2,,3,0,,,,0.0,
72,7301,1,23694.0,1093093,19,,1,0,,,,1.0,
73,7313,1,9693.0,1093093,9,,3,0,,,,0.0,
74,7310,1,0.0,1093093,2,,3,0,,,,0.0,
75,7315,1,4308.0,1093093,8,,2,0,,,,0.0,
76,7310,1,4092.6,1093093,12,,1,0,,,,1.0,
77,7320,1,7334.37,1093093,10,,3,0,,,,0.0,
78,7320,1,16693.5,1093093,5,,3,0,,,,0.0,
79,7315,1,11847.0,1093093,16,,2,0,,,,1.0,
80,7316,1,86160.0,1093093,17,,1,0,,,,1.0,
81,7321,1,20355.3,1093093,3,,3,0,,,,0.0,
82,7316,1,0.0,1093093,19,,3,0,,,,0.0,
83,7320,1,5385.0,1093093,11,,3,0,,,,0.0,
84,7322,1,0.0,1093093,15,,3,0,,,,0.0,
85,7315,1,1938.6,1093093,8,,2,0,,,,1.0,
86,7310,1,269.25,1093093,12,,1,0,,,,1.0,
87,7317,1,0.0,1093093,18,,2,0,,,,0.0,
88,7306,1,10770.0,1093093,1,,3,0,,,,0.0,
89,7309,1,0.0,1093093,15,,3,0,,,,0.0,
90,7306,1,6462.0,1093093,4,,3,0,,,,0.0,
91,7322,1,16693.5,1093093,12,,3,0,,,,0.0,
92,7310,1,25848.0,1093093,8,,1,0,,,,1.0,
93,7319,1,10231.5,1093093,3,,3,0,,,,0.0,
94,7316,1,21540.0,1093093,71,,1,0,,,,1.0,
95,7316,1,23694.0,1093093,16,,1,0,,,,1.0,
96,7310,1,0.0,1093093,41,,3,0,,,,0.0,
97,7301,1,24232.5,1093093,11,,1,0,,,,1.0,
98,7316,1,25848.0,1093093,19,,3,0,,,,0.0,
99,7318,1,1292.3999999999999,1093093,5,,3,0,,,,0.0,
100,7310,1,753.9,1093093,16,,2,0,,,,0.0,
101,7322,1,0.0,1093093,16,,3,0,,,,0.0,
102,7315,1,0.0,1093093,14,,2,0,,,,0.0,
103,7302,1,1615.5,1093093,9,,3,0,,,,0.0,
104,7302,1,28002.0,1093093,1,,1,0,,,,1.0,
105,7310,1,20463.0,1093093,57,,1,0,,,,1.0,
106,7322,1,0.0,1093093,6,,3,0,,,,0.0,
107,7301,1,17232.0,1093093,14,,1,0,,,,1.0,
108,7316,1,0.0,1093093,17,,3,0,,,,0.0,
109,7321,1,0.0,1093093,3,,3,0,,,,0.0,
110,7313,1,11847.0,1093093,13,,3,0,,,,0.0,
111,7305,1,38018.1,1093093,12,,3,0,,,,0.0,
112,7302,1,0.0,1093093,3,,3,0,,,,0.0,
113,7314,1,21324.6,1093093,4,,3,0,,,,1.0,
114,7322,1,0.0,1093093,40,,3,0,,,,0.0,
115,7310,1,25848.0,1093093,11,,1,0,,,,1.0,
116,7312,1,40926.0,1093093,11,,1,0,,,,1.0,
117,7301,1,17232.0,1093093,11,,1,0,,,,1.0,
118,7303,1,0.0,1093093,2,,3,0,,,,0.0,
119,7312,1,1615.5,1093093,24,,3,0,,,,0.0,
120,7301,1,19386.0,1093093,24,,1,0,,,,1.0,
121,7317,1,6462.0,1093093,17,,2,0,,,,1.0,
122,7315,1,4308.0,1093093,7,,2,0,,,,0.0,
123,7303,1,14862.599999999999,1093093,5,,3,0,,,,0.0,
124,7310,1,0.0,1093093,7,,2,0,,,,0.0,
125,7301,1,5385.0,1093093,16,,1,0,,,,1.0,
126,7310,1,23694.0,1093093,5,,1,0,,,,1.0,
127,7321,1,0.0,1093093,6,,3,0,,,,0.0,
128,7301,1,1400.1,1093093,18,,1,0,,,,1.0,
129,7319,1,0.0,1093093,13,,3,0,,,,0.0,
130,7322,1,0.0,1093093,2,,3,0,,,,0.0,
131,7315,1,2692.5,1093093,9,,2,0,,,,0.0,
132,7321,1,0.0,1093093,6,,3,0,,,,0.0,
133,7301,1,21540.0,1093093,5,,1,0,,,,1.0,
134,7317,1,0.0,1093093,3,,3,0,,,,0.0,
135,7316,1,15939.599999999999,1093093,15,,1,0,,,,1.0,
136,7319,1,0.0,1093093,6,,3,0,,,,0.0,
137,7322,1,0.0,1093093,2,,3,0,,,,0.0,
138,7310,1,30156.0,1093093,10,,2,0,,,,0.0,
139,7310,1,3554.1,1093093,14,,2,0,,,,0.0,
140,7304,1,0.0,1093093,1,,3,0,,,,0.0,
141,7305,1,0.0,1093093,3,,3,0,,,,0.0,
142,7318,1,1938.6,1093093,4,,3,0,,,,0.0,
143,7315,1,1077.0,1093093,9,,2,0,,,,0.0,
144,7306,1,3769.5,1093093,10,,3,0,,,,0.0,
145,7301,1,16155.0,1093093,19,,1,0,,,,1.0,
146,7315,1,38018.1,1093093,13,,3,0,,,,0.0,
147,7312,1,21216.899999999998,1093093,10,,1,0,,,,1.0,
148,7310,1,49542.0,1093093,23,,1,0,,,,1.0,
149,7316,1,17016.6,1093093,10,,1,0,,,,1.0,
150,7310,1,19386.0,1093093,69,,1,0,,,,1.0,
151,7322,1,0.0,1093093,2,,3,0,,,,0.0,
152,7301,1,17985.899999999998,1093093,5,,1,0,,,,1.0,
153,7321,1,25848.0,1093093,54,,1,0,,,,1.0,
154,7313,1,11847.0,1093093,15,,3,0,,,,0.0,
155,7302,1,0.0,1093093,2,,3,0,,,,0.0,
156,7318,1,0.0,1093093,5,,3,0,,,,0.0,
157,7301,1,37695.0,1093093,3,,1,0,,,,1.0,
158,7303,1,0.0,1093093,13,,3,0,,,,0.0,
159,7312,1,15078.0,1093093,16,,1,0,,,,1.0,
160,7321,1,75390.0,1093093,14,,1,0,,,,1.0,
161,7301,1,25848.0,1093093,11,,1,0,,,,1.0,
162,7301,1,22617.0,1093093,11,,1,0,,,,1.0,
163,7301,1,21216.899999999998,1093093,15,,1,0,,,,1.0,
164,7303,1,13893.3,1093093,15,,3,0,,,,0.0,
165,7303,1,19386.0,1093093,10,,3,0,,,,1.0,
166,7306,1,55573.2,1093093,77,,3,0,,,,0.0,
167,7301,1,19709.1,1093093,19,,1,0,,,,1.0,
168,7317,1,0.0,1093093,3,,3,0,,,,0.0,
169,7312,1,21001.5,1093093,8,,1,0,,,,1.0,
170,7319,1,16155.0,1093093,5,,3,0,,,,0.0,
171,7310,1,4308.0,1093093,18,,1,0,,,,1.0,
172,7301,1,21540.0,1093093,17,,1,0,,,,1.0,
173,7316,1,10770.0,1093093,8,,1,0,,,,1.0,
174,7301,1,13354.8,1093093,2,,3,0,,,,0.0,
175,7310,1,13354.8,1093093,3,,3,0,,,,1.0,
176,7310,1,0.0,1093093,2,,3,0,,,,0.0,
177,7306,1,0.0,1093093,3,,3,0,,,,0.0,
178,7316,1,0.0,1093093,9,,3,0,,,,0.0,
179,7301,1,14324.099999999999,1093093,18,,3,0,,,,0.0,
180,7305,1,18309.0,1093093,3,,3,0,,,,0.0,
181,7319,1,0.0,1093093,2,,3,0,,,,0.0,
182,7321,1,0.0,1093093,7,,3,0,,,,0.0,
183,7308,1,17232.0,1093093,15,,3,0,,,,0.0,
184,7322,1,0.0,1093093,2,,3,0,,,,0.0,
185,7320,1,301.56,1093093,1,,3,0,,,,0.0,
186,7312,1,19924.5,1093093,10,,1,0,,,,1.0,
187,7312,1,16155.0,1093093,3,,1,0,,,,1.0,
188,7305,1,12924.0,1093093,25,,3,0,,,,0.0,
189,7312,1,21540.0,1093093,14,,1,0,,,,1.0,
190,7319,1,19924.5,1093093,16,,3,0,,,,0.0,
191,7316,1,25848.0,1093093,12,,1,0,,,,1.0,
192,7313,1,5277.3,1093093,16,,3,0,,,,0.0,
193,7316,1,28002.0,1093093,4,,1,0,,,,1.0,
194,7310,1,0.0,1093093,8,,2,0,,,,0.0,
195,7315,1,0.0,1093093,17,,2,0,,,,0.0,
196,7303,1,12277.8,1093093,1,,3,0,,,,0.0,
197,7301,1,25848.0,1093093,20,,1,0,,,,1.0,
198,7310,1,17232.0,1093093,14,,1,0,,,,1.0,
199,7302,1,0.0,1093093,5,,3,0,,,,0.0,
200,7318,1,0.0,1093093,1,,3,0,,,,0.0,
201,7301,1,32310.0,1093093,11,,1,0,,,,1.0,
202,7301,1,18309.0,1093093,11,,1,0,,,,1.0,
203,7312,1,25848.0,1093093,3,,1,0,,,,1.0,
204,7301,1,29832.899999999998,1093093,15,,1,0,,,,1.0,
205,7303,1,21540.0,1093093,15,,3,0,,,,0.0,
206,7322,1,0.0,1093093,7,,3,0,,,,0.0,
207,7318,1,0.0,1093093,8,,3,0,,,,0.0,
208,7313,1,0.0,1093093,8,,3,0,,,,0.0,
209,7301,1,19386.0,1093093,11,,1,0,,,,1.0,
210,7312,1,19709.1,1093093,4,,1,0,,,,1.0,
211,7319,1,17232.0,1093093,16,,3,0,,,,0.0,
212,7321,1,0.0,1093093,6,,3,0,,,,0.0,
213,7315,1,2154.0,1093093,14,,2,0,,,,1.0,
214,7310,1,21001.5,1093093,20,,1,0,,,,1.0,
215,7303,1,16155.0,1093093,5,,3,0,,,,0.0,
216,7315,1,0.0,1093093,17,,2,0,,,,0.0,
217,7305,1,18309.0,1093093,13,,2,0,,,,0.0,
218,7321,1,39849.0,1093093,15,,1,0,,,,1.0,
219,7301,1,21540.0,1093093,4,,1,0,,,,1.0,
220,7301,1,0.0,1093093,3,,3,0,,,,0.0,
221,7315,1,0.0,1093093,7,,2,0,,,,0.0,
222,7322,1,0.0,1093093,5,,3,0,,,,0.0,
223,7319,1,6462.0,1093093,34,,3,0,,,,0.0,
224,7315,1,1077.0,1093093,6,,2,0,,,,0.0,
225,7316,1,26386.5,1093093,11,,1,0,,,,1.0,
226,7309,1,10770.0,1093093,14,,3,0,,,,0.0,
227,7306,1,3015.6,1093093,4,,3,0,,,,1.0,
228,7321,1,19386.0,1093093,53,,1,0,,,,1.0,
229,7301,1,19386.0,1093093,20,,1,0,,,,1.0,
230,7319,1,0.0,1093093,5,,3,0,,,,0.0,
231,7316,1,0.0,1093093,22,,3,0,,,,0.0,
232,7321,1,204630.0,1093093,21,,1,0,,,,1.0,
233,7301,1,38772.0,1093093,15,,1,0,,,,1.0,
234,7313,1,0.0,1093093,16,,3,0,,,,0.0,
235,7319,1,14001.0,1093093,1,,3,0,,,,0.0,
236,7312,1,17770.5,1093093,3,,1,0,,,,1.0,
237,7310,1,24771.0,1093093,11,,1,0,,,,1.0,
238,7321,1,36187.2,1093093,6,,3,0,,,,0.0,
239,7313,1,14001.0,1093093,6,,3,0,,,,0.0,
240,7312,1,25848.0,1093093,3,,1,0,,,,1.0,
241,7316,1,25848.0,1093093,9,,1,0,,,,1.0,
242,7322,1,0.0,1093093,14,,3,0,,,,0.0,
243,7307,1,0.0,1093093,3,,3,0,,,,0.0,
244,7322,1,10770.0,1093093,2,,3,0,,,,0.0,
245,7322,1,0.0,1093093,13,,3,0,,,,0.0,
246,7320,1,15616.5,1093093,15,,3,0,,,,0.0,
247,7310,1,1077.0,1093093,17,,2,0,,,,0.0,
248,7310,1,15939.599999999999,1093093,60,,1,0,,,,1.0,
249,7301,1,20463.0,1093093,13,,1,0,,,,1.0,
250,7319,1,0.0,1093093,5,,3,0,,,,0.0,
251,7321,1,23694.0,1093093,15,,1,0,,,,1.0,
252,7301,1,19386.0,1093093,13,,1,0,,,,1.0,
253,7315,1,0.0,1093093,7,,3,0,,,,0.0,
254,7310,1,13354.8,1093093,3,,3,0,,,,1.0,
255,7301,1,19386.0,1093093,15,,1,0,,,,1.0,
256,7317,1,0.0,1093093,10,,2,0,,,,0.0,
257,7312,1,24771.0,1093093,13,,1,0,,,,1.0,
258,7301,1,26925.0,1093093,20,,1,0,,,,1.0,
259,7315,1,5385.0,1093093,9,,2,0,,,,1.0,
260,7312,1,52773.0,1093093,2,,1,0,,,,1.0,
261,7315,1,11847.0,1093093,15,,2,0,,,,1.0,
262,7309,1,0.0,1093093,15,,3,0,,,,0.0,
263,7319,1,12924.0,1093093,3,,3,0,,,,0.0,
264,7302,1,27248.1,1093093,9,,3,0,,,,0.0,
265,7319,1,0.0,1093093,2,,3,0,,,,0.0,
266,7302,1,0.0,1093093,5,,3,0,,,,0.0,
267,7301,1,32310.0,1093093,17,,1,0,,,,1.0,
268,7315,1,6462.0,1093093,19,,2,0,,,,1.0,
269,7308,1,14001.0,1093093,3,,3,0,,,,0.0,
270,7301,1,25848.0,1093093,13,,1,0,,,,1.0,
271,7322,1,0.0,1093093,16,,3,0,,,,0.0,
272,7321,1,0.0,1093093,3,,3,0,,,,0.0,
273,7310,1,9800.699999999999,1093093,15,,2,0,,,,0.0,
274,7312,1,22617.0,1093093,9,,1,0,,,,1.0,
275,7322,1,0.0,1093093,13,,3,0,,,,0.0,
276,7315,1,0.0,1093093,16,,2,0,,,,0.0,
277,7315,1,6677.4,1093093,15,,2,0,,,,0.0,
278,7302,1,0.0,1093093,3,,3,0,,,,0.0,
279,7314,1,0.0,1093093,11,,3,0,,,,0.0,
280,7321,1,56004.0,1093093,15,,1,0,,,,1.0,
281,7316,1,2477.1,1093093,29,,3,0,,,,0.0,
282,7320,1,161.54999999999998,1093093,1,,3,0,,,,0.0,
283,7303,1,22617.0,1093093,1,,3,0,,,,1.0,
284,7316,1,25848.0,1093093,27,,3,0,,,,0.0,
285,7317,1,0.0,1093093,12,,2,0,,,,0.0,
286,7313,1,7539.0,1093093,13,,3,0,,,,0.0,
287,7321,1,20678.399999999998,1093093,6,,3,0,,,,0.0,
288,7303,1,32310.0,1093093,16,,3,0,,,,0.0,
289,7322,1,0.0,1093093,15,,3,0,,,,0.0,
290,7310,1,969.3,1093093,14,,1,0,,,,1.0,
291,7316,1,10554.6,1093093,2,,3,0,,,,0.0,
292,7305,1,38018.1,1093093,3,,3,0,,,,0.0,
293,7308,1,12924.0,1093093,5,,3,0,,,,0.0,
294,7310,1,5385.0,1093093,11,,1,0,,,,1.0,
295,7301,1,28002.0,1093093,17,,1,0,,,,1.0,
296,7310,1,20678.399999999998,1093093,10,,1,0,,,,1.0,
297,7310,1,24340.2,1093093,4,,1,0,,,,1.0,
298,7301,1,19386.0,1093093,14,,1,0,,,,1.0,
299,7319,1,0.0,1093093,2,,3,0,,,,0.0,
300,7316,1,15724.199999999999,1093093,20,,3,0,,,,0.0,
301,7315,1,161.54999999999998,1093093,14,,3,0,,,,0.0,
302,7313,1,23694.0,1093093,6,,3,0,,,,1.0,
303,7316,1,21001.5,1093093,12,,1,0,,,,1.0,
304,7313,1,21324.6,1093093,6,,3,0,,,,1.0,
305,7316,1,0.0,1093093,11,,3,0,,,,0.0,
306,7316,1,26925.0,1093093,9,,1,0,,,,1.0,
307,7306,1,4308.0,1093093,5,,3,0,,,,0.0,
308,7301,1,24340.2,1093093,17,,1,0,,,,1.0,
309,7313,1,0.0,1093093,12,,3,0,,,,0.0,
310,7306,1,18739.8,1093093,8,,3,0,,,,0.0,
311,7303,1,0.0,1093093,16,,3,0,,,,0.0,
312,7304,1,10554.6,1093093,3,,3,0,,,,0.0,
313,7319,1,0.0,1093093,3,,3,0,,,,0.0,
314,7319,1,0.0,1093093,1,,3,0,,,,0.0,
315,7307,1,0.0,1093093,2,,3,0,,,,0.0,
316,7316,1,1615.5,1093093,4,,3,0,,,,0.0,
317,7301,1,23694.0,1093093,7,,1,0,,,,1.0,
318,7321,1,3015.6,1093093,27,,3,0,,,,1.0,
319,7301,1,22293.899999999998,1093093,9,,1,0,,,,1.0,
320,7301,1,19386.0,1093093,15,,1,0,,,,1.0,
321,7319,1,0.0,1093093,6,,3,0,,,,0.0,
322,7309,1,0.0,1093093,16,,3,0,,,,0.0,
323,7315,1,0.0,1093093,8,,3,0,,,,0.0,
324,7317,1,6677.4,1093093,11,,2,0,,,,0.0,
325,7316,1,25848.0,1093093,1,,2,0,,,,0.0,
326,7316,1,19386.0,1093093,1,,3,0,,,,0.0,
327,7310,1,13354.8,1093093,21,,1,0,,,,1.0,
328,7301,1,23370.899999999998,1093093,14,,1,0,,,,1.0,
329,7322,1,0.0,1093093,16,,3,0,,,,0.0,
330,7315,1,12493.199999999999,1093093,2,,3,0,,,,0.0,
331,7322,1,0.0,1093093,15,,3,0,,,,0.0,
332,7301,1,24232.5,1093093,8,,1,0,,,,1.0,
333,7303,1,0.0,1093093,14,,3,0,,,,0.0,
334,7315,1,10339.199999999999,1093093,2,,3,0,,,,0.0,
335,7321,1,19386.0,1093093,15,,1,0,,,,1.0,
336,7301,1,25848.0,1093093,2,,1,0,,,,1.0,
337,7321,1,204630.0,1093093,15,,1,0,,,,1.0,
338,7321,1,50942.1,1093093,19,,1,0,,,,1.0,
339,7313,1,8831.4,1093093,10,,3,0,,,,0.0,
340,7321,1,46311.0,1093093,15,,1,0,,,,1.0,
341,7322,1,0.0,1093093,6,,3,0,,,,0.0,
342,7321,1,26386.5,1093093,15,,1,0,,,,1.0,
343,7317,1,0.0,1093093,10,,2,0,,,,0.0,
344,7316,1,26494.2,1093093,12,,1,0,,,,1.0,
345,7319,1,12924.0,1093093,4,,3,0,,,,0.0,
346,7316,1,0.0,1093093,4,,3,0,,,,0.0,
347,7321,1,45234.0,1093093,106,,1,0,,,,1.0,
348,7316,1,19170.6,1093093,13,,3,0,,,,0.0,
349,7313,1,0.0,1093093,13,,3,0,,,,0.0,
350,7310,1,19709.1,1093093,13,,1,0,,,,1.0,
351,7301,1,32310.0,1093093,10,,1,0,,,,1.0,
352,7301,1,12924.0,1093093,3,,3,0,,,,0.0,
353,7316,1,32310.0,1093093,21,,1,0,,,,1.0,
354,7302,1,3231.0,1093093,1,,2,0,,,,1.0,
355,7316,1,0.0,1093093,21,,3,0,,,,0.0,
356,7301,1,20463.0,1093093,8,,1,0,,,,1.0,
357,7310,1,7539.0,1093093,19,,1,0,,,,1.0,
358,7313,1,12924.0,1093093,10,,3,0,,,,0.0,
359,7310,1,25848.0,1093093,15,,1,0,,,,1.0,
360,7317,1,0.0,1093093,11,,2,0,,,,0.0,
361,7310,1,0.0,1093093,9,,2,0,,,,0.0,
362,7302,1,1292.3999999999999,1093093,2,,3,0,,,,0.0,
363,7310,1,0.0,1093093,9,,2,0,,,,0.0,
364,7312,1,0.0,1093093,7,,3,0,,,,0.0,
365,7316,1,0.0,1093093,13,,3,0,,,,0.0,
366,7317,1,0.0,1093093,2,,3,0,,,,0.0,
367,7322,1,0.0,1093093,14,,3,0,,,,0.0,
368,7315,1,538.5,1093093,13,,2,0,,,,0.0,
369,7316,1,25848.0,1093093,10,,1,0,,,,1.0,
370,7314,1,12924.0,1093093,4,,3,0,,,,0.0,
371,7319,1,,1093093,10,,3,0,,,,0.0,
372,7301,1,20463.0,1093093,10,,1,0,,,,1.0,
373,7322,1,0.0,1093093,7,,3,0,,,,0.0,
374,7308,1,19816.8,1093093,14,,3,0,,,,0.0,
375,7301,1,20463.0,1093093,17,,1,0,,,,1.0,
376,7322,1,0.0,1093093,15,,3,0,,,,0.0,
377,7315,1,17232.0,1093093,10,,2,0,,,,0.0,
378,7319,1,0.0,1093093,2,,3,0,,,,0.0,
379,7319,1,0.0,1093093,3,,3,0,,,,0.0,
380,7315,1,2692.5,1093093,5,,2,0,,,,0.0,
381,7316,1,65697.0,1093093,7,,1,0,,,,1.0,
382,7310,1,0.0,1093093,19,,2,0,,,,0.0,
383,7318,1,15831.9,1093093,12,,3,0,,,,0.0,
384,7303,1,0.0,1093093,13,,3,0,,,,0.0,
385,7318,1,30156.0,1093093,16,,2,0,,,,0.0,
386,7315,1,3769.5,1093093,4,,3,0,,,,0.0,
387,7316,1,21324.6,1093093,10,,3,0,,,,1.0,
388,7301,1,17232.0,1093093,17,,1,0,,,,1.0,
389,7301,1,24232.5,1093093,10,,1,0,,,,1.0,
390,7306,1,21970.8,1093093,2,,3,0,,,,0.0,
391,7312,1,26278.8,1093093,4,,1,0,,,,1.0,
392,7310,1,0.0,1093093,17,,2,0,,,,0.0,
393,7310,1,15078.0,1093093,18,,1,0,,,,1.0,
394,7310,1,5385.0,1093093,12,,3,0,,,,0.0,
395,7319,1,0.0,1093093,15,,3,0,,,,0.0,
396,7319,1,12924.0,1093093,10,,3,0,,,,0.0,
397,7306,1,12924.0,1093093,3,,3,0,,,,0.0,
398,7310,1,16155.0,1093093,21,,1,0,,,,1.0,
399,7301,1,32310.0,1093093,17,,1,0,,,,1.0,
400,7316,1,22617.0,1093093,16,,1,0,,,,1.0,
401,7316,1,43080.0,1093093,3,,1,0,,,,1.0,
402,7318,1,0.0,1093093,9,,3,0,,,,0.0,
403,7310,1,269.25,1093093,12,,1,0,,,,1.0,
404,7313,1,4803.42,1093093,16,,3,0,,,,0.0,
405,7316,1,19170.6,1093093,13,,1,0,,,,1.0,
406,7319,1,9477.6,1093093,14,,3,0,,,,0.0,
407,7310,1,0.0,1093093,9,,2,0,,,,0.0,
408,7309,1,25740.3,1093093,16,,3,0,,,,0.0,
409,7310,1,0.0,1093093,10,,3,0,,,,0.0,
410,7316,1,2477.1,1093093,3,,3,0,,,,0.0,
411,7322,1,0.0,1093093,3,,3,0,,,,0.0,
412,7318,1,0.0,1093093,6,,3,0,,,,0.0,
413,7322,1,0.0,1093093,14,,3,0,,,,0.0,
414,7322,1,0.0,1093093,2,,3,0,,,,0.0,
415,7301,1,43080.0,1093093,19,,1,0,,,,1.0,
416,7316,1,49542.0,1093093,17,,1,0,,,,1.0,
417,7301,1,40602.9,1093093,12,,1,0,,,,1.0,
418,7315,1,13677.9,1093093,15,,2,0,,,,1.0,
419,7315,1,0.0,1093093,16,,2,0,,,,0.0,
420,7310,1,5385.0,1093093,7,,2,0,,,,1.0,
421,7301,1,21540.0,1093093,20,,1,0,,,,1.0,
422,7310,1,21540.0,1093093,7,,1,0,,,,1.0,
423,7310,1,26386.5,1093093,17,,1,0,,,,1.0,
424,7318,1,0.0,1093093,2,,3,0,,,,0.0,
425,7319,1,0.0,1093093,3,,3,0,,,,0.0,
426,7316,1,25848.0,1093093,11,,1,0,,,,1.0,
427,7305,1,0.0,1093093,2,,3,0,,,,0.0,
428,7316,1,88314.0,1093093,4,,1,0,,,,1.0,
429,7321,1,60312.0,1093093,17,,1,0,,,,1.0,
430,7320,1,4803.42,1093093,6,,3,0,,,,0.0,
431,7321,1,53419.2,1093093,6,,3,0,,,,0.0,
432,7310,1,24771.0,1093093,7,,1,0,,,,1.0,
433,7320,1,15616.5,1093093,7,,3,0,,,,0.0,
434,7320,1,38772.0,1093093,2,,3,0,,,,0.0,
435,7301,1,21540.0,1093093,14,,1,0,,,,1.0,
436,7317,1,6138.9,1093093,8,,2,0,,,,1.0,
437,7308,1,21970.8,1093093,3,,3,0,,,,0.0,
438,7301,1,4308.0,1093093,10,,3,0,,,,0.0,
439,7316,1,9477.6,1093093,20,,3,0,,,,0.0,
440,7310,1,20463.0,1093093,10,,1,0,,,,1.0,
441,7321,1,28002.0,1093093,6,,3,0,,,,0.0,
442,7309,1,0.0,1093093,2,,3,0,,,,0.0,
443,7313,1,13354.8,1093093,16,,3,0,,,,0.0,
444,7301,1,21001.5,1093093,23,,1,0,,,,1.0,
445,7313,1,5815.8,1093093,8,,3,0,,,,0.0,
446,7303,1,21540.0,1093093,1,,3,0,,,,1.0,
447,7301,1,37695.0,1093093,16,,1,0,,,,1.0,
448,7302,1,,1093093,27,,3,0,,,,0.0,
449,7301,1,18309.0,1093093,17,,1,0,,,,1.0,
450,7312,1,18309.0,1093093,13,,1,0,,,,1.0,
451,7316,1,45557.1,1093093,7,,3,0,,,,0.0,
452,7305,1,6462.0,1093093,11,,2,0,,,,1.0,
453,7301,1,18309.0,1093093,11,,1,0,,,,1.0,
454,7301,1,28755.899999999998,1093093,7,,1,0,,,,1.0,
455,7315,1,20678.399999999998,1093093,12,,3,0,,,,0.0,
456,7301,1,24771.0,1093093,6,,1,0,,,,1.0,
457,7320,1,3015.6,1093093,15,,3,0,,,,1.0,
458,7314,1,6462.0,1093093,3,,3,0,,,,0.0,
459,7310,1,12924.0,1093093,23,,1,0,,,,1.0,
460,7301,1,23694.0,1093093,13,,1,0,,,,1.0,
461,7310,1,19386.0,1093093,17,,1,0,,,,1.0,
462,7321,1,15078.0,1093093,1,,3,0,,,,1.0,
463,7313,1,30156.0,1093093,21,,2,0,,,,0.0,
464,7317,1,9154.5,1093093,9,,2,0,,,,0.0,
465,7316,1,0.0,1093093,8,,3,0,,,,0.0,
466,7301,1,0.0,1093093,4,,3,0,,,,0.0,
467,7316,1,19386.0,1093093,9,,1,0,,,,1.0,
468,7319,1,0.0,1093093,2,,3,0,,,,0.0,
469,7319,1,0.0,1093093,3,,3,0,,,,0.0,
470,7313,1,11631.6,1093093,10,,3,0,,,,0.0,
471,7321,1,1615.5,1093093,2,,3,0,,,,0.0,
472,7310,1,32310.0,1093093,11,,1,0,,,,1.0,
473,7301,1,37695.0,1093093,16,,1,0,,,,1.0,
474,7301,1,22617.0,1093093,9,,1,0,,,,1.0,
475,7312,1,21001.5,1093093,15,,1,0,,,,1.0,
476,7310,1,0.0,1093093,10,,2,0,,,,0.0,
477,7321,1,15939.599999999999,1093093,17,,1,0,,,,1.0,
478,7316,1,0.0,1093093,17,,3,0,,,,0.0,
479,7313,1,0.0,1093093,3,,3,0,,,,0.0,
480,7310,1,0.0,1093093,15,,2,0,,,,0.0,
481,7312,1,43080.0,1093093,9,,3,0,,,,0.0,
482,7317,1,3877.2,1093093,10,,2,0,,,,0.0,
483,7310,1,3231.0,1093093,14,,2,0,,,,1.0,
484,7318,1,6462.0,1093093,30,,3,0,,,,0.0,
485,7301,1,21540.0,1093093,13,,1,0,,,,1.0,
486,7310,1,16155.0,1093093,13,,1,0,,,,1.0,
487,7313,1,0.0,1093093,13,,3,0,,,,0.0,
488,7322,1,0.0,1093093,34,,3,0,,,,0.0,
489,7301,1,21216.899999999998,1093093,8,,1,0,,,,1.0,
490,7316,1,23694.0,1093093,19,,1,0,,,,1.0,
491,7316,1,21540.0,1093093,61,,1,0,,,,1.0,
492,7303,1,18739.8,1093093,12,,3,0,,,,0.0,
493,7321,1,0.0,1093093,14,,3,0,,,,0.0,
494,7319,1,12924.0,1093093,14,,3,0,,,,0.0,
495,7319,1,0.0,1093093,14,,3,0,,,,0.0,
496,7319,1,0.0,1093093,4,,3,0,,,,0.0,
497,7316,1,25848.0,1093093,22,,1,0,,,,1.0,
498,7301,1,16155.0,1093093,18,,1,0,,,,1.0,
499,7313,1,15078.0,1093093,10,,3,0,,,,0.0,
500,7315,1,17232.0,1093093,16,,2,0,,,,0.0,
501,7318,1,15078.0,1093093,3,,3,0,,,,1.0,
502,7301,1,4308.0,1093093,5,,3,0,,,,0.0,
503,7316,1,3231.0,1093093,11,,3,0,,,,0.0,
504,7302,1,0.0,1093093,11,,3,0,,,,0.0,
505,7301,1,21540.0,1093093,15,,1,0,,,,1.0,
506,7302,1,0.0,1093093,6,,3,0,,,,0.0,
507,7322,1,0.0,1093093,2,,3,0,,,,0.0,
508,7317,1,560.04,1093093,11,,2,0,,,,0.0,
509,7301,1,17232.0,1093093,14,,1,0,,,,1.0,
510,7301,1,19709.1,1093093,17,,1,0,,,,1.0,
511,7310,1,45234.0,1093093,16,,1,0,,,,1.0,
512,7309,1,0.0,1093093,2,,3,0,,,,0.0,
513,7310,1,0.0,1093093,7,,2,0,,,,0.0,
514,7316,1,28002.0,1093093,11,,1,0,,,,1.0,
515,7316,1,18309.0,1093093,10,,1,0,,,,1.0,
516,7306,1,18309.0,1093093,2,,3,0,,,,0.0,
517,7316,1,0.0,1093093,18,,3,0,,,,0.0,
518,7316,1,53850.0,1093093,14,,3,0,,,,0.0,
519,7313,1,26925.0,1093093,13,,3,0,,,,0.0,
520,7316,1,3984.8999999999996,1093093,13,,3,0,,,,0.0,
521,7315,1,19816.8,1093093,2,,3,0,,,,0.0,
522,7302,1,37695.0,1093093,2,,1,0,,,,1.0,
523,7309,1,4308.0,1093093,5,,3,0,,,,0.0,
524,7321,1,18739.8,1093093,2,,3,0,,,,0.0,
525,7301,1,22617.0,1093093,11,,1,0,,,,1.0,
526,7319,1,12924.0,1093093,6,,3,0,,,,0.0,
527,7320,1,23909.399999999998,1093093,5,,3,0,,,,0.0,
528,7322,1,0.0,1093093,39,,3,0,,,,0.0,
529,7316,1,7754.4,1093093,1,,3,0,,,,0.0,
530,7310,1,4308.0,1093093,14,,1,0,,,,1.0,
531,7308,1,-2477.1,1093093,12,,3,0,,,,0.0,
532,7317,1,53850.0,1093093,3,,3,0,,,,1.0,
533,7308,1,8831.4,1093093,3,,3,0,,,,0.0,
534,7307,1,4308.0,1093093,4,,3,0,,,,0.0,
535,7316,1,0.0,1093093,3,,3,0,,,,0.0,
536,7321,1,32848.5,1093093,13,,1,0,,,,1.0,
537,7321,1,17232.0,1093093,2,,3,0,,,,0.0,
538,7316,1,19386.0,1093093,1,,3,0,,,,0.0,
539,7306,1,4308.0,1093093,3,,3,0,,,,0.0,
540,7317,1,0.0,1093093,24,,2,0,,,,0.0,
541,7317,1,323.09999999999997,1093093,16,,2,0,,,,0.0,
542,7319,1,32310.0,1093093,14,,3,0,,,,0.0,
543,7302,1,1292.3999999999999,1093093,3,,3,0,,,,0.0,
544,7319,1,32310.0,1093093,3,,3,0,,,,0.0,
545,7301,1,19386.0,1093093,17,,1,0,,,,1.0,
546,7316,1,49542.0,1093093,16,,1,0,,,,1.0,
547,7301,1,19386.0,1093093,13,,1,0,,,,1.0,
548,7312,1,24771.0,1093093,14,,1,0,,,,1.0,
549,7310,1,25848.0,1093093,1,,3,0,,,,0.0,
550,7302,1,0.0,1093093,15,,3,0,,,,0.0,
551,7301,1,16155.0,1093093,10,,1,0,,,,1.0,
552,7309,1,15616.5,1093093,11,,3,0,,,,0.0,
553,7301,1,16155.0,1093093,6,,3,0,,,,1.0,
554,7302,1,1292.3999999999999,1093093,2,,3,0,,,,0.0,
555,7310,1,43080.0,1093093,2,,3,0,,,,1.0,
556,7315,1,0.0,1093093,5,,2,0,,,,0.0,
557,7322,1,0.0,1093093,7,,3,0,,,,0.0,
558,7317,1,5385.0,1093093,5,,3,0,,,,0.0,
559,7315,1,0.0,1093093,6,,3,0,,,,0.0,
560,7301,1,24232.5,1093093,14,,1,0,,,,1.0,
561,7319,1,0.0,1093093,3,,3,0,,,,0.0,
562,7310,1,0.0,1093093,16,,2,0,,,,0.0,
563,7318,1,22617.0,1093093,7,,3,0,,,,1.0,
564,7315,1,2692.5,1093093,6,,2,0,,,,0.0,
565,7305,1,15616.5,1093093,3,,3,0,,,,0.0,
566,7319,1,16155.0,1093093,9,,3,0,,,,0.0,
567,7312,1,19170.6,1093093,3,,1,0,,,,1.0,
568,7310,1,8616.0,1093093,23,,1,0,,,,1.0,
569,7316,1,19386.0,1093093,16,,1,0,,,,1.0,
570,7315,1,0.0,1093093,7,,2,0,,,,0.0,
571,7315,1,17232.0,1093093,11,,3,0,,,,0.0,
572,7301,1,21001.5,1093093,21,,1,0,,,,1.0,
573,7316,1,39849.0,1093093,23,,1,0,,,,1.0,
574,7320,1,16962.75,1093093,1,,3,0,,,,0.0,
575,7319,1,56004.0,1093093,12,,3,0,,,,0.0,
576,7312,1,25848.0,1093093,3,,1,0,,,,1.0,
577,7301,1,48465.0,1093093,16,,1,0,,,,1.0,
578,7305,1,16155.0,1093093,3,,3,0,,,,0.0,
579,7316,1,25848.0,1093093,12,,1,0,,,,1.0,
580,7301,1,24771.0,1093093,17,,1,0,,,,1.0,
581,7308,1,12924.0,1093093,14,,3,0,,,,0.0,
582,7305,1,0.0,1093093,3,,3,0,,,,0.0,
583,7321,1,10770.0,1093093,15,,1,0,,,,1.0,
584,7317,1,0.0,1093093,9,,2,0,,,,0.0,
585,7301,1,7539.0,1093093,8,,1,0,,,,1.0,
586,7317,1,0.0,1093093,19,,3,0,,,,0.0,
587,7313,1,0.0,1093093,19,,3,0,,,,0.0,
588,7310,1,28002.0,1093093,13,,1,0,,,,1.0,
589,7319,1,0.0,1093093,2,,3,0,,,,0.0,
590,7310,1,1184.7,1093093,20,,1,0,,,,1.0,
591,7317,1,969.3,1093093,14,,2,0,,,,1.0,
592,7313,1,0.0,1093093,14,,3,0,,,,0.0,
593,7301,1,24771.0,1093093,8,,1,0,,,,1.0,
594,7321,1,65697.0,1093093,45,,1,0,,,,1.0,
595,7317,1,3984.8999999999996,1093093,11,,2,0,,,,0.0,
596,7301,1,21540.0,1093093,8,,1,0,,,,1.0,
597,7302,1,1292.3999999999999,1093093,11,,3,0,,,,0.0,
598,7312,1,3769.5,1093093,2,,3,0,,,,0.0,
599,7316,1,0.0,1093093,13,,3,0,,,,0.0,
600,7319,1,0.0,1093093,1,,3,0,,,,0.0,
601,7317,1,0.0,1093093,8,,2,0,,,,0.0,
602,7316,1,15078.0,1093093,2,,3,0,,,,1.0,
603,7321,1,12924.0,1093093,12,,1,0,,,,1.0,
604,7302,1,0.0,1093093,4,,3,0,,,,0.0,
605,7301,1,23694.0,1093093,13,,1,0,,,,1.0,
606,7317,1,15724.199999999999,1093093,3,,3,0,,,,0.0,
607,7316,1,10985.4,1093093,4,,3,0,,,,0.0,
608,7321,1,32740.8,1093093,14,,1,0,,,,1.0,
609,7318,1,16908.899999999998,1093093,2,,3,0,,,,0.0,
610,7319,1,0.0,1093093,3,,3,0,,,,0.0,
611,7316,1,0.0,1093093,19,,3,0,,,,0.0,
612,7321,1,7539.0,1093093,17,,3,0,,,,0.0,
613,7312,1,62142.899999999994,1093093,12,,1,0,,,,1.0,
614,7322,1,0.0,1093093,16,,3,0,,,,0.0,
615,7316,1,19816.8,1093093,14,,1,0,,,,1.0,
616,7301,1,20463.0,1093093,21,,1,0,,,,1.0,
617,7306,1,12924.0,1093093,9,,3,0,,,,0.0,
618,7301,1,21540.0,1093093,7,,1,0,,,,1.0,
619,7310,1,26386.5,1093093,19,,1,0,,,,1.0,
620,7316,1,0.0,1093093,24,,3,0,,,,0.0,
621,7315,1,969.3,1093093,14,,2,0,,,,1.0,
622,7303,1,23694.0,1093093,1,,3,0,,,,1.0,
623,7319,1,0.0,1093093,17,,3,0,,,,0.0,
624,7313,1,0.0,1093093,15,,3,0,,,,0.0,
625,7311,1,15616.5,1093093,5,,3,0,,,,0.0,
626,7312,1,23370.899999999998,1093093,23,,1,0,,,,1.0,
627,7316,1,7539.0,1093093,22,,3,0,,,,0.0,
628,7320,1,0.0,1093093,2,,3,0,,,,0.0,
629,7316,1,21001.5,1093093,9,,1,0,,,,1.0,
630,7319,1,24232.5,1093093,14,,3,0,,,,0.0,
631,7312,1,20463.0,1093093,20,,1,0,,,,1.0,
632,7316,1,0.0,1093093,16,,3,0,,,,0.0,
633,7315,1,3231.0,1093093,6,,2,0,,,,0.0,
634,7317,1,0.0,1093093,16,,2,0,,,,0.0,
635,7303,1,12385.5,1093093,2,,3,0,,,,0.0,
636,7316,1,23263.2,1093093,10,,1,0,,,,1.0,
637,7317,1,0.0,1093093,10,,2,0,,,,0.0,
638,7301,1,62142.899999999994,1093093,19,,1,0,,,,1.0,
639,7319,1,0.0,1093093,13,,3,0,,,,0.0,
640,7313,1,0.0,1093093,7,,3,0,,,,0.0,
641,7301,1,18309.0,1093093,10,,1,0,,,,1.0,
642,7307,1,301.56,1093093,3,,3,0,,,,0.0,
643,7316,1,22617.0,1093093,17,,1,0,,,,1.0,
644,7321,1,29079.0,1093093,45,,1,0,,,,1.0,
645,7305,1,6462.0,1093093,3,,3,0,,,,0.0,
646,7304,1,16155.0,1093093,1,,3,0,,,,0.0,
647,7301,1,17232.0,1093093,7,,1,0,,,,1.0,
648,7310,1,5385.0,1093093,13,,3,0,,,,0.0,
649,7310,1,19386.0,1093093,23,,1,0,,,,1.0,
650,7309,1,20678.399999999998,1093093,18,,3,0,,,,0.0,
651,7315,1,969.3,1093093,14,,2,0,,,,1.0,
652,7319,1,0.0,1093093,1,,3,0,,,,0.0,
653,7301,1,19386.0,1093093,12,,1,0,,,,1.0,
654,7313,1,12924.0,1093093,6,,3,0,,,,0.0,
655,7301,1,24771.0,1093093,19,,1,0,,,,1.0,
656,7313,1,0.0,1093093,14,,3,0,,,,0.0,
657,7316,1,21540.0,1093093,17,,3,0,,,,0.0,
658,7313,1,0.0,1093093,5,,3,0,,,,0.0,
659,7303,1,0.0,1093093,3,,3,0,,,,0.0,
660,7301,1,20463.0,1093093,13,,1,0,,,,1.0,
661,7319,1,0.0,1093093,5,,3,0,,,,0.0,
662,7307,1,12924.0,1093093,16,,3,0,,,,0.0,
663,7306,1,13354.8,1093093,7,,3,0,,,,1.0,
664,7301,1,18309.0,1093093,8,,1,0,,,,1.0,
665,7316,1,61389.0,1093093,15,,1,0,,,,1.0,
666,7307,1,36187.2,1093093,19,,3,0,,,,0.0,
667,7315,1,0.0,1093093,1,,3,0,,,,0.0,
668,7310,1,16047.3,1093093,12,,1,0,,,,1.0,
669,7302,1,0.0,1093093,5,,3,0,,,,0.0,
670,7316,1,0.0,1093093,3,,3,0,,,,0.0,
671,7322,1,0.0,1093093,2,,3,0,,,,0.0,
672,7315,1,0.0,1093093,7,,2,0,,,,0.0,
673,7316,1,23694.0,1093093,10,,1,0,,,,1.0,
674,7301,1,24447.899999999998,1093093,17,,1,0,,,,1.0,
675,7310,1,4523.4,1093093,11,,1,0,,,,1.0,
676,7316,1,0.0,1093093,16,,3,0,,,,0.0,
677,7321,1,10339.199999999999,1093093,5,,3,0,,,,0.0,
678,7321,1,0.0,1093093,3,,3,0,,,,0.0,
679,7310,1,19386.0,1093093,21,,1,0,,,,1.0,
680,7319,1,0.0,1093093,2,,3,0,,,,0.0,
681,7319,1,0.0,1093093,9,,3,0,,,,0.0,
682,7311,1,7754.4,1093093,8,,3,0,,,,0.0,
683,7320,1,0.0,1093093,28,,3,0,,,,0.0,
684,7310,1,0.0,1093093,13,,3,0,,,,0.0,
685,7321,1,0.0,1093093,3,,3,0,,,,0.0,
686,7322,1,12924.0,1093093,1,,3,0,,,,0.0,
687,7302,1,27248.1,1093093,16,,3,0,,,,0.0,
688,7314,1,19816.8,1093093,3,,3,0,,,,0.0,
689,7315,1,23694.0,1093093,16,,3,0,,,,1.0,
690,7301,1,20463.0,1093093,24,,1,0,,,,1.0,
691,7316,1,26494.2,1093093,12,,1,0,,,,1.0,
692,7318,1,581.5799999999999,1093093,11,,3,0,,,,1.0,
693,7315,1,6677.4,1093093,8,,2,0,,,,0.0,
694,7319,1,43403.1,1093093,14,,3,0,,,,0.0,
695,7315,1,0.0,1093093,19,,2,0,,,,0.0,
696,7315,1,0.0,1093093,20,,2,0,,,,0.0,
697,7306,1,5385.0,1093093,4,,3,0,,,,0.0,
698,7310,1,19386.0,1093093,14,,1,0,,,,1.0,
699,7322,1,0.0,1093093,5,,3,0,,,,0.0,
700,7319,1,0.0,1093093,13,,3,0,,,,0.0,
701,7317,1,2692.5,1093093,17,,2,0,,,,0.0,
702,7320,1,3015.6,1093093,4,,3,0,,,,1.0,
703,7316,1,0.0,1093093,5,,3,0,,,,0.0,
704,7321,1,25848.0,1093093,17,,1,0,,,,1.0,
705,7320,1,15831.9,1093093,6,,3,0,,,,0.0,
706,7321,1,10770.0,1093093,18,,1,0,,,,1.0,
707,7316,1,32310.0,1093093,9,,1,0,,,,1.0,
708,7314,1,15616.5,1093093,11,,3,0,,,,0.0,
709,7302,1,0.0,1093093,14,,3,0,,,,0.0,
710,7305,1,12924.0,1093093,12,,2,0,,,,0.0,
711,7308,1,10770.0,1093093,4,,3,0,,,,0.0,
712,7321,1,10770.0,1093093,5,,3,0,,,,0.0,
713,7304,1,0.0,1093093,3,,3,0,,,,0.0,
714,7317,1,14754.9,1093093,3,,3,0,,,,0.0,
715,7316,1,0.0,1093093,13,,3,0,,,,0.0,
716,7314,1,20678.399999999998,1093093,3,,3,0,,,,0.0,
717,7317,1,4308.0,1093093,10,,2,0,,,,0.0,
718,7317,1,3984.8999999999996,1093093,16,,2,0,,,,0.0,
719,7321,1,28002.0,1093093,20,,1,0,,,,1.0,
720,7303,1,16908.899999999998,1093093,12,,3,0,,,,0.0,
721,7309,1,4200.3,1093093,5,,3,0,,,,0.0,
722,7319,1,0.0,1093093,12,,3,0,,,,0.0,
723,7316,1,60312.0,1093093,11,,1,0,,,,1.0,
724,7314,1,16155.0,1093093,2,,3,0,,,,1.0,
725,7310,1,86160.0,1093093,2,,3,0,,,,1.0,
726,7310,1,21540.0,1093093,16,,1,0,,,,1.0,
727,7310,1,13570.199999999999,1093093,2,,2,0,,,,0.0,
728,7322,1,0.0,1093093,5,,3,0,,,,0.0,
729,7305,1,18739.8,1093093,2,,3,0,,,,0.0,
730,7306,1,12924.0,1093093,2,,3,0,,,,0.0,
731,7316,1,43080.0,1093093,20,,1,0,,,,1.0,
732,7301,1,20139.899999999998,1093093,13,,1,0,,,,1.0,
733,7301,1,25848.0,1093093,17,,1,0,,,,1.0,
734,7321,1,10770.0,1093093,17,,1,0,,,,1.0,
735,7319,1,23694.0,1093093,5,,3,0,,,,0.0,
736,7308,1,7539.0,1093093,4,,3,0,,,,0.0,
737,7322,1,0.0,1093093,2,,3,0,,,,0.0,
738,7301,1,22617.0,1093093,6,,1,0,,,,1.0,
739,7313,1,16962.75,1093093,50,,3,0,,,,0.0,
740,7321,1,26386.5,1093093,15,,1,0,,,,1.0,
741,7321,1,0.0,1093093,3,,3,0,,,,0.0,
742,7301,1,17232.0,1093093,6,,1,0,,,,1.0,
743,7316,1,17232.0,1093093,19,,1,0,,,,1.0,
744,7310,1,14970.3,1093093,13,,1,0,,,,1.0,
745,7317,1,323.09999999999997,1093093,10,,2,0,,,,0.0,
746,7304,1,16155.0,1093093,1,,3,0,,,,0.0,
747,7307,1,15078.0,1093093,6,,3,0,,,,0.0,
748,7313,1,53850.0,1093093,1,,3,0,,,,1.0,
749,7319,1,30156.0,1093093,3,,2,0,,,,0.0,
750,7313,1,4803.42,1093093,30,,3,0,,,,0.0,
751,7313,1,0.0,1093093,16,,3,0,,,,0.0,
752,7303,1,16155.0,1093093,2,,3,0,,,,0.0,
753,7302,1,16155.0,1093093,3,,3,0,,,,0.0,
754,7301,1,13785.599999999999,1093093,15,,3,0,,,,0.0,
755,7310,1,16155.0,1093093,15,,2,0,,,,0.0,
756,7302,1,1292.3999999999999,1093093,3,,3,0,,,,0.0,
757,7315,1,484.65,1093093,5,,2,0,,,,0.0,
758,7317,1,14001.0,1093093,1,,3,0,,,,0.0,
759,7301,1,62142.899999999994,1093093,5,,1,0,,,,1.0,
760,7315,1,0.0,1093093,8,,2,0,,,,0.0,
761,7310,1,0.0,1093093,7,,3,0,,,,0.0,
762,7319,1,15078.0,1093093,7,,3,0,,,,1.0,
763,7308,1,0.0,1093093,2,,3,0,,,,0.0,
764,7317,1,9154.5,1093093,14,,2,0,,,,0.0,
765,7322,1,0.0,1093093,15,,3,0,,,,0.0,
766,7316,1,41464.5,1093093,9,,1,0,,,,1.0,
767,7305,1,19386.0,1093093,13,,2,0,,,,0.0,
768,7319,1,0.0,1093093,14,,3,0,,,,0.0,
769,7310,1,0.0,1093093,2,,3,0,,,,0.0,
770,7306,1,18739.8,1093093,17,,3,0,,,,0.0,
771,7312,1,0.0,1093093,6,,3,0,,,,0.0,
772,7321,1,23694.0,1093093,15,,1,0,,,,1.0,
773,7302,1,0.0,1093093,2,,3,0,,,,0.0,
774,7321,1,16155.0,1093093,19,,1,0,,,,1.0,
775,7310,1,9154.5,1093093,15,,2,0,,,,0.0,
776,7310,1,0.0,1093093,1,,3,0,,,,0.0,
777,7320,1,4308.0,1093093,17,,3,0,,,,0.0,
778,7316,1,26494.2,1093093,12,,1,0,,,,1.0,
779,7310,1,3231.0,1093093,17,,2,0,,,,1.0,
780,7306,1,0.0,1093093,8,,3,0,,,,0.0,
781,7321,1,45557.1,1093093,6,,3,0,,,,0.0,
782,7301,1,23694.0,1093093,15,,1,0,,,,1.0,
783,7301,1,21540.0,1093093,3,,3,0,,,,0.0,
784,7315,1,15078.0,1093093,12,,3,0,,,,0.0,
785,7310,1,21216.899999999998,1093093,23,,1,0,,,,1.0,
786,7317,1,0.0,1093093,25,,2,0,,,,0.0,
787,7316,1,129993.9,1093093,8,,1,0,,,,1.0,
788,7322,1,0.0,1093093,2,,3,0,,,,0.0,
789,7310,1,1292.3999999999999,1093093,8,,2,0,,,,1.0,
790,7301,1,25848.0,1093093,16,,1,0,,,,1.0,
791,7301,1,23694.0,1093093,7,,1,0,,,,1.0,
792,7312,1,32310.0,1093093,3,,1,0,,,,1.0,
793,7307,1,7754.4,1093093,3,,3,0,,,,0.0,
794,7305,1,9693.0,1093093,12,,3,0,,,,0.0,
795,7301,1,20139.899999999998,1093093,13,,1,0,,,,1.0,
796,7316,1,0.0,1093093,7,,3,0,,,,0.0,
797,7313,1,38018.1,1093093,20,,3,0,,,,0.0,
798,7312,1,19709.1,1093093,2,,1,0,,,,1.0,
799,7313,1,753.9,1093093,15,,2,0,,,,0.0,
800,7310,1,0.0,1093093,50,,2,0,,,,0.0,
801,7314,1,12924.0,1093093,2,,3,0,,,,0.0,
802,7310,1,34464.0,1093093,69,,2,0,,,,1.0,
803,7309,1,10339.199999999999,1093093,14,,3,0,,,,0.0,
804,7316,1,53419.2,1093093,11,,3,0,,,,0.0,
805,7301,1,24771.0,1093093,19,,1,0,,,,1.0,
806,7301,1,15508.8,1093093,6,,1,0,,,,1.0,
807,7301,1,20463.0,1093093,17,,1,0,,,,1.0,
808,7310,1,25848.0,1093093,3,,1,0,,,,1.0,
809,7321,1,19386.0,1093093,17,,1,0,,,,1.0,
810,7320,1,0.0,1093093,20,,3,0,,,,0.0,
811,7320,1,11631.6,1093093,2,,3,0,,,,0.0,
812,7317,1,0.0,1093093,4,,3,0,,,,0.0,
813,7310,1,1292.3999999999999,1093093,13,,3,0,,,,0.0,
814,7310,1,3984.8999999999996,1093093,18,,2,0,,,,0.0,
815,7322,1,0.0,1093093,13,,3,0,,,,0.0,
816,7317,1,17339.7,1093093,3,,3,0,,,,0.0,
817,7301,1,51696.0,1093093,3,,3,0,,,,0.0,
818,7301,1,25848.0,1093093,18,,1,0,,,,1.0,
819,7303,1,21540.0,1093093,4,,3,0,,,,0.0,
820,7303,1,0.0,1093093,3,,3,0,,,,0.0,
821,7316,1,43080.0,1093093,16,,1,0,,,,1.0,
822,7321,1,25848.0,1093093,44,,1,0,,,,1.0,
823,7310,1,52773.0,1093093,13,,1,0,,,,1.0,
824,7310,1,2154.0,1093093,19,,2,0,,,,0.0,
825,7306,1,12493.199999999999,1093093,9,,3,0,,,,0.0,
826,7316,1,25848.0,1093093,4,,1,0,,,,1.0,
827,7319,1,0.0,1093093,3,,3,0,,,,0.0,
828,7312,1,24232.5,1093093,3,,1,0,,,,1.0,
829,7310,1,122778.0,1093093,59,,1,0,,,,1.0,
830,7303,1,18309.0,1093093,4,,3,0,,,,0.0,
831,7301,1,24771.0,1093093,22,,1,0,,,,1.0,
832,7310,1,9800.699999999999,1093093,15,,2,0,,,,0.0,
833,7310,1,8185.2,1093093,3,,2,0,,,,0.0,
834,7322,1,0.0,1093093,15,,3,0,,,,0.0,
835,7318,1,1292.3999999999999,1093093,25,,3,0,,,,0.0,
836,7321,1,19816.8,1093093,15,,3,0,,,,0.0,
837,7301,1,26925.0,1093093,8,,1,0,,,,1.0,
838,7322,1,0.0,1093093,3,,3,0,,,,0.0,
839,7310,1,6677.4,1093093,16,,2,0,,,,0.0,
840,7316,1,24986.399999999998,1093093,10,,1,0,,,,1.0,
841,7310,1,16155.0,1093093,23,,1,0,,,,1.0,
842,7310,1,19924.5,1093093,12,,1,0,,,,1.0,
843,7303,1,17232.0,1093093,4,,3,0,,,,0.0,
844,7312,1,21540.0,1093093,1,,1,0,,,,1.0,
845,7304,1,12924.0,1093093,1,,3,0,,,,0.0,
846,7301,1,25848.0,1093093,20,,1,0,,,,1.0,
847,7314,1,0.0,1093093,1,,3,0,,,,0.0,
848,7306,1,11631.6,1093093,21,,3,0,,,,0.0,
849,7301,1,20463.0,1093093,14,,1,0,,,,1.0,
850,7318,1,15724.199999999999,1093093,14,,3,0,,,,0.0,
851,7310,1,16155.0,1093093,2,,3,0,,,,1.0,
852,7316,1,0.0,1093093,14,,3,0,,,,0.0,
853,7318,1,0.0,1093093,3,,3,0,,,,0.0,
854,7303,1,4954.2,1093093,21,,3,0,,,,0.0,
855,7315,1,23478.6,1093093,2,,3,0,,,,0.0,
856,7301,1,51372.9,1093093,15,,1,0,,,,1.0,
857,7322,1,0.0,1093093,5,,3,0,,,,0.0,
858,7310,1,26386.5,1093093,10,,1,0,,,,1.0,
859,7301,1,16155.0,1093093,17,,1,0,,,,1.0,
860,7310,1,5385.0,1093093,14,,2,0,,,,1.0,
861,7321,1,25848.0,1093093,16,,1,0,,,,1.0,
862,7316,1,4308.0,1093093,11,,3,0,,,,0.0,
863,7304,1,0.0,1093093,1,,3,0,,,,0.0,
864,7315,1,16155.0,1093093,12,,2,0,,,,0.0,
865,7310,1,20678.399999999998,1093093,4,,1,0,,,,1.0,
866,7316,1,25848.0,1093093,9,,1,0,,,,1.0,
867,7316,1,19386.0,1093093,1,,3,0,,,,0.0,
868,7301,1,24771.0,1093093,13,,1,0,,,,1.0,
869,7316,1,12924.0,1093093,20,,3,0,,,,0.0,
870,7313,1,0.0,1093093,2,,3,0,,,,0.0,
871,7312,1,1400.1,1093093,11,,1,0,,,,1.0,
872,7301,1,43080.0,1093093,17,,1,0,,,,1.0,
873,7310,1,21540.0,1093093,8,,1,0,,,,1.0,
874,7315,1,14647.199999999999,1093093,3,,3,0,,,,0.0,
875,7319,1,0.0,1093093,15,,3,0,,,,0.0,
876,7317,1,0.0,1093093,12,,2,0,,,,0.0,
877,7301,1,13354.8,1093093,14,,1,0,,,,1.0,
878,7316,1,301.56,1093093,13,,3,0,,,,0.0,
879,7303,1,0.0,1093093,13,,3,0,,,,0.0,
880,7319,1,15078.0,1093093,4,,3,0,,,,0.0,
881,7310,1,11631.6,1093093,13,,3,0,,,,0.0,
882,7316,1,4308.0,1093093,11,,3,0,,,,0.0,
883,7315,1,538.5,1093093,16,,2,0,,,,0.0,
884,7319,1,24232.5,1093093,4,,3,0,,,,0.0,
885,7316,1,8831.4,1093093,24,,3,0,,,,0.0,
886,7315,1,6677.4,1093093,16,,2,0,,,,0.0,
887,7314,1,12493.199999999999,1093093,15,,3,0,,,,0.0,
888,7310,1,19386.0,1093093,20,,1,0,,,,1.0,
889,7321,1,16155.0,1093093,17,,3,0,,,,0.0,
890,7316,1,25848.0,1093093,11,,1,0,,,,1.0,
891,7322,1,0.0,1093093,2,,3,0,,,,0.0,
892,7301,1,25848.0,1093093,20,,1,0,,,,1.0,
893,7320,1,0.0,1093093,1,,3,0,,,,0.0,
894,7303,1,12924.0,1093093,1,,3,0,,,,1.0,
895,7307,1,38772.0,1093093,13,,3,0,,,,0.0,
896,7306,1,48465.0,1093093,27,,3,0,,,,1.0,
897,7316,1,4308.0,1093093,16,,3,0,,,,0.0,
898,7301,1,23694.0,1093093,14,,1,0,,,,1.0,
899,7303,1,0.0,1093093,13,,3,0,,,,0.0,
900,7316,1,0.0,1093093,3,,3,0,,,,0.0,
901,7310,1,28540.5,1093093,10,,1,0,,,,1.0,
902,7314,1,20678.399999999998,1093093,3,,3,0,,,,0.0,
903,7317,1,53850.0,1093093,4,,3,0,,,,1.0,
904,7312,1,20893.8,1093093,3,,1,0,,,,1.0,
905,7303,1,1292.3999999999999,1093093,7,,2,0,,,,1.0,
906,7302,1,10339.199999999999,1093093,20,,3,0,,,,0.0,
907,7316,1,0.0,1093093,13,,3,0,,,,0.0,
908,7321,1,21324.6,1093093,1,,3,0,,,,1.0,
909,7305,1,16155.0,1093093,13,,2,0,,,,0.0,
910,7310,1,6462.0,1093093,13,,3,0,,,,1.0,
911,7301,1,24771.0,1093093,23,,1,0,,,,1.0,
912,7322,1,7323.599999999999,1093093,2,,3,0,,,,0.0,
913,7317,1,6031.2,1093093,15,,2,0,,,,0.0,
914,7306,1,6462.0,1093093,5,,3,0,,,,0.0,
915,7317,1,0.0,1093093,18,,2,0,,,,0.0,
916,7316,1,0.0,1093093,10,,3,0,,,,0.0,
917,7313,1,0.0,1093093,13,,3,0,,,,0.0,
918,7301,1,21540.0,1093093,10,,1,0,,,,1.0,
919,7322,1,0.0,1093093,2,,3,0,,,,0.0,
920,7304,1,6462.0,1093093,4,,3,0,,,,0.0,
921,7310,1,4308.0,1093093,7,,1,0,,,,1.0,
922,7319,1,32310.0,1093093,4,,3,0,,,,0.0,
923,7316,1,19386.0,1093093,8,,1,0,,,,1.0,
924,7313,1,10339.199999999999,1093093,8,,3,0,,,,0.0,
925,7317,1,15831.9,1093093,4,,3,0,,,,0.0,
926,7321,1,47388.0,1093093,12,,1,0,,,,1.0,
927,7319,1,32740.8,1093093,14,,3,0,,,,0.0,
928,7302,1,0.0,1093093,5,,3,0,,,,0.0,
929,7315,1,,1093093,6,,3,0,,,,0.0,
930,7301,1,23370.899999999998,1093093,14,,1,0,,,,1.0,
931,7310,1,0.0,1093093,8,,2,0,,,,0.0,
932,7307,1,16693.5,1093093,13,,3,0,,,,0.0,
933,7317,1,0.0,1093093,3,,3,0,,,,0.0,
934,7301,1,19386.0,1093093,14,,1,0,,,,1.0,
935,7317,1,3231.0,1093093,18,,2,0,,,,1.0,
936,7316,1,14862.599999999999,1093093,3,,3,0,,,,0.0,
937,7319,1,34464.0,1093093,2,,3,0,,,,0.0,
938,7301,1,0.0,1093093,8,,2,0,,,,0.0,
939,7301,1,16155.0,1093093,21,,1,0,,,,1.0,
940,7308,1,6462.0,1093093,22,,3,0,,,,0.0,
941,7319,1,16155.0,1093093,1,,3,0,,,,0.0,
942,7322,1,0.0,1093093,7,,3,0,,,,0.0,
943,7321,1,16155.0,1093093,2,,3,0,,,,1.0,
944,7318,1,15831.9,1093093,8,,3,0,,,,0.0,
945,7312,1,12924.0,1093093,17,,3,0,,,,0.0,
946,7301,1,25524.899999999998,1093093,12,,1,0,,,,1.0,
947,7313,1,2477.1,1093093,15,,3,0,,,,0.0,
948,7306,1,4308.0,1093093,9,,3,0,,,,0.0,
949,7301,1,19386.0,1093093,10,,1,0,,,,1.0,
950,7303,1,16155.0,1093093,4,,3,0,,,,0.0,
951,7319,1,0.0,1093093,1,,3,0,,,,0.0,
952,7322,1,0.0,1093093,6,,3,0,,,,0.0,
953,7301,1,21540.0,1093093,14,,1,0,,,,1.0,
954,7310,1,0.0,1093093,1,,3,0,,,,0.0,
955,7315,1,0.0,1093093,14,,2,0,,,,0.0,
956,7319,1,12924.0,1093093,11,,3,0,,,,0.0,
957,7318,1,12924.0,1093093,2,,3,0,,,,0.0,
958,7316,1,0.0,1093093,16,,3,0,,,,0.0,
959,7301,1,20463.0,1093093,13,,1,0,,,,1.0,
960,7316,1,25848.0,1093093,74,,1,0,,,,1.0,
961,7322,1,0.0,1093093,6,,3,0,,,,0.0,
962,7316,1,6785.099999999999,1093093,23,,3,0,,,,0.0,
963,7310,1,19386.0,1093093,16,,1,0,,,,1.0,
964,7319,1,0.0,1093093,1,,3,0,,,,0.0,
965,7315,1,15078.0,1093093,2,,3,0,,,,0.0,
966,7310,1,16155.0,1093093,20,,1,0,,,,1.0,
967,7319,1,12924.0,1093093,5,,3,0,,,,0.0,
968,7301,1,19924.5,1093093,15,,1,0,,,,1.0,
969,7303,1,17232.0,1093093,16,,3,0,,,,0.0,
970,7316,1,23263.2,1093093,12,,1,0,,,,1.0,
971,7312,1,29079.0,1093093,2,,1,0,,,,1.0,
972,7316,1,53850.0,1093093,12,,1,0,,,,1.0,
973,7310,1,2477.1,1093093,12,,1,0,,,,1.0,
974,7308,1,0.0,1093093,4,,3,0,,,,0.0,
975,7316,1,25848.0,1093093,11,,1,0,,,,1.0,
976,7317,1,-2477.1,1093093,4,,3,0,,,,0.0,
977,7313,1,16155.0,1093093,18,,2,0,,,,0.0,
978,7319,1,0.0,1093093,18,,3,0,,,,0.0,
979,7322,1,0.0,1093093,1,,3,0,,,,0.0,
980,7314,1,18093.6,1093093,12,,3,0,,,,0.0,
981,7320,1,27248.1,1093093,6,,3,0,,,,0.0,
982,7301,1,32310.0,1093093,21,,1,0,,,,1.0,
983,7314,1,0.0,1093093,4,,3,0,,,,0.0,
984,7314,1,22617.0,1093093,5,,3,0,,,,1.0,
985,7317,1,0.0,1093093,14,,2,0,,,,0.0,
986,7301,1,19386.0,1093093,19,,1,0,,,,1.0,
987,7315,1,16155.0,1093093,5,,3,0,,,,0.0,
988,7310,1,646.1999999999999,1093093,9,,1,0,,,,1.0,
989,7303,1,0.0,1093093,13,,3,0,,,,0.0,
990,7321,1,12924.0,1093093,2,,3,0,,,,0.0,
991,7315,1,5815.8,1093093,1,,3,0,,,,0.0,
992,7313,1,13893.3,1093093,9,,3,0,,,,0.0,
993,7310,1,0.0,1093093,2,,3,0,,,,0.0,
994,7313,1,5385.0,1093093,25,,3,0,,,,0.0,
995,7301,1,24771.0,1093093,22,,1,0,,,,1.0,
996,7310,1,0.0,1093093,8,,2,0,,,,0.0,
997,7316,1,25848.0,1093093,8,,1,0,,,,1.0,
998,7301,1,28002.0,1093093,7,,1,0,,,,1.0,
999,7316,1,0.0,1093093,29,,3,0,,,,0.0,
1000,7315,1,0.0,1093093,16,,2,0,,,,0.0,
1001,7305,1,16155.0,1093093,2,,3,0,,,,0.0,
1002,7321,1,0.0,1093093,3,,3,0,,,,0.0,
1003,7309,1,18739.8,1093093,6,,3,0,,,,0.0,
1004,7312,1,15078.0,1093093,18,,1,0,,,,1.0,
1005,7313,1,15724.199999999999,1093093,5,,3,0,,,,0.0,
1006,7310,1,8831.4,1093093,1,,3,0,,,,0.0,
1007,7301,1,16693.5,1093093,16,,1,0,,,,1.0,
1008,7316,1,0.0,1093093,17,,3,0,,,,0.0,
1009,7316,1,19386.0,1093093,8,,1,0,,,,1.0,
1010,7321,1,17232.0,1093093,12,,1,0,,,,1.0,
1011,7316,1,7323.599999999999,1093093,4,,3,0,,,,0.0,
1012,7313,1,12493.199999999999,1093093,7,,3,0,,,,0.0,
1013,7317,1,1292.3999999999999,1093093,15,,2,0,,,,0.0,
1014,7303,1,21540.0,1093093,5,,3,0,,,,0.0,
1015,7314,1,0.0,1093093,13,,3,0,,,,0.0,
1016,7308,1,12493.199999999999,1093093,4,,3,0,,,,0.0,
1017,7301,1,26925.0,1093093,4,,1,0,,,,1.0,
1018,7301,1,19386.0,1093093,7,,1,0,,,,1.0,
1019,7301,1,22617.0,1093093,14,,1,0,,,,1.0,
1020,7316,1,21540.0,1093093,8,,1,0,,,,1.0,
1021,7305,1,0.0,1093093,13,,2,0,,,,0.0,
1022,7319,1,8616.0,1093093,12,,3,0,,,,0.0,
1023,7321,1,39849.0,1093093,11,,1,0,,,,1.0,
1024,7317,1,7539.0,1093093,3,,3,0,,,,0.0,
1025,7301,1,20463.0,1093093,8,,1,0,,,,1.0,
1026,7301,1,25848.0,1093093,6,,1,0,,,,1.0,
1027,7312,1,9693.0,1093093,9,,3,0,,,,0.0,
1028,7319,1,0.0,1093093,4,,3,0,,,,0.0,
1029,7303,1,17232.0,1093093,13,,3,0,,,,0.0,
1030,7321,1,12924.0,1093093,23,,1,0,,,,1.0,
1031,7319,1,0.0,1093093,3,,3,0,,,,0.0,
1032,7313,1,0.0,1093093,14,,3,0,,,,0.0,
1033,7315,1,0.0,1093093,6,,2,0,,,,0.0,
1034,7313,1,0.0,1093093,7,,3,0,,,,0.0,
1035,7312,1,5385.0,1093093,16,,1,0,,,,1.0,
1036,7317,1,48465.0,1093093,3,,3,0,,,,1.0,
1037,7321,1,8831.4,1093093,4,,3,0,,,,0.0,
1038,7310,1,32310.0,1093093,8,,1,0,,,,1.0,
1039,7317,1,22617.0,1093093,5,,3,0,,,,1.0,
1040,7308,1,25848.0,1093093,12,,3,0,,,,0.0,
1041,7303,1,6462.0,1093093,2,,2,0,,,,0.0,
1042,7315,1,14001.0,1093093,14,,3,0,,,,0.0,
1043,7313,1,107.69999999999999,1093093,14,,2,0,,,,0.0,
1044,7301,1,49542.0,1093093,17,,1,0,,,,1.0,
1045,7320,1,17232.0,1093093,16,,3,0,,,,0.0,
1046,7313,1,25740.3,1093093,11,,3,0,,,,0.0,
1047,7312,1,19816.8,1093093,14,,3,0,,,,0.0,
1048,7319,1,0.0,1093093,5,,3,0,,,,0.0,
1049,7316,1,5385.0,1093093,11,,3,0,,,,0.0,
1050,7310,1,0.0,1093093,1,,3,0,,,,0.0,
1051,7319,1,7539.0,1093093,14,,3,0,,,,0.0,
1052,7319,1,3231.0,1093093,13,,3,0,,,,0.0,
1053,7316,1,4954.2,1093093,27,,3,0,,,,0.0,
1054,7310,1,3554.1,1093093,7,,2,0,,,,0.0,
1055,7310,1,38772.0,1093093,16,,1,0,,,,1.0,
1056,7310,1,7539.0,1093093,23,,1,0,,,,1.0,
1057,7301,1,4308.0,1093093,19,,1,0,,,,1.0,
1058,7316,1,12924.0,1093093,26,,3,0,,,,0.0,
1059,7303,1,0.0,1093093,15,,3,0,,,,0.0,
1060,7310,1,31233.0,1093093,12,,1,0,,,,1.0,
1061,7304,1,16155.0,1093093,1,,3,0,,,,0.0,
1062,7310,1,19386.0,1093093,58,,1,0,,,,1.0,
1063,7322,1,0.0,1093093,6,,2,0,,,,0.0,
1064,7321,1,22186.2,1093093,15,,1,0,,,,1.0,
1065,7315,1,12924.0,1093093,16,,2,0,,,,1.0,
1066,7322,1,8616.0,1093093,34,,3,0,,,,0.0,
1067,7309,1,11631.6,1093093,5,,3,0,,,,0.0,
1068,7321,1,0.0,1093093,4,,3,0,,,,0.0,
1069,7315,1,1938.6,1093093,15,,2,0,,,,0.0,
1070,7301,1,1184.7,1093093,7,,1,0,,,,1.0,
1071,7319,1,0.0,1093093,12,,3,0,,,,0.0,
1072,7317,1,0.0,1093093,10,,2,0,,,,0.0,
1073,7303,1,0.0,1093093,15,,3,0,,,,0.0,
1074,7301,1,0.0,1093093,3,,3,0,,,,0.0,
1075,7312,1,25848.0,1093093,11,,1,0,,,,1.0,
1076,7315,1,10.77,1093093,10,,3,0,,,,0.0,
1077,7301,1,25848.0,1093093,20,,1,0,,,,1.0,
1078,7322,1,0.0,1093093,4,,3,0,,,,0.0,
1079,7316,1,0.0,1093093,1,,2,0,,,,0.0,
1080,7319,1,45557.1,1093093,2,,3,0,,,,0.0,
1081,7301,1,19601.399999999998,1093093,15,,1,0,,,,1.0,
1082,7301,1,20463.0,1093093,12,,1,0,,,,1.0,
1083,7316,1,29079.0,1093093,1,,3,0,,,,0.0,
1084,7301,1,10554.6,1093093,4,,3,0,,,,0.0,
1085,7316,1,581.5799999999999,1093093,5,,3,0,,,,1.0,
1086,7310,1,88314.0,1093093,15,,1,0,,,,1.0,
1087,7306,1,3015.6,1093093,4,,3,0,,,,1.0,
1088,7315,1,12924.0,1093093,14,,3,0,,,,0.0,
1089,7301,1,23694.0,1093093,5,,1,0,,,,1.0,
1090,7315,1,9154.5,1093093,18,,2,0,,,,0.0,
1091,7317,1,18093.6,1093093,3,,3,0,,,,0.0,
1092,7320,1,0.0,1093093,1,,3,0,,,,0.0,
1093,7310,1,969.3,1093093,15,,1,0,,,,1.0,
1094,7322,1,0.0,1093093,3,,3,0,,,,0.0,
1095,7305,1,12924.0,1093093,12,,2,0,,,,1.0,
1096,7313,1,38018.1,1093093,6,,3,0,,,,0.0,
1097,7310,1,5385.0,1093093,15,,2,0,,,,1.0,
1098,7317,1,13677.9,1093093,29,,2,0,,,,1.0,
1099,7310,1,0.0,1093093,18,,2,0,,,,0.0,
1100,7317,1,17232.0,1093093,16,,2,0,,,,0.0,
1101,7301,1,20463.0,1093093,8,,1,0,,,,1.0,
1102,7305,1,0.0,1093093,8,,3,0,,,,0.0,
1103,7315,1,2692.5,1093093,11,,2,0,,,,0.0,
1104,7316,1,592.35,1093093,11,,3,0,,,,0.0,
1105,7315,1,0.0,1093093,7,,3,0,,,,0.0,
1106,7319,1,0.0,1093093,14,,3,0,,,,0.0,
1107,7312,1,21540.0,1093093,12,,1,0,,,,1.0,
1108,7306,1,6462.0,1093093,8,,3,0,,,,0.0,
1109,7322,1,0.0,1093093,2,,3,0,,,,0.0,
1110,7322,1,0.0,1093093,1,,3,0,,,,0.0,
1111,7314,1,0.0,1093093,11,,3,0,,,,0.0,
1112,7315,1,5385.0,1093093,7,,2,0,,,,1.0,
1113,7317,1,12924.0,1093093,5,,3,0,,,,0.0,
1114,7316,1,16155.0,1093093,18,,1,0,,,,1.0,
1115,7310,1,75390.0,1093093,69,,1,0,,,,1.0,
1116,7322,1,0.0,1093093,6,,3,0,,,,0.0,
1117,7313,1,0.0,1093093,16,,3,0,,,,0.0,
1118,7318,1,19386.0,1093093,24,,3,0,,,,1.0,
1119,7309,1,20678.399999999998,1093093,13,,3,0,,,,0.0,
1120,7319,1,19924.5,1093093,13,,3,0,,,,0.0,
1121,7312,1,20463.0,1093093,16,,1,0,,,,1.0,
1122,7315,1,0.0,1093093,5,,2,0,,,,0.0,
1123,7316,1,25848.0,1093093,11,,1,0,,,,1.0,
1124,7315,1,0.0,1093093,14,,2,0,,,,0.0,
1125,7306,1,25848.0,1093093,13,,3,0,,,,0.0,
1126,7322,1,0.0,1093093,6,,3,0,,,,0.0,
1127,7313,1,0.0,1093093,8,,3,0,,,,0.0,
1128,7319,1,0.0,1093093,14,,3,0,,,,0.0,
1129,7321,1,16155.0,1093093,13,,3,0,,,,0.0,
1130,7313,1,0.0,1093093,5,,3,0,,,,0.0,
1131,7316,1,19386.0,1093093,17,,3,0,,,,0.0,
1132,7301,1,20463.0,1093093,13,,1,0,,,,1.0,
1133,7315,1,9800.699999999999,1093093,5,,2,0,,,,0.0,
1134,7310,1,25848.0,1093093,4,,3,0,,,,0.0,
1135,7316,1,4308.0,1093093,13,,3,0,,,,0.0,
1136,7319,1,5923.5,1093093,3,,3,0,,,,0.0,
1137,7319,1,0.0,1093093,1,,3,0,,,,0.0,
1138,7310,1,17232.0,1093093,24,,1,0,,,,1.0,
1139,7310,1,21540.0,1093093,20,,1,0,,,,1.0,
1140,7317,1,0.0,1093093,2,,3,0,,,,0.0,
1141,7309,1,4954.2,1093093,1,,3,0,,,,0.0,
1142,7315,1,2154.0,1093093,4,,2,0,,,,0.0,
1143,7321,1,14001.0,1093093,2,,3,0,,,,0.0,
1144,7310,1,16908.899999999998,1093093,1,,3,0,,,,0.0,
1145,7310,1,0.0,1093093,12,,2,0,,,,0.0,
1146,7310,1,98007.0,1093093,59,,1,0,,,,1.0,
1147,7313,1,17232.0,1093093,9,,3,0,,,,0.0,
1148,7303,1,19386.0,1093093,15,,3,0,,,,1.0,
1149,7315,1,0.0,1093093,3,,2,0,,,,0.0,
1150,7313,1,20678.399999999998,1093093,5,,3,0,,,,0.0,
1151,7309,1,7539.0,1093093,19,,3,0,,,,0.0,
1152,7301,1,23694.0,1093093,14,,1,0,,,,1.0,
1153,7301,1,23263.2,1093093,16,,1,0,,,,1.0,
1154,7310,1,19816.8,1093093,69,,1,0,,,,1.0,
1155,7312,1,70005.0,1093093,9,,3,0,,,,0.0,
1156,7320,1,12493.199999999999,1093093,13,,3,0,,,,0.0,
1157,7307,1,12924.0,1093093,9,,3,0,,,,0.0,
1158,7313,1,0.0,1093093,15,,3,0,,,,0.0,
1159,7305,1,17232.0,1093093,12,,2,0,,,,0.0,
1160,7310,1,38772.0,1093093,30,,3,0,,,,0.0,
1161,7319,1,0.0,1093093,16,,3,0,,,,0.0,
1162,7317,1,10770.0,1093093,18,,2,0,,,,0.0,
1163,7301,1,16155.0,1093093,19,,1,0,,,,1.0,
1164,7305,1,16155.0,1093093,13,,2,0,,,,0.0,
1165,7322,1,0.0,1093093,16,,3,0,,,,0.0,
1166,7315,1,0.0,1093093,3,,2,0,,,,0.0,
1167,7306,1,15724.199999999999,1093093,2,,3,0,,,,0.0,
1168,7313,1,25848.0,1093093,8,,3,0,,,,0.0,
1169,7310,1,19709.1,1093093,12,,1,0,,,,1.0,
1170,7304,1,0.0,1093093,8,,3,0,,,,0.0,
1171,7317,1,6138.9,1093093,14,,2,0,,,,1.0,
1172,7301,1,4200.3,1093093,13,,3,0,,,,0.0,
1173,7322,1,0.0,1093093,5,,3,0,,,,0.0,
1174,7317,1,9154.5,1093093,13,,2,0,,,,0.0,
1175,7315,1,3984.8999999999996,1093093,17,,2,0,,,,0.0,
1176,7316,1,0.0,1093093,4,,3,0,,,,0.0,
1177,7303,1,5385.0,1093093,52,,3,0,,,,0.0,
1178,7316,1,15724.199999999999,1093093,17,,3,0,,,,0.0,
1179,7315,1,538.5,1093093,8,,2,0,,,,0.0,
1180,7322,1,0.0,1093093,13,,3,0,,,,0.0,
1181,7301,1,38772.0,1093093,11,,1,0,,,,1.0,
1182,7310,1,969.3,1093093,14,,1,0,,,,1.0,
1183,7316,1,25848.0,1093093,9,,1,0,,,,1.0,
1184,7312,1,16693.5,1093093,3,,1,0,,,,1.0,
1185,7317,1,0.0,1093093,10,,2,0,,,,0.0,
1186,7310,1,26386.5,1093093,10,,1,0,,,,1.0,
1187,7301,1,35217.9,1093093,17,,1,0,,,,1.0,
1188,7310,1,19816.8,1093093,68,,1,0,,,,1.0,
1189,7314,1,20355.3,1093093,8,,3,0,,,,0.0,
1190,7315,1,0.0,1093093,17,,2,0,,,,0.0,
1191,7301,1,19386.0,1093093,11,,1,0,,,,1.0,
1192,7310,1,129993.9,1093093,69,,1,0,,,,1.0,
1193,7301,1,12600.9,1093093,7,,1,0,,,,1.0,
1194,7309,1,7334.37,1093093,5,,3,0,,,,0.0,
1195,7301,1,17232.0,1093093,10,,1,0,,,,1.0,
1196,7316,1,21540.0,1093093,10,,1,0,,,,1.0,
1197,7316,1,16155.0,1093093,9,,1,0,,,,1.0,
1198,7321,1,74636.09999999999,1093093,15,,3,0,,,,0.0,
1199,7301,1,21540.0,1093093,13,,1,0,,,,1.0,
1200,7313,1,34464.0,1093093,16,,3,0,,,,0.0,
1201,7315,1,6462.0,1093093,8,,2,0,,,,0.0,
1202,7306,1,4200.3,1093093,2,,3,0,,,,0.0,
1203,7322,1,0.0,1093093,5,,3,0,,,,0.0,
1204,7322,1,0.0,1093093,3,,3,0,,,,0.0,
1205,7301,1,22293.899999999998,1093093,24,,1,0,,,,1.0,
1206,7301,1,18309.0,1093093,12,,1,0,,,,1.0,
1207,7316,1,10554.6,1093093,3,,3,0,,,,0.0,
1208,7310,1,26925.0,1093093,14,,1,0,,,,1.0,
1209,7301,1,17985.899999999998,1093093,17,,1,0,,,,1.0,
1210,7313,1,15724.199999999999,1093093,14,,3,0,,,,0.0,
1211,7301,1,19386.0,1093093,2,,1,0,,,,1.0,
1212,7301,1,26925.0,1093093,13,,1,0,,,,1.0,
1213,7321,1,66774.0,1093093,12,,1,0,,,,1.0,
1214,7316,1,0.0,1093093,24,,3,0,,,,0.0,
1215,7313,1,34464.0,1093093,14,,3,0,,,,0.0,
1216,7301,1,20463.0,1093093,14,,1,0,,,,1.0,
1217,7303,1,10339.199999999999,1093093,5,,3,0,,,,0.0,
1218,7321,1,22617.0,1093093,22,,1,0,,,,1.0,
1219,7317,1,0.0,1093093,12,,2,0,,,,0.0,
1220,7322,1,0.0,1093093,13,,3,0,,,,0.0,
1221,7303,1,16155.0,1093093,18,,3,0,,,,0.0,
1222,7316,1,0.0,1093093,13,,3,0,,,,0.0,
1223,7310,1,14324.099999999999,1093093,19,,3,0,,,,0.0,
1224,7316,1,21970.8,1093093,10,,1,0,,,,1.0,
1225,7310,1,0.0,1093093,13,,2,0,,,,0.0,
1226,7301,1,7539.0,1093093,16,,1,0,,,,1.0,
1227,7312,1,17016.6,1093093,11,,1,0,,,,1.0,
1228,7322,1,0.0,1093093,2,,3,0,,,,0.0,
1229,7319,1,16155.0,1093093,5,,3,0,,,,0.0,
1230,7301,1,23370.899999999998,1093093,5,,1,0,,,,1.0,
1231,7301,1,12924.0,1093093,9,,1,0,,,,1.0,
1232,7310,1,19386.0,1093093,17,,1,0,,,,1.0,
1233,7315,1,1938.6,1093093,9,,2,0,,,,0.0,
1234,7301,1,21540.0,1093093,13,,1,0,,,,1.0,
1235,7315,1,753.9,1093093,15,,2,0,,,,0.0,
1236,7313,1,10339.199999999999,1093093,4,,3,0,,,,0.0,
1237,7315,1,592.35,1093093,16,,2,0,,,,0.0,
1238,7310,1,25848.0,1093093,15,,3,0,,,,0.0,
1239,7312,1,25848.0,1093093,2,,1,0,,,,1.0,
1240,7310,1,0.0,1093093,12,,3,0,,,,0.0,
1241,7319,1,12924.0,1093093,4,,3,0,,,,0.0,
1242,7310,1,17232.0,1093093,13,,3,0,,,,0.0,
1243,7321,1,1938.6,1093093,2,,3,0,,,,0.0,
1244,7313,1,12924.0,1093093,30,,3,0,,,,0.0,
1245,7303,1,0.0,1093093,14,,3,0,,,,0.0,
1246,7322,1,0.0,1093093,5,,3,0,,,,0.0,
1247,7312,1,24771.0,1093093,11,,1,0,,,,1.0,
1248,7316,1,86160.0,1093093,4,,1,0,,,,1.0,
1249,7315,1,10339.199999999999,1093093,7,,2,0,,,,0.0,
1250,7313,1,25848.0,1093093,6,,3,0,,,,0.0,
1251,7316,1,23263.2,1093093,12,,1,0,,,,1.0,
1252,7313,1,0.0,1093093,15,,3,0,,,,0.0,
1253,7316,1,23478.6,1093093,13,,3,0,,,,0.0,
1254,7320,1,0.0,1093093,12,,3,0,,,,0.0,
1255,7318,1,3015.6,1093093,21,,3,0,,,,1.0,
1256,7301,1,17232.0,1093093,16,,1,0,,,,1.0,
1257,7319,1,0.0,1093093,2,,3,0,,,,0.0,
1258,7301,1,20463.0,1093093,6,,1,0,,,,1.0,
1259,7310,1,19816.8,1093093,60,,1,0,,,,1.0,
1260,7307,1,17232.0,1093093,3,,3,0,,,,0.0,
1261,7316,1,10770.0,1093093,16,,3,0,,,,0.0,
1262,7310,1,7539.0,1093093,8,,3,0,,,,0.0,
1263,7313,1,0.0,1093093,15,,3,0,,,,0.0,
1264,7316,1,0.0,1093093,21,,3,0,,,,0.0,
1265,7307,1,32310.0,1093093,4,,3,0,,,,0.0,
1266,7307,1,6462.0,1093093,8,,3,0,,,,0.0,
1267,7301,1,28002.0,1093093,5,,1,0,,,,1.0,
1268,7301,1,22617.0,1093093,7,,1,0,,,,1.0,
1269,7301,1,5385.0,1093093,19,,1,0,,,,1.0,
1270,7310,1,0.0,1093093,8,,2,0,,,,0.0,
1271,7310,1,48465.0,1093093,2,,3,0,,,,1.0,
1272,7313,1,12924.0,1093093,11,,3,0,,,,0.0,
1273,7315,1,2154.0,1093093,6,,2,0,,,,1.0,
1274,7319,1,0.0,1093093,14,,3,0,,,,0.0,
1275,7305,1,13785.599999999999,1093093,45,,3,0,,,,0.0,
1276,7310,1,27032.7,1093093,11,,1,0,,,,1.0,
1277,7319,1,0.0,1093093,12,,3,0,,,,0.0,
1278,7315,1,0.0,1093093,7,,2,0,,,,0.0,
1279,7316,1,43080.0,1093093,9,,1,0,,,,1.0,
1280,7320,1,0.0,1093093,2,,3,0,,,,0.0,
1281,7304,1,10770.0,1093093,15,,3,0,,,,0.0,
1282,7315,1,0.0,1093093,17,,2,0,,,,0.0,
1283,7310,1,25848.0,1093093,20,,1,0,,,,1.0,
1284,7301,1,15078.0,1093093,16,,1,0,,,,1.0,
1285,7317,1,14001.0,1093093,3,,3,0,,,,0.0,
1286,7310,1,17232.0,1093093,14,,1,0,,,,1.0,
1287,7315,1,4308.0,1093093,6,,2,0,,,,1.0,
1288,7317,1,0.0,1093093,10,,2,0,,,,0.0,
1289,7310,1,26925.0,1093093,7,,1,0,,,,1.0,
1290,7322,1,0.0,1093093,13,,3,0,,,,0.0,
1291,7322,1,0.0,1093093,13,,3,0,,,,0.0,
1292,7316,1,2800.2,1093093,20,,2,0,,,,0.0,
1293,7310,1,19386.0,1093093,15,,1,0,,,,1.0,
1294,7315,1,17232.0,1093093,3,,3,0,,,,0.0,
1295,7316,1,19386.0,1093093,11,,1,0,,,,1.0,
1296,7321,1,35002.5,1093093,7,,3,0,,,,0.0,
1297,7318,1,0.0,1093093,3,,3,0,,,,0.0,
1298,7322,1,0.0,1093093,5,,3,0,,,,0.0,
1299,7313,1,17232.0,1093093,10,,3,0,,,,0.0,
1300,7303,1,0.0,1093093,15,,3,0,,,,0.0,
1301,7313,1,0.0,1093093,16,,3,0,,,,0.0,
1302,7321,1,12924.0,1093093,2,,3,0,,,,0.0,
1303,7301,1,21755.399999999998,1093093,13,,1,0,,,,1.0,
1304,7310,1,3231.0,1093093,14,,2,0,,,,0.0,
1305,7316,1,178782.0,1093093,10,,1,0,,,,1.0,
1306,7319,1,17232.0,1093093,12,,3,0,,,,0.0,
1307,7319,1,16155.0,1093093,5,,3,0,,,,1.0,
1308,7301,1,13785.599999999999,1093093,12,,3,0,,,,0.0,
1309,7310,1,16155.0,1093093,4,,1,0,,,,1.0,
1310,7313,1,15616.5,1093093,8,,3,0,,,,0.0,
1311,7302,1,48465.0,1093093,2,,3,0,,,,1.0,
1312,7301,1,969.3,1093093,16,,1,0,,,,1.0,
1313,7301,1,8831.4,1093093,12,,3,0,,,,0.0,
1314,7321,1,0.0,1093093,7,,3,0,,,,0.0,
1315,7306,1,12924.0,1093093,3,,3,0,,,,0.0,
1316,7322,1,0.0,1093093,15,,3,0,,,,0.0,
1317,7314,1,4308.0,1093093,12,,3,0,,,,0.0,
1318,7316,1,20463.0,1093093,22,,1,0,,,,1.0,
1319,7315,1,0.0,1093093,6,,2,0,,,,0.0,
1320,7301,1,18309.0,1093093,14,,1,0,,,,1.0,
1321,7319,1,12924.0,1093093,2,,3,0,,,,0.0,
1322,7315,1,0.0,1093093,10,,2,0,,,,0.0,
1323,7317,1,17232.0,1093093,13,,3,0,,,,0.0,
1324,7315,1,323.09999999999997,1093093,13,,2,0,,,,1.0,
1325,7314,1,15724.199999999999,1093093,12,,3,0,,,,0.0,
1326,7315,1,0.0,1093093,15,,2,0,,,,0.0,
1327,7315,1,17232.0,1093093,17,,2,0,,,,0.0,
1328,7313,1,32310.0,1093093,16,,3,0,,,,0.0,
1329,7301,1,19386.0,1093093,14,,1,0,,,,1.0,
1330,7301,1,51372.9,1093093,14,,1,0,,,,1.0,
1331,7319,1,2154.0,1093093,11,,3,0,,,,0.0,
1332,7321,1,19816.8,1093093,13,,1,0,,,,1.0,
1333,7322,1,0.0,1093093,8,,3,0,,,,0.0,
1334,7314,1,0.0,1093093,3,,3,0,,,,0.0,
1335,7306,1,0.0,1093093,8,,3,0,,,,0.0,
1336,7301,1,20463.0,1093093,11,,1,0,,,,1.0,
1337,7322,1,0.0,1093093,3,,3,0,,,,0.0,
1338,7315,1,6031.2,1093093,19,,2,0,,,,0.0,
1339,7310,1,0.0,1093093,9,,2,0,,,,0.0,
1340,7319,1,4523.4,1093093,5,,3,0,,,,1.0,
1341,7316,1,10985.4,1093093,26,,3,0,,,,0.0,
1342,7310,1,1400.1,1093093,20,,1,0,,,,1.0,
1343,7309,1,0.0,1093093,2,,3,0,,,,0.0,
1344,7310,1,12924.0,1093093,16,,2,0,,,,1.0,
1345,7322,1,0.0,1093093,2,,3,0,,,,0.0,
1346,7312,1,16155.0,1093093,3,,1,0,,,,1.0,
1347,7322,1,0.0,1093093,5,,2,0,,,,0.0,
1348,7302,1,0.0,1093093,2,,3,0,,,,0.0,
1349,7316,1,0.0,1093093,16,,3,0,,,,0.0,
1350,7301,1,21540.0,1093093,17,,1,0,,,,1.0,
1351,7310,1,27032.7,1093093,17,,1,0,,,,1.0,
1352,7322,1,0.0,1093093,5,,3,0,,,,0.0,
1353,7314,1,48465.0,1093093,21,,3,0,,,,1.0,
1354,7322,1,0.0,1093093,5,,3,0,,,,0.0,
1355,7312,1,25848.0,1093093,1,,1,0,,,,1.0,
1356,7301,1,25848.0,1093093,20,,1,0,,,,1.0,
1357,7312,1,0.0,1093093,8,,3,0,,,,0.0,
1358,7319,1,0.0,1093093,2,,3,0,,,,0.0,
1359,7310,1,19386.0,1093093,12,,1,0,,,,1.0,
1360,7306,1,0.0,1093093,3,,3,0,,,,0.0,
1361,7312,1,969.3,1093093,16,,1,0,,,,1.0,
1362,7301,1,17232.0,1093093,17,,1,0,,,,1.0,
1363,7320,1,0.0,1093093,1,,3,0,,,,0.0,
1364,7317,1,9154.5,1093093,10,,2,0,,,,0.0,
1365,7316,1,25848.0,1093093,11,,1,0,,,,1.0,
1366,7317,1,592.35,1093093,10,,2,0,,,,0.0,
1367,7316,1,0.0,1093093,13,,3,0,,,,0.0,
1368,7317,1,560.04,1093093,12,,2,0,,,,0.0,
1369,7316,1,1292.3999999999999,1093093,17,,2,0,,,,0.0,
1370,7316,1,0.0,1093093,14,,3,0,,,,0.0,
1371,7307,1,0.0,1093093,5,,3,0,,,,0.0,
1372,7310,1,969.3,1093093,12,,1,0,,,,1.0,
1373,7304,1,12924.0,1093093,23,,3,0,,,,0.0,
1374,7303,1,1292.3999999999999,1093093,2,,2,0,,,,1.0,
1375,7316,1,25848.0,1093093,9,,1,0,,,,1.0,
1376,7313,1,12924.0,1093093,3,,3,0,,,,0.0,
1377,7301,1,23694.0,1093093,46,,3,0,,,,1.0,
1378,7313,1,0.0,1093093,10,,3,0,,,,0.0,
1379,7316,1,1938.6,1093093,13,,3,0,,,,0.0,
1380,7302,1,16155.0,1093093,28,,3,0,,,,0.0,
1381,7308,1,53850.0,1093093,1,,3,0,,,,1.0,
1382,7317,1,323.09999999999997,1093093,9,,2,0,,,,0.0,
1383,7316,1,10770.0,1093093,15,,3,0,,,,0.0,
1384,7319,1,0.0,1093093,4,,3,0,,,,0.0,
1385,7322,1,0.0,1093093,5,,3,0,,,,0.0,
1386,7310,1,26925.0,1093093,59,,1,0,,,,1.0,
1387,7314,1,16908.899999999998,1093093,15,,3,0,,,,0.0,
1388,7301,1,26494.2,1093093,8,,1,0,,,,1.0,
1389,7308,1,10770.0,1093093,4,,3,0,,,,0.0,
1390,7316,1,22617.0,1093093,1,,3,0,,,,0.0,
1391,7313,1,30156.0,1093093,12,,2,0,,,,0.0,
1392,7317,1,32310.0,1093093,9,,3,0,,,,0.0,
1393,7317,1,0.0,1093093,29,,2,0,,,,0.0,
1394,7301,1,20463.0,1093093,15,,1,0,,,,1.0,
1395,7313,1,0.0,1093093,14,,3,0,,,,0.0,
1396,7319,1,0.0,1093093,1,,3,0,,,,0.0,
1397,7310,1,3554.1,1093093,15,,2,0,,,,0.0,
1398,7315,1,0.0,1093093,17,,2,0,,,,0.0,
1399,7310,1,32310.0,1093093,20,,1,0,,,,1.0,
1400,7315,1,0.0,1093093,20,,2,0,,,,0.0,
1401,7302,1,0.0,1093093,4,,3,0,,,,0.0,
1402,7312,1,20463.0,1093093,15,,1,0,,,,1.0,
1403,7306,1,3231.0,1093093,10,,3,0,,,,0.0,
1404,7310,1,19816.8,1093093,12,,1,0,,,,1.0,
1405,7302,1,0.0,1093093,14,,3,0,,,,0.0,
1406,7301,1,22293.899999999998,1093093,12,,1,0,,,,1.0,
1407,7320,1,7754.4,1093093,2,,3,0,,,,0.0,
1408,7316,1,0.0,1093093,17,,3,0,,,,0.0,
1409,7316,1,24986.399999999998,1093093,12,,1,0,,,,1.0,
1410,7310,1,21970.8,1093093,20,,1,0,,,,1.0,
1411,7316,1,32310.0,1093093,9,,1,0,,,,1.0,
1412,7316,1,7754.4,1093093,4,,3,0,,,,0.0,
1413,7306,1,5385.0,1093093,18,,3,0,,,,0.0,
1414,7305,1,12924.0,1093093,15,,3,0,,,,0.0,
1415,7315,1,9154.5,1093093,17,,2,0,,,,0.0,
1416,7322,1,17339.7,1093093,2,,3,0,,,,0.0,
1417,7301,1,29832.899999999998,1093093,6,,1,0,,,,1.0,
1418,7306,1,38018.1,1093093,14,,3,0,,,,0.0,
1419,7303,1,0.0,1093093,16,,3,0,,,,0.0,
1420,7316,1,26494.2,1093093,12,,1,0,,,,1.0,
1421,7322,1,0.0,1093093,15,,3,0,,,,0.0,
1422,7317,1,17232.0,1093093,2,,3,0,,,,0.0,
1423,7309,1,5385.0,1093093,5,,3,0,,,,0.0,
1424,7312,1,21001.5,1093093,9,,1,0,,,,1.0,
1425,7301,1,37695.0,1093093,18,,1,0,,,,1.0,
1426,7301,1,18309.0,1093093,13,,1,0,,,,1.0,
1427,7317,1,0.0,1093093,2,,3,0,,,,0.0,
1428,7310,1,538.5,1093093,17,,2,0,,,,0.0,
1429,7321,1,52773.0,1093093,15,,1,0,,,,1.0,
1430,7301,1,23694.0,1093093,15,,1,0,,,,1.0,
1431,7310,1,1077.0,1093093,14,,1,0,,,,1.0,
1432,7322,1,0.0,1093093,2,,3,0,,,,0.0,
1433,7310,1,13785.599999999999,1093093,50,,3,0,,,,0.0,
1434,7301,1,20463.0,1093093,14,,1,0,,,,1.0,
1435,7322,1,0.0,1093093,2,,3,0,,,,0.0,
1436,7321,1,204630.0,1093093,90,,1,0,,,,1.0,
1437,7321,1,38772.0,1093093,14,,1,0,,,,1.0,
1438,7308,1,74636.09999999999,1093093,3,,3,0,,,,0.0,
1439,7305,1,3231.0,1093093,12,,2,0,,,,1.0,
1440,7301,1,19062.899999999998,1093093,19,,1,0,,,,1.0,
1441,7309,1,18739.8,1093093,12,,3,0,,,,0.0,
1442,7316,1,22617.0,1093093,9,,1,0,,,,1.0,
1443,7303,1,0.0,1093093,2,,3,0,,,,0.0,
1444,7315,1,5385.0,1093093,5,,2,0,,,,1.0,
1445,7317,1,7754.4,1093093,8,,3,0,,,,0.0,
1446,7304,1,0.0,1093093,4,,3,0,,,,0.0,
1447,7322,1,0.0,1093093,16,,3,0,,,,0.0,
1448,7322,1,6462.0,1093093,40,,3,0,,,,0.0,
1449,7308,1,38018.1,1093093,10,,3,0,,,,0.0,
1450,7315,1,969.3,1093093,7,,2,0,,,,1.0,
1451,7303,1,55573.2,1093093,7,,3,0,,,,0.0,
1452,7301,1,21540.0,1093093,15,,1,0,,,,1.0,
1453,7315,1,3231.0,1093093,2,,3,0,,,,0.0,
1454,7321,1,25848.0,1093093,18,,1,0,,,,1.0,
1455,7316,1,25848.0,1093093,9,,1,0,,,,1.0,
1456,7322,1,0.0,1093093,17,,3,0,,,,0.0,
1457,7311,1,0.0,1093093,2,,3,0,,,,0.0,
1458,7301,1,21216.899999999998,1093093,8,,1,0,,,,1.0,
1459,7301,1,20139.899999999998,1093093,16,,1,0,,,,1.0,
1460,7317,1,323.09999999999997,1093093,13,,2,0,,,,0.0,
1461,7310,1,23263.2,1093093,5,,1,0,,,,1.0,
1462,7319,1,0.0,1093093,6,,3,0,,,,0.0,
1463,7301,1,19386.0,1093093,13,,1,0,,,,1.0,
1464,7320,1,0.0,1093093,2,,3,0,,,,0.0,
1465,7312,1,16693.5,1093093,8,,3,0,,,,0.0,
1466,7315,1,10339.199999999999,1093093,17,,2,0,,,,0.0,
1467,7301,1,24771.0,1093093,6,,1,0,,,,1.0,
1468,7308,1,0.0,1093093,1,,3,0,,,,0.0,
1469,7321,1,0.0,1093093,24,,3,0,,,,0.0,
1470,7306,1,74636.09999999999,1093093,10,,3,0,,,,0.0,
1471,7315,1,6462.0,1093093,12,,2,0,,,,1.0,
1472,7310,1,26494.2,1093093,6,,1,0,,,,1.0,
1473,7303,1,23694.0,1093093,13,,3,0,,,,0.0,
1474,7317,1,0.0,1093093,11,,2,0,,,,0.0,
1475,7316,1,8185.2,1093093,12,,2,0,,,,0.0,
1476,7316,1,10770.0,1093093,13,,1,0,,,,1.0,
1477,7317,1,8185.2,1093093,3,,2,0,,,,0.0,
1478,7322,1,0.0,1093093,7,,3,0,,,,0.0,
1479,7301,1,25848.0,1093093,7,,1,0,,,,1.0,
1480,7310,1,19386.0,1093093,22,,1,0,,,,1.0,
1481,7301,1,23694.0,1093093,9,,1,0,,,,1.0,
1482,7301,1,17770.5,1093093,14,,1,0,,,,1.0,
1483,7321,1,47388.0,1093093,15,,1,0,,,,1.0,
1484,7310,1,25848.0,1093093,17,,3,0,,,,0.0,
1485,7319,1,12924.0,1093093,3,,3,0,,,,0.0,
1486,7313,1,0.0,1093093,9,,3,0,,,,0.0,
1487,7313,1,12924.0,1093093,11,,3,0,,,,0.0,
1488,7322,1,0.0,1093093,14,,3,0,,,,0.0,
1489,7307,1,16908.899999999998,1093093,3,,3,0,,,,0.0,
1490,7318,1,43080.0,1093093,3,,3,0,,,,1.0,
1491,7301,1,25848.0,1093093,19,,1,0,,,,1.0,
1492,7315,1,323.09999999999997,1093093,19,,2,0,,,,1.0,
1493,7304,1,0.0,1093093,4,,3,0,,,,0.0,
1494,7316,1,65697.0,1093093,9,,1,0,,,,1.0,
1495,7316,1,25848.0,1093093,11,,1,0,,,,1.0,
1496,7312,1,22617.0,1093093,14,,1,0,,,,1.0,
1497,7310,1,17232.0,1093093,4,,1,0,,,,1.0,
1498,7319,1,12924.0,1093093,15,,3,0,,,,0.0,
1499,7302,1,1292.3999999999999,1093093,3,,3,0,,,,0.0,
1500,7305,1,14001.0,1093093,12,,2,0,,,,0.0,
1501,7315,1,1077.0,1093093,4,,2,0,,,,0.0,
1502,7315,1,4308.0,1093093,9,,2,0,,,,1.0,
1503,7315,1,4308.0,1093093,14,,2,0,,,,0.0,
1504,7301,1,23694.0,1093093,8,,1,0,,,,1.0,
1505,7313,1,12924.0,1093093,12,,3,0,,,,0.0,
1506,7317,1,1615.5,1093093,14,,2,0,,,,0.0,
1507,7310,1,21540.0,1093093,11,,3,0,,,,0.0,
1508,7321,1,19816.8,1093093,14,,1,0,,,,1.0,
1509,7314,1,12924.0,1093093,11,,3,0,,,,0.0,
1510,7304,1,12924.0,1093093,2,,3,0,,,,0.0,
1511,7301,1,28755.899999999998,1093093,5,,1,0,,,,1.0,
1512,7321,1,16962.75,1093093,7,,3,0,,,,0.0,
1513,7322,1,0.0,1093093,13,,3,0,,,,0.0,
1514,7305,1,5385.0,1093093,6,,3,0,,,,0.0,
1515,7313,1,32310.0,1093093,8,,3,0,,,,0.0,
1516,7316,1,32310.0,1093093,19,,3,0,,,,0.0,
1517,7312,1,21540.0,1093093,13,,1,0,,,,1.0,
1518,7322,1,0.0,1093093,11,,3,0,,,,0.0,
1519,7319,1,3769.5,1093093,5,,3,0,,,,0.0,
1520,7301,1,9693.0,1093093,7,,1,0,,,,1.0,
1521,7318,1,0.0,1093093,15,,3,0,,,,0.0,
1522,7319,1,0.0,1093093,3,,3,0,,,,0.0,
1523,7301,1,21540.0,1093093,5,,1,0,,,,1.0,
1524,7310,1,0.0,1093093,7,,2,0,,,,0.0,
1525,7301,1,7323.599999999999,1093093,23,,3,0,,,,0.0,
1526,7310,1,3231.0,1093093,8,,1,0,,,,1.0,
1527,7308,1,18739.8,1093093,4,,3,0,,,,0.0,
1528,7318,1,0.0,1093093,8,,3,0,,,,0.0,
1529,7310,1,969.3,1093093,13,,1,0,,,,1.0,
1530,7322,1,0.0,1093093,6,,3,0,,,,0.0,
1531,7303,1,0.0,1093093,11,,3,0,,,,0.0,
1532,7315,1,0.0,1093093,16,,2,0,,,,0.0,
1533,7313,1,43080.0,1093093,24,,3,0,,,,1.0,
1534,7301,1,20463.0,1093093,3,,1,0,,,,1.0,
1535,7322,1,0.0,1093093,7,,3,0,,,,0.0,
1536,7315,1,,1093093,6,,3,0,,,,0.0,
1537,7308,1,0.0,1093093,1,,3,0,,,,0.0,
1538,7307,1,3769.5,1093093,11,,3,0,,,,0.0,
1539,7319,1,21540.0,1093093,13,,3,0,,,,0.0,
1540,7319,1,56004.0,1093093,3,,3,0,,,,0.0,
1541,7322,1,18739.8,1093093,1,,3,0,,,,0.0,
1542,7310,1,16155.0,1093093,12,,1,0,,,,1.0,
1543,7322,1,0.0,1093093,5,,3,0,,,,0.0,
1544,7316,1,0.0,1093093,16,,3,0,,,,0.0,
1545,7301,1,6569.7,1093093,3,,3,0,,,,0.0,
1546,7319,1,13462.5,1093093,4,,3,0,,,,0.0,
1547,7305,1,10770.0,1093093,13,,2,0,,,,0.0,
1548,7301,1,17232.0,1093093,19,,1,0,,,,1.0,
1549,7310,1,25848.0,1093093,3,,1,0,,,,1.0,
1550,7322,1,0.0,1093093,33,,3,0,,,,0.0,
1551,7317,1,13354.8,1093093,4,,3,0,,,,1.0,
1552,7319,1,0.0,1093093,12,,3,0,,,,0.0,
1553,7321,1,22617.0,1093093,22,,1,0,,,,1.0,
1554,7322,1,0.0,1093093,2,,3,0,,,,0.0,
1555,7302,1,0.0,1093093,3,,3,0,,,,0.0,
1556,7319,1,0.0,1093093,3,,3,0,,,,0.0,
1557,7317,1,3877.2,1093093,12,,2,0,,,,0.0,
1558,7310,1,15078.0,1093093,2,,3,0,,,,1.0,
1559,7321,1,49542.0,1093093,12,,1,0,,,,1.0,
1560,7312,1,16155.0,1093093,1,,1,0,,,,1.0,
1561,7310,1,646.1999999999999,1093093,8,,1,0,,,,1.0,
1562,7310,1,17232.0,1093093,13,,1,0,,,,1.0,
1563,7315,1,20678.399999999998,1093093,3,,3,0,,,,0.0,
1564,7303,1,10770.0,1093093,13,,3,0,,,,0.0,
1565,7318,1,36187.2,1093093,4,,3,0,,,,0.0,
1566,7310,1,25848.0,1093093,15,,1,0,,,,1.0,
1567,7318,1,3769.5,1093093,18,,3,0,,,,0.0,
1568,7301,1,0.0,1093093,3,,3,0,,,,0.0,
1569,7322,1,0.0,1093093,12,,3,0,,,,0.0,
1570,7321,1,4803.42,1093093,4,,3,0,,,,0.0,
1571,7316,1,17232.0,1093093,16,,3,0,,,,0.0,
1572,7318,1,53850.0,1093093,8,,3,0,,,,1.0,
1573,7304,1,0.0,1093093,13,,3,0,,,,0.0,
1574,7317,1,592.35,1093093,9,,2,0,,,,0.0,
1575,7312,1,0.0,1093093,7,,2,0,,,,0.0,
1576,7321,1,14001.0,1093093,2,,3,0,,,,0.0,
1577,7316,1,25848.0,1093093,10,,1,0,,,,1.0,
1578,7301,1,19386.0,1093093,10,,1,0,,,,1.0,
1579,7309,1,0.0,1093093,2,,3,0,,,,0.0,
1580,7322,1,0.0,1093093,15,,3,0,,,,0.0,
1581,7301,1,86160.0,1093093,16,,1,0,,,,1.0,
1582,7319,1,19386.0,1093093,13,,3,0,,,,0.0,
1583,7315,1,6462.0,1093093,7,,3,0,,,,0.0,
1584,7321,1,6462.0,1093093,8,,3,0,,,,0.0,
1585,7312,1,19601.399999999998,1093093,3,,1,0,,,,1.0,
1586,7313,1,0.0,1093093,12,,3,0,,,,0.0,
1587,7319,1,0.0,1093093,3,,3,0,,,,0.0,
1588,7301,1,20463.0,1093093,16,,1,0,,,,1.0,
1589,7303,1,18309.0,1093093,7,,3,0,,,,0.0,
1590,7312,1,969.3,1093093,21,,1,0,,,,1.0,
1591,7301,1,20463.0,1093093,14,,1,0,,,,1.0,
1592,7319,1,0.0,1093093,2,,3,0,,,,0.0,
1593,7309,1,3015.6,1093093,6,,3,0,,,,0.0,
1594,7319,1,0.0,1093093,11,,3,0,,,,0.0,
1595,7305,1,7323.599999999999,1093093,12,,3,0,,,,0.0,
1596,7310,1,15078.0,1093093,23,,1,0,,,,1.0,
1597,7301,1,24771.0,1093093,20,,1,0,,,,1.0,
1598,7310,1,25848.0,1093093,2,,1,0,,,,1.0,
1599,7301,1,20463.0,1093093,15,,1,0,,,,1.0,
1600,7313,1,0.0,1093093,5,,3,0,,,,0.0,
1601,7319,1,0.0,1093093,3,,3,0,,,,0.0,
1602,7319,1,0.0,1093093,3,,3,0,,,,0.0,
1603,7319,1,0.0,1093093,1,,3,0,,,,0.0,
1604,7319,1,16155.0,1093093,3,,3,0,,,,0.0,
1605,7310,1,969.3,1093093,14,,1,0,,,,1.0,
1606,7314,1,6462.0,1093093,26,,3,0,,,,0.0,
1607,7301,1,12924.0,1093093,3,,3,0,,,,0.0,
1608,7301,1,17232.0,1093093,11,,3,0,,,,0.0,
1609,7316,1,21001.5,1093093,9,,1,0,,,,1.0,
1610,7321,1,17232.0,1093093,8,,3,0,,,,0.0,
1611,7308,1,16155.0,1093093,3,,3,0,,,,1.0,
1612,7304,1,48465.0,1093093,3,,3,0,,,,1.0,
1613,7319,1,0.0,1093093,5,,3,0,,,,0.0,
1614,7319,1,0.0,1093093,2,,3,0,,,,0.0,
1615,7310,1,26925.0,1093093,4,,1,0,,,,1.0,
1616,7306,1,20678.399999999998,1093093,2,,3,0,,,,0.0,
1617,7316,1,0.0,1093093,13,,3,0,,,,0.0,
1618,7321,1,32310.0,1093093,13,,1,0,,,,1.0,
1619,7301,1,12924.0,1093093,5,,3,0,,,,1.0,
1620,7301,1,22617.0,1093093,16,,1,0,,,,1.0,
1621,7315,1,0.0,1093093,7,,3,0,,,,0.0,
1622,7312,1,15078.0,1093093,3,,1,0,,,,1.0,
1623,7313,1,19386.0,1093093,7,,3,0,,,,1.0,
1624,7313,1,4308.0,1093093,5,,3,0,,,,0.0,
1625,7308,1,10339.199999999999,1093093,4,,3,0,,,,0.0,
1626,7316,1,21001.5,1093093,10,,1,0,,,,1.0,
1627,7301,1,23694.0,1093093,4,,1,0,,,,1.0,
1628,7310,1,20355.3,1093093,12,,3,0,,,,0.0,
1629,7317,1,0.0,1093093,8,,2,0,,,,0.0,
1630,7313,1,0.0,1093093,10,,3,0,,,,0.0,
1631,7301,1,26494.2,1093093,16,,1,0,,,,1.0,
1632,7322,1,0.0,1093093,2,,3,0,,,,0.0,
1633,7310,1,7754.4,1093093,20,,1,0,,,,1.0,
1634,7316,1,25848.0,1093093,5,,1,0,,,,1.0,
1635,7312,1,24771.0,1093093,17,,1,0,,,,1.0,
1636,7322,1,10231.5,1093093,9,,3,0,,,,0.0,
1637,7321,1,19816.8,1093093,2,,3,0,,,,0.0,
1638,7316,1,0.0,1093093,22,,3,0,,,,0.0,
1639,7321,1,53850.0,1093093,13,,1,0,,,,1.0,
1640,7310,1,23478.6,1093093,16,,3,0,,,,0.0,
1641,7314,1,0.0,1093093,2,,3,0,,,,0.0,
1642,7312,1,40602.9,1093093,17,,1,0,,,,1.0,
1643,7322,1,4308.0,1093093,14,,3,0,,,,0.0,
1644,7319,1,2800.2,1093093,15,,2,0,,,,0.0,
1645,7321,1,12924.0,1093093,3,,3,0,,,,0.0,
1646,7316,1,25848.0,1093093,11,,1,0,,,,1.0,
1647,7306,1,18739.8,1093093,2,,3,0,,,,0.0,
1648,7312,1,26925.0,1093093,4,,1,0,,,,1.0,
1649,7310,1,25848.0,1093093,3,,1,0,,,,1.0,
1650,7313,1,13893.3,1093093,19,,3,0,,,,0.0,
1651,7314,1,3015.6,1093093,15,,3,0,,,,0.0,
1652,7313,1,16908.899999999998,1093093,4,,3,0,,,,0.0,
1653,7310,1,53850.0,1093093,2,,3,0,,,,1.0,
1654,7310,1,0.0,1093093,10,,2,0,,,,0.0,
1655,7319,1,0.0,1093093,8,,3,0,,,,0.0,
1656,7317,1,6677.4,1093093,12,,2,0,,,,0.0,
1657,7317,1,6031.2,1093093,25,,2,0,,,,0.0,
1658,7321,1,32310.0,1093093,53,,1,0,,,,1.0,
1659,7319,1,0.0,1093093,3,,3,0,,,,0.0,
1660,7313,1,22509.3,1093093,4,,3,0,,,,0.0,
1661,7311,1,23694.0,1093093,8,,3,0,,,,1.0,
1662,7301,1,19709.1,1093093,8,,1,0,,,,1.0,
1663,7322,1,0.0,1070512,7,,3,0,,,,0.0,
1664,7301,1,30048.3,1070512,9,,1,0,,,,1.0,
1665,7310,1,0.0,1070512,8,,2,0,,,,0.0,
1666,7322,1,0.0,1070512,3,,3,0,,,,0.0,
1667,7321,1,11308.5,1070512,4,,3,0,,,,0.0,
1668,7307,1,11631.6,1070512,11,,3,0,,,,0.0,
1669,7312,1,3877.2,1070512,26,,3,0,,,,0.0,
1670,7301,1,28540.5,1070512,13,,3,0,,,,1.0,
1671,7309,1,26925.0,1070512,16,,3,0,,,,0.0,
1672,7301,1,20463.0,1070512,13,,1,0,,,,1.0,
1673,7322,1,0.0,1070512,7,,2,0,,,,0.0,
1674,7310,1,0.0,1070512,2,,3,0,,,,0.0,
1675,7321,1,10339.199999999999,1070512,4,,3,0,,,,0.0,
1676,7307,1,0.0,1070512,19,,3,0,,,,0.0,
1677,7310,1,15185.699999999999,1070512,14,,3,0,,,,0.0,
1678,7319,1,0.0,1070512,1,,3,0,,,,0.0,
1679,7301,1,22509.3,1070512,12,,1,0,,,,1.0,
1680,7305,1,2154.0,1070512,24,,2,0,,,,0.0,
1681,7321,1,36187.2,1070512,14,,1,0,,,,1.0,
1682,7313,1,23694.0,1070512,10,,3,0,,,,0.0,
1683,7321,1,0.0,1070512,4,,3,0,,,,0.0,
1684,7316,1,0.0,1070512,22,,3,0,,,,0.0,
1685,7301,1,20463.0,1070512,12,,1,0,,,,1.0,
1686,7310,1,21970.8,1070512,16,,1,0,,,,1.0,
1687,7313,1,14216.4,1070512,10,,3,0,,,,0.0,
1688,7314,1,13354.8,1070512,3,,3,0,,,,1.0,
1689,7301,1,21540.0,1070512,14,,1,0,,,,1.0,
1690,7301,1,25848.0,1070512,15,,1,0,,,,1.0,
1691,7310,1,26925.0,1070512,23,,1,0,,,,1.0,
1692,7313,1,16155.0,1070512,8,,3,0,,,,0.0,
1693,7316,1,16693.5,1070512,16,,3,0,,,,0.0,
1694,7316,1,13893.3,1070512,22,,3,0,,,,0.0,
1695,7310,1,3984.8999999999996,1070512,4,,3,0,,,,0.0,
1696,7321,1,0.0,1070512,14,,3,0,,,,0.0,
1697,7305,1,13893.3,1070512,10,,3,0,,,,0.0,
1698,7317,1,23694.0,1070512,12,,3,0,,,,0.0,
1699,7322,1,0.0,1070512,5,,3,0,,,,0.0,
1700,7301,1,24771.0,1070512,6,,1,0,,,,1.0,
1701,7313,1,37479.6,1070512,13,,3,0,,,,0.0,
1702,7319,1,43080.0,1070512,19,,3,0,,,,0.0,
1703,7312,1,24771.0,1070512,26,,1,0,,,,1.0,
1704,7316,1,16155.0,1070512,15,,3,0,,,,0.0,
1705,7314,1,17232.0,1070512,5,,3,0,,,,0.0,
1706,7321,1,26925.0,1070512,55,,1,0,,,,1.0,
1707,7310,1,24663.3,1070512,12,,1,0,,,,1.0,
1708,7310,1,34464.0,1070512,11,,3,0,,,,0.0,
1709,7310,1,2369.4,1070512,12,,1,0,,,,1.0,
1710,7318,1,19170.6,1070512,6,,3,0,,,,0.0,
1711,7316,1,21540.0,1070512,15,,1,0,,,,1.0,
1712,7301,1,29079.0,1070512,13,,1,0,,,,1.0,
1713,7307,1,43726.2,1070512,7,,3,0,,,,0.0,
1714,7301,1,31125.3,1070512,5,,3,0,,,,0.0,
1715,7310,1,13462.5,1070512,2,,3,0,,,,1.0,
1716,7321,1,22401.6,1070512,7,,3,0,,,,0.0,
1717,7301,1,21540.0,1070512,12,,1,0,,,,1.0,
1718,7316,1,0.0,1070512,25,,3,0,,,,0.0,
1719,7301,1,25848.0,1070512,13,,1,0,,,,1.0,
1720,7316,1,31448.399999999998,1070512,18,,1,0,,,,1.0,
1721,7315,1,0.0,1070512,1,,3,0,,,,0.0,
1722,7317,1,10231.5,1070512,2,,3,0,,,,0.0,
1723,7319,1,0.0,1070512,17,,3,0,,,,0.0,
1724,7321,1,1723.1999999999998,1070512,47,,3,0,,,,0.0,
1725,7322,1,0.0,1070512,6,,3,0,,,,0.0,
1726,7317,1,32310.0,1070512,14,,3,0,,,,0.0,
1727,7303,1,3231.0,1070512,14,,3,0,,,,0.0,
1728,7301,1,53850.0,1070512,24,,1,0,,,,1.0,
1729,7315,1,2584.7999999999997,1070512,3,,3,0,,,,0.0,
1730,7319,1,15508.8,1070512,2,,3,0,,,,0.0,
1731,7301,1,19386.0,1070512,13,,1,0,,,,1.0,
1732,7315,1,0.0,1070512,25,,3,0,,,,0.0,
1733,7301,1,21540.0,1070512,13,,1,0,,,,1.0,
1734,7317,1,700.05,1070512,17,,2,0,,,,0.0,
1735,7321,1,0.0,1070512,47,,3,0,,,,0.0,
1736,7316,1,20463.0,1070512,14,,1,0,,,,1.0,
1737,7304,1,12924.0,1070512,1,,3,0,,,,0.0,
1738,7315,1,12924.0,1070512,5,,3,0,,,,0.0,
1739,7310,1,1292.3999999999999,1070512,8,,3,0,,,,0.0,
1740,7317,1,0.0,1070512,18,,2,0,,,,0.0,
1741,7314,1,0.0,1070512,4,,3,0,,,,0.0,
1742,7308,1,17232.0,1070512,15,,3,0,,,,0.0,
1743,7301,1,21540.0,1070512,14,,1,0,,,,1.0,
1744,7313,1,0.0,1070512,6,,3,0,,,,0.0,
1745,7310,1,6462.0,1070512,48,,1,0,,,,1.0,
1746,7302,1,3231.0,1070512,8,,3,0,,,,0.0,
1747,7321,1,0.0,1070512,14,,3,0,,,,0.0,
1748,7321,1,1615.5,1070512,2,,3,0,,,,0.0,
1749,7310,1,70005.0,1070512,17,,1,0,,,,1.0,
1750,7310,1,4308.0,1070512,15,,2,0,,,,0.0,
1751,7317,1,3015.6,1070512,37,,2,0,,,,0.0,
1752,7316,1,37695.0,1070512,17,,3,0,,,,0.0,
1753,7315,1,0.0,1070512,18,,2,0,,,,0.0,
1754,7319,1,23694.0,1070512,4,,3,0,,,,0.0,
1755,7313,1,0.0,1070512,13,,3,0,,,,0.0,
1756,7316,1,30156.0,1070512,15,,1,0,,,,1.0,
1757,7301,1,21540.0,1070512,17,,1,0,,,,1.0,
1758,7301,1,23694.0,1070512,19,,1,0,,,,1.0,
1759,7303,1,18093.6,1070512,3,,3,0,,,,0.0,
1760,7322,1,0.0,1070512,7,,3,0,,,,0.0,
1761,7313,1,0.0,1070512,6,,3,0,,,,0.0,
1762,7303,1,0.0,1070512,5,,3,0,,,,0.0,
1763,7306,1,11631.6,1070512,2,,3,0,,,,0.0,
1764,7322,1,0.0,1070512,17,,3,0,,,,0.0,
1765,7307,1,4308.0,1070512,15,,3,0,,,,0.0,
1766,7306,1,12924.0,1070512,1,,3,0,,,,0.0,
1767,7315,1,10770.0,1070512,17,,2,0,,,,1.0,
1768,7310,1,21540.0,1070512,16,,1,0,,,,1.0,
1769,7313,1,11631.6,1070512,7,,3,0,,,,0.0,
1770,7321,1,22617.0,1070512,18,,3,0,,,,0.0,
1771,7316,1,24771.0,1070512,10,,1,0,,,,1.0,
1772,7309,1,26925.0,1070512,3,,3,0,,,,0.0,
1773,7310,1,18309.0,1070512,10,,3,0,,,,0.0,
1774,7310,1,32310.0,1070512,11,,1,0,,,,1.0,
1775,7315,1,5385.0,1070512,21,,2,0,,,,0.0,
1776,7317,1,0.0,1070512,3,,3,0,,,,0.0,
1777,7316,1,32310.0,1070512,11,,1,0,,,,1.0,
1778,7313,1,16155.0,1070512,9,,3,0,,,,0.0,
1779,7312,1,2261.7,1070512,13,,3,0,,,,0.0,
1780,7315,1,0.0,1070512,21,,2,0,,,,0.0,
1781,7306,1,11631.6,1070512,9,,3,0,,,,0.0,
1782,7312,1,23586.3,1070512,21,,1,0,,,,1.0,
1783,7310,1,7323.599999999999,1070512,1,,2,0,,,,0.0,
1784,7321,1,3231.0,1070512,9,,3,0,,,,0.0,
1785,7321,1,23694.0,1070512,17,,1,0,,,,1.0,
1786,7322,1,2154.0,1070512,14,,3,0,,,,0.0,
1787,7311,1,12924.0,1070512,3,,3,0,,,,0.0,
1788,7314,1,6462.0,1070512,3,,3,0,,,,1.0,
1789,7319,1,0.0,1070512,5,,3,0,,,,0.0,
1790,7301,1,0.0,1070512,3,,3,0,,,,0.0,
1791,7321,1,26925.0,1070512,14,,1,0,,,,1.0,
1792,7312,1,7754.4,1070512,5,,3,0,,,,1.0,
1793,7301,1,20463.0,1070512,18,,1,0,,,,1.0,
1794,7319,1,646.1999999999999,1070512,17,,3,0,,,,0.0,
1795,7301,1,18309.0,1070512,15,,1,0,,,,1.0,
1796,7306,1,3877.2,1070512,8,,3,0,,,,0.0,
1797,7317,1,7323.599999999999,1070512,8,,2,0,,,,0.0,
1798,7304,1,18955.2,1070512,15,,3,0,,,,0.0,
1799,7318,1,0.0,1070512,49,,3,0,,,,0.0,
1800,7301,1,20463.0,1070512,16,,1,0,,,,1.0,
1801,7308,1,0.0,1070512,4,,3,0,,,,0.0,
1802,7317,1,1798.59,1070512,3,,3,0,,,,1.0,
1803,7319,1,0.0,1070512,4,,3,0,,,,0.0,
1804,7306,1,0.0,1070512,36,,3,0,,,,0.0,
1805,7316,1,12924.0,1070512,5,,3,0,,,,0.0,
1806,7316,1,0.0,1070512,17,,3,0,,,,0.0,
1807,7319,1,19386.0,1070512,15,,3,0,,,,0.0,
1808,7315,1,16155.0,1070512,14,,3,0,,,,0.0,
1809,7313,1,1077.0,1070512,19,,2,0,,,,0.0,
1810,7301,1,23586.3,1070512,2,,1,0,,,,1.0,
1811,7309,1,14216.4,1070512,13,,3,0,,,,0.0,
1812,7321,1,26925.0,1070512,16,,1,0,,,,1.0,
1813,7310,1,5061.9,1070512,16,,2,0,,,,0.0,
1814,7315,1,269.25,1070512,11,,2,0,,,,0.0,
1815,7302,1,0.0,1070512,27,,3,0,,,,0.0,
1816,7315,1,215.39999999999998,1070512,21,,2,0,,,,0.0,
1817,7319,1,0.0,1070512,12,,3,0,,,,0.0,
1818,7321,1,0.0,1070512,2,,3,0,,,,0.0,
1819,7316,1,0.0,1070512,8,,3,0,,,,0.0,
1820,7310,1,15078.0,1070512,50,,3,0,,,,0.0,
1821,7322,1,0.0,1070512,3,,3,0,,,,0.0,
1822,7322,1,0.0,1070512,18,,3,0,,,,0.0,
1823,7310,1,3231.0,1070512,16,,2,0,,,,1.0,
1824,7322,1,1292.3999999999999,1070512,3,,3,0,,,,0.0,
1825,7316,1,19386.0,1070512,15,,1,0,,,,1.0,
1826,7319,1,0.0,1070512,20,,3,0,,,,0.0,
1827,7316,1,29079.0,1070512,12,,1,0,,,,1.0,
1828,7302,1,21540.0,1070512,9,,1,0,,,,1.0,
1829,7317,1,0.0,1070512,26,,2,0,,,,0.0,
1830,7320,1,27032.7,1070512,17,,3,0,,,,0.0,
1831,7310,1,10985.4,1070512,2,,1,0,,,,1.0,
1832,7316,1,19386.0,1070512,22,,3,0,,,,0.0,
1833,7315,1,6462.0,1070512,14,,2,0,,,,0.0,
1834,7303,1,215.39999999999998,1070512,11,,3,0,,,,0.0,
1835,7301,1,28002.0,1070512,17,,1,0,,,,1.0,
1836,7303,1,8831.4,1070512,5,,3,0,,,,0.0,
1837,7318,1,,1070512,2,,3,0,,,,0.0,
1838,7321,1,14539.5,1070512,3,,3,0,,,,0.0,
1839,7310,1,21540.0,1070512,49,,1,0,,,,1.0,
1840,7317,1,6462.0,1070512,39,,2,0,,,,0.0,
1841,7310,1,2154.0,1070512,14,,2,0,,,,1.0,
1842,7304,1,15508.8,1070512,8,,3,0,,,,0.0,
1843,7301,1,19386.0,1070512,20,,1,0,,,,1.0,
1844,7310,1,26925.0,1070512,14,,3,0,,,,1.0,
1845,7306,1,2261.7,1070512,13,,3,0,,,,0.0,
1846,7316,1,18201.3,1070512,29,,3,0,,,,0.0,
1847,7301,1,19386.0,1070512,12,,1,0,,,,1.0,
1848,7310,1,3446.3999999999996,1070512,16,,2,0,,,,0.0,
1849,7314,1,7754.4,1070512,1,,3,0,,,,1.0,
1850,7302,1,538.5,1070512,3,,3,0,,,,0.0,
1851,7318,1,20678.399999999998,1070512,1,,3,0,,,,0.0,
1852,7318,1,3769.5,1070512,19,,3,0,,,,0.0,
1853,7301,1,5385.0,1070512,3,,3,0,,,,0.0,
1854,7310,1,30586.8,1070512,12,,1,0,,,,1.0,
1855,7322,1,1798.59,1070512,18,,3,0,,,,1.0,
1856,7310,1,21540.0,1070512,13,,1,0,,,,1.0,
1857,7301,1,12924.0,1070512,18,,1,0,,,,1.0,
1858,7322,1,0.0,1070512,5,,3,0,,,,0.0,
1859,7315,1,3446.3999999999996,1070512,17,,2,0,,,,0.0,
1860,7301,1,30048.3,1070512,23,,1,0,,,,1.0,
1861,7303,1,646.1999999999999,1070512,9,,3,0,,,,0.0,
1862,7309,1,32310.0,1070512,16,,3,0,,,,0.0,
1863,7301,1,21540.0,1070512,13,,1,0,,,,1.0,
1864,7318,1,6892.799999999999,1070512,25,,3,0,,,,0.0,
1865,7303,1,0.0,1070512,2,,3,0,,,,0.0,
1866,7303,1,0.0,1070512,9,,3,0,,,,0.0,
1867,7301,1,23694.0,1070512,11,,1,0,,,,1.0,
1868,7305,1,0.0,1070512,8,,3,0,,,,0.0,
1869,7316,1,22617.0,1070512,13,,1,0,,,,1.0,
1870,7301,1,23694.0,1070512,15,,1,0,,,,1.0,
1871,7302,1,0.0,1070512,6,,3,0,,,,0.0,
1872,7301,1,18309.0,1070512,18,,1,0,,,,1.0,
1873,7321,1,21540.0,1070512,17,,1,0,,,,1.0,
1874,7301,1,30048.3,1070512,5,,1,0,,,,1.0,
1875,7319,1,13893.3,1070512,10,,3,0,,,,0.0,
1876,7321,1,4308.0,1070512,6,,3,0,,,,0.0,
1877,7321,1,15078.0,1070512,17,,1,0,,,,1.0,
1878,7310,1,7323.599999999999,1070512,2,,2,0,,,,0.0,
1879,7303,1,20678.399999999998,1070512,3,,3,0,,,,0.0,
1880,7305,1,11308.5,1070512,9,,3,0,,,,0.0,
1881,7315,1,4308.0,1070512,12,,2,0,,,,0.0,
1882,7308,1,10339.199999999999,1070512,17,,3,0,,,,0.0,
1883,7301,1,20678.399999999998,1070512,4,,3,0,,,,0.0,
1884,7319,1,0.0,1070512,6,,3,0,,,,0.0,
1885,7303,1,5169.599999999999,1070512,4,,3,0,,,,0.0,
1886,7315,1,0.0,1070512,18,,2,0,,,,0.0,
1887,7317,1,14001.0,1070512,2,,3,0,,,,0.0,
1888,7312,1,7754.4,1070512,4,,3,0,,,,1.0,
1889,7307,1,12062.4,1070512,4,,3,0,,,,0.0,
1890,7322,1,0.0,1070512,4,,3,0,,,,0.0,
1891,7316,1,15078.0,1070512,18,,3,0,,,,0.0,
1892,7310,1,53850.0,1070512,19,,1,0,,,,1.0,
1893,7316,1,0.0,1070512,29,,3,0,,,,0.0,
1894,7301,1,53850.0,1070512,16,,1,0,,,,1.0,
1895,7310,1,32310.0,1070512,13,,3,0,,,,0.0,
1896,7310,1,23694.0,1070512,9,,1,0,,,,1.0,
1897,7319,1,0.0,1070512,3,,3,0,,,,0.0,
1898,7308,1,0.0,1070512,5,,3,0,,,,0.0,
1899,7301,1,23586.3,1070512,16,,1,0,,,,1.0,
1900,7317,1,0.0,1070512,19,,2,0,,,,0.0,
1901,7322,1,0.0,1070512,3,,3,0,,,,0.0,
1902,7315,1,0.0,1070512,3,,2,0,,,,0.0,
1903,7316,1,538.5,1070512,16,,3,0,,,,0.0,
1904,7312,1,19386.0,1070512,9,,1,0,,,,1.0,
1905,7301,1,24771.0,1070512,18,,1,0,,,,1.0,
1906,7314,1,26925.0,1070512,15,,3,0,,,,0.0,
1907,7310,1,5169.599999999999,1070512,14,,3,0,,,,0.0,
1908,7317,1,75.39,1070512,27,,2,0,,,,0.0,
1909,7310,1,21540.0,1070512,16,,3,0,,,,1.0,
1910,7317,1,14001.0,1070512,3,,3,0,,,,0.0,
1911,7317,1,5385.0,1070512,3,,3,0,,,,0.0,
1912,7303,1,0.0,1070512,11,,3,0,,,,0.0,
1913,7314,1,17232.0,1070512,13,,3,0,,,,0.0,
1914,7310,1,11847.0,1070512,1,,1,0,,,,1.0,
1915,7317,1,0.0,1070512,21,,2,0,,,,0.0,
1916,7301,1,24771.0,1070512,23,,1,0,,,,1.0,
1917,7315,1,1077.0,1070512,21,,2,0,,,,0.0,
1918,7301,1,18309.0,1070512,21,,1,0,,,,1.0,
1919,7301,1,6462.0,1070512,3,,3,0,,,,0.0,
1920,7309,1,17985.899999999998,1070512,1,,3,0,,,,1.0,
1921,7317,1,2692.5,1070512,11,,2,0,,,,0.0,
1922,7310,1,75.39,1070512,13,,2,0,,,,0.0,
1923,7301,1,19386.0,1070512,16,,1,0,,,,1.0,
1924,7310,1,5600.4,1070512,2,,3,0,,,,1.0,
1925,7315,1,1077.0,1070512,18,,2,0,,,,0.0,
1926,7316,1,24771.0,1070512,10,,1,0,,,,1.0,
1927,7322,1,0.0,1070512,3,,3,0,,,,0.0,
1928,7308,1,12924.0,1070512,15,,3,0,,,,0.0,
1929,7321,1,68928.0,1070512,18,,1,0,,,,1.0,
1930,7322,1,0.0,1070512,6,,3,0,,,,0.0,
1931,7315,1,0.0,1070512,19,,2,0,,,,0.0,
1932,7314,1,33387.0,1070512,3,,3,0,,,,1.0,
1933,7305,1,5169.599999999999,1070512,31,,3,0,,,,0.0,
1934,7316,1,0.0,1070512,18,,3,0,,,,0.0,
1935,7317,1,0.0,1070512,18,,2,0,,,,0.0,
1936,7319,1,17770.5,1070512,1,,3,0,,,,0.0,
1937,7310,1,8616.0,1070512,16,,2,0,,,,0.0,
1938,7301,1,22617.0,1070512,22,,1,0,,,,1.0,
1939,7313,1,6462.0,1070512,10,,3,0,,,,0.0,
1940,7315,1,8616.0,1070512,15,,2,0,,,,0.0,
1941,7316,1,29079.0,1070512,15,,1,0,,,,1.0,
1942,7306,1,8616.0,1070512,1,,3,0,,,,0.0,
1943,7321,1,16155.0,1070512,2,,3,0,,,,0.0,
1944,7321,1,387.71999999999997,1070512,29,,3,0,,,,0.0,
1945,7301,1,24771.0,1070512,4,,1,0,,,,1.0,
1946,7301,1,28971.3,1070512,4,,1,0,,,,1.0,
1947,7315,1,0.0,1070512,15,,2,0,,,,0.0,
1948,7309,1,21540.0,1070512,4,,3,0,,,,0.0,
1949,7316,1,0.0,1070512,3,,3,0,,,,0.0,
1950,7303,1,19170.6,1070512,5,,3,0,,,,0.0,
1951,7301,1,18309.0,1070512,16,,1,0,,,,1.0,
1952,7316,1,43080.0,1070512,17,,1,0,,,,1.0,
1953,7312,1,18309.0,1070512,19,,1,0,,,,1.0,
1954,7322,1,0.0,1070512,7,,3,0,,,,0.0,
1955,7316,1,56004.0,1070512,20,,1,0,,,,1.0,
1956,7315,1,11631.6,1070512,12,,3,0,,,,0.0,
1957,7301,1,27894.3,1070512,15,,1,0,,,,1.0,
1958,7316,1,25848.0,1070512,25,,3,0,,,,1.0,
1959,7310,1,19386.0,1070512,16,,1,0,,,,1.0,
1960,7301,1,25848.0,1070512,13,,1,0,,,,1.0,
1961,7310,1,11847.0,1070512,2,,1,0,,,,1.0,
1962,7319,1,8939.1,1070512,5,,3,0,,,,0.0,
1963,7316,1,20463.0,1070512,19,,1,0,,,,1.0,
1964,7316,1,19386.0,1070512,13,,1,0,,,,1.0,
1965,7303,1,2154.0,1070512,3,,3,0,,,,0.0,
1966,7313,1,10770.0,1070512,3,,3,0,,,,0.0,
1967,7303,1,0.0,1070512,26,,3,0,,,,0.0,
1968,7313,1,15508.8,1070512,9,,3,0,,,,0.0,
1969,7315,1,1830.8999999999999,1070512,14,,2,0,,,,1.0,
1970,7306,1,37695.0,1070512,16,,3,0,,,,0.0,
1971,7321,1,0.0,1070512,14,,3,0,,,,0.0,
1972,7306,1,0.0,1070512,3,,3,0,,,,0.0,
1973,7310,1,21540.0,1070512,19,,1,0,,,,1.0,
1974,7315,1,5061.9,1070512,10,,2,0,,,,0.0,
1975,7316,1,0.0,1070512,34,,3,0,,,,0.0,
1976,7301,1,19386.0,1070512,15,,1,0,,,,1.0,
1977,7316,1,24771.0,1070512,20,,1,0,,,,1.0,
1978,7301,1,19386.0,1070512,20,,1,0,,,,1.0,
1979,7322,1,0.0,1070512,4,,3,0,,,,0.0,
1980,7317,1,2154.0,1070512,19,,2,0,,,,0.0,
1981,7303,1,323.09999999999997,1070512,11,,3,0,,,,0.0,
1982,7322,1,0.0,1070512,3,,3,0,,,,0.0,
1983,7301,1,1615.5,1070512,4,,3,0,,,,0.0,
1984,7310,1,18309.0,1070512,10,,1,0,,,,1.0,
1985,7321,1,53850.0,1070512,23,,1,0,,,,1.0,
1986,7315,1,1077.0,1070512,14,,2,0,,,,0.0,
1987,7306,1,2154.0,1070512,2,,3,0,,,,1.0,
1988,7319,1,75174.59999999999,1070512,26,,3,0,,,,0.0,
1989,7303,1,19386.0,1070512,10,,3,0,,,,0.0,
1990,7315,1,0.0,1070512,15,,3,0,,,,0.0,
1991,7301,1,11847.0,1070512,19,,3,0,,,,1.0,
1992,7301,1,21540.0,1070512,9,,1,0,,,,1.0,
1993,7301,1,36618.0,1070512,9,,1,0,,,,1.0,
1994,7310,1,39849.0,1070512,7,,3,0,,,,0.0,
1995,7312,1,23694.0,1070512,16,,1,0,,,,1.0,
1996,7315,1,0.0,1070512,22,,3,0,,,,0.0,
1997,7316,1,12924.0,1070512,12,,1,0,,,,1.0,
1998,7320,1,0.0,1070512,30,,3,0,,,,0.0,
1999,7318,1,1023.15,1070512,29,,3,0,,,,1.0,
2000,7315,1,0.0,1070512,3,,2,0,,,,0.0,
2001,7306,1,3769.5,1070512,7,,3,0,,,,0.0,
2002,7312,1,25848.0,1070512,22,,1,0,,,,1.0,
2003,7315,1,2154.0,1070512,13,,2,0,,,,1.0,
2004,7306,1,18201.3,1070512,29,,3,0,,,,0.0,
2005,7301,1,21540.0,1070512,4,,3,0,,,,0.0,
2006,7315,1,0.0,1070512,19,,3,0,,,,0.0,
2007,7322,1,0.0,1070512,7,,3,0,,,,0.0,
2008,7306,1,8616.0,1070512,14,,3,0,,,,0.0,
2009,7318,1,,1070512,3,,3,0,,,,0.0,
2010,7322,1,0.0,1070512,15,,3,0,,,,0.0,
2011,7318,1,12924.0,1070512,8,,3,0,,,,0.0,
2012,7305,1,4308.0,1070512,29,,2,0,,,,0.0,
2013,7303,1,0.0,1070512,12,,3,0,,,,0.0,
2014,7310,1,10985.4,1070512,20,,1,0,,,,1.0,
2015,7303,1,0.0,1070512,39,,3,0,,,,0.0,
2016,7310,1,7323.599999999999,1070512,2,,2,0,,,,0.0,
2017,7306,1,0.0,1070512,3,,3,0,,,,0.0,
2018,7321,1,38772.0,1070512,48,,1,0,,,,1.0,
2019,7321,1,38772.0,1070512,35,,1,0,,,,1.0,
2020,7322,1,0.0,1070512,5,,3,0,,,,0.0,
2021,7306,1,12924.0,1070512,5,,3,0,,,,0.0,
2022,7320,1,0.0,1070512,2,,3,0,,,,0.0,
2023,7303,1,,1070512,3,,3,0,,,,0.0,
2024,7319,1,0.0,1070512,4,,3,0,,,,0.0,
2025,7321,1,51696.0,1070512,41,,1,0,,,,1.0,
2026,7301,1,31986.899999999998,1070512,19,,1,0,,,,1.0,
2027,7306,1,16693.5,1070512,19,,3,0,,,,0.0,
2028,7309,1,26925.0,1070512,2,,3,0,,,,0.0,
2029,7310,1,4631.099999999999,1070512,2,,2,0,,,,0.0,
2030,7314,1,10339.199999999999,1070512,14,,3,0,,,,0.0,
2031,7319,1,0.0,1070512,3,,3,0,,,,0.0,
2032,7322,1,0.0,1070512,6,,3,0,,,,0.0,
2033,7306,1,0.0,1070512,7,,3,0,,,,0.0,
2034,7322,1,0.0,1070512,12,,3,0,,,,0.0,
2035,7310,1,0.0,1070512,1,,3,0,,,,0.0,
2036,7301,1,20463.0,1070512,21,,1,0,,,,1.0,
2037,7316,1,16370.4,1070512,20,,1,0,,,,1.0,
2038,7321,1,32310.0,1070512,42,,1,0,,,,1.0,
2039,7321,1,11631.6,1070512,4,,3,0,,,,0.0,
2040,7301,1,25740.3,1070512,19,,1,0,,,,1.0,
2041,7308,1,14970.3,1070512,7,,3,0,,,,0.0,
2042,7322,1,0.0,1070512,5,,3,0,,,,0.0,
2043,7317,1,0.0,1070512,19,,2,0,,,,0.0,
2044,7322,1,0.0,1070512,2,,3,0,,,,0.0,
2045,7319,1,0.0,1070512,7,,3,0,,,,0.0,
2046,7309,1,17232.0,1070512,12,,3,0,,,,0.0,
2047,7301,1,18309.0,1070512,5,,1,0,,,,1.0,
2048,7309,1,10339.199999999999,1070512,17,,3,0,,,,0.0,
2049,7315,1,3877.2,1070512,12,,2,0,,,,0.0,
2050,7302,1,35110.2,1070512,17,,3,0,,,,0.0,
2051,7315,1,11631.6,1070512,5,,3,0,,,,0.0,
2052,7322,1,0.0,1070512,4,,3,0,,,,0.0,
2053,7312,1,12924.0,1070512,13,,1,0,,,,1.0,
2054,7301,1,7754.4,1070512,15,,3,0,,,,1.0,
2055,7310,1,40926.0,1070512,14,,1,0,,,,1.0,
2056,7310,1,24771.0,1070512,15,,1,0,,,,1.0,
2057,7310,1,80775.0,1070512,16,,1,0,,,,1.0,
2058,7315,1,0.0,1070512,14,,2,0,,,,0.0,
2059,7307,1,77220.9,1070512,6,,3,0,,,,0.0,
2060,7311,1,10554.6,1070512,9,,3,0,,,,0.0,
2061,7315,1,8616.0,1070512,13,,2,0,,,,0.0,
2062,7310,1,24771.0,1070512,16,,1,0,,,,1.0,
2063,7310,1,18201.3,1070512,16,,1,0,,,,1.0,
2064,7317,1,2692.5,1070512,9,,2,0,,,,0.0,
2065,7316,1,25848.0,1070512,15,,1,0,,,,1.0,
2066,7317,1,0.0,1070512,4,,3,0,,,,0.0,
2067,7301,1,18309.0,1070512,8,,1,0,,,,1.0,
2068,7306,1,12924.0,1070512,15,,3,0,,,,0.0,
2069,7316,1,86160.0,1070512,17,,1,0,,,,1.0,
2070,7307,1,64620.0,1070512,6,,3,0,,,,1.0,
2071,7301,1,21540.0,1070512,16,,1,0,,,,1.0,
2072,7301,1,0.0,1070512,5,,3,0,,,,0.0,
2073,7315,1,5385.0,1070512,15,,2,0,,,,0.0,
2074,7317,1,0.0,1070512,3,,3,0,,,,0.0,
2075,7313,1,3661.7999999999997,1070512,4,,3,0,,,,0.0,
2076,7301,1,18847.5,1070512,19,,1,0,,,,1.0,
2077,7301,1,21540.0,1070512,12,,1,0,,,,1.0,
2078,7310,1,2154.0,1070512,19,,2,0,,,,0.0,
2079,7314,1,26925.0,1070512,16,,3,0,,,,0.0,
2080,7301,1,46849.5,1070512,3,,3,0,,,,0.0,
2081,7301,1,25848.0,1070512,8,,1,0,,,,1.0,
2082,7312,1,21540.0,1070512,14,,1,0,,,,1.0,
2083,7307,1,9046.8,1070512,8,,3,0,,,,0.0,
2084,7302,1,0.0,1070512,2,,3,0,,,,0.0,
2085,7315,1,3877.2,1070512,17,,2,0,,,,0.0,
2086,7317,1,0.0,1070512,22,,2,0,,,,0.0,
2087,7302,1,0.0,1070512,14,,3,0,,,,0.0,
2088,7315,1,8616.0,1070512,20,,2,0,,,,0.0,
2089,7311,1,10770.0,1070512,10,,3,0,,,,0.0,
2090,7316,1,18309.0,1070512,7,,3,0,,,,0.0,
2091,7315,1,22617.0,1070512,10,,2,0,,,,1.0,
2092,7303,1,12924.0,1070512,10,,3,0,,,,0.0,
2093,7319,1,0.0,1070512,15,,3,0,,,,0.0,
2094,7312,1,20463.0,1070512,9,,1,0,,,,1.0,
2095,7310,1,32310.0,1070512,16,,1,0,,,,1.0,
2096,7316,1,0.0,1070512,21,,3,0,,,,0.0,
2097,7316,1,14001.0,1070512,10,,3,0,,,,0.0,
2098,7315,1,2154.0,1070512,13,,2,0,,,,0.0,
2099,7319,1,0.0,1070512,13,,3,0,,,,0.0,
2100,7301,1,18309.0,1070512,5,,1,0,,,,1.0,
2101,7317,1,0.0,1070512,23,,2,0,,,,0.0,
2102,7322,1,0.0,1070512,19,,3,0,,,,0.0,
2103,7305,1,2154.0,1070512,29,,2,0,,,,0.0,
2104,7313,1,3661.7999999999997,1070512,3,,3,0,,,,0.0,
2105,7319,1,23694.0,1070512,19,,3,0,,,,0.0,
2106,7321,1,56004.0,1070512,41,,1,0,,,,1.0,
2107,7321,1,0.0,1070512,2,,3,0,,,,0.0,
2108,7310,1,14539.5,1070512,11,,3,0,,,,0.0,
2109,7319,1,3769.5,1070512,3,,3,0,,,,0.0,
2110,7315,1,4308.0,1070512,11,,2,0,,,,0.0,
2111,7305,1,23694.0,1070512,12,,3,0,,,,0.0,
2112,7318,1,0.0,1070512,1,,3,0,,,,0.0,
2113,7310,1,17232.0,1070512,18,,1,0,,,,1.0,
2114,7306,1,10339.199999999999,1070512,2,,3,0,,,,0.0,
2115,7316,1,28002.0,1070512,13,,1,0,,,,1.0,
2116,7302,1,1830.8999999999999,1070512,4,,3,0,,,,0.0,
2117,7301,1,20463.0,1070512,6,,1,0,,,,1.0,
2118,7321,1,23780.16,1070512,5,,3,0,,,,0.0,
2119,7319,1,0.0,1070512,2,,3,0,,,,0.0,
2120,7316,1,0.0,1070512,14,,3,0,,,,0.0,
2121,7315,1,0.0,1070512,13,,2,0,,,,0.0,
2122,7301,1,23694.0,1070512,12,,1,0,,,,1.0,
2123,7310,1,0.0,1070512,10,,3,0,,,,0.0,
2124,7319,1,9154.5,1070512,6,,3,0,,,,0.0,
2125,7306,1,10770.0,1070512,7,,3,0,,,,0.0,
2126,7318,1,0.0,1070512,2,,3,0,,,,0.0,
2127,7315,1,16155.0,1070512,13,,3,0,,,,0.0,
2128,7321,1,26925.0,1070512,40,,1,0,,,,1.0,
2129,7316,1,15078.0,1070512,17,,3,0,,,,0.0,
2130,7310,1,21540.0,1070512,2,,1,0,,,,1.0,
2131,7319,1,13570.199999999999,1070512,17,,3,0,,,,0.0,
2132,7318,1,4092.6,1070512,6,,3,0,,,,0.0,
2133,7319,1,7754.4,1070512,4,,3,0,,,,1.0,
2134,7322,1,0.0,1070512,2,,3,0,,,,0.0,
2135,7319,1,91545.0,1070512,3,,3,0,,,,0.0,
2136,7301,1,51588.299999999996,1070512,20,,1,0,,,,1.0,
2137,7319,1,26925.0,1070512,3,,3,0,,,,0.0,
2138,7317,1,4308.0,1070512,25,,2,0,,,,0.0,
2139,7317,1,0.0,1070512,1,,3,0,,,,0.0,
2140,7310,1,0.0,1070512,8,,2,0,,,,0.0,
2141,7321,1,77544.0,1070512,41,,1,0,,,,1.0,
2142,7313,1,,1070512,2,,3,0,,,,0.0,
2143,7309,1,18309.0,1070512,2,,3,0,,,,0.0,
2144,7321,1,86160.0,1070512,47,,1,0,,,,1.0,
2145,7321,1,12924.0,1070512,2,,3,0,,,,0.0,
2146,7301,1,20463.0,1070512,15,,1,0,,,,1.0,
2147,7301,1,30156.0,1070512,20,,1,0,,,,1.0,
2148,7301,1,17232.0,1070512,11,,1,0,,,,1.0,
2149,7321,1,21540.0,1070512,15,,3,0,,,,0.0,
2150,7315,1,10770.0,1070512,13,,2,0,,,,1.0,
2151,7321,1,53850.0,1070512,34,,1,0,,,,1.0,
2152,7316,1,19386.0,1070512,9,,1,0,,,,1.0,
2153,7301,1,28002.0,1070512,18,,1,0,,,,1.0,
2154,7301,1,0.0,1070512,5,,3,0,,,,0.0,
2155,7321,1,18309.0,1070512,45,,1,0,,,,1.0,
2156,7301,1,32310.0,1070512,19,,1,0,,,,1.0,
2157,7301,1,32310.0,1070512,12,,1,0,,,,1.0,
2158,7310,1,0.0,1070512,19,,2,0,,,,0.0,
2159,7301,1,26925.0,1070512,3,,3,0,,,,0.0,
2160,7319,1,0.0,1070512,12,,3,0,,,,0.0,
2161,7301,1,22617.0,1070512,12,,1,0,,,,1.0,
2162,7315,1,7323.599999999999,1070512,17,,2,0,,,,0.0,
2163,7310,1,31986.899999999998,1070512,11,,1,0,,,,1.0,
2164,7315,1,23694.0,1070512,13,,3,0,,,,0.0,
2165,7315,1,0.0,1070512,15,,2,0,,,,0.0,
2166,7310,1,22617.0,1070512,11,,1,0,,,,1.0,
2167,7322,1,0.0,1070512,4,,3,0,,,,0.0,
2168,7313,1,17232.0,1070512,17,,3,0,,,,0.0,
2169,7321,1,36833.4,1070512,18,,1,0,,,,1.0,
2170,7315,1,0.0,1070512,4,,3,0,,,,0.0,
2171,7316,1,25848.0,1070512,12,,1,0,,,,1.0,
2172,7308,1,7539.0,1070512,5,,3,0,,,,0.0,
2173,7310,1,8077.5,1070512,2,,1,0,,,,1.0,
2174,7301,1,13139.4,1070512,1,,3,0,,,,0.0,
2175,7310,1,3984.8999999999996,1070512,4,,3,0,,,,0.0,
2176,7321,1,26925.0,1070512,35,,1,0,,,,1.0,
2177,7303,1,29402.1,1070512,9,,3,0,,,,0.0,
2178,7310,1,21540.0,1070512,2,,1,0,,,,1.0,
2179,7301,1,21540.0,1070512,9,,1,0,,,,1.0,
2180,7315,1,0.0,1070512,18,,2,0,,,,0.0,
2181,7313,1,7754.4,1070512,10,,3,0,,,,0.0,
2182,7301,1,24771.0,1070512,5,,1,0,,,,1.0,
2183,7315,1,7323.599999999999,1070512,17,,2,0,,,,0.0,
2184,7301,1,23694.0,1070512,13,,1,0,,,,1.0,
2185,7308,1,7754.4,1070512,11,,3,0,,,,0.0,
2186,7307,1,12385.5,1070512,14,,3,0,,,,1.0,
2187,7310,1,38772.0,1070512,22,,1,0,,,,1.0,
2188,7319,1,6462.0,1070512,3,,3,0,,,,1.0,
2189,7316,1,25848.0,1070512,12,,1,0,,,,1.0,
2190,7316,1,0.0,1070512,14,,3,0,,,,0.0,
2191,7320,1,0.0,1070512,7,,3,0,,,,0.0,
2192,7301,1,20463.0,1070512,22,,1,0,,,,1.0,
2193,7319,1,0.0,1070512,10,,3,0,,,,0.0,
2194,7320,1,23478.6,1070512,11,,3,0,,,,0.0,
2195,7301,1,18309.0,1070512,12,,1,0,,,,1.0,
2196,7310,1,24771.0,1070512,7,,1,0,,,,1.0,
2197,7319,1,0.0,1070512,13,,3,0,,,,0.0,
2198,7314,1,11631.6,1070512,4,,3,0,,,,0.0,
2199,7314,1,16155.0,1070512,5,,3,0,,,,0.0,
2200,7313,1,0.0,1070512,8,,3,0,,,,0.0,
2201,7318,1,0.0,1070512,5,,3,0,,,,0.0,
2202,7303,1,27140.399999999998,1070512,3,,3,0,,,,0.0,
2203,7319,1,23478.6,1070512,11,,3,0,,,,0.0,
2204,7303,1,1077.0,1070512,3,,2,0,,,,0.0,
2205,7313,1,60958.2,1070512,9,,3,0,,,,0.0,
2206,7316,1,2261.7,1070512,29,,3,0,,,,0.0,
2207,7316,1,7646.7,1070512,9,,3,0,,,,0.0,
2208,7304,1,0.0,1070512,3,,3,0,,,,0.0,
2209,7316,1,25848.0,1070512,21,,3,0,,,,1.0,
2210,7315,1,0.0,1070512,17,,2,0,,,,0.0,
2211,7306,1,9693.0,1070512,2,,3,0,,,,0.0,
2212,7301,1,24771.0,1070512,4,,1,0,,,,1.0,
2213,7301,1,25848.0,1070512,7,,1,0,,,,1.0,
2214,7310,1,20463.0,1070512,18,,1,0,,,,1.0,
2215,7315,1,0.0,1070512,26,,3,0,,,,0.0,
2216,7319,1,0.0,1070512,1,,3,0,,,,0.0,
2217,7316,1,10554.6,1070512,11,,3,0,,,,0.0,
2218,7301,1,19278.3,1070512,15,,1,0,,,,1.0,
2219,7301,1,18309.0,1070512,16,,1,0,,,,1.0,
2220,7319,1,19386.0,1070512,3,,3,0,,,,0.0,
2221,7322,1,0.0,1070512,4,,3,0,,,,0.0,
2222,7312,1,16370.4,1070512,14,,1,0,,,,1.0,
2223,7322,1,0.0,1070512,15,,3,0,,,,0.0,
2224,7315,1,0.0,1070512,6,,2,0,,,,0.0,
2225,7310,1,40926.0,1070512,11,,1,0,,,,1.0,
2226,7303,1,323.09999999999997,1070512,9,,3,0,,,,0.0,
2227,7303,1,24124.8,1070512,3,,3,0,,,,0.0,
2228,7306,1,27032.7,1070512,2,,3,0,,,,0.0,
2229,7313,1,6462.0,1070512,9,,3,0,,,,0.0,
2230,7309,1,17985.899999999998,1070512,15,,3,0,,,,1.0,
2231,7304,1,0.0,1070512,1,,3,0,,,,0.0,
2232,7315,1,0.0,1070512,16,,2,0,,,,0.0,
2233,7319,1,0.0,1070512,30,,3,0,,,,0.0,
2234,7315,1,0.0,1070512,10,,2,0,,,,0.0,
2235,7316,1,4308.0,1070512,34,,3,0,,,,0.0,
2236,7301,1,19386.0,1070512,23,,1,0,,,,1.0,
2237,7322,1,0.0,1070512,3,,3,0,,,,0.0,
2238,7301,1,14001.0,1070512,5,,3,0,,,,0.0,
2239,7321,1,15078.0,1070512,3,,3,0,,,,0.0,
2240,7321,1,38772.0,1070512,14,,1,0,,,,1.0,
2241,7302,1,1615.5,1070512,4,,3,0,,,,0.0,
2242,7316,1,19386.0,1070512,19,,1,0,,,,1.0,
2243,7303,1,16155.0,1070512,6,,3,0,,,,0.0,
2244,7315,1,0.0,1070512,11,,2,0,,,,0.0,
2245,7303,1,32310.0,1070512,6,,3,0,,,,0.0,
2246,7319,1,5385.0,1070512,1,,3,0,,,,0.0,
2247,7303,1,12924.0,1070512,29,,3,0,,,,0.0,
2248,7303,1,0.0,1070512,11,,3,0,,,,0.0,
2249,7310,1,22617.0,1070512,3,,3,0,,,,0.0,
2250,7309,1,10339.199999999999,1070512,16,,3,0,,,,0.0,
2251,7301,1,21540.0,1070512,18,,1,0,,,,1.0,
2252,7303,1,430.79999999999995,1070512,11,,3,0,,,,0.0,
2253,7301,1,18309.0,1070512,16,,1,0,,,,1.0,
2254,7313,1,3231.0,1070512,11,,3,0,,,,0.0,
2255,7306,1,0.0,1070512,11,,3,0,,,,0.0,
2256,7321,1,23694.0,1070512,42,,1,0,,,,1.0,
2257,7310,1,1938.6,1070512,16,,2,0,,,,0.0,
2258,7312,1,26925.0,1070512,14,,1,0,,,,1.0,
2259,7309,1,15185.699999999999,1070512,4,,3,0,,,,0.0,
2260,7301,1,20463.0,1070512,16,,1,0,,,,1.0,
2261,7313,1,12924.0,1070512,6,,3,0,,,,0.0,
2262,7310,1,21540.0,1070512,15,,1,0,,,,1.0,
2263,7316,1,10554.6,1070512,1,,3,0,,,,0.0,
2264,7301,1,43080.0,1070512,21,,1,0,,,,1.0,
2265,7319,1,0.0,1070512,4,,3,0,,,,0.0,
2266,7318,1,0.0,1070512,2,,2,0,,,,0.0,
2267,7313,1,3231.0,1070512,15,,3,0,,,,0.0,
2268,7310,1,25848.0,1070512,13,,1,0,,,,1.0,
2269,7315,1,5061.9,1070512,15,,2,0,,,,1.0,
2270,7301,1,24771.0,1070512,19,,1,0,,,,1.0,
2271,7319,1,19386.0,1070512,2,,3,0,,,,0.0,
2272,7313,1,0.0,1070512,1,,3,0,,,,0.0,
2273,7322,1,6462.0,1070512,10,,3,0,,,,0.0,
2274,7305,1,0.0,1070512,3,,3,0,,,,0.0,
2275,7301,1,35433.299999999996,1070512,21,,1,0,,,,1.0,
2276,7303,1,21540.0,1070512,10,,3,0,,,,0.0,
2277,7302,1,2154.0,1070512,3,,3,0,,,,0.0,
2278,7318,1,11631.6,1070512,5,,3,0,,,,0.0,
2279,7312,1,21540.0,1070512,14,,1,0,,,,1.0,
2280,7321,1,56004.0,1070512,17,,1,0,,,,1.0,
2281,7301,1,25848.0,1070512,17,,1,0,,,,1.0,
2282,7316,1,20463.0,1070512,3,,3,0,,,,0.0,
2283,7306,1,1615.5,1070512,4,,3,0,,,,0.0,
2284,7306,1,0.0,1070512,1,,3,0,,,,0.0,
2285,7305,1,5385.0,1070512,28,,2,0,,,,0.0,
2286,7305,1,11631.6,1070512,9,,3,0,,,,0.0,
2287,7319,1,0.0,1070512,17,,3,0,,,,0.0,
2288,7315,1,10770.0,1070512,15,,3,0,,,,0.0,
2289,7317,1,0.0,1070512,16,,2,0,,,,0.0,
2290,7301,1,20463.0,1070512,9,,1,0,,,,1.0,
2291,7318,1,19386.0,1070512,5,,3,0,,,,0.0,
2292,7301,1,19386.0,1070512,15,,1,0,,,,1.0,
2293,7319,1,13570.199999999999,1070512,3,,3,0,,,,0.0,
2294,7319,1,2261.7,1070512,8,,3,0,,,,0.0,
2295,7319,1,0.0,1070512,6,,3,0,,,,0.0,
2296,7301,1,18201.3,1070512,5,,1,0,,,,1.0,
2297,7319,1,35110.2,1070512,4,,3,0,,,,0.0,
2298,7306,1,0.0,1070512,2,,3,0,,,,0.0,
2299,7312,1,24771.0,1070512,12,,1,0,,,,1.0,
2300,7322,1,0.0,1070512,24,,3,0,,,,0.0,
2301,7301,1,75174.59999999999,1070512,54,,3,0,,,,0.0,
2302,7301,1,45234.0,1070512,6,,1,0,,,,1.0,
2303,7313,1,0.0,1070512,39,,3,0,,,,0.0,
2304,7310,1,19278.3,1070512,12,,3,0,,,,0.0,
2305,7310,1,16155.0,1070512,2,,3,0,,,,0.0,
2306,7301,1,30156.0,1070512,14,,1,0,,,,1.0,
2307,7311,1,21540.0,1070512,13,,3,0,,,,1.0,
2308,7310,1,3877.2,1070512,16,,2,0,,,,0.0,
2309,7310,1,10770.0,1070512,41,,1,0,,,,1.0,
2310,7313,1,0.0,1070512,16,,3,0,,,,0.0,
2311,7301,1,24771.0,1070512,20,,1,0,,,,1.0,
2312,7301,1,25848.0,1070512,11,,1,0,,,,1.0,
2313,7317,1,12708.6,1070512,3,,3,0,,,,0.0,
2314,7304,1,3769.5,1070512,5,,3,0,,,,0.0,
2315,7301,1,27894.3,1070512,15,,1,0,,,,1.0,
2316,7301,1,21540.0,1070512,15,,1,0,,,,1.0,
2317,7322,1,0.0,1070512,17,,3,0,,,,0.0,
2318,7319,1,13893.3,1070512,5,,3,0,,,,0.0,
2319,7315,1,3877.2,1070512,5,,3,0,,,,0.0,
2320,7301,1,20463.0,1070512,1,,1,0,,,,1.0,
2321,7316,1,25848.0,1070512,3,,3,0,,,,1.0,
2322,7315,1,16155.0,1070512,13,,3,0,,,,0.0,
2323,7316,1,113085.0,1070512,29,,1,0,,,,1.0,
2324,7317,1,0.0,1070512,15,,2,0,,,,0.0,
2325,7310,1,23694.0,1070512,5,,3,0,,,,0.0,
2326,7322,1,0.0,1070512,5,,3,0,,,,0.0,
2327,7307,1,0.0,1070512,5,,3,0,,,,0.0,
2328,7313,1,10339.199999999999,1070512,3,,3,0,,,,0.0,
2329,7310,1,6462.0,1070512,1,,3,0,,,,1.0,
2330,7322,1,0.0,1070512,6,,3,0,,,,0.0,
2331,7317,1,1938.6,1070512,28,,2,0,,,,0.0,
2332,7301,1,20463.0,1070512,14,,1,0,,,,1.0,
2333,7309,1,16262.699999999999,1070512,4,,3,0,,,,0.0,
2334,7313,1,16693.5,1070512,16,,3,0,,,,0.0,
2335,7301,1,19278.3,1070512,15,,1,0,,,,1.0,
2336,7315,1,4308.0,1070512,9,,2,0,,,,0.0,
2337,7321,1,21540.0,1070512,28,,3,0,,,,1.0,
2338,7313,1,23694.0,1070512,12,,3,0,,,,0.0,
2339,7316,1,12924.0,1070512,14,,3,0,,,,0.0,
2340,7301,1,22617.0,1070512,13,,1,0,,,,1.0,
2341,7310,1,5061.9,1070512,1,,2,0,,,,0.0,
2342,7319,1,0.0,1070512,2,,3,0,,,,0.0,
2343,7301,1,23694.0,1070512,15,,1,0,,,,1.0,
2344,7301,1,20463.0,1070512,14,,1,0,,,,1.0,
2345,7319,1,7000.5,1070512,2,,3,0,,,,0.0,
2346,7307,1,0.0,1070512,4,,3,0,,,,0.0,
2347,7316,1,23586.3,1070512,16,,1,0,,,,1.0,
2348,7310,1,8077.5,1070512,2,,2,0,,,,0.0,
2349,7301,1,6462.0,1070512,6,,3,0,,,,1.0,
2350,7321,1,25632.6,1070512,3,,3,0,,,,0.0,
2351,7306,1,3877.2,1070512,2,,3,0,,,,0.0,
2352,7318,1,1723.1999999999998,1070512,24,,3,0,,,,0.0,
2353,7313,1,16693.5,1070512,7,,3,0,,,,0.0,
2354,7318,1,7754.4,1070512,7,,3,0,,,,1.0,
2355,7322,1,0.0,1070512,5,,3,0,,,,0.0,
2356,7322,1,0.0,1070512,3,,3,0,,,,0.0,
2357,7321,1,23694.0,1070512,1,,3,0,,,,0.0,
2358,7305,1,14539.5,1070512,13,,3,0,,,,0.0,
2359,7301,1,18309.0,1070512,22,,1,0,,,,1.0,
2360,7301,1,24771.0,1070512,11,,1,0,,,,1.0,
2361,7303,1,161.54999999999998,1070512,9,,3,0,,,,0.0,
2362,7316,1,21540.0,1070512,15,,1,0,,,,1.0,
2363,7319,1,12924.0,1070512,17,,3,0,,,,0.0,
2364,7315,1,3877.2,1070512,16,,2,0,,,,0.0,
2365,7316,1,86160.0,1070512,19,,1,0,,,,1.0,
2366,7302,1,6462.0,1070512,33,,3,0,,,,1.0,
2367,7322,1,0.0,1070512,5,,3,0,,,,0.0,
2368,7322,1,0.0,1070512,2,,3,0,,,,0.0,
2369,7301,1,23586.3,1070512,24,,1,0,,,,1.0,
2370,7317,1,1077.0,1070512,19,,2,0,,,,0.0,
2371,7316,1,28971.3,1070512,19,,1,0,,,,1.0,
2372,7310,1,0.0,1070512,19,,3,0,,,,0.0,
2373,7321,1,12924.0,1070512,4,,3,0,,,,0.0,
2374,7317,1,0.0,1070512,4,,3,0,,,,0.0,
2375,7320,1,18955.2,1070512,16,,3,0,,,,0.0,
2376,7310,1,21540.0,1070512,23,,1,0,,,,1.0,
2377,7301,1,30156.0,1070512,15,,1,0,,,,1.0,
2378,7315,1,11631.6,1070512,1,,3,0,,,,0.0,
2379,7313,1,15508.8,1070512,10,,3,0,,,,0.0,
2380,7319,1,0.0,1070512,15,,3,0,,,,0.0,
2381,7306,1,3231.0,1070512,6,,3,0,,,,0.0,
2382,7317,1,0.0,1070512,10,,2,0,,,,0.0,
2383,7302,1,6677.4,1070512,4,,3,0,,,,0.0,
2384,7321,1,17985.899999999998,1070512,9,,3,0,,,,1.0,
2385,7306,1,0.0,1070512,25,,3,0,,,,0.0,
2386,7316,1,6462.0,1070512,4,,3,0,,,,1.0,
2387,7315,1,21540.0,1070512,11,,2,0,,,,0.0,
2388,7319,1,0.0,1070512,5,,3,0,,,,0.0,
2389,7301,1,18309.0,1070512,16,,1,0,,,,1.0,
2390,7306,1,10339.199999999999,1070512,26,,3,0,,,,0.0,
2391,7318,1,11631.6,1070512,1,,3,0,,,,0.0,
2392,7301,1,18309.0,1070512,20,,1,0,,,,1.0,
2393,7307,1,77220.9,1070512,4,,3,0,,,,0.0,
2394,7322,1,0.0,1070512,7,,3,0,,,,0.0,
2395,7315,1,0.0,1070512,4,,2,0,,,,0.0,
2396,7321,1,16155.0,1070512,3,,3,0,,,,0.0,
2397,7316,1,2154.0,1070512,21,,3,0,,,,1.0,
2398,7310,1,0.0,1070512,11,,3,0,,,,0.0,
2399,7301,1,22617.0,1070512,9,,1,0,,,,1.0,
2400,7322,1,0.0,1070512,20,,3,0,,,,0.0,
2401,7307,1,75174.59999999999,1070512,7,,3,0,,,,0.0,
2402,7316,1,26925.0,1070512,3,,3,0,,,,0.0,
2403,7314,1,12924.0,1070512,12,,3,0,,,,0.0,
2404,7313,1,43080.0,1070512,8,,3,0,,,,0.0,
2405,7301,1,21540.0,1070512,13,,1,0,,,,1.0,
2406,7310,1,12924.0,1070512,25,,1,0,,,,1.0,
2407,7316,1,646.1999999999999,1070512,16,,3,0,,,,0.0,
2408,7318,1,0.0,1070512,5,,3,0,,,,0.0,
2409,7321,1,70005.0,1070512,35,,1,0,,,,1.0,
2410,7322,1,0.0,1070512,7,,3,0,,,,0.0,
2411,7310,1,14001.0,1070512,11,,3,0,,,,0.0,
2412,7315,1,0.0,1070512,4,,2,0,,,,0.0,
2413,7319,1,0.0,1070512,14,,3,0,,,,0.0,
2414,7301,1,23586.3,1070512,18,,1,0,,,,1.0,
2415,7301,1,20463.0,1070512,16,,1,0,,,,1.0,
2416,7310,1,7862.099999999999,1070512,5,,3,0,,,,0.0,
2417,7307,1,24017.1,1070512,11,,3,0,,,,1.0,
2418,7307,1,23780.16,1070512,1,,3,0,,,,0.0,
2419,7322,1,0.0,1070512,15,,3,0,,,,0.0,
2420,7308,1,8831.4,1070512,16,,3,0,,,,0.0,
2421,7319,1,8939.1,1070512,13,,3,0,,,,0.0,
2422,7301,1,21540.0,1070512,5,,1,0,,,,1.0,
2423,7310,1,0.0,1070512,3,,3,0,,,,0.0,
2424,7322,1,0.0,1070512,17,,3,0,,,,0.0,
2425,7316,1,22617.0,1070512,66,,1,0,,,,1.0,
2426,7322,1,0.0,1070512,4,,3,0,,,,0.0,
2427,7318,1,3231.0,1070512,4,,3,0,,,,0.0,
2428,7307,1,,1070512,2,,3,0,,,,0.0,
2429,7301,1,20463.0,1070512,14,,1,0,,,,1.0,
2430,7310,1,53850.0,1070512,17,,1,0,,,,1.0,
2431,7322,1,0.0,1070512,3,,2,0,,,,0.0,
2432,7321,1,80775.0,1070512,55,,1,0,,,,1.0,
2433,7310,1,0.0,1070512,2,,3,0,,,,0.0,
2434,7303,1,0.0,1070512,4,,3,0,,,,0.0,
2435,7319,1,0.0,1070512,5,,2,0,,,,0.0,
2436,7316,1,19386.0,1070512,13,,1,0,,,,1.0,
2437,7301,1,21540.0,1070512,2,,1,0,,,,1.0,
2438,7301,1,19386.0,1070512,15,,1,0,,,,1.0,
2439,7315,1,0.0,1070512,10,,2,0,,,,0.0,
2440,7306,1,77220.9,1070512,76,,3,0,,,,0.0,
2441,7301,1,21540.0,1070512,20,,1,0,,,,1.0,
2442,7316,1,28002.0,1070512,14,,1,0,,,,1.0,
2443,7301,1,20463.0,1070512,20,,1,0,,,,1.0,
2444,7310,1,13462.5,1070512,17,,3,0,,,,0.0,
2445,7305,1,5385.0,1070512,24,,2,0,,,,0.0,
2446,7312,1,12924.0,1070512,9,,1,0,,,,1.0,
2447,7301,1,21540.0,1070512,6,,1,0,,,,1.0,
2448,7316,1,38448.9,1070512,14,,3,0,,,,0.0,
2449,7301,1,20463.0,1070512,19,,1,0,,,,1.0,
2450,7322,1,1292.3999999999999,1070512,18,,3,0,,,,0.0,
2451,7301,1,25848.0,1070512,6,,1,0,,,,1.0,
2452,7303,1,0.0,1070512,16,,3,0,,,,0.0,
2453,7313,1,6462.0,1070512,1,,3,0,,,,0.0,
2454,7310,1,6462.0,1070512,1,,3,0,,,,1.0,
2455,7309,1,0.0,1070512,14,,3,0,,,,0.0,
2456,7319,1,0.0,1070512,2,,3,0,,,,0.0,
2457,7306,1,15508.8,1070512,5,,3,0,,,,0.0,
2458,7307,1,,1070512,4,,3,0,,,,0.0,
2459,7321,1,15078.0,1070512,34,,1,0,,,,1.0,
2460,7305,1,14001.0,1070512,36,,3,0,,,,0.0,
2461,7305,1,22293.899999999998,1070512,8,,3,0,,,,0.0,
2462,7301,1,20463.0,1070512,4,,1,0,,,,1.0,
2463,7310,1,0.0,1070512,18,,2,0,,,,0.0,
2464,7310,1,0.0,1070512,17,,2,0,,,,0.0,
2465,7301,1,20463.0,1070512,18,,1,0,,,,1.0,
2466,7306,1,12924.0,1070512,2,,3,0,,,,0.0,
2467,7316,1,20463.0,1070512,9,,1,0,,,,1.0,
2468,7316,1,0.0,1070512,19,,3,0,,,,0.0,
2469,7308,1,19386.0,1070512,2,,3,0,,,,0.0,
2470,7301,1,25848.0,1070512,7,,1,0,,,,1.0,
2471,7316,1,807.75,1070512,21,,1,0,,,,1.0,
2472,7316,1,25848.0,1070512,21,,3,0,,,,0.0,
2473,7306,1,32310.0,1070512,5,,3,0,,,,0.0,
2474,7310,1,0.0,1070512,7,,2,0,,,,0.0,
2475,7310,1,0.0,1070512,19,,2,0,,,,0.0,
2476,7322,1,0.0,1070512,15,,3,0,,,,0.0,
2477,7321,1,4308.0,1070512,4,,3,0,,,,0.0,
2478,7319,1,0.0,1070512,2,,3,0,,,,0.0,
2479,7319,1,0.0,1070512,3,,3,0,,,,0.0,
2480,7312,1,20463.0,1070512,10,,1,0,,,,1.0,
2481,7319,1,4092.6,1070512,14,,3,0,,,,0.0,
2482,7316,1,0.0,1070512,21,,3,0,,,,0.0,
2483,7301,1,0.0,1070512,1,,3,0,,,,0.0,
2484,7310,1,12924.0,1070512,14,,1,0,,,,1.0,
2485,7316,1,25848.0,1070512,66,,1,0,,,,1.0,
2486,7301,1,18309.0,1070512,7,,1,0,,,,1.0,
2487,7322,1,29079.0,1070512,15,,3,0,,,,1.0,
2488,7302,1,2154.0,1070512,15,,3,0,,,,0.0,
2489,7303,1,10123.8,1070512,8,,3,0,,,,0.0,
2490,7310,1,21540.0,1070512,14,,1,0,,,,1.0,
2491,7313,1,0.0,1070512,39,,3,0,,,,0.0,
2492,7310,1,0.0,1070512,15,,2,0,,,,0.0,
2493,7316,1,8939.1,1070512,16,,3,0,,,,0.0,
2494,7309,1,7754.4,1070512,12,,3,0,,,,0.0,
2495,7318,1,0.0,1070512,9,,3,0,,,,0.0,
2496,7316,1,18955.2,1070512,2,,3,0,,,,0.0,
2497,7316,1,25848.0,1070512,55,,1,0,,,,1.0,
2498,7319,1,4308.0,1070512,3,,3,0,,,,0.0,
2499,7301,1,26925.0,1070512,5,,3,0,,,,1.0,
2500,7313,1,71082.0,1070512,3,,3,0,,,,0.0,
2501,7313,1,3231.0,1070512,1,,3,0,,,,0.0,
2502,7312,1,25848.0,1070512,17,,1,0,,,,1.0,
2503,7319,1,0.0,1070512,4,,3,0,,,,0.0,
2504,7316,1,45234.0,1070512,2,,3,0,,,,0.0,
2505,7310,1,12924.0,1070512,14,,1,0,,,,1.0,
2506,7319,1,9693.0,1070512,6,,3,0,,,,0.0,
2507,7317,1,0.0,1070512,3,,3,0,,,,0.0,
2508,7305,1,14001.0,1070512,9,,3,0,,,,0.0,
2509,7309,1,0.0,1070512,2,,3,0,,,,0.0,
2510,7310,1,11847.0,1070512,14,,3,0,,,,1.0,
2511,7309,1,17985.899999999998,1070512,2,,3,0,,,,1.0,
2512,7301,1,25848.0,1070512,11,,1,0,,,,1.0,
2513,7322,1,5169.599999999999,1070512,21,,3,0,,,,1.0,
2514,7312,1,29079.0,1070512,11,,1,0,,,,1.0,
2515,7301,1,25848.0,1070512,8,,1,0,,,,1.0,
2516,7313,1,28648.199999999997,1070512,10,,3,0,,,,0.0,
2517,7316,1,10770.0,1070512,3,,3,0,,,,1.0,
2518,7305,1,26925.0,1070512,11,,3,0,,,,0.0,
2519,7315,1,0.0,1070512,18,,2,0,,,,0.0,
2520,7316,1,0.0,1070512,6,,3,0,,,,0.0,
2521,7316,1,8185.2,1070512,2,,3,0,,,,0.0,
2522,7316,1,0.0,1070512,16,,3,0,,,,0.0,
2523,7313,1,0.0,1070512,13,,3,0,,,,0.0,
2524,7310,1,0.0,1070512,18,,2,0,,,,0.0,
2525,7322,1,0.0,1070512,13,,3,0,,,,0.0,
2526,7316,1,26925.0,1070512,16,,1,0,,,,1.0,
2527,7307,1,,1070512,5,,3,0,,,,0.0,
2528,7316,1,0.0,1070512,14,,3,0,,,,0.0,
2529,7301,1,20463.0,1070512,11,,1,0,,,,1.0,
2530,7301,1,21540.0,1070512,16,,1,0,,,,1.0,
2531,7319,1,91545.0,1070512,12,,3,0,,,,0.0,
2532,7313,1,16262.699999999999,1070512,15,,3,0,,,,0.0,
2533,7315,1,1077.0,1070512,13,,2,0,,,,0.0,
2534,7322,1,0.0,1070512,15,,3,0,,,,0.0,
2535,7316,1,0.0,1070512,3,,3,0,,,,0.0,
2536,7301,1,20463.0,1070512,11,,1,0,,,,1.0,
2537,7321,1,70005.0,1070512,20,,1,0,,,,1.0,
2538,7319,1,12924.0,1070512,6,,3,0,,,,0.0,
2539,7301,1,17232.0,1070512,16,,1,0,,,,1.0,
2540,7313,1,14539.5,1070512,11,,3,0,,,,0.0,
2541,7318,1,,1070512,2,,3,0,,,,0.0,
2542,7306,1,32310.0,1070512,2,,3,0,,,,0.0,
2543,7319,1,5169.599999999999,1070512,3,,3,0,,,,1.0,
2544,7316,1,24771.0,1070512,18,,1,0,,,,1.0,
2545,7301,1,21540.0,1070512,13,,1,0,,,,1.0,
2546,7321,1,0.0,1070512,16,,3,0,,,,0.0,
2547,7310,1,53850.0,1070512,12,,3,0,,,,0.0,
2548,7321,1,20678.399999999998,1070512,1,,3,0,,,,0.0,
2549,7308,1,7431.299999999999,1070512,5,,3,0,,,,0.0,
2550,7315,1,215.39999999999998,1070512,15,,2,0,,,,0.0,
2551,7310,1,23694.0,1070512,20,,1,0,,,,1.0,
2552,7315,1,0.0,1070512,43,,2,0,,,,0.0,
2553,7314,1,16155.0,1070512,3,,3,0,,,,0.0,
2554,7301,1,4308.0,1070512,3,,3,0,,,,0.0,
2555,7312,1,24771.0,1070512,16,,1,0,,,,1.0,
2556,7301,1,10554.6,1070512,4,,3,0,,,,0.0,
2557,7316,1,0.0,1070512,4,,3,0,,,,0.0,
2558,7305,1,23780.16,1070512,2,,3,0,,,,0.0,
2559,7322,1,0.0,1070512,5,,3,0,,,,0.0,
2560,7312,1,0.0,1070512,14,,3,0,,,,0.0,
2561,7317,1,2692.5,1070512,8,,2,0,,,,0.0,
2562,7314,1,14108.699999999999,1070512,9,,3,0,,,,0.0,
2563,7314,1,27032.7,1070512,5,,3,0,,,,0.0,
2564,7313,1,32310.0,1070512,13,,3,0,,,,0.0,
2565,7303,1,323.09999999999997,1070512,11,,3,0,,,,0.0,
2566,7316,1,24771.0,1070512,16,,1,0,,,,1.0,
2567,7302,1,23370.899999999998,1070512,17,,2,0,,,,0.0,
2568,7315,1,1723.1999999999998,1070512,36,,2,0,,,,0.0,
2569,7317,1,0.0,1070512,10,,2,0,,,,0.0,
2570,7312,1,36618.0,1070512,16,,1,0,,,,1.0,
2571,7303,1,19924.5,1070512,3,,3,0,,,,0.0,
2572,7317,1,0.0,1070512,19,,2,0,,,,0.0,
2573,7316,1,28002.0,1070512,16,,1,0,,,,1.0,
2574,7316,1,30048.3,1070512,15,,1,0,,,,1.0,
2575,7301,1,21432.3,1070512,12,,1,0,,,,1.0,
2576,7304,1,0.0,1070512,4,,3,0,,,,0.0,
2577,7319,1,23370.899999999998,1070512,7,,2,0,,,,0.0,
2578,7319,1,0.0,1070512,12,,3,0,,,,0.0,
2579,7306,1,23478.6,1070512,5,,3,0,,,,0.0,
2580,7322,1,0.0,1070512,14,,3,0,,,,0.0,
2581,7316,1,,1070512,2,,3,0,,,,0.0,
2582,7320,1,0.0,1070512,3,,3,0,,,,0.0,
2583,7317,1,0.0,1070512,12,,2,0,,,,0.0,
2584,7318,1,28648.199999999997,1070512,1,,3,0,,,,0.0,
2585,7319,1,0.0,1070512,2,,3,0,,,,0.0,
2586,7312,1,4308.0,1070512,14,,3,0,,,,0.0,
2587,7301,1,30156.0,1070512,14,,1,0,,,,1.0,
2588,7313,1,0.0,1070512,1,,3,0,,,,0.0,
2589,7319,1,1798.59,1070512,5,,3,0,,,,1.0,
2590,7301,1,30156.0,1070512,15,,1,0,,,,1.0,
2591,7322,1,0.0,1070512,17,,3,0,,,,0.0,
2592,7310,1,0.0,1070512,8,,2,0,,,,0.0,
2593,7322,1,0.0,1070512,18,,3,0,,,,0.0,
2594,7303,1,0.0,1070512,3,,3,0,,,,0.0,
2595,7316,1,0.0,1070512,19,,3,0,,,,0.0,
2596,7316,1,0.0,1070512,18,,3,0,,,,0.0,
2597,7322,1,0.0,1070512,2,,3,0,,,,0.0,
2598,7309,1,26925.0,1070512,18,,3,0,,,,0.0,
2599,7309,1,28432.8,1070512,3,,3,0,,,,0.0,
2600,7305,1,27032.7,1070512,10,,3,0,,,,0.0,
2601,7301,1,26925.0,1070512,12,,1,0,,,,1.0,
2602,7316,1,5385.0,1070512,39,,3,0,,,,0.0,
2603,7301,1,23694.0,1070512,13,,1,0,,,,1.0,
2604,7313,1,11631.6,1070512,4,,3,0,,,,0.0,
2605,7301,1,20463.0,1070512,9,,1,0,,,,1.0,
2606,7322,1,1615.5,1070512,15,,3,0,,,,0.0,
2607,7301,1,23694.0,1070512,11,,1,0,,,,1.0,
2608,7316,1,25848.0,1070512,15,,1,0,,,,1.0,
2609,7321,1,56004.0,1070512,20,,1,0,,,,1.0,
2610,7310,1,0.0,1070512,1,,3,0,,,,0.0,
2611,7301,1,23586.3,1070512,14,,1,0,,,,1.0,
2612,7309,1,13462.5,1070512,15,,3,0,,,,0.0,
2613,7321,1,19386.0,1070512,53,,1,0,,,,1.0,
2614,7315,1,5061.9,1070512,16,,2,0,,,,1.0,
2615,7301,1,20463.0,1070512,13,,1,0,,,,1.0,
2616,7306,1,4308.0,1070512,7,,3,0,,,,1.0,
2617,7313,1,15078.0,1070512,14,,3,0,,,,0.0,
2618,7313,1,7431.299999999999,1070512,22,,3,0,,,,0.0,
2619,7321,1,113085.0,1070512,36,,1,0,,,,1.0,
2620,7310,1,21540.0,1070512,19,,1,0,,,,1.0,
2621,7313,1,0.0,1070512,1,,3,0,,,,0.0,
2622,7322,1,0.0,1070512,5,,3,0,,,,0.0,
2623,7319,1,0.0,1070512,14,,3,0,,,,0.0,
2624,7316,1,37695.0,1070512,2,,3,0,,,,0.0,
2625,7322,1,0.0,1070512,3,,3,0,,,,0.0,
2626,7321,1,23801.7,1070512,18,,3,0,,,,0.0,
2627,7322,1,0.0,1070512,14,,3,0,,,,0.0,
2628,7301,1,53850.0,1070512,20,,1,0,,,,1.0,
2629,7310,1,19386.0,1070512,19,,1,0,,,,1.0,
2630,7314,1,0.0,1070512,1,,3,0,,,,0.0,
2631,7317,1,0.0,1070512,26,,2,0,,,,0.0,
2632,7310,1,45234.0,1070512,14,,2,0,,,,1.0,
2633,7313,1,13462.5,1070512,9,,3,0,,,,0.0,
2634,7322,1,0.0,1070512,3,,3,0,,,,0.0,
2635,7301,1,20463.0,1070512,9,,1,0,,,,1.0,
2636,7302,1,0.0,1070512,22,,3,0,,,,0.0,
2637,7301,1,22617.0,1070512,11,,1,0,,,,1.0,
2638,7322,1,0.0,1070512,4,,3,0,,,,0.0,
2639,7322,1,0.0,1070512,6,,3,0,,,,0.0,
2640,7303,1,2261.7,1070512,4,,3,0,,,,0.0,
2641,7322,1,0.0,1070512,6,,3,0,,,,0.0,
2642,7316,1,0.0,1070512,1,,3,0,,,,0.0,
2643,7310,1,28540.5,1070512,12,,3,0,,,,1.0,
2644,7322,1,0.0,1070512,13,,3,0,,,,0.0,
2645,7319,1,0.0,1070512,7,,3,0,,,,0.0,
2646,7301,1,20463.0,1070512,19,,1,0,,,,1.0,
2647,7315,1,1938.6,1070512,18,,2,0,,,,0.0,
2648,7319,1,6418.92,1070512,13,,3,0,,,,1.0,
2649,7314,1,0.0,1070512,2,,3,0,,,,0.0,
2650,7314,1,11631.6,1070512,4,,3,0,,,,0.0,
2651,7302,1,0.0,1070512,15,,3,0,,,,0.0,
2652,7317,1,0.0,1070512,17,,2,0,,,,0.0,
2653,7316,1,323.09999999999997,1070512,13,,3,0,,,,0.0,
2654,7312,1,24771.0,1070512,15,,1,0,,,,1.0,
2655,7313,1,10339.199999999999,1070512,3,,3,0,,,,0.0,
2656,7315,1,0.0,1070512,15,,2,0,,,,0.0,
2657,7311,1,6031.2,1070512,13,,3,0,,,,1.0,
2658,7312,1,21970.8,1070512,16,,1,0,,,,1.0,
2659,7310,1,22617.0,1070512,24,,1,0,,,,1.0,
2660,7301,1,0.0,1070512,1,,3,0,,,,0.0,
2661,7303,1,37479.6,1070512,3,,3,0,,,,0.0,
2662,7301,1,20463.0,1070512,5,,1,0,,,,1.0,
2663,7316,1,0.0,1070512,3,,3,0,,,,0.0,
2664,7311,1,0.0,1070512,7,,3,0,,,,0.0,
2665,7312,1,45234.0,1070512,17,,1,0,,,,1.0,
2666,7320,1,32310.0,1070512,10,,3,0,,,,0.0,
2667,7301,1,19386.0,1070512,21,,1,0,,,,1.0,
2668,7309,1,17232.0,1070512,16,,3,0,,,,0.0,
2669,7315,1,14862.599999999999,1070512,12,,3,0,,,,0.0,
2670,7316,1,34464.0,1070512,13,,3,0,,,,0.0,
2671,7321,1,15078.0,1070512,41,,1,0,,,,1.0,
2672,7301,1,22617.0,1070512,12,,1,0,,,,1.0,
2673,7317,1,0.0,1070512,8,,2,0,,,,0.0,
2674,7321,1,10339.199999999999,1070512,4,,3,0,,,,0.0,
2675,7312,1,21540.0,1070512,18,,1,0,,,,1.0,
2676,7317,1,75.39,1070512,16,,2,0,,,,0.0,
2677,7310,1,21540.0,1070512,23,,1,0,,,,1.0,
2678,7306,1,0.0,1070512,2,,3,0,,,,0.0,
2679,7316,1,51696.0,1070512,11,,1,0,,,,1.0,
2680,7316,1,65697.0,1070512,14,,1,0,,,,1.0,
2681,7316,1,21540.0,1070512,13,,1,0,,,,1.0,
2682,7305,1,11631.6,1070512,2,,3,0,,,,0.0,
2683,7316,1,15078.0,1070512,3,,3,0,,,,0.0,
2684,7310,1,1077.0,1070512,7,,2,0,,,,0.0,
2685,7321,1,15078.0,1070512,55,,1,0,,,,1.0,
2686,7301,1,20463.0,1070512,16,,1,0,,,,1.0,
2687,7310,1,25848.0,1070512,15,,1,0,,,,1.0,
2688,7301,1,24663.3,1070512,5,,1,0,,,,1.0,
2689,7322,1,0.0,1070512,2,,3,0,,,,0.0,
2690,7322,1,0.0,1070512,14,,3,0,,,,0.0,
2691,7302,1,0.0,1070512,4,,3,0,,,,0.0,
2692,7315,1,0.0,1070512,13,,2,0,,,,0.0,
2693,7314,1,0.0,1070512,2,,3,0,,,,0.0,
2694,7301,1,12924.0,1070512,7,,3,0,,,,0.0,
2695,7302,1,0.0,1070512,17,,3,0,,,,0.0,
2696,7306,1,12924.0,1070512,2,,3,0,,,,0.0,
2697,7316,1,43080.0,1070512,13,,1,0,,,,1.0,
2698,7317,1,10339.199999999999,1070512,1,,3,0,,,,0.0,
2699,7317,1,29079.0,1070512,3,,3,0,,,,1.0,
2700,7303,1,34464.0,1070512,53,,3,0,,,,0.0,
2701,7301,1,20463.0,1070512,18,,1,0,,,,1.0,
2702,7310,1,0.0,1070512,2,,3,0,,,,0.0,
2703,7315,1,0.0,1070512,10,,2,0,,,,0.0,
2704,7315,1,2154.0,1070512,10,,2,0,,,,0.0,
2705,7322,1,0.0,1070512,7,,3,0,,,,0.0,
2706,7301,1,21540.0,1070512,23,,1,0,,,,1.0,
2707,7302,1,0.0,1070512,1,,2,0,,,,0.0,
2708,7317,1,1077.0,1070512,25,,2,0,,,,0.0,
2709,7301,1,24771.0,1070512,18,,1,0,,,,1.0,
2710,7316,1,26925.0,1070512,13,,1,0,,,,1.0,
2711,7301,1,23694.0,1070512,5,,1,0,,,,1.0,
2712,7315,1,0.0,1070512,19,,2,0,,,,0.0,
2713,7302,1,1077.0,1070512,4,,2,0,,,,0.0,
2714,7312,1,11308.5,1070512,17,,1,0,,,,1.0,
2715,7319,1,29079.0,1070512,3,,3,0,,,,1.0,
2716,7310,1,0.0,1070512,5,,3,0,,,,0.0,
2717,7321,1,70005.0,1070512,12,,1,0,,,,1.0,
2718,7307,1,0.0,1070512,19,,2,0,,,,0.0,
2719,7313,1,10446.9,1070512,18,,3,0,,,,0.0,
2720,7319,1,0.0,1070512,4,,3,0,,,,0.0,
2721,7307,1,,1070512,10,,3,0,,,,0.0,
2722,7310,1,29402.1,1070512,12,,1,0,,,,1.0,
2723,7301,1,21540.0,1070512,5,,1,0,,,,1.0,
2724,7314,1,0.0,1070512,2,,3,0,,,,0.0,
2725,7308,1,129.24,1070512,3,,3,0,,,,0.0,
2726,7322,1,0.0,1070512,3,,3,0,,,,0.0,
2727,7303,1,0.0,1070512,1,,3,0,,,,0.0,
2728,7301,1,25848.0,1070512,15,,1,0,,,,1.0,
2729,7322,1,0.0,1070512,21,,3,0,,,,0.0,
2730,7301,1,23694.0,1070512,22,,1,0,,,,1.0,
2731,7301,1,23586.3,1070512,8,,1,0,,,,1.0,
2732,7319,1,0.0,1070512,5,,3,0,,,,0.0,
2733,7319,1,323.09999999999997,1070512,16,,3,0,,,,0.0,
2734,7316,1,6462.0,1070512,21,,3,0,,,,0.0,
2735,7315,1,0.0,1070512,36,,2,0,,,,0.0,
2736,7322,1,0.0,1070512,8,,3,0,,,,0.0,
2737,7314,1,0.0,1070512,7,,3,0,,,,0.0,
2738,7301,1,18309.0,1070512,18,,1,0,,,,1.0,
2739,7321,1,20678.399999999998,1070512,2,,3,0,,,,0.0,
2740,7316,1,19386.0,1070512,12,,1,0,,,,1.0,
2741,7301,1,24771.0,1070512,21,,1,0,,,,1.0,
2742,7322,1,0.0,1070512,6,,3,0,,,,0.0,
2743,7322,1,15638.039999999999,1070512,18,,3,0,,,,0.0,
2744,7315,1,1723.1999999999998,1070512,16,,2,0,,,,0.0,
2745,7313,1,34679.4,1070512,12,,3,0,,,,0.0,
2746,7315,1,1077.0,1070512,15,,2,0,,,,0.0,
2747,7310,1,38772.0,1070512,11,,3,0,,,,0.0,
2748,7317,1,3661.7999999999997,1070512,32,,2,0,,,,0.0,
2749,7321,1,24771.0,1070512,17,,3,0,,,,0.0,
2750,7305,1,18955.2,1070512,11,,3,0,,,,0.0,
2751,7301,1,22617.0,1070512,18,,1,0,,,,1.0,
2752,7307,1,13354.8,1070512,21,,3,0,,,,1.0,
2753,7301,1,14001.0,1070512,7,,3,0,,,,0.0,
2754,7319,1,0.0,1070512,13,,3,0,,,,0.0,
2755,7318,1,4308.0,1070512,13,,3,0,,,,0.0,
2756,7303,1,0.0,1070512,7,,2,0,,,,0.0,
2757,7314,1,1507.8,1070512,11,,3,0,,,,0.0,
2758,7317,1,0.0,1070512,8,,2,0,,,,0.0,
2759,7310,1,32310.0,1070512,15,,1,0,,,,1.0,
2760,7301,1,17232.0,1070512,23,,1,0,,,,1.0,
2761,7319,1,0.0,1070512,4,,3,0,,,,0.0,
2762,7319,1,43080.0,1070512,2,,3,0,,,,0.0,
2763,7310,1,21540.0,1070512,18,,1,0,,,,1.0,
2764,7322,1,0.0,1070512,13,,3,0,,,,0.0,
2765,7312,1,19386.0,1070512,10,,1,0,,,,1.0,
2766,7301,1,21540.0,1070512,18,,1,0,,,,1.0,
2767,7321,1,26925.0,1070512,20,,1,0,,,,1.0,
2768,7315,1,0.0,1070512,17,,2,0,,,,0.0,
2769,7315,1,3231.0,1070512,10,,2,0,,,,1.0,
2770,7309,1,18847.5,1070512,21,,3,0,,,,0.0,
2771,7313,1,0.0,1070512,1,,3,0,,,,0.0,
2772,7322,1,0.0,1070512,4,,3,0,,,,0.0,
2773,7306,1,13462.5,1070512,5,,3,0,,,,0.0,
2774,7316,1,26925.0,1070512,14,,1,0,,,,1.0,
2775,7301,1,26817.3,1070512,4,,1,0,,,,1.0,
2776,7322,1,0.0,1070512,18,,3,0,,,,0.0,
2777,7310,1,0.0,1070512,16,,2,0,,,,0.0,
2778,7317,1,10123.8,1070512,3,,3,0,,,,0.0,
2779,7317,1,1292.3999999999999,1070512,4,,3,0,,,,0.0,
2780,7301,1,24771.0,1070512,14,,1,0,,,,1.0,
2781,7321,1,12277.8,1070512,2,,3,0,,,,0.0,
2782,7316,1,0.0,1070512,5,,3,0,,,,0.0,
2783,7322,1,0.0,1070512,15,,3,0,,,,0.0,
2784,7322,1,0.0,1070512,15,,3,0,,,,0.0,
2785,7321,1,38772.0,1070512,19,,1,0,,,,1.0,
2786,7314,1,32310.0,1070512,13,,3,0,,,,0.0,
2787,7303,1,215.39999999999998,1070512,11,,3,0,,,,0.0,
2788,7316,1,24771.0,1070512,13,,1,0,,,,1.0,
2789,7320,1,16155.0,1070512,14,,3,0,,,,0.0,
2790,7316,1,29402.1,1070512,16,,3,0,,,,0.0,
2791,7321,1,21540.0,1070512,15,,3,0,,,,1.0,
2792,7301,1,20463.0,1070512,15,,1,0,,,,1.0,
2793,7301,1,19386.0,1070512,13,,1,0,,,,1.0,
2794,7317,1,17232.0,1070512,2,,3,0,,,,0.0,
2795,7302,1,0.0,1070512,12,,3,0,,,,0.0,
2796,7301,1,25848.0,1070512,2,,1,0,,,,1.0,
2797,7316,1,30156.0,1070512,14,,1,0,,,,1.0,
2798,7308,1,1798.59,1070512,3,,3,0,,,,1.0,
2799,7301,1,18309.0,1070512,18,,1,0,,,,1.0,
2800,7322,1,10770.0,1070512,3,,3,0,,,,1.0,
2801,7307,1,0.0,1070512,4,,3,0,,,,0.0,
2802,7301,1,23694.0,1070512,8,,1,0,,,,1.0,
2803,7302,1,32310.0,1070512,20,,3,0,,,,0.0,
2804,7314,1,0.0,1070512,40,,3,0,,,,0.0,
2805,7316,1,25848.0,1070512,19,,1,0,,,,1.0,
2806,7304,1,0.0,1070512,4,,3,0,,,,0.0,
2807,7317,1,2584.7999999999997,1070512,6,,3,0,,,,0.0,
2808,7316,1,48465.0,1070512,17,,1,0,,,,1.0,
2809,7316,1,4308.0,1070512,41,,3,0,,,,0.0,
2810,7305,1,28648.199999999997,1070512,9,,3,0,,,,0.0,
2811,7310,1,22617.0,1070512,14,,3,0,,,,0.0,
2812,7303,1,10339.199999999999,1070512,6,,3,0,,,,0.0,
2813,7301,1,24771.0,1070512,7,,1,0,,,,1.0,
2814,7301,1,24771.0,1070512,11,,1,0,,,,1.0,
2815,7303,1,12924.0,1070512,4,,3,0,,,,0.0,
2816,7307,1,4308.0,1070512,16,,2,0,,,,0.0,
2817,7316,1,0.0,1070512,11,,3,0,,,,0.0,
2818,7322,1,0.0,1070512,4,,3,0,,,,0.0,
2819,7310,1,21540.0,1070512,18,,1,0,,,,1.0,
2820,7316,1,24771.0,1070512,12,,1,0,,,,1.0,
2821,7315,1,10554.6,1070512,17,,3,0,,,,0.0,
2822,7310,1,4308.0,1070512,31,,3,0,,,,1.0,
2823,7315,1,5385.0,1070512,17,,2,0,,,,0.0,
2824,7313,1,18847.5,1070512,2,,3,0,,,,0.0,
2825,7301,1,20463.0,1070512,12,,1,0,,,,1.0,
2826,7319,1,25848.0,1070512,2,,3,0,,,,0.0,
2827,7322,1,0.0,1070512,24,,3,0,,,,0.0,
2828,7312,1,28432.8,1070512,14,,3,0,,,,0.0,
2829,7301,1,53850.0,1070512,10,,1,0,,,,1.0,
2830,7313,1,16693.5,1070512,3,,3,0,,,,0.0,
2831,7303,1,269.25,1070512,9,,3,0,,,,0.0,
2832,7301,1,0.0,1070512,13,,3,0,,,,0.0,
2833,7301,1,21540.0,1070512,14,,1,0,,,,1.0,
2834,7312,1,0.0,1070512,13,,3,0,,,,0.0,
2835,7317,1,8616.0,1070512,11,,2,0,,,,0.0,
2836,7322,1,14001.0,1070512,21,,3,0,,,,0.0,
2837,7318,1,3231.0,1070512,12,,3,0,,,,0.0,
2838,7313,1,12924.0,1070512,14,,3,0,,,,0.0,
2839,7301,1,28002.0,1070512,15,,1,0,,,,1.0,
2840,7313,1,2154.0,1070512,15,,2,0,,,,0.0,
2841,7309,1,11631.6,1070512,15,,3,0,,,,0.0,
2842,7321,1,9046.8,1070512,3,,3,0,,,,0.0,
2843,7301,1,27894.3,1070512,1,,1,0,,,,1.0,
2844,7322,1,0.0,1070512,2,,3,0,,,,0.0,
2845,7321,1,0.0,1070512,3,,3,0,,,,0.0,
2846,7321,1,10446.9,1070512,4,,3,0,,,,0.0,
2847,7317,1,21540.0,1070512,13,,3,0,,,,0.0,
2848,7302,1,0.0,1070512,2,,3,0,,,,0.0,
2849,7322,1,0.0,1070512,5,,3,0,,,,0.0,
2850,7312,1,15078.0,1070512,17,,2,0,,,,0.0,
2851,7310,1,25848.0,1070512,20,,1,0,,,,1.0,
2852,7322,1,0.0,1070512,16,,3,0,,,,0.0,
2853,7314,1,6892.799999999999,1070512,13,,3,0,,,,0.0,
2854,7312,1,28002.0,1070512,12,,1,0,,,,1.0,
2855,7322,1,0.0,1070512,4,,3,0,,,,0.0,
2856,7306,1,1938.6,1070512,5,,3,0,,,,0.0,
2857,7310,1,11631.6,1070512,14,,3,0,,,,0.0,
2858,7302,1,17985.899999999998,1070512,7,,3,0,,,,1.0,
2859,7301,1,26925.0,1070512,1,,1,0,,,,1.0,
2860,7319,1,13462.5,1070512,4,,3,0,,,,0.0,
2861,7319,1,4092.6,1070512,2,,3,0,,,,0.0,
2862,7314,1,0.0,1070512,3,,3,0,,,,0.0,
2863,7316,1,28002.0,1070512,17,,1,0,,,,1.0,
2864,7317,1,2154.0,1070512,22,,2,0,,,,0.0,
2865,7315,1,2154.0,1070512,20,,2,0,,,,0.0,
2866,7316,1,23370.899999999998,1070512,8,,2,0,,,,0.0,
2867,7310,1,18201.3,1070512,11,,3,0,,,,0.0,
2868,7322,1,0.0,1070512,6,,3,0,,,,0.0,
2869,7322,1,0.0,1070512,7,,3,0,,,,0.0,
2870,7319,1,0.0,1070512,4,,3,0,,,,0.0,
2871,7313,1,43080.0,1070512,15,,3,0,,,,0.0,
2872,7307,1,236.94,1070512,1,,3,0,,,,0.0,
2873,7301,1,20463.0,1070512,10,,1,0,,,,1.0,
2874,7310,1,5385.0,1070512,42,,1,0,,,,1.0,
2875,7302,1,0.0,1070512,14,,3,0,,,,0.0,
2876,7301,1,27894.3,1070512,16,,1,0,,,,1.0,
2877,7318,1,0.0,1070512,9,,3,0,,,,0.0,
2878,7322,1,0.0,1070512,6,,3,0,,,,0.0,
2879,7312,1,21540.0,1070512,12,,1,0,,,,1.0,
2880,7322,1,0.0,1070512,16,,3,0,,,,0.0,
2881,7310,1,29079.0,1070512,4,,3,0,,,,1.0,
2882,7313,1,21540.0,1070512,3,,3,0,,,,1.0,
2883,7322,1,0.0,1070512,5,,3,0,,,,0.0,
2884,7321,1,10770.0,1070512,15,,1,0,,,,1.0,
2885,7303,1,484.65,1070512,11,,3,0,,,,0.0,
2886,7301,1,26925.0,1070512,17,,1,0,,,,1.0,
2887,7301,1,24663.3,1070512,18,,1,0,,,,1.0,
2888,7301,1,22509.3,1070512,18,,1,0,,,,1.0,
2889,7313,1,0.0,1070512,14,,3,0,,,,0.0,
2890,7310,1,25848.0,1070512,16,,1,0,,,,1.0,
2891,7310,1,3446.3999999999996,1070512,16,,2,0,,,,0.0,
2892,7321,1,77544.0,1070512,19,,1,0,,,,1.0,
2893,7304,1,9693.0,1070512,14,,3,0,,,,0.0,
2894,7316,1,21540.0,1070512,13,,1,0,,,,1.0,
2895,7316,1,0.0,1070512,29,,3,0,,,,0.0,
2896,7322,1,0.0,1070512,2,,3,0,,,,0.0,
2897,7322,1,0.0,1070512,17,,3,0,,,,0.0,
2898,7322,1,,1070512,1,,3,0,,,,0.0,
2899,7315,1,7323.599999999999,1070512,15,,2,0,,,,0.0,
2900,7316,1,0.0,1070512,13,,3,0,,,,0.0,
2901,7319,1,0.0,1070512,1,,3,0,,,,0.0,
2902,7322,1,0.0,1070512,4,,3,0,,,,0.0,
2903,7306,1,12924.0,1070512,1,,3,0,,,,0.0,
2904,7319,1,0.0,1070512,7,,2,0,,,,0.0,
2905,7313,1,8185.2,1070512,13,,3,0,,,,0.0,
2906,7309,1,7431.299999999999,1070512,14,,3,0,,,,0.0,
2907,7307,1,93160.5,1070512,3,,3,0,,,,0.0,
2908,7321,1,0.0,1070512,17,,3,0,,,,0.0,
2909,7306,1,15078.0,1070512,2,,3,0,,,,0.0,
2910,7312,1,10339.199999999999,1070512,20,,3,0,,,,0.0,
2911,7301,1,19386.0,1070512,17,,1,0,,,,1.0,
2912,7310,1,23694.0,1070512,22,,1,0,,,,1.0,
2913,7318,1,2584.7999999999997,1070512,4,,3,0,,,,0.0,
2914,7316,1,0.0,1070512,29,,3,0,,,,0.0,
2915,7315,1,0.0,1070512,11,,2,0,,,,0.0,
2916,7307,1,7862.099999999999,1070512,13,,3,0,,,,0.0,
2917,7321,1,17232.0,1070512,3,,3,0,,,,0.0,
2918,7321,1,15078.0,1070512,14,,1,0,,,,1.0,
2919,7315,1,0.0,1070512,20,,2,0,,,,0.0,
2920,7322,1,0.0,1070512,6,,3,0,,,,0.0,
2921,7307,1,0.0,1070512,2,,3,0,,,,0.0,
2922,7322,1,1023.15,1070512,20,,3,0,,,,1.0,
2923,7301,1,22617.0,1070512,5,,1,0,,,,1.0,
2924,7316,1,21540.0,1070512,19,,1,0,,,,1.0,
2925,7315,1,2154.0,1070512,20,,2,0,,,,0.0,
2926,7316,1,25848.0,1070512,15,,1,0,,,,1.0,
2927,7316,1,20678.399999999998,1070512,18,,3,0,,,,0.0,
2928,7301,1,19386.0,1070512,13,,1,0,,,,1.0,
2929,7322,1,0.0,1070512,4,,3,0,,,,0.0,
2930,7316,1,86160.0,1070512,12,,1,0,,,,1.0,
2931,7303,1,323.09999999999997,1070512,9,,3,0,,,,0.0,
2932,7321,1,10339.199999999999,1070512,1,,3,0,,,,0.0,
2933,7301,1,20463.0,1070512,8,,1,0,,,,1.0,
2934,7321,1,6462.0,1070512,45,,3,0,,,,1.0,
2935,7301,1,23694.0,1070512,19,,1,0,,,,1.0,
2936,7316,1,0.0,1070512,9,,3,0,,,,0.0,
2937,7321,1,32310.0,1070512,36,,1,0,,,,1.0,
2938,7301,1,25848.0,1070512,16,,1,0,,,,1.0,
2939,7316,1,0.0,1070512,19,,3,0,,,,0.0,
2940,7301,1,24771.0,1070512,9,,1,0,,,,1.0,
2941,7315,1,5061.9,1070512,15,,2,0,,,,0.0,
2942,7320,1,10446.9,1070512,2,,3,0,,,,0.0,
2943,7310,1,3231.0,1070512,18,,2,0,,,,1.0,
2944,7301,1,25848.0,1070512,17,,1,0,,,,1.0,
2945,7317,1,6462.0,1070512,21,,2,0,,,,0.0,
2946,7313,1,10339.199999999999,1070512,3,,3,0,,,,0.0,
2947,7321,1,64620.0,1070512,41,,1,0,,,,1.0,
2948,7301,1,26817.3,1070512,18,,1,0,,,,1.0,
2949,7322,1,0.0,1070512,21,,3,0,,,,0.0,
2950,7312,1,29294.399999999998,1070512,17,,3,0,,,,0.0,
2951,7322,1,0.0,1070512,12,,3,0,,,,0.0,
2952,7314,1,0.0,1070512,7,,3,0,,,,0.0,
2953,7310,1,30156.0,1070512,18,,1,0,,,,1.0,
2954,7307,1,15401.099999999999,1070512,3,,3,0,,,,0.0,
2955,7315,1,646.1999999999999,1070512,10,,2,0,,,,0.0,
2956,7317,1,0.0,1070512,9,,2,0,,,,0.0,
2957,7310,1,11308.5,1070512,19,,1,0,,,,1.0,
2958,7310,1,700.05,1070512,7,,2,0,,,,0.0,
2959,7313,1,11631.6,1070512,3,,3,0,,,,0.0,
2960,7319,1,38448.9,1070512,3,,3,0,,,,0.0,
2961,7316,1,7431.299999999999,1070512,13,,3,0,,,,0.0,
2962,7303,1,25848.0,1070512,13,,3,0,,,,1.0,
2963,7310,1,20355.3,1070512,12,,1,0,,,,1.0,
2964,7301,1,23780.16,1070512,5,,3,0,,,,0.0,
2965,7301,1,19386.0,1070512,19,,1,0,,,,1.0,
2966,7312,1,43080.0,1070512,2,,3,0,,,,0.0,
2967,7317,1,0.0,1070512,15,,2,0,,,,0.0,
2968,7313,1,14539.5,1070512,8,,3,0,,,,0.0,
2969,7310,1,0.0,1070512,14,,2,0,,,,0.0,
2970,7318,1,14862.599999999999,1070512,6,,3,0,,,,0.0,
2971,7301,1,18309.0,1070512,16,,1,0,,,,1.0,
2972,7310,1,8616.0,1070512,1,,2,0,,,,0.0,
2973,7314,1,0.0,1070512,5,,3,0,,,,0.0,
2974,7319,1,19386.0,1070512,3,,3,0,,,,0.0,
2975,7316,1,35541.0,1070512,22,,1,0,,,,1.0,
2976,7310,1,11631.6,1070512,1,,3,0,,,,0.0,
2977,7312,1,10123.8,1070512,2,,3,0,,,,0.0,
2978,7313,1,10123.8,1070512,8,,3,0,,,,0.0,
2979,7316,1,25848.0,1070512,15,,1,0,,,,1.0,
2980,7305,1,6462.0,1070512,24,,2,0,,,,0.0,
2981,7322,1,0.0,1070512,2,,3,0,,,,0.0,
2982,7319,1,5385.0,1070512,15,,3,0,,,,0.0,
2983,7312,1,21540.0,1070512,15,,1,0,,,,1.0,
2984,7312,1,19386.0,1070512,11,,1,0,,,,1.0,
2985,7316,1,18847.5,1070512,15,,3,0,,,,0.0,
2986,7317,1,0.0,1070512,15,,2,0,,,,0.0,
2987,7319,1,34464.0,1070512,2,,3,0,,,,0.0,
2988,7301,1,25848.0,1070512,16,,1,0,,,,1.0,
2989,7317,1,32310.0,1070512,2,,3,0,,,,0.0,
2990,7322,1,0.0,1070512,17,,3,0,,,,0.0,
2991,7315,1,10662.3,1070512,3,,3,0,,,,0.0,
2992,7301,1,24771.0,1070512,15,,1,0,,,,1.0,
2993,7301,1,21540.0,1070512,8,,1,0,,,,1.0,
2994,7310,1,10662.3,1070512,5,,3,0,,,,0.0,
2995,7319,1,10339.199999999999,1070512,23,,3,0,,,,0.0,
2996,7305,1,0.0,1070512,10,,3,0,,,,0.0,
2997,7319,1,23263.2,1070512,3,,3,0,,,,0.0,
2998,7301,1,20463.0,1070512,20,,1,0,,,,1.0,
2999,7321,1,32310.0,1070512,16,,1,0,,,,1.0,
3000,7304,1,15508.8,1070512,3,,3,0,,,,0.0,
3001,7319,1,4308.0,1070512,5,,3,0,,,,0.0,
3002,7321,1,34679.4,1070512,1,,3,0,,,,0.0,
3003,7301,1,20463.0,1070512,22,,1,0,,,,1.0,
3004,7322,1,0.0,1070512,12,,3,0,,,,0.0,
3005,7301,1,21540.0,1070512,15,,1,0,,,,1.0,
3006,7303,1,12924.0,1070512,3,,3,0,,,,0.0,
3007,7308,1,7431.299999999999,1070512,5,,3,0,,,,0.0,
3008,7301,1,18309.0,1070512,19,,1,0,,,,1.0,
3009,7319,1,0.0,1070512,6,,3,0,,,,0.0,
3010,7301,1,17232.0,1070512,22,,3,0,,,,1.0,
3011,7310,1,30586.8,1070512,18,,1,0,,,,1.0,
3012,7310,1,21001.5,1070512,20,,1,0,,,,1.0,
3013,7301,1,2261.7,1070512,3,,3,0,,,,0.0,
3014,7317,1,15724.199999999999,1070512,2,,3,0,,,,0.0,
3015,7310,1,23586.3,1070512,16,,1,0,,,,1.0,
3016,7318,1,7754.4,1070512,5,,3,0,,,,0.0,
3017,7301,1,23694.0,1070512,4,,1,0,,,,1.0,
3018,7315,1,1830.8999999999999,1070512,21,,2,0,,,,1.0,
3019,7317,1,0.0,1070512,20,,2,0,,,,0.0,
3020,7316,1,0.0,1070512,15,,3,0,,,,0.0,
3021,7315,1,17985.899999999998,1070512,9,,3,0,,,,1.0,
3022,7316,1,36187.2,1070512,21,,1,0,,,,1.0,
3023,7322,1,0.0,1070512,7,,3,0,,,,0.0,
3024,7321,1,35541.0,1070512,46,,1,0,,,,1.0,
3025,7318,1,0.0,1070512,21,,3,0,,,,0.0,
3026,7316,1,5385.0,1070512,2,,3,0,,,,0.0,
3027,7319,1,7215.9,1070512,6,,3,0,,,,0.0,
3028,7303,1,0.0,1070512,2,,3,0,,,,0.0,
3029,7317,1,12924.0,1070512,3,,3,0,,,,0.0,
3030,7301,1,20463.0,1070512,8,,1,0,,,,1.0,
3031,7302,1,6462.0,1070512,9,,3,0,,,,1.0,
3032,7316,1,0.0,1070512,24,,3,0,,,,0.0,
3033,7301,1,25848.0,1070512,19,,1,0,,,,1.0,
3034,7318,1,19601.399999999998,1070512,6,,3,0,,,,1.0,
3035,7317,1,11631.6,1070512,12,,3,0,,,,0.0,
3036,7303,1,0.0,1070512,5,,3,0,,,,0.0,
3037,7317,1,3446.3999999999996,1070512,15,,2,0,,,,0.0,
3038,7301,1,23694.0,1070512,18,,1,0,,,,1.0,
3039,7316,1,0.0,1070512,22,,3,0,,,,0.0,
3040,7301,1,21540.0,1070512,16,,1,0,,,,1.0,
3041,7313,1,10770.0,1070512,3,,3,0,,,,0.0,
3042,7317,1,0.0,1070512,17,,2,0,,,,0.0,
3043,7322,1,0.0,1070512,4,,3,0,,,,0.0,
3044,7315,1,0.0,1070512,17,,2,0,,,,0.0,
3045,7322,1,0.0,1070512,5,,3,0,,,,0.0,
3046,7316,1,77220.9,1070512,5,,3,0,,,,0.0,
3047,7322,1,0.0,1070512,16,,3,0,,,,0.0,
3048,7317,1,0.0,1070512,20,,2,0,,,,0.0,
3049,7301,1,20463.0,1070512,10,,1,0,,,,1.0,
3050,7308,1,17339.7,1070512,2,,3,0,,,,0.0,
3051,7316,1,0.0,1070512,4,,3,0,,,,0.0,
3052,7320,1,14539.5,1070512,14,,3,0,,,,0.0,
3053,7317,1,11631.6,1070512,9,,3,0,,,,0.0,
3054,7317,1,8616.0,1070512,10,,2,0,,,,0.0,
3055,7316,1,5169.599999999999,1070512,3,,3,0,,,,1.0,
3056,7317,1,0.0,1070512,12,,2,0,,,,0.0,
3057,7315,1,,1070512,27,,3,0,,,,0.0,
3058,7312,1,27894.3,1070512,11,,1,0,,,,1.0,
3059,7319,1,0.0,1070512,1,,3,0,,,,0.0,
3060,7317,1,75.39,1070512,18,,2,0,,,,0.0,
3061,7303,1,23801.7,1070512,6,,3,0,,,,0.0,
3062,7315,1,12924.0,1070512,14,,3,0,,,,0.0,
3063,7318,1,24878.7,1070512,7,,3,0,,,,0.0,
3064,7316,1,0.0,1070512,4,,3,0,,,,0.0,
3065,7310,1,1830.8999999999999,1070512,20,,2,0,,,,1.0,
3066,7306,1,12924.0,1070512,2,,3,0,,,,0.0,
3067,7311,1,,1070512,1,,3,0,,,,0.0,
3068,7306,1,6462.0,1070512,5,,3,0,,,,0.0,
3069,7301,1,35433.299999999996,1070512,8,,1,0,,,,1.0,
3070,7321,1,1723.1999999999998,1070512,8,,3,0,,,,0.0,
3071,7321,1,9693.0,1070512,13,,3,0,,,,0.0,
3072,7317,1,6462.0,1070512,17,,2,0,,,,0.0,
3073,7306,1,0.0,1070512,5,,3,0,,,,0.0,
3074,7313,1,43080.0,1070512,1,,3,0,,,,0.0,
3075,7310,1,20463.0,1070512,24,,1,0,,,,1.0,
3076,7315,1,0.0,1070512,18,,2,0,,,,0.0,
3077,7306,1,0.0,1070512,12,,3,0,,,,0.0,
3078,7316,1,13354.8,1070512,3,,3,0,,,,1.0,
3079,7310,1,0.0,1070512,17,,2,0,,,,0.0,
3080,7302,1,0.0,1070512,7,,3,0,,,,0.0,
3081,7306,1,13462.5,1070512,2,,3,0,,,,0.0,
3082,7321,1,31448.399999999998,1070512,20,,1,0,,,,1.0,
3083,7320,1,0.0,1070512,9,,3,0,,,,0.0,
3084,7307,1,,1070512,5,,3,0,,,,0.0,
3085,7301,1,30156.0,1070512,4,,1,0,,,,1.0,
3086,7314,1,38772.0,1070512,4,,3,0,,,,0.0,
3087,7318,1,29079.0,1070512,16,,3,0,,,,1.0,
3088,7302,1,77220.9,1070512,5,,3,0,,,,0.0,
3089,7312,1,24771.0,1070512,13,,1,0,,,,1.0,
3090,7301,1,18309.0,1070512,12,,1,0,,,,1.0,
3091,7316,1,24771.0,1070512,12,,1,0,,,,1.0,
3092,7321,1,86160.0,1070512,34,,1,0,,,,1.0,
3093,7303,1,14001.0,1070512,21,,3,0,,,,0.0,
3094,7317,1,1723.1999999999998,1070512,3,,3,0,,,,0.0,
3095,7310,1,17232.0,1070512,16,,3,0,,,,1.0,
3096,7315,1,0.0,1070512,3,,2,0,,,,0.0,
3097,7303,1,4308.0,1070512,3,,3,0,,,,0.0,
3098,7301,1,25740.3,1070512,15,,1,0,,,,1.0,
3099,7321,1,11308.5,1070512,10,,3,0,,,,0.0,
3100,7316,1,31448.399999999998,1070512,14,,1,0,,,,1.0,
3101,7308,1,12924.0,1070512,18,,3,0,,,,0.0,
3102,7301,1,13139.4,1070512,2,,3,0,,,,0.0,
3103,7320,1,13139.4,1070512,24,,3,0,,,,0.0,
3104,7302,1,0.0,1070512,14,,3,0,,,,0.0,
3105,7301,1,18309.0,1070512,20,,1,0,,,,1.0,
3106,7319,1,0.0,1070512,3,,3,0,,,,0.0,
3107,7310,1,64296.899999999994,1053131,16,,1,0,,,,1.0,
3108,7302,1,0.0,1053131,12,,3,0,,,,0.0,
3109,7315,1,387.71999999999997,1053131,8,,3,0,,,,0.0,
3110,7321,1,25848.0,1053131,13,,1,0,,,,1.0,
3111,7308,1,0.0,1053131,1,,3,0,,,,0.0,
3112,7312,1,29832.899999999998,1053131,13,,1,0,,,,1.0,
3113,7322,1,0.0,1053131,15,,3,0,,,,0.0,
3114,7316,1,0.0,1053131,10,,3,0,,,,0.0,
3115,7316,1,0.0,1053131,12,,3,0,,,,0.0,
3116,7312,1,25848.0,1053131,12,,1,0,,,,1.0,
3117,7302,1,0.0,1053131,21,,3,0,,,,0.0,
3118,7322,1,0.0,1053131,34,,3,0,,,,0.0,
3119,7316,1,21540.0,1053131,15,,1,0,,,,1.0,
3120,7311,1,0.0,1053131,1,,3,0,,,,0.0,
3121,7303,1,10339.199999999999,1053131,11,,3,0,,,,0.0,
3122,7322,1,0.0,1053131,12,,3,0,,,,0.0,
3123,7315,1,0.0,1053131,13,,3,0,,,,0.0,
3124,7301,1,23694.0,1053131,15,,1,0,,,,1.0,
3125,7310,1,21540.0,1053131,17,,1,0,,,,1.0,
3126,7306,1,10339.199999999999,1053131,13,,3,0,,,,0.0,
3127,7312,1,9693.0,1053131,2,,3,0,,,,0.0,
3128,7315,1,37695.0,1053131,5,,2,0,,,,1.0,
3129,7321,1,8508.3,1053131,5,,3,0,,,,0.0,
3130,7301,1,34474.77,1053131,15,,1,0,,,,1.0,
3131,7317,1,12708.6,1053131,7,,3,0,,,,0.0,
3132,7321,1,2800.2,1053131,3,,3,0,,,,1.0,
3133,7305,1,0.0,1053131,14,,2,0,,,,0.0,
3134,7322,1,0.0,1053131,13,,3,0,,,,0.0,
3135,7315,1,1507.8,1053131,15,,2,0,,,,0.0,
3136,7301,1,4308.0,1053131,13,,3,0,,,,1.0,
3137,7301,1,8616.0,1053131,3,,3,0,,,,0.0,
3138,7316,1,187699.56,1053131,6,,3,0,,,,0.0,
3139,7319,1,0.0,1053131,10,,3,0,,,,0.0,
3140,7312,1,21540.0,1053131,20,,1,0,,,,1.0,
3141,7301,1,17232.0,1053131,13,,1,0,,,,1.0,
3142,7322,1,0.0,1053131,4,,3,0,,,,0.0,
3143,7321,1,38772.0,1053131,9,,2,0,,,,1.0,
3144,7322,1,915.4499999999999,1053131,2,,3,0,,,,0.0,
3145,7307,1,24663.3,1053131,4,,3,0,,,,0.0,
3146,7305,1,11631.6,1053131,12,,3,0,,,,0.0,
3147,7301,1,23370.899999999998,1053131,17,,1,0,,,,1.0,
3148,7315,1,0.0,1053131,7,,2,0,,,,0.0,
3149,7316,1,0.0,1053131,12,,2,0,,,,0.0,
3150,7315,1,0.0,1053131,2,,2,0,,,,0.0,
3151,7301,1,21540.0,1053131,12,,3,0,,,,1.0,
3152,7315,1,6462.0,1053131,6,,3,0,,,,0.0,
3153,7316,1,0.0,1053131,13,,3,0,,,,0.0,
3154,7317,1,3769.5,1053131,14,,2,0,,,,1.0,
3155,7321,1,19386.0,1053131,2,,3,0,,,,1.0,
3156,7317,1,19601.399999999998,1053131,10,,3,0,,,,0.0,
3157,7301,1,19386.0,1053131,12,,1,0,,,,1.0,
3158,7319,1,0.0,1053131,12,,3,0,,,,0.0,
3159,7301,1,25848.0,1053131,9,,1,0,,,,1.0,
3160,7303,1,,1053131,3,,3,0,,,,0.0,
3161,7318,1,20463.0,1053131,9,,1,0,,,,1.0,
3162,7321,1,38772.0,1053131,9,,2,0,,,,1.0,
3163,7320,1,26925.0,1053131,11,,3,0,,,,1.0,
3164,7321,1,0.0,1053131,1,,3,0,,,,0.0,
3165,7310,1,6462.0,1053131,9,,3,0,,,,1.0,
3166,7322,1,0.0,1053131,5,,3,0,,,,0.0,
3167,7313,1,0.0,1053131,13,,3,0,,,,0.0,
3168,7303,1,0.0,1053131,2,,3,0,,,,0.0,
3169,7301,1,17232.0,1053131,19,,1,0,,,,1.0,
3170,7313,1,10339.199999999999,1053131,3,,3,0,,,,0.0,
3171,7310,1,26925.0,1053131,16,,1,0,,,,1.0,
3172,7316,1,29832.899999999998,1053131,21,,1,0,,,,1.0,
3173,7310,1,12924.0,1053131,22,,3,0,,,,1.0,
3174,7319,1,0.0,1053131,12,,3,0,,,,0.0,
3175,7316,1,0.0,1053131,12,,3,0,,,,0.0,
3176,7322,1,0.0,1053131,4,,3,0,,,,0.0,
3177,7310,1,19386.0,1053131,10,,1,0,,,,1.0,
3178,7312,1,21540.0,1053131,12,,1,0,,,,1.0,
3179,7301,1,21540.0,1053131,17,,1,0,,,,1.0,
3180,7313,1,234247.5,1053131,11,,3,0,,,,0.0,
3181,7316,1,59235.0,1053131,12,,1,0,,,,1.0,
3182,7310,1,0.0,1053131,15,,2,0,,,,0.0,
3183,7310,1,0.0,1053131,7,,2,0,,,,0.0,
3184,7307,1,11416.199999999999,1053131,11,,3,0,,,,0.0,
3185,7322,1,0.0,1053131,13,,3,0,,,,0.0,
3186,7307,1,0.0,1053131,1,,3,0,,,,0.0,
3187,7316,1,21540.0,1053131,13,,3,0,,,,0.0,
3188,7316,1,24771.0,1053131,73,,1,0,,,,1.0,
3189,7310,1,8616.0,1053131,1,,2,0,,,,1.0,
3190,7306,1,7000.5,1053131,8,,3,0,,,,0.0,
3191,7322,1,18632.1,1053131,8,,3,0,,,,0.0,
3192,7316,1,23694.0,1053131,13,,1,0,,,,1.0,
3193,7319,1,0.0,1053131,9,,3,0,,,,0.0,
3194,7322,1,0.0,1053131,9,,3,0,,,,0.0,
3195,7316,1,42433.799999999996,1053131,13,,1,0,,,,1.0,
3196,7321,1,0.0,1053131,5,,3,0,,,,0.0,
3197,7314,1,40172.1,1053131,3,,3,0,,,,0.0,
3198,7316,1,51588.299999999996,1053131,15,,1,0,,,,1.0,
3199,7322,1,0.0,1053131,13,,3,0,,,,0.0,
3200,7301,1,24771.0,1053131,13,,1,0,,,,1.0,
3201,7301,1,19386.0,1053131,16,,1,0,,,,1.0,
3202,7307,1,20786.1,1053131,7,,3,0,,,,0.0,
3203,7308,1,0.0,1053131,17,,3,0,,,,0.0,
3204,7303,1,20032.2,1053131,8,,3,0,,,,0.0,
3205,7311,1,0.0,1053131,1,,3,0,,,,0.0,
3206,7315,1,12924.0,1053131,1,,3,0,,,,0.0,
3207,7321,1,45234.0,1053131,13,,1,0,,,,1.0,
3208,7316,1,64620.0,1053131,12,,1,0,,,,1.0,
3209,7316,1,38772.0,1053131,15,,2,0,,,,1.0,
3210,7322,1,3769.5,1053131,2,,3,0,,,,0.0,
3211,7317,1,7862.099999999999,1053131,10,,2,0,,,,0.0,
3212,7313,1,10339.199999999999,1053131,2,,3,0,,,,0.0,
3213,7319,1,12924.0,1053131,24,,3,0,,,,0.0,
3214,7310,1,0.0,1053131,15,,2,0,,,,0.0,
3215,7310,1,1615.5,1053131,2,,3,0,,,,0.0,
3216,7308,1,26601.899999999998,1053131,1,,3,0,,,,0.0,
3217,7322,1,0.0,1053131,13,,3,0,,,,0.0,
3218,7301,1,21540.0,1053131,7,,1,0,,,,1.0,
3219,7316,1,0.0,1053131,10,,3,0,,,,0.0,
3220,7301,1,19386.0,1053131,15,,3,0,,,,0.0,
3221,7316,1,25848.0,1053131,13,,1,0,,,,1.0,
3222,7321,1,27140.399999999998,1053131,16,,1,0,,,,1.0,
3223,7302,1,0.0,1053131,5,,3,0,,,,0.0,
3224,7316,1,21540.0,1053131,15,,1,0,,,,1.0,
3225,7310,1,26925.0,1053131,11,,1,0,,,,1.0,
3226,7314,1,18309.0,1053131,7,,3,0,,,,0.0,
3227,7301,1,20463.0,1053131,11,,1,0,,,,1.0,
3228,7321,1,21216.899999999998,1053131,15,,1,0,,,,1.0,
3229,7320,1,26925.0,1053131,33,,3,0,,,,1.0,
3230,7321,1,37695.0,1053131,15,,2,0,,,,1.0,
3231,7301,1,19386.0,1053131,7,,1,0,,,,1.0,
3232,7322,1,0.0,1053131,11,,3,0,,,,0.0,
3233,7301,1,19386.0,1053131,17,,1,0,,,,1.0,
3234,7321,1,18632.1,1053131,3,,3,0,,,,0.0,
3235,7322,1,0.0,1053131,9,,3,0,,,,0.0,
3236,7312,1,32310.0,1053131,13,,3,0,,,,1.0,
3237,7301,1,26925.0,1053131,10,,1,0,,,,1.0,
3238,7315,1,0.0,1053131,15,,2,0,,,,0.0,
3239,7301,1,8831.4,1053131,11,,3,0,,,,1.0,
3240,7307,1,0.0,1053131,9,,3,0,,,,0.0,
3241,7321,1,17232.0,1053131,15,,1,0,,,,1.0,
3242,7301,1,21540.0,1053131,10,,1,0,,,,1.0,
3243,7316,1,0.0,1053131,10,,3,0,,,,0.0,
3244,7319,1,0.0,1053131,40,,3,0,,,,0.0,
3245,7307,1,8077.5,1053131,1,,3,0,,,,0.0,
3246,7321,1,20463.0,1053131,12,,3,0,,,,1.0,
3247,7310,1,7754.4,1053131,9,,3,0,,,,0.0,
3248,7304,1,12924.0,1053131,18,,3,0,,,,1.0,
3249,7322,1,0.0,1053131,5,,3,0,,,,0.0,
3250,7312,1,20463.0,1053131,11,,1,0,,,,1.0,
3251,7310,1,36187.2,1053131,23,,3,0,,,,0.0,
3252,7314,1,13570.199999999999,1053131,1,,3,0,,,,0.0,
3253,7317,1,0.0,1053131,8,,2,0,,,,0.0,
3254,7310,1,0.0,1053131,15,,2,0,,,,0.0,
3255,7322,1,0.0,1053131,9,,3,0,,,,0.0,
3256,7321,1,64620.0,1053131,13,,1,0,,,,1.0,
3257,7321,1,11631.6,1053131,3,,3,0,,,,0.0,
3258,7301,1,23694.0,1053131,12,,1,0,,,,1.0,
3259,7301,1,14539.5,1053131,11,,3,0,,,,0.0,
3260,7316,1,0.0,1053131,7,,3,0,,,,0.0,
3261,7321,1,31233.0,1053131,14,,1,0,,,,1.0,
3262,7310,1,25848.0,1053131,12,,1,0,,,,1.0,
3263,7310,1,24771.0,1053131,9,,1,0,,,,1.0,
3264,7316,1,129.24,1053131,9,,3,0,,,,0.0,
3265,7305,1,10770.0,1053131,5,,3,0,,,,0.0,
3266,7310,1,20463.0,1053131,11,,1,0,,,,1.0,
3267,7316,1,26925.0,1053131,14,,1,0,,,,1.0,
3268,7322,1,0.0,1053131,13,,3,0,,,,0.0,
3269,7315,1,0.0,1053131,12,,2,0,,,,0.0,
3270,7303,1,0.0,1053131,1,,3,0,,,,0.0,
3271,7306,1,0.0,1053131,2,,3,0,,,,0.0,
3272,7303,1,0.0,1053131,11,,3,0,,,,0.0,
3273,7317,1,14550.269999999999,1053131,15,,2,0,,,,0.0,
3274,7315,1,2154.0,1053131,5,,2,0,,,,0.0,
3275,7316,1,26925.0,1053131,12,,1,0,,,,1.0,
3276,7316,1,7108.2,1053131,25,,3,0,,,,0.0,
3277,7307,1,0.0,1053131,6,,3,0,,,,0.0,
3278,7322,1,0.0,1053131,4,,3,0,,,,0.0,
3279,7303,1,1615.5,1053131,5,,3,0,,,,0.0,
3280,7301,1,26925.0,1053131,15,,1,0,,,,1.0,
3281,7317,1,0.0,1053131,4,,3,0,,,,0.0,
3282,7315,1,3661.7999999999997,1053131,15,,2,0,,,,1.0,
3283,7310,1,20463.0,1053131,14,,1,0,,,,1.0,
3284,7301,1,15185.699999999999,1053131,6,,3,0,,,,0.0,
3285,7309,1,0.0,1053131,14,,3,0,,,,0.0,
3286,7309,1,43941.6,1053131,11,,3,0,,,,0.0,
3287,7321,1,11631.6,1053131,2,,3,0,,,,0.0,
3288,7322,1,0.0,1053131,33,,2,0,,,,0.0,
3289,7310,1,30909.899999999998,1053131,12,,1,0,,,,1.0,
3290,7315,1,2154.0,1053131,7,,2,0,,,,0.0,
3291,7313,1,0.0,1053131,16,,3,0,,,,0.0,
3292,7314,1,0.0,1053131,14,,3,0,,,,0.0,
3293,7317,1,7862.099999999999,1053131,11,,2,0,,,,0.0,
3294,7310,1,20463.0,1053131,14,,1,0,,,,1.0,
3295,7319,1,0.0,1053131,4,,3,0,,,,0.0,
3296,7310,1,25848.0,1053131,16,,1,0,,,,1.0,
3297,7310,1,21540.0,1053131,13,,1,0,,,,1.0,
3298,7314,1,17016.6,1053131,11,,3,0,,,,0.0,
3299,7317,1,0.0,1053131,17,,2,0,,,,0.0,
3300,7301,1,19386.0,1053131,15,,1,0,,,,1.0,
3301,7321,1,20463.0,1053131,10,,1,0,,,,1.0,
3302,7306,1,37695.0,1053131,10,,3,0,,,,0.0,
3303,7316,1,21540.0,1053131,85,,1,0,,,,1.0,
3304,7318,1,26925.0,1053131,13,,1,0,,,,1.0,
3305,7317,1,7862.099999999999,1053131,18,,2,0,,,,0.0,
3306,7319,1,8185.2,1053131,2,,3,0,,,,0.0,
3307,7301,1,36187.2,1053131,3,,3,0,,,,0.0,
3308,7310,1,0.0,1053131,11,,3,0,,,,0.0,
3309,7322,1,0.0,1053131,13,,3,0,,,,0.0,
3310,7310,1,19386.0,1053131,14,,1,0,,,,1.0,
3311,7301,1,20463.0,1053131,7,,3,0,,,,1.0,
3312,7310,1,0.0,1053131,1,,2,0,,,,0.0,
3313,7301,1,21540.0,1053131,9,,1,0,,,,1.0,
3314,7313,1,1400.1,1053131,9,,3,0,,,,0.0,
3315,7301,1,20463.0,1053131,6,,3,0,,,,1.0,
3316,7321,1,50619.0,1053131,8,,1,0,,,,1.0,
3317,7320,1,10770.0,1053131,11,,3,0,,,,0.0,
3318,7316,1,11523.9,1053131,4,,3,0,,,,1.0,
3319,7322,1,0.0,1053131,32,,3,0,,,,0.0,
3320,7305,1,0.0,1053131,1,,3,0,,,,0.0,
3321,7306,1,28755.899999999998,1053131,2,,3,0,,,,0.0,
3322,7301,1,24771.0,1053131,6,,1,0,,,,1.0,
3323,7306,1,12062.4,1053131,38,,3,0,,,,0.0,
3324,7315,1,19386.0,1053131,12,,3,0,,,,0.0,
3325,7316,1,1938.6,1053131,43,,3,0,,,,0.0,
3326,7322,1,0.0,1053131,4,,3,0,,,,0.0,
3327,7313,1,689.28,1053131,9,,3,0,,,,0.0,
3328,7322,1,0.0,1053131,13,,3,0,,,,0.0,
3329,7317,1,0.0,1053131,13,,2,0,,,,0.0,
3330,7316,1,26925.0,1053131,14,,1,0,,,,1.0,
3331,7310,1,7862.099999999999,1053131,17,,2,0,,,,0.0,
3332,7301,1,21540.0,1053131,16,,1,0,,,,1.0,
3333,7316,1,25848.0,1053131,14,,1,0,,,,1.0,
3334,7314,1,16908.899999999998,1053131,11,,3,0,,,,0.0,
3335,7309,1,4954.2,1053131,15,,3,0,,,,0.0,
3336,7301,1,19386.0,1053131,10,,1,0,,,,1.0,
3337,7316,1,0.0,1053131,9,,3,0,,,,0.0,
3338,7301,1,24771.0,1053131,11,,1,0,,,,1.0,
3339,7317,1,6462.0,1053131,17,,2,0,,,,0.0,
3340,7305,1,0.0,1053131,23,,3,0,,,,0.0,
3341,7321,1,25848.0,1053131,15,,1,0,,,,1.0,
3342,7319,1,34485.54,1053131,1,,3,0,,,,1.0,
3343,7314,1,15078.0,1053131,2,,3,0,,,,0.0,
3344,7318,1,0.0,1053131,2,,3,0,,,,0.0,
3345,7315,1,1077.0,1053131,5,,2,0,,,,0.0,
3346,7316,1,0.0,1053131,11,,3,0,,,,0.0,
3347,7301,1,21540.0,1053131,21,,3,0,,,,1.0,
3348,7315,1,0.0,1053131,23,,2,0,,,,0.0,
3349,7318,1,2154.0,1053131,13,,3,0,,,,0.0,
3350,7301,1,20463.0,1053131,11,,1,0,,,,1.0,
3351,7321,1,27140.399999999998,1053131,8,,1,0,,,,1.0,
3352,7321,1,1723.1999999999998,1053131,4,,3,0,,,,0.0,
3353,7301,1,24771.0,1053131,14,,1,0,,,,1.0,
3354,7305,1,0.0,1053131,5,,3,0,,,,0.0,
3355,7309,1,9262.199999999999,1053131,11,,3,0,,,,0.0,
3356,7315,1,2154.0,1053131,15,,2,0,,,,0.0,
3357,7316,1,12062.4,1053131,21,,3,0,,,,0.0,
3358,7316,1,27140.399999999998,1053131,13,,1,0,,,,1.0,
3359,7317,1,5385.0,1053131,13,,2,0,,,,0.0,
3360,7306,1,20786.1,1053131,16,,3,0,,,,0.0,
3361,7317,1,0.0,1053131,15,,2,0,,,,0.0,
3362,7319,1,21540.0,1053131,3,,3,0,,,,0.0,
3363,7316,1,26925.0,1053131,15,,1,0,,,,1.0,
3364,7310,1,28002.0,1053131,16,,1,0,,,,1.0,
3365,7301,1,21540.0,1053131,14,,1,0,,,,1.0,
3366,7319,1,0.0,1053131,3,,3,0,,,,0.0,
3367,7301,1,21540.0,1053131,18,,1,0,,,,1.0,
3368,7303,1,20786.1,1053131,2,,3,0,,,,0.0,
3369,7310,1,29079.0,1053131,13,,1,0,,,,1.0,
3370,7321,1,64620.0,1053131,10,,1,0,,,,1.0,
3371,7318,1,17016.6,1053131,4,,3,0,,,,0.0,
3372,7316,1,26925.0,1053131,11,,3,0,,,,1.0,
3373,7317,1,0.0,1053131,15,,2,0,,,,0.0,
3374,7315,1,0.0,1053131,5,,2,0,,,,0.0,
3375,7306,1,6031.2,1053131,56,,3,0,,,,0.0,
3376,7316,1,12924.0,1053131,24,,3,0,,,,0.0,
3377,7301,1,19386.0,1053131,14,,1,0,,,,1.0,
3378,7317,1,8648.31,1053131,4,,3,0,,,,0.0,
3379,7315,1,13139.4,1053131,2,,3,0,,,,0.0,
3380,7310,1,,1053131,1,,3,0,,,,0.0,
3381,7301,1,21540.0,1053131,11,,3,0,,,,1.0,
3382,7321,1,0.0,1053131,1,,3,0,,,,0.0,
3383,7314,1,24771.0,1053131,2,,1,0,,,,1.0,
3384,7313,1,12924.0,1053131,10,,3,0,,,,0.0,
3385,7322,1,0.0,1053131,1,,3,0,,,,0.0,
3386,7301,1,22617.0,1053131,11,,1,0,,,,1.0,
3387,7303,1,0.0,1053131,1,,3,0,,,,0.0,
3388,7303,1,3877.2,1053131,13,,3,0,,,,0.0,
3389,7301,1,26925.0,1053131,17,,1,0,,,,1.0,
3390,7310,1,29079.0,1053131,15,,1,0,,,,1.0,
3391,7316,1,38772.0,1053131,11,,2,0,,,,1.0,
3392,7313,1,103392.0,1053131,9,,3,0,,,,0.0,
3393,7318,1,,1053131,1,,3,0,,,,0.0,
3394,7310,1,19062.899999999998,1053131,6,,1,0,,,,1.0,
3395,7301,1,21540.0,1053131,16,,1,0,,,,1.0,
3396,7316,1,0.0,1053131,10,,3,0,,,,0.0,
3397,7322,1,0.0,1053131,13,,3,0,,,,0.0,
3398,7316,1,21109.2,1053131,11,,3,0,,,,0.0,
3399,7321,1,21540.0,1053131,16,,1,0,,,,1.0,
3400,7320,1,0.0,1053131,1,,3,0,,,,0.0,
3401,7321,1,32310.0,1053131,12,,1,0,,,,1.0,
3402,7301,1,25848.0,1053131,10,,1,0,,,,1.0,
3403,7303,1,9693.0,1053131,5,,3,0,,,,0.0,
3404,7301,1,24771.0,1053131,11,,1,0,,,,1.0,
3405,7321,1,646.1999999999999,1053131,11,,3,0,,,,0.0,
3406,7313,1,0.0,1053131,3,,3,0,,,,0.0,
3407,7315,1,0.0,1053131,4,,2,0,,,,0.0,
3408,7308,1,26925.0,1053131,1,,3,0,,,,1.0,
3409,7307,1,9154.5,1053131,10,,3,0,,,,0.0,
3410,7301,1,21540.0,1053131,13,,1,0,,,,1.0,
3411,7302,1,27571.199999999997,1053131,9,,3,0,,,,0.0,
3412,7301,1,10791.539999999999,1053131,3,,3,0,,,,1.0,
3413,7315,1,0.0,1053131,16,,2,0,,,,0.0,
3414,7317,1,7862.099999999999,1053131,15,,2,0,,,,0.0,
3415,7315,1,0.0,1053131,15,,2,0,,,,0.0,
3416,7310,1,21540.0,1053131,6,,3,0,,,,1.0,
3417,7316,1,11416.199999999999,1053131,29,,3,0,,,,0.0,
3418,7301,1,23370.899999999998,1053131,7,,1,0,,,,1.0,
3419,7318,1,12170.1,1053131,4,,3,0,,,,0.0,
3420,7310,1,4523.4,1053131,8,,2,0,,,,0.0,
3421,7301,1,28002.0,1053131,17,,1,0,,,,1.0,
3422,7301,1,38772.0,1053131,12,,3,0,,,,1.0,
3423,7301,1,21540.0,1053131,11,,3,0,,,,1.0,
3424,7322,1,0.0,1053131,2,,3,0,,,,0.0,
3425,7312,1,29832.899999999998,1053131,9,,1,0,,,,1.0,
3426,7301,1,23370.899999999998,1053131,14,,1,0,,,,1.0,
3427,7306,1,21540.0,1053131,6,,3,0,,,,1.0,
3428,7304,1,24447.899999999998,1053131,9,,3,0,,,,0.0,
3429,7301,1,21540.0,1053131,7,,3,0,,,,1.0,
3430,7321,1,28002.0,1053131,12,,1,0,,,,1.0,
3431,7301,1,23370.899999999998,1053131,19,,1,0,,,,1.0,
3432,7306,1,9693.0,1053131,1,,3,0,,,,0.0,
3433,7314,1,29402.1,1053131,13,,3,0,,,,0.0,
3434,7310,1,21540.0,1053131,12,,1,0,,,,1.0,
3435,7321,1,28002.0,1053131,15,,1,0,,,,1.0,
3436,7321,1,17232.0,1053131,1,,3,0,,,,0.0,
3437,7313,1,0.0,1053131,1,,3,0,,,,0.0,
3438,7302,1,430.79999999999995,1053131,3,,3,0,,,,0.0,
3439,7304,1,6462.0,1053131,9,,3,0,,,,0.0,
3440,7309,1,12924.0,1053131,9,,3,0,,,,0.0,
3441,7319,1,15939.599999999999,1053131,1,,3,0,,,,0.0,
3442,7313,1,0.0,1053131,13,,3,0,,,,0.0,
3443,7313,1,0.0,1053131,28,,3,0,,,,0.0,
3444,7306,1,8616.0,1053131,5,,3,0,,,,0.0,
3445,7319,1,0.0,1053131,12,,3,0,,,,0.0,
3446,7312,1,21540.0,1053131,14,,1,0,,,,1.0,
3447,7301,1,21540.0,1053131,12,,3,0,,,,1.0,
3448,7315,1,6462.0,1053131,7,,2,0,,,,0.0,
3449,7319,1,0.0,1053131,10,,3,0,,,,0.0,
3450,7314,1,16155.0,1053131,9,,3,0,,,,0.0,
3451,7301,1,21540.0,1053131,15,,1,0,,,,1.0,
3452,7319,1,9693.0,1053131,7,,3,0,,,,0.0,
3453,7301,1,24771.0,1053131,16,,1,0,,,,1.0,
3454,7321,1,32310.0,1053131,2,,3,0,,,,1.0,
3455,7321,1,9477.6,1053131,2,,3,0,,,,1.0,
3456,7301,1,21540.0,1053131,12,,1,0,,,,1.0,
3457,7301,1,20463.0,1053131,13,,1,0,,,,1.0,
3458,7317,1,0.0,1053131,17,,2,0,,,,0.0,
3459,7313,1,27894.3,1053131,2,,3,0,,,,0.0,
3460,7310,1,32320.77,1053131,12,,3,0,,,,1.0,
3461,7309,1,2584.7999999999997,1053131,1,,3,0,,,,0.0,
3462,7319,1,0.0,1053131,14,,3,0,,,,0.0,
3463,7310,1,6462.0,1053131,9,,2,0,,,,1.0,
3464,7314,1,0.0,1053131,6,,3,0,,,,0.0,
3465,7312,1,8616.0,1053131,1,,3,0,,,,0.0,
3466,7301,1,21540.0,1053131,13,,1,0,,,,1.0,
3467,7310,1,20463.0,1053131,15,,1,0,,,,1.0,
3468,7322,1,0.0,1053131,10,,3,0,,,,0.0,
3469,7318,1,0.0,1053131,3,,3,0,,,,0.0,
3470,7313,1,25848.0,1053131,5,,1,0,,,,1.0,
3471,7321,1,0.0,1053131,13,,3,0,,,,0.0,
3472,7312,1,20463.0,1053131,13,,1,0,,,,1.0,
3473,7321,1,21540.0,1053131,12,,1,0,,,,1.0,
3474,7317,1,9369.9,1053131,12,,3,0,,,,0.0,
3475,7303,1,0.0,1053131,3,,3,0,,,,0.0,
3476,7310,1,17662.8,1053131,1,,3,0,,,,0.0,
3477,7320,1,19386.0,1053131,13,,3,0,,,,1.0,
3478,7310,1,0.0,1053131,1,,3,0,,,,0.0,
3479,7317,1,0.0,1053131,17,,2,0,,,,0.0,
3480,7302,1,0.0,1053131,13,,3,0,,,,0.0,
3481,7301,1,34474.77,1053131,12,,1,0,,,,1.0,
3482,7301,1,,1053131,1,,3,0,,,,0.0,
3483,7322,1,0.0,1053131,9,,3,0,,,,0.0,
3484,7301,1,21540.0,1053131,9,,1,0,,,,1.0,
3485,7313,1,12170.1,1053131,3,,3,0,,,,0.0,
3486,7310,1,21540.0,1053131,15,,1,0,,,,1.0,
3487,7310,1,4954.2,1053131,13,,3,0,,,,0.0,
3488,7305,1,7862.099999999999,1053131,17,,2,0,,,,0.0,
3489,7308,1,11631.6,1053131,4,,3,0,,,,0.0,
3490,7310,1,19386.0,1053131,13,,1,0,,,,1.0,
3491,7301,1,23370.899999999998,1053131,19,,1,0,,,,1.0,
3492,7316,1,0.0,1053131,12,,3,0,,,,0.0,
3493,7310,1,1615.5,1053131,1,,2,0,,,,1.0,
3494,7308,1,5385.0,1053131,4,,3,0,,,,1.0,
3495,7313,1,0.0,1053131,5,,3,0,,,,0.0,
3496,7316,1,26925.0,1053131,15,,1,0,,,,1.0,
3497,7320,1,0.0,1053131,2,,3,0,,,,0.0,
3498,7302,1,0.0,1053131,20,,3,0,,,,0.0,
3499,7301,1,28002.0,1053131,9,,1,0,,,,1.0,
3500,7310,1,20463.0,1053131,15,,1,0,,,,1.0,
3501,7306,1,12924.0,1053131,5,,3,0,,,,0.0,
3502,7318,1,0.0,1053131,13,,3,0,,,,0.0,
3503,7315,1,8616.0,1053131,1,,3,0,,,,0.0,
3504,7310,1,21540.0,1053131,15,,1,0,,,,1.0,
3505,7310,1,21540.0,1053131,1,,3,0,,,,1.0,
3506,7301,1,7539.0,1053131,12,,3,0,,,,1.0,
3507,7317,1,13139.4,1053131,13,,2,0,,,,1.0,
3508,7321,1,26925.0,1053131,11,,3,0,,,,1.0,
3509,7317,1,5385.0,1053131,1,,3,0,,,,0.0,
3510,7313,1,0.0,1053131,12,,3,0,,,,0.0,
3511,7316,1,0.0,1053131,13,,2,0,,,,0.0,
3512,7322,1,0.0,1053131,12,,3,0,,,,0.0,
3513,7301,1,32310.0,1053131,12,,3,0,,,,1.0,
3514,7321,1,19062.899999999998,1053131,16,,1,0,,,,1.0,
3515,7306,1,16478.1,1053131,9,,3,0,,,,0.0,
3516,7321,1,20786.1,1053131,5,,3,0,,,,0.0,
3517,7302,1,1938.6,1053131,9,,3,0,,,,0.0,
3518,7307,1,0.0,1053131,5,,3,0,,,,0.0,
3519,7316,1,8616.0,1053131,35,,3,0,,,,0.0,
3520,7315,1,0.0,1053131,3,,3,0,,,,0.0,
3521,7302,1,0.0,1053131,21,,3,0,,,,0.0,
3522,7314,1,1723.1999999999998,1053131,3,,3,0,,,,0.0,
3523,7310,1,20463.0,1053131,14,,1,0,,,,1.0,
3524,7301,1,0.0,1053131,24,,3,0,,,,0.0,
3525,7321,1,42433.799999999996,1053131,8,,1,0,,,,1.0,
3526,7301,1,12924.0,1053131,10,,3,0,,,,0.0,
3527,7322,1,0.0,1053131,1,,3,0,,,,0.0,
3528,7301,1,20463.0,1053131,9,,1,0,,,,1.0,
3529,7321,1,25848.0,1053131,15,,1,0,,,,1.0,
3530,7321,1,21540.0,1053131,16,,3,0,,,,1.0,
3531,7315,1,0.0,1053131,10,,2,0,,,,0.0,
3532,7303,1,12924.0,1053131,19,,3,0,,,,1.0,
3533,7310,1,23370.899999999998,1053131,16,,1,0,,,,1.0,
3534,7301,1,25848.0,1053131,16,,1,0,,,,1.0,
3535,7322,1,8616.0,1053131,1,,3,0,,,,0.0,
3536,7301,1,20463.0,1053131,10,,1,0,,,,1.0,
3537,7301,1,21540.0,1053131,13,,1,0,,,,1.0,
3538,7321,1,8616.0,1053131,15,,1,0,,,,1.0,
3539,7315,1,0.0,1053131,14,,2,0,,,,0.0,
3540,7322,1,0.0,1053131,11,,3,0,,,,0.0,
3541,7313,1,7539.0,1053131,2,,3,0,,,,0.0,
3542,7303,1,0.0,1053131,2,,3,0,,,,0.0,
3543,7312,1,24232.5,1053131,11,,1,0,,,,1.0,
3544,7301,1,12924.0,1053131,3,,3,0,,,,1.0,
3545,7310,1,0.0,1053131,13,,3,0,,,,0.0,
3546,7301,1,21540.0,1053131,17,,1,0,,,,1.0,
3547,7315,1,2154.0,1053131,4,,2,0,,,,0.0,
3548,7316,1,9154.5,1053131,10,,3,0,,,,0.0,
3549,7316,1,0.0,1053131,1,,3,0,,,,0.0,
3550,7310,1,25848.0,1053131,15,,1,0,,,,1.0,
3551,7301,1,21540.0,1053131,14,,1,0,,,,1.0,
3552,7310,1,3231.0,1053131,7,,2,0,,,,0.0,
3553,7306,1,8616.0,1053131,5,,3,0,,,,0.0,
3554,7322,1,0.0,1053131,10,,3,0,,,,0.0,
3555,7317,1,5385.0,1053131,10,,2,0,,,,0.0,
3556,7320,1,7539.0,1053131,2,,3,0,,,,0.0,
3557,7310,1,19386.0,1053131,12,,1,0,,,,1.0,
3558,7316,1,29832.899999999998,1053131,16,,1,0,,,,1.0,
3559,7317,1,0.0,1053131,17,,2,0,,,,0.0,
3560,7322,1,0.0,1053131,3,,3,0,,,,0.0,
3561,7301,1,29832.899999999998,1053131,13,,1,0,,,,1.0,
3562,7317,1,9585.3,1053131,37,,3,0,,,,0.0,
3563,7318,1,0.0,1053131,1,,3,0,,,,0.0,
3564,7301,1,21540.0,1053131,10,,1,0,,,,1.0,
3565,7322,1,0.0,1053131,12,,3,0,,,,0.0,
3566,7301,1,19386.0,1053131,10,,1,0,,,,1.0,
3567,7306,1,2584.7999999999997,1053131,13,,3,0,,,,0.0,
3568,7315,1,2154.0,1053131,13,,2,0,,,,0.0,
3569,7321,1,0.0,1053131,1,,3,0,,,,0.0,
3570,7319,1,0.0,1053131,5,,3,0,,,,0.0,
3571,7321,1,26925.0,1053131,9,,3,0,,,,1.0,
3572,7301,1,26925.0,1053131,13,,1,0,,,,1.0,
3573,7310,1,25848.0,1053131,2,,3,0,,,,1.0,
3574,7302,1,9800.699999999999,1053131,2,,3,0,,,,0.0,
3575,7321,1,19386.0,1053131,14,,3,0,,,,1.0,
3576,7321,1,11631.6,1053131,11,,3,0,,,,0.0,
3577,7322,1,0.0,1053131,13,,3,0,,,,0.0,
3578,7313,1,4954.2,1053131,10,,3,0,,,,0.0,
3579,7316,1,32310.0,1053131,13,,3,0,,,,1.0,
3580,7303,1,8616.0,1053131,33,,3,0,,,,0.0,
3581,7314,1,0.0,1053131,1,,3,0,,,,0.0,
3582,7308,1,0.0,1053131,3,,3,0,,,,0.0,
3583,7301,1,24771.0,1053131,16,,1,0,,,,1.0,
3584,7322,1,0.0,1053131,4,,3,0,,,,0.0,
3585,7303,1,0.0,1053131,13,,3,0,,,,0.0,
3586,7317,1,2154.0,1053131,17,,2,0,,,,0.0,
3587,7314,1,1615.5,1053131,1,,3,0,,,,0.0,
3588,7317,1,3231.0,1053131,17,,2,0,,,,0.0,
3589,7316,1,19386.0,1053131,15,,1,0,,,,1.0,
3590,7316,1,19709.1,1053131,10,,3,0,,,,0.0,
3591,7306,1,12924.0,1053131,5,,3,0,,,,0.0,
3592,7303,1,0.0,1053131,11,,3,0,,,,0.0,
3593,7321,1,11631.6,1053131,3,,3,0,,,,0.0,
3594,7310,1,19386.0,1053131,12,,1,0,,,,1.0,
3595,7310,1,23370.899999999998,1053131,12,,1,0,,,,1.0,
3596,7312,1,26925.0,1053131,12,,1,0,,,,1.0,
3597,7322,1,0.0,1053131,6,,3,0,,,,0.0,
3598,7301,1,26925.0,1053131,18,,1,0,,,,1.0,
3599,7301,1,19386.0,1053131,15,,1,0,,,,1.0,
3600,7321,1,19386.0,1053131,14,,1,0,,,,1.0,
3601,7321,1,38772.0,1053131,14,,3,0,,,,1.0,
3602,7306,1,8616.0,1053131,5,,3,0,,,,0.0,
3603,7312,1,7539.0,1053131,14,,3,0,,,,0.0,
3604,7321,1,23370.899999999998,1053131,13,,1,0,,,,1.0,
3605,7310,1,0.0,1053131,6,,3,0,,,,0.0,
3606,7312,1,0.0,1053131,9,,3,0,,,,0.0,
3607,7310,1,1723.1999999999998,1053131,3,,3,0,,,,0.0,
3608,7301,1,8616.0,1053131,13,,3,0,,,,0.0,
3609,7310,1,26925.0,1053131,13,,1,0,,,,1.0,
3610,7321,1,29079.0,1053131,12,,1,0,,,,1.0,
3611,7309,1,7969.799999999999,1053131,11,,3,0,,,,0.0,
3612,7316,1,9477.6,1053131,16,,3,0,,,,1.0,
3613,7316,1,25848.0,1053131,9,,3,0,,,,1.0,
3614,7312,1,25848.0,1053131,9,,3,0,,,,1.0,
3615,7309,1,0.0,1053131,1,,3,0,,,,0.0,
3616,7309,1,14431.8,1053131,9,,3,0,,,,0.0,
3617,7318,1,21540.0,1053131,13,,1,0,,,,1.0,
3618,7309,1,0.0,1053131,2,,3,0,,,,0.0,
3619,7319,1,3877.2,1053131,2,,3,0,,,,0.0,
3620,7310,1,4308.0,1053131,15,,3,0,,,,1.0,
3621,7315,1,3769.5,1053131,14,,2,0,,,,1.0,
3622,7301,1,21540.0,1053131,10,,1,0,,,,1.0,
3623,7320,1,7539.0,1053131,10,,3,0,,,,0.0,
3624,7315,1,1507.8,1053131,13,,2,0,,,,0.0,
3625,7301,1,19386.0,1053131,13,,1,0,,,,1.0,
3626,7322,1,0.0,1053131,4,,3,0,,,,0.0,
3627,7316,1,23694.0,1053131,18,,1,0,,,,1.0,
3628,7319,1,0.0,1053131,2,,3,0,,,,0.0,
3629,7321,1,23694.0,1053131,12,,1,0,,,,1.0,
3630,7316,1,23694.0,1053131,15,,1,0,,,,1.0,
3631,7301,1,26925.0,1053131,9,,1,0,,,,1.0,
3632,7318,1,9908.4,1053131,5,,3,0,,,,0.0,
3633,7313,1,7539.0,1053131,5,,3,0,,,,0.0,
3634,7317,1,0.0,1053131,15,,2,0,,,,0.0,
3635,7319,1,14647.199999999999,1053131,5,,3,0,,,,0.0,
3636,7317,1,26925.0,1053131,5,,3,0,,,,1.0,
3637,7322,1,20786.1,1053131,11,,2,0,,,,0.0,
3638,7317,1,4523.4,1053131,14,,2,0,,,,0.0,
3639,7322,1,26925.0,1053131,2,,3,0,,,,1.0,
3640,7307,1,0.0,1053131,32,,3,0,,,,0.0,
3641,7322,1,0.0,1053131,15,,3,0,,,,0.0,
3642,7310,1,0.0,1053131,3,,2,0,,,,0.0,
3643,7301,1,20463.0,1053131,15,,1,0,,,,1.0,
3644,7316,1,32310.0,1053131,13,,1,0,,,,1.0,
3645,7301,1,19386.0,1053131,17,,1,0,,,,1.0,
3646,7313,1,15508.8,1053131,12,,3,0,,,,1.0,
3647,7302,1,15616.5,1053131,2,,3,0,,,,0.0,
3648,7310,1,21216.899999999998,1053131,17,,1,0,,,,1.0,
3649,7301,1,25848.0,1053131,9,,1,0,,,,1.0,
3650,7321,1,215400.0,1053131,5,,3,0,,,,0.0,
3651,7317,1,9046.8,1053131,9,,3,0,,,,0.0,
3652,7310,1,9585.3,1053131,5,,3,0,,,,0.0,
3653,7316,1,25848.0,1053131,15,,3,0,,,,1.0,
3654,7310,1,77544.0,1053131,15,,1,0,,,,1.0,
3655,7310,1,0.0,1053131,8,,3,0,,,,0.0,
3656,7317,1,6462.0,1053131,17,,2,0,,,,0.0,
3657,7316,1,20463.0,1053131,12,,1,0,,,,1.0,
3658,7315,1,12924.0,1053131,1,,3,0,,,,0.0,
3659,7301,1,22617.0,1053131,10,,1,0,,,,1.0,
3660,7310,1,21540.0,1053131,15,,1,0,,,,1.0,
3661,7303,1,0.0,1053131,12,,3,0,,,,0.0,
3662,7315,1,2154.0,1053131,16,,2,0,,,,0.0,
3663,7310,1,17232.0,1053131,2,,3,0,,,,1.0,
3664,7314,1,5385.0,1053131,15,,3,0,,,,0.0,
3665,7313,1,98007.0,1053131,12,,3,0,,,,0.0,
3666,7301,1,26925.0,1053131,13,,1,0,,,,1.0,
3667,7310,1,6462.0,1053131,17,,2,0,,,,1.0,
3668,7310,1,0.0,1053131,3,,2,0,,,,0.0,
3669,7318,1,0.0,1053131,2,,2,0,,,,0.0,
3670,7308,1,12170.1,1053131,4,,3,0,,,,0.0,
3671,7322,1,4954.2,1053131,1,,3,0,,,,0.0,
3672,7317,1,0.0,1053131,9,,2,0,,,,0.0,
3673,7322,1,0.0,1053131,11,,3,0,,,,0.0,
3674,7301,1,20139.899999999998,1053131,12,,1,0,,,,1.0,
3675,7316,1,1723.1999999999998,1053131,3,,3,0,,,,0.0,
3676,7317,1,0.0,1053131,15,,2,0,,,,0.0,
3677,7309,1,21540.0,1053131,1,,3,0,,,,1.0,
3678,7322,1,0.0,1053131,11,,3,0,,,,0.0,
3679,7319,1,0.0,1053131,11,,3,0,,,,0.0,
3680,7321,1,62466.0,1053131,14,,3,0,,,,1.0,
3681,7322,1,0.0,1053131,39,,3,0,,,,0.0,
3682,7301,1,7539.0,1053131,13,,3,0,,,,1.0,
3683,7306,1,19816.8,1053131,2,,3,0,,,,0.0,
3684,7316,1,25848.0,1053131,7,,1,0,,,,1.0,
3685,7312,1,19386.0,1053131,15,,3,0,,,,1.0,
3686,7301,1,21540.0,1053131,12,,1,0,,,,1.0,
3687,7315,1,0.0,1053131,13,,3,0,,,,0.0,
3688,7301,1,25848.0,1053131,15,,3,0,,,,1.0,
3689,7312,1,19386.0,1053131,10,,1,0,,,,1.0,
3690,7308,1,0.0,1053131,4,,3,0,,,,0.0,
3691,7301,1,20463.0,1053131,18,,1,0,,,,1.0,
3692,7301,1,19386.0,1053131,18,,1,0,,,,1.0,
3693,7301,1,23694.0,1053131,10,,1,0,,,,1.0,
3694,7310,1,2584.7999999999997,1053131,1,,3,0,,,,0.0,
3695,7319,1,0.0,1053131,2,,3,0,,,,0.0,
3696,7318,1,7323.599999999999,1053131,5,,3,0,,,,0.0,
3697,7316,1,73666.8,1053131,1,,3,0,,,,1.0,
3698,7310,1,5385.0,1053131,8,,2,0,,,,0.0,
3699,7322,1,0.0,1053131,13,,3,0,,,,0.0,
3700,7315,1,28432.8,1053131,10,,3,0,,,,0.0,
3701,7312,1,21540.0,1053131,21,,1,0,,,,1.0,
3702,7320,1,81744.3,1053131,5,,3,0,,,,1.0,
3703,7303,1,24663.3,1053131,2,,3,0,,,,0.0,
3704,7315,1,3231.0,1053131,16,,2,0,,,,0.0,
3705,7322,1,0.0,1053131,15,,3,0,,,,0.0,
3706,7310,1,0.0,1053131,13,,2,0,,,,0.0,
3707,7321,1,59235.0,1053131,10,,1,0,,,,1.0,
3708,7305,1,430.79999999999995,1053131,2,,3,0,,,,0.0,
3709,7301,1,19062.899999999998,1053131,14,,1,0,,,,1.0,
3710,7310,1,17232.0,1053131,14,,1,0,,,,1.0,
3711,7316,1,29079.0,1053131,18,,1,0,,,,1.0,
3712,7315,1,0.0,1053131,13,,2,0,,,,0.0,
3713,7308,1,7539.0,1053131,13,,3,0,,,,0.0,
3714,7321,1,11093.1,1053131,13,,3,0,,,,0.0,
3715,7319,1,0.0,1053131,47,,3,0,,,,0.0,
3716,7310,1,10123.8,1053131,3,,3,0,,,,0.0,
3717,7318,1,26925.0,1053131,15,,1,0,,,,1.0,
3718,7321,1,20463.0,1053131,15,,3,0,,,,1.0,
3719,7304,1,7862.099999999999,1053131,5,,3,0,,,,0.0,
3720,7317,1,8616.0,1053131,17,,2,0,,,,1.0,
3721,7310,1,4308.0,1053131,12,,3,0,,,,1.0,
3722,7313,1,10662.3,1053131,11,,3,0,,,,0.0,
3723,7314,1,5729.639999999999,1053131,3,,3,0,,,,1.0,
3724,7322,1,5169.599999999999,1053131,2,,3,0,,,,0.0,
3725,7311,1,0.0,1053131,4,,3,0,,,,0.0,
3726,7319,1,34464.0,1053131,2,,3,0,,,,0.0,
3727,7316,1,0.0,1053131,30,,2,0,,,,0.0,
3728,7317,1,0.0,1053131,1,,3,0,,,,0.0,
3729,7310,1,0.0,1053131,16,,2,0,,,,0.0,
3730,7305,1,37695.0,1053131,17,,2,0,,,,1.0,
3731,7316,1,0.0,1053131,9,,3,0,,,,0.0,
3732,7320,1,383735.1,1053131,16,,3,0,,,,0.0,
3733,7322,1,0.0,1053131,3,,3,0,,,,0.0,
3734,7301,1,21540.0,1053131,18,,3,0,,,,1.0,
3735,7313,1,0.0,1053131,14,,3,0,,,,0.0,
3736,7316,1,0.0,1053131,1,,3,0,,,,0.0,
3737,7312,1,10339.199999999999,1053131,2,,3,0,,,,0.0,
3738,7310,1,19386.0,1053131,20,,1,0,,,,1.0,
3739,7305,1,1507.8,1053131,17,,2,0,,,,0.0,
3740,7316,1,22617.0,1053131,85,,1,0,,,,1.0,
3741,7313,1,10339.199999999999,1053131,3,,3,0,,,,0.0,
3742,7313,1,234247.5,1053131,11,,3,0,,,,0.0,
3743,7303,1,0.0,1053131,11,,3,0,,,,0.0,
3744,7317,1,53850.0,1053131,11,,3,0,,,,1.0,
3745,7313,1,430.79999999999995,1053131,3,,3,0,,,,0.0,
3746,7317,1,0.0,1053131,11,,2,0,,,,0.0,
3747,7318,1,8616.0,1053131,15,,3,0,,,,0.0,
3748,7316,1,12170.1,1053131,27,,3,0,,,,0.0,
3749,7309,1,12924.0,1053131,24,,3,0,,,,0.0,
3750,7320,1,32956.2,1053131,11,,3,0,,,,0.0,
3751,7301,1,29832.899999999998,1053131,9,,1,0,,,,1.0,
3752,7303,1,14539.5,1053131,6,,3,0,,,,0.0,
3753,7321,1,62466.0,1053131,11,,3,0,,,,1.0,
3754,7310,1,4523.4,1053131,1,,2,0,,,,0.0,
3755,7322,1,0.0,1053131,12,,3,0,,,,0.0,
3756,7301,1,20463.0,1053131,12,,1,0,,,,1.0,
3757,7310,1,25848.0,1053131,10,,1,0,,,,1.0,
3758,7308,1,0.0,1053131,10,,3,0,,,,0.0,
3759,7321,1,0.0,1053131,13,,3,0,,,,0.0,
3760,7317,1,6462.0,1053131,18,,2,0,,,,0.0,
3761,7301,1,18201.3,1053131,6,,3,0,,,,0.0,
3762,7312,1,29079.0,1053131,10,,1,0,,,,1.0,
3763,7317,1,0.0,1053131,14,,2,0,,,,0.0,
3764,7322,1,0.0,1053131,38,,3,0,,,,0.0,
3765,7319,1,0.0,1053131,9,,3,0,,,,0.0,
3766,7316,1,26925.0,1053131,14,,1,0,,,,1.0,
3767,7301,1,21540.0,1053131,16,,1,0,,,,1.0,
3768,7321,1,59235.0,1053131,10,,1,0,,,,1.0,
3769,7319,1,0.0,1053131,2,,3,0,,,,0.0,
3770,7301,1,20463.0,1053131,15,,1,0,,,,1.0,
3771,7301,1,26925.0,1053131,3,,3,0,,,,1.0,
3772,7301,1,20463.0,1053131,11,,1,0,,,,1.0,
3773,7301,1,19386.0,1053131,15,,1,0,,,,1.0,
3774,7316,1,26925.0,1053131,13,,1,0,,,,1.0,
3775,7314,1,8831.4,1053131,8,,3,0,,,,0.0,
3776,7316,1,77544.0,1053131,12,,1,0,,,,1.0,
3777,7315,1,0.0,1053131,5,,3,0,,,,0.0,
3778,7305,1,10231.5,1053131,4,,3,0,,,,0.0,
3779,7301,1,20463.0,1053131,10,,1,0,,,,1.0,
3780,7301,1,21540.0,1053131,6,,3,0,,,,1.0,
3781,7303,1,20786.1,1053131,5,,3,0,,,,0.0,
3782,7319,1,0.0,1053131,8,,3,0,,,,0.0,
3783,7321,1,59235.0,1053131,12,,1,0,,,,1.0,
3784,7306,1,10770.0,1053131,2,,3,0,,,,0.0,
3785,7303,1,34464.0,1053131,13,,3,0,,,,0.0,
3786,7316,1,23586.3,1053131,12,,3,0,,,,0.0,
3787,7306,1,7108.2,1053131,5,,3,0,,,,0.0,
3788,7316,1,20463.0,1053131,14,,1,0,,,,1.0,
3789,7310,1,19386.0,1053131,14,,1,0,,,,1.0,
3790,7320,1,9262.199999999999,1053131,12,,3,0,,,,0.0,
3791,7302,1,5385.0,1053131,3,,3,0,,,,1.0,
3792,7301,1,25848.0,1053131,10,,3,0,,,,1.0,
3793,7301,1,20139.899999999998,1053131,16,,1,0,,,,1.0,
3794,7301,1,20139.899999999998,1053131,16,,1,0,,,,1.0,
3795,7307,1,34464.0,1053131,5,,3,0,,,,1.0,
3796,7310,1,21540.0,1053131,13,,1,0,,,,1.0,
3797,7317,1,4523.4,1053131,19,,2,0,,,,0.0,
3798,7305,1,1615.5,1053131,14,,2,0,,,,1.0,
3799,7303,1,0.0,1053131,6,,2,0,,,,0.0,
3800,7321,1,23694.0,1053131,13,,1,0,,,,1.0,
3801,7322,1,0.0,1053131,13,,3,0,,,,0.0,
3802,7310,1,25848.0,1053131,13,,3,0,,,,1.0,
3803,7322,1,0.0,1053131,5,,3,0,,,,0.0,
3804,7301,1,21540.0,1053131,13,,1,0,,,,1.0,
3805,7321,1,0.0,1053131,11,,3,0,,,,0.0,
3806,7316,1,59235.0,1053131,17,,1,0,,,,1.0,
3807,7321,1,62466.0,1053131,11,,3,0,,,,1.0,
3808,7322,1,0.0,1053131,5,,3,0,,,,0.0,
3809,7322,1,0.0,1053131,1,,3,0,,,,0.0,
3810,7322,1,0.0,1053131,3,,3,0,,,,0.0,
3811,7316,1,43080.0,1053131,8,,3,0,,,,0.0,
3812,7315,1,0.0,1053131,20,,2,0,,,,0.0,
3813,7319,1,0.0,1053131,8,,3,0,,,,0.0,
3814,7319,1,0.0,1053131,3,,3,0,,,,0.0,
3815,7319,1,28002.0,1053131,20,,3,0,,,,1.0,
3816,7319,1,0.0,1053131,9,,3,0,,,,0.0,
3817,7316,1,0.0,1053131,11,,3,0,,,,0.0,
3818,7303,1,0.0,1053131,1,,3,0,,,,0.0,
3819,7322,1,0.0,1053131,11,,3,0,,,,0.0,
3820,7317,1,0.0,1053131,14,,2,0,,,,0.0,
3821,7322,1,0.0,1053131,2,,3,0,,,,0.0,
3822,7316,1,0.0,1053131,11,,3,0,,,,0.0,
3823,7313,1,0.0,1053131,12,,3,0,,,,0.0,
3824,7310,1,21540.0,1053131,13,,1,0,,,,1.0,
3825,7322,1,0.0,1053131,5,,3,0,,,,0.0,
3826,7321,1,20463.0,1053131,12,,1,0,,,,1.0,
3827,7319,1,0.0,1053131,15,,3,0,,,,0.0,
3828,7301,1,26925.0,1053131,14,,1,0,,,,1.0,
3829,7317,1,0.0,1053131,13,,2,0,,,,0.0,
3830,7320,1,0.0,1053131,12,,3,0,,,,0.0,
3831,7310,1,42433.799999999996,1053131,13,,1,0,,,,1.0,
3832,7306,1,8616.0,1053131,5,,3,0,,,,0.0,
3833,7302,1,11200.8,1053131,3,,3,0,,,,0.0,
3834,7322,1,0.0,1053131,4,,3,0,,,,0.0,
3835,7301,1,23694.0,1053131,8,,1,0,,,,1.0,
3836,7313,1,6462.0,1053131,12,,3,0,,,,0.0,
3837,7315,1,0.0,1053131,16,,2,0,,,,0.0,
3838,7310,1,0.0,1053131,4,,3,0,,,,0.0,
3839,7315,1,0.0,1053131,10,,2,0,,,,0.0,
3840,7316,1,26925.0,1053131,13,,1,0,,,,1.0,
3841,7316,1,11523.9,1053131,28,,3,0,,,,0.0,
3842,7302,1,0.0,1053131,12,,3,0,,,,0.0,
3843,7322,1,0.0,1053131,11,,3,0,,,,0.0,
3844,7314,1,0.0,1053131,2,,3,0,,,,0.0,
3845,7312,1,21540.0,1053131,8,,3,0,,,,1.0,
3846,7316,1,0.0,1053131,10,,3,0,,,,0.0,
3847,7304,1,1292.3999999999999,1053131,4,,3,0,,,,0.0,
3848,7312,1,29832.899999999998,1053131,16,,1,0,,,,1.0,
3849,7309,1,3338.7,1053131,3,,3,0,,,,0.0,
3850,7316,1,0.0,1053131,7,,3,0,,,,0.0,
3851,7317,1,1615.5,1053131,13,,2,0,,,,1.0,
3852,7317,1,1507.8,1053131,14,,2,0,,,,0.0,
3853,7321,1,38772.0,1053131,13,,3,0,,,,1.0,
3854,7317,1,484.65,1053131,4,,3,0,,,,0.0,
3855,7301,1,21540.0,1053131,17,,1,0,,,,1.0,
3856,7301,1,45234.0,1053131,15,,1,0,,,,1.0,
3857,7322,1,0.0,1053131,4,,3,0,,,,0.0,
3858,7321,1,77544.0,1053131,15,,1,0,,,,1.0,
3859,7301,1,24771.0,1053131,17,,1,0,,,,1.0,
3860,7319,1,0.0,1053131,14,,3,0,,,,0.0,
3861,7313,1,9046.8,1053131,13,,3,0,,,,0.0,
3862,7319,1,0.0,1053131,2,,3,0,,,,0.0,
3863,7313,1,0.0,1053131,10,,3,0,,,,0.0,
3864,7301,1,19386.0,1053131,15,,1,0,,,,1.0,
3865,7301,1,29832.899999999998,1053131,11,,1,0,,,,1.0,
3866,7321,1,6462.0,1053131,14,,3,0,,,,1.0,
3867,7312,1,12493.199999999999,1053131,6,,3,0,,,,0.0,
3868,7312,1,29402.1,1053131,1,,3,0,,,,0.0,
3869,7308,1,0.0,1053131,4,,3,0,,,,0.0,
3870,7321,1,66450.9,1053131,9,,3,0,,,,1.0,
3871,7310,1,14550.269999999999,1053131,15,,2,0,,,,0.0,
3872,7322,1,0.0,1053131,39,,2,0,,,,0.0,
3873,7319,1,21540.0,1053131,10,,3,0,,,,0.0,
3874,7319,1,0.0,1053131,13,,3,0,,,,0.0,
3875,7319,1,0.0,1053131,13,,3,0,,,,0.0,
3876,7305,1,7323.599999999999,1053131,1,,3,0,,,,0.0,
3877,7315,1,2154.0,1053131,18,,2,0,,,,0.0,
3878,7319,1,0.0,1053131,10,,3,0,,,,0.0,
3879,7308,1,69897.3,1053131,5,,3,0,,,,0.0,
3880,7316,1,0.0,1053131,9,,3,0,,,,0.0,
3881,7321,1,9800.699999999999,1053131,35,,3,0,,,,0.0,
3882,7315,1,2154.0,1053131,8,,2,0,,,,0.0,
3883,7316,1,0.0,1053131,14,,3,0,,,,0.0,
3884,7304,1,0.0,1053131,1,,3,0,,,,0.0,
3885,7310,1,6462.0,1053131,8,,2,0,,,,0.0,
3886,7309,1,4954.2,1053131,14,,3,0,,,,0.0,
3887,7319,1,0.0,1053131,4,,3,0,,,,0.0,
3888,7312,1,15293.4,1053131,10,,3,0,,,,0.0,
3889,7303,1,0.0,1053131,6,,3,0,,,,0.0,
3890,7316,1,2584.7999999999997,1053131,21,,3,0,,,,0.0,
3891,7316,1,4092.6,1053131,19,,3,0,,,,0.0,
3892,7315,1,3661.7999999999997,1053131,20,,2,0,,,,1.0,
3893,7315,1,1723.1999999999998,1053131,3,,3,0,,,,0.0,
3894,7316,1,0.0,1053131,10,,2,0,,,,0.0,
3895,7306,1,0.0,1053131,1,,3,0,,,,0.0,
3896,7301,1,29832.899999999998,1053131,7,,1,0,,,,1.0,
3897,7301,1,19386.0,1053131,7,,1,0,,,,1.0,
3898,7315,1,19386.0,1053131,1,,3,0,,,,1.0,
3899,7301,1,19386.0,1053131,14,,1,0,,,,1.0,
3900,7310,1,23370.899999999998,1053131,21,,1,0,,,,1.0,
3901,7315,1,5385.0,1053131,15,,2,0,,,,1.0,
3902,7301,1,20463.0,1053131,15,,1,0,,,,1.0,
3903,7301,1,24771.0,1053131,17,,1,0,,,,1.0,
3904,7310,1,26925.0,1053131,12,,1,0,,,,1.0,
3905,7317,1,53850.0,1053131,13,,3,0,,,,1.0,
3906,7315,1,8616.0,1053131,14,,2,0,,,,1.0,
3907,7310,1,53850.0,1053131,10,,3,0,,,,1.0,
3908,7317,1,10016.1,1053131,4,,3,0,,,,0.0,
3909,7316,1,2584.7999999999997,1053131,25,,3,0,,,,0.0,
3910,7306,1,656.97,1053131,8,,2,0,,,,0.0,
3911,7313,1,0.0,1053131,11,,3,0,,,,0.0,
3912,7312,1,19386.0,1053131,12,,3,0,,,,1.0,
3913,7310,1,6462.0,1053131,8,,3,0,,,,1.0,
3914,7306,1,0.0,1053131,8,,3,0,,,,0.0,
3915,7310,1,24771.0,1053131,16,,1,0,,,,1.0,
3916,7303,1,12924.0,1053131,4,,3,0,,,,0.0,
3917,7310,1,4308.0,1053131,9,,3,0,,,,1.0,
3918,7317,1,10231.5,1053131,2,,3,0,,,,0.0,
3919,7316,1,19386.0,1053131,10,,1,0,,,,1.0,
3920,7310,1,7862.099999999999,1053131,3,,2,0,,,,0.0,
3921,7315,1,0.0,1053131,15,,2,0,,,,0.0,
3922,7306,1,,1053131,2,,3,0,,,,0.0,
3923,7313,1,0.0,1053131,12,,3,0,,,,0.0,
3924,7301,1,29079.0,1053131,13,,1,0,,,,1.0,
3925,7313,1,7969.799999999999,1053131,10,,3,0,,,,0.0,
3926,7321,1,0.0,1053131,11,,3,0,,,,0.0,
3927,7319,1,0.0,1053131,6,,3,0,,,,0.0,
3928,7321,1,34464.0,1053131,10,,1,0,,,,1.0,
3929,7312,1,26925.0,1053131,10,,1,0,,,,1.0,
3930,7317,1,0.0,1053131,16,,2,0,,,,0.0,
3931,7316,1,0.0,1053131,1,,3,0,,,,0.0,
3932,7306,1,8616.0,1053131,24,,3,0,,,,0.0,
3933,7301,1,21540.0,1053131,13,,1,0,,,,1.0,
3934,7312,1,29832.899999999998,1053131,11,,1,0,,,,1.0,
3935,7307,1,0.0,1053131,13,,2,0,,,,0.0,
3936,7317,1,17232.0,1053131,10,,3,0,,,,0.0,
3937,7302,1,0.0,1053131,10,,3,0,,,,0.0,
3938,7310,1,6462.0,1053131,14,,2,0,,,,1.0,
3939,7301,1,20463.0,1053131,11,,1,0,,,,1.0,
3940,7316,1,24771.0,1053131,17,,1,0,,,,1.0,
3941,7321,1,77544.0,1053131,14,,1,0,,,,1.0,
3942,7321,1,21540.0,1053131,15,,1,0,,,,1.0,
3943,7315,1,1507.8,1053131,3,,3,0,,,,0.0,
3944,7310,1,19386.0,1053131,13,,1,0,,,,1.0,
3945,7310,1,51588.299999999996,1053131,15,,1,0,,,,1.0,
3946,7301,1,23694.0,1053131,12,,1,0,,,,1.0,
3947,7315,1,0.0,1053131,17,,2,0,,,,0.0,
3948,7301,1,29832.899999999998,1053131,16,,1,0,,,,1.0,
3949,7312,1,29832.899999999998,1053131,15,,1,0,,,,1.0,
3950,7310,1,0.0,1053131,13,,2,0,,,,0.0,
3951,7317,1,7862.099999999999,1053131,17,,2,0,,,,0.0,
3952,7319,1,0.0,1053131,12,,2,0,,,,0.0,
3953,7303,1,0.0,1053131,11,,3,0,,,,0.0,
3954,7322,1,0.0,1053131,5,,3,0,,,,0.0,
3955,7316,1,26925.0,1053131,14,,3,0,,,,1.0,
3956,7301,1,29832.899999999998,1053131,12,,1,0,,,,1.0,
3957,7322,1,0.0,1053131,5,,3,0,,,,0.0,
3958,7322,1,43080.0,1053131,6,,3,0,,,,1.0,
3959,7301,1,21540.0,1053131,11,,1,0,,,,1.0,
3960,7306,1,0.0,1053131,5,,3,0,,,,0.0,
3961,7301,1,24771.0,1053131,14,,1,0,,,,1.0,
3962,7322,1,0.0,1053131,12,,3,0,,,,0.0,
3963,7319,1,915.4499999999999,1053131,2,,3,0,,,,0.0,
3964,7316,1,2584.7999999999997,1053131,7,,3,0,,,,0.0,
3965,7310,1,0.0,1053131,13,,2,0,,,,0.0,
3966,7321,1,3877.2,1053131,3,,3,0,,,,0.0,
3967,7315,1,2369.4,1053131,16,,2,0,,,,1.0,
3968,7315,1,0.0,1053131,18,,2,0,,,,0.0,
3969,7307,1,21540.0,1053131,4,,3,0,,,,1.0,
3970,7317,1,7862.099999999999,1053131,15,,2,0,,,,0.0,
3971,7314,1,1292.3999999999999,1053131,3,,3,0,,,,0.0,
3972,7304,1,25848.0,1053131,7,,3,0,,,,0.0,
3973,7316,1,9046.8,1053131,28,,3,0,,,,0.0,
3974,7322,1,0.0,1053131,11,,3,0,,,,0.0,
3975,7306,1,4308.0,1053131,1,,3,0,,,,0.0,
3976,7321,1,26925.0,1053131,15,,1,0,,,,1.0,
3977,7301,1,21540.0,1053131,12,,1,0,,,,1.0,
3978,7303,1,5385.0,1053131,12,,3,0,,,,0.0,
3979,7301,1,20463.0,1053131,7,,1,0,,,,1.0,
3980,7312,1,21540.0,1053131,16,,1,0,,,,1.0,
3981,7315,1,0.0,1053131,14,,2,0,,,,0.0,
3982,7301,1,19386.0,1053131,13,,1,0,,,,1.0,
3983,7319,1,0.0,1053131,7,,3,0,,,,0.0,
3984,7302,1,5385.0,1053131,6,,3,0,,,,0.0,
3985,7313,1,5815.8,1053131,10,,3,0,,,,0.0,
3986,7316,1,0.0,1053131,11,,3,0,,,,0.0,
3987,7313,1,0.0,1053131,1,,3,0,,,,0.0,
3988,7310,1,0.0,1053131,8,,2,0,,,,0.0,
3989,7310,1,28002.0,1053131,11,,1,0,,,,1.0,
3990,7310,1,23694.0,1053131,12,,1,0,,,,1.0,
3991,7321,1,25848.0,1053131,13,,1,0,,,,1.0,
3992,7316,1,26925.0,1053131,13,,1,0,,,,1.0,
3993,7313,1,7969.799999999999,1053131,12,,3,0,,,,0.0,
3994,7307,1,0.0,1053131,3,,3,0,,,,0.0,
3995,7316,1,12924.0,1053131,35,,3,0,,,,0.0,
3996,7312,1,20463.0,1053131,11,,1,0,,,,1.0,
3997,7313,1,11631.6,1053131,12,,3,0,,,,0.0,
3998,7301,1,6462.0,1053131,2,,3,0,,,,1.0,
3999,7301,1,19386.0,1053131,9,,1,0,,,,1.0,
4000,7322,1,0.0,1053131,14,,3,0,,,,0.0,
4001,7318,1,43080.0,1053131,8,,3,0,,,,1.0,
4002,7319,1,0.0,1053131,3,,3,0,,,,0.0,
4003,7321,1,20463.0,1053131,14,,1,0,,,,1.0,
4004,7310,1,21540.0,1053131,14,,1,0,,,,1.0,
4005,7301,1,34474.77,1053131,11,,1,0,,,,1.0,
4006,7313,1,4631.099999999999,1053131,10,,3,0,,,,0.0,
4007,7310,1,2369.4,1053131,2,,2,0,,,,1.0,
4008,7313,1,2692.5,1053131,11,,2,0,,,,0.0,
4009,7301,1,26925.0,1053131,19,,1,0,,,,1.0,
4010,7319,1,0.0,1053131,9,,3,0,,,,0.0,
4011,7316,1,29079.0,1053131,17,,1,0,,,,1.0,
4012,7313,1,236.94,1053131,12,,2,0,,,,0.0,
4013,7317,1,0.0,1053131,14,,2,0,,,,0.0,
4014,7301,1,64296.899999999994,1053131,15,,1,0,,,,1.0,
4015,7319,1,0.0,1053131,2,,3,0,,,,0.0,
4016,7310,1,5815.8,1053131,11,,3,0,,,,0.0,
4017,7301,1,28002.0,1053131,15,,1,0,,,,1.0,
4018,7313,1,52988.4,1053131,11,,3,0,,,,0.0,
4019,7301,1,23370.899999999998,1053131,13,,1,0,,,,1.0,
4020,7321,1,29832.899999999998,1053131,12,,1,0,,,,1.0,
4021,7322,1,0.0,1053131,10,,3,0,,,,0.0,
4022,7320,1,6031.2,1053131,1,,3,0,,,,0.0,
4023,7319,1,0.0,1053131,13,,3,0,,,,0.0,
4024,7321,1,28002.0,1053131,13,,1,0,,,,1.0,
4025,7321,1,0.0,1053131,2,,3,0,,,,0.0,
4026,7303,1,0.0,1053131,4,,3,0,,,,0.0,
4027,7310,1,0.0,1053131,13,,2,0,,,,0.0,
4028,7317,1,15293.4,1053131,10,,3,0,,,,0.0,
4029,7305,1,12924.0,1053131,1,,3,0,,,,0.0,
4030,7301,1,32320.77,1053131,12,,3,0,,,,1.0,
4031,7311,1,20786.1,1053131,4,,3,0,,,,0.0,
4032,7310,1,25848.0,1053131,2,,3,0,,,,1.0,
4033,7314,1,32202.3,1053131,3,,1,0,,,,1.0,
4034,7306,1,21540.0,1053131,4,,3,0,,,,1.0,
4035,7312,1,28002.0,1053131,7,,1,0,,,,1.0,
4036,7316,1,23694.0,1053131,15,,1,0,,,,1.0,
4037,7316,1,0.0,1053131,11,,3,0,,,,0.0,
4038,7310,1,21540.0,1053131,13,,3,0,,,,1.0,
4039,7315,1,4523.4,1053131,14,,2,0,,,,0.0,
4040,7321,1,62466.0,1053131,9,,3,0,,,,1.0,
4041,7301,1,21540.0,1053131,21,,1,0,,,,1.0,
4042,7308,1,14001.0,1053131,3,,3,0,,,,1.0,
4043,7305,1,7215.9,1053131,2,,3,0,,,,0.0,
4044,7315,1,0.0,1053131,18,,2,0,,,,0.0,
4045,7316,1,0.0,1053131,10,,3,0,,,,0.0,
4046,7320,1,12493.199999999999,1053131,2,,3,0,,,,1.0,
4047,7316,1,29832.899999999998,1053131,6,,1,0,,,,1.0,
4048,7317,1,172.32,1053131,2,,3,0,,,,0.0,
4049,7316,1,2154.0,1053131,17,,3,0,,,,1.0,
4050,7321,1,11631.6,1053131,3,,3,0,,,,0.0,
4051,7301,1,32320.77,1053131,11,,3,0,,,,1.0,
4052,7320,1,4308.0,1053131,1,,3,0,,,,0.0,
4053,7316,1,64620.0,1053131,11,,1,0,,,,1.0,
4054,7310,1,24232.5,1053131,9,,1,0,,,,1.0,
4055,7311,1,0.0,1053131,1,,3,0,,,,0.0,
4056,7301,1,19386.0,1053131,11,,3,0,,,,1.0,
4057,7321,1,0.0,1053131,1,,3,0,,,,0.0,
4058,7318,1,20463.0,1053131,15,,1,0,,,,1.0,
4059,7303,1,21540.0,1053131,13,,3,0,,,,0.0,
4060,7316,1,29079.0,1053131,10,,1,0,,,,1.0,
4061,7320,1,8616.0,1053131,8,,3,0,,,,0.0,
4062,7322,1,0.0,1053131,11,,3,0,,,,0.0,
4063,7301,1,20139.899999999998,1053131,11,,1,0,,,,1.0,
4064,7321,1,28540.5,1053131,3,,3,0,,,,0.0,
4065,7316,1,28002.0,1053131,15,,1,0,,,,1.0,
4066,7315,1,0.0,1053131,13,,2,0,,,,0.0,
4067,7317,1,0.0,1053131,15,,2,0,,,,0.0,
4068,7318,1,7323.599999999999,1053131,8,,3,0,,,,0.0,
4069,7321,1,29832.899999999998,1053131,14,,1,0,,,,1.0,
4070,7310,1,7862.099999999999,1053131,8,,3,0,,,,0.0,
4071,7301,1,20463.0,1053131,16,,1,0,,,,1.0,
4072,7316,1,0.0,1053131,1,,3,0,,,,0.0,
4073,7301,1,26925.0,1053131,15,,1,0,,,,1.0,
4074,7302,1,1044.69,1053131,18,,3,0,,,,0.0,
4075,7301,1,21540.0,1053131,7,,1,0,,,,1.0,
4076,7321,1,16908.899999999998,1053131,11,,3,0,,,,0.0,
4077,7321,1,20463.0,1053131,15,,1,0,,,,1.0,
4078,7321,1,0.0,1053131,1,,3,0,,,,0.0,
4079,7322,1,0.0,1053131,11,,3,0,,,,0.0,
4080,7319,1,0.0,1053131,2,,3,0,,,,0.0,
4081,7308,1,10339.199999999999,1053131,11,,3,0,,,,0.0,
4082,7301,1,20463.0,1053131,7,,3,0,,,,1.0,
4083,7313,1,12924.0,1053131,24,,3,0,,,,0.0,
4084,7322,1,0.0,1053131,12,,3,0,,,,0.0,
4085,7316,1,32310.0,1053131,10,,1,0,,,,1.0,
4086,7322,1,0.0,1053131,32,,3,0,,,,0.0,
4087,7304,1,0.0,1053131,4,,3,0,,,,0.0,
4088,7313,1,5385.0,1053131,13,,3,0,,,,0.0,
4089,7301,1,21540.0,1053131,6,,1,0,,,,1.0,
4090,7305,1,3769.5,1053131,15,,2,0,,,,1.0,
4091,7301,1,24771.0,1053131,11,,1,0,,,,1.0,
4092,7313,1,69897.3,1053131,3,,3,0,,,,0.0,
4093,7301,1,20463.0,1053131,17,,1,0,,,,1.0,
4094,7305,1,4308.0,1053131,24,,3,0,,,,0.0,
4095,7322,1,383735.1,1053131,1,,3,0,,,,1.0,
4096,7310,1,0.0,1053131,28,,3,0,,,,0.0,
4097,7301,1,17232.0,1053131,10,,1,0,,,,1.0,
4098,7310,1,4523.4,1053131,3,,2,0,,,,0.0,
4099,7315,1,6462.0,1053131,14,,2,0,,,,0.0,
4100,7316,1,53203.799999999996,1053131,74,,1,0,,,,1.0,
4101,7301,1,19386.0,1053131,17,,1,0,,,,1.0,
4102,7315,1,0.0,1053131,8,,2,0,,,,0.0,
4103,7312,1,26925.0,1053131,15,,1,0,,,,1.0,
4104,7301,1,0.0,1053131,2,,2,0,,,,0.0,
4105,7321,1,34474.77,1053131,14,,1,0,,,,1.0,
4106,7317,1,26386.5,1053131,2,,3,0,,,,1.0,
4107,7322,1,0.0,1053131,12,,3,0,,,,0.0,
4108,7303,1,387.71999999999997,1053131,9,,3,0,,,,0.0,
4109,7306,1,0.0,1053131,10,,3,0,,,,0.0,
4110,7318,1,4092.6,1053131,18,,3,0,,,,0.0,
4111,7321,1,26925.0,1053131,11,,3,0,,,,1.0,
4112,7306,1,0.0,1053131,5,,3,0,,,,0.0,
4113,7322,1,0.0,1053131,14,,3,0,,,,0.0,
4114,7321,1,37695.0,1053131,13,,2,0,,,,1.0,
4115,7318,1,17662.8,1053131,8,,3,0,,,,0.0,
4116,7319,1,0.0,1053131,3,,3,0,,,,0.0,
4117,7301,1,29079.0,1053131,14,,1,0,,,,1.0,
4118,7317,1,7000.5,1053131,2,,3,0,,,,1.0,
4119,7301,1,21540.0,1053131,15,,1,0,,,,1.0,
4120,7301,1,21540.0,1053131,16,,1,0,,,,1.0,
4121,7322,1,0.0,1053131,12,,3,0,,,,0.0,
4122,7321,1,37695.0,1053131,11,,2,0,,,,1.0,
4123,7310,1,0.0,1053131,7,,2,0,,,,0.0,
4124,7314,1,12924.0,1053131,5,,3,0,,,,0.0,
4125,7302,1,6462.0,1053131,1,,2,0,,,,0.0,
4126,7316,1,0.0,1053131,7,,3,0,,,,0.0,
4127,7310,1,0.0,1053131,9,,2,0,,,,0.0,
4128,7321,1,20463.0,1053131,12,,1,0,,,,1.0,
4129,7315,1,0.0,1053131,13,,2,0,,,,0.0,
4130,7310,1,29079.0,1053131,13,,1,0,,,,1.0,
4131,7310,1,23370.899999999998,1053131,13,,1,0,,,,1.0,
4132,7306,1,10770.0,1053131,2,,3,0,,,,0.0,
4133,7301,1,17232.0,1053131,17,,1,0,,,,1.0,
4134,7319,1,0.0,1053131,5,,3,0,,,,0.0,
4135,7312,1,26925.0,1053131,6,,1,0,,,,1.0,
4136,7318,1,12062.4,1053131,13,,3,0,,,,0.0,
4137,7315,1,15724.199999999999,1053131,9,,3,0,,,,0.0,
4138,7313,1,0.0,1053131,1,,3,0,,,,0.0,
4139,7301,1,20463.0,1053131,10,,1,0,,,,1.0,
4140,7316,1,24771.0,1053131,16,,1,0,,,,1.0,
4141,7321,1,11631.6,1053131,9,,3,0,,,,0.0,
4142,7313,1,0.0,1053131,12,,3,0,,,,0.0,
4143,7310,1,21216.899999999998,1053131,15,,1,0,,,,1.0,
4144,7316,1,0.0,1053131,12,,3,0,,,,0.0,
4145,7320,1,12493.199999999999,1053131,9,,3,0,,,,0.0,
4146,7313,1,0.0,1053131,6,,3,0,,,,0.0,
4147,7316,1,26925.0,1053131,17,,3,0,,,,0.0,
4148,7322,1,0.0,1053131,10,,3,0,,,,0.0,
4149,7314,1,8508.3,1053131,1,,3,0,,,,0.0,
4150,7316,1,19386.0,1053131,27,,3,0,,,,0.0,
4151,7316,1,21540.0,1053131,11,,1,0,,,,1.0,
4152,7316,1,0.0,1053131,11,,3,0,,,,0.0,
4153,7321,1,53203.799999999996,1053131,12,,1,0,,,,1.0,
4154,7317,1,0.0,1053131,3,,3,0,,,,0.0,
4155,7315,1,0.0,1053131,17,,2,0,,,,0.0,
4156,7315,1,7862.099999999999,1053131,16,,2,0,,,,0.0,
4157,7310,1,26925.0,1053131,7,,1,0,,,,1.0,
4158,7319,1,0.0,1053131,3,,3,0,,,,0.0,
4159,7301,1,23370.899999999998,1053131,12,,1,0,,,,1.0,
4160,7321,1,20463.0,1053131,15,,1,0,,,,1.0,
4161,7319,1,0.0,1053131,6,,3,0,,,,0.0,
4162,7317,1,0.0,1053131,13,,2,0,,,,0.0,
4163,7315,1,6462.0,1053131,17,,2,0,,,,0.0,
4164,7301,1,25848.0,1053131,15,,1,0,,,,1.0,
4165,7306,1,18632.1,1053131,15,,3,0,,,,0.0,
4166,7317,1,14647.199999999999,1053131,3,,3,0,,,,0.0,
4167,7306,1,12924.0,1053131,6,,3,0,,,,0.0,
4168,7319,1,19816.8,1053131,2,,3,0,,,,0.0,
4169,7321,1,31233.0,1053131,11,,2,0,,,,1.0,
4170,7321,1,16155.0,1053131,9,,3,0,,,,1.0,
4171,7301,1,21540.0,1053131,16,,1,0,,,,1.0,
4172,7310,1,25848.0,1053131,12,,3,0,,,,1.0,
4173,7310,1,21540.0,1053131,13,,1,0,,,,1.0,
4174,7303,1,0.0,1053131,13,,3,0,,,,0.0,
4175,7307,1,1830.8999999999999,1053131,1,,3,0,,,,0.0,
4176,7322,1,0.0,1053131,13,,3,0,,,,0.0,
4177,7322,1,0.0,1053131,39,,3,0,,,,0.0,
4178,7301,1,1615.5,1053131,3,,3,0,,,,0.0,
4179,7319,1,610551.2999999999,1053131,8,,3,0,,,,1.0,
4180,7310,1,4308.0,1053131,17,,3,0,,,,1.0,
4181,7307,1,,1053131,3,,3,0,,,,0.0,
4182,7315,1,0.0,1053131,13,,2,0,,,,0.0,
4183,7322,1,0.0,1053131,14,,3,0,,,,0.0,
4184,7313,1,10123.8,1053131,10,,3,0,,,,0.0,
4185,7313,1,10791.539999999999,1053131,1,,3,0,,,,1.0,
4186,7301,1,20463.0,1053131,14,,1,0,,,,1.0,
4187,7301,1,6462.0,1053131,15,,3,0,,,,1.0,
4188,7313,1,7323.599999999999,1053131,3,,3,0,,,,0.0,
4189,7310,1,0.0,1053131,14,,2,0,,,,0.0,
4190,7316,1,20463.0,1053131,12,,1,0,,,,1.0,
4191,7301,1,21540.0,1053131,13,,1,0,,,,1.0,
4192,7304,1,12924.0,1053131,3,,3,0,,,,0.0,
4193,7315,1,0.0,1053131,18,,2,0,,,,0.0,
4194,7316,1,23694.0,1053131,17,,1,0,,,,1.0,
4195,7301,1,19386.0,1053131,9,,1,0,,,,1.0,
4196,7315,1,32956.2,1053131,3,,3,0,,,,0.0,
4197,7316,1,1292.3999999999999,1053131,32,,3,0,,,,0.0,
4198,7306,1,8185.2,1053131,10,,3,0,,,,0.0,
4199,7315,1,0.0,1053131,5,,2,0,,,,0.0,
4200,7301,1,936.99,1053131,10,,3,0,,,,0.0,
4201,7319,1,13247.1,1053131,1,,3,0,,,,0.0,
4202,7316,1,0.0,1053131,12,,3,0,,,,0.0,
4203,7308,1,18093.6,1053131,1,,3,0,,,,0.0,
4204,7301,1,20463.0,1053131,15,,1,0,,,,1.0,
4205,7322,1,0.0,1053131,14,,3,0,,,,0.0,
4206,7322,1,0.0,1053131,13,,3,0,,,,0.0,
4207,7307,1,25848.0,1053131,11,,3,0,,,,1.0,
4208,7310,1,26925.0,1053131,12,,3,0,,,,1.0,
4209,7311,1,13893.3,1053131,8,,3,0,,,,0.0,
4210,7301,1,29832.899999999998,1053131,7,,1,0,,,,1.0,
4211,7304,1,15616.5,1053131,2,,3,0,,,,0.0,
4212,7315,1,3446.3999999999996,1053131,4,,2,0,,,,0.0,
4213,7309,1,18739.8,1053131,13,,3,0,,,,0.0,
4214,7301,1,20463.0,1053131,5,,1,0,,,,1.0,
4215,7316,1,21540.0,1053131,15,,1,0,,,,1.0,
4216,7321,1,0.0,1053131,2,,3,0,,,,0.0,
4217,7315,1,0.0,1053131,11,,3,0,,,,0.0,
4218,7310,1,25848.0,1053131,16,,1,0,,,,1.0,
4219,7303,1,0.0,1053131,17,,3,0,,,,0.0,
4220,7316,1,25848.0,1053131,14,,1,0,,,,1.0,
4221,7301,1,21540.0,1053131,10,,1,0,,,,1.0,
4222,7302,1,0.0,1053131,30,,3,0,,,,0.0,
4223,7316,1,20463.0,1053131,12,,1,0,,,,1.0,
4224,7309,1,13139.4,1053131,9,,3,0,,,,0.0,
4225,7310,1,25848.0,1053131,14,,1,0,,,,1.0,
4226,7319,1,21540.0,1053131,11,,3,0,,,,0.0,
4227,7301,1,29832.899999999998,1053131,18,,1,0,,,,1.0,
4228,7316,1,14431.8,1053131,9,,3,0,,,,1.0,
4229,7321,1,17124.3,1053131,9,,3,0,,,,0.0,
4230,7302,1,19386.0,1053131,8,,1,0,,,,1.0,
4231,7319,1,13139.4,1053131,1,,3,0,,,,0.0,
4232,7315,1,2369.4,1053131,13,,2,0,,,,1.0,
4233,7321,1,807.75,1053131,12,,3,0,,,,0.0,
4234,7301,1,20463.0,1053131,16,,1,0,,,,1.0,
4235,7301,1,0.0,1053131,1,,3,0,,,,0.0,
4236,7301,1,21540.0,1053131,16,,3,0,,,,1.0,
4237,7301,1,26925.0,1053131,2,,3,0,,,,1.0,
4238,7316,1,26925.0,1053131,17,,1,0,,,,1.0,
4239,7310,1,25848.0,1053131,2,,3,0,,,,1.0,
4240,7316,1,51588.299999999996,1053131,14,,1,0,,,,1.0,
4241,7301,1,4308.0,1053131,3,,3,0,,,,0.0,
4242,7310,1,15508.8,1053131,9,,3,0,,,,0.0,
4243,7318,1,12924.0,1053131,2,,3,0,,,,0.0,
4244,7318,1,57404.1,1053131,3,,3,0,,,,1.0,
4245,7317,1,0.0,1053131,2,,3,0,,,,0.0,
4246,7315,1,0.0,1053131,7,,2,0,,,,0.0,
4247,7301,1,24771.0,1053131,15,,1,0,,,,1.0,
4248,7313,1,12924.0,1053131,3,,1,0,,,,1.0,
4249,7301,1,21540.0,1053131,10,,3,0,,,,1.0,
4250,7310,1,27140.399999999998,1053131,14,,1,0,,,,1.0,
4251,7315,1,0.0,1053131,18,,2,0,,,,0.0,
4252,7319,1,0.0,1053131,2,,3,0,,,,0.0,
4253,7301,1,23370.899999999998,1053131,12,,1,0,,,,1.0,
4254,7317,1,16478.1,1053131,8,,3,0,,,,0.0,
4255,7306,1,9154.5,1053131,2,,3,0,,,,0.0,
4256,7310,1,3446.3999999999996,1053131,10,,2,0,,,,0.0,
4257,7301,1,23370.899999999998,1053131,15,,1,0,,,,1.0,
4258,7310,1,17232.0,1053131,9,,1,0,,,,1.0,
4259,7303,1,0.0,1053131,10,,3,0,,,,0.0,
4260,7316,1,0.0,1053131,5,,3,0,,,,0.0,
4261,7313,1,35648.7,1053131,12,,3,0,,,,0.0,
4262,7310,1,53203.799999999996,1053131,14,,1,0,,,,1.0,
4263,7316,1,0.0,1053131,13,,3,0,,,,0.0,
4264,7306,1,13893.3,1053131,2,,3,0,,,,0.0,
4265,7316,1,0.0,1053131,11,,3,0,,,,0.0,
4266,7318,1,25417.2,1053131,10,,3,0,,,,0.0,
4267,7308,1,15508.8,1053131,15,,3,0,,,,0.0,
4268,7319,1,0.0,1053131,7,,3,0,,,,0.0,
4269,7321,1,32320.77,1053131,14,,3,0,,,,1.0,
4270,7301,1,26925.0,1053131,13,,1,0,,,,1.0,
4271,7316,1,11093.1,1053131,12,,3,0,,,,0.0,
4272,7315,1,0.0,1053131,15,,2,0,,,,0.0,
4273,7315,1,0.0,1053131,12,,2,0,,,,0.0,
4274,7303,1,0.0,1053131,4,,3,0,,,,0.0,
4275,7317,1,8616.0,1053131,5,,3,0,,,,0.0,
4276,7318,1,10016.1,1053131,25,,3,0,,,,0.0,
4277,7313,1,0.0,1053131,12,,2,0,,,,0.0,
4278,7301,1,20463.0,1053131,10,,1,0,,,,1.0,
4279,7309,1,0.0,1053131,10,,3,0,,,,0.0,
4280,7319,1,0.0,1053131,6,,3,0,,,,0.0,
4281,7321,1,50619.0,1053131,16,,1,0,,,,1.0,
4282,7303,1,0.0,1053131,13,,3,0,,,,0.0,
4283,7302,1,21540.0,1053131,1,,3,0,,,,1.0,
4284,7315,1,4523.4,1053131,17,,2,0,,,,0.0,
4285,7321,1,25848.0,1053131,12,,1,0,,,,1.0,
4286,7303,1,0.0,1053131,10,,3,0,,,,0.0,
4287,7316,1,38772.0,1053131,16,,3,0,,,,1.0,
4288,7310,1,29832.899999999998,1053131,15,,1,0,,,,1.0,
4289,7310,1,21540.0,1053131,13,,1,0,,,,1.0,
4290,7310,1,52988.4,1053131,10,,3,0,,,,0.0,
4291,7316,1,24771.0,1053131,16,,1,0,,,,1.0,
4292,7301,1,21540.0,1053131,10,,3,0,,,,1.0,
4293,7307,1,14647.199999999999,1053131,10,,3,0,,,,0.0,
4294,7301,1,25848.0,1053131,18,,1,0,,,,1.0,
4295,7316,1,0.0,1053131,11,,3,0,,,,0.0,
4296,7302,1,21540.0,1053131,1,,3,0,,,,1.0,
4297,7316,1,51588.299999999996,1053131,13,,1,0,,,,1.0,
4298,7313,1,10339.199999999999,1053131,3,,3,0,,,,0.0,
4299,7317,1,0.0,1053131,9,,2,0,,,,0.0,
4300,7301,1,26925.0,1053131,9,,1,0,,,,1.0,
4301,7318,1,7000.5,1053131,13,,3,0,,,,1.0,
4302,7314,1,60742.799999999996,1053131,1,,3,0,,,,0.0,
4303,7321,1,37695.0,1053131,18,,2,0,,,,1.0,
4304,7316,1,0.0,1053131,10,,3,0,,,,0.0,
4305,7319,1,0.0,1053131,1,,3,0,,,,0.0,
4306,7316,1,0.0,1053131,13,,3,0,,,,0.0,
4307,7316,1,26925.0,1053131,18,,1,0,,,,1.0,
4308,7315,1,1615.5,1053131,14,,2,0,,,,1.0,
4309,7322,1,0.0,1053131,1,,3,0,,,,0.0,
4310,7322,1,0.0,1053131,7,,3,0,,,,0.0,
4311,7303,1,12924.0,1053131,10,,3,0,,,,0.0,
4312,7301,1,21540.0,1053131,15,,3,0,,,,1.0,
4313,7321,1,0.0,1053131,11,,3,0,,,,0.0,
4314,7301,1,24771.0,1053131,15,,1,0,,,,1.0,
4315,7316,1,38772.0,1053131,14,,2,0,,,,1.0,
4316,7301,1,19386.0,1053131,9,,1,0,,,,1.0,
4317,7303,1,0.0,1053131,13,,3,0,,,,0.0,
4318,7310,1,32310.0,1053131,2,,3,0,,,,1.0,
4319,7316,1,7862.099999999999,1053131,9,,3,0,,,,0.0,
4320,7316,1,23370.899999999998,1053131,17,,1,0,,,,1.0,
4321,7301,1,21540.0,1053131,13,,1,0,,,,1.0,
4322,7310,1,22617.0,1053131,16,,1,0,,,,1.0,
4323,7313,1,6031.2,1053131,2,,3,0,,,,0.0,
4324,7320,1,0.0,1053131,1,,3,0,,,,0.0,
4325,7312,1,25848.0,1053131,17,,3,0,,,,1.0,
4326,7322,1,0.0,1053131,11,,3,0,,,,0.0,
4327,7307,1,4523.4,1053131,11,,2,0,,,,0.0,
4328,7317,1,5385.0,1053131,9,,3,0,,,,0.0,
4329,7320,1,17145.84,1053131,1,,3,0,,,,0.0,
4330,7308,1,1292.3999999999999,1053131,4,,3,0,,,,0.0,
4331,7303,1,0.0,1053131,3,,3,0,,,,0.0,
4332,7310,1,4523.4,1053131,1,,2,0,,,,0.0,
4333,7315,1,0.0,1053131,15,,2,0,,,,0.0,
4334,7301,1,21540.0,1053131,19,,1,0,,,,1.0,
4335,7309,1,11631.6,1053131,11,,3,0,,,,0.0,
4336,7302,1,0.0,1053131,1,,3,0,,,,0.0,
4337,7313,1,12708.6,1053131,9,,3,0,,,,0.0,
4338,7321,1,24232.5,1053131,12,,1,0,,,,1.0,
4339,7319,1,,1053131,3,,3,0,,,,0.0,
4340,7310,1,66450.9,1053131,11,,3,0,,,,1.0,
4341,7316,1,0.0,1053131,24,,3,0,,,,0.0,
4342,7301,1,20463.0,1053131,18,,1,0,,,,1.0,
4343,7310,1,20463.0,1053131,13,,1,0,,,,1.0,
4344,7310,1,0.0,1053131,15,,2,0,,,,0.0,
4345,7321,1,51588.299999999996,1053131,13,,1,0,,,,1.0,
4346,7301,1,21216.899999999998,1053131,12,,1,0,,,,1.0,
4347,7303,1,0.0,1053131,7,,2,0,,,,0.0,
4348,7313,1,0.0,1053131,11,,3,0,,,,0.0,
4349,7321,1,21540.0,1053131,12,,3,0,,,,1.0,
4350,7310,1,0.0,1053131,8,,2,0,,,,0.0,
4351,7319,1,0.0,1053131,1,,3,0,,,,0.0,
4352,7301,1,24771.0,1053131,13,,1,0,,,,1.0,
4353,7301,1,24555.6,1053131,14,,1,0,,,,1.0,
4354,7310,1,20463.0,1053131,12,,3,0,,,,1.0,
4355,7315,1,0.0,1053131,15,,2,0,,,,0.0,
4356,7310,1,23370.899999999998,1053131,17,,1,0,,,,1.0,
4357,7301,1,25848.0,1053131,5,,1,0,,,,1.0,
4358,7315,1,0.0,1053131,18,,3,0,,,,0.0,
4359,7315,1,0.0,1053131,8,,2,0,,,,0.0,
4360,7319,1,0.0,1053131,2,,3,0,,,,0.0,
4361,7316,1,21540.0,1053131,13,,1,0,,,,1.0,
4362,7303,1,12170.1,1053131,13,,3,0,,,,0.0,
4363,7301,1,29832.899999999998,1053131,13,,1,0,,,,1.0,
4364,7312,1,5169.599999999999,1053131,4,,3,0,,,,0.0,
4365,7317,1,0.0,1053131,18,,2,0,,,,0.0,
4366,7313,1,0.0,1053131,8,,3,0,,,,0.0,
4367,7316,1,0.0,1053131,13,,3,0,,,,0.0,
4368,7301,1,8508.3,1053131,3,,3,0,,,,0.0,
4369,7318,1,0.0,1053131,2,,3,0,,,,0.0,
4370,7313,1,646.1999999999999,1053131,10,,3,0,,,,0.0,
4371,7317,1,0.0,1053131,14,,2,0,,,,0.0,
4372,7321,1,11631.6,1053131,3,,3,0,,,,0.0,
4373,7322,1,0.0,1053131,1,,3,0,,,,0.0,
4374,7319,1,0.0,1053131,7,,3,0,,,,0.0,
4375,7322,1,0.0,1053131,11,,3,0,,,,0.0,
4376,7312,1,20463.0,1053131,14,,1,0,,,,1.0,
4377,7321,1,11631.6,1053131,4,,3,0,,,,0.0,
4378,7316,1,21109.2,1053131,13,,3,0,,,,0.0,
4379,7315,1,2154.0,1053131,7,,2,0,,,,0.0,
4380,7317,1,6462.0,1053131,18,,2,0,,,,0.0,
4381,7316,1,28002.0,1053131,12,,1,0,,,,1.0,
4382,7313,1,0.0,1053131,11,,3,0,,,,0.0,
4383,7316,1,26925.0,1053131,14,,1,0,,,,1.0,
4384,7321,1,19386.0,1053131,15,,3,0,,,,1.0,
4385,7321,1,10662.3,1053131,2,,3,0,,,,0.0,
4386,7309,1,11631.6,1053131,15,,3,0,,,,0.0,
4387,7313,1,0.0,1053131,13,,3,0,,,,0.0,
4388,7310,1,26925.0,1053131,13,,1,0,,,,1.0,
4389,7301,1,25848.0,1053131,13,,1,0,,,,1.0,
4390,7312,1,25848.0,1053131,17,,1,0,,,,1.0,
4391,7301,1,64296.899999999994,1053131,10,,1,0,,,,1.0,
4392,7313,1,0.0,1053131,11,,3,0,,,,0.0,
4393,7316,1,25848.0,1053131,5,,1,0,,,,1.0,
4394,7319,1,0.0,1053131,2,,3,0,,,,0.0,
4395,7301,1,17232.0,1053131,13,,1,0,,,,1.0,
4396,7301,1,25848.0,1053131,10,,3,0,,,,1.0,
4397,7319,1,0.0,1053131,11,,3,0,,,,0.0,
4398,7306,1,1723.1999999999998,1053131,1,,3,0,,,,0.0,
4399,7322,1,0.0,1053131,13,,3,0,,,,0.0,
4400,7310,1,37695.0,1053131,9,,2,0,,,,1.0,
4401,7315,1,1077.0,1053131,26,,3,0,,,,0.0,
4402,7315,1,0.0,1053131,16,,2,0,,,,0.0,
4403,7319,1,0.0,1053131,2,,3,0,,,,0.0,
4404,7322,1,0.0,1053131,12,,3,0,,,,0.0,
4405,7321,1,20463.0,1053131,12,,3,0,,,,1.0,
4406,7321,1,51588.299999999996,1053131,10,,1,0,,,,1.0,
4407,7303,1,22617.0,1053131,13,,3,0,,,,0.0,
4408,7322,1,0.0,1053131,13,,3,0,,,,0.0,
4409,7313,1,13354.8,1053131,6,,3,0,,,,0.0,
4410,7306,1,0.0,1053131,1,,3,0,,,,0.0,
4411,7301,1,28002.0,1053131,9,,1,0,,,,1.0,
4412,7310,1,0.0,1053131,16,,2,0,,,,0.0,
4413,7316,1,25848.0,1053131,12,,3,0,,,,1.0,
4414,7310,1,6462.0,1053131,1,,2,0,,,,1.0,
4415,7321,1,20463.0,1053131,16,,1,0,,,,1.0,
4416,7322,1,0.0,1053131,1,,3,0,,,,0.0,
4417,7310,1,0.0,1053131,11,,2,0,,,,0.0,
4418,7301,1,21540.0,1053131,13,,1,0,,,,1.0,
4419,7316,1,0.0,1053131,1,,3,0,,,,0.0,
4420,7305,1,4523.4,1053131,16,,2,0,,,,0.0,
4421,7319,1,0.0,1053131,9,,3,0,,,,0.0,
4422,7301,1,19062.899999999998,1053131,9,,1,0,,,,1.0,
4423,7305,1,15724.199999999999,1053131,2,,3,0,,,,0.0,
4424,7314,1,14001.0,1053131,14,,3,0,,,,0.0,
4425,7301,1,21540.0,1053131,12,,1,0,,,,1.0,
4426,7308,1,0.0,1053131,13,,3,0,,,,0.0,
4427,7316,1,59235.0,1053131,15,,1,0,,,,1.0,
4428,7309,1,0.0,1053131,12,,3,0,,,,0.0,
4429,7301,1,21540.0,1053131,6,,3,0,,,,1.0,
4430,7310,1,7539.0,1053131,11,,3,0,,,,1.0,
4431,7301,1,24771.0,1053131,16,,1,0,,,,1.0,
4432,7321,1,64620.0,1053131,12,,1,0,,,,1.0,
4433,7301,1,26925.0,1053131,15,,1,0,,,,1.0,
4434,7322,1,0.0,1053131,3,,3,0,,,,0.0,
4435,7310,1,5385.0,1053131,1,,2,0,,,,1.0,
4436,7313,1,21863.1,1053131,6,,3,0,,,,1.0,
4437,7301,1,19386.0,1053131,7,,1,0,,,,1.0,
4438,7313,1,8723.699999999999,1053131,11,,3,0,,,,0.0,
4439,7314,1,0.0,1053131,8,,2,0,,,,0.0,
4440,7301,1,21540.0,1053131,12,,1,0,,,,1.0,
4441,7310,1,19386.0,1053131,13,,1,0,,,,1.0,
4442,7321,1,0.0,1053131,14,,3,0,,,,0.0,
4443,7317,1,0.0,1053131,16,,2,0,,,,0.0,
4444,7321,1,58158.0,1053131,3,,3,0,,,,0.0,
4445,7318,1,85729.2,1053131,2,,3,0,,,,1.0,
4446,7305,1,10791.539999999999,1053131,21,,3,0,,,,1.0,
4447,7321,1,34464.0,1053131,19,,1,0,,,,1.0,
4448,7308,1,0.0,1053131,3,,3,0,,,,0.0,
4449,7313,1,0.0,1053131,28,,3,0,,,,0.0,
4450,7306,1,11847.0,1053131,1,,3,0,,,,0.0,
4451,7301,1,21216.899999999998,1053131,5,,1,0,,,,1.0,
4452,7321,1,0.0,1053131,1,,3,0,,,,0.0,
4453,7322,1,0.0,1053131,12,,3,0,,,,0.0,
4454,7313,1,234247.5,1053131,13,,3,0,,,,0.0,
4455,7301,1,0.0,1053131,3,,3,0,,,,0.0,
4456,7301,1,23370.899999999998,1053131,16,,1,0,,,,1.0,
4457,7319,1,0.0,1053131,5,,3,0,,,,0.0,
4458,7301,1,24771.0,1053131,16,,1,0,,,,1.0,
4459,7322,1,0.0,1053131,15,,3,0,,,,0.0,
4460,7301,1,24771.0,1053131,10,,1,0,,,,1.0,
4461,7301,1,32320.77,1053131,11,,3,0,,,,1.0,
4462,7312,1,26925.0,1053131,19,,1,0,,,,1.0,
4463,7301,1,20463.0,1053131,12,,1,0,,,,1.0,
4464,7317,1,7215.9,1053131,5,,3,0,,,,0.0,
4465,7310,1,24555.6,1053131,9,,1,0,,,,1.0,
4466,7310,1,0.0,1053131,15,,2,0,,,,0.0,
4467,7319,1,0.0,1053131,12,,3,0,,,,0.0,
4468,7301,1,21540.0,1053131,14,,1,0,,,,1.0,
4469,7312,1,20463.0,1053131,14,,1,0,,,,1.0,
4470,7301,1,32320.77,1053131,12,,1,0,,,,1.0,
4471,7318,1,1292.3999999999999,1053131,4,,3,0,,,,0.0,
4472,7301,1,21540.0,1053131,12,,1,0,,,,1.0,
4473,7301,1,21540.0,1053131,15,,3,0,,,,1.0,
4474,7301,1,23370.899999999998,1053131,10,,1,0,,,,1.0,
4475,7301,1,20463.0,1053131,7,,3,0,,,,1.0,
4476,7316,1,0.0,1053131,12,,3,0,,,,0.0,
4477,7313,1,38772.0,1053131,7,,3,0,,,,0.0,
4478,7310,1,0.0,1053131,16,,2,0,,,,0.0,
4479,7318,1,11631.6,1053131,11,,3,0,,,,0.0,
4480,7321,1,20463.0,1053131,15,,1,0,,,,1.0,
4481,7303,1,0.0,1053131,11,,3,0,,,,0.0,
4482,7319,1,0.0,1053131,2,,3,0,,,,0.0,
4483,7319,1,0.0,1053131,3,,3,0,,,,0.0,
4484,7316,1,8616.0,1053131,10,,1,0,,,,1.0,
4485,7310,1,21540.0,1053131,8,,1,0,,,,1.0,
4486,7310,1,0.0,1053131,3,,2,0,,,,0.0,
4487,7319,1,0.0,1053131,2,,3,0,,,,0.0,
4488,7315,1,0.0,1053131,13,,2,0,,,,0.0,
4489,7321,1,28002.0,1053131,14,,1,0,,,,1.0,
4490,7310,1,25848.0,1053131,2,,3,0,,,,1.0,
4491,7321,1,29079.0,1053131,13,,1,0,,,,1.0,
4492,7301,1,21540.0,1053131,12,,1,0,,,,1.0,
4493,7301,1,23694.0,1053131,16,,1,0,,,,1.0,
4494,7310,1,29079.0,1053131,15,,1,0,,,,1.0,
4495,7322,1,0.0,1053131,11,,3,0,,,,0.0,
4496,7309,1,29294.399999999998,1053131,11,,3,0,,,,0.0,
4497,7309,1,0.0,1053131,2,,3,0,,,,0.0,
4498,7315,1,8616.0,1053131,24,,2,0,,,,1.0,
4499,7316,1,0.0,1053131,9,,3,0,,,,0.0,
4500,7318,1,21540.0,1053131,1,,1,0,,,,1.0,
4501,7319,1,0.0,1053131,7,,3,0,,,,0.0,
4502,7307,1,10123.8,1053131,7,,3,0,,,,0.0,
4503,7315,1,6462.0,1053131,18,,2,0,,,,0.0,
4504,7319,1,34464.0,1053131,13,,3,0,,,,0.0,
4505,7301,1,24232.5,1053131,15,,1,0,,,,1.0,
4506,7322,1,0.0,1053131,13,,3,0,,,,0.0,
4507,7313,1,7754.4,1053131,16,,3,0,,,,0.0,
4508,7316,1,26925.0,1053131,14,,1,0,,,,1.0,
4509,7301,1,26925.0,1053131,15,,1,0,,,,1.0,
4510,7317,1,3446.3999999999996,1053131,10,,3,0,,,,0.0,
4511,7316,1,10662.3,1053131,24,,3,0,,,,0.0,
4512,7303,1,34464.0,1053131,11,,3,0,,,,0.0,
4513,7301,1,25848.0,1053131,13,,1,0,,,,1.0,
4514,7310,1,188905.8,1053131,5,,3,0,,,,0.0,
4515,7316,1,20463.0,1053131,11,,1,0,,,,1.0,
4516,7306,1,26925.0,1053131,8,,3,0,,,,1.0,
4517,7322,1,0.0,1053131,15,,3,0,,,,0.0,
4518,7317,1,2800.2,1053131,4,,3,0,,,,0.0,
4519,7301,1,20463.0,1053131,11,,1,0,,,,1.0,
4520,7315,1,26925.0,1053131,10,,3,0,,,,0.0,
4521,7308,1,6462.0,1053131,11,,3,0,,,,0.0,
4522,7321,1,1615.5,1053131,2,,3,0,,,,0.0,
4523,7301,1,29832.899999999998,1053131,15,,1,0,,,,1.0,
4524,7312,1,20139.899999999998,1053131,13,,1,0,,,,1.0,
4525,7319,1,0.0,1053131,2,,3,0,,,,0.0,
4526,7312,1,24771.0,1053131,10,,1,0,,,,1.0,
4527,7301,1,20463.0,1053131,11,,1,0,,,,1.0,
4528,7308,1,0.0,1053131,10,,3,0,,,,0.0,
4529,7310,1,23694.0,1053131,10,,1,0,,,,1.0,
4530,7313,1,43941.6,1053131,9,,3,0,,,,0.0,
4531,7312,1,64296.899999999994,1053131,13,,1,0,,,,1.0,
4532,7319,1,21540.0,1053131,10,,3,0,,,,0.0,
4533,7301,1,64296.899999999994,1053131,13,,1,0,,,,1.0,
4534,7322,1,0.0,1053131,11,,3,0,,,,0.0,
4535,7306,1,936.99,1053131,2,,3,0,,,,0.0,
4536,7301,1,11416.199999999999,1053131,2,,3,0,,,,0.0,
4537,7315,1,11631.6,1053131,9,,3,0,,,,0.0,
4538,7308,1,9369.9,1053131,23,,3,0,,,,0.0,
4539,7318,1,0.0,1053131,6,,3,0,,,,0.0,
4540,7321,1,21540.0,1053131,15,,1,0,,,,1.0,
4541,7301,1,20139.899999999998,1053131,10,,1,0,,,,1.0,
4542,7310,1,7754.4,1053131,9,,3,0,,,,0.0,
4543,7304,1,15831.9,1053131,1,,3,0,,,,0.0,
4544,7317,1,13247.1,1053131,8,,2,0,,,,1.0,
4545,7321,1,26925.0,1053131,15,,1,0,,,,1.0,
4546,7302,1,0.0,1053131,3,,3,0,,,,0.0,
4547,7301,1,21540.0,1053131,16,,1,0,,,,1.0,
4548,7312,1,25848.0,1053131,10,,3,0,,,,1.0,
4549,7313,1,71082.0,1053131,11,,3,0,,,,0.0,
4550,7310,1,25848.0,1053131,6,,3,0,,,,1.0,
4551,7321,1,26925.0,1053131,12,,1,0,,,,1.0,
4552,7306,1,26925.0,1053131,4,,3,0,,,,1.0,
4553,7306,1,12062.4,1053131,2,,3,0,,,,0.0,
4554,7306,1,0.0,1053131,3,,3,0,,,,0.0,
4555,7310,1,4631.099999999999,1053131,3,,3,0,,,,0.0,
4556,7306,1,936.99,1053131,1,,3,0,,,,0.0,
4557,7316,1,25848.0,1053131,10,,1,0,,,,1.0,
4558,7301,1,904.68,1053131,2,,3,0,,,,0.0,
4559,7307,1,0.0,1053131,1,,3,0,,,,0.0,
4560,7312,1,25848.0,1053131,16,,1,0,,,,1.0,
4561,7302,1,12816.3,1053131,26,,3,0,,,,0.0,
4562,7315,1,0.0,1053131,15,,2,0,,,,0.0,
4563,7312,1,29079.0,1053131,14,,1,0,,,,1.0,
4564,7316,1,0.0,1053131,11,,3,0,,,,0.0,
4565,7322,1,0.0,1053131,15,,3,0,,,,0.0,
4566,7310,1,21540.0,1053131,14,,1,0,,,,1.0,
4567,7319,1,0.0,1053131,3,,3,0,,,,0.0,
4568,7315,1,0.0,1053131,21,,2,0,,,,0.0,
4569,7303,1,17016.6,1053131,15,,3,0,,,,0.0,
4570,7322,1,0.0,1053131,1,,3,0,,,,0.0,
4571,7316,1,59235.0,1053131,11,,1,0,,,,1.0,
4572,7322,1,0.0,1053131,10,,3,0,,,,0.0,
4573,7317,1,5385.0,1053131,16,,2,0,,,,1.0,
4574,7319,1,215400.0,1053131,9,,3,0,,,,0.0,
4575,7306,1,12924.0,1053131,2,,3,0,,,,0.0,
4576,7310,1,21540.0,1053131,12,,3,0,,,,1.0,
4577,7302,1,0.0,1053131,1,,3,0,,,,0.0,
4578,7316,1,0.0,1053131,11,,3,0,,,,0.0,
4579,7318,1,0.0,1053131,8,,3,0,,,,0.0,
4580,7301,1,20463.0,1053131,15,,1,0,,,,1.0,
4581,7312,1,21540.0,1053131,13,,1,0,,,,1.0,
4582,7301,1,20463.0,1053131,10,,1,0,,,,1.0,
4583,7321,1,34033.2,1053131,10,,3,0,,,,0.0,
4584,7305,1,0.0,1053131,15,,2,0,,,,0.0,
4585,7317,1,25848.0,1053131,2,,3,0,,,,0.0,
4586,7301,1,21540.0,1053131,12,,1,0,,,,1.0,
4587,7314,1,0.0,1053131,9,,3,0,,,,0.0,
4588,7317,1,0.0,1053131,14,,2,0,,,,0.0,
4589,7301,1,20463.0,1053131,14,,1,0,,,,1.0,
4590,7316,1,29079.0,1053131,14,,1,0,,,,1.0,
4591,7313,1,0.0,1053131,1,,3,0,,,,0.0,
4592,7316,1,20463.0,1053131,16,,1,0,,,,1.0,
4593,7310,1,1615.5,1053131,1,,2,0,,,,1.0,
4594,7301,1,19386.0,1053131,11,,1,0,,,,1.0,
4595,7301,1,17232.0,1053131,16,,1,0,,,,1.0,
4596,7302,1,19386.0,1053131,4,,3,0,,,,1.0,
4597,7312,1,27571.199999999997,1053131,14,,3,0,,,,0.0,
4598,7317,1,3446.3999999999996,1053131,17,,2,0,,,,0.0,
4599,7306,1,12924.0,1053131,1,,3,0,,,,0.0,
4600,7304,1,15724.199999999999,1053131,8,,3,0,,,,0.0,
4601,7301,1,19062.899999999998,1053131,11,,1,0,,,,1.0,
4602,7317,1,0.0,1053131,13,,2,0,,,,0.0,
4603,7319,1,30802.199999999997,1053131,7,,3,0,,,,1.0,
4604,7321,1,25848.0,1053131,15,,3,0,,,,1.0,
4605,7301,1,24771.0,1053131,10,,1,0,,,,1.0,
4606,7317,1,0.0,1053131,16,,2,0,,,,0.0,
4607,7301,1,21540.0,1053131,14,,1,0,,,,1.0,
4608,7319,1,5815.8,1053131,12,,3,0,,,,0.0,
4609,7310,1,4308.0,1053131,27,,3,0,,,,0.0,
4610,7310,1,24771.0,1053131,11,,1,0,,,,1.0,
4611,7301,1,21540.0,1053131,12,,3,0,,,,1.0,
4612,7306,1,387.71999999999997,1053131,17,,3,0,,,,0.0,
4613,7315,1,0.0,1053131,16,,2,0,,,,0.0,
4614,7315,1,8616.0,1053131,1,,3,0,,,,0.0,
4615,7315,1,0.0,1053131,14,,2,0,,,,0.0,
4616,7315,1,3661.7999999999997,1053131,4,,2,0,,,,1.0,
4617,7321,1,32310.0,1053131,11,,1,0,,,,1.0,
4618,7317,1,0.0,1053131,14,,2,0,,,,0.0,
4619,7315,1,18739.8,1053131,10,,3,0,,,,0.0,
4620,7301,1,29832.899999999998,1053131,12,,1,0,,,,1.0,
4621,7310,1,0.0,1053131,2,,2,0,,,,0.0,
4622,7310,1,4523.4,1053131,7,,2,0,,,,0.0,
4623,7301,1,26925.0,1053131,16,,1,0,,,,1.0,
4624,7319,1,14862.599999999999,1053131,5,,3,0,,,,0.0,
4625,7310,1,24771.0,1053131,16,,1,0,,,,1.0,
4626,7322,1,0.0,1053131,11,,3,0,,,,0.0,
4627,7317,1,6462.0,1053131,17,,2,0,,,,0.0,
4628,7315,1,0.0,1053131,17,,2,0,,,,0.0,
4629,7301,1,24771.0,1053131,10,,1,0,,,,1.0,
4630,7312,1,21540.0,1053131,20,,1,0,,,,1.0,
4631,7310,1,5385.0,1053131,1,,2,0,,,,1.0,
4632,7317,1,13785.599999999999,1053131,1,,3,0,,,,0.0,
4633,7317,1,0.0,1053131,14,,2,0,,,,0.0,
4634,7312,1,32320.77,1053131,23,,1,0,,,,1.0,
4635,7303,1,0.0,1053131,10,,3,0,,,,0.0,
4636,7312,1,20463.0,1053131,16,,1,0,,,,1.0,
4637,7310,1,0.0,1053131,1,,2,0,,,,0.0,
4638,7316,1,7969.799999999999,1053131,12,,3,0,,,,0.0,
4639,7301,1,383735.1,1053131,2,,3,0,,,,0.0,
4640,7306,1,12924.0,1053131,26,,3,0,,,,0.0,
4641,7302,1,14431.8,1053131,1,,3,0,,,,1.0,
4642,7316,1,23370.899999999998,1053131,13,,1,0,,,,1.0,
4643,7316,1,77544.0,1053131,17,,1,0,,,,1.0,
4644,7317,1,3661.7999999999997,1053131,11,,2,0,,,,1.0,
4645,7301,1,20463.0,1053131,18,,1,0,,,,1.0,
4646,7322,1,0.0,1053131,11,,3,0,,,,0.0,
4647,7322,1,0.0,1053131,1,,3,0,,,,0.0,
4648,7316,1,29079.0,1053131,12,,1,0,,,,1.0,
4649,7312,1,23694.0,1053131,11,,1,0,,,,1.0,
4650,7316,1,26925.0,1053131,11,,3,0,,,,0.0,
4651,7301,1,21540.0,1053131,7,,1,0,,,,1.0,
4652,7301,1,23694.0,1053131,10,,1,0,,,,1.0,
4653,7316,1,31017.6,1053131,11,,3,0,,,,0.0,
4654,7306,1,10554.6,1053131,15,,3,0,,,,0.0,
4655,7313,1,0.0,1053131,14,,3,0,,,,0.0,
4656,7310,1,11631.6,1053131,13,,3,0,,,,0.0,
4657,7315,1,5385.0,1053131,18,,2,0,,,,1.0,
4658,7310,1,0.0,1053131,3,,2,0,,,,0.0,
4659,7301,1,26925.0,1053131,17,,1,0,,,,1.0,
4660,7301,1,22617.0,1053131,13,,1,0,,,,1.0,
4661,7321,1,5385.0,1053131,9,,3,0,,,,0.0,
4662,7305,1,10231.5,1053131,7,,3,0,,,,0.0,
4663,7321,1,21540.0,1053131,13,,1,0,,,,1.0,
4664,7319,1,40710.6,1053131,7,,3,0,,,,0.0,
4665,7310,1,38772.0,1053131,15,,3,0,,,,1.0,
4666,7310,1,38772.0,1053131,1,,3,0,,,,1.0,
4667,7317,1,37695.0,1053131,9,,2,0,,,,1.0,
4668,7304,1,36187.2,1053131,5,,3,0,,,,0.0,
4669,7316,1,25848.0,1053131,13,,1,0,,,,1.0,
4670,7322,1,0.0,1053131,4,,3,0,,,,0.0,
4671,7309,1,516.96,1053131,13,,3,0,,,,0.0,
4672,7306,1,0.0,1053131,2,,3,0,,,,0.0,
4673,7303,1,32956.2,1053131,3,,3,0,,,,0.0,
4674,7309,1,0.0,1053131,1,,3,0,,,,0.0,
4675,7318,1,8616.0,1053131,7,,3,0,,,,1.0,
4676,7310,1,32310.0,1053131,1,,3,0,,,,1.0,
4677,7315,1,7862.099999999999,1053131,15,,2,0,,,,0.0,
4678,7321,1,25848.0,1053131,8,,1,0,,,,1.0,
4679,7301,1,24771.0,1053131,10,,1,0,,,,1.0,
4680,7322,1,0.0,1053131,13,,3,0,,,,0.0,
4681,7307,1,11847.0,1053131,10,,3,0,,,,0.0,
4682,7301,1,21540.0,1053131,15,,1,0,,,,1.0,
4683,7303,1,0.0,1053131,1,,3,0,,,,0.0,
4684,7322,1,0.0,1053131,10,,3,0,,,,0.0,
4685,7301,1,45234.0,1053131,10,,1,0,,,,1.0,
4686,7316,1,59235.0,1053131,14,,1,0,,,,1.0,
4687,7321,1,26925.0,1053131,15,,1,0,,,,1.0,
4688,7315,1,,1053131,17,,3,0,,,,0.0,
4689,7310,1,20463.0,1053131,15,,3,0,,,,1.0,
4690,7313,1,0.0,1053131,1,,3,0,,,,0.0,
4691,7301,1,0.0,1053131,12,,3,0,,,,0.0,
4692,7321,1,0.0,1053131,7,,3,0,,,,0.0,
4693,7310,1,21540.0,1053131,15,,1,0,,,,1.0,
4694,7311,1,0.0,1053131,7,,3,0,,,,0.0,
4695,7315,1,0.0,1053131,7,,2,0,,,,0.0,
4696,7307,1,17145.84,1053131,5,,3,0,,,,0.0,
4697,7301,1,21540.0,1053131,14,,1,0,,,,1.0,
4698,7301,1,25848.0,1053131,10,,1,0,,,,1.0,
4699,7313,1,52988.4,1053131,3,,3,0,,,,0.0,
4700,7310,1,24771.0,1053131,12,,1,0,,,,1.0,
4701,7313,1,0.0,1053131,10,,2,0,,,,0.0,
4702,7315,1,3769.5,1053131,8,,2,0,,,,1.0,
4703,7317,1,0.0,1053131,16,,2,0,,,,0.0,
4704,7317,1,0.0,1053131,15,,2,0,,,,0.0,
4705,7316,1,0.0,1053131,11,,3,0,,,,0.0,
4706,7322,1,0.0,1053131,6,,3,0,,,,0.0,
4707,7316,1,387.71999999999997,1053131,15,,3,0,,,,0.0,
4708,7305,1,18309.0,1053131,7,,3,0,,,,0.0,
4709,7302,1,0.0,1053131,1,,3,0,,,,0.0,
4710,7316,1,66450.9,1053131,16,,3,0,,,,1.0,
4711,7314,1,7969.799999999999,1053131,15,,3,0,,,,0.0,
4712,7318,1,6031.2,1053131,19,,3,0,,,,0.0,
4713,7318,1,0.0,1053131,1,,3,0,,,,0.0,
4714,7308,1,11631.6,1053131,5,,3,0,,,,0.0,
4715,7313,1,7000.5,1053131,11,,3,0,,,,0.0,
4716,7301,1,21540.0,1053131,11,,1,0,,,,1.0,
4717,7315,1,6462.0,1053131,8,,2,0,,,,0.0,
4718,7314,1,1723.1999999999998,1053131,7,,3,0,,,,0.0,
4719,7315,1,1077.0,1053131,15,,2,0,,,,0.0,
4720,7319,1,0.0,1053131,11,,3,0,,,,0.0,
4721,7315,1,0.0,1053131,8,,2,0,,,,0.0,
4722,7301,1,13462.5,1053131,4,,3,0,,,,0.0,
4723,7312,1,23694.0,1053131,10,,1,0,,,,1.0,
4724,7309,1,0.0,1053131,17,,3,0,,,,0.0,
4725,7316,1,0.0,1053131,21,,3,0,,,,0.0,
4726,7321,1,0.0,1053131,1,,3,0,,,,0.0,
4727,7301,1,32320.77,1053131,13,,1,0,,,,1.0,
4728,7321,1,0.0,1053131,11,,3,0,,,,0.0,
4729,7314,1,0.0,1053131,3,,3,0,,,,0.0,
4730,7317,1,0.0,1053131,10,,2,0,,,,0.0,
4731,7319,1,8508.3,1053131,1,,3,0,,,,0.0,
4732,7301,1,19386.0,1053131,11,,1,0,,,,1.0,
4733,7301,1,20786.1,1053131,1,,3,0,,,,0.0,
4734,7301,1,25848.0,1053131,9,,1,0,,,,1.0,
4735,7312,1,28002.0,1053131,23,,1,0,,,,1.0,
4736,7310,1,21540.0,1053131,14,,1,0,,,,1.0,
4737,7321,1,10339.199999999999,1053131,3,,3,0,,,,0.0,
4738,7318,1,18309.0,1053131,7,,3,0,,,,0.0,
4739,7319,1,15508.8,1053131,3,,3,0,,,,0.0,
4740,7322,1,0.0,1053131,4,,3,0,,,,0.0,
4741,7304,1,19816.8,1053131,1,,3,0,,,,0.0,
4742,7319,1,0.0,1053131,2,,3,0,,,,0.0,
4743,7321,1,387.71999999999997,1053131,20,,3,0,,,,0.0,
4744,7301,1,0.0,1053131,3,,3,0,,,,0.0,
4745,7313,1,7539.0,1053131,3,,3,0,,,,0.0,
4746,7301,1,9585.3,1053131,1,,3,0,,,,0.0,
4747,7310,1,24771.0,1053131,15,,1,0,,,,1.0,
4748,7301,1,20463.0,1053131,12,,1,0,,,,1.0,
4749,7301,1,23370.899999999998,1053131,12,,1,0,,,,1.0,
4750,7317,1,1507.8,1053131,10,,2,0,,,,0.0,
4751,7322,1,0.0,1053131,6,,3,0,,,,0.0,
4752,7317,1,0.0,1053131,13,,2,0,,,,0.0,
4753,7309,1,0.0,1053131,1,,3,0,,,,0.0,
4754,7301,1,25848.0,1053131,17,,1,0,,,,1.0,
4755,7310,1,6462.0,1053131,13,,3,0,,,,1.0,
4756,7316,1,8616.0,1053131,4,,3,0,,,,0.0,
4757,7308,1,0.0,1053131,1,,3,0,,,,0.0,
4758,7316,1,26925.0,1053131,17,,1,0,,,,1.0,
4759,7301,1,20463.0,1053131,12,,1,0,,,,1.0,
4760,7301,1,24771.0,1053131,14,,1,0,,,,1.0,
4761,7320,1,12493.199999999999,1053131,3,,3,0,,,,0.0,
4762,7302,1,0.0,1053131,11,,3,0,,,,0.0,
4763,7316,1,0.0,1053131,9,,3,0,,,,0.0,
4764,7322,1,0.0,1053131,12,,3,0,,,,0.0,
4765,7309,1,7754.4,1053131,14,,3,0,,,,0.0,
4766,7303,1,7862.099999999999,1053131,10,,3,0,,,,0.0,
4767,7319,1,0.0,1053131,6,,3,0,,,,0.0,
4768,7306,1,387.71999999999997,1053131,4,,3,0,,,,0.0,
4769,7314,1,9369.9,1053131,1,,3,0,,,,0.0,
4770,7301,1,1830.8999999999999,1053131,6,,3,0,,,,0.0,
4771,7321,1,23370.899999999998,1053131,15,,1,0,,,,1.0,
4772,7301,1,29832.899999999998,1053131,12,,1,0,,,,1.0,
4773,7315,1,0.0,1053131,12,,3,0,,,,0.0,
4774,7319,1,0.0,1053131,9,,3,0,,,,0.0,
4775,7319,1,0.0,1053131,12,,3,0,,,,0.0,
4776,7310,1,0.0,1053131,12,,2,0,,,,0.0,
4777,7306,1,0.0,1053131,6,,3,0,,,,0.0,
4778,7301,1,21540.0,1053131,12,,1,0,,,,1.0,
4779,7316,1,15616.5,1053131,2,,3,0,,,,0.0,
4780,7301,1,26925.0,1053131,14,,1,0,,,,1.0,
4781,7319,1,0.0,1053131,10,,3,0,,,,0.0,
4782,7322,1,0.0,1053131,11,,3,0,,,,0.0,
4783,7310,1,0.0,1053131,13,,3,0,,,,0.0,
4784,7321,1,20678.399999999998,1053131,12,,3,0,,,,0.0,
4785,7321,1,25848.0,1053131,13,,3,0,,,,1.0,
4786,7313,1,0.0,1053131,12,,3,0,,,,0.0,
4787,7301,1,19386.0,1053131,6,,3,0,,,,1.0,
4788,7319,1,0.0,1053131,9,,3,0,,,,0.0,
4789,7322,1,0.0,1053131,3,,3,0,,,,0.0,
4790,7316,1,0.0,1053131,5,,3,0,,,,0.0,
4791,7301,1,5729.639999999999,1053131,20,,3,0,,,,1.0,
4792,7322,1,0.0,1053131,11,,3,0,,,,0.0,
4793,7316,1,0.0,1053131,11,,3,0,,,,0.0,
4794,7310,1,21540.0,1053131,15,,1,0,,,,1.0,
4795,7316,1,10662.3,1053131,25,,3,0,,,,0.0,
4796,7301,1,21540.0,1053131,14,,1,0,,,,1.0,
4797,7303,1,13139.4,1053131,1,,3,0,,,,0.0,
4798,7310,1,32320.77,1053131,16,,1,0,,,,1.0,
4799,7301,1,23694.0,1053131,6,,1,0,,,,1.0,
4800,7317,1,14550.269999999999,1053131,13,,2,0,,,,0.0,
4801,7316,1,2907.9,1053131,3,,3,0,,,,0.0,
4802,7317,1,969.3,1029928,9,,2,0,,,,0.0,
4803,7316,1,26925.0,1029928,9,,1,0,,,,1.0,
4804,7320,1,15078.0,1029928,2,,3,0,,,,0.0,
4805,7312,1,14001.0,1029928,21,,1,0,,,,1.0,
4806,7312,1,23694.0,1029928,16,,1,0,,,,1.0,
4807,7303,1,19386.0,1029928,5,,3,0,,,,0.0,
4808,7305,1,0.0,1029928,2,,3,0,,,,0.0,
4809,7301,1,14216.4,1029928,16,,3,0,,,,0.0,
4810,7312,1,5169.599999999999,1029928,17,,1,0,,,,1.0,
4811,7319,1,0.0,1029928,17,,3,0,,,,0.0,
4812,7322,1,0.0,1029928,14,,3,0,,,,0.0,
4813,7315,1,3769.5,1029928,18,,2,0,,,,0.0,
4814,7322,1,2154.0,1029928,15,,3,0,,,,0.0,
4815,7301,1,646.1999999999999,1029928,13,,3,0,,,,0.0,
4816,7316,1,25848.0,1029928,16,,1,0,,,,1.0,
4817,7310,1,15508.8,1029928,1,,3,0,,,,0.0,
4818,7304,1,16585.8,1029928,12,,3,0,,,,0.0,
4819,7301,1,22617.0,1029928,15,,1,0,,,,1.0,
4820,7316,1,23694.0,1029928,12,,1,0,,,,1.0,
4821,7306,1,15939.599999999999,1029928,11,,3,0,,,,0.0,
4822,7310,1,8723.699999999999,1029928,9,,2,0,,,,0.0,
4823,7310,1,6462.0,1029928,50,,3,0,,,,0.0,
4824,7319,1,3015.6,1029928,14,,3,0,,,,0.0,
4825,7321,1,14216.4,1029928,1,,3,0,,,,0.0,
4826,7301,1,24771.0,1029928,27,,1,0,,,,1.0,
4827,7316,1,-2584.7999999999997,1029928,4,,3,0,,,,0.0,
4828,7315,1,5815.8,1029928,14,,2,0,,,,0.0,
4829,7305,1,0.0,1029928,16,,3,0,,,,0.0,
4830,7301,1,24340.2,1029928,20,,1,0,,,,1.0,
4831,7316,1,36187.2,1029928,10,,1,0,,,,1.0,
4832,7316,1,0.0,1029928,11,,3,0,,,,0.0,
4833,7304,1,8939.1,1029928,4,,3,0,,,,0.0,
4834,7307,1,21970.8,1029928,3,,3,0,,,,0.0,
4835,7316,1,39849.0,1029928,11,,3,0,,,,0.0,
4836,7317,1,6462.0,1029928,19,,2,0,,,,0.0,
4837,7301,1,22617.0,1029928,23,,1,0,,,,1.0,
4838,7303,1,17662.8,1029928,4,,3,0,,,,0.0,
4839,7303,1,7215.9,1029928,3,,3,0,,,,0.0,
4840,7316,1,0.0,1029928,10,,2,0,,,,0.0,
4841,7315,1,0.0,1029928,15,,2,0,,,,0.0,
4842,7316,1,0.0,1029928,11,,3,0,,,,0.0,
4843,7301,1,25848.0,1029928,14,,1,0,,,,1.0,
4844,7322,1,0.0,1029928,15,,3,0,,,,0.0,
4845,7301,1,26925.0,1029928,7,,1,0,,,,1.0,
4846,7320,1,37048.799999999996,1029928,18,,3,0,,,,0.0,
4847,7316,1,26925.0,1029928,10,,3,0,,,,0.0,
4848,7313,1,27032.7,1029928,6,,3,0,,,,0.0,
4849,7312,1,17770.5,1029928,20,,1,0,,,,1.0,
4850,7316,1,45234.0,1029928,9,,1,0,,,,1.0,
4851,7301,1,16155.0,1029928,15,,1,0,,,,1.0,
4852,7316,1,12924.0,1029928,19,,3,0,,,,0.0,
4853,7312,1,23694.0,1029928,1,,1,0,,,,1.0,
4854,7310,1,19386.0,1029928,21,,1,0,,,,1.0,
4855,7306,1,6462.0,1029928,6,,3,0,,,,0.0,
4856,7320,1,10339.199999999999,1029928,2,,3,0,,,,0.0,
4857,7315,1,3338.7,1029928,19,,2,0,,,,1.0,
4858,7315,1,12924.0,1029928,13,,2,0,,,,0.0,
4859,7304,1,13570.199999999999,1029928,7,,3,0,,,,0.0,
4860,7321,1,0.0,1029928,17,,3,0,,,,0.0,
4861,7316,1,41356.799999999996,1029928,14,,1,0,,,,1.0,
4862,7322,1,22186.2,1029928,12,,2,0,,,,1.0,
4863,7302,1,0.0,1029928,13,,3,0,,,,0.0,
4864,7301,1,24340.2,1029928,12,,1,0,,,,1.0,
4865,7315,1,2154.0,1029928,4,,2,0,,,,0.0,
4866,7316,1,5385.0,1029928,22,,3,0,,,,0.0,
4867,7312,1,16155.0,1029928,19,,1,0,,,,1.0,
4868,7315,1,3338.7,1029928,2,,2,0,,,,1.0,
4869,7301,1,24771.0,1029928,17,,1,0,,,,1.0,
4870,7313,1,7754.4,1029928,9,,3,0,,,,0.0,
4871,7315,1,14001.0,1029928,4,,3,0,,,,0.0,
4872,7318,1,7862.099999999999,1029928,8,,3,0,,,,1.0,
4873,7315,1,0.0,1029928,19,,2,0,,,,0.0,
4874,7310,1,41356.799999999996,1029928,27,,1,0,,,,1.0,
4875,7315,1,0.0,1029928,2,,3,0,,,,0.0,
4876,7301,1,28002.0,1029928,17,,1,0,,,,1.0,
4877,7310,1,18093.6,1029928,10,,2,0,,,,0.0,
4878,7322,1,0.0,1029928,15,,2,0,,,,0.0,
4879,7310,1,24340.2,1029928,18,,1,0,,,,1.0,
4880,7316,1,19386.0,1029928,15,,1,0,,,,1.0,
4881,7321,1,0.0,1029928,16,,3,0,,,,0.0,
4882,7301,1,22617.0,1029928,19,,1,0,,,,1.0,
4883,7316,1,42649.2,1029928,10,,1,0,,,,1.0,
4884,7301,1,980.0699999999999,1029928,5,,3,0,,,,1.0,
4885,7302,1,33387.0,1029928,8,,3,0,,,,1.0,
4886,7321,1,0.0,1029928,17,,3,0,,,,0.0,
4887,7310,1,37695.0,1029928,10,,3,0,,,,1.0,
4888,7310,1,16155.0,1029928,24,,1,0,,,,1.0,
4889,7303,1,0.0,1029928,4,,3,0,,,,0.0,
4890,7315,1,6246.599999999999,1029928,22,,2,0,,,,0.0,
4891,7301,1,3231.0,1029928,21,,1,0,,,,1.0,
4892,7306,1,5385.0,1029928,5,,3,0,,,,0.0,
4893,7322,1,0.0,1029928,16,,3,0,,,,0.0,
4894,7316,1,20678.399999999998,1029928,8,,1,0,,,,1.0,
4895,7316,1,26925.0,1029928,16,,1,0,,,,1.0,
4896,7301,1,38987.4,1029928,23,,1,0,,,,1.0,
4897,7306,1,21540.0,1029928,3,,3,0,,,,0.0,
4898,7315,1,3769.5,1029928,16,,2,0,,,,0.0,
4899,7301,1,25848.0,1029928,10,,1,0,,,,1.0,
4900,7319,1,0.0,1029928,2,,3,0,,,,0.0,
4901,7316,1,19386.0,1029928,61,,1,0,,,,1.0,
4902,7313,1,0.0,1029928,11,,3,0,,,,0.0,
4903,7312,1,2154.0,1029928,4,,2,0,,,,0.0,
4904,7301,1,18309.0,1029928,24,,1,0,,,,1.0,
4905,7307,1,0.0,1029928,22,,3,0,,,,0.0,
4906,7321,1,109961.7,1029928,3,,3,0,,,,0.0,
4907,7313,1,22617.0,1029928,8,,3,0,,,,0.0,
4908,7312,1,21540.0,1029928,16,,1,0,,,,1.0,
4909,7317,1,538.5,1029928,1,,3,0,,,,0.0,
4910,7303,1,0.0,1029928,5,,3,0,,,,0.0,
4911,7315,1,13031.699999999999,1029928,2,,3,0,,,,0.0,
4912,7302,1,1723.1999999999998,1029928,24,,3,0,,,,0.0,
4913,7313,1,35971.799999999996,1029928,9,,3,0,,,,0.0,
4914,7321,1,12924.0,1029928,3,,3,0,,,,0.0,
4915,7316,1,16155.0,1029928,11,,3,0,,,,0.0,
4916,7301,1,23263.2,1029928,12,,1,0,,,,1.0,
4917,7317,1,4308.0,1029928,3,,3,0,,,,0.0,
4918,7312,1,24771.0,1029928,19,,1,0,,,,1.0,
4919,7316,1,0.0,1029928,11,,3,0,,,,0.0,
4920,7305,1,27463.5,1029928,25,,3,0,,,,0.0,
4921,7317,1,18093.6,1029928,9,,2,0,,,,0.0,
4922,7320,1,0.0,1029928,1,,3,0,,,,0.0,
4923,7313,1,0.0,1029928,2,,3,0,,,,0.0,
4924,7316,1,20463.0,1029928,8,,1,0,,,,1.0,
4925,7319,1,25848.0,1029928,12,,3,0,,,,0.0,
4926,7315,1,1292.3999999999999,1029928,4,,2,0,,,,1.0,
4927,7319,1,1938.6,1029928,7,,3,0,,,,0.0,
4928,7322,1,0.0,1029928,14,,3,0,,,,0.0,
4929,7301,1,11847.0,1029928,23,,3,0,,,,1.0,
4930,7304,1,35541.0,1029928,3,,3,0,,,,0.0,
4931,7315,1,6138.9,1029928,3,,3,0,,,,0.0,
4932,7307,1,31771.5,1029928,4,,3,0,,,,1.0,
4933,7318,1,26925.0,1029928,2,,3,0,,,,1.0,
4934,7316,1,19386.0,1029928,74,,1,0,,,,1.0,
4935,7316,1,20463.0,1029928,30,,1,0,,,,1.0,
4936,7316,1,0.0,1029928,2,,3,0,,,,0.0,
4937,7310,1,19386.0,1029928,22,,1,0,,,,1.0,
4938,7321,1,36618.0,1029928,14,,3,0,,,,0.0,
4939,7301,1,22617.0,1029928,12,,1,0,,,,1.0,
4940,7310,1,5385.0,1029928,10,,2,0,,,,1.0,
4941,7310,1,34464.0,1029928,17,,1,0,,,,1.0,
4942,7301,1,23263.2,1029928,12,,1,0,,,,1.0,
4943,7318,1,15939.599999999999,1029928,14,,3,0,,,,0.0,
4944,7316,1,0.0,1029928,17,,3,0,,,,0.0,
4945,7322,1,0.0,1029928,14,,3,0,,,,0.0,
4946,7316,1,0.0,1029928,13,,3,0,,,,0.0,
4947,7301,1,14001.0,1029928,21,,1,0,,,,1.0,
4948,7316,1,26925.0,1029928,20,,1,0,,,,1.0,
4949,7322,1,0.0,1029928,15,,3,0,,,,0.0,
4950,7320,1,0.0,1029928,2,,3,0,,,,0.0,
4951,7316,1,0.0,1029928,12,,3,0,,,,0.0,
4952,7301,1,21540.0,1029928,18,,1,0,,,,1.0,
4953,7316,1,25848.0,1029928,36,,3,0,,,,1.0,
4954,7317,1,18093.6,1029928,31,,2,0,,,,0.0,
4955,7315,1,1184.7,1029928,13,,2,0,,,,0.0,
4956,7307,1,0.0,1029928,10,,3,0,,,,0.0,
4957,7308,1,0.0,1029928,20,,3,0,,,,0.0,
4958,7306,1,50834.4,1029928,9,,3,0,,,,0.0,
4959,7317,1,0.0,1029928,8,,2,0,,,,0.0,
4960,7307,1,24771.0,1029928,6,,3,0,,,,1.0,
4961,7315,1,0.0,1029928,16,,2,0,,,,0.0,
4962,7301,1,26925.0,1029928,21,,1,0,,,,1.0,
4963,7315,1,7969.799999999999,1029928,13,,2,0,,,,1.0,
4964,7317,1,0.0,1029928,13,,3,0,,,,0.0,
4965,7312,1,78621.0,1029928,17,,3,0,,,,0.0,
4966,7301,1,22617.0,1029928,12,,1,0,,,,1.0,
4967,7316,1,23694.0,1029928,67,,1,0,,,,1.0,
4968,7322,1,0.0,1029928,14,,3,0,,,,0.0,
4969,7322,1,16155.0,1029928,10,,3,0,,,,0.0,
4970,7314,1,150.78,1029928,3,,3,0,,,,0.0,
4971,7301,1,21540.0,1029928,18,,1,0,,,,1.0,
4972,7301,1,28002.0,1029928,8,,1,0,,,,1.0,
4973,7313,1,0.0,1029928,11,,3,0,,,,0.0,
4974,7315,1,22832.399999999998,1029928,4,,3,0,,,,0.0,
4975,7314,1,0.0,1029928,11,,3,0,,,,0.0,
4976,7322,1,11093.1,1029928,17,,3,0,,,,0.0,
4977,7322,1,29079.0,1029928,3,,3,0,,,,1.0,
4978,7317,1,10479.21,1029928,16,,2,0,,,,1.0,
4979,7321,1,538.5,1029928,1,,3,0,,,,0.0,
4980,7316,1,17555.1,1029928,10,,3,0,,,,1.0,
4981,7316,1,15508.8,1029928,16,,3,0,,,,0.0,
4982,7316,1,0.0,1029928,28,,3,0,,,,0.0,
4983,7312,1,19386.0,1029928,21,,1,0,,,,1.0,
4984,7315,1,4846.5,1029928,19,,2,0,,,,1.0,
4985,7310,1,18309.0,1029928,15,,1,0,,,,1.0,
4986,7315,1,30156.0,1029928,19,,3,0,,,,1.0,
4987,7321,1,1830.8999999999999,1029928,4,,3,0,,,,0.0,
4988,7302,1,0.0,1029928,17,,3,0,,,,0.0,
4989,7310,1,20463.0,1029928,14,,1,0,,,,1.0,
4990,7320,1,37048.799999999996,1029928,12,,3,0,,,,0.0,
4991,7313,1,1615.5,1029928,7,,3,0,,,,0.0,
4992,7308,1,35002.5,1029928,1,,3,0,,,,1.0,
4993,7303,1,0.0,1029928,1,,3,0,,,,0.0,
4994,7322,1,72159.0,1029928,13,,3,0,,,,0.0,
4995,7316,1,21540.0,1029928,2,,3,0,,,,1.0,
4996,7310,1,23694.0,1029928,17,,1,0,,,,1.0,
4997,7301,1,21540.0,1029928,15,,1,0,,,,1.0,
4998,7315,1,3231.0,1029928,13,,2,0,,,,0.0,
4999,7312,1,23694.0,1029928,10,,1,0,,,,1.0,
5000,7308,1,8077.5,1029928,2,,3,0,,,,0.0,
5001,7315,1,7969.799999999999,1029928,13,,2,0,,,,1.0,
5002,7305,1,0.0,1029928,8,,2,0,,,,0.0,
5003,7306,1,21540.0,1029928,2,,3,0,,,,0.0,
5004,7317,1,0.0,1029928,14,,2,0,,,,0.0,
5005,7301,1,21540.0,1029928,7,,1,0,,,,1.0,
5006,7313,1,0.0,1029928,13,,3,0,,,,0.0,
5007,7316,1,22617.0,1029928,36,,1,0,,,,1.0,
5008,7315,1,0.0,1029928,17,,2,0,,,,0.0,
5009,7316,1,8077.5,1029928,2,,3,0,,,,1.0,
5010,7306,1,37371.9,1029928,4,,2,0,,,,0.0,
5011,7313,1,13462.5,1029928,10,,3,0,,,,0.0,
5012,7310,1,14001.0,1029928,25,,1,0,,,,1.0,
5013,7308,1,0.0,1029928,11,,3,0,,,,0.0,
5014,7301,1,16155.0,1029928,24,,1,0,,,,1.0,
5015,7304,1,0.0,1029928,18,,3,0,,,,0.0,
5016,7301,1,21540.0,1029928,15,,1,0,,,,1.0,
5017,7316,1,21540.0,1029928,19,,1,0,,,,1.0,
5018,7313,1,17878.2,1029928,29,,3,0,,,,0.0,
5019,7312,1,22186.2,1029928,1,,1,0,,,,1.0,
5020,7310,1,7000.5,1029928,8,,1,0,,,,1.0,
5021,7315,1,96.92999999999999,1029928,16,,2,0,,,,1.0,
5022,7303,1,0.0,1029928,1,,3,0,,,,0.0,
5023,7312,1,19386.0,1029928,17,,1,0,,,,1.0,
5024,7304,1,70005.0,1029928,1,,3,0,,,,1.0,
5025,7317,1,2907.9,1029928,8,,2,0,,,,0.0,
5026,7322,1,0.0,1029928,13,,3,0,,,,0.0,
5027,7301,1,3231.0,1029928,17,,1,0,,,,1.0,
5028,7316,1,50619.0,1029928,7,,1,0,,,,1.0,
5029,7310,1,11847.0,1029928,10,,3,0,,,,1.0,
5030,7307,1,20678.399999999998,1029928,6,,3,0,,,,0.0,
5031,7310,1,25848.0,1029928,13,,1,0,,,,1.0,
5032,7313,1,15078.0,1029928,14,,3,0,,,,0.0,
5033,7316,1,21001.5,1029928,30,,1,0,,,,1.0,
5034,7310,1,20893.8,1029928,28,,1,0,,,,1.0,
5035,7301,1,29725.199999999997,1029928,11,,1,0,,,,1.0,
5036,7312,1,60312.0,1029928,11,,1,0,,,,1.0,
5037,7316,1,51696.0,1029928,15,,1,0,,,,1.0,
5038,7317,1,0.0,1029928,1,,3,0,,,,0.0,
5039,7312,1,18309.0,1029928,14,,1,0,,,,1.0,
5040,7303,1,0.0,1029928,2,,3,0,,,,0.0,
5041,7321,1,9585.3,1029928,10,,3,0,,,,0.0,
5042,7317,1,16155.0,1029928,26,,2,0,,,,1.0,
5043,7307,1,15939.599999999999,1029928,1,,3,0,,,,0.0,
5044,7301,1,26925.0,1029928,19,,1,0,,,,1.0,
5045,7316,1,26386.5,1029928,66,,1,0,,,,1.0,
5046,7309,1,19816.8,1029928,16,,3,0,,,,0.0,
5047,7322,1,85083.0,1029928,16,,3,0,,,,0.0,
5048,7317,1,3231.0,1029928,19,,2,0,,,,0.0,
5049,7319,1,5708.099999999999,1029928,3,,3,0,,,,0.0,
5050,7322,1,37371.9,1029928,3,,2,0,,,,0.0,
5051,7316,1,22401.6,1029928,4,,3,0,,,,0.0,
5052,7317,1,0.0,1029928,7,,3,0,,,,0.0,
5053,7316,1,20678.399999999998,1029928,12,,1,0,,,,1.0,
5054,7316,1,0.0,1029928,8,,3,0,,,,0.0,
5055,7322,1,0.0,1029928,15,,3,0,,,,0.0,
5056,7314,1,16155.0,1029928,1,,3,0,,,,1.0,
5057,7313,1,0.0,1029928,13,,3,0,,,,0.0,
5058,7317,1,2154.0,1029928,13,,2,0,,,,0.0,
5059,7313,1,1303.1699999999998,1029928,4,,3,0,,,,0.0,
5060,7301,1,19386.0,1029928,12,,1,0,,,,1.0,
5061,7310,1,22186.2,1029928,22,,1,0,,,,1.0,
5062,7310,1,0.0,1029928,14,,3,0,,,,0.0,
5063,7315,1,0.0,1029928,2,,2,0,,,,0.0,
5064,7306,1,6483.54,1029928,4,,3,0,,,,0.0,
5065,7316,1,51049.799999999996,1029928,13,,1,0,,,,1.0,
5066,7301,1,21540.0,1029928,20,,1,0,,,,1.0,
5067,7306,1,16801.2,1029928,1,,3,0,,,,0.0,
5068,7319,1,11847.0,1029928,3,,3,0,,,,0.0,
5069,7301,1,28002.0,1029928,13,,1,0,,,,1.0,
5070,7315,1,10479.21,1029928,3,,2,0,,,,1.0,
5071,7312,1,1077.0,1029928,20,,1,0,,,,1.0,
5072,7319,1,0.0,1029928,15,,3,0,,,,0.0,
5073,7314,1,0.0,1029928,4,,3,0,,,,0.0,
5074,7310,1,13462.5,1029928,20,,1,0,,,,1.0,
5075,7315,1,0.0,1029928,8,,2,0,,,,0.0,
5076,7316,1,19386.0,1029928,56,,1,0,,,,1.0,
5077,7312,1,21540.0,1029928,2,,1,0,,,,1.0,
5078,7318,1,89606.4,1029928,3,,3,0,,,,1.0,
5079,7316,1,0.0,1029928,14,,2,0,,,,0.0,
5080,7309,1,6462.0,1029928,17,,3,0,,,,0.0,
5081,7310,1,14539.5,1029928,27,,1,0,,,,1.0,
5082,7315,1,0.0,1029928,7,,2,0,,,,0.0,
5083,7318,1,40064.4,1029928,4,,3,0,,,,0.0,
5084,7310,1,21540.0,1029928,10,,1,0,,,,1.0,
5085,7312,1,14539.5,1029928,17,,1,0,,,,1.0,
5086,7301,1,19386.0,1029928,12,,1,0,,,,1.0,
5087,7310,1,20463.0,1029928,23,,1,0,,,,1.0,
5088,7301,1,21540.0,1029928,14,,1,0,,,,1.0,
5089,7317,1,0.0,1029928,15,,2,0,,,,0.0,
5090,7310,1,0.0,1029928,12,,3,0,,,,0.0,
5091,7303,1,3984.8999999999996,1029928,14,,3,0,,,,0.0,
5092,7318,1,538.5,1029928,7,,3,0,,,,0.0,
5093,7315,1,1184.7,1029928,18,,2,0,,,,0.0,
5094,7315,1,247.70999999999998,1029928,11,,2,0,,,,1.0,
5095,7301,1,16155.0,1029928,20,,1,0,,,,1.0,
5096,7318,1,9046.8,1029928,13,,3,0,,,,0.0,
5097,7322,1,0.0,1029928,18,,3,0,,,,0.0,
5098,7315,1,3769.5,1029928,6,,2,0,,,,0.0,
5099,7301,1,28002.0,1029928,18,,1,0,,,,1.0,
5100,7315,1,0.0,1029928,16,,2,0,,,,0.0,
5101,7309,1,20678.399999999998,1029928,14,,3,0,,,,0.0,
5102,7315,1,2154.0,1029928,19,,2,0,,,,1.0,
5103,7310,1,16801.2,1029928,1,,3,0,,,,0.0,
5104,7319,1,49218.9,1029928,4,,3,0,,,,0.0,
5105,7305,1,15078.0,1029928,8,,3,0,,,,0.0,
5106,7307,1,30156.0,1029928,17,,3,0,,,,1.0,
5107,7322,1,0.0,1029928,15,,3,0,,,,0.0,
5108,7310,1,38987.4,1029928,10,,1,0,,,,1.0,
5109,7317,1,0.0,1029928,10,,2,0,,,,0.0,
5110,7310,1,28002.0,1029928,3,,1,0,,,,1.0,
5111,7306,1,19709.1,1029928,17,,3,0,,,,0.0,
5112,7301,1,26925.0,1029928,13,,3,0,,,,0.0,
5113,7301,1,21540.0,1029928,11,,1,0,,,,1.0,
5114,7315,1,3769.5,1029928,14,,2,0,,,,0.0,
5115,7310,1,3769.5,1029928,17,,2,0,,,,0.0,
5116,7301,1,12924.0,1029928,19,,1,0,,,,1.0,
5117,7312,1,21540.0,1029928,10,,1,0,,,,1.0,
5118,7315,1,6677.4,1029928,17,,2,0,,,,1.0,
5119,7301,1,16155.0,1029928,16,,1,0,,,,1.0,
5120,7317,1,0.0,1029928,1,,3,0,,,,0.0,
5121,7316,1,51480.6,1029928,17,,1,0,,,,1.0,
5122,7301,1,10770.0,1029928,24,,1,0,,,,1.0,
5123,7307,1,15939.599999999999,1029928,4,,3,0,,,,0.0,
5124,7320,1,22401.6,1029928,2,,3,0,,,,0.0,
5125,7301,1,22617.0,1029928,12,,1,0,,,,1.0,
5126,7316,1,0.0,1029928,9,,2,0,,,,0.0,
5127,7301,1,37695.0,1029928,15,,1,0,,,,1.0,
5128,7301,1,26925.0,1029928,13,,1,0,,,,1.0,
5129,7315,1,12924.0,1029928,2,,3,0,,,,0.0,
5130,7315,1,0.0,1029928,9,,2,0,,,,0.0,
5131,7301,1,23694.0,1029928,5,,1,0,,,,1.0,
5132,7315,1,7539.0,1029928,14,,3,0,,,,0.0,
5133,7301,1,34464.0,1029928,20,,1,0,,,,1.0,
5134,7314,1,32525.399999999998,1029928,13,,3,0,,,,0.0,
5135,7310,1,60312.0,1029928,11,,1,0,,,,1.0,
5136,7316,1,9693.0,1029928,11,,3,0,,,,0.0,
5137,7315,1,0.0,1029928,14,,2,0,,,,0.0,
5138,7312,1,27248.1,1029928,12,,1,0,,,,1.0,
5139,7312,1,23694.0,1029928,20,,1,0,,,,1.0,
5140,7321,1,21540.0,1029928,21,,1,0,,,,1.0,
5141,7309,1,12924.0,1029928,11,,3,0,,,,0.0,
5142,7322,1,0.0,1029928,15,,3,0,,,,0.0,
5143,7316,1,36187.2,1029928,13,,1,0,,,,1.0,
5144,7313,1,19386.0,1029928,13,,3,0,,,,0.0,
5145,7315,1,0.0,1029928,8,,2,0,,,,0.0,
5146,7302,1,36618.0,1029928,1,,3,0,,,,1.0,
5147,7316,1,3984.8999999999996,1029928,24,,3,0,,,,0.0,
5148,7315,1,7108.2,1029928,19,,2,0,,,,0.0,
5149,7318,1,0.0,1029928,3,,3,0,,,,0.0,
5150,7306,1,0.0,1029928,8,,3,0,,,,0.0,
5151,7314,1,0.0,1029928,14,,3,0,,,,0.0,
5152,7322,1,0.0,1029928,17,,3,0,,,,0.0,
5153,7301,1,24771.0,1029928,20,,1,0,,,,1.0,
5154,7316,1,12924.0,1029928,16,,1,0,,,,1.0,
5155,7313,1,16801.2,1029928,11,,3,0,,,,0.0,
5156,7316,1,43080.0,1029928,11,,1,0,,,,1.0,
5157,7316,1,19386.0,1029928,14,,3,0,,,,0.0,
5158,7313,1,0.0,1029928,9,,3,0,,,,0.0,
5159,7306,1,6462.0,1029928,4,,3,0,,,,0.0,
5160,7315,1,0.0,1029928,6,,2,0,,,,0.0,
5161,7315,1,0.0,1029928,4,,2,0,,,,0.0,
5162,7317,1,0.0,1029928,13,,2,0,,,,0.0,
5163,7310,1,39633.6,1029928,2,,3,0,,,,0.0,
5164,7315,1,0.0,1029928,20,,2,0,,,,0.0,
5165,7310,1,19816.8,1029928,7,,1,0,,,,1.0,
5166,7301,1,25848.0,1029928,20,,1,0,,,,1.0,
5167,7302,1,0.0,1029928,4,,3,0,,,,0.0,
5168,7314,1,0.0,1029928,13,,3,0,,,,0.0,
5169,7310,1,7539.0,1029928,8,,2,0,,,,1.0,
5170,7315,1,0.0,1029928,7,,2,0,,,,0.0,
5171,7312,1,19386.0,1029928,17,,1,0,,,,1.0,
5172,7310,1,0.0,1029928,2,,3,0,,,,0.0,
5173,7301,1,25848.0,1029928,24,,1,0,,,,1.0,
5174,7306,1,1615.5,1029928,3,,3,0,,,,0.0,
5175,7319,1,0.0,1029928,17,,3,0,,,,0.0,
5176,7313,1,15293.4,1029928,11,,3,0,,,,0.0,
5177,7301,1,21540.0,1029928,13,,1,0,,,,1.0,
5178,7316,1,0.0,1029928,12,,3,0,,,,0.0,
5179,7302,1,0.0,1029928,15,,3,0,,,,0.0,
5180,7301,1,24771.0,1029928,5,,1,0,,,,1.0,
5181,7313,1,0.0,1029928,13,,3,0,,,,0.0,
5182,7322,1,646.1999999999999,1029928,17,,3,0,,,,0.0,
5183,7301,1,23694.0,1029928,16,,1,0,,,,1.0,
5184,7319,1,0.0,1029928,3,,3,0,,,,0.0,
5185,7312,1,19386.0,1029928,4,,1,0,,,,1.0,
5186,7310,1,0.0,1029928,1,,3,0,,,,0.0,
5187,7321,1,7539.0,1029928,3,,3,0,,,,0.0,
5188,7320,1,0.0,1029928,1,,3,0,,,,0.0,
5189,7320,1,7539.0,1029928,11,,3,0,,,,0.0,
5190,7317,1,53850.0,1029928,4,,3,0,,,,1.0,
5191,7312,1,28002.0,1029928,26,,1,0,,,,1.0,
5192,7316,1,0.0,1029928,9,,3,0,,,,0.0,
5193,7319,1,0.0,1029928,11,,3,0,,,,0.0,
5194,7301,1,21540.0,1029928,21,,1,0,,,,1.0,
5195,7316,1,24771.0,1029928,18,,1,0,,,,1.0,
5196,7321,1,3338.7,1029928,14,,3,0,,,,0.0,
5197,7321,1,24232.5,1029928,4,,3,0,,,,0.0,
5198,7322,1,36618.0,1029928,19,,3,0,,,,0.0,
5199,7318,1,24771.0,1029928,22,,1,0,,,,1.0,
5200,7307,1,1400.1,1029928,6,,3,0,,,,0.0,
5201,7315,1,68928.0,1029928,2,,2,0,,,,1.0,
5202,7312,1,24771.0,1029928,17,,1,0,,,,1.0,
5203,7317,1,1615.5,1029928,22,,2,0,,,,0.0,
5204,7313,1,19386.0,1029928,17,,3,0,,,,0.0,
5205,7316,1,11631.6,1029928,10,,1,0,,,,1.0,
5206,7313,1,9693.0,1029928,8,,3,0,,,,0.0,
5207,7320,1,0.0,1029928,16,,3,0,,,,0.0,
5208,7315,1,3769.5,1029928,6,,2,0,,,,0.0,
5209,7315,1,0.0,1029928,14,,2,0,,,,0.0,
5210,7312,1,21540.0,1029928,19,,1,0,,,,1.0,
5211,7318,1,37371.9,1029928,3,,2,0,,,,0.0,
5212,7322,1,0.0,1029928,14,,3,0,,,,0.0,
5213,7319,1,70005.0,1029928,2,,3,0,,,,1.0,
5214,7314,1,21970.8,1029928,11,,3,0,,,,0.0,
5215,7306,1,-2584.7999999999997,1029928,9,,3,0,,,,0.0,
5216,7309,1,0.0,1029928,1,,3,0,,,,0.0,
5217,7318,1,0.0,1029928,3,,3,0,,,,0.0,
5218,7318,1,5385.0,1029928,18,,3,0,,,,0.0,
5219,7301,1,20463.0,1029928,15,,1,0,,,,1.0,
5220,7320,1,11739.3,1029928,14,,3,0,,,,0.0,
5221,7302,1,29294.399999999998,1029928,13,,3,0,,,,0.0,
5222,7301,1,21540.0,1029928,20,,1,0,,,,1.0,
5223,7319,1,0.0,1029928,13,,3,0,,,,0.0,
5224,7316,1,18309.0,1029928,13,,1,0,,,,1.0,
5225,7302,1,0.0,1029928,11,,3,0,,,,0.0,
5226,7310,1,17770.5,1029928,21,,1,0,,,,1.0,
5227,7317,1,0.0,1029928,9,,2,0,,,,0.0,
5228,7316,1,21540.0,1029928,15,,1,0,,,,1.0,
5229,7301,1,24771.0,1029928,13,,1,0,,,,1.0,
5230,7315,1,3769.5,1029928,5,,2,0,,,,0.0,
5231,7315,1,0.0,1029928,19,,2,0,,,,0.0,
5232,7322,1,2692.5,1029928,12,,2,0,,,,1.0,
5233,7319,1,85083.0,1029928,2,,3,0,,,,0.0,
5234,7318,1,0.0,1029928,3,,3,0,,,,0.0,
5235,7316,1,150.78,1029928,9,,3,0,,,,0.0,
5236,7316,1,36941.1,1029928,16,,1,0,,,,1.0,
5237,7301,1,21540.0,1029928,14,,1,0,,,,1.0,
5238,7316,1,11093.1,1029928,28,,3,0,,,,0.0,
5239,7301,1,23694.0,1029928,25,,1,0,,,,1.0,
5240,7301,1,21540.0,1029928,8,,1,0,,,,1.0,
5241,7310,1,0.0,1029928,14,,2,0,,,,0.0,
5242,7301,1,34464.0,1029928,12,,1,0,,,,1.0,
5243,7316,1,18093.6,1029928,1,,3,0,,,,1.0,
5244,7319,1,0.0,1029928,13,,3,0,,,,0.0,
5245,7310,1,29079.0,1029928,8,,1,0,,,,1.0,
5246,7312,1,18309.0,1029928,20,,1,0,,,,1.0,
5247,7310,1,2154.0,1029928,8,,2,0,,,,1.0,
5248,7309,1,0.0,1029928,11,,3,0,,,,0.0,
5249,7315,1,86.16,1029928,13,,2,0,,,,0.0,
5250,7313,1,2800.2,1029928,14,,3,0,,,,0.0,
5251,7316,1,24771.0,1029928,58,,1,0,,,,1.0,
5252,7316,1,16801.2,1029928,11,,3,0,,,,0.0,
5253,7301,1,19386.0,1029928,16,,1,0,,,,1.0,
5254,7322,1,0.0,1029928,18,,3,0,,,,0.0,
5255,7301,1,3231.0,1029928,1,,3,0,,,,0.0,
5256,7319,1,2692.5,1029928,17,,2,0,,,,1.0,
5257,7304,1,0.0,1029928,21,,3,0,,,,0.0,
5258,7316,1,-2584.7999999999997,1029928,6,,3,0,,,,0.0,
5259,7313,1,0.0,1029928,10,,3,0,,,,0.0,
5260,7322,1,0.0,1029928,16,,3,0,,,,0.0,
5261,7310,1,29079.0,1029928,35,,1,0,,,,1.0,
5262,7301,1,22617.0,1029928,12,,1,0,,,,1.0,
5263,7301,1,12924.0,1029928,20,,1,0,,,,1.0,
5264,7315,1,646.1999999999999,1029928,13,,2,0,,,,1.0,
5265,7301,1,22617.0,1029928,20,,1,0,,,,1.0,
5266,7316,1,0.0,1029928,27,,3,0,,,,0.0,
5267,7313,1,0.0,1029928,3,,3,0,,,,0.0,
5268,7301,1,25848.0,1029928,14,,1,0,,,,1.0,
5269,7316,1,8831.4,1029928,11,,3,0,,,,0.0,
5270,7310,1,5815.8,1029928,10,,2,0,,,,0.0,
5271,7301,1,16801.2,1029928,7,,3,0,,,,0.0,
5272,7316,1,14001.0,1029928,30,,1,0,,,,1.0,
5273,7301,1,21540.0,1029928,14,,1,0,,,,1.0,
5274,7302,1,19386.0,1029928,2,,3,0,,,,0.0,
5275,7303,1,0.0,1029928,7,,3,0,,,,0.0,
5276,7322,1,2154.0,1029928,14,,3,0,,,,0.0,
5277,7310,1,23694.0,1029928,20,,1,0,,,,1.0,
5278,7316,1,21540.0,1029928,18,,1,0,,,,1.0,
5279,7319,1,3984.8999999999996,1029928,2,,3,0,,,,0.0,
5280,7319,1,29294.399999999998,1029928,2,,3,0,,,,0.0,
5281,7310,1,3769.5,1029928,20,,2,0,,,,0.0,
5282,7306,1,6462.0,1029928,5,,3,0,,,,0.0,
5283,7315,1,0.0,1029928,7,,2,0,,,,0.0,
5284,7317,1,3231.0,1029928,18,,2,0,,,,0.0,
5285,7317,1,39633.6,1029928,29,,3,0,,,,0.0,
5286,7316,1,32848.5,1029928,11,,3,0,,,,0.0,
5287,7313,1,0.0,1029928,27,,3,0,,,,0.0,
5288,7315,1,0.0,1029928,8,,2,0,,,,0.0,
5289,7322,1,0.0,1029928,15,,3,0,,,,0.0,
5290,7301,1,24771.0,1029928,9,,1,0,,,,1.0,
5291,7315,1,0.0,1029928,4,,2,0,,,,0.0,
5292,7319,1,0.0,1029928,14,,3,0,,,,0.0,
5293,7315,1,6677.4,1029928,15,,2,0,,,,1.0,
5294,7316,1,0.0,1029928,13,,3,0,,,,0.0,
5295,7301,1,21540.0,1029928,12,,1,0,,,,1.0,
5296,7322,1,15508.8,1029928,9,,3,0,,,,0.0,
5297,7312,1,25417.2,1029928,4,,1,0,,,,1.0,
5298,7315,1,0.0,1029928,13,,3,0,,,,0.0,
5299,7314,1,15724.199999999999,1029928,9,,3,0,,,,0.0,
5300,7316,1,4523.4,1029928,11,,3,0,,,,0.0,
5301,7302,1,0.0,1029928,12,,3,0,,,,0.0,
5302,7312,1,23694.0,1029928,13,,1,0,,,,1.0,
5303,7315,1,19386.0,1029928,2,,3,0,,,,0.0,
5304,7317,1,0.0,1029928,19,,2,0,,,,0.0,
5305,7319,1,6677.4,1029928,3,,3,0,,,,1.0,
5306,7315,1,16155.0,1029928,16,,2,0,,,,1.0,
5307,7318,1,86160.0,1029928,14,,3,0,,,,1.0,
5308,7313,1,15616.5,1029928,10,,3,0,,,,0.0,
5309,7310,1,5169.599999999999,1029928,26,,1,0,,,,1.0,
5310,7320,1,16801.2,1029928,1,,3,0,,,,0.0,
5311,7310,1,10770.0,1029928,10,,2,0,,,,0.0,
5312,7318,1,0.0,1029928,3,,3,0,,,,0.0,
5313,7301,1,26925.0,1029928,15,,1,0,,,,1.0,
5314,7310,1,0.0,1029928,11,,2,0,,,,0.0,
5315,7322,1,646.1999999999999,1029928,15,,3,0,,,,0.0,
5316,7321,1,22724.7,1029928,42,,3,0,,,,0.0,
5317,7316,1,2154.0,1029928,9,,3,0,,,,0.0,
5318,7312,1,21540.0,1029928,20,,1,0,,,,1.0,
5319,7305,1,8077.5,1029928,1,,3,0,,,,0.0,
5320,7310,1,5169.599999999999,1029928,22,,1,0,,,,1.0,
5321,7312,1,5169.599999999999,1029928,12,,1,0,,,,1.0,
5322,7316,1,6462.0,1029928,20,,3,0,,,,0.0,
5323,7319,1,0.0,1029928,14,,3,0,,,,0.0,
5324,7301,1,8077.5,1029928,20,,3,0,,,,0.0,
5325,7316,1,27248.1,1029928,66,,1,0,,,,1.0,
5326,7315,1,7108.2,1029928,2,,2,0,,,,0.0,
5327,7318,1,39849.0,1029928,2,,3,0,,,,0.0,
5328,7310,1,18309.0,1029928,28,,1,0,,,,1.0,
5329,7301,1,23694.0,1029928,15,,1,0,,,,1.0,
5330,7301,1,24340.2,1029928,7,,1,0,,,,1.0,
5331,7301,1,24232.5,1029928,11,,1,0,,,,1.0,
5332,7319,1,0.0,1029928,3,,3,0,,,,0.0,
5333,7316,1,20678.399999999998,1029928,16,,1,0,,,,1.0,
5334,7316,1,50619.0,1029928,19,,1,0,,,,1.0,
5335,7316,1,23694.0,1029928,12,,1,0,,,,1.0,
5336,7315,1,12924.0,1029928,3,,3,0,,,,0.0,
5337,7310,1,17285.85,1029928,3,,3,0,,,,1.0,
5338,7313,1,0.0,1029928,1,,3,0,,,,0.0,
5339,7307,1,16155.0,1029928,2,,3,0,,,,0.0,
5340,7316,1,22617.0,1029928,12,,3,0,,,,0.0,
5341,7303,1,3231.0,1029928,25,,3,0,,,,0.0,
5342,7310,1,0.0,1029928,1,,3,0,,,,0.0,
5343,7315,1,86.16,1029928,21,,2,0,,,,0.0,
5344,7315,1,0.0,1029928,7,,2,0,,,,0.0,
5345,7315,1,0.0,1029928,6,,2,0,,,,0.0,
5346,7312,1,23694.0,1029928,17,,1,0,,,,1.0,
5347,7310,1,31233.0,1029928,14,,1,0,,,,1.0,
5348,7310,1,8616.0,1029928,10,,3,0,,,,0.0,
5349,7316,1,15078.0,1029928,1,,3,0,,,,0.0,
5350,7313,1,14216.4,1029928,2,,3,0,,,,0.0,
5351,7319,1,0.0,1029928,12,,3,0,,,,0.0,
5352,7316,1,23263.2,1029928,10,,3,0,,,,0.0,
5353,7314,1,32740.8,1029928,1,,3,0,,,,0.0,
5354,7301,1,5169.599999999999,1029928,9,,1,0,,,,1.0,
5355,7313,1,980.0699999999999,1029928,28,,3,0,,,,1.0,
5356,7310,1,26925.0,1029928,2,,3,0,,,,0.0,
5357,7301,1,23263.2,1029928,7,,1,0,,,,1.0,
5358,7301,1,5169.599999999999,1029928,24,,1,0,,,,1.0,
5359,7317,1,0.0,1029928,1,,3,0,,,,0.0,
5360,7303,1,0.0,1029928,14,,3,0,,,,0.0,
5361,7310,1,6462.0,1029928,7,,2,0,,,,0.0,
5362,7314,1,27032.7,1029928,3,,3,0,,,,0.0,
5363,7319,1,29294.399999999998,1029928,13,,3,0,,,,0.0,
5364,7306,1,7539.0,1029928,13,,3,0,,,,0.0,
5365,7320,1,25094.1,1029928,12,,3,0,,,,0.0,
5366,7311,1,0.0,1029928,2,,3,0,,,,0.0,
5367,7310,1,26494.2,1029928,2,,3,0,,,,0.0,
5368,7312,1,29079.0,1029928,16,,1,0,,,,1.0,
5369,7302,1,27463.5,1029928,5,,3,0,,,,0.0,
5370,7316,1,19386.0,1029928,36,,1,0,,,,1.0,
5371,7317,1,1507.8,1029928,10,,3,0,,,,0.0,
5372,7306,1,0.0,1029928,1,,3,0,,,,0.0,
5373,7301,1,21540.0,1029928,21,,1,0,,,,1.0,
5374,7315,1,10770.0,1029928,4,,2,0,,,,1.0,
5375,7320,1,12924.0,1029928,3,,3,0,,,,1.0,
5376,7317,1,0.0,1029928,8,,2,0,,,,0.0,
5377,7316,1,2154.0,1029928,28,,3,0,,,,0.0,
5378,7315,1,15724.199999999999,1029928,2,,3,0,,,,0.0,
5379,7307,1,15724.199999999999,1029928,1,,3,0,,,,0.0,
5380,7310,1,23694.0,1029928,1,,2,0,,,,1.0,
5381,7315,1,7000.5,1029928,5,,2,0,,,,1.0,
5382,7322,1,0.0,1029928,14,,3,0,,,,0.0,
5383,7307,1,21970.8,1029928,11,,3,0,,,,0.0,
5384,7303,1,0.0,1029928,2,,3,0,,,,0.0,
5385,7306,1,8077.5,1029928,4,,3,0,,,,0.0,
5386,7301,1,32310.0,1029928,16,,1,0,,,,1.0,
5387,7315,1,12924.0,1029928,15,,2,0,,,,0.0,
5388,7312,1,21540.0,1029928,9,,1,0,,,,1.0,
5389,7315,1,,1029928,16,,3,0,,,,0.0,
5390,7316,1,3015.6,1029928,24,,3,0,,,,0.0,
5391,7320,1,12170.1,1029928,2,,3,0,,,,0.0,
5392,7302,1,12924.0,1029928,6,,3,0,,,,0.0,
5393,7310,1,0.0,1029928,11,,2,0,,,,0.0,
5394,7321,1,11093.1,1029928,14,,3,0,,,,0.0,
5395,7316,1,0.0,1029928,2,,3,0,,,,0.0,
5396,7310,1,0.0,1029928,7,,2,0,,,,0.0,
5397,7310,1,7539.0,1029928,35,,1,0,,,,1.0,
5398,7302,1,29509.8,1029928,12,,3,0,,,,0.0,
5399,7310,1,32310.0,1029928,2,,1,0,,,,1.0,
5400,7317,1,5708.099999999999,1029928,9,,2,0,,,,1.0,
5401,7315,1,0.0,1029928,4,,2,0,,,,0.0,
5402,7319,1,0.0,1029928,15,,3,0,,,,0.0,
5403,7312,1,6462.0,1029928,10,,3,0,,,,0.0,
5404,7303,1,1938.6,1029928,19,,3,0,,,,0.0,
5405,7313,1,13462.5,1029928,12,,3,0,,,,0.0,
5406,7316,1,28002.0,1029928,15,,1,0,,,,1.0,
5407,7301,1,21540.0,1029928,16,,1,0,,,,1.0,
5408,7301,1,21540.0,1029928,18,,1,0,,,,1.0,
5409,7313,1,0.0,1029928,6,,3,0,,,,0.0,
5410,7321,1,19386.0,1029928,21,,1,0,,,,1.0,
5411,7322,1,0.0,1029928,19,,3,0,,,,0.0,
5412,7301,1,22186.2,1029928,18,,1,0,,,,1.0,
5413,7313,1,646.1999999999999,1029928,12,,3,0,,,,0.0,
5414,7301,1,21540.0,1029928,15,,1,0,,,,1.0,
5415,7301,1,21540.0,1029928,8,,1,0,,,,1.0,
5416,7307,1,18309.0,1029928,15,,3,0,,,,1.0,
5417,7303,1,3231.0,1029928,28,,3,0,,,,0.0,
5418,7302,1,41679.9,1029928,6,,3,0,,,,1.0,
5419,7307,1,0.0,1029928,2,,3,0,,,,0.0,
5420,7310,1,23694.0,1029928,24,,1,0,,,,1.0,
5421,7313,1,19386.0,1029928,11,,3,0,,,,0.0,
5422,7316,1,21540.0,1029928,31,,1,0,,,,1.0,
5423,7310,1,23263.2,1029928,19,,1,0,,,,1.0,
5424,7301,1,22617.0,1029928,19,,1,0,,,,1.0,
5425,7314,1,0.0,1029928,12,,3,0,,,,0.0,
5426,7316,1,0.0,1029928,28,,3,0,,,,0.0,
5427,7310,1,4846.5,1029928,7,,2,0,,,,1.0,
5428,7319,1,0.0,1029928,1,,3,0,,,,0.0,
5429,7322,1,85083.0,1029928,14,,3,0,,,,0.0,
5430,7320,1,26386.5,1029928,4,,3,0,,,,1.0,
5431,7313,1,0.0,1029928,14,,2,0,,,,0.0,
5432,7316,1,53850.0,1029928,16,,1,0,,,,1.0,
5433,7305,1,9693.0,1029928,8,,2,0,,,,1.0,
5434,7315,1,86.16,1029928,11,,2,0,,,,0.0,
5435,7301,1,26925.0,1029928,12,,1,0,,,,1.0,
5436,7322,1,23694.0,1029928,15,,2,0,,,,1.0,
5437,7301,1,21540.0,1029928,10,,1,0,,,,1.0,
5438,7310,1,247.70999999999998,1029928,5,,2,0,,,,1.0,
5439,7301,1,19386.0,1029928,19,,1,0,,,,1.0,
5440,7301,1,24771.0,1029928,8,,1,0,,,,1.0,
5441,7318,1,31771.5,1029928,3,,2,0,,,,0.0,
5442,7301,1,24340.2,1029928,13,,1,0,,,,1.0,
5443,7317,1,33602.4,1029928,9,,3,0,,,,0.0,
5444,7307,1,15939.599999999999,1029928,1,,3,0,,,,0.0,
5445,7320,1,27786.6,1029928,2,,3,0,,,,0.0,
5446,7302,1,,1029928,1,,3,0,,,,0.0,
5447,7312,1,20463.0,1029928,17,,1,0,,,,1.0,
5448,7301,1,19386.0,1029928,13,,1,0,,,,1.0,
5449,7322,1,0.0,1029928,18,,3,0,,,,0.0,
5450,7316,1,23694.0,1029928,16,,1,0,,,,1.0,
5451,7316,1,0.0,1029928,10,,3,0,,,,0.0,
5452,7318,1,9046.8,1029928,4,,3,0,,,,0.0,
5453,7315,1,86.16,1029928,16,,2,0,,,,0.0,
5454,7310,1,4308.0,1029928,5,,2,0,,,,1.0,
5455,7315,1,2154.0,1029928,16,,2,0,,,,1.0,
5456,7317,1,2003.22,1029928,16,,2,0,,,,0.0,
5457,7301,1,23694.0,1029928,19,,1,0,,,,1.0,
5458,7316,1,25848.0,1029928,55,,1,0,,,,1.0,
5459,7317,1,0.0,1029928,17,,2,0,,,,0.0,
5460,7321,1,8508.3,1029928,4,,3,0,,,,0.0,
5461,7301,1,22617.0,1029928,17,,1,0,,,,1.0,
5462,7317,1,26925.0,1029928,12,,2,0,,,,1.0,
5463,7301,1,21540.0,1029928,23,,1,0,,,,1.0,
5464,7316,1,19386.0,1029928,8,,1,0,,,,1.0,
5465,7315,1,20893.8,1029928,11,,3,0,,,,0.0,
5466,7314,1,12924.0,1029928,3,,3,0,,,,0.0,
5467,7309,1,6892.799999999999,1029928,14,,3,0,,,,0.0,
5468,7321,1,35002.5,1029928,1,,3,0,,,,1.0,
5469,7301,1,21540.0,1029928,15,,1,0,,,,1.0,
5470,7316,1,31233.0,1029928,12,,1,0,,,,1.0,
5471,7301,1,21001.5,1029928,16,,1,0,,,,1.0,
5472,7316,1,17232.0,1029928,57,,1,0,,,,1.0,
5473,7315,1,0.0,1029928,17,,3,0,,,,0.0,
5474,7315,1,15939.599999999999,1029928,7,,3,0,,,,0.0,
5475,7310,1,5169.599999999999,1029928,22,,1,0,,,,1.0,
5476,7322,1,11093.1,1029928,12,,3,0,,,,0.0,
5477,7310,1,60312.0,1029928,9,,1,0,,,,1.0,
5478,7319,1,0.0,1029928,12,,3,0,,,,0.0,
5479,7310,1,5169.599999999999,1029928,21,,1,0,,,,1.0,
5480,7301,1,29725.199999999997,1029928,26,,1,0,,,,1.0,
5481,7321,1,2584.7999999999997,1029928,2,,3,0,,,,0.0,
5482,7321,1,51480.6,1029928,19,,1,0,,,,1.0,
5483,7319,1,0.0,1029928,2,,3,0,,,,0.0,
5484,7315,1,0.0,1029928,16,,2,0,,,,0.0,
5485,7302,1,22832.399999999998,1029928,8,,3,0,,,,0.0,
5486,7313,1,3554.1,1029928,12,,3,0,,,,0.0,
5487,7303,1,5708.099999999999,1029928,13,,3,0,,,,0.0,
5488,7317,1,2907.9,1029928,8,,2,0,,,,0.0,
5489,7316,1,0.0,1029928,9,,3,0,,,,0.0,
5490,7315,1,136025.1,1029928,3,,3,0,,,,0.0,
5491,7314,1,12170.1,1029928,6,,3,0,,,,0.0,
5492,7316,1,-2584.7999999999997,1029928,9,,3,0,,,,0.0,
5493,7316,1,0.0,1029928,10,,3,0,,,,0.0,
5494,7315,1,4308.0,1029928,8,,2,0,,,,1.0,
5495,7305,1,6462.0,1029928,6,,2,0,,,,1.0,
5496,7315,1,7969.799999999999,1029928,3,,2,0,,,,0.0,
5497,7313,1,0.0,1029928,9,,3,0,,,,0.0,
5498,7319,1,0.0,1029928,18,,3,0,,,,0.0,
5499,7309,1,7754.4,1029928,15,,3,0,,,,0.0,
5500,7303,1,15508.8,1029928,17,,3,0,,,,0.0,
5501,7303,1,15508.8,1029928,7,,3,0,,,,0.0,
5502,7316,1,54927.0,1029928,24,,1,0,,,,1.0,
5503,7303,1,0.0,1029928,13,,3,0,,,,0.0,
5504,7310,1,18309.0,1029928,23,,1,0,,,,1.0,
5505,7322,1,0.0,1029928,14,,3,0,,,,0.0,
5506,7322,1,10985.4,1029928,12,,3,0,,,,0.0,
5507,7310,1,15508.8,1029928,2,,3,0,,,,0.0,
5508,7301,1,28002.0,1029928,20,,1,0,,,,1.0,
5509,7310,1,8616.0,1029928,10,,3,0,,,,0.0,
5510,7301,1,24771.0,1029928,13,,1,0,,,,1.0,
5511,7319,1,48465.0,1029928,2,,3,0,,,,0.0,
5512,7316,1,0.0,1029928,10,,3,0,,,,0.0,
5513,7318,1,0.0,1029928,11,,3,0,,,,0.0,
5514,7312,1,29725.199999999997,1029928,17,,1,0,,,,1.0,
5515,7315,1,1615.5,1029928,4,,2,0,,,,0.0,
5516,7316,1,18309.0,1029928,10,,1,0,,,,1.0,
5517,7322,1,0.0,1029928,10,,3,0,,,,0.0,
5518,7316,1,21540.0,1029928,10,,1,0,,,,1.0,
5519,7303,1,15724.199999999999,1029928,15,,3,0,,,,0.0,
5520,7319,1,0.0,1029928,15,,3,0,,,,0.0,
5521,7318,1,25848.0,1029928,2,,3,0,,,,0.0,
5522,7310,1,49542.0,1029928,8,,1,0,,,,1.0,
5523,7310,1,14001.0,1029928,9,,1,0,,,,1.0,
5524,7313,1,1615.5,1029928,2,,3,0,,,,0.0,
5525,7301,1,25417.2,1029928,13,,1,0,,,,1.0,
5526,7310,1,32310.0,1029928,8,,1,0,,,,1.0,
5527,7310,1,95853.0,1029928,18,,1,0,,,,1.0,
5528,7307,1,37371.9,1029928,4,,2,0,,,,0.0,
5529,7322,1,16801.2,1029928,8,,3,0,,,,0.0,
5530,7319,1,3984.8999999999996,1029928,15,,3,0,,,,0.0,
5531,7310,1,25848.0,1029928,22,,1,0,,,,1.0,
5532,7301,1,22617.0,1029928,15,,1,0,,,,1.0,
5533,7304,1,11200.8,1029928,4,,3,0,,,,0.0,
5534,7312,1,31233.0,1029928,12,,3,0,,,,0.0,
5535,7316,1,0.0,1029928,13,,3,0,,,,0.0,
5536,7319,1,0.0,1029928,4,,3,0,,,,0.0,
5537,7306,1,0.0,1029928,14,,3,0,,,,0.0,
5538,7316,1,0.0,1029928,24,,3,0,,,,0.0,
5539,7314,1,,1029928,1,,3,0,,,,0.0,
5540,7310,1,5169.599999999999,1029928,26,,1,0,,,,1.0,
5541,7301,1,21540.0,1029928,8,,1,0,,,,1.0,
5542,7317,1,23263.2,1029928,2,,3,0,,,,0.0,
5543,7316,1,,1029928,11,,3,0,,,,0.0,
5544,7319,1,0.0,1029928,12,,3,0,,,,0.0,
5545,7301,1,21540.0,1029928,21,,1,0,,,,1.0,
5546,7301,1,5169.599999999999,1029928,16,,1,0,,,,1.0,
5547,7315,1,5385.0,1029928,1,,2,0,,,,0.0,
5548,7315,1,3231.0,1029928,4,,2,0,,,,0.0,
5549,7312,1,23694.0,1029928,4,,1,0,,,,1.0,
5550,7307,1,,1029928,22,,3,0,,,,0.0,
5551,7301,1,49542.0,1029928,21,,1,0,,,,1.0,
5552,7317,1,0.0,1029928,17,,2,0,,,,0.0,
5553,7310,1,5815.8,1029928,12,,2,0,,,,0.0,
5554,7310,1,0.0,1029928,9,,3,0,,,,0.0,
5555,7306,1,0.0,1029928,2,,2,0,,,,0.0,
5556,7302,1,2584.7999999999997,1029928,1,,3,0,,,,0.0,
5557,7310,1,5815.8,1029928,7,,2,0,,,,0.0,
5558,7312,1,24771.0,1029928,12,,1,0,,,,1.0,
5559,7321,1,0.0,1029928,3,,3,0,,,,0.0,
5560,7315,1,6462.0,1029928,15,,2,0,,,,0.0,
5561,7318,1,0.0,1029928,7,,3,0,,,,0.0,
5562,7310,1,9693.0,1029928,4,,2,0,,,,1.0,
5563,7315,1,0.0,1029928,16,,2,0,,,,0.0,
5564,7305,1,6677.4,1029928,7,,2,0,,,,1.0,
5565,7315,1,5385.0,1029928,16,,2,0,,,,1.0,
5566,7316,1,21540.0,1029928,16,,1,0,,,,1.0,
5567,7315,1,21001.5,1029928,2,,3,0,,,,0.0,
5568,7303,1,0.0,1029928,11,,3,0,,,,0.0,
5569,7315,1,1077.0,1029928,15,,2,0,,,,1.0,
5570,7317,1,0.0,1029928,1,,3,0,,,,0.0,
5571,7316,1,25848.0,1029928,17,,1,0,,,,1.0,
5572,7322,1,2154.0,1029928,19,,3,0,,,,0.0,
5573,7309,1,12170.1,1029928,12,,3,0,,,,0.0,
5574,7322,1,0.0,1029928,13,,3,0,,,,0.0,
5575,7303,1,4523.4,1029928,36,,3,0,,,,0.0,
5576,7301,1,24340.2,1029928,17,,1,0,,,,1.0,
5577,7301,1,20463.0,1029928,17,,1,0,,,,1.0,
5578,7316,1,35110.2,1029928,19,,1,0,,,,1.0,
5579,7316,1,0.0,1029928,13,,3,0,,,,0.0,
5580,7301,1,10770.0,1029928,9,,1,0,,,,1.0,
5581,7318,1,1938.6,1029928,4,,3,0,,,,0.0,
5582,7313,1,0.0,1029928,10,,3,0,,,,0.0,
5583,7301,1,23694.0,1029928,17,,1,0,,,,1.0,
5584,7301,1,21540.0,1029928,18,,1,0,,,,1.0,
5585,7315,1,2154.0,1029928,16,,2,0,,,,0.0,
5586,7318,1,42756.9,1029928,7,,3,0,,,,1.0,
5587,7315,1,0.0,1029928,19,,2,0,,,,0.0,
5588,7310,1,0.0,1029928,1,,3,0,,,,0.0,
5589,7316,1,3231.0,1029928,4,,3,0,,,,0.0,
5590,7322,1,646.1999999999999,1029928,13,,3,0,,,,0.0,
5591,7312,1,14001.0,1029928,17,,1,0,,,,1.0,
5592,7310,1,0.0,1029928,5,,2,0,,,,0.0,
5593,7316,1,19386.0,1029928,16,,3,0,,,,0.0,
5594,7303,1,32417.699999999997,1029928,5,,3,0,,,,0.0,
5595,7315,1,0.0,1029928,7,,2,0,,,,0.0,
5596,7312,1,5169.599999999999,1029928,12,,1,0,,,,1.0,
5597,7301,1,26925.0,1029928,18,,1,0,,,,1.0,
5598,7313,1,0.0,1029928,12,,3,0,,,,0.0,
5599,7301,1,21540.0,1029928,17,,1,0,,,,1.0,
5600,7322,1,7539.0,1029928,9,,3,0,,,,0.0,
5601,7316,1,21540.0,1029928,10,,1,0,,,,1.0,
5602,7315,1,0.0,1029928,3,,2,0,,,,0.0,
5603,7310,1,60312.0,1029928,12,,1,0,,,,1.0,
5604,7316,1,128163.0,1029928,16,,1,0,,,,1.0,
5605,7316,1,37048.799999999996,1029928,16,,1,0,,,,1.0,
5606,7312,1,0.0,1029928,2,,3,0,,,,0.0,
5607,7322,1,48465.0,1029928,14,,3,0,,,,0.0,
5608,7310,1,2692.5,1029928,8,,1,0,,,,1.0,
5609,7312,1,19386.0,1029928,20,,1,0,,,,1.0,
5610,7313,1,12170.1,1029928,5,,3,0,,,,0.0,
5611,7319,1,0.0,1029928,1,,3,0,,,,0.0,
5612,7315,1,0.0,1029928,7,,2,0,,,,0.0,
5613,7319,1,0.0,1029928,15,,3,0,,,,0.0,
5614,7301,1,10770.0,1029928,23,,1,0,,,,1.0,
5615,7319,1,0.0,1029928,1,,3,0,,,,0.0,
5616,7319,1,0.0,1029928,14,,2,0,,,,0.0,
5617,7312,1,23694.0,1029928,4,,1,0,,,,1.0,
5618,7316,1,25848.0,1029928,62,,1,0,,,,1.0,
5619,7301,1,24340.2,1029928,13,,1,0,,,,1.0,
5620,7301,1,26925.0,1029928,14,,1,0,,,,1.0,
5621,7316,1,40387.5,1029928,20,,3,0,,,,1.0,
5622,7301,1,23694.0,1029928,16,,1,0,,,,1.0,
5623,7320,1,12277.8,1029928,15,,3,0,,,,0.0,
5624,7319,1,0.0,1029928,2,,3,0,,,,0.0,
5625,7312,1,24771.0,1029928,15,,1,0,,,,1.0,
5626,7316,1,51480.6,1029928,15,,1,0,,,,1.0,
5627,7313,1,0.0,1029928,11,,3,0,,,,0.0,
5628,7315,1,5385.0,1029928,19,,2,0,,,,1.0,
5629,7301,1,24771.0,1029928,5,,1,0,,,,1.0,
5630,7301,1,23694.0,1029928,22,,1,0,,,,1.0,
5631,7301,1,22617.0,1029928,20,,1,0,,,,1.0,
5632,7301,1,22617.0,1029928,19,,1,0,,,,1.0,
5633,7301,1,28002.0,1029928,17,,1,0,,,,1.0,
5634,7310,1,20463.0,1029928,24,,1,0,,,,1.0,
5635,7315,1,,1029928,13,,3,0,,,,0.0,
5636,7315,1,0.0,1029928,2,,2,0,,,,0.0,
5637,7319,1,5385.0,1029928,3,,3,0,,,,0.0,
5638,7312,1,22617.0,1029928,11,,1,0,,,,1.0,
5639,7307,1,15939.599999999999,1029928,1,,3,0,,,,0.0,
5640,7319,1,40064.4,1029928,2,,3,0,,,,0.0,
5641,7314,1,26494.2,1029928,1,,3,0,,,,0.0,
5642,7315,1,0.0,1029928,16,,2,0,,,,0.0,
5643,7317,1,2154.0,1029928,26,,2,0,,,,1.0,
5644,7306,1,11631.6,1029928,11,,3,0,,,,0.0,
5645,7316,1,15078.0,1029928,38,,3,0,,,,0.0,
5646,7316,1,25848.0,1029928,18,,1,0,,,,1.0,
5647,7303,1,0.0,1029928,10,,3,0,,,,0.0,
5648,7309,1,0.0,1029928,10,,3,0,,,,0.0,
5649,7317,1,0.0,1029928,11,,3,0,,,,0.0,
5650,7301,1,26925.0,1029928,9,,1,0,,,,1.0,
5651,7307,1,49218.9,1029928,11,,3,0,,,,0.0,
5652,7312,1,68928.0,1029928,17,,1,0,,,,1.0,
5653,7301,1,24771.0,1029928,5,,1,0,,,,1.0,
5654,7317,1,2369.4,1029928,15,,2,0,,,,0.0,
5655,7316,1,18309.0,1029928,2,,2,0,,,,1.0,
5656,7317,1,0.0,1029928,15,,2,0,,,,0.0,
5657,7301,1,24771.0,1029928,8,,1,0,,,,1.0,
5658,7322,1,1184.7,1029928,12,,3,0,,,,0.0,
5659,7316,1,22617.0,1029928,12,,1,0,,,,1.0,
5660,7301,1,18847.5,1029928,14,,3,0,,,,0.0,
5661,7319,1,0.0,1029928,12,,3,0,,,,0.0,
5662,7310,1,25848.0,1029928,16,,1,0,,,,1.0,
5663,7315,1,0.0,1029928,8,,2,0,,,,0.0,
5664,7310,1,128163.0,1029928,11,,1,0,,,,1.0,
5665,7310,1,21540.0,1029928,8,,3,0,,,,0.0,
5666,7316,1,0.0,1029928,35,,3,0,,,,0.0,
5667,7312,1,27248.1,1029928,9,,1,0,,,,1.0,
5668,7310,1,135917.4,1029928,9,,1,0,,,,1.0,
5669,7317,1,10123.8,1029928,12,,2,0,,,,1.0,
5670,7321,1,23694.0,1029928,17,,1,0,,,,1.0,
5671,7310,1,23694.0,1029928,6,,2,0,,,,1.0,
5672,7309,1,50942.1,1029928,11,,3,0,,,,0.0,
5673,7303,1,3015.6,1029928,13,,3,0,,,,0.0,
5674,7310,1,21540.0,1029928,30,,1,0,,,,1.0,
5675,7316,1,19386.0,1029928,72,,1,0,,,,1.0,
5676,7302,1,24447.899999999998,1029928,17,,3,0,,,,0.0,
5677,7306,1,0.0,1029928,3,,3,0,,,,0.0,
5678,7319,1,0.0,1029928,1,,3,0,,,,0.0,
5679,7309,1,0.0,1029928,16,,3,0,,,,0.0,
5680,7316,1,45234.0,1029928,8,,1,0,,,,1.0,
5681,7322,1,0.0,1029928,12,,2,0,,,,0.0,
5682,7301,1,19170.6,1029928,7,,3,0,,,,0.0,
5683,7301,1,21540.0,1029928,9,,1,0,,,,1.0,
5684,7322,1,0.0,1029928,13,,3,0,,,,0.0,
5685,7310,1,3231.0,1029928,10,,1,0,,,,1.0,
5686,7301,1,21540.0,1029928,15,,1,0,,,,1.0,
5687,7310,1,23694.0,1029928,17,,1,0,,,,1.0,
5688,7310,1,21540.0,1029928,24,,1,0,,,,1.0,
5689,7301,1,26925.0,1029928,14,,1,0,,,,1.0,
5690,7312,1,24771.0,1029928,20,,1,0,,,,1.0,
5691,7305,1,1938.6,1029928,22,,3,0,,,,0.0,
5692,7317,1,980.0699999999999,1029928,4,,3,0,,,,1.0,
5693,7322,1,0.0,1029928,17,,3,0,,,,0.0,
5694,7310,1,0.0,1029928,8,,2,0,,,,0.0,
5695,7312,1,19386.0,1029928,9,,1,0,,,,1.0,
5696,7317,1,3231.0,1029928,16,,2,0,,,,0.0,
5697,7322,1,3984.8999999999996,1029928,15,,3,0,,,,0.0,
5698,7310,1,28002.0,1029928,2,,1,0,,,,1.0,
5699,7301,1,24340.2,1029928,14,,1,0,,,,1.0,
5700,7315,1,6677.4,1029928,12,,2,0,,,,1.0,
5701,7301,1,4523.4,1029928,10,,3,0,,,,0.0,
5702,7306,1,42218.4,1029928,1,,3,0,,,,0.0,
5703,7301,1,29725.199999999997,1029928,13,,1,0,,,,1.0,
5704,7301,1,21540.0,1029928,14,,1,0,,,,1.0,
5705,7305,1,1077.0,1029928,6,,2,0,,,,1.0,
5706,7316,1,1184.7,1029928,11,,3,0,,,,0.0,
5707,7319,1,0.0,1029928,1,,3,0,,,,0.0,
5708,7310,1,12277.8,1029928,12,,3,0,,,,0.0,
5709,7315,1,10123.8,1029928,4,,2,0,,,,1.0,
5710,7317,1,3231.0,1029928,10,,2,0,,,,0.0,
5711,7316,1,95853.0,1029928,18,,1,0,,,,1.0,
5712,7312,1,12170.1,1029928,4,,3,0,,,,0.0,
5713,7310,1,34464.0,1029928,10,,1,0,,,,1.0,
5714,7316,1,23263.2,1029928,17,,3,0,,,,0.0,
5715,7314,1,12924.0,1029928,5,,3,0,,,,0.0,
5716,7314,1,0.0,1029928,10,,3,0,,,,0.0,
5717,7317,1,3231.0,1029928,15,,2,0,,,,0.0,
5718,7318,1,40926.0,1029928,3,,3,0,,,,1.0,
5719,7315,1,24663.3,1029928,2,,3,0,,,,0.0,
5720,7310,1,3231.0,1029928,4,,2,0,,,,0.0,
5721,7310,1,1077.0,1029928,20,,2,0,,,,1.0,
5722,7310,1,24232.5,1029928,14,,1,0,,,,1.0,
5723,7312,1,16155.0,1029928,13,,1,0,,,,1.0,
5724,7316,1,21540.0,1029928,16,,1,0,,,,1.0,
5725,7315,1,96.92999999999999,1029928,7,,2,0,,,,1.0,
5726,7310,1,9693.0,1029928,4,,2,0,,,,1.0,
5727,7317,1,0.0,1029928,16,,2,0,,,,0.0,
5728,7301,1,11847.0,1029928,20,,1,0,,,,1.0,
5729,7320,1,8831.4,1029928,2,,3,0,,,,0.0,
5730,7316,1,11631.6,1029928,9,,1,0,,,,1.0,
5731,7315,1,16908.899999999998,1029928,7,,2,0,,,,1.0,
5732,7317,1,0.0,1029928,8,,2,0,,,,0.0,
5733,7318,1,2154.0,1029928,4,,3,0,,,,0.0,
5734,7316,1,23694.0,1029928,16,,1,0,,,,1.0,
5735,7319,1,29294.399999999998,1029928,12,,3,0,,,,0.0,
5736,7315,1,6354.3,1029928,9,,2,0,,,,0.0,
5737,7301,1,22617.0,1029928,14,,1,0,,,,1.0,
5738,7310,1,5815.8,1029928,14,,2,0,,,,0.0,
5739,7316,1,31017.6,1029928,8,,1,0,,,,1.0,
5740,7301,1,23694.0,1029928,6,,1,0,,,,1.0,
5741,7310,1,2003.22,1029928,4,,2,0,,,,0.0,
5742,7301,1,26925.0,1029928,20,,1,0,,,,1.0,
5743,7310,1,25848.0,1029928,3,,1,0,,,,1.0,
5744,7305,1,12170.1,1029928,6,,2,0,,,,0.0,
5745,7308,1,9046.8,1029928,4,,3,0,,,,0.0,
5746,7312,1,17770.5,1029928,5,,1,0,,,,1.0,
5747,7315,1,2154.0,1029928,15,,2,0,,,,1.0,
5748,7321,1,0.0,1029928,15,,3,0,,,,0.0,
5749,7310,1,5385.0,1029928,8,,1,0,,,,1.0,
5750,7317,1,3231.0,1029928,18,,2,0,,,,0.0,
5751,7301,1,34464.0,1029928,8,,1,0,,,,1.0,
5752,7301,1,21540.0,1029928,17,,1,0,,,,1.0,
5753,7310,1,21540.0,1029928,29,,1,0,,,,1.0,
5754,7304,1,980.0699999999999,1029928,14,,3,0,,,,1.0,
5755,7301,1,21540.0,1029928,18,,1,0,,,,1.0,
5756,7303,1,70005.0,1029928,10,,3,0,,,,1.0,
5757,7310,1,21540.0,1029928,19,,1,0,,,,1.0,
5758,7313,1,31771.5,1029928,3,,2,0,,,,0.0,
5759,7310,1,12924.0,1029928,9,,2,0,,,,0.0,
5760,7319,1,0.0,1029928,12,,3,0,,,,0.0,
5761,7316,1,54927.0,1029928,16,,1,0,,,,1.0,
5762,7319,1,0.0,1029928,1,,3,0,,,,0.0,
5763,7310,1,4308.0,1029928,12,,2,0,,,,1.0,
5764,7310,1,0.0,1029928,7,,2,0,,,,0.0,
5765,7317,1,2369.4,1029928,13,,2,0,,,,0.0,
5766,7315,1,0.0,1029928,12,,2,0,,,,0.0,
5767,7312,1,22649.309999999998,1029928,4,,1,0,,,,1.0,
5768,7321,1,0.0,1029928,1,,3,0,,,,0.0,
5769,7302,1,70005.0,1029928,2,,3,0,,,,1.0,
5770,7316,1,53850.0,1029928,19,,1,0,,,,1.0,
5771,7301,1,22617.0,1029928,9,,1,0,,,,1.0,
5772,7312,1,24771.0,1029928,20,,1,0,,,,1.0,
5773,7301,1,21540.0,1029928,16,,1,0,,,,1.0,
5774,7313,1,150133.8,1029928,13,,3,0,,,,0.0,
5775,7316,1,0.0,1029928,11,,3,0,,,,0.0,
5776,7310,1,14001.0,1029928,1,,1,0,,,,1.0,
5777,7308,1,0.0,1029928,15,,3,0,,,,0.0,
5778,7321,1,24771.0,1029928,24,,1,0,,,,1.0,
5779,7316,1,0.0,1029928,23,,3,0,,,,0.0,
5780,7301,1,0.0,1029928,11,,3,0,,,,0.0,
5781,7313,1,0.0,1029928,12,,3,0,,,,0.0,
5782,7303,1,12277.8,1029928,7,,3,0,,,,0.0,
5783,7317,1,355.40999999999997,1029928,26,,2,0,,,,0.0,
5784,7301,1,21540.0,1029928,9,,1,0,,,,1.0,
5785,7319,1,3984.8999999999996,1029928,11,,3,0,,,,0.0,
5786,7310,1,1077.0,1029928,30,,1,0,,,,1.0,
5787,7319,1,168012.0,1029928,3,,3,0,,,,1.0,
5788,7317,1,958.53,1029928,10,,2,0,,,,1.0,
5789,7315,1,60204.299999999996,1029928,10,,3,0,,,,0.0,
5790,7316,1,0.0,1029928,9,,3,0,,,,0.0,
5791,7320,1,,1029928,1,,3,0,,,,0.0,
5792,7301,1,23694.0,1029928,9,,1,0,,,,1.0,
5793,7301,1,21540.0,1029928,17,,3,0,,,,0.0,
5794,7322,1,0.0,1029928,17,,2,0,,,,0.0,
5795,7310,1,14001.0,1029928,36,,1,0,,,,1.0,
5796,7310,1,9046.8,1029928,11,,3,0,,,,0.0,
5797,7301,1,21540.0,1029928,18,,1,0,,,,1.0,
5798,7316,1,20355.3,1029928,15,,1,0,,,,1.0,
5799,7301,1,23263.2,1029928,23,,1,0,,,,1.0,
5800,7311,1,31663.8,1029928,8,,3,0,,,,0.0,
5801,7316,1,37695.0,1029928,18,,1,0,,,,1.0,
5802,7310,1,0.0,1029928,6,,2,0,,,,0.0,
5803,7314,1,19386.0,1029928,13,,3,0,,,,0.0,
5804,7312,1,19816.8,1029928,16,,1,0,,,,1.0,
5805,7301,1,22617.0,1029928,10,,1,0,,,,1.0,
5806,7315,1,0.0,1029928,5,,2,0,,,,0.0,
5807,7310,1,215.39999999999998,1029928,10,,2,0,,,,1.0,
5808,7317,1,646.1999999999999,1029928,9,,2,0,,,,1.0,
5809,7314,1,0.0,1029928,9,,3,0,,,,0.0,
5810,7312,1,10231.5,1029928,6,,3,0,,,,0.0,
5811,7319,1,0.0,1029928,21,,3,0,,,,0.0,
5812,7322,1,32848.5,1029928,14,,3,0,,,,0.0,
5813,7317,1,0.0,1029928,4,,3,0,,,,0.0,
5814,7312,1,22617.0,1029928,20,,1,0,,,,1.0,
5815,7303,1,0.0,1029928,12,,3,0,,,,0.0,
5816,7310,1,0.0,1029928,12,,2,0,,,,0.0,
5817,7301,1,18309.0,1029928,18,,1,0,,,,1.0,
5818,7315,1,150133.8,1029928,11,,3,0,,,,0.0,
5819,7301,1,21540.0,1029928,16,,1,0,,,,1.0,
5820,7301,1,26386.5,1029928,23,,1,0,,,,1.0,
5821,7310,1,22617.0,1029928,21,,1,0,,,,1.0,
5822,7312,1,24771.0,1029928,16,,1,0,,,,1.0,
5823,7301,1,21540.0,1029928,15,,1,0,,,,1.0,
5824,7307,1,0.0,1029928,3,,3,0,,,,0.0,
5825,7319,1,1938.6,1029928,3,,3,0,,,,0.0,
5826,7315,1,0.0,1029928,5,,3,0,,,,0.0,
5827,7301,1,14001.0,1029928,17,,1,0,,,,1.0,
5828,7303,1,15508.8,1029928,13,,3,0,,,,0.0,
5829,7316,1,36187.2,1029928,18,,1,0,,,,1.0,
5830,7317,1,3338.7,1029928,15,,2,0,,,,1.0,
5831,7315,1,0.0,1029928,20,,2,0,,,,0.0,
5832,7309,1,17285.85,1029928,1,,3,0,,,,1.0,
5833,7315,1,2154.0,1029928,11,,2,0,,,,1.0,
5834,7308,1,16262.699999999999,1029928,13,,3,0,,,,0.0,
5835,7310,1,28002.0,1029928,3,,1,0,,,,1.0,
5836,7322,1,29294.399999999998,1029928,12,,3,0,,,,0.0,
5837,7306,1,6483.54,1029928,20,,3,0,,,,0.0,
5838,7301,1,21540.0,1029928,20,,1,0,,,,1.0,
5839,7312,1,5169.599999999999,1029928,20,,1,0,,,,1.0,
5840,7315,1,0.0,1029928,5,,2,0,,,,0.0,
5841,7312,1,26925.0,1029928,17,,1,0,,,,1.0,
5842,7321,1,8723.699999999999,1029928,15,,3,0,,,,0.0,
5843,7301,1,32310.0,1029928,15,,1,0,,,,1.0,
5844,7322,1,0.0,1029928,15,,3,0,,,,0.0,
5845,7312,1,5169.599999999999,1029928,20,,1,0,,,,1.0,
5846,7303,1,16801.2,1029928,5,,3,0,,,,0.0,
5847,7319,1,0.0,1029928,12,,3,0,,,,0.0,
5848,7312,1,23694.0,1029928,2,,1,0,,,,1.0,
5849,7316,1,135917.4,1029928,19,,1,0,,,,1.0,
5850,7312,1,28002.0,1029928,20,,1,0,,,,1.0,
5851,7322,1,0.0,1029928,13,,3,0,,,,0.0,
5852,7315,1,9693.0,1029928,15,,2,0,,,,0.0,
5853,7317,1,0.0,1029928,16,,2,0,,,,0.0,
5854,7321,1,21540.0,1029928,16,,1,0,,,,1.0,
5855,7310,1,31448.399999999998,1029928,9,,1,0,,,,1.0,
5856,7302,1,15508.8,1029928,3,,3,0,,,,0.0,
5857,7301,1,23694.0,1029928,20,,1,0,,,,1.0,
5858,7312,1,19386.0,1029928,10,,1,0,,,,1.0,
5859,7316,1,0.0,1029928,11,,3,0,,,,0.0,
5860,7303,1,8831.4,1029928,1,,3,0,,,,0.0,
5861,7312,1,28002.0,1029928,20,,1,0,,,,1.0,
5862,7312,1,14001.0,1029928,15,,1,0,,,,1.0,
5863,7316,1,18847.5,1029928,13,,1,0,,,,1.0,
5864,7306,1,6462.0,1029928,24,,3,0,,,,0.0,
5865,7315,1,6031.2,1029928,3,,3,0,,,,1.0,
5866,7301,1,21540.0,1029928,21,,1,0,,,,1.0,
5867,7316,1,22617.0,1029928,1,,2,0,,,,1.0,
5868,7301,1,24771.0,1029928,20,,1,0,,,,1.0,
5869,7316,1,646.1999999999999,1029928,12,,3,0,,,,0.0,
5870,7305,1,0.0,1029928,4,,3,0,,,,0.0,
5871,7317,1,3231.0,1029928,10,,2,0,,,,0.0,
5872,7315,1,646.1999999999999,1029928,20,,2,0,,,,0.0,
5873,7301,1,21540.0,1029928,18,,1,0,,,,1.0,
5874,7301,1,34464.0,1029928,20,,1,0,,,,1.0,
5875,7301,1,26925.0,1029928,11,,1,0,,,,1.0,
5876,7301,1,26925.0,1029928,9,,1,0,,,,1.0,
5877,7301,1,26925.0,1029928,21,,1,0,,,,1.0,
5878,7301,1,21540.0,1029928,18,,1,0,,,,1.0,
5879,7310,1,49542.0,1029928,10,,1,0,,,,1.0,
5880,7312,1,25848.0,1029928,12,,1,0,,,,1.0,
5881,7306,1,25848.0,1029928,4,,3,0,,,,0.0,
5882,7319,1,0.0,1029928,1,,3,0,,,,0.0,
5883,7301,1,24771.0,1029928,13,,1,0,,,,1.0,
5884,7315,1,23694.0,1029928,1,,2,0,,,,1.0,
5885,7312,1,23694.0,1029928,15,,1,0,,,,1.0,
5886,7310,1,12924.0,1029928,10,,3,0,,,,0.0,
5887,7301,1,24771.0,1029928,12,,1,0,,,,1.0,
5888,7313,1,11631.6,1029928,14,,3,0,,,,0.0,
5889,7318,1,10985.4,1029928,11,,3,0,,,,0.0,
5890,7302,1,15939.599999999999,1029928,9,,3,0,,,,0.0,
5891,7316,1,14324.099999999999,1029928,8,,2,0,,,,0.0,
5892,7301,1,24771.0,1029928,11,,1,0,,,,1.0,
5893,7322,1,0.0,1029928,18,,3,0,,,,0.0,
5894,7315,1,0.0,1029928,6,,2,0,,,,0.0,
5895,7301,1,24771.0,1029928,19,,1,0,,,,1.0,
5896,7313,1,10985.4,1029928,16,,3,0,,,,0.0,
5897,7301,1,23263.2,1029928,14,,1,0,,,,1.0,
5898,7308,1,24447.899999999998,1029928,16,,3,0,,,,0.0,
5899,7306,1,3231.0,1029928,4,,3,0,,,,0.0,
5900,7310,1,0.0,1029928,12,,2,0,,,,0.0,
5901,7316,1,23263.2,1029928,24,,3,0,,,,0.0,
5902,7311,1,26925.0,1029928,9,,3,0,,,,1.0,
5903,7317,1,0.0,1029928,31,,2,0,,,,0.0,
5904,7308,1,15724.199999999999,1029928,10,,3,0,,,,0.0,
5905,7315,1,656.97,1029928,4,,3,0,,,,0.0,
5906,7303,1,0.0,1029928,7,,3,0,,,,0.0,
5907,7316,1,35541.0,1029928,13,,1,0,,,,1.0,
5908,7301,1,0.0,1029928,14,,3,0,,,,0.0,
5909,7319,1,0.0,1029928,15,,3,0,,,,0.0,
5910,7320,1,30909.899999999998,1029928,13,,3,0,,,,1.0,
5911,7309,1,0.0,1029928,28,,3,0,,,,0.0,
5912,7315,1,0.0,1029928,17,,2,0,,,,0.0,
5913,7316,1,21540.0,1029928,15,,1,0,,,,1.0,
5914,7319,1,3015.6,1029928,15,,3,0,,,,0.0,
5915,7309,1,21970.8,1029928,13,,3,0,,,,0.0,
5916,7315,1,26925.0,1029928,13,,2,0,,,,1.0,
5917,7315,1,36725.7,1029928,3,,3,0,,,,0.0,
5918,7316,1,17232.0,1029928,30,,1,0,,,,1.0,
5919,7315,1,11631.6,1029928,13,,3,0,,,,0.0,
5920,7307,1,13031.699999999999,1029928,9,,3,0,,,,0.0,
5921,7314,1,0.0,1029928,13,,3,0,,,,0.0,
5922,7319,1,72159.0,1029928,2,,3,0,,,,0.0,
5923,7322,1,0.0,1029928,14,,3,0,,,,0.0,
5924,7312,1,21540.0,1029928,17,,1,0,,,,1.0,
5925,7304,1,9154.5,1029928,1,,3,0,,,,0.0,
5926,7308,1,0.0,1029928,30,,2,0,,,,0.0,
5927,7320,1,0.0,1029928,2,,3,0,,,,0.0,
5928,7312,1,24771.0,1029928,17,,1,0,,,,1.0,
5929,7319,1,0.0,1029928,17,,3,0,,,,0.0,
5930,7314,1,15724.199999999999,1029928,5,,3,0,,,,0.0,
5931,7315,1,646.1999999999999,1029928,16,,2,0,,,,1.0,
5932,7301,1,24771.0,1029928,7,,1,0,,,,1.0,
5933,7310,1,10770.0,1029928,1,,1,0,,,,1.0,
5934,7316,1,23694.0,1029928,19,,1,0,,,,1.0,
5935,7301,1,21540.0,1029928,23,,1,0,,,,1.0,
5936,7316,1,59235.0,1029928,18,,1,0,,,,1.0,
5937,7316,1,646.1999999999999,1029928,11,,3,0,,,,0.0,
5938,7306,1,0.0,1029928,6,,3,0,,,,0.0,
5939,7302,1,64620.0,1029928,6,,3,0,,,,1.0,
5940,7301,1,3231.0,1029928,9,,3,0,,,,0.0,
5941,7316,1,49542.0,1029928,18,,1,0,,,,1.0,
5942,7316,1,33602.4,1029928,8,,1,0,,,,1.0,
5943,7316,1,0.0,1029928,11,,3,0,,,,0.0,
5944,7322,1,0.0,1029928,17,,3,0,,,,0.0,
5945,7317,1,0.0,1029928,8,,2,0,,,,0.0,
5946,7316,1,22832.399999999998,1029928,19,,1,0,,,,1.0,
5947,7310,1,6138.9,1029928,8,,1,0,,,,1.0,
5948,7319,1,17555.1,1029928,6,,3,0,,,,0.0,
5949,7303,1,0.0,1029928,13,,3,0,,,,0.0,
5950,7316,1,10985.4,1029928,11,,3,0,,,,0.0,
5951,7319,1,72159.0,1029928,12,,3,0,,,,0.0,
5952,7316,1,28002.0,1029928,16,,1,0,,,,1.0,
5953,7316,1,22617.0,1029928,30,,1,0,,,,1.0,
5954,7315,1,10479.21,1029928,16,,2,0,,,,1.0,
5955,7301,1,26925.0,1029928,10,,1,0,,,,1.0,
5956,7307,1,31771.5,1029928,14,,2,0,,,,0.0,
5957,7315,1,13677.9,1029928,9,,3,0,,,,0.0,
5958,7310,1,16155.0,1029928,34,,1,0,,,,1.0,
5959,7315,1,2003.22,1029928,12,,2,0,,,,0.0,
5960,7317,1,9693.0,1029928,18,,2,0,,,,1.0,
5961,7317,1,646.1999999999999,1029928,27,,2,0,,,,0.0,
5962,7320,1,0.0,1029928,1,,3,0,,,,0.0,
5963,7319,1,,1029928,1,,3,0,,,,0.0,
5964,7301,1,21540.0,1029928,10,,1,0,,,,1.0,
5965,7319,1,0.0,1029928,12,,3,0,,,,0.0,
5966,7309,1,21970.8,1029928,11,,3,0,,,,0.0,
5967,7312,1,21540.0,1029928,25,,1,0,,,,1.0,
5968,7309,1,2692.5,1029928,1,,2,0,,,,1.0,
5969,7316,1,15078.0,1029928,18,,3,0,,,,1.0,
5970,7310,1,0.0,1029928,11,,3,0,,,,0.0,
5971,7316,1,6462.0,1029928,4,,3,0,,,,0.0,
5972,7308,1,19816.8,1029928,12,,3,0,,,,0.0,
5973,7316,1,21001.5,1029928,65,,1,0,,,,1.0,
5974,7322,1,0.0,1029928,14,,3,0,,,,0.0,
5975,7301,1,22617.0,1029928,14,,1,0,,,,1.0,
5976,7316,1,19386.0,1029928,73,,1,0,,,,1.0,
5977,7303,1,11631.6,1029928,4,,3,0,,,,0.0,
5978,7317,1,10339.199999999999,1029928,9,,3,0,,,,0.0,
5979,7313,1,12277.8,1029928,30,,3,0,,,,0.0,
5980,7322,1,20032.2,1029928,4,,3,0,,,,1.0,
5981,7301,1,28002.0,1029928,21,,1,0,,,,1.0,
5982,7319,1,25848.0,1029928,3,,3,0,,,,0.0,
5983,7316,1,95853.0,1029928,15,,1,0,,,,1.0,
5984,7301,1,,1029928,1,,3,0,,,,0.0,
5985,7317,1,0.0,1029928,30,,3,0,,,,0.0,
5986,7306,1,23694.0,1029928,6,,2,0,,,,1.0,
5987,7301,1,21540.0,1029928,13,,1,0,,,,1.0,
5988,7318,1,8831.4,1029928,1,,3,0,,,,0.0,
5989,7302,1,0.0,1029928,10,,3,0,,,,0.0,
5990,7301,1,46849.5,1029928,204,,1,0,,,,1.0,
5991,7319,1,36618.0,1029928,9,,3,0,,,,0.0,
5992,7310,1,12924.0,1029928,6,,2,0,,,,0.0,
5993,7319,1,27786.6,1029928,3,,3,0,,,,0.0,
5994,7316,1,0.0,1029928,12,,3,0,,,,0.0,
5995,7303,1,3984.8999999999996,1029928,16,,3,0,,,,0.0,
5996,7312,1,10770.0,1029928,16,,1,0,,,,1.0,
5997,7301,1,19386.0,1029928,24,,1,0,,,,1.0,
5998,7301,1,24771.0,1029928,6,,1,0,,,,1.0,
5999,7301,1,22617.0,1029928,15,,1,0,,,,1.0,
6000,7322,1,0.0,1029928,14,,3,0,,,,0.0,
6001,7315,1,15939.599999999999,1029928,1,,3,0,,,,0.0,
6002,7301,1,25417.2,1029928,20,,1,0,,,,1.0,
6003,7319,1,0.0,1029928,5,,3,0,,,,0.0,
6004,7319,1,36618.0,1029928,3,,3,0,,,,0.0,
6005,7310,1,0.0,1029928,9,,2,0,,,,0.0,
6006,7315,1,7539.0,1029928,19,,2,0,,,,1.0,
6007,7312,1,11631.6,1029928,11,,3,0,,,,0.0,
6008,7301,1,22617.0,1029928,21,,1,0,,,,1.0,
6009,7317,1,2154.0,1029928,42,,3,0,,,,0.0,
6010,7310,1,0.0,1029928,14,,3,0,,,,0.0,
6011,7301,1,,1029928,1,,3,0,,,,0.0,
6012,7314,1,19709.1,1029928,13,,3,0,,,,0.0,
6013,7316,1,0.0,1029928,24,,3,0,,,,0.0,
6014,7313,1,0.0,1029928,12,,3,0,,,,0.0,
6015,7310,1,15078.0,1029928,10,,1,0,,,,1.0,
6016,7316,1,0.0,1029928,9,,3,0,,,,0.0,
6017,7301,1,28002.0,1029928,8,,1,0,,,,1.0,
6018,7303,1,21970.8,1029928,7,,3,0,,,,0.0,
6019,7319,1,22186.2,1029928,12,,2,0,,,,1.0,
6020,7316,1,0.0,1029928,13,,3,0,,,,0.0,
6021,7301,1,21540.0,1029928,11,,1,0,,,,1.0,
6022,7301,1,22617.0,1029928,14,,1,0,,,,1.0,
6023,7321,1,32.31,1029928,1,,3,0,,,,0.0,
6024,7313,1,0.0,1029928,12,,3,0,,,,0.0,
6025,7310,1,32417.699999999997,1029928,2,,3,0,,,,0.0,
6026,7316,1,18847.5,1029928,14,,1,0,,,,1.0,
6027,7313,1,0.0,1029928,10,,3,0,,,,0.0,
6028,7301,1,23694.0,1029928,11,,1,0,,,,1.0,
6029,7319,1,0.0,1029928,1,,3,0,,,,0.0,
6030,7301,1,0.0,1029928,2,,3,0,,,,0.0,
6031,7312,1,20893.8,1029928,19,,1,0,,,,1.0,
6032,7320,1,32740.8,1029928,2,,3,0,,,,0.0,
6033,7320,1,49218.9,1029928,2,,3,0,,,,0.0,
6034,7315,1,13570.199999999999,1029928,2,,3,0,,,,0.0,
6035,7318,1,8077.5,1029928,3,,3,0,,,,0.0,
6036,7315,1,2154.0,1029928,17,,2,0,,,,1.0,
6037,7318,1,6462.0,1029928,3,,3,0,,,,0.0,
6038,7302,1,538.5,1029928,18,,3,0,,,,0.0,
6039,7306,1,24447.899999999998,1029928,4,,3,0,,,,0.0,
6040,7314,1,32.31,1029928,3,,3,0,,,,0.0,
6041,7313,1,26386.5,1029928,42,,3,0,,,,0.0,
6042,7303,1,29294.399999999998,1029928,16,,3,0,,,,0.0,
6043,7301,1,60312.0,1029928,17,,1,0,,,,1.0,
6044,7315,1,37371.9,1029928,2,,2,0,,,,0.0,
6045,7301,1,25848.0,1029928,15,,1,0,,,,1.0,
6046,7307,1,0.0,1029928,13,,3,0,,,,0.0,
6047,7317,1,12924.0,1029928,11,,3,0,,,,0.0,
6048,7306,1,37048.799999999996,1029928,11,,3,0,,,,0.0,
6049,7319,1,3984.8999999999996,1029928,17,,3,0,,,,0.0,
6050,7319,1,0.0,1029928,14,,3,0,,,,0.0,
6051,7316,1,6462.0,1029928,2,,3,0,,,,1.0,
6052,7301,1,24771.0,1029928,6,,1,0,,,,1.0,
6053,7322,1,0.0,1029928,2,,3,0,,,,0.0,
6054,7301,1,21540.0,1029928,12,,1,0,,,,1.0,
6055,7317,1,3769.5,1029928,2,,3,0,,,,0.0,
6056,7315,1,8831.4,1029928,23,,3,0,,,,0.0,
6057,7301,1,21540.0,1029928,9,,1,0,,,,1.0,
6058,7309,1,0.0,1029928,12,,3,0,,,,0.0,
6059,7301,1,21540.0,1029928,22,,1,0,,,,1.0,
6060,7301,1,11847.0,1029928,14,,3,0,,,,1.0,
6061,7302,1,96.92999999999999,1029928,1,,2,0,,,,1.0,
6062,7319,1,11093.1,1029928,11,,3,0,,,,0.0,
6063,7310,1,5169.599999999999,1029928,21,,1,0,,,,1.0,
6064,7310,1,23694.0,1029928,9,,1,0,,,,1.0,
6065,7320,1,,1029928,2,,3,0,,,,0.0,
6066,7302,1,0.0,1029928,15,,3,0,,,,0.0,
6067,7310,1,5815.8,1029928,7,,2,0,,,,0.0,
6068,7322,1,70005.0,1029928,15,,3,0,,,,1.0,
6069,7322,1,0.0,1029928,17,,3,0,,,,0.0,
6070,7321,1,21970.8,1029928,1,,3,0,,,,0.0,
6071,7319,1,0.0,1029928,13,,3,0,,,,0.0,
6072,7315,1,10770.0,1029928,3,,2,0,,,,0.0,
6073,7317,1,18093.6,1029928,30,,2,0,,,,0.0,
6074,7312,1,23694.0,1029928,2,,1,0,,,,1.0,
6075,7308,1,23263.2,1029928,13,,3,0,,,,0.0,
6076,7316,1,15939.599999999999,1029928,5,,3,0,,,,0.0,
6077,7302,1,2584.7999999999997,1029928,1,,3,0,,,,0.0,
6078,7313,1,11631.6,1029928,9,,3,0,,,,0.0,
6079,7316,1,10985.4,1029928,9,,3,0,,,,0.0,
6080,7312,1,14001.0,1029928,20,,1,0,,,,1.0,
6081,7315,1,1077.0,1029928,13,,2,0,,,,1.0,
6082,7303,1,6462.0,1029928,29,,3,0,,,,0.0,
6083,7319,1,0.0,1029928,1,,3,0,,,,0.0,
6084,7301,1,21540.0,1029928,15,,1,0,,,,1.0,
6085,7316,1,0.0,1029928,19,,3,0,,,,0.0,
6086,7321,1,1830.8999999999999,1029928,12,,3,0,,,,0.0,
6087,7305,1,107.69999999999999,1029928,3,,3,0,,,,0.0,
6088,7310,1,29079.0,1029928,18,,1,0,,,,1.0,
6089,7313,1,21324.6,1029928,9,,3,0,,,,0.0,
6090,7302,1,0.0,1029928,20,,3,0,,,,0.0,
6091,7310,1,3231.0,1029928,6,,2,0,,,,0.0,
6092,7308,1,0.0,1029928,14,,3,0,,,,0.0,
6093,7316,1,36187.2,1029928,10,,1,0,,,,1.0,
6094,7301,1,10770.0,1029928,24,,1,0,,,,1.0,
6095,7316,1,29725.199999999997,1029928,14,,1,0,,,,1.0,
6096,7310,1,20463.0,1029928,29,,1,0,,,,1.0,
6097,7322,1,3984.8999999999996,1029928,16,,3,0,,,,0.0,
6098,7312,1,23694.0,1029928,19,,1,0,,,,1.0,
6099,7310,1,21540.0,1029928,16,,1,0,,,,1.0,
6100,7316,1,18309.0,1029928,13,,1,0,,,,1.0,
6101,7312,1,23694.0,1029928,2,,1,0,,,,1.0,
6102,7322,1,0.0,1029928,12,,3,0,,,,0.0,
6103,7316,1,21540.0,1029928,34,,1,0,,,,1.0,
6104,7314,1,0.0,1029928,14,,3,0,,,,0.0,
6105,7316,1,166935.0,1029928,18,,1,0,,,,1.0,
6106,7301,1,25848.0,1029928,18,,3,0,,,,1.0,
6107,7313,1,0.0,1029928,25,,2,0,,,,0.0,
6108,7310,1,24771.0,1029928,23,,1,0,,,,1.0,
6109,7322,1,0.0,1029928,10,,3,0,,,,0.0,
6110,7310,1,10770.0,1029928,1,,1,0,,,,1.0,
6111,7315,1,12924.0,1029928,15,,2,0,,,,0.0,
6112,7315,1,36725.7,1029928,61,,3,0,,,,0.0,
6113,7316,1,0.0,1029928,11,,3,0,,,,0.0,
6114,7312,1,29079.0,1029928,20,,1,0,,,,1.0,
6115,7310,1,68928.0,1029928,2,,1,0,,,,1.0,
6116,7312,1,22186.2,1029928,2,,1,0,,,,1.0,
6117,7312,1,5169.599999999999,1029928,19,,1,0,,,,1.0,
6118,7307,1,0.0,1029928,13,,3,0,,,,0.0,
6119,7313,1,0.0,1029928,12,,3,0,,,,0.0,
6120,7318,1,51696.0,1029928,3,,3,0,,,,0.0,
6121,7306,1,16801.2,1029928,4,,3,0,,,,0.0,
6122,7315,1,10479.21,1029928,13,,2,0,,,,1.0,
6123,7310,1,2692.5,1029928,4,,2,0,,,,1.0,
6124,7302,1,-2584.7999999999997,1029928,18,,3,0,,,,0.0,
6125,7315,1,5492.7,1029928,7,,2,0,,,,0.0,
6126,7310,1,5385.0,1029928,12,,2,0,,,,1.0,
6127,7322,1,11093.1,1029928,15,,3,0,,,,0.0,
6128,7318,1,25848.0,1029928,2,,3,0,,,,0.0,
6129,7305,1,0.0,1029928,6,,2,0,,,,0.0,
6130,7322,1,35002.5,1029928,13,,3,0,,,,1.0,
6131,7318,1,0.0,1029928,13,,3,0,,,,0.0,
6132,7317,1,1184.7,1029928,11,,2,0,,,,0.0,
6133,7316,1,10985.4,1029928,9,,3,0,,,,0.0,
6134,7312,1,25848.0,1029928,4,,1,0,,,,1.0,
6135,7305,1,0.0,1029928,11,,3,0,,,,0.0,
6136,7319,1,25848.0,1029928,4,,3,0,,,,0.0,
6137,7301,1,16155.0,1029928,20,,1,0,,,,1.0,
6138,7309,1,0.0,1029928,11,,3,0,,,,0.0,
6139,7310,1,5385.0,1029928,9,,1,0,,,,1.0,
6140,7315,1,26925.0,1029928,14,,2,0,,,,1.0,
6141,7312,1,0.0,1029928,5,,3,0,,,,0.0,
6142,7321,1,0.0,1029928,12,,3,0,,,,0.0,
6143,7313,1,12924.0,1029928,3,,3,0,,,,0.0,
6144,7301,1,23694.0,1029928,15,,1,0,,,,1.0,
6145,7314,1,4523.4,1029928,3,,3,0,,,,0.0,
6146,7318,1,12924.0,1029928,27,,3,0,,,,0.0,
6147,7322,1,0.0,1029928,16,,3,0,,,,0.0,
6148,7316,1,0.0,1029928,13,,3,0,,,,0.0,
6149,7316,1,26925.0,1029928,39,,3,0,,,,0.0,
6150,7310,1,33387.0,1029928,6,,1,0,,,,1.0,
6151,7310,1,34464.0,1029928,10,,1,0,,,,1.0,
6152,7308,1,21540.0,1029928,2,,3,0,,,,0.0,
6153,7322,1,0.0,1029928,15,,3,0,,,,0.0,
6154,7317,1,19493.7,1029928,9,,3,0,,,,0.0,
6155,7321,1,41356.799999999996,1029928,17,,1,0,,,,1.0,
6156,7301,1,20463.0,1029928,18,,1,0,,,,1.0,
6157,7318,1,0.0,1029928,4,,3,0,,,,0.0,
6158,7303,1,0.0,1029928,16,,3,0,,,,0.0,
6159,7316,1,17878.2,1029928,15,,3,0,,,,0.0,
6160,7316,1,53850.0,1029928,28,,1,0,,,,1.0,
6161,7312,1,18309.0,1029928,12,,1,0,,,,1.0,
6162,7315,1,3769.5,1029928,5,,2,0,,,,0.0,
6163,7316,1,0.0,1029928,9,,3,0,,,,0.0,
6164,7320,1,0.0,1029928,19,,3,0,,,,0.0,
6165,7302,1,15939.599999999999,1029928,1,,3,0,,,,0.0,
6166,7301,1,23694.0,1029928,22,,1,0,,,,1.0,
6167,7309,1,15508.8,1029928,13,,3,0,,,,0.0,
6168,7303,1,39418.2,1029928,15,,3,0,,,,0.0,
6169,7318,1,11631.6,1029928,3,,3,0,,,,0.0,
6170,7322,1,0.0,1029928,2,,3,0,,,,0.0,
6171,7317,1,3338.7,1029928,27,,2,0,,,,1.0,
6172,7301,1,26925.0,1029928,18,,1,0,,,,1.0,
6173,7321,1,20893.8,1029928,11,,3,0,,,,0.0,
6174,7312,1,25848.0,1029928,17,,1,0,,,,1.0,
6175,7312,1,538.5,1029928,24,,3,0,,,,0.0,
6176,7301,1,26925.0,1029928,13,,1,0,,,,1.0,
6177,7301,1,26935.77,1029928,5,,1,0,,,,1.0,
6178,7316,1,64620.0,1029928,13,,1,0,,,,1.0,
6179,7314,1,16801.2,1029928,12,,3,0,,,,0.0,
6180,7313,1,13354.8,1029928,26,,3,0,,,,0.0,
6181,7322,1,70005.0,1029928,1,,3,0,,,,1.0,
6182,7301,1,21540.0,1029928,24,,1,0,,,,1.0,
6183,7301,1,5169.599999999999,1029928,17,,1,0,,,,1.0,
6184,7314,1,9369.9,1029928,12,,3,0,,,,0.0,
6185,7305,1,0.0,1029928,8,,2,0,,,,0.0,
6186,7303,1,0.0,1029928,16,,3,0,,,,0.0,
6187,7320,1,6462.0,1029928,1,,3,0,,,,0.0,
6188,7301,1,16155.0,1029928,15,,1,0,,,,1.0,
6189,7301,1,19386.0,1029928,20,,1,0,,,,1.0,
6190,7316,1,20463.0,1029928,35,,1,0,,,,1.0,
6191,7315,1,,1029928,15,,3,0,,,,0.0,
6192,7316,1,21647.7,1029928,8,,1,0,,,,1.0,
6193,7313,1,32740.8,1029928,9,,3,0,,,,0.0,
6194,7302,1,3231.0,1029928,23,,3,0,,,,0.0,
6195,7312,1,23694.0,1029928,1,,1,0,,,,1.0,
6196,7307,1,0.0,1029928,2,,3,0,,,,0.0,
6197,7315,1,0.0,1029928,14,,2,0,,,,0.0,
6198,7315,1,0.0,1029928,22,,3,0,,,,0.0,
6199,7313,1,14216.4,1029928,25,,3,0,,,,0.0,
6200,7301,1,10770.0,1029928,20,,1,0,,,,1.0,
6201,7319,1,0.0,1029928,3,,3,0,,,,0.0,
6202,7310,1,22617.0,1029928,10,,1,0,,,,1.0,
6203,7313,1,15293.4,1029928,7,,3,0,,,,0.0,
6204,7306,1,3231.0,1029928,5,,3,0,,,,0.0,
6205,7319,1,,1029928,13,,3,0,,,,0.0,
6206,7322,1,0.0,1029928,14,,2,0,,,,0.0,
6207,7322,1,980.0699999999999,1029928,15,,3,0,,,,1.0,
6208,7301,1,904.68,1029928,4,,3,0,,,,0.0,
6209,7321,1,107915.4,1029928,3,,3,0,,,,1.0,
6210,7316,1,0.0,1029928,9,,3,0,,,,0.0,
6211,7310,1,21540.0,1029928,21,,1,0,,,,1.0,
6212,7319,1,0.0,1029928,11,,3,0,,,,0.0,
6213,7320,1,,1029928,2,,3,0,,,,0.0,
6214,7310,1,8616.0,1029928,9,,3,0,,,,1.0,
6215,7320,1,0.0,1029928,2,,3,0,,,,0.0,
6216,7310,1,60312.0,1029928,10,,1,0,,,,1.0,
6217,7310,1,10770.0,1029928,19,,1,0,,,,1.0,
6218,7315,1,34356.299999999996,1029928,3,,3,0,,,,0.0,
6219,7315,1,247.70999999999998,1029928,8,,2,0,,,,0.0,
6220,7312,1,538.5,1029928,17,,3,0,,,,0.0,
6221,7317,1,0.0,1029928,10,,3,0,,,,0.0,
6222,7318,1,26925.0,1029928,5,,3,0,,,,0.0,
6223,7321,1,15939.599999999999,1029928,3,,3,0,,,,0.0,
6224,7312,1,18309.0,1029928,17,,1,0,,,,1.0,
6225,7319,1,0.0,1029928,1,,3,0,,,,0.0,
6226,7310,1,37695.0,1029928,3,,1,0,,,,1.0,
6227,7319,1,12924.0,1029928,9,,3,0,,,,0.0,
6228,7303,1,37371.9,1029928,21,,2,0,,,,0.0,
6229,7301,1,28002.0,1029928,20,,1,0,,,,1.0,
6230,7301,1,40387.5,1029928,4,,3,0,,,,1.0,
6231,7313,1,0.0,1029928,2,,3,0,,,,0.0,
6232,7301,1,24771.0,1029928,12,,1,0,,,,1.0,
6233,7310,1,11631.6,1029928,2,,3,0,,,,0.0,
6234,7316,1,0.0,1029928,9,,3,0,,,,0.0,
6235,7316,1,30156.0,1029928,1,,3,0,,,,1.0,
6236,7313,1,0.0,1029928,14,,3,0,,,,0.0,
6237,7310,1,3231.0,1029928,1,,1,0,,,,1.0,
6238,7313,1,538.5,1029928,26,,3,0,,,,0.0,
6239,7308,1,12170.1,1029928,3,,3,0,,,,0.0,
6240,7315,1,1184.7,1029928,4,,2,0,,,,0.0,
6241,7310,1,21540.0,1029928,22,,1,0,,,,1.0,
6242,7310,1,0.0,1029928,3,,3,0,,,,0.0,
6243,7316,1,19386.0,1029928,65,,1,0,,,,1.0,
6244,7319,1,0.0,1029928,14,,3,0,,,,0.0,
6245,7302,1,5385.0,1029928,28,,3,0,,,,0.0,
6246,7301,1,5169.599999999999,1029928,19,,1,0,,,,1.0,
6247,7317,1,538.5,1029928,30,,2,0,,,,0.0,
6248,7315,1,4846.5,1029928,2,,2,0,,,,0.0,
6249,7316,1,32740.8,1029928,4,,3,0,,,,0.0,
