HHID,PUMA,NP,HHADJINC,WGTP,HHT
1,7305,4,65659.425,117,1.0
2,7311,4,304962.7755,94,1.0
3,7308,3,66265.512,85,3.0
4,7310,1,39395.655,59,4.0
5,7313,3,75760.875,116,1.0
6,7301,2,41314.9305,136,3.0
7,7312,2,77377.107,64,1.0
8,7318,2,50305.221,30,2.0
9,7309,2,304558.7175,96,1.0
10,7310,5,157582.62,152,1.0
11,7307,1,4848.696,64,4.0
12,7318,4,134349.285,56,2.0
13,7321,1,136369.575,75,4.0
14,7316,4,27273.915,124,1.0
15,7301,4,159602.91,62,1.0
16,7313,1,10808.5515,117,6.0
17,7306,1,16162.32,76,4.0
18,7313,3,76366.962,89,1.0
19,7313,3,95963.775,162,1.0
20,7310,2,169704.36,106,1.0
21,7321,2,35759.133,56,3.0
22,7314,2,151521.75,58,1.0
23,7313,1,22223.19,472,4.0
24,7316,1,46062.612,46,4.0
25,7321,3,18182.61,102,1.0
26,7302,2,5252.754,50,1.0
27,7308,5,152834.9385,51,1.0
28,7301,4,8081.16,91,3.0
29,7317,1,36031.87215,93,4.0
30,7305,2,33536.814,110,1.0
31,7312,1,57780.294,123,4.0
32,7310,3,130763.27025,27,1.0
33,7314,4,171320.592,73,7.0
34,7319,4,114853.4865,46,1.0
35,7313,6,101014.5,37,1.0
36,7322,1,40405.8,88,4.0
37,7318,1,40304.7855,56,6.0
38,7306,9,74750.73,83,1.0
39,7314,4,4848.696,62,1.0
40,7314,2,22223.19,138,2.0
41,7320,2,-1111.1595,52,1.0
42,7310,1,65962.4685,112,6.0
43,7313,2,50002.1775,28,1.0
44,7310,2,118186.965,104,1.0
45,7319,3,282163.80285,52,1.0
46,7301,1,21213.045,315,6.0
47,7313,1,19798.842,58,6.0
48,7313,5,223747.1175,53,1.0
49,7309,4,159602.91,64,1.0
50,7318,2,59901.5985,138,1.0
51,7304,2,55861.0185,106,3.0
52,7314,2,152996.5617,77,1.0
53,7317,4,67679.715,76,1.0
54,7322,1,36062.1765,48,4.0
55,7312,4,32930.727,446,1.0
56,7302,1,65659.425,80,4.0
57,7314,1,106873.341,55,6.0
58,7305,1,18182.61,143,4.0
59,7301,1,25152.6105,163,6.0
60,7306,2,222231.9,38,1.0
61,7314,1,136369.575,85,4.0
62,7320,2,98994.21,41,3.0
63,7303,2,85862.325,46,1.0
64,7311,3,239404.365,72,1.0
65,7313,2,60608.7,119,3.0
66,7302,1,60608.7,182,4.0
67,7321,3,55557.975,183,2.0
68,7303,1,23758.6104,52,6.0
69,7307,2,82023.774,58,1.0
70,7304,2,115560.588,87,1.0
71,7301,5,196978.275,158,1.0
72,7316,2,43436.235,376,7.0
73,7314,6,419210.175,110,1.0
74,7316,2,157582.62,90,1.0
75,7314,2,54042.7575,66,1.0
76,7319,1,11616.6675,70,4.0
77,7319,2,28183.0455,201,1.0
78,7309,4,74952.759,60,1.0
79,7310,2,820662.0009,61,1.0
80,7317,2,80205.513,107,1.0
81,7311,3,265668.135,135,1.0
82,7316,2,645987.7275,69,1.0
83,7309,1,101014.5,303,6.0
84,7308,5,82831.89,67,1.0
85,7306,5,61093.5696,365,1.0
86,7308,2,237384.075,45,1.0
87,7307,1,59699.5695,61,4.0
88,7317,4,95458.7025,76,3.0
89,7322,2,37375.365,126,1.0
90,7310,1,40405.8,88,4.0
91,7314,6,116974.791,56,1.0
92,7315,2,110408.8485,57,1.0
93,7317,1,14142.03,179,6.0
94,7316,1,80811.6,118,6.0
95,7310,4,125055.951,50,1.0
96,7317,1,149400.4455,72,4.0
97,7315,4,177785.52,61,1.0
98,7309,1,206069.58,55,4.0
99,7306,4,68689.86,46,1.0
100,7317,1,62527.9755,59,4.0
101,7316,2,43436.235,117,1.0
102,7309,1,53073.0183,47,6.0
103,7315,3,105863.196,252,1.0
104,7309,4,107075.37,49,1.0
105,7303,3,169098.273,69,1.0
106,7301,2,24243.48,74,2.0
107,7302,3,172936.824,72,1.0
108,7308,1,250616.9745,105,4.0
109,7316,1,89296.818,54,6.0
110,7304,2,84246.093,187,1.0
111,7322,7,141046.54635,63,1.0
112,7304,2,153542.04,131,7.0
113,7309,3,104044.935,281,1.0
114,7320,7,149501.46,168,1.0
115,7307,1,45355.5105,59,4.0
116,7315,2,10303.479,84,1.0
117,7301,1,55557.975,113,6.0
118,7321,5,55760.004,296,1.0
119,7313,1,21617.103,64,4.0
120,7309,2,113540.298,131,7.0
121,7310,4,303043.5,54,1.0
122,7319,2,94953.63,53,1.0
123,7314,3,41617.974,353,2.0
124,7306,2,78791.31,62,1.0
125,7310,1,1212.174,240,6.0
126,7314,3,264253.932,67,1.0
127,7313,1,131116.821,144,6.0
128,7306,3,178088.5635,102,3.0
129,7321,3,135561.459,61,1.0
130,7302,5,207079.725,15,3.0
131,7314,5,116166.675,61,1.0
132,7322,4,46668.699,62,1.0
133,7314,2,209100.015,52,1.0
134,7316,1,0.0,195,6.0
135,7310,4,227282.625,39,1.0
136,7309,4,234353.64,53,1.0
137,7309,3,86367.3975,78,3.0
138,7304,2,193947.84,154,1.0
139,7317,1,4444.638,61,4.0
140,7301,3,86367.3975,115,1.0
141,7310,2,104246.964,112,5.0
142,7311,5,220211.61,90,1.0
143,7311,5,411533.073,31,1.0
144,7305,2,42224.061,58,1.0
145,7303,2,151319.721,69,1.0
146,7319,7,40759.35075,94,1.0
147,7303,5,85862.325,106,1.0
148,7306,5,64810.9032,40,1.0
149,7315,1,55557.975,63,4.0
150,7313,2,18283.6245,52,3.0
151,7319,5,235565.814,70,1.0
152,7316,1,50507.25,42,4.0
153,7312,1,70710.15,51,6.0
154,7310,4,270718.86,104,2.0
155,7309,1,57376.236,63,6.0
156,7319,3,172734.795,91,2.0
157,7310,2,101317.5435,84,1.0
158,7302,1,47274.786,16,4.0
159,7316,1,101014.5,127,6.0
160,7310,4,62628.99,240,1.0
161,7317,1,34344.93,80,4.0
162,7322,2,41415.945,112,1.0
163,7312,6,26162.7555,35,7.0
164,7302,3,175361.172,70,1.0
165,7312,2,185866.68,191,7.0
166,7314,1,1414.203,123,6.0
167,7316,1,20101.8855,43,6.0
168,7314,1,79801.455,87,6.0
169,7319,3,131318.85,44,1.0
170,7310,2,25253.625,221,1.0
171,7310,3,393956.55,47,1.0
172,7312,4,58588.41,108,1.0
173,7308,3,106065.225,73,1.0
174,7318,3,175361.172,57,3.0
175,7312,1,60608.7,57,4.0
176,7312,8,127480.299,92,2.0
177,7305,1,111115.95,104,4.0
178,7316,2,369309.012,43,1.0
179,7314,1,0.0,83,6.0
180,7320,4,128995.5165,432,1.0
181,7316,1,104044.935,57,4.0
182,7307,1,25253.625,55,6.0
183,7302,2,144450.735,48,1.0
184,7320,5,130308.705,234,1.0
185,7310,3,218797.407,65,1.0
186,7315,4,285871.035,304,1.0
187,7306,2,17879.5665,317,7.0
188,7318,3,102731.7465,62,1.0
189,7305,1,12121.74,54,6.0
190,7304,1,211120.305,88,4.0
191,7317,1,54547.83,86,6.0
192,7313,2,43335.2205,34,7.0
193,7310,2,184250.448,29,1.0
194,7306,1,21314.0595,64,4.0
195,7308,1,308094.225,64,6.0
196,7320,1,110913.921,802,4.0
197,7303,3,202029.0,61,2.0
198,7310,1,101014.5,175,4.0
199,7309,2,191927.55,144,1.0
200,7313,4,108085.515,35,1.0
201,7313,3,196978.275,46,1.0
202,7310,3,188897.115,39,1.0
203,7322,4,155057.2575,69,2.0
204,7318,2,42628.119,29,1.0
205,7301,3,55658.9895,257,1.0
206,7316,4,458100.7575,52,1.0
207,7316,2,125257.98,81,1.0
208,7317,5,68386.8165,50,3.0
209,7304,3,128995.5165,101,7.0
210,7310,4,85862.325,53,1.0
211,7310,2,279810.165,31,1.0
212,7313,4,168795.2295,30,1.0
213,7316,2,22223.19,213,3.0
214,7319,3,115560.588,110,1.0
215,7316,3,62628.99,48,1.0
216,7309,2,270718.86,48,7.0
217,7303,1,12525.798,71,4.0
218,7314,2,149501.46,57,1.0
219,7315,5,113540.298,103,1.0
220,7309,4,775791.36,78,1.0
221,7314,3,506082.645,48,1.0
222,7302,2,60608.7,54,1.0
223,7317,1,67275.657,67,6.0
224,7311,1,46567.6845,48,4.0
225,7315,3,166673.925,59,1.0
226,7318,1,12626.8125,32,6.0
227,7301,2,45254.496,35,1.0
228,7302,2,72528.411,107,1.0
229,7314,2,91822.1805,62,1.0
230,7317,2,260920.4535,65,1.0
231,7314,2,168694.215,84,5.0
232,7304,2,166976.9685,105,1.0
233,7309,2,268698.57,62,1.0
234,7319,3,236777.988,48,1.0
235,7308,5,414159.45,46,1.0
236,7310,3,212130.45,50,1.0
237,7302,2,45456.525,19,1.0
238,7303,2,60709.7145,50,1.0
239,7301,5,40405.8,140,1.0
240,7307,4,101519.5725,187,3.0
241,7316,1,11111.595,131,4.0
242,7317,4,84751.1655,139,1.0
243,7310,4,586894.245,66,1.0
244,7315,2,18182.61,74,1.0
245,7302,5,59598.555,112,1.0
246,7301,3,122732.6175,77,3.0
247,7302,2,277789.875,61,1.0
248,7307,2,136369.575,247,1.0
249,7305,5,81821.745,257,1.0
250,7306,2,79397.397,81,1.0
251,7310,2,135359.43,40,1.0
252,7309,5,201523.9275,53,1.0
253,7318,4,96973.92,38,1.0
254,7319,1,176775.375,195,6.0
255,7322,5,73033.4835,77,1.0
256,7320,2,146471.025,269,1.0
257,7302,1,72730.44,96,6.0
258,7321,3,88387.6875,52,2.0
259,7308,5,36365.22,50,1.0
260,7322,1,13232.8995,63,6.0
261,7308,1,76973.049,36,4.0
262,7318,1,45456.525,35,4.0
263,7313,4,80811.6,39,1.0
264,7313,4,30304.35,93,1.0
265,7306,1,55557.975,56,4.0
266,7303,2,25253.625,138,2.0
267,7322,2,41617.974,153,1.0
268,7301,1,10101.45,97,6.0
269,7316,2,58588.41,28,1.0
270,7311,4,186876.825,115,1.0
271,7322,2,17172.465,142,1.0
272,7301,4,159501.8955,107,1.0
273,7304,6,204756.3915,53,1.0
274,7301,1,57174.207,63,4.0
275,7311,2,625582.7985,80,1.0
276,7305,4,181826.1,111,1.0
277,7314,2,65457.396,61,1.0
278,7311,4,224312.7987,111,1.0
279,7312,1,0.0,74,4.0
280,7309,1,91317.108,173,6.0
281,7322,5,35355.075,78,1.0
282,7304,2,35355.075,59,1.0
283,7313,2,179805.81,48,1.0
284,7313,2,181826.1,77,1.0
285,7310,2,350621.3295,72,1.0
286,7310,2,63740.1495,171,1.0
287,7311,3,166673.925,163,2.0
288,7317,1,1111.1595,102,6.0
289,7309,2,147077.112,64,1.0
290,7305,4,352540.605,357,2.0
291,7303,5,124247.835,352,2.0
292,7315,1,10101.45,178,6.0
293,7312,1,93034.3545,62,6.0
294,7303,1,136369.575,131,4.0
295,7322,3,624168.5955,49,1.0
296,7319,4,172734.795,168,1.0
297,7314,2,121217.4,92,1.0
298,7301,3,12121.74,168,3.0
299,7308,1,108287.544,117,4.0
300,7304,2,151521.75,78,1.0
301,7301,5,107681.457,85,1.0
302,7310,2,223242.045,52,1.0
303,7301,1,26667.828,104,6.0
304,7311,2,136369.575,149,5.0
305,7310,1,114146.385,110,4.0
306,7322,2,81215.658,50,1.0
307,7321,1,11818.6965,35,6.0
308,7316,2,176775.375,117,5.0
309,7302,2,86367.3975,50,1.0
310,7302,3,192129.579,85,1.0
311,7306,3,27475.944,74,3.0
312,7307,2,30758.91525,91,1.0
313,7309,4,319205.82,285,1.0
314,7309,2,705081.21,114,1.0
315,7301,2,67376.6715,67,3.0
316,7306,2,92832.3255,75,1.0
317,7304,1,36264.2055,69,4.0
318,7314,3,367692.78,131,1.0
319,7316,3,28890.147,96,3.0
320,7316,1,65659.425,245,6.0
321,7316,2,60608.7,164,1.0
322,7310,2,65659.425,142,3.0
323,7317,4,45456.525,135,1.0
324,7308,4,314155.095,71,1.0
325,7316,1,40607.829,84,6.0
326,7306,2,175664.2155,32,1.0
327,7316,1,132227.9805,119,4.0
328,7302,2,18384.639,39,1.0
329,7301,3,50204.2065,92,3.0
330,7310,2,187078.854,26,1.0
331,7313,1,33132.756,56,4.0
332,7316,1,136369.575,141,4.0
333,7309,2,120207.255,50,1.0
334,7307,2,47476.815,122,7.0
335,7316,1,69700.005,264,4.0
336,7320,2,114146.385,243,1.0
337,7307,4,91014.0645,59,1.0
338,7312,4,29496.234,60,5.0
339,7316,1,106065.225,110,4.0
340,7310,4,513153.66,84,1.0
341,7317,2,37779.423,349,1.0
342,7309,1,202029.0,45,4.0
343,7305,4,54951.888,61,1.0
344,7301,2,113136.24,98,1.0
345,7315,5,57578.265,292,1.0
346,7305,3,106065.225,65,1.0
347,7315,3,36365.22,375,1.0
348,7318,1,30304.35,51,6.0
349,7314,4,209908.131,48,1.0
350,7309,2,224050.161,64,1.0
351,7308,3,133339.14,47,1.0
352,7321,2,69700.005,79,1.0
353,7307,5,109095.66,46,1.0
354,7305,3,88892.76,50,3.0
355,7321,4,160411.026,156,1.0
356,7305,2,116166.675,53,5.0
357,7312,2,174755.085,31,1.0
358,7314,2,24748.5525,56,5.0
359,7306,2,42426.09,36,7.0
360,7308,3,183341.3175,57,1.0
361,7320,2,58588.41,53,3.0
362,7315,3,405472.203,130,1.0
363,7322,4,93539.427,77,1.0
364,7310,1,151521.75,213,6.0
365,7318,2,71720.295,370,2.0
366,7314,2,383754.0855,318,1.0
367,7305,2,47678.844,94,1.0
368,7317,2,100913.4855,50,5.0
369,7302,3,218191.32,132,1.0
370,7314,4,85256.238,52,3.0
371,7319,2,24243.48,50,3.0
372,7316,3,61618.845,80,1.0
373,7302,1,36769.278,126,6.0
374,7301,2,111115.95,91,1.0
375,7304,2,62790.6132,201,1.0
376,7301,2,67275.657,67,3.0
377,7319,4,60608.7,90,1.0
378,7303,1,47072.757,338,6.0
379,7321,2,59598.555,64,1.0
380,7309,3,142430.445,54,1.0
381,7317,2,36365.22,66,1.0
382,7316,1,10101.45,92,4.0
383,7314,2,29092.176,59,1.0
384,7314,2,97074.9345,47,1.0
385,7306,1,20606.958,60,6.0
386,7316,1,75659.8605,76,6.0
387,7316,1,63639.135,196,6.0
388,7314,6,48992.0325,296,1.0
389,7309,3,40910.8725,94,3.0
390,7310,2,75659.8605,60,3.0
391,7321,7,121217.4,109,1.0
392,7313,4,225262.335,94,3.0
393,7321,2,87882.615,86,7.0
394,7317,2,69184.83105,49,7.0
395,7322,3,99499.2825,52,1.0
396,7316,1,404765.1015,42,4.0
397,7317,2,615582.363,67,1.0
398,7301,2,175765.23,74,1.0
399,7308,4,283547.7015,43,1.0
400,7318,5,80811.6,241,3.0
401,7312,1,131318.85,74,6.0
402,7313,1,55557.975,52,6.0
403,7320,2,277789.875,168,1.0
404,7315,2,94347.543,127,7.0
405,7320,2,165663.78,80,3.0
406,7317,4,290921.76,297,1.0
407,7306,2,61113.7725,61,7.0
408,7319,5,124247.835,83,1.0
409,7316,2,707505.558,60,1.0
410,7302,2,88892.76,87,1.0
411,7316,2,36365.22,84,1.0
412,7321,5,67275.657,59,3.0
413,7314,2,57982.323,326,1.0
414,7321,2,227282.625,67,1.0
415,7314,3,127783.3425,67,1.0
416,7319,2,15758.262,433,5.0
417,7315,1,114045.3705,119,4.0
418,7305,2,178795.665,104,1.0
419,7314,2,55658.9895,60,1.0
420,7310,2,90933.2529,92,5.0
421,7310,1,54345.801,98,4.0
422,7313,5,141723.3435,97,3.0
423,7322,2,12525.798,129,1.0
424,7301,3,116166.675,73,1.0
425,7304,5,34951.017,407,3.0
426,7317,2,46769.7135,53,3.0
427,7304,3,331024.5165,68,1.0
428,7301,1,162431.316,69,4.0
429,7301,2,224252.19,109,1.0
430,7305,3,159602.91,121,1.0
431,7301,1,1414.203,53,6.0
432,7321,2,139400.01,52,7.0
433,7306,1,0.0,233,6.0
434,7306,4,116469.7185,64,1.0
435,7305,7,180209.868,64,3.0
436,7311,2,97478.9925,48,1.0
437,7318,1,61113.7725,33,6.0
438,7316,2,123267.99435,99,1.0
439,7312,2,196978.275,58,1.0
440,7305,4,234050.5965,51,1.0
441,7319,1,35910.65475,50,4.0
442,7318,2,139096.9665,67,3.0
443,7310,2,151521.75,29,1.0
444,7310,2,176775.375,149,5.0
445,7313,2,10101.45,148,3.0
446,7310,3,106570.2975,57,3.0
447,7317,1,21819.132,89,6.0
448,7301,4,131823.9225,52,1.0
449,7322,4,64851.309,44,5.0
450,7312,2,34344.93,106,1.0
451,7320,5,90913.05,203,1.0
452,7310,1,576792.795,50,4.0
453,7302,2,36365.22,155,5.0
454,7316,2,95913.26775,75,1.0
455,7306,4,146471.025,51,1.0
456,7310,1,141420.3,67,4.0
457,7307,1,0.0,97,4.0
458,7310,4,160310.0115,73,1.0
459,7303,4,98489.1375,89,1.0
460,7318,2,308094.225,47,1.0
461,7320,1,111115.95,125,6.0
462,7315,3,94448.5575,70,1.0
463,7306,4,10101.45,170,1.0
464,7313,1,14546.088,60,4.0
465,7307,1,85862.325,56,4.0
466,7318,5,84246.093,69,3.0
467,7312,3,41112.9015,232,1.0
468,7311,4,202029.0,35,1.0
469,7316,3,116166.675,104,2.0
470,7316,1,20202.9,119,6.0
471,7313,4,7202.33385,285,1.0
472,7307,2,90913.05,35,1.0
473,7308,4,255566.685,69,1.0
474,7322,2,60810.729,292,2.0
475,7313,1,125257.98,76,4.0
476,7321,1,7071.015,112,6.0
477,7314,4,230313.06,50,1.0
478,7308,3,186775.8105,54,1.0
479,7310,1,71720.295,88,6.0
480,7316,2,151521.75,108,1.0
481,7305,3,23233.335,53,1.0
482,7311,2,8081.16,92,1.0
483,7309,3,109095.66,58,5.0
484,7313,2,34344.93,50,1.0
485,7317,1,300417.123,72,6.0
486,7306,2,44951.4525,40,1.0
487,7319,2,215160.885,69,1.0
488,7308,1,17475.5085,99,6.0
489,7318,3,87680.586,29,1.0
490,7321,2,109095.66,29,1.0
491,7308,1,45456.525,114,6.0
492,7313,1,60608.7,37,4.0
493,7308,5,490627.4265,54,3.0
494,7320,5,131318.85,144,1.0
495,7321,2,165663.78,51,1.0
496,7318,6,70710.15,167,1.0
497,7310,2,156572.475,38,1.0
498,7316,2,301023.21,57,1.0
499,7318,1,28486.089,170,6.0
500,7313,2,463454.526,44,1.0
501,7310,2,1414.203,107,1.0
502,7309,2,212130.45,39,7.0
503,7308,2,18990.726,40,1.0
504,7322,3,52527.54,128,1.0
505,7305,4,48850.6122,61,3.0
506,7316,1,91620.1515,251,6.0
507,7303,3,80811.6,238,1.0
508,7318,1,25253.625,51,4.0
509,7314,2,28405.2774,44,1.0
510,7322,2,11515.653,53,1.0
511,7319,2,32324.64,250,1.0
512,7314,11,316175.385,63,1.0
513,7306,6,70710.15,100,1.0
514,7307,2,111520.008,29,1.0
515,7311,2,49901.163,59,3.0
516,7305,3,265163.0625,141,1.0
517,7321,1,18182.61,48,6.0
518,7318,3,227282.625,94,3.0
519,7317,4,678312.3675,53,1.0
520,7313,2,51820.4385,36,1.0
521,7314,2,83033.919,61,5.0
522,7313,2,55557.975,109,1.0
523,7316,4,576792.795,75,1.0
524,7303,2,61719.8595,96,1.0
525,7307,3,87882.615,58,1.0
526,7310,3,53537.685,70,2.0
527,7310,1,18182.61,81,4.0
528,7308,1,93256.5864,93,6.0
529,7304,1,9394.3485,86,6.0
530,7317,6,55557.975,47,1.0
531,7322,1,2424.348,106,4.0
532,7316,2,45254.496,92,3.0
533,7301,1,40405.8,54,6.0
534,7313,2,140107.1115,53,1.0
535,7302,3,59598.555,92,1.0
536,7310,1,2424.348,112,6.0
537,7313,4,192937.695,38,1.0
538,7309,1,21213.045,55,6.0
539,7308,2,270718.86,59,1.0
540,7316,1,24243.48,111,4.0
541,7308,1,181826.1,66,4.0
542,7309,4,494971.05,63,1.0
543,7302,2,114146.385,16,1.0
544,7318,3,25253.625,163,3.0
545,7321,2,102024.645,58,3.0
546,7315,1,10101.45,65,4.0
547,7302,2,110216.92095,107,1.0
548,7304,1,234454.6545,60,6.0
549,7322,2,106489.4859,100,1.0
550,7314,1,14546.088,108,6.0
551,7317,1,6363.9135,56,4.0
552,7313,5,72730.44,125,1.0
553,7311,2,144450.735,189,7.0
554,7303,4,105055.08,29,1.0
555,7310,3,117176.82,125,1.0
556,7304,1,40405.8,113,6.0
557,7322,5,198796.536,64,1.0
558,7317,2,29294.205,64,3.0
559,7311,4,176775.375,98,1.0
560,7305,2,202029.0,64,1.0
561,7319,8,62527.9755,73,1.0
562,7310,2,111317.979,58,1.0
563,7306,1,111115.95,42,6.0
564,7309,4,128692.473,51,1.0
565,7317,2,173946.969,131,5.0
566,7312,2,115156.53,70,1.0
567,7302,4,143440.59,93,1.0
568,7320,2,246677.409,228,1.0
569,7308,3,8081.16,78,1.0
570,7315,2,56568.12,210,7.0
571,7317,4,32324.64,425,1.0
572,7313,5,23435.364,405,1.0
573,7318,1,29294.205,100,4.0
574,7320,2,149501.46,67,1.0
575,7320,6,121217.4,236,1.0
576,7309,3,182735.2305,171,1.0
577,7314,2,56063.0475,77,1.0
578,7313,1,51992.16315,205,6.0
579,7322,2,55861.0185,55,1.0
580,7301,1,16970.436,80,4.0
581,7314,4,143440.59,64,1.0
582,7316,1,87882.615,115,6.0
583,7319,5,63033.048,75,1.0
584,7303,2,20808.987,71,5.0
585,7321,3,59295.5115,60,1.0
586,7302,2,10303.479,103,3.0
587,7310,4,222130.8855,82,1.0
588,7307,3,74750.73,46,1.0
589,7317,2,80811.6,100,7.0
590,7309,2,232333.35,63,1.0
591,7318,3,100004.355,72,3.0
592,7313,2,62426.961,50,1.0
593,7321,2,43032.177,147,3.0
594,7310,1,133339.14,34,6.0
595,7302,4,125257.98,67,1.0
596,7310,3,184452.477,95,1.0
597,7306,1,86872.47,61,4.0
598,7316,1,98792.181,78,6.0
599,7310,2,98590.152,59,1.0
600,7319,2,91923.195,58,1.0
601,7301,2,76265.9475,41,5.0
602,7306,1,85862.325,95,4.0
603,7318,2,107075.37,125,1.0
604,7314,1,56063.0475,75,4.0
605,7313,3,46466.67,25,2.0
606,7302,3,66992.8164,66,1.0
607,7312,1,45456.525,106,4.0
608,7308,2,287891.325,60,1.0
609,7316,1,15354.204,191,4.0
610,7314,2,51315.366,48,1.0
611,7301,2,237384.075,62,1.0
612,7309,2,82326.8175,111,1.0
613,7301,1,55557.975,156,4.0
614,7321,1,31516.524,31,6.0
615,7311,6,239808.423,46,2.0
616,7321,2,27981.0165,58,3.0
617,7317,1,9697.392,327,6.0
618,7322,4,101014.5,50,3.0
619,7306,3,95963.775,86,1.0
620,7306,6,83437.977,72,1.0
621,7303,1,36365.22,97,4.0
622,7312,2,101014.5,82,3.0
623,7301,2,277789.875,84,5.0
624,7303,2,197988.42,128,5.0
625,7310,1,60608.7,88,6.0
626,7320,4,137379.72,133,1.0
627,7319,2,30304.35,86,1.0
628,7302,2,86872.47,37,1.0
629,7318,5,99196.239,87,1.0
630,7316,1,108085.515,147,6.0
631,7307,4,239202.336,75,1.0
632,7314,6,79801.455,64,1.0
633,7308,6,173239.8675,224,2.0
634,7313,3,163643.49,275,1.0
635,7310,4,185866.68,45,1.0
636,7308,2,132328.995,39,7.0
637,7301,2,39395.655,181,1.0
638,7305,1,45456.525,92,4.0
639,7317,5,86872.47,90,1.0
640,7301,2,252536.25,48,1.0
641,7309,3,119096.0955,92,1.0
642,7302,3,117782.907,13,3.0
643,7303,2,47274.786,343,3.0
644,7316,2,143238.561,45,3.0
645,7310,2,51416.3805,26,1.0
646,7302,6,111782.6457,85,1.0
647,7316,1,39395.655,86,4.0
648,7302,1,224252.19,69,4.0
649,7311,3,108994.6455,106,3.0
650,7306,2,60103.6275,55,1.0
651,7305,1,0.0,719,6.0
652,7315,2,149501.46,62,1.0
653,7319,1,63639.135,58,4.0
654,7316,2,51537.5979,66,5.0
655,7309,3,184351.4625,280,1.0
656,7319,2,170754.9108,169,3.0
657,7302,7,28284.06,10,3.0
658,7309,5,115459.5735,679,1.0
659,7321,2,97984.065,145,3.0
660,7313,4,253344.366,51,1.0
661,7319,3,126773.1975,204,1.0
662,7310,4,202029.0,124,1.0
663,7322,3,30304.35,53,3.0
664,7308,6,114146.385,105,1.0
665,7318,2,76063.9185,48,1.0
666,7310,3,97984.065,105,2.0
667,7307,2,22122.1755,107,1.0
668,7305,4,43638.264,88,1.0
669,7317,3,203847.261,118,1.0
670,7313,4,131318.85,51,1.0
671,7307,1,119904.2115,25,6.0
672,7321,4,44951.4525,45,1.0
673,7312,1,62022.903,152,6.0
674,7320,1,56568.12,99,6.0
675,7309,2,186876.825,65,1.0
676,7319,2,63740.1495,53,1.0
677,7302,3,80811.6,50,1.0
678,7309,6,51012.3225,37,3.0
679,7317,1,11111.595,313,6.0
680,7301,2,62325.9465,107,7.0
681,7310,2,121217.4,106,7.0
682,7307,2,102024.645,172,1.0
683,7310,2,254960.598,120,1.0
684,7307,5,115156.53,62,1.0
685,7316,2,192129.579,75,1.0
686,7314,3,40203.771,94,3.0
687,7301,2,71114.208,75,1.0
688,7321,2,43436.235,263,1.0
689,7303,2,62628.99,50,1.0
690,7308,1,48486.96,100,4.0
691,7321,3,50911.308,88,2.0
692,7316,1,57578.265,91,4.0
693,7307,3,54547.83,97,3.0
694,7307,1,132349.1979,46,4.0
695,7319,2,12121.74,34,1.0
696,7311,3,579823.23,125,1.0
697,7305,4,191927.55,87,1.0
698,7301,2,73740.585,74,7.0
699,7301,2,139703.0535,68,5.0
700,7311,1,100307.3985,111,4.0
701,7301,2,144450.735,300,1.0
702,7303,3,41415.945,60,3.0
703,7301,4,174148.998,77,3.0
704,7319,8,78791.31,100,2.0
705,7315,2,148996.3875,89,1.0
706,7310,1,78791.31,128,6.0
707,7316,2,70710.15,106,1.0
708,7314,2,41415.945,63,7.0
709,7310,2,231323.205,186,5.0
710,7301,2,40405.8,52,5.0
711,7309,2,12121.74,61,3.0
712,7311,3,242434.8,88,1.0
713,7316,2,58083.3375,124,5.0
714,7312,3,156572.475,67,3.0
715,7315,2,62123.9175,82,1.0
716,7306,2,95963.775,170,1.0
717,7303,5,111317.979,85,1.0
718,7307,5,123035.661,33,1.0
719,7303,2,70710.15,122,3.0
720,7313,2,78690.2955,87,1.0
721,7321,1,34951.017,35,6.0
722,7315,2,36769.278,121,1.0
723,7322,7,228292.77,139,1.0
724,7310,1,48082.902,79,6.0
725,7304,1,103842.906,105,6.0
726,7315,2,97984.065,74,7.0
727,7318,2,87882.615,58,1.0
728,7302,2,232333.35,139,1.0
729,7306,2,59497.5405,92,1.0
730,7311,2,378804.375,175,1.0
731,7313,2,36668.2635,60,1.0
732,7302,9,146471.025,15,1.0
733,7316,1,12121.74,61,4.0
734,7312,2,303043.5,46,1.0
735,7310,2,88791.7455,31,1.0
736,7308,5,101014.5,46,1.0
737,7301,4,64548.2655,177,1.0
738,7310,1,54042.7575,63,4.0
739,7310,4,172936.824,33,1.0
740,7301,1,60659.20725,71,4.0
741,7314,2,171522.621,46,1.0
742,7309,3,618208.74,54,1.0
743,7314,3,242434.8,217,1.0
744,7317,2,119197.11,115,7.0
745,7317,1,15152.175,114,4.0
746,7316,1,181826.1,45,6.0
747,7304,1,60911.7435,102,6.0
748,7308,5,34344.93,65,1.0
749,7311,5,90913.05,168,1.0
750,7309,2,35254.0605,68,1.0
751,7312,1,72730.44,52,4.0
752,7310,1,90913.05,90,4.0
753,7315,2,101216.529,128,1.0
754,7310,1,50507.25,55,6.0
755,7322,1,30304.35,159,6.0
756,7321,6,105459.138,85,3.0
757,7301,2,37072.3215,125,1.0
758,7318,2,272436.1065,66,1.0
759,7302,7,126268.125,63,1.0
760,7308,3,223242.045,97,1.0
761,7304,2,364359.3015,61,1.0
762,7316,3,148491.315,109,1.0
763,7303,3,205665.522,49,1.0
764,7303,3,68689.86,60,2.0
765,7314,2,228292.77,45,1.0
766,7304,1,63033.048,85,4.0
767,7317,2,161421.171,77,1.0
768,7313,1,57578.265,135,4.0
769,7313,5,607097.145,24,1.0
770,7313,5,129298.56,162,1.0
771,7312,1,103438.848,54,4.0
772,7315,2,96973.92,95,1.0
773,7307,2,149501.46,136,1.0
774,7318,2,14142.03,165,1.0
775,7310,2,158289.7215,55,1.0
776,7310,1,53537.685,303,6.0
777,7310,2,184048.419,48,1.0
778,7304,4,197786.391,166,1.0
779,7304,5,104550.0075,68,1.0
780,7306,7,166673.925,95,1.0
781,7315,2,55456.9605,44,1.0
782,7308,1,17475.5085,70,6.0
783,7313,4,76771.02,170,1.0
784,7312,5,199806.681,85,3.0
785,7313,2,42123.0465,38,7.0
786,7302,5,176775.375,18,1.0
787,7301,2,77579.136,39,1.0
788,7311,4,614117.65275,32,1.0
789,7307,2,90175.64415,337,1.0
790,7315,2,160613.055,82,1.0
791,7313,1,51992.16315,50,6.0
792,7309,2,109499.718,116,7.0
793,7321,2,26263.77,223,3.0
794,7310,3,196978.275,191,2.0
795,7304,2,106065.225,56,5.0
796,7308,2,67699.9179,104,1.0
797,7314,3,40405.8,118,3.0
798,7320,1,49093.047,77,6.0
799,7307,1,54143.772,66,6.0
800,7311,5,228292.77,592,1.0
801,7317,5,66841.29465,35,1.0
802,7320,1,144248.706,584,4.0
803,7308,1,14546.088,98,6.0
804,7315,2,68689.86,116,5.0
805,7312,3,301225.239,65,3.0
806,7322,5,116166.675,70,1.0
807,7317,1,46264.641,86,4.0
808,7314,4,83235.948,109,1.0
809,7319,2,79094.3535,63,7.0
810,7312,4,202029.0,78,1.0
811,7319,7,276678.7155,58,3.0
812,7307,2,74296.16475,102,7.0
813,7302,1,48891.018,14,6.0
814,7315,3,304558.7175,66,1.0
815,7319,1,66972.6135,48,6.0
816,7308,2,303245.529,31,1.0
817,7318,2,68689.86,45,1.0
818,7318,1,66669.57,174,6.0
819,7318,5,55456.9605,180,1.0
820,7310,2,46466.67,169,7.0
821,7309,2,45254.496,57,3.0
822,7311,2,83842.035,98,1.0
823,7308,3,80811.6,113,1.0
824,7312,2,92125.224,38,1.0
825,7318,4,134349.285,156,1.0
826,7321,4,62325.9465,65,1.0
827,7302,2,35557.104,41,1.0
828,7313,3,138490.8795,40,1.0
829,7311,3,132328.995,62,1.0
830,7317,2,62831.019,81,5.0
831,7315,3,161623.2,100,5.0
832,7320,2,73740.585,102,1.0
833,7308,2,114954.501,63,1.0
834,7301,1,7576.0875,45,6.0
835,7318,4,43133.1915,95,1.0
836,7308,3,196978.275,64,1.0
837,7313,2,17374.494,104,7.0
838,7302,4,62022.903,76,2.0
839,7306,2,138692.9085,53,1.0
840,7310,2,131217.8355,59,1.0
841,7316,3,117176.82,158,7.0
842,7314,2,73134.498,59,1.0
843,7304,4,321226.11,64,1.0
844,7308,2,134349.285,51,1.0
845,7318,8,156390.6489,44,1.0
846,7315,5,101014.5,73,3.0
847,7306,2,373753.65,43,1.0
848,7313,3,158592.765,81,1.0
849,7316,2,564671.055,193,1.0
850,7303,2,66689.7729,38,1.0
851,7316,1,410118.87,50,6.0
852,7318,4,23233.335,77,1.0
853,7301,1,7374.0585,108,6.0
854,7313,1,39749.20575,114,4.0
855,7321,2,98287.1085,61,1.0
856,7314,2,186876.825,77,1.0
857,7321,3,57982.323,211,3.0
858,7301,2,95054.6445,90,1.0
859,7310,1,50103.192,33,6.0
860,7318,2,10505.508,54,3.0
861,7319,3,233444.5095,67,1.0
862,7302,4,112126.095,215,3.0
863,7322,2,272739.15,233,1.0
864,7321,5,121217.4,113,1.0
865,7322,7,88892.76,83,1.0
866,7307,2,52527.54,151,1.0
867,7317,4,54547.83,137,1.0
868,7316,3,272739.15,55,1.0
869,7301,1,67679.715,55,6.0
870,7315,3,227484.654,117,1.0
871,7306,4,31011.4515,56,1.0
872,7314,2,254657.5545,94,1.0
873,7321,3,38789.568,63,3.0
874,7315,5,52628.5545,112,3.0
875,7313,4,124247.835,116,1.0
876,7310,2,181826.1,94,5.0
877,7316,3,118186.965,74,1.0
878,7317,2,66871.599,105,7.0
879,7321,3,42325.0755,53,1.0
880,7310,1,42426.09,59,6.0
881,7320,2,164653.635,116,5.0
882,7309,2,32425.6545,77,1.0
883,7301,4,115459.5735,70,3.0
884,7319,2,60911.7435,304,1.0
885,7312,2,114651.4575,84,1.0
886,7310,5,39395.655,65,1.0
887,7314,3,113136.24,106,1.0
888,7306,5,76771.02,38,1.0
889,7316,4,101014.5,104,1.0
890,7306,5,154552.185,125,1.0
891,7303,1,25455.654,39,6.0
892,7306,2,45456.525,28,1.0
893,7316,1,56568.12,98,4.0
894,7310,1,205059.435,54,6.0
895,7315,2,94852.6155,119,1.0
896,7309,3,187078.854,72,1.0
897,7302,2,26869.857,22,5.0
898,7310,1,7273.044,37,6.0
899,7308,1,85357.2525,111,4.0
900,7317,1,68184.7875,79,4.0
901,7310,1,116166.675,440,4.0
902,7302,1,9091.305,253,4.0
903,7322,2,44446.38,52,1.0
904,7306,1,12121.74,67,4.0
905,7302,2,111115.95,91,1.0
906,7308,3,190917.405,97,1.0
907,7307,5,123338.7045,766,1.0
908,7316,1,1010.145,88,4.0
909,7315,2,60608.7,131,1.0
910,7303,7,197988.42,292,1.0
911,7314,1,47880.873,57,6.0
912,7310,2,121217.4,44,1.0
913,7302,1,38890.5825,95,6.0
914,7319,1,23031.306,52,6.0
915,7315,1,37506.68385,197,6.0
916,7307,6,89094.789,67,1.0
917,7302,2,63841.164,54,1.0
918,7311,5,267698.52645,100,1.0
919,7316,2,85205.73075,178,3.0
920,7315,3,182129.1435,139,1.0
921,7317,1,32324.64,77,6.0
922,7308,4,220969.21875,54,1.0
923,7321,6,98994.21,104,3.0
924,7306,2,29597.2485,46,7.0
925,7322,1,26869.857,38,6.0
926,7301,2,50507.25,61,3.0
927,7308,3,227424.0453,44,1.0
928,7306,6,45456.525,152,1.0
929,7321,3,17778.552,162,1.0
930,7318,9,151521.75,53,1.0
931,7314,3,79801.455,149,1.0
932,7321,2,63841.164,181,1.0
933,7312,4,153602.6487,90,1.0
934,7320,8,151824.7935,256,1.0
935,7307,2,62527.9755,192,1.0
936,7314,2,50678.97465,69,1.0
937,7301,2,93034.3545,48,1.0
938,7317,3,90913.05,67,1.0
939,7321,3,95963.775,58,3.0
940,7309,2,323246.4,82,1.0
941,7305,4,111115.95,68,1.0
942,7304,4,128389.4295,126,1.0
943,7305,1,70710.15,112,4.0
944,7301,5,116166.675,56,2.0
945,7319,3,23637.393,187,3.0
946,7303,2,50507.25,103,1.0
947,7304,4,133642.1835,117,1.0
948,7301,2,128187.4005,73,1.0
949,7307,1,6060.87,76,6.0
950,7312,1,33334.785,42,6.0
951,7313,2,302235.384,56,1.0
952,7321,4,104853.051,54,3.0
953,7320,3,163946.5335,72,1.0
954,7319,3,95761.746,200,1.0
955,7314,1,5050.725,113,4.0
956,7319,2,114954.501,58,1.0
957,7303,2,207079.725,286,1.0
958,7302,1,26263.77,213,6.0
959,7305,1,212.13045,68,6.0
960,7311,2,303043.5,89,1.0
961,7308,2,222635.958,52,5.0
962,7315,1,131318.85,149,4.0
963,7316,1,12121.74,115,6.0
964,7313,2,106267.254,32,1.0
965,7311,2,246475.38,136,5.0
966,7311,6,311023.6455,50,1.0
967,7322,2,21213.045,80,1.0
968,7302,3,138490.8795,24,1.0
969,7305,2,136268.5605,126,1.0
970,7312,2,65154.3525,85,3.0
971,7318,1,215969.001,65,4.0
972,7311,3,191927.55,164,1.0
973,7322,1,707.1015,366,4.0
974,7312,3,98186.094,62,5.0
975,7316,2,64649.28,149,5.0
976,7310,4,638411.64,82,1.0
977,7317,5,103034.79,173,2.0
978,7302,2,245768.2785,59,1.0
979,7319,4,15152.175,285,3.0
980,7317,3,84852.18,120,1.0
981,7311,3,50507.25,352,1.0
982,7318,4,333347.85,60,5.0
983,7312,1,81720.7305,49,6.0
984,7317,2,32829.7125,64,1.0
985,7318,5,91519.137,81,1.0
986,7309,2,76973.049,181,1.0
987,7317,2,247485.525,57,5.0
988,7306,2,170108.418,91,5.0
989,7321,6,56972.178,30,1.0
990,7310,1,82831.89,89,6.0
991,7314,2,68083.773,141,3.0
992,7301,2,133339.14,49,5.0
993,7318,5,94852.6155,82,3.0
994,7306,2,138389.865,58,1.0
995,7304,2,77781.165,60,7.0
996,7315,2,102024.645,113,7.0
997,7321,3,139298.9955,264,1.0
998,7313,5,12131.84145,282,3.0
999,7314,2,114651.4575,53,1.0
1000,7301,4,126268.125,139,1.0
1001,7310,1,14142.03,87,6.0
1002,7309,3,35355.075,103,1.0
1003,7321,3,20404.929,55,2.0
1004,7320,2,146471.025,196,5.0
1005,7311,3,307084.08,31,1.0
1006,7318,3,61012.758,237,1.0
1007,7315,2,45759.5685,71,3.0
1008,7309,1,0.0,57,6.0
1009,7317,1,63538.1205,54,4.0
1010,7307,1,63740.1495,108,4.0
1011,7320,1,95963.775,274,4.0
1012,7310,2,190109.289,34,1.0
1013,7310,4,178795.665,58,1.0
1014,7301,4,195463.0575,55,1.0
1015,7308,3,122227.545,90,1.0
1016,7316,1,55557.975,137,6.0
1017,7309,3,406280.319,69,1.0
1018,7314,4,36365.22,55,1.0
1019,7309,3,75760.875,63,3.0
1020,7315,2,80811.6,261,1.0
1021,7307,5,194957.985,28,1.0
1022,7308,5,255566.685,103,1.0
1023,7303,1,18182.61,83,4.0
1024,7321,1,180310.8825,39,4.0
1025,7315,3,71821.3095,54,5.0
1026,7306,2,25253.625,218,7.0
1027,7301,1,44850.438,67,6.0
1028,7305,2,58790.439,103,3.0
1029,7318,1,3838.551,34,4.0
1030,7314,3,241929.7275,79,1.0
1031,7308,4,281931.4695,67,1.0
1032,7301,3,191523.492,43,1.0
1033,7318,1,7677.102,60,6.0
1034,7308,2,148491.315,401,5.0
1035,7318,8,220110.5955,65,1.0
1036,7315,2,246475.38,98,1.0
1037,7308,6,112126.095,70,3.0
1038,7313,4,96973.92,89,1.0
1039,7309,3,376784.085,91,1.0
1040,7311,4,156572.475,34,1.0
1041,7306,4,229302.915,158,1.0
1042,7317,5,97984.065,195,1.0
1043,7320,2,128995.5165,74,2.0
1044,7309,3,169704.36,85,1.0
1045,7309,2,731344.98,58,1.0
1046,7309,1,58588.41,68,4.0
1047,7302,2,110105.805,50,3.0
1048,7315,4,237384.075,128,1.0
1049,7310,2,151319.721,202,1.0
1050,7321,1,0.0,42,4.0
1051,7316,2,54547.83,93,1.0
1052,7314,1,38890.5825,113,6.0
1053,7316,1,84852.18,342,6.0
1054,7316,1,36365.22,347,4.0
1055,7311,3,280860.7158,108,1.0
1056,7306,1,352540.605,101,6.0
1057,7316,3,324458.574,66,1.0
1058,7310,2,282739.5855,49,1.0
1059,7320,4,282840.6,71,1.0
1060,7310,4,217383.204,56,1.0
1061,7316,1,92630.2965,68,6.0
1062,7316,2,151521.75,80,1.0
1063,7314,3,119197.11,56,1.0
1064,7317,1,78791.31,187,6.0
1065,7315,2,28284.06,118,3.0
1066,7315,4,65659.425,51,1.0
1067,7319,1,55557.975,65,6.0
1068,7316,2,72932.469,45,7.0
1069,7317,2,28597.20495,106,1.0
1070,7315,1,145157.8365,71,4.0
1071,7317,2,45355.5105,97,1.0
1072,7317,1,5858.841,77,6.0
1073,7321,3,133339.14,289,7.0
1074,7303,3,172633.7805,52,1.0
1075,7317,1,50507.25,61,6.0
1076,7307,2,256879.8735,90,1.0
1077,7301,5,335772.198,74,1.0
1078,7313,2,205665.522,53,1.0
1079,7319,2,191927.55,139,1.0
1080,7304,2,272739.15,101,1.0
1081,7301,4,133036.0965,95,3.0
1082,7305,2,50204.2065,84,3.0
1083,7321,1,31920.582,106,6.0
1084,7308,3,122631.603,111,1.0
1085,7301,1,3131.4495,50,6.0
1086,7301,2,129298.56,81,1.0
1087,7305,7,96468.8475,77,1.0
1088,7306,3,201624.942,48,5.0
1089,7318,2,68487.831,53,1.0
1090,7319,4,291123.789,345,5.0
1091,7302,4,8283.189,20,3.0
1092,7311,2,84852.18,35,1.0
1093,7308,5,131318.85,104,1.0
1094,7320,2,133743.198,59,1.0
1095,7321,5,131924.937,36,1.0
1096,7312,1,50507.25,57,6.0
1097,7310,1,122227.545,48,4.0
1098,7315,2,13303.60965,85,1.0
1099,7303,1,34405.5387,101,6.0
1100,7321,1,25253.625,22,6.0
1101,7302,3,257586.975,65,1.0
1102,7311,1,101014.5,57,6.0
1103,7304,2,118186.965,62,1.0
1104,7314,3,40405.8,141,2.0
1105,7322,4,106065.225,131,1.0
1106,7313,6,211625.3775,42,1.0
1107,7313,3,192230.5935,50,1.0
1108,7311,2,262637.7,96,1.0
1109,7317,2,25960.7265,135,1.0
1110,7314,3,48709.1919,40,1.0
1111,7305,4,26566.8135,55,3.0
1112,7317,2,18182.61,169,1.0
1113,7310,2,103034.79,35,1.0
1114,7313,2,46466.67,135,3.0
1115,7303,1,24546.5235,68,6.0
1116,7321,3,22223.19,151,1.0
1117,7310,3,224151.1755,57,1.0
1118,7304,2,58487.3955,110,1.0
1119,7310,2,129298.56,107,1.0
1120,7316,2,66669.57,115,1.0
1121,7309,2,596894.6805,75,1.0
1122,7316,2,170714.505,68,7.0
1123,7319,7,191220.4485,59,1.0
1124,7306,6,6464.928,120,2.0
1125,7307,4,0.0,98,3.0
1126,7315,3,101014.5,177,2.0
1127,7321,2,52628.5545,107,2.0
1128,7301,2,84852.18,80,1.0
1129,7313,3,63639.135,40,3.0
1130,7313,4,59497.5405,75,3.0
1131,7309,3,105358.1235,98,3.0
1132,7312,2,121217.4,76,2.0
1133,7301,2,33536.814,92,3.0
1134,7304,1,76568.991,68,6.0
1135,7301,4,114853.4865,95,5.0
1136,7308,2,54648.8445,111,1.0
1137,7309,4,1154595.735,139,1.0
1138,7312,2,0.0,117,1.0
1139,7311,2,171724.65,79,1.0
1140,7318,4,88892.76,118,2.0
1141,7319,7,223848.132,54,1.0
1142,7317,2,29799.2775,57,7.0
1143,7316,1,28688.118,382,4.0
1144,7316,1,85862.325,170,4.0
1145,7318,4,101014.5,228,1.0
1146,7309,2,11717.682,178,3.0
1147,7309,2,0.0,215,3.0
1148,7319,4,145258.851,356,2.0
1149,7309,4,348297.996,56,1.0
1150,7320,1,40001.742,100,6.0
1151,7320,6,123237.69,73,3.0
1152,7305,4,116166.675,65,1.0
1153,7314,3,142228.416,62,3.0
1154,7322,2,38405.7129,98,3.0
1155,7308,1,38385.51,62,6.0
1156,7315,2,72730.44,121,2.0
1157,7320,4,625279.755,327,1.0
1158,7307,5,73235.5125,73,1.0
1159,7316,6,117984.936,148,7.0
1160,7306,3,101014.5,75,5.0
1161,7308,1,73346.62845,111,6.0
1162,7308,2,56568.12,197,3.0
1163,7304,2,82629.861,185,5.0
1164,7308,4,195058.9995,103,1.0
1165,7313,3,113136.24,28,1.0
1166,7304,2,46668.699,108,1.0
1167,7321,2,70407.1065,56,3.0
1168,7310,1,72730.44,123,6.0
1169,7313,3,131318.85,105,1.0
1170,7308,5,58487.3955,78,1.0
1171,7308,2,111115.95,172,1.0
1172,7321,2,95963.775,34,5.0
1173,7303,3,119298.1245,36,2.0
1174,7316,3,65659.425,73,1.0
1175,7303,3,644977.5825,66,1.0
1176,7304,3,108489.573,63,3.0
1177,7317,1,94953.63,55,4.0
1178,7312,2,38789.568,179,1.0
1179,7307,2,161623.2,39,1.0
1180,7321,3,70508.121,71,1.0
1181,7321,6,64548.2655,57,1.0
1182,7312,3,69700.005,36,1.0
1183,7301,2,226272.48,73,1.0
1184,7315,5,70710.15,345,2.0
1185,7309,2,139400.01,161,7.0
1186,7301,1,48688.989,88,4.0
1187,7306,3,87882.615,65,1.0
1188,7313,1,35961.162,324,4.0
1189,7321,3,133339.14,65,1.0
1190,7314,2,159501.8955,120,1.0
1191,7314,3,172734.795,64,1.0
1192,7301,3,114146.385,61,1.0
1193,7319,2,65659.425,216,5.0
1194,7321,3,42426.09,40,1.0
1195,7304,2,216373.059,121,1.0
1196,7321,2,24819.26265,63,3.0
1197,7320,1,89801.8905,62,6.0
1198,7306,1,89498.847,46,4.0
1199,7302,1,25253.625,22,4.0
1200,7317,5,28082.031,281,3.0
1201,7303,1,38385.51,149,6.0
1202,7310,2,728314.545,84,1.0
1203,7316,1,85862.325,121,6.0
1204,7318,2,21314.0595,30,1.0
1205,7315,1,21819.132,96,6.0
1206,7321,4,90913.05,65,3.0
1207,7303,5,124752.9075,80,1.0
1208,7314,2,101014.5,263,1.0
1209,7305,3,110509.863,86,1.0
1210,7322,1,72730.44,65,4.0
1211,7302,2,73639.5705,97,3.0
1212,7301,6,101014.5,54,1.0
1213,7316,1,226474.509,187,4.0
1214,7316,5,120712.3275,94,2.0
1215,7317,2,16475.46495,66,1.0
1216,7310,1,95963.775,26,6.0
1217,7312,5,18182.61,129,1.0
1218,7301,3,95963.775,77,2.0
1219,7307,2,24748.5525,87,1.0
1220,7316,1,36567.249,165,4.0
1221,7322,1,22223.19,70,6.0
1222,7322,2,60608.7,67,1.0
1223,7316,1,23233.335,462,4.0
1224,7304,3,13131.885,65,3.0
1225,7316,4,33647.92995,90,3.0
1226,7301,3,76164.933,236,1.0
1227,7315,4,180512.9115,95,1.0
1228,7313,2,45456.525,69,2.0
1229,7304,3,98388.123,106,3.0
1230,7308,2,56063.0475,119,3.0
1231,7304,1,5050.725,69,4.0
1232,7314,2,144450.735,57,7.0
1233,7314,1,31314.495,90,6.0
1234,7305,2,56871.1635,109,5.0
1235,7312,3,50507.25,43,3.0
1236,7313,2,88286.673,90,1.0
1237,7308,2,28789.1325,67,1.0
1238,7316,5,35557.104,51,3.0
1239,7312,1,361732.9245,63,4.0
1240,7315,2,29496.234,189,7.0
1241,7309,2,45456.525,54,3.0
1242,7317,1,42426.09,110,6.0
1243,7305,3,358601.475,121,3.0
1244,7309,2,480020.904,228,5.0
1245,7311,2,100913.4855,75,1.0
1246,7307,2,50507.25,117,3.0
1247,7309,2,68871.6861,153,1.0
1248,7309,3,171724.65,188,2.0
1249,7316,3,95660.7315,311,1.0
1250,7321,1,15152.175,145,4.0
1251,7314,1,71316.237,220,6.0
1252,7312,2,126268.125,130,1.0
1253,7308,3,60810.729,127,3.0
1254,7309,2,93842.4705,102,1.0
1255,7301,2,49497.105,66,5.0
1256,7302,4,145056.822,112,2.0
1257,7318,3,125055.951,59,1.0
1258,7307,4,1067723.265,45,1.0
1259,7317,3,603349.50705,58,5.0
1260,7319,6,121217.4,71,1.0
1261,7315,4,133945.227,95,1.0
1262,7305,4,535376.85,71,5.0
1263,7301,1,21213.045,91,6.0
1264,7307,2,568711.635,100,1.0
1265,7318,2,72730.44,59,3.0
1266,7316,3,57174.207,113,3.0
1267,7310,3,141420.3,113,3.0
1268,7320,5,111115.95,134,1.0
1269,7312,5,102731.7465,40,1.0
1270,7306,3,228999.8715,56,1.0
1271,7317,3,50628.4674,132,2.0
1272,7303,4,57578.265,70,1.0
1273,7316,1,122025.516,152,4.0
1274,7322,6,127682.328,180,1.0
1275,7311,2,178795.665,110,1.0
1276,7308,1,126470.154,66,4.0
1277,7318,1,37173.336,79,6.0
1278,7315,4,93185.87625,292,1.0
1279,7316,2,186876.825,112,1.0
1280,7308,4,586752.8247,84,1.0
1281,7312,4,352540.605,107,1.0
1282,7313,2,65659.425,90,1.0
1283,7310,1,131339.0529,46,4.0
1284,7307,2,84549.1365,88,1.0
1285,7301,1,15758.262,98,4.0
1286,7304,2,103741.8915,83,1.0
1287,7316,2,256839.4677,55,1.0
1288,7319,3,41415.945,55,1.0
1289,7315,1,80811.6,498,6.0
1290,7302,2,23031.306,209,1.0
1291,7304,2,114146.385,55,5.0
1292,7316,3,126369.1395,131,1.0
1293,7307,2,37375.365,191,1.0
1294,7309,3,43638.264,51,1.0
1295,7321,5,52527.54,80,1.0
1296,7308,1,19394.784,62,6.0
1297,7317,4,505072.5,61,1.0
1298,7317,2,61012.758,66,5.0
1299,7314,1,38385.51,95,6.0
1300,7303,2,9687.29055,98,1.0
1301,7312,4,252536.25,93,1.0
1302,7315,2,247515.82935,103,1.0
1303,7302,2,5050.725,100,1.0
1304,7306,2,0.0,193,1.0
1305,7319,2,133036.0965,48,1.0
1306,7310,3,121217.4,31,1.0
1307,7321,2,87175.5135,63,3.0
1308,7301,1,70710.15,66,4.0
1309,7301,5,130813.7775,32,3.0
1310,7315,3,252536.25,115,1.0
1311,7312,5,143642.619,122,1.0
1312,7313,1,62628.99,73,4.0
1313,7318,3,23233.335,97,2.0
1314,7315,4,105661.167,48,2.0
1315,7318,3,133945.227,72,1.0
1316,7318,1,75760.875,358,4.0
1317,7317,1,54547.83,79,4.0
1318,7308,2,108691.602,109,1.0
1319,7320,4,175563.201,89,1.0
1320,7313,2,132126.966,67,5.0
1321,7301,2,263041.758,63,1.0
1322,7310,2,89902.905,100,2.0
1323,7308,4,178876.4766,60,1.0
1324,7316,4,146471.025,105,1.0
1325,7314,1,88892.76,123,6.0
1326,7305,4,85862.325,142,1.0
1327,7304,3,86771.4555,295,2.0
1328,7311,2,208594.9425,120,3.0
1329,7303,4,90913.05,90,1.0
1330,7320,4,122227.545,115,1.0
1331,7316,1,11313.624,146,6.0
1332,7314,2,70912.179,61,1.0
1333,7301,2,64447.251,61,7.0
1334,7313,1,25253.625,85,4.0
1335,7311,4,21213.045,90,1.0
1336,7315,2,121520.4435,98,1.0
1337,7318,3,62527.9755,234,1.0
1338,7307,2,271223.9325,106,1.0
1339,7317,2,62123.9175,83,1.0
1340,7316,2,30304.35,75,3.0
1341,7306,1,26263.77,68,6.0
1342,7310,3,272749.25145,71,2.0
1343,7308,2,91317.108,67,1.0
1344,7314,2,118388.994,50,1.0
1345,7318,1,16364.349,45,4.0
1346,7317,1,0.0,63,6.0
1347,7312,1,67730.22225,226,4.0
1348,7322,6,44042.322,163,1.0
1349,7317,1,18182.61,162,6.0
1350,7311,3,103034.79,106,2.0
1351,7320,4,202837.116,205,1.0
1352,7321,3,20202.9,56,1.0
1353,7310,4,212130.45,232,1.0
1354,7308,2,87882.615,92,1.0
1355,7308,1,78791.31,67,4.0
1356,7314,2,35809.64025,67,2.0
1357,7307,2,40001.742,162,1.0
1358,7316,2,119934.51585,105,1.0
1359,7322,1,45365.61195,77,4.0
1360,7307,5,67073.628,70,1.0
1361,7303,2,69700.005,81,7.0
1362,7314,2,59497.5405,291,1.0
1363,7301,2,81215.658,114,1.0
1364,7313,2,175159.143,47,1.0
1365,7321,5,31819.5675,73,1.0
1366,7309,2,101317.5435,184,1.0
1367,7316,2,237384.075,183,1.0
1368,7308,4,129803.6325,80,1.0
1369,7308,2,262637.7,78,1.0
1370,7302,2,82124.7885,113,1.0
1371,7310,2,66770.5845,85,1.0
1372,7310,2,20606.958,47,2.0
1373,7307,2,687302.658,49,1.0
1374,7314,2,105055.08,56,3.0
1375,7301,1,3333.4785,29,6.0
1376,7302,1,24243.48,68,6.0
1377,7302,1,14849.1315,58,6.0
1378,7302,2,116166.675,145,1.0
1379,7308,4,296275.5285,55,1.0
1380,7304,3,140208.126,86,1.0
1381,7311,6,191927.55,120,1.0
1382,7302,1,181826.1,51,6.0
1383,7315,2,133541.169,130,1.0
1384,7309,4,627300.045,106,1.0
1385,7316,1,14647.1025,155,6.0
1386,7316,1,94953.63,92,6.0
1387,7306,3,63942.1785,50,1.0
1388,7314,2,25253.625,52,1.0
1389,7319,2,17172.465,48,1.0
1390,7320,3,49194.0615,148,1.0
1391,7314,5,60608.7,54,1.0
1392,7321,1,23637.393,38,4.0
1393,7303,1,128793.4875,86,6.0
1394,7317,2,44446.38,47,1.0
1395,7302,2,11717.682,44,1.0
1396,7313,2,191927.55,61,1.0
1397,7322,3,69093.918,58,1.0
1398,7308,1,354560.895,75,6.0
1399,7308,4,146471.025,108,1.0
1400,7301,6,216777.117,70,1.0
1401,7319,2,75255.8025,68,7.0
1402,7309,1,17172.465,118,6.0
1403,7309,4,47476.815,76,1.0
1404,7314,4,155592.63435,63,1.0
1405,7322,4,79599.426,62,1.0
1406,7306,4,135864.5025,59,1.0
1407,7322,3,25859.712,197,3.0
1408,7308,2,0.0,66,2.0
1409,7318,2,47072.757,62,3.0
1410,7315,2,181826.1,117,1.0
1411,7318,2,157178.562,39,1.0
1412,7305,6,237384.075,223,1.0
1413,7307,4,75811.38225,49,1.0
1414,7319,4,323246.4,115,1.0
1415,7303,1,58588.41,100,4.0
1416,7316,2,55153.917,241,1.0
1417,7310,2,153542.04,57,5.0
1418,7317,3,6060.87,73,3.0
1419,7321,4,94044.4995,144,1.0
1420,7309,3,175765.23,103,1.0
1421,7316,2,111115.95,53,7.0
1422,7303,1,35355.075,49,6.0
1423,7317,1,35355.075,197,4.0
1424,7320,5,100004.355,150,1.0
1425,7320,2,110812.9065,62,2.0
1426,7303,2,386885.535,188,1.0
1427,7309,5,299002.92,114,1.0
1428,7316,2,447494.235,151,1.0
1429,7309,2,72730.44,111,3.0
1430,7301,8,113136.24,80,2.0
1431,7309,2,53355.8589,88,1.0
1432,7308,1,21213.045,158,6.0
1433,7317,2,38183.481,292,5.0
1434,7313,4,154451.1705,59,1.0
1435,7306,2,22728.2625,52,1.0
1436,7304,4,18394.74045,61,1.0
1437,7311,1,199251.10125,99,4.0
1438,7304,5,57578.265,197,1.0
1439,7321,5,108388.5585,152,1.0
1440,7318,5,17172.465,122,1.0
1441,7312,2,116166.675,62,5.0
1442,7314,3,47476.815,55,5.0
1443,7312,2,12121.74,136,1.0
1444,7313,3,181826.1,68,1.0
1445,7322,2,40607.829,99,1.0
1446,7315,3,18384.639,96,3.0
1447,7315,2,88286.673,55,1.0
1448,7315,3,213443.6385,67,5.0
1449,7313,3,12929.856,114,2.0
1450,7303,2,179603.781,47,1.0
1451,7306,5,120207.255,46,1.0
1452,7321,3,12525.798,77,3.0
1453,7307,2,127884.357,81,1.0
1454,7314,2,45456.525,61,3.0
1455,7308,2,120207.255,39,1.0
1456,7319,4,162633.345,300,5.0
1457,7315,2,128288.415,97,1.0
1458,7316,1,96973.92,167,6.0
1459,7321,6,153643.0545,26,1.0
1460,7318,1,0.0,70,6.0
1461,7310,1,43436.235,79,6.0
1462,7316,1,65053.338,100,6.0
1463,7308,3,107984.5005,53,1.0
1464,7315,3,122328.5595,115,1.0
1465,7315,2,69700.005,133,1.0
1466,7317,2,23415.1611,84,1.0
1467,7316,1,33839.8575,52,4.0
1468,7317,5,24344.4945,79,1.0
1469,7304,4,124247.835,83,3.0
1470,7306,2,239000.307,26,1.0
1471,7302,2,16667.3925,48,2.0
1472,7304,6,10101.45,114,1.0
1473,7302,3,35658.1185,22,3.0
1474,7301,3,64649.28,66,1.0
1475,7320,4,318195.675,53,1.0
1476,7307,2,77781.165,97,1.0
1477,7314,1,9091.305,125,4.0
1478,7320,2,58992.468,101,3.0
1479,7315,1,44143.3365,108,6.0
1480,7306,1,0.0,228,4.0
1481,7313,5,80407.542,26,1.0
1482,7305,1,60608.7,96,6.0
1483,7308,2,157784.649,47,1.0
1484,7316,2,73740.585,97,1.0
1485,7320,4,50810.2935,145,1.0
1486,7316,2,121298.2116,57,5.0
1487,7321,2,38587.539,26,1.0
1488,7318,6,129601.6035,55,1.0
1489,7309,3,73336.527,66,1.0
1490,7301,3,46264.641,258,3.0
1491,7318,5,68689.86,103,3.0
1492,7320,4,238596.249,204,1.0
1493,7304,2,628310.19,53,3.0
1494,7309,1,62730.0045,147,4.0
1495,7306,2,134551.314,88,1.0
1496,7313,2,76771.02,81,7.0
1497,7304,1,32223.6255,113,6.0
1498,7319,2,58386.381,135,1.0
1499,7309,4,308094.225,236,1.0
1500,7308,2,306579.0075,49,1.0
1501,7322,3,21819.132,86,3.0
1502,7316,1,222.2319,157,6.0
1503,7322,1,82932.9045,53,4.0
1504,7311,2,90508.992,83,1.0
1505,7314,3,123641.748,69,1.0
1506,7304,3,253243.3515,99,1.0
1507,7314,4,244556.1045,192,7.0
1508,7302,4,232333.35,60,1.0
1509,7301,2,66871.599,438,5.0
1510,7321,1,11616.6675,198,4.0
1511,7322,6,107075.37,88,1.0
1512,7318,4,29496.234,131,3.0
1513,7310,1,12424.7835,73,6.0
1514,7313,4,84852.18,67,1.0
1515,7318,5,98994.21,65,1.0
1516,7314,1,20505.9435,62,4.0
1517,7318,5,11313.624,86,3.0
1518,7311,2,124752.9075,49,1.0
1519,7312,1,15657.2475,37,6.0
1520,7304,2,40001.742,71,1.0
1521,7314,1,69700.005,54,4.0
1522,7316,2,130308.705,373,5.0
1523,7309,3,237485.0895,67,7.0
1524,7318,2,40001.742,260,1.0
1525,7306,1,26263.77,121,6.0
1526,7316,1,114550.443,64,6.0
1527,7302,3,28284.06,16,3.0
1528,7314,2,137379.72,241,1.0
1529,7309,3,0.0,98,3.0
1530,7316,2,33334.785,59,1.0
1531,7307,1,126268.125,26,4.0
1532,7301,5,106348.0656,131,1.0
1533,7314,2,133339.14,48,1.0
1534,7309,2,96973.92,47,1.0
1535,7309,2,312134.805,60,1.0
1536,7310,1,63134.0625,53,6.0
1537,7307,1,68184.7875,91,6.0
1538,7309,4,176775.375,93,1.0
1539,7320,3,148491.315,57,2.0
1540,7316,1,11010.5805,54,4.0
1541,7306,4,91317.108,81,1.0
1542,7304,2,181826.1,88,1.0
1543,7315,4,95963.775,81,1.0
1544,7302,2,77276.0925,18,1.0
1545,7301,2,5959.8555,79,5.0
1546,7309,2,37072.3215,56,1.0
1547,7315,2,37981.452,30,3.0
1548,7309,3,316175.385,61,1.0
1549,7303,4,40405.8,98,1.0
1550,7302,1,2828.406,11,6.0
1551,7312,1,67679.715,60,4.0
1552,7309,1,2020.29,170,4.0
1553,7321,2,47476.815,89,5.0
1554,7305,1,131.31885,106,4.0
1555,7309,2,186977.8395,58,1.0
1556,7319,3,136470.5895,51,1.0
1557,7314,5,194856.9705,109,5.0
1558,7308,1,50507.25,68,6.0
1559,7302,3,79831.75935,32,1.0
1560,7316,2,32627.6835,31,1.0
1561,7318,1,90913.05,55,6.0
1562,7316,2,48709.1919,78,5.0
1563,7312,3,108085.515,267,3.0
1564,7321,2,39749.20575,80,3.0
1565,7301,3,118782.95055,83,1.0
1566,7316,1,-2121.3045,47,4.0
1567,7316,1,145481.0829,141,4.0
1568,7313,3,160613.055,150,2.0
1569,7311,2,209605.0875,162,1.0
1570,7302,2,38991.597,56,2.0
1571,7321,2,19192.755,160,3.0
1572,7303,6,85862.325,35,1.0
1573,7307,5,726193.2405,109,1.0
1574,7319,1,33334.785,84,6.0
1575,7311,3,60608.7,40,1.0
1576,7315,1,10606.5225,117,4.0
1577,7304,2,728314.545,130,1.0
1578,7304,1,50709.279,62,6.0
1579,7308,2,219403.494,49,1.0
1580,7301,3,174755.085,52,1.0
1581,7307,4,43335.2205,14,1.0
1582,7301,2,178593.636,67,7.0
1583,7318,6,41011.887,185,1.0
1584,7320,3,154552.185,82,1.0
1585,7303,1,40405.8,245,4.0
1586,7307,5,150713.634,146,1.0
1587,7302,2,20202.9,56,3.0
1588,7306,2,105661.167,89,1.0
1589,7312,4,130308.705,123,1.0
1590,7313,2,88286.673,45,1.0
1591,7308,2,74286.0633,109,1.0
1592,7312,1,149935.82235,65,6.0
1593,7316,1,102327.6885,107,6.0
1594,7319,3,270718.86,69,1.0
1595,7318,3,79599.426,24,1.0
1596,7319,2,112328.124,155,2.0
1597,7321,1,83741.0205,61,4.0
1598,7311,1,111115.95,98,6.0
1599,7313,4,40405.8,38,1.0
1600,7309,2,151521.75,78,1.0
1601,7316,4,55557.975,73,3.0
1602,7311,4,394966.695,57,1.0
1603,7309,1,111115.95,176,6.0
1604,7310,4,336378.285,126,1.0
1605,7314,2,177583.491,128,7.0
1606,7319,3,356076.1125,114,1.0
1607,7310,1,75154.788,54,6.0
1608,7321,1,23435.364,39,4.0
1609,7316,3,106065.225,93,1.0
1610,7313,1,17778.552,148,4.0
1611,7312,1,14041.0155,120,6.0
1612,7313,4,122227.545,50,1.0
1613,7320,4,67679.715,105,5.0
1614,7316,1,207685.812,155,4.0
1615,7310,2,67679.715,116,1.0
1616,7321,2,57578.265,225,3.0
1617,7320,1,32324.64,219,6.0
1618,7313,3,244455.09,360,1.0
1619,7311,1,116166.675,103,6.0
1620,7312,4,179401.752,82,1.0
1621,7305,1,0.0,119,6.0
1622,7302,3,9697.392,274,3.0
1623,7319,4,115126.22565,75,1.0
1624,7312,2,58588.41,128,5.0
1625,7314,1,40405.8,62,6.0
1626,7321,6,197685.3765,49,1.0
1627,7318,4,136369.575,68,3.0
1628,7303,2,82023.774,67,1.0
1629,7309,3,303043.5,124,1.0
1630,7308,2,259607.265,63,1.0
1631,7303,4,294962.34,84,1.0
1632,7309,3,209352.55125,58,1.0
1633,7302,2,161623.2,64,1.0
1634,7301,5,140309.1405,52,1.0
1635,7318,3,106065.225,75,2.0
1636,7312,1,0.0,134,4.0
1637,7314,2,106418.77575,56,1.0
1638,7308,3,12121.74,57,5.0
1639,7317,3,212130.45,49,5.0
1640,7314,3,689120.919,56,2.0
1641,7319,2,100610.442,41,1.0
1642,7304,3,134349.285,144,3.0
1643,7302,1,80811.6,58,6.0
1644,7319,4,60608.7,151,1.0
1645,7306,2,34344.93,148,1.0
1646,7321,3,70306.092,54,1.0
1647,7322,2,130308.705,303,1.0
1648,7308,2,117479.8635,94,1.0
1649,7303,5,149804.5035,60,1.0
1650,7302,2,108085.515,123,5.0
1651,7316,1,64649.28,130,6.0
1652,7321,1,21213.045,56,4.0
1653,7302,6,64386.6423,68,3.0
1654,7321,3,140410.155,61,1.0
1655,7307,9,41011.887,116,1.0
1656,7316,2,106065.225,35,2.0
1657,7311,2,221726.8275,124,3.0
1658,7305,3,87771.49905,50,1.0
1659,7301,1,16162.32,275,6.0
1660,7306,4,15152.175,307,3.0
1661,7307,4,120308.2695,181,5.0
1662,7310,2,104347.9785,46,1.0
1663,7320,3,80508.5565,41,1.0
1664,7313,8,30304.35,79,1.0
1665,7315,2,48587.9745,63,3.0
1666,7301,1,116166.675,64,6.0
1667,7310,2,338398.575,100,1.0
1668,7304,2,161623.2,238,1.0
1669,7309,2,120207.255,201,1.0
1670,7302,5,30304.35,276,3.0
1671,7306,3,285871.035,64,1.0
1672,7314,4,124146.8205,66,3.0
1673,7312,3,141420.3,84,1.0
1674,7315,1,65659.425,86,6.0
1675,7320,5,74144.643,129,1.0
1676,7310,2,455676.4095,89,1.0
1677,7316,2,66164.4975,84,1.0
1678,7310,4,435877.5675,100,1.0
1679,7311,4,771548.751,111,1.0
1680,7308,2,68891.889,54,1.0
1681,7316,2,46870.728,333,1.0
1682,7321,1,33435.7995,81,4.0
1683,7318,3,91923.195,206,1.0
1684,7315,5,171724.65,113,1.0
1685,7320,1,34546.959,46,4.0
1686,7322,5,146370.0105,71,2.0
1687,7319,4,116166.675,67,1.0
1688,7309,1,10303.479,53,6.0
1689,7313,4,154047.1125,93,2.0
1690,7301,2,85256.238,48,1.0
1691,7302,3,182331.1725,89,1.0
1692,7315,2,47476.815,94,1.0
1693,7304,2,57982.323,136,5.0
1694,7304,3,21213.045,133,1.0
1695,7306,1,82831.89,76,6.0
1696,7306,4,138389.865,72,1.0
1697,7302,3,81821.745,109,3.0
1698,7311,1,6363.9135,340,6.0
1699,7313,3,135359.43,45,1.0
1700,7308,2,74346.672,44,3.0
1701,7313,2,145460.88,124,1.0
1702,7307,5,217181.175,88,1.0
1703,7312,2,75760.875,75,5.0
1704,7307,2,212736.537,101,1.0
1705,7309,1,21798.9291,88,6.0
1706,7310,3,419210.175,102,1.0
1707,7306,2,52527.54,192,3.0
1708,7316,1,58588.41,94,6.0
1709,7305,2,20000.871,105,2.0
1710,7314,2,74750.73,194,5.0
1711,7305,2,55810.51125,62,1.0
1712,7309,3,60608.7,90,1.0
1713,7318,3,121217.4,37,1.0
1714,7318,3,50103.192,66,3.0
1715,7301,1,43234.206,105,6.0
1716,7308,1,126268.125,261,4.0
1717,7302,1,137379.72,337,6.0
1718,7307,3,37577.394,101,3.0
1719,7316,6,18687.6825,177,3.0
1720,7318,4,108085.515,57,1.0
1721,7318,6,145460.88,39,1.0
1722,7308,1,68710.0629,303,4.0
1723,7314,4,147642.7932,61,5.0
1724,7317,4,91923.195,86,3.0
1725,7310,2,30304.35,90,3.0
1726,7320,2,100004.355,437,1.0
1727,7301,3,21021.11745,53,3.0
1728,7321,7,352944.663,66,1.0
1729,7305,3,58992.468,88,1.0
1730,7310,1,99903.3405,95,4.0
1731,7312,2,182331.1725,108,1.0
1732,7305,2,97984.065,58,1.0
1733,7301,5,0.0,75,1.0
1734,7309,4,685615.71585,143,1.0
1735,7303,3,57578.265,61,3.0
1736,7301,2,29294.205,42,5.0
1737,7321,1,68689.86,60,6.0
1738,7318,1,43739.2785,79,6.0
1739,7317,2,34142.901,50,7.0
1740,7312,3,42931.1625,53,3.0
1741,7313,4,150713.634,184,1.0
1742,7303,3,60608.7,215,2.0
1743,7310,1,23233.335,84,6.0
1744,7309,5,218191.32,61,1.0
1745,7316,1,102034.74645,154,6.0
1746,7321,1,0.0,73,6.0
1747,7308,2,554569.605,46,1.0
1748,7313,2,595.98555,98,3.0
1749,7312,1,0.0,126,4.0
1750,7322,1,72730.44,254,4.0
1751,7304,2,112126.095,67,3.0
1752,7302,2,109095.66,18,1.0
1753,7301,1,124651.893,324,4.0
1754,7302,2,96388.0359,85,1.0
1755,7309,5,8081.16,121,2.0
1756,7313,1,23233.335,36,6.0
1757,7314,4,81114.6435,310,1.0
1758,7310,2,1010.145,51,3.0
1759,7317,4,44850.438,254,3.0
1760,7302,1,14546.088,32,4.0
1761,7309,4,111115.95,137,1.0
1762,7318,2,63639.135,68,1.0
1763,7314,2,15152.175,122,1.0
1764,7313,3,147481.17,129,1.0
1765,7312,2,128298.51645,103,5.0
1766,7309,2,233343.495,50,1.0
1767,7304,1,20606.958,330,6.0
1768,7307,5,61113.7725,109,1.0
1769,7318,1,88892.76,86,4.0
1770,7316,2,212130.45,104,5.0
1771,7317,11,26061.741,81,1.0
1772,7310,2,346075.677,79,1.0
1773,7321,2,88145.2527,29,1.0
1774,7307,3,183139.2885,146,1.0
1775,7310,1,70710.15,61,4.0
1776,7310,5,618814.827,104,1.0
1777,7303,4,65659.425,99,1.0
1778,7315,1,186876.825,118,6.0
1779,7301,2,44446.38,112,1.0
1780,7321,1,77175.078,56,6.0
1781,7315,1,100004.355,84,6.0
1782,7307,5,101014.5,142,1.0
1783,7310,1,578308.0125,48,4.0
1784,7315,3,102024.645,86,2.0
1785,7316,4,96165.804,82,1.0
1786,7310,2,31516.524,114,3.0
1787,7316,2,122227.545,49,1.0
1788,7304,2,154552.185,204,1.0
1789,7315,5,19495.7985,122,1.0
1790,7310,2,242434.8,45,1.0
1791,7318,3,104044.935,117,1.0
1792,7321,3,931454.7045,81,1.0
1793,7304,1,44850.438,103,6.0
1794,7311,1,123338.7045,285,4.0
1795,7303,3,29294.205,166,3.0
1796,7322,1,10909.566,240,6.0
1797,7314,1,8081.16,41,6.0
1798,7320,6,247485.525,104,1.0
1799,7319,4,240414.51,73,1.0
1800,7314,4,57578.265,189,2.0
1801,7314,2,16162.32,210,1.0
1802,7321,2,45456.525,203,3.0
1803,7317,3,76973.049,87,1.0
1804,7318,5,34142.901,60,1.0
1805,7313,3,224050.161,72,1.0
1806,7310,2,151521.75,99,1.0
1807,7308,2,42426.09,84,1.0
1808,7304,2,50507.25,91,7.0
1809,7302,2,57982.323,81,5.0
1810,7314,4,103943.9205,61,1.0
1811,7318,2,33637.8285,63,1.0
1812,7318,5,12616.71105,174,3.0
1813,7316,2,111115.95,62,7.0
1814,7306,5,42426.09,263,1.0
1815,7301,2,76771.02,38,1.0
1816,7301,3,46466.67,104,1.0
1817,7321,2,72629.4255,245,3.0
1818,7310,2,391330.173,59,1.0
1819,7319,2,44143.3365,54,5.0
1820,7309,4,387895.68,35,1.0
1821,7304,1,41415.945,126,4.0
1822,7317,2,176472.3315,60,1.0
1823,7315,2,242434.8,152,1.0
1824,7309,1,10505.508,159,4.0
1825,7319,4,177381.462,138,1.0
1826,7305,3,180512.9115,107,1.0
1827,7317,3,113540.298,84,3.0
1828,7319,4,151723.779,45,1.0
1829,7307,2,112631.1675,76,7.0
1830,7308,3,373753.65,56,1.0
1831,7310,4,234353.64,118,1.0
1832,7317,2,16445.1606,82,1.0
1833,7318,4,118186.965,36,1.0
1834,7320,2,92125.224,238,3.0
1835,7306,3,70710.15,233,3.0
1836,7322,8,28789.1325,183,1.0
1837,7302,2,80811.6,80,1.0
1838,7310,1,161522.1855,52,4.0
1839,7316,1,171926.679,131,6.0
1840,7309,2,230313.06,98,1.0
1841,7311,4,56659.03305,27,1.0
1842,7321,4,94650.5865,26,3.0
1843,7301,5,65659.425,273,1.0
1844,7309,1,86367.3975,369,4.0
1845,7302,3,127278.27,18,1.0
1846,7303,3,131318.85,194,1.0
1847,7311,2,88892.76,84,1.0
1848,7321,4,97478.9925,75,1.0
1849,7313,2,29294.205,312,3.0
1850,7321,2,64952.3235,31,1.0
1851,7314,2,176775.375,62,1.0
1852,7310,1,0.0,47,4.0
1853,7322,3,90508.992,62,2.0
1854,7319,2,153542.04,35,1.0
1855,7322,4,29294.205,66,1.0
1856,7313,1,82528.8465,62,6.0
1857,7315,2,212130.45,229,5.0
1858,7309,2,74144.643,71,1.0
1859,7309,4,191927.55,170,1.0
1860,7303,1,43941.3075,38,6.0
1861,7315,1,11525.75445,167,4.0
1862,7310,4,1153585.59,71,1.0
1863,7314,2,460828.149,78,1.0
1864,7308,1,55557.975,95,6.0
1865,7308,4,266476.251,46,1.0
1866,7313,1,48082.902,96,4.0
1867,7319,2,64043.193,113,3.0
1868,7321,5,71619.2805,42,1.0
1869,7310,2,181017.984,44,1.0
1870,7301,2,73235.5125,69,1.0
1871,7318,1,72730.44,77,4.0
1872,7310,1,39092.6115,94,4.0
1873,7319,3,18182.61,196,3.0
1874,7316,2,106267.254,74,7.0
1875,7314,2,56568.12,57,1.0
1876,7309,5,220686.37815,114,1.0
1877,7310,1,90913.05,63,6.0
1878,7314,2,83842.035,153,1.0
1879,7306,2,0.0,99,7.0
1880,7308,1,17273.4795,93,6.0
1881,7307,2,156067.4025,83,1.0
1882,7303,1,27071.886,122,4.0
1883,7319,6,103034.79,104,1.0
1884,7319,1,33557.0169,70,6.0
1885,7307,4,82932.9045,32,1.0
1886,7312,4,2878.91325,127,5.0
1887,7309,3,50507.25,87,1.0
1888,7302,5,273244.2225,95,1.0
1889,7307,2,64750.2945,70,1.0
1890,7316,3,161926.2435,128,7.0
1891,7309,2,159602.91,97,1.0
1892,7322,4,81619.716,38,3.0
1893,7313,5,318195.675,50,1.0
1894,7318,5,74043.6285,133,1.0
1895,7301,2,139400.01,50,1.0
1896,7305,4,62628.99,112,1.0
1897,7311,5,150511.605,36,2.0
1898,7315,4,100004.355,77,1.0
1899,7310,1,65659.425,215,4.0
1900,7322,1,90913.05,32,4.0
1901,7302,3,29496.234,10,3.0
1902,7306,3,90913.05,116,1.0
1903,7303,2,112328.124,57,1.0
1904,7317,4,220211.61,82,1.0
1905,7314,1,43537.2495,79,6.0
1906,7303,1,19394.784,59,4.0
1907,7319,4,252536.25,67,1.0
1908,7303,1,56164.062,59,4.0
1909,7310,4,292537.992,132,1.0
1910,7304,4,106065.225,50,1.0
1911,7316,1,107075.37,49,6.0
1912,7313,3,54951.888,65,1.0
1913,7303,2,75760.875,55,5.0
1914,7317,3,128894.502,75,5.0
1915,7310,2,40405.8,114,7.0
1916,7315,1,45456.525,100,4.0
1917,7313,1,19192.755,374,6.0
1918,7302,2,56992.3809,107,1.0
1919,7309,3,217181.175,144,1.0
1920,7303,1,88933.1658,56,6.0
1921,7310,3,362035.968,31,1.0
1922,7307,2,378935.69385,58,1.0
1923,7320,2,27981.0165,119,7.0
1924,7308,4,111115.95,45,1.0
1925,7302,2,176371.317,62,1.0
1926,7310,2,858320.2065,63,1.0
1927,7310,4,133743.198,39,1.0
1928,7318,5,37981.452,73,1.0
1929,7302,3,95963.775,76,1.0
1930,7303,7,178896.6795,83,1.0
1931,7317,5,137379.72,115,1.0
1932,7301,3,34243.9155,373,3.0
1933,7315,2,60911.7435,99,1.0
1934,7319,2,55355.946,67,1.0
1935,7319,2,50507.25,76,1.0
1936,7301,5,113893.84875,80,2.0
1937,7321,6,115560.588,50,1.0
1938,7320,2,132227.9805,38,1.0
1939,7308,2,212130.45,59,1.0
1940,7310,1,121217.4,87,4.0
1941,7317,1,28890.147,199,6.0
1942,7302,2,389612.9265,82,1.0
1943,7306,1,13636.9575,226,4.0
1944,7310,1,169704.36,114,4.0
1945,7321,3,114752.472,134,1.0
1946,7310,2,136167.546,101,1.0
1947,7309,3,127076.241,113,1.0
1948,7317,2,383855.1,64,1.0
1949,7318,1,2020.29,63,4.0
1950,7313,3,113136.24,57,1.0
1951,7320,1,76063.9185,69,4.0
1952,7318,1,55557.975,59,6.0
1953,7303,1,61618.845,63,6.0
1954,7319,2,99802.326,52,3.0
1955,7305,1,129298.56,65,4.0
1956,7308,3,124247.835,102,1.0
1957,7320,2,34344.93,351,3.0
1958,7318,2,103034.79,34,1.0
1959,7303,1,19192.755,94,6.0
1960,7316,5,118894.0665,76,1.0
1961,7302,5,35355.075,221,1.0
1962,7303,3,171219.5775,39,1.0
1963,7309,2,343247.271,294,1.0
1964,7314,3,127278.27,221,1.0
1965,7314,7,299609.007,116,1.0
1966,7321,4,293750.166,42,3.0
1967,7301,4,30304.35,127,1.0
1968,7314,4,59295.5115,53,1.0
1969,7310,1,155865.3735,43,6.0
1970,7317,1,15960.291,68,6.0
1971,7313,7,200140.02885,354,1.0
1972,7311,2,141420.3,50,1.0
1973,7306,1,101014.5,136,6.0
1974,7302,9,655584.105,73,1.0
1975,7318,4,80811.6,39,1.0
1976,7317,2,85256.238,64,1.0
1977,7312,2,14142.03,70,7.0
1978,7316,1,13333.914,217,6.0
1979,7306,1,166673.925,131,6.0
1980,7312,1,60305.6565,71,4.0
1981,7304,4,252536.25,235,1.0
1982,7315,2,186876.825,104,1.0
1983,7312,3,128086.386,67,2.0
1984,7307,3,90610.0065,76,3.0
1985,7313,4,198998.565,163,1.0
1986,7315,1,30102.321,64,4.0
1987,7315,2,68487.831,103,3.0
1988,7315,1,101014.5,76,6.0
1989,7314,5,96973.92,116,1.0
1990,7304,2,705081.21,112,1.0
1991,7308,3,388956.33225,84,2.0
1992,7307,5,50507.25,54,2.0
1993,7305,1,94953.63,366,6.0
1994,7309,2,84448.122,26,7.0
1995,7313,3,22425.219,136,3.0
1996,7310,3,196978.275,59,1.0
1997,7317,4,141420.3,401,1.0
1998,7317,6,14465.2764,85,2.0
1999,7304,2,101014.5,200,1.0
2000,7317,6,90306.963,287,3.0
2001,7322,3,4848.696,162,2.0
2002,7311,6,144854.793,182,1.0
2003,7302,8,66245.3091,21,1.0
2004,7302,3,234353.64,13,3.0
2005,7319,2,59699.5695,181,1.0
2006,7303,1,35254.0605,155,4.0
2007,7301,4,88286.673,42,1.0
2008,7318,3,90610.0065,61,1.0
2009,7322,2,19394.784,61,2.0
2010,7309,3,11111.595,71,3.0
2011,7322,2,149501.46,25,1.0
2012,7314,2,47890.97445,50,1.0
2013,7304,2,129470.28465,95,1.0
2014,7306,5,172734.795,105,1.0
2015,7316,1,60608.7,137,4.0
2016,7310,2,161623.2,94,1.0
2017,7303,1,62831.019,56,6.0
2018,7301,5,129298.56,313,1.0
2019,7306,1,2626.377,251,4.0
2020,7321,1,37880.4375,56,6.0
2021,7306,5,102327.6885,33,2.0
2022,7321,4,146471.025,77,1.0
2023,7315,1,45456.525,109,6.0
2024,7311,3,87175.5135,86,1.0
2025,7312,4,164653.635,54,5.0
2026,7318,1,80.8116,117,4.0
2027,7310,5,169704.36,39,1.0
2028,7315,1,51113.337,64,6.0
2029,7317,2,171724.65,56,5.0
2030,7313,3,40607.829,48,3.0
2031,7314,3,171724.65,97,1.0
2032,7316,2,172734.795,61,7.0
2033,7317,1,77781.165,150,4.0
2034,7303,5,98287.1085,75,1.0
2035,7303,4,161926.2435,88,1.0
2036,7310,4,50507.25,49,3.0
2037,7315,3,166673.925,178,1.0
2038,7322,2,141420.3,83,1.0
2039,7322,4,25657.683,71,3.0
2040,7313,5,164047.548,61,1.0
2041,7301,1,73538.556,49,6.0
2042,7318,3,87074.499,50,2.0
2043,7301,1,17778.552,95,6.0
2044,7301,2,53537.685,182,1.0
2045,7311,2,104246.964,30,1.0
2046,7302,4,71518.266,46,2.0
2047,7315,1,45456.525,122,6.0
2048,7302,2,104044.935,12,1.0
2049,7303,6,49497.105,128,1.0
2050,7310,3,303366.7464,53,1.0
2051,7318,3,56568.12,110,3.0
2052,7319,3,196978.275,40,1.0
2053,7318,2,0.0,194,1.0
2054,7312,2,202.029,303,3.0
2055,7319,2,5959.8555,62,2.0
2056,7302,1,51012.3225,189,6.0
2057,7317,2,16768.407,136,5.0
2058,7301,5,5303.26125,57,1.0
2059,7303,1,115358.559,34,6.0
2060,7318,11,200109.7245,52,1.0
2061,7304,1,44850.438,123,6.0
2062,7321,1,66669.57,77,4.0
2063,7317,3,1515.2175,41,7.0
2064,7315,2,55760.004,112,1.0
2065,7314,6,237384.075,53,5.0
2066,7301,1,13263.20385,77,6.0
2067,7307,1,50709.279,54,4.0
2068,7311,2,647502.945,95,1.0
2069,7307,2,93337.398,51,1.0
2070,7301,1,96973.92,254,4.0
2071,7301,6,182836.245,240,1.0
2072,7317,6,13859.1894,377,1.0
2073,7313,4,202029.0,58,1.0
2074,7306,2,35355.075,108,2.0
2075,7308,2,257586.975,56,1.0
2076,7319,3,181826.1,104,1.0
2077,7320,2,113136.24,60,1.0
2078,7311,2,20202.9,189,1.0
2079,7302,1,141622.329,38,6.0
2080,7306,3,204554.3625,31,1.0
2081,7315,3,202029.0,97,1.0
2082,7307,6,82629.861,69,1.0
2083,7311,2,791751.651,34,1.0
2084,7307,2,115984.8489,145,1.0
2085,7316,2,122227.545,145,1.0
2086,7306,2,55557.975,60,1.0
2087,7304,3,189907.26,611,1.0
2088,7315,5,81619.716,78,1.0
2089,7315,1,18132.10275,105,4.0
2090,7314,6,53537.685,68,1.0
2091,7314,1,26768.8425,110,4.0
2092,7310,1,134349.285,58,4.0
2093,7315,3,77781.165,88,3.0
2094,7317,2,30405.3645,51,2.0
2095,7310,2,50507.25,56,7.0
2096,7315,4,42628.119,54,1.0
2097,7303,4,181826.1,67,1.0
2098,7307,2,103034.79,33,1.0
2099,7316,1,25253.625,85,4.0
2100,7301,2,14344.059,47,1.0
2101,7302,4,125257.98,82,1.0
2102,7309,2,88387.6875,118,1.0
2103,7308,5,126268.125,153,1.0
2104,7311,1,101014.5,119,4.0
2105,7309,2,102024.645,325,1.0
2106,7309,1,16970.436,144,6.0
2107,7302,4,157481.6055,82,1.0
2108,7316,1,75760.875,67,6.0
2109,7301,3,54042.7575,327,1.0
2110,7301,1,90610.0065,61,6.0
2111,7310,1,376076.9835,64,6.0
2112,7316,6,22425.219,126,3.0
2113,7318,2,121217.4,56,1.0
2114,7317,2,149905.518,96,1.0
2115,7310,2,131318.85,212,7.0
2116,7320,2,80811.6,223,1.0
2117,7311,1,181826.1,129,6.0
2118,7304,2,636391.35,110,5.0
2119,7316,2,157582.62,60,5.0
2120,7311,5,126268.125,34,1.0
2121,7304,4,101014.5,87,1.0
2122,7312,2,113136.24,107,1.0
2123,7313,2,106065.225,75,1.0
2124,7314,3,116368.704,56,1.0
2125,7301,6,185361.6075,151,3.0
2126,7313,3,241727.6985,32,1.0
2127,7304,5,31415.5095,230,3.0
2128,7313,2,102024.645,63,1.0
2129,7309,3,354257.8515,29,2.0
2130,7317,2,131318.85,149,1.0
2131,7313,1,64649.28,77,4.0
2132,7322,3,50295.11955,93,1.0
2133,7303,2,8283.189,68,3.0
2134,7317,7,87377.5425,81,1.0
2135,7320,4,210291.9861,81,3.0
2136,7306,2,56669.1345,46,1.0
2137,7305,6,50507.25,112,3.0
2138,7316,1,8485.218,149,6.0
2139,7321,1,16162.32,166,6.0
2140,7319,1,361631.91,128,6.0
2141,7315,2,30203.3355,77,1.0
2142,7318,4,50406.2355,90,3.0
2143,7309,2,55254.9315,47,1.0
2144,7308,2,202029.0,83,1.0
2145,7312,2,67477.686,49,1.0
2146,7305,5,138389.865,179,1.0
2147,7318,4,43739.2785,69,1.0
2148,7304,3,91145.38335,108,1.0
2149,7321,3,54547.83,59,1.0
2150,7314,4,305063.79,85,1.0
2151,7311,5,46971.7425,37,1.0
2152,7305,2,252839.2935,101,1.0
2153,7313,2,86872.47,104,2.0
2154,7310,1,48486.96,83,4.0
2155,7313,2,172734.795,53,1.0
2156,7315,2,101014.5,424,2.0
2157,7311,2,121217.4,95,1.0
2158,7306,3,113742.327,84,1.0
2159,7318,2,16606.7838,76,7.0
2160,7313,3,17576.523,165,1.0
2161,7321,4,66669.57,222,3.0
2162,7319,3,132935.082,46,1.0
2163,7315,2,52931.598,30,1.0
2164,7304,2,44405.9742,47,1.0
2165,7310,2,182836.245,92,1.0
2166,7315,1,92529.282,105,4.0
2167,7313,3,51012.3225,54,3.0
2168,7310,1,55861.0185,76,4.0
2169,7316,1,62426.961,110,6.0
2170,7301,1,35355.075,53,4.0
2171,7322,6,92660.60085,51,1.0
2172,7314,1,19394.784,59,6.0
2173,7314,1,63033.048,73,4.0
2174,7316,1,104095.44225,65,6.0
2175,7319,5,43436.235,113,1.0
2176,7317,3,59598.555,97,1.0
2177,7301,3,253647.4095,54,1.0
2178,7312,2,238596.249,69,1.0
2179,7302,1,19192.755,177,4.0
2180,7313,1,40405.8,262,4.0
2181,7316,1,105055.08,228,6.0
2182,7317,1,71013.1935,65,4.0
2183,7321,3,133137.111,46,3.0
2184,7315,1,12121.74,96,4.0
2185,7305,2,77882.1795,47,1.0
2186,7306,3,50507.25,246,1.0
2187,7314,4,21112.0305,89,3.0
2188,7302,1,110105.805,10,6.0
2189,7319,4,43234.206,47,7.0
2190,7314,4,75730.57065,57,1.0
2191,7304,4,320215.965,199,1.0
2192,7310,2,81215.658,202,7.0
2193,7320,2,197614.66635,42,1.0
2194,7304,4,162633.345,80,1.0
2195,7301,3,207887.841,49,1.0
2196,7317,4,9899.421,41,5.0
2197,7321,4,56770.149,24,1.0
2198,7313,1,13838.9865,179,4.0
2199,7305,1,79599.426,81,6.0
2200,7322,2,127379.2845,39,5.0
2201,7313,2,103438.848,54,1.0
2202,7310,2,242434.8,101,1.0
2203,7309,2,249707.844,53,1.0
2204,7311,1,85862.325,76,4.0
2205,7302,4,228999.8715,96,1.0
2206,7314,2,122227.545,69,1.0
2207,7313,2,60608.7,96,5.0
2208,7321,1,0.0,61,6.0
2209,7321,1,80811.6,202,4.0
2210,7314,3,89397.8325,60,1.0
2211,7304,3,101014.5,136,1.0
2212,7321,3,63639.135,57,1.0
2213,7302,5,92933.34,243,2.0
2214,7314,2,123237.69,62,1.0
2215,7310,1,35254.0605,60,6.0
2216,7304,2,44749.4235,61,5.0
2217,7312,4,59598.555,73,1.0
2218,7317,4,60608.7,69,1.0
2219,7317,1,28284.06,137,6.0
2220,7309,6,148491.315,199,1.0
2221,7321,3,27576.9585,139,1.0
2222,7307,2,328297.125,108,1.0
2223,7318,2,10808.5515,41,3.0
2224,7308,3,162128.2725,78,3.0
2225,7310,2,673766.715,62,1.0
2226,7318,2,33839.8575,59,3.0
2227,7315,1,28789.1325,67,6.0
2228,7308,5,46466.67,43,1.0
2229,7311,2,33233.7705,51,1.0
2230,7316,3,98994.21,113,1.0
2231,7321,1,88791.7455,68,4.0
2232,7319,2,23233.335,50,1.0
2233,7311,4,97984.065,132,3.0
2234,7303,2,59598.555,95,1.0
2235,7316,1,7071.015,84,6.0
2236,7305,8,49800.1485,324,2.0
2237,7301,2,45456.525,80,1.0
2238,7311,2,657604.395,64,1.0
2239,7304,2,118166.7621,157,1.0
2240,7319,5,18182.61,376,2.0
2241,7306,1,237283.0605,44,4.0
2242,7316,1,20202.9,51,4.0
2243,7306,5,94448.5575,42,1.0
2244,7301,2,212938.566,63,1.0
2245,7313,1,47678.844,40,6.0
2246,7320,2,187301.0859,68,1.0
2247,7310,2,222433.929,48,1.0
2248,7312,4,151925.808,48,1.0
2249,7314,5,131318.85,78,1.0
2250,7318,2,67235.2512,28,1.0
2251,7301,2,171724.65,95,1.0
2252,7316,1,24243.48,76,4.0
2253,7322,2,83336.9625,104,1.0
2254,7314,4,255566.685,58,1.0
2255,7311,2,204079.59435,55,1.0
2256,7305,1,36971.307,300,4.0
2257,7305,5,198594.507,112,1.0
2258,7319,2,178795.665,50,1.0
2259,7317,2,23233.335,92,3.0
2260,7310,1,25253.625,100,6.0
2261,7311,2,194957.985,51,1.0
2262,7302,2,96468.8475,43,1.0
2263,7310,2,138561.58965,167,5.0
2264,7309,4,136369.575,59,1.0
2265,7317,2,26263.77,114,2.0
2266,7312,1,31314.495,56,6.0
2267,7316,3,102630.732,108,1.0
2268,7304,2,29294.205,92,7.0
2269,7305,5,108691.602,53,1.0
2270,7305,3,189907.26,119,1.0
2271,7306,2,37375.365,78,1.0
2272,7309,1,34344.93,81,4.0
2273,7316,2,244455.09,135,7.0
2274,7307,3,96064.7895,103,1.0
2275,7313,1,22304.0016,145,6.0
2276,7313,2,90913.05,93,1.0
2277,7322,5,21112.0305,72,1.0
2278,7308,2,25051.596,75,1.0
2279,7312,2,58083.3375,69,1.0
2280,7321,4,27071.886,68,1.0
2281,7303,1,56265.0765,58,4.0
2282,7313,3,173845.9545,33,1.0
2283,7316,1,11010.5805,118,4.0
2284,7313,3,60608.7,72,1.0
2285,7302,4,176876.3895,52,3.0
2286,7315,2,174755.085,59,1.0
2287,7313,4,144450.735,44,1.0
2288,7320,2,205362.4785,71,1.0
2289,7322,1,12828.8415,265,6.0
2290,7304,1,129298.56,207,4.0
2291,7314,1,101014.5,351,4.0
2292,7322,3,20233.20435,52,2.0
2293,7315,2,2000.0871,62,2.0
2294,7302,1,37072.3215,63,6.0
2295,7313,4,58588.41,112,1.0
2296,7315,3,74649.7155,84,2.0
2297,7307,4,90104.934,105,1.0
2298,7321,1,63639.135,74,6.0
2299,7310,1,32324.64,107,4.0
2300,7321,7,25778.9004,189,2.0
2301,7310,2,121116.3855,88,1.0
2302,7321,2,181826.1,54,1.0
2303,7319,2,72023.3385,35,1.0
2304,7319,2,33839.8575,70,3.0
2305,7302,1,22324.2045,41,6.0
2306,7321,2,31112.466,50,3.0
2307,7320,1,65659.425,99,6.0
2308,7306,1,204150.3045,100,4.0
2309,7321,2,80003.484,67,7.0
2310,7302,4,264657.99,86,1.0
2311,7317,1,68689.86,277,4.0
2312,7316,2,188897.115,62,1.0
2313,7304,2,72932.469,118,1.0
2314,7316,1,70710.15,131,4.0
2315,7302,1,22728.2625,66,6.0
2316,7314,2,223242.045,62,1.0
2317,7305,4,213746.682,105,1.0
2318,7307,1,22223.19,54,4.0
2319,7318,1,1515.2175,64,6.0
2320,7316,1,49497.105,91,6.0
2321,7314,2,611137.725,75,1.0
2322,7304,3,224252.19,86,1.0
2323,7314,4,93943.485,294,1.0
2324,7319,3,23435.364,276,3.0
2325,7316,1,70710.15,76,6.0
2326,7313,1,15152.175,452,6.0
2327,7307,2,121217.4,171,1.0
2328,7309,2,201725.9565,48,1.0
2329,7306,4,40405.8,76,3.0
2330,7307,3,250515.96,35,1.0
2331,7321,4,44143.3365,47,3.0
2332,7311,4,169704.36,261,1.0
2333,7317,6,37375.365,203,1.0
2334,7302,4,42325.0755,85,1.0
2335,7316,1,12626.8125,130,6.0
2336,7316,1,50507.25,60,6.0
2337,7321,1,60608.7,28,6.0
2338,7313,4,81821.745,86,2.0
2339,7318,1,52224.4965,50,6.0
2340,7306,2,68992.9035,41,5.0
2341,7313,2,82427.832,30,1.0
2342,7305,5,252435.2355,99,1.0
2343,7307,6,184553.4915,102,1.0
2344,7316,3,95963.775,130,1.0
2345,7306,2,85862.325,103,1.0
2346,7319,4,186876.825,45,1.0
2347,7312,2,101014.5,78,1.0
2348,7306,6,208897.986,75,1.0
2349,7306,1,50406.2355,61,4.0
2350,7314,2,80811.6,52,1.0
2351,7303,1,57578.265,91,4.0
2352,7310,3,109802.7615,50,5.0
2353,7318,3,48486.96,65,1.0
2354,7310,2,74750.73,64,1.0
2355,7314,1,90913.05,103,4.0
2356,7308,5,169704.36,60,1.0
2357,7322,5,112833.1965,107,1.0
2358,7309,3,436655.37915,75,1.0
2359,7313,2,143137.5465,84,1.0
2360,7303,1,0.0,83,4.0
2361,7310,1,96973.92,45,4.0
2362,7317,8,168694.215,60,1.0
2363,7306,6,56568.12,55,1.0
2364,7313,4,376784.085,57,1.0
2365,7314,1,90913.05,126,6.0
2366,7307,3,166673.925,65,3.0
2367,7316,1,98994.21,128,6.0
2368,7301,7,128894.502,54,1.0
2369,7310,1,24243.48,86,4.0
2370,7315,4,168492.186,73,1.0
2371,7317,1,50507.25,111,4.0
2372,7322,5,177583.491,76,1.0
2373,7321,4,95963.775,202,1.0
2374,7308,4,222231.9,64,1.0
2375,7303,2,40405.8,96,3.0
2376,7307,1,27273.915,102,4.0
2377,7311,4,29900.292,93,1.0
2378,7317,4,126571.1685,415,3.0
2379,7303,1,84852.18,67,6.0
2380,7310,4,123237.69,62,1.0
2381,7310,2,92933.34,187,2.0
2382,7320,4,114146.385,130,1.0
2383,7304,4,127278.27,66,1.0
2384,7316,1,1010.145,111,4.0
2385,7310,2,554569.605,52,1.0
2386,7310,4,171724.65,33,1.0
2387,7306,2,70710.15,66,1.0
2388,7315,3,267688.425,62,1.0
2389,7308,2,87892.71645,130,7.0
2390,7304,2,617198.595,77,1.0
2391,7306,2,93539.427,63,3.0
2392,7306,2,9899.421,36,3.0
2393,7309,2,172128.708,89,1.0
2394,7310,5,118085.9505,77,1.0
2395,7303,4,78791.31,75,1.0
2396,7322,1,48486.96,182,4.0
2397,7302,1,78185.223,90,4.0
2398,7311,4,310296.3411,150,1.0
2399,7313,1,59174.2941,135,6.0
2400,7305,3,202938.1305,49,1.0
2401,7322,4,103034.79,68,2.0
2402,7310,2,33940.872,270,1.0
2403,7310,1,59548.04775,66,6.0
2404,7315,2,10808.5515,66,1.0
2405,7312,2,228797.8425,196,1.0
2406,7313,2,132328.995,135,1.0
2407,7316,3,141420.3,171,1.0
2408,7318,4,151723.779,57,1.0
2409,7304,3,117176.82,59,1.0
2410,7309,5,596187.579,95,1.0
2411,7322,1,33738.843,45,4.0
2412,7301,1,25657.683,60,6.0
2413,7307,5,257586.975,42,1.0
2414,7315,6,69700.005,249,1.0
2415,7309,2,164653.635,75,1.0
2416,7315,3,37375.365,69,3.0
2417,7301,6,186139.41915,324,1.0
2418,7305,2,75760.875,402,2.0
2419,7321,5,47476.815,211,1.0
2420,7321,2,47476.815,50,7.0
2421,7312,4,204049.29,66,1.0
2422,7309,1,111115.95,87,6.0
2423,7302,1,11111.595,86,6.0
2424,7312,6,81417.687,65,1.0
2425,7303,4,40405.8,81,1.0
2426,7319,5,162936.3885,81,3.0
2427,7322,4,85054.209,55,1.0
2428,7307,2,10101.45,95,3.0
2429,7322,3,126268.125,71,1.0
2430,7316,1,102600.42765,100,4.0
2431,7320,4,169704.36,105,1.0
2432,7319,1,59093.4825,54,4.0
2433,7302,5,179805.81,5,1.0
2434,7315,6,186876.825,45,1.0
2435,7312,5,260516.3955,50,3.0
2436,7313,2,191927.55,126,5.0
2437,7322,6,39799.713,62,3.0
2438,7315,2,124954.9365,51,1.0
2439,7314,2,238394.22,54,1.0
2440,7302,1,30304.35,87,6.0
2441,7315,3,227211.91485,95,1.0
2442,7301,2,41011.887,50,1.0
2443,7311,2,52729.569,79,3.0
2444,7305,1,63033.048,49,6.0
2445,7308,4,188392.0425,47,1.0
2446,7312,3,29294.205,226,3.0
2447,7312,2,242434.8,54,1.0
2448,7316,1,82831.89,115,4.0
2449,7304,4,141420.3,184,1.0
2450,7311,4,507092.79,188,1.0
2451,7314,1,11616.6675,339,4.0
2452,7312,2,168694.215,83,1.0
2453,7301,2,219120.6534,72,1.0
2454,7316,2,251829.1485,108,5.0
2455,7308,3,115156.53,109,1.0
2456,7316,1,53941.743,78,4.0
2457,7305,1,13434.9285,215,6.0
2458,7317,6,0.0,199,5.0
2459,7318,4,87579.5715,76,1.0
2460,7301,1,90913.05,84,4.0
2461,7316,1,84953.1945,111,4.0
2462,7312,4,252536.25,97,1.0
2463,7319,2,165663.78,134,1.0
2464,7311,2,222231.9,60,1.0
2465,7316,2,72730.44,159,1.0
2466,7304,2,168391.1715,98,1.0
2467,7309,2,181826.1,98,1.0
2468,7320,4,108893.631,267,1.0
2469,7315,2,22829.277,64,1.0
2470,7308,2,142430.445,90,1.0
2471,7321,3,109701.747,61,2.0
2472,7314,1,30304.35,130,4.0
2473,7304,2,44446.38,84,3.0
2474,7313,3,98994.21,229,1.0
2475,7302,1,34041.8865,102,6.0
2476,7321,1,12323.769,48,6.0
2477,7313,3,31112.466,52,1.0
2478,7315,1,36365.22,108,4.0
2479,7321,5,912362.964,66,1.0
2480,7301,1,70710.15,59,6.0
2481,7302,4,128288.415,60,1.0
2482,7306,3,267688.425,76,1.0
2483,7304,6,301023.21,71,1.0
2484,7307,2,38688.5535,77,1.0
2485,7303,2,47880.873,88,1.0
2486,7311,4,160107.9825,68,1.0
2487,7304,2,389612.9265,57,1.0
2488,7301,1,505.0725,93,4.0
2489,7313,2,59598.555,53,3.0
2490,7303,2,85862.325,76,3.0
2491,7315,5,172431.7515,72,1.0
2492,7312,3,58537.90275,45,1.0
2493,7301,2,47476.815,164,1.0
2494,7311,2,1027014.4215,37,1.0
2495,7321,5,114247.3995,51,1.0
2496,7307,2,105762.1815,28,1.0
2497,7309,1,101418.558,190,4.0
2498,7316,1,111115.95,94,6.0
2499,7306,2,105459.138,69,5.0
2500,7317,2,25758.6975,155,5.0
2501,7308,1,140713.1985,50,4.0
2502,7305,2,152026.8225,98,1.0
2503,7321,1,46971.7425,78,6.0
2504,7302,5,100408.413,80,1.0
2505,7313,3,101014.5,45,1.0
2506,7316,2,38385.51,88,1.0
2507,7316,1,12121.74,40,6.0
2508,7311,4,352540.605,111,1.0
2509,7321,4,180815.955,70,1.0
2510,7308,4,404058.0,120,1.0
2511,7301,1,108388.5585,45,6.0
2512,7310,2,151521.75,143,1.0
2513,7312,1,30102.321,59,6.0
2514,7320,5,142430.445,151,1.0
2515,7317,3,13131.885,236,5.0
2516,7306,2,94953.63,103,1.0
2517,7319,4,78791.31,226,1.0
2518,7301,1,39314.8434,125,6.0
2519,7317,3,85963.3395,89,1.0
2520,7318,2,19192.755,89,3.0
2521,7307,4,167684.07,137,1.0
2522,7319,1,22223.19,80,6.0
2523,7321,1,15758.262,44,6.0
2524,7307,3,101014.5,47,1.0
2525,7305,3,144450.735,53,2.0
2526,7322,3,50507.25,83,1.0
2527,7304,4,171724.65,77,1.0
2528,7302,5,82831.89,10,1.0
2529,7313,2,117176.82,45,1.0
2530,7310,2,108085.515,54,2.0
2531,7319,2,87882.615,56,1.0
2532,7309,4,346984.8075,95,1.0
2533,7319,2,158612.9679,123,1.0
2534,7314,3,176775.375,87,1.0
2535,7304,3,126268.125,202,1.0
2536,7318,4,233343.495,46,2.0
2537,7314,4,43638.264,68,1.0
2538,7321,1,11111.595,183,6.0
2539,7316,7,286073.064,51,1.0
2540,7319,2,32324.64,73,3.0
2541,7307,5,92125.224,220,1.0
2542,7312,2,0.0,33,3.0
2543,7317,2,388198.7235,73,1.0
2544,7305,4,126268.125,67,1.0
2545,7309,4,637401.495,86,1.0
2546,7319,3,178896.6795,51,1.0
2547,7312,3,95963.775,49,5.0
2548,7301,4,15758.262,130,3.0
2549,7304,1,53537.685,93,6.0
2550,7319,4,167684.07,62,3.0
2551,7308,2,112126.095,114,5.0
2552,7313,3,92731.311,35,1.0
2553,7313,2,18182.61,136,3.0
2554,7313,5,421129.4505,53,2.0
2555,7301,1,35254.0605,122,6.0
2556,7308,1,51517.395,168,6.0
2557,7318,3,34142.901,56,1.0
2558,7314,2,171017.5485,104,1.0
2559,7321,1,33334.785,47,4.0
2560,7304,1,41314.9305,84,6.0
2561,7308,3,156572.475,78,3.0
2562,7309,4,222231.9,115,1.0
2563,7306,2,48688.989,133,1.0
2564,7313,2,33334.785,70,5.0
2565,7317,4,36365.22,36,7.0
2566,7320,4,161623.2,110,1.0
2567,7306,3,0.0,239,3.0
2568,7313,2,20606.958,32,1.0
2569,7317,4,95963.775,66,2.0
2570,7313,1,42830.148,71,6.0
2571,7309,6,799428.753,158,1.0
2572,7309,1,0.0,119,4.0
2573,7308,2,42284.6697,57,1.0
2574,7312,5,129298.56,37,1.0
2575,7303,2,26162.7555,59,1.0
2576,7303,2,122227.545,134,3.0
2577,7322,2,294962.34,56,1.0
2578,7321,2,85054.209,55,1.0
2579,7305,1,67578.7005,94,6.0
2580,7313,3,91014.0645,98,1.0
2581,7314,1,55557.975,62,6.0
2582,7309,1,94953.63,82,6.0
2583,7314,2,46466.67,56,1.0
2584,7313,3,72730.44,117,1.0
2585,7301,5,88892.76,57,1.0
2586,7312,3,84953.1945,213,1.0
2587,7314,1,8081.16,166,4.0
2588,7311,3,114651.4575,50,1.0
2589,7308,4,185159.5785,99,1.0
2590,7319,3,27758.7846,121,1.0
2591,7301,3,49901.163,112,3.0
2592,7305,2,132025.9515,122,1.0
2593,7316,1,13131.885,147,6.0
2594,7304,2,161623.2,79,2.0
2595,7308,2,66669.57,103,1.0
2596,7316,2,50507.25,190,3.0
2597,7319,2,137379.72,41,1.0
2598,7316,2,101014.5,110,1.0
2599,7321,1,8990.2905,63,6.0
2600,7306,3,52527.54,145,1.0
2601,7317,3,71114.208,47,3.0
2602,7317,1,80811.6,139,4.0
2603,7309,3,106065.225,172,1.0
2604,7309,1,151521.75,174,6.0
2605,7309,5,242434.8,133,1.0
2606,7305,2,100610.442,49,1.0
2607,7310,4,252536.25,41,1.0
2608,7306,3,21112.0305,35,3.0
2609,7311,11,265264.077,88,1.0
2610,7319,4,21718.1175,237,3.0
2611,7316,2,10404.4935,130,5.0
2612,7301,5,68386.8165,370,1.0
2613,7306,1,30304.35,230,4.0
2614,7314,1,19798.842,77,6.0
2615,7314,2,46214.13375,73,1.0
2616,7313,1,206574.6525,69,6.0
2617,7315,2,111115.95,56,1.0
2618,7301,1,909.1305,126,6.0
2619,7308,2,39900.7275,123,5.0
2620,7311,3,0.0,124,1.0
2621,7305,2,64649.28,108,1.0
2622,7310,2,61618.845,98,7.0
2623,7307,4,58588.41,75,1.0
2624,7305,3,197988.42,126,1.0
2625,7303,1,50507.25,59,4.0
2626,7319,3,45466.62645,99,3.0
2627,7311,4,143541.6045,109,1.0
2628,7319,6,201725.9565,60,2.0
2629,7321,3,45557.5395,70,1.0
2630,7308,4,88690.731,86,5.0
2631,7314,1,40405.8,121,6.0
2632,7312,5,71316.237,144,2.0
2633,7322,2,65659.425,205,2.0
2634,7301,1,90913.05,74,6.0
2635,7315,1,15152.175,122,4.0
2636,7322,1,26263.77,28,6.0
2637,7310,2,289911.615,51,1.0
2638,7313,1,39395.655,91,4.0
2639,7308,3,214150.74,63,1.0
2640,7318,1,49699.134,224,4.0
2641,7303,4,112227.1095,44,1.0
2642,7307,2,55355.946,81,1.0
2643,7316,2,124379.15385,153,1.0
2644,7321,1,11313.624,43,4.0
2645,7316,5,48486.96,65,1.0
2646,7309,4,404058.0,102,1.0
2647,7303,1,19596.813,52,6.0
2648,7308,1,566388.3015,62,4.0
2649,7316,1,252536.25,356,6.0
2650,7301,1,58588.41,45,4.0
2651,7308,1,217080.1605,56,6.0
2652,7303,2,161623.2,50,1.0
2653,7304,3,30304.35,138,1.0
2654,7311,5,258597.12,32,1.0
2655,7313,4,165158.7075,43,1.0
2656,7317,2,40102.7565,76,1.0
2657,7313,5,323549.4435,91,1.0
2658,7303,4,143440.59,35,1.0
2659,7312,2,159198.852,64,1.0
2660,7309,3,129298.56,349,5.0
2661,7313,3,206069.58,38,1.0
2662,7317,4,44446.38,65,3.0
2663,7316,2,75760.875,249,3.0
2664,7306,1,7273.044,147,4.0
2665,7309,2,389764.44825,32,3.0
2666,7307,1,35456.0895,58,6.0
2667,7310,4,157279.5765,59,1.0
2668,7319,2,69093.918,66,1.0
2669,7313,4,6464.928,49,1.0
2670,7319,2,126773.1975,65,2.0
2671,7306,2,62881.52625,81,1.0
2672,7313,3,53537.685,55,5.0
2673,7304,1,17374.494,64,6.0
2674,7303,3,82831.89,44,7.0
2675,7313,3,96630.4707,29,2.0
2676,7315,6,280820.31,94,1.0
2677,7317,2,67679.715,181,1.0
2678,7317,1,13940.001,94,6.0
2679,7322,1,10101.45,251,6.0
2680,7318,1,29092.176,33,6.0
2681,7317,5,73740.585,275,2.0
2682,7321,2,87377.5425,63,1.0
2683,7314,1,125338.7916,128,4.0
2684,7313,2,20202.9,92,3.0
2685,7314,3,277789.875,130,1.0
2686,7314,5,106368.2685,154,1.0
2687,7306,6,180159.36075,62,1.0
2688,7317,2,71417.2515,115,3.0
2689,7301,3,70710.15,70,1.0
2690,7318,3,72124.353,75,1.0
2691,7321,2,60608.7,78,1.0
2692,7317,2,113338.269,67,7.0
2693,7314,2,35355.075,44,7.0
2694,7306,5,227787.6975,101,1.0
2695,7314,2,48385.9455,61,3.0
2696,7315,1,40405.8,95,4.0
2697,7307,2,37678.4085,53,1.0
2698,7307,1,25657.683,435,4.0
2699,7315,3,29799.2775,257,1.0
2700,7321,2,12121.74,61,1.0
2701,7318,2,187886.97,30,3.0
2702,7322,5,79700.4405,40,3.0
2703,7319,6,201059.2608,65,1.0
2704,7311,3,131722.908,44,1.0
2705,7305,3,134591.7198,53,1.0
2706,7312,3,0.0,41,7.0
2707,7301,2,46062.612,79,1.0
2708,7321,1,60608.7,60,6.0
2709,7310,3,57578.265,99,3.0
2710,7314,2,183442.332,102,1.0
2711,7317,2,28587.1035,51,5.0
2712,7309,5,111924.066,45,1.0
2713,7305,2,148794.3585,53,1.0
2714,7316,1,58588.41,165,6.0
2715,7319,3,227787.6975,69,1.0
2716,7302,4,16869.4215,11,3.0
2717,7316,1,65760.4395,55,6.0
2718,7313,3,150218.66295,278,1.0
2719,7317,3,80649.9768,213,3.0
2720,7309,2,64649.28,70,1.0
2721,7313,1,40708.8435,38,6.0
2722,7301,2,73740.585,42,1.0
2723,7321,2,25253.625,158,5.0
2724,7318,8,108085.515,117,1.0
2725,7306,4,53638.6995,85,3.0
2726,7311,4,305063.79,99,1.0
2727,7319,1,54547.83,137,6.0
2728,7316,2,465272.787,219,5.0
2729,7315,3,90913.05,70,1.0
2730,7317,2,164653.635,69,1.0
2731,7308,4,143238.561,42,1.0
2732,7301,1,101216.529,112,6.0
2733,7312,5,114146.385,44,1.0
2734,7315,1,39496.6695,71,4.0
2735,7313,2,91519.137,109,5.0
2736,7319,2,93943.485,199,1.0
2737,7312,3,95963.775,81,1.0
2738,7313,1,91226.19495,39,6.0
2739,7316,2,156572.475,98,7.0
2740,7301,1,12121.74,106,4.0
2741,7308,4,156572.475,99,1.0
2742,7316,1,16465.3635,136,4.0
2743,7303,4,141420.3,61,1.0
2744,7313,2,101014.5,630,5.0
2745,7321,4,70710.15,115,3.0
2746,7302,3,40405.8,280,2.0
2747,7320,2,80508.5565,64,2.0
2748,7320,2,72730.44,69,1.0
2749,7312,4,38011.75635,53,5.0
2750,7301,2,98994.21,91,1.0
2751,7304,1,48002.0904,72,4.0
2752,7305,3,494971.05,195,1.0
2753,7322,4,77781.165,165,3.0
2754,7317,1,52527.54,99,4.0
2755,7309,2,423250.755,94,1.0
2756,7301,2,64245.222,35,7.0
2757,7301,2,120692.1246,27,1.0
2758,7310,4,70710.15,78,1.0
2759,7319,4,183947.4045,40,1.0
2760,7315,4,153542.04,70,1.0
2761,7309,2,43941.3075,67,1.0
2762,7308,3,151521.75,69,1.0
2763,7302,1,40405.8,120,4.0
2764,7322,4,11111.595,182,1.0
2765,7320,2,90913.05,221,7.0
2766,7301,6,160916.0985,47,1.0
2767,7303,4,52527.54,53,1.0
2768,7304,2,209403.0585,54,1.0
2769,7310,2,50507.25,65,1.0
2770,7303,1,135864.5025,80,4.0
2771,7305,2,51315.366,172,1.0
2772,7315,2,26970.8715,149,2.0
2773,7315,1,4343.6235,89,6.0
2774,7321,2,30304.35,186,3.0
2775,7301,1,63437.106,105,6.0
2776,7321,2,17980.581,178,1.0
2777,7314,1,67679.715,68,4.0
2778,7301,3,99600.297,60,1.0
2779,7315,4,88993.7745,133,1.0
2780,7318,2,142935.5175,130,1.0
2781,7309,2,50507.25,101,1.0
2782,7317,2,11414.6385,77,3.0
2783,7315,3,86872.47,46,1.0
2784,7309,3,18889.7115,27,3.0
2785,7310,2,104044.935,55,1.0
2786,7313,1,44850.438,86,4.0
2787,7316,1,36365.22,72,6.0
2788,7319,2,41213.916,45,5.0
2789,7304,1,71720.295,160,6.0
2790,7318,6,244657.119,84,1.0
2791,7318,2,30001.3065,52,1.0
2792,7307,2,93943.485,28,1.0
2793,7318,4,66467.541,209,3.0
2794,7305,4,58588.41,65,1.0
2795,7313,2,56669.1345,29,1.0
2796,7316,2,84246.093,59,1.0
2797,7315,2,294962.34,92,1.0
2798,7307,1,18182.61,51,4.0
2799,7313,2,552549.315,75,1.0
2800,7308,1,32324.64,97,6.0
2801,7313,2,56770.149,120,7.0
2802,7319,2,74043.6285,70,1.0
2803,7302,2,179502.7665,56,1.0
2804,7315,3,146471.025,370,1.0
2805,7303,1,35355.075,87,6.0
2806,7305,3,91418.1225,42,3.0
2807,7302,3,45961.5975,66,7.0
2808,7301,2,42426.09,50,1.0
2809,7302,8,102428.703,62,2.0
2810,7322,2,41415.945,147,5.0
2811,7316,2,14748.117,91,1.0
2812,7316,1,107085.47145,43,4.0
2813,7314,1,61810.77255,123,4.0
2814,7317,2,180815.955,121,1.0
2815,7306,3,244960.1625,33,1.0
2816,7309,2,52527.54,37,1.0
2817,7308,3,183553.44795,57,1.0
2818,7309,2,294689.60085,59,1.0
2819,7322,2,80306.5275,33,1.0
2820,7309,1,75760.875,137,6.0
2821,7304,2,112126.095,133,1.0
2822,7313,3,80811.6,448,1.0
2823,7303,2,80811.6,94,1.0
2824,7309,2,284860.89,47,1.0
2825,7317,3,149501.46,401,7.0
2826,7313,2,17879.5665,64,1.0
2827,7312,1,67073.628,47,6.0
2828,7315,2,112126.095,148,1.0
2829,7312,1,17879.5665,53,6.0
2830,7308,1,87983.6295,168,6.0
2831,7322,5,70710.15,295,1.0
2832,7303,2,114146.385,137,1.0
2833,7318,2,23334.3495,52,5.0
2834,7313,2,100307.3985,49,1.0
2835,7314,4,71720.295,189,1.0
2836,7308,2,103489.35525,93,1.0
2837,7313,1,50507.25,58,6.0
2838,7314,1,46466.67,99,6.0
2839,7307,3,60305.6565,112,1.0
2840,7303,6,107681.457,100,1.0
2841,7314,2,16364.349,56,3.0
2842,7320,4,96165.804,225,1.0
2843,7308,1,7172.0295,137,6.0
2844,7320,1,111115.95,100,4.0
2845,7303,2,217686.2475,92,1.0
2846,7316,2,47678.844,431,7.0
2847,7315,5,125257.98,90,3.0
2848,7314,2,98388.123,67,1.0
2849,7310,3,54345.801,412,2.0
2850,7317,1,32324.64,86,6.0
2851,7311,2,106368.2685,40,1.0
2852,7310,4,93034.3545,90,3.0
2853,7307,2,7475.073,77,5.0
2854,7301,3,114146.385,54,1.0
2855,7303,2,95054.6445,79,1.0
2856,7312,2,325266.69,64,1.0
2857,7310,2,221726.8275,54,1.0
2858,7317,4,34314.62565,33,5.0
2859,7301,2,80407.542,47,3.0
2860,7316,2,67376.6715,57,1.0
2861,7314,1,262637.7,97,4.0
2862,7309,2,250515.96,81,1.0
2863,7321,3,222231.9,66,1.0
2864,7316,1,287891.325,89,4.0
2865,7301,3,8687.247,53,1.0
2866,7322,5,50507.25,166,1.0
2867,7314,2,195968.13,80,1.0
2868,7321,2,45456.525,181,1.0
2869,7315,2,103034.79,61,1.0
2870,7312,1,32930.727,45,6.0
2871,7313,4,142531.4595,61,1.0
2872,7310,2,45456.525,28,1.0
2873,7322,4,52224.4965,159,3.0
2874,7321,5,158390.736,69,1.0
2875,7314,4,80104.4985,71,1.0
2876,7302,2,206271.609,64,1.0
2877,7303,2,45254.496,84,1.0
2878,7322,3,27374.9295,88,3.0
2879,7322,2,59699.5695,65,3.0
2880,7318,1,50507.25,102,6.0
2881,7304,4,100610.442,127,1.0
2882,7312,2,752558.025,63,1.0
2883,7304,3,7374.0585,109,2.0
2884,7316,1,49497.105,119,6.0
2885,7305,2,254556.54,164,1.0
2886,7316,1,41415.945,286,4.0
2887,7315,1,9091.305,102,6.0
2888,7302,1,0.0,35,4.0
2889,7309,4,151521.75,100,1.0
2890,7321,2,33334.785,49,1.0
2891,7321,3,85862.325,193,1.0
2892,7306,1,25354.6395,118,4.0
2893,7315,3,196978.275,66,1.0
2894,7310,1,52527.54,81,4.0
2895,7301,2,57477.2505,63,1.0
2896,7319,1,6060.87,258,4.0
2897,7310,1,45355.5105,43,6.0
2898,7317,2,10202.4645,157,1.0
2899,7309,3,29294.205,55,3.0
2900,7315,3,87478.557,75,1.0
2901,7310,2,104246.964,68,1.0
2902,7309,3,156572.475,132,2.0
2903,7304,2,129298.56,61,1.0
2904,7306,3,52527.54,65,3.0
2905,7307,4,206069.58,61,1.0
2906,7309,1,8081.16,73,4.0
2907,7302,1,227393.74095,37,6.0
2908,7310,1,20202.9,55,6.0
2909,7305,2,97984.065,80,1.0
2910,7315,3,56063.0475,108,3.0
2911,7310,2,131318.85,28,1.0
2912,7309,4,599723.0865,48,1.0
2913,7317,4,73740.585,64,1.0
2914,7306,5,99802.326,145,1.0
2915,7302,2,59598.555,16,3.0
2916,7314,2,81013.629,82,1.0
2917,7304,4,267082.338,119,1.0
2918,7310,4,370117.128,28,1.0
2919,7310,1,48486.96,125,4.0
2920,7303,3,54143.772,79,7.0
2921,7321,3,226272.48,56,5.0
2922,7319,4,111115.95,160,1.0
2923,7301,4,133127.00955,61,1.0
2924,7313,1,64588.6713,86,4.0
2925,7305,1,72386.9907,100,6.0
2926,7305,3,125055.951,151,3.0
2927,7307,2,37880.4375,112,1.0
2928,7311,4,376784.085,89,1.0
2929,7308,2,333246.8355,31,1.0
2930,7315,2,0.0,245,5.0
2931,7307,1,12748.0299,33,4.0
2932,7308,2,149501.46,91,1.0
2933,7308,2,156572.475,371,1.0
2934,7311,4,181826.1,149,1.0
2935,7313,2,45355.5105,246,2.0
2936,7314,2,75760.875,47,3.0
2937,7309,2,385875.39,170,1.0
2938,7310,2,1123281.24,33,1.0
2939,7306,4,161623.2,39,1.0
2940,7315,3,73740.585,61,3.0
2941,7314,1,55608.48225,92,4.0
2942,7301,1,11919.711,164,4.0
2943,7322,3,102024.645,58,3.0
2944,7311,4,32829.7125,43,1.0
2945,7306,4,121217.4,131,1.0
2946,7316,1,91943.3979,80,4.0
2947,7321,5,157077.5475,50,1.0
2948,7311,2,198897.5505,93,1.0
2949,7321,2,16970.436,46,1.0
2950,7306,1,52123.482,75,6.0
2951,7308,3,232333.35,72,1.0
2952,7315,2,5050.725,295,1.0
2953,7303,1,38385.51,51,6.0
2954,7320,4,74043.6285,50,3.0
2955,7316,5,47476.815,103,1.0
2956,7305,2,23637.393,47,1.0
2957,7313,4,48486.96,231,1.0
2958,7309,1,91317.108,133,6.0
2959,7309,1,70710.15,54,6.0
2960,7306,3,165663.78,72,1.0
2961,7314,6,182735.2305,87,1.0
2962,7313,4,141521.3145,49,1.0
2963,7322,2,85559.2815,69,1.0
2964,7319,1,27677.973,123,4.0
2965,7321,2,25556.6685,95,2.0
2966,7310,2,75760.875,102,1.0
2967,7319,2,55557.975,84,5.0
2968,7315,4,110105.805,86,2.0
2969,7316,2,105055.08,125,1.0
2970,7315,4,135763.488,68,3.0
2971,7321,1,71740.4979,58,6.0
2972,7316,4,46567.6845,135,3.0
2973,7306,1,45153.4815,240,6.0
2974,7316,2,57982.323,143,7.0
2975,7314,2,106065.225,52,7.0
2976,7321,2,79296.3825,55,3.0
2977,7316,1,176775.375,109,4.0
2978,7320,2,162229.287,49,1.0
2979,7312,3,23233.335,42,5.0
2980,7314,2,64548.2655,223,5.0
2981,7309,2,179805.81,110,3.0
2982,7317,1,2929.4205,102,6.0
2983,7301,2,28890.147,63,1.0
2984,7306,4,64245.222,35,1.0
2985,7315,2,75760.875,95,3.0
2986,7314,4,166673.925,77,1.0
2987,7322,2,366480.606,62,1.0
2988,7302,3,95963.775,94,1.0
2989,7306,4,106267.254,63,1.0
2990,7314,1,111115.95,82,6.0
2991,7313,2,160310.0115,107,1.0
2992,7313,2,101014.5,98,1.0
2993,7320,1,75760.875,315,4.0
2994,7319,4,223343.0595,105,1.0
2995,7310,4,60103.6275,39,1.0
2996,7315,2,41213.916,110,1.0
2997,7308,5,107378.4135,104,3.0
2998,7304,2,52527.54,54,5.0
2999,7305,3,65659.425,99,1.0
3000,7318,2,100509.4275,64,2.0
3001,7314,3,42426.09,185,1.0
3002,7321,3,35547.00255,131,1.0
3003,7312,1,11010.5805,652,4.0
3004,7303,1,97984.065,61,4.0
3005,7312,2,173744.94,143,1.0
3006,7310,2,283850.745,108,1.0
3007,7301,1,17172.465,63,6.0
3008,7304,1,131318.85,208,6.0
3009,7315,2,152531.895,130,7.0
3010,7303,2,3030.435,72,3.0
3011,7311,3,394966.695,62,1.0
3012,7316,2,41415.945,116,2.0
3013,7316,2,119298.1245,181,5.0
3014,7322,4,38991.597,75,3.0
3015,7302,4,109095.66,58,1.0
3016,7322,2,18687.6825,44,1.0
3017,7305,3,30304.35,229,3.0
3018,7302,3,56669.1345,41,1.0
3019,7305,1,69902.034,314,6.0
3020,7320,4,187785.9555,108,1.0
3021,7321,2,45456.525,117,3.0
3022,7304,4,252536.25,135,1.0
3023,7305,2,32324.64,45,1.0
3024,7315,3,36365.22,113,1.0
3025,7316,1,19091.7405,195,4.0
3026,7314,5,128086.386,54,1.0
3027,7308,4,116217.18225,33,1.0
3028,7301,4,126975.2265,28,1.0
3029,7314,2,187987.9845,84,3.0
3030,7305,8,63538.1205,232,1.0
3031,7311,4,149501.46,105,1.0
3032,7316,2,55557.975,148,3.0
3033,7307,4,98994.21,112,1.0
3034,7315,4,87579.5715,47,1.0
3035,7302,2,42426.09,104,1.0
3036,7312,3,243444.945,123,1.0
3037,7317,1,20303.9145,96,6.0
3038,7314,1,88892.76,109,4.0
3039,7304,3,69902.034,135,3.0
3040,7302,2,151521.75,114,1.0
3041,7311,4,441746.50995,38,1.0
3042,7302,2,178795.665,61,2.0
3043,7313,4,279789.9621,66,2.0
3044,7307,1,261930.5985,52,4.0
3045,7303,4,173441.8965,74,2.0
3046,7315,2,90610.0065,78,1.0
3047,7301,2,25253.625,138,7.0
3048,7318,6,75558.846,93,3.0
3049,7302,4,17677.5375,58,3.0
3050,7317,1,13131.885,91,6.0
3051,7313,2,211423.3485,45,1.0
3052,7302,1,62831.019,8,4.0
3053,7321,11,146673.054,62,1.0
3054,7310,2,146471.025,70,1.0
3055,7321,2,214150.74,45,5.0
3056,7302,1,42426.09,98,4.0
3057,7314,2,20404.929,257,2.0
3058,7322,4,78791.31,35,1.0
3059,7315,1,28284.06,52,6.0
3060,7315,3,15152.175,172,1.0
3061,7320,2,56972.178,122,3.0
3062,7314,4,187886.97,220,1.0
3063,7314,4,104550.0075,113,1.0
3064,7303,4,183442.332,75,1.0
3065,7317,2,104145.9495,48,1.0
3066,7315,4,176775.375,58,1.0
3067,7307,2,71720.295,64,2.0
3068,7321,1,202.029,183,4.0
3069,7308,1,78387.252,88,6.0
3070,7312,2,70306.092,51,1.0
3071,7305,5,174047.9835,49,1.0
3072,7321,1,11212.6095,56,6.0
3073,7301,2,190109.289,105,1.0
3074,7313,2,24243.48,147,3.0
3075,7318,2,27880.002,87,1.0
3076,7303,3,60103.6275,64,1.0
3077,7308,2,35052.0315,54,1.0
3078,7308,5,583358.7375,69,1.0
3079,7320,2,19798.842,52,1.0
3080,7316,4,93064.65885,68,1.0
3081,7316,4,16667.3925,224,1.0
3082,7302,2,63841.164,38,7.0
3083,7308,2,29092.176,57,1.0
3084,7309,2,70205.0775,65,1.0
3085,7309,1,28405.2774,70,4.0
3086,7308,2,85761.3105,53,1.0
3087,7309,2,250515.96,90,1.0
3088,7313,3,131349.15435,44,1.0
3089,7308,3,101014.5,94,1.0
3090,7310,5,775993.389,59,1.0
3091,7314,2,178189.578,86,1.0
3092,7313,6,82831.89,87,2.0
3093,7314,4,153592.54725,68,1.0
3094,7316,2,53537.685,129,1.0
3095,7303,4,176775.375,105,1.0
3096,7315,1,17677.5375,131,6.0
3097,7321,3,53537.685,29,1.0
3098,7309,5,227282.625,58,1.0
3099,7316,1,10101.45,148,4.0
3100,7309,5,199786.4781,113,1.0
3101,7304,3,61618.845,48,3.0
3102,7315,2,106570.2975,54,1.0
3103,7312,3,30102.321,97,2.0
3104,7315,4,115257.5445,82,5.0
3105,7302,2,57881.3085,39,1.0
3106,7322,3,106065.225,116,1.0
3107,7309,3,101014.5,95,1.0
3108,7315,2,90963.55725,100,3.0
3109,7307,3,134450.2995,78,1.0
3110,7303,2,210110.16,56,1.0
3111,7321,2,65659.425,76,1.0
3112,7302,2,28284.06,130,1.0
3113,7305,1,66972.6135,153,4.0
3114,7314,2,179805.81,310,7.0
3115,7302,2,48486.96,15,1.0
3116,7321,3,116166.675,203,1.0
3117,7313,2,21617.103,120,1.0
3118,7302,3,129904.647,141,1.0
3119,7319,3,118186.965,74,7.0
3120,7313,2,103034.79,71,3.0
3121,7321,1,5959.8555,20,6.0
3122,7320,5,246980.4525,65,1.0
3123,7304,5,40405.8,812,1.0
3124,7305,3,96973.92,67,1.0
3125,7309,3,1153585.59,112,1.0
3126,7317,2,128288.415,55,1.0
3127,7320,4,46668.699,385,1.0
3128,7305,5,117176.82,57,1.0
3129,7309,1,50507.25,65,4.0
3130,7303,3,26263.77,288,3.0
3131,7316,2,44042.322,76,5.0
3132,7305,3,70710.15,121,1.0
3133,7312,2,84347.1075,60,1.0
3134,7302,2,341327.9955,77,1.0
3135,7306,2,5757.8265,231,3.0
3136,7308,2,121217.4,100,1.0
3137,7316,1,77781.165,66,6.0
3138,7310,2,105610.65975,130,1.0
3139,7312,4,240414.51,67,1.0
3140,7306,2,68790.8745,27,1.0
3141,7318,4,55254.9315,65,1.0
3142,7314,4,248697.699,60,1.0
3143,7321,1,80811.6,114,6.0
3144,7321,1,22728.2625,173,6.0
3145,7306,3,126268.125,34,1.0
3146,7310,2,174755.085,122,5.0
3147,7317,2,56770.149,61,1.0
3148,7317,2,72528.411,82,1.0
3149,7313,4,206685.76845,111,3.0
3150,7317,5,18182.61,102,1.0
3151,7301,4,64144.2075,62,1.0
3152,7308,4,226070.451,341,1.0
3153,7307,1,95660.7315,172,4.0
3154,7303,6,150915.663,194,1.0
3155,7312,2,301427.268,58,1.0
3156,7306,2,161623.2,41,1.0
3157,7311,5,154552.185,265,1.0
3158,7316,1,60608.7,182,6.0
3159,7321,6,90306.963,118,3.0
3160,7319,3,32627.6835,213,1.0
3161,7312,2,340418.865,69,1.0
3162,7316,6,43840.293,372,1.0
3163,7307,2,202029.0,86,3.0
3164,7304,1,48486.96,292,4.0
3165,7310,1,77781.165,94,4.0
3166,7312,5,122934.6465,57,1.0
3167,7304,2,155057.2575,113,1.0
3168,7310,2,202029.0,288,1.0
3169,7316,2,126268.125,94,7.0
3170,7315,2,125783.2554,62,3.0
3171,7313,2,60406.671,220,3.0
3172,7314,1,65053.338,69,6.0
3173,7301,2,42476.59725,61,2.0
3174,7301,7,201624.942,64,1.0
3175,7313,4,46365.6555,249,3.0
3176,7306,3,226272.48,32,1.0
3177,7318,9,197281.3185,69,3.0
3178,7312,3,174351.027,179,1.0
3179,7301,6,51113.337,279,1.0
3180,7320,5,81821.745,226,1.0
3181,7314,5,46870.728,69,1.0
3182,7318,1,20505.9435,46,4.0
3183,7307,3,162633.345,41,1.0
3184,7311,1,5050.725,311,4.0
3185,7318,5,162532.3305,163,2.0
3186,7320,2,7273.044,98,1.0
3187,7301,2,50507.25,45,5.0
3188,7310,1,52527.54,415,4.0
3189,7321,4,46971.7425,202,2.0
3190,7308,2,111115.95,88,1.0
3191,7313,3,212231.4645,44,1.0
3192,7303,4,79801.455,66,1.0
3193,7304,2,101014.5,55,1.0
3194,7313,6,54547.83,265,1.0
3195,7304,3,320215.965,123,1.0
3196,7309,5,137278.7055,43,1.0
3197,7321,6,90913.05,82,1.0
3198,7319,2,396885.9705,74,1.0
3199,7317,2,70407.1065,103,5.0
3200,7310,1,85054.209,47,6.0
3201,7309,2,60204.642,66,1.0
3202,7304,2,698010.195,255,1.0
3203,7311,3,471889.23675,30,1.0
3204,7304,1,81821.745,153,6.0
3205,7313,1,55557.975,33,6.0
3206,7315,1,23031.306,108,4.0
3207,7321,5,37375.365,46,1.0
3208,7314,1,182937.2595,71,6.0
3209,7314,2,84852.18,69,1.0
3210,7317,1,101014.5,470,6.0
3211,7301,2,82831.89,44,1.0
3212,7321,4,38890.5825,114,3.0
3213,7317,4,63033.048,130,5.0
3214,7317,2,27677.973,65,1.0
3215,7307,3,60608.7,276,1.0
3216,7316,2,107984.5005,226,1.0
3217,7320,4,315165.24,65,1.0
3218,7303,1,16162.32,71,6.0
3219,7306,2,81316.6725,57,1.0
3220,7312,5,20707.9725,59,5.0
3221,7316,6,107075.37,51,1.0
3222,7305,4,30809.4225,648,3.0
3223,7320,2,154572.3879,59,1.0
3224,7313,4,27880.002,68,1.0
3225,7308,4,114045.3705,56,1.0
3226,7317,5,37476.3795,51,1.0
3227,7321,5,107257.1961,51,1.0
3228,7310,1,40405.8,58,6.0
3229,7308,4,104651.022,34,1.0
3230,7321,2,94953.63,64,7.0
3231,7302,1,30304.35,32,4.0
3232,7306,5,76467.9765,65,1.0
3233,7301,4,117176.82,275,1.0
3234,7306,1,20606.958,76,6.0
3235,7302,4,234858.7125,86,1.0
3236,7316,4,56568.12,107,1.0
3237,7318,2,57578.265,203,1.0
3238,7305,5,156572.475,100,2.0
3239,7305,2,68588.8455,184,1.0
3240,7303,5,116166.675,88,1.0
3241,7311,2,127480.299,103,1.0
3242,7304,2,289810.6005,53,1.0
3243,7315,2,121217.4,69,5.0
3244,7321,1,12626.8125,207,6.0
3245,7304,4,229706.973,101,1.0
3246,7321,3,46062.612,74,1.0
3247,7320,5,96569.862,40,1.0
3248,7306,2,68588.8455,37,1.0
3249,7315,2,0.0,89,5.0
3250,7316,1,32223.6255,96,6.0
3251,7315,2,79397.397,96,3.0
3252,7305,2,24445.509,65,1.0
3253,7307,2,0.0,103,1.0
3254,7304,2,74144.643,41,1.0
3255,7315,2,52931.598,133,1.0
3256,7308,3,83842.035,47,1.0
3257,7316,2,48486.96,107,5.0
3258,7315,2,90913.05,70,1.0
3259,7315,2,72730.44,114,3.0
3260,7321,2,30657.90075,61,2.0
3261,7315,3,115156.53,108,1.0
3262,7310,4,553054.3875,66,1.0
3263,7308,2,65659.425,180,3.0
3264,7317,1,60608.7,303,4.0
3265,7310,2,80811.6,57,1.0
3266,7318,4,71720.295,28,1.0
3267,7310,2,63942.1785,254,7.0
3268,7317,2,164936.4756,53,1.0
3269,7314,2,248495.67,84,1.0
3270,7306,5,146471.025,58,1.0
3271,7301,1,36062.1765,231,6.0
3272,7319,5,95963.775,57,1.0
3273,7301,2,87882.615,316,1.0
3274,7322,4,11111.595,183,3.0
3275,7302,2,217181.175,27,1.0
3276,7310,2,53335.656,124,1.0
3277,7315,4,25657.683,143,3.0
3278,7316,2,149501.46,151,7.0
3279,7310,2,41415.945,33,1.0
3280,7316,2,74346.672,54,1.0
3281,7310,4,83943.0495,184,1.0
3282,7302,2,90014.02095,49,1.0
3283,7312,1,51153.7428,106,4.0
3284,7320,2,315165.24,39,5.0
3285,7307,1,38991.597,45,6.0
3286,7321,4,131318.85,71,1.0
3287,7309,3,193644.7965,68,1.0
3288,7315,2,68790.8745,30,1.0
3289,7313,2,65861.454,57,1.0
3290,7313,2,95155.659,91,5.0
3291,7302,1,11010.5805,58,4.0
3292,7318,4,81821.745,65,1.0
3293,7304,1,25253.625,98,4.0
3294,7309,2,33334.785,117,2.0
3295,7316,1,85862.325,161,4.0
3296,7305,2,37981.452,57,5.0
3297,7309,3,152531.895,166,1.0
3298,7316,2,121217.4,92,5.0
3299,7321,1,26829.4512,46,6.0
3300,7313,1,37072.3215,41,6.0
3301,7304,1,121217.4,127,6.0
3302,7322,4,80811.6,155,1.0
3303,7304,1,70710.15,159,6.0
3304,7318,1,60608.7,81,4.0
3305,7310,2,75760.875,414,5.0
3306,7304,1,74750.73,45,4.0
3307,7306,2,46769.7135,119,1.0
3308,7315,2,151521.75,95,1.0
3309,7318,3,137389.82145,38,1.0
3310,7316,1,20202.9,143,6.0
3311,7304,5,163643.49,256,1.0
3312,7308,2,440423.22,43,1.0
3313,7308,2,117176.82,92,1.0
3314,7314,3,92933.34,45,1.0
3315,7304,3,198998.565,111,5.0
3316,7314,2,270718.86,64,2.0
3317,7316,3,48183.9165,73,3.0
3318,7307,2,48486.96,81,1.0
3319,7315,1,101166.02175,437,6.0
3320,7308,3,126167.1105,47,1.0
3321,7301,2,181826.1,85,1.0
3322,7308,3,138682.80705,64,3.0
3323,7314,5,52830.5835,58,1.0
3324,7312,2,58517.69985,51,1.0
3325,7302,4,232090.9152,60,1.0
3326,7321,1,8687.247,52,4.0
3327,7310,2,136066.5315,121,1.0
3328,7302,3,38385.51,295,3.0
3329,7314,4,156572.475,93,3.0
3330,7317,2,49497.105,109,5.0
3331,7310,1,108085.515,102,6.0
3332,7322,3,33536.814,153,1.0
3333,7316,1,72730.44,136,6.0
3334,7317,2,100004.355,95,1.0
3335,7308,2,87397.7454,62,1.0
3336,7301,1,50507.25,84,6.0
3337,7316,2,36365.22,172,3.0
3338,7309,4,718213.095,87,1.0
3339,7318,4,127278.27,50,1.0
3340,7322,1,88185.6585,128,6.0
3341,7310,1,151521.75,55,6.0
3342,7321,5,33940.872,46,1.0
3343,7313,2,48486.96,134,2.0
3344,7319,3,363450.171,59,3.0
3345,7311,2,132227.9805,37,3.0
3346,7310,3,178795.665,308,5.0
3347,7314,2,47981.8875,303,3.0
3348,7317,2,43739.2785,51,3.0
3349,7302,2,158996.823,76,1.0
3350,7305,1,50507.25,70,4.0
3351,7309,1,129298.56,58,4.0
3352,7317,5,181523.0565,46,1.0
3353,7321,5,50507.25,212,1.0
3354,7315,1,146471.025,108,6.0
3355,7301,2,141420.3,54,1.0
3356,7310,4,576792.795,118,1.0
3357,7310,5,591944.97,90,1.0
3358,7311,3,434362.35,105,1.0
3359,7316,2,136369.575,323,1.0
3360,7313,2,188947.62225,144,5.0
3361,7307,4,212130.45,55,1.0
3362,7304,2,672756.57,54,1.0
3363,7318,5,396077.8545,122,3.0
3364,7309,3,116196.97935,121,1.0
3365,7301,3,146471.025,75,1.0
3366,7320,5,0.0,146,1.0
3367,7305,2,36365.22,110,5.0
3368,7319,1,50709.279,68,6.0
3369,7305,2,518517.52995,163,1.0
3370,7322,4,254556.54,45,1.0
3371,7318,2,138945.44475,113,1.0
3372,7314,2,41415.945,119,1.0
3373,7315,2,168290.157,87,1.0
3374,7314,2,24243.48,106,3.0
3375,7310,1,38789.568,74,4.0
3376,7310,3,98994.21,93,3.0
3377,7308,2,286881.18,132,1.0
3378,7308,2,84852.18,100,5.0
3379,7311,4,623259.465,148,1.0
3380,7320,2,62628.99,77,2.0
3381,7310,2,22223.19,48,2.0
3382,7302,5,51719.424,11,3.0
3383,7314,2,313144.95,69,1.0
3384,7308,2,144955.8075,186,1.0
3385,7302,1,4848.696,49,4.0
3386,7320,5,118186.965,151,1.0
3387,7320,3,131015.8065,52,1.0
3388,7309,4,70710.15,138,1.0
3389,7315,2,188392.0425,85,1.0
3390,7301,1,58588.41,140,4.0
3391,7310,1,267688.425,165,6.0
3392,7314,4,148491.315,262,1.0
3393,7309,3,126268.125,123,3.0
3394,7310,2,507092.79,35,1.0
3395,7310,2,251122.047,105,1.0
3396,7317,3,191927.55,59,1.0
3397,7320,3,171724.65,175,3.0
3398,7322,5,38486.5245,51,1.0
3399,7317,1,13333.914,135,4.0
3400,7311,2,185866.68,184,1.0
3401,7313,3,650432.3655,41,1.0
3402,7317,2,33132.756,65,1.0
3403,7315,1,30304.35,57,6.0
3404,7313,2,136369.575,100,1.0
3405,7313,2,66366.5265,225,1.0
3406,7305,1,16162.32,105,6.0
3407,7312,4,162027.258,130,3.0
3408,7302,3,122328.5595,43,7.0
3409,7322,3,135359.43,26,1.0
3410,7320,3,134652.3285,57,1.0
3411,7312,4,102529.7175,32,5.0
3412,7314,1,67679.715,63,4.0
3413,7309,6,36365.22,47,1.0
3414,7316,3,50507.25,205,1.0
3415,7308,1,62628.99,340,6.0
3416,7311,1,55557.975,106,4.0
3417,7309,2,102529.7175,155,1.0
3418,7313,6,119197.11,89,2.0
3419,7321,2,130308.705,47,5.0
3420,7317,2,57578.265,483,5.0
3421,7321,2,39294.6405,57,3.0
3422,7302,2,141319.2855,57,1.0
3423,7313,2,33435.7995,65,1.0
3424,7309,2,15253.1895,166,1.0
3425,7319,4,424260.9,158,1.0
3426,7303,2,37638.0027,56,1.0
3427,7310,2,32324.64,60,1.0
3428,7308,2,145460.88,56,1.0
3429,7307,4,191927.55,60,1.0
3430,7321,1,31516.524,26,4.0
3431,7319,4,76973.049,147,3.0
3432,7319,2,93842.4705,149,1.0
3433,7312,4,54143.772,82,1.0
3434,7322,5,54578.13435,47,3.0
3435,7322,6,254859.5835,57,1.0
3436,7317,1,0.0,51,4.0
3437,7311,6,129995.56005,174,3.0
3438,7320,1,251526.105,114,4.0
3439,7310,1,103539.8625,79,4.0
3440,7318,5,103347.93495,54,1.0
3441,7317,2,138591.894,54,1.0
3442,7303,2,45456.525,52,3.0
3443,7318,5,60608.7,220,1.0
3444,7314,2,84145.0785,51,1.0
3445,7307,2,184250.448,49,1.0
3446,7302,2,25152.6105,41,1.0
3447,7322,4,92933.34,73,1.0
3448,7315,3,649523.235,49,1.0
3449,7312,2,119298.1245,195,3.0
3450,7316,1,75760.875,166,4.0
3451,7316,1,60608.7,176,4.0
3452,7316,1,12121.74,122,6.0
3453,7314,1,232333.35,175,4.0
3454,7311,2,494971.05,105,1.0
3455,7309,5,60861.23625,91,1.0
3456,7311,2,556488.8805,89,1.0
3457,7309,2,146471.025,47,7.0
3458,7312,4,109095.66,128,1.0
3459,7314,2,213140.595,96,1.0
3460,7310,2,50507.25,156,1.0
3461,7305,4,103034.79,111,1.0
3462,7314,2,144046.677,92,3.0
3463,7312,2,70710.15,107,5.0
3464,7305,2,259607.265,218,1.0
3465,7314,1,70710.15,64,4.0
3466,7310,3,390219.0135,108,1.0
3467,7314,2,166673.925,86,1.0
3468,7303,6,22728.2625,59,1.0
3469,7310,4,290820.7455,79,1.0
3470,7306,3,110105.805,131,1.0
3471,7316,1,127278.27,238,4.0
3472,7302,4,131318.85,84,2.0
3473,7305,5,118712.2404,54,1.0
3474,7322,3,140208.126,191,3.0
3475,7301,3,50507.25,50,1.0
3476,7302,5,60608.7,16,1.0
3477,7321,2,32930.727,191,7.0
3478,7310,2,115156.53,99,1.0
3479,7321,1,176775.375,164,6.0
3480,7316,2,191816.43405,164,1.0
3481,7311,2,56265.0765,50,1.0
3482,7312,2,66669.57,78,1.0
3483,7317,3,10050.94275,97,3.0
3484,7310,3,193947.84,77,7.0
3485,7301,2,282840.6,91,1.0
3486,7321,1,26263.77,62,4.0
3487,7322,1,7475.073,140,4.0
3488,7309,1,143440.59,65,4.0
3489,7320,3,95963.775,140,1.0
3490,7312,2,101.0145,39,1.0
3491,7314,2,223242.045,269,1.0
3492,7313,4,244051.032,149,1.0
3493,7310,1,53941.743,72,6.0
3494,7317,2,116166.675,95,1.0
3495,7310,6,648109.032,78,1.0
3496,7319,3,51517.395,51,1.0
3497,7307,7,196978.275,52,2.0
3498,7308,2,53052.8154,78,3.0
3499,7301,2,92933.34,53,1.0
3500,7309,2,22364.6103,39,1.0
3501,7306,1,707.1015,216,4.0
3502,7319,4,37375.365,188,1.0
3503,7310,3,180007.839,37,1.0
3504,7307,6,252536.25,93,1.0
3505,7304,4,115661.6025,127,1.0
3506,7316,2,106065.225,126,1.0
3507,7320,4,75760.875,224,1.0
3508,7322,1,58386.381,58,6.0
3509,7308,2,162633.345,119,1.0
3510,7301,1,75760.875,56,6.0
3511,7319,5,73073.8893,162,1.0
3512,7305,1,159602.91,137,4.0
3513,7317,2,68285.802,84,1.0
3514,7302,2,136369.575,93,1.0
3515,7303,7,92731.311,156,1.0
3516,7308,4,133137.111,59,1.0
3517,7321,3,112227.1095,42,3.0
3518,7309,3,118692.0375,142,1.0
3519,7317,4,116166.675,244,1.0
3520,7318,2,76488.1794,72,1.0
3521,7316,3,304053.645,50,1.0
3522,7322,3,133339.14,79,1.0
3523,7315,2,70508.121,51,1.0
3524,7303,2,40405.8,53,5.0
3525,7309,3,478808.73,52,1.0
3526,7312,3,191927.55,94,1.0
3527,7310,2,8687.247,73,3.0
3528,7313,4,61517.8305,281,3.0
3529,7314,1,14142.03,80,6.0
3530,7304,4,202029.0,74,1.0
3531,7301,2,123278.0958,107,5.0
3532,7304,2,18384.639,60,1.0
3533,7306,1,10798.45005,52,4.0
3534,7312,3,24243.48,70,7.0
3535,7321,1,63740.1495,28,4.0
3536,7314,1,24243.48,54,4.0
3537,7306,1,75760.875,69,6.0
3538,7310,4,237384.075,38,1.0
3539,7322,3,134349.285,108,1.0
3540,7317,2,106065.225,85,1.0
3541,7316,2,57982.323,103,1.0
3542,7301,2,69598.9905,107,1.0
3543,7314,2,60911.7435,52,1.0
3544,7316,2,14950.146,157,5.0
3545,7303,2,196675.2315,29,1.0
3546,7322,2,45456.525,58,5.0
3547,7301,4,122530.5885,68,1.0
3548,7301,3,77276.0925,280,1.0
3549,7321,1,19091.7405,42,6.0
3550,7302,3,97681.0215,59,2.0
3551,7316,1,48082.902,398,6.0
3552,7310,1,16970.436,86,4.0
3553,7313,1,91519.137,156,6.0
3554,7307,2,56770.149,236,5.0
3555,7316,2,72730.44,462,1.0
3556,7301,2,86266.383,52,1.0
3557,7305,2,22677.75525,72,3.0
3558,7316,2,1030347.9,81,1.0
3559,7317,4,90610.0065,204,1.0
3560,7322,4,151521.75,217,1.0
3561,7316,1,35557.104,317,6.0
3562,7313,3,143440.59,29,2.0
3563,7313,3,426281.19,246,3.0
3564,7314,1,90913.05,85,6.0
3565,7313,3,52426.5255,112,3.0
3566,7310,1,91923.195,113,4.0
3567,7322,2,53537.685,198,1.0
3568,7308,2,259607.265,102,1.0
3569,7302,1,40405.8,80,6.0
3570,7307,2,148491.315,79,1.0
3571,7310,2,161623.2,117,1.0
3572,7309,1,60810.729,136,6.0
3573,7308,3,80710.5855,211,1.0
3574,7307,1,23334.3495,141,6.0
3575,7304,2,242434.8,100,1.0
3576,7322,1,24243.48,157,6.0
3577,7313,1,8485.218,104,6.0
3578,7302,2,58992.468,44,1.0
3579,7313,2,62325.9465,29,1.0
3580,7313,3,15657.2475,55,1.0
3581,7317,5,100105.3695,130,1.0
3582,7322,2,47476.815,102,2.0
3583,7317,1,7273.044,93,6.0
3584,7312,7,163643.49,92,1.0
3585,7321,5,70710.15,140,1.0
3586,7317,7,78993.339,231,1.0
3587,7305,3,121217.4,62,1.0
3588,7315,4,311124.66,100,1.0
3589,7319,3,210716.247,99,1.0
3590,7309,2,300013.065,68,1.0
3591,7306,3,212130.45,105,1.0
3592,7316,2,194957.985,51,1.0
3593,7310,2,23435.364,124,5.0
3594,7314,3,81518.7015,70,1.0
3595,7317,3,166673.925,94,3.0
3596,7308,2,224252.19,89,1.0
3597,7316,1,65760.4395,56,4.0
3598,7319,5,60608.7,44,3.0
3599,7320,2,164653.635,76,1.0
3600,7312,2,111722.037,61,2.0
3601,7304,1,35153.046,52,6.0
3602,7315,1,20202.9,39,4.0
3603,7307,2,193543.782,204,2.0
3604,7301,1,43133.1915,57,4.0
3605,7311,4,202029.0,189,1.0
3606,7317,5,53133.627,206,1.0
3607,7304,1,143440.59,67,6.0
3608,7303,2,100913.4855,48,1.0
3609,7306,6,121217.4,158,1.0
3610,7316,4,45658.554,120,1.0
3611,7314,3,131318.85,66,5.0
3612,7316,1,32728.698,110,4.0
3613,7310,2,272739.15,122,1.0
3614,7317,2,28284.06,66,1.0
3615,7319,2,60608.7,37,2.0
3616,7303,1,90205.9485,83,6.0
3617,7312,2,257586.975,76,5.0
3618,7305,4,16818.91425,200,1.0
3619,7313,1,60608.7,79,4.0
3620,7314,2,27092.0889,100,1.0
3621,7301,2,67881.744,62,1.0
3622,7311,1,52527.54,110,4.0
3623,7306,2,88892.76,227,2.0
3624,7317,2,195968.13,95,1.0
3625,7322,2,343449.3,128,1.0
3626,7302,4,138692.9085,81,1.0
3627,7319,4,46466.67,122,1.0
3628,7314,1,80811.6,124,6.0
3629,7305,2,20202.9,51,3.0
3630,7321,1,38385.51,45,6.0
3631,7308,3,74851.7445,44,1.0
3632,7314,5,171724.65,62,1.0
3633,7316,1,116166.675,103,4.0
3634,7303,2,109095.66,55,1.0
3635,7314,2,70710.15,92,1.0
3636,7317,2,62093.61315,263,1.0
3637,7322,5,100004.355,111,1.0
3638,7306,2,78690.2955,57,1.0
3639,7305,2,35254.0605,102,3.0
3640,7310,3,60608.7,112,1.0
3641,7310,2,929333.4,65,1.0
3642,7317,2,54850.8735,138,1.0
3643,7320,5,90913.05,70,1.0
3644,7316,2,132945.18345,85,7.0
3645,7318,3,73740.585,55,2.0
3646,7305,1,39092.6115,50,6.0
3647,7305,2,29294.205,126,3.0
3648,7304,2,225262.335,139,1.0
3649,7304,2,193947.84,69,1.0
3650,7301,7,213352.72545,42,1.0
3651,7305,3,124449.864,60,1.0
3652,7312,2,132328.995,102,1.0
3653,7317,3,106822.83375,74,1.0
3654,7315,3,252536.25,97,1.0
3655,7322,1,31314.495,103,4.0
3656,7302,3,75760.875,70,1.0
3657,7313,1,5656.812,166,6.0
3658,7315,1,10960.07325,140,6.0
3659,7312,2,151521.75,67,1.0
3660,7307,3,93438.4125,187,2.0
3661,7322,1,141420.3,111,4.0
3662,7309,5,276779.73,67,1.0
3663,7308,4,276072.6285,102,1.0
3664,7322,2,43133.1915,56,1.0
3665,7306,1,13333.914,64,6.0
3666,7304,3,389915.97,135,1.0
3667,7313,2,70265.6862,111,1.0
3668,7311,1,50507.25,66,4.0
3669,7320,2,96165.804,56,1.0
3670,7302,2,62022.903,14,2.0
3671,7319,4,102933.7755,69,3.0
3672,7312,3,67376.6715,88,3.0
3673,7318,2,15758.262,70,1.0
3674,7312,7,132935.082,50,1.0
3675,7315,2,72730.44,159,7.0
3676,7315,2,159602.91,77,5.0
3677,7311,3,228999.8715,29,1.0
3678,7319,8,93943.485,102,1.0
3679,7314,4,126167.1105,60,7.0
3680,7321,2,17879.5665,182,1.0
3681,7308,1,20202.9,97,6.0
3682,7318,3,37375.365,39,1.0
3683,7302,1,0.0,16,6.0
3684,7321,6,32324.64,66,1.0
3685,7306,1,35052.0315,68,6.0
3686,7312,1,31314.495,48,6.0
3687,7320,4,86872.47,90,1.0
3688,7304,2,90913.05,112,1.0
3689,7318,6,66669.57,127,1.0
3690,7312,2,0.0,403,5.0
3691,7319,2,51921.453,86,1.0
3692,7316,2,138389.865,91,7.0
3693,7322,2,61719.8595,58,1.0
3694,7306,5,30304.35,61,1.0
3695,7313,3,50507.25,68,1.0
3696,7321,2,85862.325,102,1.0
3697,7306,4,742355.5605,95,1.0
3698,7307,2,191927.55,101,1.0
3699,7304,3,145864.938,63,1.0
3700,7308,3,247485.525,173,1.0
3701,7309,2,122126.5305,130,1.0
3702,7317,1,33849.95895,37,4.0
3703,7319,2,28455.78465,55,7.0
3704,7315,1,20808.987,111,6.0
3705,7311,3,230535.2919,36,3.0
3706,7312,2,82013.67255,50,1.0
3707,7321,3,113439.2835,305,1.0
3708,7305,4,287386.2525,108,1.0
3709,7315,2,176775.375,71,1.0
3710,7313,2,48284.931,128,3.0
3711,7318,4,129298.56,41,1.0
3712,7321,1,26162.7555,96,6.0
3713,7316,1,939.43485,103,6.0
3714,7310,3,212130.45,76,1.0
3715,7321,5,50507.25,231,1.0
3716,7301,3,114146.385,212,5.0
3717,7320,2,154552.185,36,5.0
3718,7301,1,28688.118,141,6.0
3719,7321,3,20202.9,192,1.0
3720,7310,1,40405.8,128,4.0
3721,7321,7,144521.44515,72,1.0
3722,7302,2,80811.6,266,1.0
3723,7305,1,14546.088,128,6.0
3724,7304,1,20202.9,65,6.0
3725,7310,1,77478.1215,118,6.0
3726,7306,2,12626.8125,73,7.0
3727,7301,3,70710.15,47,1.0
3728,7321,2,175765.23,57,1.0
3729,7312,2,153602.6487,42,1.0
3730,7321,5,153542.04,49,1.0
3731,7321,3,113338.269,70,2.0
3732,7303,8,55557.975,141,1.0
3733,7310,2,107681.457,77,2.0
3734,7319,4,116166.675,77,1.0
3735,7315,3,52527.54,116,7.0
3736,7321,6,35355.075,37,1.0
3737,7301,2,126268.125,67,1.0
3738,7314,3,75760.875,50,1.0
3739,7307,1,52527.54,56,6.0
3740,7322,4,212130.45,66,1.0
3741,7319,6,46466.67,332,3.0
3742,7311,3,747507.3,101,1.0
3743,7302,1,32425.6545,106,6.0
3744,7321,5,25657.683,73,1.0
3745,7319,3,40102.7565,59,1.0
3746,7318,2,103034.79,104,1.0
3747,7305,2,67477.686,54,3.0
3748,7301,4,189907.26,120,1.0
3749,7315,2,182836.245,112,1.0
3750,7308,2,52931.598,57,1.0
3751,7314,1,24445.509,121,6.0
3752,7312,3,222242.00145,64,2.0
3753,7308,5,112025.0805,51,1.0
3754,7303,3,186876.825,29,1.0
3755,7315,3,334863.0675,70,1.0
3756,7318,4,33334.785,89,1.0
3757,7302,2,318700.7475,67,7.0
3758,7301,1,75053.7735,87,6.0
3759,7312,2,80811.6,612,1.0
3760,7301,5,177785.52,123,1.0
3761,7313,2,64649.28,94,7.0
3762,7308,2,131318.85,116,7.0
3763,7308,2,121217.4,131,1.0
3764,7306,2,37981.452,36,3.0
3765,7319,2,104651.022,60,1.0
3766,7305,1,168593.2005,45,4.0
3767,7312,1,44244.351,97,4.0
3768,7309,3,98186.094,180,1.0
3769,7305,3,67477.686,58,1.0
3770,7307,3,62628.99,128,1.0
3771,7313,2,65659.425,60,1.0
3772,7304,1,11313.624,57,6.0
3773,7312,2,169603.3455,67,5.0
3774,7315,1,25758.6975,73,6.0
3775,7304,4,319407.849,160,1.0
3776,7315,2,83741.0205,94,1.0
3777,7322,2,72932.469,26,7.0
3778,7322,2,73740.585,108,1.0
3779,7321,2,113540.298,29,2.0
3780,7313,2,86953.2816,67,1.0
3781,7319,2,40001.742,323,2.0
3782,7306,3,112156.39935,66,1.0
3783,7317,2,94953.63,131,2.0
3784,7318,4,76771.02,145,1.0
3785,7308,3,129298.56,73,1.0
3786,7314,3,126268.125,75,1.0
3787,7316,1,17172.465,263,6.0
3788,7306,1,43739.2785,46,4.0
3789,7319,5,76771.02,128,1.0
3790,7305,6,115156.53,99,1.0
3791,7315,4,103539.8625,113,1.0
3792,7318,2,35355.075,170,1.0
3793,7322,1,70710.15,502,4.0
3794,7301,3,254556.54,49,7.0
3795,7309,2,47274.786,73,5.0
3796,7311,3,45456.525,76,1.0
3797,7301,1,19192.755,102,6.0
3798,7322,7,80003.484,41,1.0
3799,7314,2,81720.7305,52,1.0
3800,7306,1,15131.9721,65,4.0
3801,7319,2,101014.5,99,1.0
3802,7308,3,311023.6455,118,1.0
3803,7322,4,24243.48,124,2.0
3804,7315,2,150814.6485,90,1.0
3805,7315,1,70710.15,39,6.0
3806,7308,4,144955.8075,59,1.0
3807,7318,2,36365.22,54,3.0
3808,7306,2,108499.67445,84,1.0
3809,7301,1,2828.406,94,6.0
3810,7311,2,100509.4275,98,1.0
3811,7311,2,333347.85,108,1.0
3812,7317,2,104044.935,95,7.0
3813,7303,2,112328.124,36,1.0
3814,7302,1,88892.76,120,4.0
3815,7313,4,202029.0,48,1.0
3816,7302,3,28284.06,37,2.0
3817,7321,5,95963.775,60,1.0
3818,7306,1,25152.6105,60,6.0
3819,7306,6,25253.625,248,1.0
3820,7309,2,6060.87,182,3.0
3821,7307,3,178795.665,121,1.0
3822,7321,1,0.0,68,6.0
3823,7316,2,203241.174,107,1.0
3824,7322,3,144955.8075,174,1.0
3825,7301,2,71922.324,54,5.0
3826,7322,7,75356.817,66,3.0
3827,7310,2,110509.863,38,1.0
3828,7310,3,273143.208,113,1.0
3829,7313,3,135763.488,33,1.0
3830,7310,1,41213.916,36,6.0
3831,7301,4,144854.793,106,1.0
3832,7307,4,52527.54,57,1.0
3833,7318,1,64750.2945,128,4.0
3834,7315,3,70710.15,112,5.0
3835,7301,4,75760.875,113,1.0
3836,7314,5,89902.905,336,3.0
3837,7303,2,105257.109,77,3.0
3838,7306,4,194553.927,58,1.0
3839,7304,1,82831.89,88,4.0
3840,7315,2,191927.55,59,1.0
3841,7307,1,213948.711,107,4.0
3842,7321,3,87377.5425,73,3.0
3843,7312,1,252536.25,120,6.0
3844,7310,4,248798.7135,39,5.0
3845,7318,4,65659.425,56,1.0
3846,7316,2,126268.125,52,1.0
3847,7301,1,44173.64085,54,6.0
3848,7310,1,13131.885,96,6.0
3849,7313,5,36365.22,52,1.0
3850,7319,2,116368.704,97,1.0
3851,7317,1,73841.5995,105,4.0
3852,7314,2,47678.844,57,2.0
3853,7307,4,103236.819,66,1.0
3854,7308,6,156572.475,104,1.0
3855,7302,2,100206.384,57,1.0
3856,7309,4,252536.25,97,1.0
3857,7316,1,66871.599,144,4.0
3858,7302,2,181826.1,383,1.0
3859,7303,3,27273.915,100,3.0
3860,7318,2,104691.4278,35,5.0
3861,7321,2,0.0,73,3.0
3862,7308,4,204049.29,65,1.0
3863,7303,4,82831.89,117,1.0
3864,7316,1,42123.0465,55,6.0
3865,7318,4,125055.951,48,1.0
3866,7317,1,80811.6,116,4.0
3867,7302,3,42426.09,228,1.0
3868,7319,5,89397.8325,98,1.0
3869,7304,4,88084.644,150,1.0
3870,7315,5,138137.32875,68,1.0
3871,7302,3,216373.059,39,1.0
3872,7301,5,81316.6725,68,1.0
3873,7304,2,219201.465,157,3.0
3874,7321,4,117176.82,200,1.0
3875,7301,3,42022.032,83,1.0
3876,7311,3,932414.34225,33,1.0
3877,7316,2,101014.5,48,7.0
3878,7308,2,142430.445,38,5.0
3879,7321,2,16970.436,31,3.0
3880,7319,2,51517.395,57,1.0
3881,7318,5,111115.95,80,1.0
3882,7301,2,150208.5615,46,1.0
3883,7310,1,45456.525,70,4.0
3884,7313,2,65659.425,104,3.0
3885,7318,4,20202.9,56,1.0
3886,7313,2,4040.58,151,3.0
3887,7317,6,79498.4115,52,1.0
3888,7310,2,216070.0155,60,1.0
3889,7312,4,257890.0185,45,5.0
3890,7309,3,114681.76185,50,1.0
3891,7313,2,69497.976,58,1.0
3892,7303,3,165562.7655,76,3.0
3893,7308,5,144046.677,55,1.0
3894,7316,3,163643.49,117,3.0
3895,7314,2,3030.435,103,5.0
3896,7301,1,13232.8995,52,4.0
3897,7307,1,35355.075,120,6.0
3898,7303,2,78892.3245,94,3.0
3899,7313,2,86872.47,72,1.0
3900,7317,1,688918.89,59,4.0
3901,7308,3,226373.4945,64,3.0
3902,7315,2,47729.35125,268,1.0
3903,7313,1,75760.875,58,4.0
3904,7314,2,466282.932,64,1.0
3905,7312,2,111115.95,201,1.0
3906,7308,3,117378.849,43,1.0
3907,7311,1,66669.57,97,6.0
3908,7315,2,122227.545,66,5.0
3909,7315,1,15657.2475,148,4.0
3910,7301,1,23536.3785,104,6.0
3911,7302,4,97984.065,94,3.0
3912,7309,1,54850.8735,59,6.0
3913,7307,2,38941.08975,101,1.0
3914,7321,2,26061.741,177,3.0
3915,7305,3,117176.82,109,1.0
3916,7322,2,13737.972,387,1.0
3917,7321,4,30304.35,113,3.0
3918,7313,3,181826.1,61,1.0
3919,7312,5,6060.87,65,7.0
3920,7302,4,104044.935,267,1.0
3921,7302,3,60709.7145,99,3.0
3922,7309,4,337388.43,158,1.0
3923,7316,1,50507.25,177,4.0
3924,7311,3,142329.4305,86,3.0
3925,7309,4,141420.3,135,1.0
3926,7322,1,10202.4645,119,6.0
3927,7322,6,54042.7575,80,1.0
3928,7320,2,45456.525,61,5.0
3929,7314,1,19546.30575,167,6.0
3930,7304,2,254556.54,143,1.0
3931,7310,4,186775.8105,73,1.0
3932,7315,1,11111.595,129,4.0
3933,7315,1,84680.45535,429,4.0
3934,7314,2,82124.7885,45,1.0
3935,7308,3,156572.475,120,2.0
3936,7310,4,0.0,92,3.0
3937,7312,2,59891.49705,77,1.0
3938,7312,1,106065.225,61,4.0
3939,7317,5,61618.845,236,2.0
3940,7317,2,146471.025,90,1.0
3941,7304,3,274557.411,73,1.0
3942,7318,1,21314.0595,45,6.0
3943,7315,3,27273.915,57,3.0
3944,7308,3,295972.485,60,1.0
3945,7311,2,233343.495,73,1.0
3946,7313,3,30506.379,156,1.0
3947,7301,2,40405.8,50,1.0
3948,7310,1,118186.965,123,4.0
3949,7310,5,261526.5405,64,1.0
3950,7302,3,111115.95,56,1.0
3951,7310,2,265668.135,238,1.0
3952,7317,3,31314.495,113,2.0
3953,7310,2,115762.617,83,5.0
3954,7309,2,1180556.4615,58,5.0
3955,7315,2,70003.0485,104,1.0
3956,7310,1,101014.5,203,6.0
3957,7316,2,36365.22,101,3.0
3958,7320,5,272638.1355,43,1.0
3959,7301,2,25051.596,180,5.0
3960,7304,2,139400.01,76,1.0
3961,7301,1,212130.45,119,4.0
3962,7319,3,67811.03385,69,2.0
3963,7310,1,72730.44,108,6.0
3964,7303,2,63942.1785,52,1.0
3965,7301,1,9091.305,128,6.0
3966,7310,2,42426.09,67,1.0
3967,7308,2,166067.838,69,1.0
3968,7301,1,60608.7,78,4.0
3969,7309,3,1256620.38,156,1.0
3970,7314,9,108792.6165,48,3.0
3971,7301,4,37375.365,169,1.0
3972,7315,2,101014.5,71,5.0
3973,7305,2,235262.7705,61,1.0
3974,7303,3,116873.7765,102,1.0
3975,7315,1,578004.969,65,6.0
3976,7316,3,50709.279,104,3.0
3977,7322,7,77730.65775,86,3.0
3978,7311,4,145460.88,75,1.0
3979,7315,2,27880.002,112,1.0
3980,7309,2,182836.245,105,1.0
3981,7302,9,191826.5355,157,3.0
3982,7317,7,37173.336,102,1.0
3983,7318,3,17576.523,57,1.0
3984,7309,2,141420.3,41,1.0
3985,7307,2,47981.8875,34,1.0
3986,7309,2,100004.355,54,7.0
3987,7301,4,98994.21,67,1.0
3988,7310,3,167886.099,62,1.0
3989,7307,5,246172.3365,77,1.0
3990,7301,2,90610.0065,77,7.0
3991,7310,1,588914.535,56,4.0
3992,7302,4,93442.45308,102,1.0
3993,7313,3,52527.54,118,1.0
3994,7305,1,46971.7425,61,6.0
3995,7309,3,53396.2647,55,3.0
3996,7314,1,70710.15,113,4.0
3997,7310,2,111115.95,132,1.0
3998,7313,4,50507.25,225,1.0
3999,7308,3,75760.875,55,1.0
4000,7316,1,101105.41305,135,4.0
4001,7305,2,125662.038,185,1.0
4002,7320,4,144955.8075,124,3.0
4003,7305,6,131318.85,120,1.0
4004,7322,4,40405.8,289,1.0
4005,7303,2,142430.445,73,5.0
4006,7311,2,14142.03,96,1.0
4007,7314,3,114752.472,102,1.0
4008,7305,3,59800.584,53,1.0
4009,7321,4,98994.21,99,3.0
4010,7317,2,10101.45,66,2.0
4011,7304,1,52527.54,83,6.0
4012,7307,1,165360.7365,103,6.0
4013,7316,3,184452.477,64,1.0
4014,7317,2,48486.96,110,1.0
4015,7304,2,127278.27,211,1.0
4016,7313,2,83842.035,83,1.0
4017,7304,4,153643.0545,107,1.0
4018,7308,2,286679.151,93,1.0
4019,7307,1,74750.73,104,4.0
4020,7309,2,758618.895,73,1.0
4021,7311,3,164451.606,122,1.0
4022,7310,2,183846.39,41,1.0
4023,7305,2,100812.471,108,1.0
4024,7316,1,46466.67,133,4.0
4025,7321,3,67477.686,33,1.0
4026,7306,3,138389.865,72,1.0
4027,7307,3,131318.85,185,1.0
4028,7313,3,273749.295,122,1.0
4029,7308,4,272739.15,55,1.0
4030,7312,1,80811.6,392,4.0
4031,7304,6,181826.1,70,1.0
4032,7319,2,36365.22,407,1.0
4033,7317,1,11313.624,90,6.0
4034,7314,1,11515.653,53,6.0
4035,7308,2,101014.5,56,3.0
4036,7321,4,84246.093,71,1.0
4037,7313,5,100004.355,98,1.0
4038,7318,4,44749.4235,63,3.0
4039,7305,5,90913.05,46,1.0
4040,7318,4,98994.21,130,3.0
4041,7314,5,102024.645,145,1.0
4042,7317,1,64649.28,128,6.0
4043,7302,5,243131.80005,12,1.0
4044,7320,3,167684.07,169,1.0
4045,7314,1,15859.2765,118,6.0
4046,7321,3,74952.759,58,2.0
4047,7317,2,86872.47,132,1.0
4048,7316,1,70710.15,56,4.0
4049,7314,3,248495.67,54,1.0
4050,7315,2,21546.39285,33,1.0
4051,7305,4,32324.64,177,3.0
4052,7321,5,68689.86,90,1.0
4053,7317,2,110105.805,208,5.0
4054,7310,3,385875.39,184,1.0
4055,7320,1,106065.225,211,6.0
4056,7318,1,68689.86,37,6.0
4057,7309,1,105257.109,96,6.0
4058,7304,1,131318.85,126,4.0
4059,7307,3,231323.205,31,1.0
4060,7305,2,98994.21,109,1.0
4061,7312,1,53537.685,82,4.0
4062,7304,2,26465.799,189,3.0
4063,7306,2,87680.586,47,1.0
4064,7316,2,87983.6295,133,1.0
4065,7302,3,108085.515,89,1.0
4066,7316,2,207079.725,75,1.0
4067,7310,1,24243.48,39,4.0
4068,7301,2,51517.395,72,7.0
4069,7314,1,3535.5075,87,6.0
4070,7320,1,95963.775,66,6.0
4071,7305,2,72629.4255,179,1.0
4072,7309,2,237384.075,53,1.0
4073,7321,3,55962.033,166,3.0
4074,7315,1,80811.6,110,6.0
4075,7309,2,68689.86,104,7.0
4076,7321,3,83842.035,119,2.0
4077,7306,2,505072.5,66,1.0
4078,7308,5,152531.895,68,1.0
4079,7315,2,201018.855,64,1.0
4080,7311,4,378703.3605,127,1.0
4081,7313,1,15859.2765,51,6.0
4082,7319,3,74750.73,51,1.0
4083,7303,3,50507.25,105,2.0
4084,7315,1,303043.5,136,4.0
4085,7313,4,282840.6,69,1.0
4086,7319,2,83235.948,53,7.0
4087,7318,4,39900.7275,117,2.0
4088,7301,4,179805.81,82,1.0
4089,7304,1,20202.9,143,6.0
4090,7312,2,79801.455,27,7.0
4091,7301,3,44446.38,81,2.0
4092,7320,6,216171.03,184,1.0
4093,7306,2,87175.5135,97,1.0
4094,7320,2,383855.1,121,1.0
4095,7301,2,67679.715,107,5.0
4096,7319,2,70710.15,41,1.0
4097,7303,2,66669.57,47,5.0
4098,7320,1,142450.6479,162,6.0
4099,7305,3,76872.0345,81,1.0
4100,7303,2,109095.66,82,7.0
4101,7306,2,148895.373,100,5.0
4102,7307,3,160208.997,35,1.0
4103,7312,2,97276.9635,78,1.0
4104,7314,2,21819.132,188,3.0
4105,7313,2,49396.0905,124,3.0
4106,7310,1,112126.095,74,6.0
4107,7317,2,128894.502,146,1.0
4108,7311,3,56972.178,88,1.0
4109,7302,3,262637.7,72,1.0
4110,7319,2,148693.344,275,1.0
4111,7307,1,122227.545,32,6.0
4112,7315,1,15152.175,96,4.0
4113,7314,2,151531.85145,73,3.0
4114,7310,2,143945.6625,50,1.0
4115,7306,4,153542.04,419,1.0
4116,7318,1,40405.8,64,4.0
4117,7305,2,171724.65,113,1.0
4118,7321,4,90610.0065,48,1.0
4119,7305,3,142733.4885,124,1.0
4120,7317,4,80811.6,47,3.0
4121,7303,6,61618.845,134,1.0
4122,7307,2,25960.7265,53,1.0
4123,7317,1,11111.595,185,6.0
4124,7305,3,163643.49,111,1.0
4125,7305,2,63841.164,73,3.0
4126,7316,2,163643.49,109,1.0
4127,7311,3,138086.8215,34,3.0
4128,7309,4,95054.6445,92,1.0
4129,7317,2,0.0,73,3.0
4130,7317,3,8182.1745,87,3.0
4131,7302,2,7172.0295,55,1.0
4132,7303,9,125257.98,98,3.0
4133,7320,2,133339.14,208,1.0
4134,7316,1,37274.3505,111,6.0
4135,7312,1,87882.615,85,4.0
4136,7321,1,25253.625,89,4.0
4137,7310,1,738415.995,33,4.0
4138,7308,2,169704.36,61,1.0
4139,7317,6,26667.828,201,1.0
4140,7315,2,114954.501,51,1.0
4141,7315,3,52527.54,99,1.0
4142,7315,3,22425.219,53,3.0
4143,7306,2,55557.975,93,1.0
4144,7320,3,111115.95,173,1.0
4145,7310,1,41213.916,69,4.0
4146,7321,4,93943.485,64,1.0
4147,7310,2,106065.225,46,7.0
4148,7310,1,0.0,52,6.0
4149,7312,2,187886.97,68,5.0
4150,7314,2,84448.122,58,7.0
4151,7322,2,225262.335,35,1.0
4152,7307,1,48183.9165,141,6.0
4153,7313,4,43436.235,217,1.0
4154,7308,4,4798.18875,88,3.0
4155,7314,4,120207.255,92,3.0
4156,7317,6,49497.105,91,2.0
4157,7317,2,186876.825,63,7.0
4158,7311,4,299103.9345,67,1.0
4159,7309,5,106065.225,131,1.0
4160,7310,2,36365.22,317,7.0
4161,7322,2,62527.9755,70,3.0
4162,7306,2,122732.6175,54,1.0
4163,7314,1,60608.7,101,4.0
4164,7319,3,97782.036,65,1.0
4165,7306,2,66871.599,45,1.0
4166,7312,1,90508.992,173,4.0
4167,7304,2,150410.5905,92,1.0
4168,7322,4,177987.549,368,1.0
4169,7316,2,64649.28,97,1.0
4170,7303,4,386279.448,107,1.0
4171,7318,3,61618.845,264,1.0
4172,7313,2,249556.32225,91,1.0
4173,7314,2,115156.53,68,1.0
4174,7302,3,27981.0165,62,3.0
4175,7319,1,30203.3355,48,6.0
4176,7309,4,582853.665,392,1.0
4177,7308,2,97782.036,182,5.0
4178,7312,1,0.0,58,4.0
4179,7310,1,76568.991,103,4.0
4180,7309,3,141420.3,197,1.0
4181,7321,4,90913.05,55,1.0
4182,7321,2,42426.09,41,1.0
4183,7301,2,101014.5,330,1.0
4184,7321,2,250111.902,73,1.0
4185,7304,4,212130.45,102,1.0
4186,7309,2,134349.285,97,1.0
4187,7309,2,116166.675,97,1.0
4188,7301,3,178795.665,84,2.0
4189,7314,4,121823.487,47,1.0
4190,7318,7,134349.285,232,1.0
4191,7306,2,23354.5524,72,1.0
4192,7306,2,38082.4665,67,7.0
4193,7315,3,164653.635,48,7.0
4194,7315,6,64952.3235,67,1.0
4195,7305,2,29294.205,63,3.0
4196,7321,7,136369.575,75,1.0
4197,7319,2,69700.005,91,1.0
4198,7312,2,196170.159,181,5.0
4199,7305,4,195968.13,204,1.0
4200,7313,2,128490.444,60,1.0
4201,7311,2,273042.1935,72,1.0
4202,7308,1,40405.8,70,6.0
4203,7321,1,85862.325,52,4.0
4204,7318,2,32122.611,37,1.0
4205,7322,1,80811.6,68,4.0
4206,7311,2,46466.67,122,1.0
4207,7319,2,144955.8075,64,2.0
4208,7305,1,107782.4715,111,6.0
4209,7316,3,40405.8,305,1.0
4210,7315,1,35860.1475,49,6.0
4211,7312,2,105055.08,117,1.0
4212,7312,2,352540.605,67,1.0
4213,7322,4,7323.55125,66,2.0
4214,7313,4,98691.1665,72,1.0
4215,7312,3,90913.05,131,2.0
4216,7316,1,114146.385,62,6.0
4217,7301,4,142430.445,122,1.0
4218,7301,2,121217.4,83,1.0
4219,7310,2,32324.64,75,5.0
4220,7311,4,178795.665,243,1.0
4221,7301,2,28486.089,45,1.0
4222,7313,7,90913.05,134,1.0
4223,7319,2,101822.616,44,1.0
4224,7314,5,79296.3825,50,1.0
4225,7315,1,104297.47125,117,6.0
4226,7313,1,91115.079,71,6.0
4227,7305,5,130308.705,96,1.0
4228,7309,2,116631.3417,52,1.0
4229,7311,1,123237.69,60,6.0
4230,7322,3,80811.6,135,1.0
4231,7319,1,30304.35,60,6.0
4232,7302,4,114853.4865,50,1.0
4233,7318,1,67679.715,79,6.0
4234,7306,2,72023.3385,57,1.0
4235,7320,2,72124.353,59,1.0
4236,7303,2,202029.0,55,1.0
4237,7310,2,116166.675,183,5.0
4238,7308,3,92933.34,65,2.0
4239,7306,2,45456.525,160,5.0
4240,7305,1,364662.345,95,4.0
4241,7321,5,90711.021,118,2.0
4242,7304,1,90104.934,84,6.0
4243,7316,2,80811.6,76,7.0
4244,7301,1,73639.5705,114,6.0
4245,7302,4,141743.5464,105,1.0
4246,7320,2,92226.2385,109,1.0
4247,7319,2,105257.109,49,1.0
4248,7301,3,98994.21,163,7.0
4249,7310,4,579823.23,79,1.0
4250,7301,1,23738.4075,63,6.0
4251,7309,2,82983.41175,72,1.0
4252,7309,2,222878.3928,185,1.0
4253,7310,1,36365.22,60,6.0
4254,7303,2,65659.425,376,1.0
4255,7314,4,15152.175,127,1.0
4256,7316,1,0.0,108,4.0
4257,7319,2,156269.4315,106,1.0
4258,7309,2,202029.0,76,1.0
4259,7309,1,2727.3915,112,6.0
4260,7315,2,76771.02,46,1.0
4261,7315,3,54648.8445,65,2.0
4262,7305,2,143238.561,46,1.0
4263,7305,2,41820.003,56,1.0
4264,7313,2,25051.596,50,3.0
4265,7316,2,22728.2625,37,3.0
4266,7316,3,266375.2365,79,1.0
4267,7306,1,52527.54,75,6.0
4268,7322,4,53032.6125,103,1.0
4269,7314,2,22223.19,111,2.0
4270,7314,2,199806.681,73,1.0
4271,7301,1,22930.2915,104,6.0
4272,7302,5,93943.485,15,3.0
4273,7310,2,163037.403,39,1.0
4274,7316,1,282840.6,61,6.0
4275,7317,3,160512.0405,144,1.0
4276,7313,1,60608.7,40,6.0
4277,7319,2,118186.965,54,1.0
4278,7316,2,136066.5315,53,5.0
4279,7316,1,47476.815,57,6.0
4280,7312,2,98388.123,70,2.0
4281,7317,2,60608.7,144,5.0
4282,7309,2,159602.91,77,1.0
4283,7306,1,22930.2915,68,6.0
4284,7321,4,16667.3925,153,3.0
4285,7310,2,252435.2355,88,1.0
4286,7321,3,85862.325,207,2.0
4287,7316,1,110105.805,106,4.0
4288,7311,2,70912.179,37,1.0
4289,7311,5,249505.815,46,1.0
4290,7317,5,57477.2505,349,1.0
4291,7311,2,177684.5055,102,1.0
4292,7301,1,101014.5,166,4.0
4293,7311,3,401633.652,106,1.0
4294,7313,2,119197.11,55,1.0
4295,7311,2,596995.695,93,1.0
4296,7320,5,101014.5,132,1.0
4297,7308,4,203948.2755,66,1.0
4298,7316,2,87882.615,93,1.0
4299,7316,2,100610.442,53,1.0
4300,7304,1,138995.952,79,4.0
4301,7305,1,0.0,403,4.0
4302,7301,3,134349.285,126,1.0
4303,7308,4,83437.977,54,1.0
4304,7307,2,611541.783,54,1.0
4305,7304,1,23536.3785,110,6.0
4306,7311,3,303144.5145,87,1.0
4307,7302,1,45456.525,9,6.0
4308,7321,1,0.0,74,4.0
4309,7316,1,72730.44,48,6.0
4310,7310,2,88892.76,58,1.0
4311,7305,3,130409.7195,154,1.0
4312,7319,3,80811.6,195,1.0
4313,7310,5,29294.205,118,3.0
4314,7312,3,39193.626,98,1.0
4315,7306,2,35355.075,73,2.0
4316,7321,2,87276.528,61,1.0
4317,7314,2,70609.1355,45,1.0
4318,7306,2,232333.35,77,1.0
4319,7316,2,125257.98,114,1.0
4320,7315,1,0.0,66,6.0
4321,7315,1,51517.395,57,6.0
4322,7301,5,32324.64,412,1.0
4323,7320,4,222231.9,113,1.0
4324,7304,2,142329.4305,65,5.0
4325,7313,5,77882.1795,72,1.0
4326,7302,1,60608.7,58,6.0
4327,7301,5,70508.121,48,1.0
4328,7302,5,101014.5,9,1.0
4329,7315,3,133339.14,140,5.0
4330,7319,3,70730.3529,77,1.0
4331,7306,1,14546.088,82,6.0
4332,7316,1,113136.24,151,4.0
4333,7314,2,97984.065,108,5.0
4334,7303,2,92933.34,48,7.0
4335,7306,3,87175.5135,31,1.0
4336,7313,3,40910.8725,88,3.0
4337,7310,2,68689.86,144,1.0
4338,7315,1,212837.5515,92,4.0
4339,7316,2,175260.1575,67,1.0
4340,7302,1,0.0,63,4.0
4341,7314,3,101014.5,194,1.0
4342,7305,3,250111.902,83,1.0
4343,7310,2,247384.5105,89,5.0
4344,7309,2,214453.7835,144,1.0
4345,7315,1,22223.19,33,6.0
4346,7307,2,45557.5395,63,1.0
4347,7318,3,169805.3745,62,1.0
4348,7314,2,128187.4005,50,1.0
4349,7310,1,5050.725,84,6.0
4350,7301,1,36365.22,85,6.0
4351,7303,6,75760.875,67,2.0
4352,7303,7,209100.015,331,1.0
4353,7307,3,89296.818,7,2.0
4354,7321,1,14142.03,79,6.0
4355,7310,1,3030.435,106,6.0
4356,7316,1,48486.96,68,4.0
4357,7308,2,299406.978,90,1.0
4358,7308,1,86872.47,153,6.0
4359,7321,4,99196.239,267,1.0
4360,7318,4,71417.2515,117,1.0
4361,7313,3,103034.79,89,1.0
4362,7320,2,192533.637,130,1.0
4363,7310,1,1414.203,112,6.0
4364,7303,3,131116.821,38,1.0
4365,7321,3,41446.24935,54,3.0
4366,7307,5,245465.235,49,3.0
4367,7308,3,420220.32,203,1.0
4368,7307,4,159097.8375,99,1.0
4369,7302,3,70710.15,92,1.0
4370,7304,2,41718.9885,89,1.0
4371,7321,2,1818.261,41,5.0
4372,7309,2,207079.725,56,1.0
4373,7316,2,101014.5,82,5.0
4374,7321,4,576792.795,62,1.0
4375,7309,1,151521.75,72,4.0
4376,7322,1,13030.8705,33,6.0
4377,7316,1,33637.8285,145,6.0
4378,7322,6,65982.6714,79,1.0
4379,7315,1,12020.7255,88,6.0
4380,7315,2,88620.02085,56,1.0
4381,7316,2,110105.805,44,7.0
4382,7314,4,129621.8064,83,1.0
4383,7321,2,95155.659,39,1.0
4384,7316,2,66164.4975,59,3.0
4385,7317,1,9798.4065,335,6.0
4386,7313,6,131682.5022,276,1.0
4387,7304,1,66871.599,63,6.0
4388,7310,3,376177.998,48,1.0
4389,7318,6,126268.125,60,1.0
4390,7301,1,13838.9865,65,6.0
4391,7314,2,141420.3,57,1.0
4392,7306,5,50507.25,111,2.0
4393,7306,2,60810.729,79,1.0
4394,7317,3,62325.9465,62,3.0
4395,7311,3,131419.8645,41,1.0
4396,7312,2,101014.5,108,1.0
4397,7319,3,85862.325,164,3.0
4398,7321,2,109196.6745,120,2.0
4399,7313,2,242434.8,57,1.0
4400,7303,4,35355.075,107,3.0
4401,7316,1,70811.1645,56,4.0
4402,7313,1,20910.0015,78,4.0
4403,7309,4,116166.675,86,1.0
4404,7314,3,114853.4865,93,1.0
4405,7304,2,74750.73,97,3.0
4406,7310,2,231323.205,81,1.0
4407,7312,3,95963.775,75,1.0
4408,7320,1,15152.175,154,6.0
4409,7308,5,55557.975,72,1.0
4410,7314,3,77882.1795,121,2.0
4411,7314,1,106065.225,85,6.0
4412,7319,4,80407.542,213,3.0
4413,7319,4,70710.15,85,1.0
4414,7319,1,29294.205,113,6.0
4415,7317,2,146370.0105,72,7.0
4416,7322,2,111115.95,247,1.0
4417,7308,4,354964.953,85,1.0
4418,7306,2,61719.8595,89,1.0
4419,7314,1,316175.385,66,4.0
4420,7312,1,72730.44,31,6.0
4421,7319,3,32324.64,57,1.0
4422,7314,2,108085.515,86,1.0
4423,7314,5,120712.3275,107,1.0
4424,7315,3,50507.25,414,2.0
4425,7313,2,71720.295,101,3.0
4426,7304,2,67275.657,59,3.0
4427,7316,4,84650.151,233,7.0
4428,7308,1,3030.435,131,4.0
4429,7318,2,88690.731,83,5.0
4430,7310,2,93337.398,110,1.0
4431,7302,4,72730.44,20,1.0
4432,7314,1,80811.6,65,6.0
4433,7318,8,96973.92,193,2.0
4434,7304,2,102327.6885,119,7.0
4435,7310,1,566388.3015,41,6.0
4436,7305,1,86468.412,80,6.0
4437,7310,2,92933.34,105,1.0
4438,7302,2,15152.175,15,3.0
4439,7322,2,31011.4515,182,3.0
4440,7306,2,61113.7725,37,5.0
4441,7321,4,67679.715,191,1.0
4442,7309,1,110105.805,89,6.0
4443,7321,1,17788.65345,90,6.0
4444,7320,3,186472.767,85,1.0
4445,7319,4,125561.0235,78,3.0
4446,7304,2,393451.4775,136,1.0
4447,7310,2,58285.3665,105,1.0
4448,7317,2,14647.1025,157,2.0
4449,7320,2,581843.52,75,1.0
4450,7306,2,64851.309,71,1.0
4451,7302,2,150006.5325,51,1.0
4452,7308,4,191220.4485,118,1.0
4453,7320,5,82023.774,678,3.0
4454,7305,5,42597.81465,61,7.0
4455,7314,3,368702.925,61,3.0
4456,7311,1,144450.735,69,6.0
4457,7318,4,96973.92,118,3.0
4458,7313,3,78185.223,87,1.0
4459,7316,1,63639.135,169,6.0
4460,7305,1,5858.841,398,6.0
4461,7312,4,358601.475,73,1.0
4462,7304,2,172330.737,92,1.0
4463,7309,6,65659.425,161,1.0
4464,7305,3,135258.4155,108,1.0
4465,7316,2,24142.4655,104,3.0
4466,7302,2,23435.364,22,1.0
4467,7302,3,111115.95,63,1.0
4468,7316,3,28284.06,220,3.0
4469,7308,3,283345.6725,58,1.0
4470,7320,1,131318.85,96,6.0
4471,7309,2,76063.9185,82,1.0
4472,7304,1,109095.66,108,6.0
4473,7304,1,10808.5515,60,4.0
4474,7320,5,28587.1035,51,1.0
4475,7318,5,128793.4875,82,1.0
4476,7321,5,142571.8653,65,1.0
4477,7308,4,57376.236,85,1.0
4478,7321,5,60608.7,59,3.0
4479,7309,4,163138.4175,48,1.0
4480,7312,2,242434.8,59,1.0
4481,7305,2,135561.459,50,1.0
4482,7302,3,105055.08,103,2.0
4483,7320,2,177482.4765,42,1.0
4484,7304,1,352540.605,113,4.0
4485,7301,2,103236.819,125,1.0
4486,7308,5,128288.415,65,1.0
4487,7317,2,25657.683,91,3.0
4488,7317,5,38385.51,153,1.0
4489,7320,4,151521.75,195,1.0
4490,7308,3,115661.6025,74,1.0
4491,7315,4,195564.072,36,1.0
4492,7301,3,70710.15,75,1.0
4493,7322,2,18081.5955,178,1.0
4494,7316,3,50507.25,86,1.0
4495,7310,2,76670.0055,132,7.0
4496,7302,1,27273.915,50,6.0
4497,7312,2,122227.545,174,1.0
4498,7310,1,101519.5725,30,6.0
4499,7301,2,78791.31,111,1.0
4500,7305,2,50002.1775,112,7.0
4501,7314,2,141420.3,112,7.0
4502,7318,1,54850.8735,45,4.0
4503,7315,2,186876.825,84,5.0
4504,7322,1,44850.438,56,4.0
4505,7310,1,55557.975,115,4.0
4506,7302,1,72730.44,61,4.0
4507,7315,1,51941.6559,129,6.0
4508,7310,2,68689.86,127,7.0
4509,7313,2,77781.165,32,1.0
4510,7318,6,48486.96,48,1.0
4511,7322,2,39597.684,46,1.0
4512,7302,1,21819.132,15,6.0
4513,7307,2,45961.5975,34,3.0
4514,7321,4,16162.32,54,3.0
4515,7312,3,7071.015,61,3.0
4516,7318,5,140410.155,54,1.0
4517,7305,2,48486.96,64,3.0
4518,7308,1,77781.165,89,4.0
4519,7316,1,222939.0015,79,6.0
4520,7303,2,93135.369,87,1.0
4521,7321,4,71720.295,75,2.0
4522,7309,5,194452.9125,189,1.0
4523,7301,1,15192.5808,56,6.0
4524,7319,3,16162.32,62,3.0
4525,7319,1,15253.1895,58,6.0
4526,7314,1,70710.15,133,6.0
4527,7318,3,80003.484,84,1.0
4528,7307,4,121217.4,115,1.0
4529,7314,4,84852.18,46,1.0
4530,7308,2,155562.33,35,2.0
4531,7313,2,13232.8995,108,1.0
4532,7307,1,70710.15,63,4.0
4533,7319,1,25415.2482,52,6.0
4534,7322,2,52931.598,201,5.0
4535,7317,6,286477.122,126,2.0
4536,7316,1,65659.425,78,4.0
4537,7310,1,366884.664,56,4.0
4538,7305,2,61416.816,58,1.0
4539,7314,4,111115.95,56,1.0
4540,7322,3,194957.985,150,1.0
4541,7310,4,10101.45,52,1.0
4542,7312,6,77478.1215,164,2.0
4543,7318,6,141016.242,63,1.0
4544,7319,2,17172.465,96,2.0
4545,7301,2,138389.865,40,1.0
4546,7314,4,245465.235,58,1.0
4547,7301,2,26203.1613,188,1.0
4548,7312,1,7980.1455,51,6.0
4549,7303,6,49093.047,49,1.0
4550,7301,3,100004.355,63,1.0
4551,7315,6,52527.54,71,1.0
4552,7321,2,25758.6975,67,3.0
4553,7309,1,33738.843,54,6.0
4554,7307,7,141420.3,397,2.0
4555,7309,1,473758.005,57,6.0
4556,7304,1,24546.5235,66,6.0
4557,7311,3,90913.05,114,1.0
4558,7303,1,52527.54,36,4.0
4559,7319,1,58588.41,44,4.0
4560,7304,2,100004.355,155,1.0
4561,7315,1,65659.425,34,6.0
4562,7306,2,99297.2535,51,1.0
4563,7314,3,56568.12,90,1.0
4564,7310,2,429311.625,71,5.0
4565,7309,2,300013.065,105,1.0
4566,7310,1,1636.4349,101,6.0
4567,7310,1,30304.35,119,4.0
4568,7315,3,136369.575,126,1.0
4569,7311,3,38183.481,130,1.0
4570,7322,1,86872.47,422,6.0
4571,7306,4,133339.14,62,3.0
4572,7311,2,202029.0,100,1.0
4573,7301,3,90913.05,72,1.0
4574,7311,2,129298.56,83,1.0
4575,7316,5,89902.905,79,1.0
4576,7306,2,267587.4105,107,1.0
4577,7311,2,70710.15,76,5.0
4578,7303,3,176775.375,51,1.0
4579,7309,2,71215.2225,108,1.0
4580,7302,1,444.4638,29,4.0
4581,7315,2,15354.204,83,1.0
4582,7310,1,85862.325,84,6.0
4583,7314,1,22829.277,64,6.0
4584,7303,1,50507.25,55,6.0
4585,7310,1,40405.8,109,6.0
4586,7322,1,21415.074,112,4.0
4587,7301,1,19394.784,101,6.0
4588,7311,1,75154.788,81,4.0
4589,7309,6,161522.1855,350,1.0
4590,7317,4,31314.495,229,1.0
4591,7316,2,1828.36245,194,1.0
4592,7307,1,75255.8025,105,4.0
4593,7302,2,234454.6545,13,3.0
4594,7313,7,370521.186,49,1.0
4595,7322,4,90913.05,169,1.0
4596,7309,2,930848.6175,102,1.0
4597,7306,3,75659.8605,79,1.0
4598,7306,3,207079.725,47,1.0
4599,7303,2,95963.775,129,3.0
4600,7310,1,111115.95,59,6.0
4601,7313,2,324256.545,36,5.0
4602,7312,2,135359.43,58,2.0
4603,7312,2,11818.6965,39,7.0
4604,7314,3,281830.455,118,1.0
4605,7318,4,87882.615,66,2.0
4606,7315,2,131318.85,54,7.0
4607,7309,1,43436.235,88,6.0
4608,7303,2,695585.847,95,1.0
4609,7310,1,54547.83,57,6.0
4610,7306,3,188493.057,120,1.0
4611,7302,1,35355.075,173,6.0
4612,7310,3,101014.5,126,7.0
4613,7314,2,111136.1529,106,1.0
4614,7317,1,13636.9575,61,4.0
4615,7308,2,82124.7885,118,1.0
4616,7322,2,98994.21,207,1.0
4617,7309,1,27374.9295,62,6.0
4618,7317,4,113742.327,67,3.0
4619,7313,3,121217.4,74,1.0
4620,7320,1,30304.35,58,6.0
4621,7306,2,168189.1425,49,1.0
4622,7308,3,205059.435,50,1.0
4623,7308,3,63639.135,277,2.0
4624,7304,1,161623.2,110,6.0
4625,7317,2,95963.775,197,5.0
4626,7313,3,205786.7394,35,1.0
4627,7312,3,79053.9477,141,3.0
4628,7313,2,72528.411,137,7.0
4629,7320,8,239909.4375,112,1.0
4630,7321,4,51921.453,32,1.0
4631,7312,4,207079.725,89,1.0
4632,7305,1,24142.4655,72,6.0
4633,7315,4,191927.55,94,1.0
4634,7314,4,173340.882,115,1.0
4635,7322,4,36870.2925,55,2.0
4636,7304,2,106065.225,107,5.0
4637,7301,2,55557.975,94,1.0
4638,7309,1,169704.36,61,4.0
4639,7314,5,92529.282,204,1.0
4640,7315,4,65053.338,68,2.0
4641,7317,2,70205.0775,113,2.0
4642,7317,4,21718.1175,134,3.0
4643,7319,2,16465.3635,122,3.0
4644,7316,2,267688.425,62,1.0
4645,7319,3,88286.673,119,1.0
4646,7301,2,65861.454,46,1.0
4647,7301,1,35708.62575,195,4.0
4648,7322,2,49375.8876,46,1.0
4649,7314,2,47618.2353,56,3.0
4650,7308,2,69801.0195,80,1.0
4651,7312,3,39395.655,50,1.0
4652,7309,1,3131.4495,293,4.0
4653,7313,3,70710.15,132,3.0
4654,7302,3,179805.81,16,2.0
4655,7303,2,45759.5685,24,1.0
4656,7301,1,101014.5,52,4.0
4657,7306,5,82124.7885,136,1.0
4658,7304,3,237384.075,66,1.0
4659,7303,3,79801.455,100,3.0
4660,7308,2,161623.2,53,1.0
4661,7308,2,76771.02,319,3.0
4662,7321,2,70710.15,190,1.0
4663,7307,4,111924.066,87,1.0
4664,7305,5,12121.74,61,3.0
4665,7303,2,125965.0815,53,1.0
4666,7311,4,171724.65,41,1.0
4667,7316,3,192937.695,39,5.0
4668,7315,2,78801.41145,57,1.0
4669,7304,4,5050.725,130,1.0
4670,7310,2,273244.2225,107,7.0
4671,7305,3,56366.091,83,3.0
4672,7313,2,33334.785,53,1.0
4673,7311,4,117176.82,68,1.0
4674,7320,6,128803.58895,77,3.0
4675,7316,2,136369.575,138,1.0
4676,7319,4,135359.43,48,1.0
4677,7309,2,157582.62,97,1.0
4678,7303,3,95458.7025,36,1.0
4679,7313,2,10303.479,64,1.0
4680,7312,4,96468.8475,121,2.0
4681,7307,3,576792.795,96,1.0
4682,7310,1,352540.605,30,6.0
4683,7311,4,219908.5665,690,1.0
4684,7318,1,60608.7,124,4.0
4685,7308,2,80912.6145,87,1.0
4686,7322,2,40708.8435,205,3.0
4687,7310,1,161623.2,55,4.0
4688,7319,5,172229.7225,68,1.0
4689,7316,1,45456.525,62,6.0
4690,7319,2,180815.955,69,1.0
4691,7321,3,53436.6705,172,2.0
4692,7304,2,179805.81,87,1.0
4693,7307,1,76568.991,57,4.0
4694,7321,1,45961.5975,56,6.0
4695,7321,2,11010.5805,65,3.0
4696,7317,2,80306.5275,211,5.0
4697,7321,6,129298.56,130,1.0
4698,7321,3,59093.4825,62,1.0
4699,7316,2,92428.2675,153,1.0
4700,7310,1,25253.625,310,6.0
4701,7317,4,36365.22,194,3.0
4702,7318,1,186775.8105,385,6.0
4703,7308,5,165865.809,89,1.0
4704,7314,1,14142.03,110,4.0
4705,7306,5,381632.781,53,1.0
4706,7320,3,271729.005,82,1.0
4707,7317,3,126268.125,66,1.0
4708,7321,5,77781.165,229,1.0
4709,7316,2,52022.4675,85,3.0
4710,7311,5,576792.795,98,1.0
4711,7309,4,576792.795,104,1.0
4712,7301,2,69700.005,104,3.0
4713,7320,5,3636.522,119,3.0
4714,7304,3,140612.184,203,1.0
4715,7310,2,297992.775,34,1.0
4716,7318,2,58588.41,459,3.0
4717,7310,4,165764.7945,37,1.0
4718,7321,1,36365.22,70,4.0
4719,7303,1,20202.9,114,4.0
4720,7306,3,249505.815,104,1.0
4721,7322,1,9091.305,160,6.0
4722,7302,4,284860.89,16,1.0
4723,7314,3,60608.7,165,1.0
4724,7304,1,191927.55,65,4.0
4725,7306,1,0.0,210,6.0
4726,7312,1,3030.435,102,6.0
4727,7317,1,15889.58085,96,4.0
4728,7316,2,10101.45,118,5.0
4729,7310,1,11636.8704,71,4.0
4730,7322,3,47274.786,308,1.0
4731,7318,2,5050.725,54,3.0
4732,7302,1,959.63775,19,4.0
4733,7318,1,8990.2905,29,6.0
4734,7313,4,121823.487,30,1.0
4735,7320,2,381834.81,38,1.0
4736,7309,5,94953.63,81,1.0
4737,7322,2,48385.9455,84,1.0
4738,7320,4,26162.7555,108,3.0
4739,7321,5,108994.6455,63,1.0
4740,7311,3,36264.2055,104,1.0
4741,7302,2,105055.08,8,3.0
4742,7306,2,196978.275,58,1.0
4743,7309,3,173239.8675,84,1.0
4744,7305,5,141420.3,164,1.0
4745,7319,10,46567.6845,423,1.0
4746,7308,2,126268.125,95,1.0
4747,7317,5,42931.1625,139,1.0
4748,7311,2,95761.746,91,7.0
4749,7308,2,202029.0,98,1.0
4750,7313,2,106469.283,24,3.0
4751,7320,5,168694.215,100,1.0
4752,7312,4,43840.293,108,1.0
4753,7307,3,119298.1245,61,1.0
4754,7310,1,106065.225,74,4.0
4755,7314,2,1153585.59,147,3.0
4756,7315,3,227080.596,248,3.0
4757,7302,2,36870.2925,13,2.0
4758,7310,1,122227.545,64,4.0
4759,7304,2,141420.3,116,1.0
4760,7314,2,82831.89,57,1.0
4761,7312,2,112126.095,210,7.0
4762,7321,3,57578.265,54,3.0
4763,7314,2,103034.79,116,5.0
4764,7304,1,45456.525,163,4.0
4765,7315,5,387087.564,99,1.0
4766,7305,4,135258.4155,95,3.0
4767,7314,4,207079.725,74,1.0
4768,7310,4,222332.9145,135,3.0
4769,7306,1,9091.305,68,4.0
4770,7314,2,126843.90765,66,1.0
4771,7319,5,58083.3375,83,1.0
4772,7318,4,85256.238,57,1.0
4773,7312,5,623259.465,106,1.0
4774,7315,1,137480.7345,120,6.0
4775,7311,3,151319.721,133,1.0
4776,7311,4,152531.895,35,1.0
4777,7303,2,81841.9479,40,7.0
4778,7321,2,23940.4365,158,3.0
4779,7305,2,178795.665,130,1.0
4780,7303,2,106974.3555,57,1.0
4781,7316,1,23940.4365,126,4.0
4782,7317,2,21213.045,188,3.0
4783,7319,1,81821.745,39,6.0
4784,7314,1,98590.152,117,4.0
4785,7311,2,95963.775,558,3.0
4786,7303,4,131561.2848,170,3.0
4787,7315,2,149501.46,112,7.0
4788,7307,1,42527.1045,169,4.0
4789,7318,4,141743.5464,86,1.0
4790,7321,1,35759.133,63,4.0
4791,7308,3,169805.3745,37,1.0
4792,7316,2,161421.171,79,5.0
4793,7319,9,172492.3602,126,1.0
4794,7308,1,126975.2265,55,6.0
4795,7312,2,95761.746,42,1.0
4796,7322,2,105459.138,61,1.0
4797,7316,6,142733.4885,54,1.0
4798,7304,4,111115.95,196,1.0
4799,7311,2,158592.765,221,1.0
4800,7304,2,401532.6375,55,3.0
4801,7316,4,231424.2195,99,1.0
4802,7314,3,631340.625,73,1.0
4803,7313,3,24142.4655,63,3.0
4804,7314,4,151521.75,58,1.0
4805,7310,3,106065.225,100,3.0
4806,7311,6,179603.781,103,1.0
4807,7321,1,66669.57,51,4.0
4808,7308,2,38183.481,113,1.0
4809,7315,1,85862.325,113,6.0
4810,7321,3,77781.165,68,2.0
4811,7318,2,91216.0935,65,1.0
4812,7320,4,60608.7,85,1.0
4813,7316,1,43436.235,117,6.0
4814,7304,2,93135.369,51,7.0
4815,7308,4,175159.143,91,1.0
4816,7306,2,105459.138,52,3.0
4817,7305,4,191927.55,169,1.0
4818,7310,1,60608.7,272,4.0
4819,7317,3,48891.018,108,1.0
4820,7318,3,30405.3645,58,1.0
4821,7303,3,65659.425,75,1.0
4822,7317,1,50507.25,64,4.0
4823,7306,4,215059.8705,58,1.0
4824,7322,1,19192.755,144,6.0
4825,7302,3,24445.509,24,3.0
4826,7314,3,190109.289,68,1.0
4827,7302,4,80407.542,19,1.0
4828,7317,3,331529.589,60,1.0
4829,7321,2,73134.498,183,1.0
4830,7316,1,27273.915,120,6.0
4831,7311,4,165865.809,65,1.0
4832,7311,2,79801.455,99,1.0
4833,7316,1,97984.065,35,6.0
4834,7301,3,66669.57,279,5.0
4835,7322,2,56366.091,58,1.0
4836,7320,1,51921.453,82,6.0
4837,7316,1,65659.425,357,4.0
4838,7304,2,14142.03,85,3.0
4839,7303,3,57174.207,56,1.0
4840,7322,4,126268.125,234,1.0
4841,7307,2,129298.56,156,1.0
4842,7317,2,34445.9445,32,5.0
4843,7301,2,133339.14,105,1.0
4844,7309,6,92832.3255,362,1.0
4845,7310,2,929333.4,34,1.0
4846,7320,7,162835.374,101,1.0
4847,7314,2,261324.5115,59,1.0
4848,7302,2,235666.8285,226,1.0
4849,7310,1,35153.046,79,4.0
4850,7311,3,218595.378,85,1.0
4851,7314,3,231424.2195,51,1.0
4852,7311,3,318296.6895,112,1.0
4853,7302,2,118833.4578,62,1.0
4854,7317,1,17172.465,96,6.0
4855,7315,2,121217.4,400,5.0
4856,7310,1,82831.89,69,6.0
4857,7302,5,587500.332,306,1.0
4858,7309,1,120106.2405,419,6.0
4859,7310,2,136874.6475,31,1.0
4860,7310,4,222231.9,66,1.0
4861,7318,3,128793.4875,49,1.0
4862,7319,2,33476.2053,389,1.0
4863,7321,4,80811.6,330,1.0
4864,7314,3,70710.15,98,3.0
4865,7302,5,177280.4475,119,1.0
4866,7307,1,45315.1047,91,6.0
4867,7321,3,195968.13,52,1.0
4868,7320,2,120106.2405,49,3.0
4869,7308,2,25253.625,103,3.0
4870,7309,2,718213.095,138,1.0
4871,7308,1,68689.86,107,6.0
4872,7309,3,18182.61,63,1.0
4873,7305,3,131318.85,62,1.0
4874,7321,4,51517.395,256,1.0
4875,7302,1,9091.305,17,6.0
4876,7302,6,15758.262,13,2.0
4877,7313,3,114651.4575,33,1.0
4878,7313,2,54244.7865,37,1.0
4879,7308,4,139197.981,314,5.0
4880,7309,2,264354.9465,53,1.0
4881,7314,1,90913.05,87,6.0
4882,7322,4,29698.263,169,3.0
4883,7312,4,77983.194,62,1.0
4884,7311,1,13131.885,149,6.0
4885,7320,3,72427.3965,165,1.0
4886,7310,1,9192.3195,101,4.0
4887,7314,5,241828.713,43,1.0
4888,7322,2,42426.09,89,1.0
4889,7320,2,152663.21385,149,5.0
4890,7301,2,160006.968,81,1.0
4891,7308,2,78387.252,97,2.0
4892,7309,3,64447.251,69,3.0
4893,7302,3,81619.716,48,1.0
4894,7307,2,73831.49805,113,1.0
4895,7322,3,0.0,50,1.0
4896,7315,2,21213.045,236,1.0
4897,7313,7,326276.835,52,1.0
4898,7301,2,196978.275,72,5.0
4899,7313,1,31819.5675,73,6.0
4900,7310,1,40405.8,77,6.0
4901,7320,3,278800.02,103,1.0
4902,7312,2,354358.866,124,1.0
4903,7321,1,28688.118,53,6.0
4904,7308,1,16970.436,64,6.0
4905,7302,2,96973.92,34,2.0
4906,7311,2,116166.675,34,1.0
4907,7308,2,588813.5205,54,1.0
4908,7318,2,386127.92625,58,5.0
4909,7317,3,136369.575,55,1.0
4910,7321,3,90913.05,51,3.0
4911,7303,2,202029.0,98,1.0
4912,7322,2,40809.858,40,2.0
4913,7311,3,295972.485,61,1.0
4914,7313,2,114651.4575,29,1.0
4915,7320,5,154350.156,94,1.0
4916,7321,4,30304.35,169,2.0
4917,7310,2,207079.725,30,1.0
4918,7309,2,93438.4125,73,1.0
4919,7304,1,107075.37,59,4.0
4920,7317,6,75760.875,76,3.0
4921,7316,2,300922.1955,62,1.0
4922,7321,4,156976.533,31,1.0
4923,7315,3,130308.705,145,1.0
4924,7304,2,293043.0645,195,1.0
4925,7314,3,115964.646,79,1.0
4926,7313,2,96973.92,58,1.0
4927,7310,1,0.0,146,6.0
4928,7307,7,106802.63085,101,1.0
4929,7321,2,35193.4518,45,1.0
4930,7314,1,101014.5,121,4.0
4931,7303,5,144551.7495,106,1.0
4932,7314,3,117176.82,103,1.0
4933,7305,2,36567.249,89,1.0
4934,7310,2,101014.5,67,5.0
4935,7305,1,353.55075,406,6.0
4936,7306,1,44446.38,46,4.0
4937,7306,3,32930.727,28,1.0
4938,7317,1,93943.485,69,6.0
4939,7318,1,42426.09,213,6.0
4940,7313,4,101014.5,328,1.0
4941,7317,5,41415.945,58,1.0
4942,7308,1,1717.2465,99,6.0
4943,7317,3,97984.065,79,1.0
4944,7309,1,78488.2665,58,6.0
4945,7312,3,12121.74,95,1.0
4946,7309,4,54749.859,102,3.0
4947,7310,1,13838.9865,149,6.0
4948,7306,2,36365.22,99,5.0
4949,7312,2,202029.0,54,7.0
4950,7321,3,31819.5675,237,1.0
4951,7311,4,198998.565,209,1.0
4952,7312,1,43638.264,54,6.0
4953,7320,5,206069.58,149,1.0
4954,7315,1,1515.2175,95,4.0
4955,7315,1,627300.045,86,6.0
4956,7311,2,212332.479,87,7.0
4957,7303,2,45860.583,68,1.0
4958,7322,1,68790.8745,121,6.0
4959,7315,3,82831.89,174,1.0
4960,7319,3,65659.425,278,1.0
4961,7311,3,161623.2,62,1.0
4962,7312,1,436382.64,87,6.0
4963,7307,3,147481.17,33,1.0
4964,7301,3,86771.4555,31,5.0
4965,7305,6,72730.44,192,1.0
4966,7313,2,95458.7025,48,1.0
4967,7312,1,24273.78435,47,6.0
4968,7318,2,25253.625,149,1.0
4969,7308,4,207079.725,127,1.0
4970,7310,2,54547.83,112,1.0
4971,7304,1,25051.596,177,6.0
4972,7309,3,31314.495,63,3.0
4973,7316,2,85862.325,85,1.0
4974,7315,1,93943.485,78,4.0
4975,7317,3,86609.8323,84,2.0
4976,7316,2,12323.769,53,1.0
4977,7319,5,86266.383,101,3.0
4978,7322,3,50911.308,76,1.0
4979,7318,2,58234.85925,83,3.0
4980,7308,2,76771.02,54,5.0
4981,7317,2,151521.75,54,1.0
4982,7313,2,196978.275,53,1.0
4983,7310,2,0.0,61,1.0
4984,7306,2,41516.9595,100,1.0
4985,7306,4,114146.385,37,1.0
4986,7314,1,16162.32,58,4.0
4987,7304,2,77276.0925,58,7.0
4988,7321,1,10101.45,51,4.0
4989,7318,3,126268.125,172,3.0
4990,7315,2,181826.1,233,1.0
4991,7316,2,56366.091,103,1.0
4992,7304,2,67679.715,66,1.0
4993,7317,2,117176.82,115,5.0
4994,7315,4,122227.545,108,1.0
4995,7311,2,103337.8335,226,1.0
4996,7301,2,101014.5,107,1.0
4997,7318,4,30304.35,45,2.0
4998,7310,2,385067.274,36,1.0
4999,7321,4,49598.1195,58,3.0
5000,7316,2,169704.36,111,1.0
5001,7314,2,79094.3535,141,3.0
5002,7315,3,179805.81,126,1.0
5003,7308,3,105661.167,81,5.0
5004,7318,2,26061.741,118,1.0
5005,7322,2,12121.74,58,7.0
5006,7314,2,24445.509,53,1.0
5007,7308,2,122227.545,94,1.0
5008,7310,2,108085.515,296,1.0
5009,7315,2,175765.23,67,7.0
5010,7311,6,488910.18,193,2.0
5011,7310,2,93943.485,118,3.0
5012,7311,2,253546.395,82,1.0
5013,7314,2,250778.5977,49,1.0
5014,7313,2,33991.37925,163,5.0
5015,7321,4,87377.5425,97,1.0
5016,7302,3,58103.5404,94,1.0
5017,7320,3,35365.17645,141,1.0
5018,7321,2,272739.15,50,1.0
5019,7309,3,92024.2095,51,1.0
5020,7315,1,116166.675,475,4.0
5021,7313,3,55254.9315,36,1.0
5022,7305,6,71720.295,56,1.0
5023,7302,3,78791.31,11,3.0
5024,7316,1,122227.545,141,6.0
5025,7313,6,48315.23535,71,1.0
5026,7306,4,209605.0875,50,3.0
5027,7309,4,138389.865,216,1.0
5028,7316,4,108085.515,139,2.0
5029,7316,1,267688.425,62,6.0
5030,7313,4,51012.3225,119,1.0
5031,7317,4,123237.69,47,1.0
5032,7310,1,93034.3545,73,6.0
5033,7318,1,10808.5515,86,6.0
5034,7312,1,89902.905,35,6.0
5035,7311,2,325266.69,38,1.0
5036,7316,1,30314.45145,65,6.0
5037,7313,6,204049.29,74,1.0
5038,7306,2,122025.516,73,1.0
5039,7317,5,35355.075,56,1.0
5040,7305,1,352540.605,576,4.0
5041,7308,2,138995.952,112,1.0
5042,7302,2,95963.775,53,1.0
5043,7315,1,25253.625,49,6.0
5044,7316,3,42830.148,59,1.0
5045,7317,1,44446.38,127,4.0
5046,7302,2,34344.93,49,1.0
5047,7308,2,419210.175,127,1.0
5048,7302,2,139298.9955,14,1.0
5049,7316,1,40405.8,117,6.0
5050,7301,2,214150.74,72,7.0
5051,7310,2,95559.717,107,1.0
5052,7309,1,70710.15,87,6.0
5053,7310,1,6666.957,47,6.0
5054,7312,1,1818.261,48,4.0
5055,7322,3,32324.64,146,1.0
5056,7316,2,117176.82,61,1.0
5057,7322,2,56568.12,76,3.0
5058,7301,2,37375.365,224,3.0
5059,7305,4,69700.005,100,1.0
5060,7314,3,101014.5,102,2.0
5061,7319,2,56265.0765,47,1.0
5062,7309,2,192735.666,82,1.0
5063,7304,1,151521.75,71,6.0
5064,7316,4,84852.18,84,1.0
5065,7313,5,29092.176,93,3.0
5066,7302,4,40405.8,303,1.0
5067,7304,2,161623.2,80,1.0
5068,7306,2,71720.295,56,5.0
5069,7311,3,474768.15,31,1.0
5070,7316,2,101014.5,195,2.0
5071,7313,4,446282.061,52,1.0
5072,7301,3,74952.759,37,3.0
5073,7318,3,44203.9452,54,1.0
5074,7319,1,27981.0165,71,6.0
5075,7307,2,23435.364,77,1.0
5076,7306,1,95963.775,31,6.0
5077,7311,2,472444.8165,72,5.0
5078,7313,4,194957.985,40,5.0
5079,7318,4,94983.93435,73,1.0
5080,7309,1,172734.795,152,4.0
5081,7301,4,193947.84,97,1.0
5082,7315,1,52527.54,69,4.0
5083,7319,1,38385.51,71,6.0
5084,7319,2,14445.0735,101,3.0
5085,7318,5,168290.157,66,1.0
5086,7318,3,144450.735,27,1.0
5087,7309,1,75760.875,68,6.0
5088,7306,4,61618.845,74,1.0
5089,7309,2,293144.079,69,1.0
5090,7308,3,79296.3825,151,7.0
5091,7301,2,48486.96,63,7.0
5092,7314,3,155057.2575,94,1.0
5093,7315,6,138389.865,66,1.0
5094,7321,2,36365.22,45,1.0
5095,7304,1,111115.95,245,4.0
5096,7314,1,50507.25,104,6.0
5097,7301,3,260617.41,127,1.0
5098,7306,1,37274.3505,36,6.0
5099,7304,2,281830.455,116,1.0
5100,7315,4,69700.005,51,1.0
5101,7301,4,165158.7075,41,1.0
5102,7302,6,77680.1505,260,1.0
5103,7319,1,24445.509,119,6.0
5104,7321,1,2525.3625,58,6.0
5105,7319,3,106065.225,76,1.0
5106,7303,7,99569.99265,315,1.0
5107,7307,2,45961.5975,22,1.0
5108,7316,1,25253.625,156,6.0
5109,7322,5,164956.6785,31,1.0
5110,7301,6,15152.175,74,1.0
5111,7304,1,29496.234,64,6.0
5112,7307,1,30304.35,100,6.0
5113,7318,7,111823.0515,96,1.0
5114,7321,1,15758.262,65,6.0
5115,7322,3,72023.3385,50,1.0
5116,7309,4,102428.703,102,1.0
5117,7322,7,131318.85,61,1.0
5118,7301,5,162835.374,94,3.0
5119,7312,3,121217.4,33,1.0
5120,7309,2,446989.1625,70,1.0
5121,7307,2,152531.895,62,1.0
5122,7315,3,101014.5,106,3.0
5123,7303,2,25455.654,52,1.0
5124,7305,5,37375.365,240,2.0
5125,7301,2,163643.49,51,1.0
5126,7316,1,172734.795,220,4.0
5127,7314,1,30001.3065,79,6.0
5128,7305,3,28284.06,157,1.0
5129,7320,1,11515.653,89,6.0
5130,7304,2,95963.775,79,1.0
5131,7306,3,31617.5385,66,5.0
5132,7322,3,29698.263,284,3.0
5133,7312,2,181826.1,190,1.0
5134,7301,3,249505.815,44,1.0
5135,7310,2,156875.5185,71,5.0
5136,7312,2,31819.5675,81,5.0
5137,7314,2,0.0,82,7.0
5138,7311,2,171724.65,122,3.0
5139,7316,1,31011.4515,125,4.0
5140,7306,2,194957.985,57,1.0
5141,7303,3,176270.3025,55,1.0
5142,7318,2,72619.32405,75,1.0
5143,7313,4,75760.875,81,1.0
5144,7315,2,200261.24625,84,1.0
5145,7308,2,122025.516,56,1.0
5146,7321,4,32526.669,81,1.0
5147,7310,3,43941.3075,109,3.0
5148,7309,3,126854.0091,99,1.0
5149,7318,1,42426.09,67,6.0
5150,7315,2,155208.77925,60,3.0
5151,7320,2,28526.4948,57,1.0
5152,7321,2,42022.032,66,3.0
5153,7308,2,44446.38,80,1.0
5154,7309,5,342338.1405,61,1.0
5155,7314,4,328297.125,113,1.0
5156,7313,5,147481.17,41,1.0
5157,7311,2,226575.5235,70,1.0
5158,7318,4,139400.01,59,1.0
5159,7304,4,101216.529,144,1.0
5160,7316,2,723263.82,125,1.0
5161,7315,2,577903.9545,57,5.0
5162,7311,2,272739.15,73,1.0
5163,7301,2,151521.75,56,1.0
5164,7304,1,29496.234,143,6.0
5165,7316,1,75760.875,65,6.0
5166,7305,1,38183.481,88,6.0
5167,7318,2,88034.13675,30,1.0
5168,7319,1,0.0,143,4.0
5169,7304,2,212130.45,93,1.0
5170,7311,2,26465.799,123,1.0
5171,7307,3,76265.9475,86,7.0
5172,7307,7,401027.565,61,1.0
5173,7316,3,52527.54,468,1.0
5174,7319,2,64649.28,41,2.0
5175,7315,1,50507.25,150,4.0
5176,7301,4,75356.817,70,3.0
5177,7311,3,152026.8225,170,1.0
5178,7312,4,50507.25,52,1.0
5179,7309,5,135359.43,177,1.0
5180,7316,2,151521.75,49,1.0
5181,7306,3,20202.9,329,1.0
5182,7308,2,8182.1745,56,3.0
5183,7301,2,103741.8915,56,1.0
5184,7322,3,99095.2245,51,1.0
5185,7309,1,48183.9165,269,4.0
5186,7320,6,153542.04,331,1.0
5187,7315,2,21718.1175,117,1.0
5188,7308,5,191927.55,73,1.0
5189,7315,3,107883.486,107,1.0
5190,7303,3,78286.2375,128,1.0
5191,7313,2,100509.4275,59,1.0
5192,7301,4,102024.645,95,1.0
5193,7301,4,202332.0435,52,1.0
5194,7309,2,318195.675,85,1.0
5195,7317,4,171724.65,58,3.0
5196,7314,1,42022.032,139,6.0
5197,7311,3,146471.025,230,3.0
5198,7306,5,159602.91,68,1.0
5199,7311,4,147481.17,77,1.0
5200,7306,2,11717.682,195,1.0
5201,7306,3,191947.7529,54,3.0
5202,7308,3,181826.1,92,1.0
5203,7322,3,75356.817,23,2.0
5204,7315,1,21819.132,99,6.0
5205,7311,1,72023.3385,35,6.0
5206,7320,4,91317.108,165,1.0
5207,7301,2,98994.21,33,1.0
5208,7315,2,138389.865,109,1.0
5209,7302,3,97377.978,71,1.0
5210,7317,2,30304.35,78,7.0
5211,7303,2,110105.805,81,5.0
5212,7316,1,0.0,138,6.0
5213,7301,2,44446.38,35,1.0
5214,7316,2,70710.15,67,3.0
5215,7301,6,19394.784,128,1.0
5216,7308,3,631845.6975,56,1.0
5217,7314,3,53537.685,104,3.0
5218,7306,1,0.0,166,4.0
5219,7313,4,71619.2805,167,1.0
5220,7315,2,94953.63,34,1.0
5221,7311,2,175159.143,60,1.0
5222,7308,1,87579.5715,63,6.0
5223,7311,4,103539.8625,149,5.0
5224,7315,3,109095.66,123,3.0
5225,7320,2,2424.348,105,3.0
5226,7321,4,52527.54,50,2.0
5227,7301,2,29092.176,26,7.0
5228,7314,4,181826.1,88,1.0
5229,7315,1,11010.5805,77,4.0
5230,7314,1,15253.1895,58,6.0
5231,7314,1,72730.44,79,6.0
5232,7313,3,110610.8775,171,1.0
5233,7304,2,36769.278,54,1.0
5234,7305,5,163643.49,217,1.0
5235,7301,1,53537.685,117,4.0
5236,7315,1,84852.18,76,6.0
5237,7301,2,56366.091,42,1.0
5238,7312,2,0.0,217,7.0
5239,7301,2,86943.18015,107,7.0
5240,7311,2,431331.915,139,1.0
5241,7313,2,35254.0605,180,1.0
5242,7304,2,53537.685,124,3.0
5243,7316,1,14748.117,338,6.0
5244,7313,4,238394.22,358,1.0
5245,7304,2,114045.3705,110,1.0
5246,7301,1,14142.03,268,6.0
5247,7306,1,10909.566,36,6.0
5248,7307,6,190917.405,188,1.0
5249,7308,5,151521.75,54,1.0
5250,7303,2,56972.178,31,1.0
5251,7316,2,232333.35,310,1.0
5252,7318,2,54547.83,166,3.0
5253,7316,1,24243.48,30,6.0
5254,7309,1,17879.5665,104,6.0
5255,7318,1,24243.48,59,4.0
5256,7303,2,122631.603,50,1.0
5257,7309,4,286881.18,68,3.0
5258,7301,1,55254.9315,68,4.0
5259,7313,1,28789.1325,146,6.0
5260,7319,4,191927.55,78,1.0
5261,7321,6,49497.105,71,1.0
5262,7315,2,217181.175,85,1.0
5263,7310,2,173744.94,80,1.0
5264,7304,2,34344.93,143,1.0
5265,7308,2,142834.503,46,1.0
5266,7320,2,153845.0835,79,1.0
5267,7310,2,106772.3265,85,1.0
5268,7306,5,13131.885,254,3.0
5269,7305,1,59800.584,57,6.0
5270,7303,1,44749.4235,94,6.0
5271,7315,3,213241.6095,123,1.0
5272,7308,4,133339.14,66,1.0
5273,7308,2,153542.04,71,1.0
5274,7321,4,42426.09,73,1.0
5275,7306,4,343449.3,39,1.0
5276,7301,4,193139.724,344,1.0
5277,7307,2,61012.758,40,7.0
5278,7303,1,59699.5695,49,6.0
5279,7319,4,181321.0275,69,1.0
5280,7303,5,618814.827,152,1.0
5281,7321,2,101822.616,46,1.0
5282,7319,1,4040.58,103,6.0
5283,7308,2,148491.315,52,5.0
5284,7319,1,143642.619,97,6.0
5285,7314,1,11313.624,55,4.0
5286,7314,3,188695.086,90,3.0
5287,7315,1,0.0,589,4.0
5288,7308,1,11111.595,104,6.0
5289,7310,2,54446.8155,120,7.0
5290,7310,2,75760.875,121,1.0
5291,7303,2,116166.675,87,3.0
5292,7302,2,69700.005,62,1.0
5293,7305,2,21112.0305,70,3.0
5294,7308,1,72225.3675,120,4.0
5295,7318,1,9899.421,45,6.0
5296,7301,2,101014.5,68,1.0
5297,7305,4,41415.945,190,3.0
5298,7318,4,39193.626,263,1.0
5299,7317,1,60608.7,59,4.0
5300,7316,1,70710.15,167,4.0
5301,7312,2,190816.3905,62,1.0
5302,7322,1,11313.624,106,6.0
5303,7301,3,66871.599,82,3.0
5304,7313,5,146673.054,40,1.0
5305,7307,2,424260.9,51,1.0
5306,7312,2,208089.87,61,1.0
5307,7318,6,78589.281,186,1.0
5308,7314,2,21758.5233,101,1.0
5309,7309,2,219201.465,47,2.0
5310,7310,1,117782.907,55,4.0
5311,7319,1,27011.2773,78,4.0
5312,7310,2,251526.105,75,1.0
5313,7309,2,80811.6,355,3.0
5314,7309,4,213342.624,161,1.0
5315,7322,4,51638.6124,106,1.0
5316,7315,1,33132.756,130,6.0
5317,7309,2,204049.29,54,1.0
5318,7312,1,75760.875,75,4.0
5319,7304,3,32324.64,142,3.0
5320,7313,2,46971.7425,88,1.0
5321,7309,3,141420.3,140,2.0
5322,7302,3,49699.134,11,1.0
5323,7303,2,21213.045,158,1.0
5324,7312,2,112025.0805,118,7.0
5325,7316,1,50507.25,75,6.0
5326,7312,2,146774.0685,63,1.0
5327,7321,4,34344.93,39,1.0
5328,7315,1,51921.453,70,6.0
5329,7309,3,212231.4645,91,1.0
5330,7310,2,186876.825,117,1.0
5331,7316,1,44446.38,259,4.0
5332,7311,3,184755.5205,44,1.0
5333,7305,1,62628.99,86,6.0
5334,7306,6,45355.5105,278,1.0
5335,7315,1,70710.15,184,6.0
5336,7315,4,221322.7695,266,5.0
5337,7314,2,95963.775,101,1.0
5338,7314,2,243444.945,62,1.0
5339,7318,2,52527.54,36,1.0
5340,7310,1,105762.1815,150,6.0
5341,7312,4,18647.2767,73,1.0
5342,7322,2,40910.8725,506,3.0
5343,7301,3,607097.145,93,1.0
5344,7311,4,114348.414,123,1.0
5345,7314,2,77781.165,75,1.0
5346,7303,1,34344.93,98,6.0
5347,7321,1,60608.7,108,4.0
5348,7301,3,75760.875,77,1.0
5349,7313,2,272739.15,31,1.0
5350,7321,4,43436.235,57,2.0
5351,7310,2,44446.38,110,1.0
5352,7310,2,90913.05,113,1.0
5353,7317,10,83033.919,63,5.0
5354,7302,5,236879.0025,14,1.0
5355,7304,1,7273.044,65,6.0
5356,7305,2,25758.6975,106,1.0
5357,7313,2,70710.15,58,1.0
5358,7319,1,80811.6,79,6.0
5359,7313,1,44446.38,82,6.0
5360,7310,4,369814.0845,31,1.0
5361,7318,1,28183.0455,70,6.0
5362,7317,1,23031.306,139,6.0
5363,7310,3,324963.6465,63,1.0
5364,7307,2,140006.097,36,1.0
5365,7312,3,137884.7925,63,1.0
5366,7307,1,72023.3385,25,6.0
5367,7313,1,16081.5084,45,6.0
5368,7313,2,23233.335,70,5.0
5369,7319,3,184139.33205,112,1.0
5370,7309,1,16728.0012,79,6.0
5371,7305,2,99297.2535,88,5.0
5372,7319,1,108186.5295,48,4.0
5373,7315,5,158592.765,51,1.0
5374,7303,2,141420.3,52,7.0
5375,7301,3,172229.7225,58,1.0
5376,7310,4,365672.49,65,1.0
5377,7309,6,302033.355,125,1.0
5378,7306,3,148390.3005,64,3.0
5379,7319,3,171724.65,68,1.0
5380,7304,1,78791.31,137,6.0
5381,7312,1,82023.774,42,6.0
5382,7319,2,159602.91,70,1.0
5383,7310,3,157784.649,81,2.0
5384,7312,1,13131.885,81,4.0
5385,7304,5,272739.15,138,1.0
5386,7308,2,59598.555,64,1.0
5387,7322,5,123237.69,113,1.0
5388,7311,2,248091.612,150,1.0
5389,7308,1,111520.008,60,4.0
5390,7319,2,62932.0335,281,2.0
5391,7313,5,46466.67,41,1.0
5392,7319,3,222736.9725,167,2.0
5393,7308,3,176674.3605,63,1.0
5394,7309,3,240414.51,73,1.0
5395,7313,3,129298.56,64,3.0
5396,7317,4,32324.64,181,1.0
5397,7313,1,59598.555,103,6.0
5398,7318,1,30304.35,185,6.0
5399,7316,2,132126.966,135,1.0
5400,7309,4,106065.225,51,1.0
5401,7313,3,70710.15,143,1.0
5402,7306,2,111115.95,69,3.0
5403,7312,2,78791.31,59,2.0
5404,7307,2,69194.9325,131,7.0
5405,7304,3,160613.055,90,7.0
5406,7322,2,48486.96,102,2.0
5407,7309,3,0.0,54,3.0
5408,7318,2,96266.8185,42,1.0
5409,7310,4,532851.4875,38,1.0
5410,7314,3,666392.6565,72,1.0
5411,7306,3,182351.3754,74,5.0
5412,7309,2,68790.8745,38,1.0
5413,7306,2,117883.9215,55,1.0
5414,7321,3,95963.775,62,1.0
5415,7305,3,169704.36,66,1.0
5416,7311,4,336378.285,184,1.0
5417,7310,2,295770.456,60,3.0
5418,7314,2,123338.7045,71,2.0
5419,7319,1,36365.22,77,6.0
5420,7318,1,50507.25,225,4.0
5421,7316,1,18384.639,57,4.0
5422,7318,1,0.0,206,4.0
5423,7314,3,212534.508,63,1.0
5424,7316,1,82831.89,494,6.0
5425,7301,3,53194.2357,81,1.0
5426,7318,4,29294.205,176,3.0
5427,7314,2,104065.1379,58,1.0
5428,7321,1,178189.578,47,6.0
5429,7312,2,103034.79,58,2.0
5430,7314,2,61012.758,99,7.0
5431,7307,2,14142.03,140,3.0
5432,7317,4,170714.505,72,7.0
5433,7316,1,0.0,325,6.0
5434,7303,2,103034.79,91,2.0
5435,7321,11,157077.5475,36,1.0
5436,7316,3,108489.573,541,1.0
5437,7305,5,56770.149,63,1.0
5438,7304,4,175765.23,122,5.0
5439,7306,5,25758.6975,205,3.0
5440,7315,3,149299.431,126,1.0
5441,7305,5,217989.291,118,1.0
5442,7318,5,85862.325,160,1.0
5443,7302,1,96478.94895,96,6.0
5444,7305,2,111115.95,68,7.0
5445,7316,1,80811.6,115,6.0
5446,7313,2,79397.397,56,3.0
5447,7314,3,40405.8,63,1.0
5448,7313,3,42729.1335,167,3.0
5449,7302,1,3030.435,22,6.0
5450,7306,1,31253.8863,79,6.0
5451,7307,4,202938.1305,40,7.0
5452,7304,3,612753.957,206,1.0
5453,7305,3,230313.06,74,1.0
5454,7312,4,4444.638,68,7.0
5455,7317,1,13333.914,46,4.0
5456,7318,5,34748.988,68,1.0
5457,7301,2,204554.3625,58,1.0
5458,7306,2,21516.0885,51,1.0
5459,7306,2,0.0,173,1.0
5460,7311,4,104651.022,372,7.0
5461,7309,2,384865.245,55,1.0
5462,7312,4,121217.4,63,1.0
5463,7302,1,23839.422,183,6.0
5464,7309,4,95963.775,828,1.0
5465,7302,1,35355.075,44,6.0
5466,7307,1,43133.1915,254,4.0
5467,7318,3,104044.935,66,1.0
5468,7316,2,-5151.7395,66,2.0
5469,7321,3,15152.175,34,2.0
5470,7318,2,52426.5255,103,3.0
5471,7314,1,62628.99,91,6.0
5472,7317,2,120207.255,52,1.0
5473,7317,3,113136.24,48,1.0
5474,7306,4,37577.394,82,3.0
5475,7317,3,154956.243,66,1.0
5476,7306,5,103438.848,37,1.0
5477,7302,2,105863.196,54,5.0
5478,7301,2,106065.225,239,1.0
5479,7315,1,75760.875,46,6.0
5480,7321,3,130409.7195,55,3.0
5481,7301,1,16162.32,86,4.0
5482,7302,4,63639.135,17,1.0
5483,7303,5,83235.948,75,1.0
5484,7317,1,78791.31,79,4.0
5485,7316,3,148491.315,81,2.0
5486,7302,1,60911.7435,105,6.0
5487,7320,3,132531.024,104,1.0
5488,7310,1,7121.52225,73,6.0
5489,7304,2,249707.844,206,1.0
5490,7301,4,143440.59,91,1.0
5491,7316,2,93034.3545,111,1.0
5492,7314,1,16667.3925,83,6.0
5493,7308,2,208089.87,52,1.0
5494,7321,4,62022.903,66,1.0
5495,7315,1,26465.799,58,6.0
5496,7321,5,98994.21,107,1.0
5497,7316,2,96670.8765,180,5.0
5498,7303,7,115560.588,86,3.0
5499,7305,3,32324.64,51,3.0
5500,7313,1,44749.4235,55,6.0
5501,7321,2,40405.8,67,3.0
5502,7312,1,20707.9725,65,4.0
5503,7321,5,137884.7925,159,2.0
5504,7317,2,6959.89905,82,3.0
5505,7308,4,154582.48935,55,1.0
5506,7314,2,88892.76,82,3.0
5507,7321,1,19798.842,151,4.0
5508,7311,2,221221.755,30,1.0
5509,7319,1,11212.6095,65,6.0
5510,7306,6,69801.0195,111,1.0
5511,7310,2,413553.363,46,5.0
5512,7315,5,72730.44,156,5.0
5513,7312,3,43638.264,127,1.0
5514,7307,3,93943.485,77,3.0
5515,7317,4,86367.3975,54,1.0
5516,7314,1,14142.03,163,4.0
5517,7316,2,24142.4655,128,1.0
5518,7302,2,603056.565,52,1.0
5519,7302,5,54850.8735,96,3.0
5520,7302,2,333347.85,70,1.0
5521,7303,2,56214.56925,57,5.0
5522,7304,1,929333.4,64,4.0
5523,7310,4,58588.41,78,1.0
5524,7316,5,214352.769,48,1.0
5525,7302,2,118591.023,47,1.0
5526,7313,2,149501.46,134,1.0
5527,7309,3,129298.56,81,1.0
5528,7301,1,43941.3075,54,4.0
5529,7321,2,96367.833,59,1.0
5530,7312,2,63639.135,69,1.0
5531,7316,1,6868.986,156,6.0
5532,7313,2,31314.495,83,3.0
5533,7320,2,42426.09,103,3.0
5534,7310,2,60911.7435,70,1.0
5535,7314,3,44143.3365,71,3.0
5536,7302,2,54042.7575,10,3.0
5537,7305,7,176775.375,134,1.0
5538,7303,2,60608.7,51,2.0
5539,7301,1,10707.537,97,6.0
5540,7320,3,121015.371,48,1.0
5541,7310,2,139298.9955,122,1.0
5542,7314,2,34951.017,238,5.0
5543,7301,4,137379.72,88,1.0
5544,7304,4,577297.8675,127,1.0
5545,7322,3,58588.41,67,1.0
5546,7309,1,576792.795,68,6.0
5547,7310,2,25253.625,103,7.0
5548,7320,3,66669.57,122,1.0
5549,7304,4,278658.5997,50,1.0
5550,7309,3,160613.055,48,1.0
5551,7313,5,61719.8595,122,3.0
5552,7311,2,44446.38,90,1.0
5553,7301,1,2828.406,57,6.0
5554,7301,4,90913.05,96,1.0
5555,7308,3,166067.838,34,1.0
5556,7306,1,30304.35,99,4.0
5557,7310,2,54042.7575,67,1.0
5558,7318,2,68689.86,173,1.0
5559,7301,2,52527.54,73,7.0
5560,7302,2,130005.6615,49,1.0
5561,7317,1,11515.653,100,4.0
5562,7319,2,112227.1095,76,1.0
5563,7315,3,120308.2695,105,3.0
5564,7321,2,96973.92,31,3.0
5565,7318,3,98893.1955,78,1.0
5566,7321,6,95155.659,49,3.0
5567,7313,1,35860.1475,115,6.0
5568,7311,3,409694.6091,120,1.0
5569,7317,1,36365.22,69,4.0
5570,7304,2,24849.567,61,1.0
5571,7302,4,70710.15,21,1.0
5572,7312,2,373753.65,64,1.0
5573,7310,2,436382.64,53,1.0
5574,7317,3,34243.9155,73,1.0
5575,7310,2,141420.3,91,7.0
5576,7319,1,111115.95,102,4.0
5577,7316,2,124449.864,221,1.0
5578,7321,1,11616.6675,25,6.0
5579,7314,4,189301.173,37,1.0
5580,7319,1,35860.1475,78,6.0
5581,7315,2,95963.775,211,7.0
5582,7302,1,24243.48,123,4.0
5583,7307,2,80811.6,77,5.0
5584,7313,3,738618.024,182,1.0
5585,7310,4,579328.25895,79,1.0
5586,7301,8,95660.7315,453,1.0
5587,7315,1,56568.12,63,6.0
5588,7318,6,255667.6995,98,1.0
5589,7302,5,47476.815,89,3.0
5590,7322,3,93135.369,43,3.0
5591,7319,4,225868.422,114,1.0
5592,7302,2,239707.4085,97,1.0
5593,7312,5,198109.6374,44,1.0
5594,7310,2,77377.107,114,1.0
5595,7318,1,31314.495,76,6.0
5596,7306,4,102024.645,94,1.0
5597,7321,2,110711.892,52,3.0
5598,7318,3,61820.874,216,1.0
5599,7310,2,410320.899,69,5.0
5600,7306,5,142430.445,38,1.0
5601,7321,5,31344.79935,48,3.0
5602,7321,2,0.0,60,2.0
5603,7312,2,131520.879,59,1.0
5604,7321,3,226272.48,54,1.0
5605,7319,4,145056.822,53,1.0
5606,7301,1,19940.2623,77,4.0
5607,7309,2,381329.7375,33,1.0
5608,7322,1,13131.885,48,6.0
5609,7301,4,212130.45,59,1.0
5610,7317,2,13131.885,304,3.0
5611,7313,4,485475.687,150,1.0
5612,7319,2,27677.973,141,3.0
5613,7318,5,80104.4985,150,1.0
5614,7309,3,80811.6,85,3.0
5615,7309,3,87882.615,216,2.0
5616,7310,2,94953.63,37,7.0
5617,7319,3,186876.825,242,1.0
5618,7314,2,219908.5665,93,1.0
5619,7301,2,113136.24,91,1.0
5620,7318,3,91014.0645,64,1.0
5621,7301,4,94852.6155,198,1.0
5622,7304,2,150006.5325,286,5.0
5623,7317,1,35355.075,156,6.0
5624,7315,3,111115.95,49,1.0
5625,7322,4,169098.273,214,3.0
5626,7308,4,184856.535,98,1.0
5627,7317,5,100812.471,52,7.0
5628,7309,2,181725.0855,101,1.0
5629,7308,2,279406.107,54,1.0
5630,7303,1,60608.7,184,4.0
5631,7301,2,92933.34,47,5.0
5632,7304,4,179603.781,118,1.0
5633,7305,1,11515.653,88,6.0
5634,7305,3,16162.32,64,1.0
5635,7310,5,161623.2,120,1.0
5636,7314,1,19192.755,41,4.0
5637,7322,7,174553.056,63,1.0
5638,7321,3,21819.132,30,3.0
5639,7317,1,23233.335,96,6.0
5640,7318,2,83538.9915,50,3.0
5641,7313,2,40304.7855,40,2.0
5642,7301,4,181826.1,82,3.0
5643,7304,2,264657.99,150,1.0
5644,7315,5,277991.904,58,2.0
5645,7315,2,74750.73,102,1.0
5646,7315,1,64952.3235,53,6.0
5647,7311,2,27475.944,44,3.0
5648,7311,2,365106.8088,92,7.0
5649,7301,4,39395.655,103,1.0
5650,7306,2,88892.76,91,1.0
5651,7301,1,25001.08875,54,6.0
5652,7310,4,239505.3795,118,1.0
5653,7305,1,27880.002,52,6.0
5654,7306,4,84650.151,60,3.0
5655,7318,2,100610.442,59,1.0
5656,7314,1,52022.4675,58,6.0
5657,7318,3,124752.9075,64,2.0
5658,7310,2,83842.035,96,7.0
5659,7316,4,431331.915,78,1.0
5660,7311,3,132126.966,55,1.0
5661,7318,2,19596.813,45,1.0
5662,7318,4,50507.25,82,3.0
5663,7316,1,121217.4,56,4.0
5664,7307,3,53335.656,155,3.0
5665,7320,6,92125.224,132,1.0
5666,7309,3,100004.355,319,3.0
5667,7320,4,298800.891,137,1.0
5668,7311,1,106065.225,28,6.0
5669,7306,2,102024.645,43,1.0
5670,7318,4,161623.2,86,1.0
5671,7321,4,88397.78895,59,1.0
5672,7313,2,106065.225,42,2.0
5673,7314,2,38082.4665,99,1.0
5674,7317,3,38587.539,368,3.0
5675,7314,1,32930.727,54,4.0
5676,7307,5,98994.21,81,1.0
5677,7319,1,37880.4375,49,6.0
5678,7301,5,121015.371,104,1.0
5679,7314,5,187886.97,47,1.0
5680,7305,2,46466.67,134,3.0
5681,7308,2,119702.1825,85,1.0
5682,7306,5,143440.59,98,1.0
5683,7310,1,176775.375,136,6.0
5684,7319,2,2222.319,87,1.0
5685,7308,2,617198.595,93,1.0
5686,7305,5,104448.993,184,1.0
5687,7320,3,391936.26,42,1.0
5688,7313,1,12222.7545,157,6.0
5689,7308,1,84852.18,58,4.0
5690,7318,4,23536.3785,137,1.0
5691,7315,4,279810.165,166,2.0
5692,7308,2,95095.0503,61,1.0
5693,7316,1,303043.5,58,6.0
5694,7313,3,103034.79,57,3.0
5695,7309,4,141420.3,65,1.0
5696,7312,4,23799.0162,58,1.0
5697,7321,4,53133.627,62,1.0
5698,7322,4,30304.35,89,1.0
5699,7318,3,137379.72,201,1.0
5700,7317,2,22526.2335,72,1.0
5701,7305,5,90610.0065,388,3.0
5702,7310,4,1165707.33,52,1.0
5703,7304,5,88286.673,464,3.0
5704,7311,2,130308.705,94,1.0
5705,7313,2,70710.15,98,1.0
5706,7313,3,128894.502,54,3.0
5707,7304,1,234353.64,175,6.0
5708,7315,1,50.50725,107,4.0
5709,7318,2,37274.3505,46,1.0
5710,7309,1,95963.775,82,6.0
5711,7321,1,7071.015,165,6.0
5712,7319,2,155461.3155,38,1.0
5713,7309,2,363652.2,108,1.0
5714,7301,4,288396.3975,86,1.0
5715,7307,2,161623.2,33,1.0
5716,7302,2,150511.605,107,1.0
5717,7317,5,107075.37,54,1.0
5718,7317,1,35355.075,63,4.0
5719,7319,8,207483.783,56,1.0
5720,7308,3,64649.28,90,1.0
5721,7319,1,5747.72505,103,6.0
5722,7301,5,43537.2495,56,3.0
5723,7311,3,197988.42,64,1.0
5724,7304,2,130308.705,99,7.0
5725,7310,2,40405.8,328,5.0
5726,7315,4,86872.47,442,1.0
5727,7318,2,757.60875,37,3.0
5728,7303,4,136369.575,203,1.0
5729,7313,1,40405.8,115,4.0
5730,7310,2,142430.445,75,7.0
5731,7321,2,48486.96,48,1.0
5732,7312,2,97984.065,91,1.0
5733,7302,4,126268.125,93,1.0
5734,7308,5,42224.061,368,1.0
5735,7302,4,89902.905,166,1.0
5736,7304,1,176775.375,98,6.0
5737,7301,2,126268.125,57,1.0
5738,7314,2,80811.6,140,1.0
5739,7318,4,28890.147,215,3.0
5740,7321,3,40405.8,57,3.0
5741,7308,1,81821.745,53,4.0
5742,7313,1,35355.075,96,6.0
5743,7321,5,109095.66,61,3.0
5744,7302,2,377794.23,55,1.0
5745,7314,4,60608.7,106,1.0
5746,7310,2,85256.238,94,1.0
5747,7315,3,41213.916,206,1.0
5748,7314,3,85862.325,93,1.0
5749,7305,1,47577.8295,76,6.0
5750,7321,11,133036.0965,174,1.0
5751,7321,2,43941.3075,60,1.0
5752,7313,2,176169.288,90,5.0
5753,7303,3,104347.9785,38,2.0
5754,7319,2,49800.1485,93,1.0
5755,7310,1,35759.133,81,6.0
5756,7309,2,761346.2865,99,1.0
5757,7315,2,64649.28,58,7.0
5758,7310,1,24243.48,93,4.0
5759,7316,1,30304.35,73,4.0
5760,7321,3,63639.135,98,1.0
5761,7321,3,40203.771,102,1.0
5762,7320,3,124146.8205,216,1.0
5763,7314,2,177785.52,54,1.0
5764,7305,1,181826.1,92,4.0
5765,7322,9,86064.354,149,1.0
5766,7303,5,42325.0755,41,1.0
5767,7309,4,15940.0881,43,3.0
5768,7316,1,16162.32,267,6.0
5769,7313,5,79801.455,382,1.0
5770,7320,2,30304.35,520,1.0
5771,7320,1,63033.048,108,4.0
5772,7305,6,186169.7235,51,1.0
5773,7319,2,171825.6645,110,1.0
5774,7308,2,32829.7125,93,1.0
5775,7314,1,126369.1395,72,6.0
5776,7311,2,147683.199,81,1.0
5777,7301,2,138389.865,104,1.0
5778,7316,1,4040.58,79,4.0
5779,7311,1,131318.85,64,4.0
5780,7316,2,202029.0,92,1.0
5781,7313,4,100206.384,84,1.0
5782,7310,2,200715.8115,42,1.0
5783,7301,2,172431.7515,60,1.0
5784,7320,4,121217.4,64,1.0
5785,7322,2,117378.849,104,5.0
5786,7315,2,100610.442,134,7.0
5787,7305,2,55658.9895,57,1.0
5788,7312,1,121217.4,57,6.0
5789,7305,4,80811.6,261,1.0
5790,7307,1,36365.22,102,6.0
5791,7309,4,191220.4485,190,1.0
5792,7317,2,98994.21,93,1.0
5793,7313,1,141420.3,97,4.0
5794,7309,5,95963.775,60,3.0
5795,7314,2,122025.516,71,1.0
5796,7316,2,20000.871,49,1.0
5797,7301,1,70942.48335,43,4.0
5798,7319,2,24647.538,157,3.0
5799,7322,3,16970.436,131,1.0
5800,7306,2,18283.6245,60,1.0
5801,7304,3,149501.46,47,1.0
5802,7308,1,121217.4,66,6.0
5803,7311,2,124348.8495,39,1.0
5804,7308,4,214150.74,97,1.0
5805,7308,2,186876.825,166,1.0
5806,7317,2,117176.82,69,1.0
5807,7308,2,106469.283,32,1.0
5808,7306,2,271931.034,50,1.0
5809,7301,4,121217.4,93,1.0
5810,7308,5,296578.572,119,1.0
5811,7308,4,154855.2285,64,1.0
5812,7318,1,7071.015,81,6.0
5813,7314,2,93943.485,56,2.0
5814,7321,2,44850.438,62,1.0
5815,7318,6,117176.82,40,1.0
5816,7302,6,54103.3662,98,2.0
5817,7314,3,113136.24,106,7.0
5818,7309,1,146471.025,211,6.0
5819,7316,1,101014.5,144,4.0
5820,7318,3,39597.684,67,1.0
5821,7313,5,117681.8925,56,1.0
5822,7304,2,143137.5465,125,3.0
5823,7322,2,23637.393,203,1.0
5824,7319,2,116419.21125,56,1.0
5825,7320,3,144349.7205,94,1.0
5826,7302,4,237384.075,97,1.0
5827,7312,5,232434.3645,67,1.0
5828,7321,3,84650.151,42,2.0
5829,7315,2,417189.885,118,7.0
5830,7310,3,94448.5575,185,1.0
5831,7321,4,55760.004,52,1.0
5832,7302,2,187381.8975,46,1.0
5833,7306,2,62022.903,49,1.0
5834,7318,2,75356.817,148,1.0
5835,7305,2,252536.25,104,1.0
5836,7322,6,142935.5175,56,1.0
5837,7322,2,80710.5855,115,1.0
5838,7303,2,156572.475,485,1.0
5839,7302,3,116570.733,79,1.0
5840,7310,5,297790.746,72,7.0
5841,7311,2,310417.5585,95,1.0
5842,7305,1,100004.355,138,6.0
5843,7320,4,52123.482,103,3.0
5844,7321,2,61113.7725,175,1.0
5845,7301,2,152531.895,58,1.0
5846,7315,2,46668.699,32,5.0
5847,7310,1,91519.137,80,4.0
5848,7304,1,25253.625,161,6.0
5849,7308,4,82629.861,55,1.0
5850,7306,4,66265.512,79,1.0
5851,7321,4,70710.15,64,1.0
5852,7302,3,60608.7,20,1.0
5853,7315,3,119803.197,146,1.0
5854,7312,3,43436.235,58,1.0
5855,7312,2,114146.385,155,1.0
5856,7303,4,43739.2785,34,1.0
5857,7311,2,70710.15,467,2.0
5858,7316,1,105055.08,111,6.0
5859,7317,1,93943.485,131,4.0
5860,7310,1,95963.775,63,6.0
5861,7309,2,179805.81,60,1.0
5862,7316,4,42931.1625,93,1.0
5863,7321,2,62628.99,52,7.0
5864,7305,2,116368.704,55,1.0
5865,7322,3,87377.5425,65,3.0
5866,7317,3,60709.7145,170,2.0
5867,7319,2,136874.6475,113,1.0
5868,7306,3,131318.85,289,1.0
5869,7308,1,3838.551,69,6.0
5870,7322,2,80811.6,50,1.0
5871,7315,3,170714.505,142,5.0
5872,7313,4,34344.93,68,3.0
5873,7309,3,43436.235,182,1.0
5874,7313,2,77579.136,79,3.0
5875,7308,4,303043.5,112,1.0
5876,7321,2,35355.075,187,2.0
5877,7316,3,77781.165,97,1.0
5878,7310,2,81821.745,80,7.0
5879,7314,2,97984.065,79,1.0
5880,7307,1,11313.624,98,6.0
5881,7302,7,109095.66,18,3.0
5882,7302,3,83842.035,92,3.0
5883,7311,2,147380.1555,30,1.0
5884,7315,2,95963.775,92,1.0
5885,7304,2,133662.3864,93,3.0
5886,7310,2,16667.3925,71,3.0
5887,7305,4,80811.6,65,2.0
5888,7308,2,15859.2765,309,2.0
5889,7302,3,166673.925,272,1.0
5890,7302,3,48486.96,137,3.0
5891,7303,2,158087.6925,49,1.0
5892,7313,2,55658.9895,33,1.0
5893,7306,2,71114.208,84,3.0
5894,7304,2,93337.398,195,7.0
5895,7319,3,30304.35,69,3.0
5896,7314,8,949536.3,111,5.0
5897,7304,1,35456.0895,45,6.0
5898,7306,2,401128.5795,42,1.0
5899,7309,3,514163.805,104,2.0
5900,7318,2,53537.685,114,3.0
5901,7302,4,164653.635,14,1.0
5902,7316,1,27071.886,34,6.0
5903,7310,2,145965.9525,56,1.0
5904,7321,3,86872.47,82,1.0
5905,7310,1,198392.478,85,4.0
5906,7302,5,36365.22,84,1.0
5907,7318,1,15051.1605,52,4.0
5908,7310,1,224757.2625,72,4.0
5909,7309,4,320822.052,99,1.0
5910,7313,7,12121.74,134,1.0
5911,7312,1,66669.57,59,6.0
5912,7304,3,272739.15,113,1.0
5913,7308,2,291931.905,57,1.0
5914,7319,2,87377.5425,69,1.0
5915,7302,3,70912.179,68,3.0
5916,7315,1,65053.338,176,4.0
5917,7308,5,123742.7625,92,1.0
5918,7312,2,323246.4,63,1.0
5919,7320,1,121217.4,121,4.0
5920,7310,2,9495.363,71,2.0
5921,7318,4,26970.8715,146,1.0
5922,7317,2,101014.5,187,1.0
5923,7310,1,452544.96,177,6.0
5924,7316,1,303043.5,76,4.0
5925,7315,1,15152.175,89,6.0
5926,7308,1,140410.155,122,6.0
5927,7312,3,74750.73,174,3.0
5928,7305,1,62022.903,89,6.0
5929,7319,2,32627.6835,45,1.0
5930,7322,3,16162.32,30,2.0
5931,7308,4,106469.283,85,1.0
5932,7306,2,46163.6265,52,1.0
5933,7318,2,48587.9745,71,1.0
5934,7314,2,162633.345,118,1.0
5935,7318,8,284153.7885,34,1.0
5936,7309,2,155966.388,171,1.0
5937,7320,4,617198.595,126,1.0
5938,7306,2,31516.524,67,7.0
5939,7310,1,125460.009,118,4.0
5940,7316,2,94953.63,96,1.0
5941,7315,1,62628.99,57,4.0
5942,7306,2,22071.66825,57,5.0
5943,7307,3,90812.0355,116,1.0
5944,7315,2,121823.487,84,1.0
5945,7304,4,101014.5,57,1.0
5946,7304,2,134349.285,104,7.0
5947,7313,5,242758.0464,55,1.0
5948,7309,4,800034.84,128,1.0
5949,7312,1,81821.745,90,4.0
5950,7307,2,210817.2615,86,3.0
5951,7321,2,242636.829,79,1.0
5952,7307,2,60608.7,134,1.0
5953,7321,3,204958.4205,61,2.0
5954,7306,2,50507.25,64,1.0
5955,7303,4,212130.45,81,1.0
5956,7304,2,74750.73,80,1.0
5957,7321,3,38385.51,238,3.0
5958,7305,3,242434.8,69,1.0
5959,7308,2,69154.5267,51,7.0
5960,7301,2,149501.46,65,3.0
5961,7317,2,323246.4,105,1.0
5962,7308,1,353752.779,104,4.0
5963,7322,2,90913.05,150,5.0
5964,7318,1,47274.786,60,4.0
5965,7319,5,278284.84605,62,7.0
5966,7311,3,252839.2935,75,1.0
5967,7320,2,202029.0,235,1.0
5968,7322,2,52123.482,72,1.0
5969,7304,1,176775.375,109,6.0
5970,7309,1,60608.7,70,4.0
5971,7314,4,20202.9,192,1.0
5972,7309,3,495981.195,55,3.0
5973,7317,2,70710.15,113,2.0
5974,7302,1,0.0,11,6.0
5975,7305,2,72730.44,427,1.0
5976,7308,3,56568.12,99,1.0
5977,7321,6,87882.615,169,1.0
5978,7306,4,143238.561,60,2.0
5979,7306,3,140612.184,85,1.0
5980,7322,2,52527.54,61,3.0
5981,7312,4,222837.987,32,5.0
5982,7321,1,26263.77,198,4.0
5983,7314,5,195968.13,85,1.0
5984,7313,3,190917.405,33,3.0
5985,7321,3,78791.31,258,3.0
5986,7308,2,171421.6065,38,1.0
5987,7317,1,18182.61,63,6.0
5988,7318,3,60608.7,110,1.0
5989,7310,2,743466.72,61,1.0
5990,7304,2,212130.45,59,1.0
5991,7301,2,40405.8,61,1.0
5992,7303,2,211726.392,83,1.0
5993,7309,1,7374.0585,80,6.0
5994,7319,1,45991.90185,120,6.0
5995,7306,2,45557.5395,72,3.0
5996,7316,1,-5101.23225,84,4.0
5997,7321,3,79801.455,108,1.0
5998,7309,1,151521.75,86,6.0
5999,7319,3,80811.6,76,1.0
6000,7318,3,222130.8855,30,3.0
6001,7303,5,59093.4825,161,2.0
6002,7310,2,661543.9605,72,1.0
6003,7316,4,81316.6725,67,1.0
6004,7310,3,121217.4,35,1.0
6005,7301,2,50507.25,140,1.0
6006,7301,4,262637.7,116,1.0
6007,7314,2,54345.801,165,3.0
6008,7306,3,41112.9015,69,7.0
6009,7303,2,77276.0925,56,3.0
6010,7316,2,96973.92,215,1.0
6011,7310,2,80811.6,105,5.0
6012,7304,3,88084.644,65,1.0
6013,7319,2,148491.315,150,1.0
6014,7312,2,221221.755,82,5.0
6015,7313,2,145056.822,103,1.0
6016,7318,5,96165.804,29,3.0
6017,7302,2,85256.238,78,1.0
6018,7309,1,576792.795,53,4.0
6019,7301,2,201826.971,42,1.0
6020,7305,2,101418.558,94,1.0
6021,7305,2,278800.02,53,1.0
6022,7317,2,131318.85,126,5.0
6023,7314,2,45921.1917,69,1.0
6024,7314,2,82427.832,99,1.0
6025,7318,4,26667.828,174,1.0
6026,7306,6,188058.69465,45,1.0
6027,7317,2,111115.95,51,7.0
6028,7321,2,75457.8315,59,1.0
6029,7306,2,31617.5385,69,2.0
6030,7305,6,234353.64,81,1.0
6031,7320,2,113136.24,209,5.0
6032,7317,3,16162.32,43,3.0
6033,7302,2,24748.5525,24,2.0
6034,7313,2,80811.6,60,1.0
6035,7310,1,34445.9445,116,6.0
6036,7306,4,18182.61,278,3.0
6037,7318,2,47577.8295,151,1.0
6038,7301,2,98994.21,64,1.0
6039,7313,1,19192.755,401,6.0
6040,7307,2,137581.749,211,5.0
6041,7310,2,320114.9505,114,7.0
6042,7307,1,0.0,70,6.0
6043,7306,8,142531.4595,58,5.0
6044,7321,2,94751.601,50,5.0
6045,7301,2,121722.4725,84,1.0
6046,7302,3,148491.315,11,3.0
6047,7319,1,83842.035,59,4.0
6048,7322,2,22829.277,50,1.0
6049,7318,4,131722.908,120,5.0
6050,7301,2,73942.614,111,1.0
6051,7316,2,97984.065,66,7.0
6052,7313,4,165663.78,54,1.0
6053,7309,2,169098.273,58,1.0
6054,7314,2,88892.76,54,7.0
6055,7303,4,25758.6975,141,1.0
6056,7318,5,26061.741,206,3.0
6057,7322,4,113136.24,36,1.0
6058,7314,1,11515.653,68,6.0
6059,7318,1,25253.625,230,6.0
6060,7301,5,178391.607,55,1.0
6061,7309,1,48183.9165,65,6.0
6062,7305,2,55052.9025,84,1.0
6063,7302,4,83033.919,55,1.0
6064,7302,2,163441.461,30,1.0
6065,7311,1,50507.25,46,6.0
6066,7322,4,107075.37,68,1.0
6067,7321,2,22021.161,48,1.0
6068,7315,1,17778.552,110,4.0
6069,7306,4,706091.355,53,1.0
6070,7322,3,81316.6725,64,1.0
6071,7319,5,70710.15,146,3.0
6072,7312,1,59598.555,58,4.0
6073,7310,1,11313.624,114,4.0
6074,7308,2,228413.9874,356,1.0
6075,7310,1,70710.15,101,6.0
6076,7305,2,156572.475,62,5.0
6077,7321,2,20202.9,103,1.0
6078,7319,1,362642.055,66,4.0
6079,7304,4,370723.215,145,1.0
6080,7313,2,62932.0335,34,1.0
6081,7307,2,100408.413,53,1.0
6082,7309,1,54547.83,81,6.0
6083,7314,1,31617.5385,63,4.0
6084,7316,3,70710.15,68,1.0
6085,7306,4,101014.5,119,1.0
6086,7321,4,115964.646,62,1.0
6087,7314,2,111115.95,177,5.0
6088,7321,4,109095.66,50,1.0
6089,7301,2,60608.7,47,1.0
6090,7319,3,116570.733,46,3.0
6091,7317,1,43436.235,85,4.0
6092,7307,1,36971.307,31,6.0
6093,7312,1,101014.5,124,6.0
6094,7316,2,207079.725,54,1.0
6095,7309,2,62628.99,53,1.0
6096,7308,4,32324.64,379,3.0
6097,7314,2,31314.495,81,3.0
6098,7321,5,27273.915,149,1.0
6099,7309,2,138389.865,36,5.0
6100,7310,2,305467.848,77,1.0
6101,7318,10,107903.6889,65,1.0
6102,7315,2,121217.4,69,5.0
6103,7317,2,174351.027,58,1.0
6104,7310,2,81821.745,62,7.0
6105,7306,1,29597.2485,66,6.0
6106,7306,2,177684.5055,55,1.0
6107,7309,4,474768.15,110,1.0
6108,7301,2,42426.09,63,1.0
6109,7308,3,242586.32175,56,1.0
6110,7304,1,17172.465,55,6.0
6111,7315,2,186886.92645,109,1.0
6112,7310,1,23536.3785,46,4.0
6113,7306,1,13232.8995,95,6.0
6114,7313,2,36749.0751,87,1.0
6115,7302,1,12121.74,522,6.0
6116,7313,5,6868.986,109,3.0
6117,7318,2,61416.816,59,5.0
6118,7321,2,19293.7695,29,1.0
6119,7301,3,20202.9,203,1.0
6120,7318,8,215160.885,49,1.0
6121,7310,5,206069.58,332,1.0
6122,7313,4,71619.2805,91,3.0
6123,7304,2,72932.469,78,1.0
6124,7319,2,213443.6385,128,1.0
6125,7318,2,167886.099,146,1.0
6126,7303,2,98994.21,93,1.0
6127,7317,5,212130.45,69,1.0
6128,7314,2,68992.9035,108,1.0
6129,7317,2,101014.5,150,2.0
6130,7308,2,82225.803,135,1.0
6131,7314,3,2020.29,137,1.0
6132,7308,1,12121.74,88,6.0
6133,7311,2,332539.734,108,1.0
6134,7322,8,84549.1365,50,1.0
6135,7315,4,353550.75,121,1.0
6136,7316,1,170714.505,156,6.0
6137,7317,3,41921.0175,137,3.0
6138,7301,4,60608.7,63,1.0
6139,7321,3,45658.554,60,3.0
6140,7313,1,18788.697,136,6.0
6141,7315,1,60507.6855,61,6.0
6142,7310,2,141319.2855,35,1.0
6143,7306,1,53436.6705,149,4.0
6144,7313,1,67174.6425,122,6.0
6145,7317,2,30304.35,55,3.0
6146,7301,2,105762.1815,50,1.0
6147,7301,2,33334.785,108,1.0
6148,7314,3,44042.322,75,1.0
6149,7301,3,83842.035,129,1.0
6150,7302,5,103438.848,98,1.0
6151,7305,2,158592.765,91,1.0
6152,7316,1,75760.875,57,6.0
6153,7307,1,4949.7105,109,4.0
6154,7315,2,84852.18,86,1.0
6155,7314,1,510830.3265,86,4.0
6156,7318,2,31516.524,49,3.0
6157,7301,4,116166.675,50,1.0
6158,7320,2,323246.4,51,1.0
6159,7315,2,77377.107,64,5.0
6160,7305,7,335469.1545,125,1.0
6161,7313,2,94297.03575,61,1.0
6162,7315,6,12121.74,69,1.0
6163,7313,1,80811.6,82,6.0
6164,7318,2,50507.25,92,1.0
6165,7316,2,111115.95,54,1.0
6166,7316,1,151521.75,122,4.0
6167,7315,1,80811.6,139,6.0
6168,7320,1,36971.307,123,4.0
6169,7316,1,55557.975,64,6.0
6170,7314,2,74245.6575,62,1.0
6171,7315,1,110105.805,140,6.0
6172,7301,3,121217.4,80,1.0
6173,7303,3,118186.965,52,7.0
6174,7305,2,243485.3508,98,1.0
6175,7306,2,12253.05885,60,3.0
6176,7316,1,202332.0435,108,4.0
6177,7313,5,23637.393,246,2.0
6178,7314,1,55658.9895,84,6.0
6179,7310,2,100004.355,59,1.0
6180,7304,1,20202.9,146,6.0
6181,7304,4,191220.4485,117,1.0
6182,7317,1,0.0,78,6.0
6183,7316,1,96973.92,54,4.0
6184,7318,5,104741.93505,79,3.0
6185,7316,1,25152.6105,49,6.0
6186,7321,1,13212.6966,94,6.0
6187,7315,1,25859.712,72,4.0
6188,7317,2,48082.902,57,1.0
6189,7312,3,60608.7,79,3.0
6190,7307,1,146471.025,139,4.0
6191,7316,2,252435.2355,187,1.0
6192,7305,1,40405.8,101,6.0
6193,7315,1,50507.25,80,4.0
6194,7318,4,71316.237,52,3.0
6195,7316,1,272739.15,46,6.0
6196,7308,2,18990.726,88,1.0
6197,7318,5,92731.311,68,1.0
6198,7311,4,257586.975,90,1.0
6199,7312,2,102024.645,93,1.0
6200,7314,2,63437.106,99,3.0
6201,7312,3,121217.4,106,1.0
6202,7314,1,22526.2335,113,6.0
6203,7317,2,102751.9494,58,5.0
6204,7315,1,46062.612,84,6.0
6205,7310,1,58588.41,254,4.0
6206,7318,7,646492.8,62,1.0
6207,7301,5,98994.21,63,1.0
6208,7308,3,86771.4555,106,1.0
6209,7301,4,233949.582,63,1.0
6210,7307,4,141420.3,272,1.0
6211,7313,5,38284.4955,61,1.0
6212,7310,1,8485.218,63,4.0
6213,7316,3,169704.36,107,1.0
6214,7302,2,104044.935,96,5.0
6215,7307,2,26263.77,327,5.0
6216,7319,3,191927.55,37,1.0
6217,7316,3,74750.73,245,3.0
6218,7309,1,80811.6,76,4.0
6219,7315,2,109095.66,54,1.0
6220,7321,4,229605.9585,58,1.0
6221,7304,3,81821.745,116,1.0
6222,7310,1,352540.605,64,6.0
6223,7319,1,55557.975,36,4.0
6224,7315,3,158996.823,99,1.0
6225,7315,1,60608.7,70,6.0
6226,7316,2,55557.975,98,7.0
6227,7304,1,65053.338,207,6.0
6228,7312,2,144652.764,91,3.0
6229,7313,2,60608.7,135,5.0
6230,7314,3,86872.47,50,1.0
6231,7320,2,171724.65,95,1.0
6232,7319,2,75760.875,58,3.0
6233,7320,3,129096.531,30,1.0
6234,7317,2,9697.392,193,5.0
6235,7306,5,54547.83,90,3.0
6236,7317,1,8788.2615,139,4.0
6237,7315,4,20202.9,52,1.0
6238,7310,1,72730.44,65,4.0
6239,7303,2,50507.25,190,1.0
6240,7310,1,576792.795,93,6.0
6241,7303,2,176775.375,54,1.0
6242,7313,5,303043.5,35,1.0
6243,7311,6,276678.7155,67,1.0
6244,7308,3,291325.818,110,1.0
6245,7311,3,113136.24,194,1.0
6246,7319,2,103640.877,149,3.0
6247,7319,2,141420.3,229,1.0
6248,7322,3,69700.005,41,1.0
6249,7322,2,20000.871,42,1.0
6250,7317,3,19394.784,185,3.0
6251,7317,4,13838.9865,267,7.0
6252,7314,2,29344.71225,70,3.0
6253,7321,1,47476.815,52,4.0
6254,7310,2,55557.975,70,1.0
6255,7320,5,33031.7415,134,3.0
6256,7310,2,143440.59,31,1.0
6257,7318,1,0.0,33,4.0
6258,7302,1,18354.33465,81,6.0
6259,7312,3,36365.22,143,2.0
6260,7306,1,12717.72555,84,4.0
6261,7322,5,29304.30645,92,1.0
6262,7311,4,630330.48,79,1.0
6263,7308,2,165865.809,52,1.0
6264,7306,1,94953.63,85,6.0
6265,7315,1,126268.125,156,4.0
6266,7310,3,159602.91,48,1.0
6267,7311,3,107105.67435,53,1.0
6268,7307,5,96266.8185,157,1.0
6269,7302,1,34850.0025,54,6.0
6270,7306,2,80205.513,137,1.0
6271,7313,4,101115.5145,124,1.0
6272,7316,1,22728.2625,73,6.0
6273,7319,4,68689.86,56,3.0
6274,7310,2,77781.165,43,1.0
6275,7317,1,23334.3495,73,6.0
6276,7311,1,95761.746,45,4.0
6277,7308,2,373238.47605,96,1.0
6278,7311,6,98186.094,117,1.0
6279,7317,5,85660.296,118,7.0
6280,7318,7,50507.25,231,1.0
6281,7318,3,164653.635,42,3.0
6282,7315,2,106065.225,270,5.0
6283,7306,3,267385.3815,56,1.0
6284,7306,1,35355.075,53,4.0
6285,7322,2,89700.876,59,1.0
6286,7302,3,86064.354,42,3.0
6287,7318,4,89902.905,308,1.0
6288,7316,1,13535.943,130,6.0
6289,7314,3,181826.1,107,1.0
6290,7303,1,45820.1772,58,6.0
6291,7308,1,188897.115,99,4.0
6292,7302,3,64649.28,79,1.0
6293,7302,3,98559.84765,43,1.0
6294,7321,5,201523.9275,61,1.0
6295,7316,2,16162.32,160,3.0
6296,7317,4,38385.51,186,1.0
6297,7301,5,112126.095,178,1.0
6298,7305,2,116368.704,57,3.0
6299,7314,2,62932.0335,64,3.0
6300,7301,1,21213.045,37,4.0
6301,7322,8,232131.321,165,1.0
6302,7306,5,23233.335,114,3.0
6303,7322,2,74750.73,60,1.0
6304,7306,4,178997.694,42,1.0
6305,7313,2,71316.237,72,7.0
6306,7307,6,42729.1335,116,1.0
6307,7316,1,12323.769,365,4.0
6308,7302,3,20303.9145,75,2.0
6309,7316,1,101014.5,47,4.0
6310,7319,2,4444.638,50,1.0
6311,7309,2,27374.9295,47,1.0
6312,7309,2,242434.8,164,1.0
6313,7313,2,593763.231,125,1.0
6314,7303,4,111115.95,56,1.0
6315,7302,4,70760.65725,15,1.0
6316,7321,4,252334.221,82,1.0
6317,7321,4,169704.36,66,1.0
6318,7321,1,78791.31,132,6.0
6319,7316,2,170714.505,112,1.0
6320,7309,2,77276.0925,182,1.0
6321,7301,1,73942.614,100,4.0
6322,7310,2,39294.6405,146,7.0
6323,7302,1,27880.002,94,6.0
6324,7310,2,22829.277,27,3.0
6325,7317,3,236676.9735,65,1.0
6326,7313,3,203140.1595,37,3.0
6327,7309,6,580429.317,46,2.0
6328,7321,1,30304.35,176,4.0
6329,7317,6,66669.57,62,1.0
6330,7310,2,251324.076,38,1.0
6331,7306,3,37173.336,174,2.0
6332,7313,7,75760.875,120,1.0
6333,7314,1,0.0,74,6.0
6334,7311,3,278800.02,455,1.0
6335,7303,2,151521.75,71,1.0
6336,7309,2,274759.44,55,1.0
6337,7305,3,48486.96,99,1.0
6338,7307,4,144046.677,60,1.0
6339,7317,2,89801.8905,63,5.0
6340,7308,3,161623.2,124,1.0
6341,7311,4,267688.425,83,3.0
6342,7309,3,45678.7569,51,3.0
6343,7310,1,78791.31,48,6.0
6344,7318,2,131318.85,134,7.0
6345,7319,3,89902.905,123,1.0
6346,7315,2,277789.875,97,1.0
6347,7315,2,122247.7479,61,1.0
6348,7317,3,82427.832,184,7.0
6349,7320,1,133399.7487,48,6.0
6350,7302,2,89195.8035,92,1.0
6351,7318,4,37375.365,79,3.0
6352,7315,1,90913.05,339,6.0
6353,7316,5,67174.6425,148,1.0
6354,7316,1,155562.33,86,4.0
6355,7322,4,157582.62,53,1.0
6356,7321,4,219201.465,67,1.0
6357,7322,4,18182.61,85,1.0
6358,7316,1,0.0,448,6.0
6359,7314,4,77781.165,97,1.0
6360,7309,1,110610.8775,97,4.0
6361,7313,4,73740.585,53,1.0
6362,7308,4,111115.95,67,1.0
6363,7307,6,181422.042,52,1.0
6364,7313,1,5454.783,58,4.0
6365,7306,2,150309.576,42,1.0
6366,7312,1,123237.69,126,4.0
6367,7321,3,25455.654,43,1.0
6368,7321,4,191725.521,30,1.0
6369,7305,4,63083.55525,109,3.0
6370,7304,2,56366.091,96,1.0
6371,7320,4,165764.7945,343,1.0
6372,7308,1,58588.41,58,6.0
6373,7319,1,40405.8,139,6.0
6374,7320,2,311932.776,115,1.0
6375,7303,3,293952.195,52,1.0
6376,7307,2,103034.79,340,1.0
6377,7309,5,1093987.035,76,1.0
6378,7310,2,242434.8,69,1.0
6379,7313,1,3131.4495,49,4.0
6380,7314,3,192937.695,53,1.0
6381,7311,2,153542.04,136,3.0
6382,7316,1,19091.7405,87,4.0
6383,7306,4,80811.6,77,1.0
6384,7321,2,28284.06,62,2.0
6385,7315,4,121217.4,96,1.0
6386,7303,2,110105.805,61,1.0
6387,7317,3,34142.901,227,1.0
6388,7315,3,92933.34,80,1.0
6389,7316,1,232535.379,126,4.0
6390,7315,2,43941.3075,78,1.0
6391,7301,2,77074.0635,52,1.0
6392,7311,1,102024.645,104,4.0
6393,7319,3,30304.35,56,3.0
6394,7313,3,39193.626,44,1.0
6395,7318,1,15354.204,63,6.0
6396,7309,2,42931.1625,36,1.0
6397,7316,1,3030.435,63,6.0
6398,7312,3,118793.052,72,2.0
6399,7302,1,24344.4945,108,6.0
6400,7304,2,122328.5595,54,1.0
6401,7302,1,69295.947,22,4.0
6402,7317,2,94953.63,57,3.0
6403,7316,1,148491.315,413,4.0
6404,7315,4,100610.442,102,1.0
6405,7318,2,124247.835,207,1.0
6406,7316,1,48486.96,120,6.0
6407,7318,2,20202.9,67,1.0
6408,7310,1,46466.67,131,4.0
6409,7305,1,26263.77,45,6.0
6410,7318,3,166370.8815,94,3.0
6411,7314,1,55052.9025,117,4.0
6412,7301,4,132328.995,181,1.0
6413,7322,3,83842.035,120,5.0
6414,7310,2,50507.25,136,5.0
6415,7301,1,64851.309,215,4.0
6416,7318,4,689828.0205,49,1.0
6417,7315,4,95074.8474,54,1.0
6418,7311,3,480495.67215,116,3.0
6419,7305,2,54749.859,75,1.0
6420,7319,2,0.0,164,7.0
6421,7308,2,274658.4255,51,5.0
6422,7317,2,2020.29,66,2.0
6423,7319,2,157582.62,109,1.0
6424,7310,2,298295.8185,40,1.0
6425,7302,4,137197.8939,80,1.0
6426,7317,1,97408.28235,60,4.0
6427,7313,1,144955.8075,82,6.0
6428,7318,1,12121.74,26,4.0
6429,7317,4,48486.96,95,1.0
6430,7302,2,148491.315,11,3.0
6431,7312,1,37375.365,63,6.0
6432,7314,2,65659.425,182,1.0
6433,7303,4,72730.44,88,1.0
6434,7307,3,73740.585,193,1.0
6435,7322,2,123035.661,58,1.0
6436,7317,4,73740.585,128,5.0
6437,7305,2,159905.9535,101,1.0
6438,7309,2,20202.9,114,1.0
6439,7321,2,106065.225,60,7.0
6440,7307,4,352540.605,18,1.0
6441,7314,3,35355.075,128,1.0
6442,7307,2,56669.1345,215,3.0
6443,7316,2,121217.4,44,1.0
6444,7308,1,35355.075,80,4.0
6445,7314,2,146471.025,88,1.0
6446,7321,3,91721.166,41,5.0
6447,7306,5,25253.625,182,1.0
6448,7306,3,52022.4675,73,1.0
6449,7320,6,309912.486,39,1.0
6450,7319,3,84397.61475,164,1.0
6451,7302,2,48183.9165,68,1.0
6452,7322,5,102226.674,89,1.0
6453,7306,1,22223.19,227,6.0
6454,7310,1,28284.06,57,6.0
6455,7308,4,326175.8205,179,1.0
6456,7318,3,33738.843,88,2.0
6457,7302,2,378238.6938,71,1.0
6458,7305,1,47981.8875,52,6.0
6459,7321,4,44092.82925,35,3.0
6460,7312,2,0.0,103,5.0
6461,7308,2,16364.349,106,1.0
6462,7311,3,193038.7095,216,1.0
6463,7308,3,181523.0565,58,2.0
6464,7301,3,121217.4,48,1.0
6465,7319,1,24243.48,83,6.0
6466,7307,2,116166.675,50,5.0
6467,7315,4,237384.075,91,1.0
6468,7320,2,16344.1461,47,1.0
6469,7310,1,27981.0165,114,4.0
6470,7312,3,194957.985,74,1.0
6471,7317,2,208089.87,101,7.0
6472,7312,2,130712.763,200,5.0
6473,7315,1,48486.96,110,4.0
6474,7321,1,52123.482,127,4.0
6475,7316,1,35557.104,34,6.0
6476,7314,1,85256.238,89,6.0
6477,7313,1,121217.4,131,4.0
6478,7319,4,66467.541,96,1.0
6479,7308,2,148491.315,64,1.0
6480,7320,3,80387.3391,67,7.0
6481,7320,3,154350.156,609,2.0
6482,7301,1,19596.813,39,6.0
6483,7309,2,31819.5675,120,1.0
6484,7305,1,27981.0165,58,6.0
6485,7307,3,37779.423,356,1.0
6486,7304,3,127278.27,78,1.0
6487,7310,1,107075.37,59,6.0
6488,7317,1,48992.0325,112,4.0
6489,7318,6,217393.30545,76,1.0
6490,7304,3,245667.264,198,7.0
6491,7301,2,55557.975,165,1.0
6492,7319,2,246475.38,75,1.0
6493,7304,2,20202.9,205,3.0
6494,7307,6,195665.0865,58,1.0
6495,7316,2,42426.09,76,1.0
6496,7316,1,15051.1605,76,6.0
6497,7311,2,40405.8,55,5.0
6498,7321,3,24243.48,145,3.0
6499,7317,2,101014.5,92,5.0
6500,7321,6,180573.5202,66,1.0
6501,7317,2,156572.475,76,7.0
6502,7308,4,208796.9715,52,1.0
6503,7320,4,209100.015,67,1.0
6504,7320,2,215160.885,71,7.0
6505,7303,2,36365.22,51,1.0
6506,7313,4,187583.9265,117,7.0
6507,7316,2,169603.3455,60,1.0
6508,7312,2,364359.3015,168,2.0
6509,7314,3,50507.25,208,1.0
6510,7314,1,38486.5245,94,6.0
6511,7318,2,55002.39525,47,7.0
6512,7310,3,0.0,29,1.0
6513,7305,6,142652.6769,67,1.0
6514,7321,2,46567.6845,87,3.0
6515,7321,4,73740.585,59,1.0
6516,7302,2,22425.219,16,1.0
6517,7302,3,121217.4,91,1.0
6518,7311,5,600127.1445,46,1.0
6519,7303,4,117984.936,29,1.0
6520,7302,1,737.40585,7,6.0
6521,7304,2,87397.7454,224,1.0
6522,7319,4,40405.8,68,1.0
6523,7320,2,176472.3315,92,1.0
6524,7309,3,156572.475,55,1.0
6525,7301,2,151521.75,46,1.0
6526,7313,1,90913.05,102,6.0
6527,7321,6,110509.863,203,1.0
6528,7310,2,121257.8058,58,3.0
6529,7321,3,82831.89,57,1.0
6530,7304,1,101014.5,118,4.0
6531,7310,3,1010.145,202,3.0
6532,7308,3,99802.326,90,1.0
6533,7308,2,36365.22,90,1.0
6534,7312,2,146471.025,66,1.0
6535,7317,3,0.0,187,3.0
6536,7305,3,60608.7,123,1.0
6537,7310,3,34344.93,70,3.0
6538,7313,1,17879.5665,31,4.0
6539,7308,2,281830.455,54,1.0
6540,7316,2,177785.52,103,1.0
6541,7302,4,33940.872,225,1.0
6542,7309,4,166673.925,81,1.0
6543,7316,1,16364.349,168,6.0
6544,7303,2,156572.475,57,1.0
6545,7316,2,14647.1025,158,1.0
6546,7318,1,95963.775,212,4.0
6547,7312,2,84852.18,323,5.0
6548,7307,1,94145.514,101,4.0
6549,7314,2,10404.4935,88,5.0
6550,7304,4,123237.69,66,1.0
6551,7319,2,96569.862,108,1.0
6552,7321,2,18586.668,326,1.0
6553,7314,2,129298.56,54,1.0
6554,7303,2,71013.1935,49,7.0
6555,7318,2,33334.785,64,1.0
6556,7316,1,6060.87,90,6.0
6557,7314,4,284355.8175,99,1.0
6558,7304,2,65659.425,79,1.0
6559,7302,2,136369.575,80,1.0
6560,7305,2,232333.35,65,1.0
6561,7314,1,252536.25,72,6.0
6562,7313,2,51820.4385,35,3.0
6563,7303,2,123742.7625,96,1.0
6564,7316,5,32829.7125,133,2.0
6565,7307,2,136369.575,119,7.0
6566,7311,2,71316.237,40,1.0
6567,7320,2,67982.7585,152,2.0
6568,7303,1,32324.64,114,4.0
6569,7319,2,177785.52,75,5.0
6570,7317,1,1010.145,81,4.0
6571,7316,1,118207.1679,143,4.0
6572,7304,5,50507.25,57,1.0
6573,7302,1,24243.48,107,4.0
6574,7321,2,57881.3085,72,7.0
6575,7302,2,173744.94,111,1.0
6576,7318,1,40001.742,66,6.0
6577,7317,2,32122.611,93,7.0
6578,7301,2,145662.909,148,1.0
6579,7313,4,9697.392,123,3.0
6580,7316,2,254253.4965,82,1.0
6581,7314,4,193947.84,59,1.0
6582,7311,2,44446.38,58,3.0
6583,7315,2,111115.95,96,1.0
6584,7306,1,4747.6815,73,4.0
6585,7315,4,52931.598,63,5.0
6586,7314,2,3030.435,84,7.0
6587,7304,1,40405.8,561,4.0
6588,7308,4,107075.37,97,1.0
6589,7316,1,72730.44,226,4.0
6590,7310,2,132783.56025,81,1.0
6591,7313,1,757.60875,81,6.0
6592,7321,3,100408.413,79,1.0
6593,7318,4,46739.40915,51,1.0
6594,7301,2,222231.9,79,5.0
6595,7319,2,203039.145,40,1.0
6596,7317,6,84852.18,57,3.0
6597,7302,9,186068.709,14,5.0
6598,7314,1,122227.545,95,4.0
6599,7315,4,373753.65,101,1.0
6600,7308,3,252536.25,55,1.0
6601,7315,2,113136.24,103,7.0
6602,7301,2,147077.112,110,1.0
6603,7311,3,69396.9615,56,5.0
6604,7315,1,66669.57,87,6.0
6605,7313,1,110136.10935,100,4.0
6606,7302,3,119197.11,10,1.0
6607,7309,2,383855.1,80,1.0
6608,7319,3,233343.495,131,1.0
6609,7316,2,78791.31,94,1.0
6610,7310,2,262637.7,67,1.0
6611,7320,2,33132.756,38,3.0
6612,7319,2,83538.9915,133,1.0
6613,7312,1,61618.845,63,4.0
6614,7316,1,24344.4945,100,6.0
6615,7319,3,141420.3,39,1.0
6616,7317,2,124550.8785,107,1.0
6617,7303,2,126268.125,41,1.0
6618,7303,2,73437.5415,44,1.0
6619,7312,5,97984.065,80,1.0
6620,7308,1,15152.175,59,6.0
6621,7309,7,946505.865,225,1.0
6622,7321,1,25253.625,51,6.0
6623,7309,3,217181.175,164,1.0
6624,7308,2,16263.3345,231,1.0
6625,7317,2,154249.1415,56,1.0
6626,7315,3,190917.405,326,7.0
6627,7303,2,77579.136,39,1.0
6628,7309,4,647502.945,225,1.0
6629,7308,3,227282.625,83,1.0
6630,7322,3,76568.991,49,1.0
6631,7322,5,125257.98,72,1.0
6632,7319,3,183644.361,68,1.0
6633,7321,4,133541.169,110,1.0
6634,7318,4,91014.0645,115,3.0
6635,7311,4,90913.05,238,1.0
6636,7313,4,207079.725,41,1.0
6637,7309,2,116671.7475,57,7.0
6638,7314,4,194856.9705,53,5.0
6639,7308,5,229302.915,59,1.0
6640,7307,3,215160.885,237,1.0
6641,7302,2,40506.8145,36,1.0
6642,7305,2,124247.835,111,1.0
6643,7302,3,62628.99,265,1.0
6644,7314,2,156572.475,53,1.0
6645,7315,3,174755.085,68,1.0
6646,7306,1,7071.015,193,6.0
6647,7308,3,114045.3705,142,1.0
6648,7309,5,317387.559,131,1.0
6649,7303,2,36365.22,42,1.0
6650,7310,2,39193.626,35,1.0
6651,7302,2,63942.1785,15,1.0
6652,7301,4,70710.15,93,1.0
6653,7302,4,52022.4675,77,1.0
6654,7321,3,80811.6,67,2.0
6655,7314,4,45456.525,128,1.0
6656,7311,2,157380.591,104,5.0
6657,7319,4,90306.963,96,3.0
6658,7307,4,159905.9535,56,3.0
6659,7310,4,125662.038,71,3.0
6660,7310,1,208089.87,56,6.0
6661,7316,3,221221.755,98,1.0
6662,7311,3,348500.025,58,1.0
6663,7312,1,60608.7,98,4.0
6664,7320,4,207988.8555,62,1.0
6665,7321,1,18182.61,62,6.0
6666,7314,4,46062.612,375,1.0
6667,7314,1,111115.95,51,4.0
6668,7313,4,136369.575,69,1.0
6669,7313,1,73740.585,38,6.0
6670,7305,3,705606.4854,53,5.0
6671,7315,5,121217.4,365,3.0
6672,7313,6,101519.5725,54,1.0
6673,7306,3,32324.64,181,1.0
6674,7309,2,173744.94,60,1.0
6675,7320,2,75760.875,44,1.0
6676,7319,1,42426.09,99,4.0
6677,7308,3,207079.725,52,1.0
6678,7318,3,64649.28,56,1.0
6679,7307,5,112732.182,64,1.0
6680,7316,4,150511.605,32,1.0
6681,7307,3,42426.09,47,1.0
6682,7309,5,99398.268,333,1.0
6683,7314,4,106792.5294,76,1.0
6684,7318,2,55861.0185,76,5.0
6685,7310,3,89902.905,186,1.0
6686,7314,2,252940.308,53,1.0
6687,7301,2,111014.9355,56,1.0
6688,7310,1,45527.23515,116,6.0
6689,7306,3,47022.24975,68,3.0
6690,7314,2,159602.91,71,1.0
6691,7309,2,552852.3585,146,1.0
6692,7316,2,66669.57,285,7.0
6693,7302,4,107075.37,50,1.0
6694,7313,5,88892.76,63,1.0
6695,7306,2,221625.813,23,1.0
6696,7306,1,71215.2225,40,6.0
6697,7304,1,70710.15,58,6.0
6698,7318,4,106166.2395,65,1.0
6699,7319,1,118591.023,58,6.0
6700,7313,1,106267.254,118,4.0
6701,7315,3,163542.4755,47,1.0
6702,7309,1,88589.7165,107,6.0
6703,7307,2,113136.24,60,1.0
6704,7302,7,253748.424,89,3.0
6705,7309,2,132328.995,100,1.0
6706,7318,1,2121.3045,98,4.0
6707,7321,5,81316.6725,103,1.0
6708,7301,2,306073.935,62,1.0
6709,7309,5,509113.08,109,1.0
6710,7308,1,151521.75,102,6.0
6711,7314,2,121217.4,139,1.0
6712,7315,3,50507.25,51,1.0
6713,7305,2,82831.89,114,1.0
6714,7310,2,580833.375,56,1.0
6715,7322,1,32526.669,78,6.0
6716,7306,2,136773.633,54,1.0
6717,7317,2,45456.525,52,1.0
6718,7314,2,156673.4895,69,7.0
6719,7322,5,62932.0335,142,1.0
6720,7303,1,0.0,176,6.0
6721,7315,2,276476.6865,307,7.0
6722,7315,2,118894.0665,106,7.0
6723,7313,4,117378.849,190,1.0
6724,7314,2,95963.775,54,1.0
6725,7314,2,263647.845,171,1.0
6726,7318,3,82831.89,64,1.0
6727,7322,4,36870.2925,71,3.0
6728,7320,3,59598.555,98,1.0
6729,7312,1,17172.465,237,6.0
6730,7306,4,88387.6875,50,1.0
6731,7310,1,108691.602,89,4.0
6732,7315,2,58689.4245,64,1.0
6733,7312,3,36365.22,81,1.0
6734,7310,1,50507.25,54,6.0
6735,7305,5,35355.075,76,1.0
6736,7308,3,403047.855,58,1.0
6737,7305,3,131318.85,189,1.0
6738,7312,6,132531.024,115,2.0
6739,7322,3,75518.4402,41,3.0
6740,7306,3,50204.2065,71,1.0
6741,7306,2,91418.1225,58,1.0
6742,7321,3,113843.3415,58,3.0
6743,7310,2,31112.466,80,3.0
6744,7304,3,518709.4575,158,1.0
6745,7321,4,141521.3145,46,1.0
6746,7302,4,45456.525,220,1.0
6747,7321,2,35759.133,58,1.0
6748,7306,5,115156.53,91,1.0
6749,7310,3,240414.51,133,5.0
6750,7321,2,138389.865,48,1.0
6751,7309,2,131318.85,215,1.0
6752,7310,1,10707.537,67,4.0
6753,7318,2,148491.315,31,1.0
6754,7317,1,33920.6691,90,6.0
6755,7318,3,54749.859,105,3.0
6756,7315,4,141824.358,44,1.0
6757,7322,2,30304.35,332,5.0
6758,7316,2,60608.7,160,2.0
6759,7312,1,40405.8,124,4.0
6760,7317,2,109560.3267,70,1.0
6761,7316,2,116166.675,128,1.0
6762,7313,1,29496.234,131,4.0
6763,7307,2,49194.0615,97,2.0
6764,7321,2,196978.275,56,1.0
6765,7301,6,73235.5125,209,2.0
6766,7313,4,215059.8705,63,1.0
6767,7319,1,98994.21,211,6.0
6768,7306,1,45052.467,60,6.0
6769,7319,3,130813.7775,76,1.0
6770,7316,1,21819.132,92,4.0
6771,7318,1,0.0,54,6.0
6772,7317,2,39395.655,215,7.0
6773,7310,2,253546.395,92,5.0
6774,7314,2,123793.26975,47,1.0
6775,7304,4,108085.515,156,1.0
6776,7310,2,1121260.95,128,7.0
6777,7309,5,307892.196,439,1.0
6778,7321,6,34344.93,36,3.0
6779,7306,2,80710.5855,55,1.0
6780,7313,1,233848.5675,71,6.0
6781,7313,2,99802.326,139,1.0
6782,7311,2,61719.8595,81,1.0
6783,7318,2,133844.2125,59,1.0
6784,7318,1,80811.6,194,4.0
6785,7311,4,273547.266,87,1.0
6786,7321,4,73336.527,51,3.0
6787,7317,1,63639.135,60,6.0
6788,7309,2,146561.93805,45,1.0
6789,7307,7,45456.525,127,1.0
6790,7304,1,31314.495,57,6.0
6791,7305,3,56568.12,229,1.0
6792,7314,2,141420.3,347,5.0
6793,7318,2,146471.025,53,1.0
6794,7322,3,102024.645,108,3.0
6795,7314,6,53992.25025,301,1.0
6796,7319,1,15051.1605,56,6.0
6797,7313,1,38486.5245,56,6.0
6798,7318,3,56568.12,147,3.0
6799,7321,2,9848.91375,29,7.0
6800,7309,3,282840.6,54,7.0
6801,7302,4,29294.205,20,1.0
6802,7302,4,101014.5,32,2.0
6803,7312,4,195968.13,137,1.0
6804,7311,2,124247.835,456,1.0
6805,7307,2,43436.235,101,1.0
6806,7311,3,59598.555,61,1.0
6807,7316,1,97984.065,114,6.0
6808,7306,2,20202.9,356,2.0
6809,7318,4,34445.9445,254,1.0
6810,7310,6,237384.075,57,1.0
6811,7306,1,35254.0605,67,6.0
6812,7306,1,22425.219,57,4.0
6813,7306,4,242131.7565,72,1.0
6814,7319,4,151622.7645,139,1.0
6815,7320,4,106065.225,70,1.0
6816,7305,1,87781.6005,99,4.0
6817,7313,3,83842.035,26,1.0
6818,7304,4,198998.565,132,1.0
6819,7308,2,255566.685,40,1.0
6820,7314,2,0.0,97,5.0
6821,7305,2,39395.655,116,2.0
6822,7309,1,121217.4,53,6.0
6823,7319,4,167482.041,66,1.0
6824,7317,2,50507.25,116,7.0
6825,7313,1,27273.915,107,6.0
6826,7319,1,192230.5935,55,4.0
6827,7320,1,30304.35,90,6.0
6828,7309,3,83134.9335,88,3.0
6829,7302,2,106065.225,18,1.0
6830,7315,3,78084.2085,63,3.0
6831,7308,3,85862.325,57,3.0
6832,7308,2,100812.471,121,2.0
6833,7306,5,30607.3935,63,1.0
6834,7304,2,163138.4175,219,3.0
6835,7304,1,48486.96,51,4.0
6836,7313,1,171724.65,156,6.0
6837,7309,2,182230.158,138,1.0
6838,7321,5,30304.35,36,1.0
6839,7321,2,10808.5515,42,1.0
6840,7315,1,68184.7875,132,4.0
6841,7317,2,34344.93,32,5.0
6842,7322,4,34041.8865,256,1.0
6843,7305,2,67982.7585,51,5.0
6844,7301,1,10101.45,117,6.0
6845,7319,4,105257.109,82,1.0
6846,7302,2,204756.3915,75,1.0
6847,7305,8,83842.035,89,1.0
6848,7306,2,65659.425,53,7.0
6849,7312,1,40395.69855,54,4.0
6850,7302,1,101014.5,80,6.0
6851,7308,2,77861.9766,97,7.0
6852,7308,1,10606.5225,102,6.0
6853,7322,2,162431.316,115,1.0
6854,7312,2,170916.534,69,1.0
6855,7316,1,15657.2475,115,6.0
6856,7303,4,109701.747,121,2.0
6857,7317,4,383956.1145,88,3.0
6858,7319,3,126268.125,38,3.0
6859,7322,2,22627.248,56,1.0
6860,7317,1,48992.0325,103,6.0
6861,7314,2,98893.1955,74,1.0
6862,7307,2,63538.1205,82,1.0
6863,7314,1,30304.35,61,6.0
6864,7317,3,94650.5865,48,1.0
6865,7318,2,44446.38,115,1.0
6866,7301,2,404058.0,107,1.0
6867,7310,2,202433.058,46,1.0
6868,7314,2,297891.7605,55,1.0
6869,7306,2,122429.574,88,1.0
6870,7322,1,29698.263,51,6.0
6871,7312,2,8081.16,92,3.0
6872,7319,3,53941.743,156,1.0
6873,7310,2,163441.461,91,3.0
6874,7313,7,238091.1765,129,1.0
6875,7304,4,227282.625,82,1.0
6876,7318,2,28385.0745,57,3.0
6877,7309,2,95559.717,108,1.0
6878,7312,4,58588.41,73,1.0
6879,7314,1,62831.019,73,4.0
6880,7309,1,85862.325,77,6.0
6881,7306,1,15556.233,77,6.0
6882,7311,4,581035.404,137,1.0
6883,7313,2,114752.472,89,1.0
6884,7315,2,739426.14,160,1.0
6885,7306,1,35355.075,125,6.0
6886,7316,1,34546.959,89,4.0
6887,7304,5,17273.4795,65,1.0
6888,7304,3,39294.6405,142,3.0
6889,7315,4,743466.72,80,5.0
6890,7309,5,57073.1925,80,1.0
6891,7314,4,87478.557,45,2.0
6892,7320,5,58588.41,51,1.0
6893,7314,1,101014.5,158,6.0
6894,7304,2,63134.0625,122,1.0
6895,7319,2,101216.529,54,1.0
6896,7311,3,182432.187,371,1.0
6897,7308,2,197281.3185,58,1.0
6898,7306,2,65659.425,237,1.0
6899,7309,5,464666.7,52,1.0
6900,7306,4,113843.3415,112,1.0
6901,7316,3,88286.673,79,1.0
6902,7315,2,176775.375,382,1.0
6903,7301,4,129702.618,56,1.0
6904,7320,2,85458.267,50,3.0
6905,7303,2,79599.426,78,3.0
6906,7305,2,39698.6985,98,3.0
6907,7311,4,935394.27,124,1.0
6908,7311,2,203544.2175,79,1.0
6909,7316,1,74760.83145,47,4.0
6910,7317,1,69295.947,89,4.0
6911,7310,4,188190.0135,64,3.0
6912,7305,4,221767.2333,60,3.0
6913,7312,3,58487.3955,50,1.0
6914,7307,1,42527.1045,113,6.0
6915,7311,2,210413.2035,71,1.0
6916,7321,2,22122.1755,49,1.0
6917,7318,5,15778.4649,42,1.0
6918,7306,1,65659.425,95,4.0
6919,7302,6,124853.922,35,1.0
6920,7304,3,161623.2,135,1.0
6921,7321,4,32324.64,72,1.0
6922,7303,1,10101.45,65,6.0
6923,7314,2,83134.9335,62,3.0
6924,7307,4,57578.265,40,3.0
6925,7304,1,76467.9765,73,4.0
6926,7309,2,292942.05,103,5.0
6927,7319,2,158592.765,52,3.0
6928,7310,2,224252.19,51,1.0
6929,7314,3,16667.3925,93,3.0
6930,7319,1,45658.554,52,6.0
6931,7316,1,65659.425,52,4.0
6932,7317,2,62123.9175,117,5.0
6933,7313,1,82902.60015,80,4.0
6934,7312,1,44951.4525,44,4.0
6935,7311,3,834379.77,85,3.0
6936,7312,1,68184.7875,82,4.0
6937,7318,3,66972.6135,193,3.0
6938,7321,1,4040.58,37,6.0
6939,7309,4,290921.76,71,7.0
6940,7316,1,72730.44,29,6.0
6941,7301,3,49497.105,493,1.0
6942,7315,2,136369.575,252,5.0
6943,7321,2,104145.9495,53,5.0
6944,7305,6,101014.5,104,1.0
6945,7301,2,240313.4955,100,5.0
6946,7318,2,66164.4975,67,1.0
6947,7319,3,75356.817,54,1.0
6948,7316,1,136874.6475,116,6.0
6949,7301,2,22485.8277,112,1.0
6950,7318,6,84852.18,153,1.0
6951,7315,4,353550.75,73,1.0
6952,7307,3,199705.6665,54,1.0
6953,7305,4,57275.2215,53,3.0
6954,7306,2,160714.0695,63,1.0
6955,7311,7,130106.676,91,1.0
6956,7310,1,55456.9605,110,6.0
6957,7319,1,42426.09,47,6.0
6958,7317,1,11111.595,91,6.0
6959,7312,3,0.0,52,5.0
6960,7306,3,103034.79,46,2.0
6961,7313,2,97074.9345,82,1.0
6962,7319,4,138591.894,62,1.0
6963,7315,1,65659.425,64,4.0
6964,7314,2,30304.35,56,1.0
6965,7307,3,74750.73,125,1.0
6966,7313,1,29274.0021,151,6.0
6967,7312,2,52527.54,149,5.0
6968,7322,5,88892.76,116,1.0
6969,7316,2,1063682.685,110,1.0
6970,7316,1,50507.25,372,4.0
6971,7312,3,62628.99,26,7.0
6972,7319,7,177199.6359,73,3.0
6973,7303,4,151521.75,101,1.0
6974,7310,1,121217.4,215,4.0
6975,7301,2,138591.894,89,1.0
6976,7318,2,49901.163,74,3.0
6977,7312,5,166673.925,25,1.0
6978,7308,3,28284.06,83,3.0
6979,7318,2,78488.2665,37,5.0
6980,7316,2,87882.615,116,1.0
6981,7318,2,87175.5135,56,1.0
6982,7313,4,95963.775,429,1.0
6983,7311,2,591944.97,107,1.0
6984,7309,1,48486.96,105,4.0
6985,7311,4,849531.945,105,1.0
6986,7318,3,159501.8955,52,1.0
6987,7313,3,154552.185,94,1.0
6988,7303,4,121217.4,122,1.0
6989,7310,2,410724.957,29,1.0
6990,7301,4,65659.425,344,3.0
6991,7316,1,153036.9675,93,4.0
6992,7312,1,0.0,74,4.0
6993,7307,1,179199.723,47,4.0
6994,7304,1,98994.21,71,6.0
6995,7309,5,106065.225,63,1.0
6996,7316,3,60810.729,180,1.0
6997,7312,2,49194.0615,104,1.0
6998,7308,7,232656.5964,133,2.0
6999,7322,4,60608.7,102,1.0
7000,7314,2,109802.7615,83,1.0
7001,7301,5,45961.5975,77,1.0
7002,7313,2,107590.54395,50,1.0
7003,7302,2,111722.037,53,1.0
7004,7321,2,580429.317,46,1.0
7005,7312,2,223747.1175,51,1.0
7006,7311,4,186876.825,104,1.0
7007,7321,3,77781.165,195,2.0
7008,7310,2,30001.3065,66,2.0
7009,7321,4,106065.225,29,3.0
7010,7301,2,116166.675,53,7.0
7011,7320,2,83741.0205,65,1.0
7012,7322,6,10353.98625,74,3.0
7013,7303,3,45456.525,226,1.0
7014,7312,2,114146.385,173,5.0
7015,7317,4,42426.09,61,3.0
7016,7305,4,18687.6825,98,5.0
7017,7319,3,68184.7875,149,1.0
7018,7308,1,105459.138,106,6.0
7019,7309,6,213241.6095,566,1.0
7020,7314,2,25253.625,44,1.0
7021,7314,1,46062.612,70,6.0
7022,7306,2,204150.3045,56,1.0
7023,7320,2,137379.72,336,3.0
7024,7313,6,175765.23,159,1.0
7025,7311,2,153542.04,94,3.0
7026,7307,3,63639.135,85,1.0
7027,7315,1,43335.2205,67,6.0
7028,7314,2,151521.75,126,5.0
7029,7319,4,58083.3375,83,1.0
7030,7316,2,63942.1785,87,5.0
7031,7313,3,143137.5465,56,1.0
7032,7304,4,766700.055,395,1.0
7033,7321,2,34647.9735,64,1.0
7034,7303,1,60608.7,52,6.0
7035,7316,1,11313.624,168,6.0
7036,7314,1,83336.9625,101,6.0
7037,7320,3,173744.94,335,2.0
7038,7310,1,98994.21,108,4.0
7039,7310,1,85155.2235,106,4.0
7040,7320,4,119702.1825,149,1.0
7041,7309,4,292942.05,99,1.0
7042,7312,2,131318.85,73,5.0
7043,7316,1,25253.625,26,6.0
7044,7311,5,215059.8705,367,1.0
7045,7302,1,404.058,18,6.0
7046,7317,1,80407.542,100,6.0
7047,7310,2,152531.895,61,3.0
7048,7301,2,27273.915,61,7.0
7049,7311,8,125702.4438,88,1.0
7050,7309,3,222837.987,85,1.0
7051,7307,2,74144.643,42,1.0
7052,7304,2,214150.74,69,1.0
7053,7312,1,10909.566,49,6.0
7054,7302,2,106267.254,128,5.0
7055,7309,3,494971.05,271,1.0
7056,7316,2,42426.09,87,3.0
7057,7314,2,81417.687,91,1.0
7058,7305,3,79801.455,220,2.0
7059,7313,5,101014.5,52,1.0
7060,7305,1,65659.425,173,4.0
7061,7301,1,24344.4945,114,4.0
7062,7316,2,172027.6935,160,1.0
7063,7314,1,10606.5225,137,6.0
7064,7304,1,34344.93,58,4.0
7065,7314,3,94953.63,64,3.0
7066,7308,2,87882.615,83,1.0
7067,7316,1,40405.8,562,4.0
7068,7305,5,190917.405,52,1.0
7069,7320,3,77579.136,62,1.0
7070,7310,2,232333.35,65,1.0
7071,7301,2,149501.46,83,1.0
7072,7307,1,27273.915,107,4.0
7073,7302,1,126975.2265,84,6.0
7074,7301,1,14849.1315,90,4.0
7075,7316,1,27273.915,94,4.0
7076,7312,1,80811.6,65,4.0
7077,7321,1,61507.72905,37,4.0
7078,7306,4,60608.7,81,1.0
7079,7317,4,127278.27,168,1.0
7080,7314,4,38385.51,236,1.0
7081,7306,3,169603.3455,53,1.0
7082,7301,3,105065.18145,49,1.0
7083,7308,3,283749.7305,69,1.0
7084,7305,1,80357.03475,131,6.0
7085,7308,2,41314.9305,82,1.0
7086,7316,4,217181.175,83,1.0
7087,7317,4,102630.732,43,1.0
7088,7312,3,315165.24,65,1.0
7089,7310,1,179603.781,38,4.0
7090,7311,4,222231.9,117,1.0
7091,7302,2,43638.264,20,1.0
7092,7310,2,449211.4815,81,1.0
7093,7301,1,90913.05,68,6.0
7094,7306,2,187886.97,59,1.0
7095,7313,2,37274.3505,43,1.0
7096,7313,8,75902.2953,108,1.0
7097,7309,2,31314.495,106,1.0
7098,7313,3,30304.35,79,1.0
7099,7320,2,55557.975,304,2.0
7100,7321,5,36365.22,70,1.0
7101,7319,4,170613.4905,71,1.0
7102,7318,1,32122.611,49,6.0
7103,7312,6,48183.9165,60,3.0
7104,7303,2,291123.789,54,1.0
7105,7310,2,165764.7945,59,1.0
7106,7310,1,7071.015,88,4.0
7107,7305,1,10101.45,112,6.0
7108,7307,4,167482.041,84,1.0
7109,7305,1,0.0,52,6.0
7110,7313,2,83235.948,45,1.0
7111,7311,5,258597.12,36,1.0
7112,7312,4,158188.707,96,3.0
7113,7316,1,45456.525,88,6.0
7114,7320,4,131318.85,42,1.0
7115,7321,5,101014.5,75,1.0
7116,7302,4,58588.41,10,3.0
7117,7322,2,43436.235,205,3.0
7118,7322,2,179805.81,124,1.0
7119,7309,1,20910.0015,123,4.0
7120,7302,1,50507.25,308,6.0
7121,7317,2,48486.96,123,7.0
7122,7319,2,78185.223,58,1.0
7123,7312,3,79498.4115,101,7.0
7124,7310,7,184351.4625,33,1.0
7125,7304,4,168189.1425,115,1.0
7126,7306,1,42022.032,67,4.0
7127,7302,2,33940.872,22,1.0
7128,7309,1,107075.37,53,6.0
7129,7314,2,222231.9,59,5.0
7130,7302,2,19697.8275,54,5.0
7131,7301,3,75457.8315,77,3.0
7132,7316,4,202029.0,100,2.0
7133,7322,4,63235.077,67,3.0
7134,7309,2,352540.605,136,1.0
7135,7312,2,161623.2,113,1.0
7136,7315,4,225262.335,186,5.0
7137,7321,6,63639.135,205,1.0
7138,7301,5,84347.1075,178,1.0
7139,7310,2,140814.213,53,1.0
7140,7303,5,96973.92,129,2.0
7141,7308,4,96367.833,348,2.0
7142,7302,1,133642.1835,98,4.0
7143,7315,1,19697.8275,64,4.0
7144,7310,4,101014.5,113,1.0
7145,7302,4,182836.245,80,1.0
7146,7313,2,115156.53,58,1.0
7147,7315,2,158592.765,102,1.0
7148,7301,3,108085.515,34,5.0
7149,7313,1,16869.4215,81,6.0
7150,7302,1,67073.628,59,4.0
7151,7314,2,221928.8565,73,1.0
7152,7304,3,147157.9236,48,1.0
7153,7309,1,90913.05,89,4.0
7154,7318,2,12121.74,163,3.0
7155,7321,2,69396.9615,26,1.0
7156,7303,5,30304.35,120,1.0
7157,7307,2,211120.305,289,5.0
7158,7316,3,55557.975,92,3.0
7159,7301,3,106570.2975,53,1.0
7160,7311,1,16283.5374,83,6.0
7161,7301,1,24243.48,137,4.0
7162,7302,2,87599.7744,75,1.0
7163,7312,2,139874.77815,72,1.0
7164,7321,4,98994.21,42,3.0
7165,7301,2,179502.7665,106,1.0
7166,7304,2,154804.72125,96,1.0
7167,7310,2,129298.56,30,1.0
7168,7304,1,29193.1905,149,6.0
7169,7319,3,15586.53735,116,3.0
7170,7308,4,115863.6315,86,1.0
7171,7309,2,25152.6105,82,1.0
7172,7313,2,514163.805,29,1.0
7173,7310,1,50103.192,36,6.0
7174,7318,5,280820.31,65,1.0
7175,7301,3,207079.725,272,1.0
7176,7319,1,22324.2045,67,6.0
7177,7314,4,30304.35,50,1.0
7178,7301,2,64649.28,72,1.0
7179,7315,6,133581.5748,58,3.0
7180,7302,3,52527.54,15,3.0
7181,7310,1,3030.435,51,6.0
7182,7311,4,151723.779,114,1.0
7183,7308,3,5757.8265,120,3.0
7184,7301,2,35203.55325,47,1.0
7185,7317,3,101014.5,88,1.0
7186,7313,3,104246.964,28,1.0
7187,7312,1,11717.682,83,6.0
7188,7305,1,53436.6705,167,6.0
7189,7318,2,137177.691,76,1.0
7190,7303,2,60517.78695,47,1.0
7191,7310,3,596995.695,43,1.0
7192,7312,2,140309.1405,50,1.0
7193,7320,3,149905.518,229,2.0
7194,7314,3,136874.6475,74,5.0
7195,7311,1,118186.965,76,6.0
7196,7307,1,51689.11965,87,4.0
7197,7314,2,70922.28045,92,7.0
7198,7314,2,92236.33995,79,1.0
7199,7310,2,35355.075,89,2.0
7200,7322,5,65598.8163,45,1.0
7201,7313,3,165663.78,38,1.0
7202,7301,1,59962.2072,74,6.0
7203,7301,3,173744.94,73,1.0
7204,7310,1,59497.5405,45,6.0
7205,7303,1,27273.915,103,4.0
7206,7309,3,129096.531,125,1.0
7207,7316,1,21415.074,342,6.0
7208,7306,3,133339.14,83,1.0
7209,7304,6,105863.196,129,2.0
7210,7304,4,218191.32,180,1.0
7211,7319,2,38082.4665,234,7.0
7212,7309,2,107913.79035,110,1.0
7213,7305,4,27273.915,168,1.0
7214,7321,2,42527.1045,56,3.0
7215,7313,3,150511.605,95,1.0
7216,7318,8,271365.3528,77,3.0
7217,7303,7,139400.01,40,1.0
7218,7319,4,34344.93,229,1.0
7219,7322,2,14546.088,41,3.0
7220,7316,1,8889.276,302,6.0
7221,7315,1,106671.312,69,4.0
7222,7310,3,254556.54,189,1.0
7223,7305,5,121217.4,191,3.0
7224,7310,3,1010145.0,64,1.0
7225,7317,2,172128.708,45,1.0
7226,7301,2,98893.1955,269,1.0
7227,7306,2,111823.0515,100,7.0
7228,7302,2,54648.8445,459,1.0
7229,7322,6,219605.523,41,2.0
7230,7309,2,163643.49,83,1.0
7231,7310,2,46456.56855,63,3.0
7232,7303,5,155562.33,134,3.0
7233,7318,5,138389.865,54,1.0
7234,7312,2,98994.21,59,2.0
7235,7316,2,160815.084,69,5.0
7236,7316,1,166673.925,123,4.0
7237,7305,9,145359.8655,51,5.0
7238,7309,2,92529.282,52,3.0
7239,7304,3,35658.1185,448,2.0
7240,7321,2,21415.074,46,7.0
7241,7303,2,238394.22,43,1.0
7242,7314,3,91923.195,77,5.0
7243,7304,1,56568.12,102,4.0
7244,7314,3,277284.8025,69,1.0
7245,7313,1,41415.945,249,6.0
7246,7309,4,243444.945,66,1.0
7247,7315,2,1313.1885,98,3.0
7248,7316,1,10101.45,98,6.0
7249,7306,2,25253.625,173,1.0
7250,7308,2,252940.308,49,1.0
7251,7304,2,171825.6645,69,2.0
7252,7308,2,179805.81,140,1.0
7253,7317,2,10101.45,60,1.0
7254,7318,1,31314.495,66,6.0
7255,7312,1,18182.61,55,4.0
7256,7308,4,193947.84,47,5.0
7257,7313,3,80811.6,110,2.0
7258,7315,1,37880.4375,75,4.0
7259,7316,2,93034.3545,88,1.0
7260,7314,2,85862.325,58,1.0
7261,7308,3,314559.153,60,1.0
7262,7321,3,35355.075,213,3.0
7263,7303,3,132935.082,57,1.0
7264,7318,7,56972.178,38,1.0
7265,7314,3,168290.157,86,1.0
7266,7313,3,156572.475,76,1.0
7267,7320,3,236171.901,182,1.0
7268,7311,3,225959.33505,36,1.0
7269,7316,2,35557.104,38,7.0
7270,7306,4,627300.045,39,1.0
7271,7308,2,272436.1065,66,1.0
7272,7314,2,100913.4855,94,1.0
7273,7308,4,241424.655,79,1.0
7274,7321,2,79296.3825,58,1.0
7275,7317,2,56366.091,51,3.0
7276,7302,1,93741.456,19,6.0
7277,7314,1,86872.47,73,6.0
7278,7315,3,101014.5,73,1.0
7279,7309,5,476788.44,134,1.0
7280,7313,2,85458.267,91,7.0
7281,7318,3,40910.8725,61,3.0
7282,7302,2,42325.0755,43,7.0
7283,7308,1,150107.547,55,6.0
7284,7301,1,65659.425,77,4.0
7285,7315,2,82831.89,85,5.0
7286,7320,4,205059.435,505,1.0
7287,7322,2,17677.5375,60,5.0
7288,7312,7,218191.32,87,1.0
7289,7318,1,26162.7555,95,6.0
7290,7317,4,36769.278,184,7.0
7291,7306,2,20202.9,138,7.0
7292,7319,4,141420.3,50,1.0
7293,7322,2,21011.016,43,3.0
7294,7317,5,116166.675,250,1.0
7295,7311,3,94044.4995,124,3.0
7296,7321,4,14546.088,333,1.0
7297,7313,1,50002.1775,112,6.0
7298,7321,1,26061.741,56,6.0
7299,7315,2,143440.59,90,7.0
7300,7307,3,77175.078,119,2.0
7301,7302,2,163542.4755,100,5.0
7302,7304,1,26263.77,73,4.0
7303,7310,2,350419.3005,52,3.0
7304,7304,4,177785.52,243,1.0
7305,7302,1,75356.817,55,6.0
7306,7304,2,529720.038,45,1.0
7307,7301,3,38688.5535,82,3.0
7308,7320,4,74346.672,62,3.0
7309,7301,2,25829.40765,81,1.0
7310,7306,1,51517.395,54,6.0
7311,7301,3,342540.1695,296,3.0
7312,7304,2,92529.282,386,1.0
7313,7316,1,25253.625,38,6.0
7314,7305,2,70710.15,64,1.0
7315,7319,5,75760.875,327,1.0
7316,7308,2,262657.9029,66,1.0
7317,7301,2,59295.5115,56,1.0
7318,7307,2,153542.04,62,5.0
7319,7318,2,96973.92,292,5.0
7320,7310,2,136571.604,74,5.0
7321,7303,4,78286.2375,38,2.0
7322,7315,2,86468.412,137,7.0
7323,7314,2,46466.67,101,5.0
7324,7308,2,353550.75,54,1.0
7325,7310,4,237384.075,108,1.0
7326,7317,3,94145.514,74,1.0
7327,7309,1,65659.425,91,6.0
7328,7316,2,71720.295,55,5.0
7329,7312,2,111115.95,113,2.0
7330,7306,5,156471.4605,78,1.0
7331,7308,2,142430.445,81,1.0
7332,7312,6,190008.2745,36,3.0
7333,7318,2,7475.073,72,3.0
7334,7306,7,80912.6145,69,2.0
7335,7315,2,56568.12,98,1.0
7336,7311,2,323650.458,58,1.0
7337,7311,2,116166.675,146,1.0
7338,7303,1,34031.78505,365,4.0
7339,7311,3,216171.03,376,1.0
7340,7313,4,151521.75,88,1.0
7341,7303,5,57073.1925,83,1.0
7342,7305,1,55557.975,63,4.0
7343,7315,2,74649.7155,44,1.0
7344,7310,2,77781.165,80,1.0
7345,7316,1,60608.7,55,4.0
7346,7302,3,1414.203,104,3.0
7347,7311,3,343449.3,34,1.0
7348,7308,5,257586.975,113,1.0
7349,7310,2,233444.5095,60,1.0
7350,7313,1,25253.625,205,6.0
7351,7308,6,142430.445,32,1.0
7352,7315,2,153542.04,64,1.0
7353,7312,3,15960.291,28,5.0
7354,7305,1,4040.58,190,6.0
7355,7313,3,193947.84,57,1.0
7356,7321,3,101.0145,41,1.0
7357,7314,4,171724.65,82,1.0
7358,7315,4,228595.8135,145,1.0
7359,7314,3,532346.415,54,1.0
7360,7304,2,141420.3,67,1.0
7361,7310,1,96973.92,96,6.0
7362,7317,4,303043.5,66,1.0
7363,7314,2,234353.64,52,1.0
7364,7322,3,25253.625,125,2.0
7365,7318,1,11111.595,141,6.0
7366,7319,3,58487.3955,264,3.0
7367,7305,2,37880.4375,124,1.0
7368,7302,4,78791.31,51,1.0
7369,7318,3,62932.0335,182,2.0
7370,7308,3,55557.975,93,3.0
7371,7310,4,98388.123,62,1.0
7372,7303,4,196170.159,62,1.0
7373,7304,1,5555.7975,97,6.0
7374,7317,2,181826.1,246,1.0
7375,7304,2,140107.1115,67,1.0
7376,7310,4,89094.789,54,1.0
7377,7301,2,70508.121,39,1.0
7378,7319,1,46668.699,50,4.0
7379,7309,1,121217.4,342,4.0
7380,7303,3,28789.1325,141,1.0
7381,7303,5,138389.865,68,1.0
7382,7321,2,88892.76,60,3.0
7383,7314,2,122227.545,59,1.0
7384,7311,2,677807.295,329,1.0
7385,7310,2,141420.3,55,1.0
7386,7305,4,125864.067,81,1.0
7387,7316,1,16667.3925,127,4.0
7388,7309,2,27273.915,117,1.0
7389,7310,2,180916.9695,281,2.0
7390,7302,2,99479.0796,85,1.0
7391,7305,3,473859.0195,54,1.0
7392,7319,1,60204.642,240,6.0
7393,7304,1,23031.306,118,6.0
7394,7312,3,31112.466,46,3.0
7395,7321,1,66265.512,55,4.0
7396,7306,1,49800.1485,66,4.0
7397,7316,1,85862.325,75,4.0
7398,7313,1,69194.9325,114,4.0
7399,7322,4,116166.675,54,1.0
7400,7308,3,139400.01,102,1.0
7401,7319,2,260617.41,99,3.0
7402,7320,4,197988.42,101,1.0
7403,7321,2,65053.338,56,1.0
7404,7310,3,196978.275,73,1.0
7405,7304,2,21819.132,69,3.0
7406,7310,1,60608.7,58,6.0
7407,7307,4,166471.896,151,2.0
7408,7306,2,75659.8605,102,5.0
7409,7305,3,62628.99,101,1.0
7410,7314,2,224252.19,55,1.0
7411,7317,2,20202.9,205,3.0
7412,7316,3,121217.4,109,1.0
7413,7314,2,188897.115,47,2.0
7414,7316,1,55557.975,245,6.0
7415,7311,2,282840.6,89,1.0
7416,7315,1,1414.203,36,6.0
7417,7320,4,135359.43,322,1.0
7418,7304,1,21819.132,64,6.0
7419,7310,4,139400.01,110,1.0
7420,7318,5,93943.485,37,1.0
7421,7318,4,72730.44,45,1.0
7422,7304,3,255970.743,132,1.0
7423,7319,4,202029.0,53,1.0
7424,7317,1,98893.1955,61,4.0
7425,7314,4,100509.4275,103,3.0
7426,7307,6,108994.6455,65,3.0
7427,7305,4,315670.3125,209,1.0
7428,7301,2,76366.962,79,1.0
7429,7318,3,56871.1635,70,5.0
7430,7308,2,149602.4745,96,3.0
7431,7312,1,0.0,130,6.0
7432,7306,1,111115.95,47,4.0
7433,7313,2,14546.088,143,3.0
7434,7320,5,85155.2235,337,2.0
7435,7301,1,59093.4825,44,6.0
7436,7303,3,46466.67,58,3.0
7437,7317,2,28284.06,130,7.0
7438,7309,2,247485.525,96,1.0
7439,7316,4,120207.255,135,1.0
7440,7307,2,93943.485,210,2.0
7441,7315,2,46466.67,35,1.0
7442,7321,1,40405.8,124,4.0
7443,7301,2,47476.815,376,1.0
7444,7317,1,16869.4215,73,6.0
7445,7317,1,40506.8145,55,4.0
7446,7301,1,3555.7104,69,6.0
7447,7302,2,67679.715,55,1.0
7448,7316,3,25758.6975,313,3.0
7449,7301,1,89993.81805,43,6.0
7450,7316,3,277789.875,50,1.0
7451,7317,3,109095.66,100,1.0
7452,7321,1,65962.4685,53,4.0
7453,7308,4,323246.4,35,1.0
7454,7308,4,224252.19,56,1.0
7455,7301,2,105964.2105,52,1.0
7456,7311,4,14647.1025,112,1.0
7457,7309,4,54042.7575,62,1.0
7458,7311,3,45507.03225,72,1.0
7459,7305,1,21819.132,42,4.0
7460,7320,3,89902.905,54,1.0
7461,7301,2,194957.985,99,7.0
7462,7310,3,186674.796,52,1.0
7463,7307,1,18586.668,72,6.0
7464,7307,3,115661.6025,27,2.0
7465,7320,4,71114.208,37,3.0
7466,7317,1,46365.6555,48,4.0
7467,7302,1,42426.09,149,4.0
7468,7307,6,119096.0955,117,1.0
7469,7311,4,234353.64,92,1.0
7470,7316,1,23637.393,193,4.0
7471,7301,3,141420.3,103,2.0
7472,7321,4,87074.499,128,3.0
7473,7301,2,64144.2075,164,1.0
7474,7314,5,45456.525,72,1.0
7475,7303,3,141521.3145,43,1.0
7476,7315,1,16162.32,165,6.0
7477,7301,1,41011.887,34,6.0
7478,7317,1,11313.624,90,6.0
7479,7309,2,153845.0835,52,1.0
7480,7313,2,113641.3125,39,1.0
7481,7315,1,14142.03,122,6.0
7482,7311,1,164653.635,103,6.0
7483,7317,2,35355.075,123,1.0
7484,7307,2,204049.29,90,1.0
7485,7311,2,95054.6445,56,3.0
7486,7314,2,80811.6,202,1.0
7487,7313,3,161623.2,68,3.0
7488,7321,3,101216.529,67,1.0
7489,7305,1,1919.2755,54,4.0
7490,7313,2,8788.2615,54,1.0
7491,7310,2,306073.935,34,1.0
7492,7314,4,208089.87,44,1.0
7493,7315,2,62628.99,260,5.0
7494,7322,3,0.0,41,3.0
7495,7315,2,117176.82,102,5.0
7496,7308,2,62628.99,58,5.0
7497,7319,1,26768.8425,75,6.0
7498,7320,4,15960.291,261,1.0
7499,7312,1,40405.8,93,6.0
7500,7306,2,62426.961,123,5.0
7501,7305,2,20051.37825,174,1.0
7502,7320,2,147481.17,59,1.0
7503,7308,2,193543.782,154,1.0
7504,7322,2,20202.9,122,1.0
7505,7309,4,131318.85,62,1.0
7506,7310,2,151521.75,84,1.0
7507,7310,1,38688.5535,64,6.0
7508,7322,1,24950.5815,50,4.0
7509,7307,2,51517.395,97,3.0
7510,7310,2,40506.8145,96,1.0
7511,7315,1,45456.525,63,6.0
7512,7319,3,80205.513,61,1.0
7513,7305,2,178795.665,170,1.0
7514,7303,2,89902.905,51,7.0
7515,7304,2,279507.1215,57,1.0
7516,7304,1,40405.8,49,6.0
7517,7302,3,108671.3991,67,1.0
7518,7319,8,190210.3035,75,1.0
7519,7316,2,221524.7985,45,1.0
7520,7310,2,82225.803,63,1.0
7521,7322,2,35153.046,48,3.0
7522,7313,3,12323.769,91,1.0
7523,7302,2,196372.188,113,3.0
7524,7307,2,262637.7,112,1.0
7525,7310,3,43436.235,86,3.0
7526,7309,4,664675.41,177,1.0
7527,7311,2,12020.7255,103,5.0
7528,7310,1,163643.49,104,4.0
7529,7312,2,90003.9195,44,3.0
7530,7318,1,55658.9895,40,6.0
7531,7302,2,18182.61,9,1.0
7532,7310,2,69700.005,55,1.0
7533,7301,2,70710.15,50,1.0
7534,7317,2,93943.485,63,1.0
7535,7305,3,178795.665,61,3.0
7536,7309,2,101014.5,144,7.0
7537,7302,2,25657.683,141,3.0
7538,7301,1,62628.99,52,4.0
7539,7317,1,131823.9225,72,4.0
7540,7303,4,113843.3415,74,2.0
7541,7309,4,57477.2505,357,1.0
7542,7321,3,111115.95,69,1.0
7543,7308,3,46870.728,104,1.0
7544,7309,4,173856.05595,117,1.0
7545,7305,1,106065.225,78,4.0
7546,7306,3,76771.02,54,2.0
7547,7307,2,180512.9115,96,7.0
7548,7317,2,60204.642,186,2.0
7549,7309,3,166673.925,75,1.0
7550,7317,1,25051.596,168,6.0
7551,7304,5,92933.34,79,1.0
7552,7319,1,31920.582,65,6.0
7553,7310,2,15253.1895,128,7.0
7554,7316,1,20101.8855,100,4.0
7555,7303,3,134349.285,55,5.0
7556,7308,2,265264.077,41,1.0
7557,7303,2,24243.48,150,3.0
7558,7305,2,70912.179,87,1.0
7559,7315,4,28728.5238,40,3.0
7560,7314,2,51315.366,40,1.0
7561,7307,3,39870.42315,31,1.0
7562,7308,5,224757.2625,64,1.0
7563,7302,2,27273.915,102,2.0
7564,7315,1,60608.7,62,4.0
7565,7312,2,20707.9725,271,7.0
7566,7306,2,105055.08,110,3.0
7567,7309,3,184856.535,111,1.0
7568,7313,3,95963.775,96,1.0
7569,7309,2,274759.44,95,1.0
7570,7308,2,93640.4415,61,1.0
7571,7314,3,161623.2,65,1.0
7572,7307,2,191927.55,32,1.0
7573,7318,3,52527.54,59,1.0
7574,7310,1,126268.125,63,4.0
7575,7301,2,52729.569,51,1.0
7576,7318,2,92933.34,49,1.0
7577,7305,6,115368.66045,123,1.0
7578,7301,4,70710.15,71,1.0
7579,7307,4,16970.436,68,3.0
7580,7312,3,80811.6,67,1.0
7581,7306,4,111924.066,271,1.0
7582,7304,2,38587.539,92,3.0
7583,7319,2,71013.1935,108,1.0
7584,7317,5,85963.3395,113,3.0
7585,7311,2,208089.87,91,1.0
7586,7319,2,43032.177,47,1.0
7587,7313,3,95963.775,50,3.0
7588,7317,5,89902.905,61,1.0
7589,7314,1,85862.325,102,6.0
7590,7312,2,54547.83,59,1.0
7591,7320,4,74548.701,183,1.0
7592,7311,1,39799.713,74,4.0
7593,7309,2,240414.51,57,1.0
7594,7301,1,145460.88,59,6.0
7595,7309,2,121722.4725,51,1.0
7596,7307,8,133339.14,461,1.0
7597,7309,1,143339.5755,90,4.0
7598,7301,2,136369.575,103,1.0
7599,7313,1,13333.914,118,4.0
7600,7308,1,38385.51,62,6.0
7601,7307,3,167684.07,106,1.0
7602,7309,2,41415.945,44,1.0
7603,7307,3,87882.615,30,2.0
7604,7318,1,28587.1035,65,6.0
7605,7309,5,212130.45,125,1.0
7606,7306,2,47476.815,62,1.0
7607,7301,2,101519.5725,100,1.0
7608,7322,6,121217.4,116,1.0
7609,7315,1,25253.625,72,4.0
7610,7315,1,30304.35,84,6.0
7611,7313,2,40405.8,143,7.0
7612,7321,2,31213.4805,225,1.0
7613,7316,2,42426.09,54,7.0
7614,7321,4,192937.695,115,2.0
7615,7320,2,32324.64,157,1.0
7616,7319,3,159602.91,70,2.0
7617,7316,1,80811.6,65,6.0
7618,7302,1,28890.147,44,6.0
7619,7316,1,86872.47,407,4.0
7620,7314,3,112732.182,141,1.0
7621,7322,3,124247.835,185,1.0
7622,7310,2,65356.3815,96,1.0
7623,7321,4,89902.905,64,1.0
7624,7322,2,382844.955,131,1.0
7625,7307,2,267688.425,66,1.0
7626,7302,1,9091.305,57,4.0
7627,7318,1,19192.755,67,6.0
7628,7308,4,81316.6725,53,1.0
7629,7312,1,37375.365,63,6.0
7630,7322,4,327893.067,33,1.0
7631,7306,1,9697.392,65,6.0
7632,7301,1,94852.6155,57,6.0
7633,7304,1,40405.8,47,6.0
7634,7314,1,91236.2964,63,6.0
7635,7313,4,63841.164,99,3.0
7636,7314,3,147178.1265,51,1.0
7637,7309,4,323246.4,89,1.0
7638,7316,1,106065.225,102,6.0
7639,7320,3,268698.57,71,1.0
7640,7301,1,52527.54,52,6.0
7641,7306,1,14768.3199,74,4.0
7642,7306,4,17172.465,80,1.0
7643,7318,2,75760.875,313,5.0
7644,7302,3,131318.85,40,1.0
7645,7313,6,25253.625,46,1.0
7646,7311,3,111216.9645,85,3.0
7647,7310,3,135359.43,55,1.0
7648,7322,3,105863.196,30,1.0
7649,7306,1,22223.19,141,4.0
7650,7314,4,144450.735,159,1.0
7651,7302,2,64851.309,54,1.0
7652,7313,2,141420.3,60,1.0
7653,7309,2,51719.424,171,1.0
7654,7303,4,62022.903,183,1.0
7655,7306,2,60608.7,90,1.0
7656,7316,2,172734.795,131,1.0
7657,7317,4,98489.1375,57,1.0
7658,7321,2,111621.0225,30,1.0
7659,7316,2,60608.7,81,1.0
7660,7315,2,109095.66,61,1.0
7661,7309,1,80811.6,49,4.0
7662,7303,3,119197.11,294,5.0
7663,7306,2,193947.84,82,5.0
7664,7306,2,6970.0005,42,3.0
7665,7314,4,255061.6125,60,1.0
7666,7320,3,71518.266,85,1.0
7667,7321,2,92327.253,72,5.0
7668,7304,4,221019.726,110,1.0
7669,7306,2,65659.425,53,3.0
7670,7317,3,124348.8495,78,3.0
7671,7319,3,28486.089,55,1.0
7672,7308,1,52022.4675,66,6.0
7673,7312,2,41213.916,54,2.0
7674,7303,2,33334.785,31,1.0
7675,7306,4,89296.818,56,1.0
7676,7319,1,57376.236,117,4.0
7677,7316,2,265668.135,146,7.0
7678,7322,3,47274.786,37,2.0
7679,7301,2,34344.93,231,1.0
7680,7314,4,479818.875,63,1.0
7681,7315,1,85862.325,108,4.0
7682,7307,3,313144.95,293,1.0
7683,7314,3,32324.64,416,1.0
7684,7315,3,66972.6135,48,5.0
7685,7307,2,64649.28,52,1.0
7686,7322,3,110105.805,30,1.0
7687,7316,1,92327.253,60,4.0
7688,7308,1,67679.715,108,6.0
7689,7310,4,174755.085,95,1.0
7690,7311,2,128187.4005,55,1.0
7691,7316,1,24041.451,94,6.0
7692,7306,5,83134.9335,64,1.0
7693,7306,2,13333.914,28,1.0
7694,7310,3,173744.94,156,5.0
7695,7316,3,303144.5145,53,1.0
7696,7307,4,80811.6,64,1.0
7697,7304,1,14546.088,46,6.0
7698,7320,4,121217.4,241,1.0
7699,7319,1,9495.363,64,6.0
7700,7313,2,282840.6,37,1.0
7701,7306,1,40405.8,239,4.0
7702,7315,2,49295.076,69,1.0
7703,7308,2,286881.18,73,1.0
7704,7304,2,43032.177,105,1.0
7705,7309,3,63235.077,119,3.0
7706,7312,5,139400.01,87,1.0
7707,7318,2,36365.22,82,5.0
7708,7308,4,146066.967,61,1.0
7709,7317,1,88892.76,303,4.0
7710,7311,2,72730.44,155,1.0
7711,7318,2,146471.025,73,1.0
7712,7309,3,210251.5803,78,1.0
7713,7313,3,46163.6265,187,2.0
7714,7313,2,25253.625,291,1.0
7715,7307,2,91216.0935,33,1.0
7716,7318,5,54547.83,69,1.0
7717,7310,2,176472.3315,67,1.0
7718,7320,2,105863.196,125,3.0
7719,7317,1,119803.197,45,6.0
7720,7319,2,63033.048,51,1.0
7721,7301,2,68720.16435,77,1.0
7722,7306,3,127278.27,61,3.0
7723,7315,4,109095.66,73,1.0
7724,7316,1,19192.755,273,4.0
7725,7314,2,46163.6265,92,1.0
7726,7306,2,59093.4825,77,1.0
7727,7304,2,166673.925,251,1.0
7728,7321,1,0.0,52,4.0
7729,7312,1,9293.334,144,6.0
7730,7320,3,202029.0,323,1.0
7731,7314,1,101216.529,122,6.0
7732,7302,5,222534.9435,66,2.0
7733,7315,2,66669.57,193,7.0
7734,7306,3,90913.05,47,5.0
7735,7321,2,50507.25,145,1.0
7736,7322,4,162633.345,55,1.0
7737,7309,2,578409.027,58,1.0
7738,7302,1,161623.2,93,6.0
7739,7318,5,101014.5,91,1.0
7740,7301,4,198998.565,116,1.0
7741,7312,2,52527.54,46,7.0
7742,7302,3,111418.9935,50,1.0
7743,7316,1,11515.653,62,4.0
7744,7309,2,66669.57,70,1.0
7745,7313,5,13131.885,51,1.0
7746,7310,2,101014.5,81,1.0
7747,7318,3,909.1305,232,5.0
7748,7305,2,217686.2475,138,1.0
7749,7310,2,13131.885,32,7.0
7750,7312,2,172734.795,94,1.0
7751,7312,3,40405.8,74,5.0
7752,7309,1,24041.451,50,6.0
7753,7308,2,200008.71,42,1.0
7754,7305,3,170714.505,137,2.0
7755,7306,1,0.0,174,6.0
7756,7310,3,89902.905,57,1.0
7757,7301,1,39395.655,98,4.0
7758,7310,1,0.0,123,4.0
7759,7302,2,162532.3305,38,1.0
7760,7310,2,45355.5105,333,7.0
7761,7312,5,57073.1925,246,3.0
7762,7314,5,211928.421,68,1.0
7763,7310,2,100307.3985,59,1.0
7764,7315,2,247485.525,54,1.0
7765,7311,2,36264.2055,101,1.0
7766,7318,4,117176.82,69,1.0
7767,7316,1,202029.0,115,4.0
7768,7313,2,106671.312,62,1.0
7769,7314,2,85458.267,75,1.0
7770,7310,1,28284.06,83,6.0
7771,7306,3,122429.574,63,1.0
7772,7309,2,228292.77,70,1.0
7773,7319,1,26465.799,59,4.0
7774,7320,3,166673.925,417,3.0
7775,7310,3,60608.7,55,1.0
7776,7315,1,20202.9,246,6.0
7777,7315,2,97984.065,66,3.0
7778,7314,5,96569.862,239,3.0
7779,7317,1,93539.427,67,6.0
7780,7321,1,48971.8296,43,4.0
7781,7313,3,119702.1825,36,1.0
7782,7310,2,61315.8015,56,1.0
7783,7310,4,31920.582,35,1.0
7784,7319,2,60608.7,99,1.0
7785,7313,2,323246.4,138,1.0
7786,7309,4,142430.445,280,1.0
7787,7321,3,76973.049,35,1.0
7788,7321,4,78791.31,78,1.0
7789,7320,3,114752.472,52,2.0
7790,7306,3,56568.12,235,2.0
7791,7313,5,68891.889,95,1.0
7792,7317,1,11313.624,47,6.0
7793,7305,1,63033.048,53,6.0
7794,7314,2,58588.41,54,5.0
7795,7301,2,93337.398,80,1.0
7796,7317,2,144955.8075,131,1.0
7797,7306,2,278800.02,74,1.0
7798,7306,2,203039.145,52,1.0
7799,7310,1,217181.175,106,6.0
7800,7313,1,1515.2175,60,4.0
7801,7306,2,125257.98,104,5.0
7802,7303,2,214352.769,25,1.0
7803,7306,3,18182.61,182,3.0
7804,7316,1,43941.3075,133,4.0
7805,7321,4,118186.965,53,1.0
7806,7302,2,101014.5,131,1.0
7807,7308,3,137379.72,477,1.0
7808,7312,2,81821.745,139,1.0
7809,7309,2,101014.5,81,1.0
7810,7316,2,107277.399,88,1.0
7811,7309,2,100812.471,66,3.0
7812,7318,4,54547.83,159,1.0
7813,7309,1,45759.5685,81,6.0
7814,7311,1,95963.775,106,4.0
7815,7308,3,313144.95,44,1.0
7816,7302,2,105055.08,102,1.0
7817,7321,2,76467.9765,181,5.0
7818,7303,3,91923.195,58,1.0
7819,7315,2,235363.785,109,1.0
7820,7310,1,93438.4125,89,6.0
7821,7322,2,26768.8425,89,2.0
7822,7318,3,204554.3625,50,1.0
7823,7304,2,58285.3665,64,1.0
7824,7301,1,3636.522,69,6.0
7825,7308,1,101014.5,82,6.0
7826,7320,3,112126.095,400,1.0
7827,7320,4,288194.3685,39,1.0
7828,7301,1,31112.466,98,4.0
7829,7322,5,45456.525,217,1.0
7830,7315,2,112126.095,51,7.0
7831,7311,5,105459.138,84,1.0
7832,7308,2,169098.273,47,1.0
7833,7315,5,72124.353,229,5.0
7834,7321,2,62123.9175,46,1.0
7835,7316,2,63235.077,115,1.0
7836,7306,1,0.0,287,6.0
7837,7314,3,244152.0465,50,1.0
7838,7307,1,31415.5095,82,6.0
7839,7318,5,169704.36,79,1.0
7840,7307,1,15859.2765,351,6.0
7841,7303,4,168896.244,129,1.0
7842,7309,2,194553.927,50,1.0
7843,7318,2,69700.005,56,1.0
7844,7309,5,99802.326,29,1.0
7845,7303,4,57881.3085,80,2.0
7846,7310,2,101155.9203,34,1.0
7847,7314,4,329509.299,57,1.0
7848,7305,6,70710.15,75,1.0
7849,7313,2,225464.364,47,1.0
7850,7302,1,22223.19,14,4.0
7851,7322,2,52527.54,76,1.0
7852,7316,4,46466.67,88,1.0
7853,7301,2,10101.45,60,3.0
7854,7318,3,136369.575,31,1.0
7855,7316,2,156572.475,96,7.0
7856,7310,2,136369.575,117,5.0
7857,7316,3,207079.725,148,1.0
7858,7314,3,234555.669,54,1.0
7859,7320,4,108186.5295,57,1.0
7860,7312,1,36365.22,70,6.0
7861,7302,3,55557.975,15,1.0
7862,7314,1,52527.54,171,6.0
7863,7305,3,186876.825,137,2.0
7864,7313,2,191927.55,24,1.0
7865,7304,1,83235.948,352,6.0
7866,7308,2,101923.6305,42,1.0
7867,7318,4,58588.41,179,1.0
7868,7309,3,177280.4475,119,3.0
7869,7309,5,147481.17,55,1.0
7870,7315,2,101014.5,56,1.0
7871,7322,3,34647.9735,56,1.0
7872,7303,3,210110.16,76,1.0
7873,7308,4,36365.22,79,1.0
7874,7321,1,45658.554,40,4.0
7875,7314,1,70710.15,73,6.0
7876,7307,3,180815.955,145,1.0
7877,7318,4,49497.105,64,1.0
7878,7314,2,50103.192,185,3.0
7879,7315,3,240111.4665,64,1.0
7880,7318,3,60911.7435,35,1.0
7881,7310,1,27880.002,87,6.0
7882,7313,1,20202.9,163,4.0
7883,7318,2,191927.55,97,7.0
7884,7306,1,129197.5455,68,6.0
7885,7307,2,69508.07745,102,1.0
7886,7312,1,183240.303,73,4.0
7887,7301,1,129298.56,93,4.0
7888,7302,2,13737.972,22,5.0
7889,7321,1,35355.075,42,4.0
7890,7317,4,1013175.435,95,1.0
7891,7315,2,46466.67,391,7.0
7892,7317,4,113944.356,64,1.0
7893,7313,2,28890.147,79,2.0
7894,7307,1,50810.2935,36,6.0
7895,7312,1,40708.8435,78,6.0
7896,7309,5,131318.85,138,3.0
7897,7305,2,107075.37,121,1.0
7898,7315,2,88892.76,84,5.0
7899,7313,4,130056.16875,55,1.0
7900,7303,5,141420.3,60,3.0
7901,7309,1,48183.9165,98,6.0
7902,7321,2,14950.146,89,3.0
7903,7310,3,670736.28,127,1.0
7904,7306,1,12121.74,93,4.0
7905,7315,6,212130.45,95,1.0
7906,7304,2,141420.3,174,1.0
7907,7308,6,204049.29,65,1.0
7908,7304,2,641846.133,113,1.0
7909,7314,2,80811.6,52,1.0
7910,7317,5,73235.5125,51,7.0
7911,7318,1,15152.175,481,4.0
7912,7314,2,363652.2,86,5.0
7913,7313,1,576792.795,45,6.0
7914,7321,7,158895.8085,61,1.0
7915,7319,2,154663.30095,49,3.0
7916,7307,2,12929.856,92,2.0
7917,7301,2,173643.9255,53,3.0
7918,7307,5,110206.8195,62,1.0
7919,7318,4,146471.025,48,1.0
7920,7313,1,16970.436,159,6.0
7921,7303,2,49497.105,266,5.0
7922,7310,2,78791.31,45,3.0
7923,7313,2,113035.2255,70,1.0
7924,7302,1,60608.7,76,4.0
7925,7304,2,128187.4005,56,1.0
7926,7317,2,63740.1495,113,1.0
7927,7309,3,75983.1069,44,1.0
7928,7313,3,42830.148,361,1.0
7929,7313,4,71215.2225,115,1.0
7930,7306,2,-9394.3485,34,1.0
7931,7319,2,55962.033,62,3.0
7932,7322,4,150511.605,58,1.0
7933,7303,2,35355.075,303,2.0
7934,7316,1,10909.566,108,4.0
7935,7316,3,146471.025,120,2.0
7936,7312,5,576792.795,95,1.0
7937,7306,5,94953.63,78,1.0
7938,7302,4,195968.13,46,1.0
7939,7310,1,113136.24,48,6.0
7940,7301,2,77579.136,83,1.0
7941,7314,1,55557.975,108,6.0
7942,7309,2,134349.285,57,3.0
7943,7304,3,578308.0125,76,1.0
7944,7316,2,74750.73,156,1.0
7945,7310,4,303043.5,61,1.0
7946,7322,4,40405.8,75,1.0
7947,7308,2,175967.259,112,1.0
7948,7303,2,138692.9085,169,1.0
7949,7301,3,229807.9875,48,1.0
7950,7313,5,139096.9665,34,1.0
7951,7318,2,66366.5265,52,3.0
7952,7311,2,292942.05,131,5.0
7953,7310,3,116166.675,41,1.0
7954,7313,1,20202.9,104,6.0
7955,7308,2,1717.2465,102,1.0
7956,7319,2,76973.049,53,3.0
7957,7313,3,129803.6325,42,2.0
7958,7302,3,106065.225,62,1.0
7959,7317,1,51517.395,100,4.0
7960,7321,2,77680.1505,34,1.0
7961,7307,3,23708.10315,370,2.0
7962,7308,1,24243.48,101,6.0
7963,7308,4,336176.256,32,1.0
7964,7309,3,41213.916,73,3.0
7965,7317,2,13131.885,72,7.0
7966,7319,1,56568.12,106,6.0
7967,7322,3,176775.375,66,1.0
7968,7312,1,101115.5145,151,4.0
7969,7316,2,190210.3035,140,1.0
7970,7305,4,122429.574,52,1.0
7971,7318,2,27880.002,182,1.0
7972,7315,2,120005.226,45,1.0
7973,7321,2,36567.249,107,3.0
7974,7317,1,30.30435,67,6.0
7975,7304,2,353550.75,81,1.0
7976,7315,2,77983.194,251,1.0
7977,7321,1,31314.495,159,4.0
7978,7310,2,434665.3935,46,1.0
7979,7320,4,107075.37,140,1.0
7980,7312,5,154754.214,34,1.0
7981,7302,5,105661.167,100,1.0
7982,7318,9,96973.92,168,1.0
7983,7311,2,242333.7855,26,1.0
7984,7314,6,141420.3,70,1.0
7985,7321,2,76771.02,43,1.0
7986,7321,2,106267.254,51,1.0
7987,7314,3,638411.64,115,1.0
7988,7315,2,32627.6835,190,3.0
7989,7305,1,51416.3805,54,4.0
7990,7312,3,202029.0,188,1.0
7991,7315,2,85862.325,106,3.0
7992,7310,2,52527.54,55,5.0
7993,7306,3,63538.1205,68,2.0
7994,7310,1,70710.15,99,4.0
7995,7322,2,19192.755,74,1.0
7996,7312,2,179805.81,63,5.0
7997,7316,1,81821.745,67,4.0
7998,7304,4,47880.873,63,1.0
7999,7306,1,205564.5075,54,6.0
8000,7318,3,105368.22495,58,3.0
8001,7306,2,50507.25,434,1.0
8002,7301,10,76265.9475,146,1.0
8003,7314,3,318498.7185,49,1.0
8004,7320,1,56568.12,69,6.0
8005,7306,3,58588.41,92,2.0
8006,7301,3,181826.1,48,1.0
8007,7322,7,157986.678,231,3.0
8008,7314,2,50184.0036,93,1.0
8009,7316,1,0.0,111,6.0
8010,7317,2,14142.03,159,1.0
8011,7316,2,112025.0805,242,7.0
8012,7317,2,58588.41,49,7.0
8013,7321,6,102529.7175,206,1.0
8014,7301,3,151723.779,82,3.0
8015,7305,4,161623.2,130,1.0
8016,7321,1,168189.1425,22,6.0
8017,7317,4,50103.192,112,3.0
8018,7313,2,219201.465,92,1.0
8019,7302,2,35355.075,26,1.0
8020,7304,2,67679.715,93,3.0
8021,7312,1,102024.645,90,6.0
8022,7312,4,301457.57235,149,3.0
8023,7311,1,56568.12,50,6.0
8024,7313,1,28284.06,98,4.0
8025,7302,2,46668.699,71,1.0
8026,7313,2,175765.23,35,1.0
8027,7320,4,665079.468,109,1.0
8028,7322,2,57578.265,81,1.0
8029,7316,1,55557.975,70,4.0
8030,7310,4,351530.46,111,1.0
8031,7310,1,40426.0029,50,6.0
8032,7311,2,150511.605,92,7.0
8033,7316,2,30304.35,134,1.0
8034,7313,1,10101.45,156,4.0
8035,7317,2,200008.71,102,1.0
8036,7322,2,32930.727,80,1.0
8037,7310,2,94751.601,29,5.0
8038,7309,2,252536.25,63,2.0
8039,7301,2,50507.25,187,1.0
8040,7313,1,91317.108,126,6.0
8041,7321,4,46466.67,47,3.0
8042,7304,1,11313.624,209,6.0
8043,7310,5,242434.8,93,1.0
8044,7317,2,33334.785,211,3.0
8045,7304,2,94953.63,92,7.0
8046,7304,2,61416.816,109,1.0
8047,7320,5,70508.121,498,1.0
8048,7302,2,73841.5995,69,1.0
8049,7303,1,78235.73025,65,4.0
8050,7314,1,86488.6149,228,6.0
8051,7320,3,54396.30825,100,2.0
8052,7322,3,13030.8705,67,3.0
8053,7307,4,376784.085,15,3.0
8054,7322,2,293952.195,53,1.0
8055,7316,2,132328.995,108,1.0
8056,7313,2,70609.1355,49,1.0
8057,7305,1,55760.004,108,6.0
8058,7314,1,17172.465,171,4.0
8059,7310,4,222736.9725,98,1.0
8060,7302,1,64851.309,86,4.0
8061,7309,4,196978.275,101,1.0
8062,7302,3,169704.36,91,1.0
8063,7306,2,115156.53,53,1.0
8064,7322,3,90913.05,123,1.0
8065,7310,1,45456.525,43,4.0
8066,7305,6,222231.9,188,1.0
8067,7313,2,66871.599,56,1.0
8068,7305,2,156592.6779,117,1.0
8069,7301,4,92933.34,157,1.0
8070,7309,2,158693.7795,140,5.0
8071,7313,5,77276.0925,57,1.0
8072,7321,1,20202.9,35,6.0
8073,7320,2,4747.6815,51,1.0
8074,7319,4,97984.065,84,3.0
8075,7314,2,207988.8555,47,1.0
8076,7318,2,86872.47,75,1.0
8077,7311,2,297406.8909,156,1.0
8078,7302,6,71720.295,53,1.0
8079,7308,6,204352.3335,175,1.0
8080,7305,3,142541.56095,56,1.0
8081,7301,2,121217.4,96,2.0
8082,7318,3,44446.38,170,1.0
8083,7303,2,65659.425,41,1.0
8084,7302,3,36062.1765,18,1.0
8085,7306,1,75760.875,98,4.0
8086,7320,2,277789.875,105,1.0
8087,7317,3,22324.2045,91,3.0
8088,7320,3,74750.73,152,1.0
8089,7305,1,23233.335,99,6.0
8090,7304,2,34041.8865,42,1.0
8091,7307,3,48486.96,94,1.0
8092,7319,1,60002.613,59,4.0
8093,7321,10,54547.83,55,2.0
8094,7309,2,85862.325,75,1.0
8095,7303,3,29395.2195,77,1.0
8096,7307,1,30405.3645,144,6.0
8097,7311,4,718516.1385,114,1.0
8098,7320,2,229807.9875,40,1.0
8099,7310,1,313245.9645,103,4.0
8100,7316,2,84347.1075,36,7.0
8101,7313,4,81417.687,221,2.0
8102,7321,2,165663.78,53,3.0
8103,7306,1,93438.4125,76,6.0
8104,7322,2,72629.4255,93,5.0
8105,7316,1,113136.24,85,4.0
8106,7303,1,12626.8125,40,6.0
8107,7316,3,244455.09,93,1.0
8108,7303,2,328297.125,90,1.0
8109,7312,2,5050.725,35,1.0
8110,7321,6,144248.706,98,2.0
8111,7305,4,221625.813,113,1.0
8112,7316,2,78791.31,111,3.0
8113,7315,4,0.0,55,1.0
8114,7311,2,78690.2955,72,3.0
8115,7302,1,113136.24,84,6.0
8116,7315,1,17677.5375,108,6.0
8117,7301,3,146268.996,50,1.0
8118,7305,5,76265.9475,139,1.0
8119,7310,1,16162.32,81,4.0
8120,7321,1,6060.87,111,6.0
8121,7309,1,62123.9175,54,4.0
8122,7308,2,41921.0175,60,1.0
8123,7319,3,68689.86,57,2.0
8124,7301,2,109398.7035,90,1.0
8125,7316,1,463757.5695,114,4.0
8126,7301,4,80811.6,101,1.0
8127,7306,2,119500.1535,205,1.0
8128,7310,3,351641.57595,35,1.0
8129,7320,5,137379.72,81,1.0
8130,7301,5,361530.8955,101,1.0
8131,7304,2,328297.125,142,1.0
8132,7304,4,149501.46,65,1.0
8133,7317,2,142531.4595,92,1.0
8134,7309,2,110610.8775,103,1.0
8135,7307,2,85862.325,75,1.0
8136,7317,2,118591.023,156,5.0
8137,7316,3,554216.05425,47,3.0
8138,7314,2,846501.51,93,1.0
8139,7302,1,36466.2345,219,4.0
8140,7306,3,108620.89185,87,1.0
8141,7315,3,60608.7,85,3.0
8142,7317,1,7071.015,116,4.0
8143,7316,4,1352786.184,51,1.0
8144,7321,2,30304.35,50,3.0
8145,7315,3,142430.445,34,1.0
8146,7322,3,55962.033,55,1.0
8147,7314,5,27172.9005,84,1.0
8148,7301,4,167684.07,134,1.0
8149,7320,4,94448.5575,114,1.0
8150,7309,6,96973.92,97,1.0
8151,7316,4,30304.35,162,3.0
8152,7306,2,108085.515,61,3.0
8153,7310,2,591843.9555,89,5.0
8154,7314,3,134349.285,49,1.0
8155,7316,3,68083.773,118,3.0
8156,7313,2,107075.37,49,3.0
8157,7313,4,74144.643,114,1.0
8158,7313,5,26263.77,157,1.0
8159,7319,1,16970.436,62,4.0
8160,7322,1,70710.15,25,4.0
8161,7316,3,98994.21,123,3.0
8162,7316,1,6565.9425,229,4.0
8163,7316,2,239202.336,77,1.0
8164,7311,2,83943.0495,110,1.0
8165,7301,2,126773.1975,59,1.0
8166,7320,4,65861.454,70,1.0
8167,7316,1,50507.25,476,4.0
8168,7315,3,252132.192,67,1.0
8169,7305,3,8586.2325,320,3.0
8170,7304,2,121217.4,98,1.0
8171,7302,4,25253.625,260,1.0
8172,7301,4,62730.0045,54,2.0
8173,7320,4,196978.275,308,1.0
8174,7310,3,163643.49,58,1.0
8175,7321,4,35153.046,103,3.0
8176,7309,2,23233.335,102,3.0
8177,7312,4,112126.095,82,3.0
8178,7317,2,47678.844,50,5.0
8179,7310,3,98994.21,119,1.0
8180,7307,3,149905.518,44,1.0
8181,7301,1,30304.35,68,4.0
8182,7309,3,80811.6,257,1.0
8183,7310,2,159602.91,45,1.0
8184,7317,2,26112.24825,111,3.0
8185,7320,1,116166.675,161,4.0
8186,7305,1,0.0,397,4.0
8187,7307,2,136369.575,58,2.0
8188,7317,4,139400.01,207,1.0
8189,7321,2,74649.7155,143,1.0
8190,7316,1,262637.7,48,4.0
8191,7309,2,91822.1805,71,1.0
8192,7307,4,53638.6995,137,1.0
8193,7312,3,89902.905,59,5.0
8194,7306,3,67679.715,63,1.0
8195,7322,2,25253.625,54,3.0
8196,7301,4,106065.225,175,3.0
8197,7318,2,34546.959,40,7.0
8198,7316,2,39193.626,172,1.0
8199,7309,5,434766.408,138,1.0
8200,7319,2,12929.856,54,1.0
8201,7301,4,75760.875,114,1.0
8202,7304,3,808419.0435,288,1.0
8203,7319,2,185866.68,78,1.0
8204,7317,2,108085.515,105,1.0
8205,7315,1,416179.74,332,4.0
8206,7321,4,217181.175,171,1.0
8207,7306,1,-808.116,67,6.0
8208,7305,1,28082.031,101,4.0
8209,7316,1,303043.5,121,4.0
8210,7322,5,25253.625,90,1.0
8211,7321,3,119096.0955,64,2.0
8212,7316,1,65659.425,65,6.0
8213,7315,2,123237.69,95,1.0
8214,7310,2,217181.175,141,1.0
8215,7317,6,69194.9325,45,3.0
8216,7310,2,262637.7,54,1.0
8217,7316,1,37779.423,98,4.0
8218,7311,3,228090.741,94,1.0
8219,7316,1,101.0145,102,6.0
8220,7307,2,55557.975,63,1.0
8221,7320,3,200008.71,157,1.0
8222,7316,1,75760.875,123,4.0
8223,7314,2,26364.7845,58,1.0
8224,7311,4,283850.745,38,1.0
8225,7308,3,30304.35,74,2.0
8226,7308,2,36163.191,58,5.0
8227,7312,4,217181.175,65,1.0
8228,7310,2,319710.8925,89,1.0
8229,7307,4,200614.797,437,1.0
8230,7320,2,24243.48,38,2.0
8231,7316,1,11313.624,150,6.0
8232,7322,2,30910.437,38,7.0
8233,7316,3,114146.385,60,1.0
8234,7307,4,110105.805,87,5.0
8235,7318,4,88589.7165,59,1.0
8236,7304,2,16061.3055,56,1.0
8237,7322,1,25859.712,84,6.0
8238,7315,1,96973.92,70,6.0
8239,7312,2,33587.32125,38,1.0
8240,7319,2,36769.278,53,1.0
8241,7322,3,178795.665,404,1.0
8242,7317,5,86064.354,55,1.0
8243,7310,1,75760.875,108,6.0
8244,7312,4,59598.555,145,1.0
8245,7313,6,259910.3085,32,1.0
8246,7302,1,42426.09,77,4.0
8247,7318,3,69902.034,37,1.0
8248,7312,4,79902.4695,34,2.0
8249,7310,2,339408.72,50,1.0
8250,7311,4,248495.67,108,1.0
8251,7319,1,22223.19,218,4.0
8252,7302,3,110711.892,17,3.0
8253,7322,3,52931.598,51,3.0
8254,7316,1,50.50725,57,6.0
8255,7309,3,116166.675,102,1.0
8256,7318,4,50507.25,69,1.0
8257,7302,2,39092.6115,177,1.0
8258,7304,4,182836.245,114,1.0
8259,7301,3,113136.24,95,7.0
8260,7313,1,18182.61,54,6.0
8261,7316,2,84852.18,113,1.0
8262,7317,3,163845.519,63,1.0
8263,7319,6,6363.9135,52,3.0
8264,7313,2,14142.03,46,1.0
8265,7312,2,141420.3,47,1.0
8266,7307,2,69093.918,33,1.0
8267,7322,3,233575.82835,119,1.0
8268,7319,1,13333.914,122,4.0
8269,7312,3,117580.878,62,1.0
8270,7319,6,162835.374,119,1.0
8271,7316,4,21475.6827,51,2.0
8272,7308,3,262637.7,65,1.0
8273,7302,2,28284.06,72,7.0
8274,7314,2,22021.161,235,1.0
8275,7309,3,31314.495,82,1.0
8276,7314,5,165360.7365,61,1.0
8277,7309,1,111115.95,55,6.0
8278,7301,2,223444.074,55,1.0
8279,7307,1,129298.56,51,4.0
8280,7313,5,66265.512,59,2.0
8281,7313,3,96973.92,57,1.0
8282,7302,2,99034.6158,112,1.0
8283,7315,5,159400.881,77,1.0
8284,7303,3,88902.86145,39,1.0
8285,7315,1,10606.5225,61,6.0
8286,7310,1,14142.03,65,6.0
8287,7301,1,9192.3195,185,4.0
8288,7315,2,54951.888,65,3.0
8289,7315,2,89902.905,72,7.0
8290,7315,1,60608.7,147,4.0
8291,7322,2,101014.5,98,3.0
8292,7312,3,14041.0155,325,1.0
8293,7304,1,49598.1195,186,6.0
8294,7301,2,62022.903,188,1.0
8295,7315,6,111115.95,139,2.0
8296,7304,1,161623.2,640,6.0
8297,7306,2,43032.177,60,3.0
8298,7319,3,118186.965,210,1.0
8299,7302,7,191725.521,130,1.0
8300,7321,3,45456.525,45,1.0
8301,7318,3,159804.939,165,2.0
8302,7301,1,18182.61,69,4.0
8303,7321,2,0.0,48,7.0
8304,7307,4,102832.761,54,2.0
8305,7321,1,180411.897,62,4.0
8306,7321,7,49295.076,146,1.0
8307,7316,1,10303.479,172,4.0
8308,7313,4,121217.4,47,1.0
8309,7302,7,895998.615,140,1.0
8310,7313,2,156572.475,69,1.0
8311,7306,1,41415.945,77,6.0
8312,7322,5,176573.346,49,1.0
8313,7317,4,137682.7635,65,3.0
8314,7320,4,393855.5355,549,3.0
8315,7301,2,51820.4385,78,1.0
8316,7319,3,405169.1595,57,3.0
8317,7318,9,189200.1585,35,1.0
8318,7317,1,13333.914,45,4.0
8319,7313,1,85963.3395,28,6.0
8320,7313,5,171118.563,58,1.0
8321,7318,2,69801.0195,57,1.0
8322,7315,4,49497.105,108,1.0
8323,7306,5,78387.252,59,2.0
8324,7305,1,4545.6525,352,6.0
8325,7310,2,41718.9885,79,1.0
8326,7318,2,135561.459,206,1.0
8327,7322,6,67679.715,165,1.0
8328,7317,1,65659.425,81,4.0
8329,7303,5,24243.48,202,1.0
8330,7302,4,206069.58,54,1.0
8331,7322,3,155461.3155,130,1.0
8332,7305,2,157986.678,199,1.0
8333,7308,2,607097.145,100,1.0
8334,7301,3,30304.35,47,1.0
8335,7315,1,13131.885,63,4.0
8336,7314,3,106115.73225,288,1.0
8337,7301,3,127783.3425,72,1.0
8338,7301,4,79296.3825,31,1.0
8339,7320,4,81821.745,73,1.0
8340,7322,1,20202.9,133,4.0
8341,7319,2,24849.567,47,1.0
8342,7303,1,279810.165,96,6.0
8343,7320,4,92529.282,78,1.0
8344,7312,3,63639.135,65,3.0
8345,7313,4,150511.605,59,1.0
8346,7306,2,151521.75,35,7.0
8347,7321,3,127581.3135,39,1.0
8348,7321,3,82932.9045,51,3.0
8349,7318,5,129338.9658,30,1.0
8350,7310,1,65659.425,60,6.0
8351,7310,3,57578.265,364,3.0
8352,7316,2,44244.351,149,5.0
8353,7306,4,83842.035,66,1.0
8354,7308,2,130308.705,51,1.0
8355,7301,1,30233.63985,57,6.0
8356,7320,2,149703.489,56,1.0
8357,7317,4,579318.1575,60,3.0
8358,7303,6,222231.9,52,1.0
8359,7313,2,210918.276,49,1.0
8360,7302,2,86872.47,200,1.0
8361,7301,4,42426.09,82,3.0
8362,7321,2,97377.978,49,1.0
8363,7308,2,40708.8435,104,2.0
8364,7301,2,142430.445,36,1.0
8365,7316,2,115156.53,82,7.0
8366,7302,4,44244.351,61,1.0
8367,7316,2,145460.88,127,1.0
8368,7308,2,27475.944,74,1.0
8369,7320,5,237182.046,109,1.0
8370,7315,1,11313.624,55,4.0
8371,7322,5,87882.615,130,1.0
8372,7321,2,189301.173,61,1.0
8373,7319,2,101014.5,86,1.0
8374,7303,2,74700.22275,54,1.0
8375,7303,1,15152.175,48,6.0
8376,7308,2,95963.775,163,7.0
8377,7320,1,21213.045,177,4.0
8378,7302,1,2424.348,70,4.0
8379,7302,2,102327.6885,72,1.0
8380,7310,2,929333.4,61,5.0
8381,7318,2,30354.85725,35,3.0
8382,7322,1,32930.727,56,6.0
8383,7308,2,138692.9085,72,1.0
8384,7301,4,290618.7165,82,1.0
8385,7321,9,73730.48355,105,1.0
8386,7306,2,252536.25,71,1.0
8387,7308,4,132328.995,128,1.0
8388,7309,1,28940.65425,58,6.0
8389,7318,6,52527.54,73,1.0
8390,7308,3,189907.26,66,1.0
8391,7319,2,91721.166,71,3.0
8392,7311,2,82124.7885,120,2.0
8393,7314,2,114146.385,92,1.0
8394,7312,2,75558.846,155,3.0
8395,7321,2,66669.57,78,7.0
8396,7313,3,126268.125,76,2.0
8397,7313,2,21213.045,80,1.0
8398,7310,2,632350.77,102,2.0
8399,7306,2,223444.074,55,1.0
8400,7321,3,59598.555,290,1.0
8401,7318,4,137379.72,66,1.0
8402,7315,4,131318.85,60,1.0
8403,7314,1,118591.023,71,6.0
8404,7321,1,17172.465,44,6.0
8405,7313,3,32354.94435,94,2.0
8406,7308,2,67275.657,57,1.0
8407,7318,4,21415.074,151,5.0
8408,7303,2,204049.29,77,1.0
8409,7304,4,222231.9,67,1.0
8410,7308,1,32122.611,81,6.0
8411,7303,1,9798.4065,36,6.0
8412,7304,3,159198.852,94,1.0
8413,7301,2,170916.534,89,1.0
8414,7306,4,72730.44,229,3.0
8415,7315,2,267688.425,58,1.0
8416,7302,2,67629.20775,48,7.0
8417,7308,1,216171.03,288,4.0
8418,7304,2,40405.8,56,3.0
8419,7306,5,308094.225,72,1.0
8420,7302,2,52325.511,53,1.0
8421,7313,4,113136.24,35,1.0
8422,7305,1,214201.24725,87,6.0
8423,7301,4,147481.17,59,1.0
8424,7308,5,176775.375,164,1.0
8425,7322,2,27778.9875,141,3.0
8426,7304,4,100004.355,82,1.0
8427,7304,3,156572.475,113,1.0
8428,7306,1,28991.1615,64,6.0
8429,7306,1,136369.575,82,4.0
8430,7304,3,115156.53,204,1.0
8431,7320,2,50507.25,115,3.0
8432,7307,2,175765.23,40,1.0
8433,7308,2,180815.955,62,1.0
8434,7308,2,149501.46,128,5.0
8435,7310,2,385471.332,68,1.0
8436,7302,1,16970.436,6,6.0
8437,7314,2,44345.3655,61,7.0
8438,7319,1,34344.93,64,6.0
8439,7322,5,112429.1385,35,1.0
8440,7313,3,253546.395,24,1.0
8441,7316,1,106065.225,124,6.0
8442,7304,4,293952.195,103,1.0
8443,7314,3,124247.835,60,1.0
8444,7309,1,90913.05,102,6.0
8445,7310,2,396683.9415,71,1.0
8446,7310,1,62891.6277,63,6.0
8447,7303,9,144652.764,280,1.0
8448,7314,2,141420.3,178,1.0
8449,7305,7,394360.608,98,7.0
8450,7307,2,53941.743,110,1.0
8451,7307,2,148491.315,84,1.0
8452,7319,2,182533.2015,47,5.0
8453,7318,2,26162.7555,62,1.0
8454,7303,3,52527.54,44,1.0
8455,7303,5,40304.7855,269,1.0
8456,7315,4,161623.2,104,1.0
8457,7309,1,138389.865,713,4.0
8458,7318,5,80811.6,35,1.0
8459,7317,2,27273.915,95,3.0
8460,7317,4,178795.665,151,1.0
8461,7310,2,3757.7394,93,3.0
8462,7317,3,31516.524,81,3.0
8463,7322,2,70710.15,48,1.0
8464,7314,2,57578.265,47,3.0
8465,7318,5,82629.861,37,1.0
8466,7310,1,70710.15,121,4.0
8467,7314,2,333347.85,64,1.0
8468,7310,3,39193.626,121,3.0
8469,7319,3,0.0,451,3.0
8470,7306,4,182836.245,56,1.0
8471,7305,1,17677.5375,47,4.0
8472,7321,9,349005.0975,47,5.0
8473,7317,4,32627.6835,42,1.0
8474,7301,3,207281.754,49,1.0
8475,7316,1,11515.653,117,4.0
8476,7305,2,57578.265,59,1.0
8477,7305,2,11212.6095,375,7.0
8478,7312,2,127278.27,656,1.0
8479,7310,3,167684.07,59,5.0
8480,7308,4,96670.8765,104,1.0
8481,7312,4,103034.79,70,1.0
8482,7321,5,65659.425,38,2.0
8483,7313,4,61416.816,131,1.0
8484,7303,4,226272.48,61,1.0
8485,7309,2,232171.7268,155,1.0
8486,7315,3,111924.066,69,2.0
8487,7312,4,129187.44405,57,1.0
8488,7315,3,116166.675,465,1.0
8489,7320,4,197483.3475,235,1.0
8490,7313,6,70710.15,89,1.0
8491,7305,4,118186.965,562,1.0
8492,7310,2,86064.354,55,1.0
8493,7317,1,34344.93,108,6.0
8494,7304,2,74750.73,105,3.0
8495,7317,1,11313.624,116,6.0
8496,7306,2,119904.2115,40,1.0
8497,7315,3,140753.6043,86,1.0
8498,7315,4,230515.089,65,2.0
8499,7316,3,182735.2305,112,1.0
8500,7308,2,135359.43,61,1.0
8501,7307,1,50507.25,172,4.0
8502,7314,1,12121.74,116,6.0
8503,7309,3,268597.5555,88,1.0
8504,7308,1,95963.775,67,6.0
8505,7316,3,143541.6045,105,5.0
8506,7315,3,680938.7445,89,1.0
8507,7303,1,35355.075,85,6.0
8508,7301,2,252536.25,105,1.0
8509,7322,4,115156.53,283,1.0
8510,7306,2,808.116,172,1.0
8511,7317,3,161623.2,128,1.0
8512,7313,2,73235.5125,138,2.0
8513,7310,1,45456.525,63,4.0
8514,7321,3,171724.65,51,1.0
8515,7312,4,197079.2895,51,2.0
8516,7320,4,95963.775,112,3.0
8517,7314,2,173542.911,48,7.0
8518,7314,8,322943.3565,185,1.0
8519,7316,1,17172.465,114,6.0
8520,7314,1,83842.035,79,6.0
8521,7315,3,112732.182,157,7.0
8522,7314,4,338398.575,58,1.0
8523,7312,4,79801.455,61,1.0
8524,7314,3,245465.235,73,1.0
8525,7302,2,29900.292,81,1.0
8526,7301,5,38688.5535,61,3.0
8527,7318,1,20808.987,101,6.0
8528,7301,2,27778.9875,66,5.0
8529,7322,3,50002.1775,150,1.0
8530,7302,4,93943.485,62,1.0
8531,7313,1,102125.6595,106,4.0
8532,7315,2,31314.495,67,3.0
8533,7309,3,191927.55,72,1.0
8534,7310,1,0.0,63,6.0
8535,7320,1,35557.104,76,6.0
8536,7313,1,11515.653,57,6.0
8537,7309,2,101014.5,51,3.0
8538,7310,1,141420.3,64,4.0
8539,7321,1,103943.9205,78,6.0
8540,7313,4,35355.075,209,3.0
8541,7306,2,93438.4125,99,1.0
8542,7307,2,252536.25,188,1.0
8543,7317,3,141420.3,50,2.0
8544,7307,1,41415.945,11,6.0
8545,7303,2,88892.76,76,1.0
8546,7311,3,232333.35,105,1.0
8547,7309,1,75760.875,46,6.0
8548,7301,2,103034.79,54,1.0
8549,7320,3,99297.2535,127,1.0
8550,7321,2,25485.95835,61,5.0
8551,7307,2,162835.374,43,1.0
8552,7301,3,60608.7,128,1.0
8553,7309,3,106065.225,90,3.0
8554,7313,1,79882.2666,113,6.0
8555,7304,5,80508.5565,69,1.0
8556,7302,4,353550.75,19,1.0
8557,7308,1,11515.653,111,6.0
8558,7310,5,132430.0095,63,1.0
8559,7312,1,51517.395,140,6.0
8560,7313,3,138389.865,158,1.0
8561,7310,1,3737.5365,30,6.0
8562,7318,1,29092.176,84,6.0
8563,7310,4,66669.57,109,1.0
8564,7314,1,168694.215,102,6.0
8565,7321,3,41415.945,161,3.0
8566,7319,3,211120.305,125,1.0
8567,7307,2,149501.46,58,1.0
8568,7322,1,40102.7565,82,6.0
8569,7301,3,92529.282,53,1.0
8570,7305,2,63841.164,55,1.0
8571,7301,2,358096.4025,60,5.0
8572,7310,1,40506.8145,111,6.0
8573,7321,2,78791.31,55,1.0
8574,7308,2,181826.1,59,1.0
8575,7306,2,73033.4835,108,1.0
8576,7312,2,77276.0925,33,1.0
8577,7312,3,20202.9,187,2.0
8578,7313,4,101014.5,77,1.0
8579,7306,1,50507.25,220,4.0
8580,7307,2,214150.74,62,1.0
8581,7303,2,95559.717,190,1.0
8582,7306,4,213140.595,96,2.0
8583,7308,2,230313.06,62,1.0
8584,7317,3,142430.445,426,1.0
8585,7322,2,7879.131,63,1.0
8586,7310,3,154552.185,78,1.0
8587,7321,2,52426.5255,54,3.0
8588,7315,2,118186.965,109,1.0
8589,7317,1,55557.975,372,6.0
8590,7311,2,119601.168,321,1.0
8591,7313,4,90913.05,52,1.0
8592,7304,2,80811.6,182,3.0
8593,7312,1,382844.955,82,4.0
8594,7320,2,70851.5703,96,1.0
8595,7309,4,211423.3485,45,1.0
8596,7307,2,42931.1625,108,1.0
8597,7317,1,25253.625,74,4.0
8598,7320,2,127884.357,56,1.0
8599,7302,2,77882.1795,211,3.0
8600,7305,1,50406.2355,68,6.0
8601,7321,2,118944.57375,60,1.0
8602,7313,3,237384.075,36,1.0
8603,7312,2,185866.68,35,2.0
8604,7308,1,87276.528,235,6.0
8605,7314,2,36365.22,87,7.0
8606,7304,2,173845.9545,52,1.0
8607,7309,2,60608.7,37,3.0
8608,7306,1,9495.363,374,4.0
8609,7320,4,101014.5,69,1.0
8610,7313,2,47678.844,92,1.0
8611,7321,1,19394.784,47,4.0
8612,7316,2,126066.096,70,1.0
8613,7318,3,222231.9,45,1.0
8614,7315,2,127278.27,113,2.0
8615,7316,1,303043.5,100,4.0
8616,7316,1,262637.7,214,6.0
8617,7310,3,277789.875,99,1.0
8618,7310,3,80104.4985,223,2.0
8619,7316,1,12121.74,38,6.0
8620,7318,4,121217.4,160,1.0
8621,7310,2,90913.05,105,7.0
8622,7322,4,50507.25,213,3.0
8623,7320,2,0.0,118,1.0
8624,7313,1,42628.119,66,4.0
8625,7320,2,134147.256,62,7.0
8626,7312,2,146471.025,32,1.0
8627,7310,2,59598.555,106,7.0
8628,7301,1,82639.96245,95,4.0
8629,7319,4,252536.25,36,1.0
8630,7313,3,23435.364,159,1.0
8631,7312,3,85862.325,48,1.0
8632,7319,2,124348.8495,90,1.0
8633,7321,1,40405.8,77,4.0
8634,7317,3,220211.61,63,5.0
8635,7308,1,77680.1505,58,6.0
8636,7314,1,9091.305,84,6.0
8637,7302,2,101923.6305,48,1.0
8638,7302,1,19697.8275,8,4.0
8639,7305,4,49497.105,64,3.0
8640,7313,1,38385.51,79,6.0
8641,7315,1,36365.22,112,6.0
8642,7314,1,29294.205,111,6.0
8643,7321,3,154451.1705,64,2.0
8644,7304,5,108085.515,62,1.0
8645,7311,5,152329.866,161,1.0
8646,7317,1,15758.262,74,6.0
8647,7311,2,11919.711,145,2.0
8648,7321,1,93337.398,62,6.0
8649,7312,4,50103.192,215,7.0
8650,7309,2,144450.735,92,1.0
8651,7317,8,24243.48,296,1.0
8652,7309,1,286376.1075,120,4.0
8653,7321,4,260516.3955,69,1.0
8654,7321,2,66265.512,53,1.0
8655,7315,2,139400.01,120,7.0
8656,7316,3,171724.65,46,3.0
8657,7311,3,247485.525,32,3.0
8658,7317,1,32627.6835,194,6.0
8659,7313,1,60608.7,73,6.0
8660,7309,5,246475.38,54,1.0
8661,7320,3,181826.1,107,1.0
8662,7313,1,60608.7,40,6.0
8663,7303,1,20910.0015,60,6.0
8664,7305,3,1717.2465,59,3.0
8665,7303,2,26061.741,46,1.0
8666,7307,3,7374.0585,207,3.0
8667,7308,3,146471.025,95,1.0
8668,7321,2,50507.25,138,3.0
8669,7301,4,140915.2275,68,1.0
8670,7316,1,24243.48,244,6.0
8671,7314,1,95963.775,92,6.0
8672,7317,4,53941.743,76,1.0
8673,7317,1,14344.059,175,6.0
8674,7302,2,32627.6835,65,1.0
8675,7312,6,43941.3075,31,1.0
8676,7319,5,56366.091,119,1.0
8677,7312,4,2020.29,45,7.0
8678,7309,1,21819.132,67,6.0
8679,7321,2,189907.26,60,1.0
8680,7308,1,126015.58875,117,6.0
8681,7301,2,263243.787,82,1.0
8682,7317,2,56972.178,79,5.0
8683,7319,5,121217.4,102,1.0
8684,7303,2,10101.45,129,7.0
8685,7316,3,95963.775,439,1.0
8686,7310,4,404058.0,107,1.0
8687,7312,2,73235.5125,42,7.0
8688,7305,2,134551.314,51,1.0
8689,7309,2,140996.0391,62,1.0
8690,7302,1,50507.25,92,4.0
8691,7305,5,171320.592,60,1.0
8692,7322,1,47173.7715,187,6.0
8693,7310,2,136369.575,52,1.0
8694,7304,2,17172.465,119,1.0
8695,7301,1,25253.625,385,6.0
8696,7306,1,50507.25,209,4.0
8697,7310,1,178593.636,80,4.0
8698,7301,3,330438.6324,165,1.0
8699,7313,2,50204.2065,83,1.0
8700,7314,3,567701.49,85,1.0
8701,7301,10,105459.138,174,3.0
8702,7316,4,67174.6425,155,1.0
8703,7310,2,91519.137,323,1.0
8704,7319,2,102024.645,67,1.0
8705,7308,3,210009.1455,46,1.0
8706,7322,4,87579.5715,58,1.0
8707,7302,1,25253.625,61,6.0
8708,7316,2,186876.825,122,1.0
8709,7313,3,92428.2675,319,1.0
8710,7315,4,196978.275,93,1.0
8711,7316,2,17677.5375,123,1.0
8712,7320,1,6464.928,88,4.0
8713,7312,1,66164.4975,84,4.0
8714,7304,2,45860.583,61,3.0
8715,7305,1,90913.05,72,6.0
8716,7306,5,12121.74,175,3.0
8717,7314,2,151521.75,95,1.0
8718,7321,1,19091.7405,48,6.0
8719,7302,2,18788.697,58,1.0
8720,7306,1,75760.875,93,4.0
8721,7321,1,42426.09,24,6.0
8722,7313,2,73235.5125,79,3.0
8723,7309,5,40405.8,374,1.0
8724,7309,4,151521.75,52,1.0
8725,7310,2,217181.175,63,1.0
8726,7322,3,108893.631,53,1.0
8727,7306,1,8586.2325,59,4.0
8728,7315,1,52830.5835,141,4.0
8729,7316,2,176775.375,129,5.0
8730,7316,1,14243.0445,45,4.0
8731,7309,3,220817.697,99,1.0
8732,7320,2,327286.98,60,1.0
8733,7307,3,219201.465,35,1.0
8734,7315,2,144349.7205,93,1.0
8735,7309,1,202130.0145,145,4.0
8736,7321,2,44446.38,72,3.0
8737,7321,2,70710.15,103,2.0
8738,7306,1,10808.5515,55,4.0
8739,7311,2,171926.679,71,1.0
8740,7305,1,44547.3945,121,4.0
8741,7304,1,11010.5805,329,4.0
8742,7301,1,9899.421,100,6.0
8743,7303,1,115863.6315,107,6.0
8744,7312,1,28688.118,63,4.0
8745,7309,4,54042.7575,71,1.0
8746,7312,6,180815.955,193,1.0
8747,7301,7,162532.3305,62,1.0
8748,7316,3,48486.96,129,1.0
8749,7301,3,125257.98,66,1.0
8750,7302,4,54850.8735,24,1.0
8751,7308,1,129298.56,64,6.0
8752,7321,1,108287.544,52,6.0
8753,7310,2,485980.7595,37,2.0
8754,7318,1,13131.885,71,6.0
8755,7320,1,60204.642,71,6.0
8756,7310,2,247485.525,67,1.0
8757,7306,5,35213.6547,77,2.0
8758,7313,1,21213.045,67,6.0
8759,7311,2,295972.485,109,1.0
8760,7321,1,43335.2205,46,6.0
8761,7317,2,82831.89,69,7.0
8762,7309,1,73235.5125,54,6.0
8763,7314,2,187886.97,59,1.0
8764,7317,1,49396.0905,68,4.0
8765,7310,1,22122.1755,98,6.0
8766,7310,5,35223.75615,68,2.0
8767,7309,1,20202.9,72,6.0
8768,7315,2,113136.24,69,3.0
8769,7303,3,37375.365,73,3.0
8770,7321,1,36365.22,50,6.0
8771,7310,3,126268.125,63,7.0
8772,7302,5,145460.88,120,1.0
8773,7321,1,6868.986,102,4.0
8774,7307,5,210312.189,64,2.0
8775,7322,4,56568.12,71,3.0
8776,7317,2,50507.25,190,7.0
8777,7307,2,41011.887,63,3.0
8778,7309,4,576792.795,99,1.0
8779,7317,5,45456.525,32,2.0
8780,7315,1,40405.8,114,4.0
8781,7308,4,167178.9975,90,1.0
8782,7301,1,60103.6275,56,4.0
8783,7308,1,5959.8555,78,6.0
8784,7310,1,83842.035,72,4.0
8785,7313,2,19899.8565,135,3.0
8786,7309,2,719223.24,87,5.0
8787,7303,4,68689.86,236,1.0
8788,7305,2,41213.916,103,1.0
8789,7302,2,29395.2195,193,7.0
8790,7302,1,75760.875,186,4.0
8791,7322,1,0.0,67,6.0
8792,7310,2,148491.315,51,7.0
8793,7301,5,47497.0179,168,1.0
8794,7314,3,254758.569,98,5.0
8795,7318,4,50507.25,64,1.0
8796,7316,1,85862.325,154,4.0
8797,7305,1,34365.1329,86,4.0
8798,7308,3,242434.8,59,1.0
8799,7315,3,127884.357,105,2.0
8800,7321,2,118186.965,140,3.0
8801,7304,2,167684.07,154,5.0
8802,7317,2,197281.3185,82,1.0
8803,7308,4,141420.3,65,1.0
8804,7321,1,11414.6385,77,6.0
8805,7310,4,150612.6195,129,1.0
8806,7309,3,303043.5,145,1.0
8807,7319,2,45052.467,41,1.0
8808,7321,4,134349.285,59,1.0
8809,7309,4,113944.356,63,1.0
8810,7303,1,3030.435,50,6.0
8811,7304,5,265163.0625,148,1.0
8812,7322,4,170714.505,160,1.0
8813,7307,9,116166.675,89,1.0
8814,7322,1,19192.755,159,6.0
8815,7310,3,60608.7,131,1.0
8816,7307,3,72225.3675,49,1.0
8817,7316,2,323246.4,82,1.0
8818,7317,1,20202.9,157,4.0
8819,7316,2,104044.935,142,7.0
8820,7314,2,92428.2675,95,1.0
8821,7316,4,45254.496,260,1.0
8822,7313,2,536892.0675,47,1.0
8823,7310,1,101014.5,55,4.0
8824,7307,2,44648.409,56,1.0
8825,7301,2,39900.7275,52,1.0
8826,7301,4,187886.97,73,1.0
8827,7316,2,21617.103,254,7.0
8828,7318,1,45456.525,77,4.0
8829,7308,5,152026.8225,138,2.0
8830,7320,2,252536.25,98,1.0
8831,7302,1,92529.282,111,6.0
8832,7308,2,404058.0,108,1.0
8833,7301,1,22223.19,112,6.0
8834,7320,1,576792.795,168,4.0
8835,7310,3,191927.55,119,2.0
8836,7301,2,73639.5705,40,1.0
8837,7312,2,180512.9115,54,1.0
8838,7305,7,107075.37,64,3.0
8839,7307,2,184856.535,108,1.0
8840,7306,1,20202.9,48,4.0
8841,7311,4,251526.105,144,1.0
8842,7315,1,7475.073,97,6.0
8843,7305,2,54042.7575,104,5.0
8844,7321,2,61618.845,325,3.0
8845,7321,2,15152.175,31,3.0
8846,7310,4,122530.5885,154,1.0
8847,7312,2,20202.9,58,3.0
8848,7310,1,73134.498,108,4.0
8849,7307,2,78791.31,83,1.0
8850,7302,3,123934.69005,49,7.0
8851,7318,1,30304.35,171,4.0
8852,7311,2,177987.549,74,7.0
8853,7304,2,84953.1945,86,1.0
8854,7311,4,572752.215,40,1.0
8855,7322,2,37375.365,74,1.0
8856,7318,4,88892.76,42,1.0
8857,7321,3,44446.38,350,2.0
8858,7317,1,16414.85625,88,6.0
8859,7308,3,287891.325,59,1.0
8860,7310,3,88892.76,54,3.0
8861,7317,4,32526.669,54,3.0
8862,7301,3,54547.83,51,1.0
8863,7310,2,143440.59,30,7.0
8864,7305,2,101014.5,110,1.0
8865,7322,4,64750.2945,42,1.0
8866,7301,9,84650.151,59,1.0
8867,7302,5,252536.25,55,1.0
8868,7319,3,50850.6993,108,1.0
8869,7302,1,0.0,5,6.0
8870,7320,3,207766.6236,291,1.0
8871,7316,2,238394.22,52,1.0
8872,7301,2,47375.8005,46,3.0
8873,7310,3,32324.64,29,1.0
8874,7317,5,166896.1569,91,1.0
8875,7315,2,107782.4715,94,1.0
8876,7308,4,134248.2705,67,1.0
8877,7316,2,232333.35,600,1.0
8878,7309,2,292.94205,99,1.0
8879,7319,3,166673.925,85,1.0
8880,7307,2,187977.88305,30,1.0
8881,7307,2,202029.0,384,1.0
8882,7309,4,75760.875,57,1.0
8883,7319,2,93741.456,43,1.0
8884,7315,2,228292.77,131,1.0
8885,7312,3,22324.2045,76,5.0
8886,7315,1,60608.7,172,4.0
8887,7320,2,33950.97345,143,1.0
8888,7311,2,154552.185,192,1.0
8889,7316,2,129298.56,162,7.0
8890,7322,2,390926.115,136,1.0
8891,7314,3,180815.955,62,1.0
8892,7308,1,21374.6682,91,6.0
8893,7311,2,111115.95,110,3.0
8894,7309,2,60305.6565,103,3.0
8895,7316,2,138389.865,29,1.0
8896,7310,2,363652.2,235,7.0
8897,7308,4,68689.86,52,1.0
8898,7315,6,126268.125,150,1.0
8899,7313,3,54366.0039,198,3.0
8900,7301,4,131318.85,82,1.0
8901,7319,1,56568.12,163,6.0
8902,7312,3,75659.8605,108,2.0
8903,7313,2,75760.875,64,1.0
8904,7318,1,24243.48,278,6.0
8905,7320,5,93438.4125,289,1.0
8906,7304,1,13131.885,87,4.0
8907,7302,2,51769.93125,15,1.0
8908,7305,2,160310.0115,42,1.0
8909,7307,2,15758.262,186,1.0
8910,7311,1,395774.811,79,6.0
8911,7313,2,31415.5095,72,1.0
8912,7303,5,181624.071,50,2.0
8913,7310,2,41415.945,94,3.0
8914,7316,1,74548.701,43,4.0
8915,7302,5,95963.775,28,1.0
8916,7305,3,151016.6775,111,1.0
8917,7315,2,63639.135,563,1.0
8918,7309,2,291931.905,55,5.0
8919,7301,2,71578.8747,49,1.0
8920,7316,3,168391.1715,47,1.0
8921,7306,1,0.0,199,4.0
8922,7307,2,82831.89,46,3.0
8923,7317,1,19192.755,54,6.0
8924,7303,2,1110149.355,93,1.0
8925,7320,4,97731.52875,129,1.0
8926,7313,2,877310.9325,90,1.0
8927,7306,2,93741.456,46,1.0
8928,7317,1,51517.395,77,6.0
8929,7314,1,28789.1325,64,6.0
8930,7304,2,723263.82,60,1.0
8931,7303,5,71720.295,166,1.0
8932,7318,2,70508.121,34,1.0
8933,7315,1,56568.12,366,4.0
8934,7311,4,165663.78,137,1.0
8935,7307,3,81316.6725,61,3.0
8936,7318,1,56366.091,80,6.0
8937,7316,4,88892.76,48,7.0
8938,7302,4,30304.35,132,1.0
8939,7318,1,86872.47,264,4.0
8940,7312,1,81821.745,74,4.0
8941,7302,2,166673.925,106,1.0
8942,7305,2,165562.7655,132,1.0
8943,7311,2,302982.8913,86,1.0
8944,7304,4,127278.27,53,1.0
8945,7307,4,929333.4,147,1.0
8946,7315,1,69396.9615,97,4.0
8947,7311,1,30102.321,93,4.0
8948,7308,2,0.0,93,3.0
8949,7309,2,240717.5535,65,1.0
8950,7319,3,44446.38,146,1.0
8951,7316,2,54547.83,168,3.0
8952,7308,2,13131.885,109,2.0
8953,7309,3,158895.8085,107,1.0
8954,7319,1,11919.711,41,4.0
8955,7322,4,181826.1,49,1.0
8956,7314,1,82528.8465,55,6.0
8957,7305,2,63134.0625,77,1.0
8958,7310,1,88892.76,88,6.0
8959,7310,1,131318.85,43,6.0
8960,7307,1,35910.65475,107,4.0
8961,7311,3,151824.7935,104,1.0
8962,7311,4,38890.5825,34,1.0
8963,7309,2,149804.5035,122,1.0
8964,7318,1,11111.595,51,6.0
8965,7313,5,88892.76,49,3.0
8966,7315,4,43436.235,71,2.0
8967,7318,1,12929.856,84,6.0
8968,7315,1,54547.83,93,6.0
8969,7313,2,138389.865,48,1.0
8970,7304,2,268698.57,66,1.0
8971,7320,3,232333.35,71,1.0
8972,7312,4,67477.686,244,1.0
8973,7305,1,101014.5,128,4.0
8974,7304,2,113540.298,303,2.0
8975,7309,2,143440.59,174,1.0
8976,7301,2,37476.3795,44,2.0
8977,7315,3,80811.6,55,1.0
8978,7322,4,181826.1,53,1.0
8979,7302,3,35153.046,242,1.0
8980,7301,2,250515.96,331,1.0
8981,7321,5,136612.0098,45,3.0
8982,7319,4,212130.45,122,1.0
8983,7304,4,625279.755,127,1.0
8984,7322,1,0.0,161,4.0
8985,7315,3,74548.701,82,1.0
8986,7317,1,44446.38,44,6.0
8987,7319,1,30304.35,55,6.0
8988,7308,2,51689.11965,56,1.0
8989,7306,2,123237.69,69,1.0
8990,7304,2,20606.958,187,3.0
8991,7305,1,30304.35,106,4.0
8992,7315,2,103034.79,116,7.0
8993,7319,4,33334.785,107,1.0
8994,7318,2,47072.757,64,1.0
8995,7317,2,120308.2695,42,1.0
8996,7317,5,3333.4785,141,3.0
8997,7317,2,95963.775,264,1.0
8998,7306,2,88892.76,66,1.0
8999,7316,1,58588.41,125,4.0
9000,7316,2,94751.601,94,1.0
9001,7310,4,186876.825,448,3.0
9002,7317,4,43436.235,265,1.0
9003,7310,6,181017.984,100,1.0
9004,7301,2,37274.3505,79,1.0
9005,7313,2,353550.75,56,1.0
9006,7312,2,207786.8265,72,1.0
9007,7313,5,169098.273,78,2.0
9008,7313,5,72730.44,64,3.0
9009,7308,1,101014.5,110,4.0
9010,7302,2,25152.6105,44,2.0
9011,7313,3,229302.915,378,3.0
9012,7303,2,88488.702,42,1.0
9013,7314,3,171724.65,166,1.0
9014,7317,2,73740.585,83,1.0
9015,7321,1,30203.3355,75,4.0
9016,7310,2,191927.55,51,1.0
9017,7315,1,37829.93025,112,6.0
9018,7317,3,85862.325,48,1.0
9019,7306,1,55760.004,37,4.0
9020,7314,1,66669.57,94,6.0
9021,7307,1,21213.045,94,4.0
9022,7310,1,42426.09,119,6.0
9023,7307,5,85862.325,70,1.0
9024,7316,1,37375.365,87,6.0
9025,7317,4,100004.355,213,3.0
9026,7308,2,110095.70355,46,1.0
9027,7314,2,253445.3805,102,1.0
9028,7319,2,73235.5125,82,1.0
9029,7321,2,137379.72,61,1.0
9030,7310,2,14546.088,94,1.0
9031,7308,4,365672.49,58,1.0
9032,7316,1,10505.508,55,4.0
9033,7314,1,51618.4095,83,6.0
9034,7318,7,248596.6845,66,1.0
9035,7312,3,51113.337,66,3.0
9036,7318,6,125257.98,213,1.0
9037,7310,2,66669.57,71,1.0
9038,7309,1,32324.64,50,6.0
9039,7321,1,18081.5955,50,6.0
9040,7313,2,17677.5375,52,1.0
9041,7313,2,18182.61,66,3.0
9042,7321,3,83134.9335,34,1.0
9043,7316,1,38890.5825,107,4.0
9044,7311,11,176310.7083,124,1.0
9045,7315,5,90640.31085,117,1.0
9046,7320,4,137682.7635,271,1.0
9047,7313,4,146471.025,221,5.0
9048,7313,3,118490.0085,35,1.0
9049,7303,1,23839.422,160,6.0
9050,7305,1,85862.325,181,4.0
9051,7318,3,60608.7,82,2.0
9052,7314,1,45456.525,460,4.0
9053,7322,4,74346.672,241,2.0
9054,7306,3,147481.17,67,2.0
9055,7303,1,52628.5545,39,6.0
9056,7309,2,65659.425,61,5.0
9057,7317,4,119197.11,81,1.0
9058,7313,4,55962.033,42,3.0
9059,7301,1,33334.785,115,6.0
9060,7308,2,123237.69,125,1.0
9061,7315,2,115762.617,59,1.0
9062,7315,1,72831.4545,129,6.0
9063,7321,5,83640.006,172,1.0
9064,7313,4,178795.665,81,1.0
9065,7309,1,62730.0045,59,6.0
9066,7304,3,267183.3525,116,1.0
9067,7303,4,190917.405,56,1.0
9068,7310,1,176068.2735,137,6.0
9069,7313,4,171320.592,39,1.0
9070,7306,1,36870.2925,81,6.0
9071,7304,3,79599.426,78,1.0
9072,7318,2,45456.525,185,3.0
9073,7312,1,103943.9205,30,4.0
9074,7304,3,154552.185,81,7.0
9075,7313,6,90913.05,218,1.0
9076,7308,5,209100.015,65,1.0
9077,7308,3,202029.0,63,1.0
9078,7314,2,84549.1365,71,7.0
9079,7321,3,90913.05,305,1.0
9080,7314,2,81316.6725,52,1.0
9081,7309,3,78791.31,95,3.0
9082,7303,5,176775.375,86,1.0
9083,7314,6,138894.9375,170,1.0
9084,7302,2,187886.97,59,1.0
9085,7308,2,88892.76,52,5.0
9086,7317,4,19182.65355,175,5.0
9087,7319,3,116166.675,192,1.0
9088,7309,2,221120.7405,108,1.0
9089,7306,4,179270.43315,45,1.0
9090,7321,4,33031.7415,85,1.0
9091,7319,3,97478.9925,36,1.0
9092,7302,1,20910.0015,56,6.0
9093,7308,3,135359.43,57,2.0
9094,7316,2,17778.552,64,3.0
9095,7314,2,66164.4975,55,1.0
9096,7306,2,28991.1615,74,7.0
9097,7307,1,65659.425,56,6.0
9098,7322,4,59598.555,369,2.0
9099,7313,3,114146.385,58,1.0
9100,7316,2,86872.47,105,5.0
9101,7322,1,38587.539,82,4.0
9102,7314,4,173744.94,71,1.0
9103,7306,1,68689.86,49,4.0
9104,7312,1,51820.4385,113,6.0
9105,7305,2,46466.67,68,3.0
9106,7313,2,617905.6965,58,1.0
9107,7303,2,85559.2815,160,1.0
9108,7315,2,165966.8235,63,3.0
9109,7321,4,78286.2375,69,1.0
9110,7313,2,80811.6,64,1.0
9111,7316,4,130611.7485,68,7.0
9112,7314,1,19293.7695,343,4.0
9113,7308,1,176371.317,62,6.0
9114,7307,2,183846.39,98,1.0
9115,7304,5,157784.649,126,1.0
9116,7320,4,111115.95,104,1.0
9117,7304,4,231424.2195,243,1.0
9118,7302,2,66669.57,101,1.0
9119,7315,2,197786.391,87,1.0
9120,7302,2,132328.995,102,2.0
9121,7309,2,237081.0315,56,1.0
9122,7306,4,73740.585,50,1.0
9123,7312,5,72326.382,61,7.0
9124,7322,6,24243.48,72,1.0
9125,7308,2,79700.4405,89,1.0
9126,7310,3,10909.566,111,7.0
9127,7302,2,40203.771,308,5.0
9128,7318,10,105489.44235,93,3.0
9129,7302,3,119197.11,197,1.0
9130,7314,3,282840.6,82,3.0
9131,7314,3,82932.9045,85,1.0
9132,7316,1,62628.99,43,4.0
9133,7309,4,292942.05,46,1.0
9134,7317,4,39395.655,118,3.0
9135,7306,8,88690.731,103,1.0
9136,7318,4,109540.1238,31,1.0
9137,7315,1,67679.715,112,6.0
9138,7316,5,70710.15,81,1.0
9139,7304,3,276779.73,114,1.0
9140,7314,4,168694.215,92,1.0
9141,7321,5,30304.35,259,3.0
9142,7310,2,39395.655,77,3.0
9143,7321,3,35355.075,232,1.0
9144,7304,3,574772.505,58,1.0
9145,7303,4,25253.625,187,3.0
9146,7301,1,72730.44,55,6.0
9147,7312,4,110913.921,39,7.0
9148,7321,2,0.0,62,5.0
9149,7307,3,147481.17,163,1.0
9150,7317,3,236373.93,58,1.0
9151,7313,4,83437.977,360,3.0
9152,7301,2,15657.2475,170,1.0
9153,7308,1,197867.2026,77,4.0
9154,7309,3,612147.87,117,1.0
9155,7321,3,116267.6895,111,3.0
9156,7320,3,163158.6204,101,2.0
9157,7309,3,71821.3095,61,1.0
9158,7316,1,19192.755,503,6.0
9159,7318,1,96973.92,56,6.0
9160,7315,2,76771.02,203,1.0
9161,7322,1,67275.657,70,6.0
9162,7312,3,271729.005,69,1.0
9163,7317,1,57376.236,95,6.0
9164,7309,2,0.0,216,3.0
9165,7302,3,754275.2715,118,1.0
9166,7309,4,191927.55,97,1.0
9167,7302,4,78791.31,117,1.0
9168,7305,2,61618.845,90,1.0
9169,7301,2,40597.72755,45,1.0
9170,7304,4,242434.8,138,1.0
9171,7316,2,130712.763,105,7.0
9172,7305,1,41921.0175,75,6.0
9173,7316,2,95963.775,200,7.0
9174,7318,2,65861.454,45,1.0
9175,7308,1,9485.26155,107,6.0
9176,7317,1,101014.5,91,6.0
9177,7317,6,61416.816,79,5.0
9178,7315,2,180411.897,99,1.0
9179,7316,2,204958.4205,146,1.0
9180,7311,2,187886.97,93,1.0
9181,7309,2,181826.1,144,1.0
9182,7313,3,243747.9885,107,1.0
9183,7314,5,136369.575,67,1.0
9184,7303,4,117681.8925,88,1.0
9185,7306,2,62022.903,35,3.0
9186,7305,1,5050.725,91,6.0
9187,7312,2,145460.88,87,1.0
9188,7319,4,48486.96,81,1.0
9189,7319,1,22324.2045,63,6.0
9190,7321,1,343.4493,34,6.0
9191,7304,1,26263.77,67,4.0
9192,7313,3,130813.7775,49,1.0
9193,7320,2,191927.55,110,1.0
9194,7312,1,0.0,54,6.0
9195,7319,2,77074.0635,59,1.0
9196,7306,1,42628.119,88,4.0
9197,7319,3,19273.5666,191,3.0
9198,7318,2,85862.325,163,1.0
9199,7317,10,45456.525,231,1.0
9200,7315,2,36365.22,126,5.0
9201,7301,2,70104.063,51,1.0
9202,7306,3,39900.7275,70,3.0
9203,7321,2,26081.9439,51,1.0
9204,7318,10,185058.564,88,1.0
9205,7315,4,227282.625,106,1.0
9206,7320,2,16364.349,179,1.0
9207,7306,1,70710.15,79,4.0
9208,7322,9,134349.285,46,1.0
9209,7301,1,80811.6,118,4.0
9210,7316,1,8081.16,55,6.0
9211,7320,4,75962.904,122,1.0
9212,7315,1,237384.075,367,6.0
9213,7307,2,46466.67,195,2.0
9214,7316,1,29698.263,97,6.0
9215,7317,4,64649.28,50,7.0
9216,7310,1,12121.74,63,6.0
9217,7313,1,65659.425,82,6.0
9218,7318,3,0.0,80,2.0
9219,7310,2,82831.89,89,3.0
9220,7313,4,100004.355,44,3.0
9221,7315,2,168694.215,125,1.0
9222,7316,1,0.0,64,4.0
9223,7306,2,107075.37,48,7.0
9224,7320,2,31718.553,60,1.0
9225,7308,2,45456.525,342,5.0
9226,7310,2,0.0,61,1.0
9227,7304,1,29900.292,438,6.0
9228,7315,2,287891.325,62,1.0
9229,7313,2,39769.40865,126,3.0
9230,7316,2,1959.6813,61,5.0
9231,7306,2,40405.8,183,1.0
9232,7310,2,81215.658,93,7.0
9233,7316,1,34344.93,139,4.0
9234,7313,2,114146.385,33,1.0
9235,7307,1,56568.12,70,4.0
9236,7302,2,78791.31,92,1.0
9237,7307,3,305619.36975,64,1.0
9238,7314,1,35961.162,58,4.0
9239,7301,1,7071.015,138,4.0
9240,7306,5,114146.385,97,1.0
9241,7310,1,93034.3545,207,6.0
9242,7312,2,30708.408,80,1.0
9243,7315,2,83842.035,112,1.0
9244,7313,5,40203.771,99,1.0
9245,7316,3,191927.55,495,2.0
9246,7319,2,12828.8415,52,1.0
9247,7310,4,275769.585,522,5.0
9248,7313,2,262637.7,39,1.0
9249,7315,1,46971.7425,243,4.0
9250,7319,5,42153.35085,56,1.0
9251,7308,1,2929.4205,155,6.0
9252,7318,3,6363.9135,161,3.0
9253,7314,4,69700.005,67,3.0
9254,7317,3,188897.115,64,1.0
9255,7308,1,39011.7999,91,6.0
9256,7315,2,82559.15085,63,1.0
9257,7306,3,37375.365,254,2.0
9258,7314,3,173744.94,103,1.0
9259,7322,1,167835.59175,86,4.0
9260,7321,3,158390.736,60,1.0
9261,7306,1,37577.394,57,4.0
9262,7313,4,161623.2,43,1.0
9263,7310,2,113136.24,39,1.0
9264,7309,4,425271.045,104,1.0
9265,7322,3,24445.509,185,1.0
9266,7317,2,65659.425,90,5.0
9267,7319,7,176472.3315,185,1.0
9268,7312,4,6464.928,61,1.0
9269,7313,2,63639.135,161,7.0
9270,7306,4,50507.25,76,1.0
9271,7313,2,98085.0795,66,1.0
9272,7317,3,86771.4555,87,3.0
9273,7321,1,151521.75,63,4.0
9274,7311,1,126288.3279,106,6.0
9275,7304,4,212130.45,66,1.0
9276,7316,1,84650.151,52,6.0
9277,7310,2,115156.53,40,1.0
9278,7306,2,64952.3235,89,1.0
9279,7314,1,179927.0274,91,4.0
9280,7310,2,804075.42,64,1.0
9281,7301,2,83842.035,53,1.0
9282,7307,2,141521.3145,101,1.0
9283,7309,4,313144.95,100,1.0
9284,7321,2,194432.7096,26,1.0
9285,7319,6,51315.366,160,3.0
9286,7302,2,153542.04,106,1.0
9287,7312,6,27273.915,280,1.0
9288,7322,2,92933.34,60,1.0
9289,7320,5,133339.14,141,1.0
9290,7309,3,120813.342,74,1.0
9291,7303,3,27273.915,115,1.0
9292,7322,3,101014.5,121,1.0
9293,7319,2,52527.54,48,1.0
9294,7305,1,161623.2,276,4.0
9295,7311,6,168694.215,38,1.0
9296,7310,1,45456.525,111,6.0
9297,7317,1,9495.363,177,4.0
9298,7307,1,33435.7995,76,6.0
9299,7314,1,0.0,362,6.0
9300,7313,1,30203.3355,182,6.0
9301,7303,2,75255.8025,72,1.0
9302,7320,7,212130.45,54,2.0
9303,7312,4,224858.277,63,1.0
9304,7302,1,9596.3775,93,6.0
9305,7309,2,37981.452,80,7.0
9306,7308,1,5050.725,142,4.0
9307,7310,2,74750.73,537,2.0
9308,7310,4,119197.11,107,2.0
9309,7306,5,70710.15,165,3.0
9310,7313,3,202433.058,63,1.0
9311,7302,4,6060.87,202,3.0
9312,7302,2,54547.83,22,1.0
9313,7322,5,132561.32835,61,1.0
9314,7322,6,88185.6585,89,1.0
9315,7307,6,156087.6054,289,1.0
9316,7310,3,162936.3885,78,1.0
9317,7319,1,85862.325,279,4.0
9318,7316,2,64649.28,33,3.0
9319,7313,3,191927.55,217,1.0
9320,7317,2,82831.89,98,5.0
9321,7308,7,217181.175,51,1.0
9322,7304,4,297992.775,112,1.0
9323,7309,2,80710.5855,135,1.0
9324,7310,4,270516.831,77,1.0
9325,7322,3,125257.98,58,1.0
9326,7310,3,101014.5,131,1.0
9327,7314,1,27273.915,109,6.0
9328,7319,6,82831.89,186,1.0
9329,7310,4,82629.861,113,1.0
9330,7317,5,99196.239,569,3.0
9331,7306,3,73740.585,76,3.0
9332,7310,2,80811.6,56,1.0
9333,7315,2,173744.94,126,5.0
9334,7318,5,116166.675,65,2.0
9335,7308,2,289406.5425,132,1.0
9336,7315,2,16162.32,131,1.0
9337,7309,2,76670.0055,111,1.0
9338,7305,1,15152.175,67,4.0
9339,7320,3,6363.9135,66,3.0
9340,7311,3,12121.74,100,3.0
9341,7303,1,61618.845,89,4.0
9342,7316,1,8081.16,135,4.0
9343,7320,2,192735.666,65,1.0
9344,7309,2,43335.2205,53,1.0
9345,7305,2,202029.0,112,1.0
9346,7315,2,155562.33,102,1.0
9347,7305,2,141420.3,148,2.0
9348,7301,2,4980.01485,46,1.0
9349,7301,2,38587.539,131,1.0
9350,7321,4,143339.5755,62,1.0
9351,7313,4,30304.35,188,1.0
9352,7307,3,262637.7,199,1.0
9353,7310,1,9091.305,97,4.0
9354,7313,1,32324.64,44,6.0
9355,7313,2,88993.7745,45,1.0
9356,7312,2,156572.475,112,7.0
9357,7316,1,114146.385,193,6.0
9358,7310,1,136874.6475,125,6.0
9359,7318,6,78387.252,57,1.0
9360,7304,4,29971.00215,156,1.0
9361,7305,3,111115.95,115,1.0
9362,7301,7,92933.34,204,2.0
9363,7309,1,38486.5245,149,4.0
9364,7316,4,484869.6,63,1.0
9365,7310,1,54547.83,111,4.0
9366,7312,1,21718.1175,51,6.0
9367,7316,1,24809.1612,72,4.0
9368,7305,2,136773.633,98,1.0
9369,7305,5,64649.28,104,2.0
9370,7303,1,80811.6,118,6.0
9371,7301,5,122934.6465,228,1.0
9372,7314,2,115358.559,122,3.0
9373,7320,2,172734.795,91,1.0
9374,7305,4,141420.3,129,1.0
9375,7304,2,75053.7735,49,1.0
9376,7316,2,363652.2,113,1.0
9377,7304,1,25455.654,214,6.0
9378,7313,2,264657.99,38,1.0
9379,7308,1,73336.527,96,6.0
9380,7308,2,122227.545,47,1.0
9381,7314,1,54547.83,99,6.0
9382,7320,2,6060.87,44,3.0
9383,7318,2,22223.19,29,1.0
9384,7317,2,144551.7495,53,1.0
9385,7301,2,80811.6,63,7.0
9386,7310,1,677807.295,59,4.0
9387,7303,2,60709.7145,82,1.0
9388,7310,1,58588.41,38,4.0
9389,7318,4,9394.3485,30,2.0
9390,7316,2,271223.9325,92,1.0
9391,7304,2,65659.425,113,1.0
9392,7312,1,17475.5085,53,6.0
9393,7319,3,203241.174,121,1.0
9394,7313,2,144551.7495,39,1.0
9395,7316,5,63639.135,186,1.0
9396,7316,1,35355.075,91,4.0
9397,7301,2,88892.76,492,2.0
9398,7313,2,54749.859,144,1.0
9399,7309,2,63639.135,87,1.0
9400,7316,2,80811.6,94,3.0
9401,7322,4,83842.035,31,3.0
9402,7301,1,16970.436,34,4.0
9403,7312,3,132328.995,119,1.0
9404,7303,3,121217.4,260,1.0
9405,7316,1,106065.225,59,6.0
9406,7315,1,80811.6,63,6.0
9407,7305,2,30203.3355,46,7.0
9408,7309,3,89498.847,114,1.0
9409,7320,4,256071.7575,52,1.0
9410,7315,1,59497.5405,79,6.0
9411,7321,3,33435.7995,43,3.0
9412,7309,3,307892.196,56,1.0
9413,7318,3,13131.885,41,3.0
9414,7322,2,129298.56,50,1.0
9415,7310,2,587651.85375,96,1.0
9416,7322,1,20202.9,66,6.0
9417,7311,1,101014.5,133,6.0
9418,7311,4,131318.85,101,1.0
9419,7310,2,129298.56,142,1.0
9420,7301,2,62628.99,58,3.0
9421,7319,4,114146.385,153,1.0
9422,7304,1,33688.33575,48,6.0
9423,7306,3,174755.085,54,3.0
9424,7314,1,98590.152,73,6.0
9425,7320,1,72730.44,87,4.0
9426,7320,3,149501.46,159,1.0
9427,7308,3,82831.89,74,3.0
9428,7315,2,207079.725,52,1.0
9429,7305,1,11313.624,50,6.0
9430,7315,2,57578.265,293,2.0
9431,7322,4,117176.82,56,1.0
9432,7307,4,206372.6235,60,3.0
9433,7304,2,105459.138,145,7.0
9434,7316,5,141420.3,116,1.0
9435,7315,1,191927.55,69,6.0
9436,7311,4,227282.625,56,1.0
9437,7312,2,101014.5,416,5.0
9438,7302,5,28284.06,11,1.0
9439,7315,6,84852.18,384,1.0
9440,7303,5,166673.925,444,3.0
9441,7319,2,25859.712,65,2.0
9442,7302,3,269405.6715,94,1.0
9443,7318,5,79195.368,38,1.0
9444,7308,3,82023.774,38,1.0
9445,7306,2,74750.73,40,1.0
9446,7319,2,439564.59675,45,1.0
9447,7302,2,61719.8595,27,1.0
9448,7306,2,45456.525,185,1.0
9449,7303,3,15758.262,34,1.0
9450,7306,2,85357.2525,36,1.0
9451,7318,4,156572.475,22,1.0
9452,7319,2,111115.95,124,5.0
9453,7312,1,95963.775,192,4.0
9454,7314,2,289588.3686,108,1.0
9455,7311,4,103034.79,203,2.0
9456,7309,4,95155.659,63,1.0
9457,7306,2,70710.15,67,5.0
9458,7321,3,73316.3241,67,1.0
9459,7317,2,136975.662,99,1.0
9460,7315,1,173138.853,108,6.0
9461,7318,1,40405.8,161,6.0
9462,7312,2,223949.1465,40,5.0
9463,7302,4,396481.9125,60,1.0
9464,7319,5,151521.75,42,1.0
9465,7306,4,70710.15,118,1.0
9466,7315,3,139400.01,78,1.0
9467,7305,3,72427.3965,55,3.0
9468,7316,2,59699.5695,100,1.0
9469,7319,1,46789.9164,48,6.0
9470,7313,4,411129.015,35,1.0
9471,7307,2,92630.2965,75,1.0
9472,7321,2,50507.25,50,3.0
9473,7316,1,101014.5,60,4.0
9474,7318,1,176775.375,170,6.0
9475,7302,1,34344.93,76,6.0
9476,7311,1,20101.8855,144,6.0
9477,7308,3,82831.89,113,1.0
9478,7311,3,25253.625,79,3.0
9479,7321,2,82528.8465,50,1.0
9480,7318,9,106166.2395,172,2.0
9481,7315,4,181826.1,91,1.0
9482,7302,2,191927.55,17,1.0
9483,7318,1,34748.988,255,4.0
9484,7314,6,69902.034,429,1.0
9485,7320,3,221726.8275,36,1.0
9486,7305,2,87054.2961,47,5.0
9487,7315,1,0.0,107,4.0
9488,7303,3,162936.3885,62,1.0
9489,7317,3,65457.396,48,1.0
9490,7306,3,92933.34,81,1.0
9491,7302,4,60608.7,14,3.0
9492,7313,2,15849.17505,85,1.0
9493,7311,2,91024.16595,94,1.0
9494,7313,4,134248.2705,32,1.0
9495,7316,2,76771.02,127,3.0
9496,7319,1,54951.888,115,4.0
9497,7307,2,152228.8515,57,7.0
9498,7316,2,196372.188,46,1.0
9499,7310,1,27273.915,257,6.0
9500,7309,2,294154.224,98,1.0
9501,7304,2,41213.916,53,5.0
9502,7312,4,216171.03,49,1.0
9503,7309,4,90104.934,63,1.0
9504,7313,1,195058.9995,32,6.0
9505,7315,3,98287.1085,422,7.0
9506,7303,1,54547.83,87,6.0
9507,7316,1,88993.7745,54,6.0
9508,7307,4,234858.7125,123,3.0
9509,7304,2,217787.262,148,1.0
9510,7317,1,19798.842,192,4.0
9511,7301,2,108792.6165,57,1.0
9512,7316,1,26465.799,127,4.0
9513,7309,2,406583.3625,47,1.0
9514,7306,2,54547.83,41,7.0
9515,7301,1,28284.06,98,6.0
9516,7315,2,88892.76,43,3.0
9517,7318,5,71821.3095,94,1.0
9518,7312,2,178290.5925,97,1.0
9519,7307,4,180310.8825,60,2.0
9520,7310,3,45456.525,198,1.0
9521,7303,3,73538.556,48,1.0
9522,7321,1,48486.96,230,4.0
9523,7307,2,163916.22915,32,1.0
9524,7305,1,85054.209,82,4.0
9525,7309,2,11111.595,122,5.0
9526,7320,6,52830.5835,102,3.0
9527,7321,2,58487.3955,42,1.0
9528,7313,2,40405.8,136,5.0
9529,7308,1,101014.5,79,6.0
9530,7306,2,51315.366,55,5.0
9531,7309,4,547498.59,103,1.0
9532,7315,2,119803.197,60,1.0
9533,7306,2,96973.92,82,1.0
9534,7304,5,160613.055,66,1.0
9535,7318,6,67982.7585,54,2.0
9536,7318,3,74649.7155,45,1.0
9537,7305,5,128187.4005,156,1.0
9538,7310,3,101014.5,38,3.0
9539,7318,7,393552.492,49,1.0
9540,7310,1,134349.285,138,4.0
9541,7320,1,89801.8905,111,6.0
9542,7311,4,280416.252,59,1.0
9543,7315,2,31516.524,60,1.0
9544,7304,1,74447.6865,107,4.0
9545,7319,3,88892.76,44,1.0
9546,7321,3,173340.882,60,1.0
9547,7313,1,18182.61,65,6.0
9548,7305,1,45456.525,113,6.0
9549,7316,1,61921.8885,108,4.0
9550,7303,2,57578.265,27,7.0
9551,7319,4,26667.828,140,3.0
9552,7319,2,85862.325,227,3.0
9553,7313,2,45557.5395,90,1.0
9554,7314,3,136369.575,55,1.0
9555,7306,5,148693.344,55,1.0
9556,7313,6,94448.5575,118,1.0
9557,7303,2,151521.75,433,1.0
9558,7318,2,69700.005,398,3.0
9559,7308,2,155966.388,77,1.0
9560,7316,1,40405.8,376,6.0
9561,7306,7,446484.09,59,2.0
9562,7316,2,620229.03,55,1.0
9563,7309,1,37577.394,64,4.0
9564,7313,4,186876.825,70,1.0
9565,7318,4,221221.755,101,2.0
9566,7311,2,0.0,209,1.0
9567,7315,1,41516.9595,57,6.0
9568,7305,4,45456.525,109,1.0
9569,7302,3,54042.7575,32,1.0
9570,7313,3,119500.1535,35,1.0
9571,7312,1,48486.96,61,6.0
9572,7313,4,146471.025,164,1.0
9573,7311,2,131318.85,141,3.0
9574,7321,2,68689.86,91,1.0
9575,7313,4,148996.3875,28,1.0
9576,7320,2,171421.6065,69,1.0
9577,7302,2,33031.7415,11,2.0
9578,7313,3,23233.335,123,1.0
9579,7315,4,121217.4,56,1.0
9580,7321,1,26465.799,96,6.0
9581,7311,2,49295.076,72,1.0
9582,7305,1,26263.77,47,4.0
9583,7305,2,42931.1625,50,1.0
9584,7308,2,46466.67,30,3.0
9585,7311,1,10101.45,84,6.0
9586,7303,4,106065.225,174,1.0
9587,7301,2,26768.8425,63,1.0
9588,7317,4,101014.5,112,1.0
9589,7318,5,29294.205,218,3.0
9590,7313,1,44395.87275,123,6.0
9591,7314,1,175007.62125,159,6.0
9592,7317,6,90407.9775,165,1.0
9593,7302,2,146370.0105,84,1.0
9594,7311,1,46971.7425,124,4.0
9595,7314,1,71720.295,74,6.0
9596,7307,4,114752.472,44,1.0
9597,7316,1,24243.48,57,6.0
9598,7310,2,225262.335,154,1.0
9599,7303,5,112530.153,125,1.0
9600,7319,1,54042.7575,85,4.0
9601,7308,2,208655.5512,99,1.0
9602,7308,1,91923.195,71,6.0
9603,7308,3,111924.066,80,1.0
9604,7302,2,71114.208,114,1.0
9605,7308,4,77175.078,32,1.0
9606,7306,2,56972.178,61,3.0
9607,7308,1,118995.081,64,4.0
9608,7315,3,383754.0855,124,1.0
9609,7319,2,133036.0965,60,1.0
9610,7309,1,101.0145,57,4.0
9611,7313,3,61618.845,143,2.0
9612,7321,1,38385.51,147,6.0
9613,7306,2,183846.39,53,1.0
9614,7305,4,187886.97,51,1.0
9615,7313,4,108085.515,31,1.0
9616,7317,2,132328.995,46,5.0
9617,7301,1,11414.6385,223,6.0
9618,7321,2,83842.035,29,3.0
9619,7321,1,80811.6,23,4.0
9620,7315,2,62477.46825,44,2.0
9621,7316,1,75760.875,288,4.0
9622,7319,1,52830.5835,50,6.0
9623,7314,1,65659.425,77,4.0
9624,7308,2,62831.019,51,3.0
9625,7310,1,104651.022,75,6.0
9626,7305,1,90913.05,279,4.0
9627,7302,1,50507.25,109,6.0
9628,7315,1,2303.1306,92,4.0
9629,7306,1,16162.32,54,6.0
9630,7316,4,4040.58,93,1.0
9631,7315,4,46264.641,45,1.0
9632,7304,2,199099.5795,47,1.0
9633,7320,4,85862.325,80,2.0
9634,7313,4,114752.472,236,3.0
9635,7304,5,257586.975,100,1.0
9636,7316,2,146976.0975,111,5.0
9637,7312,3,16162.32,67,3.0
9638,7307,1,32829.7125,49,4.0
9639,7314,1,25657.683,140,6.0
9640,7314,3,211221.3195,58,1.0
9641,7302,2,54547.83,63,2.0
9642,7317,4,33839.8575,61,1.0
9643,7301,3,78993.339,312,2.0
9644,7321,4,113136.24,59,1.0
9645,7301,2,62628.99,131,7.0
9646,7316,1,30304.35,62,4.0
9647,7315,2,622249.32,100,1.0
9648,7309,2,213140.595,60,1.0
9649,7310,2,708313.674,57,1.0
9650,7317,3,28284.06,218,3.0
9651,7315,2,75760.875,542,5.0
9652,7303,3,111216.9645,67,1.0
9653,7316,2,174351.027,48,5.0
9654,7310,1,48486.96,71,4.0
9655,7322,4,241929.7275,70,1.0
9656,7318,3,113136.24,86,2.0
9657,7306,3,173138.853,84,1.0
9658,7319,2,43597.8582,54,3.0
9659,7310,3,164653.635,98,1.0
9660,7311,2,592450.0425,32,1.0
9661,7301,5,72730.44,269,1.0
9662,7313,1,113742.327,96,4.0
9663,7301,3,190311.318,96,1.0
9664,7305,4,269304.657,60,1.0
9665,7317,3,19192.755,73,1.0
9666,7302,2,159097.8375,62,1.0
9667,7303,3,54042.7575,52,1.0
9668,7305,3,73740.585,87,1.0
9669,7308,1,7818.5223,55,4.0
9670,7306,2,420725.3925,72,1.0
9671,7306,4,121217.4,74,1.0
9672,7304,3,151521.75,107,1.0
9673,7302,2,14647.1025,110,2.0
9674,7310,3,97984.065,110,1.0
9675,7310,2,92226.2385,50,1.0
9676,7321,4,37072.3215,63,1.0
9677,7317,6,28991.1615,33,7.0
9678,7317,2,347489.88,212,1.0
9679,7317,2,26566.8135,409,1.0
9680,7320,1,96438.54315,99,6.0
9681,7321,2,14566.2909,45,3.0
9682,7314,3,24041.451,79,1.0
9683,7314,2,225262.335,254,1.0
9684,7316,1,12121.74,76,4.0
9685,7317,2,7879.131,159,5.0
9686,7319,4,139026.25635,48,1.0
9687,7318,2,40405.8,102,2.0
9688,7309,1,26283.9729,77,6.0
9689,7315,1,10101.45,229,4.0
9690,7319,4,206170.5945,136,1.0
9691,7317,2,63841.164,141,5.0
9692,7318,3,46466.67,46,1.0
9693,7311,4,216403.36335,82,2.0
9694,7309,1,40405.8,93,6.0
9695,7315,6,614673.2325,107,1.0
9696,7302,2,57881.3085,401,1.0
9697,7310,3,24879.87135,87,2.0
9698,7310,2,183492.83925,79,1.0
9699,7302,4,90913.05,64,2.0
9700,7314,2,58588.41,50,2.0
9701,7308,5,365803.80885,62,1.0
9702,7311,3,281022.339,38,1.0
9703,7321,2,34647.9735,67,7.0
9704,7318,7,97984.065,224,3.0
9705,7313,2,121217.4,56,1.0
9706,7305,1,15657.2475,46,4.0
9707,7310,2,151521.75,147,5.0
9708,7319,6,97681.0215,59,2.0
9709,7315,2,66669.57,77,1.0
9710,7311,4,110206.8195,92,1.0
9711,7308,5,151521.75,97,1.0
9712,7306,3,151521.75,105,1.0
9713,7312,2,171724.65,59,1.0
9714,7304,4,348500.025,107,1.0
9715,7317,4,26162.7555,56,3.0
9716,7309,4,192563.94135,328,1.0
9717,7318,1,71114.208,55,4.0
9718,7322,1,11010.5805,51,4.0
9719,7314,1,247081.467,73,4.0
9720,7309,6,876805.86,52,1.0
9721,7306,4,201927.9855,42,1.0
9722,7310,4,870037.8885,44,1.0
9723,7313,6,43840.293,127,1.0
9724,7310,1,25253.625,104,4.0
9725,7310,2,54042.7575,121,5.0
9726,7320,3,101519.5725,108,2.0
9727,7316,2,166168.8525,66,1.0
9728,7304,4,363349.1565,112,1.0
9729,7317,2,29092.176,101,2.0
9730,7305,1,18283.6245,124,6.0
9731,7316,1,80811.6,90,6.0
9732,7309,4,209049.50775,127,1.0
9733,7322,4,83842.035,95,1.0
9734,7305,1,11414.6385,98,6.0
9735,7317,2,39395.655,100,3.0
9736,7318,4,56366.091,111,3.0
9737,7321,3,61618.845,34,3.0
9738,7312,5,5101.23225,99,1.0
9739,7310,1,81821.745,57,6.0
9740,7314,2,181826.1,64,1.0
9741,7310,4,131318.85,31,1.0
9742,7311,2,58588.41,140,5.0
9743,7310,2,214554.798,62,1.0
9744,7310,4,163643.49,61,1.0
9745,7318,1,12121.74,186,6.0
9746,7318,4,2828.406,141,3.0
9747,7317,3,288699.441,57,1.0
9748,7316,1,32223.6255,59,4.0
9749,7318,1,39395.655,63,4.0
9750,7312,2,12626.8125,78,7.0
9751,7310,2,92933.34,68,1.0
9752,7312,1,20202.9,69,6.0
9753,7303,4,151521.75,61,1.0
9754,7308,2,154451.1705,115,1.0
9755,7317,5,26263.77,77,1.0
9756,7301,4,78791.31,59,1.0
9757,7314,2,162633.345,60,5.0
9758,7313,4,123237.69,172,1.0
9759,7303,2,26667.828,51,1.0
9760,7301,2,252536.25,96,1.0
9761,7314,1,42426.09,126,4.0
9762,7303,5,113136.24,44,1.0
9763,7316,1,57578.265,107,6.0
9764,7306,4,131318.85,51,1.0
9765,7303,3,128692.473,120,2.0
9766,7310,3,42830.148,55,2.0
9767,7306,7,53335.656,142,1.0
9768,7307,2,123944.7915,49,7.0
9769,7316,2,78387.252,69,1.0
9770,7307,2,33334.785,47,1.0
9771,7304,1,78791.31,62,6.0
9772,7317,3,712152.225,70,1.0
9773,7310,2,63033.048,210,1.0
9774,7316,2,120207.255,55,5.0
9775,7314,3,69093.918,62,3.0
9776,7317,4,131318.85,92,1.0
9777,7311,2,264354.9465,117,3.0
9778,7308,1,12828.8415,59,4.0
9779,7309,3,217181.175,60,1.0
9780,7311,2,169704.36,113,1.0
9781,7302,2,60608.7,36,1.0
9782,7321,6,132379.50225,91,2.0
9783,7302,2,80710.5855,189,2.0
9784,7316,2,84953.1945,80,7.0
9785,7305,2,161623.2,105,1.0
9786,7305,1,26061.741,107,6.0
9787,7305,6,199907.6955,98,1.0
9788,7322,2,10101.45,137,3.0
9789,7322,5,186876.825,60,1.0
9790,7311,3,503052.21,81,1.0
9791,7301,4,153542.04,42,1.0
9792,7311,1,158895.8085,119,4.0
9793,7314,2,65659.425,109,5.0
9794,7314,2,505072.5,77,1.0
9795,7311,2,273850.3095,53,1.0
9796,7305,1,181826.1,124,6.0
9797,7310,2,139400.01,83,1.0
9798,7319,2,345469.59,146,1.0
9799,7307,2,89902.905,89,1.0
9800,7312,1,21718.1175,89,4.0
9801,7301,4,123237.69,98,1.0
9802,7320,3,216373.059,69,3.0
9803,7310,1,91620.1515,128,6.0
9804,7313,2,117378.849,47,1.0
9805,7308,2,246475.38,57,1.0
9806,7309,1,87205.81785,41,4.0
9807,7316,2,35759.133,138,7.0
9808,7307,6,139703.0535,152,1.0
9809,7317,2,105964.2105,52,1.0
9810,7319,3,144551.7495,68,1.0
9811,7316,1,10101.45,78,4.0
9812,7321,4,45456.525,78,1.0
9813,7308,4,90508.992,46,1.0
9814,7309,2,122429.574,46,1.0
9815,7308,2,282234.513,107,1.0
9816,7308,4,45153.4815,162,1.0
9817,7320,6,117479.8635,165,1.0
9818,7306,4,175058.1285,46,1.0
9819,7307,2,48587.9745,80,1.0
9820,7309,3,577722.1284,71,1.0
9821,7314,3,189907.26,52,1.0
9822,7318,3,5151.7395,55,3.0
9823,7303,1,6060.87,165,6.0
9824,7309,2,181826.1,102,1.0
9825,7318,1,60608.7,115,4.0
9826,7311,2,30607.3935,70,1.0
9827,7309,1,12121.74,90,6.0
9828,7319,4,98893.1955,80,1.0
9829,7312,1,55557.975,83,4.0
9830,7306,4,248303.74245,59,1.0
9831,7317,1,5353.7685,75,6.0
9832,7322,4,57578.265,62,1.0
9833,7305,4,142329.4305,118,1.0
9834,7321,1,22526.2335,118,6.0
9835,7314,2,104448.993,88,5.0
9836,7309,2,129298.56,124,7.0
9837,7321,3,282840.6,68,1.0
9838,7318,3,46365.6555,59,3.0
9839,7303,1,0.0,114,4.0
9840,7309,4,580833.375,111,1.0
9841,7313,3,113944.356,37,1.0
9842,7313,1,36466.2345,45,6.0
9843,7309,3,680332.6575,144,1.0
9844,7304,1,106065.225,60,6.0
9845,7309,3,100408.413,61,3.0
9846,7314,2,222231.9,308,3.0
9847,7308,3,179906.8245,59,1.0
9848,7316,1,67679.715,65,6.0
9849,7322,2,51416.3805,68,1.0
9850,7311,3,208089.87,87,1.0
9851,7319,1,91115.079,70,6.0
9852,7321,1,87579.5715,59,4.0
9853,7309,4,348500.025,69,1.0
9854,7301,2,65659.425,66,1.0
9855,7315,2,115661.6025,95,1.0
9856,7321,1,70710.15,57,6.0
9857,7316,8,146471.025,50,3.0
9858,7311,4,252536.25,332,1.0
9859,7312,1,0.0,556,6.0
9860,7301,2,100105.3695,65,1.0
9861,7318,8,131864.3283,39,3.0
9862,7318,2,22223.19,58,2.0
9863,7303,2,230616.1035,68,1.0
9864,7317,2,49194.0615,121,7.0
9865,7316,1,90913.05,52,4.0
9866,7321,4,138591.894,74,3.0
9867,7320,2,131318.85,22,3.0
9868,7322,1,109095.66,53,6.0
9869,7304,1,61820.874,55,6.0
9870,7301,3,93438.4125,229,2.0
9871,7309,3,203039.145,66,1.0
9872,7318,4,75760.875,210,1.0
9873,7310,2,363.6522,67,1.0
9874,7310,2,576792.795,34,1.0
9875,7308,3,464666.7,58,1.0
9876,7313,1,35961.162,46,6.0
9877,7322,1,30304.35,77,6.0
9878,7315,2,141420.3,250,1.0
9879,7313,4,785892.81,62,1.0
9880,7321,2,83842.035,67,1.0
9881,7316,1,34344.93,55,4.0
9882,7314,2,103135.8045,50,1.0
9883,7306,2,61416.816,109,1.0
9884,7313,5,65659.425,299,1.0
9885,7316,2,58487.3955,178,3.0
9886,7308,2,88892.76,89,5.0
9887,7304,2,47880.873,66,1.0
9888,7306,2,46466.67,99,3.0
9889,7318,2,75760.875,81,1.0
9890,7301,4,331327.56,108,1.0
9891,7320,4,172734.795,152,1.0
9892,7316,1,161623.2,104,6.0
9893,7305,6,136369.575,56,1.0
9894,7316,1,2121.3045,123,6.0
9895,7306,4,226373.4945,51,1.0
9896,7306,2,463353.5115,74,7.0
9897,7317,1,13838.9865,68,6.0
9898,7314,4,172128.708,53,1.0
9899,7308,1,5050.725,99,6.0
9900,7316,1,22627.248,113,4.0
9901,7312,1,211019.2905,50,6.0
9902,7303,6,106065.225,41,1.0
9903,7304,2,285567.9915,127,1.0
9904,7312,2,171724.65,145,1.0
9905,7304,2,70912.179,51,3.0
9906,7304,3,120207.255,110,1.0
9907,7321,3,77377.107,43,3.0
9908,7321,2,59598.555,62,1.0
9909,7309,1,18182.61,114,6.0
9910,7321,1,23233.335,30,4.0
9911,7320,4,289406.5425,127,3.0
9912,7311,5,248091.612,98,1.0
9913,7311,3,22223.19,99,1.0
9914,7306,4,188897.115,65,1.0
9915,7307,5,70710.15,181,1.0
9916,7310,2,12293.46465,58,2.0
9917,7309,3,101519.5725,125,1.0
9918,7312,3,96206.2098,31,1.0
9919,7313,4,86064.354,55,3.0
9920,7306,2,98660.86215,38,1.0
9921,7316,1,25253.625,58,4.0
9922,7316,2,68992.9035,81,5.0
9923,7314,2,70306.092,107,1.0
9924,7308,4,89902.905,99,1.0
9925,7304,2,158592.765,107,1.0
9926,7322,1,15253.1895,60,6.0
9927,7305,2,187886.97,116,1.0
9928,7309,1,0.0,198,6.0
9929,7311,2,99196.239,78,1.0
9930,7316,2,77074.0635,103,5.0
9931,7302,2,148996.3875,53,1.0
9932,7301,2,59598.555,180,1.0
9933,7316,1,30304.35,74,6.0
9934,7314,2,121217.4,91,1.0
9935,7307,6,68588.8455,88,1.0
9936,7313,1,33334.785,155,4.0
9937,7322,1,5454.783,57,6.0
9938,7316,3,438402.93,89,2.0
9939,7312,2,67497.8889,166,1.0
9940,7315,3,4131.49305,97,7.0
9941,7318,5,41415.945,120,1.0
9942,7312,4,124247.835,113,1.0
9943,7322,2,46062.612,129,1.0
9944,7319,1,43032.177,53,6.0
9945,7317,2,43436.235,92,1.0
9946,7306,3,56063.0475,80,1.0
9947,7301,4,63639.135,72,1.0
9948,7318,6,123237.69,75,1.0
9949,7310,4,148491.315,548,1.0
9950,7311,3,405573.2175,101,1.0
9951,7314,2,14142.03,315,1.0
9952,7313,2,147481.17,138,1.0
9953,7307,2,77276.0925,79,1.0
9954,7322,2,165663.78,68,1.0
9955,7301,1,47779.8585,45,4.0
9956,7315,1,16263.3345,124,4.0
9957,7304,2,131318.85,123,5.0
9958,7305,4,145157.8365,62,3.0
9959,7303,2,281931.4695,72,1.0
9960,7312,2,494971.05,35,7.0
9961,7303,1,12929.856,62,6.0
9962,7321,4,55557.975,77,1.0
9963,7313,5,107075.37,81,1.0
9964,7320,2,293952.195,169,1.0
9965,7322,2,40405.8,55,7.0
9966,7305,5,244455.09,62,1.0
9967,7310,3,101014.5,53,1.0
9968,7314,4,161623.2,59,1.0
9969,7312,2,243444.945,93,3.0
9970,7321,4,32728.698,44,1.0
9971,7308,3,103842.906,126,1.0
9972,7319,2,58588.41,45,3.0
9973,7302,3,81751.03485,60,3.0
9974,7312,2,116166.675,183,1.0
9975,7310,7,72730.44,362,1.0
9976,7313,2,70710.15,44,7.0
9977,7316,1,451534.815,103,6.0
9978,7319,2,15152.175,374,3.0
9979,7301,1,95054.6445,94,6.0
9980,7309,4,279810.165,50,3.0
9981,7313,5,73033.4835,71,1.0
9982,7309,2,52123.482,125,5.0
9983,7301,2,18182.61,56,1.0
9984,7322,7,151420.7355,279,1.0
9985,7315,3,177684.5055,105,1.0
9986,7306,2,161623.2,61,5.0
9987,7313,1,57376.236,168,6.0
9988,7301,2,492950.76,93,5.0
9989,7316,2,130308.705,143,7.0
9990,7308,1,55861.0185,75,6.0
9991,7307,5,181826.1,54,1.0
9992,7307,2,167684.07,125,1.0
9993,7310,1,50507.25,184,4.0
9994,7311,2,136369.575,67,3.0
9995,7310,3,90913.05,115,3.0
9996,7312,1,18182.61,59,4.0
9997,7319,4,57982.323,91,1.0
9998,7306,1,12121.74,72,4.0
9999,7301,3,46668.699,50,1.0
10000,7313,4,105055.08,42,1.0
10001,7302,6,213140.595,90,2.0
10002,7312,2,74750.73,102,1.0
10003,7318,2,54345.801,77,3.0
10004,7304,2,358702.4895,111,1.0
10005,7301,4,96266.8185,61,1.0
10006,7316,1,10909.566,121,4.0
10007,7306,4,25354.6395,250,1.0
10008,7315,1,71821.3095,108,6.0
10009,7316,1,101014.5,63,6.0
10010,7322,5,141319.2855,355,1.0
10011,7306,1,5050.725,323,4.0
10012,7321,4,161017.113,234,1.0
10013,7304,1,45456.525,57,4.0
10014,7312,5,80306.5275,47,1.0
10015,7320,2,126268.125,164,5.0
10016,7303,4,65477.5989,53,1.0
10017,7305,4,270920.889,124,1.0
10018,7311,2,82831.89,58,1.0
10019,7322,3,144450.735,77,1.0
10020,7301,1,90933.2529,104,4.0
10021,7308,3,45456.525,110,3.0
10022,7317,1,16263.3345,62,4.0
10023,7322,2,47476.815,128,5.0
10024,7308,3,2020.29,139,3.0
10025,7320,4,131318.85,161,1.0
10026,7310,1,213847.6965,40,6.0
10027,7319,8,150006.5325,63,1.0
10028,7313,2,106166.2395,54,7.0
10029,7319,2,159532.19985,67,1.0
10030,7315,3,51719.424,52,2.0
10031,7320,5,137399.9229,44,1.0
10032,7315,3,277789.875,106,1.0
10033,7315,4,413361.43545,137,7.0
10034,7319,2,241374.14775,45,1.0
10035,7314,3,128288.415,69,7.0
10036,7318,7,123035.661,108,1.0
10037,7308,2,672756.57,62,5.0
10038,7301,3,56265.0765,182,1.0
10039,7314,6,0.0,48,3.0
10040,7321,1,10707.537,45,6.0
10041,7322,1,11313.624,52,6.0
10042,7303,1,110610.8775,56,4.0
10043,7303,5,84852.18,57,1.0
10044,7302,1,10909.566,54,4.0
10045,7321,3,119197.11,66,1.0
10046,7305,1,129197.5455,137,6.0
10047,7318,4,109499.718,61,1.0
10048,7302,4,127278.27,83,1.0
10049,7316,2,219201.465,107,1.0
10050,7310,3,82831.89,65,3.0
10051,7313,2,89902.905,54,1.0
10052,7316,1,36365.22,166,6.0
10053,7322,1,12121.74,137,6.0
10054,7313,3,33334.785,91,1.0
10055,7318,8,192735.666,88,1.0
10056,7306,6,151925.808,84,2.0
10057,7317,1,56568.12,212,4.0
10058,7314,2,123237.69,62,1.0
10059,7318,3,69801.0195,102,1.0
10060,7308,3,101014.5,102,1.0
10061,7310,1,576792.795,25,4.0
10062,7303,3,93539.427,182,3.0
10063,7312,2,78387.252,61,7.0
10064,7312,5,59517.7434,174,1.0
10065,7310,2,172532.766,63,1.0
10066,7301,3,90913.05,126,1.0
10067,7306,4,99701.3115,69,2.0
10068,7312,1,27071.886,48,6.0
10069,7313,2,190109.289,31,1.0
10070,7315,2,148491.315,121,1.0
10071,7315,1,58588.41,131,6.0
10072,7315,2,109701.747,119,1.0
10073,7306,5,131520.879,78,2.0
10074,7313,4,122631.603,26,2.0
10075,7303,2,64447.251,161,1.0
10076,7307,5,135066.48795,57,1.0
10077,7314,2,188897.115,51,1.0
10078,7313,2,207079.725,41,7.0
10079,7316,1,21516.0885,64,6.0
10080,7307,1,137379.72,58,4.0
10081,7314,2,59396.526,98,1.0
10082,7314,4,368702.925,94,1.0
10083,7321,1,86488.6149,31,6.0
10084,7310,2,108186.5295,28,1.0
10085,7318,3,207079.725,63,1.0
10086,7321,2,86266.383,58,1.0
10087,7307,6,22223.19,83,1.0
10088,7301,1,74750.73,52,6.0
10089,7310,2,114752.472,119,1.0
10090,7303,4,37900.6404,114,1.0
10091,7304,3,70710.15,68,1.0
10092,7307,4,75973.00545,57,1.0
10093,7321,1,39395.655,95,6.0
10094,7301,3,74750.73,70,1.0
10095,7309,2,247485.525,57,5.0
10096,7310,3,116469.7185,67,3.0
10097,7315,1,50911.308,66,6.0
10098,7301,1,11636.8704,97,6.0
10099,7307,3,127278.27,74,1.0
10100,7302,6,131318.85,69,1.0
10101,7321,1,38385.51,32,6.0
10102,7321,3,178391.607,45,5.0
10103,7308,3,48486.96,65,1.0
10104,7304,1,191422.4775,154,4.0
10105,7312,5,196877.2605,71,1.0
10106,7304,5,50507.25,54,1.0
10107,7301,2,97681.0215,38,1.0
10108,7308,2,150410.5905,350,2.0
10109,7310,1,73740.585,79,6.0
10110,7309,4,214150.74,195,1.0
10111,7309,2,655584.105,135,1.0
10112,7318,2,29294.205,185,3.0
10113,7308,4,294962.34,106,1.0
10114,7302,2,77781.165,42,7.0
10115,7321,5,49497.105,41,1.0
10116,7305,1,74144.643,168,6.0
10117,7302,2,55103.40975,104,1.0
10118,7319,3,120813.342,72,1.0
10119,7321,2,41617.974,217,3.0
10120,7305,5,111115.95,132,1.0
10121,7321,5,65861.454,73,3.0
10122,7306,3,132328.995,64,1.0
10123,7317,4,32324.64,67,1.0
10124,7320,1,7778.1165,32,6.0
10125,7309,5,911857.8915,86,1.0
10126,7321,2,35355.075,60,3.0
10127,7320,6,127783.3425,75,1.0
10128,7310,1,25758.6975,65,6.0
10129,7305,3,186876.825,63,1.0
10130,7315,4,209605.0875,57,1.0
10131,7317,4,53739.714,392,1.0
10132,7322,4,124247.835,107,3.0
10133,7307,4,121217.4,190,1.0
10134,7311,4,89498.847,73,1.0
10135,7312,4,2525.3625,102,1.0
10136,7313,3,82831.89,69,1.0
10137,7316,1,139400.01,140,6.0
10138,7312,3,187897.07145,59,1.0
10139,7314,3,58083.3375,206,1.0
10140,7320,4,117176.82,61,1.0
10141,7301,2,80306.5275,81,1.0
10142,7312,2,314155.095,56,5.0
10143,7315,2,49497.105,126,7.0
10144,7315,3,132328.995,71,3.0
10145,7305,5,29294.205,131,3.0
10146,7312,1,33839.8575,72,6.0
10147,7322,4,40405.8,173,1.0
10148,7317,2,0.0,55,1.0
10149,7314,1,26263.77,101,6.0
10150,7314,2,50507.25,76,5.0
10151,7319,2,149299.431,50,1.0
10152,7314,3,95761.746,87,1.0
10153,7321,5,109095.66,76,1.0
10154,7301,2,30304.35,42,1.0
10155,7315,6,201624.942,65,3.0
10156,7312,4,48486.96,98,1.0
10157,7322,2,64649.28,91,5.0
10158,7310,2,145460.88,145,1.0
10159,7306,2,47678.844,67,1.0
10160,7321,2,56871.1635,54,2.0
10161,7302,4,224252.19,80,1.0
10162,7318,1,23435.364,40,4.0
10163,7319,1,15152.175,226,6.0
10164,7317,1,14849.1315,107,4.0
10165,7309,4,227282.625,104,1.0
10166,7310,4,12626.8125,37,1.0
10167,7318,1,21213.045,70,4.0
10168,7320,4,173744.94,79,1.0
10169,7302,4,67881.744,79,1.0
10170,7317,2,18990.726,176,1.0
10171,7312,3,44244.351,55,3.0
10172,7314,1,58588.41,68,6.0
10173,7309,3,134985.67635,206,1.0
10174,7301,2,184250.448,60,5.0
10175,7314,1,54547.83,60,4.0
10176,7317,4,65356.3815,390,1.0
10177,7322,1,98004.2679,61,6.0
10178,7308,3,125257.98,42,1.0
10179,7301,3,55254.9315,436,1.0
10180,7316,1,101.0145,143,4.0
10181,7303,2,69396.9615,45,1.0
10182,7309,2,60406.671,56,3.0
10183,7311,4,617198.595,81,1.0
10184,7316,1,15758.262,102,4.0
10185,7314,3,91923.195,45,5.0
10186,7319,2,62426.961,55,3.0
10187,7306,1,27273.915,154,4.0
10188,7310,1,63639.135,98,4.0
10189,7319,2,93135.369,77,1.0
10190,7304,2,99095.2245,58,7.0
10191,7302,3,38385.51,70,1.0
10192,7314,1,66891.8019,77,6.0
10193,7321,3,70407.1065,45,1.0
10194,7319,4,120712.3275,69,1.0
10195,7321,5,61214.787,42,1.0
10196,7321,2,393350.463,197,1.0
10197,7312,2,341024.952,61,1.0
10198,7318,5,95761.746,169,1.0
10199,7309,4,277456.52715,150,2.0
10200,7321,3,149804.5035,65,1.0
10201,7317,2,66669.57,124,2.0
10202,7308,2,143036.532,45,1.0
10203,7305,5,110105.805,71,1.0
10204,7306,1,48486.96,62,4.0
10205,7313,4,218999.436,42,1.0
10206,7316,2,303952.6305,47,1.0
10207,7322,4,40405.8,236,3.0
10208,7306,2,50002.1775,67,1.0
10209,7303,2,56366.091,86,7.0
10210,7316,3,181927.1145,52,3.0
10211,7312,1,0.0,51,6.0
10212,7318,2,38284.4955,99,5.0
10213,7310,2,192836.6805,235,1.0
10214,7319,4,135965.517,89,3.0
10215,7307,4,145965.9525,56,3.0
10216,7319,2,131318.85,339,1.0
10217,7304,3,212837.5515,97,1.0
10218,7321,5,124752.9075,43,3.0
10219,7308,2,67679.715,64,1.0
10220,7306,2,70710.15,67,1.0
10221,7306,2,22324.2045,56,7.0
10222,7316,1,29930.59635,98,6.0
10223,7319,6,84852.18,53,3.0
10224,7313,2,52628.5545,32,7.0
10225,7303,1,107075.37,67,4.0
10226,7311,2,414159.45,92,7.0
10227,7316,2,75356.817,105,5.0
10228,7309,3,147481.17,57,1.0
10229,7317,2,118186.965,59,1.0
10230,7321,4,40506.8145,73,3.0
10231,7308,4,148491.315,37,1.0
10232,7314,5,65659.425,74,1.0
10233,7308,2,104550.0075,66,1.0
10234,7313,2,162633.345,368,3.0
10235,7309,6,692555.412,251,1.0
10236,7317,1,80104.4985,186,4.0
10237,7303,4,49699.134,50,3.0
10238,7310,1,577297.8675,52,4.0
10239,7315,2,50608.2645,158,3.0
10240,7320,1,121217.4,284,4.0
10241,7310,2,76296.25185,292,7.0
10242,7302,2,96973.92,46,1.0
10243,7306,2,75457.8315,89,1.0
10244,7319,3,231323.205,211,1.0
10245,7311,6,459615.975,31,1.0
10246,7311,2,151521.75,286,1.0
10247,7316,1,35355.075,113,4.0
10248,7319,2,37880.4375,174,3.0
10249,7302,3,146471.025,71,1.0
10250,7308,1,98994.21,404,6.0
10251,7319,3,105055.08,57,3.0
10252,7309,2,146471.025,60,1.0
10253,7313,1,49042.53975,49,6.0
10254,7306,2,54143.772,165,5.0
10255,7318,1,40405.8,78,6.0
10256,7315,3,222231.9,114,1.0
10257,7311,2,203039.145,32,1.0
10258,7317,1,34344.93,90,4.0
10259,7307,2,15758.262,184,1.0
10260,7309,1,357591.33,48,6.0
10261,7311,4,368702.925,75,1.0
10262,7301,1,74750.73,52,4.0
10263,7308,3,297992.775,72,7.0
10264,7308,2,125257.98,59,1.0
10265,7318,2,15556.233,130,1.0
10266,7308,4,45860.583,58,1.0
10267,7301,4,99802.326,95,1.0
10268,7302,2,82326.8175,10,3.0
10269,7315,1,50204.2065,98,6.0
10270,7309,2,262637.7,69,1.0
10271,7317,3,106368.2685,52,1.0
10272,7319,2,5656.812,113,1.0
10273,7315,2,90104.934,146,7.0
10274,7321,3,90205.9485,71,3.0
10275,7304,1,67679.715,134,4.0
10276,7312,2,89902.905,57,7.0
10277,7313,3,37880.4375,85,1.0
10278,7305,3,205362.4785,112,1.0
10279,7301,2,95256.6735,51,1.0
10280,7322,2,35052.0315,94,3.0
10281,7306,2,38284.4955,48,1.0
10282,7322,1,4040.58,46,6.0
10283,7309,1,86973.4845,73,6.0
10284,7314,3,163845.519,68,1.0
10285,7306,3,125763.0525,203,1.0
10286,7311,3,225363.3495,75,1.0
10287,7317,2,47072.757,84,3.0
10288,7312,1,14546.088,93,6.0
10289,7301,4,171724.65,110,1.0
10290,7316,6,126066.096,76,1.0
10291,7317,3,46668.699,291,1.0
10292,7321,2,30001.3065,33,3.0
10293,7321,3,43537.2495,37,1.0
10294,7308,1,17172.465,86,6.0
10295,7319,2,121217.4,59,5.0
10296,7315,1,83842.035,59,6.0
10297,7318,4,75760.875,167,1.0
10298,7303,5,118186.965,50,1.0
10299,7308,6,155360.301,117,1.0
10300,7309,2,311629.7325,132,1.0
10301,7311,2,65659.425,55,1.0
10302,7310,5,78791.31,47,1.0
10303,7309,2,252536.25,65,1.0
10304,7316,1,101014.5,111,4.0
10305,7305,1,20202.9,322,6.0
10306,7306,5,41112.9015,74,3.0
10307,7310,1,71518.266,48,6.0
10308,7303,5,238394.22,80,7.0
10309,7306,2,191826.5355,87,1.0
10310,7314,2,948425.1405,95,1.0
10311,7315,4,67679.715,60,1.0
10312,7315,1,0.0,63,6.0
10313,7308,2,85862.325,40,1.0
10314,7307,3,129298.56,145,1.0
10315,7306,7,150006.5325,67,1.0
10316,7302,5,161623.2,182,2.0
10317,7303,3,32324.64,140,1.0
10318,7309,2,54547.83,390,5.0
10319,7308,4,211120.305,157,1.0
10320,7322,2,32122.611,89,1.0
10321,7309,3,181826.1,47,1.0
10322,7316,2,45456.525,152,1.0
10323,7302,2,7212.4353,440,7.0
10324,7309,2,111115.95,59,1.0
10325,7319,2,204554.3625,40,1.0
10326,7316,5,57578.265,110,1.0
10327,7317,5,168492.186,55,2.0
10328,7315,1,93943.485,39,4.0
10329,7322,3,97074.9345,237,2.0
10330,7310,3,103034.79,347,7.0
10331,7308,2,70003.0485,93,1.0
10332,7310,1,97984.065,70,6.0
10333,7302,2,71114.208,65,1.0
10334,7322,2,68689.86,86,1.0
10335,7313,3,109499.718,69,1.0
10336,7308,3,240414.51,87,1.0
10337,7322,1,13838.9865,55,6.0
10338,7321,2,29294.205,50,3.0
10339,7302,2,126167.1105,51,1.0
10340,7321,1,9091.305,181,6.0
10341,7317,2,92327.253,53,1.0
10342,7301,2,250515.96,62,1.0
10343,7304,2,50507.25,148,1.0
10344,7312,1,98489.1375,25,6.0
10345,7318,5,57578.265,170,1.0
10346,7317,6,142430.445,117,1.0
10347,7308,3,108529.9788,52,1.0
10348,7307,4,150511.605,89,1.0
10349,7317,1,38385.51,197,4.0
10350,7314,3,33334.785,47,1.0
10351,7318,2,70710.15,248,3.0
10352,7301,2,93054.5574,55,1.0
10353,7301,2,156067.4025,77,1.0
10354,7315,3,75760.875,94,1.0
10355,7318,3,88892.76,209,1.0
10356,7301,1,64649.28,92,6.0
10357,7315,3,122833.632,61,1.0
10358,7307,2,205261.464,47,1.0
10359,7313,5,15556.233,342,1.0
10360,7314,2,20202.9,49,1.0
10361,7322,1,10101.45,52,6.0
10362,7301,4,40405.8,252,1.0
10363,7312,3,227282.625,25,1.0
10364,7307,1,21819.132,113,6.0
10365,7309,5,142935.5175,90,1.0
10366,7315,1,7879.131,92,6.0
10367,7301,2,98893.1955,75,5.0
10368,7315,1,67174.6425,64,4.0
10369,7321,4,36365.22,221,1.0
10370,7322,2,22021.161,90,1.0
10371,7301,2,161219.142,39,1.0
10372,7305,7,207271.65255,124,1.0
10373,7319,4,111126.05145,70,1.0
10374,7313,5,385875.39,91,1.0
10375,7316,2,714172.515,56,1.0
10376,7320,1,75760.875,48,4.0
10377,7321,3,80811.6,78,1.0
10378,7317,4,50507.25,64,1.0
10379,7322,3,79902.4695,62,1.0
10380,7315,1,11111.595,144,6.0
10381,7310,2,168795.2295,136,7.0
10382,7308,4,176876.3895,91,1.0
10383,7317,1,282.8406,118,6.0
10384,7306,3,57840.9027,80,1.0
10385,7310,1,105257.109,71,6.0
10386,7314,4,93943.485,106,1.0
10387,7315,1,101014.5,267,4.0
10388,7311,1,58588.41,75,6.0
10389,7302,2,34344.93,11,1.0
10390,7308,2,28284.06,40,1.0
10391,7312,4,425271.045,59,1.0
10392,7319,2,251425.0905,71,5.0
10393,7301,2,109095.66,77,1.0
10394,7308,1,41617.974,103,6.0
10395,7320,5,141420.3,278,1.0
10396,7316,2,76771.02,554,5.0
10397,7307,6,28486.089,56,1.0
10398,7305,1,48486.96,235,4.0
10399,7321,6,131015.8065,81,2.0
10400,7312,3,38486.5245,95,1.0
10401,7301,2,21819.132,46,5.0
10402,7318,4,139763.6622,235,1.0
10403,7321,3,50507.25,212,1.0
10404,7316,2,201018.855,168,1.0
10405,7316,2,118186.965,149,7.0
10406,7319,2,106166.2395,90,1.0
10407,7312,4,40001.742,66,5.0
10408,7309,2,104044.935,309,1.0
10409,7305,4,661644.975,75,1.0
10410,7310,3,215564.943,86,1.0
10411,7308,2,37072.3215,103,3.0
10412,7307,1,0.0,297,6.0
10413,7313,4,225363.3495,337,1.0
10414,7321,5,112833.1965,266,1.0
10415,7316,2,222231.9,61,1.0
10416,7315,1,25859.712,62,4.0
10417,7305,1,5050.725,168,4.0
10418,7312,2,131318.85,46,3.0
10419,7322,4,30910.437,111,1.0
10420,7312,3,714576.573,97,5.0
10421,7312,4,376784.085,209,1.0
10422,7313,2,44345.3655,67,3.0
10423,7321,2,136773.633,24,5.0
10424,7314,3,202029.0,73,1.0
10425,7303,4,120207.255,95,2.0
10426,7309,5,576792.795,101,1.0
10427,7321,1,15051.1605,53,6.0
10428,7306,5,89902.905,111,1.0
10429,7301,2,158087.6925,35,1.0
10430,7321,1,66568.5555,54,4.0
10431,7317,1,4040.58,57,6.0
10432,7315,4,242434.8,116,5.0
10433,7322,4,118388.994,65,1.0
10434,7320,2,86761.35405,91,1.0
10435,7313,5,126470.154,50,1.0
10436,7308,1,84650.151,60,6.0
10437,7305,3,148996.3875,112,1.0
10438,7308,2,277789.875,56,1.0
10439,7315,1,24243.48,505,6.0
10440,7312,4,157178.562,199,1.0
10441,7305,2,57275.2215,166,1.0
10442,7309,2,196978.275,141,1.0
10443,7302,2,91115.079,105,1.0
10444,7310,4,144450.735,71,1.0
10445,7314,4,261122.4825,132,3.0
10446,7316,2,78791.31,127,5.0
10447,7305,2,32324.64,144,1.0
10448,7312,1,40405.8,66,4.0
10449,7311,2,279810.165,113,1.0
10450,7301,5,126328.7337,548,1.0
10451,7314,4,40405.8,120,1.0
10452,7301,4,69194.9325,491,1.0
10453,7320,1,20000.871,47,4.0
10454,7305,2,95963.775,132,5.0
10455,7313,1,51416.3805,66,6.0
10456,7309,3,0.0,42,1.0
10457,7304,2,29092.176,70,3.0
10458,7320,9,105560.1525,61,1.0
10459,7315,5,172734.795,103,3.0
10460,7317,3,61113.7725,386,3.0
10461,7306,5,39395.655,262,1.0
10462,7309,1,303043.5,102,4.0
10463,7322,4,55254.9315,56,1.0
10464,7318,2,121217.4,109,1.0
10465,7314,5,72982.97625,73,1.0
10466,7302,2,58689.4245,141,1.0
10467,7302,4,239707.4085,56,1.0
10468,7302,3,111115.95,16,1.0
10469,7316,4,308094.225,106,1.0
10470,7306,6,253647.4095,52,2.0
10471,7304,2,95155.659,56,1.0
10472,7318,1,0.0,93,6.0
10473,7303,1,45456.525,116,4.0
10474,7315,1,115833.32715,79,4.0
10475,7320,4,242434.8,334,1.0
10476,7319,4,96691.0794,124,1.0
10477,7309,1,73235.5125,49,6.0
10478,7308,4,178795.665,61,1.0
10479,7307,2,114146.385,131,1.0
10480,7301,2,40203.771,74,1.0
10481,7321,1,75760.875,150,4.0
10482,7316,1,10909.566,125,4.0
10483,7312,1,40405.8,100,4.0
10484,7314,1,14647.1025,62,6.0
10485,7315,2,90913.05,53,1.0
10486,7319,1,12121.74,105,4.0
10487,7304,2,391542.30345,61,3.0
10488,7318,3,10606.5225,66,1.0
10489,7317,3,153542.04,111,1.0
10490,7321,1,41415.945,82,4.0
10491,7311,2,198190.449,150,7.0
10492,7301,3,113136.24,264,3.0
10493,7316,1,63033.048,30,6.0
10494,7319,4,56568.12,47,1.0
10495,7306,3,141622.329,139,1.0
10496,7309,1,11616.6675,81,6.0
10497,7301,2,144955.8075,43,1.0
10498,7316,2,85559.2815,137,7.0
10499,7308,3,106065.225,56,1.0
10500,7319,5,43739.2785,78,1.0
10501,7322,1,28284.06,236,4.0
10502,7301,1,34041.8865,65,6.0
10503,7319,3,30304.35,88,5.0
10504,7316,2,63639.135,60,1.0
10505,7316,2,288901.47,101,5.0
10506,7314,2,68689.86,82,1.0
10507,7319,3,641442.075,44,1.0
10508,7312,2,32324.64,27,1.0
10509,7322,4,73134.498,56,1.0
10510,7318,5,2525.3625,89,1.0
10511,7302,5,132328.995,62,2.0
10512,7318,5,125156.9655,32,3.0
10513,7316,1,75760.875,71,4.0
10514,7303,2,151521.75,63,1.0
10515,7317,2,124146.8205,123,5.0
10516,7310,4,38183.481,58,1.0
10517,7314,1,26203.1613,63,6.0
10518,7304,1,95963.775,53,4.0
10519,7302,3,133339.14,115,1.0
10520,7316,1,45456.525,113,4.0
10521,7304,2,92428.2675,59,1.0
10522,7314,2,143743.6335,47,1.0
10523,7301,2,65659.425,79,2.0
10524,7302,4,101014.5,54,1.0
10525,7314,1,80811.6,119,6.0
10526,7305,2,147481.17,60,1.0
10527,7320,3,161623.2,68,1.0
10528,7310,1,6060.87,316,6.0
10529,7316,3,126268.125,123,1.0
10530,7303,1,58588.41,85,4.0
10531,7320,2,25455.654,104,3.0
10532,7312,1,115762.617,59,4.0
10533,7317,2,18889.7115,81,1.0
10534,7311,1,173845.9545,65,6.0
10535,7316,2,53335.656,138,7.0
10536,7311,1,65659.425,115,6.0
10537,7315,2,142531.4595,57,1.0
10538,7316,2,112126.095,80,7.0
10539,7322,4,37375.365,115,1.0
10540,7302,1,374662.7805,39,6.0
10541,7306,2,80811.6,117,5.0
10542,7318,5,90913.05,208,1.0
10543,7313,2,13030.8705,76,3.0
10544,7310,2,610935.696,112,1.0
10545,7316,2,168421.47585,75,1.0
10546,7309,2,107075.37,103,1.0
10547,7311,2,222231.9,112,1.0
10548,7320,4,70710.15,196,3.0
10549,7302,6,73013.2806,84,1.0
10550,7315,4,76771.02,302,1.0
10551,7310,2,579823.23,54,1.0
10552,7304,4,210110.16,49,1.0
10553,7308,4,35001.52425,53,1.0
10554,7320,2,35355.075,53,1.0
10555,7310,5,50507.25,89,1.0
10556,7320,2,142430.445,65,1.0
10557,7308,2,120510.2985,111,1.0
10558,7317,2,33738.843,96,3.0
10559,7301,6,280113.2085,58,1.0
10560,7313,4,80811.6,51,1.0
10561,7310,3,119439.5448,73,1.0
10562,7310,4,241424.655,67,1.0
10563,7301,2,98994.21,110,1.0
10564,7311,4,71215.2225,35,1.0
10565,7313,2,145460.88,149,1.0
10566,7302,2,46769.7135,13,3.0
10567,7310,1,111115.95,54,6.0
10568,7320,3,303043.5,119,1.0
10569,7305,1,72730.44,100,4.0
10570,7303,7,64649.28,217,2.0
10571,7321,4,215564.943,53,1.0
10572,7320,4,140410.155,226,1.0
10573,7317,4,80811.6,75,1.0
10574,7322,4,24748.5525,74,1.0
10575,7304,2,91014.0645,152,5.0
10576,7308,4,121217.4,109,1.0
10577,7302,1,140410.155,43,4.0
10578,7310,1,14344.059,240,4.0
10579,7303,1,39395.655,362,6.0
10580,7319,2,51921.453,56,1.0
10581,7306,3,218797.407,55,1.0
10582,7310,1,13333.914,74,6.0
10583,7303,2,129298.56,62,5.0
10584,7309,3,199907.6955,80,1.0
10585,7316,2,93943.485,75,3.0
10586,7313,2,181826.1,67,1.0
10587,7306,1,40405.8,162,4.0
10588,7321,4,103044.89145,58,1.0
10589,7320,3,73740.585,153,2.0
10590,7320,4,202029.0,125,1.0
10591,7311,4,687908.745,102,1.0
10592,7314,1,19495.7985,102,6.0
10593,7313,4,174755.085,113,1.0
10594,7308,1,82831.89,117,4.0
10595,7310,2,379814.52,75,1.0
10596,7310,2,131318.85,107,5.0
10597,7311,5,49901.163,129,1.0
10598,7316,1,77781.165,108,6.0
10599,7317,2,65659.425,141,5.0
10600,7321,2,2020.29,56,5.0
10601,7319,2,9394.3485,63,5.0
10602,7321,1,39193.626,46,6.0
10603,7306,1,74851.7445,43,6.0
10604,7321,1,10101.45,75,6.0
10605,7314,1,93943.485,72,6.0
10606,7304,2,303043.5,190,1.0
10607,7318,2,257991.033,64,1.0
10608,7304,1,42426.09,60,4.0
10609,7313,3,40607.829,55,1.0
10610,7310,1,115156.53,140,4.0
10611,7319,2,36668.2635,86,3.0
10612,7309,3,29799.2775,159,1.0
10613,7322,2,87680.586,44,3.0
10614,7307,2,109600.7325,160,1.0
10615,7301,4,70710.15,325,1.0
10616,7315,2,8475.11655,51,1.0
10617,7316,1,30304.35,98,6.0
10618,7318,8,183341.3175,38,1.0
10619,7303,3,109196.6745,49,1.0
10620,7302,4,50507.25,21,3.0
10621,7313,2,373753.65,62,1.0
10622,7311,2,151521.75,71,1.0
10623,7307,2,143844.648,58,1.0
10624,7302,2,188998.1295,48,1.0
10625,7310,5,22223.19,24,3.0
10626,7309,3,303043.5,181,2.0
10627,7301,2,47678.844,280,3.0
10628,7317,2,60608.7,59,1.0
10629,7302,4,116166.675,66,1.0
10630,7320,5,239404.365,329,1.0
10631,7309,4,151521.75,39,1.0
10632,7320,2,42426.09,85,2.0
10633,7306,2,47173.7715,79,1.0
10634,7308,2,149501.46,81,3.0
10635,7321,5,28284.06,99,3.0
10636,7321,4,19192.755,97,3.0
10637,7308,5,121520.4435,228,1.0
10638,7315,2,17950.27665,115,1.0
10639,7303,3,111924.066,66,1.0
10640,7314,5,53537.685,92,1.0
10641,7309,2,50507.25,49,3.0
10642,7306,4,64649.28,54,1.0
10643,7318,2,26263.77,108,2.0
10644,7310,1,60608.7,439,4.0
10645,7315,4,288143.86125,99,2.0
10646,7320,4,174250.0125,183,1.0
10647,7301,2,68992.9035,30,1.0
10648,7303,4,97984.065,31,1.0
10649,7309,3,10606.5225,38,3.0
10650,7306,1,124550.8785,52,6.0
10651,7308,6,217181.175,92,1.0
10652,7316,2,83246.04945,148,5.0
10653,7319,1,30304.35,59,4.0
10654,7311,2,181927.1145,96,1.0
10655,7312,4,186876.825,112,1.0
10656,7313,2,115661.6025,58,5.0
10657,7302,2,25253.625,168,7.0
10658,7314,2,169502.331,49,7.0
10659,7303,2,173744.94,96,7.0
10660,7317,2,204655.377,75,1.0
10661,7308,2,252536.25,101,1.0
10662,7320,3,252536.25,132,5.0
10663,7309,1,204049.29,57,4.0
10664,7311,1,58790.439,176,6.0
10665,7310,1,14515.78365,153,4.0
10666,7314,1,50507.25,72,4.0
10667,7308,5,206069.58,49,5.0
10668,7303,3,153542.04,35,1.0
10669,7310,3,50507.25,187,1.0
10670,7312,2,215160.885,66,3.0
10671,7304,4,161623.2,67,1.0
10672,7316,2,36971.307,62,3.0
10673,7313,2,136369.575,73,1.0
10674,7309,3,232333.35,80,1.0
10675,7303,1,42729.1335,103,6.0
10676,7318,5,181826.1,188,1.0
10677,7310,2,139096.9665,88,1.0
10678,7321,5,75760.875,153,1.0
10679,7321,5,6060.87,60,1.0
10680,7305,2,36163.191,120,1.0
10681,7321,4,25253.625,67,1.0
10682,7302,4,170714.505,52,1.0
10683,7303,3,27880.002,58,1.0
10684,7303,5,114146.385,54,1.0
10685,7317,5,62628.99,67,1.0
10686,7305,4,273143.208,144,1.0
10687,7314,3,125257.98,63,5.0
10688,7316,2,50507.25,58,3.0
10689,7304,2,148491.315,104,1.0
10690,7312,3,158491.7505,57,1.0
10691,7311,3,171906.4761,29,1.0
10692,7301,1,43739.2785,111,6.0
10693,7321,3,176775.375,74,5.0
10694,7301,3,94246.5285,80,3.0
10695,7306,1,63639.135,59,6.0
10696,7307,3,273092.70075,50,1.0
10697,7315,1,39395.655,63,4.0
10698,7315,2,206069.58,54,1.0
10699,7301,2,100812.471,58,2.0
10700,7311,2,373753.65,91,1.0
10701,7307,2,71922.324,116,7.0
10702,7313,4,143440.59,103,1.0
10703,7319,4,144450.735,44,1.0
10704,7315,2,26263.77,99,1.0
10705,7318,4,90913.05,85,1.0
10706,7316,2,259607.265,78,1.0
10707,7313,4,70912.179,238,3.0
10708,7314,2,94650.5865,55,1.0
10709,7310,2,71518.266,70,5.0
10710,7314,2,702252.804,83,1.0
10711,7301,1,59396.526,69,4.0
10712,7313,2,104853.051,52,1.0
10713,7320,2,80811.6,108,3.0
10714,7315,3,190715.376,118,1.0
10715,7301,4,250111.902,94,1.0
10716,7321,1,101014.5,311,4.0
10717,7301,5,199200.594,42,1.0
10718,7321,4,43436.235,310,3.0
10719,7306,4,174654.0705,114,1.0
10720,7314,2,95054.6445,70,1.0
10721,7305,6,84145.0785,54,3.0
10722,7304,1,101014.5,111,6.0
10723,7315,1,33031.7415,86,6.0
10724,7321,5,176472.3315,260,1.0
10725,7304,2,122328.5595,98,1.0
10726,7310,5,234353.64,100,1.0
10727,7301,2,131318.85,125,1.0
10728,7317,4,101317.5435,86,3.0
10729,7307,2,52325.511,46,1.0
10730,7310,2,114348.414,208,1.0
10731,7322,2,12879.34875,113,1.0
10732,7310,2,231323.205,63,1.0
10733,7306,5,49901.163,73,3.0
10734,7321,3,48486.96,213,1.0
10735,7304,2,93943.485,57,1.0
10736,7317,2,85054.209,432,1.0
10737,7313,1,0.0,110,4.0
10738,7314,1,148188.2715,98,6.0
10739,7317,2,277183.788,104,1.0
10740,7312,1,23233.335,86,4.0
10741,7304,1,132328.995,82,4.0
10742,7321,4,126268.125,146,3.0
10743,7310,2,91923.195,91,2.0
10744,7318,6,32031.69795,55,1.0
10745,7302,2,210817.2615,93,1.0
10746,7309,2,750537.735,94,1.0
10747,7311,1,101216.529,122,4.0
10748,7312,2,126268.125,63,5.0
10749,7313,4,85862.325,110,1.0
10750,7320,2,141420.3,157,1.0
10751,7320,3,3131.4495,191,3.0
10752,7314,5,65659.425,352,1.0
10753,7311,5,136369.575,101,1.0
10754,7308,5,74750.73,156,1.0
10755,7320,2,78791.31,936,3.0
10756,7306,5,344257.416,49,1.0
10757,7318,2,45961.5975,82,3.0
10758,7305,4,112126.095,114,1.0
10759,7315,1,54547.83,146,4.0
10760,7313,3,148188.2715,67,1.0
10761,7316,5,63235.077,135,1.0
10762,7310,3,813772.812,60,1.0
10763,7308,1,8182.1745,81,6.0
10764,7315,2,87074.499,66,1.0
10765,7304,1,136369.575,152,4.0
10766,7314,3,128813.6904,60,3.0
10767,7312,2,156269.4315,50,1.0
10768,7321,3,39395.655,48,1.0
10769,7319,4,90913.05,49,1.0
10770,7302,2,94125.3111,36,1.0
10771,7316,1,24243.48,439,4.0
10772,7310,2,63033.048,62,3.0
10773,7307,2,85054.209,47,1.0
10774,7313,3,35052.0315,87,1.0
10775,7302,4,90913.05,78,2.0
10776,7318,1,24243.48,148,6.0
10777,7301,1,52234.59795,102,4.0
10778,7317,2,68194.88895,42,7.0
10779,7319,2,58184.352,213,1.0
10780,7304,2,67982.7585,342,3.0
10781,7318,4,143703.2277,84,1.0
10782,7311,2,161623.2,154,1.0
10783,7308,2,156814.9098,63,1.0
10784,7318,3,142834.503,179,1.0
10785,7317,1,31819.5675,131,6.0
10786,7316,5,47880.873,198,3.0
10787,7314,1,11313.624,136,4.0
10788,7313,3,59901.5985,69,1.0
10789,7322,3,43123.09005,61,1.0
10790,7303,1,19596.813,34,6.0
10791,7322,4,46749.5106,62,1.0
10792,7314,1,70710.15,277,6.0
10793,7315,4,105257.109,71,3.0
10794,7314,1,68689.86,77,4.0
10795,7311,2,5858.841,97,1.0
10796,7310,1,42426.09,61,6.0
10797,7302,3,90913.05,20,2.0
10798,7322,2,12121.74,60,1.0
10799,7316,5,72811.2516,57,1.0
10800,7310,2,665685.555,57,1.0
10801,7321,4,104044.935,203,2.0
10802,7316,2,103034.79,120,1.0
10803,7302,3,170209.4325,48,1.0
10804,7306,3,152430.8805,60,1.0
10805,7320,1,38688.5535,38,6.0
10806,7316,7,124045.806,130,3.0
10807,7309,3,155562.33,90,1.0
10808,7314,2,140107.1115,54,1.0
10809,7313,2,141208.16955,55,3.0
10810,7307,1,21920.1465,65,4.0
10811,7312,2,123237.69,57,1.0
10812,7309,4,341429.01,357,1.0
10813,7315,2,8475.11655,56,1.0
10814,7306,2,30102.321,76,1.0
10815,7321,4,56568.12,235,3.0
10816,7316,2,85155.2235,74,1.0
10817,7304,2,59800.584,78,1.0
10818,7310,3,214150.74,55,1.0
10819,7313,2,148188.2715,43,1.0
10820,7322,3,36365.22,86,2.0
10821,7318,3,133844.2125,70,3.0
10822,7321,3,116166.675,79,1.0
10823,7301,3,52527.54,181,1.0
10824,7302,2,201725.9565,49,1.0
10825,7310,5,217383.204,120,1.0
10826,7316,3,127278.27,84,5.0
10827,7312,2,35456.0895,92,1.0
10828,7314,4,157582.62,50,1.0
10829,7314,3,133036.0965,62,3.0
10830,7310,1,50507.25,379,4.0
10831,7317,3,147784.2135,49,1.0
10832,7314,3,135490.74885,116,1.0
10833,7303,2,116166.675,157,1.0
10834,7302,7,55557.975,369,1.0
10835,7321,1,77276.0925,204,4.0
10836,7313,2,222231.9,103,1.0
10837,7320,2,101721.6015,89,1.0
10838,7316,10,176674.3605,36,1.0
10839,7319,4,170714.505,252,3.0
10840,7310,4,153542.04,37,1.0
10841,7313,3,196372.188,62,1.0
10842,7309,3,126672.183,73,1.0
10843,7307,1,19697.8275,97,4.0
10844,7315,2,165865.809,53,1.0
10845,7311,1,20707.9725,102,6.0
10846,7315,1,10101.45,190,4.0
10847,7319,3,47274.786,164,1.0
10848,7315,2,40405.8,386,3.0
10849,7304,2,171724.65,65,1.0
10850,7317,1,22223.19,148,4.0
10851,7310,2,352540.605,36,1.0
10852,7322,2,126268.125,34,1.0
10853,7317,2,47981.8875,77,7.0
10854,7322,4,95963.775,76,1.0
10855,7322,2,79801.455,58,7.0
10856,7316,1,34344.93,29,4.0
10857,7317,2,688009.7595,104,1.0
10858,7321,1,88589.7165,61,4.0
10859,7306,5,25253.625,224,1.0
10860,7315,3,267587.4105,73,2.0
10861,7319,3,94953.63,46,1.0
10862,7301,3,109095.66,74,1.0
10863,7321,3,60608.7,48,1.0
10864,7301,1,26667.828,93,6.0
10865,7315,2,213140.595,78,1.0
10866,7306,3,193543.782,35,1.0
10867,7310,2,71013.1935,60,3.0
10868,7321,6,68689.86,61,1.0
10869,7310,2,65255.367,86,7.0
10870,7315,2,48688.989,69,3.0
10871,7309,2,240828.66945,67,1.0
10872,7319,1,107075.37,50,6.0
10873,7313,2,45961.5975,41,1.0
10874,7320,4,106772.3265,134,1.0
10875,7310,2,123843.777,132,1.0
10876,7309,6,229302.915,74,1.0
10877,7319,4,49093.047,100,1.0
10878,7301,5,205059.435,64,1.0
10879,7308,2,36365.22,110,1.0
10880,7313,3,173744.94,91,1.0
10881,7307,3,230919.147,60,1.0
10882,7308,3,131318.85,39,1.0
10883,7315,4,106873.341,114,3.0
10884,7318,6,51476.9892,94,1.0
10885,7311,3,720233.385,95,1.0
10886,7308,4,146471.025,176,1.0
10887,7321,1,15253.1895,52,6.0
10888,7318,2,58790.439,70,1.0
10889,7304,3,252536.25,144,1.0
10890,7308,2,486889.89,57,1.0
10891,7302,1,50507.25,211,4.0
10892,7317,2,110024.9934,57,1.0
10893,7320,4,129298.56,81,1.0
10894,7301,1,80811.6,62,4.0
10895,7304,2,299002.92,110,1.0
10896,7307,1,36365.22,90,6.0
10897,7312,2,60608.7,47,1.0
10898,7309,1,17576.523,57,6.0
10899,7319,3,141420.3,40,1.0
10900,7307,6,94549.572,123,1.0
10901,7315,1,63538.1205,110,4.0
10902,7301,4,158592.765,119,1.0
10903,7317,2,22425.219,121,2.0
10904,7315,2,135359.43,83,1.0
10905,7310,2,59194.497,52,1.0
10906,7310,1,114146.385,69,6.0
10907,7321,4,50608.2645,56,3.0
10908,7313,5,158087.6925,105,1.0
10909,7308,1,0.0,52,6.0
10910,7306,2,61719.8595,45,3.0
10911,7310,2,24243.48,56,2.0
10912,7309,2,182836.245,58,1.0
10913,7306,1,888.9276,72,4.0
10914,7306,4,74750.73,88,2.0
10915,7309,2,46365.6555,55,1.0
10916,7316,3,161623.2,64,1.0
10917,7309,1,37173.336,83,6.0
10918,7319,1,27677.973,72,4.0
10919,7313,5,280214.223,50,1.0
10920,7315,2,221221.755,480,5.0
10921,7307,2,38890.5825,67,1.0
10922,7322,9,106368.2685,96,2.0
10923,7302,1,62123.9175,11,6.0
10924,7321,4,33334.785,137,3.0
10925,7320,10,169502.331,55,2.0
10926,7321,2,34243.9155,61,2.0
10927,7312,1,142430.445,48,6.0
10928,7320,3,131318.85,32,2.0
10929,7316,7,65760.4395,76,3.0
10930,7312,1,12727.827,98,6.0
10931,7313,3,106469.283,27,5.0
