HHID,SPORDER,PUMA,AGEP,SCHG,COW,SEX,ESR,MIL,WKHP
1,1,7305,25,,1.0,1,1.0,4.0,40.0
1,2,7305,26,,1.0,2,6.0,4.0,
1,3,7305,2,,,1,,,
1,4,7305,0,,,1,,,
2,1,7311,59,,1.0,1,1.0,4.0,40.0
2,2,7311,53,16.0,1.0,2,1.0,4.0,40.0
2,3,7311,18,15.0,4.0,2,1.0,4.0,14.0
2,4,7311,83,,,2,6.0,4.0,
3,1,7308,67,,3.0,2,1.0,4.0,40.0
3,2,7308,36,,1.0,1,6.0,4.0,
3,3,7308,32,,1.0,1,1.0,4.0,35.0
4,1,7310,23,,5.0,1,4.0,1.0,48.0
5,1,7313,30,,1.0,1,1.0,4.0,55.0
5,2,7313,35,,1.0,2,1.0,4.0,50.0
5,3,7313,1,,,2,,,
6,1,7301,55,,2.0,2,6.0,4.0,
6,2,7301,16,13.0,1.0,2,1.0,,20.0
7,1,7312,23,15.0,2.0,2,2.0,4.0,10.0
7,2,7312,39,,2.0,1,2.0,4.0,40.0
8,1,7318,74,,,1,6.0,4.0,
8,2,7318,75,,1.0,1,6.0,4.0,70.0
9,1,7309,62,,6.0,1,1.0,4.0,36.0
9,2,7309,69,,1.0,2,1.0,4.0,36.0
10,1,7310,43,,6.0,2,1.0,4.0,10.0
10,2,7310,49,,6.0,1,1.0,4.0,40.0
10,3,7310,14,11.0,,2,,,
10,4,7310,11,8.0,,2,,,
10,5,7310,6,3.0,,1,,,
11,1,7307,32,15.0,1.0,1,3.0,4.0,30.0
12,1,7318,48,,1.0,1,1.0,4.0,40.0
12,2,7318,11,8.0,,1,,,
12,3,7318,12,9.0,,2,,,
12,4,7318,48,,1.0,1,1.0,4.0,40.0
13,1,7321,56,,5.0,1,6.0,2.0,40.0
14,1,7316,31,,1.0,1,1.0,4.0,48.0
14,2,7316,24,,,2,6.0,4.0,
14,3,7316,3,,,2,,,
14,4,7316,1,,,1,,,
15,1,7301,32,,1.0,1,1.0,4.0,55.0
15,2,7301,32,16.0,2.0,2,1.0,4.0,45.0
15,3,7301,2,,,2,,,
15,4,7301,1,,,1,,,
16,1,7313,68,,,2,6.0,4.0,
17,1,7306,87,,,1,6.0,4.0,
18,1,7313,65,,1.0,1,6.0,2.0,
18,2,7313,64,,1.0,2,1.0,4.0,18.0
18,3,7313,60,,7.0,2,6.0,4.0,3.0
19,1,7313,37,,1.0,1,6.0,4.0,
19,2,7313,37,,3.0,2,1.0,4.0,40.0
19,3,7313,1,,,1,,,
20,1,7310,46,,2.0,2,1.0,4.0,45.0
20,2,7310,50,,1.0,1,1.0,4.0,35.0
21,1,7321,54,,6.0,2,1.0,4.0,15.0
21,2,7321,18,,,2,6.0,4.0,
22,1,7314,61,,5.0,2,1.0,4.0,40.0
22,2,7314,66,,1.0,1,1.0,4.0,40.0
23,1,7313,53,,1.0,1,1.0,4.0,40.0
24,1,7316,58,,4.0,1,1.0,4.0,40.0
25,1,7321,46,,,2,6.0,4.0,
25,2,7321,39,,1.0,1,1.0,4.0,25.0
25,3,7321,13,10.0,,2,,,
26,1,7302,71,,,2,6.0,4.0,
26,2,7302,68,,1.0,1,6.0,4.0,
27,1,7308,46,,5.0,2,1.0,4.0,40.0
27,2,7308,56,,5.0,1,1.0,4.0,40.0
27,3,7308,21,15.0,,1,6.0,3.0,
27,4,7308,15,13.0,,2,,,
27,5,7308,21,15.0,1.0,1,1.0,4.0,18.0
28,1,7301,33,,1.0,2,1.0,4.0,40.0
28,2,7301,7,4.0,,2,,,
28,3,7301,5,2.0,,2,,,
28,4,7301,3,,,1,,,
29,1,7317,64,,1.0,1,1.0,4.0,40.0
30,1,7305,84,,,2,6.0,4.0,
30,2,7305,87,,,1,6.0,2.0,
31,1,7312,79,,,1,6.0,2.0,
32,1,7310,22,15.0,1.0,2,6.0,4.0,30.0
32,2,7310,23,,1.0,1,1.0,2.0,50.0
32,3,7310,2,,,1,,,
33,1,7314,31,,7.0,2,1.0,4.0,40.0
33,2,7314,34,,7.0,1,1.0,4.0,50.0
33,3,7314,21,,1.0,2,1.0,4.0,40.0
33,4,7314,21,,1.0,2,1.0,4.0,40.0
34,1,7319,67,,,1,6.0,4.0,
34,2,7319,67,,7.0,2,1.0,4.0,24.0
34,3,7319,27,,1.0,1,1.0,4.0,40.0
34,4,7319,27,,1.0,1,1.0,4.0,40.0
35,1,7313,48,,1.0,1,1.0,4.0,50.0
35,2,7313,41,15.0,1.0,2,6.0,4.0,
35,3,7313,7,2.0,,2,,,
35,4,7313,2,,,1,,,
35,5,7313,2,,,2,,,
35,6,7313,2,,,1,,,
36,1,7322,42,,2.0,1,1.0,4.0,40.0
37,1,7318,59,,,2,6.0,4.0,
38,1,7306,53,,1.0,1,1.0,4.0,40.0
38,2,7306,50,,,2,6.0,4.0,
38,3,7306,27,,2.0,2,1.0,4.0,40.0
38,4,7306,21,15.0,1.0,2,1.0,4.0,25.0
38,5,7306,16,14.0,,1,6.0,,
38,6,7306,9,6.0,,1,,,
38,7,7306,6,3.0,,2,,,
38,8,7306,4,,,2,,,
38,9,7306,30,,1.0,1,1.0,4.0,40.0
39,1,7314,47,,6.0,2,1.0,4.0,12.0
39,2,7314,46,,9.0,1,3.0,4.0,
39,3,7314,9,6.0,,2,,,
39,4,7314,5,1.0,,1,,,
40,1,7314,25,,1.0,1,1.0,4.0,28.0
40,2,7314,65,,,2,6.0,4.0,
41,1,7320,58,,,2,6.0,4.0,
41,2,7320,60,,1.0,1,1.0,4.0,30.0
42,1,7310,74,,4.0,2,1.0,4.0,40.0
43,1,7313,61,,1.0,1,1.0,4.0,40.0
43,2,7313,68,,,2,6.0,2.0,
44,1,7310,86,,,1,6.0,4.0,
44,2,7310,82,,,2,6.0,4.0,
45,1,7319,69,,1.0,1,1.0,4.0,40.0
45,2,7319,50,,7.0,2,1.0,4.0,62.0
45,3,7319,15,12.0,,1,,,
46,1,7301,84,,,2,6.0,4.0,
47,1,7313,75,,2.0,2,1.0,4.0,25.0
48,1,7313,48,,5.0,1,1.0,2.0,40.0
48,2,7313,41,,3.0,2,1.0,4.0,30.0
48,3,7313,11,7.0,,1,,,
48,4,7313,7,4.0,,2,,,
48,5,7313,73,,,2,6.0,4.0,
49,1,7309,62,,2.0,2,1.0,4.0,36.0
49,2,7309,62,,4.0,1,6.0,4.0,40.0
49,3,7309,29,,3.0,2,1.0,4.0,40.0
49,4,7309,10,6.0,,2,,,
50,1,7318,65,,1.0,2,6.0,4.0,16.0
50,2,7318,76,,,1,6.0,2.0,
51,1,7304,73,15.0,,2,6.0,4.0,
51,2,7304,51,15.0,6.0,1,1.0,4.0,40.0
52,1,7314,74,,,2,6.0,4.0,
52,2,7314,76,,6.0,1,6.0,4.0,20.0
53,1,7317,37,,6.0,2,1.0,4.0,35.0
53,2,7317,47,,6.0,1,1.0,4.0,30.0
53,3,7317,8,4.0,,1,,,
53,4,7317,5,1.0,,1,,,
54,1,7322,34,16.0,5.0,1,6.0,2.0,
55,1,7312,39,,1.0,1,1.0,4.0,40.0
55,2,7312,40,,1.0,2,1.0,4.0,20.0
55,3,7312,16,12.0,,2,6.0,,
55,4,7312,12,9.0,,2,,,
56,1,7302,51,,1.0,1,1.0,4.0,40.0
57,1,7314,73,,,2,6.0,4.0,
58,1,7305,78,,,1,6.0,4.0,
59,1,7301,79,,,2,6.0,4.0,
60,1,7306,58,,1.0,2,1.0,4.0,40.0
60,2,7306,55,,1.0,1,1.0,2.0,40.0
61,1,7314,51,,6.0,1,1.0,4.0,50.0
62,1,7320,60,,,2,6.0,4.0,
62,2,7320,21,15.0,,1,6.0,4.0,
63,1,7303,44,,1.0,1,1.0,4.0,40.0
63,2,7303,47,,1.0,2,1.0,4.0,40.0
64,1,7311,39,,2.0,1,1.0,4.0,38.0
64,2,7311,37,,1.0,2,1.0,4.0,60.0
64,3,7311,6,2.0,,1,,,
65,1,7313,44,,1.0,2,1.0,4.0,40.0
65,2,7313,17,14.0,,1,6.0,4.0,
66,1,7302,35,,3.0,1,1.0,2.0,40.0
67,1,7321,60,,1.0,1,1.0,4.0,40.0
67,2,7321,19,15.0,1.0,1,1.0,4.0,35.0
67,3,7321,21,,1.0,1,1.0,4.0,40.0
68,1,7303,84,,,2,6.0,4.0,
69,1,7307,51,,6.0,2,1.0,4.0,5.0
69,2,7307,55,,7.0,1,1.0,4.0,40.0
70,1,7304,73,,,1,6.0,2.0,
70,2,7304,70,,,2,6.0,4.0,
71,1,7301,32,15.0,1.0,2,1.0,4.0,24.0
71,2,7301,33,15.0,5.0,1,4.0,1.0,80.0
71,3,7301,5,1.0,,1,,,
71,4,7301,3,,,2,,,
71,5,7301,0,,,1,,,
72,1,7316,26,,1.0,2,1.0,4.0,40.0
72,2,7316,28,,1.0,1,1.0,4.0,21.0
73,1,7314,40,,1.0,2,1.0,4.0,40.0
73,2,7314,52,,1.0,1,1.0,4.0,40.0
73,3,7314,1,,,2,,,
73,4,7314,35,,1.0,1,1.0,4.0,60.0
73,5,7314,67,,1.0,1,6.0,2.0,
73,6,7314,34,,2.0,2,1.0,4.0,40.0
74,1,7316,29,,1.0,2,1.0,4.0,40.0
74,2,7316,31,,1.0,1,1.0,4.0,40.0
75,1,7314,31,,1.0,1,1.0,4.0,35.0
75,2,7314,39,,7.0,2,1.0,4.0,40.0
76,1,7319,66,,,1,6.0,4.0,
77,1,7319,58,,5.0,1,6.0,2.0,
77,2,7319,68,,1.0,2,1.0,4.0,40.0
78,1,7309,26,15.0,1.0,1,1.0,2.0,40.0
78,2,7309,24,15.0,1.0,2,1.0,4.0,40.0
78,3,7309,2,,,1,,,
78,4,7309,5,,,2,,,
79,1,7310,78,,,1,6.0,2.0,
79,2,7310,69,,,2,6.0,4.0,
80,1,7317,32,,3.0,1,1.0,4.0,40.0
80,2,7317,28,,6.0,1,1.0,4.0,50.0
81,1,7311,33,,1.0,1,1.0,4.0,40.0
81,2,7311,33,,1.0,2,1.0,4.0,40.0
81,3,7311,1,,,1,,,
82,1,7316,53,,1.0,1,1.0,4.0,40.0
82,2,7316,49,,1.0,1,1.0,4.0,24.0
83,1,7309,41,,1.0,2,1.0,4.0,40.0
84,1,7308,55,15.0,1.0,1,1.0,4.0,40.0
84,2,7308,50,,1.0,2,1.0,4.0,36.0
84,3,7308,23,,1.0,2,1.0,4.0,30.0
84,4,7308,19,15.0,3.0,2,1.0,4.0,10.0
84,5,7308,17,14.0,,1,6.0,4.0,
85,1,7306,34,15.0,6.0,2,1.0,4.0,20.0
85,2,7306,34,,6.0,1,1.0,4.0,25.0
85,3,7306,8,5.0,,2,,,
85,4,7306,59,,6.0,1,1.0,4.0,40.0
85,5,7306,49,,,2,6.0,4.0,
86,1,7308,70,,1.0,1,6.0,4.0,30.0
86,2,7308,61,,1.0,2,6.0,4.0,
87,1,7307,61,,,1,6.0,2.0,
88,1,7317,33,,1.0,2,1.0,4.0,40.0
88,2,7317,26,15.0,1.0,2,6.0,4.0,
88,3,7317,53,,,2,6.0,4.0,
88,4,7317,73,,,2,6.0,4.0,
89,1,7322,66,,,2,6.0,4.0,
89,2,7322,55,,1.0,1,1.0,4.0,40.0
90,1,7310,23,,1.0,1,1.0,4.0,25.0
91,1,7314,40,,5.0,1,4.0,1.0,55.0
91,2,7314,40,,3.0,2,1.0,4.0,40.0
91,3,7314,17,14.0,1.0,2,1.0,4.0,16.0
91,4,7314,11,8.0,,2,,,
91,5,7314,7,3.0,,1,,,
91,6,7314,2,,,2,,,
92,1,7315,67,,,1,6.0,4.0,
92,2,7315,65,,3.0,2,6.0,4.0,
93,1,7317,52,,1.0,2,1.0,4.0,40.0
94,1,7316,26,,3.0,2,1.0,4.0,50.0
95,1,7310,52,,1.0,1,1.0,4.0,50.0
95,2,7310,42,,6.0,2,1.0,4.0,50.0
95,3,7310,14,10.0,,1,,,
95,4,7310,11,7.0,,2,,,
96,1,7317,45,,1.0,1,1.0,4.0,40.0
97,1,7315,56,,1.0,1,1.0,4.0,40.0
97,2,7315,41,,1.0,2,1.0,4.0,25.0
97,3,7315,8,5.0,,1,,,
97,4,7315,82,,,1,6.0,2.0,
98,1,7309,48,,7.0,1,1.0,4.0,40.0
99,1,7306,28,,8.0,2,1.0,4.0,37.0
99,2,7306,32,,1.0,1,1.0,4.0,40.0
99,3,7306,8,5.0,,2,,,
99,4,7306,59,,1.0,2,1.0,4.0,31.0
100,1,7317,61,,6.0,1,1.0,4.0,50.0
101,1,7316,76,,,1,6.0,4.0,
101,2,7316,74,,,2,6.0,4.0,
102,1,7309,60,,5.0,2,6.0,2.0,
103,1,7315,34,,2.0,1,1.0,2.0,25.0
103,2,7315,36,,1.0,2,1.0,4.0,50.0
103,3,7315,23,,6.0,2,3.0,2.0,25.0
104,1,7309,57,,2.0,1,1.0,4.0,48.0
104,2,7309,52,,1.0,2,1.0,4.0,30.0
104,3,7309,19,15.0,1.0,1,1.0,4.0,18.0
104,4,7309,16,13.0,,1,6.0,,
105,1,7303,52,,1.0,2,6.0,4.0,
105,2,7303,56,,1.0,1,1.0,4.0,50.0
105,3,7303,30,15.0,1.0,2,1.0,4.0,30.0
106,1,7301,75,,,1,6.0,2.0,
106,2,7301,20,15.0,9.0,1,3.0,4.0,
107,1,7302,73,,6.0,1,1.0,4.0,60.0
107,2,7302,63,,1.0,2,1.0,4.0,40.0
107,3,7302,28,,,1,6.0,4.0,
108,1,7308,51,,1.0,1,1.0,4.0,40.0
109,1,7316,32,,1.0,2,1.0,4.0,40.0
110,1,7304,82,,,1,6.0,4.0,
110,2,7304,81,,,2,6.0,4.0,
111,1,7322,69,,3.0,1,6.0,4.0,
111,2,7322,68,,3.0,2,6.0,4.0,
111,3,7322,66,,,1,6.0,4.0,
111,4,7322,64,,1.0,2,1.0,4.0,25.0
111,5,7322,59,,1.0,2,1.0,4.0,8.0
111,6,7322,41,,3.0,1,1.0,4.0,40.0
111,7,7322,17,13.0,,2,6.0,4.0,
112,1,7304,60,,1.0,2,1.0,4.0,40.0
112,2,7304,53,,7.0,1,1.0,2.0,60.0
113,1,7309,48,,6.0,1,2.0,4.0,30.0
113,2,7309,45,15.0,1.0,2,6.0,4.0,40.0
113,3,7309,22,,1.0,1,1.0,4.0,30.0
114,1,7320,38,,5.0,2,1.0,4.0,40.0
114,2,7320,42,15.0,5.0,1,6.0,2.0,
114,3,7320,13,11.0,,1,,,
114,4,7320,10,7.0,,2,,,
114,5,7320,9,6.0,,1,,,
114,6,7320,62,,,2,6.0,4.0,
114,7,7320,62,,1.0,1,1.0,4.0,30.0
115,1,7307,76,,,1,6.0,2.0,
116,1,7315,86,,2.0,1,1.0,2.0,2.0
116,2,7315,75,,,2,6.0,4.0,
117,1,7301,25,,3.0,2,1.0,4.0,40.0
118,1,7321,54,,9.0,1,3.0,4.0,
118,2,7321,51,,9.0,2,3.0,4.0,
118,3,7321,25,,4.0,1,1.0,4.0,40.0
118,4,7321,20,15.0,1.0,2,1.0,4.0,25.0
118,5,7321,18,14.0,9.0,1,3.0,4.0,
119,1,7313,60,,,1,6.0,4.0,
120,1,7309,54,,1.0,2,1.0,4.0,45.0
120,2,7309,54,,1.0,1,1.0,4.0,40.0
121,1,7310,53,,,2,6.0,4.0,
121,2,7310,53,,1.0,1,1.0,4.0,40.0
121,3,7310,15,11.0,,2,,,
121,4,7310,5,1.0,,2,,,
122,1,7319,63,,1.0,2,6.0,4.0,
122,2,7319,63,,6.0,1,1.0,4.0,6.0
123,1,7314,64,,1.0,1,1.0,4.0,15.0
123,2,7314,40,,1.0,1,1.0,4.0,24.0
123,3,7314,85,,,2,6.0,4.0,
124,1,7306,67,,1.0,1,1.0,4.0,40.0
124,2,7306,65,,3.0,2,6.0,4.0,
125,1,7310,30,,6.0,2,1.0,4.0,45.0
126,1,7314,51,,1.0,2,1.0,4.0,40.0
126,2,7314,53,,1.0,1,1.0,4.0,40.0
126,3,7314,28,,6.0,1,1.0,4.0,20.0
127,1,7313,73,,,2,6.0,4.0,
128,1,7306,48,,6.0,2,6.0,4.0,18.0
128,2,7306,22,15.0,2.0,2,1.0,4.0,40.0
128,3,7306,62,,1.0,1,1.0,4.0,40.0
129,1,7321,53,,1.0,2,1.0,4.0,40.0
129,2,7321,55,,3.0,1,1.0,4.0,43.0
129,3,7321,26,15.0,1.0,1,1.0,4.0,5.0
130,1,7302,36,,1.0,2,1.0,4.0,40.0
130,2,7302,5,2.0,,1,,,
130,3,7302,15,12.0,,1,,,
130,4,7302,10,7.0,,2,,,
130,5,7302,39,,2.0,1,1.0,4.0,40.0
131,1,7314,34,16.0,5.0,1,4.0,1.0,45.0
131,2,7314,38,,,2,6.0,4.0,
131,3,7314,5,2.0,,1,,,
131,4,7314,3,,,1,,,
131,5,7314,0,,,1,,,
132,1,7322,62,,,2,6.0,4.0,
132,2,7322,59,,1.0,1,1.0,4.0,67.0
132,3,7322,30,,,2,6.0,4.0,
132,4,7322,16,13.0,,2,6.0,,
133,1,7314,55,,7.0,1,1.0,4.0,55.0
133,2,7314,49,,1.0,1,1.0,4.0,40.0
134,1,7316,32,16.0,1.0,2,6.0,4.0,
135,1,7310,50,,1.0,1,1.0,2.0,40.0
135,2,7310,49,,2.0,2,6.0,4.0,
135,3,7310,16,12.0,,1,6.0,,
135,4,7310,12,8.0,,1,,,
136,1,7309,47,,1.0,1,3.0,4.0,40.0
136,2,7309,50,,1.0,2,6.0,4.0,5.0
136,3,7309,12,8.0,,1,,,
136,4,7309,9,5.0,,2,,,
137,1,7309,43,,1.0,2,1.0,4.0,40.0
137,2,7309,47,,1.0,1,1.0,4.0,40.0
137,3,7309,15,12.0,,2,,,
138,1,7304,58,,1.0,1,1.0,4.0,40.0
138,2,7304,57,,3.0,2,1.0,4.0,35.0
139,1,7317,68,,,1,6.0,2.0,
140,1,7301,24,,5.0,1,1.0,2.0,60.0
140,2,7301,20,,1.0,2,3.0,4.0,40.0
140,3,7301,23,,1.0,1,1.0,4.0,44.0
141,1,7310,71,,1.0,1,6.0,4.0,20.0
141,2,7310,43,,1.0,1,1.0,4.0,50.0
142,1,7311,49,,3.0,2,1.0,4.0,52.0
142,2,7311,49,,3.0,1,1.0,4.0,50.0
142,3,7311,16,12.0,,1,6.0,,
142,4,7311,14,10.0,,1,,,
142,5,7311,14,10.0,,1,,,
143,1,7311,48,,6.0,2,1.0,4.0,30.0
143,2,7311,49,,5.0,1,4.0,1.0,50.0
143,3,7311,8,,,1,,,
143,4,7311,5,,,1,,,
143,5,7311,19,,2.0,2,1.0,4.0,45.0
144,1,7305,27,,1.0,2,1.0,4.0,38.0
144,2,7305,24,,1.0,1,1.0,4.0,40.0
145,1,7303,65,,1.0,1,1.0,4.0,40.0
145,2,7303,56,,1.0,2,1.0,4.0,40.0
146,1,7319,71,,3.0,1,6.0,4.0,
146,2,7319,69,,,2,6.0,4.0,
146,3,7319,35,,7.0,1,1.0,4.0,45.0
146,4,7319,59,,1.0,2,3.0,4.0,
146,5,7319,7,4.0,,1,,,
146,6,7319,3,,,1,,,
146,7,7319,33,,2.0,2,1.0,4.0,30.0
147,1,7303,46,,1.0,1,1.0,4.0,40.0
147,2,7303,49,,1.0,2,1.0,4.0,40.0
147,3,7303,21,,,1,6.0,4.0,
147,4,7303,0,,,2,,,
147,5,7303,20,15.0,,2,6.0,4.0,
148,1,7306,55,,1.0,1,1.0,4.0,40.0
148,2,7306,49,,1.0,2,1.0,4.0,36.0
148,3,7306,24,,1.0,1,1.0,4.0,40.0
148,4,7306,17,12.0,,2,6.0,4.0,
148,5,7306,14,11.0,,2,,,
149,1,7315,67,,6.0,1,1.0,4.0,40.0
150,1,7313,79,,1.0,2,6.0,4.0,
150,2,7313,55,,,1,6.0,4.0,
151,1,7319,35,,3.0,2,1.0,2.0,33.0
151,2,7319,44,,1.0,1,1.0,4.0,8.0
151,3,7319,5,1.0,,1,,,
151,4,7319,4,,,1,,,
151,5,7319,71,,,2,6.0,4.0,
152,1,7316,41,,1.0,1,1.0,4.0,25.0
153,1,7312,74,,,2,6.0,4.0,
154,1,7310,42,,1.0,1,1.0,2.0,60.0
154,2,7310,38,,1.0,2,1.0,4.0,60.0
154,3,7310,14,11.0,,2,,,
154,4,7310,11,8.0,,1,,,
155,1,7309,81,,2.0,2,6.0,4.0,
156,1,7319,36,,1.0,1,1.0,4.0,40.0
156,2,7319,34,,1.0,2,1.0,4.0,50.0
156,3,7319,8,5.0,,2,,,
157,1,7310,27,,1.0,2,1.0,4.0,36.0
157,2,7310,33,,1.0,1,1.0,4.0,40.0
158,1,7302,76,,,1,6.0,3.0,
159,1,7316,30,,1.0,2,1.0,4.0,45.0
160,1,7310,54,,6.0,1,1.0,4.0,40.0
160,2,7310,55,,1.0,2,1.0,4.0,40.0
160,3,7310,16,13.0,,1,6.0,,
160,4,7310,13,10.0,,1,,,
161,1,7317,47,,1.0,1,1.0,4.0,40.0
162,1,7322,46,,1.0,2,1.0,4.0,30.0
162,2,7322,41,,1.0,1,1.0,4.0,50.0
163,1,7312,20,15.0,1.0,2,6.0,4.0,10.0
163,2,7312,20,15.0,1.0,2,6.0,4.0,40.0
163,3,7312,20,15.0,1.0,2,1.0,4.0,8.0
163,4,7312,20,15.0,1.0,2,6.0,4.0,6.0
163,5,7312,20,,1.0,2,1.0,4.0,38.0
163,6,7312,19,15.0,6.0,2,6.0,4.0,
164,1,7302,71,,,1,6.0,2.0,
164,2,7302,65,,,2,6.0,4.0,
164,3,7302,94,,,1,6.0,4.0,
165,1,7312,28,,1.0,2,1.0,4.0,40.0
165,2,7312,30,,1.0,1,1.0,4.0,40.0
166,1,7314,94,,,2,6.0,4.0,
167,1,7316,79,,,2,6.0,4.0,
168,1,7314,62,,2.0,2,1.0,4.0,45.0
169,1,7319,48,,5.0,1,1.0,2.0,40.0
169,2,7319,48,,3.0,2,2.0,4.0,20.0
169,3,7319,31,,1.0,1,1.0,4.0,40.0
170,1,7310,79,,,2,6.0,4.0,
170,2,7310,84,,,1,6.0,4.0,
171,1,7310,61,,3.0,1,1.0,4.0,40.0
171,2,7310,61,,3.0,2,1.0,4.0,40.0
171,3,7310,31,15.0,1.0,2,1.0,4.0,30.0
172,1,7312,33,,,2,6.0,4.0,
172,2,7312,37,,2.0,1,1.0,4.0,40.0
172,3,7312,5,2.0,,2,,,
172,4,7312,2,,,2,,,
173,1,7308,31,,,1,6.0,2.0,
173,2,7308,31,,1.0,2,1.0,4.0,40.0
173,3,7308,2,,,1,,,
174,1,7318,28,,2.0,2,1.0,4.0,36.0
174,2,7318,29,,2.0,1,1.0,4.0,60.0
174,3,7318,26,,2.0,2,1.0,4.0,40.0
175,1,7312,40,,1.0,1,1.0,4.0,40.0
176,1,7312,60,,1.0,1,1.0,4.0,60.0
176,2,7312,48,,1.0,2,1.0,4.0,40.0
176,3,7312,22,16.0,,2,6.0,4.0,
176,4,7312,16,12.0,,2,6.0,,
176,5,7312,12,9.0,,1,,,
176,6,7312,68,,,2,6.0,4.0,
176,7,7312,82,,1.0,2,6.0,4.0,
176,8,7312,73,,,1,6.0,2.0,
177,1,7305,77,,6.0,1,1.0,4.0,40.0
178,1,7316,82,,,1,6.0,4.0,
178,2,7316,72,,,2,6.0,4.0,
179,1,7314,87,,,2,6.0,4.0,
180,1,7320,67,,5.0,1,1.0,2.0,40.0
180,2,7320,59,,1.0,2,1.0,4.0,40.0
180,3,7320,25,16.0,1.0,1,1.0,4.0,40.0
180,4,7320,20,15.0,1.0,2,1.0,4.0,16.0
181,1,7316,43,,1.0,1,1.0,4.0,48.0
182,1,7307,72,,,2,6.0,4.0,
183,1,7302,60,,,2,6.0,4.0,
183,2,7302,60,,,1,6.0,2.0,
184,1,7320,38,15.0,1.0,1,1.0,4.0,40.0
184,2,7320,34,,,2,6.0,4.0,
184,3,7320,5,1.0,,1,,,
184,4,7320,3,,,1,,,
184,5,7320,1,,,2,,,
185,1,7310,63,,1.0,1,6.0,4.0,
185,2,7310,53,,1.0,2,1.0,4.0,50.0
185,3,7310,23,15.0,,1,6.0,4.0,
186,1,7315,51,,2.0,1,1.0,4.0,50.0
186,2,7315,51,,1.0,2,1.0,4.0,50.0
186,3,7315,20,,1.0,1,1.0,4.0,32.0
186,4,7315,15,12.0,,2,,,
187,1,7306,94,,,2,6.0,4.0,
187,2,7306,94,,,2,6.0,4.0,
188,1,7318,54,,3.0,2,1.0,4.0,30.0
188,2,7318,56,,1.0,1,1.0,4.0,40.0
188,3,7318,19,15.0,3.0,2,1.0,4.0,20.0
189,1,7305,85,,,2,6.0,4.0,
190,1,7304,94,,,1,6.0,2.0,
191,1,7317,27,16.0,1.0,2,3.0,4.0,36.0
192,1,7313,89,,,2,6.0,4.0,
192,2,7313,87,,,1,6.0,2.0,
193,1,7310,63,,7.0,1,6.0,4.0,
193,2,7310,63,,3.0,2,6.0,4.0,
194,1,7306,23,15.0,1.0,1,1.0,3.0,40.0
195,1,7308,60,16.0,2.0,2,1.0,4.0,25.0
196,1,7320,61,,4.0,1,6.0,2.0,
197,1,7303,48,,1.0,1,1.0,4.0,40.0
197,2,7303,14,10.0,,2,,,
197,3,7303,1,,,2,,,
198,1,7310,37,,1.0,1,1.0,4.0,40.0
199,1,7309,66,,7.0,1,6.0,4.0,
199,2,7309,57,,7.0,2,6.0,4.0,
200,1,7313,41,,2.0,2,1.0,4.0,40.0
200,2,7313,39,,2.0,1,1.0,4.0,40.0
200,3,7313,5,2.0,,1,,,
200,4,7313,4,1.0,,1,,,
201,1,7313,55,,3.0,1,1.0,4.0,40.0
201,2,7313,53,16.0,2.0,2,1.0,4.0,40.0
201,3,7313,15,11.0,,2,,,
202,1,7310,34,,3.0,2,1.0,4.0,24.0
202,2,7310,48,,7.0,1,1.0,4.0,40.0
202,3,7310,1,,,1,,,
203,1,7322,53,,1.0,1,1.0,2.0,45.0
203,2,7322,14,11.0,,1,,,
203,3,7322,10,7.0,,1,,,
203,4,7322,5,1.0,,1,,,
204,1,7318,87,,,2,6.0,4.0,
204,2,7318,86,,,1,6.0,2.0,
205,1,7301,64,,6.0,1,1.0,4.0,25.0
205,2,7301,52,15.0,1.0,2,6.0,4.0,
205,3,7301,13,10.0,,2,,,
206,1,7316,53,,6.0,2,1.0,4.0,40.0
206,2,7316,52,,6.0,1,1.0,2.0,60.0
206,3,7316,18,,1.0,2,1.0,4.0,1.0
206,4,7316,16,12.0,1.0,1,2.0,,8.0
207,1,7316,71,,7.0,2,6.0,4.0,
207,2,7316,68,,7.0,1,6.0,4.0,
208,1,7317,55,,1.0,2,3.0,4.0,
208,2,7317,60,,6.0,1,1.0,4.0,20.0
208,3,7317,18,15.0,1.0,1,1.0,4.0,10.0
208,4,7317,34,,1.0,1,1.0,4.0,40.0
208,5,7317,31,,1.0,1,1.0,4.0,20.0
209,1,7304,70,,6.0,2,6.0,4.0,5.0
209,2,7304,34,,1.0,1,1.0,4.0,50.0
209,3,7304,34,,1.0,1,1.0,4.0,40.0
210,1,7310,38,,1.0,1,1.0,4.0,40.0
210,2,7310,35,,1.0,2,6.0,4.0,
210,3,7310,7,4.0,,1,,,
210,4,7310,5,2.0,,1,,,
211,1,7310,63,,5.0,1,1.0,2.0,40.0
211,2,7310,60,,5.0,2,6.0,4.0,
212,1,7313,60,,6.0,1,6.0,4.0,
212,2,7313,61,,3.0,2,1.0,4.0,41.0
212,3,7313,23,,1.0,1,1.0,4.0,40.0
212,4,7313,18,15.0,,1,6.0,4.0,
213,1,7316,27,,1.0,2,1.0,4.0,40.0
213,2,7316,8,5.0,,1,,,
214,1,7319,54,,5.0,1,1.0,4.0,40.0
214,2,7319,52,,6.0,2,1.0,4.0,30.0
214,3,7319,15,12.0,,2,,,
215,1,7316,33,,3.0,2,1.0,4.0,25.0
215,2,7316,41,,3.0,1,1.0,4.0,40.0
215,3,7316,9,6.0,,2,,,
216,1,7309,61,,2.0,2,1.0,4.0,60.0
216,2,7309,60,,1.0,1,1.0,4.0,43.0
217,1,7303,22,15.0,1.0,1,1.0,4.0,40.0
218,1,7314,78,,,1,6.0,2.0,
218,2,7314,75,,,2,6.0,4.0,
219,1,7315,45,,1.0,1,1.0,4.0,40.0
219,2,7315,41,,3.0,2,1.0,4.0,40.0
219,3,7315,12,9.0,,1,,,
219,4,7315,10,7.0,,2,,,
219,5,7315,74,,,2,6.0,4.0,
220,1,7309,39,,1.0,1,1.0,4.0,45.0
220,2,7309,37,,1.0,2,1.0,4.0,70.0
220,3,7309,3,1.0,,2,,,
220,4,7309,1,,,2,,,
221,1,7314,37,,1.0,2,1.0,4.0,70.0
221,2,7314,37,,1.0,1,1.0,4.0,40.0
221,3,7314,1,,,2,,,
222,1,7302,80,,,1,6.0,3.0,
222,2,7302,77,,,2,6.0,4.0,
223,1,7317,53,,2.0,2,1.0,4.0,36.0
224,1,7311,68,,,1,6.0,4.0,
225,1,7315,52,,1.0,1,1.0,4.0,40.0
225,2,7315,43,16.0,4.0,2,1.0,4.0,28.0
225,3,7315,7,3.0,,2,,,
226,1,7318,46,,,2,6.0,4.0,
227,1,7301,76,,,1,6.0,2.0,
227,2,7301,71,,,2,6.0,4.0,
228,1,7302,71,,1.0,1,6.0,2.0,
228,2,7302,72,,1.0,2,6.0,4.0,
229,1,7314,58,,2.0,1,1.0,4.0,40.0
229,2,7314,60,,,2,6.0,4.0,
230,1,7317,48,,,2,6.0,4.0,
230,2,7317,49,,1.0,1,1.0,4.0,50.0
231,1,7314,32,,1.0,1,1.0,4.0,45.0
231,2,7314,28,,1.0,2,1.0,4.0,48.0
232,1,7304,69,,1.0,1,1.0,4.0,25.0
232,2,7304,69,,1.0,2,1.0,4.0,32.0
233,1,7309,57,,3.0,1,1.0,4.0,50.0
233,2,7309,57,,1.0,2,1.0,4.0,50.0
234,1,7319,72,,4.0,2,6.0,4.0,
234,2,7319,69,,1.0,1,6.0,2.0,
234,3,7319,34,,1.0,2,1.0,4.0,40.0
235,1,7308,49,,1.0,2,1.0,2.0,50.0
235,2,7308,40,,1.0,1,1.0,2.0,45.0
235,3,7308,17,13.0,,1,6.0,4.0,
235,4,7308,15,11.0,,1,,,
235,5,7308,3,1.0,,1,,,
236,1,7310,37,,1.0,2,1.0,4.0,50.0
236,2,7310,39,,1.0,1,1.0,4.0,45.0
236,3,7310,4,1.0,,1,,,
237,1,7302,50,,1.0,1,1.0,4.0,40.0
237,2,7302,53,,1.0,2,1.0,4.0,40.0
238,1,7303,54,,7.0,1,1.0,4.0,25.0
238,2,7303,48,,,2,6.0,4.0,
239,1,7301,30,,5.0,1,4.0,1.0,50.0
239,2,7301,34,,1.0,2,6.0,4.0,
239,3,7301,7,4.0,,2,,,
239,4,7301,3,,,1,,,
239,5,7301,1,,,1,,,
240,1,7307,62,,2.0,2,1.0,4.0,40.0
240,2,7307,63,,1.0,1,1.0,4.0,40.0
240,3,7307,58,,,1,6.0,4.0,
240,4,7307,64,,,1,6.0,4.0,
241,1,7316,57,,,1,6.0,4.0,
242,1,7317,44,,1.0,1,1.0,4.0,40.0
242,2,7317,40,,,2,6.0,4.0,
242,3,7317,7,3.0,,1,,,
242,4,7317,5,,,2,,,
243,1,7310,55,,1.0,1,1.0,4.0,55.0
243,2,7310,44,,,2,6.0,4.0,
243,3,7310,12,9.0,,1,,,
243,4,7310,10,7.0,,2,,,
244,1,7315,94,,,1,6.0,4.0,
244,2,7315,86,,,2,6.0,4.0,
245,1,7302,39,,4.0,1,1.0,4.0,40.0
245,2,7302,33,,6.0,2,1.0,4.0,50.0
245,3,7302,7,3.0,,1,,,
245,4,7302,5,2.0,,2,,,
245,5,7302,3,,,2,,,
246,1,7301,52,,1.0,2,1.0,4.0,40.0
246,2,7301,39,,1.0,1,3.0,4.0,40.0
246,3,7301,79,,,2,6.0,4.0,
247,1,7302,62,,1.0,1,1.0,4.0,65.0
247,2,7302,60,,,2,6.0,4.0,
248,1,7307,40,,1.0,1,1.0,4.0,40.0
248,2,7307,39,,1.0,2,1.0,4.0,40.0
249,1,7305,47,,1.0,1,1.0,4.0,40.0
249,2,7305,45,,1.0,2,1.0,4.0,30.0
249,3,7305,21,,1.0,1,1.0,4.0,40.0
249,4,7305,19,,1.0,1,1.0,4.0,40.0
249,5,7305,9,6.0,,2,,,
250,1,7306,70,,6.0,1,6.0,4.0,20.0
250,2,7306,70,,,2,6.0,4.0,
251,1,7310,70,,1.0,1,1.0,4.0,8.0
251,2,7310,63,,1.0,2,1.0,4.0,15.0
252,1,7309,47,,2.0,1,1.0,4.0,40.0
252,2,7309,40,,1.0,2,1.0,4.0,40.0
252,3,7309,11,7.0,,2,,,
252,4,7309,8,4.0,,1,,,
252,5,7309,4,1.0,,1,,,
253,1,7318,28,,1.0,1,1.0,4.0,40.0
253,2,7318,28,,4.0,2,1.0,4.0,40.0
253,3,7318,3,,,2,,,
253,4,7318,1,,,2,,,
254,1,7319,63,,4.0,2,1.0,4.0,43.0
255,1,7322,52,,1.0,1,1.0,4.0,35.0
255,2,7322,52,,3.0,2,1.0,4.0,32.0
255,3,7322,25,,1.0,2,1.0,4.0,40.0
255,4,7322,21,15.0,2.0,2,1.0,4.0,25.0
255,5,7322,77,,,1,6.0,4.0,
256,1,7320,57,,1.0,1,1.0,2.0,40.0
256,2,7320,54,,5.0,2,1.0,2.0,40.0
257,1,7302,60,,1.0,2,1.0,4.0,40.0
258,1,7321,28,,1.0,1,1.0,4.0,45.0
258,2,7321,23,15.0,,1,6.0,4.0,
258,3,7321,26,,1.0,1,1.0,4.0,40.0
259,1,7308,47,,2.0,1,1.0,4.0,40.0
259,2,7308,46,,,2,6.0,4.0,
259,3,7308,16,13.0,,1,6.0,,
259,4,7308,13,9.0,,1,,,
259,5,7308,11,7.0,,2,,,
260,1,7322,79,,,2,6.0,4.0,
261,1,7308,73,,,1,6.0,4.0,
262,1,7318,44,,2.0,1,1.0,4.0,35.0
263,1,7313,23,,5.0,1,4.0,1.0,60.0
263,2,7313,26,,1.0,2,2.0,3.0,40.0
263,3,7313,0,,,2,,,
263,4,7313,3,,,1,,,
264,1,7313,45,,6.0,1,1.0,4.0,45.0
264,2,7313,37,15.0,4.0,2,6.0,4.0,
264,3,7313,2,,,1,,,
264,4,7313,11,7.0,,2,,,
265,1,7306,52,,1.0,1,1.0,4.0,45.0
266,1,7303,22,15.0,1.0,1,1.0,4.0,25.0
266,2,7303,20,15.0,1.0,1,1.0,4.0,15.0
267,1,7322,84,,,2,6.0,4.0,
267,2,7322,88,,,1,6.0,4.0,
268,1,7301,49,,1.0,2,1.0,4.0,36.0
269,1,7316,71,15.0,2.0,1,6.0,2.0,
269,2,7316,61,,2.0,2,1.0,4.0,40.0
270,1,7311,41,,1.0,1,1.0,4.0,40.0
270,2,7311,39,,1.0,2,1.0,4.0,40.0
270,3,7311,7,3.0,,1,,,
270,4,7311,4,,,2,,,
271,1,7322,81,,,1,6.0,4.0,
271,2,7322,66,,1.0,2,1.0,4.0,30.0
272,1,7301,52,,1.0,1,1.0,2.0,40.0
272,2,7301,51,,3.0,2,1.0,4.0,21.0
272,3,7301,26,16.0,1.0,1,1.0,4.0,40.0
272,4,7301,77,,,2,6.0,4.0,
273,1,7304,59,,7.0,2,1.0,4.0,35.0
273,2,7304,51,,1.0,1,3.0,4.0,40.0
273,3,7304,24,15.0,1.0,1,3.0,4.0,15.0
273,4,7304,22,15.0,1.0,2,1.0,4.0,12.0
273,5,7304,89,,,1,6.0,2.0,
273,6,7304,87,,,2,6.0,4.0,
274,1,7301,78,,,1,6.0,2.0,
275,1,7311,67,,7.0,2,6.0,4.0,
275,2,7311,68,,7.0,1,1.0,4.0,40.0
276,1,7305,37,,2.0,1,1.0,4.0,36.0
276,2,7305,37,,2.0,2,1.0,4.0,24.0
276,3,7305,6,2.0,,1,,,
276,4,7305,1,,,2,,,
277,1,7314,68,,1.0,1,6.0,2.0,
277,2,7314,68,,,2,6.0,4.0,
278,1,7311,42,,1.0,2,1.0,4.0,40.0
278,2,7311,43,,1.0,1,1.0,4.0,40.0
278,3,7311,16,12.0,,2,6.0,,
278,4,7311,10,6.0,,2,,,
279,1,7312,22,15.0,1.0,1,6.0,4.0,
280,1,7309,86,,,2,6.0,4.0,
281,1,7322,44,,2.0,1,1.0,4.0,40.0
281,2,7322,45,15.0,1.0,2,6.0,4.0,
281,3,7322,17,14.0,,2,6.0,4.0,
281,4,7322,12,9.0,,2,,,
281,5,7322,10,7.0,,1,,,
282,1,7304,69,,,1,6.0,4.0,
282,2,7304,72,,,2,6.0,4.0,
283,1,7313,54,,3.0,1,1.0,4.0,40.0
283,2,7313,55,15.0,1.0,2,1.0,4.0,40.0
284,1,7313,28,,7.0,2,1.0,4.0,45.0
284,2,7313,28,,1.0,1,1.0,4.0,45.0
285,1,7310,75,,,1,6.0,2.0,
285,2,7310,65,,6.0,2,1.0,4.0,24.0
286,1,7310,63,,,1,6.0,4.0,
286,2,7310,75,,,2,6.0,4.0,
287,1,7311,35,,5.0,1,1.0,4.0,48.0
287,2,7311,32,,4.0,1,1.0,4.0,50.0
287,3,7311,33,16.0,1.0,2,6.0,4.0,36.0
288,1,7317,57,,,2,6.0,4.0,
289,1,7309,63,,7.0,2,1.0,4.0,15.0
289,2,7309,72,,7.0,1,6.0,4.0,
290,1,7305,60,,1.0,1,1.0,2.0,40.0
290,2,7305,58,,1.0,2,1.0,4.0,40.0
290,3,7305,31,,1.0,1,1.0,4.0,40.0
290,4,7305,21,15.0,1.0,2,1.0,4.0,30.0
291,1,7303,41,,1.0,1,1.0,4.0,40.0
291,2,7303,45,,1.0,2,1.0,4.0,40.0
291,3,7303,42,,1.0,2,1.0,4.0,40.0
291,4,7303,88,,,1,6.0,4.0,
291,5,7303,69,,,2,6.0,4.0,
292,1,7315,79,,,2,6.0,4.0,
293,1,7312,67,,1.0,2,6.0,4.0,5.0
294,1,7303,38,16.0,1.0,1,1.0,4.0,40.0
295,1,7322,59,,3.0,2,1.0,4.0,15.0
295,2,7322,60,,3.0,1,1.0,4.0,40.0
295,3,7322,31,,1.0,2,1.0,4.0,38.0
296,1,7319,52,,1.0,1,1.0,4.0,55.0
296,2,7319,55,,3.0,2,1.0,4.0,40.0
296,3,7319,14,11.0,,2,,,
296,4,7319,9,6.0,,2,,,
297,1,7314,65,,7.0,1,1.0,4.0,60.0
297,2,7314,64,,1.0,2,1.0,4.0,20.0
298,1,7301,27,,3.0,2,2.0,4.0,40.0
298,2,7301,9,5.0,,2,,,
298,3,7301,5,1.0,,2,,,
299,1,7308,61,,5.0,1,1.0,2.0,40.0
300,1,7304,64,,4.0,1,6.0,4.0,
300,2,7304,63,,,2,6.0,4.0,
301,1,7301,44,,2.0,1,1.0,4.0,40.0
301,2,7301,48,,2.0,2,1.0,4.0,35.0
301,3,7301,67,,3.0,2,6.0,4.0,
301,4,7301,44,,1.0,1,1.0,4.0,40.0
301,5,7301,39,,6.0,1,1.0,4.0,35.0
302,1,7310,69,,2.0,1,1.0,4.0,30.0
302,2,7310,65,,3.0,2,6.0,4.0,40.0
303,1,7301,71,,,2,6.0,4.0,
304,1,7311,27,,1.0,1,1.0,4.0,40.0
304,2,7311,27,,1.0,2,1.0,4.0,50.0
305,1,7310,33,,1.0,1,1.0,4.0,50.0
306,1,7322,25,,2.0,2,1.0,4.0,40.0
306,2,7322,26,,1.0,1,1.0,4.0,40.0
307,1,7321,72,,,2,6.0,4.0,
308,1,7316,52,,2.0,1,1.0,4.0,40.0
308,2,7316,47,,1.0,1,1.0,2.0,60.0
309,1,7302,60,,1.0,1,1.0,4.0,40.0
309,2,7302,59,,1.0,2,6.0,4.0,
310,1,7302,61,,3.0,1,1.0,4.0,40.0
310,2,7302,61,,1.0,2,1.0,4.0,60.0
310,3,7302,23,15.0,1.0,2,1.0,4.0,30.0
311,1,7306,53,,,2,6.0,4.0,
311,2,7306,21,,1.0,2,1.0,4.0,30.0
311,3,7306,14,10.0,,2,,,
312,1,7307,63,,6.0,2,1.0,4.0,50.0
312,2,7307,73,,6.0,1,1.0,4.0,20.0
313,1,7309,37,,2.0,2,1.0,4.0,24.0
313,2,7309,38,,1.0,1,1.0,4.0,50.0
313,3,7309,5,2.0,,1,,,
313,4,7309,2,,,1,,,
314,1,7309,64,,1.0,1,6.0,4.0,
314,2,7309,58,,,2,6.0,4.0,
315,1,7301,79,,,2,6.0,4.0,
315,2,7301,54,,1.0,1,3.0,4.0,37.0
316,1,7306,51,,6.0,1,1.0,4.0,18.0
316,2,7306,53,,1.0,2,1.0,4.0,40.0
317,1,7304,62,,1.0,1,1.0,4.0,40.0
318,1,7314,49,,1.0,2,1.0,4.0,40.0
318,2,7314,49,,1.0,1,1.0,4.0,60.0
318,3,7314,36,,1.0,2,1.0,4.0,40.0
319,1,7316,34,,1.0,2,6.0,4.0,40.0
319,2,7316,35,,1.0,1,1.0,4.0,40.0
319,3,7316,14,9.0,,2,,,
320,1,7316,34,,1.0,2,1.0,4.0,40.0
321,1,7316,63,,1.0,1,1.0,4.0,40.0
321,2,7316,58,,1.0,2,1.0,4.0,40.0
322,1,7310,77,,,2,6.0,4.0,
322,2,7310,30,,1.0,1,1.0,4.0,25.0
323,1,7317,46,,3.0,1,1.0,4.0,40.0
323,2,7317,43,,6.0,2,1.0,4.0,30.0
323,3,7317,16,13.0,,1,6.0,,
323,4,7317,9,5.0,,2,,,
324,1,7308,52,,5.0,1,1.0,2.0,44.0
324,2,7308,52,,1.0,2,1.0,4.0,15.0
324,3,7308,13,9.0,,2,,,
324,4,7308,11,7.0,,1,,,
325,1,7316,25,,2.0,2,1.0,4.0,50.0
326,1,7306,74,,,1,6.0,4.0,
326,2,7306,76,,1.0,2,6.0,4.0,
327,1,7316,50,,4.0,1,1.0,4.0,45.0
328,1,7302,24,,1.0,1,1.0,2.0,40.0
328,2,7302,27,,1.0,2,1.0,4.0,38.0
329,1,7301,44,15.0,1.0,2,3.0,4.0,40.0
329,2,7301,44,,1.0,1,1.0,4.0,60.0
329,3,7301,15,12.0,,2,,,
330,1,7310,64,,1.0,1,1.0,4.0,50.0
330,2,7310,65,,,2,6.0,4.0,
331,1,7313,60,,,1,6.0,4.0,
332,1,7316,39,,1.0,1,1.0,4.0,50.0
333,1,7309,25,,1.0,2,1.0,4.0,50.0
333,2,7309,25,,1.0,1,1.0,4.0,40.0
334,1,7307,59,,1.0,2,1.0,4.0,30.0
334,2,7307,56,,1.0,1,1.0,4.0,40.0
335,1,7316,39,,4.0,1,1.0,4.0,60.0
336,1,7320,42,,1.0,1,1.0,4.0,40.0
336,2,7320,38,,1.0,2,1.0,4.0,40.0
337,1,7307,59,,7.0,2,1.0,4.0,40.0
337,2,7307,67,,7.0,1,1.0,4.0,40.0
337,3,7307,28,16.0,1.0,2,6.0,4.0,
337,4,7307,7,4.0,,2,,,
338,1,7312,22,15.0,1.0,1,6.0,4.0,40.0
338,2,7312,22,15.0,1.0,1,6.0,4.0,40.0
338,3,7312,22,15.0,,1,6.0,4.0,
338,4,7312,21,15.0,4.0,1,1.0,4.0,30.0
339,1,7316,50,,2.0,1,1.0,4.0,50.0
340,1,7310,52,,6.0,2,1.0,4.0,12.0
340,2,7310,50,,6.0,1,1.0,4.0,65.0
340,3,7310,17,14.0,,2,6.0,4.0,
340,4,7310,14,10.0,,1,,,
341,1,7317,67,,1.0,1,6.0,2.0,
341,2,7317,60,,,2,6.0,4.0,
342,1,7309,59,,1.0,1,1.0,4.0,50.0
343,1,7305,78,,,1,6.0,2.0,
343,2,7305,72,,,2,6.0,4.0,
343,3,7305,52,,,2,6.0,4.0,
343,4,7305,37,,4.0,2,1.0,4.0,23.0
344,1,7301,38,,2.0,1,1.0,4.0,40.0
344,2,7301,41,,1.0,2,1.0,4.0,40.0
345,1,7315,42,,1.0,1,1.0,4.0,40.0
345,2,7315,40,,1.0,2,1.0,4.0,15.0
345,3,7315,13,10.0,,1,,,
345,4,7315,11,8.0,,2,,,
345,5,7315,9,6.0,,1,,,
346,1,7305,43,,1.0,2,1.0,4.0,40.0
346,2,7305,51,,1.0,1,1.0,4.0,45.0
346,3,7305,10,6.0,,2,,,
347,1,7315,39,,6.0,1,1.0,4.0,40.0
347,2,7315,38,,6.0,2,1.0,4.0,20.0
347,3,7315,8,5.0,,2,,,
348,1,7318,60,14.0,1.0,2,1.0,4.0,48.0
349,1,7314,42,,1.0,1,1.0,4.0,50.0
349,2,7314,39,,1.0,2,6.0,4.0,
349,3,7314,2,,,1,,,
349,4,7314,1,,,2,,,
350,1,7309,59,,1.0,1,1.0,4.0,50.0
350,2,7309,57,,1.0,2,1.0,4.0,25.0
351,1,7308,47,,1.0,2,1.0,4.0,40.0
351,2,7308,50,,6.0,1,1.0,4.0,40.0
351,3,7308,5,2.0,,1,,,
352,1,7321,58,,1.0,1,1.0,4.0,40.0
352,2,7321,57,,1.0,2,1.0,4.0,24.0
353,1,7307,46,,3.0,2,1.0,4.0,40.0
353,2,7307,46,,3.0,1,1.0,2.0,40.0
353,3,7307,14,11.0,,1,,,
353,4,7307,9,5.0,,2,,,
353,5,7307,6,2.0,,2,,,
354,1,7305,65,,1.0,2,1.0,4.0,50.0
354,2,7305,34,,4.0,2,1.0,4.0,36.0
354,3,7305,9,6.0,,1,,,
355,1,7321,62,,5.0,1,1.0,3.0,40.0
355,2,7321,57,,,2,6.0,4.0,
355,3,7321,21,,1.0,2,1.0,4.0,40.0
355,4,7321,19,,9.0,2,3.0,4.0,
356,1,7305,66,,1.0,1,1.0,4.0,40.0
356,2,7305,66,,1.0,1,1.0,4.0,40.0
357,1,7312,55,,,1,6.0,2.0,
357,2,7312,56,,1.0,2,1.0,4.0,40.0
358,1,7314,49,,1.0,1,6.0,4.0,40.0
358,2,7314,55,,6.0,1,1.0,4.0,40.0
359,1,7306,83,,,2,6.0,4.0,
359,2,7306,71,,,1,6.0,2.0,
360,1,7308,55,,2.0,1,1.0,2.0,40.0
360,2,7308,59,,1.0,2,1.0,4.0,40.0
360,3,7308,17,13.0,,1,6.0,4.0,
361,1,7320,79,,1.0,2,1.0,4.0,60.0
361,2,7320,44,,2.0,2,1.0,4.0,40.0
362,1,7315,32,,2.0,1,1.0,4.0,50.0
362,2,7315,35,,7.0,2,1.0,4.0,40.0
362,3,7315,0,,,1,,,
363,1,7322,45,15.0,,1,6.0,2.0,
363,2,7322,40,,3.0,2,1.0,4.0,40.0
363,3,7322,16,12.0,,1,6.0,,
363,4,7322,6,2.0,,2,,,
364,1,7310,64,,7.0,2,1.0,4.0,55.0
365,1,7318,29,15.0,9.0,1,3.0,4.0,
365,2,7318,50,,1.0,2,1.0,4.0,40.0
366,1,7314,66,,6.0,1,1.0,4.0,20.0
366,2,7314,62,,,2,6.0,4.0,
367,1,7305,65,,6.0,1,1.0,2.0,40.0
367,2,7305,65,,,2,6.0,4.0,
368,1,7317,74,,,1,6.0,4.0,
368,2,7317,56,,1.0,1,1.0,4.0,40.0
369,1,7302,53,,6.0,1,1.0,4.0,60.0
369,2,7302,46,,3.0,2,1.0,4.0,30.0
369,3,7302,14,11.0,,2,,,
370,1,7314,65,,6.0,2,1.0,4.0,20.0
370,2,7314,94,,,2,6.0,4.0,
370,3,7314,28,,,2,6.0,4.0,
370,4,7314,25,,6.0,2,1.0,4.0,20.0
371,1,7319,58,,1.0,2,1.0,4.0,35.0
371,2,7319,23,,1.0,2,6.0,4.0,28.0
372,1,7316,46,,1.0,1,1.0,4.0,35.0
372,2,7316,45,,,2,6.0,4.0,
372,3,7316,11,8.0,,2,,,
373,1,7302,54,,,2,6.0,4.0,
374,1,7301,31,,1.0,2,1.0,4.0,30.0
374,2,7301,30,,1.0,1,1.0,4.0,45.0
375,1,7304,76,,,1,6.0,4.0,
375,2,7304,76,,,2,6.0,4.0,
376,1,7301,70,,3.0,2,6.0,4.0,
376,2,7301,62,,1.0,2,1.0,4.0,35.0
377,1,7319,35,,1.0,1,1.0,4.0,40.0
377,2,7319,32,,,2,6.0,4.0,
377,3,7319,8,4.0,,1,,,
377,4,7319,5,3.0,,2,,,
378,1,7303,35,,1.0,2,2.0,4.0,15.0
379,1,7321,37,,2.0,1,1.0,4.0,40.0
379,2,7321,37,,2.0,2,1.0,4.0,24.0
380,1,7309,55,,1.0,2,1.0,4.0,40.0
380,2,7309,54,,1.0,1,1.0,4.0,40.0
380,3,7309,18,14.0,,2,6.0,4.0,
381,1,7317,70,,1.0,1,6.0,4.0,
381,2,7317,62,,3.0,2,1.0,4.0,40.0
382,1,7316,28,,,1,6.0,4.0,
383,1,7314,82,,,2,6.0,4.0,
383,2,7314,85,,,1,6.0,4.0,
384,1,7314,70,,,1,6.0,4.0,
384,2,7314,66,,,2,6.0,4.0,
385,1,7306,72,,,2,6.0,2.0,
386,1,7316,48,,6.0,2,1.0,4.0,50.0
387,1,7316,31,,1.0,2,1.0,4.0,37.0
388,1,7314,37,,7.0,1,1.0,4.0,40.0
388,2,7314,36,,3.0,2,1.0,4.0,43.0
388,3,7314,12,9.0,,1,,,
388,4,7314,10,7.0,,2,,,
388,5,7314,8,5.0,,2,,,
388,6,7314,7,3.0,,1,,,
389,1,7309,50,,,2,6.0,4.0,
389,2,7309,16,13.0,7.0,1,1.0,,30.0
389,3,7309,12,9.0,,1,,,
390,1,7310,59,,1.0,2,1.0,4.0,55.0
390,2,7310,68,,7.0,2,6.0,4.0,50.0
391,1,7321,58,,4.0,1,1.0,4.0,40.0
391,2,7321,57,,1.0,2,1.0,4.0,40.0
391,3,7321,29,,,2,6.0,4.0,
391,4,7321,11,7.0,,2,,,
391,5,7321,6,3.0,,1,,,
391,6,7321,4,2.0,,1,,,
391,7,7321,28,,1.0,1,1.0,4.0,40.0
392,1,7313,50,,1.0,2,1.0,4.0,40.0
392,2,7313,54,,2.0,1,1.0,4.0,45.0
392,3,7313,26,,1.0,2,1.0,4.0,40.0
392,4,7313,13,10.0,,2,,,
393,1,7321,30,,1.0,2,1.0,4.0,40.0
393,2,7321,31,,1.0,1,1.0,4.0,36.0
394,1,7317,56,,5.0,2,6.0,4.0,
394,2,7317,61,,1.0,1,1.0,4.0,40.0
395,1,7322,64,,1.0,1,1.0,2.0,40.0
395,2,7322,64,,,2,6.0,4.0,
395,3,7322,66,,,2,6.0,4.0,
396,1,7316,75,,,1,6.0,2.0,
397,1,7317,46,,1.0,1,1.0,4.0,60.0
397,2,7317,51,16.0,2.0,2,6.0,4.0,40.0
398,1,7301,63,,4.0,2,6.0,4.0,40.0
398,2,7301,62,,1.0,1,1.0,4.0,40.0
399,1,7308,62,,1.0,1,1.0,4.0,50.0
399,2,7308,57,,1.0,2,1.0,4.0,40.0
399,3,7308,29,16.0,1.0,2,6.0,4.0,
399,4,7308,81,,,2,6.0,4.0,
400,1,7318,43,,3.0,2,1.0,4.0,40.0
400,2,7318,23,,1.0,1,1.0,4.0,40.0
400,3,7318,20,,1.0,2,1.0,4.0,40.0
400,4,7318,13,11.0,,2,,,
400,5,7318,11,9.0,,1,,,
401,1,7312,51,16.0,1.0,2,1.0,4.0,40.0
402,1,7313,62,,2.0,2,1.0,4.0,40.0
403,1,7320,42,,2.0,2,1.0,4.0,50.0
403,2,7320,46,,1.0,1,1.0,4.0,55.0
404,1,7315,40,,6.0,2,1.0,4.0,40.0
404,2,7315,44,,1.0,2,1.0,4.0,35.0
405,1,7320,55,,1.0,2,1.0,4.0,50.0
405,2,7320,30,,1.0,1,1.0,4.0,40.0
406,1,7317,56,,6.0,1,1.0,4.0,40.0
406,2,7317,55,,3.0,2,1.0,4.0,40.0
406,3,7317,29,,1.0,1,1.0,4.0,40.0
406,4,7317,28,,1.0,2,1.0,4.0,40.0
407,1,7306,20,15.0,1.0,2,1.0,4.0,41.0
407,2,7306,22,,1.0,1,1.0,4.0,40.0
408,1,7319,43,,1.0,2,1.0,4.0,40.0
408,2,7319,48,,1.0,1,1.0,4.0,35.0
408,3,7319,21,15.0,,1,6.0,4.0,
408,4,7319,19,15.0,1.0,2,1.0,4.0,24.0
408,5,7319,12,9.0,,1,,,
409,1,7316,68,,1.0,2,1.0,2.0,45.0
409,2,7316,67,,7.0,1,1.0,4.0,10.0
410,1,7302,73,,,1,6.0,2.0,
410,2,7302,72,,1.0,2,1.0,4.0,40.0
411,1,7316,30,,6.0,1,1.0,4.0,40.0
411,2,7316,35,,6.0,2,1.0,4.0,40.0
412,1,7321,66,,1.0,2,1.0,4.0,40.0
412,2,7321,37,,,2,6.0,4.0,
412,3,7321,34,,,1,6.0,4.0,
412,4,7321,20,,9.0,1,3.0,4.0,
412,5,7321,7,4.0,,2,,,
413,1,7314,25,,5.0,1,4.0,1.0,40.0
413,2,7314,23,,1.0,2,1.0,4.0,30.0
414,1,7321,56,,2.0,2,1.0,4.0,36.0
414,2,7321,66,,2.0,1,1.0,4.0,40.0
415,1,7314,41,,1.0,1,1.0,4.0,45.0
415,2,7314,32,,1.0,2,6.0,4.0,38.0
415,3,7314,1,,,2,,,
416,1,7319,51,,,1,6.0,4.0,
416,2,7319,32,,9.0,1,3.0,4.0,
417,1,7315,54,,1.0,1,1.0,4.0,55.0
418,1,7305,41,16.0,4.0,1,1.0,4.0,60.0
418,2,7305,39,,3.0,2,1.0,4.0,60.0
419,1,7314,73,,,1,6.0,4.0,
419,2,7314,73,,,2,6.0,4.0,
420,1,7310,24,,1.0,1,1.0,4.0,45.0
420,2,7310,24,,1.0,2,1.0,4.0,40.0
421,1,7310,50,,5.0,1,1.0,4.0,40.0
422,1,7313,57,,3.0,2,1.0,4.0,52.0
422,2,7313,24,15.0,1.0,1,1.0,4.0,40.0
422,3,7313,22,15.0,5.0,1,1.0,4.0,16.0
422,4,7313,57,,1.0,2,1.0,4.0,30.0
422,5,7313,22,,1.0,2,1.0,4.0,40.0
423,1,7322,74,,,2,6.0,4.0,
423,2,7322,89,,,1,6.0,4.0,
424,1,7301,60,,1.0,2,1.0,4.0,40.0
424,2,7301,63,,1.0,1,1.0,4.0,45.0
424,3,7301,29,,,2,6.0,4.0,
425,1,7304,46,,1.0,2,6.0,4.0,32.0
425,2,7304,25,15.0,1.0,2,3.0,4.0,40.0
425,3,7304,17,14.0,,1,6.0,4.0,
425,4,7304,15,12.0,,2,,,
425,5,7304,8,5.0,,1,,,
426,1,7317,60,,1.0,2,1.0,4.0,12.0
426,2,7317,29,,1.0,2,1.0,4.0,37.0
427,1,7304,56,,1.0,1,1.0,2.0,45.0
427,2,7304,54,,,2,6.0,4.0,
427,3,7304,21,,1.0,2,1.0,4.0,20.0
428,1,7301,73,,1.0,1,1.0,2.0,16.0
429,1,7301,31,,1.0,1,1.0,4.0,40.0
429,2,7301,27,,1.0,2,1.0,3.0,40.0
430,1,7305,31,,1.0,2,1.0,4.0,8.0
430,2,7305,33,,1.0,1,1.0,4.0,8.0
430,3,7305,11,7.0,,1,,,
431,1,7301,58,,6.0,2,1.0,4.0,50.0
432,1,7321,56,,3.0,2,6.0,4.0,
432,2,7321,68,,4.0,2,1.0,4.0,30.0
433,1,7306,57,,,2,6.0,4.0,
434,1,7306,61,,1.0,1,6.0,4.0,
434,2,7306,55,,1.0,2,1.0,4.0,50.0
434,3,7306,32,,1.0,2,1.0,2.0,48.0
434,4,7306,9,5.0,,2,,,
435,1,7305,36,,3.0,2,1.0,4.0,37.0
435,2,7305,41,,1.0,1,1.0,4.0,40.0
435,3,7305,72,,6.0,1,1.0,4.0,60.0
435,4,7305,71,,,2,6.0,4.0,
435,5,7305,40,,1.0,2,1.0,4.0,30.0
435,6,7305,16,13.0,,1,6.0,,
435,7,7305,13,10.0,,2,,,
436,1,7311,65,,,1,6.0,4.0,
436,2,7311,66,,,2,6.0,4.0,
437,1,7318,48,15.0,1.0,2,1.0,4.0,40.0
438,1,7316,35,,1.0,1,1.0,4.0,43.0
438,2,7316,32,,1.0,2,1.0,4.0,37.0
439,1,7312,31,,1.0,1,1.0,4.0,40.0
439,2,7312,32,,1.0,2,1.0,4.0,40.0
440,1,7305,44,,3.0,2,1.0,4.0,40.0
440,2,7305,45,,1.0,1,1.0,4.0,45.0
440,3,7305,13,9.0,,2,,,
440,4,7305,11,7.0,,2,,,
441,1,7319,70,,1.0,1,1.0,2.0,30.0
442,1,7318,31,,1.0,2,1.0,2.0,40.0
442,2,7318,27,15.0,1.0,1,1.0,2.0,35.0
443,1,7310,64,,1.0,1,1.0,4.0,50.0
443,2,7310,66,,2.0,2,1.0,4.0,50.0
444,1,7310,25,,1.0,1,1.0,4.0,40.0
444,2,7310,26,16.0,1.0,2,1.0,4.0,40.0
445,1,7313,75,,,2,6.0,4.0,
445,2,7313,53,,,1,6.0,4.0,
446,1,7310,29,,1.0,2,1.0,4.0,42.0
446,2,7310,36,,6.0,1,1.0,4.0,60.0
446,3,7310,26,,5.0,1,4.0,1.0,55.0
447,1,7317,79,,,2,6.0,4.0,
448,1,7301,47,,7.0,2,1.0,4.0,40.0
448,2,7301,55,,7.0,1,1.0,2.0,30.0
448,3,7301,16,13.0,,1,6.0,,
448,4,7301,13,9.0,,2,,,
449,1,7322,23,,5.0,1,4.0,1.0,50.0
449,2,7322,23,,1.0,1,1.0,4.0,35.0
449,3,7322,23,,5.0,1,4.0,1.0,40.0
449,4,7322,19,15.0,1.0,1,1.0,4.0,18.0
450,1,7312,59,,1.0,2,1.0,4.0,20.0
450,2,7312,68,,,1,6.0,4.0,
451,1,7320,37,,1.0,1,1.0,2.0,40.0
451,2,7320,38,,1.0,2,1.0,4.0,40.0
451,3,7320,9,6.0,,1,,,
451,4,7320,8,4.0,,1,,,
451,5,7320,1,,,2,,,
452,1,7310,36,,1.0,1,1.0,4.0,60.0
453,1,7302,63,,,1,6.0,4.0,
453,2,7302,62,,1.0,2,1.0,4.0,32.0
454,1,7316,72,,,1,6.0,4.0,
454,2,7316,71,,,2,6.0,4.0,
455,1,7306,49,,,2,6.0,4.0,
455,2,7306,52,,1.0,1,1.0,4.0,40.0
455,3,7306,17,14.0,,2,6.0,4.0,
455,4,7306,14,10.0,,1,,,
456,1,7310,31,,1.0,1,1.0,4.0,45.0
457,1,7307,39,,1.0,1,6.0,4.0,
458,1,7310,73,,6.0,1,1.0,2.0,25.0
458,2,7310,71,,6.0,2,1.0,4.0,25.0
458,3,7310,43,,1.0,1,1.0,4.0,40.0
458,4,7310,19,,1.0,1,1.0,4.0,30.0
459,1,7303,53,,1.0,2,1.0,4.0,40.0
459,2,7303,55,,1.0,1,1.0,4.0,40.0
459,3,7303,25,15.0,1.0,2,1.0,4.0,20.0
459,4,7303,23,15.0,1.0,1,1.0,4.0,30.0
460,1,7318,67,,2.0,1,1.0,4.0,30.0
460,2,7318,61,,2.0,2,6.0,4.0,
461,1,7320,30,,5.0,2,4.0,1.0,40.0
462,1,7315,70,,,1,6.0,2.0,
462,2,7315,71,,,2,6.0,4.0,
462,3,7315,28,,,1,6.0,4.0,
463,1,7306,66,,,1,6.0,4.0,
463,2,7306,66,,,2,6.0,4.0,
463,3,7306,42,,,1,6.0,4.0,
463,4,7306,13,10.0,,1,,,
464,1,7313,86,,9.0,1,3.0,2.0,
465,1,7307,63,,,1,6.0,4.0,
466,1,7318,68,,1.0,2,6.0,4.0,
466,2,7318,31,,1.0,2,1.0,4.0,35.0
466,3,7318,11,8.0,,1,,,
466,4,7318,4,,,2,,,
466,5,7318,31,,1.0,1,1.0,4.0,30.0
467,1,7312,58,,4.0,1,1.0,4.0,45.0
467,2,7312,55,,4.0,2,1.0,4.0,25.0
467,3,7312,12,9.0,,1,,,
468,1,7311,46,,1.0,1,1.0,4.0,50.0
468,2,7311,48,,,2,6.0,4.0,
468,3,7311,12,8.0,,1,,,
468,4,7311,10,6.0,,1,,,
469,1,7316,45,,1.0,1,1.0,4.0,40.0
469,2,7316,36,,2.0,2,1.0,4.0,40.0
469,3,7316,1,,,1,,,
470,1,7316,19,15.0,1.0,2,1.0,4.0,20.0
471,1,7313,50,,,1,6.0,4.0,
471,2,7313,38,,,2,6.0,4.0,
471,3,7313,10,7.0,,2,,,
471,4,7313,6,3.0,,1,,,
472,1,7307,62,,1.0,1,6.0,4.0,20.0
472,2,7307,60,,1.0,2,1.0,4.0,32.0
473,1,7308,37,,1.0,1,1.0,4.0,65.0
473,2,7308,37,,1.0,2,1.0,4.0,16.0
473,3,7308,5,2.0,,1,,,
473,4,7308,2,,,2,,,
474,1,7322,28,,1.0,1,1.0,4.0,40.0
474,2,7322,55,,1.0,1,1.0,4.0,40.0
475,1,7313,65,,1.0,1,1.0,4.0,40.0
476,1,7321,80,,,2,6.0,4.0,
477,1,7314,46,,1.0,1,1.0,4.0,40.0
477,2,7314,47,,2.0,2,1.0,4.0,40.0
477,3,7314,8,5.0,,2,,,
477,4,7314,8,5.0,,1,,,
478,1,7308,49,,1.0,1,1.0,4.0,40.0
478,2,7308,41,,1.0,2,1.0,4.0,40.0
478,3,7308,19,15.0,,1,6.0,4.0,
479,1,7310,42,,1.0,2,1.0,4.0,50.0
480,1,7316,33,,1.0,2,1.0,4.0,36.0
480,2,7316,31,,1.0,1,1.0,4.0,40.0
481,1,7305,82,,,1,6.0,4.0,
481,2,7305,77,,,2,6.0,4.0,
481,3,7305,53,15.0,,2,6.0,4.0,
482,1,7311,55,,,1,6.0,4.0,
482,2,7311,35,15.0,6.0,2,1.0,4.0,40.0
483,1,7309,52,,4.0,1,1.0,2.0,40.0
483,2,7309,51,,1.0,2,1.0,4.0,40.0
483,3,7309,15,12.0,,2,,,
484,1,7313,71,,1.0,1,3.0,4.0,60.0
484,2,7313,70,,,2,6.0,4.0,
485,1,7317,62,,1.0,2,1.0,4.0,50.0
486,1,7306,80,,,2,6.0,4.0,
486,2,7306,94,,,1,6.0,2.0,
487,1,7319,72,,1.0,2,1.0,4.0,32.0
487,2,7319,79,,,1,6.0,2.0,
488,1,7308,78,,,2,6.0,4.0,
489,1,7318,65,,2.0,1,6.0,4.0,
489,2,7318,64,,1.0,2,6.0,4.0,
489,3,7318,84,,,2,6.0,4.0,
490,1,7321,73,,,1,6.0,4.0,
490,2,7321,71,,,2,6.0,4.0,
491,1,7308,75,,,2,6.0,4.0,
492,1,7313,55,,1.0,1,1.0,4.0,40.0
493,1,7308,68,,,2,6.0,4.0,
493,2,7308,46,,1.0,2,1.0,4.0,45.0
493,3,7308,19,15.0,3.0,2,1.0,4.0,16.0
493,4,7308,17,13.0,,1,6.0,4.0,
493,5,7308,13,10.0,,2,,,
494,1,7320,47,,5.0,1,4.0,1.0,60.0
494,2,7320,48,,1.0,2,6.0,4.0,
494,3,7320,20,15.0,,2,6.0,4.0,
494,4,7320,4,1.0,,2,,,
494,5,7320,15,12.0,,1,,,
495,1,7321,79,,,1,6.0,2.0,
495,2,7321,76,,,2,6.0,4.0,
496,1,7318,50,,1.0,1,1.0,4.0,40.0
496,2,7318,48,,9.0,2,3.0,4.0,
496,3,7318,25,,1.0,1,1.0,4.0,40.0
496,4,7318,21,,1.0,1,1.0,4.0,40.0
496,5,7318,20,,1.0,1,1.0,4.0,25.0
496,6,7318,10,6.0,,2,,,
497,1,7310,78,,1.0,1,6.0,2.0,
497,2,7310,77,,,2,6.0,4.0,
498,1,7316,58,,1.0,1,1.0,4.0,50.0
498,2,7316,45,,6.0,2,6.0,4.0,
499,1,7318,84,,,2,6.0,4.0,
500,1,7313,66,,6.0,2,1.0,4.0,20.0
500,2,7313,62,,6.0,1,1.0,4.0,40.0
501,1,7310,65,,,1,6.0,4.0,
501,2,7310,66,,,2,6.0,4.0,
502,1,7309,40,,1.0,2,1.0,4.0,40.0
502,2,7309,54,,1.0,1,1.0,4.0,40.0
503,1,7308,89,,,1,6.0,4.0,
503,2,7308,81,,,2,6.0,4.0,
504,1,7322,35,,1.0,1,1.0,4.0,90.0
504,2,7322,31,,1.0,2,2.0,4.0,40.0
504,3,7322,18,15.0,9.0,1,3.0,4.0,
505,1,7305,33,,2.0,2,1.0,4.0,40.0
505,2,7305,14,11.0,,1,,,
505,3,7305,6,3.0,,1,,,
505,4,7305,56,,1.0,2,1.0,4.0,40.0
506,1,7316,63,,1.0,2,1.0,4.0,45.0
507,1,7303,33,,1.0,2,3.0,4.0,40.0
507,2,7303,39,,1.0,1,1.0,4.0,40.0
507,3,7303,10,6.0,,1,,,
508,1,7318,79,,,1,6.0,3.0,
509,1,7314,84,,,1,6.0,2.0,
509,2,7314,83,,,2,6.0,4.0,
510,1,7322,62,,3.0,1,6.0,2.0,
510,2,7322,55,,3.0,2,1.0,4.0,40.0
511,1,7319,30,,,2,6.0,4.0,
511,2,7319,31,,1.0,1,1.0,4.0,40.0
512,1,7314,47,,6.0,1,1.0,4.0,45.0
512,2,7314,43,,6.0,2,1.0,4.0,60.0
512,3,7314,26,,1.0,2,1.0,4.0,40.0
512,4,7314,24,15.0,2.0,2,1.0,4.0,40.0
512,5,7314,17,14.0,,2,6.0,4.0,
512,6,7314,15,13.0,,2,,,
512,7,7314,11,7.0,,1,,,
512,8,7314,13,9.0,,2,,,
512,9,7314,13,9.0,,2,,,
512,10,7314,11,6.0,,2,,,
512,11,7314,6,5.0,,2,,,
513,1,7306,36,,1.0,1,1.0,4.0,40.0
513,2,7306,39,,,2,6.0,4.0,
513,3,7306,13,10.0,,1,,,
513,4,7306,10,6.0,,1,,,
513,5,7306,18,,1.0,1,2.0,4.0,40.0
513,6,7306,16,12.0,,2,6.0,,
514,1,7307,65,,6.0,2,1.0,4.0,60.0
514,2,7307,65,,,1,6.0,4.0,
515,1,7311,48,,1.0,2,3.0,4.0,40.0
515,2,7311,9,6.0,,1,,,
516,1,7305,33,,1.0,1,1.0,4.0,40.0
516,2,7305,35,,1.0,2,1.0,4.0,40.0
516,3,7305,3,,,2,,,
517,1,7321,76,,,2,6.0,4.0,
518,1,7318,76,,1.0,2,1.0,4.0,36.0
518,2,7318,48,,5.0,1,1.0,4.0,40.0
518,3,7318,45,,,1,6.0,4.0,
519,1,7317,41,,1.0,2,1.0,4.0,20.0
519,2,7317,43,,7.0,1,1.0,4.0,40.0
519,3,7317,8,5.0,,2,,,
519,4,7317,6,3.0,,2,,,
520,1,7313,78,,,1,6.0,2.0,
520,2,7313,80,,,2,6.0,4.0,
521,1,7314,29,,7.0,1,2.0,4.0,50.0
521,2,7314,27,,6.0,2,6.0,2.0,
522,1,7313,61,16.0,1.0,1,1.0,2.0,20.0
522,2,7313,54,,4.0,2,6.0,4.0,
523,1,7316,38,,1.0,1,1.0,4.0,50.0
523,2,7316,35,,1.0,2,6.0,4.0,
523,3,7316,2,,,1,,,
523,4,7316,0,,,2,,,
524,1,7303,69,,,1,6.0,3.0,
524,2,7303,68,,,2,6.0,4.0,
525,1,7307,73,,,2,6.0,4.0,
525,2,7307,76,,,1,6.0,2.0,
525,3,7307,73,,,2,6.0,4.0,
526,1,7310,48,,1.0,1,1.0,4.0,18.0
526,2,7310,15,12.0,,2,,,
526,3,7310,12,8.0,,1,,,
527,1,7310,52,,1.0,1,6.0,4.0,
528,1,7308,74,,,2,6.0,4.0,
529,1,7304,53,,,2,6.0,4.0,
530,1,7317,45,,1.0,1,1.0,4.0,40.0
530,2,7317,33,,,2,6.0,4.0,
530,3,7317,9,6.0,,2,,,
530,4,7317,8,5.0,,2,,,
530,5,7317,3,,,2,,,
530,6,7317,21,15.0,1.0,1,1.0,4.0,6.0
531,1,7322,37,,1.0,1,3.0,2.0,25.0
532,1,7316,94,,,2,6.0,4.0,
532,2,7316,62,,1.0,1,1.0,4.0,40.0
533,1,7301,78,,1.0,2,1.0,4.0,40.0
534,1,7313,72,,,1,6.0,4.0,
534,2,7313,72,,,2,6.0,4.0,
535,1,7302,67,,,1,6.0,4.0,
535,2,7302,66,,,2,6.0,4.0,
535,3,7302,12,9.0,,1,,,
536,1,7310,81,,,2,6.0,4.0,
537,1,7313,47,,1.0,2,1.0,4.0,35.0
537,2,7313,47,,1.0,1,1.0,4.0,45.0
537,3,7313,16,13.0,,1,6.0,,
537,4,7313,10,6.0,,2,,,
538,1,7309,94,,,2,6.0,4.0,
539,1,7308,59,,1.0,1,1.0,4.0,40.0
539,2,7308,66,,1.0,2,1.0,4.0,40.0
540,1,7316,36,,1.0,1,1.0,4.0,30.0
541,1,7308,59,,1.0,1,1.0,4.0,40.0
542,1,7309,43,,7.0,2,1.0,4.0,10.0
542,2,7309,50,,7.0,1,1.0,4.0,60.0
542,3,7309,11,7.0,,1,,,
542,4,7309,7,4.0,,2,,,
543,1,7302,50,,1.0,2,1.0,4.0,40.0
543,2,7302,55,,1.0,1,1.0,4.0,40.0
544,1,7318,29,,1.0,2,1.0,4.0,45.0
544,2,7318,6,3.0,,1,,,
544,3,7318,3,,,2,,,
545,1,7321,25,,1.0,2,1.0,4.0,40.0
545,2,7321,32,,1.0,2,1.0,4.0,40.0
546,1,7315,68,,,1,6.0,2.0,
547,1,7302,60,,3.0,2,6.0,4.0,
547,2,7302,62,,,1,6.0,4.0,
548,1,7304,85,,7.0,2,6.0,4.0,25.0
549,1,7322,74,,6.0,1,1.0,2.0,12.0
549,2,7322,72,,6.0,2,1.0,4.0,8.0
550,1,7314,94,,,2,6.0,2.0,
551,1,7317,62,,,1,6.0,4.0,
552,1,7313,43,,2.0,1,1.0,4.0,36.0
552,2,7313,43,,1.0,2,1.0,4.0,20.0
552,3,7313,14,11.0,,1,,,
552,4,7313,13,10.0,,1,,,
552,5,7313,13,10.0,,1,,,
553,1,7311,31,,6.0,2,1.0,4.0,38.0
553,2,7311,29,,1.0,1,1.0,4.0,50.0
554,1,7303,41,,2.0,2,1.0,4.0,40.0
554,2,7303,45,,2.0,1,1.0,4.0,40.0
554,3,7303,10,6.0,,2,,,
554,4,7303,8,4.0,,2,,,
555,1,7310,37,,5.0,1,4.0,1.0,40.0
555,2,7310,35,,1.0,2,6.0,4.0,40.0
555,3,7310,3,,,1,,,
556,1,7304,41,15.0,6.0,2,1.0,4.0,40.0
557,1,7322,81,,2.0,1,1.0,2.0,40.0
557,2,7322,72,,,2,6.0,4.0,
557,3,7322,37,,1.0,1,2.0,4.0,40.0
557,4,7322,40,,1.0,1,2.0,4.0,40.0
557,5,7322,38,,,1,6.0,4.0,
558,1,7317,28,,5.0,2,4.0,1.0,40.0
558,2,7317,0,,,2,,,
559,1,7311,48,,1.0,2,1.0,4.0,40.0
559,2,7311,47,,7.0,1,1.0,4.0,40.0
559,3,7311,13,9.0,,1,,,
559,4,7311,11,8.0,,1,,,
560,1,7305,53,,3.0,2,1.0,4.0,45.0
560,2,7305,52,,7.0,1,1.0,4.0,84.0
561,1,7319,43,,,2,6.0,4.0,
561,2,7319,46,,1.0,1,1.0,2.0,40.0
561,3,7319,26,,2.0,2,1.0,4.0,58.0
561,4,7319,9,5.0,,2,,,
561,5,7319,7,4.0,,2,,,
561,6,7319,5,2.0,,2,,,
561,7,7319,6,3.0,,1,,,
561,8,7319,2,,,1,,,
562,1,7310,85,,,1,6.0,4.0,
562,2,7310,75,,,2,6.0,4.0,
563,1,7306,79,,,2,6.0,4.0,
564,1,7309,38,16.0,1.0,2,1.0,4.0,16.0
564,2,7309,42,,1.0,1,1.0,2.0,40.0
564,3,7309,12,8.0,,1,,,
564,4,7309,11,7.0,,1,,,
565,1,7317,37,,1.0,1,1.0,2.0,45.0
565,2,7317,36,,1.0,1,1.0,2.0,45.0
566,1,7312,32,,3.0,2,1.0,4.0,40.0
566,2,7312,34,,1.0,1,1.0,4.0,50.0
567,1,7302,40,,1.0,1,1.0,4.0,60.0
567,2,7302,33,,1.0,2,1.0,4.0,40.0
567,3,7302,4,,,2,,,
567,4,7302,2,,,1,,,
568,1,7320,56,,1.0,1,6.0,4.0,
568,2,7320,55,15.0,1.0,2,1.0,4.0,50.0
569,1,7308,56,,6.0,1,6.0,4.0,
569,2,7308,56,,1.0,2,1.0,4.0,20.0
569,3,7308,11,7.0,,2,,,
570,1,7315,62,,,2,6.0,4.0,
570,2,7315,40,,1.0,1,3.0,2.0,40.0
571,1,7317,26,15.0,,2,6.0,4.0,
571,2,7317,30,,6.0,1,1.0,4.0,40.0
571,3,7317,4,1.0,,1,,,
571,4,7317,3,1.0,,1,,,
572,1,7313,35,,3.0,2,1.0,4.0,15.0
572,2,7313,45,,1.0,1,1.0,4.0,20.0
572,3,7313,18,14.0,,2,6.0,4.0,
572,4,7313,15,14.0,,2,,,
572,5,7313,6,4.0,,1,,,
573,1,7318,66,,3.0,1,1.0,4.0,40.0
574,1,7320,63,,6.0,1,1.0,4.0,35.0
574,2,7320,64,,1.0,2,1.0,4.0,20.0
575,1,7320,43,,5.0,1,1.0,2.0,40.0
575,2,7320,41,,1.0,2,1.0,4.0,40.0
575,3,7320,8,4.0,,1,,,
575,4,7320,4,1.0,,2,,,
575,5,7320,0,,,1,,,
575,6,7320,78,,,2,6.0,4.0,
576,1,7309,58,,2.0,2,1.0,4.0,4.0
576,2,7309,61,,1.0,1,1.0,4.0,80.0
576,3,7309,18,13.0,,1,6.0,4.0,
577,1,7314,24,15.0,1.0,1,1.0,4.0,40.0
577,2,7314,23,,1.0,2,1.0,4.0,25.0
578,1,7313,75,,,2,6.0,4.0,
579,1,7322,71,,,1,6.0,2.0,
579,2,7322,70,,,2,6.0,4.0,
580,1,7301,67,,6.0,1,1.0,4.0,10.0
581,1,7314,42,,3.0,2,1.0,4.0,40.0
581,2,7314,42,,3.0,1,1.0,4.0,40.0
581,3,7314,14,10.0,,2,,,
581,4,7314,10,7.0,,1,,,
582,1,7316,44,,5.0,2,1.0,4.0,40.0
583,1,7319,54,,6.0,2,1.0,4.0,40.0
583,2,7319,57,,6.0,1,1.0,4.0,40.0
583,3,7319,46,,1.0,1,6.0,4.0,
583,4,7319,84,,,2,6.0,4.0,
583,5,7319,32,,1.0,1,1.0,4.0,40.0
584,1,7303,65,,6.0,1,6.0,4.0,20.0
584,2,7303,65,,1.0,2,1.0,4.0,23.0
585,1,7321,85,,7.0,1,6.0,4.0,
585,2,7321,79,,,2,6.0,4.0,
585,3,7321,47,,1.0,1,1.0,4.0,25.0
586,1,7302,70,,1.0,2,6.0,4.0,
586,2,7302,89,,,2,6.0,4.0,
587,1,7310,59,,1.0,1,2.0,2.0,50.0
587,2,7310,58,,1.0,2,1.0,4.0,18.0
587,3,7310,27,,1.0,2,3.0,4.0,12.0
587,4,7310,21,15.0,1.0,2,1.0,4.0,10.0
588,1,7307,59,,4.0,2,1.0,4.0,84.0
588,2,7307,73,,,1,6.0,4.0,
588,3,7307,35,,,1,6.0,4.0,
589,1,7317,24,,1.0,2,1.0,4.0,40.0
589,2,7317,23,,1.0,2,1.0,4.0,40.0
590,1,7309,34,,1.0,1,1.0,4.0,45.0
590,2,7309,30,,1.0,2,1.0,4.0,50.0
591,1,7318,50,,3.0,2,1.0,4.0,40.0
591,2,7318,52,16.0,1.0,1,1.0,4.0,40.0
591,3,7318,23,,1.0,1,1.0,4.0,45.0
592,1,7313,57,,1.0,2,2.0,4.0,30.0
592,2,7313,58,,1.0,1,1.0,4.0,40.0
593,1,7321,40,,,2,6.0,4.0,
593,2,7321,24,,1.0,1,1.0,4.0,40.0
594,1,7310,85,,,2,6.0,4.0,
595,1,7302,48,,7.0,2,1.0,4.0,32.0
595,2,7302,48,,7.0,1,1.0,4.0,40.0
595,3,7302,19,,1.0,2,6.0,4.0,7.0
595,4,7302,15,12.0,,1,,,
596,1,7310,57,,1.0,2,1.0,4.0,35.0
596,2,7310,51,,1.0,1,1.0,4.0,40.0
596,3,7310,25,15.0,1.0,1,1.0,4.0,24.0
597,1,7306,69,,,1,6.0,4.0,
598,1,7316,72,,,2,6.0,4.0,
599,1,7310,68,,1.0,1,6.0,3.0,15.0
599,2,7310,64,,,2,6.0,4.0,
600,1,7319,63,,1.0,1,1.0,4.0,40.0
600,2,7319,58,,,2,6.0,4.0,
601,1,7301,70,,,1,6.0,4.0,
601,2,7301,69,,6.0,2,1.0,4.0,10.0
602,1,7306,38,,1.0,1,1.0,4.0,45.0
603,1,7318,62,,3.0,1,6.0,2.0,40.0
603,2,7318,65,,3.0,2,6.0,4.0,
604,1,7314,72,,1.0,1,1.0,2.0,20.0
605,1,7313,55,,1.0,1,1.0,4.0,40.0
605,2,7313,72,,,2,6.0,4.0,
605,3,7313,20,,,1,6.0,4.0,
606,1,7302,34,,1.0,2,1.0,4.0,40.0
606,2,7302,43,,1.0,1,1.0,4.0,35.0
606,3,7302,38,,1.0,2,1.0,4.0,30.0
607,1,7312,40,,1.0,1,1.0,4.0,45.0
608,1,7308,57,,6.0,2,1.0,4.0,50.0
608,2,7308,57,,1.0,1,1.0,4.0,60.0
609,1,7316,60,,1.0,1,1.0,4.0,30.0
610,1,7314,81,,2.0,1,6.0,3.0,
610,2,7314,82,,,2,6.0,4.0,
611,1,7301,61,,1.0,1,1.0,4.0,40.0
611,2,7301,60,,,2,6.0,4.0,
612,1,7309,74,,,2,6.0,4.0,
612,2,7309,74,,,1,6.0,2.0,
613,1,7301,31,,1.0,1,1.0,4.0,40.0
614,1,7321,83,,,2,6.0,4.0,
615,1,7311,65,,,1,6.0,4.0,
615,2,7311,62,16.0,,2,6.0,4.0,
615,3,7311,33,,1.0,2,1.0,4.0,40.0
615,4,7311,0,,,1,,,
615,5,7311,63,,,2,6.0,2.0,
615,6,7311,29,,4.0,1,1.0,4.0,40.0
616,1,7321,75,,,2,6.0,4.0,
616,2,7321,56,,1.0,1,3.0,3.0,40.0
617,1,7317,82,,,2,6.0,4.0,
618,1,7322,37,,1.0,2,1.0,4.0,60.0
618,2,7322,18,,,1,6.0,4.0,
618,3,7322,13,9.0,,2,,,
618,4,7322,5,2.0,,2,,,
619,1,7306,38,,3.0,2,1.0,4.0,40.0
619,2,7306,39,,1.0,1,1.0,4.0,40.0
619,3,7306,8,5.0,,2,,,
620,1,7306,55,,1.0,1,1.0,4.0,40.0
620,2,7306,57,,1.0,2,1.0,4.0,40.0
620,3,7306,33,,1.0,2,1.0,4.0,40.0
620,4,7306,11,9.0,,1,,,
620,5,7306,9,7.0,,1,,,
620,6,7306,1,,,2,,,
621,1,7303,23,,1.0,1,1.0,4.0,45.0
622,1,7312,28,,1.0,2,1.0,4.0,40.0
622,2,7312,25,,1.0,2,1.0,4.0,45.0
623,1,7301,36,,1.0,1,1.0,4.0,20.0
623,2,7301,30,,5.0,2,4.0,1.0,80.0
624,1,7303,53,,1.0,1,1.0,2.0,40.0
624,2,7303,31,,1.0,1,1.0,4.0,40.0
625,1,7310,41,,1.0,2,1.0,4.0,50.0
626,1,7320,42,,3.0,1,1.0,4.0,40.0
626,2,7320,43,,,2,6.0,4.0,
626,3,7320,14,12.0,,2,,,
626,4,7320,12,10.0,,2,,,
627,1,7319,58,,1.0,1,1.0,4.0,50.0
627,2,7319,58,15.0,,2,6.0,4.0,
628,1,7302,60,,,1,6.0,4.0,
628,2,7302,61,,,2,6.0,4.0,
629,1,7318,54,,6.0,1,1.0,4.0,48.0
629,2,7318,48,,,2,6.0,4.0,
629,3,7318,24,15.0,1.0,2,1.0,4.0,40.0
629,4,7318,21,,1.0,1,1.0,4.0,40.0
629,5,7318,12,9.0,,2,,,
630,1,7316,60,,4.0,2,6.0,4.0,50.0
631,1,7307,38,,1.0,1,1.0,4.0,60.0
631,2,7307,36,,1.0,2,1.0,4.0,55.0
631,3,7307,17,14.0,1.0,1,1.0,4.0,15.0
631,4,7307,13,10.0,,2,,,
632,1,7314,34,,5.0,1,1.0,2.0,40.0
632,2,7314,35,,,2,6.0,4.0,
632,3,7314,13,9.0,,2,,,
632,4,7314,10,7.0,,2,,,
632,5,7314,9,5.0,,1,,,
632,6,7314,2,,,2,,,
633,1,7308,46,,1.0,1,1.0,2.0,40.0
633,2,7308,23,,1.0,1,3.0,4.0,4.0
633,3,7308,10,7.0,,1,,,
633,4,7308,79,,,1,6.0,4.0,
633,5,7308,78,,,2,6.0,4.0,
633,6,7308,48,,6.0,2,2.0,4.0,60.0
634,1,7313,34,,6.0,2,1.0,4.0,40.0
634,2,7313,37,,1.0,1,1.0,4.0,60.0
634,3,7313,3,,,2,,,
635,1,7310,65,,5.0,1,1.0,2.0,40.0
635,2,7310,47,,2.0,2,1.0,4.0,20.0
635,3,7310,17,13.0,,1,6.0,4.0,
635,4,7310,14,10.0,,1,,,
636,1,7308,53,,1.0,2,1.0,4.0,40.0
636,2,7308,46,,1.0,1,1.0,2.0,40.0
637,1,7301,73,,7.0,2,6.0,4.0,
637,2,7301,80,,7.0,1,6.0,2.0,
638,1,7305,60,,7.0,1,1.0,4.0,60.0
639,1,7317,49,,5.0,1,4.0,1.0,50.0
639,2,7317,44,,,2,6.0,4.0,
639,3,7317,9,5.0,,1,,,
639,4,7317,4,,,1,,,
639,5,7317,50,,1.0,1,1.0,4.0,40.0
640,1,7301,49,,1.0,2,1.0,4.0,60.0
640,2,7301,51,,1.0,1,1.0,4.0,60.0
641,1,7309,47,,1.0,1,1.0,4.0,50.0
641,2,7309,43,,1.0,2,1.0,4.0,40.0
641,3,7309,5,1.0,,1,,,
642,1,7302,40,,1.0,2,1.0,4.0,40.0
642,2,7302,31,,1.0,1,1.0,4.0,40.0
642,3,7302,14,11.0,,1,,,
643,1,7303,34,,1.0,2,1.0,2.0,30.0
643,2,7303,6,3.0,,2,,,
644,1,7316,65,,,2,6.0,4.0,
644,2,7316,35,,1.0,2,1.0,4.0,20.0
645,1,7310,20,15.0,1.0,2,3.0,4.0,32.0
645,2,7310,21,,5.0,1,6.0,2.0,45.0
646,1,7302,48,,6.0,1,1.0,4.0,55.0
646,2,7302,41,,6.0,2,1.0,4.0,45.0
646,3,7302,20,15.0,2.0,1,1.0,4.0,34.0
646,4,7302,18,,2.0,2,1.0,4.0,10.0
646,5,7302,16,12.0,6.0,1,6.0,,4.0
646,6,7302,12,8.0,,2,,,
647,1,7316,48,,1.0,1,1.0,4.0,40.0
648,1,7302,61,,1.0,1,1.0,4.0,55.0
649,1,7311,56,,1.0,2,1.0,4.0,40.0
649,2,7311,19,15.0,1.0,1,1.0,4.0,20.0
649,3,7311,16,13.0,1.0,1,1.0,,12.0
650,1,7306,63,,,1,6.0,4.0,
650,2,7306,61,,,2,6.0,4.0,
651,1,7305,29,,,2,6.0,4.0,
652,1,7315,27,,1.0,1,1.0,4.0,50.0
652,2,7315,28,,3.0,2,1.0,4.0,50.0
653,1,7319,68,,1.0,1,1.0,2.0,40.0
654,1,7316,41,,9.0,1,3.0,2.0,
654,2,7316,61,,1.0,1,1.0,4.0,25.0
655,1,7309,37,,1.0,1,1.0,4.0,40.0
655,2,7309,35,16.0,1.0,2,1.0,4.0,12.0
655,3,7309,7,3.0,,1,,,
656,1,7319,78,,,2,6.0,4.0,
656,2,7319,57,,3.0,2,1.0,4.0,40.0
657,1,7302,33,,3.0,2,6.0,4.0,
657,2,7302,14,10.0,,1,,,
657,3,7302,11,8.0,,2,,,
657,4,7302,10,7.0,,1,,,
657,5,7302,10,6.0,,1,,,
657,6,7302,5,2.0,,2,,,
657,7,7302,3,,,1,,,
658,1,7309,42,,1.0,2,1.0,4.0,40.0
658,2,7309,26,15.0,2.0,1,1.0,2.0,6.0
658,3,7309,11,7.0,,1,,,
658,4,7309,9,5.0,,1,,,
658,5,7309,4,,,1,,,
659,1,7321,58,,1.0,2,1.0,4.0,40.0
659,2,7321,33,15.0,2.0,2,1.0,4.0,40.0
660,1,7313,45,,3.0,1,1.0,4.0,40.0
660,2,7313,42,,3.0,2,1.0,3.0,30.0
660,3,7313,10,7.0,,2,,,
660,4,7313,8,4.0,,1,,,
661,1,7319,86,,,1,6.0,2.0,
661,2,7319,84,,,2,6.0,4.0,
661,3,7319,57,,1.0,2,1.0,4.0,40.0
662,1,7310,43,,4.0,1,1.0,4.0,40.0
662,2,7310,41,,2.0,2,1.0,4.0,40.0
662,3,7310,10,6.0,,1,,,
662,4,7310,8,4.0,,1,,,
663,1,7322,39,,3.0,2,1.0,4.0,14.0
663,2,7322,40,,1.0,1,1.0,4.0,60.0
663,3,7322,12,9.0,,2,,,
664,1,7308,28,,2.0,2,1.0,4.0,40.0
664,2,7308,40,,1.0,1,6.0,3.0,
664,3,7308,0,,,2,,,
664,4,7308,42,,1.0,1,1.0,2.0,20.0
664,5,7308,34,,1.0,1,1.0,4.0,14.0
664,6,7308,27,,1.0,1,1.0,4.0,40.0
665,1,7318,58,,,2,6.0,4.0,
665,2,7318,63,,3.0,1,1.0,4.0,40.0
666,1,7310,87,,,1,6.0,2.0,
666,2,7310,57,,1.0,2,6.0,4.0,
666,3,7310,56,,1.0,1,1.0,4.0,40.0
667,1,7307,57,,,2,6.0,4.0,
667,2,7307,63,,7.0,1,1.0,4.0,45.0
668,1,7305,57,,1.0,1,1.0,4.0,60.0
668,2,7305,53,,1.0,2,1.0,4.0,50.0
668,3,7305,18,15.0,1.0,1,1.0,4.0,5.0
668,4,7305,17,12.0,1.0,1,1.0,4.0,5.0
669,1,7317,36,,1.0,1,1.0,4.0,40.0
669,2,7317,33,,4.0,2,1.0,4.0,15.0
669,3,7317,0,,,2,,,
670,1,7313,33,,1.0,2,2.0,4.0,40.0
670,2,7313,36,,3.0,1,1.0,4.0,50.0
670,3,7313,3,1.0,,1,,,
670,4,7313,0,,,2,,,
671,1,7307,63,,,2,6.0,4.0,
672,1,7321,42,15.0,1.0,2,1.0,4.0,30.0
672,2,7321,40,,7.0,1,1.0,4.0,40.0
672,3,7321,12,9.0,,1,,,
672,4,7321,3,,,2,,,
673,1,7312,70,,2.0,2,1.0,4.0,40.0
674,1,7320,94,,,2,6.0,4.0,
675,1,7309,56,,1.0,2,1.0,4.0,20.0
675,2,7309,57,,1.0,1,1.0,4.0,50.0
676,1,7319,84,,,1,6.0,2.0,
676,2,7319,80,,,2,6.0,4.0,
677,1,7302,57,,2.0,2,6.0,4.0,
677,2,7302,58,,7.0,1,1.0,4.0,55.0
677,3,7302,23,15.0,,1,6.0,4.0,
678,1,7309,48,,1.0,2,1.0,4.0,40.0
678,2,7309,56,16.0,7.0,1,6.0,4.0,
678,3,7309,18,14.0,1.0,1,1.0,4.0,18.0
678,4,7309,16,12.0,,2,6.0,,
678,5,7309,14,10.0,,2,,,
678,6,7309,7,3.0,,2,,,
679,1,7317,68,,,2,6.0,4.0,
680,1,7301,76,,,2,6.0,4.0,
680,2,7301,58,,1.0,2,1.0,4.0,30.0
681,1,7310,30,,1.0,2,1.0,4.0,40.0
681,2,7310,28,,1.0,2,1.0,4.0,40.0
682,1,7307,37,,1.0,1,3.0,4.0,40.0
682,2,7307,33,,1.0,2,1.0,4.0,45.0
683,1,7310,60,,2.0,2,2.0,4.0,40.0
683,2,7310,68,,1.0,1,2.0,4.0,8.0
684,1,7307,51,,3.0,2,1.0,4.0,30.0
684,2,7307,46,,1.0,1,1.0,4.0,50.0
684,3,7307,16,13.0,9.0,2,3.0,,
684,4,7307,14,11.0,,1,,,
684,5,7307,14,11.0,,2,,,
685,1,7316,29,,1.0,1,1.0,4.0,45.0
685,2,7316,29,,1.0,2,1.0,4.0,40.0
686,1,7314,60,,1.0,2,1.0,4.0,39.0
686,2,7314,18,13.0,,1,6.0,4.0,
686,3,7314,49,,,2,6.0,4.0,
687,1,7301,68,,,1,6.0,4.0,
687,2,7301,66,,1.0,2,1.0,4.0,50.0
688,1,7321,87,,,1,6.0,3.0,
688,2,7321,94,,,2,6.0,4.0,
689,1,7303,64,,1.0,2,1.0,4.0,40.0
689,2,7303,54,,6.0,1,6.0,4.0,
690,1,7308,64,,1.0,1,1.0,4.0,40.0
691,1,7321,25,15.0,4.0,1,1.0,4.0,70.0
691,2,7321,18,14.0,,2,6.0,4.0,
691,3,7321,50,,4.0,2,1.0,4.0,70.0
692,1,7316,28,,4.0,1,1.0,4.0,65.0
693,1,7307,41,,4.0,2,1.0,4.0,40.0
693,2,7307,12,9.0,,2,,,
693,3,7307,9,6.0,,1,,,
694,1,7307,67,,1.0,1,1.0,4.0,40.0
695,1,7319,84,,,1,6.0,4.0,
695,2,7319,85,,,2,6.0,4.0,
696,1,7311,46,,1.0,1,1.0,4.0,60.0
696,2,7311,44,,3.0,2,1.0,4.0,10.0
696,3,7311,12,8.0,,2,,,
697,1,7305,36,,1.0,1,1.0,4.0,40.0
697,2,7305,30,,1.0,2,1.0,4.0,40.0
697,3,7305,3,,,2,,,
697,4,7305,2,,,2,,,
698,1,7301,42,,1.0,2,1.0,4.0,40.0
698,2,7301,26,,1.0,1,1.0,4.0,40.0
699,1,7301,80,,1.0,1,1.0,3.0,72.0
699,2,7301,77,,,2,6.0,4.0,
700,1,7311,28,15.0,1.0,1,6.0,2.0,40.0
701,1,7301,39,,6.0,1,1.0,4.0,55.0
701,2,7301,48,,1.0,2,1.0,4.0,60.0
702,1,7303,43,,1.0,2,1.0,4.0,30.0
702,2,7303,20,,1.0,1,1.0,4.0,40.0
702,3,7303,7,4.0,,1,,,
703,1,7301,26,,1.0,2,2.0,4.0,40.0
703,2,7301,30,,1.0,1,1.0,4.0,40.0
703,3,7301,0,,,2,,,
703,4,7301,49,,3.0,2,1.0,4.0,60.0
704,1,7319,30,,1.0,1,1.0,4.0,40.0
704,2,7319,29,,1.0,2,2.0,4.0,40.0
704,3,7319,7,4.0,,1,,,
704,4,7319,3,,,2,,,
704,5,7319,0,,,1,,,
704,6,7319,28,,,2,6.0,4.0,
704,7,7319,28,,1.0,1,1.0,4.0,50.0
704,8,7319,7,4.0,,1,,,
705,1,7315,62,,,2,6.0,4.0,
705,2,7315,73,,,1,6.0,2.0,
706,1,7310,30,,2.0,2,1.0,4.0,40.0
707,1,7316,28,,1.0,1,1.0,4.0,40.0
707,2,7316,27,15.0,,2,6.0,4.0,
708,1,7314,23,,1.0,2,1.0,4.0,40.0
708,2,7314,28,,6.0,1,1.0,4.0,48.0
709,1,7310,29,,1.0,1,1.0,4.0,58.0
709,2,7310,28,,1.0,2,1.0,4.0,40.0
710,1,7301,23,,1.0,1,1.0,4.0,35.0
710,2,7301,22,,1.0,2,1.0,4.0,30.0
711,1,7309,39,15.0,1.0,2,2.0,4.0,30.0
711,2,7309,7,4.0,,2,,,
712,1,7311,38,15.0,1.0,2,1.0,4.0,45.0
712,2,7311,38,,1.0,1,1.0,4.0,50.0
712,3,7311,8,4.0,,2,,,
713,1,7316,50,,1.0,1,1.0,2.0,45.0
713,2,7316,50,,6.0,2,1.0,4.0,45.0
714,1,7312,44,,1.0,2,1.0,4.0,40.0
714,2,7312,12,9.0,,2,,,
714,3,7312,59,,6.0,1,1.0,4.0,40.0
715,1,7315,64,,6.0,1,6.0,4.0,6.0
715,2,7315,72,,,2,6.0,4.0,
716,1,7306,25,,1.0,1,1.0,4.0,40.0
716,2,7306,26,,1.0,2,1.0,4.0,40.0
717,1,7303,55,,1.0,1,1.0,4.0,40.0
717,2,7303,42,,5.0,2,1.0,4.0,38.0
717,3,7303,24,15.0,1.0,2,1.0,4.0,20.0
717,4,7303,22,,1.0,1,1.0,4.0,40.0
717,5,7303,18,15.0,,1,6.0,4.0,
718,1,7307,43,,7.0,2,1.0,2.0,40.0
718,2,7307,44,,7.0,1,1.0,4.0,40.0
718,3,7307,20,15.0,1.0,2,1.0,4.0,35.0
718,4,7307,17,14.0,,1,6.0,4.0,
718,5,7307,25,,1.0,1,1.0,4.0,42.0
719,1,7303,57,,1.0,2,1.0,4.0,42.0
719,2,7303,28,,1.0,2,1.0,4.0,20.0
720,1,7313,64,,6.0,2,1.0,4.0,10.0
720,2,7313,67,,,1,6.0,2.0,
721,1,7321,73,,,2,6.0,4.0,
722,1,7315,67,,,1,6.0,4.0,
722,2,7315,61,,1.0,2,1.0,4.0,30.0
723,1,7322,53,,5.0,1,6.0,2.0,
723,2,7322,45,,1.0,2,1.0,4.0,40.0
723,3,7322,24,15.0,1.0,1,1.0,4.0,40.0
723,4,7322,15,12.0,,1,,,
723,5,7322,51,16.0,3.0,2,1.0,4.0,40.0
723,6,7322,83,,,2,6.0,4.0,
723,7,7322,10,6.0,,2,,,
724,1,7310,67,,,2,6.0,4.0,
725,1,7304,73,,,2,6.0,4.0,
726,1,7315,27,,2.0,2,1.0,4.0,40.0
726,2,7315,28,15.0,1.0,1,1.0,4.0,40.0
727,1,7318,64,,3.0,2,1.0,4.0,10.0
727,2,7318,66,,3.0,1,1.0,4.0,8.0
728,1,7302,67,,6.0,1,1.0,4.0,45.0
728,2,7302,66,,6.0,2,1.0,4.0,32.0
729,1,7306,73,,,1,6.0,2.0,
729,2,7306,69,,,2,6.0,4.0,
730,1,7311,56,,1.0,1,1.0,4.0,52.0
730,2,7311,55,,,2,6.0,4.0,
731,1,7313,81,,1.0,1,6.0,4.0,
731,2,7313,77,,3.0,2,1.0,4.0,6.0
732,1,7302,42,,,2,6.0,4.0,
732,2,7302,41,,3.0,1,1.0,4.0,40.0
732,3,7302,21,,,1,6.0,4.0,
732,4,7302,14,11.0,,1,,,
732,5,7302,13,10.0,,1,,,
732,6,7302,12,9.0,,1,,,
732,7,7302,9,6.0,,2,,,
732,8,7302,4,,,2,,,
732,9,7302,2,,,2,,,
733,1,7316,44,,1.0,1,1.0,4.0,25.0
734,1,7312,59,,,2,6.0,4.0,
734,2,7312,60,,1.0,1,1.0,4.0,50.0
735,1,7310,89,,7.0,1,1.0,2.0,25.0
735,2,7310,67,,1.0,2,1.0,4.0,20.0
736,1,7308,55,,1.0,1,1.0,4.0,60.0
736,2,7308,51,,,2,6.0,4.0,
736,3,7308,16,12.0,,1,6.0,,
736,4,7308,14,11.0,,1,,,
736,5,7308,11,8.0,,2,,,
737,1,7301,40,,1.0,2,1.0,4.0,35.0
737,2,7301,39,,1.0,1,1.0,4.0,40.0
737,3,7301,9,6.0,,1,,,
737,4,7301,3,,,2,,,
738,1,7310,68,,1.0,1,1.0,4.0,5.0
739,1,7310,36,,5.0,1,4.0,1.0,70.0
739,2,7310,32,15.0,1.0,2,3.0,4.0,45.0
739,3,7310,7,4.0,,1,,,
739,4,7310,2,,,1,,,
740,1,7301,41,,1.0,1,1.0,4.0,32.0
741,1,7314,74,,,2,6.0,4.0,
741,2,7314,74,,6.0,1,2.0,4.0,8.0
742,1,7309,51,,7.0,2,1.0,4.0,20.0
742,2,7309,59,,1.0,1,1.0,4.0,45.0
742,3,7309,14,10.0,,2,,,
743,1,7314,43,,1.0,1,1.0,4.0,65.0
743,2,7314,43,,,2,6.0,4.0,
743,3,7314,0,,,1,,,
744,1,7317,28,,1.0,2,1.0,4.0,50.0
744,2,7317,29,,1.0,1,1.0,4.0,45.0
745,1,7317,54,,4.0,1,1.0,4.0,40.0
746,1,7316,37,,2.0,2,1.0,4.0,32.0
747,1,7304,68,,6.0,2,1.0,4.0,15.0
748,1,7308,41,,6.0,1,1.0,4.0,40.0
748,2,7308,38,,,2,6.0,4.0,
748,3,7308,12,8.0,,1,,,
748,4,7308,9,5.0,,1,,,
748,5,7308,1,,,1,,,
749,1,7311,57,,1.0,1,1.0,4.0,40.0
749,2,7311,47,,1.0,2,1.0,4.0,35.0
749,3,7311,15,12.0,,1,,,
749,4,7311,13,10.0,,1,,,
749,5,7311,11,8.0,,1,,,
750,1,7309,83,,,1,6.0,2.0,
750,2,7309,78,,,2,6.0,4.0,
751,1,7312,42,,1.0,1,1.0,2.0,40.0
752,1,7310,43,,1.0,1,1.0,4.0,40.0
753,1,7315,60,,2.0,2,1.0,4.0,40.0
753,2,7315,62,,2.0,1,3.0,4.0,40.0
754,1,7310,28,,2.0,2,1.0,4.0,40.0
755,1,7322,24,,5.0,2,4.0,1.0,40.0
756,1,7321,60,,4.0,2,1.0,4.0,40.0
756,2,7321,89,,,2,6.0,4.0,
756,3,7321,26,,1.0,1,1.0,4.0,80.0
756,4,7321,26,,,2,6.0,4.0,
756,5,7321,5,2.0,,1,,,
756,6,7321,0,,,1,,,
757,1,7301,78,,,1,6.0,4.0,
757,2,7301,68,,,2,6.0,4.0,
758,1,7318,54,,5.0,1,1.0,2.0,50.0
758,2,7318,51,16.0,1.0,2,1.0,4.0,72.0
759,1,7302,28,,1.0,2,1.0,4.0,38.0
759,2,7302,29,,1.0,1,1.0,4.0,40.0
759,3,7302,1,,,2,,,
759,4,7302,17,14.0,9.0,2,3.0,4.0,
759,5,7302,13,10.0,,2,,,
759,6,7302,44,,1.0,2,1.0,4.0,36.0
759,7,7302,27,,1.0,1,1.0,4.0,40.0
760,1,7308,53,,1.0,2,1.0,4.0,38.0
760,2,7308,50,,1.0,1,1.0,4.0,40.0
760,3,7308,21,15.0,1.0,1,1.0,4.0,35.0
761,1,7304,66,,1.0,1,1.0,4.0,60.0
761,2,7304,57,,4.0,2,6.0,4.0,6.0
762,1,7316,38,,2.0,2,1.0,4.0,40.0
762,2,7316,37,,1.0,1,1.0,4.0,40.0
762,3,7316,0,,,2,,,
763,1,7303,66,,1.0,2,1.0,4.0,12.0
763,2,7303,71,,1.0,1,1.0,3.0,40.0
763,3,7303,94,,,2,6.0,4.0,
764,1,7303,21,,3.0,1,1.0,4.0,65.0
764,2,7303,63,,,1,6.0,2.0,
764,3,7303,59,,4.0,2,1.0,4.0,23.0
765,1,7314,60,,3.0,2,1.0,4.0,24.0
765,2,7314,63,,4.0,1,1.0,4.0,45.0
766,1,7304,58,,3.0,1,6.0,2.0,25.0
767,1,7317,35,,1.0,1,1.0,2.0,40.0
767,2,7317,33,,3.0,2,1.0,4.0,40.0
768,1,7313,37,,1.0,1,1.0,4.0,40.0
769,1,7313,47,,1.0,1,1.0,4.0,50.0
769,2,7313,45,,,2,6.0,4.0,
769,3,7313,14,10.0,,1,,,
769,4,7313,14,10.0,,2,,,
769,5,7313,8,5.0,,1,,,
770,1,7313,25,15.0,1.0,2,1.0,4.0,20.0
770,2,7313,30,,4.0,1,1.0,4.0,40.0
770,3,7313,0,,,1,,,
770,4,7313,24,15.0,,1,6.0,2.0,
770,5,7313,44,,1.0,2,1.0,4.0,40.0
771,1,7312,50,,1.0,1,1.0,4.0,40.0
772,1,7315,60,,6.0,1,1.0,4.0,25.0
772,2,7315,58,,1.0,2,1.0,4.0,40.0
773,1,7307,80,,,1,6.0,4.0,
773,2,7307,81,,,2,6.0,4.0,
774,1,7318,60,,,2,6.0,4.0,
774,2,7318,68,,,1,6.0,4.0,
775,1,7310,84,,,2,6.0,4.0,
775,2,7310,94,,7.0,1,1.0,2.0,40.0
776,1,7310,32,16.0,1.0,2,1.0,4.0,40.0
777,1,7310,60,,3.0,1,1.0,4.0,40.0
777,2,7310,55,,3.0,2,1.0,4.0,30.0
778,1,7304,43,,1.0,1,1.0,4.0,45.0
778,2,7304,41,,1.0,2,6.0,4.0,12.0
778,3,7304,17,14.0,1.0,1,1.0,4.0,14.0
778,4,7304,12,9.0,,1,,,
779,1,7304,46,,1.0,1,1.0,2.0,55.0
779,2,7304,42,,1.0,2,1.0,4.0,18.0
779,3,7304,15,12.0,,2,,,
779,4,7304,13,10.0,,2,,,
779,5,7304,12,9.0,,1,,,
780,1,7306,52,,1.0,1,1.0,4.0,40.0
780,2,7306,61,,,2,6.0,4.0,
780,3,7306,29,,1.0,2,1.0,4.0,40.0
780,4,7306,26,,1.0,1,1.0,4.0,25.0
780,5,7306,10,,,1,,,
780,6,7306,6,,,1,,,
780,7,7306,30,,1.0,1,1.0,4.0,40.0
781,1,7315,39,,6.0,1,1.0,4.0,40.0
781,2,7315,38,,1.0,2,1.0,4.0,19.0
782,1,7308,70,,,2,6.0,4.0,
783,1,7313,36,,1.0,2,6.0,4.0,
783,2,7313,36,15.0,5.0,1,1.0,4.0,40.0
783,3,7313,13,10.0,,1,,,
783,4,7313,13,10.0,,2,,,
784,1,7312,79,,,2,6.0,4.0,
784,2,7312,50,,1.0,2,1.0,4.0,40.0
784,3,7312,48,,1.0,2,1.0,4.0,40.0
784,4,7312,38,,1.0,2,6.0,4.0,
784,5,7312,28,,1.0,2,1.0,4.0,40.0
785,1,7313,51,,,2,6.0,4.0,
785,2,7313,57,,1.0,1,1.0,4.0,30.0
786,1,7302,59,,,2,6.0,4.0,
786,2,7302,62,,1.0,1,1.0,4.0,20.0
786,3,7302,25,15.0,4.0,2,1.0,4.0,40.0
786,4,7302,24,,1.0,1,1.0,4.0,40.0
786,5,7302,7,4.0,,1,,,
787,1,7301,63,,1.0,2,1.0,4.0,40.0
787,2,7301,73,,3.0,1,6.0,4.0,
788,1,7311,48,,1.0,2,1.0,4.0,45.0
788,2,7311,47,,1.0,1,1.0,4.0,60.0
788,3,7311,17,14.0,1.0,2,1.0,4.0,20.0
788,4,7311,14,10.0,,2,,,
789,1,7307,63,15.0,1.0,2,1.0,4.0,28.0
789,2,7307,69,,1.0,1,1.0,4.0,40.0
790,1,7315,30,,5.0,1,4.0,1.0,90.0
790,2,7315,35,,1.0,2,1.0,4.0,40.0
791,1,7313,83,,,2,6.0,4.0,
792,1,7309,74,,,2,6.0,4.0,
792,2,7309,55,,1.0,2,1.0,4.0,40.0
793,1,7321,25,,1.0,2,1.0,4.0,40.0
793,2,7321,6,3.0,,1,,,
794,1,7310,59,,7.0,1,1.0,4.0,40.0
794,2,7310,21,15.0,1.0,1,1.0,4.0,45.0
794,3,7310,54,,,2,6.0,4.0,
795,1,7304,34,16.0,4.0,1,1.0,4.0,35.0
795,2,7304,33,,1.0,2,1.0,4.0,38.0
796,1,7308,76,,,1,6.0,4.0,
796,2,7308,73,,,2,6.0,4.0,
797,1,7314,36,,6.0,2,1.0,4.0,20.0
797,2,7314,14,11.0,,1,,,
797,3,7314,11,7.0,,1,,,
798,1,7320,74,,,2,6.0,4.0,
799,1,7307,81,,,2,6.0,4.0,
800,1,7311,54,,6.0,1,1.0,4.0,36.0
800,2,7311,44,,,2,6.0,4.0,
800,3,7311,14,11.0,,2,,,
800,4,7311,12,9.0,,1,,,
800,5,7311,9,6.0,,2,,,
801,1,7317,37,,4.0,1,1.0,4.0,40.0
801,2,7317,35,,,2,6.0,4.0,
801,3,7317,8,4.0,,1,,,
801,4,7317,16,13.0,1.0,1,1.0,,6.0
801,5,7317,0,,,1,,,
802,1,7320,50,15.0,5.0,1,1.0,2.0,40.0
803,1,7308,83,,,2,6.0,4.0,
804,1,7315,54,,6.0,1,1.0,4.0,50.0
804,2,7315,54,,6.0,1,1.0,4.0,40.0
805,1,7312,39,,1.0,2,1.0,4.0,60.0
805,2,7312,40,,1.0,1,1.0,4.0,40.0
805,3,7312,21,,1.0,1,3.0,4.0,
806,1,7322,36,,1.0,2,1.0,4.0,40.0
806,2,7322,40,,1.0,1,1.0,4.0,49.0
806,3,7322,2,,,2,,,
806,4,7322,0,,,2,,,
806,5,7322,60,,,2,6.0,4.0,
807,1,7317,63,,7.0,1,1.0,4.0,50.0
808,1,7314,31,,5.0,1,1.0,2.0,40.0
808,2,7314,29,15.0,5.0,2,6.0,2.0,
808,3,7314,5,1.0,,1,,,
808,4,7314,0,,,1,,,
809,1,7319,67,,1.0,2,1.0,4.0,40.0
809,2,7319,56,,1.0,1,1.0,2.0,40.0
810,1,7312,46,,1.0,1,1.0,4.0,40.0
810,2,7312,44,,,2,6.0,4.0,
810,3,7312,15,12.0,,1,,,
810,4,7312,12,9.0,,1,,,
811,1,7319,77,,,2,6.0,4.0,
811,2,7319,66,,1.0,1,6.0,4.0,40.0
811,3,7319,57,,1.0,1,1.0,4.0,48.0
811,4,7319,28,,1.0,2,1.0,4.0,32.0
811,5,7319,25,15.0,1.0,2,6.0,4.0,
811,6,7319,29,,1.0,1,1.0,2.0,40.0
811,7,7319,35,,1.0,1,1.0,4.0,40.0
812,1,7307,69,,,2,6.0,4.0,
812,2,7307,59,,1.0,2,1.0,4.0,40.0
813,1,7302,84,,,2,6.0,4.0,
814,1,7315,57,,7.0,2,1.0,4.0,40.0
814,2,7315,61,,7.0,1,1.0,4.0,50.0
814,3,7315,25,,1.0,1,1.0,4.0,20.0
815,1,7319,72,,,2,6.0,4.0,
816,1,7308,71,,,1,6.0,2.0,
816,2,7308,72,,,2,6.0,4.0,
817,1,7318,53,,1.0,1,1.0,4.0,48.0
817,2,7318,53,,,2,6.0,4.0,
818,1,7318,50,,3.0,2,2.0,2.0,45.0
819,1,7318,45,,9.0,2,3.0,4.0,
819,2,7318,55,,6.0,1,1.0,4.0,40.0
819,3,7318,25,,1.0,1,1.0,4.0,40.0
819,4,7318,17,15.0,9.0,2,3.0,4.0,
819,5,7318,12,8.0,,2,,,
820,1,7310,22,,4.0,2,1.0,4.0,40.0
820,2,7310,22,,4.0,2,1.0,4.0,40.0
821,1,7309,89,,,2,6.0,4.0,
821,2,7309,63,,4.0,2,6.0,4.0,
822,1,7311,21,15.0,1.0,2,1.0,4.0,15.0
822,2,7311,22,,5.0,1,4.0,1.0,60.0
823,1,7308,51,,1.0,2,1.0,4.0,40.0
823,2,7308,51,,1.0,2,1.0,4.0,40.0
823,3,7308,4,1.0,,2,,,
824,1,7312,59,,1.0,1,1.0,2.0,48.0
824,2,7312,52,,1.0,2,6.0,4.0,
825,1,7318,33,,1.0,2,1.0,4.0,40.0
825,2,7318,27,,1.0,1,1.0,4.0,40.0
825,3,7318,16,13.0,,1,6.0,,
825,4,7318,7,4.0,,1,,,
826,1,7321,45,,3.0,2,1.0,4.0,40.0
826,2,7321,48,,6.0,1,3.0,4.0,30.0
826,3,7321,16,13.0,,1,6.0,,
826,4,7321,8,4.0,,2,,,
827,1,7302,70,,,1,6.0,2.0,
827,2,7302,71,,3.0,2,6.0,4.0,
828,1,7313,48,,3.0,2,1.0,4.0,40.0
828,2,7313,49,,3.0,1,1.0,2.0,18.0
828,3,7313,79,,,2,6.0,4.0,
829,1,7311,34,,1.0,2,6.0,2.0,
829,2,7311,35,,1.0,1,1.0,2.0,40.0
829,3,7311,9,5.0,,1,,,
830,1,7317,26,15.0,1.0,1,1.0,2.0,24.0
830,2,7317,27,,1.0,2,1.0,4.0,45.0
831,1,7315,25,,1.0,1,1.0,4.0,40.0
831,2,7315,26,,1.0,1,1.0,4.0,40.0
831,3,7315,25,,1.0,1,1.0,4.0,45.0
832,1,7320,56,,1.0,1,1.0,2.0,40.0
832,2,7320,57,,9.0,2,3.0,4.0,
833,1,7308,82,,,1,6.0,2.0,
833,2,7308,74,,2.0,2,6.0,4.0,
834,1,7301,63,,2.0,2,3.0,4.0,
835,1,7318,54,,6.0,1,1.0,4.0,40.0
835,2,7318,49,,,2,6.0,4.0,
835,3,7318,30,,1.0,1,1.0,4.0,40.0
835,4,7318,13,11.0,,1,,,
836,1,7308,30,,1.0,1,1.0,4.0,50.0
836,2,7308,30,,1.0,2,6.0,4.0,
836,3,7308,0,,,1,,,
837,1,7313,23,15.0,1.0,2,1.0,4.0,10.0
837,2,7313,24,15.0,1.0,2,1.0,4.0,20.0
838,1,7302,50,,1.0,1,6.0,3.0,
838,2,7302,25,,1.0,2,6.0,4.0,
838,3,7302,81,,,2,6.0,4.0,
838,4,7302,1,,,2,,,
839,1,7306,73,,,1,6.0,4.0,
839,2,7306,74,,,2,6.0,4.0,
840,1,7310,77,,,2,6.0,4.0,
840,2,7310,77,,,1,6.0,2.0,
841,1,7316,31,,1.0,2,1.0,4.0,40.0
841,2,7316,23,,1.0,2,1.0,4.0,40.0
841,3,7316,22,,1.0,2,1.0,4.0,40.0
842,1,7314,84,,1.0,1,6.0,2.0,
842,2,7314,82,,,2,6.0,4.0,
843,1,7304,43,,1.0,2,1.0,4.0,60.0
843,2,7304,44,,1.0,1,1.0,4.0,48.0
843,3,7304,6,3.0,,2,,,
843,4,7304,5,2.0,,1,,,
844,1,7308,36,,1.0,1,1.0,4.0,40.0
844,2,7308,35,,6.0,2,1.0,4.0,40.0
845,1,7318,47,,3.0,1,1.0,4.0,9.0
845,2,7318,48,,3.0,2,1.0,4.0,8.0
845,3,7318,25,,1.0,1,1.0,4.0,40.0
845,4,7318,21,,1.0,2,3.0,4.0,15.0
845,5,7318,18,15.0,3.0,2,1.0,4.0,9.0
845,6,7318,5,2.0,,2,,,
845,7,7318,0,,,1,,,
845,8,7318,21,15.0,1.0,2,1.0,4.0,30.0
846,1,7315,74,,1.0,2,1.0,4.0,15.0
846,2,7315,13,10.0,,1,,,
846,3,7315,12,9.0,,1,,,
846,4,7315,50,,1.0,1,1.0,4.0,8.0
846,5,7315,37,,1.0,2,1.0,4.0,40.0
847,1,7306,68,,1.0,1,1.0,4.0,40.0
847,2,7306,68,,2.0,2,6.0,4.0,
848,1,7313,51,,3.0,2,1.0,4.0,40.0
848,2,7313,57,,6.0,1,3.0,4.0,40.0
848,3,7313,18,14.0,,1,6.0,4.0,
849,1,7316,32,,4.0,2,1.0,4.0,40.0
849,2,7316,32,,2.0,1,1.0,4.0,40.0
850,1,7303,45,,1.0,2,2.0,4.0,44.0
850,2,7303,56,,1.0,1,1.0,4.0,50.0
851,1,7316,60,,6.0,2,1.0,4.0,55.0
852,1,7318,69,,1.0,1,6.0,2.0,
852,2,7318,49,,,2,6.0,4.0,
852,3,7318,14,11.0,,2,,,
852,4,7318,8,5.0,,2,,,
853,1,7301,84,,,2,6.0,4.0,
854,1,7313,89,,4.0,1,6.0,2.0,
855,1,7321,69,,1.0,2,6.0,4.0,
855,2,7321,70,,1.0,1,6.0,2.0,
856,1,7314,35,,3.0,2,1.0,4.0,60.0
856,2,7314,39,,3.0,1,1.0,4.0,50.0
857,1,7321,74,,,2,6.0,4.0,
857,2,7321,48,,1.0,1,1.0,4.0,40.0
857,3,7321,30,,,1,6.0,4.0,
858,1,7301,68,,,1,6.0,4.0,
858,2,7301,68,,,2,6.0,4.0,
859,1,7310,90,,,2,6.0,4.0,
860,1,7318,55,,,2,6.0,4.0,
860,2,7318,32,,1.0,1,1.0,4.0,14.0
861,1,7319,35,,1.0,1,1.0,4.0,50.0
861,2,7319,38,,6.0,2,1.0,4.0,20.0
861,3,7319,47,,2.0,1,1.0,4.0,20.0
862,1,7302,46,,4.0,2,1.0,4.0,40.0
862,2,7302,9,5.0,,1,,,
862,3,7302,6,3.0,,2,,,
862,4,7302,57,,6.0,1,1.0,4.0,15.0
863,1,7322,66,,1.0,1,1.0,2.0,40.0
863,2,7322,66,,,2,6.0,4.0,
864,1,7321,36,,1.0,1,1.0,4.0,40.0
864,2,7321,34,,,2,6.0,4.0,
864,3,7321,12,9.0,,1,,,
864,4,7321,10,6.0,,2,,,
864,5,7321,7,4.0,,2,,,
865,1,7322,34,,5.0,2,6.0,4.0,
865,2,7322,36,15.0,7.0,1,1.0,4.0,40.0
865,3,7322,12,9.0,,2,,,
865,4,7322,11,7.0,,1,,,
865,5,7322,8,4.0,,2,,,
865,6,7322,62,,1.0,2,6.0,4.0,
865,7,7322,67,,,2,6.0,4.0,
866,1,7307,59,,6.0,2,6.0,4.0,
866,2,7307,65,,6.0,1,1.0,4.0,40.0
867,1,7317,47,,1.0,2,1.0,4.0,40.0
867,2,7317,48,,4.0,1,1.0,4.0,40.0
867,3,7317,14,11.0,,1,,,
867,4,7317,11,8.0,,2,,,
868,1,7316,34,,4.0,1,1.0,4.0,50.0
868,2,7316,34,,4.0,2,1.0,4.0,45.0
868,3,7316,2,,,2,,,
869,1,7301,75,,,2,6.0,4.0,
870,1,7315,38,,5.0,2,4.0,1.0,50.0
870,2,7315,47,,5.0,1,6.0,2.0,
870,3,7315,19,15.0,1.0,1,6.0,4.0,12.0
871,1,7306,27,,4.0,2,6.0,4.0,15.0
871,2,7306,30,,1.0,1,1.0,4.0,40.0
871,3,7306,8,5.0,,2,,,
871,4,7306,6,3.0,,2,,,
872,1,7314,59,,1.0,2,1.0,4.0,30.0
872,2,7314,60,,5.0,1,1.0,2.0,42.0
873,1,7321,62,,,2,6.0,4.0,
873,2,7321,38,,,1,6.0,4.0,
873,3,7321,34,,1.0,2,1.0,4.0,38.0
874,1,7315,48,,1.0,2,1.0,4.0,38.0
874,2,7315,46,,,2,6.0,4.0,
874,3,7315,37,,1.0,1,1.0,4.0,40.0
874,4,7315,85,,,1,6.0,4.0,
874,5,7315,74,,,2,6.0,4.0,
875,1,7313,34,,1.0,1,1.0,4.0,50.0
875,2,7313,35,,1.0,2,1.0,4.0,18.0
875,3,7313,6,3.0,,1,,,
875,4,7313,2,,,1,,,
876,1,7310,33,,1.0,1,1.0,4.0,40.0
876,2,7310,29,,1.0,2,1.0,4.0,40.0
877,1,7316,51,16.0,3.0,1,1.0,4.0,40.0
877,2,7316,47,16.0,2.0,2,1.0,4.0,40.0
877,3,7316,78,,7.0,1,6.0,4.0,
878,1,7317,32,15.0,6.0,2,1.0,4.0,34.0
878,2,7317,29,,2.0,2,1.0,4.0,40.0
879,1,7321,57,,1.0,1,1.0,4.0,40.0
879,2,7321,55,,3.0,2,1.0,4.0,15.0
879,3,7321,16,12.0,,1,6.0,,
880,1,7310,84,,,2,6.0,4.0,
881,1,7320,49,,1.0,1,1.0,2.0,40.0
881,2,7320,62,,1.0,2,1.0,4.0,40.0
882,1,7309,85,,,2,6.0,4.0,
882,2,7309,89,,,1,6.0,3.0,
883,1,7301,90,,,2,6.0,4.0,
883,2,7301,58,15.0,2.0,2,6.0,4.0,
883,3,7301,25,,3.0,1,1.0,4.0,40.0
883,4,7301,65,,7.0,1,1.0,4.0,40.0
884,1,7319,26,,3.0,1,1.0,4.0,40.0
884,2,7319,27,,1.0,2,1.0,4.0,32.0
885,1,7312,75,,6.0,1,1.0,4.0,20.0
885,2,7312,72,,,2,6.0,4.0,
886,1,7310,46,,2.0,1,1.0,4.0,40.0
886,2,7310,32,,1.0,2,6.0,4.0,
886,3,7310,14,11.0,,1,,,
886,4,7310,7,4.0,,1,,,
886,5,7310,6,2.0,,1,,,
887,1,7314,44,,2.0,2,1.0,4.0,40.0
887,2,7314,62,,1.0,1,1.0,4.0,50.0
887,3,7314,2,,,1,,,
888,1,7306,35,,6.0,1,1.0,4.0,40.0
888,2,7306,34,,,2,6.0,4.0,
888,3,7306,6,2.0,,1,,,
888,4,7306,4,1.0,,1,,,
888,5,7306,4,1.0,,1,,,
889,1,7316,44,,1.0,1,1.0,4.0,45.0
889,2,7316,44,,1.0,2,1.0,4.0,40.0
889,3,7316,15,12.0,,1,,,
889,4,7316,4,1.0,,2,,,
890,1,7306,55,,1.0,2,1.0,4.0,40.0
890,2,7306,55,,1.0,1,1.0,4.0,40.0
890,3,7306,29,,1.0,2,6.0,4.0,40.0
890,4,7306,6,,,1,,,
890,5,7306,24,,1.0,1,1.0,4.0,40.0
891,1,7303,60,,6.0,2,1.0,4.0,15.0
892,1,7306,65,,6.0,1,1.0,4.0,8.0
892,2,7306,65,,1.0,2,1.0,4.0,30.0
893,1,7316,55,,6.0,1,1.0,4.0,40.0
894,1,7310,66,,7.0,2,1.0,4.0,35.0
895,1,7315,61,,1.0,1,6.0,4.0,30.0
895,2,7315,72,,1.0,1,1.0,4.0,40.0
896,1,7309,42,,7.0,2,1.0,4.0,10.0
896,2,7309,30,,7.0,1,1.0,4.0,50.0
896,3,7309,0,,,2,,,
897,1,7302,80,,,1,6.0,4.0,
897,2,7302,71,,,2,6.0,4.0,
898,1,7310,84,,,2,6.0,4.0,
899,1,7308,72,,3.0,1,2.0,4.0,40.0
900,1,7317,42,,1.0,1,1.0,4.0,40.0
901,1,7310,39,,1.0,1,1.0,4.0,40.0
902,1,7302,52,,1.0,1,1.0,4.0,40.0
903,1,7322,31,,1.0,2,6.0,4.0,40.0
903,2,7322,28,,5.0,1,4.0,1.0,48.0
904,1,7306,69,,3.0,1,6.0,4.0,
905,1,7302,54,,7.0,2,1.0,4.0,40.0
905,2,7302,55,,7.0,1,1.0,4.0,40.0
906,1,7308,55,,7.0,2,1.0,4.0,52.0
906,2,7308,55,,7.0,1,1.0,4.0,28.0
906,3,7308,15,12.0,,2,,,
907,1,7307,42,,1.0,1,1.0,4.0,40.0
907,2,7307,42,,1.0,2,1.0,4.0,40.0
907,3,7307,20,15.0,1.0,1,1.0,4.0,20.0
907,4,7307,18,14.0,1.0,1,6.0,4.0,20.0
907,5,7307,14,10.0,,1,,,
908,1,7316,23,15.0,1.0,1,1.0,4.0,15.0
909,1,7315,25,,2.0,2,1.0,4.0,40.0
909,2,7315,34,16.0,1.0,1,1.0,2.0,35.0
910,1,7303,42,,,2,6.0,4.0,
910,2,7303,39,,6.0,1,1.0,4.0,40.0
910,3,7303,21,,1.0,2,1.0,4.0,40.0
910,4,7303,18,,1.0,2,1.0,4.0,20.0
910,5,7303,16,13.0,,1,6.0,,
910,6,7303,7,4.0,,1,,,
910,7,7303,4,,,1,,,
911,1,7314,78,,,2,6.0,4.0,
912,1,7310,39,,1.0,1,1.0,4.0,40.0
912,2,7310,36,,,2,6.0,4.0,
913,1,7302,66,,2.0,2,1.0,4.0,40.0
914,1,7319,94,,,2,6.0,4.0,
915,1,7315,77,,,2,6.0,4.0,
916,1,7307,40,15.0,1.0,2,1.0,4.0,50.0
916,2,7307,44,,1.0,1,1.0,4.0,45.0
916,3,7307,14,11.0,,2,,,
916,4,7307,19,15.0,1.0,2,1.0,4.0,10.0
916,5,7307,14,10.0,,2,,,
916,6,7307,12,8.0,,2,,,
917,1,7302,63,,,2,6.0,4.0,
917,2,7302,68,,,1,6.0,2.0,
918,1,7311,38,,1.0,1,1.0,4.0,40.0
918,2,7311,37,,1.0,2,1.0,4.0,40.0
918,3,7311,3,,,1,,,
918,4,7311,73,,,1,6.0,4.0,
918,5,7311,64,,,2,6.0,4.0,
919,1,7316,68,,5.0,2,6.0,4.0,
919,2,7316,18,,1.0,2,1.0,4.0,35.0
920,1,7315,39,,6.0,2,6.0,4.0,5.0
920,2,7315,39,,1.0,1,1.0,4.0,50.0
920,3,7315,11,8.0,,2,,,
921,1,7317,45,,1.0,2,1.0,4.0,40.0
922,1,7308,38,,1.0,1,1.0,4.0,45.0
922,2,7308,38,,1.0,2,1.0,4.0,40.0
922,3,7308,7,4.0,,1,,,
922,4,7308,3,1.0,,1,,,
923,1,7321,31,,2.0,2,1.0,4.0,40.0
923,2,7321,31,,1.0,1,1.0,4.0,40.0
923,3,7321,10,8.0,,1,,,
923,4,7321,8,7.0,,2,,,
923,5,7321,6,5.0,,1,,,
923,6,7321,5,4.0,,1,,,
924,1,7306,70,,,2,6.0,4.0,
924,2,7306,71,,,1,6.0,4.0,
925,1,7322,72,,,2,6.0,4.0,
926,1,7301,55,,5.0,2,1.0,4.0,45.0
926,2,7301,85,,,2,6.0,4.0,
927,1,7308,29,,1.0,1,1.0,4.0,50.0
927,2,7308,29,,1.0,2,1.0,4.0,30.0
927,3,7308,24,,1.0,1,3.0,4.0,50.0
928,1,7306,43,,1.0,1,1.0,4.0,40.0
928,2,7306,42,,1.0,2,6.0,4.0,
928,3,7306,18,14.0,1.0,1,1.0,4.0,20.0
928,4,7306,15,12.0,,2,,,
928,5,7306,5,1.0,,2,,,
928,6,7306,68,,,2,6.0,4.0,
929,1,7321,61,,,1,6.0,4.0,
929,2,7321,72,,,2,6.0,4.0,
929,3,7321,39,,6.0,1,3.0,4.0,30.0
930,1,7318,36,,1.0,2,1.0,4.0,40.0
930,2,7318,35,,1.0,1,1.0,4.0,40.0
930,3,7318,7,4.0,,2,,,
930,4,7318,3,,,2,,,
930,5,7318,49,14.0,1.0,2,3.0,4.0,40.0
930,6,7318,70,,,2,6.0,4.0,
930,7,7318,38,,,1,6.0,4.0,
930,8,7318,22,15.0,,2,6.0,4.0,
930,9,7318,18,14.0,,1,6.0,4.0,
931,1,7314,23,,5.0,1,4.0,1.0,40.0
931,2,7314,22,,1.0,2,1.0,4.0,40.0
931,3,7314,20,,1.0,1,1.0,4.0,40.0
932,1,7321,58,,1.0,2,1.0,4.0,40.0
932,2,7321,57,,1.0,1,1.0,4.0,40.0
933,1,7312,60,,1.0,2,6.0,4.0,
933,2,7312,57,,1.0,1,1.0,4.0,50.0
933,3,7312,14,11.0,,1,,,
933,4,7312,14,11.0,,2,,,
934,1,7320,37,16.0,4.0,2,1.0,4.0,40.0
934,2,7320,36,16.0,1.0,1,1.0,3.0,40.0
934,3,7320,16,13.0,9.0,1,3.0,,
934,4,7320,14,11.0,,2,,,
934,5,7320,13,11.0,,2,,,
934,6,7320,9,5.0,,2,,,
934,7,7320,7,4.0,,2,,,
934,8,7320,2,,,1,,,
935,1,7307,79,,,2,6.0,4.0,
935,2,7307,83,,,1,6.0,2.0,
936,1,7314,86,,,1,6.0,2.0,
936,2,7314,84,,,2,6.0,4.0,
937,1,7301,70,,,1,6.0,2.0,
937,2,7301,74,,,2,6.0,4.0,
938,1,7317,33,,1.0,2,1.0,4.0,21.0
938,2,7317,34,,5.0,1,4.0,1.0,45.0
938,3,7317,4,1.0,,2,,,
939,1,7321,45,,3.0,2,1.0,4.0,40.0
939,2,7321,21,15.0,2.0,1,1.0,4.0,20.0
939,3,7321,18,14.0,,1,6.0,4.0,
940,1,7309,57,,1.0,2,1.0,4.0,40.0
940,2,7309,52,,1.0,1,1.0,4.0,40.0
941,1,7305,44,,1.0,1,1.0,4.0,40.0
941,2,7305,44,,1.0,2,1.0,4.0,40.0
941,3,7305,20,15.0,1.0,2,1.0,4.0,25.0
941,4,7305,15,12.0,,2,,,
942,1,7304,36,,1.0,1,1.0,4.0,50.0
942,2,7304,36,,1.0,2,6.0,4.0,
942,3,7304,4,,,2,,,
942,4,7304,1,,,2,,,
943,1,7305,32,,1.0,1,1.0,4.0,70.0
944,1,7301,40,,5.0,1,1.0,4.0,45.0
944,2,7301,7,3.0,,2,,,
944,3,7301,39,,1.0,1,1.0,4.0,40.0
944,4,7301,4,1.0,,1,,,
944,5,7301,2,,,2,,,
945,1,7319,27,,1.0,2,1.0,4.0,99.0
945,2,7319,43,,1.0,1,3.0,4.0,
945,3,7319,11,7.0,,1,,,
946,1,7303,56,,1.0,1,1.0,4.0,40.0
946,2,7303,56,,1.0,2,1.0,4.0,20.0
947,1,7304,56,,1.0,1,1.0,4.0,40.0
947,2,7304,56,,1.0,2,1.0,4.0,35.0
947,3,7304,17,13.0,,1,6.0,4.0,
947,4,7304,16,11.0,,1,6.0,,
948,1,7301,71,,,1,6.0,2.0,
948,2,7301,68,,3.0,2,1.0,4.0,40.0
949,1,7307,21,15.0,1.0,2,1.0,4.0,20.0
950,1,7312,58,,1.0,2,1.0,4.0,40.0
951,1,7313,73,,,1,6.0,4.0,
951,2,7313,68,,,2,6.0,4.0,
952,1,7321,94,,,2,6.0,4.0,
952,2,7321,53,,2.0,2,1.0,4.0,40.0
952,3,7321,34,,1.0,1,1.0,4.0,40.0
952,4,7321,25,,1.0,1,1.0,4.0,33.0
953,1,7320,62,,6.0,1,6.0,2.0,40.0
953,2,7320,64,,,2,6.0,4.0,
953,3,7320,25,,6.0,1,1.0,4.0,40.0
954,1,7319,88,,,1,6.0,4.0,
954,2,7319,75,,3.0,2,6.0,4.0,
954,3,7319,48,,1.0,1,6.0,4.0,40.0
955,1,7314,46,,1.0,1,6.0,4.0,
956,1,7319,55,,6.0,2,1.0,4.0,25.0
956,2,7319,55,,4.0,1,1.0,4.0,40.0
957,1,7303,49,,1.0,2,1.0,4.0,40.0
957,2,7303,52,,5.0,1,4.0,1.0,40.0
958,1,7302,73,,,2,6.0,4.0,
959,1,7305,21,,1.0,2,6.0,4.0,25.0
960,1,7311,72,,1.0,1,1.0,4.0,50.0
960,2,7311,67,,1.0,2,1.0,4.0,50.0
961,1,7308,40,,1.0,1,1.0,4.0,40.0
961,2,7308,30,,1.0,2,1.0,4.0,40.0
962,1,7315,31,,1.0,1,1.0,4.0,40.0
963,1,7316,68,,1.0,2,6.0,4.0,
964,1,7313,61,,1.0,1,1.0,2.0,40.0
964,2,7313,59,,,2,6.0,4.0,
965,1,7311,30,,1.0,1,1.0,4.0,40.0
965,2,7311,30,,1.0,1,1.0,4.0,40.0
966,1,7311,60,,1.0,1,1.0,2.0,48.0
966,2,7311,59,,1.0,2,6.0,4.0,
966,3,7311,32,,1.0,1,1.0,4.0,40.0
966,4,7311,61,,,1,6.0,4.0,
966,5,7311,31,,1.0,2,1.0,4.0,15.0
966,6,7311,3,,,1,,,
967,1,7322,43,,1.0,1,1.0,4.0,35.0
967,2,7322,43,,2.0,2,1.0,4.0,57.0
968,1,7302,81,,6.0,1,1.0,4.0,3.0
968,2,7302,82,,2.0,2,1.0,4.0,4.0
968,3,7302,45,,6.0,2,1.0,4.0,10.0
969,1,7305,94,,,1,6.0,2.0,
969,2,7305,81,,,2,6.0,4.0,
970,1,7312,63,,1.0,2,6.0,4.0,
970,2,7312,22,,1.0,2,1.0,4.0,40.0
971,1,7318,69,,5.0,1,6.0,2.0,
972,1,7311,53,,1.0,1,1.0,4.0,40.0
972,2,7311,50,,7.0,2,1.0,4.0,40.0
972,3,7311,14,10.0,,2,,,
973,1,7322,65,,,1,6.0,4.0,
974,1,7312,23,15.0,4.0,1,1.0,4.0,20.0
974,2,7312,25,15.0,1.0,1,3.0,4.0,8.0
974,3,7312,23,15.0,1.0,1,1.0,4.0,35.0
975,1,7316,27,,1.0,1,1.0,4.0,40.0
975,2,7316,25,,1.0,2,1.0,4.0,20.0
976,1,7310,54,,6.0,1,1.0,4.0,45.0
976,2,7310,53,,5.0,2,1.0,4.0,40.0
976,3,7310,17,14.0,,1,6.0,4.0,
976,4,7310,14,12.0,,2,,,
977,1,7317,34,,1.0,1,1.0,4.0,40.0
977,2,7317,36,,3.0,2,1.0,2.0,40.0
977,3,7317,12,9.0,,1,,,
977,4,7317,10,6.0,,1,,,
977,5,7317,3,,,2,,,
978,1,7302,61,,1.0,1,1.0,2.0,60.0
978,2,7302,59,,7.0,2,1.0,4.0,20.0
979,1,7319,32,,,2,6.0,4.0,
979,2,7319,42,,1.0,1,1.0,4.0,30.0
979,3,7319,10,6.0,,2,,,
979,4,7319,4,1.0,,2,,,
980,1,7317,51,,6.0,2,1.0,4.0,40.0
980,2,7317,57,,6.0,2,6.0,4.0,
980,3,7317,12,8.0,,1,,,
981,1,7311,48,,7.0,2,1.0,4.0,70.0
981,2,7311,45,,1.0,1,1.0,4.0,30.0
981,3,7311,14,11.0,,2,,,
982,1,7318,35,,5.0,1,4.0,1.0,40.0
982,2,7318,34,,1.0,1,1.0,4.0,40.0
982,3,7318,29,,1.0,2,1.0,4.0,40.0
982,4,7318,28,15.0,6.0,2,1.0,4.0,30.0
983,1,7312,64,,1.0,2,1.0,4.0,40.0
984,1,7317,75,,,1,6.0,2.0,
984,2,7317,61,,,2,6.0,4.0,
985,1,7318,50,,1.0,2,1.0,4.0,20.0
985,2,7318,50,16.0,5.0,1,1.0,2.0,40.0
985,3,7318,24,,1.0,1,1.0,4.0,12.0
985,4,7318,19,15.0,,1,6.0,4.0,
985,5,7318,16,12.0,,1,6.0,,
986,1,7309,66,,1.0,2,1.0,4.0,15.0
986,2,7309,59,,1.0,1,1.0,4.0,40.0
987,1,7317,48,16.0,1.0,1,1.0,4.0,40.0
987,2,7317,52,,1.0,1,1.0,4.0,50.0
988,1,7306,84,,,1,6.0,2.0,
988,2,7306,72,,,2,6.0,4.0,
989,1,7321,41,,1.0,2,1.0,4.0,40.0
989,2,7321,40,,1.0,1,1.0,4.0,30.0
989,3,7321,12,8.0,,2,,,
989,4,7321,7,4.0,,2,,,
989,5,7321,73,,1.0,1,6.0,4.0,
989,6,7321,69,,1.0,2,6.0,4.0,
990,1,7310,83,,,2,6.0,4.0,
991,1,7314,49,,1.0,2,1.0,4.0,40.0
991,2,7314,14,11.0,,2,,,
992,1,7301,50,,1.0,1,1.0,4.0,40.0
992,2,7301,49,15.0,2.0,2,1.0,4.0,40.0
993,1,7318,49,,1.0,2,1.0,4.0,40.0
993,2,7318,28,,3.0,2,1.0,4.0,40.0
993,3,7318,45,,1.0,1,1.0,4.0,35.0
993,4,7318,71,,,2,6.0,4.0,
993,5,7318,5,2.0,,2,,,
994,1,7306,35,,6.0,1,1.0,4.0,54.0
994,2,7306,33,,1.0,2,1.0,4.0,73.0
995,1,7304,27,,1.0,2,2.0,4.0,35.0
995,2,7304,26,15.0,1.0,1,1.0,2.0,30.0
996,1,7315,39,,1.0,2,1.0,4.0,40.0
996,2,7315,42,,1.0,2,1.0,4.0,35.0
997,1,7321,40,,1.0,1,1.0,4.0,50.0
997,2,7321,35,,1.0,2,1.0,4.0,40.0
997,3,7321,39,,1.0,2,1.0,4.0,25.0
998,1,7313,30,,2.0,2,3.0,4.0,
998,2,7313,12,9.0,,2,,,
998,3,7313,10,7.0,,2,,,
998,4,7313,6,3.0,,1,,,
998,5,7313,2,,,2,,,
999,1,7314,72,,,2,6.0,4.0,
999,2,7314,74,,,1,6.0,4.0,
1000,1,7301,34,,5.0,1,4.0,1.0,60.0
1000,2,7301,31,,5.0,2,1.0,2.0,16.0
1000,3,7301,6,2.0,,2,,,
1000,4,7301,5,,,1,,,
1001,1,7310,85,,,2,6.0,2.0,
1002,1,7309,61,,1.0,1,1.0,4.0,40.0
1002,2,7309,60,,7.0,2,1.0,4.0,5.0
1002,3,7309,23,,2.0,2,1.0,4.0,30.0
1003,1,7321,21,15.0,1.0,1,1.0,4.0,35.0
1003,2,7321,17,13.0,,2,6.0,4.0,
1003,3,7321,39,,6.0,2,1.0,4.0,48.0
1004,1,7320,79,,6.0,1,1.0,4.0,30.0
1004,2,7320,41,,1.0,1,1.0,4.0,40.0
1005,1,7311,55,,1.0,1,1.0,4.0,65.0
1005,2,7311,51,,1.0,2,1.0,4.0,25.0
1005,3,7311,20,15.0,1.0,2,1.0,4.0,12.0
1006,1,7318,75,,,2,6.0,4.0,
1006,2,7318,94,,,1,6.0,3.0,
1006,3,7318,54,,,2,6.0,4.0,
1007,1,7315,62,,6.0,2,1.0,4.0,20.0
1007,2,7315,24,,1.0,1,3.0,4.0,
1008,1,7309,41,,1.0,2,3.0,4.0,
1009,1,7317,77,,,1,6.0,2.0,
1010,1,7307,72,,6.0,1,1.0,4.0,25.0
1011,1,7320,60,,1.0,1,1.0,4.0,60.0
1012,1,7310,68,,7.0,1,6.0,4.0,
1012,2,7310,68,,7.0,2,1.0,4.0,30.0
1013,1,7310,49,,,2,6.0,4.0,
1013,2,7310,48,,1.0,1,1.0,4.0,40.0
1013,3,7310,14,10.0,,2,,,
1013,4,7310,11,8.0,,2,,,
1014,1,7301,35,,1.0,2,1.0,4.0,55.0
1014,2,7301,35,15.0,1.0,1,6.0,4.0,40.0
1014,3,7301,4,1.0,,1,,,
1014,4,7301,2,,,2,,,
1015,1,7308,28,,1.0,1,1.0,4.0,60.0
1015,2,7308,26,,1.0,2,1.0,4.0,50.0
1015,3,7308,0,,,1,,,
1016,1,7316,28,,1.0,2,1.0,4.0,40.0
1017,1,7309,54,,1.0,1,1.0,4.0,50.0
1017,2,7309,51,,1.0,2,1.0,4.0,50.0
1017,3,7309,18,14.0,3.0,2,2.0,4.0,30.0
1018,1,7314,27,,5.0,1,4.0,1.0,60.0
1018,2,7314,34,,1.0,2,6.0,4.0,
1018,3,7314,0,,,1,,,
1018,4,7314,0,,,2,,,
1019,1,7309,68,,2.0,2,6.0,4.0,5.0
1019,2,7309,39,15.0,4.0,2,1.0,4.0,30.0
1019,3,7309,36,,3.0,2,1.0,4.0,35.0
1020,1,7315,39,,1.0,1,1.0,4.0,40.0
1020,2,7315,35,,,2,6.0,4.0,
1021,1,7307,61,,9.0,1,3.0,4.0,
1021,2,7307,56,,3.0,2,1.0,4.0,5.0
1021,3,7307,25,15.0,1.0,2,1.0,4.0,20.0
1021,4,7307,23,16.0,1.0,2,1.0,4.0,24.0
1021,5,7307,20,15.0,1.0,1,1.0,4.0,17.0
1022,1,7308,39,,1.0,2,1.0,4.0,40.0
1022,2,7308,43,,1.0,1,1.0,4.0,60.0
1022,3,7308,13,10.0,,2,,,
1022,4,7308,11,7.0,,2,,,
1022,5,7308,4,,,1,,,
1023,1,7303,38,,1.0,1,1.0,4.0,30.0
1024,1,7321,63,,6.0,1,1.0,4.0,12.0
1025,1,7315,23,,1.0,1,1.0,4.0,35.0
1025,2,7315,28,,1.0,2,1.0,4.0,30.0
1025,3,7315,28,15.0,1.0,2,1.0,4.0,40.0
1026,1,7306,34,,,2,6.0,4.0,
1026,2,7306,35,,1.0,1,1.0,4.0,40.0
1027,1,7301,75,,,2,6.0,4.0,
1028,1,7305,25,,3.0,2,1.0,4.0,40.0
1028,2,7305,20,15.0,1.0,1,1.0,4.0,25.0
1029,1,7318,81,,1.0,1,6.0,4.0,
1030,1,7314,58,16.0,1.0,2,1.0,4.0,24.0
1030,2,7314,61,,2.0,1,1.0,4.0,15.0
1030,3,7314,22,15.0,3.0,2,1.0,4.0,15.0
1031,1,7308,54,,6.0,2,1.0,4.0,20.0
1031,2,7308,56,,1.0,1,1.0,4.0,40.0
1031,3,7308,18,14.0,1.0,1,6.0,4.0,18.0
1031,4,7308,12,9.0,,2,,,
1032,1,7301,50,,1.0,2,1.0,4.0,40.0
1032,2,7301,54,,6.0,1,1.0,4.0,50.0
1032,3,7301,20,15.0,1.0,2,6.0,4.0,20.0
1033,1,7318,73,,,2,6.0,4.0,
1034,1,7308,55,,1.0,1,1.0,4.0,40.0
1034,2,7308,27,,1.0,2,1.0,4.0,40.0
1035,1,7318,51,,1.0,1,1.0,4.0,40.0
1035,2,7318,47,,1.0,2,1.0,4.0,40.0
1035,3,7318,23,15.0,,2,6.0,4.0,
1035,4,7318,16,13.0,,1,6.0,,
1035,5,7318,45,,1.0,2,1.0,4.0,48.0
1035,6,7318,36,,1.0,1,1.0,4.0,40.0
1035,7,7318,72,,,2,6.0,4.0,
1035,8,7318,16,13.0,,1,6.0,,
1036,1,7315,51,,1.0,2,1.0,4.0,55.0
1036,2,7315,45,,1.0,1,1.0,4.0,45.0
1037,1,7308,50,,4.0,2,1.0,4.0,40.0
1037,2,7308,17,13.0,,1,6.0,4.0,
1037,3,7308,15,12.0,,1,,,
1037,4,7308,13,9.0,,2,,,
1037,5,7308,47,,1.0,1,1.0,4.0,40.0
1037,6,7308,79,,,2,6.0,4.0,
1038,1,7313,33,16.0,3.0,2,6.0,4.0,30.0
1038,2,7313,36,,1.0,1,1.0,4.0,40.0
1038,3,7313,8,5.0,,1,,,
1038,4,7313,6,3.0,,1,,,
1039,1,7309,61,,1.0,1,1.0,4.0,50.0
1039,2,7309,63,,1.0,2,1.0,4.0,30.0
1039,3,7309,30,,1.0,2,1.0,4.0,40.0
1040,1,7311,45,,6.0,2,1.0,4.0,40.0
1040,2,7311,48,,3.0,1,1.0,4.0,40.0
1040,3,7311,12,9.0,,1,,,
1040,4,7311,9,6.0,,2,,,
1041,1,7306,61,,2.0,1,1.0,2.0,40.0
1041,2,7306,49,,2.0,2,1.0,4.0,40.0
1041,3,7306,29,15.0,1.0,2,1.0,4.0,21.0
1041,4,7306,25,15.0,1.0,1,1.0,4.0,24.0
1042,1,7317,50,,1.0,1,1.0,4.0,40.0
1042,2,7317,45,,9.0,2,3.0,4.0,
1042,3,7317,18,14.0,,1,6.0,4.0,
1042,4,7317,16,13.0,,2,6.0,,
1042,5,7317,24,,1.0,1,1.0,4.0,36.0
1043,1,7320,53,,1.0,1,1.0,2.0,40.0
1043,2,7320,77,,1.0,2,1.0,4.0,40.0
1044,1,7309,55,,7.0,1,1.0,4.0,30.0
1044,2,7309,54,,1.0,2,1.0,4.0,50.0
1044,3,7309,43,,1.0,2,1.0,4.0,40.0
1045,1,7309,56,,1.0,1,1.0,4.0,40.0
1045,2,7309,53,,1.0,2,1.0,4.0,40.0
1046,1,7309,52,,6.0,1,1.0,4.0,55.0
1047,1,7302,32,,1.0,2,1.0,4.0,90.0
1047,2,7302,6,3.0,,2,,,
1048,1,7315,36,15.0,1.0,2,6.0,4.0,
1048,2,7315,38,,1.0,1,1.0,4.0,48.0
1048,3,7315,4,1.0,,1,,,
1048,4,7315,1,,,2,,,
1049,1,7310,76,,,1,6.0,3.0,
1049,2,7310,75,,,2,6.0,4.0,
1050,1,7321,60,,1.0,1,6.0,4.0,
1051,1,7316,25,16.0,3.0,1,6.0,4.0,
1051,2,7316,26,,3.0,2,1.0,4.0,50.0
1052,1,7314,67,,,2,6.0,4.0,
1053,1,7316,28,,2.0,2,1.0,4.0,50.0
1054,1,7316,20,,5.0,1,4.0,3.0,40.0
1055,1,7311,36,,1.0,1,1.0,4.0,40.0
1055,2,7311,38,,1.0,2,1.0,4.0,40.0
1055,3,7311,4,1.0,,1,,,
1056,1,7306,58,,,2,6.0,4.0,
1057,1,7316,44,,1.0,2,1.0,4.0,70.0
1057,2,7316,44,,6.0,2,6.0,4.0,20.0
1057,3,7316,4,1.0,,1,,,
1058,1,7310,54,,1.0,1,1.0,2.0,40.0
1058,2,7310,54,,3.0,2,2.0,4.0,20.0
1059,1,7320,48,,1.0,1,1.0,4.0,50.0
1059,2,7320,45,,,2,6.0,4.0,
1059,3,7320,16,13.0,,1,6.0,,
1059,4,7320,13,10.0,,1,,,
1060,1,7310,61,,,2,6.0,4.0,
1060,2,7310,64,,,1,6.0,4.0,
1060,3,7310,26,,1.0,2,1.0,4.0,40.0
1060,4,7310,22,16.0,1.0,1,3.0,4.0,4.0
1061,1,7316,57,,1.0,2,3.0,4.0,37.0
1062,1,7316,31,,7.0,2,1.0,4.0,60.0
1062,2,7316,31,,2.0,2,1.0,4.0,40.0
1063,1,7314,52,,1.0,2,6.0,4.0,
1063,2,7314,54,,3.0,1,1.0,4.0,40.0
1063,3,7314,22,,2.0,2,1.0,4.0,40.0
1064,1,7317,50,,1.0,2,1.0,4.0,32.0
1065,1,7315,36,,1.0,2,1.0,4.0,36.0
1065,2,7315,9,6.0,,1,,,
1066,1,7315,27,15.0,5.0,1,4.0,1.0,45.0
1066,2,7315,26,,2.0,2,6.0,4.0,
1066,3,7315,6,3.0,,2,,,
1066,4,7315,4,1.0,,1,,,
1067,1,7319,94,,,2,6.0,4.0,
1068,1,7316,23,,1.0,2,1.0,4.0,32.0
1068,2,7316,25,,1.0,1,1.0,4.0,36.0
1069,1,7317,27,,5.0,1,4.0,1.0,50.0
1069,2,7317,25,16.0,1.0,2,6.0,4.0,
1070,1,7315,69,,6.0,1,1.0,4.0,40.0
1071,1,7317,33,,3.0,2,1.0,4.0,30.0
1071,2,7317,34,,1.0,1,1.0,4.0,40.0
1072,1,7317,61,,,2,6.0,4.0,
1073,1,7321,29,,2.0,2,1.0,4.0,40.0
1073,2,7321,32,,2.0,1,1.0,4.0,40.0
1073,3,7321,18,15.0,,1,6.0,4.0,
1074,1,7303,63,,3.0,2,1.0,4.0,5.0
1074,2,7303,70,,6.0,1,1.0,4.0,25.0
1074,3,7303,36,,3.0,2,1.0,4.0,50.0
1075,1,7317,48,,1.0,2,1.0,4.0,40.0
1076,1,7307,52,,2.0,1,1.0,4.0,45.0
1076,2,7307,60,,2.0,2,1.0,4.0,45.0
1077,1,7301,61,,1.0,1,1.0,4.0,50.0
1077,2,7301,55,,,2,6.0,4.0,
1077,3,7301,29,,1.0,1,1.0,4.0,40.0
1077,4,7301,26,,4.0,2,1.0,4.0,40.0
1077,5,7301,21,,1.0,1,1.0,4.0,40.0
1078,1,7313,72,,1.0,1,1.0,2.0,32.0
1078,2,7313,60,,1.0,2,1.0,4.0,40.0
1079,1,7319,65,15.0,1.0,1,1.0,4.0,50.0
1079,2,7319,63,15.0,1.0,2,1.0,4.0,20.0
1080,1,7304,55,,1.0,1,1.0,4.0,50.0
1080,2,7304,42,15.0,6.0,2,2.0,4.0,25.0
1081,1,7301,62,,1.0,2,1.0,4.0,38.0
1081,2,7301,39,,1.0,2,1.0,4.0,30.0
1081,3,7301,22,15.0,1.0,1,1.0,4.0,40.0
1081,4,7301,45,,1.0,1,1.0,4.0,45.0
1082,1,7305,73,,4.0,2,1.0,4.0,12.0
1082,2,7305,29,,1.0,1,1.0,4.0,30.0
1083,1,7321,45,,1.0,2,1.0,4.0,40.0
1084,1,7308,51,,1.0,1,1.0,4.0,40.0
1084,2,7308,48,,4.0,2,1.0,4.0,40.0
1084,3,7308,20,15.0,1.0,1,1.0,4.0,20.0
1085,1,7301,70,,,2,6.0,4.0,
1086,1,7301,49,15.0,1.0,2,6.0,4.0,
1086,2,7301,77,,6.0,1,1.0,4.0,30.0
1087,1,7305,38,,1.0,1,1.0,4.0,40.0
1087,2,7305,36,,1.0,2,1.0,4.0,40.0
1087,3,7305,12,9.0,,1,,,
1087,4,7305,8,5.0,,2,,,
1087,5,7305,29,,1.0,2,1.0,4.0,24.0
1087,6,7305,12,8.0,,2,,,
1087,7,7305,3,1.0,,2,,,
1088,1,7306,86,,,1,6.0,4.0,
1088,2,7306,75,,,2,6.0,4.0,
1088,3,7306,63,,,2,6.0,4.0,
1089,1,7318,71,,5.0,1,6.0,2.0,
1089,2,7318,72,,,2,6.0,4.0,
1090,1,7319,36,,3.0,1,1.0,4.0,58.0
1090,2,7319,40,,3.0,2,1.0,4.0,58.0
1090,3,7319,20,15.0,1.0,2,1.0,4.0,30.0
1090,4,7319,19,15.0,1.0,1,1.0,4.0,40.0
1091,1,7302,63,,7.0,2,6.0,4.0,
1091,2,7302,12,9.0,,1,,,
1091,3,7302,4,,,2,,,
1091,4,7302,3,,,1,,,
1092,1,7311,69,,,1,6.0,4.0,
1092,2,7311,69,,,2,6.0,4.0,
1093,1,7308,36,,1.0,1,1.0,4.0,40.0
1093,2,7308,37,,,2,6.0,4.0,
1093,3,7308,11,8.0,,2,,,
1093,4,7308,5,2.0,,2,,,
1093,5,7308,0,,,2,,,
1094,1,7320,64,,5.0,1,1.0,2.0,40.0
1094,2,7320,59,,1.0,2,6.0,4.0,40.0
1095,1,7321,55,,1.0,1,1.0,4.0,40.0
1095,2,7321,53,,1.0,2,1.0,4.0,40.0
1095,3,7321,27,,1.0,1,1.0,4.0,20.0
1095,4,7321,26,,1.0,2,1.0,4.0,40.0
1095,5,7321,24,15.0,1.0,1,3.0,4.0,
1096,1,7312,63,,2.0,2,1.0,4.0,27.0
1097,1,7310,76,,6.0,1,1.0,4.0,50.0
1098,1,7315,47,,1.0,2,6.0,4.0,40.0
1098,2,7315,41,,2.0,1,1.0,4.0,25.0
1099,1,7303,54,15.0,6.0,2,1.0,4.0,4.0
1100,1,7321,67,,3.0,2,1.0,4.0,20.0
1101,1,7302,58,,4.0,1,1.0,4.0,40.0
1101,2,7302,53,,5.0,2,1.0,4.0,40.0
1101,3,7302,26,,1.0,1,1.0,4.0,50.0
1102,1,7311,65,,1.0,2,1.0,4.0,50.0
1103,1,7304,60,,1.0,2,1.0,4.0,40.0
1103,2,7304,62,,3.0,1,1.0,4.0,40.0
1104,1,7314,30,,1.0,1,3.0,4.0,40.0
1104,2,7314,6,3.0,,1,,,
1104,3,7314,4,,,1,,,
1105,1,7322,29,,5.0,1,4.0,1.0,40.0
1105,2,7322,29,,,2,6.0,4.0,
1105,3,7322,5,,,1,,,
1105,4,7322,3,,,2,,,
1106,1,7313,60,,3.0,2,6.0,4.0,40.0
1106,2,7313,62,,1.0,1,6.0,4.0,40.0
1106,3,7313,36,,1.0,2,1.0,4.0,30.0
1106,4,7313,34,,1.0,2,6.0,4.0,
1106,5,7313,10,7.0,,2,,,
1106,6,7313,6,3.0,,1,,,
1107,1,7313,58,,1.0,1,1.0,2.0,50.0
1107,2,7313,52,,1.0,2,6.0,4.0,6.0
1107,3,7313,30,,1.0,2,1.0,4.0,40.0
1108,1,7311,56,,1.0,1,1.0,4.0,50.0
1108,2,7311,53,,1.0,2,6.0,4.0,
1109,1,7317,83,,,1,6.0,4.0,
1109,2,7317,55,,1.0,2,1.0,4.0,25.0
1110,1,7314,24,15.0,5.0,1,4.0,1.0,80.0
1110,2,7314,22,15.0,5.0,2,1.0,2.0,40.0
1110,3,7314,0,,,2,,,
1111,1,7305,18,,1.0,2,1.0,4.0,20.0
1111,2,7305,18,,1.0,1,1.0,4.0,8.0
1111,3,7305,20,15.0,1.0,1,6.0,4.0,30.0
1111,4,7305,19,15.0,1.0,1,1.0,4.0,35.0
1112,1,7317,53,,,2,6.0,4.0,
1112,2,7317,43,,,1,6.0,4.0,
1113,1,7310,75,,,1,6.0,4.0,
1113,2,7310,69,,1.0,2,6.0,4.0,
1114,1,7313,50,,2.0,2,1.0,4.0,40.0
1114,2,7313,12,9.0,,2,,,
1115,1,7303,75,,,2,6.0,4.0,
1116,1,7321,29,,1.0,2,1.0,4.0,40.0
1116,2,7321,33,,,1,6.0,4.0,
1116,3,7321,2,,,2,,,
1117,1,7310,49,,3.0,2,1.0,4.0,40.0
1117,2,7310,66,,4.0,1,1.0,4.0,12.0
1117,3,7310,15,12.0,,2,,,
1118,1,7304,67,,3.0,2,6.0,4.0,
1118,2,7304,64,,1.0,1,6.0,4.0,
1119,1,7310,65,,1.0,1,1.0,4.0,50.0
1119,2,7310,59,,1.0,2,1.0,4.0,50.0
1120,1,7316,63,,6.0,2,1.0,4.0,35.0
1120,2,7316,51,,1.0,1,1.0,4.0,45.0
1121,1,7309,74,,6.0,2,6.0,4.0,
1121,2,7309,80,,,1,6.0,4.0,
1122,1,7316,32,,1.0,2,1.0,4.0,40.0
1122,2,7316,34,,1.0,1,1.0,2.0,40.0
1123,1,7319,67,,1.0,1,6.0,2.0,
1123,2,7319,69,,3.0,2,6.0,4.0,
1123,3,7319,35,,1.0,1,1.0,4.0,40.0
1123,4,7319,15,12.0,,1,,,
1123,5,7319,12,8.0,,1,,,
1123,6,7319,10,6.0,,2,,,
1123,7,7319,10,6.0,,1,,,
1124,1,7306,39,,7.0,1,1.0,4.0,20.0
1124,2,7306,10,7.0,,2,,,
1124,3,7306,5,2.0,,2,,,
1124,4,7306,16,13.0,,2,6.0,,
1124,5,7306,15,12.0,,2,,,
1124,6,7306,14,10.0,,2,,,
1125,1,7307,36,,1.0,2,6.0,4.0,
1125,2,7307,8,5.0,,2,,,
1125,3,7307,6,2.0,,2,,,
1125,4,7307,4,1.0,,2,,,
1126,1,7315,40,,4.0,1,1.0,4.0,40.0
1126,2,7315,14,11.0,,1,,,
1126,3,7315,13,10.0,,1,,,
1127,1,7321,58,,1.0,1,1.0,4.0,40.0
1127,2,7321,26,,1.0,1,6.0,4.0,
1128,1,7301,58,,1.0,2,1.0,4.0,24.0
1128,2,7301,58,,1.0,1,1.0,2.0,40.0
1129,1,7313,44,,5.0,2,1.0,4.0,44.0
1129,2,7313,24,,1.0,1,1.0,4.0,40.0
1129,3,7313,17,14.0,,2,6.0,4.0,
1130,1,7313,69,,1.0,2,1.0,4.0,38.0
1130,2,7313,49,,1.0,2,6.0,4.0,
1130,3,7313,19,,1.0,2,1.0,4.0,30.0
1130,4,7313,14,11.0,,2,,,
1131,1,7309,50,,1.0,2,1.0,4.0,45.0
1131,2,7309,17,14.0,,1,6.0,4.0,
1131,3,7309,14,10.0,,1,,,
1132,1,7312,30,,1.0,1,1.0,4.0,55.0
1132,2,7312,63,,,2,6.0,4.0,
1133,1,7301,83,,,2,6.0,4.0,
1133,2,7301,75,,,1,6.0,4.0,
1134,1,7304,50,,1.0,2,1.0,4.0,40.0
1135,1,7301,70,,,1,6.0,2.0,
1135,2,7301,67,,,2,6.0,4.0,
1135,3,7301,48,,,2,6.0,4.0,
1135,4,7301,47,,1.0,1,1.0,4.0,50.0
1136,1,7308,72,,,1,6.0,3.0,
1136,2,7308,72,,,2,6.0,4.0,
1137,1,7309,41,,1.0,1,1.0,4.0,50.0
1137,2,7309,36,,1.0,2,1.0,4.0,70.0
1137,3,7309,2,,,2,,,
1137,4,7309,0,,,2,,,
1138,1,7312,76,,,1,6.0,4.0,
1138,2,7312,74,,,2,6.0,4.0,
1139,1,7311,58,,1.0,1,1.0,4.0,40.0
1139,2,7311,53,,4.0,2,1.0,4.0,40.0
1140,1,7318,46,,1.0,1,1.0,4.0,40.0
1140,2,7318,38,,1.0,2,1.0,4.0,40.0
1140,3,7318,12,9.0,,1,,,
1140,4,7318,9,6.0,,1,,,
1141,1,7319,44,16.0,2.0,2,1.0,4.0,36.0
1141,2,7319,45,,2.0,1,1.0,4.0,40.0
1141,3,7319,25,15.0,2.0,1,1.0,4.0,36.0
1141,4,7319,20,15.0,1.0,2,1.0,4.0,18.0
1141,5,7319,1,,,1,,,
1141,6,7319,25,15.0,1.0,2,1.0,4.0,5.0
1141,7,7319,22,,,1,6.0,4.0,
1142,1,7317,42,,,2,6.0,4.0,
1142,2,7317,42,,,2,6.0,4.0,
1143,1,7316,47,,6.0,1,1.0,4.0,20.0
1144,1,7316,61,,1.0,1,6.0,4.0,
1145,1,7318,52,,1.0,1,1.0,4.0,40.0
1145,2,7318,54,,1.0,2,1.0,4.0,40.0
1145,3,7318,19,15.0,,1,6.0,4.0,
1145,4,7318,17,14.0,,2,6.0,4.0,
1146,1,7309,43,16.0,9.0,2,3.0,4.0,
1146,2,7309,12,8.0,,1,,,
1147,1,7309,48,,9.0,2,3.0,4.0,
1147,2,7309,16,13.0,,1,6.0,,
1148,1,7319,29,,6.0,1,1.0,4.0,55.0
1148,2,7319,24,15.0,1.0,1,1.0,4.0,32.0
1148,3,7319,65,,,2,6.0,4.0,
1148,4,7319,57,,,1,6.0,4.0,
1149,1,7309,39,,1.0,2,1.0,2.0,40.0
1149,2,7309,37,,1.0,1,1.0,4.0,60.0
1149,3,7309,3,1.0,,1,,,
1149,4,7309,0,,,1,,,
1150,1,7320,89,,,2,6.0,4.0,
1151,1,7320,67,,2.0,2,1.0,4.0,35.0
1151,2,7320,30,,1.0,1,1.0,4.0,20.0
1151,3,7320,36,,,2,6.0,4.0,
1151,4,7320,31,,,2,6.0,4.0,
1151,5,7320,29,,,1,6.0,4.0,
1151,6,7320,28,,,2,6.0,4.0,
1152,1,7305,38,,3.0,2,1.0,4.0,50.0
1152,2,7305,39,,1.0,1,1.0,4.0,50.0
1152,3,7305,15,11.0,,1,,,
1152,4,7305,36,,3.0,2,1.0,4.0,35.0
1153,1,7314,55,,2.0,2,1.0,3.0,40.0
1153,2,7314,24,,,2,6.0,4.0,
1153,3,7314,21,,,1,6.0,4.0,
1154,1,7322,73,,5.0,2,1.0,4.0,40.0
1154,2,7322,43,,6.0,2,6.0,4.0,
1155,1,7308,70,,,2,6.0,4.0,
1156,1,7315,33,,1.0,1,1.0,2.0,39.0
1156,2,7315,12,8.0,,1,,,
1157,1,7320,49,,6.0,1,1.0,4.0,30.0
1157,2,7320,46,,,2,6.0,4.0,
1157,3,7320,18,14.0,,2,6.0,4.0,
1157,4,7320,14,11.0,,1,,,
1158,1,7307,41,,1.0,1,1.0,4.0,40.0
1158,2,7307,39,,1.0,2,1.0,4.0,12.0
1158,3,7307,8,5.0,,2,,,
1158,4,7307,5,2.0,,2,,,
1158,5,7307,3,,,1,,,
1159,1,7316,59,,6.0,2,1.0,4.0,15.0
1159,2,7316,70,,,1,6.0,4.0,
1159,3,7316,67,,6.0,1,6.0,4.0,
1159,4,7316,60,,6.0,1,1.0,4.0,40.0
1159,5,7316,41,,6.0,1,1.0,4.0,40.0
1159,6,7316,39,,6.0,1,1.0,4.0,40.0
1160,1,7306,47,,1.0,1,1.0,4.0,45.0
1160,2,7306,60,,1.0,1,1.0,4.0,50.0
1160,3,7306,57,,1.0,1,1.0,4.0,50.0
1161,1,7308,55,,1.0,2,1.0,4.0,60.0
1162,1,7308,57,,3.0,2,1.0,4.0,40.0
1162,2,7308,21,15.0,1.0,1,1.0,4.0,56.0
1163,1,7304,88,,,1,6.0,2.0,
1163,2,7304,86,,,2,6.0,4.0,
1164,1,7308,43,,1.0,1,1.0,4.0,45.0
1164,2,7308,44,,,2,6.0,4.0,
1164,3,7308,7,4.0,,2,,,
1164,4,7308,5,1.0,,2,,,
1165,1,7313,50,,6.0,1,1.0,4.0,65.0
1165,2,7313,47,,3.0,2,1.0,4.0,50.0
1165,3,7313,15,13.0,,2,,,
1166,1,7304,72,,4.0,2,6.0,4.0,20.0
1166,2,7304,73,,1.0,1,1.0,4.0,30.0
1167,1,7321,77,,2.0,2,1.0,4.0,16.0
1167,2,7321,53,,2.0,2,6.0,4.0,
1168,1,7310,40,,4.0,2,1.0,4.0,40.0
1169,1,7313,35,15.0,5.0,1,4.0,1.0,70.0
1169,2,7313,32,,1.0,2,6.0,4.0,
1169,3,7313,4,1.0,,2,,,
1170,1,7308,37,,1.0,2,6.0,4.0,20.0
1170,2,7308,37,,1.0,1,1.0,4.0,60.0
1170,3,7308,5,2.0,,2,,,
1170,4,7308,4,1.0,,1,,,
1170,5,7308,1,,,1,,,
1171,1,7308,60,,1.0,1,1.0,4.0,40.0
1171,2,7308,59,,,2,6.0,4.0,
1172,1,7321,41,,7.0,1,1.0,4.0,40.0
1172,2,7321,36,,1.0,2,1.0,4.0,40.0
1173,1,7303,60,,3.0,1,1.0,2.0,40.0
1173,2,7303,55,12.0,1.0,2,1.0,4.0,40.0
1173,3,7303,53,,1.0,1,1.0,2.0,45.0
1174,1,7316,30,,1.0,2,6.0,4.0,40.0
1174,2,7316,31,,1.0,1,1.0,4.0,50.0
1174,3,7316,0,,,1,,,
1175,1,7303,43,,1.0,1,1.0,4.0,45.0
1175,2,7303,43,,1.0,2,1.0,4.0,40.0
1175,3,7303,20,15.0,1.0,1,6.0,4.0,40.0
1176,1,7304,73,,,2,6.0,4.0,
1176,2,7304,68,,,2,6.0,4.0,
1176,3,7304,77,,1.0,1,1.0,2.0,40.0
1177,1,7317,59,,2.0,1,1.0,4.0,50.0
1178,1,7312,84,,,1,6.0,2.0,
1178,2,7312,62,,,2,6.0,4.0,
1179,1,7307,31,,3.0,1,1.0,4.0,56.0
1179,2,7307,28,16.0,3.0,2,1.0,4.0,40.0
1180,1,7321,48,,1.0,1,1.0,4.0,44.0
1180,2,7321,49,,1.0,2,1.0,4.0,28.0
1180,3,7321,19,15.0,1.0,2,1.0,4.0,25.0
1181,1,7321,42,,1.0,1,2.0,4.0,68.0
1181,2,7321,40,,,2,6.0,4.0,
1181,3,7321,17,14.0,,2,6.0,4.0,
1181,4,7321,16,13.0,,2,6.0,,
1181,5,7321,6,,,1,,,
1181,6,7321,64,,1.0,2,1.0,4.0,30.0
1182,1,7312,57,,1.0,1,1.0,4.0,40.0
1182,2,7312,51,,3.0,2,6.0,4.0,
1182,3,7312,13,10.0,,2,,,
1183,1,7301,57,,3.0,2,1.0,4.0,40.0
1183,2,7301,56,,1.0,1,1.0,2.0,40.0
1184,1,7315,33,,7.0,1,1.0,4.0,50.0
1184,2,7315,23,,1.0,2,1.0,4.0,40.0
1184,3,7315,2,,,2,,,
1184,4,7315,36,,1.0,2,6.0,4.0,
1184,5,7315,26,,1.0,2,6.0,4.0,
1185,1,7309,46,,6.0,2,1.0,4.0,65.0
1185,2,7309,55,,6.0,2,1.0,4.0,60.0
1186,1,7301,41,,1.0,1,2.0,2.0,40.0
1187,1,7306,53,,8.0,2,6.0,4.0,
1187,2,7306,54,,1.0,1,1.0,4.0,25.0
1187,3,7306,20,,1.0,1,1.0,4.0,24.0
1188,1,7313,47,,1.0,1,1.0,2.0,40.0
1189,1,7321,57,,1.0,1,1.0,4.0,40.0
1189,2,7321,54,,1.0,2,1.0,4.0,40.0
1189,3,7321,26,,1.0,1,1.0,4.0,40.0
1190,1,7314,73,,1.0,1,1.0,2.0,40.0
1190,2,7314,61,,1.0,2,1.0,4.0,45.0
1191,1,7314,32,,3.0,2,1.0,4.0,40.0
1191,2,7314,33,,1.0,1,1.0,4.0,40.0
1191,3,7314,2,,,1,,,
1192,1,7301,59,,2.0,1,1.0,3.0,55.0
1192,2,7301,57,,1.0,2,1.0,4.0,10.0
1192,3,7301,33,,1.0,2,1.0,4.0,40.0
1193,1,7319,32,,1.0,1,1.0,4.0,40.0
1193,2,7319,30,15.0,6.0,2,1.0,4.0,58.0
1194,1,7321,60,,1.0,1,1.0,4.0,40.0
1194,2,7321,60,,7.0,2,1.0,4.0,20.0
1194,3,7321,3,1.0,,2,,,
1195,1,7304,61,,1.0,1,1.0,4.0,40.0
1195,2,7304,60,,1.0,2,1.0,4.0,40.0
1196,1,7321,49,,6.0,2,1.0,4.0,45.0
1196,2,7321,18,14.0,,2,6.0,4.0,
1197,1,7320,94,,,2,6.0,4.0,
1198,1,7306,68,,1.0,1,1.0,3.0,40.0
1199,1,7302,69,,,1,6.0,4.0,
1200,1,7317,46,,1.0,2,1.0,4.0,30.0
1200,2,7317,20,,1.0,2,1.0,4.0,20.0
1200,3,7317,16,13.0,,1,6.0,,
1200,4,7317,14,11.0,,1,,,
1200,5,7317,12,9.0,,2,,,
1201,1,7303,25,,1.0,2,1.0,4.0,40.0
1202,1,7310,60,,1.0,1,1.0,2.0,65.0
1202,2,7310,59,,1.0,2,1.0,4.0,60.0
1203,1,7316,39,,4.0,2,1.0,4.0,40.0
1204,1,7318,55,,1.0,1,1.0,2.0,25.0
1204,2,7318,55,,1.0,2,1.0,4.0,40.0
1205,1,7315,71,,,2,6.0,4.0,
1206,1,7321,27,,1.0,2,1.0,4.0,40.0
1206,2,7321,25,,1.0,1,1.0,4.0,36.0
1206,3,7321,7,4.0,,1,,,
1206,4,7321,23,15.0,9.0,1,3.0,4.0,
1207,1,7303,33,15.0,1.0,1,1.0,2.0,40.0
1207,2,7303,27,,1.0,2,1.0,3.0,40.0
1207,3,7303,2,,,1,,,
1207,4,7303,0,,,1,,,
1207,5,7303,33,,1.0,2,1.0,4.0,40.0
1208,1,7314,43,,6.0,1,1.0,4.0,45.0
1208,2,7314,45,15.0,,2,6.0,4.0,
1209,1,7305,70,,,1,6.0,2.0,
1209,2,7305,71,,,2,6.0,4.0,
1209,3,7305,36,,1.0,1,1.0,4.0,36.0
1210,1,7322,58,,1.0,1,1.0,2.0,40.0
1211,1,7302,65,,3.0,2,6.0,4.0,
1211,2,7302,90,,,1,6.0,2.0,
1212,1,7301,38,,1.0,1,1.0,4.0,40.0
1212,2,7301,39,,,2,6.0,4.0,
1212,3,7301,8,4.0,,2,,,
1212,4,7301,5,2.0,,2,,,
1212,5,7301,5,2.0,,2,,,
1212,6,7301,3,,,2,,,
1213,1,7316,57,,1.0,1,1.0,4.0,40.0
1214,1,7316,46,,4.0,1,1.0,4.0,45.0
1214,2,7316,37,,6.0,2,1.0,4.0,40.0
1214,3,7316,10,6.0,,2,,,
1214,4,7316,7,3.0,,1,,,
1214,5,7316,9,6.0,,1,,,
1215,1,7317,25,16.0,4.0,2,1.0,4.0,20.0
1215,2,7317,28,,1.0,1,6.0,4.0,40.0
1216,1,7310,69,,2.0,2,1.0,4.0,40.0
1217,1,7312,37,16.0,1.0,1,1.0,4.0,40.0
1217,2,7312,33,,1.0,2,1.0,4.0,40.0
1217,3,7312,10,6.0,,2,,,
1217,4,7312,8,4.0,,2,,,
1217,5,7312,3,1.0,,2,,,
1218,1,7301,38,,7.0,1,1.0,4.0,40.0
1218,2,7301,38,15.0,1.0,2,1.0,4.0,40.0
1218,3,7301,7,4.0,,2,,,
1219,1,7307,27,,3.0,2,6.0,4.0,
1219,2,7307,34,,,1,6.0,4.0,
1220,1,7316,75,,,1,6.0,2.0,
1221,1,7322,49,,,2,6.0,4.0,
1222,1,7322,52,,5.0,1,1.0,4.0,40.0
1222,2,7322,55,,,2,6.0,4.0,
1223,1,7316,33,,1.0,1,1.0,4.0,40.0
1224,1,7304,51,,5.0,2,1.0,4.0,40.0
1224,2,7304,19,15.0,,2,6.0,4.0,
1224,3,7304,17,13.0,,1,6.0,4.0,
1225,1,7316,48,,3.0,2,1.0,4.0,40.0
1225,2,7316,18,15.0,,1,6.0,4.0,
1225,3,7316,14,11.0,,2,,,
1225,4,7316,73,,,2,6.0,4.0,
1226,1,7301,25,15.0,5.0,2,4.0,1.0,50.0
1226,2,7301,24,15.0,6.0,1,1.0,2.0,20.0
1226,3,7301,4,1.0,,2,,,
1227,1,7315,53,,1.0,1,1.0,2.0,40.0
1227,2,7315,49,,3.0,2,1.0,4.0,40.0
1227,3,7315,18,15.0,2.0,2,6.0,4.0,
1227,4,7315,16,13.0,,1,6.0,,
1228,1,7313,29,,1.0,1,1.0,4.0,40.0
1228,2,7313,20,,1.0,1,1.0,4.0,40.0
1229,1,7304,68,,,2,6.0,4.0,
1229,2,7304,76,,1.0,1,1.0,4.0,10.0
1229,3,7304,36,,1.0,1,1.0,4.0,40.0
1230,1,7308,56,,1.0,2,1.0,4.0,20.0
1230,2,7308,83,,,2,6.0,4.0,
1231,1,7304,29,,6.0,1,1.0,4.0,20.0
1232,1,7314,42,,1.0,2,1.0,4.0,40.0
1232,2,7314,43,,1.0,1,1.0,4.0,40.0
1233,1,7314,82,,,2,6.0,4.0,
1234,1,7305,78,,2.0,1,1.0,4.0,40.0
1234,2,7305,48,,6.0,1,6.0,2.0,10.0
1235,1,7312,32,,2.0,2,2.0,4.0,24.0
1235,2,7312,4,,,2,,,
1235,3,7312,0,,,2,,,
1236,1,7313,54,,1.0,1,1.0,4.0,44.0
1236,2,7313,71,,1.0,2,6.0,4.0,
1237,1,7308,63,,4.0,2,6.0,4.0,8.0
1237,2,7308,64,,1.0,1,6.0,4.0,
1238,1,7316,57,15.0,1.0,2,2.0,4.0,40.0
1238,2,7316,19,15.0,,1,6.0,4.0,
1238,3,7316,16,13.0,,1,6.0,,
1238,4,7316,84,,,2,6.0,4.0,
1238,5,7316,59,14.0,1.0,1,3.0,2.0,
1239,1,7312,64,,6.0,1,2.0,4.0,5.0
1240,1,7315,20,15.0,1.0,2,6.0,4.0,5.0
1240,2,7315,22,15.0,1.0,1,1.0,4.0,25.0
1241,1,7309,55,,2.0,2,1.0,4.0,40.0
1241,2,7309,23,15.0,3.0,2,1.0,4.0,23.0
1242,1,7317,30,16.0,2.0,2,1.0,4.0,40.0
1243,1,7305,40,,1.0,2,1.0,4.0,40.0
1243,2,7305,42,,1.0,1,1.0,4.0,40.0
1243,3,7305,2,,,2,,,
1244,1,7309,61,,6.0,1,1.0,4.0,50.0
1244,2,7309,41,,1.0,1,1.0,4.0,40.0
1245,1,7311,56,,1.0,1,1.0,2.0,40.0
1245,2,7311,55,,1.0,2,1.0,4.0,40.0
1246,1,7307,36,,1.0,2,1.0,4.0,40.0
1246,2,7307,5,,,2,,,
1247,1,7309,71,,,2,6.0,4.0,
1247,2,7309,74,,7.0,1,6.0,3.0,
1248,1,7309,28,15.0,1.0,1,1.0,4.0,45.0
1248,2,7309,27,,1.0,1,1.0,4.0,40.0
1248,3,7309,25,,,1,6.0,4.0,
1249,1,7316,26,,3.0,2,2.0,4.0,45.0
1249,2,7316,28,,1.0,1,1.0,4.0,40.0
1249,3,7316,0,,,1,,,
1250,1,7321,52,,6.0,1,1.0,4.0,30.0
1251,1,7314,69,,1.0,2,6.0,4.0,
1252,1,7312,45,,4.0,1,1.0,4.0,40.0
1252,2,7312,45,,,2,6.0,4.0,
1253,1,7308,46,,3.0,2,1.0,4.0,60.0
1253,2,7308,20,,6.0,1,6.0,4.0,20.0
1253,3,7308,10,6.0,,2,,,
1254,1,7309,61,,6.0,1,1.0,2.0,2.0
1254,2,7309,62,,,2,6.0,4.0,
1255,1,7301,29,15.0,1.0,1,1.0,4.0,40.0
1255,2,7301,24,16.0,1.0,2,2.0,4.0,35.0
1256,1,7302,71,,3.0,1,6.0,4.0,5.0
1256,2,7302,58,,1.0,1,3.0,4.0,32.0
1256,3,7302,13,10.0,,2,,,
1256,4,7302,35,,1.0,2,1.0,4.0,40.0
1257,1,7318,28,16.0,1.0,1,1.0,2.0,40.0
1257,2,7318,26,,1.0,2,1.0,4.0,30.0
1257,3,7318,24,15.0,1.0,1,1.0,4.0,20.0
1258,1,7307,55,,7.0,1,1.0,4.0,50.0
1258,2,7307,48,,1.0,2,1.0,4.0,65.0
1258,3,7307,18,14.0,,2,6.0,4.0,
1258,4,7307,12,8.0,,2,,,
1259,1,7317,23,16.0,1.0,1,1.0,4.0,40.0
1259,2,7317,23,16.0,4.0,1,1.0,4.0,80.0
1259,3,7317,23,15.0,5.0,2,1.0,4.0,29.0
1260,1,7319,42,,3.0,1,1.0,4.0,56.0
1260,2,7319,29,,,2,6.0,4.0,
1260,3,7319,8,,,2,,,
1260,4,7319,7,,,2,,,
1260,5,7319,4,,,1,,,
1260,6,7319,2,,,1,,,
1261,1,7315,47,,7.0,1,1.0,4.0,55.0
1261,2,7315,48,,7.0,2,6.0,4.0,
1261,3,7315,13,10.0,,1,,,
1261,4,7315,19,15.0,1.0,2,1.0,4.0,22.0
1262,1,7305,26,16.0,1.0,1,1.0,4.0,90.0
1262,2,7305,29,,1.0,1,1.0,4.0,45.0
1262,3,7305,27,,1.0,1,1.0,4.0,50.0
1262,4,7305,26,16.0,1.0,1,1.0,4.0,45.0
1263,1,7301,79,,,2,6.0,4.0,
1264,1,7307,66,,1.0,1,1.0,2.0,56.0
1264,2,7307,37,16.0,1.0,2,1.0,4.0,72.0
1265,1,7318,35,,4.0,2,1.0,4.0,40.0
1265,2,7318,7,3.0,,2,,,
1266,1,7316,32,,1.0,2,1.0,4.0,30.0
1266,2,7316,32,,1.0,1,2.0,4.0,40.0
1266,3,7316,0,,,2,,,
1267,1,7310,30,,1.0,2,1.0,4.0,40.0
1267,2,7310,28,,1.0,2,1.0,4.0,45.0
1267,3,7310,28,,1.0,2,1.0,4.0,40.0
1268,1,7320,46,,1.0,2,1.0,4.0,40.0
1268,2,7320,46,,1.0,1,1.0,4.0,40.0
1268,3,7320,20,15.0,,2,6.0,4.0,
1268,4,7320,13,10.0,,2,,,
1268,5,7320,11,8.0,,2,,,
1269,1,7312,70,,,1,6.0,4.0,
1269,2,7312,66,,,2,6.0,4.0,
1269,3,7312,36,,5.0,1,1.0,4.0,45.0
1269,4,7312,1,,,1,,,
1269,5,7312,35,,1.0,2,2.0,4.0,40.0
1270,1,7306,69,,6.0,1,1.0,2.0,20.0
1270,2,7306,65,,2.0,2,6.0,3.0,10.0
1270,3,7306,44,,1.0,1,1.0,4.0,40.0
1271,1,7317,32,,1.0,1,1.0,4.0,30.0
1271,2,7317,12,9.0,,1,,,
1271,3,7317,2,,,2,,,
1272,1,7303,43,,1.0,1,1.0,4.0,40.0
1272,2,7303,34,,1.0,2,1.0,4.0,40.0
1272,3,7303,11,9.0,,1,,,
1272,4,7303,9,6.0,,1,,,
1273,1,7316,42,,1.0,1,3.0,4.0,70.0
1274,1,7322,64,,,2,6.0,4.0,
1274,2,7322,67,,1.0,1,1.0,4.0,40.0
1274,3,7322,38,,1.0,1,1.0,4.0,40.0
1274,4,7322,14,11.0,,2,,,
1274,5,7322,8,6.0,,2,,,
1274,6,7322,33,,9.0,2,3.0,4.0,
1275,1,7311,58,,1.0,1,1.0,4.0,40.0
1275,2,7311,57,,1.0,2,1.0,4.0,40.0
1276,1,7308,43,,1.0,1,1.0,4.0,40.0
1277,1,7318,94,,,2,6.0,4.0,
1278,1,7315,66,,,2,6.0,4.0,
1278,2,7315,69,,5.0,1,1.0,4.0,40.0
1278,3,7315,19,,1.0,2,1.0,4.0,20.0
1278,4,7315,18,15.0,,2,6.0,4.0,
1279,1,7316,36,,5.0,1,4.0,1.0,50.0
1279,2,7316,35,,3.0,2,1.0,4.0,40.0
1280,1,7308,50,,1.0,1,1.0,4.0,50.0
1280,2,7308,50,,,2,6.0,4.0,
1280,3,7308,20,15.0,1.0,2,6.0,4.0,40.0
1280,4,7308,17,13.0,1.0,2,1.0,4.0,16.0
1281,1,7312,42,,1.0,2,1.0,4.0,40.0
1281,2,7312,52,,1.0,1,1.0,4.0,40.0
1281,3,7312,4,1.0,,2,,,
1281,4,7312,2,,,1,,,
1282,1,7313,22,,5.0,1,4.0,1.0,40.0
1282,2,7313,20,15.0,1.0,2,3.0,4.0,30.0
1283,1,7310,35,,1.0,1,1.0,4.0,40.0
1284,1,7307,74,,,1,6.0,3.0,
1284,2,7307,75,,,2,6.0,4.0,
1285,1,7301,74,,6.0,1,6.0,4.0,
1286,1,7304,77,,,1,6.0,2.0,
1286,2,7304,73,,3.0,2,6.0,4.0,
1287,1,7316,52,,1.0,2,1.0,4.0,40.0
1287,2,7316,49,,6.0,1,1.0,4.0,40.0
1288,1,7319,67,,,1,6.0,4.0,
1288,2,7319,63,,6.0,2,1.0,4.0,40.0
1288,3,7319,31,,,1,6.0,4.0,
1289,1,7315,27,,1.0,2,1.0,4.0,40.0
1290,1,7302,44,,,1,6.0,4.0,
1290,2,7302,54,,,2,6.0,4.0,
1291,1,7304,46,,1.0,1,1.0,4.0,40.0
1291,2,7304,40,,1.0,1,1.0,4.0,45.0
1292,1,7316,27,,1.0,1,1.0,4.0,65.0
1292,2,7316,29,,1.0,2,2.0,4.0,40.0
1292,3,7316,0,,,2,,,
1293,1,7307,81,,,1,6.0,2.0,
1293,2,7307,79,,,2,6.0,4.0,
1294,1,7309,71,,1.0,1,6.0,4.0,
1294,2,7309,68,,2.0,2,1.0,4.0,1.0
1294,3,7309,22,15.0,1.0,1,1.0,4.0,40.0
1295,1,7321,53,,1.0,1,1.0,4.0,55.0
1295,2,7321,44,16.0,3.0,2,6.0,4.0,
1295,3,7321,16,13.0,,2,6.0,,
1295,4,7321,12,10.0,,1,,,
1295,5,7321,10,7.0,,2,,,
1296,1,7308,68,,1.0,2,6.0,2.0,
1297,1,7317,35,,7.0,2,2.0,4.0,20.0
1297,2,7317,36,,1.0,1,1.0,4.0,50.0
1297,3,7317,2,,,2,,,
1297,4,7317,0,,,1,,,
1298,1,7317,48,,1.0,1,2.0,4.0,45.0
1298,2,7317,41,,1.0,1,3.0,4.0,8.0
1299,1,7314,67,,1.0,2,1.0,4.0,30.0
1300,1,7303,46,15.0,1.0,1,6.0,4.0,
1300,2,7303,49,,,2,6.0,4.0,
1301,1,7312,49,,1.0,1,1.0,4.0,42.0
1301,2,7312,40,,3.0,2,1.0,4.0,40.0
1301,3,7312,8,4.0,,1,,,
1301,4,7312,3,1.0,,2,,,
1302,1,7315,44,,7.0,2,1.0,4.0,36.0
1302,2,7315,47,,5.0,1,4.0,1.0,50.0
1303,1,7302,75,,,2,6.0,4.0,
1303,2,7302,78,15.0,,1,6.0,4.0,
1304,1,7306,64,,,2,6.0,4.0,
1304,2,7306,64,,,1,6.0,4.0,
1305,1,7319,81,,,1,6.0,2.0,
1305,2,7319,73,16.0,4.0,2,6.0,4.0,
1306,1,7310,31,15.0,5.0,1,4.0,1.0,50.0
1306,2,7310,29,,1.0,2,1.0,4.0,40.0
1306,3,7310,6,2.0,,2,,,
1307,1,7321,42,,1.0,2,1.0,4.0,40.0
1307,2,7321,69,,1.0,2,1.0,4.0,40.0
1308,1,7301,31,,1.0,1,1.0,4.0,40.0
1309,1,7301,71,,1.0,2,1.0,2.0,40.0
1309,2,7301,49,,1.0,1,1.0,4.0,80.0
1309,3,7301,18,14.0,,1,6.0,4.0,
1309,4,7301,78,,1.0,2,1.0,4.0,18.0
1309,5,7301,57,,1.0,2,6.0,4.0,12.0
1310,1,7315,39,,5.0,2,1.0,4.0,40.0
1310,2,7315,38,,1.0,1,1.0,4.0,60.0
1310,3,7315,2,,,1,,,
1311,1,7312,44,16.0,1.0,2,1.0,4.0,40.0
1311,2,7312,48,,1.0,1,1.0,4.0,40.0
1311,3,7312,10,6.0,,1,,,
1311,4,7312,7,3.0,,1,,,
1311,5,7312,63,11.0,1.0,2,1.0,4.0,32.0
1312,1,7313,58,,1.0,1,1.0,4.0,40.0
1313,1,7318,26,15.0,4.0,1,1.0,4.0,23.0
1313,2,7318,17,14.0,,2,6.0,4.0,
1313,3,7318,55,,3.0,2,1.0,4.0,40.0
1314,1,7315,47,,1.0,1,1.0,4.0,40.0
1314,2,7315,13,9.0,,1,,,
1314,3,7315,10,6.0,,2,,,
1314,4,7315,8,5.0,,2,,,
1315,1,7318,59,,1.0,1,1.0,4.0,40.0
1315,2,7318,58,,1.0,2,1.0,4.0,40.0
1315,3,7318,26,,1.0,1,1.0,4.0,40.0
1316,1,7318,31,,5.0,1,4.0,1.0,40.0
1317,1,7317,52,,6.0,1,1.0,4.0,28.0
1318,1,7308,59,,8.0,1,1.0,2.0,28.0
1318,2,7308,65,,1.0,2,2.0,4.0,25.0
1319,1,7320,56,,3.0,2,6.0,4.0,40.0
1319,2,7320,62,,4.0,1,6.0,4.0,
1319,3,7320,26,,1.0,1,1.0,4.0,30.0
1319,4,7320,16,13.0,,2,6.0,,
1320,1,7313,37,,1.0,1,1.0,4.0,40.0
1320,2,7313,37,,1.0,2,1.0,4.0,40.0
1321,1,7301,77,,,1,6.0,4.0,
1321,2,7301,78,,,2,6.0,4.0,
1322,1,7310,38,16.0,1.0,1,1.0,4.0,40.0
1322,2,7310,66,,,2,6.0,4.0,
1323,1,7308,36,,3.0,1,1.0,4.0,40.0
1323,2,7308,35,,3.0,2,1.0,4.0,40.0
1323,3,7308,5,2.0,,1,,,
1323,4,7308,2,,,2,,,
1324,1,7316,33,,5.0,1,1.0,2.0,40.0
1324,2,7316,37,,2.0,2,1.0,4.0,25.0
1324,3,7316,2,,,1,,,
1324,4,7316,0,,,1,,,
1325,1,7314,29,,1.0,2,1.0,4.0,40.0
1326,1,7305,46,,1.0,1,1.0,3.0,50.0
1326,2,7305,44,,1.0,2,1.0,4.0,40.0
1326,3,7305,14,12.0,,2,,,
1326,4,7305,22,,2.0,2,1.0,4.0,12.0
1327,1,7304,50,,1.0,1,1.0,4.0,40.0
1327,2,7304,22,,1.0,1,1.0,4.0,40.0
1327,3,7304,20,15.0,3.0,1,1.0,4.0,25.0
1328,1,7311,60,,6.0,2,1.0,4.0,66.0
1328,2,7311,23,15.0,1.0,2,1.0,4.0,24.0
1329,1,7303,35,,1.0,2,6.0,4.0,
1329,2,7303,32,,1.0,1,1.0,4.0,50.0
1329,3,7303,4,,,2,,,
1329,4,7303,1,,,2,,,
1330,1,7320,50,,1.0,2,1.0,4.0,40.0
1330,2,7320,48,,1.0,1,1.0,4.0,5.0
1330,3,7320,29,,1.0,2,1.0,4.0,40.0
1330,4,7320,21,15.0,1.0,1,1.0,4.0,16.0
1331,1,7316,94,,,2,6.0,4.0,
1332,1,7314,75,,1.0,2,6.0,4.0,
1332,2,7314,83,,,2,6.0,4.0,
1333,1,7301,76,,,2,6.0,4.0,
1333,2,7301,20,15.0,1.0,2,1.0,4.0,12.0
1334,1,7313,64,,,1,6.0,4.0,
1335,1,7311,47,15.0,1.0,1,1.0,4.0,40.0
1335,2,7311,43,,1.0,2,1.0,4.0,20.0
1335,3,7311,16,12.0,,2,6.0,,
1335,4,7311,12,8.0,,1,,,
1336,1,7315,60,,1.0,2,1.0,4.0,40.0
1336,2,7315,59,,2.0,1,6.0,4.0,
1337,1,7318,37,,1.0,2,1.0,4.0,25.0
1337,2,7318,37,,1.0,1,1.0,4.0,40.0
1337,3,7318,69,,,2,6.0,4.0,
1338,1,7307,61,,1.0,1,1.0,2.0,50.0
1338,2,7307,60,,5.0,2,1.0,2.0,50.0
1339,1,7317,33,,8.0,2,1.0,4.0,30.0
1339,2,7317,32,,1.0,2,1.0,4.0,40.0
1340,1,7316,26,,1.0,2,1.0,4.0,40.0
1340,2,7316,61,,1.0,2,6.0,4.0,
1341,1,7306,94,,,2,6.0,4.0,
1342,1,7310,48,,2.0,1,1.0,4.0,60.0
1342,2,7310,49,,1.0,2,1.0,4.0,45.0
1342,3,7310,9,6.0,,2,,,
1343,1,7308,26,,1.0,1,1.0,4.0,35.0
1343,2,7308,26,16.0,1.0,2,1.0,4.0,40.0
1344,1,7314,61,,4.0,1,1.0,2.0,45.0
1344,2,7314,60,,1.0,2,1.0,2.0,40.0
1345,1,7318,71,,8.0,1,6.0,2.0,
1346,1,7317,64,,,2,6.0,4.0,
1347,1,7312,75,,6.0,1,1.0,4.0,10.0
1348,1,7322,68,,1.0,1,1.0,4.0,40.0
1348,2,7322,46,,,2,6.0,4.0,
1348,3,7322,19,15.0,1.0,1,1.0,4.0,12.0
1348,4,7322,17,14.0,,2,6.0,4.0,
1348,5,7322,14,,,1,,,
1348,6,7322,23,,1.0,1,1.0,4.0,40.0
1349,1,7317,47,,1.0,2,1.0,4.0,40.0
1350,1,7311,45,,1.0,1,1.0,4.0,40.0
1350,2,7311,10,7.0,,1,,,
1350,3,7311,7,3.0,,2,,,
1351,1,7320,54,,1.0,1,1.0,4.0,50.0
1351,2,7320,58,,2.0,2,1.0,4.0,10.0
1351,3,7320,22,,1.0,2,1.0,4.0,10.0
1351,4,7320,18,,,1,6.0,4.0,
1352,1,7321,64,,1.0,1,1.0,4.0,40.0
1352,2,7321,64,,,2,6.0,4.0,
1352,3,7321,44,,,2,6.0,4.0,
1353,1,7310,33,,1.0,2,1.0,4.0,40.0
1353,2,7310,34,,5.0,1,4.0,1.0,40.0
1353,3,7310,8,4.0,,1,,,
1353,4,7310,4,1.0,,2,,,
1354,1,7308,58,,,2,6.0,4.0,
1354,2,7308,57,,1.0,1,1.0,4.0,40.0
1355,1,7308,24,,1.0,1,1.0,4.0,40.0
1356,1,7314,65,,1.0,1,1.0,4.0,40.0
1356,2,7314,16,13.0,1.0,2,2.0,,5.0
1357,1,7307,68,,,2,6.0,4.0,
1357,2,7307,66,,1.0,1,1.0,4.0,40.0
1358,1,7316,75,,7.0,2,6.0,4.0,
1358,2,7316,77,,,1,6.0,4.0,
1359,1,7322,87,,,1,6.0,2.0,
1360,1,7307,39,,6.0,2,1.0,4.0,3.0
1360,2,7307,39,,1.0,1,1.0,4.0,41.0
1360,3,7307,8,4.0,,2,,,
1360,4,7307,5,2.0,,1,,,
1360,5,7307,23,,1.0,1,1.0,4.0,30.0
1361,1,7303,75,,,2,6.0,4.0,
1361,2,7303,74,,1.0,1,6.0,4.0,
1362,1,7314,87,,,2,6.0,4.0,
1362,2,7314,89,,2.0,1,3.0,4.0,
1363,1,7301,81,,,1,6.0,2.0,
1363,2,7301,69,,,2,6.0,4.0,
1364,1,7313,61,,5.0,1,1.0,2.0,40.0
1364,2,7313,63,,1.0,2,1.0,4.0,37.0
1365,1,7321,53,,7.0,1,6.0,4.0,30.0
1365,2,7321,38,,,2,6.0,4.0,
1365,3,7321,10,6.0,,1,,,
1365,4,7321,18,15.0,1.0,1,1.0,4.0,11.0
1365,5,7321,15,12.0,,1,,,
1366,1,7309,88,,,1,6.0,2.0,
1366,2,7309,88,,,2,6.0,4.0,
1367,1,7316,57,,7.0,1,6.0,4.0,4.0
1367,2,7316,59,,1.0,2,6.0,4.0,16.0
1368,1,7308,46,,1.0,1,1.0,4.0,45.0
1368,2,7308,45,,1.0,2,1.0,4.0,12.0
1368,3,7308,16,12.0,2.0,1,1.0,,8.0
1368,4,7308,10,7.0,,1,,,
1369,1,7308,62,,1.0,1,1.0,4.0,45.0
1369,2,7308,63,,1.0,2,1.0,4.0,47.0
1370,1,7302,34,,5.0,1,2.0,2.0,40.0
1370,2,7302,27,15.0,,2,6.0,4.0,
1371,1,7310,54,,1.0,1,1.0,4.0,50.0
1371,2,7310,48,,1.0,2,3.0,4.0,45.0
1372,1,7310,76,,,1,6.0,4.0,
1372,2,7310,47,,,1,6.0,4.0,
1373,1,7307,58,,1.0,1,1.0,4.0,50.0
1373,2,7307,64,,3.0,2,6.0,4.0,
1374,1,7314,54,,3.0,2,1.0,4.0,60.0
1374,2,7314,23,16.0,,2,6.0,4.0,
1375,1,7301,59,,6.0,2,3.0,4.0,25.0
1376,1,7302,26,,1.0,2,1.0,4.0,40.0
1377,1,7302,56,,1.0,2,1.0,4.0,36.0
1378,1,7302,39,,3.0,1,1.0,4.0,40.0
1378,2,7302,37,,3.0,2,1.0,4.0,40.0
1379,1,7308,41,,1.0,1,1.0,4.0,40.0
1379,2,7308,40,,5.0,2,1.0,4.0,40.0
1379,3,7308,7,3.0,,2,,,
1379,4,7308,5,2.0,,1,,,
1380,1,7304,43,,1.0,1,1.0,4.0,40.0
1380,2,7304,40,,4.0,2,1.0,4.0,10.0
1380,3,7304,7,4.0,,1,,,
1381,1,7311,34,,,2,6.0,4.0,
1381,2,7311,36,,2.0,1,1.0,4.0,9.0
1381,3,7311,9,6.0,,2,,,
1381,4,7311,7,3.0,,1,,,
1381,5,7311,5,1.0,,1,,,
1381,6,7311,2,,,2,,,
1382,1,7302,53,,1.0,2,1.0,4.0,44.0
1383,1,7315,36,,5.0,1,1.0,4.0,40.0
1383,2,7315,32,,1.0,2,1.0,4.0,40.0
1384,1,7309,50,,1.0,1,1.0,4.0,75.0
1384,2,7309,44,,,2,6.0,4.0,
1384,3,7309,14,10.0,,2,,,
1384,4,7309,10,6.0,,2,,,
1385,1,7316,63,,1.0,2,1.0,4.0,38.0
1386,1,7316,36,,2.0,2,1.0,4.0,40.0
1387,1,7306,70,,,1,6.0,2.0,
1387,2,7306,71,,,2,6.0,4.0,
1387,3,7306,6,,,1,,,
1388,1,7314,64,,1.0,1,6.0,4.0,
1388,2,7314,62,,6.0,2,1.0,4.0,35.0
1389,1,7319,63,,1.0,1,6.0,4.0,
1389,2,7319,53,,1.0,2,3.0,4.0,
1390,1,7320,71,,1.0,1,6.0,4.0,
1390,2,7320,70,,3.0,2,6.0,4.0,
1390,3,7320,52,,6.0,1,6.0,4.0,
1391,1,7314,61,,,1,6.0,3.0,
1391,2,7314,60,,3.0,2,1.0,4.0,40.0
1391,3,7314,13,9.0,,1,,,
1391,4,7314,10,5.0,,1,,,
1391,5,7314,9,7.0,,1,,,
1392,1,7321,80,,,1,6.0,2.0,
1393,1,7303,66,,6.0,2,1.0,4.0,30.0
1394,1,7317,59,,9.0,2,3.0,4.0,
1394,2,7317,59,,1.0,1,1.0,4.0,40.0
1395,1,7302,87,,,1,6.0,4.0,
1395,2,7302,82,,,2,6.0,4.0,
1396,1,7313,50,,1.0,2,1.0,4.0,38.0
1396,2,7313,58,,1.0,1,1.0,4.0,50.0
1397,1,7322,71,,6.0,1,1.0,4.0,20.0
1397,2,7322,71,,6.0,2,1.0,4.0,35.0
1397,3,7322,73,,,1,6.0,4.0,
1398,1,7308,51,,1.0,2,6.0,4.0,20.0
1399,1,7308,41,,1.0,1,1.0,4.0,50.0
1399,2,7308,36,,1.0,2,1.0,4.0,40.0
1399,3,7308,4,,,2,,,
1399,4,7308,1,,,2,,,
1400,1,7301,67,,1.0,1,1.0,2.0,40.0
1400,2,7301,60,,2.0,2,1.0,4.0,30.0
1400,3,7301,31,,1.0,1,1.0,4.0,40.0
1400,4,7301,28,,1.0,1,1.0,4.0,40.0
1400,5,7301,22,,1.0,1,1.0,4.0,40.0
1400,6,7301,4,1.0,,1,,,
1401,1,7319,66,,7.0,2,1.0,4.0,32.0
1401,2,7319,38,,1.0,1,1.0,4.0,48.0
1402,1,7309,28,15.0,1.0,2,1.0,4.0,40.0
1403,1,7309,34,15.0,5.0,1,6.0,2.0,
1403,2,7309,26,,1.0,2,3.0,2.0,
1403,3,7309,4,,,2,,,
1403,4,7309,0,,,2,,,
1404,1,7314,42,,5.0,1,1.0,2.0,40.0
1404,2,7314,42,,4.0,2,1.0,3.0,40.0
1404,3,7314,6,2.0,,1,,,
1404,4,7314,4,1.0,,2,,,
1405,1,7322,69,,,1,6.0,4.0,
1405,2,7322,66,,,2,6.0,4.0,
1405,3,7322,29,,3.0,2,1.0,4.0,53.0
1405,4,7322,78,,,2,6.0,4.0,
1406,1,7306,69,,,1,6.0,4.0,
1406,2,7306,63,,6.0,2,1.0,4.0,40.0
1406,3,7306,32,,1.0,1,1.0,4.0,40.0
1406,4,7306,26,,1.0,2,1.0,4.0,40.0
1407,1,7322,52,,6.0,2,1.0,4.0,20.0
1407,2,7322,27,,,1,6.0,4.0,
1407,3,7322,26,,6.0,1,1.0,4.0,25.0
1408,1,7308,56,,3.0,1,3.0,4.0,
1408,2,7308,59,,1.0,2,6.0,4.0,
1409,1,7318,72,,1.0,2,1.0,4.0,40.0
1409,2,7318,48,,,2,6.0,4.0,
1410,1,7315,28,,1.0,2,1.0,4.0,24.0
1410,2,7315,29,,1.0,1,1.0,4.0,50.0
1411,1,7318,72,,,2,6.0,4.0,
1411,2,7318,76,,,1,6.0,2.0,
1412,1,7305,44,,6.0,2,1.0,4.0,40.0
1412,2,7305,42,,1.0,1,1.0,2.0,40.0
1412,3,7305,15,12.0,,2,,,
1412,4,7305,11,8.0,,1,,,
1412,5,7305,23,,1.0,1,1.0,4.0,40.0
1412,6,7305,22,15.0,,2,6.0,4.0,
1413,1,7307,41,,1.0,1,3.0,4.0,16.0
1413,2,7307,35,15.0,1.0,2,1.0,4.0,50.0
1413,3,7307,5,2.0,,2,,,
1413,4,7307,3,1.0,,1,,,
1414,1,7319,39,,7.0,1,1.0,4.0,40.0
1414,2,7319,37,,4.0,2,1.0,4.0,10.0
1414,3,7319,7,3.0,,2,,,
1414,4,7319,2,,,1,,,
1415,1,7303,61,15.0,,1,6.0,4.0,
1416,1,7316,29,15.0,1.0,2,1.0,4.0,15.0
1416,2,7316,26,15.0,5.0,2,4.0,1.0,50.0
1417,1,7310,35,,1.0,1,1.0,4.0,45.0
1417,2,7310,30,,3.0,2,1.0,4.0,35.0
1418,1,7317,35,,,2,6.0,4.0,
1418,2,7317,1,,,2,,,
1418,3,7317,40,,9.0,1,3.0,4.0,
1419,1,7321,68,,,1,6.0,4.0,
1419,2,7321,69,,6.0,2,1.0,4.0,25.0
1419,3,7321,32,,6.0,2,1.0,4.0,30.0
1419,4,7321,6,4.0,,2,,,
1420,1,7309,51,,1.0,1,1.0,4.0,40.0
1420,2,7309,50,,2.0,2,1.0,4.0,40.0
1420,3,7309,14,10.0,,1,,,
1421,1,7316,29,,1.0,2,1.0,4.0,40.0
1421,2,7316,30,,1.0,1,6.0,4.0,40.0
1422,1,7303,65,,1.0,2,1.0,4.0,40.0
1423,1,7317,34,,5.0,1,4.0,1.0,25.0
1424,1,7320,45,,2.0,2,1.0,4.0,36.0
1424,2,7320,45,,2.0,1,1.0,4.0,24.0
1424,3,7320,19,15.0,1.0,2,6.0,4.0,10.0
1424,4,7320,15,11.0,,2,,,
1424,5,7320,8,5.0,,1,,,
1425,1,7320,68,,1.0,1,6.0,4.0,
1425,2,7320,37,,1.0,1,1.0,4.0,40.0
1426,1,7303,77,,,1,6.0,4.0,
1426,2,7303,75,,,2,6.0,4.0,
1427,1,7309,42,,1.0,1,1.0,4.0,50.0
1427,2,7309,40,16.0,1.0,2,1.0,4.0,35.0
1427,3,7309,22,15.0,1.0,2,1.0,4.0,35.0
1427,4,7309,19,,1.0,1,3.0,4.0,18.0
1427,5,7309,24,15.0,1.0,1,1.0,2.0,30.0
1428,1,7316,73,,7.0,2,1.0,4.0,40.0
1428,2,7316,73,,7.0,1,1.0,4.0,40.0
1429,1,7309,37,16.0,1.0,2,1.0,2.0,35.0
1429,2,7309,7,3.0,,2,,,
1430,1,7301,39,,4.0,1,1.0,4.0,40.0
1430,2,7301,36,15.0,,2,6.0,4.0,
1430,3,7301,18,,4.0,1,1.0,4.0,40.0
1430,4,7301,16,13.0,,2,6.0,,
1430,5,7301,56,,,2,6.0,4.0,
1430,6,7301,28,15.0,4.0,2,1.0,4.0,40.0
1430,7,7301,23,,4.0,2,1.0,4.0,30.0
1430,8,7301,22,15.0,3.0,1,1.0,4.0,20.0
1431,1,7309,72,,,2,6.0,4.0,
1431,2,7309,72,,,1,6.0,2.0,
1432,1,7308,90,,2.0,2,6.0,4.0,
1433,1,7317,58,,,1,6.0,4.0,
1433,2,7317,43,,1.0,2,1.0,4.0,35.0
1434,1,7313,55,,3.0,1,1.0,4.0,40.0
1434,2,7313,58,,1.0,2,1.0,4.0,37.0
1434,3,7313,22,15.0,1.0,1,6.0,4.0,18.0
1434,4,7313,19,15.0,1.0,1,6.0,4.0,15.0
1435,1,7306,61,,,1,6.0,4.0,
1435,2,7306,55,,1.0,2,1.0,4.0,40.0
1436,1,7304,52,,1.0,1,1.0,4.0,80.0
1436,2,7304,49,15.0,1.0,2,6.0,4.0,
1436,3,7304,11,8.0,,1,,,
1436,4,7304,6,3.0,,2,,,
1437,1,7311,49,,5.0,1,1.0,2.0,48.0
1438,1,7304,49,,1.0,1,1.0,4.0,45.0
1438,2,7304,44,,6.0,2,1.0,4.0,20.0
1438,3,7304,20,15.0,,2,6.0,4.0,
1438,4,7304,15,14.0,,2,,,
1438,5,7304,12,10.0,,1,,,
1439,1,7321,47,,9.0,2,3.0,4.0,
1439,2,7321,50,,1.0,1,1.0,4.0,40.0
1439,3,7321,26,,1.0,2,1.0,4.0,24.0
1439,4,7321,17,14.0,,2,6.0,4.0,
1439,5,7321,70,,,2,6.0,4.0,
1440,1,7318,30,,1.0,1,1.0,4.0,40.0
1440,2,7318,29,15.0,,2,6.0,4.0,
1440,3,7318,11,8.0,,2,,,
1440,4,7318,10,7.0,,2,,,
1440,5,7318,6,3.0,,1,,,
1441,1,7312,30,15.0,5.0,1,1.0,4.0,40.0
1441,2,7312,31,,2.0,2,1.0,4.0,40.0
1442,1,7314,47,,,1,6.0,4.0,
1442,2,7314,33,,1.0,2,1.0,2.0,40.0
1442,3,7314,31,,1.0,1,1.0,4.0,40.0
1443,1,7312,76,,,1,6.0,4.0,
1443,2,7312,69,,,2,6.0,4.0,
1444,1,7313,33,,1.0,2,1.0,4.0,40.0
1444,2,7313,37,,2.0,1,1.0,4.0,40.0
1444,3,7313,1,,,1,,,
1445,1,7322,48,,5.0,2,1.0,2.0,65.0
1445,2,7322,51,,4.0,1,6.0,4.0,
1446,1,7315,43,,3.0,2,3.0,4.0,17.0
1446,2,7315,20,14.0,,1,6.0,4.0,
1446,3,7315,9,6.0,,1,,,
1447,1,7315,72,,1.0,1,6.0,4.0,
1447,2,7315,65,,,2,6.0,4.0,
1448,1,7315,30,,1.0,1,1.0,4.0,45.0
1448,2,7315,28,15.0,1.0,2,1.0,4.0,55.0
1448,3,7315,27,,2.0,2,1.0,4.0,50.0
1449,1,7313,35,,1.0,1,3.0,4.0,
1449,2,7313,64,,,2,6.0,4.0,
1449,3,7313,73,,,1,6.0,4.0,
1450,1,7303,69,,,1,6.0,2.0,
1450,2,7303,75,,,2,6.0,4.0,
1451,1,7306,41,,2.0,2,1.0,4.0,40.0
1451,2,7306,43,,4.0,1,1.0,4.0,40.0
1451,3,7306,17,14.0,,2,6.0,4.0,
1451,4,7306,14,11.0,,2,,,
1451,5,7306,33,,1.0,1,1.0,4.0,38.0
1452,1,7321,58,,3.0,2,1.0,4.0,20.0
1452,2,7321,21,15.0,1.0,1,1.0,4.0,15.0
1452,3,7321,19,15.0,,1,6.0,4.0,
1453,1,7307,69,,,1,6.0,4.0,
1453,2,7307,74,,,2,6.0,4.0,
1454,1,7314,59,15.0,1.0,2,1.0,4.0,36.0
1454,2,7314,57,,1.0,1,1.0,4.0,15.0
1455,1,7308,60,15.0,3.0,2,1.0,4.0,40.0
1455,2,7308,66,,,1,6.0,4.0,
1456,1,7319,30,,3.0,1,1.0,4.0,40.0
1456,2,7319,65,,,1,6.0,4.0,
1456,3,7319,30,,1.0,1,1.0,4.0,40.0
1456,4,7319,26,,1.0,1,1.0,4.0,40.0
1457,1,7315,59,,1.0,2,2.0,4.0,35.0
1457,2,7315,59,,1.0,1,2.0,4.0,40.0
1458,1,7316,30,,2.0,2,1.0,4.0,50.0
1459,1,7321,61,,1.0,1,1.0,4.0,40.0
1459,2,7321,49,,,2,6.0,4.0,
1459,3,7321,30,,3.0,1,1.0,4.0,20.0
1459,4,7321,28,,1.0,2,3.0,4.0,
1459,5,7321,4,,,2,,,
1459,6,7321,2,,,1,,,
1460,1,7318,79,,,2,6.0,4.0,
1461,1,7310,44,,3.0,2,1.0,4.0,40.0
1462,1,7316,74,,,2,6.0,4.0,
1463,1,7308,65,,5.0,2,6.0,4.0,
1463,2,7308,70,,,1,6.0,2.0,
1463,3,7308,36,,7.0,1,6.0,4.0,
1464,1,7315,42,,5.0,1,4.0,1.0,40.0
1464,2,7315,42,,2.0,2,1.0,4.0,3.0
1464,3,7315,10,7.0,,2,,,
1465,1,7315,37,,5.0,1,4.0,1.0,50.0
1465,2,7315,30,,2.0,2,1.0,4.0,40.0
1466,1,7317,64,,7.0,1,6.0,4.0,
1466,2,7317,65,,1.0,2,1.0,4.0,30.0
1467,1,7316,39,,6.0,1,1.0,4.0,40.0
1468,1,7317,32,,9.0,2,3.0,4.0,
1468,2,7317,32,,1.0,1,1.0,4.0,60.0
1468,3,7317,10,6.0,,1,,,
1468,4,7317,8,4.0,,1,,,
1468,5,7317,4,,,2,,,
1469,1,7304,52,,1.0,2,1.0,4.0,40.0
1469,2,7304,26,,1.0,1,1.0,4.0,30.0
1469,3,7304,24,15.0,1.0,2,1.0,4.0,30.0
1469,4,7304,21,,1.0,1,1.0,4.0,30.0
1470,1,7306,72,,,2,6.0,4.0,
1470,2,7306,73,,7.0,1,1.0,3.0,40.0
1471,1,7302,55,,,1,6.0,4.0,
1471,2,7302,90,,,2,6.0,4.0,
1472,1,7304,33,,,2,6.0,4.0,
1472,2,7304,40,,1.0,1,1.0,4.0,40.0
1472,3,7304,6,3.0,,2,,,
1472,4,7304,3,1.0,,1,,,
1472,5,7304,1,,,1,,,
1472,6,7304,6,3.0,,1,,,
1473,1,7302,82,,,2,6.0,4.0,
1473,2,7302,59,,6.0,1,6.0,3.0,
1473,3,7302,58,,,2,6.0,4.0,
1474,1,7301,35,,1.0,1,1.0,4.0,42.0
1474,2,7301,32,,1.0,2,1.0,4.0,38.0
1474,3,7301,4,,,1,,,
1475,1,7320,63,,1.0,1,1.0,4.0,40.0
1475,2,7320,59,,,2,6.0,4.0,
1475,3,7320,32,,1.0,2,1.0,4.0,40.0
1475,4,7320,30,,1.0,1,1.0,4.0,40.0
1476,1,7307,55,,,2,6.0,4.0,
1476,2,7307,55,,8.0,1,3.0,4.0,40.0
1477,1,7314,88,,,1,6.0,4.0,
1478,1,7320,44,,1.0,2,6.0,4.0,30.0
1478,2,7320,15,11.0,,1,,,
1479,1,7315,52,,1.0,2,1.0,4.0,29.0
1480,1,7306,30,,,1,6.0,4.0,
1481,1,7313,46,,7.0,1,1.0,4.0,45.0
1481,2,7313,33,,1.0,2,1.0,4.0,16.0
1481,3,7313,15,12.0,,2,,,
1481,4,7313,13,9.0,,1,,,
1481,5,7313,10,6.0,,1,,,
1482,1,7305,44,,1.0,2,1.0,4.0,55.0
1483,1,7308,63,,4.0,1,1.0,4.0,40.0
1483,2,7308,65,,3.0,2,6.0,4.0,
1484,1,7316,27,,3.0,2,1.0,4.0,60.0
1484,2,7316,28,,1.0,1,1.0,4.0,48.0
1485,1,7320,55,,3.0,1,1.0,4.0,40.0
1485,2,7320,57,,1.0,2,1.0,4.0,20.0
1485,3,7320,19,15.0,,1,6.0,4.0,
1485,4,7320,16,13.0,,1,6.0,,
1486,1,7316,33,,1.0,1,1.0,4.0,45.0
1486,2,7316,32,,3.0,2,1.0,4.0,40.0
1487,1,7321,60,,2.0,2,1.0,4.0,29.0
1487,2,7321,61,,,1,6.0,2.0,
1488,1,7318,63,,1.0,1,1.0,4.0,40.0
1488,2,7318,58,,1.0,2,1.0,4.0,12.0
1488,3,7318,62,,1.0,2,1.0,4.0,10.0
1488,4,7318,59,,1.0,1,1.0,4.0,40.0
1488,5,7318,39,,1.0,1,1.0,4.0,40.0
1488,6,7318,36,,1.0,2,6.0,4.0,
1489,1,7309,90,,,1,6.0,3.0,
1489,2,7309,90,,,2,6.0,4.0,
1489,3,7309,63,,1.0,1,1.0,4.0,32.0
1490,1,7301,64,,4.0,2,1.0,4.0,60.0
1490,2,7301,22,,,2,6.0,4.0,
1490,3,7301,66,,,2,6.0,4.0,
1491,1,7318,47,,1.0,2,1.0,4.0,18.0
1491,2,7318,48,,1.0,1,1.0,4.0,40.0
1491,3,7318,22,15.0,1.0,1,1.0,4.0,25.0
1491,4,7318,21,15.0,1.0,1,1.0,4.0,20.0
1491,5,7318,14,10.0,,2,,,
1492,1,7320,70,,,1,6.0,2.0,
1492,2,7320,69,,3.0,2,6.0,4.0,
1492,3,7320,39,,1.0,1,1.0,4.0,40.0
1492,4,7320,38,16.0,1.0,2,1.0,4.0,50.0
1493,1,7304,57,,7.0,2,1.0,4.0,60.0
1493,2,7304,23,,1.0,1,1.0,4.0,40.0
1494,1,7309,71,,7.0,1,1.0,4.0,15.0
1495,1,7306,63,,1.0,1,1.0,4.0,40.0
1495,2,7306,58,,3.0,2,1.0,4.0,37.0
1496,1,7313,28,,1.0,2,1.0,4.0,45.0
1496,2,7313,31,,2.0,1,1.0,4.0,40.0
1497,1,7304,66,,2.0,2,1.0,4.0,36.0
1498,1,7319,76,15.0,,1,6.0,4.0,
1498,2,7319,72,,,2,6.0,4.0,
1499,1,7309,49,,1.0,1,1.0,4.0,60.0
1499,2,7309,47,,3.0,2,2.0,4.0,50.0
1499,3,7309,11,7.0,,2,,,
1499,4,7309,9,5.0,,2,,,
1500,1,7308,65,,1.0,1,3.0,4.0,50.0
1500,2,7308,63,,2.0,2,1.0,4.0,40.0
1501,1,7322,60,,1.0,2,1.0,4.0,32.0
1501,2,7322,27,,1.0,1,3.0,4.0,24.0
1501,3,7322,16,12.0,,1,6.0,,
1502,1,7316,61,,,2,6.0,4.0,
1503,1,7322,55,,1.0,1,1.0,2.0,40.0
1504,1,7311,67,,4.0,1,1.0,4.0,25.0
1504,2,7311,75,,1.0,2,6.0,4.0,
1505,1,7314,46,,1.0,2,1.0,4.0,40.0
1505,2,7314,48,,2.0,1,1.0,4.0,40.0
1505,3,7314,14,11.0,,2,,,
1506,1,7304,46,,1.0,1,1.0,4.0,40.0
1506,2,7304,46,,6.0,2,1.0,4.0,30.0
1506,3,7304,15,12.0,,2,,,
1507,1,7314,60,,1.0,2,1.0,4.0,35.0
1507,2,7314,44,,,2,6.0,4.0,
1507,3,7314,44,,7.0,1,3.0,4.0,50.0
1507,4,7314,32,,5.0,2,4.0,1.0,40.0
1508,1,7302,35,,1.0,2,1.0,4.0,40.0
1508,2,7302,42,,7.0,1,1.0,4.0,60.0
1508,3,7302,7,3.0,,1,,,
1508,4,7302,2,,,2,,,
1509,1,7301,44,,1.0,1,1.0,4.0,40.0
1509,2,7301,32,,1.0,2,1.0,4.0,41.0
1510,1,7321,68,,,1,6.0,4.0,
1511,1,7322,47,,7.0,1,1.0,4.0,60.0
1511,2,7322,53,,1.0,2,1.0,4.0,40.0
1511,3,7322,14,11.0,,1,,,
1511,4,7322,15,12.0,,2,,,
1511,5,7322,77,,,2,6.0,4.0,
1511,6,7322,88,,,2,6.0,4.0,
1512,1,7318,48,,1.0,2,1.0,4.0,28.0
1512,2,7318,23,15.0,1.0,2,1.0,4.0,20.0
1512,3,7318,19,15.0,9.0,2,3.0,4.0,
1512,4,7318,17,14.0,9.0,2,3.0,4.0,
1513,1,7310,86,,,2,6.0,4.0,
1514,1,7313,44,,1.0,1,1.0,4.0,40.0
1514,2,7313,42,,1.0,2,1.0,4.0,40.0
1514,3,7313,14,11.0,,2,,,
1514,4,7313,4,1.0,,1,,,
1515,1,7318,50,,5.0,2,1.0,4.0,40.0
1515,2,7318,54,,5.0,1,1.0,2.0,40.0
1515,3,7318,19,15.0,1.0,1,6.0,4.0,16.0
1515,4,7318,17,14.0,,1,6.0,4.0,
1515,5,7318,16,12.0,,1,6.0,,
1516,1,7314,94,,,1,6.0,4.0,
1517,1,7318,34,,6.0,2,1.0,4.0,40.0
1517,2,7318,17,14.0,,1,6.0,4.0,
1517,3,7318,15,12.0,,2,,,
1517,4,7318,6,3.0,,2,,,
1517,5,7318,5,1.0,,1,,,
1518,1,7311,72,,5.0,1,1.0,2.0,40.0
1518,2,7311,74,,,2,6.0,4.0,
1519,1,7312,65,,1.0,2,1.0,4.0,50.0
1520,1,7304,78,,,1,6.0,4.0,
1520,2,7304,79,,,2,6.0,4.0,
1521,1,7314,59,,2.0,1,1.0,4.0,40.0
1522,1,7316,33,,4.0,1,1.0,4.0,40.0
1522,2,7316,28,15.0,2.0,2,1.0,4.0,36.0
1523,1,7309,42,,1.0,2,1.0,4.0,60.0
1523,2,7309,37,,1.0,2,1.0,4.0,40.0
1523,3,7309,37,,1.0,2,1.0,4.0,40.0
1524,1,7318,75,,,2,6.0,4.0,
1524,2,7318,70,,,1,6.0,4.0,
1525,1,7306,57,,1.0,2,6.0,4.0,
1526,1,7316,84,,,2,6.0,4.0,
1527,1,7302,42,,1.0,2,1.0,4.0,40.0
1527,2,7302,18,,,2,6.0,4.0,
1527,3,7302,11,7.0,,1,,,
1528,1,7314,47,,1.0,2,1.0,4.0,45.0
1528,2,7314,49,,1.0,1,1.0,4.0,50.0
1529,1,7309,50,,3.0,2,6.0,4.0,
1529,2,7309,17,13.0,,1,6.0,4.0,
1529,3,7309,12,8.0,,1,,,
1530,1,7316,81,,,1,6.0,2.0,
1530,2,7316,80,,,2,6.0,4.0,
1531,1,7307,56,15.0,2.0,1,1.0,4.0,40.0
1532,1,7301,38,,6.0,2,6.0,4.0,1.0
1532,2,7301,35,,4.0,1,1.0,4.0,72.0
1532,3,7301,8,4.0,,2,,,
1532,4,7301,6,2.0,,2,,,
1532,5,7301,2,,,2,,,
1533,1,7314,61,,1.0,2,1.0,4.0,42.0
1533,2,7314,67,,6.0,1,6.0,4.0,
1534,1,7309,56,,6.0,1,1.0,4.0,30.0
1534,2,7309,56,,1.0,2,6.0,4.0,
1535,1,7309,69,,1.0,2,6.0,4.0,
1535,2,7309,71,,,1,6.0,2.0,
1536,1,7310,35,,2.0,2,1.0,4.0,40.0
1537,1,7307,68,,,2,6.0,4.0,
1538,1,7309,49,,1.0,1,1.0,2.0,40.0
1538,2,7309,46,,2.0,2,1.0,4.0,40.0
1538,3,7309,18,14.0,1.0,2,1.0,4.0,1.0
1538,4,7309,16,12.0,,1,6.0,,
1539,1,7320,55,,1.0,1,1.0,4.0,40.0
1539,2,7320,53,,1.0,2,1.0,4.0,45.0
1539,3,7320,20,15.0,1.0,1,1.0,4.0,15.0
1540,1,7316,60,,,1,6.0,4.0,
1541,1,7306,50,,6.0,1,3.0,4.0,40.0
1541,2,7306,41,,1.0,2,1.0,4.0,40.0
1541,3,7306,11,7.0,,2,,,
1541,4,7306,9,6.0,,1,,,
1542,1,7304,54,,1.0,2,6.0,4.0,
1542,2,7304,59,,1.0,1,1.0,4.0,60.0
1543,1,7315,40,,6.0,2,2.0,4.0,15.0
1543,2,7315,42,,6.0,1,2.0,4.0,60.0
1543,3,7315,7,3.0,,2,,,
1543,4,7315,4,1.0,,1,,,
1544,1,7302,64,,2.0,2,1.0,4.0,20.0
1544,2,7302,69,,1.0,1,3.0,4.0,15.0
1545,1,7301,50,,6.0,1,1.0,4.0,40.0
1545,2,7301,31,,4.0,2,1.0,4.0,8.0
1546,1,7309,64,,1.0,2,1.0,4.0,15.0
1546,2,7309,66,,1.0,1,1.0,4.0,25.0
1547,1,7315,77,,,2,6.0,4.0,
1547,2,7315,53,,,1,6.0,4.0,
1548,1,7309,54,,1.0,2,1.0,4.0,50.0
1548,2,7309,59,,2.0,1,1.0,4.0,50.0
1548,3,7309,18,14.0,,1,6.0,4.0,
1549,1,7303,55,,6.0,1,1.0,4.0,40.0
1549,2,7303,46,,,2,6.0,4.0,
1549,3,7303,22,15.0,1.0,2,1.0,4.0,30.0
1549,4,7303,19,14.0,,1,6.0,4.0,
1550,1,7302,66,,,2,6.0,4.0,
1551,1,7312,41,,1.0,1,3.0,4.0,40.0
1552,1,7309,42,,1.0,1,6.0,4.0,4.0
1553,1,7321,26,,5.0,1,1.0,4.0,40.0
1553,2,7321,30,,1.0,1,1.0,4.0,50.0
1554,1,7305,57,,,1,6.0,2.0,
1555,1,7309,58,,3.0,1,1.0,4.0,40.0
1555,2,7309,48,,1.0,2,1.0,4.0,45.0
1556,1,7319,57,,5.0,1,6.0,4.0,
1556,2,7319,61,,3.0,2,1.0,4.0,50.0
1556,3,7319,35,,1.0,1,1.0,4.0,40.0
1557,1,7314,27,,1.0,1,1.0,4.0,50.0
1557,2,7314,24,,1.0,2,1.0,4.0,42.0
1557,3,7314,24,,7.0,2,1.0,4.0,40.0
1557,4,7314,23,,1.0,1,1.0,4.0,40.0
1557,5,7314,0,,,2,,,
1558,1,7308,63,,7.0,2,1.0,4.0,20.0
1559,1,7302,74,,,1,6.0,2.0,
1559,2,7302,72,,,2,6.0,4.0,
1559,3,7302,26,,1.0,1,3.0,4.0,40.0
1560,1,7316,75,,,1,6.0,4.0,
1560,2,7316,70,,,2,6.0,4.0,
1561,1,7318,58,,3.0,2,1.0,4.0,40.0
1562,1,7316,26,,1.0,1,1.0,4.0,45.0
1562,2,7316,24,,1.0,1,1.0,4.0,40.0
1563,1,7312,60,,2.0,2,1.0,4.0,40.0
1563,2,7312,38,,1.0,1,1.0,4.0,40.0
1563,3,7312,46,,1.0,2,3.0,4.0,45.0
1564,1,7321,41,,1.0,2,1.0,4.0,40.0
1564,2,7321,67,,1.0,2,1.0,4.0,20.0
1565,1,7301,79,,,2,6.0,4.0,
1565,2,7301,82,,,1,6.0,2.0,
1565,3,7301,32,,1.0,2,1.0,4.0,40.0
1566,1,7316,68,,,1,6.0,4.0,
1567,1,7316,50,,5.0,1,1.0,4.0,40.0
1568,1,7313,34,,1.0,1,1.0,4.0,45.0
1568,2,7313,31,,6.0,1,1.0,4.0,25.0
1568,3,7313,31,,1.0,2,1.0,4.0,40.0
1569,1,7311,58,,1.0,2,1.0,4.0,45.0
1569,2,7311,58,,1.0,1,1.0,4.0,50.0
1570,1,7302,36,,1.0,1,6.0,4.0,25.0
1570,2,7302,77,,,2,6.0,4.0,
1571,1,7321,54,,1.0,2,1.0,4.0,25.0
1571,2,7321,89,,,2,6.0,4.0,
1572,1,7303,43,,1.0,1,1.0,4.0,40.0
1572,2,7303,35,,1.0,2,1.0,4.0,40.0
1572,3,7303,13,9.0,,1,,,
1572,4,7303,10,6.0,,2,,,
1572,5,7303,1,,,2,,,
1572,6,7303,15,,,1,,,
1573,1,7307,36,,1.0,2,1.0,4.0,40.0
1573,2,7307,35,,1.0,1,1.0,4.0,10.0
1573,3,7307,5,2.0,,2,,,
1573,4,7307,2,,,1,,,
1573,5,7307,69,,6.0,2,1.0,4.0,40.0
1574,1,7319,71,,,2,6.0,4.0,
1575,1,7311,48,,6.0,1,1.0,4.0,30.0
1575,2,7311,47,,,2,6.0,4.0,
1575,3,7311,16,13.0,,2,6.0,,
1576,1,7315,71,,2.0,1,6.0,4.0,
1577,1,7304,36,,7.0,1,1.0,4.0,70.0
1577,2,7304,36,,7.0,2,1.0,4.0,50.0
1578,1,7304,76,,,2,6.0,4.0,
1579,1,7308,66,,1.0,1,1.0,4.0,40.0
1579,2,7308,59,,,2,6.0,4.0,
1580,1,7301,61,,1.0,1,1.0,4.0,40.0
1580,2,7301,59,,1.0,2,1.0,4.0,36.0
1580,3,7301,30,15.0,2.0,1,1.0,4.0,40.0
1581,1,7307,32,,,2,6.0,4.0,
1581,2,7307,32,,2.0,1,1.0,4.0,40.0
1581,3,7307,16,12.0,,2,6.0,,
1581,4,7307,6,2.0,,1,,,
1582,1,7301,63,,3.0,2,6.0,4.0,
1582,2,7301,56,,6.0,1,1.0,2.0,40.0
1583,1,7318,72,,,2,6.0,4.0,
1583,2,7318,72,,,1,6.0,4.0,
1583,3,7318,32,,1.0,1,1.0,4.0,40.0
1583,4,7318,7,4.0,,2,,,
1583,5,7318,5,,,2,,,
1583,6,7318,28,15.0,,2,6.0,4.0,
1584,1,7320,48,,1.0,2,2.0,4.0,36.0
1584,2,7320,52,15.0,1.0,1,1.0,2.0,40.0
1584,3,7320,13,10.0,,1,,,
1585,1,7303,63,,7.0,1,1.0,2.0,40.0
1586,1,7307,45,,1.0,1,1.0,4.0,60.0
1586,2,7307,41,,3.0,2,1.0,4.0,40.0
1586,3,7307,22,,1.0,1,1.0,4.0,40.0
1586,4,7307,72,,,1,6.0,4.0,
1586,5,7307,68,,,2,6.0,4.0,
1587,1,7302,34,,6.0,2,1.0,4.0,30.0
1587,2,7302,7,4.0,,2,,,
1588,1,7306,56,,1.0,2,6.0,4.0,30.0
1588,2,7306,49,,6.0,1,1.0,4.0,40.0
1589,1,7312,48,,1.0,2,1.0,4.0,40.0
1589,2,7312,48,,2.0,1,1.0,4.0,40.0
1589,3,7312,25,,1.0,1,1.0,4.0,40.0
1589,4,7312,22,15.0,2.0,2,1.0,4.0,20.0
1590,1,7313,59,,1.0,2,2.0,4.0,40.0
1590,2,7313,63,,1.0,1,1.0,4.0,40.0
1591,1,7308,77,,,1,6.0,2.0,
1591,2,7308,76,,,2,6.0,4.0,
1592,1,7312,40,,1.0,2,1.0,4.0,45.0
1593,1,7316,26,,3.0,2,1.0,4.0,40.0
1594,1,7319,49,,3.0,1,1.0,2.0,10.0
1594,2,7319,52,,3.0,2,1.0,4.0,10.0
1594,3,7319,20,15.0,1.0,2,1.0,4.0,15.0
1595,1,7318,64,,3.0,1,1.0,2.0,40.0
1595,2,7318,43,,3.0,2,1.0,4.0,40.0
1595,3,7318,68,,3.0,2,6.0,4.0,
1596,1,7319,38,,7.0,1,1.0,4.0,48.0
1596,2,7319,74,,,2,6.0,4.0,
1597,1,7321,43,,1.0,1,1.0,2.0,48.0
1598,1,7311,56,,1.0,2,1.0,4.0,40.0
1599,1,7313,28,,3.0,2,1.0,4.0,36.0
1599,2,7313,32,,7.0,1,1.0,4.0,40.0
1599,3,7313,4,1.0,,1,,,
1599,4,7313,1,,,1,,,
1600,1,7309,39,,1.0,2,1.0,4.0,40.0
1600,2,7309,46,,6.0,1,3.0,4.0,
1601,1,7316,55,,1.0,2,1.0,4.0,40.0
1601,2,7316,32,,1.0,1,1.0,4.0,40.0
1601,3,7316,30,,1.0,1,1.0,4.0,40.0
1601,4,7316,15,12.0,,1,,,
1602,1,7311,44,,1.0,2,1.0,4.0,32.0
1602,2,7311,44,,1.0,1,1.0,4.0,40.0
1602,3,7311,11,8.0,,1,,,
1602,4,7311,8,5.0,,1,,,
1603,1,7309,38,,1.0,2,1.0,4.0,30.0
1604,1,7310,48,,4.0,2,1.0,4.0,40.0
1604,2,7310,50,,4.0,1,1.0,4.0,40.0
1604,3,7310,15,12.0,,2,,,
1604,4,7310,12,9.0,,1,,,
1605,1,7314,30,,5.0,2,4.0,1.0,40.0
1605,2,7314,28,,1.0,1,1.0,4.0,40.0
1606,1,7319,69,,,2,6.0,4.0,
1606,2,7319,74,,,1,6.0,2.0,
1606,3,7319,34,,3.0,1,1.0,4.0,40.0
1607,1,7310,65,,,2,6.0,4.0,
1608,1,7321,70,,,1,6.0,2.0,
1609,1,7316,31,,5.0,2,4.0,1.0,40.0
1609,2,7316,35,15.0,5.0,1,3.0,4.0,25.0
1609,3,7316,29,,1.0,1,3.0,4.0,12.0
1610,1,7313,72,,3.0,1,1.0,3.0,16.0
1611,1,7312,26,,1.0,2,1.0,4.0,40.0
1612,1,7313,41,,1.0,2,1.0,2.0,40.0
1612,2,7313,43,,1.0,1,1.0,4.0,40.0
1612,3,7313,16,13.0,,2,6.0,,
1612,4,7313,12,8.0,,2,,,
1613,1,7320,62,,1.0,1,6.0,4.0,40.0
1613,2,7320,58,,1.0,2,1.0,4.0,40.0
1613,3,7320,30,,1.0,2,1.0,4.0,20.0
1613,4,7320,8,4.0,,2,,,
1614,1,7316,51,,2.0,1,1.0,4.0,35.0
1615,1,7310,38,,1.0,2,1.0,4.0,35.0
1615,2,7310,39,,1.0,1,1.0,4.0,25.0
1616,1,7321,39,,6.0,2,1.0,4.0,30.0
1616,2,7321,17,15.0,9.0,1,3.0,4.0,
1617,1,7320,29,,9.0,2,3.0,4.0,
1618,1,7313,40,,1.0,1,1.0,4.0,40.0
1618,2,7313,47,,3.0,2,1.0,4.0,40.0
1618,3,7313,25,,1.0,1,1.0,4.0,40.0
1619,1,7311,36,,1.0,2,1.0,4.0,40.0
1620,1,7312,94,,,1,6.0,2.0,
1620,2,7312,87,,,2,6.0,4.0,
1620,3,7312,58,,1.0,1,1.0,4.0,40.0
1620,4,7312,51,,1.0,2,1.0,4.0,40.0
1621,1,7305,65,,,2,6.0,4.0,
1622,1,7302,25,,1.0,2,1.0,4.0,40.0
1622,2,7302,6,3.0,,1,,,
1622,3,7302,1,,,1,,,
1623,1,7319,35,,1.0,1,1.0,4.0,40.0
1623,2,7319,35,15.0,1.0,2,3.0,4.0,20.0
1623,3,7319,0,,,2,,,
1623,4,7319,62,,6.0,2,1.0,4.0,40.0
1624,1,7312,38,,1.0,1,1.0,4.0,35.0
1624,2,7312,29,,1.0,2,1.0,4.0,40.0
1625,1,7314,55,,1.0,2,1.0,4.0,24.0
1626,1,7321,70,,,2,6.0,4.0,
1626,2,7321,74,,,1,6.0,2.0,
1626,3,7321,51,,,2,6.0,4.0,
1626,4,7321,26,15.0,1.0,2,1.0,4.0,40.0
1626,5,7321,22,,1.0,2,1.0,4.0,30.0
1626,6,7321,47,,1.0,1,1.0,2.0,40.0
1627,1,7318,29,,3.0,2,1.0,4.0,42.0
1627,2,7318,8,4.0,,1,,,
1627,3,7318,52,,2.0,1,1.0,4.0,40.0
1627,4,7318,51,,,2,6.0,4.0,
1628,1,7303,21,,1.0,2,1.0,4.0,30.0
1628,2,7303,21,,5.0,1,4.0,1.0,40.0
1629,1,7309,61,,1.0,1,1.0,4.0,40.0
1629,2,7309,56,,1.0,2,1.0,4.0,40.0
1629,3,7309,16,12.0,,2,6.0,,
1630,1,7308,40,,2.0,1,1.0,4.0,40.0
1630,2,7308,35,,1.0,2,1.0,4.0,40.0
1631,1,7303,37,,1.0,2,1.0,4.0,55.0
1631,2,7303,48,,1.0,1,1.0,4.0,50.0
1631,3,7303,14,10.0,,2,,,
1631,4,7303,11,8.0,,1,,,
1632,1,7309,83,,,2,6.0,4.0,
1632,2,7309,78,,,2,6.0,4.0,
1632,3,7309,68,,6.0,1,6.0,2.0,
1633,1,7302,64,,1.0,1,1.0,4.0,40.0
1633,2,7302,59,,,2,6.0,4.0,
1634,1,7301,65,,6.0,2,1.0,4.0,20.0
1634,2,7301,69,,3.0,1,1.0,4.0,50.0
1634,3,7301,27,15.0,1.0,2,1.0,4.0,26.0
1634,4,7301,24,15.0,2.0,2,2.0,4.0,16.0
1634,5,7301,31,,1.0,1,1.0,4.0,40.0
1635,1,7318,58,,1.0,1,1.0,4.0,48.0
1635,2,7318,58,,1.0,2,1.0,4.0,40.0
1635,3,7318,20,,9.0,1,3.0,4.0,
1636,1,7312,23,16.0,,1,6.0,4.0,
1637,1,7314,68,,,1,6.0,4.0,
1637,2,7314,66,,,2,6.0,4.0,
1638,1,7308,61,,7.0,1,1.0,4.0,30.0
1638,2,7308,51,,1.0,2,3.0,4.0,
1638,3,7308,19,15.0,1.0,2,3.0,4.0,
1639,1,7317,38,,1.0,1,1.0,4.0,50.0
1639,2,7317,45,,1.0,1,3.0,4.0,40.0
1639,3,7317,25,,1.0,1,1.0,4.0,40.0
1640,1,7314,51,,6.0,1,1.0,2.0,60.0
1640,2,7314,48,,1.0,2,1.0,2.0,50.0
1640,3,7314,15,11.0,,1,,,
1641,1,7319,58,,1.0,1,1.0,2.0,40.0
1641,2,7319,60,,5.0,2,1.0,4.0,40.0
1642,1,7304,25,,1.0,2,1.0,4.0,18.0
1642,2,7304,32,,1.0,1,1.0,4.0,40.0
1642,3,7304,2,,,1,,,
1643,1,7302,50,,3.0,2,1.0,4.0,40.0
1644,1,7319,45,,6.0,2,1.0,4.0,20.0
1644,2,7319,46,,6.0,1,1.0,4.0,30.0
1644,3,7319,14,10.0,,1,,,
1644,4,7319,8,5.0,,2,,,
1645,1,7306,73,,1.0,1,1.0,2.0,40.0
1645,2,7306,67,,,2,6.0,4.0,
1646,1,7321,50,,1.0,2,6.0,4.0,
1646,2,7321,51,,3.0,1,1.0,4.0,40.0
1646,3,7321,18,15.0,3.0,2,3.0,4.0,30.0
1647,1,7322,55,,1.0,2,1.0,4.0,36.0
1647,2,7322,52,,1.0,1,1.0,4.0,48.0
1648,1,7308,74,,,2,6.0,4.0,
1648,2,7308,75,,,1,6.0,4.0,
1649,1,7303,38,,1.0,1,1.0,4.0,40.0
1649,2,7303,34,,6.0,2,1.0,4.0,32.0
1649,3,7303,11,8.0,,2,,,
1649,4,7303,5,1.0,,1,,,
1649,5,7303,65,,1.0,2,6.0,4.0,
1650,1,7302,54,,1.0,1,1.0,4.0,40.0
1650,2,7302,59,,1.0,2,6.0,4.0,
1651,1,7316,72,,4.0,2,6.0,4.0,
1652,1,7321,71,,1.0,1,1.0,4.0,16.0
1653,1,7302,56,,,2,6.0,4.0,
1653,2,7302,61,,1.0,2,3.0,4.0,
1653,3,7302,53,,1.0,2,1.0,4.0,40.0
1653,4,7302,30,,1.0,1,1.0,4.0,40.0
1653,5,7302,26,,1.0,2,6.0,4.0,
1653,6,7302,1,,,1,,,
1654,1,7321,34,,1.0,1,1.0,2.0,40.0
1654,2,7321,34,,2.0,2,1.0,4.0,40.0
1654,3,7321,21,,1.0,1,1.0,4.0,40.0
1655,1,7307,55,,6.0,1,1.0,4.0,40.0
1655,2,7307,54,,,2,6.0,4.0,
1655,3,7307,24,,1.0,1,1.0,4.0,20.0
1655,4,7307,21,,2.0,1,1.0,4.0,20.0
1655,5,7307,19,15.0,2.0,1,6.0,4.0,40.0
1655,6,7307,17,14.0,,2,6.0,4.0,
1655,7,7307,14,11.0,,1,,,
1655,8,7307,13,10.0,,1,,,
1655,9,7307,9,5.0,,2,,,
1656,1,7316,23,,7.0,1,1.0,4.0,45.0
1656,2,7316,26,16.0,1.0,1,1.0,4.0,40.0
1657,1,7311,63,,2.0,2,1.0,4.0,45.0
1657,2,7311,20,,1.0,2,1.0,4.0,40.0
1658,1,7305,74,,,2,6.0,4.0,
1658,2,7305,84,,,1,6.0,4.0,
1658,3,7305,53,,9.0,2,3.0,4.0,
1659,1,7301,74,,1.0,2,6.0,4.0,
1660,1,7306,36,,,2,6.0,4.0,
1660,2,7306,34,,,1,6.0,4.0,
1660,3,7306,17,,,2,6.0,4.0,
1660,4,7306,4,,,1,,,
1661,1,7307,66,,,1,6.0,4.0,
1661,2,7307,67,,1.0,1,1.0,2.0,40.0
1661,3,7307,55,,,2,6.0,4.0,
1661,4,7307,51,,,2,6.0,4.0,
1662,1,7310,71,,3.0,2,6.0,4.0,
1662,2,7310,69,,,1,6.0,4.0,
1663,1,7320,58,,5.0,1,3.0,4.0,40.0
1663,2,7320,55,,1.0,2,1.0,4.0,50.0
1663,3,7320,24,15.0,1.0,1,6.0,4.0,10.0
1664,1,7313,39,,1.0,1,1.0,4.0,30.0
1664,2,7313,37,,1.0,2,6.0,4.0,
1664,3,7313,16,12.0,9.0,2,3.0,,
1664,4,7313,15,12.0,,1,,,
1664,5,7313,12,9.0,,2,,,
1664,6,7313,12,9.0,,1,,,
1664,7,7313,10,7.0,,2,,,
1664,8,7313,2,,,1,,,
1665,1,7315,65,,1.0,2,6.0,4.0,30.0
1665,2,7315,17,13.0,1.0,1,1.0,4.0,20.0
1666,1,7301,28,16.0,1.0,2,1.0,4.0,46.0
1667,1,7310,65,,1.0,1,1.0,4.0,50.0
1667,2,7310,62,,2.0,2,1.0,4.0,28.0
1668,1,7304,47,15.0,1.0,1,1.0,4.0,40.0
1668,2,7304,53,,1.0,2,1.0,2.0,40.0
1669,1,7309,77,,,1,6.0,4.0,
1669,2,7309,76,,,2,6.0,4.0,
1670,1,7302,28,,,2,6.0,4.0,
1670,2,7302,32,,1.0,1,1.0,4.0,40.0
1670,3,7302,10,8.0,,1,,,
1670,4,7302,7,3.0,,1,,,
1670,5,7302,3,,,1,,,
1671,1,7306,58,,3.0,2,1.0,4.0,50.0
1671,2,7306,63,,1.0,1,1.0,4.0,40.0
1671,3,7306,24,,1.0,1,1.0,4.0,40.0
1672,1,7314,66,,1.0,2,1.0,4.0,40.0
1672,2,7314,64,,2.0,2,6.0,4.0,
1672,3,7314,21,,,1,6.0,4.0,
1672,4,7314,75,,6.0,1,1.0,2.0,25.0
1673,1,7312,69,,1.0,1,1.0,4.0,40.0
1673,2,7312,67,,1.0,2,6.0,4.0,
1673,3,7312,34,,1.0,1,1.0,4.0,40.0
1674,1,7315,43,,1.0,2,1.0,4.0,24.0
1675,1,7320,43,,7.0,1,1.0,4.0,54.0
1675,2,7320,42,,1.0,2,6.0,4.0,
1675,3,7320,18,15.0,1.0,2,1.0,4.0,12.0
1675,4,7320,12,9.0,,2,,,
1675,5,7320,8,4.0,,1,,,
1676,1,7310,77,,4.0,2,6.0,4.0,
1676,2,7310,80,,4.0,1,1.0,4.0,75.0
1677,1,7316,69,,4.0,2,6.0,4.0,
1677,2,7316,45,,1.0,2,1.0,4.0,40.0
1678,1,7310,36,,6.0,2,1.0,4.0,32.0
1678,2,7310,41,,1.0,1,1.0,4.0,48.0
1678,3,7310,2,,,1,,,
1678,4,7310,0,,,1,,,
1679,1,7311,38,,3.0,2,2.0,4.0,40.0
1679,2,7311,40,,1.0,1,2.0,4.0,60.0
1679,3,7311,0,,,2,,,
1679,4,7311,33,,1.0,2,1.0,4.0,38.0
1680,1,7308,66,,1.0,1,6.0,2.0,
1680,2,7308,63,,,2,6.0,4.0,
1681,1,7316,22,,1.0,2,1.0,4.0,30.0
1681,2,7316,25,,5.0,1,4.0,1.0,40.0
1682,1,7321,71,,4.0,1,6.0,2.0,
1683,1,7318,50,,1.0,2,1.0,4.0,40.0
1683,2,7318,50,,1.0,1,1.0,4.0,40.0
1683,3,7318,20,15.0,,1,6.0,4.0,
1684,1,7315,37,,3.0,2,2.0,4.0,45.0
1684,2,7315,38,,1.0,1,1.0,4.0,40.0
1684,3,7315,8,5.0,,2,,,
1684,4,7315,5,1.0,,1,,,
1684,5,7315,3,1.0,,2,,,
1685,1,7320,60,,1.0,1,1.0,4.0,55.0
1686,1,7322,59,,1.0,1,1.0,2.0,40.0
1686,2,7322,28,15.0,1.0,1,1.0,4.0,20.0
1686,3,7322,24,15.0,1.0,1,1.0,4.0,30.0
1686,4,7322,0,,,2,,,
1686,5,7322,21,,1.0,2,1.0,4.0,40.0
1687,1,7319,34,,5.0,2,4.0,1.0,40.0
1687,2,7319,33,,5.0,1,1.0,4.0,40.0
1687,3,7319,3,,,1,,,
1687,4,7319,2,,,1,,,
1688,1,7309,57,,6.0,2,1.0,4.0,40.0
1689,1,7313,72,,,1,6.0,2.0,
1689,2,7313,47,,1.0,2,1.0,4.0,50.0
1689,3,7313,38,,,1,6.0,4.0,
1689,4,7313,11,8.0,,1,,,
1690,1,7301,25,,5.0,1,4.0,1.0,50.0
1690,2,7301,25,,1.0,2,1.0,4.0,40.0
1691,1,7302,69,,,1,6.0,4.0,
1691,2,7302,62,,,2,6.0,4.0,
1691,3,7302,39,,,1,6.0,4.0,
1692,1,7315,89,,,1,6.0,2.0,
1692,2,7315,88,,,2,6.0,4.0,
1693,1,7304,28,,1.0,1,1.0,4.0,25.0
1693,2,7304,24,,1.0,2,1.0,4.0,40.0
1694,1,7304,39,,,1,6.0,4.0,
1694,2,7304,47,,1.0,2,3.0,4.0,15.0
1694,3,7304,23,15.0,1.0,1,1.0,4.0,40.0
1695,1,7306,94,,4.0,2,1.0,4.0,40.0
1696,1,7306,46,,1.0,2,1.0,4.0,30.0
1696,2,7306,47,,1.0,1,1.0,4.0,40.0
1696,3,7306,25,15.0,1.0,2,1.0,4.0,34.0
1696,4,7306,15,11.0,,2,,,
1697,1,7302,48,,1.0,2,1.0,4.0,28.0
1697,2,7302,69,,1.0,1,1.0,4.0,40.0
1697,3,7302,68,,1.0,2,1.0,4.0,40.0
1698,1,7311,35,,1.0,2,1.0,4.0,14.0
1699,1,7313,32,15.0,1.0,1,1.0,4.0,50.0
1699,2,7313,32,,1.0,2,2.0,2.0,45.0
1699,3,7313,3,1.0,,2,,,
1700,1,7308,83,,,2,6.0,4.0,
1700,2,7308,56,,2.0,1,3.0,4.0,40.0
1701,1,7313,56,,2.0,2,1.0,4.0,40.0
1701,2,7313,59,,1.0,1,1.0,4.0,32.0
1702,1,7307,35,,7.0,1,1.0,4.0,40.0
1702,2,7307,36,,1.0,2,6.0,4.0,
1702,3,7307,10,6.0,,2,,,
1702,4,7307,6,2.0,,1,,,
1702,5,7307,2,,,1,,,
1703,1,7312,29,,1.0,1,1.0,4.0,40.0
1703,2,7312,24,15.0,1.0,2,1.0,4.0,10.0
1704,1,7307,65,,7.0,2,1.0,4.0,6.0
1704,2,7307,63,,1.0,1,1.0,2.0,5.0
1705,1,7309,94,,,2,6.0,4.0,
1706,1,7310,38,,4.0,2,1.0,4.0,50.0
1706,2,7310,38,,4.0,1,1.0,4.0,60.0
1706,3,7310,2,,,1,,,
1707,1,7306,49,,1.0,2,1.0,4.0,40.0
1707,2,7306,19,,1.0,1,1.0,4.0,40.0
1708,1,7316,40,,6.0,2,1.0,4.0,30.0
1709,1,7305,77,,,1,6.0,4.0,
1709,2,7305,72,,,2,6.0,4.0,
1710,1,7314,29,,1.0,1,1.0,4.0,35.0
1710,2,7314,28,,1.0,2,1.0,4.0,40.0
1711,1,7305,61,,1.0,1,1.0,4.0,40.0
1711,2,7305,58,,6.0,2,1.0,4.0,6.0
1712,1,7309,63,,4.0,2,1.0,4.0,30.0
1712,2,7309,60,,1.0,1,1.0,4.0,45.0
1712,3,7309,30,,4.0,1,1.0,4.0,20.0
1713,1,7318,36,,1.0,1,1.0,4.0,36.0
1713,2,7318,33,,1.0,2,1.0,4.0,36.0
1713,3,7318,1,,,1,,,
1714,1,7318,40,,1.0,2,1.0,4.0,40.0
1714,2,7318,13,9.0,,2,,,
1714,3,7318,8,6.0,,2,,,
1715,1,7301,77,15.0,,2,6.0,4.0,
1716,1,7308,52,,7.0,1,1.0,4.0,60.0
1717,1,7302,56,,6.0,2,1.0,4.0,40.0
1718,1,7307,67,,,2,6.0,4.0,
1718,2,7307,25,,1.0,2,1.0,4.0,40.0
1718,3,7307,5,2.0,,1,,,
1719,1,7316,33,,,2,6.0,4.0,
1719,2,7316,14,11.0,,2,,,
1719,3,7316,11,8.0,,2,,,
1719,4,7316,7,4.0,,1,,,
1719,5,7316,4,,,1,,,
1719,6,7316,2,,,1,,,
1720,1,7318,30,16.0,5.0,2,1.0,4.0,40.0
1720,2,7318,30,,5.0,1,1.0,2.0,60.0
1720,3,7318,12,9.0,,2,,,
1720,4,7318,51,,1.0,2,1.0,4.0,6.0
1721,1,7318,34,,1.0,1,1.0,4.0,60.0
1721,2,7318,33,,1.0,2,1.0,4.0,40.0
1721,3,7318,11,8.0,,1,,,
1721,4,7318,8,4.0,,1,,,
1721,5,7318,6,3.0,,2,,,
1721,6,7318,69,,,2,6.0,2.0,
1722,1,7308,59,,5.0,1,1.0,4.0,40.0
1723,1,7314,31,,1.0,1,1.0,4.0,40.0
1723,2,7314,72,,1.0,2,1.0,4.0,34.0
1723,3,7314,30,,9.0,1,3.0,4.0,
1723,4,7314,28,15.0,1.0,1,1.0,4.0,40.0
1724,1,7317,41,,1.0,2,1.0,4.0,40.0
1724,2,7317,22,,3.0,1,3.0,4.0,25.0
1724,3,7317,18,15.0,,2,6.0,4.0,
1724,4,7317,8,5.0,,2,,,
1725,1,7310,52,,1.0,2,1.0,4.0,30.0
1725,2,7310,17,14.0,,1,6.0,4.0,
1726,1,7320,31,,1.0,1,1.0,4.0,35.0
1726,2,7320,35,,1.0,1,1.0,4.0,60.0
1727,1,7301,28,15.0,3.0,2,1.0,4.0,8.0
1727,2,7301,9,6.0,,1,,,
1727,3,7301,0,,,2,,,
1728,1,7321,58,,2.0,1,1.0,4.0,40.0
1728,2,7321,57,,2.0,2,1.0,4.0,40.0
1728,3,7321,27,,1.0,1,1.0,4.0,40.0
1728,4,7321,23,,1.0,1,1.0,4.0,40.0
1728,5,7321,21,15.0,1.0,2,1.0,4.0,12.0
1728,6,7321,14,11.0,,1,,,
1728,7,7321,57,,1.0,2,1.0,4.0,50.0
1729,1,7305,63,,7.0,1,1.0,4.0,40.0
1729,2,7305,55,,7.0,2,1.0,4.0,25.0
1729,3,7305,18,15.0,,1,6.0,4.0,
1730,1,7310,53,,6.0,1,1.0,4.0,25.0
1731,1,7312,39,,1.0,1,1.0,4.0,50.0
1731,2,7312,37,,1.0,2,6.0,4.0,3.0
1732,1,7305,27,,2.0,2,1.0,4.0,40.0
1732,2,7305,30,,1.0,1,1.0,4.0,40.0
1733,1,7301,51,,,1,6.0,4.0,
1733,2,7301,52,,,2,6.0,4.0,
1733,3,7301,15,10.0,,2,,,
1733,4,7301,12,8.0,,1,,,
1733,5,7301,70,,,2,6.0,4.0,
1734,1,7309,72,,,1,6.0,4.0,
1734,2,7309,68,,,2,6.0,4.0,
1734,3,7309,42,,6.0,2,1.0,4.0,70.0
1734,4,7309,15,11.0,,2,,,
1735,1,7303,29,,1.0,2,1.0,4.0,30.0
1735,2,7303,30,,1.0,1,1.0,4.0,90.0
1735,3,7303,2,,,1,,,
1736,1,7301,65,,,1,6.0,4.0,
1736,2,7301,63,,,2,6.0,4.0,
1737,1,7321,53,,3.0,2,1.0,4.0,40.0
1738,1,7318,63,,1.0,2,1.0,4.0,40.0
1739,1,7317,71,,9.0,2,3.0,4.0,
1739,2,7317,39,,6.0,2,1.0,4.0,5.0
1740,1,7312,45,,1.0,2,1.0,4.0,40.0
1740,2,7312,19,15.0,6.0,2,1.0,4.0,10.0
1740,3,7312,18,15.0,3.0,2,1.0,4.0,20.0
1741,1,7313,49,,5.0,1,1.0,2.0,72.0
1741,2,7313,52,15.0,1.0,2,1.0,4.0,36.0
1741,3,7313,20,15.0,1.0,1,1.0,4.0,20.0
1741,4,7313,18,15.0,,1,6.0,4.0,
1742,1,7303,29,,1.0,1,1.0,4.0,40.0
1742,2,7303,4,1.0,,1,,,
1742,3,7303,53,,1.0,1,1.0,4.0,40.0
1743,1,7310,29,16.0,2.0,2,1.0,4.0,20.0
1744,1,7309,46,,1.0,1,1.0,4.0,40.0
1744,2,7309,40,,1.0,2,1.0,4.0,40.0
1744,3,7309,13,10.0,,2,,,
1744,4,7309,10,7.0,,2,,,
1744,5,7309,9,5.0,,1,,,
1745,1,7316,30,,2.0,2,1.0,4.0,36.0
1746,1,7321,79,,,2,6.0,4.0,
1747,1,7308,57,,1.0,2,1.0,4.0,40.0
1747,2,7308,59,,6.0,1,1.0,4.0,40.0
1748,1,7313,65,,9.0,2,3.0,4.0,
1748,2,7313,26,15.0,1.0,1,6.0,4.0,
1749,1,7312,23,15.0,1.0,1,6.0,4.0,
1750,1,7322,52,,1.0,1,1.0,4.0,40.0
1751,1,7304,41,,1.0,2,1.0,4.0,42.0
1751,2,7304,17,13.0,1.0,2,1.0,4.0,15.0
1752,1,7302,64,,,2,6.0,4.0,
1752,2,7302,69,,,1,6.0,2.0,
1753,1,7301,47,,1.0,1,1.0,2.0,60.0
1754,1,7302,61,,,1,6.0,2.0,
1754,2,7302,58,,,2,6.0,4.0,
1755,1,7309,76,,,1,6.0,2.0,
1755,2,7309,35,,1.0,2,2.0,4.0,20.0
1755,3,7309,3,,,2,,,
1755,4,7309,0,,,2,,,
1755,5,7309,34,,1.0,1,6.0,4.0,
1756,1,7313,23,,1.0,2,1.0,4.0,35.0
1757,1,7314,27,,5.0,1,4.0,1.0,40.0
1757,2,7314,29,15.0,5.0,2,1.0,2.0,40.0
1757,3,7314,2,,,1,,,
1757,4,7314,1,,,2,,,
1758,1,7310,49,,2.0,2,6.0,4.0,
1758,2,7310,17,14.0,1.0,2,1.0,4.0,15.0
1759,1,7317,38,,1.0,2,1.0,4.0,40.0
1759,2,7317,20,15.0,1.0,2,1.0,4.0,32.0
1759,3,7317,17,14.0,,2,6.0,4.0,
1759,4,7317,10,7.0,,1,,,
1760,1,7302,70,,,1,6.0,4.0,
1761,1,7309,47,,1.0,1,1.0,4.0,48.0
1761,2,7309,48,,,2,6.0,4.0,
1761,3,7309,10,6.0,,1,,,
1761,4,7309,7,3.0,,2,,,
1762,1,7318,59,,1.0,1,1.0,2.0,40.0
1762,2,7318,58,,1.0,2,1.0,4.0,40.0
1763,1,7314,71,,,1,6.0,4.0,
1763,2,7314,56,,,2,6.0,4.0,
1764,1,7313,43,,5.0,1,4.0,1.0,50.0
1764,2,7313,42,,1.0,2,1.0,4.0,50.0
1764,3,7313,6,3.0,,2,,,
1765,1,7312,31,,1.0,1,1.0,4.0,60.0
1765,2,7312,36,15.0,1.0,1,1.0,4.0,32.0
1766,1,7309,68,,6.0,1,1.0,4.0,40.0
1766,2,7309,61,,,2,6.0,4.0,
1767,1,7304,85,,,2,6.0,4.0,
1768,1,7307,52,15.0,1.0,1,1.0,4.0,30.0
1768,2,7307,46,,1.0,2,1.0,4.0,15.0
1768,3,7307,21,15.0,1.0,2,1.0,4.0,25.0
1768,4,7307,13,10.0,,2,,,
1768,5,7307,78,,,2,6.0,4.0,
1769,1,7318,36,,5.0,1,1.0,2.0,40.0
1770,1,7316,41,,1.0,1,1.0,4.0,40.0
1770,2,7316,41,,1.0,1,1.0,4.0,45.0
1771,1,7317,52,,1.0,1,1.0,4.0,23.0
1771,2,7317,47,,1.0,2,1.0,4.0,25.0
1771,3,7317,21,15.0,,2,6.0,4.0,
1771,4,7317,20,15.0,,1,6.0,4.0,
1771,5,7317,17,14.0,,2,6.0,4.0,
1771,6,7317,15,12.0,,2,,,
1771,7,7317,15,12.0,,1,,,
1771,8,7317,12,10.0,,1,,,
1771,9,7317,10,8.0,,2,,,
1771,10,7317,6,5.0,,1,,,
1771,11,7317,5,2.0,,1,,,
1772,1,7310,89,,,1,6.0,2.0,
1772,2,7310,86,,,2,6.0,4.0,
1773,1,7321,74,,1.0,1,6.0,2.0,
1773,2,7321,72,,,2,6.0,4.0,
1774,1,7307,46,,,2,6.0,4.0,
1774,2,7307,49,,5.0,1,1.0,2.0,40.0
1774,3,7307,17,13.0,9.0,1,3.0,4.0,
1775,1,7310,29,,5.0,1,1.0,2.0,40.0
1776,1,7310,41,,7.0,1,1.0,4.0,50.0
1776,2,7310,38,,1.0,2,1.0,4.0,40.0
1776,3,7310,8,4.0,,2,,,
1776,4,7310,6,2.0,,2,,,
1776,5,7310,3,1.0,,2,,,
1777,1,7303,35,,1.0,1,1.0,4.0,40.0
1777,2,7303,34,,,2,6.0,4.0,
1777,3,7303,4,1.0,,1,,,
1777,4,7303,2,,,1,,,
1778,1,7315,62,,1.0,2,1.0,4.0,40.0
1779,1,7301,22,,5.0,1,4.0,1.0,40.0
1779,2,7301,21,,1.0,2,1.0,4.0,40.0
1780,1,7321,69,,5.0,2,6.0,2.0,
1781,1,7315,78,,,2,6.0,4.0,
1782,1,7307,57,,,2,6.0,4.0,
1782,2,7307,54,,2.0,1,1.0,4.0,40.0
1782,3,7307,27,,1.0,2,1.0,4.0,40.0
1782,4,7307,0,,,2,,,
1782,5,7307,34,,1.0,1,1.0,2.0,40.0
1783,1,7310,55,,1.0,1,1.0,2.0,65.0
1784,1,7315,60,,1.0,1,1.0,4.0,55.0
1784,2,7315,52,,1.0,2,6.0,4.0,
1784,3,7315,27,15.0,5.0,2,6.0,2.0,
1785,1,7316,36,,1.0,1,1.0,4.0,50.0
1785,2,7316,38,,1.0,2,1.0,4.0,2.0
1785,3,7316,3,,,2,,,
1785,4,7316,1,,,2,,,
1786,1,7310,25,,5.0,2,4.0,1.0,40.0
1786,2,7310,0,,,2,,,
1787,1,7316,32,,1.0,2,1.0,4.0,42.0
1787,2,7316,33,,1.0,1,1.0,4.0,45.0
1788,1,7304,50,,6.0,1,1.0,4.0,50.0
1788,2,7304,48,,1.0,2,1.0,4.0,40.0
1789,1,7315,49,,1.0,1,1.0,4.0,35.0
1789,2,7315,50,,,2,6.0,4.0,
1789,3,7315,23,15.0,,1,6.0,4.0,
1789,4,7315,21,15.0,,2,6.0,4.0,
1789,5,7315,18,15.0,,1,6.0,4.0,
1790,1,7310,42,,1.0,2,1.0,4.0,30.0
1790,2,7310,56,,7.0,1,1.0,4.0,30.0
1791,1,7318,56,,7.0,2,1.0,4.0,60.0
1791,2,7318,59,,,1,6.0,4.0,
1791,3,7318,31,,1.0,2,1.0,4.0,40.0
1792,1,7321,48,,1.0,2,1.0,4.0,60.0
1792,2,7321,37,,1.0,1,1.0,4.0,30.0
1792,3,7321,82,,,2,6.0,4.0,
1793,1,7304,74,,,2,6.0,4.0,
1794,1,7311,42,,1.0,1,1.0,4.0,50.0
1795,1,7303,40,,,2,6.0,4.0,
1795,2,7303,51,,,1,6.0,4.0,
1795,3,7303,22,,1.0,2,1.0,4.0,40.0
1796,1,7322,85,,,2,6.0,4.0,
1797,1,7314,56,,,2,6.0,4.0,
1798,1,7320,45,,6.0,2,1.0,4.0,40.0
1798,2,7320,48,16.0,1.0,1,1.0,4.0,40.0
1798,3,7320,18,15.0,1.0,2,1.0,4.0,20.0
1798,4,7320,34,,1.0,2,1.0,4.0,40.0
1798,5,7320,9,5.0,,2,,,
1798,6,7320,9,5.0,,2,,,
1799,1,7319,39,,3.0,2,1.0,4.0,40.0
1799,2,7319,39,,1.0,1,1.0,2.0,40.0
1799,3,7319,14,11.0,,2,,,
1799,4,7319,1,,,2,,,
1800,1,7314,51,,1.0,1,1.0,4.0,50.0
1800,2,7314,49,,1.0,2,1.0,4.0,40.0
1800,3,7314,9,6.0,,2,,,
1800,4,7314,7,4.0,,2,,,
1801,1,7314,35,,1.0,1,1.0,4.0,30.0
1801,2,7314,35,,,2,6.0,4.0,
1802,1,7321,36,,4.0,2,1.0,4.0,40.0
1802,2,7321,8,4.0,,1,,,
1803,1,7317,35,,1.0,2,6.0,4.0,
1803,2,7317,34,,1.0,1,1.0,4.0,50.0
1803,3,7317,2,,,2,,,
1804,1,7318,75,,,1,6.0,4.0,
1804,2,7318,72,,,2,6.0,4.0,
1804,3,7318,38,,1.0,2,1.0,4.0,40.0
1804,4,7318,11,7.0,,2,,,
1804,5,7318,74,,,1,6.0,4.0,
1805,1,7313,58,,5.0,1,1.0,2.0,40.0
1805,2,7313,54,15.0,5.0,2,1.0,2.0,40.0
1805,3,7313,20,15.0,1.0,1,1.0,4.0,40.0
1806,1,7310,65,,4.0,1,1.0,4.0,40.0
1806,2,7310,63,,3.0,2,6.0,4.0,
1807,1,7308,79,,,1,6.0,4.0,
1807,2,7308,79,,,2,6.0,4.0,
1808,1,7304,65,16.0,6.0,2,1.0,4.0,25.0
1808,2,7304,56,,,2,6.0,4.0,
1809,1,7302,28,,5.0,1,4.0,1.0,16.0
1809,2,7302,27,15.0,5.0,1,4.0,1.0,60.0
1810,1,7314,48,,5.0,1,1.0,2.0,40.0
1810,2,7314,44,,6.0,2,1.0,4.0,40.0
1810,3,7314,24,15.0,,1,6.0,4.0,
1810,4,7314,16,12.0,,1,6.0,,
1811,1,7318,67,,1.0,1,1.0,4.0,45.0
1811,2,7318,68,,,2,6.0,4.0,
1812,1,7318,37,,1.0,2,1.0,4.0,21.0
1812,2,7318,17,14.0,1.0,1,1.0,4.0,25.0
1812,3,7318,12,9.0,,1,,,
1812,4,7318,8,4.0,,2,,,
1812,5,7318,1,,,2,,,
1813,1,7316,35,,1.0,2,1.0,4.0,40.0
1813,2,7316,36,,1.0,1,1.0,4.0,40.0
1814,1,7306,48,,1.0,1,1.0,4.0,40.0
1814,2,7306,47,,,2,6.0,4.0,
1814,3,7306,24,15.0,,1,6.0,4.0,
1814,4,7306,21,15.0,,1,6.0,4.0,
1814,5,7306,15,12.0,,2,,,
1815,1,7301,49,,2.0,2,1.0,4.0,50.0
1815,2,7301,59,,,1,6.0,4.0,
1816,1,7301,64,,6.0,1,1.0,2.0,60.0
1816,2,7301,63,,1.0,2,1.0,4.0,40.0
1816,3,7301,44,,9.0,1,3.0,4.0,
1817,1,7321,70,,1.0,2,1.0,4.0,12.0
1817,2,7321,35,15.0,3.0,1,1.0,4.0,40.0
1818,1,7310,89,,,1,6.0,2.0,
1818,2,7310,67,,,2,6.0,4.0,
1819,1,7319,62,,6.0,1,6.0,4.0,35.0
1819,2,7319,55,,,2,6.0,4.0,
1820,1,7309,36,,1.0,2,1.0,4.0,50.0
1820,2,7309,36,,6.0,1,1.0,4.0,50.0
1820,3,7309,11,6.0,,2,,,
1820,4,7309,8,4.0,,1,,,
1821,1,7304,52,,1.0,1,1.0,4.0,40.0
1822,1,7317,33,,5.0,2,1.0,4.0,40.0
1822,2,7317,40,,1.0,1,1.0,4.0,40.0
1823,1,7315,49,,5.0,1,1.0,4.0,40.0
1823,2,7315,45,,1.0,2,1.0,4.0,40.0
1824,1,7309,54,,1.0,1,1.0,4.0,24.0
1825,1,7319,63,,1.0,1,2.0,4.0,50.0
1825,2,7319,65,,,2,6.0,4.0,
1825,3,7319,11,8.0,,2,,,
1825,4,7319,8,5.0,,1,,,
1826,1,7305,80,,4.0,1,1.0,2.0,65.0
1826,2,7305,46,15.0,,2,6.0,4.0,
1826,3,7305,19,15.0,1.0,2,6.0,4.0,20.0
1827,1,7317,48,,1.0,2,1.0,4.0,45.0
1827,2,7317,27,,1.0,2,1.0,4.0,40.0
1827,3,7317,2,,,1,,,
1828,1,7319,64,,2.0,1,1.0,4.0,48.0
1828,2,7319,59,,,2,6.0,4.0,
1828,3,7319,94,,,2,6.0,4.0,
1828,4,7319,65,,,2,6.0,4.0,
1829,1,7307,53,,1.0,2,1.0,4.0,50.0
1829,2,7307,62,,6.0,1,1.0,4.0,40.0
1830,1,7308,64,,1.0,1,1.0,4.0,50.0
1830,2,7308,62,,4.0,2,1.0,4.0,50.0
1830,3,7308,29,,1.0,1,1.0,4.0,30.0
1831,1,7310,40,,5.0,1,4.0,1.0,40.0
1831,2,7310,42,,2.0,2,1.0,4.0,40.0
1831,3,7310,14,10.0,,1,,,
1831,4,7310,11,8.0,,2,,,
1832,1,7317,40,,1.0,1,6.0,4.0,
1832,2,7317,48,,1.0,2,1.0,4.0,20.0
1833,1,7318,39,,2.0,2,1.0,4.0,40.0
1833,2,7318,41,,3.0,1,1.0,4.0,30.0
1833,3,7318,7,4.0,,1,,,
1833,4,7318,4,1.0,,2,,,
1834,1,7320,52,,6.0,2,1.0,4.0,36.0
1834,2,7320,23,16.0,,1,6.0,4.0,
1835,1,7306,60,,,2,6.0,4.0,
1835,2,7306,27,,1.0,1,1.0,4.0,40.0
1835,3,7306,24,,,2,6.0,4.0,
1836,1,7322,33,,1.0,1,1.0,4.0,40.0
1836,2,7322,35,,,2,6.0,4.0,
1836,3,7322,17,13.0,,2,6.0,4.0,
1836,4,7322,12,9.0,,1,,,
1836,5,7322,9,5.0,,1,,,
1836,6,7322,4,1.0,,2,,,
1836,7,7322,2,,,2,,,
1836,8,7322,0,,,2,,,
1837,1,7302,21,,1.0,1,1.0,4.0,40.0
1837,2,7302,21,,1.0,2,1.0,4.0,40.0
1838,1,7310,48,,1.0,1,1.0,2.0,40.0
1839,1,7316,36,,1.0,2,1.0,4.0,50.0
1840,1,7309,58,,1.0,1,1.0,4.0,55.0
1840,2,7309,55,,4.0,2,1.0,4.0,30.0
1841,1,7311,64,,7.0,1,1.0,4.0,80.0
1841,2,7311,49,,1.0,2,1.0,4.0,40.0
1841,3,7311,19,,1.0,1,6.0,4.0,30.0
1841,4,7311,19,15.0,1.0,1,3.0,4.0,20.0
1842,1,7321,65,,2.0,2,6.0,4.0,
1842,2,7321,63,,1.0,2,1.0,4.0,40.0
1842,3,7321,31,,2.0,2,1.0,4.0,40.0
1842,4,7321,59,,9.0,2,3.0,4.0,
1843,1,7301,37,,1.0,1,1.0,4.0,40.0
1843,2,7301,40,,1.0,2,6.0,4.0,
1843,3,7301,14,11.0,,1,,,
1843,4,7301,12,9.0,,2,,,
1843,5,7301,7,3.0,,2,,,
1844,1,7309,84,,,1,6.0,3.0,
1845,1,7302,49,,7.0,2,1.0,4.0,35.0
1845,2,7302,50,,6.0,1,1.0,4.0,35.0
1845,3,7302,18,,6.0,1,1.0,4.0,25.0
1846,1,7303,54,,1.0,2,1.0,4.0,30.0
1846,2,7303,53,,6.0,1,1.0,4.0,60.0
1846,3,7303,22,15.0,,1,6.0,4.0,
1847,1,7311,69,,6.0,1,1.0,3.0,20.0
1847,2,7311,67,,,2,6.0,4.0,
1848,1,7321,59,,1.0,1,6.0,4.0,
1848,2,7321,60,,1.0,2,1.0,4.0,38.0
1848,3,7321,23,,1.0,2,1.0,4.0,48.0
1848,4,7321,20,,1.0,1,1.0,4.0,40.0
1849,1,7313,61,,1.0,2,1.0,4.0,40.0
1849,2,7313,26,,1.0,2,1.0,4.0,25.0
1850,1,7321,70,,1.0,2,6.0,4.0,
1850,2,7321,72,,1.0,1,1.0,2.0,70.0
1851,1,7314,34,,1.0,2,1.0,4.0,45.0
1851,2,7314,36,16.0,5.0,1,4.0,1.0,50.0
1852,1,7310,48,,,1,6.0,4.0,
1853,1,7322,39,,1.0,1,1.0,4.0,40.0
1853,2,7322,71,,,2,6.0,4.0,
1853,3,7322,65,,1.0,1,1.0,4.0,50.0
1854,1,7319,65,,,1,6.0,2.0,
1854,2,7319,61,,3.0,2,6.0,4.0,
1855,1,7322,38,,1.0,1,1.0,4.0,40.0
1855,2,7322,38,,1.0,2,1.0,4.0,25.0
1855,3,7322,15,11.0,,2,,,
1855,4,7322,9,5.0,,2,,,
1856,1,7313,72,,3.0,2,1.0,4.0,10.0
1857,1,7315,33,,1.0,1,1.0,4.0,80.0
1857,2,7315,37,,2.0,2,1.0,4.0,60.0
1858,1,7309,52,,1.0,2,1.0,4.0,37.0
1858,2,7309,53,,,1,6.0,4.0,
1859,1,7309,56,,2.0,2,1.0,4.0,60.0
1859,2,7309,56,,1.0,1,1.0,4.0,40.0
1859,3,7309,24,15.0,2.0,1,1.0,4.0,45.0
1859,4,7309,17,14.0,,1,6.0,4.0,
1860,1,7303,66,,3.0,2,1.0,4.0,30.0
1861,1,7315,70,,,1,6.0,4.0,
1862,1,7310,41,,1.0,1,1.0,4.0,50.0
1862,2,7310,43,,4.0,2,1.0,4.0,55.0
1862,3,7310,4,1.0,,2,,,
1862,4,7310,2,,,2,,,
1863,1,7314,63,,4.0,2,1.0,4.0,5.0
1863,2,7314,65,,6.0,1,1.0,4.0,35.0
1864,1,7308,64,,1.0,2,6.0,4.0,
1865,1,7308,47,,1.0,1,1.0,4.0,40.0
1865,2,7308,43,,1.0,2,2.0,4.0,30.0
1865,3,7308,16,13.0,2.0,2,6.0,,15.0
1865,4,7308,11,,,1,,,
1866,1,7313,65,,7.0,1,1.0,4.0,52.0
1867,1,7319,48,16.0,3.0,2,3.0,2.0,
1867,2,7319,17,14.0,1.0,1,1.0,4.0,15.0
1868,1,7321,74,,,1,6.0,2.0,
1868,2,7321,73,,,2,6.0,4.0,
1868,3,7321,30,,3.0,1,1.0,4.0,42.0
1868,4,7321,4,1.0,,2,,,
1868,5,7321,31,,1.0,2,1.0,4.0,40.0
1869,1,7310,87,,,1,6.0,4.0,
1869,2,7310,84,,,2,6.0,4.0,
1870,1,7301,67,,1.0,2,6.0,2.0,
1870,2,7301,72,,,1,6.0,2.0,
1871,1,7318,52,,1.0,1,1.0,4.0,40.0
1872,1,7310,66,,,1,6.0,4.0,
1873,1,7319,25,,6.0,2,1.0,4.0,20.0
1873,2,7319,66,,,1,6.0,4.0,
1873,3,7319,61,,,2,6.0,4.0,
1874,1,7316,41,16.0,1.0,2,1.0,4.0,40.0
1874,2,7316,43,,1.0,1,1.0,4.0,60.0
1875,1,7314,88,,,1,6.0,2.0,
1875,2,7314,83,,,2,6.0,4.0,
1876,1,7309,43,,1.0,1,1.0,4.0,50.0
1876,2,7309,41,,5.0,2,1.0,4.0,40.0
1876,3,7309,10,7.0,,2,,,
1876,4,7309,9,5.0,,1,,,
1876,5,7309,84,,,2,6.0,4.0,
1877,1,7310,61,,2.0,2,1.0,4.0,40.0
1878,1,7314,45,,4.0,1,1.0,4.0,40.0
1878,2,7314,39,,6.0,1,1.0,4.0,50.0
1879,1,7306,33,,1.0,2,6.0,4.0,
1879,2,7306,39,,1.0,1,6.0,4.0,
1880,1,7308,83,,,2,6.0,4.0,
1881,1,7307,67,,4.0,2,6.0,4.0,40.0
1881,2,7307,72,,,1,6.0,3.0,
1882,1,7303,69,,6.0,1,1.0,4.0,40.0
1883,1,7319,60,,7.0,1,1.0,4.0,55.0
1883,2,7319,42,,7.0,2,1.0,4.0,20.0
1883,3,7319,22,,7.0,1,1.0,4.0,20.0
1883,4,7319,21,,7.0,1,1.0,4.0,20.0
1883,5,7319,18,15.0,,1,6.0,4.0,
1883,6,7319,13,10.0,,2,,,
1884,1,7319,78,,,2,6.0,4.0,
1885,1,7307,75,,,1,6.0,2.0,
1885,2,7307,71,,1.0,2,1.0,4.0,32.0
1885,3,7307,51,,6.0,1,3.0,4.0,40.0
1885,4,7307,28,,1.0,1,1.0,4.0,34.0
1886,1,7312,20,15.0,4.0,1,6.0,4.0,15.0
1886,2,7312,20,15.0,4.0,1,6.0,4.0,5.0
1886,3,7312,20,15.0,,2,6.0,4.0,
1886,4,7312,20,15.0,,1,6.0,4.0,
1887,1,7309,53,,1.0,1,1.0,4.0,40.0
1887,2,7309,54,,,2,6.0,4.0,
1887,3,7309,15,11.0,,1,,,
1888,1,7302,43,,1.0,1,1.0,2.0,80.0
1888,2,7302,43,,6.0,2,1.0,4.0,25.0
1888,3,7302,5,1.0,,1,,,
1888,4,7302,61,,1.0,2,6.0,4.0,
1888,5,7302,44,,1.0,1,1.0,4.0,40.0
1889,1,7307,62,,1.0,1,1.0,4.0,40.0
1889,2,7307,50,,2.0,2,1.0,4.0,40.0
1890,1,7316,31,,1.0,2,1.0,4.0,38.0
1890,2,7316,33,,3.0,2,1.0,4.0,40.0
1890,3,7316,35,,3.0,2,1.0,4.0,40.0
1891,1,7309,46,,7.0,2,1.0,4.0,36.0
1891,2,7309,46,,7.0,1,1.0,4.0,48.0
1892,1,7322,86,,,2,6.0,4.0,
1892,2,7322,44,,1.0,1,6.0,4.0,
1892,3,7322,22,15.0,1.0,1,1.0,4.0,32.0
1892,4,7322,19,15.0,1.0,1,1.0,4.0,40.0
1893,1,7313,63,,2.0,1,1.0,4.0,40.0
1893,2,7313,50,,2.0,2,1.0,4.0,40.0
1893,3,7313,31,,1.0,2,1.0,4.0,40.0
1893,4,7313,14,11.0,,2,,,
1893,5,7313,54,,2.0,2,1.0,4.0,40.0
1894,1,7318,55,,1.0,2,6.0,4.0,
1894,2,7318,57,,1.0,1,1.0,3.0,40.0
1894,3,7318,31,,4.0,2,1.0,4.0,12.0
1894,4,7318,30,,,1,6.0,4.0,
1894,5,7318,24,15.0,9.0,1,3.0,4.0,
1895,1,7301,68,,1.0,2,1.0,4.0,40.0
1895,2,7301,72,,3.0,1,1.0,4.0,40.0
1896,1,7305,56,,1.0,1,1.0,4.0,40.0
1896,2,7305,47,,1.0,2,3.0,4.0,
1896,3,7305,25,,1.0,2,1.0,4.0,20.0
1896,4,7305,18,15.0,,2,6.0,4.0,
1897,1,7311,21,15.0,1.0,1,1.0,4.0,22.0
1897,2,7311,17,14.0,,2,6.0,4.0,
1897,3,7311,15,11.0,,2,,,
1897,4,7311,49,,1.0,1,1.0,4.0,40.0
1897,5,7311,48,,1.0,2,1.0,4.0,40.0
1898,1,7315,34,,1.0,2,1.0,4.0,40.0
1898,2,7315,49,,1.0,1,1.0,4.0,35.0
1898,3,7315,4,1.0,,1,,,
1898,4,7315,1,,,1,,,
1899,1,7310,30,,1.0,1,1.0,4.0,45.0
1900,1,7322,40,16.0,3.0,1,1.0,4.0,40.0
1901,1,7302,40,,,2,6.0,4.0,
1901,2,7302,18,15.0,,2,6.0,4.0,
1901,3,7302,7,4.0,,2,,,
1902,1,7306,64,,6.0,2,1.0,4.0,40.0
1902,2,7306,70,,,1,6.0,4.0,
1902,3,7306,45,,1.0,1,1.0,4.0,40.0
1903,1,7303,74,,,1,6.0,4.0,
1903,2,7303,67,,,2,6.0,4.0,
1904,1,7317,31,,1.0,1,1.0,4.0,40.0
1904,2,7317,30,,1.0,2,1.0,4.0,40.0
1904,3,7317,5,2.0,,1,,,
1904,4,7317,3,1.0,,1,,,
1905,1,7314,72,15.0,,2,6.0,4.0,
1906,1,7303,46,,1.0,1,1.0,4.0,40.0
1907,1,7319,54,,3.0,2,1.0,4.0,36.0
1907,2,7319,45,,7.0,1,1.0,4.0,50.0
1907,3,7319,14,11.0,,2,,,
1907,4,7319,10,7.0,,1,,,
1908,1,7303,72,,,1,6.0,2.0,
1909,1,7310,50,,7.0,1,1.0,4.0,70.0
1909,2,7310,45,,4.0,2,1.0,4.0,50.0
1909,3,7310,9,5.0,,1,,,
1909,4,7310,5,2.0,,2,,,
1910,1,7304,43,,1.0,1,1.0,4.0,40.0
1910,2,7304,41,,3.0,2,1.0,4.0,40.0
1910,3,7304,7,4.0,,2,,,
1910,4,7304,4,1.0,,2,,,
1911,1,7316,50,,4.0,2,1.0,4.0,45.0
1912,1,7313,66,,1.0,1,1.0,4.0,50.0
1912,2,7313,62,,,2,6.0,4.0,
1912,3,7313,28,,1.0,1,1.0,4.0,7.0
1913,1,7303,32,16.0,5.0,1,4.0,1.0,55.0
1913,2,7303,32,,1.0,2,1.0,4.0,40.0
1914,1,7317,29,,1.0,1,1.0,2.0,40.0
1914,2,7317,24,,1.0,2,1.0,4.0,40.0
1914,3,7317,29,,1.0,1,1.0,4.0,40.0
1915,1,7310,25,15.0,1.0,2,1.0,4.0,38.0
1915,2,7310,27,,1.0,1,1.0,4.0,47.0
1916,1,7315,40,,1.0,1,1.0,4.0,45.0
1917,1,7313,80,,,2,6.0,4.0,
1918,1,7302,60,,,1,6.0,4.0,
1918,2,7302,63,,1.0,2,6.0,4.0,
1919,1,7309,46,,1.0,1,1.0,4.0,40.0
1919,2,7309,46,,4.0,2,1.0,4.0,40.0
1919,3,7309,16,13.0,,1,6.0,,
1920,1,7303,47,,1.0,2,1.0,4.0,46.0
1921,1,7310,57,,,2,6.0,2.0,
1921,2,7310,61,,1.0,1,1.0,2.0,40.0
1921,3,7310,5,2.0,,1,,,
1922,1,7307,49,,6.0,1,1.0,4.0,50.0
1922,2,7307,47,,8.0,2,6.0,2.0,50.0
1923,1,7320,73,,,2,6.0,4.0,
1923,2,7320,71,,,1,6.0,4.0,
1924,1,7308,44,,5.0,1,1.0,4.0,40.0
1924,2,7308,37,,,2,6.0,4.0,
1924,3,7308,7,3.0,,2,,,
1924,4,7308,5,2.0,,1,,,
1925,1,7302,94,,,1,6.0,2.0,
1925,2,7302,80,,,2,6.0,4.0,
1926,1,7310,71,,1.0,1,1.0,4.0,40.0
1926,2,7310,69,,1.0,2,1.0,4.0,30.0
1927,1,7310,76,,,2,6.0,4.0,
1927,2,7310,79,,,1,6.0,4.0,
1927,3,7310,50,,1.0,2,1.0,4.0,60.0
1927,4,7310,80,,,1,6.0,4.0,
1928,1,7318,48,,6.0,1,1.0,4.0,45.0
1928,2,7318,41,,,2,6.0,4.0,
1928,3,7318,20,15.0,1.0,2,1.0,4.0,40.0
1928,4,7318,19,15.0,2.0,2,6.0,4.0,
1928,5,7318,13,7.0,,1,,,
1929,1,7302,61,,7.0,1,1.0,4.0,50.0
1929,2,7302,63,,1.0,2,1.0,4.0,40.0
1929,3,7302,27,,1.0,2,3.0,4.0,12.0
1930,1,7303,76,,,1,6.0,2.0,
1930,2,7303,73,,1.0,2,1.0,4.0,17.0
1930,3,7303,31,,6.0,1,1.0,4.0,32.0
1930,4,7303,26,,1.0,2,1.0,4.0,24.0
1930,5,7303,55,,1.0,1,1.0,4.0,40.0
1930,6,7303,47,,7.0,1,1.0,4.0,40.0
1930,7,7303,29,,1.0,2,1.0,4.0,37.0
1931,1,7317,33,,2.0,1,1.0,4.0,48.0
1931,2,7317,38,,1.0,2,1.0,4.0,28.0
1931,3,7317,11,8.0,,1,,,
1931,4,7317,9,6.0,,1,,,
1931,5,7317,29,,1.0,2,3.0,4.0,20.0
1932,1,7301,36,,1.0,2,1.0,4.0,42.0
1932,2,7301,12,9.0,,2,,,
1932,3,7301,9,5.0,,1,,,
1933,1,7315,58,,3.0,2,1.0,4.0,40.0
1933,2,7315,57,,,1,6.0,4.0,
1934,1,7319,75,,,1,6.0,4.0,
1934,2,7319,72,,,2,6.0,4.0,
1935,1,7319,53,,1.0,2,1.0,2.0,50.0
1935,2,7319,44,,1.0,1,1.0,4.0,43.0
1936,1,7301,19,,1.0,1,1.0,4.0,40.0
1936,2,7301,56,,1.0,1,6.0,4.0,40.0
1936,3,7301,56,,,1,6.0,4.0,
1936,4,7301,54,,1.0,2,1.0,4.0,38.0
1936,5,7301,54,,1.0,2,1.0,4.0,40.0
1937,1,7321,75,,,1,6.0,2.0,
1937,2,7321,83,,,2,6.0,4.0,
1937,3,7321,13,9.0,,1,,,
1937,4,7321,4,1.0,,1,,,
1937,5,7321,42,,1.0,2,1.0,4.0,32.0
1937,6,7321,60,,,1,6.0,3.0,
1938,1,7320,66,,3.0,1,6.0,4.0,
1938,2,7320,64,,,2,6.0,4.0,
1939,1,7308,31,,1.0,1,1.0,4.0,40.0
1939,2,7308,26,,1.0,2,1.0,4.0,40.0
1940,1,7310,60,,1.0,1,1.0,4.0,45.0
1941,1,7317,40,,1.0,2,1.0,4.0,40.0
1942,1,7302,74,,3.0,1,6.0,2.0,
1942,2,7302,84,,,2,6.0,4.0,
1943,1,7306,62,,,1,6.0,4.0,
1944,1,7310,63,,5.0,1,1.0,4.0,44.0
1945,1,7321,49,,1.0,1,1.0,4.0,50.0
1945,2,7321,50,,1.0,2,1.0,4.0,25.0
1945,3,7321,29,,1.0,1,1.0,4.0,40.0
1946,1,7310,61,,,2,6.0,4.0,
1946,2,7310,61,,5.0,1,6.0,4.0,
1947,1,7309,51,,,1,6.0,4.0,
1947,2,7309,48,,1.0,2,1.0,4.0,20.0
1947,3,7309,22,,1.0,2,1.0,4.0,30.0
1948,1,7317,51,,2.0,1,1.0,4.0,40.0
1948,2,7317,45,,1.0,1,1.0,4.0,40.0
1949,1,7318,45,15.0,1.0,1,1.0,4.0,30.0
1950,1,7313,36,,1.0,1,1.0,4.0,50.0
1950,2,7313,36,,3.0,2,1.0,4.0,32.0
1950,3,7313,3,,,2,,,
1951,1,7320,31,,1.0,1,1.0,2.0,40.0
1952,1,7318,74,,,2,6.0,4.0,
1953,1,7303,57,,1.0,2,1.0,4.0,40.0
1954,1,7319,65,,4.0,2,1.0,4.0,40.0
1954,2,7319,24,15.0,3.0,1,3.0,4.0,40.0
1955,1,7305,65,,1.0,1,1.0,2.0,42.0
1956,1,7308,62,,5.0,1,1.0,2.0,40.0
1956,2,7308,65,,1.0,2,2.0,4.0,40.0
1956,3,7308,37,,6.0,2,1.0,4.0,30.0
1957,1,7320,61,,1.0,2,1.0,4.0,40.0
1957,2,7320,31,,9.0,1,3.0,4.0,
1958,1,7318,27,,3.0,2,1.0,4.0,40.0
1958,2,7318,28,,1.0,1,1.0,4.0,40.0
1959,1,7303,29,,2.0,2,1.0,4.0,21.0
1960,1,7316,57,,3.0,2,1.0,4.0,35.0
1960,2,7316,54,,1.0,1,3.0,4.0,
1960,3,7316,33,,1.0,1,1.0,4.0,36.0
1960,4,7316,31,15.0,3.0,2,1.0,2.0,40.0
1960,5,7316,27,,1.0,1,1.0,3.0,50.0
1961,1,7302,34,,1.0,1,1.0,4.0,40.0
1961,2,7302,33,,,2,6.0,4.0,
1961,3,7302,15,13.0,,1,,,
1961,4,7302,13,10.0,,1,,,
1961,5,7302,8,5.0,,2,,,
1962,1,7303,64,,1.0,1,6.0,4.0,
1962,2,7303,59,,6.0,2,1.0,4.0,22.0
1962,3,7303,25,15.0,2.0,2,1.0,4.0,40.0
1963,1,7309,64,,1.0,1,1.0,2.0,55.0
1963,2,7309,70,,6.0,2,6.0,4.0,
1964,1,7314,31,,1.0,2,1.0,4.0,40.0
1964,2,7314,32,,5.0,1,4.0,1.0,40.0
1964,3,7314,3,,,1,,,
1965,1,7314,46,,1.0,2,1.0,4.0,40.0
1965,2,7314,45,,7.0,1,1.0,4.0,40.0
1965,3,7314,16,14.0,9.0,2,3.0,,
1965,4,7314,14,11.0,,1,,,
1965,5,7314,10,7.0,,2,,,
1965,6,7314,4,,,1,,,
1965,7,7314,4,,,1,,,
1966,1,7321,83,,,2,6.0,4.0,
1966,2,7321,49,,1.0,1,1.0,4.0,40.0
1966,3,7321,55,,6.0,1,1.0,4.0,40.0
1966,4,7321,51,,1.0,2,1.0,4.0,40.0
1967,1,7301,43,,3.0,1,1.0,4.0,40.0
1967,2,7301,37,,3.0,2,6.0,4.0,
1967,3,7301,5,2.0,,1,,,
1967,4,7301,1,,,1,,,
1968,1,7314,64,,5.0,2,1.0,4.0,40.0
1968,2,7314,69,,,1,6.0,4.0,
1968,3,7314,17,14.0,,1,6.0,4.0,
1968,4,7314,15,12.0,,1,,,
1969,1,7310,70,,3.0,2,6.0,4.0,
1970,1,7317,68,,,2,6.0,4.0,
1971,1,7313,41,15.0,1.0,2,1.0,4.0,40.0
1971,2,7313,42,,5.0,1,4.0,1.0,40.0
1971,3,7313,24,15.0,2.0,2,6.0,4.0,
1971,4,7313,18,15.0,1.0,2,1.0,4.0,20.0
1971,5,7313,16,13.0,,2,6.0,,
1971,6,7313,0,,,2,,,
1971,7,7313,25,,5.0,1,6.0,2.0,40.0
1972,1,7311,63,,4.0,1,1.0,4.0,40.0
1972,2,7311,62,,1.0,2,1.0,4.0,40.0
1973,1,7306,57,,1.0,2,1.0,4.0,27.0
1974,1,7302,46,,,2,6.0,4.0,
1974,2,7302,44,,1.0,1,1.0,4.0,90.0
1974,3,7302,14,11.0,,2,,,
1974,4,7302,13,9.0,,2,,,
1974,5,7302,11,8.0,,1,,,
1974,6,7302,8,5.0,,1,,,
1974,7,7302,54,,,1,6.0,4.0,
1974,8,7302,38,,1.0,1,6.0,4.0,40.0
1974,9,7302,77,,1.0,2,6.0,4.0,
1975,1,7318,63,,,1,6.0,4.0,
1975,2,7318,50,,1.0,2,1.0,4.0,40.0
1975,3,7318,15,12.0,,1,,,
1975,4,7318,13,10.0,,1,,,
1976,1,7317,24,16.0,2.0,1,1.0,4.0,50.0
1976,2,7317,26,16.0,2.0,2,1.0,4.0,50.0
1977,1,7312,22,15.0,1.0,2,1.0,4.0,5.0
1977,2,7312,22,15.0,1.0,2,1.0,4.0,15.0
1978,1,7316,83,,,2,6.0,4.0,
1979,1,7306,38,,1.0,2,1.0,4.0,80.0
1980,1,7312,77,,9.0,1,3.0,2.0,
1981,1,7304,41,,1.0,1,1.0,4.0,45.0
1981,2,7304,41,,2.0,2,1.0,4.0,45.0
1981,3,7304,11,7.0,,2,,,
1981,4,7304,9,5.0,,1,,,
1982,1,7315,40,,2.0,2,1.0,4.0,42.0
1982,2,7315,40,,1.0,1,1.0,4.0,40.0
1983,1,7312,65,,1.0,1,1.0,4.0,40.0
1983,2,7312,30,15.0,1.0,1,1.0,2.0,10.0
1983,3,7312,28,,1.0,2,1.0,4.0,25.0
1984,1,7307,72,,2.0,2,1.0,4.0,30.0
1984,2,7307,47,,1.0,1,1.0,4.0,40.0
1984,3,7307,26,,1.0,1,6.0,4.0,
1985,1,7313,47,,1.0,2,1.0,4.0,40.0
1985,2,7313,43,,1.0,1,1.0,4.0,50.0
1985,3,7313,12,9.0,,1,,,
1985,4,7313,10,7.0,,2,,,
1986,1,7315,69,,6.0,1,1.0,4.0,40.0
1987,1,7315,82,,,2,6.0,4.0,
1987,2,7315,56,,,2,6.0,4.0,
1988,1,7315,57,,2.0,2,1.0,4.0,36.0
1989,1,7314,43,,1.0,1,1.0,4.0,34.0
1989,2,7314,41,,3.0,2,1.0,4.0,40.0
1989,3,7314,9,6.0,,2,,,
1989,4,7314,8,4.0,,1,,,
1989,5,7314,5,1.0,,1,,,
1990,1,7304,59,,,1,6.0,4.0,
1990,2,7304,57,,,2,6.0,4.0,
1991,1,7308,59,,6.0,1,1.0,4.0,40.0
1991,2,7308,27,,1.0,2,2.0,4.0,1.0
1991,3,7308,18,14.0,1.0,2,1.0,4.0,1.0
1992,1,7307,49,,1.0,1,1.0,4.0,40.0
1992,2,7307,14,10.0,,2,,,
1992,3,7307,58,,,2,6.0,4.0,
1992,4,7307,86,,,1,6.0,4.0,
1992,5,7307,64,,1.0,2,6.0,4.0,
1993,1,7305,60,,2.0,2,1.0,4.0,40.0
1994,1,7309,73,,,2,6.0,4.0,
1994,2,7309,71,,,1,6.0,2.0,
1995,1,7313,35,,6.0,2,1.0,4.0,40.0
1995,2,7313,42,,8.0,1,6.0,4.0,
1995,3,7313,1,,,1,,,
1996,1,7310,35,,4.0,2,1.0,4.0,40.0
1996,2,7310,40,16.0,1.0,1,1.0,4.0,40.0
1996,3,7310,0,,,2,,,
1997,1,7317,40,,1.0,1,1.0,4.0,55.0
1997,2,7317,40,,1.0,2,1.0,4.0,40.0
1997,3,7317,5,,,1,,,
1997,4,7317,3,,,1,,,
1998,1,7317,81,,,1,6.0,4.0,
1998,2,7317,20,15.0,2.0,2,1.0,4.0,4.0
1998,3,7317,18,15.0,1.0,1,1.0,4.0,22.0
1998,4,7317,17,13.0,,2,6.0,4.0,
1998,5,7317,15,11.0,,1,,,
1998,6,7317,13,10.0,,1,,,
1999,1,7304,76,,,1,6.0,4.0,
1999,2,7304,69,,,2,6.0,4.0,
2000,1,7317,32,,1.0,2,1.0,4.0,40.0
2000,2,7317,31,,1.0,1,1.0,4.0,40.0
2000,3,7317,15,12.0,,2,,,
2000,4,7317,12,9.0,,1,,,
2000,5,7317,8,4.0,,2,,,
2000,6,7317,3,,,1,,,
2001,1,7322,41,,,1,6.0,4.0,
2001,2,7322,43,,,1,6.0,4.0,
2001,3,7322,73,,,2,6.0,4.0,
2002,1,7311,50,,1.0,2,1.0,4.0,50.0
2002,2,7311,62,,,1,6.0,4.0,
2002,3,7311,31,,1.0,1,1.0,4.0,40.0
2002,4,7311,7,3.0,,2,,,
2002,5,7311,5,2.0,,2,,,
2002,6,7311,30,,,2,6.0,4.0,
2003,1,7302,58,,1.0,1,1.0,4.0,40.0
2003,2,7302,59,,1.0,2,6.0,4.0,
2003,3,7302,28,,1.0,2,1.0,4.0,32.0
2003,4,7302,20,,,2,6.0,4.0,
2003,5,7302,88,,,2,6.0,4.0,
2003,6,7302,26,,1.0,1,1.0,4.0,40.0
2003,7,7302,45,,1.0,1,1.0,4.0,32.0
2003,8,7302,25,,1.0,1,1.0,4.0,1.0
2004,1,7302,41,,1.0,2,2.0,4.0,40.0
2004,2,7302,15,12.0,,2,,,
2004,3,7302,8,5.0,,1,,,
2005,1,7319,70,,,1,6.0,4.0,
2005,2,7319,72,,,2,6.0,4.0,
2006,1,7303,84,,,1,6.0,2.0,
2007,1,7301,58,,2.0,1,1.0,4.0,40.0
2007,2,7301,56,,2.0,2,1.0,4.0,40.0
2007,3,7301,24,,,1,6.0,4.0,
2007,4,7301,23,16.0,1.0,2,1.0,4.0,16.0
2008,1,7318,67,,5.0,1,6.0,2.0,
2008,2,7318,66,,,2,6.0,4.0,
2008,3,7318,19,15.0,1.0,1,6.0,4.0,
2009,1,7322,59,,,1,6.0,4.0,
2009,2,7322,61,,1.0,2,6.0,4.0,
2010,1,7309,50,,,2,6.0,4.0,
2010,2,7309,20,15.0,1.0,2,1.0,4.0,20.0
2010,3,7309,16,12.0,,2,6.0,,
2011,1,7322,57,,1.0,1,1.0,4.0,52.0
2011,2,7322,45,15.0,,2,6.0,4.0,
2012,1,7314,51,,6.0,1,1.0,4.0,30.0
2012,2,7314,61,,1.0,2,6.0,4.0,
2013,1,7304,57,,6.0,1,1.0,4.0,50.0
2013,2,7304,55,,,2,6.0,4.0,
2014,1,7306,64,,4.0,2,6.0,4.0,
2014,2,7306,64,,,1,6.0,2.0,
2014,3,7306,34,,1.0,1,3.0,4.0,8.0
2014,4,7306,11,7.0,,1,,,
2014,5,7306,10,6.0,,2,,,
2015,1,7316,27,15.0,5.0,1,4.0,1.0,45.0
2016,1,7310,55,,2.0,2,1.0,2.0,36.0
2016,2,7310,58,,1.0,1,1.0,4.0,56.0
2017,1,7303,83,,,2,6.0,4.0,
2018,1,7301,43,,4.0,1,1.0,4.0,40.0
2018,2,7301,40,,3.0,2,1.0,4.0,40.0
2018,3,7301,7,4.0,,2,,,
2018,4,7301,6,2.0,,2,,,
2018,5,7301,3,,,2,,,
2019,1,7306,28,15.0,,1,6.0,2.0,
2020,1,7321,69,,1.0,2,6.0,4.0,
2021,1,7306,69,,1.0,1,6.0,4.0,
2021,2,7306,46,,1.0,2,1.0,4.0,25.0
2021,3,7306,25,,1.0,1,1.0,4.0,38.0
2021,4,7306,24,,1.0,1,1.0,4.0,30.0
2021,5,7306,22,,1.0,1,1.0,4.0,30.0
2022,1,7321,46,16.0,3.0,2,1.0,4.0,40.0
2022,2,7321,53,,3.0,1,1.0,2.0,40.0
2022,3,7321,10,7.0,,2,,,
2022,4,7321,8,5.0,,2,,,
2023,1,7315,27,,5.0,2,1.0,2.0,50.0
2024,1,7311,69,,,1,6.0,4.0,
2024,2,7311,70,,,2,6.0,4.0,
2024,3,7311,38,,1.0,1,1.0,4.0,50.0
2025,1,7312,34,,1.0,1,1.0,4.0,40.0
2025,2,7312,34,,1.0,1,1.0,4.0,36.0
2025,3,7312,30,,1.0,1,1.0,4.0,40.0
2025,4,7312,26,,1.0,1,1.0,4.0,40.0
2026,1,7318,22,,,1,6.0,4.0,
2027,1,7310,47,,5.0,1,4.0,1.0,40.0
2027,2,7310,52,,2.0,2,1.0,4.0,40.0
2027,3,7310,22,15.0,1.0,2,1.0,4.0,40.0
2027,4,7310,16,12.0,,2,6.0,,
2027,5,7310,25,,1.0,1,1.0,4.0,40.0
2028,1,7315,66,,1.0,2,1.0,4.0,40.0
2029,1,7317,61,,1.0,1,1.0,4.0,50.0
2029,2,7317,48,,1.0,2,1.0,4.0,45.0
2030,1,7313,66,,,2,6.0,4.0,
2030,2,7313,41,,,1,6.0,4.0,
2030,3,7313,37,,2.0,1,1.0,4.0,20.0
2031,1,7314,51,,1.0,2,1.0,4.0,40.0
2031,2,7314,54,,5.0,1,1.0,4.0,40.0
2031,3,7314,14,10.0,,1,,,
2032,1,7316,38,,7.0,2,1.0,4.0,40.0
2032,2,7316,37,16.0,4.0,1,1.0,2.0,40.0
2033,1,7317,35,,1.0,1,1.0,4.0,42.0
2034,1,7303,79,,,1,6.0,2.0,
2034,2,7303,68,,1.0,2,3.0,4.0,32.0
2034,3,7303,40,,1.0,1,1.0,4.0,40.0
2034,4,7303,13,9.0,,1,,,
2034,5,7303,10,7.0,,1,,,
2035,1,7303,39,,3.0,1,1.0,4.0,40.0
2035,2,7303,46,,1.0,2,1.0,4.0,40.0
2035,3,7303,12,9.0,,1,,,
2035,4,7303,8,5.0,,2,,,
2036,1,7310,68,,,2,6.0,4.0,
2036,2,7310,19,15.0,,2,6.0,4.0,
2036,3,7310,47,,1.0,2,6.0,4.0,
2036,4,7310,19,15.0,,1,6.0,4.0,
2037,1,7315,38,,1.0,2,1.0,4.0,50.0
2037,2,7315,41,,1.0,1,1.0,4.0,45.0
2037,3,7315,6,2.0,,2,,,
2038,1,7322,75,,,1,6.0,4.0,
2038,2,7322,67,,,2,6.0,4.0,
2039,1,7322,32,15.0,1.0,2,6.0,4.0,
2039,2,7322,33,,1.0,1,1.0,4.0,72.0
2039,3,7322,4,,,2,,,
2039,4,7322,4,,,1,,,
2040,1,7313,45,,5.0,1,1.0,4.0,40.0
2040,2,7313,43,,2.0,2,1.0,4.0,40.0
2040,3,7313,21,,1.0,2,1.0,4.0,20.0
2040,4,7313,0,,,1,,,
2040,5,7313,26,,3.0,1,1.0,4.0,50.0
2041,1,7301,73,,1.0,2,1.0,4.0,36.0
2042,1,7318,47,,2.0,1,1.0,4.0,42.0
2042,2,7318,74,,,2,6.0,4.0,
2042,3,7318,67,,,1,6.0,4.0,
2043,1,7301,62,,4.0,2,6.0,4.0,
2044,1,7301,27,,5.0,1,4.0,1.0,75.0
2044,2,7301,26,,2.0,2,1.0,4.0,50.0
2045,1,7311,68,,5.0,1,6.0,2.0,
2045,2,7311,68,,1.0,2,1.0,4.0,6.0
2046,1,7302,61,,5.0,1,1.0,4.0,40.0
2046,2,7302,47,,1.0,2,1.0,4.0,40.0
2046,3,7302,9,6.0,,2,,,
2046,4,7302,3,,,2,,,
2047,1,7315,26,,1.0,2,3.0,4.0,40.0
2048,1,7302,61,,1.0,1,1.0,4.0,60.0
2048,2,7302,60,,6.0,2,6.0,4.0,2.0
2049,1,7303,41,,1.0,1,1.0,4.0,40.0
2049,2,7303,36,,,2,6.0,4.0,
2049,3,7303,19,,1.0,2,1.0,4.0,35.0
2049,4,7303,17,13.0,1.0,1,1.0,4.0,35.0
2049,5,7303,12,,,2,,,
2049,6,7303,9,6.0,,1,,,
2050,1,7310,65,,,1,6.0,4.0,
2050,2,7310,70,,2.0,2,1.0,4.0,40.0
2050,3,7310,32,,1.0,1,1.0,4.0,36.0
2051,1,7318,50,,1.0,2,1.0,4.0,40.0
2051,2,7318,28,15.0,1.0,2,1.0,4.0,18.0
2051,3,7318,26,,1.0,1,1.0,4.0,40.0
2052,1,7319,59,,3.0,1,1.0,4.0,40.0
2052,2,7319,59,,3.0,2,1.0,4.0,40.0
2052,3,7319,26,,1.0,1,1.0,4.0,5.0
2053,1,7318,70,,,2,6.0,4.0,
2053,2,7318,78,,,1,6.0,2.0,
2054,1,7312,57,,,2,6.0,4.0,
2054,2,7312,79,,,2,6.0,4.0,
2055,1,7319,33,,8.0,1,6.0,2.0,
2055,2,7319,3,,,1,,,
2056,1,7302,88,,,2,6.0,4.0,
2057,1,7317,19,15.0,1.0,1,1.0,4.0,35.0
2057,2,7317,19,15.0,1.0,1,6.0,4.0,20.0
2058,1,7301,37,,7.0,1,1.0,4.0,50.0
2058,2,7301,36,,1.0,2,1.0,4.0,5.0
2058,3,7301,14,11.0,,2,,,
2058,4,7301,10,7.0,,2,,,
2058,5,7301,8,4.0,,2,,,
2059,1,7303,75,,1.0,2,6.0,4.0,60.0
2060,1,7318,73,,,1,6.0,2.0,
2060,2,7318,60,,,2,6.0,4.0,
2060,3,7318,32,,2.0,2,1.0,4.0,40.0
2060,4,7318,6,4.0,,1,,,
2060,5,7318,3,1.0,,2,,,
2060,6,7318,38,,1.0,1,1.0,4.0,40.0
2060,7,7318,41,,,2,6.0,4.0,
2060,8,7318,36,,2.0,2,1.0,4.0,40.0
2060,9,7318,33,,2.0,1,1.0,4.0,40.0
2060,10,7318,11,5.0,,2,,,
2060,11,7318,5,1.0,,2,,,
2061,1,7304,94,,,2,6.0,4.0,
2062,1,7321,47,15.0,5.0,1,1.0,4.0,40.0
2063,1,7317,18,15.0,1.0,2,6.0,4.0,15.0
2063,2,7317,18,15.0,1.0,2,3.0,4.0,
2063,3,7317,18,15.0,1.0,2,6.0,4.0,
2064,1,7315,42,,2.0,1,1.0,4.0,40.0
2064,2,7315,32,,6.0,2,1.0,4.0,4.0
2065,1,7314,49,,5.0,1,1.0,4.0,50.0
2065,2,7314,52,,1.0,1,1.0,4.0,40.0
2065,3,7314,42,15.0,1.0,2,1.0,4.0,40.0
2065,4,7314,8,5.0,,1,,,
2065,5,7314,5,3.0,,2,,,
2065,6,7314,2,,,1,,,
2066,1,7301,80,,,2,6.0,4.0,
2067,1,7307,73,,,1,6.0,4.0,
2068,1,7311,67,,1.0,1,1.0,4.0,50.0
2068,2,7311,63,,1.0,2,1.0,4.0,30.0
2069,1,7307,68,,1.0,2,6.0,4.0,15.0
2069,2,7307,68,,,1,6.0,4.0,
2070,1,7301,22,15.0,5.0,1,4.0,1.0,45.0
2071,1,7301,39,,1.0,2,1.0,4.0,40.0
2071,2,7301,42,,1.0,1,1.0,4.0,45.0
2071,3,7301,21,15.0,1.0,1,1.0,4.0,30.0
2071,4,7301,19,,1.0,2,1.0,4.0,40.0
2071,5,7301,16,13.0,1.0,1,1.0,,16.0
2071,6,7301,38,,4.0,1,1.0,4.0,40.0
2072,1,7317,40,,6.0,1,1.0,4.0,40.0
2072,2,7317,35,,1.0,2,1.0,4.0,24.0
2072,3,7317,11,8.0,,1,,,
2072,4,7317,10,6.0,,2,,,
2072,5,7317,7,4.0,,1,,,
2072,6,7317,5,2.0,,2,,,
2073,1,7313,32,16.0,,2,6.0,4.0,
2073,2,7313,34,16.0,5.0,1,1.0,4.0,50.0
2073,3,7313,7,2.0,,1,,,
2073,4,7313,5,2.0,,1,,,
2074,1,7306,40,,1.0,1,1.0,4.0,30.0
2074,2,7306,0,,,2,,,
2075,1,7308,62,,6.0,2,1.0,4.0,30.0
2075,2,7308,59,,1.0,1,1.0,4.0,45.0
2076,1,7319,45,,1.0,1,1.0,2.0,50.0
2076,2,7319,47,16.0,3.0,2,6.0,4.0,30.0
2076,3,7319,9,5.0,,2,,,
2077,1,7320,72,,6.0,1,1.0,4.0,20.0
2077,2,7320,54,,,2,6.0,4.0,
2078,1,7311,69,,,1,6.0,4.0,
2078,2,7311,62,,,2,6.0,4.0,
2079,1,7302,63,,4.0,2,6.0,4.0,40.0
2080,1,7306,61,,1.0,1,1.0,4.0,45.0
2080,2,7306,57,,,2,6.0,4.0,
2080,3,7306,17,14.0,1.0,2,1.0,4.0,10.0
2081,1,7315,42,,3.0,1,1.0,4.0,40.0
2081,2,7315,42,,2.0,2,2.0,4.0,40.0
2081,3,7315,0,,,2,,,
2082,1,7307,70,,,2,6.0,4.0,
2082,2,7307,62,,1.0,1,1.0,2.0,40.0
2082,3,7307,38,,1.0,2,3.0,4.0,40.0
2082,4,7307,62,,1.0,1,1.0,2.0,52.0
2082,5,7307,30,,1.0,1,1.0,4.0,40.0
2082,6,7307,30,,1.0,1,3.0,4.0,
2083,1,7311,58,,1.0,1,3.0,4.0,50.0
2083,2,7311,57,,1.0,2,1.0,4.0,40.0
2084,1,7307,65,,6.0,2,6.0,4.0,30.0
2084,2,7307,67,,6.0,1,6.0,4.0,30.0
2085,1,7316,76,,,1,6.0,2.0,
2085,2,7316,64,,,2,6.0,4.0,
2086,1,7306,25,,1.0,2,1.0,4.0,40.0
2086,2,7306,27,,5.0,1,4.0,1.0,80.0
2087,1,7304,45,,1.0,1,1.0,4.0,45.0
2087,2,7304,35,,1.0,2,1.0,4.0,45.0
2087,3,7304,8,5.0,,1,,,
2088,1,7315,45,,6.0,2,1.0,4.0,20.0
2088,2,7315,49,,3.0,1,1.0,4.0,38.0
2088,3,7315,7,4.0,,2,,,
2088,4,7315,16,13.0,1.0,2,1.0,,16.0
2088,5,7315,15,11.0,,1,,,
2089,1,7315,69,,,1,6.0,4.0,
2090,1,7314,32,,5.0,1,1.0,2.0,70.0
2090,2,7314,31,,1.0,2,6.0,4.0,
2090,3,7314,5,1.0,,2,,,
2090,4,7314,3,,,1,,,
2090,5,7314,1,,,1,,,
2090,6,7314,8,5.0,,1,,,
2091,1,7314,42,,1.0,1,6.0,4.0,40.0
2092,1,7310,31,,5.0,1,1.0,2.0,55.0
2093,1,7315,55,,3.0,2,1.0,4.0,40.0
2093,2,7315,24,,1.0,1,1.0,2.0,25.0
2093,3,7315,21,,1.0,2,1.0,4.0,36.0
2094,1,7317,21,,1.0,1,1.0,4.0,5.0
2094,2,7317,27,,4.0,1,1.0,4.0,40.0
2095,1,7310,24,,3.0,2,1.0,4.0,50.0
2095,2,7310,27,,3.0,1,1.0,4.0,35.0
2096,1,7315,54,,3.0,2,1.0,4.0,15.0
2096,2,7315,58,,1.0,1,1.0,4.0,30.0
2096,3,7315,21,15.0,2.0,2,6.0,4.0,15.0
2096,4,7315,18,15.0,4.0,1,6.0,4.0,10.0
2097,1,7303,44,,5.0,1,1.0,4.0,40.0
2097,2,7303,46,,3.0,2,1.0,4.0,40.0
2097,3,7303,14,10.0,,1,,,
2097,4,7303,10,6.0,,1,,,
2098,1,7307,59,,6.0,2,1.0,4.0,50.0
2098,2,7307,49,,1.0,1,1.0,4.0,40.0
2099,1,7316,25,,5.0,1,4.0,1.0,40.0
2100,1,7301,83,,,1,6.0,2.0,
2100,2,7301,65,,6.0,2,1.0,4.0,10.0
2101,1,7302,58,,,2,6.0,4.0,
2101,2,7302,61,,6.0,1,1.0,4.0,40.0
2101,3,7302,30,,1.0,1,1.0,4.0,40.0
2101,4,7302,21,15.0,2.0,2,1.0,4.0,16.0
2102,1,7309,51,,2.0,2,1.0,4.0,20.0
2102,2,7309,72,,2.0,1,6.0,4.0,4.0
2103,1,7308,47,,,2,6.0,4.0,
2103,2,7308,47,,1.0,1,1.0,4.0,40.0
2103,3,7308,15,12.0,,1,,,
2103,4,7308,11,8.0,,2,,,
2103,5,7308,11,8.0,,1,,,
2104,1,7311,44,,1.0,1,1.0,4.0,40.0
2105,1,7309,28,,1.0,1,1.0,4.0,50.0
2105,2,7309,26,,1.0,2,6.0,4.0,4.0
2106,1,7309,75,,,2,6.0,4.0,
2107,1,7302,48,15.0,1.0,1,3.0,4.0,50.0
2107,2,7302,42,,1.0,2,1.0,2.0,40.0
2107,3,7302,23,15.0,1.0,1,1.0,4.0,25.0
2107,4,7302,17,13.0,,1,6.0,4.0,
2108,1,7316,29,,1.0,2,1.0,4.0,40.0
2109,1,7301,61,,2.0,1,1.0,4.0,28.0
2109,2,7301,60,,6.0,2,1.0,4.0,15.0
2109,3,7301,26,,1.0,2,1.0,4.0,33.0
2110,1,7301,81,,,2,6.0,4.0,
2111,1,7310,94,,,2,6.0,4.0,
2112,1,7316,45,,1.0,2,1.0,4.0,40.0
2112,2,7316,21,,,1,6.0,4.0,
2112,3,7316,16,14.0,1.0,1,1.0,,20.0
2112,4,7316,12,8.0,,1,,,
2112,5,7316,9,6.0,,2,,,
2112,6,7316,5,2.0,,2,,,
2113,1,7318,69,,5.0,1,1.0,4.0,45.0
2113,2,7318,60,,1.0,2,6.0,4.0,
2114,1,7317,63,,,2,6.0,4.0,
2114,2,7317,84,,,1,6.0,2.0,
2115,1,7310,24,,1.0,2,1.0,4.0,40.0
2115,2,7310,27,,1.0,2,1.0,4.0,60.0
2116,1,7320,44,,5.0,1,1.0,2.0,50.0
2116,2,7320,47,,1.0,2,1.0,4.0,40.0
2117,1,7311,50,,1.0,2,6.0,4.0,40.0
2118,1,7304,61,,7.0,1,1.0,4.0,60.0
2118,2,7304,58,,1.0,2,1.0,4.0,42.0
2119,1,7316,32,,1.0,1,1.0,4.0,40.0
2119,2,7316,34,,1.0,2,1.0,4.0,40.0
2120,1,7311,42,,,2,6.0,4.0,
2120,2,7311,41,,5.0,1,4.0,1.0,40.0
2120,3,7311,12,8.0,,2,,,
2120,4,7311,9,5.0,,1,,,
2120,5,7311,6,2.0,,2,,,
2121,1,7304,40,,5.0,2,1.0,4.0,24.0
2121,2,7304,43,,7.0,1,1.0,4.0,40.0
2121,3,7304,4,1.0,,1,,,
2121,4,7304,2,,,1,,,
2122,1,7312,34,,1.0,2,1.0,4.0,40.0
2122,2,7312,34,,1.0,1,1.0,4.0,40.0
2123,1,7313,57,,6.0,1,1.0,4.0,50.0
2123,2,7313,60,,6.0,2,6.0,4.0,
2124,1,7314,62,,2.0,1,1.0,4.0,40.0
2124,2,7314,52,,4.0,2,1.0,4.0,40.0
2124,3,7314,25,,1.0,1,1.0,4.0,40.0
2125,1,7301,54,,1.0,2,1.0,4.0,40.0
2125,2,7301,29,,1.0,2,1.0,4.0,40.0
2125,3,7301,27,,,2,6.0,4.0,
2125,4,7301,24,,1.0,2,1.0,4.0,40.0
2125,5,7301,20,15.0,1.0,1,1.0,4.0,40.0
2125,6,7301,26,,1.0,1,1.0,4.0,40.0
2126,1,7313,57,,3.0,1,1.0,4.0,10.0
2126,2,7313,41,,6.0,1,1.0,4.0,40.0
2126,3,7313,68,,1.0,2,1.0,4.0,45.0
2127,1,7304,43,,1.0,2,1.0,4.0,28.0
2127,2,7304,44,,,1,6.0,4.0,
2127,3,7304,21,15.0,1.0,2,1.0,4.0,30.0
2127,4,7304,18,15.0,1.0,2,1.0,4.0,20.0
2127,5,7304,13,11.0,,1,,,
2128,1,7313,62,,1.0,2,1.0,4.0,80.0
2128,2,7313,55,,1.0,1,1.0,4.0,50.0
2129,1,7309,49,,2.0,1,1.0,2.0,40.0
2129,2,7309,16,13.0,2.0,1,1.0,,4.0
2129,3,7309,13,10.0,,2,,,
2130,1,7317,35,,1.0,1,1.0,2.0,50.0
2130,2,7317,34,,1.0,2,1.0,4.0,45.0
2131,1,7313,86,,,1,6.0,2.0,
2132,1,7322,70,,1.0,1,1.0,2.0,5.0
2132,2,7322,68,,,2,6.0,4.0,
2132,3,7322,89,,,2,6.0,4.0,
2133,1,7303,28,,9.0,2,3.0,4.0,
2133,2,7303,8,5.0,,1,,,
2134,1,7317,55,,1.0,2,1.0,4.0,25.0
2134,2,7317,57,,1.0,1,1.0,2.0,40.0
2134,3,7317,33,,3.0,2,1.0,4.0,60.0
2134,4,7317,31,,1.0,2,1.0,4.0,30.0
2134,5,7317,13,9.0,,2,,,
2134,6,7317,8,5.0,,2,,,
2134,7,7317,8,4.0,,1,,,
2135,1,7320,55,,7.0,2,1.0,4.0,30.0
2135,2,7320,26,,1.0,2,1.0,4.0,30.0
2135,3,7320,22,14.0,3.0,2,6.0,4.0,3.0
2135,4,7320,20,15.0,1.0,1,1.0,4.0,35.0
2136,1,7306,72,,,2,6.0,4.0,
2136,2,7306,81,,,1,6.0,4.0,
2137,1,7305,38,,1.0,2,2.0,4.0,16.0
2137,2,7305,25,,1.0,1,3.0,4.0,
2137,3,7305,15,12.0,,2,,,
2137,4,7305,13,10.0,,1,,,
2137,5,7305,7,3.0,,1,,,
2137,6,7305,0,,,2,,,
2138,1,7316,29,,1.0,2,1.0,4.0,26.0
2139,1,7321,63,,1.0,2,1.0,4.0,30.0
2140,1,7319,86,,,2,6.0,4.0,
2141,1,7315,75,,,1,6.0,4.0,
2141,2,7315,69,,,2,6.0,4.0,
2142,1,7318,80,,,2,6.0,4.0,
2142,2,7318,34,,1.0,2,1.0,4.0,40.0
2142,3,7318,32,,1.0,2,3.0,4.0,
2142,4,7318,7,4.0,,2,,,
2143,1,7309,59,,1.0,2,6.0,4.0,
2143,2,7309,68,,,1,6.0,4.0,
2144,1,7308,68,,,2,6.0,4.0,
2144,2,7308,67,,1.0,1,1.0,4.0,40.0
2145,1,7312,72,,1.0,1,1.0,4.0,8.0
2145,2,7312,64,,,2,6.0,4.0,
2146,1,7305,40,,2.0,1,1.0,4.0,40.0
2146,2,7305,40,,2.0,2,1.0,4.0,45.0
2146,3,7305,11,8.0,,1,,,
2146,4,7305,8,5.0,,2,,,
2146,5,7305,8,5.0,,2,,,
2147,1,7318,53,15.0,5.0,1,6.0,3.0,
2147,2,7318,34,15.0,3.0,2,1.0,4.0,40.0
2147,3,7318,4,2.0,,1,,,
2147,4,7318,1,,,1,,,
2148,1,7304,55,,1.0,1,1.0,4.0,40.0
2148,2,7304,62,,,2,6.0,4.0,
2148,3,7304,17,14.0,,2,6.0,4.0,
2149,1,7321,44,15.0,5.0,1,6.0,2.0,
2149,2,7321,40,15.0,1.0,2,6.0,4.0,
2149,3,7321,3,,,1,,,
2150,1,7314,40,,5.0,1,1.0,4.0,44.0
2150,2,7314,43,,1.0,2,1.0,4.0,50.0
2150,3,7314,5,2.0,,1,,,
2150,4,7314,3,1.0,,1,,,
2151,1,7311,43,,4.0,2,1.0,4.0,6.0
2151,2,7311,51,,1.0,1,1.0,4.0,60.0
2151,3,7311,16,13.0,,2,6.0,,
2151,4,7311,14,11.0,,2,,,
2151,5,7311,11,8.0,,2,,,
2152,1,7305,79,,,2,6.0,4.0,
2152,2,7305,79,,,1,6.0,2.0,
2153,1,7313,46,,1.0,1,1.0,4.0,40.0
2153,2,7313,18,15.0,,1,6.0,4.0,
2154,1,7310,62,,,1,6.0,2.0,
2155,1,7313,56,,1.0,1,1.0,2.0,40.0
2155,2,7313,55,,1.0,2,1.0,4.0,40.0
2156,1,7315,48,,1.0,1,1.0,2.0,40.0
2156,2,7315,16,14.0,,2,6.0,,
2157,1,7311,63,,6.0,1,1.0,4.0,48.0
2157,2,7311,62,,,2,6.0,4.0,
2158,1,7306,68,,1.0,2,1.0,4.0,40.0
2158,2,7306,83,,,1,6.0,4.0,
2158,3,7306,32,,1.0,1,1.0,4.0,40.0
2159,1,7318,80,,,2,6.0,4.0,
2159,2,7318,83,,,1,6.0,2.0,
2160,1,7313,48,,1.0,2,6.0,4.0,
2160,2,7313,48,,1.0,1,1.0,4.0,40.0
2160,3,7313,15,11.0,,2,,,
2161,1,7321,37,,1.0,2,1.0,4.0,40.0
2161,2,7321,11,8.0,,2,,,
2161,3,7321,10,6.0,,1,,,
2161,4,7321,10,4.0,,2,,,
2162,1,7319,71,,,1,6.0,2.0,
2162,2,7319,59,,5.0,2,6.0,4.0,
2162,3,7319,84,,,2,6.0,4.0,
2163,1,7315,65,,6.0,2,1.0,4.0,35.0
2163,2,7315,67,,6.0,1,1.0,4.0,50.0
2164,1,7304,66,,1.0,1,1.0,2.0,50.0
2164,2,7304,65,,,2,6.0,4.0,
2165,1,7310,62,,5.0,1,1.0,4.0,44.0
2165,2,7310,59,,2.0,2,1.0,4.0,20.0
2166,1,7315,67,,,1,6.0,2.0,
2167,1,7313,61,,3.0,2,6.0,4.0,30.0
2167,2,7313,29,,4.0,2,2.0,4.0,12.0
2167,3,7313,63,,7.0,1,1.0,4.0,40.0
2168,1,7310,44,,1.0,1,1.0,4.0,40.0
2169,1,7316,79,,,2,6.0,4.0,
2170,1,7301,43,,1.0,1,6.0,2.0,
2171,1,7322,53,,1.0,1,1.0,2.0,40.0
2171,2,7322,52,,2.0,2,3.0,4.0,
2171,3,7322,22,15.0,1.0,1,6.0,4.0,6.0
2171,4,7322,20,15.0,3.0,1,2.0,4.0,10.0
2171,5,7322,74,,,2,6.0,4.0,
2171,6,7322,74,,,2,6.0,4.0,
2172,1,7314,78,,,2,6.0,4.0,
2173,1,7314,69,,1.0,1,1.0,4.0,32.0
2174,1,7316,56,,1.0,2,1.0,4.0,40.0
2175,1,7319,45,,1.0,1,1.0,4.0,40.0
2175,2,7319,37,,,2,6.0,4.0,
2175,3,7319,16,12.0,,1,6.0,,
2175,4,7319,12,9.0,,2,,,
2175,5,7319,7,3.0,,1,,,
2176,1,7317,38,,1.0,1,1.0,4.0,40.0
2176,2,7317,27,,1.0,2,1.0,4.0,60.0
2176,3,7317,10,8.0,,2,,,
2177,1,7301,64,,4.0,2,6.0,4.0,
2177,2,7301,65,,1.0,1,1.0,2.0,40.0
2177,3,7301,37,,,2,6.0,4.0,
2178,1,7312,34,,1.0,1,1.0,3.0,36.0
2178,2,7312,32,,1.0,2,2.0,4.0,36.0
2179,1,7302,68,,,1,6.0,4.0,
2180,1,7313,45,,1.0,1,1.0,4.0,55.0
2181,1,7316,33,,2.0,2,1.0,4.0,60.0
2182,1,7317,39,,1.0,1,1.0,4.0,40.0
2183,1,7321,56,,4.0,2,2.0,4.0,40.0
2183,2,7321,39,,1.0,1,6.0,4.0,40.0
2183,3,7321,15,12.0,,1,,,
2184,1,7315,38,16.0,1.0,1,1.0,4.0,40.0
2185,1,7305,67,,,1,6.0,4.0,
2185,2,7305,51,,1.0,2,1.0,4.0,40.0
2186,1,7306,52,,1.0,2,1.0,4.0,40.0
2186,2,7306,59,,1.0,1,1.0,2.0,40.0
2186,3,7306,17,,,1,6.0,4.0,
2187,1,7314,62,,6.0,2,3.0,4.0,10.0
2187,2,7314,12,10.0,,1,,,
2187,3,7314,12,10.0,,2,,,
2187,4,7314,86,,,2,6.0,4.0,
2188,1,7302,72,,,2,6.0,4.0,
2189,1,7319,57,,,2,6.0,4.0,
2189,2,7319,34,,1.0,2,1.0,4.0,40.0
2189,3,7319,15,11.0,,2,,,
2189,4,7319,6,4.0,,2,,,
2190,1,7314,28,,,2,6.0,4.0,
2190,2,7314,31,,5.0,1,4.0,1.0,40.0
2190,3,7314,7,3.0,,1,,,
2190,4,7314,4,,,1,,,
2191,1,7304,66,,,2,6.0,4.0,
2191,2,7304,70,,,1,6.0,4.0,
2191,3,7304,29,,1.0,1,1.0,4.0,40.0
2191,4,7304,54,,,2,6.0,4.0,
2192,1,7310,29,,1.0,2,1.0,4.0,40.0
2192,2,7310,25,15.0,1.0,2,1.0,4.0,30.0
2193,1,7320,62,,1.0,1,1.0,4.0,45.0
2193,2,7320,59,,2.0,2,1.0,4.0,25.0
2194,1,7304,39,,1.0,1,1.0,4.0,40.0
2194,2,7304,40,,1.0,2,1.0,4.0,36.0
2194,3,7304,16,13.0,,1,6.0,,
2194,4,7304,14,11.0,,2,,,
2195,1,7301,48,,5.0,1,4.0,1.0,45.0
2195,2,7301,70,,,2,6.0,2.0,
2195,3,7301,26,,,1,6.0,4.0,
2196,1,7317,19,15.0,1.0,1,6.0,4.0,35.0
2196,2,7317,19,15.0,,1,6.0,4.0,
2196,3,7317,19,15.0,1.0,1,1.0,4.0,15.0
2196,4,7317,19,15.0,4.0,1,1.0,4.0,20.0
2197,1,7321,70,,1.0,1,6.0,4.0,
2197,2,7321,62,,,2,6.0,4.0,
2197,3,7321,27,,1.0,1,1.0,4.0,2.0
2197,4,7321,25,,2.0,2,1.0,4.0,40.0
2198,1,7313,35,,2.0,1,1.0,4.0,23.0
2199,1,7305,64,,3.0,2,3.0,4.0,50.0
2200,1,7322,70,,,1,6.0,4.0,
2200,2,7322,55,,1.0,2,1.0,4.0,40.0
2201,1,7313,62,,,1,6.0,2.0,
2201,2,7313,61,,1.0,2,1.0,4.0,40.0
2202,1,7310,39,,2.0,2,1.0,4.0,45.0
2202,2,7310,35,,6.0,1,1.0,4.0,35.0
2203,1,7309,70,,4.0,1,6.0,4.0,
2203,2,7309,70,,,2,6.0,4.0,
2204,1,7311,54,,1.0,1,1.0,4.0,40.0
2205,1,7302,65,,3.0,2,6.0,4.0,16.0
2205,2,7302,67,,7.0,1,6.0,4.0,10.0
2205,3,7302,46,,2.0,2,1.0,4.0,40.0
2205,4,7302,17,14.0,3.0,2,3.0,4.0,28.0
2206,1,7314,70,16.0,,1,6.0,4.0,
2206,2,7314,67,16.0,3.0,2,6.0,4.0,15.0
2207,1,7313,25,,1.0,1,1.0,4.0,40.0
2207,2,7313,26,,1.0,2,1.0,4.0,40.0
2208,1,7321,94,,,2,6.0,4.0,
2209,1,7321,40,,1.0,1,1.0,4.0,40.0
2210,1,7314,43,,1.0,2,1.0,4.0,40.0
2210,2,7314,48,,1.0,1,1.0,2.0,40.0
2210,3,7314,13,10.0,,1,,,
2211,1,7304,47,,1.0,2,1.0,4.0,40.0
2211,2,7304,54,,1.0,1,3.0,4.0,
2211,3,7304,7,3.0,,2,,,
2212,1,7321,49,,1.0,1,1.0,4.0,58.0
2212,2,7321,49,,2.0,2,6.0,4.0,
2212,3,7321,18,15.0,,1,6.0,4.0,
2213,1,7302,47,,1.0,1,1.0,4.0,40.0
2213,2,7302,18,15.0,,1,6.0,4.0,
2213,3,7302,17,13.0,,1,6.0,4.0,
2213,4,7302,15,11.0,,2,,,
2213,5,7302,13,9.0,,2,,,
2214,1,7314,40,,2.0,2,1.0,4.0,41.0
2214,2,7314,41,,1.0,1,1.0,4.0,50.0
2215,1,7310,73,,1.0,2,1.0,4.0,12.0
2216,1,7304,75,,6.0,1,1.0,2.0,50.0
2216,2,7304,75,,,1,6.0,3.0,
2217,1,7312,53,,1.0,1,1.0,4.0,40.0
2217,2,7312,48,,1.0,2,1.0,4.0,40.0
2217,3,7312,13,9.0,,1,,,
2217,4,7312,11,8.0,,1,,,
2218,1,7317,38,,5.0,1,4.0,1.0,60.0
2218,2,7317,35,14.0,,2,6.0,4.0,
2218,3,7317,12,8.0,,1,,,
2218,4,7317,10,7.0,,2,,,
2219,1,7317,32,,3.0,2,1.0,4.0,40.0
2220,1,7309,34,,1.0,1,1.0,4.0,50.0
2220,2,7309,27,,1.0,2,1.0,4.0,78.0
2220,3,7309,0,,,1,,,
2220,4,7309,8,4.0,,1,,,
2220,5,7309,5,2.0,,2,,,
2220,6,7309,2,,,2,,,
2221,1,7321,48,,9.0,2,3.0,4.0,
2221,2,7321,49,,1.0,1,1.0,4.0,40.0
2221,3,7321,7,3.0,,1,,,
2222,1,7307,47,,1.0,2,1.0,3.0,50.0
2222,2,7307,51,,1.0,1,1.0,4.0,40.0
2223,1,7318,67,,,2,6.0,4.0,
2223,2,7318,32,,1.0,1,1.0,4.0,35.0
2224,1,7308,43,,1.0,2,1.0,4.0,45.0
2224,2,7308,13,9.0,,1,,,
2224,3,7308,11,8.0,,2,,,
2225,1,7310,48,,1.0,1,1.0,4.0,50.0
2225,2,7310,35,,1.0,1,1.0,4.0,55.0
2226,1,7318,54,,1.0,2,1.0,4.0,40.0
2226,2,7318,21,,1.0,2,1.0,4.0,20.0
2227,1,7315,52,,6.0,2,1.0,4.0,20.0
2228,1,7308,45,,4.0,1,1.0,4.0,36.0
2228,2,7308,44,15.0,,2,6.0,4.0,
2228,3,7308,8,4.0,,2,,,
2228,4,7308,3,,,2,,,
2228,5,7308,20,15.0,1.0,2,1.0,4.0,16.0
2229,1,7311,72,,,1,6.0,2.0,
2229,2,7311,61,,1.0,2,6.0,4.0,
2230,1,7316,32,,1.0,2,1.0,4.0,40.0
2230,2,7316,30,,1.0,1,1.0,4.0,40.0
2230,3,7316,3,,,2,,,
2231,1,7321,49,,2.0,1,1.0,4.0,40.0
2232,1,7319,54,,8.0,2,6.0,4.0,40.0
2232,2,7319,54,,7.0,1,1.0,4.0,25.0
2233,1,7311,23,15.0,7.0,2,1.0,4.0,20.0
2233,2,7311,22,,1.0,2,1.0,4.0,30.0
2233,3,7311,57,,7.0,2,1.0,4.0,30.0
2233,4,7311,0,,,2,,,
2234,1,7303,24,15.0,1.0,2,1.0,4.0,40.0
2234,2,7303,24,16.0,1.0,1,1.0,4.0,25.0
2235,1,7316,81,,,2,6.0,4.0,
2236,1,7305,36,,6.0,1,1.0,4.0,40.0
2236,2,7305,35,,,2,6.0,4.0,
2236,3,7305,13,10.0,,2,,,
2236,4,7305,10,6.0,,2,,,
2236,5,7305,8,5.0,,2,,,
2236,6,7305,5,2.0,,2,,,
2236,7,7305,2,,,1,,,
2236,8,7305,2,,,2,,,
2237,1,7301,56,,6.0,2,1.0,2.0,50.0
2237,2,7301,56,,6.0,1,1.0,4.0,50.0
2238,1,7311,63,,1.0,1,1.0,4.0,40.0
2238,2,7311,62,,,2,6.0,4.0,
2239,1,7304,63,,3.0,1,6.0,4.0,
2239,2,7304,60,,3.0,2,1.0,4.0,30.0
2240,1,7319,27,,1.0,1,1.0,4.0,40.0
2240,2,7319,5,,,1,,,
2240,3,7319,4,1.0,,2,,,
2240,4,7319,2,,,2,,,
2240,5,7319,0,,,2,,,
2241,1,7306,83,,,1,6.0,2.0,
2242,1,7316,67,,,1,6.0,4.0,
2243,1,7306,48,,1.0,2,1.0,4.0,30.0
2243,2,7306,60,,1.0,1,1.0,4.0,40.0
2243,3,7306,38,,1.0,2,1.0,4.0,30.0
2243,4,7306,19,15.0,1.0,2,1.0,4.0,20.0
2243,5,7306,11,7.0,,2,,,
2244,1,7301,67,,1.0,2,1.0,4.0,15.0
2244,2,7301,78,,1.0,1,1.0,2.0,40.0
2245,1,7313,76,,4.0,2,1.0,4.0,8.0
2246,1,7320,54,,3.0,2,1.0,4.0,45.0
2246,2,7320,55,,1.0,1,1.0,4.0,42.0
2247,1,7310,76,,,1,6.0,4.0,
2247,2,7310,73,,,2,6.0,4.0,
2248,1,7312,45,,1.0,1,1.0,4.0,40.0
2248,2,7312,43,,,2,6.0,4.0,
2248,3,7312,15,12.0,,1,,,
2248,4,7312,11,8.0,,1,,,
2249,1,7314,46,,1.0,2,1.0,4.0,15.0
2249,2,7314,47,,1.0,1,1.0,2.0,40.0
2249,3,7314,12,9.0,,1,,,
2249,4,7314,10,6.0,,1,,,
2249,5,7314,10,6.0,,1,,,
2250,1,7318,71,,1.0,1,6.0,2.0,
2250,2,7318,67,,,2,6.0,4.0,
2251,1,7301,51,,2.0,2,1.0,4.0,40.0
2251,2,7301,51,,3.0,1,1.0,4.0,40.0
2252,1,7316,77,,,1,6.0,2.0,
2253,1,7322,60,,1.0,1,3.0,4.0,
2253,2,7322,60,,1.0,2,6.0,4.0,
2254,1,7314,41,,1.0,1,1.0,4.0,40.0
2254,2,7314,37,,1.0,2,1.0,4.0,30.0
2254,3,7314,7,3.0,,1,,,
2254,4,7314,4,1.0,,1,,,
2255,1,7311,65,,1.0,2,1.0,4.0,50.0
2255,2,7311,66,,1.0,1,1.0,2.0,30.0
2256,1,7305,29,,1.0,1,1.0,4.0,90.0
2257,1,7305,49,,1.0,1,1.0,4.0,40.0
2257,2,7305,44,,6.0,2,1.0,4.0,40.0
2257,3,7305,22,,1.0,2,1.0,4.0,40.0
2257,4,7305,21,15.0,1.0,2,1.0,4.0,40.0
2257,5,7305,16,12.0,,2,6.0,,
2258,1,7319,57,,3.0,2,1.0,4.0,42.0
2258,2,7319,58,,3.0,1,1.0,4.0,40.0
2259,1,7317,62,,,2,6.0,4.0,
2259,2,7317,27,,1.0,1,1.0,4.0,20.0
2260,1,7310,26,,1.0,2,1.0,4.0,30.0
2261,1,7311,36,,1.0,1,1.0,4.0,40.0
2261,2,7311,36,,,2,6.0,4.0,
2262,1,7302,74,,,1,6.0,2.0,
2262,2,7302,73,,1.0,2,6.0,4.0,
2263,1,7310,25,,1.0,1,1.0,4.0,42.0
2263,2,7310,24,,1.0,2,1.0,4.0,30.0
2264,1,7309,53,,1.0,1,1.0,4.0,40.0
2264,2,7309,51,,1.0,2,1.0,4.0,40.0
2264,3,7309,19,15.0,1.0,2,1.0,4.0,25.0
2264,4,7309,15,12.0,,1,,,
2265,1,7317,75,,,1,6.0,2.0,
2265,2,7317,33,,1.0,1,1.0,4.0,40.0
2266,1,7312,73,,,2,6.0,4.0,
2267,1,7316,65,,1.0,1,6.0,4.0,
2267,2,7316,70,,,2,6.0,4.0,
2267,3,7316,83,,,2,6.0,4.0,
2268,1,7304,56,,6.0,2,1.0,4.0,20.0
2268,2,7304,61,,6.0,1,1.0,4.0,50.0
2269,1,7305,49,,6.0,1,1.0,4.0,40.0
2269,2,7305,41,,6.0,2,1.0,4.0,20.0
2269,3,7305,26,,1.0,1,1.0,4.0,38.0
2269,4,7305,15,11.0,,2,,,
2269,5,7305,15,,,2,,,
2270,1,7305,41,,4.0,1,1.0,4.0,60.0
2270,2,7305,35,,1.0,2,1.0,4.0,24.0
2270,3,7305,0,,,2,,,
2271,1,7306,24,,1.0,1,1.0,4.0,8.0
2271,2,7306,19,,1.0,2,1.0,4.0,40.0
2272,1,7309,53,,1.0,1,1.0,4.0,25.0
2273,1,7316,34,,1.0,2,1.0,4.0,40.0
2273,2,7316,32,,1.0,2,1.0,4.0,40.0
2274,1,7307,23,,5.0,1,4.0,1.0,13.0
2274,2,7307,24,,6.0,2,6.0,4.0,30.0
2274,3,7307,0,,,2,,,
2275,1,7313,70,,,2,6.0,4.0,
2276,1,7313,36,,3.0,1,1.0,4.0,40.0
2276,2,7313,30,16.0,3.0,2,1.0,4.0,40.0
2277,1,7322,78,,,1,6.0,4.0,
2277,2,7322,77,,,2,6.0,4.0,
2277,3,7322,46,,,2,6.0,4.0,
2277,4,7322,12,9.0,,1,,,
2277,5,7322,11,8.0,,2,,,
2278,1,7308,84,,,1,6.0,2.0,
2278,2,7308,70,,,2,6.0,4.0,
2279,1,7312,66,,1.0,1,1.0,4.0,50.0
2279,2,7312,63,,,2,6.0,4.0,
2280,1,7321,54,,2.0,1,1.0,4.0,40.0
2280,2,7321,59,,2.0,2,2.0,4.0,25.0
2280,3,7321,20,15.0,,2,6.0,4.0,
2280,4,7321,18,,1.0,1,2.0,4.0,35.0
2281,1,7303,72,,,1,6.0,2.0,
2282,1,7313,62,,1.0,1,6.0,2.0,
2282,2,7313,62,,1.0,2,1.0,4.0,40.0
2282,3,7313,26,,2.0,2,1.0,4.0,32.0
2283,1,7316,61,,2.0,1,6.0,2.0,
2284,1,7313,49,,4.0,1,1.0,4.0,20.0
2284,2,7313,44,,,2,6.0,4.0,
2284,3,7313,2,,,1,,,
2285,1,7302,51,,3.0,2,1.0,4.0,40.0
2285,2,7302,54,,5.0,1,1.0,4.0,40.0
2285,3,7302,27,,1.0,2,3.0,4.0,40.0
2285,4,7302,15,,,1,,,
2286,1,7315,30,,1.0,1,1.0,4.0,40.0
2286,2,7315,30,,3.0,2,1.0,4.0,40.0
2287,1,7313,37,,7.0,2,1.0,4.0,19.0
2287,2,7313,37,,1.0,1,1.0,4.0,40.0
2287,3,7313,9,5.0,,1,,,
2287,4,7313,6,2.0,,2,,,
2288,1,7320,58,15.0,5.0,1,1.0,2.0,40.0
2288,2,7320,56,,1.0,2,1.0,4.0,40.0
2289,1,7322,71,,,2,6.0,4.0,
2290,1,7304,45,,1.0,1,1.0,2.0,40.0
2291,1,7314,33,16.0,1.0,1,1.0,4.0,30.0
2292,1,7322,27,,6.0,1,1.0,4.0,50.0
2292,2,7322,28,,1.0,2,1.0,4.0,30.0
2292,3,7322,1,,,1,,,
2293,1,7315,56,15.0,,1,6.0,2.0,
2293,2,7315,17,14.0,1.0,1,6.0,4.0,8.0
2294,1,7302,71,,,2,6.0,4.0,
2295,1,7313,23,,5.0,1,4.0,1.0,91.0
2295,2,7313,21,13.0,1.0,2,6.0,4.0,
2295,3,7313,0,,,1,,,
2295,4,7313,28,,1.0,2,6.0,4.0,40.0
2296,1,7315,70,,2.0,1,6.0,4.0,
2296,2,7315,57,,,2,6.0,4.0,
2296,3,7315,70,,,2,6.0,4.0,
2297,1,7307,21,,1.0,2,1.0,4.0,30.0
2297,2,7307,25,,1.0,1,1.0,4.0,40.0
2297,3,7307,0,,,1,,,
2297,4,7307,4,1.0,,2,,,
2298,1,7321,34,,5.0,2,1.0,2.0,50.0
2299,1,7310,31,,1.0,1,1.0,4.0,26.0
2300,1,7321,33,,1.0,1,1.0,4.0,40.0
2300,2,7321,36,,,2,6.0,4.0,
2300,3,7321,10,7.0,,1,,,
2300,4,7321,21,15.0,1.0,2,1.0,4.0,10.0
2300,5,7321,18,14.0,1.0,2,1.0,4.0,10.0
2300,6,7321,12,8.0,,1,,,
2300,7,7321,2,,,2,,,
2301,1,7310,76,,,1,6.0,2.0,
2301,2,7310,79,,,2,6.0,4.0,
2302,1,7321,50,,1.0,2,1.0,4.0,50.0
2302,2,7321,53,,1.0,1,1.0,4.0,90.0
2303,1,7319,65,,1.0,1,1.0,4.0,40.0
2303,2,7319,62,,1.0,2,1.0,4.0,10.0
2304,1,7319,78,,,2,6.0,4.0,
2304,2,7319,54,,1.0,1,3.0,4.0,30.0
2305,1,7302,68,,,2,6.0,2.0,
2306,1,7321,53,,1.0,2,1.0,4.0,40.0
2306,2,7321,26,15.0,9.0,2,3.0,4.0,
2307,1,7320,62,,3.0,2,1.0,4.0,40.0
2308,1,7306,66,,1.0,1,1.0,4.0,40.0
2309,1,7321,55,,3.0,2,6.0,4.0,
2309,2,7321,33,,4.0,2,1.0,4.0,30.0
2310,1,7302,51,,3.0,2,1.0,4.0,15.0
2310,2,7302,49,16.0,2.0,1,1.0,4.0,9.0
2310,3,7302,15,12.0,,2,,,
2310,4,7302,13,10.0,,2,,,
2311,1,7317,39,,2.0,1,1.0,2.0,40.0
2312,1,7316,40,,7.0,1,1.0,3.0,65.0
2312,2,7316,41,,4.0,2,1.0,4.0,35.0
2313,1,7304,73,,2.0,1,1.0,4.0,20.0
2313,2,7304,54,,2.0,2,1.0,4.0,2.0
2314,1,7316,41,16.0,5.0,1,4.0,1.0,8.0
2315,1,7302,55,,1.0,2,1.0,4.0,30.0
2316,1,7314,77,,,1,6.0,4.0,
2316,2,7314,63,,2.0,1,1.0,4.0,50.0
2317,1,7305,35,,1.0,2,1.0,4.0,40.0
2317,2,7305,39,,3.0,1,1.0,2.0,40.0
2317,3,7305,12,9.0,,1,,,
2317,4,7305,7,3.0,,2,,,
2318,1,7307,61,,1.0,1,1.0,2.0,9.0
2319,1,7318,77,,,2,6.0,4.0,
2320,1,7316,29,,6.0,2,1.0,4.0,65.0
2321,1,7314,62,,6.0,1,1.0,4.0,40.0
2321,2,7314,61,,6.0,2,1.0,4.0,8.0
2322,1,7304,49,,1.0,2,1.0,4.0,40.0
2322,2,7304,41,,3.0,1,1.0,4.0,50.0
2322,3,7304,12,9.0,,2,,,
2323,1,7314,53,15.0,5.0,1,1.0,4.0,40.0
2323,2,7314,53,,1.0,2,1.0,4.0,40.0
2323,3,7314,16,12.0,,2,6.0,,
2323,4,7314,15,12.0,,2,,,
2324,1,7319,52,,4.0,2,2.0,4.0,40.0
2324,2,7319,15,13.0,,1,,,
2324,3,7319,14,10.0,,1,,,
2325,1,7316,59,15.0,1.0,2,1.0,4.0,40.0
2326,1,7313,31,,1.0,2,1.0,4.0,30.0
2327,1,7307,63,,4.0,1,6.0,4.0,
2327,2,7307,59,,4.0,2,6.0,4.0,
2328,1,7309,80,,,1,6.0,4.0,
2328,2,7309,77,,,2,6.0,4.0,
2329,1,7306,38,,1.0,2,6.0,4.0,
2329,2,7306,19,,1.0,1,1.0,4.0,40.0
2329,3,7306,15,11.0,,1,,,
2329,4,7306,1,,,2,,,
2330,1,7307,60,,1.0,1,1.0,4.0,40.0
2330,2,7307,57,,1.0,2,6.0,4.0,
2330,3,7307,30,,1.0,1,1.0,4.0,40.0
2331,1,7321,72,,,2,6.0,4.0,
2331,2,7321,57,,1.0,2,1.0,4.0,40.0
2331,3,7321,33,,,2,6.0,4.0,
2331,4,7321,16,13.0,,2,6.0,,
2332,1,7311,46,,6.0,1,6.0,4.0,5.0
2332,2,7311,44,,1.0,2,1.0,4.0,40.0
2332,3,7311,6,2.0,,2,,,
2332,4,7311,74,,,2,6.0,4.0,
2333,1,7317,42,,1.0,1,1.0,4.0,30.0
2333,2,7317,38,,1.0,2,3.0,4.0,40.0
2333,3,7317,13,10.0,,2,,,
2333,4,7317,8,5.0,,1,,,
2333,5,7317,6,3.0,,1,,,
2333,6,7317,75,,,1,6.0,4.0,
2334,1,7302,50,,1.0,1,1.0,4.0,40.0
2334,2,7302,56,,6.0,2,1.0,4.0,12.0
2334,3,7302,11,7.0,,2,,,
2334,4,7302,4,1.0,,1,,,
2335,1,7316,25,16.0,1.0,2,6.0,4.0,40.0
2336,1,7316,46,,2.0,2,1.0,4.0,40.0
2337,1,7321,43,,1.0,2,1.0,4.0,40.0
2338,1,7313,38,,1.0,1,1.0,4.0,37.0
2338,2,7313,37,,1.0,2,1.0,4.0,40.0
2338,3,7313,5,1.0,,1,,,
2338,4,7313,3,,,1,,,
2339,1,7318,80,,,2,6.0,3.0,
2340,1,7306,23,,1.0,1,1.0,4.0,40.0
2340,2,7306,21,15.0,1.0,2,1.0,4.0,40.0
2341,1,7313,59,,6.0,1,6.0,4.0,
2341,2,7313,59,,1.0,2,6.0,4.0,
2342,1,7305,49,15.0,2.0,1,1.0,2.0,46.0
2342,2,7305,56,,1.0,2,1.0,4.0,40.0
2342,3,7305,54,,1.0,2,1.0,4.0,40.0
2342,4,7305,48,,1.0,1,1.0,4.0,40.0
2342,5,7305,20,15.0,2.0,2,1.0,4.0,18.0
2343,1,7307,36,,5.0,2,1.0,2.0,40.0
2343,2,7307,37,,1.0,1,1.0,4.0,75.0
2343,3,7307,13,10.0,,1,,,
2343,4,7307,11,8.0,,1,,,
2343,5,7307,10,7.0,,1,,,
2343,6,7307,17,14.0,,2,6.0,4.0,
2344,1,7316,57,,5.0,1,1.0,2.0,40.0
2344,2,7316,50,,,2,6.0,4.0,
2344,3,7316,13,10.0,,2,,,
2345,1,7306,42,15.0,1.0,1,1.0,3.0,48.0
2345,2,7306,41,15.0,1.0,2,1.0,4.0,36.0
2346,1,7319,60,,1.0,1,1.0,4.0,40.0
2346,2,7319,35,,,2,6.0,4.0,
2346,3,7319,8,4.0,,1,,,
2346,4,7319,5,2.0,,2,,,
2347,1,7312,66,,4.0,1,1.0,4.0,40.0
2347,2,7312,63,,,2,6.0,4.0,
2348,1,7306,37,15.0,1.0,1,1.0,4.0,40.0
2348,2,7306,37,,1.0,2,1.0,4.0,40.0
2348,3,7306,10,7.0,,1,,,
2348,4,7306,7,4.0,,1,,,
2348,5,7306,68,,,2,6.0,4.0,
2348,6,7306,35,15.0,1.0,1,1.0,4.0,25.0
2349,1,7306,66,,1.0,1,1.0,4.0,40.0
2350,1,7314,64,,1.0,2,1.0,4.0,40.0
2350,2,7314,55,,4.0,1,1.0,4.0,40.0
2351,1,7303,77,,,1,6.0,2.0,
2352,1,7310,76,,,1,6.0,4.0,
2352,2,7310,70,,,1,6.0,4.0,
2352,3,7310,33,,1.0,1,1.0,4.0,40.0
2353,1,7318,27,,1.0,2,2.0,4.0,40.0
2353,2,7318,30,,1.0,1,1.0,4.0,40.0
2353,3,7318,1,,,2,,,
2354,1,7310,80,,1.0,1,6.0,4.0,
2354,2,7310,75,,,2,6.0,4.0,
2355,1,7314,64,,1.0,1,1.0,4.0,50.0
2356,1,7308,43,,1.0,1,1.0,4.0,40.0
2356,2,7308,41,,2.0,2,1.0,4.0,40.0
2356,3,7308,12,9.0,,1,,,
2356,4,7308,8,4.0,,1,,,
2356,5,7308,5,2.0,,1,,,
2357,1,7322,58,,1.0,2,1.0,4.0,40.0
2357,2,7322,60,,1.0,1,1.0,4.0,40.0
2357,3,7322,29,,1.0,1,1.0,4.0,40.0
2357,4,7322,5,1.0,,1,,,
2357,5,7322,29,,9.0,2,3.0,4.0,
2358,1,7309,34,,1.0,1,1.0,4.0,50.0
2358,2,7309,31,,1.0,2,1.0,4.0,50.0
2358,3,7309,0,,,1,,,
2359,1,7313,63,,5.0,1,6.0,2.0,
2359,2,7313,62,,4.0,2,6.0,4.0,40.0
2360,1,7303,45,,9.0,1,3.0,4.0,
2361,1,7310,41,,1.0,1,2.0,4.0,38.0
2362,1,7317,58,,1.0,1,1.0,4.0,50.0
2362,2,7317,49,,3.0,2,1.0,4.0,40.0
2362,3,7317,25,,1.0,1,1.0,4.0,40.0
2362,4,7317,21,,1.0,2,1.0,4.0,30.0
2362,5,7317,10,7.0,,2,,,
2362,6,7317,1,,,1,,,
2362,7,7317,0,,,2,,,
2362,8,7317,23,,,2,6.0,4.0,
2363,1,7306,63,,,2,6.0,4.0,
2363,2,7306,57,,1.0,1,1.0,4.0,40.0
2363,3,7306,13,10.0,,1,,,
2363,4,7306,8,4.0,,2,,,
2363,5,7306,0,,,1,,,
2363,6,7306,28,15.0,1.0,2,1.0,4.0,40.0
2364,1,7313,42,,1.0,2,1.0,4.0,40.0
2364,2,7313,48,,1.0,1,1.0,4.0,40.0
2364,3,7313,16,13.0,1.0,2,1.0,,20.0
2364,4,7313,22,,1.0,1,1.0,2.0,40.0
2365,1,7314,44,,4.0,2,1.0,4.0,40.0
2366,1,7307,61,,2.0,2,1.0,4.0,40.0
2366,2,7307,27,15.0,1.0,2,1.0,4.0,30.0
2366,3,7307,27,,3.0,1,1.0,4.0,55.0
2367,1,7316,35,15.0,1.0,2,1.0,4.0,40.0
2368,1,7301,55,,1.0,1,1.0,2.0,40.0
2368,2,7301,55,,1.0,2,1.0,4.0,40.0
2368,3,7301,31,14.0,1.0,1,1.0,4.0,40.0
2368,4,7301,27,,1.0,1,6.0,4.0,40.0
2368,5,7301,23,,1.0,1,6.0,4.0,
2368,6,7301,85,,,2,6.0,4.0,
2368,7,7301,60,,,1,6.0,4.0,
2369,1,7310,65,,1.0,1,6.0,4.0,
2370,1,7315,44,,1.0,1,1.0,4.0,44.0
2370,2,7315,41,,1.0,2,1.0,4.0,10.0
2370,3,7315,14,11.0,,2,,,
2370,4,7315,11,7.0,,2,,,
2371,1,7317,60,,6.0,1,1.0,4.0,55.0
2372,1,7322,82,,,1,6.0,2.0,
2372,2,7322,60,,2.0,2,1.0,4.0,40.0
2372,3,7322,23,15.0,1.0,1,6.0,4.0,8.0
2372,4,7322,56,,1.0,1,1.0,2.0,40.0
2372,5,7322,26,14.0,,2,6.0,4.0,
2373,1,7321,33,15.0,1.0,2,1.0,4.0,40.0
2373,2,7321,40,,1.0,1,1.0,4.0,40.0
2373,3,7321,11,8.0,,2,,,
2373,4,7321,4,2.0,,1,,,
2374,1,7308,38,,2.0,1,1.0,4.0,40.0
2374,2,7308,38,,2.0,2,1.0,4.0,40.0
2374,3,7308,7,4.0,,2,,,
2374,4,7308,3,1.0,,1,,,
2375,1,7303,46,,6.0,2,1.0,4.0,32.0
2375,2,7303,9,5.0,,2,,,
2376,1,7307,64,,1.0,1,6.0,4.0,40.0
2377,1,7311,35,,1.0,2,1.0,4.0,40.0
2377,2,7311,32,,1.0,1,1.0,4.0,40.0
2377,3,7311,10,7.0,,1,,,
2377,4,7311,7,4.0,,1,,,
2378,1,7317,58,,,2,6.0,4.0,
2378,2,7317,37,,1.0,1,1.0,4.0,40.0
2378,3,7317,4,2.0,,1,,,
2378,4,7317,34,,1.0,2,1.0,4.0,20.0
2379,1,7303,62,,,2,6.0,4.0,
2380,1,7310,64,,3.0,2,1.0,4.0,24.0
2380,2,7310,59,,1.0,1,1.0,4.0,40.0
2380,3,7310,21,,3.0,1,1.0,4.0,32.0
2380,4,7310,21,15.0,,1,6.0,4.0,
2381,1,7310,49,,1.0,1,1.0,2.0,40.0
2381,2,7310,14,11.0,,2,,,
2382,1,7320,44,,1.0,2,1.0,4.0,40.0
2382,2,7320,44,,1.0,1,1.0,4.0,40.0
2382,3,7320,16,13.0,,1,6.0,,
2382,4,7320,13,11.0,,2,,,
2383,1,7304,59,,3.0,1,1.0,4.0,48.0
2383,2,7304,38,15.0,7.0,2,1.0,4.0,20.0
2383,3,7304,11,7.0,,2,,,
2383,4,7304,20,15.0,7.0,2,6.0,4.0,8.0
2384,1,7316,61,,,1,6.0,4.0,
2385,1,7310,59,,7.0,1,1.0,4.0,55.0
2385,2,7310,58,,,2,6.0,4.0,
2386,1,7310,51,,1.0,1,1.0,4.0,36.0
2386,2,7310,43,,1.0,2,1.0,4.0,24.0
2386,3,7310,7,3.0,,1,,,
2386,4,7310,5,2.0,,2,,,
2387,1,7306,59,,1.0,2,1.0,4.0,18.0
2387,2,7306,61,,2.0,1,6.0,4.0,
2388,1,7315,38,,1.0,2,1.0,4.0,40.0
2388,2,7315,30,,1.0,1,1.0,2.0,40.0
2388,3,7315,1,,,1,,,
2389,1,7308,23,,2.0,2,1.0,4.0,40.0
2389,2,7308,24,,2.0,1,1.0,4.0,40.0
2390,1,7304,49,,1.0,2,1.0,4.0,40.0
2390,2,7304,57,,1.0,1,1.0,4.0,50.0
2391,1,7306,49,,1.0,2,1.0,4.0,60.0
2391,2,7306,73,,,2,6.0,4.0,
2392,1,7306,70,,1.0,2,6.0,4.0,
2392,2,7306,32,,,1,6.0,4.0,
2393,1,7309,72,,5.0,1,1.0,2.0,40.0
2393,2,7309,69,,1.0,2,6.0,4.0,
2394,1,7310,47,,1.0,1,1.0,4.0,72.0
2394,2,7310,44,,1.0,2,1.0,4.0,40.0
2394,3,7310,17,14.0,,1,6.0,4.0,
2394,4,7310,9,6.0,,1,,,
2394,5,7310,25,16.0,1.0,2,6.0,4.0,40.0
2395,1,7303,34,,1.0,1,1.0,4.0,40.0
2395,2,7303,31,,6.0,2,6.0,4.0,
2395,3,7303,5,2.0,,2,,,
2395,4,7303,1,,,1,,,
2396,1,7322,33,,5.0,1,4.0,1.0,50.0
2397,1,7302,53,,2.0,1,1.0,4.0,30.0
2398,1,7311,64,,1.0,1,1.0,4.0,40.0
2398,2,7311,49,,2.0,2,1.0,4.0,55.0
2398,3,7311,14,11.0,,1,,,
2398,4,7311,28,15.0,1.0,1,1.0,2.0,22.0
2399,1,7313,76,,1.0,2,6.0,4.0,
2400,1,7305,81,,1.0,1,6.0,2.0,40.0
2400,2,7305,58,,1.0,2,1.0,4.0,40.0
2400,3,7305,33,,1.0,1,1.0,4.0,40.0
2401,1,7322,41,16.0,1.0,1,1.0,4.0,40.0
2401,2,7322,16,13.0,,1,6.0,,
2401,3,7322,14,11.0,,2,,,
2401,4,7322,43,,,2,6.0,4.0,
2402,1,7310,72,,1.0,2,1.0,4.0,20.0
2402,2,7310,78,,,1,6.0,4.0,
2403,1,7310,71,,,2,6.0,4.0,
2404,1,7315,71,,1.0,1,6.0,4.0,
2404,2,7315,65,,,2,6.0,4.0,
2405,1,7312,33,,1.0,1,1.0,4.0,40.0
2405,2,7312,33,,1.0,2,1.0,4.0,6.0
2406,1,7313,61,,1.0,1,1.0,2.0,40.0
2406,2,7313,63,,,2,6.0,4.0,
2407,1,7316,35,,2.0,1,1.0,4.0,35.0
2407,2,7316,40,,1.0,2,1.0,4.0,40.0
2407,3,7316,1,,,2,,,
2408,1,7318,55,,1.0,2,1.0,4.0,40.0
2408,2,7318,59,,1.0,1,1.0,4.0,40.0
2408,3,7318,25,15.0,1.0,2,1.0,4.0,25.0
2408,4,7318,18,14.0,1.0,1,3.0,4.0,8.0
2409,1,7304,41,,4.0,1,1.0,2.0,45.0
2409,2,7304,39,,3.0,2,6.0,4.0,
2409,3,7304,3,1.0,,2,,,
2410,1,7309,41,,,2,6.0,4.0,
2410,2,7309,40,,1.0,1,1.0,4.0,36.0
2410,3,7309,13,9.0,,1,,,
2410,4,7309,9,6.0,,2,,,
2410,5,7309,6,2.0,,1,,,
2411,1,7322,57,,1.0,1,1.0,4.0,40.0
2412,1,7301,73,,1.0,2,1.0,4.0,25.0
2413,1,7307,47,,3.0,2,1.0,4.0,40.0
2413,2,7307,48,,3.0,1,1.0,2.0,40.0
2413,3,7307,23,,1.0,2,1.0,4.0,30.0
2413,4,7307,16,12.0,,1,6.0,,
2413,5,7307,14,11.0,,2,,,
2414,1,7315,43,,6.0,1,1.0,4.0,40.0
2414,2,7315,50,,6.0,2,3.0,4.0,20.0
2414,3,7315,24,15.0,2.0,2,1.0,4.0,40.0
2414,4,7315,21,15.0,,2,6.0,4.0,
2414,5,7315,18,13.0,,1,6.0,4.0,
2414,6,7315,12,9.0,,2,,,
2415,1,7309,28,,1.0,1,1.0,4.0,40.0
2415,2,7309,28,,2.0,2,1.0,4.0,40.0
2416,1,7315,39,,1.0,2,1.0,4.0,75.0
2416,2,7315,4,,,1,,,
2416,3,7315,60,,1.0,2,1.0,4.0,75.0
2417,1,7301,39,,5.0,1,3.0,2.0,2.0
2417,2,7301,41,,5.0,2,1.0,2.0,40.0
2417,3,7301,9,6.0,,2,,,
2417,4,7301,21,,1.0,2,1.0,4.0,27.0
2417,5,7301,20,,1.0,1,1.0,4.0,27.0
2417,6,7301,17,13.0,1.0,1,1.0,4.0,10.0
2418,1,7305,20,,,1,6.0,4.0,
2418,2,7305,53,,1.0,2,1.0,4.0,40.0
2419,1,7321,35,,1.0,1,1.0,4.0,30.0
2419,2,7321,40,,1.0,2,1.0,4.0,25.0
2419,3,7321,15,12.0,,1,,,
2419,4,7321,7,4.0,,2,,,
2419,5,7321,3,,,2,,,
2420,1,7321,76,,4.0,2,1.0,4.0,53.0
2420,2,7321,54,,1.0,1,1.0,4.0,25.0
2421,1,7312,50,,7.0,2,1.0,4.0,60.0
2421,2,7312,52,,1.0,1,1.0,2.0,40.0
2421,3,7312,13,10.0,,2,,,
2421,4,7312,11,7.0,,1,,,
2422,1,7309,48,,1.0,2,1.0,4.0,50.0
2423,1,7302,70,,,2,6.0,4.0,
2424,1,7312,35,,1.0,2,2.0,4.0,30.0
2424,2,7312,39,,2.0,1,1.0,4.0,45.0
2424,3,7312,8,4.0,,1,,,
2424,4,7312,5,2.0,,2,,,
2424,5,7312,2,,,1,,,
2424,6,7312,0,,,1,,,
2425,1,7303,32,,1.0,2,6.0,4.0,
2425,2,7303,35,,1.0,1,1.0,4.0,50.0
2425,3,7303,5,2.0,,2,,,
2425,4,7303,0,,,2,,,
2426,1,7319,51,,1.0,2,1.0,4.0,40.0
2426,2,7319,53,,,2,6.0,4.0,
2426,3,7319,50,,1.0,2,1.0,4.0,40.0
2426,4,7319,29,,1.0,1,1.0,4.0,40.0
2426,5,7319,18,15.0,,2,6.0,4.0,
2427,1,7322,71,,,1,6.0,4.0,
2427,2,7322,66,,,2,6.0,4.0,
2427,3,7322,37,,2.0,2,1.0,4.0,40.0
2427,4,7322,15,12.0,,1,,,
2428,1,7307,26,,1.0,2,1.0,4.0,24.0
2428,2,7307,5,1.0,,1,,,
2429,1,7322,40,,2.0,1,1.0,4.0,40.0
2429,2,7322,32,15.0,1.0,2,6.0,4.0,
2429,3,7322,6,3.0,,1,,,
2430,1,7316,37,,5.0,1,4.0,3.0,40.0
2431,1,7320,48,,4.0,1,1.0,4.0,40.0
2431,2,7320,50,,1.0,2,1.0,4.0,40.0
2431,3,7320,16,13.0,,1,6.0,,
2431,4,7320,15,12.0,,2,,,
2432,1,7319,61,,1.0,1,3.0,2.0,40.0
2433,1,7302,54,,,2,6.0,4.0,
2433,2,7302,57,,6.0,1,1.0,4.0,40.0
2433,3,7302,31,,1.0,1,1.0,2.0,40.0
2433,4,7302,0,,,2,,,
2433,5,7302,24,,1.0,2,1.0,4.0,40.0
2434,1,7315,57,,3.0,1,1.0,4.0,35.0
2434,2,7315,46,,1.0,2,1.0,4.0,40.0
2434,3,7315,12,8.0,,1,,,
2434,4,7315,6,3.0,,2,,,
2434,5,7315,6,3.0,,1,,,
2434,6,7315,3,1.0,,2,,,
2435,1,7312,74,,1.0,2,1.0,4.0,35.0
2435,2,7312,70,,7.0,1,1.0,2.0,70.0
2435,3,7312,52,,1.0,1,1.0,4.0,35.0
2435,4,7312,49,,1.0,2,1.0,4.0,28.0
2435,5,7312,21,,1.0,2,1.0,4.0,20.0
2436,1,7313,70,,,1,6.0,4.0,
2436,2,7313,56,,,1,6.0,4.0,
2437,1,7322,37,,1.0,2,1.0,4.0,40.0
2437,2,7322,11,7.0,,2,,,
2437,3,7322,1,,,2,,,
2437,4,7322,1,,,2,,,
2437,5,7322,63,,1.0,1,1.0,4.0,38.0
2437,6,7322,61,,1.0,2,1.0,4.0,8.0
2438,1,7315,68,,,2,6.0,4.0,
2438,2,7315,75,,,1,6.0,2.0,
2439,1,7314,54,,1.0,1,1.0,4.0,40.0
2439,2,7314,51,,1.0,2,1.0,4.0,40.0
2440,1,7302,67,,,2,6.0,4.0,
2441,1,7315,55,,4.0,1,1.0,4.0,40.0
2441,2,7315,55,16.0,3.0,2,1.0,4.0,40.0
2441,3,7315,23,,1.0,1,1.0,4.0,32.0
2442,1,7301,69,,1.0,1,6.0,2.0,
2442,2,7301,66,,2.0,2,6.0,4.0,
2443,1,7311,74,,,2,6.0,4.0,
2443,2,7311,53,,1.0,2,1.0,4.0,37.0
2444,1,7305,80,,,2,6.0,4.0,
2445,1,7308,39,,2.0,1,1.0,4.0,40.0
2445,2,7308,37,,,2,6.0,4.0,
2445,3,7308,5,1.0,,2,,,
2445,4,7308,2,,,1,,,
2446,1,7312,32,,1.0,2,1.0,4.0,50.0
2446,2,7312,7,3.0,,1,,,
2446,3,7312,2,,,2,,,
2447,1,7312,61,,1.0,1,1.0,4.0,43.0
2447,2,7312,47,,1.0,2,1.0,4.0,43.0
2448,1,7316,57,,2.0,1,1.0,4.0,43.0
2449,1,7304,47,,2.0,1,1.0,4.0,40.0
2449,2,7304,44,,1.0,2,1.0,4.0,40.0
2449,3,7304,13,10.0,,1,,,
2449,4,7304,10,7.0,,2,,,
2450,1,7311,38,,6.0,1,1.0,4.0,60.0
2450,2,7311,40,,7.0,2,1.0,4.0,40.0
2450,3,7311,6,2.0,,1,,,
2450,4,7311,4,1.0,,2,,,
2451,1,7314,47,,1.0,1,1.0,4.0,40.0
2452,1,7312,70,,1.0,1,1.0,2.0,30.0
2452,2,7312,62,,3.0,2,6.0,4.0,
2453,1,7301,74,,1.0,1,1.0,2.0,40.0
2453,2,7301,66,,2.0,2,1.0,4.0,36.0
2454,1,7316,41,,1.0,1,1.0,4.0,45.0
2454,2,7316,38,,5.0,1,4.0,1.0,40.0
2455,1,7308,45,,1.0,2,1.0,4.0,40.0
2455,2,7308,59,,,1,6.0,4.0,
2455,3,7308,14,11.0,,2,,,
2456,1,7316,70,,6.0,1,1.0,2.0,3.0
2457,1,7305,66,,,2,6.0,4.0,
2458,1,7317,21,15.0,,1,6.0,4.0,
2458,2,7317,21,15.0,,1,6.0,4.0,
2458,3,7317,21,15.0,,1,6.0,4.0,
2458,4,7317,21,15.0,,1,6.0,4.0,
2458,5,7317,21,15.0,,1,6.0,4.0,
2458,6,7317,21,15.0,,1,6.0,4.0,
2459,1,7318,31,,1.0,1,1.0,4.0,40.0
2459,2,7318,31,,3.0,2,1.0,4.0,45.0
2459,3,7318,3,,,2,,,
2459,4,7318,1,,,2,,,
2460,1,7301,38,,1.0,1,1.0,4.0,40.0
2461,1,7316,72,,,1,6.0,4.0,
2462,1,7312,48,,1.0,1,1.0,4.0,40.0
2462,2,7312,42,,,2,6.0,4.0,
2462,3,7312,18,15.0,,1,6.0,4.0,
2462,4,7312,15,14.0,,2,,,
2463,1,7319,67,,4.0,1,6.0,2.0,
2463,2,7319,67,,,2,6.0,4.0,
2464,1,7311,35,16.0,1.0,1,1.0,4.0,50.0
2464,2,7311,29,,1.0,2,1.0,4.0,40.0
2465,1,7316,27,,5.0,1,4.0,1.0,50.0
2465,2,7316,24,,5.0,2,1.0,2.0,50.0
2466,1,7304,70,,7.0,1,6.0,4.0,
2466,2,7304,65,,1.0,2,6.0,4.0,
2467,1,7309,57,,1.0,2,1.0,4.0,50.0
2467,2,7309,50,,,1,6.0,4.0,
2468,1,7320,51,,,2,6.0,4.0,
2468,2,7320,56,,1.0,1,1.0,4.0,50.0
2468,3,7320,23,15.0,2.0,2,1.0,4.0,40.0
2468,4,7320,20,15.0,1.0,2,1.0,4.0,30.0
2469,1,7315,64,,1.0,1,1.0,4.0,37.0
2469,2,7315,53,,,2,6.0,4.0,
2470,1,7308,58,,1.0,1,1.0,4.0,30.0
2470,2,7308,61,,,2,6.0,4.0,
2471,1,7321,76,,3.0,1,1.0,2.0,20.0
2471,2,7321,20,,1.0,2,1.0,4.0,16.0
2471,3,7321,20,,1.0,2,1.0,4.0,20.0
2472,1,7314,30,,5.0,1,4.0,1.0,40.0
2473,1,7304,42,,1.0,2,1.0,4.0,35.0
2473,2,7304,15,13.0,,1,,,
2474,1,7313,50,,5.0,2,4.0,1.0,40.0
2474,2,7313,41,15.0,1.0,1,1.0,4.0,40.0
2474,3,7313,17,13.0,,1,6.0,4.0,
2475,1,7302,81,,,2,6.0,4.0,
2476,1,7321,88,,,2,6.0,4.0,
2477,1,7313,62,,,1,6.0,4.0,
2477,2,7313,53,,,2,6.0,4.0,
2477,3,7313,32,,1.0,1,1.0,4.0,60.0
2478,1,7315,68,,,1,6.0,4.0,
2479,1,7321,62,,1.0,2,1.0,4.0,40.0
2479,2,7321,66,,1.0,1,1.0,4.0,40.0
2479,3,7321,30,,,1,6.0,4.0,
2479,4,7321,28,,6.0,2,1.0,4.0,3.0
2479,5,7321,52,,6.0,2,1.0,4.0,40.0
2480,1,7301,86,,,2,6.0,4.0,
2481,1,7302,36,,1.0,1,1.0,4.0,50.0
2481,2,7302,34,,1.0,2,1.0,4.0,20.0
2481,3,7302,2,,,2,,,
2481,4,7302,0,,,1,,,
2482,1,7306,54,,1.0,1,1.0,4.0,40.0
2482,2,7306,57,,6.0,2,1.0,4.0,10.0
2482,3,7306,17,13.0,,2,6.0,4.0,
2483,1,7304,43,,1.0,2,1.0,4.0,40.0
2483,2,7304,48,,1.0,1,1.0,4.0,40.0
2483,3,7304,22,,1.0,1,1.0,4.0,10.0
2483,4,7304,14,10.0,,2,,,
2483,5,7304,11,7.0,,2,,,
2483,6,7304,65,,6.0,2,1.0,4.0,40.0
2484,1,7307,66,,1.0,1,6.0,4.0,
2484,2,7307,69,,,2,6.0,4.0,
2485,1,7303,73,,3.0,1,6.0,2.0,
2485,2,7303,71,,,2,6.0,4.0,
2486,1,7311,64,,1.0,1,1.0,4.0,40.0
2486,2,7311,59,,,2,6.0,4.0,
2486,3,7311,26,,3.0,2,1.0,4.0,40.0
2486,4,7311,24,,3.0,2,1.0,4.0,38.0
2487,1,7304,69,,1.0,1,6.0,4.0,
2487,2,7304,65,,,2,6.0,4.0,
2488,1,7301,47,15.0,2.0,1,6.0,4.0,
2489,1,7313,40,16.0,1.0,2,1.0,4.0,40.0
2489,2,7313,66,,,2,6.0,4.0,
2490,1,7303,50,,1.0,2,1.0,2.0,38.0
2490,2,7303,29,,7.0,1,1.0,4.0,40.0
2491,1,7315,46,,1.0,1,3.0,4.0,48.0
2491,2,7315,41,,1.0,2,1.0,4.0,50.0
2491,3,7315,9,6.0,,2,,,
2491,4,7315,5,2.0,,1,,,
2491,5,7315,78,,,2,6.0,4.0,
2492,1,7312,64,,1.0,2,6.0,4.0,
2492,2,7312,56,,5.0,1,1.0,2.0,40.0
2492,3,7312,20,15.0,1.0,1,1.0,4.0,36.0
2493,1,7301,30,,5.0,1,6.0,2.0,60.0
2493,2,7301,27,16.0,1.0,2,1.0,4.0,30.0
2494,1,7311,60,,2.0,2,1.0,4.0,12.0
2494,2,7311,61,,1.0,1,1.0,4.0,42.0
2495,1,7321,58,,1.0,2,1.0,4.0,20.0
2495,2,7321,59,,1.0,1,1.0,4.0,40.0
2495,3,7321,25,15.0,1.0,2,1.0,4.0,20.0
2495,4,7321,20,15.0,1.0,1,1.0,4.0,40.0
2495,5,7321,25,15.0,,1,6.0,4.0,
2496,1,7307,59,,1.0,1,1.0,4.0,40.0
2496,2,7307,57,,1.0,2,6.0,4.0,
2497,1,7309,88,,,1,6.0,2.0,
2498,1,7316,38,,2.0,2,1.0,4.0,40.0
2499,1,7306,72,,1.0,1,1.0,2.0,40.0
2499,2,7306,64,,2.0,1,1.0,2.0,50.0
2500,1,7317,19,15.0,1.0,1,1.0,4.0,20.0
2500,2,7317,20,15.0,1.0,1,1.0,4.0,20.0
2501,1,7308,65,,7.0,1,6.0,4.0,30.0
2502,1,7305,71,,1.0,1,6.0,4.0,
2502,2,7305,69,,1.0,2,6.0,4.0,
2503,1,7321,67,,1.0,2,1.0,4.0,40.0
2504,1,7302,34,,2.0,2,1.0,4.0,25.0
2504,2,7302,40,,5.0,1,1.0,2.0,40.0
2504,3,7302,6,2.0,,2,,,
2504,4,7302,2,,,2,,,
2504,5,7302,1,,,1,,,
2505,1,7313,40,,1.0,2,1.0,4.0,40.0
2505,2,7313,48,,1.0,1,1.0,2.0,40.0
2505,3,7313,8,5.0,,2,,,
2506,1,7316,82,,,1,6.0,4.0,
2506,2,7316,80,,,2,6.0,4.0,
2507,1,7316,24,,1.0,2,1.0,4.0,60.0
2508,1,7311,41,,7.0,1,6.0,4.0,
2508,2,7311,42,,,2,6.0,4.0,
2508,3,7311,12,9.0,,2,,,
2508,4,7311,10,7.0,,1,,,
2509,1,7321,44,14.0,1.0,2,1.0,4.0,80.0
2509,2,7321,46,,1.0,1,1.0,4.0,65.0
2509,3,7321,25,16.0,1.0,1,1.0,4.0,40.0
2509,4,7321,18,14.0,,1,6.0,4.0,
2510,1,7308,40,,1.0,2,1.0,4.0,41.0
2510,2,7308,43,,1.0,1,1.0,4.0,40.0
2510,3,7308,8,5.0,,2,,,
2510,4,7308,5,2.0,,2,,,
2511,1,7301,72,,,2,6.0,4.0,
2512,1,7310,31,,1.0,1,1.0,4.0,45.0
2512,2,7310,33,,1.0,2,1.0,4.0,45.0
2513,1,7312,69,,2.0,2,6.0,4.0,5.0
2514,1,7320,37,,2.0,2,1.0,4.0,40.0
2514,2,7320,49,,2.0,1,1.0,4.0,40.0
2514,3,7320,6,2.0,,1,,,
2514,4,7320,3,,,1,,,
2514,5,7320,21,15.0,1.0,1,1.0,4.0,20.0
2515,1,7317,60,,,1,6.0,4.0,
2515,2,7317,72,,,1,6.0,2.0,
2515,3,7317,47,,4.0,1,3.0,4.0,
2516,1,7306,67,,,1,6.0,4.0,
2516,2,7306,61,,1.0,2,1.0,4.0,40.0
2517,1,7319,31,,2.0,2,6.0,4.0,
2517,2,7319,31,,1.0,1,1.0,4.0,50.0
2517,3,7319,3,1.0,,1,,,
2517,4,7319,1,,,2,,,
2518,1,7301,94,,,2,6.0,4.0,
2519,1,7317,44,,1.0,1,1.0,4.0,43.0
2519,2,7317,35,15.0,1.0,2,2.0,4.0,40.0
2519,3,7317,7,4.0,,1,,,
2520,1,7318,80,,2.0,2,6.0,4.0,
2520,2,7318,58,,1.0,2,1.0,4.0,16.0
2521,1,7307,34,,3.0,2,1.0,4.0,40.0
2521,2,7307,36,15.0,3.0,1,1.0,4.0,40.0
2521,3,7307,7,4.0,,1,,,
2521,4,7307,4,1.0,,2,,,
2522,1,7319,94,,,2,6.0,4.0,
2523,1,7321,76,,,2,6.0,4.0,
2524,1,7307,72,,,1,6.0,4.0,
2524,2,7307,66,,3.0,2,6.0,4.0,
2524,3,7307,20,,5.0,1,4.0,3.0,45.0
2525,1,7305,49,,1.0,1,1.0,4.0,40.0
2525,2,7305,48,,1.0,2,1.0,4.0,40.0
2525,3,7305,25,,1.0,1,1.0,4.0,25.0
2526,1,7322,48,,1.0,1,1.0,4.0,80.0
2526,2,7322,47,12.0,,2,6.0,4.0,
2526,3,7322,18,14.0,,1,6.0,4.0,
2527,1,7304,47,,1.0,1,1.0,4.0,50.0
2527,2,7304,47,,,2,6.0,4.0,
2527,3,7304,16,12.0,,2,6.0,,
2527,4,7304,13,10.0,,1,,,
2528,1,7302,36,,1.0,2,1.0,4.0,25.0
2528,2,7302,57,,1.0,1,1.0,4.0,60.0
2528,3,7302,5,2.0,,1,,,
2528,4,7302,3,1.0,,2,,,
2528,5,7302,65,,,2,6.0,4.0,
2529,1,7313,64,,2.0,2,2.0,4.0,40.0
2529,2,7313,66,,6.0,1,2.0,4.0,30.0
2530,1,7310,59,,3.0,1,1.0,4.0,40.0
2530,2,7310,47,,1.0,2,1.0,4.0,30.0
2531,1,7319,64,,,1,6.0,4.0,
2531,2,7319,63,,2.0,2,6.0,4.0,40.0
2532,1,7309,50,,5.0,1,1.0,2.0,40.0
2532,2,7309,51,,3.0,2,1.0,4.0,40.0
2532,3,7309,17,14.0,1.0,1,6.0,4.0,40.0
2532,4,7309,74,,,1,6.0,4.0,
2533,1,7319,46,,7.0,2,1.0,4.0,40.0
2533,2,7319,51,,4.0,1,1.0,4.0,40.0
2534,1,7314,32,,1.0,1,1.0,4.0,40.0
2534,2,7314,29,,2.0,2,1.0,4.0,32.0
2534,3,7314,2,,,2,,,
2535,1,7304,35,,1.0,1,1.0,4.0,40.0
2535,2,7304,34,,1.0,2,1.0,4.0,25.0
2535,3,7304,1,,,2,,,
2536,1,7318,65,15.0,1.0,1,6.0,4.0,
2536,2,7318,63,,5.0,2,1.0,4.0,40.0
2536,3,7318,37,,1.0,1,1.0,4.0,45.0
2536,4,7318,66,,1.0,1,1.0,4.0,40.0
2537,1,7314,34,,5.0,1,4.0,1.0,50.0
2537,2,7314,37,,3.0,2,6.0,4.0,20.0
2537,3,7314,11,8.0,,2,,,
2537,4,7314,9,6.0,,1,,,
2538,1,7321,72,,,2,6.0,4.0,
2539,1,7316,79,,2.0,1,6.0,2.0,6.0
2539,2,7316,79,,,2,6.0,4.0,
2539,3,7316,55,,1.0,1,1.0,4.0,40.0
2539,4,7316,51,,1.0,1,1.0,4.0,40.0
2539,5,7316,23,15.0,1.0,2,1.0,4.0,30.0
2539,6,7316,16,13.0,,2,6.0,,
2539,7,7316,54,,1.0,1,1.0,4.0,40.0
2540,1,7319,32,,1.0,2,1.0,2.0,40.0
2540,2,7319,8,4.0,,1,,,
2541,1,7307,43,,1.0,1,1.0,4.0,40.0
2541,2,7307,43,,,2,6.0,4.0,
2541,3,7307,25,,1.0,1,1.0,4.0,40.0
2541,4,7307,22,,1.0,1,1.0,4.0,40.0
2541,5,7307,18,15.0,1.0,2,1.0,4.0,15.0
2542,1,7312,22,,,2,6.0,4.0,
2542,2,7312,1,,,2,,,
2543,1,7317,68,,2.0,1,1.0,3.0,60.0
2543,2,7317,69,,,2,6.0,4.0,
2544,1,7305,33,,1.0,2,1.0,4.0,40.0
2544,2,7305,35,,1.0,1,1.0,4.0,40.0
2544,3,7305,1,,,2,,,
2544,4,7305,0,,,2,,,
2545,1,7309,38,,1.0,1,1.0,4.0,45.0
2545,2,7309,36,,1.0,2,1.0,4.0,24.0
2545,3,7309,7,4.0,,1,,,
2545,4,7309,3,,,2,,,
2546,1,7319,56,,3.0,2,1.0,4.0,50.0
2546,2,7319,58,,1.0,1,1.0,4.0,50.0
2546,3,7319,78,,,2,6.0,4.0,
2547,1,7312,25,,1.0,1,1.0,4.0,40.0
2547,2,7312,20,16.0,,1,6.0,4.0,
2547,3,7312,17,,1.0,1,2.0,2.0,40.0
2548,1,7301,32,15.0,1.0,2,1.0,2.0,40.0
2548,2,7301,11,8.0,,2,,,
2548,3,7301,10,6.0,,1,,,
2548,4,7301,7,4.0,,1,,,
2549,1,7304,61,,,2,6.0,4.0,
2550,1,7319,54,,1.0,2,1.0,4.0,42.0
2550,2,7319,28,,1.0,2,1.0,4.0,47.0
2550,3,7319,15,12.0,,2,,,
2550,4,7319,29,,1.0,1,1.0,4.0,40.0
2551,1,7308,42,,1.0,1,1.0,4.0,45.0
2551,2,7308,29,,1.0,2,1.0,4.0,42.0
2552,1,7313,70,,,1,6.0,4.0,
2552,2,7313,60,,1.0,2,2.0,4.0,24.0
2552,3,7313,30,,1.0,2,1.0,4.0,40.0
2553,1,7313,76,,,2,6.0,4.0,
2553,2,7313,51,,9.0,2,3.0,4.0,
2554,1,7313,77,,1.0,1,1.0,3.0,60.0
2554,2,7313,76,,,1,6.0,4.0,
2554,3,7313,68,,1.0,2,1.0,4.0,40.0
2554,4,7313,55,,1.0,1,1.0,4.0,40.0
2554,5,7313,33,,1.0,1,1.0,2.0,35.0
2555,1,7301,75,,2.0,2,1.0,4.0,30.0
2556,1,7308,94,,,2,6.0,4.0,
2557,1,7318,68,,,1,6.0,2.0,
2557,2,7318,68,,5.0,2,6.0,4.0,
2557,3,7318,36,,9.0,1,3.0,4.0,
2558,1,7314,43,,7.0,1,1.0,4.0,35.0
2558,2,7314,40,,1.0,2,1.0,4.0,30.0
2559,1,7321,67,,6.0,1,1.0,4.0,30.0
2560,1,7304,94,,,2,6.0,4.0,
2561,1,7308,47,,4.0,2,1.0,4.0,40.0
2561,2,7308,41,,4.0,1,1.0,4.0,40.0
2561,3,7308,12,9.0,,2,,,
2562,1,7309,62,,1.0,1,1.0,4.0,40.0
2562,2,7309,49,,1.0,2,1.0,4.0,40.0
2562,3,7309,15,11.0,,2,,,
2562,4,7309,13,10.0,,1,,,
2563,1,7306,54,,3.0,1,1.0,4.0,40.0
2563,2,7306,49,,1.0,2,3.0,4.0,
2564,1,7313,29,,1.0,1,1.0,4.0,25.0
2564,2,7313,53,,1.0,1,3.0,4.0,40.0
2565,1,7317,19,15.0,,2,6.0,4.0,
2565,2,7317,19,15.0,1.0,2,3.0,4.0,
2565,3,7317,19,,1.0,2,1.0,4.0,40.0
2565,4,7317,19,15.0,,2,6.0,4.0,
2566,1,7320,34,,5.0,2,1.0,4.0,40.0
2566,2,7320,35,,5.0,1,4.0,1.0,60.0
2566,3,7320,17,14.0,,1,6.0,4.0,
2566,4,7320,12,9.0,,2,,,
2567,1,7306,55,,,2,6.0,4.0,
2567,2,7306,14,11.0,,2,,,
2567,3,7306,9,5.0,,2,,,
2568,1,7313,58,,5.0,2,1.0,4.0,25.0
2568,2,7313,60,,,1,6.0,4.0,
2569,1,7317,59,,1.0,1,1.0,4.0,40.0
2569,2,7317,55,,1.0,2,1.0,4.0,40.0
2569,3,7317,28,,1.0,1,1.0,2.0,40.0
2569,4,7317,19,,1.0,1,1.0,4.0,25.0
2570,1,7313,94,,,2,6.0,4.0,
2571,1,7309,51,,1.0,1,1.0,4.0,50.0
2571,2,7309,45,,1.0,2,1.0,4.0,50.0
2571,3,7309,13,9.0,,1,,,
2571,4,7309,11,7.0,,1,,,
2571,5,7309,73,,,1,6.0,4.0,
2571,6,7309,72,,,2,6.0,4.0,
2572,1,7309,94,,,1,6.0,2.0,
2573,1,7308,89,,,1,6.0,2.0,
2573,2,7308,90,,,2,6.0,4.0,
2574,1,7312,38,,1.0,1,1.0,4.0,40.0
2574,2,7312,39,15.0,4.0,2,1.0,2.0,40.0
2574,3,7312,16,13.0,,1,6.0,,
2574,4,7312,15,11.0,,1,,,
2574,5,7312,13,11.0,,2,,,
2575,1,7303,30,,1.0,2,1.0,4.0,25.0
2575,2,7303,33,,1.0,1,6.0,4.0,30.0
2576,1,7303,47,,4.0,2,1.0,4.0,80.0
2576,2,7303,17,14.0,4.0,2,1.0,4.0,20.0
2577,1,7322,53,,5.0,1,1.0,2.0,40.0
2577,2,7322,54,,6.0,2,1.0,4.0,40.0
2578,1,7321,69,,1.0,2,1.0,4.0,30.0
2578,2,7321,63,,6.0,1,1.0,4.0,50.0
2579,1,7305,53,,1.0,2,1.0,2.0,40.0
2580,1,7313,49,,,2,6.0,4.0,
2580,2,7313,50,,1.0,1,1.0,2.0,40.0
2580,3,7313,45,,,1,6.0,4.0,
2581,1,7314,63,,1.0,2,1.0,4.0,50.0
2582,1,7309,67,,1.0,2,1.0,4.0,24.0
2583,1,7314,85,,,1,6.0,2.0,
2583,2,7314,82,,,2,6.0,4.0,
2584,1,7313,60,,1.0,1,1.0,4.0,59.0
2584,2,7313,57,15.0,,2,6.0,4.0,
2584,3,7313,21,15.0,,1,6.0,4.0,
2585,1,7301,49,,1.0,1,1.0,2.0,40.0
2585,2,7301,36,,1.0,2,1.0,4.0,40.0
2585,3,7301,2,,,2,,,
2585,4,7301,13,9.0,,2,,,
2585,5,7301,17,13.0,1.0,2,1.0,4.0,20.0
2586,1,7312,67,,1.0,1,1.0,4.0,40.0
2586,2,7312,62,,2.0,2,1.0,4.0,25.0
2586,3,7312,17,14.0,,2,6.0,4.0,
2587,1,7314,21,15.0,1.0,1,1.0,4.0,20.0
2588,1,7311,60,,1.0,2,1.0,4.0,40.0
2588,2,7311,64,,1.0,1,6.0,2.0,
2588,3,7311,32,,1.0,1,1.0,4.0,40.0
2589,1,7308,45,,5.0,1,1.0,2.0,40.0
2589,2,7308,41,,6.0,2,1.0,4.0,10.0
2589,3,7308,10,7.0,,2,,,
2589,4,7308,8,5.0,,2,,,
2590,1,7319,60,,,1,6.0,4.0,
2590,2,7319,59,,,2,6.0,4.0,
2590,3,7319,82,,,2,6.0,4.0,
2591,1,7301,72,,,2,6.0,4.0,
2591,2,7301,41,,,2,6.0,4.0,
2591,3,7301,94,,,1,6.0,4.0,
2592,1,7305,89,,,2,6.0,4.0,
2592,2,7305,89,,,1,6.0,2.0,
2593,1,7316,38,,6.0,2,1.0,4.0,45.0
2594,1,7304,47,16.0,1.0,1,1.0,2.0,40.0
2594,2,7304,16,13.0,,1,6.0,,
2595,1,7308,38,,1.0,1,1.0,4.0,45.0
2595,2,7308,37,,1.0,2,3.0,4.0,
2596,1,7316,33,,1.0,2,1.0,4.0,40.0
2596,2,7316,15,12.0,,1,,,
2597,1,7319,81,,,2,6.0,4.0,
2597,2,7319,83,,,1,6.0,2.0,
2598,1,7316,72,,1.0,1,1.0,2.0,40.0
2598,2,7316,60,,3.0,2,6.0,4.0,
2599,1,7321,79,,,2,6.0,4.0,
2600,1,7306,65,,1.0,1,1.0,4.0,40.0
2600,2,7306,65,,6.0,2,1.0,4.0,40.0
2600,3,7306,17,14.0,,1,6.0,4.0,
2601,1,7317,55,,3.0,2,1.0,4.0,20.0
2601,2,7317,15,12.0,,1,,,
2601,3,7317,13,10.0,,2,,,
2602,1,7317,40,15.0,1.0,1,1.0,4.0,40.0
2603,1,7309,48,,1.0,2,6.0,4.0,40.0
2603,2,7309,54,,1.0,1,1.0,4.0,45.0
2603,3,7309,9,5.0,,1,,,
2604,1,7309,94,,,2,6.0,4.0,
2605,1,7309,41,,3.0,1,1.0,4.0,56.0
2605,2,7309,38,,1.0,2,1.0,4.0,40.0
2605,3,7309,7,3.0,,1,,,
2605,4,7309,6,2.0,,1,,,
2605,5,7309,4,1.0,,2,,,
2606,1,7305,69,,1.0,1,6.0,4.0,
2606,2,7305,57,,4.0,2,1.0,4.0,41.0
2607,1,7310,36,,4.0,2,1.0,4.0,45.0
2607,2,7310,37,,1.0,1,1.0,4.0,40.0
2607,3,7310,6,3.0,,1,,,
2607,4,7310,4,1.0,,2,,,
2608,1,7306,20,15.0,1.0,2,1.0,4.0,30.0
2608,2,7306,3,,,2,,,
2608,3,7306,24,,1.0,2,1.0,2.0,40.0
2609,1,7311,25,15.0,1.0,1,1.0,4.0,40.0
2609,2,7311,23,15.0,1.0,2,2.0,4.0,10.0
2609,3,7311,4,1.0,,2,,,
2609,4,7311,34,,1.0,1,1.0,4.0,40.0
2609,5,7311,33,,1.0,2,1.0,4.0,40.0
2609,6,7311,30,,1.0,1,1.0,4.0,40.0
2609,7,7311,24,15.0,1.0,1,1.0,4.0,8.0
2609,8,7311,24,15.0,1.0,2,1.0,4.0,20.0
2609,9,7311,49,,,2,6.0,4.0,
2609,10,7311,3,1.0,,1,,,
2609,11,7311,2,,,2,,,
2610,1,7319,42,,1.0,2,3.0,4.0,30.0
2610,2,7319,15,11.0,,1,,,
2610,3,7319,13,10.0,,2,,,
2610,4,7319,8,4.0,,1,,,
2611,1,7316,25,,,1,6.0,4.0,
2611,2,7316,24,15.0,1.0,1,3.0,2.0,
2612,1,7301,43,,1.0,1,1.0,4.0,40.0
2612,2,7301,32,,1.0,2,1.0,4.0,35.0
2612,3,7301,12,9.0,,2,,,
2612,4,7301,9,5.0,,1,,,
2612,5,7301,6,2.0,,1,,,
2613,1,7306,30,,6.0,1,1.0,4.0,40.0
2614,1,7314,69,,,2,6.0,4.0,
2615,1,7314,77,,,1,6.0,2.0,
2615,2,7314,78,,,2,6.0,4.0,
2616,1,7313,67,,,2,6.0,4.0,
2617,1,7315,59,,,2,6.0,4.0,
2617,2,7315,59,,1.0,1,1.0,4.0,40.0
2618,1,7301,20,15.0,1.0,2,1.0,4.0,30.0
2619,1,7308,71,,,1,6.0,4.0,
2619,2,7308,62,,4.0,2,6.0,4.0,
2620,1,7311,67,,8.0,1,6.0,4.0,
2620,2,7311,45,,,2,6.0,4.0,
2620,3,7311,20,15.0,,2,6.0,4.0,
2621,1,7305,63,,1.0,1,1.0,4.0,20.0
2621,2,7305,65,,1.0,2,6.0,4.0,
2622,1,7310,26,,1.0,2,1.0,4.0,30.0
2622,2,7310,26,,2.0,2,1.0,4.0,40.0
2623,1,7307,43,,6.0,1,1.0,4.0,40.0
2623,2,7307,49,,1.0,2,6.0,4.0,
2623,3,7307,22,,1.0,2,1.0,4.0,30.0
2623,4,7307,18,14.0,,2,6.0,4.0,
2624,1,7305,43,,6.0,1,1.0,4.0,50.0
2624,2,7305,45,,1.0,2,1.0,4.0,40.0
2624,3,7305,3,1.0,,1,,,
2625,1,7303,62,,1.0,1,1.0,4.0,40.0
2626,1,7319,43,,4.0,2,1.0,4.0,40.0
2626,2,7319,15,11.0,,1,,,
2626,3,7319,9,5.0,,1,,,
2627,1,7311,38,,4.0,2,1.0,2.0,40.0
2627,2,7311,39,,3.0,1,3.0,4.0,30.0
2627,3,7311,6,3.0,,2,,,
2627,4,7311,4,1.0,,2,,,
2628,1,7319,85,,5.0,1,1.0,2.0,40.0
2628,2,7319,65,,,2,6.0,2.0,
2628,3,7319,41,,1.0,1,1.0,4.0,60.0
2628,4,7319,40,,,1,6.0,4.0,
2628,5,7319,57,,9.0,2,3.0,4.0,
2628,6,7319,3,,,2,,,
2629,1,7321,23,,1.0,2,1.0,4.0,21.0
2629,2,7321,28,,1.0,1,1.0,4.0,39.0
2629,3,7321,2,,,2,,,
2630,1,7308,29,,1.0,1,1.0,4.0,40.0
2630,2,7308,37,15.0,,1,6.0,2.0,
2630,3,7308,26,16.0,1.0,1,1.0,4.0,40.0
2630,4,7308,26,,1.0,1,1.0,4.0,40.0
2631,1,7314,26,,2.0,2,1.0,4.0,40.0
2632,1,7312,23,15.0,1.0,1,6.0,4.0,
2632,2,7312,27,16.0,,1,6.0,4.0,
2632,3,7312,57,,1.0,1,1.0,4.0,40.0
2632,4,7312,52,,1.0,2,1.0,4.0,30.0
2632,5,7312,84,,,2,6.0,4.0,
2633,1,7322,23,,5.0,1,1.0,4.0,40.0
2633,2,7322,21,15.0,1.0,2,1.0,4.0,2.0
2634,1,7301,46,,1.0,2,1.0,4.0,60.0
2635,1,7315,82,,,1,6.0,3.0,
2636,1,7322,67,,,2,6.0,4.0,
2637,1,7310,68,,4.0,1,1.0,4.0,35.0
2637,2,7310,66,,1.0,2,6.0,4.0,
2638,1,7313,36,,1.0,1,1.0,4.0,40.0
2639,1,7308,50,,1.0,1,1.0,2.0,40.0
2639,2,7308,40,,3.0,2,1.0,4.0,55.0
2639,3,7308,7,4.0,,2,,,
2640,1,7318,63,,,1,6.0,4.0,
2641,1,7303,65,,3.0,1,6.0,4.0,40.0
2641,2,7303,57,,1.0,2,1.0,4.0,50.0
2641,3,7303,23,15.0,4.0,1,1.0,4.0,10.0
2641,4,7303,21,,,1,6.0,4.0,
2642,1,7307,72,,,1,6.0,4.0,
2642,2,7307,70,,,2,6.0,4.0,
2643,1,7316,77,,2.0,2,1.0,4.0,15.0
2643,2,7316,68,,,1,6.0,4.0,
2644,1,7321,66,,,1,6.0,4.0,
2645,1,7316,37,,6.0,1,1.0,4.0,36.0
2645,2,7316,34,,1.0,2,1.0,4.0,35.0
2645,3,7316,16,13.0,,1,6.0,,
2645,4,7316,9,5.0,,1,,,
2645,5,7316,4,1.0,,2,,,
2646,1,7309,47,,,2,6.0,4.0,
2646,2,7309,48,,7.0,1,1.0,2.0,55.0
2646,3,7309,17,14.0,,1,6.0,4.0,
2646,4,7309,15,12.0,,1,,,
2647,1,7303,73,,,2,6.0,4.0,
2648,1,7308,73,,,1,6.0,4.0,
2649,1,7316,33,,1.0,2,1.0,4.0,40.0
2650,1,7301,69,,1.0,1,1.0,2.0,40.0
2651,1,7308,66,,1.0,2,6.0,4.0,60.0
2652,1,7303,57,,2.0,2,1.0,4.0,50.0
2652,2,7303,48,,1.0,1,2.0,4.0,40.0
2653,1,7304,50,,1.0,1,1.0,4.0,99.0
2653,2,7304,51,,1.0,2,1.0,4.0,80.0
2653,3,7304,12,9.0,,1,,,
2654,1,7311,50,,1.0,1,1.0,4.0,40.0
2654,2,7311,52,,,2,6.0,4.0,
2654,3,7311,14,10.0,,2,,,
2654,4,7311,12,9.0,,2,,,
2654,5,7311,77,,,2,6.0,4.0,
2655,1,7313,42,16.0,3.0,2,1.0,4.0,60.0
2655,2,7313,43,15.0,1.0,1,1.0,4.0,40.0
2655,3,7313,17,14.0,,1,6.0,4.0,
2655,4,7313,13,10.0,,2,,,
2656,1,7317,77,,,2,6.0,4.0,
2656,2,7317,83,,,1,6.0,2.0,
2657,1,7313,46,,1.0,2,1.0,4.0,50.0
2657,2,7313,50,,1.0,1,1.0,4.0,45.0
2657,3,7313,13,10.0,,1,,,
2657,4,7313,11,8.0,,1,,,
2657,5,7313,9,6.0,,2,,,
2658,1,7303,31,,3.0,2,1.0,4.0,40.0
2658,2,7303,31,,3.0,1,1.0,4.0,8.0
2658,3,7303,2,,,2,,,
2658,4,7303,0,,,1,,,
2659,1,7312,32,16.0,4.0,1,2.0,4.0,40.0
2659,2,7312,32,,5.0,2,2.0,4.0,60.0
2660,1,7309,28,,1.0,1,1.0,4.0,40.0
2660,2,7309,29,15.0,2.0,2,1.0,4.0,40.0
2660,3,7309,24,16.0,4.0,1,6.0,4.0,20.0
2661,1,7313,76,,,1,6.0,2.0,
2661,2,7313,76,,,2,6.0,4.0,
2661,3,7313,45,,1.0,1,1.0,4.0,55.0
2662,1,7317,22,15.0,1.0,2,1.0,4.0,28.0
2662,2,7317,14,11.0,,1,,,
2662,3,7317,12,8.0,,2,,,
2662,4,7317,43,,1.0,2,1.0,4.0,40.0
2663,1,7316,51,,1.0,2,1.0,4.0,40.0
2663,2,7316,74,,,2,6.0,4.0,
2664,1,7306,67,,,1,6.0,3.0,
2665,1,7309,53,,6.0,2,1.0,4.0,43.0
2665,2,7309,22,,1.0,1,1.0,4.0,16.0
2666,1,7307,77,,,2,6.0,4.0,
2667,1,7310,38,,1.0,1,1.0,4.0,60.0
2667,2,7310,36,,6.0,2,1.0,4.0,99.0
2667,3,7310,10,7.0,,2,,,
2667,4,7310,7,4.0,,2,,,
2668,1,7319,74,,,2,6.0,4.0,
2668,2,7319,72,,,1,6.0,2.0,
2669,1,7313,46,,1.0,1,1.0,2.0,40.0
2669,2,7313,43,,,2,6.0,4.0,
2669,3,7313,15,11.0,,1,,,
2669,4,7313,12,9.0,,2,,,
2670,1,7319,77,,1.0,1,1.0,3.0,20.0
2670,2,7319,49,,2.0,2,1.0,4.0,40.0
2671,1,7306,60,,1.0,1,1.0,4.0,40.0
2671,2,7306,55,,6.0,2,1.0,4.0,6.0
2672,1,7313,69,,1.0,1,6.0,2.0,9.0
2672,2,7313,52,,6.0,2,6.0,4.0,
2672,3,7313,46,,2.0,2,1.0,4.0,24.0
2673,1,7304,64,,,2,6.0,4.0,
2674,1,7303,23,,1.0,2,1.0,4.0,40.0
2674,2,7303,32,15.0,1.0,1,1.0,4.0,60.0
2674,3,7303,38,,1.0,1,1.0,2.0,50.0
2675,1,7313,56,,1.0,1,1.0,4.0,56.0
2675,2,7313,56,,3.0,2,1.0,4.0,30.0
2675,3,7313,81,15.0,,2,6.0,4.0,
2676,1,7315,72,,6.0,1,1.0,2.0,60.0
2676,2,7315,56,,6.0,2,6.0,4.0,
2676,3,7315,32,,1.0,2,6.0,4.0,
2676,4,7315,2,,,1,,,
2676,5,7315,36,,5.0,1,1.0,2.0,50.0
2676,6,7315,23,,4.0,1,1.0,4.0,40.0
2677,1,7317,72,,6.0,1,1.0,4.0,28.0
2677,2,7317,53,,1.0,2,1.0,4.0,40.0
2678,1,7317,90,,,2,6.0,4.0,
2679,1,7322,46,,1.0,2,1.0,4.0,16.0
2680,1,7318,62,,1.0,2,6.0,4.0,
2681,1,7317,56,,7.0,1,1.0,4.0,40.0
2681,2,7317,23,,1.0,1,3.0,4.0,
2681,3,7317,20,15.0,2.0,2,1.0,4.0,10.0
2681,4,7317,15,11.0,,2,,,
2681,5,7317,27,,,2,6.0,4.0,
2682,1,7321,75,,,2,6.0,4.0,
2682,2,7321,78,,,1,6.0,4.0,
2683,1,7314,54,,1.0,1,1.0,4.0,40.0
2684,1,7313,36,,1.0,2,1.0,4.0,40.0
2684,2,7313,3,,,1,,,
2685,1,7314,42,,1.0,1,1.0,4.0,40.0
2685,2,7314,39,,1.0,2,1.0,4.0,40.0
2685,3,7314,2,,,1,,,
2686,1,7314,43,,6.0,1,1.0,4.0,84.0
2686,2,7314,43,,6.0,2,1.0,4.0,84.0
2686,3,7314,23,15.0,1.0,1,1.0,4.0,30.0
2686,4,7314,23,15.0,3.0,2,1.0,4.0,15.0
2686,5,7314,69,,,2,6.0,4.0,
2687,1,7306,61,,1.0,1,1.0,4.0,40.0
2687,2,7306,51,,3.0,2,1.0,4.0,4.0
2687,3,7306,22,15.0,4.0,2,1.0,4.0,5.0
2687,4,7306,20,15.0,,2,6.0,4.0,
2687,5,7306,18,15.0,,1,6.0,4.0,
2687,6,7306,85,,,2,6.0,4.0,
2688,1,7317,65,,4.0,2,6.0,4.0,
2688,2,7317,31,,1.0,1,1.0,4.0,30.0
2689,1,7301,41,,6.0,2,1.0,4.0,40.0
2689,2,7301,43,,1.0,1,1.0,4.0,60.0
2689,3,7301,5,2.0,,2,,,
2690,1,7318,63,,1.0,1,1.0,2.0,36.0
2690,2,7318,66,,,2,6.0,4.0,
2690,3,7318,37,,1.0,1,1.0,4.0,40.0
2691,1,7321,29,,5.0,1,1.0,2.0,50.0
2691,2,7321,30,,4.0,2,6.0,4.0,40.0
2692,1,7317,38,16.0,6.0,2,1.0,2.0,40.0
2692,2,7317,50,,6.0,1,1.0,4.0,50.0
2693,1,7314,59,,1.0,2,1.0,4.0,47.0
2693,2,7314,17,14.0,,1,6.0,4.0,
2694,1,7306,37,,1.0,1,1.0,2.0,40.0
2694,2,7306,36,,5.0,2,1.0,2.0,40.0
2694,3,7306,4,,,2,,,
2694,4,7306,3,,,2,,,
2694,5,7306,11,8.0,,2,,,
2695,1,7314,71,,1.0,2,1.0,4.0,40.0
2695,2,7314,42,,,1,6.0,4.0,
2696,1,7315,34,,1.0,1,1.0,2.0,45.0
2697,1,7307,57,,6.0,2,1.0,4.0,40.0
2697,2,7307,45,,6.0,1,1.0,4.0,40.0
2698,1,7307,68,,,1,6.0,4.0,
2699,1,7315,36,,6.0,1,1.0,4.0,36.0
2699,2,7315,35,,1.0,2,1.0,4.0,20.0
2699,3,7315,9,5.0,,1,,,
2700,1,7321,80,,6.0,2,1.0,4.0,9.0
2700,2,7321,81,,4.0,1,1.0,4.0,16.0
2701,1,7318,64,,3.0,2,1.0,4.0,50.0
2701,2,7318,68,,1.0,1,1.0,4.0,40.0
2702,1,7322,48,,1.0,2,2.0,4.0,40.0
2702,2,7322,22,15.0,3.0,2,1.0,4.0,25.0
2702,3,7322,14,10.0,,1,,,
2702,4,7322,12,9.0,,1,,,
2702,5,7322,76,,,2,6.0,4.0,
2703,1,7319,46,,1.0,2,1.0,4.0,38.0
2703,2,7319,50,,5.0,1,1.0,4.0,40.0
2703,3,7319,19,15.0,2.0,1,1.0,4.0,15.0
2703,4,7319,17,14.0,,2,6.0,4.0,
2703,5,7319,75,,,2,6.0,4.0,
2703,6,7319,74,,,1,6.0,2.0,
2704,1,7311,60,,,1,6.0,4.0,
2704,2,7311,62,,1.0,2,1.0,4.0,15.0
2704,3,7311,30,,1.0,1,1.0,4.0,40.0
2705,1,7305,32,15.0,1.0,1,1.0,4.0,40.0
2705,2,7305,33,15.0,1.0,2,1.0,4.0,40.0
2705,3,7305,18,15.0,1.0,1,3.0,4.0,16.0
2706,1,7312,20,15.0,,2,6.0,4.0,
2706,2,7312,22,15.0,,2,6.0,4.0,
2706,3,7312,20,15.0,,2,6.0,4.0,
2707,1,7301,72,,,1,6.0,4.0,
2707,2,7301,69,,,2,6.0,4.0,
2708,1,7321,59,,1.0,2,1.0,4.0,36.0
2709,1,7310,25,15.0,5.0,2,4.0,1.0,9.0
2709,2,7310,29,,5.0,1,4.0,1.0,40.0
2709,3,7310,1,,,1,,,
2710,1,7314,70,,1.0,1,6.0,2.0,8.0
2710,2,7314,70,,1.0,2,1.0,4.0,40.0
2711,1,7317,69,,1.0,1,6.0,4.0,
2711,2,7317,55,,,2,6.0,4.0,
2712,1,7309,49,,1.0,1,1.0,4.0,40.0
2712,2,7309,46,,6.0,2,1.0,4.0,16.0
2712,3,7309,11,8.0,,2,,,
2712,4,7309,8,4.0,,2,,,
2712,5,7309,85,,,2,6.0,4.0,
2713,1,7305,52,,1.0,1,1.0,4.0,42.0
2713,2,7305,48,,1.0,2,1.0,4.0,45.0
2714,1,7316,42,,1.0,2,1.0,4.0,45.0
2715,1,7319,68,,6.0,1,6.0,4.0,1.0
2715,2,7319,67,,,2,6.0,4.0,
2715,3,7319,59,,1.0,1,1.0,4.0,40.0
2716,1,7302,76,,,2,6.0,4.0,
2716,2,7302,30,,,2,6.0,4.0,
2716,3,7302,12,9.0,,2,,,
2716,4,7302,9,6.0,,2,,,
2717,1,7316,31,,1.0,2,1.0,4.0,40.0
2718,1,7313,94,,,1,6.0,2.0,
2718,2,7313,94,,,2,6.0,4.0,
2718,3,7313,60,,1.0,2,1.0,4.0,40.0
2719,1,7317,49,,1.0,2,1.0,4.0,25.0
2719,2,7317,20,15.0,1.0,1,6.0,4.0,40.0
2719,3,7317,17,13.0,,1,6.0,4.0,
2720,1,7309,29,,1.0,2,1.0,4.0,48.0
2720,2,7309,39,15.0,2.0,1,6.0,4.0,40.0
2721,1,7313,81,,,2,6.0,4.0,
2722,1,7301,66,,6.0,1,6.0,4.0,10.0
2722,2,7301,65,,3.0,2,6.0,4.0,
2723,1,7321,42,,1.0,1,1.0,4.0,35.0
2723,2,7321,43,,,2,6.0,4.0,
2724,1,7318,58,,6.0,2,1.0,4.0,15.0
2724,2,7318,62,,1.0,1,1.0,4.0,60.0
2724,3,7318,34,,2.0,2,6.0,4.0,
2724,4,7318,80,,,2,6.0,4.0,
2724,5,7318,11,8.0,,1,,,
2724,6,7318,8,5.0,,1,,,
2724,7,7318,1,,,1,,,
2724,8,7318,34,,5.0,1,1.0,4.0,30.0
2725,1,7306,54,,1.0,2,1.0,4.0,30.0
2725,2,7306,58,,,1,6.0,4.0,
2725,3,7306,20,15.0,1.0,2,3.0,4.0,20.0
2725,4,7306,17,14.0,,2,6.0,4.0,
2726,1,7311,48,,1.0,1,1.0,4.0,50.0
2726,2,7311,50,,,2,6.0,4.0,
2726,3,7311,17,13.0,1.0,2,1.0,4.0,5.0
2726,4,7311,14,10.0,,1,,,
2727,1,7319,29,,1.0,2,1.0,4.0,40.0
2728,1,7316,48,,1.0,1,1.0,2.0,56.0
2728,2,7316,34,15.0,2.0,1,1.0,4.0,32.0
2729,1,7315,38,,6.0,2,1.0,4.0,40.0
2729,2,7315,40,,1.0,1,1.0,4.0,43.0
2729,3,7315,1,,,2,,,
2730,1,7317,69,,,2,6.0,4.0,
2730,2,7317,69,,1.0,1,1.0,4.0,20.0
2731,1,7308,45,,6.0,2,1.0,4.0,12.0
2731,2,7308,48,,1.0,1,1.0,4.0,48.0
2731,3,7308,14,10.0,,2,,,
2731,4,7308,10,7.0,,1,,,
2732,1,7301,57,,1.0,2,1.0,4.0,40.0
2733,1,7312,57,,1.0,1,1.0,4.0,40.0
2733,2,7312,51,,1.0,2,1.0,4.0,40.0
2733,3,7312,17,14.0,,1,6.0,4.0,
2733,4,7312,29,,1.0,2,1.0,4.0,32.0
2733,5,7312,25,,1.0,2,1.0,4.0,35.0
2734,1,7315,56,,1.0,1,1.0,4.0,35.0
2735,1,7313,60,,3.0,1,1.0,4.0,40.0
2735,2,7313,69,,7.0,2,6.0,4.0,
2736,1,7319,56,,2.0,1,1.0,4.0,40.0
2736,2,7319,55,,5.0,2,1.0,4.0,60.0
2737,1,7312,22,,5.0,1,4.0,1.0,40.0
2737,2,7312,22,,5.0,2,4.0,1.0,43.0
2737,3,7312,1,,,2,,,
2738,1,7313,74,,,2,6.0,4.0,
2739,1,7316,32,,1.0,2,1.0,4.0,40.0
2739,2,7316,29,,1.0,1,1.0,4.0,40.0
2740,1,7301,61,,1.0,1,3.0,4.0,
2741,1,7308,51,,1.0,2,1.0,4.0,32.0
2741,2,7308,59,,1.0,1,1.0,4.0,40.0
2741,3,7308,12,9.0,,2,,,
2741,4,7308,7,4.0,,1,,,
2742,1,7316,72,,,1,6.0,4.0,
2743,1,7303,50,,2.0,2,1.0,4.0,9.0
2743,2,7303,53,,1.0,1,1.0,4.0,48.0
2743,3,7303,16,13.0,,2,6.0,,
2743,4,7303,12,9.0,,1,,,
2744,1,7313,26,,1.0,1,1.0,4.0,40.0
2744,2,7313,27,,1.0,1,1.0,4.0,40.0
2745,1,7321,26,,1.0,2,1.0,4.0,40.0
2745,2,7321,5,2.0,,2,,,
2745,3,7321,10,7.0,,2,,,
2745,4,7321,46,,1.0,2,1.0,4.0,40.0
2746,1,7302,38,,1.0,1,1.0,4.0,40.0
2746,2,7302,13,10.0,,2,,,
2746,3,7302,11,8.0,,2,,,
2747,1,7320,68,,,1,6.0,2.0,
2747,2,7320,31,,3.0,1,6.0,4.0,
2748,1,7320,67,,6.0,2,3.0,4.0,30.0
2748,2,7320,66,,6.0,1,6.0,4.0,
2749,1,7312,23,15.0,1.0,1,1.0,4.0,17.0
2749,2,7312,24,15.0,1.0,1,1.0,4.0,20.0
2749,3,7312,23,,1.0,1,6.0,4.0,
2749,4,7312,23,,1.0,1,1.0,4.0,38.0
2750,1,7301,27,,5.0,2,4.0,1.0,70.0
2750,2,7301,27,,5.0,1,4.0,1.0,99.0
2751,1,7304,43,,3.0,1,6.0,4.0,15.0
2752,1,7305,44,,1.0,2,1.0,4.0,55.0
2752,2,7305,49,,1.0,1,1.0,2.0,50.0
2752,3,7305,12,9.0,,1,,,
2753,1,7322,52,,6.0,2,1.0,4.0,40.0
2753,2,7322,42,,6.0,1,1.0,4.0,40.0
2753,3,7322,36,,6.0,1,1.0,4.0,40.0
2753,4,7322,19,15.0,,2,6.0,4.0,
2754,1,7317,74,,1.0,1,1.0,4.0,4.0
2755,1,7309,58,,,2,6.0,4.0,
2755,2,7309,59,,6.0,1,1.0,4.0,32.0
2756,1,7301,22,,1.0,2,1.0,4.0,40.0
2756,2,7301,27,,1.0,1,1.0,4.0,55.0
2757,1,7301,34,,1.0,1,1.0,4.0,40.0
2757,2,7301,35,,3.0,2,1.0,4.0,40.0
2758,1,7310,41,,,2,6.0,4.0,
2758,2,7310,51,,5.0,1,1.0,4.0,60.0
2758,3,7310,5,2.0,,2,,,
2758,4,7310,3,1.0,,1,,,
2759,1,7319,57,,1.0,2,1.0,4.0,65.0
2759,2,7319,58,,3.0,1,1.0,4.0,70.0
2759,3,7319,28,,1.0,1,1.0,4.0,72.0
2759,4,7319,17,14.0,,1,6.0,4.0,
2760,1,7315,36,,5.0,1,1.0,4.0,40.0
2760,2,7315,38,,1.0,2,1.0,4.0,40.0
2760,3,7315,3,1.0,,2,,,
2760,4,7315,0,,,2,,,
2761,1,7309,65,,1.0,2,1.0,4.0,36.0
2761,2,7309,65,15.0,1.0,1,1.0,4.0,40.0
2762,1,7308,51,,1.0,1,1.0,4.0,35.0
2762,2,7308,50,,1.0,2,3.0,4.0,40.0
2762,3,7308,7,4.0,,2,,,
2763,1,7302,58,,1.0,1,1.0,4.0,40.0
2764,1,7322,31,,6.0,1,1.0,4.0,40.0
2764,2,7322,31,,,2,6.0,4.0,
2764,3,7322,6,3.0,,1,,,
2764,4,7322,1,,,1,,,
2765,1,7320,21,,5.0,2,4.0,1.0,40.0
2765,2,7320,25,,5.0,1,4.0,1.0,40.0
2766,1,7301,55,,1.0,1,1.0,4.0,40.0
2766,2,7301,59,,,2,6.0,4.0,
2766,3,7301,29,,1.0,1,1.0,4.0,23.0
2766,4,7301,24,15.0,1.0,2,1.0,4.0,25.0
2766,5,7301,22,,1.0,2,1.0,4.0,40.0
2766,6,7301,26,,1.0,1,1.0,4.0,30.0
2767,1,7303,45,,,2,6.0,4.0,
2767,2,7303,45,,1.0,1,6.0,2.0,
2767,3,7303,15,12.0,,1,,,
2767,4,7303,10,7.0,,1,,,
2768,1,7304,80,,,1,6.0,2.0,
2768,2,7304,80,,,2,6.0,4.0,
2769,1,7310,75,,,2,6.0,4.0,
2769,2,7310,85,,,1,6.0,4.0,
2770,1,7303,70,,1.0,1,1.0,4.0,24.0
2771,1,7305,61,,1.0,1,6.0,2.0,
2771,2,7305,59,,3.0,2,6.0,4.0,40.0
2772,1,7315,53,,6.0,1,1.0,4.0,30.0
2772,2,7315,80,,,2,6.0,4.0,
2773,1,7315,74,,,2,6.0,4.0,
2774,1,7321,39,,6.0,2,1.0,4.0,50.0
2774,2,7321,17,14.0,,1,6.0,4.0,
2775,1,7301,75,,,2,6.0,4.0,
2776,1,7321,68,,,2,6.0,4.0,
2776,2,7321,55,,1.0,1,1.0,4.0,60.0
2777,1,7314,73,,,1,6.0,2.0,
2778,1,7301,46,,1.0,2,2.0,4.0,32.0
2778,2,7301,46,,5.0,1,4.0,1.0,50.0
2778,3,7301,10,6.0,,2,,,
2779,1,7315,50,,5.0,1,6.0,2.0,
2779,2,7315,51,,5.0,2,1.0,4.0,40.0
2779,3,7315,20,15.0,2.0,2,6.0,4.0,40.0
2779,4,7315,19,15.0,1.0,2,6.0,4.0,20.0
2780,1,7318,54,,6.0,1,1.0,4.0,60.0
2780,2,7318,67,,,2,6.0,4.0,
2781,1,7309,64,,,2,6.0,4.0,
2781,2,7309,61,,1.0,1,6.0,4.0,
2782,1,7317,68,,3.0,2,6.0,4.0,
2782,2,7317,29,,,1,6.0,4.0,
2783,1,7315,27,,5.0,1,4.0,1.0,40.0
2783,2,7315,23,15.0,5.0,2,4.0,1.0,50.0
2783,3,7315,1,,,2,,,
2784,1,7309,55,,,2,6.0,4.0,
2784,2,7309,17,15.0,5.0,2,1.0,4.0,15.0
2784,3,7309,6,3.0,,2,,,
2785,1,7310,67,,,2,6.0,4.0,
2785,2,7310,65,,1.0,1,6.0,4.0,
2786,1,7313,87,,,1,6.0,2.0,
2787,1,7316,28,,1.0,2,1.0,4.0,40.0
2788,1,7319,48,,2.0,1,3.0,4.0,45.0
2788,2,7319,44,,7.0,2,3.0,4.0,20.0
2789,1,7304,29,,1.0,2,1.0,4.0,50.0
2790,1,7318,62,,1.0,1,1.0,4.0,38.0
2790,2,7318,63,,1.0,2,1.0,4.0,40.0
2790,3,7318,30,,1.0,1,1.0,4.0,40.0
2790,4,7318,28,,1.0,2,1.0,4.0,40.0
2790,5,7318,25,,1.0,1,3.0,4.0,
2790,6,7318,65,,4.0,2,1.0,4.0,40.0
2791,1,7318,82,,,1,6.0,4.0,
2791,2,7318,80,,,2,6.0,4.0,
2792,1,7307,66,,1.0,1,1.0,2.0,40.0
2792,2,7307,66,,1.0,2,1.0,4.0,15.0
2793,1,7318,52,,3.0,2,1.0,4.0,40.0
2793,2,7318,22,,1.0,2,1.0,4.0,25.0
2793,3,7318,20,,1.0,1,1.0,4.0,40.0
2793,4,7318,14,12.0,,2,,,
2794,1,7305,50,,1.0,1,3.0,4.0,
2794,2,7305,50,15.0,1.0,2,1.0,4.0,45.0
2794,3,7305,23,15.0,1.0,1,1.0,4.0,30.0
2794,4,7305,18,,1.0,2,1.0,4.0,30.0
2795,1,7313,61,,1.0,1,1.0,2.0,30.0
2795,2,7313,69,,,2,6.0,4.0,
2796,1,7316,72,,6.0,1,1.0,4.0,45.0
2796,2,7316,59,,,1,6.0,4.0,
2797,1,7315,61,,1.0,2,1.0,4.0,45.0
2797,2,7315,63,,4.0,2,1.0,4.0,60.0
2798,1,7307,70,,9.0,1,3.0,2.0,
2799,1,7313,84,,1.0,1,6.0,2.0,40.0
2799,2,7313,76,,,2,6.0,4.0,
2800,1,7308,78,15.0,1.0,2,1.0,4.0,25.0
2801,1,7313,29,,6.0,2,1.0,4.0,45.0
2801,2,7313,31,,6.0,1,1.0,4.0,40.0
2802,1,7319,63,,,2,6.0,4.0,
2802,2,7319,65,,,1,6.0,4.0,
2803,1,7302,70,,7.0,1,1.0,2.0,35.0
2803,2,7302,58,,1.0,2,1.0,4.0,40.0
2804,1,7315,56,,,2,6.0,4.0,
2804,2,7315,42,,1.0,1,3.0,4.0,40.0
2804,3,7315,33,,1.0,1,3.0,4.0,35.0
2805,1,7303,74,,,2,6.0,4.0,
2806,1,7305,17,14.0,1.0,2,6.0,4.0,20.0
2806,2,7305,8,4.0,,1,,,
2806,3,7305,56,,1.0,2,1.0,4.0,50.0
2807,1,7302,28,,1.0,2,1.0,4.0,32.0
2807,2,7302,33,,5.0,1,4.0,1.0,30.0
2807,3,7302,23,15.0,1.0,2,1.0,4.0,20.0
2808,1,7301,64,,4.0,1,6.0,4.0,
2808,2,7301,60,,,2,6.0,4.0,
2809,1,7302,31,,2.0,1,1.0,4.0,55.0
2809,2,7302,31,15.0,1.0,2,1.0,4.0,40.0
2809,3,7302,10,7.0,,1,,,
2809,4,7302,7,4.0,,1,,,
2809,5,7302,3,1.0,,2,,,
2809,6,7302,35,,1.0,2,1.0,4.0,20.0
2809,7,7302,12,9.0,,1,,,
2809,8,7302,5,1.0,,2,,,
2810,1,7322,54,,,1,6.0,4.0,
2810,2,7322,57,,5.0,2,1.0,4.0,40.0
2811,1,7316,41,15.0,6.0,1,1.0,4.0,9.0
2811,2,7316,24,,,2,6.0,4.0,
2812,1,7316,40,,1.0,1,1.0,4.0,40.0
2813,1,7314,60,,6.0,1,6.0,2.0,12.0
2814,1,7317,43,,1.0,1,1.0,4.0,40.0
2814,2,7317,40,,1.0,2,1.0,4.0,40.0
2815,1,7306,53,,1.0,1,1.0,4.0,40.0
2815,2,7306,54,,1.0,2,1.0,4.0,40.0
2815,3,7306,20,15.0,1.0,2,6.0,4.0,25.0
2816,1,7309,69,,6.0,1,1.0,4.0,20.0
2816,2,7309,65,,6.0,2,6.0,4.0,
2817,1,7308,66,,4.0,1,1.0,4.0,40.0
2817,2,7308,63,,3.0,2,6.0,4.0,60.0
2817,3,7308,30,,1.0,2,1.0,4.0,30.0
2818,1,7309,72,,,1,6.0,4.0,
2818,2,7309,72,,,2,6.0,4.0,
2819,1,7322,66,,,2,6.0,4.0,
2819,2,7322,67,,,1,6.0,4.0,
2820,1,7309,46,,1.0,2,1.0,4.0,40.0
2821,1,7304,63,,1.0,1,1.0,4.0,40.0
2821,2,7304,61,,1.0,2,1.0,4.0,40.0
2822,1,7313,31,,1.0,2,1.0,4.0,40.0
2822,2,7313,32,,1.0,1,1.0,4.0,40.0
2822,3,7313,59,,,2,6.0,4.0,
2823,1,7303,53,,2.0,2,1.0,4.0,40.0
2823,2,7303,47,,1.0,1,1.0,4.0,40.0
2824,1,7309,69,,1.0,1,1.0,4.0,50.0
2824,2,7309,57,,,2,6.0,4.0,
2825,1,7317,29,15.0,1.0,2,1.0,4.0,24.0
2825,2,7317,34,,1.0,2,1.0,4.0,40.0
2825,3,7317,26,,1.0,2,1.0,4.0,40.0
2826,1,7313,81,,,1,6.0,4.0,
2826,2,7313,76,,,2,6.0,4.0,
2827,1,7312,71,,2.0,2,1.0,4.0,40.0
2828,1,7315,26,,2.0,2,1.0,4.0,40.0
2828,2,7315,28,,1.0,1,1.0,4.0,40.0
2829,1,7312,68,,2.0,2,6.0,4.0,
2830,1,7308,78,,1.0,2,1.0,4.0,20.0
2831,1,7322,38,,,2,6.0,4.0,
2831,2,7322,38,,1.0,1,1.0,4.0,40.0
2831,3,7322,19,15.0,,2,6.0,4.0,
2831,4,7322,15,11.0,,2,,,
2831,5,7322,10,7.0,,2,,,
2832,1,7303,22,,1.0,2,1.0,4.0,40.0
2832,2,7303,30,,1.0,2,1.0,4.0,40.0
2833,1,7318,68,,,1,6.0,4.0,
2833,2,7318,51,,,1,6.0,4.0,
2834,1,7313,59,,6.0,2,1.0,4.0,28.0
2834,2,7313,61,,,1,6.0,4.0,
2835,1,7314,67,,1.0,2,6.0,4.0,40.0
2835,2,7314,54,,1.0,1,1.0,4.0,20.0
2835,3,7314,25,15.0,3.0,2,1.0,4.0,40.0
2835,4,7314,22,15.0,,1,6.0,4.0,
2836,1,7308,66,,,2,6.0,4.0,
2836,2,7308,65,,3.0,1,1.0,4.0,40.0
2837,1,7313,63,,2.0,2,1.0,4.0,60.0
2838,1,7314,77,,,2,6.0,4.0,
2839,1,7307,64,,8.0,1,6.0,2.0,
2839,2,7307,56,,8.0,2,6.0,4.0,20.0
2839,3,7307,40,,8.0,1,1.0,4.0,50.0
2840,1,7303,48,,1.0,1,1.0,4.0,40.0
2840,2,7303,46,,1.0,2,1.0,4.0,40.0
2840,3,7303,24,,1.0,2,2.0,4.0,40.0
2840,4,7303,1,,,2,,,
2840,5,7303,0,,,2,,,
2840,6,7303,60,,,2,6.0,4.0,
2841,1,7314,49,,,2,6.0,4.0,
2841,2,7314,22,,1.0,2,1.0,4.0,36.0
2842,1,7320,69,,2.0,1,1.0,4.0,16.0
2842,2,7320,69,,,2,6.0,4.0,
2842,3,7320,33,,1.0,1,1.0,4.0,40.0
2842,4,7320,33,,1.0,1,3.0,4.0,
2843,1,7308,64,,1.0,2,6.0,4.0,
2844,1,7320,51,,2.0,1,1.0,4.0,40.0
2845,1,7303,70,,,1,6.0,4.0,
2845,2,7303,66,,1.0,2,1.0,4.0,40.0
2846,1,7316,29,15.0,1.0,2,1.0,4.0,40.0
2846,2,7316,24,,1.0,2,1.0,4.0,40.0
2847,1,7315,68,,2.0,2,6.0,4.0,
2847,2,7315,44,,6.0,2,1.0,4.0,2.0
2847,3,7315,12,8.0,,1,,,
2847,4,7315,8,4.0,,2,,,
2847,5,7315,40,,1.0,1,1.0,4.0,24.0
2848,1,7314,65,,,1,6.0,2.0,
2848,2,7314,80,,,1,6.0,2.0,
2849,1,7310,46,,5.0,1,1.0,4.0,40.0
2849,2,7310,14,11.0,,2,,,
2849,3,7310,12,8.0,,1,,,
2850,1,7317,67,16.0,,2,6.0,4.0,
2851,1,7311,73,,,1,6.0,2.0,
2851,2,7311,72,,,2,6.0,4.0,
2852,1,7310,94,,,2,6.0,4.0,
2852,2,7310,55,,3.0,2,1.0,4.0,40.0
2852,3,7310,58,,1.0,2,6.0,4.0,8.0
2852,4,7310,58,,,1,6.0,4.0,
2853,1,7307,21,,1.0,1,6.0,4.0,25.0
2853,2,7307,22,,1.0,1,6.0,4.0,7.0
2854,1,7301,59,,1.0,1,1.0,4.0,60.0
2854,2,7301,37,,1.0,2,1.0,4.0,15.0
2854,3,7301,10,7.0,,2,,,
2855,1,7303,81,,,1,6.0,4.0,
2855,2,7303,77,,,2,6.0,4.0,
2856,1,7312,31,,2.0,1,1.0,4.0,40.0
2856,2,7312,31,,1.0,2,1.0,4.0,40.0
2857,1,7310,69,,,1,6.0,2.0,
2857,2,7310,65,,,2,6.0,4.0,
2858,1,7317,21,15.0,4.0,1,1.0,4.0,10.0
2858,2,7317,23,15.0,1.0,1,6.0,4.0,40.0
2858,3,7317,22,15.0,1.0,1,2.0,4.0,40.0
2858,4,7317,21,15.0,4.0,1,6.0,4.0,4.0
2859,1,7301,58,,1.0,2,1.0,4.0,65.0
2859,2,7301,25,,1.0,1,1.0,4.0,40.0
2860,1,7316,83,,,2,6.0,4.0,
2860,2,7316,85,,,1,6.0,4.0,
2861,1,7314,63,,1.0,1,1.0,4.0,45.0
2862,1,7309,32,,1.0,1,1.0,4.0,40.0
2862,2,7309,32,,1.0,1,1.0,4.0,60.0
2863,1,7321,57,,1.0,1,1.0,4.0,40.0
2863,2,7321,55,,1.0,2,1.0,4.0,40.0
2863,3,7321,27,,1.0,1,1.0,4.0,40.0
2864,1,7316,40,,1.0,1,1.0,4.0,55.0
2865,1,7301,49,,,1,6.0,2.0,
2865,2,7301,45,,,2,6.0,4.0,
2865,3,7301,13,9.0,,2,,,
2866,1,7322,28,,,2,6.0,4.0,
2866,2,7322,37,,7.0,1,1.0,4.0,70.0
2866,3,7322,6,3.0,,2,,,
2866,4,7322,5,2.0,,2,,,
2866,5,7322,0,,,2,,,
2867,1,7314,25,,1.0,1,1.0,4.0,55.0
2867,2,7314,26,,1.0,2,1.0,4.0,40.0
2868,1,7321,50,,6.0,1,1.0,4.0,40.0
2868,2,7321,50,,1.0,2,1.0,4.0,40.0
2869,1,7315,51,15.0,1.0,2,1.0,4.0,40.0
2869,2,7315,50,,1.0,1,1.0,4.0,40.0
2870,1,7312,85,,,2,6.0,4.0,
2871,1,7313,76,,,1,6.0,4.0,
2871,2,7313,79,,,2,6.0,4.0,
2871,3,7313,52,,1.0,2,1.0,4.0,25.0
2871,4,7313,52,,1.0,1,1.0,4.0,40.0
2872,1,7310,74,,,1,6.0,2.0,
2872,2,7310,70,,,2,6.0,4.0,
2873,1,7322,25,,1.0,2,1.0,4.0,40.0
2873,2,7322,5,,,2,,,
2873,3,7322,22,,1.0,1,1.0,4.0,40.0
2873,4,7322,49,,1.0,2,3.0,4.0,
2874,1,7321,70,,1.0,1,1.0,4.0,40.0
2874,2,7321,69,,,2,6.0,4.0,
2874,3,7321,43,,1.0,1,1.0,4.0,40.0
2874,4,7321,0,,,1,,,
2874,5,7321,40,,1.0,2,1.0,4.0,40.0
2875,1,7314,43,,2.0,2,1.0,4.0,40.0
2875,2,7314,34,,2.0,1,1.0,2.0,40.0
2875,3,7314,19,15.0,1.0,2,6.0,4.0,
2875,4,7314,15,11.0,,1,,,
2876,1,7302,49,,3.0,2,1.0,4.0,40.0
2876,2,7302,49,,1.0,1,1.0,2.0,40.0
2877,1,7303,72,,,1,6.0,2.0,
2877,2,7303,73,,,2,6.0,4.0,
2878,1,7322,42,,6.0,2,1.0,4.0,40.0
2878,2,7322,11,9.0,,2,,,
2878,3,7322,3,1.0,,2,,,
2879,1,7322,58,,2.0,2,1.0,4.0,60.0
2879,2,7322,23,,1.0,1,1.0,4.0,40.0
2880,1,7318,31,,2.0,2,1.0,4.0,40.0
2881,1,7304,41,,1.0,2,1.0,4.0,40.0
2881,2,7304,47,,1.0,1,1.0,2.0,65.0
2881,3,7304,18,14.0,,1,6.0,4.0,
2881,4,7304,68,,7.0,1,1.0,2.0,22.0
2882,1,7312,62,,1.0,1,1.0,4.0,40.0
2882,2,7312,65,,1.0,2,1.0,4.0,40.0
2883,1,7304,59,,2.0,1,1.0,4.0,16.0
2883,2,7304,22,,,2,6.0,4.0,
2883,3,7304,3,,,1,,,
2884,1,7316,61,15.0,2.0,2,1.0,4.0,40.0
2885,1,7305,61,,7.0,2,1.0,4.0,30.0
2885,2,7305,59,,1.0,1,1.0,4.0,50.0
2886,1,7316,78,,8.0,1,6.0,4.0,
2887,1,7315,21,15.0,1.0,2,6.0,4.0,5.0
2888,1,7302,71,,,1,6.0,2.0,
2889,1,7309,45,,1.0,1,1.0,4.0,40.0
2889,2,7309,44,,9.0,2,3.0,4.0,
2889,3,7309,11,7.0,,2,,,
2889,4,7309,6,2.0,,2,,,
2890,1,7321,72,14.0,4.0,1,6.0,4.0,
2890,2,7321,65,14.0,1.0,2,1.0,4.0,40.0
2891,1,7321,25,15.0,1.0,1,1.0,3.0,40.0
2891,2,7321,25,,2.0,2,1.0,4.0,40.0
2891,3,7321,34,,1.0,2,1.0,4.0,40.0
2892,1,7306,58,,1.0,1,1.0,4.0,40.0
2893,1,7315,30,,1.0,1,1.0,4.0,42.0
2893,2,7315,29,,1.0,2,1.0,4.0,40.0
2893,3,7315,1,,,1,,,
2894,1,7310,33,,4.0,1,1.0,4.0,45.0
2895,1,7301,67,,,2,6.0,4.0,
2895,2,7301,88,,,1,6.0,2.0,
2896,1,7319,33,16.0,7.0,1,3.0,4.0,40.0
2897,1,7310,68,16.0,1.0,2,6.0,4.0,
2898,1,7317,63,,,1,6.0,4.0,
2898,2,7317,58,,1.0,2,1.0,4.0,16.0
2899,1,7309,37,,1.0,2,6.0,4.0,
2899,2,7309,31,16.0,1.0,1,1.0,4.0,40.0
2899,3,7309,2,,,2,,,
2900,1,7315,46,,7.0,2,1.0,4.0,25.0
2900,2,7315,42,,1.0,1,1.0,4.0,40.0
2900,3,7315,36,,2.0,1,1.0,4.0,40.0
2901,1,7310,71,,,1,6.0,2.0,
2901,2,7310,55,,1.0,2,6.0,4.0,
2902,1,7309,40,,1.0,1,1.0,4.0,40.0
2902,2,7309,36,,1.0,2,1.0,4.0,40.0
2902,3,7309,4,,,1,,,
2903,1,7304,85,,,1,6.0,4.0,
2903,2,7304,79,,,2,6.0,4.0,
2904,1,7306,26,,2.0,2,1.0,4.0,40.0
2904,2,7306,0,,,1,,,
2904,3,7306,36,,1.0,2,1.0,4.0,50.0
2905,1,7307,48,,3.0,1,1.0,4.0,42.0
2905,2,7307,41,,1.0,2,1.0,4.0,40.0
2905,3,7307,15,11.0,,2,,,
2905,4,7307,12,8.0,,1,,,
2906,1,7309,84,,,1,6.0,3.0,
2907,1,7302,61,,1.0,2,1.0,4.0,60.0
2908,1,7310,58,,1.0,2,1.0,4.0,25.0
2909,1,7305,69,,3.0,1,6.0,2.0,
2909,2,7305,62,,1.0,2,1.0,4.0,40.0
2910,1,7315,56,,6.0,2,1.0,4.0,35.0
2910,2,7315,25,15.0,6.0,1,2.0,4.0,30.0
2910,3,7315,24,15.0,7.0,1,1.0,4.0,25.0
2911,1,7310,35,,5.0,1,4.0,1.0,60.0
2911,2,7310,33,,2.0,2,1.0,4.0,15.0
2912,1,7309,40,,1.0,1,1.0,4.0,50.0
2912,2,7309,40,,1.0,2,1.0,4.0,30.0
2912,3,7309,4,1.0,,1,,,
2912,4,7309,1,,,2,,,
2913,1,7317,31,,2.0,2,3.0,4.0,40.0
2913,2,7317,31,,5.0,1,4.0,1.0,40.0
2913,3,7317,3,1.0,,2,,,
2913,4,7317,1,,,2,,,
2914,1,7306,29,,1.0,2,1.0,4.0,40.0
2914,2,7306,29,,5.0,1,4.0,1.0,50.0
2914,3,7306,11,9.0,,1,,,
2914,4,7306,9,6.0,,1,,,
2914,5,7306,0,,,1,,,
2915,1,7302,39,,1.0,2,1.0,4.0,40.0
2915,2,7302,77,,,2,6.0,4.0,
2916,1,7314,71,,1.0,1,6.0,4.0,
2916,2,7314,72,,,2,6.0,4.0,
2917,1,7304,60,,1.0,1,1.0,2.0,50.0
2917,2,7304,56,,,2,6.0,4.0,
2917,3,7304,22,,1.0,1,1.0,4.0,40.0
2917,4,7304,17,14.0,1.0,2,1.0,4.0,15.0
2918,1,7310,37,,1.0,1,1.0,4.0,40.0
2918,2,7310,40,,7.0,2,1.0,4.0,40.0
2918,3,7310,8,4.0,,1,,,
2918,4,7310,5,2.0,,1,,,
2919,1,7310,32,,1.0,1,1.0,4.0,40.0
2920,1,7303,68,,1.0,2,6.0,4.0,
2920,2,7303,69,,1.0,1,1.0,2.0,23.0
2920,3,7303,53,,6.0,2,1.0,4.0,40.0
2921,1,7321,51,,3.0,1,1.0,4.0,80.0
2921,2,7321,50,,1.0,1,1.0,4.0,42.0
2921,3,7321,47,,1.0,1,1.0,4.0,40.0
2922,1,7319,48,,1.0,2,1.0,4.0,32.0
2922,2,7319,52,,1.0,1,1.0,4.0,50.0
2922,3,7319,13,10.0,,1,,,
2922,4,7319,12,8.0,,1,,,
2923,1,7301,79,,1.0,1,6.0,2.0,
2923,2,7301,61,,,2,6.0,4.0,
2923,3,7301,47,,1.0,1,3.0,4.0,56.0
2923,4,7301,33,,1.0,1,1.0,4.0,50.0
2924,1,7313,68,,,1,6.0,2.0,
2925,1,7305,59,,6.0,2,1.0,4.0,55.0
2926,1,7305,22,,5.0,2,4.0,1.0,40.0
2926,2,7305,31,,5.0,1,1.0,2.0,20.0
2926,3,7305,0,,,2,,,
2927,1,7307,75,,1.0,2,3.0,4.0,8.0
2927,2,7307,78,,3.0,1,6.0,4.0,
2928,1,7311,45,,7.0,1,1.0,4.0,50.0
2928,2,7311,39,,1.0,2,1.0,4.0,40.0
2928,3,7311,16,13.0,,2,6.0,,
2928,4,7311,6,2.0,,1,,,
2929,1,7308,63,,1.0,1,1.0,4.0,40.0
2929,2,7308,57,,7.0,2,1.0,4.0,40.0
2930,1,7315,18,15.0,,1,6.0,4.0,
2930,2,7315,18,15.0,,1,6.0,4.0,
2931,1,7307,62,,,1,6.0,4.0,
2932,1,7308,54,,3.0,2,1.0,4.0,20.0
2932,2,7308,56,,1.0,1,1.0,4.0,50.0
2933,1,7308,36,,1.0,1,1.0,4.0,40.0
2933,2,7308,29,,,2,6.0,4.0,
2934,1,7311,56,,1.0,1,1.0,4.0,50.0
2934,2,7311,58,,2.0,2,6.0,4.0,
2934,3,7311,23,,1.0,1,1.0,4.0,32.0
2934,4,7311,20,15.0,1.0,1,1.0,4.0,20.0
2935,1,7313,24,,1.0,1,1.0,4.0,40.0
2935,2,7313,59,,1.0,2,1.0,4.0,20.0
2936,1,7314,39,,1.0,2,1.0,4.0,40.0
2936,2,7314,2,,,2,,,
2937,1,7309,58,,6.0,1,1.0,4.0,50.0
2937,2,7309,60,,,2,6.0,4.0,
2938,1,7310,76,,1.0,1,1.0,2.0,40.0
2938,2,7310,59,,1.0,2,1.0,4.0,30.0
2939,1,7306,55,,1.0,2,1.0,4.0,16.0
2939,2,7306,55,,5.0,1,1.0,2.0,40.0
2939,3,7306,18,14.0,,2,6.0,4.0,
2939,4,7306,18,14.0,,1,6.0,4.0,
2940,1,7315,20,15.0,1.0,2,1.0,4.0,30.0
2940,2,7315,11,8.0,,1,,,
2940,3,7315,37,15.0,1.0,2,1.0,4.0,40.0
2941,1,7314,75,,,1,6.0,4.0,
2942,1,7301,65,,,1,6.0,4.0,
2943,1,7322,63,,6.0,2,1.0,4.0,40.0
2943,2,7322,31,,1.0,1,1.0,4.0,40.0
2943,3,7322,27,,1.0,2,1.0,4.0,40.0
2944,1,7311,49,,2.0,1,1.0,4.0,40.0
2944,2,7311,43,,3.0,2,6.0,4.0,
2944,3,7311,17,14.0,,2,6.0,4.0,
2944,4,7311,10,6.0,,1,,,
2945,1,7306,54,,1.0,1,1.0,4.0,40.0
2945,2,7306,52,,2.0,2,1.0,4.0,40.0
2945,3,7306,23,15.0,1.0,2,1.0,4.0,30.0
2945,4,7306,19,15.0,,2,6.0,4.0,
2946,1,7316,35,,1.0,1,1.0,4.0,40.0
2947,1,7321,70,,,1,6.0,2.0,
2947,2,7321,70,,,1,6.0,4.0,
2947,3,7321,49,,2.0,1,1.0,2.0,60.0
2947,4,7321,15,13.0,,2,,,
2947,5,7321,3,,,2,,,
2948,1,7311,69,,6.0,1,6.0,2.0,
2948,2,7311,66,,3.0,2,1.0,4.0,40.0
2949,1,7321,83,,,1,6.0,4.0,
2949,2,7321,74,,,2,6.0,4.0,
2950,1,7306,65,,3.0,2,6.0,4.0,
2951,1,7308,42,,1.0,1,1.0,4.0,40.0
2951,2,7308,32,,1.0,2,1.0,4.0,40.0
2951,3,7308,2,,,2,,,
2952,1,7315,47,,1.0,1,3.0,2.0,
2952,2,7315,46,,6.0,2,1.0,4.0,30.0
2953,1,7303,81,16.0,,2,6.0,4.0,
2954,1,7320,53,,5.0,2,1.0,4.0,40.0
2954,2,7320,26,16.0,,2,6.0,4.0,
2954,3,7320,13,10.0,,2,,,
2954,4,7320,94,,,2,6.0,4.0,
2955,1,7316,38,,6.0,1,1.0,4.0,40.0
2955,2,7316,35,,,2,6.0,4.0,
2955,3,7316,6,3.0,,1,,,
2955,4,7316,5,2.0,,2,,,
2955,5,7316,2,,,1,,,
2956,1,7305,94,,,1,6.0,2.0,
2956,2,7305,94,,,2,6.0,2.0,
2957,1,7313,30,14.0,,2,6.0,4.0,
2957,2,7313,30,,1.0,1,1.0,4.0,40.0
2957,3,7313,11,,,1,,,
2957,4,7313,7,4.0,,1,,,
2958,1,7309,89,,,2,6.0,4.0,
2959,1,7309,74,,,2,6.0,4.0,
2960,1,7306,36,,1.0,1,1.0,4.0,45.0
2960,2,7306,37,,1.0,2,1.0,2.0,40.0
2960,3,7306,2,,,1,,,
2961,1,7314,76,,,2,6.0,4.0,
2961,2,7314,80,,,1,6.0,4.0,
2961,3,7314,50,,,2,6.0,4.0,
2961,4,7314,45,,,2,6.0,4.0,
2961,5,7314,21,15.0,1.0,1,1.0,4.0,35.0
2961,6,7314,45,,,1,6.0,4.0,
2962,1,7313,34,,3.0,2,1.0,2.0,40.0
2962,2,7313,34,,1.0,1,1.0,4.0,45.0
2962,3,7313,6,3.0,,2,,,
2962,4,7313,4,1.0,,1,,,
2963,1,7322,33,,5.0,1,4.0,1.0,40.0
2963,2,7322,33,,5.0,2,4.0,1.0,40.0
2964,1,7319,80,,,1,6.0,2.0,
2965,1,7321,58,,1.0,1,1.0,4.0,8.0
2965,2,7321,86,,,2,6.0,4.0,
2966,1,7310,74,,6.0,1,1.0,3.0,12.0
2966,2,7310,74,,,2,6.0,4.0,
2967,1,7319,27,15.0,1.0,1,1.0,2.0,40.0
2967,2,7319,20,,1.0,2,1.0,4.0,40.0
2968,1,7315,40,,1.0,1,1.0,4.0,40.0
2968,2,7315,59,,1.0,1,1.0,4.0,40.0
2968,3,7315,59,,1.0,2,1.0,4.0,40.0
2968,4,7315,57,,,2,6.0,4.0,
2969,1,7316,40,,1.0,2,1.0,4.0,40.0
2969,2,7316,29,,7.0,1,1.0,4.0,50.0
2970,1,7315,81,,,2,6.0,4.0,
2970,2,7315,61,,1.0,2,1.0,4.0,40.0
2970,3,7315,57,,5.0,1,1.0,4.0,45.0
2970,4,7315,29,,,2,6.0,4.0,
2971,1,7321,24,,1.0,2,1.0,4.0,40.0
2972,1,7316,38,,1.0,2,1.0,4.0,40.0
2972,2,7316,22,,1.0,2,1.0,4.0,40.0
2972,3,7316,15,12.0,,2,,,
2972,4,7316,9,8.0,,2,,,
2973,1,7306,75,,,2,6.0,4.0,
2974,1,7316,27,,1.0,2,1.0,4.0,40.0
2974,2,7316,24,,1.0,1,1.0,4.0,25.0
2975,1,7314,35,,1.0,2,1.0,4.0,40.0
2975,2,7314,33,,5.0,1,1.0,2.0,40.0
2976,1,7321,66,,2.0,2,1.0,4.0,40.0
2976,2,7321,90,,,2,6.0,4.0,
2977,1,7316,54,,,1,6.0,4.0,
2978,1,7320,67,,5.0,1,1.0,2.0,40.0
2978,2,7320,65,,3.0,2,1.0,4.0,40.0
2979,1,7312,21,15.0,1.0,1,6.0,4.0,
2979,2,7312,23,15.0,1.0,1,1.0,4.0,15.0
2979,3,7312,22,15.0,1.0,1,1.0,4.0,40.0
2980,1,7314,27,,5.0,1,4.0,1.0,50.0
2980,2,7314,27,15.0,5.0,2,6.0,2.0,
2981,1,7309,57,,1.0,2,1.0,4.0,45.0
2981,2,7309,26,,1.0,2,1.0,4.0,40.0
2982,1,7317,61,,,2,6.0,4.0,
2983,1,7301,80,,,1,6.0,4.0,
2983,2,7301,76,,4.0,2,6.0,4.0,
2984,1,7306,41,,1.0,2,1.0,4.0,30.0
2984,2,7306,44,,6.0,1,1.0,4.0,35.0
2984,3,7306,19,15.0,,1,6.0,4.0,
2984,4,7306,16,12.0,,1,6.0,,
2985,1,7315,62,,4.0,2,1.0,4.0,40.0
2985,2,7315,28,15.0,1.0,1,1.0,4.0,35.0
2986,1,7314,32,,2.0,1,1.0,4.0,40.0
2986,2,7314,32,,2.0,2,1.0,4.0,40.0
2986,3,7314,5,1.0,,2,,,
2986,4,7314,2,,,2,,,
2987,1,7322,48,,5.0,2,1.0,4.0,40.0
2987,2,7322,58,,5.0,1,1.0,2.0,40.0
2988,1,7302,56,,1.0,1,1.0,2.0,75.0
2988,2,7302,56,,2.0,2,1.0,4.0,36.0
2988,3,7302,25,15.0,3.0,1,1.0,4.0,36.0
2989,1,7306,74,,1.0,1,6.0,4.0,
2989,2,7306,67,,,2,6.0,4.0,
2989,3,7306,34,,1.0,2,6.0,4.0,30.0
2989,4,7306,25,,2.0,2,1.0,4.0,36.0
2990,1,7314,59,,1.0,2,1.0,4.0,80.0
2991,1,7313,66,,1.0,2,6.0,4.0,
2991,2,7313,68,,1.0,1,6.0,4.0,
2992,1,7313,57,,1.0,2,1.0,4.0,40.0
2992,2,7313,61,,1.0,1,1.0,4.0,40.0
2993,1,7320,26,,5.0,1,1.0,2.0,40.0
2994,1,7319,49,,1.0,1,1.0,2.0,50.0
2994,2,7319,47,,,2,6.0,4.0,
2994,3,7319,18,14.0,9.0,2,3.0,4.0,
2994,4,7319,82,,,2,6.0,4.0,
2995,1,7310,49,,2.0,2,6.0,4.0,
2995,2,7310,49,,5.0,1,4.0,1.0,60.0
2995,3,7310,18,14.0,1.0,1,1.0,4.0,10.0
2995,4,7310,16,12.0,1.0,1,1.0,,12.0
2996,1,7315,80,,,1,6.0,2.0,
2996,2,7315,80,,,2,6.0,4.0,
2997,1,7308,48,,1.0,2,1.0,4.0,25.0
2997,2,7308,25,15.0,1.0,1,1.0,4.0,25.0
2997,3,7308,24,,6.0,1,1.0,4.0,40.0
2997,4,7308,20,,1.0,2,1.0,4.0,15.0
2997,5,7308,18,14.0,1.0,1,6.0,4.0,24.0
2998,1,7304,24,,1.0,1,1.0,4.0,40.0
2998,2,7304,24,,1.0,2,3.0,4.0,40.0
2999,1,7305,49,,2.0,2,1.0,4.0,28.0
2999,2,7305,54,,6.0,1,1.0,4.0,40.0
2999,3,7305,12,10.0,,1,,,
3000,1,7318,57,,5.0,1,1.0,2.0,40.0
3000,2,7318,16,13.0,,2,6.0,,
3001,1,7314,29,,1.0,1,1.0,4.0,40.0
3001,2,7314,30,,1.0,2,1.0,4.0,40.0
3001,3,7314,8,4.0,,1,,,
3002,1,7321,53,,1.0,1,1.0,4.0,40.0
3002,2,7321,55,,,2,6.0,4.0,
3002,3,7321,21,,1.0,1,1.0,4.0,25.0
3003,1,7312,39,,1.0,1,1.0,3.0,25.0
3004,1,7303,59,,3.0,1,6.0,4.0,
3005,1,7312,47,,1.0,1,1.0,4.0,40.0
3005,2,7312,50,,1.0,2,1.0,4.0,35.0
3006,1,7310,69,,1.0,1,1.0,4.0,50.0
3006,2,7310,69,,2.0,2,6.0,4.0,16.0
3007,1,7301,90,,,2,6.0,4.0,
3008,1,7304,56,,1.0,2,1.0,4.0,50.0
3009,1,7315,35,,7.0,2,1.0,4.0,40.0
3009,2,7315,33,,7.0,1,1.0,4.0,50.0
3010,1,7303,30,,2.0,2,6.0,4.0,
3010,2,7303,32,,1.0,1,1.0,4.0,16.0
3011,1,7311,37,,1.0,1,1.0,4.0,50.0
3011,2,7311,37,,1.0,2,1.0,4.0,55.0
3011,3,7311,1,,,1,,,
3012,1,7316,51,,1.0,1,1.0,4.0,30.0
3012,2,7316,23,15.0,1.0,2,1.0,4.0,32.0
3013,1,7316,29,,5.0,1,4.0,1.0,60.0
3013,2,7316,23,,1.0,2,1.0,4.0,30.0
3014,1,7322,73,,,2,6.0,2.0,
3014,2,7322,40,,,2,6.0,4.0,
3014,3,7322,8,,,1,,,
3014,4,7322,4,1.0,,1,,,
3015,1,7302,62,,,1,6.0,2.0,
3015,2,7302,60,,,2,6.0,4.0,
3015,3,7302,30,,3.0,2,3.0,4.0,20.0
3015,4,7302,7,3.0,,1,,,
3016,1,7322,83,,,2,6.0,4.0,
3016,2,7322,89,,,1,6.0,4.0,
3017,1,7305,25,,,2,6.0,4.0,
3017,2,7305,29,,1.0,1,1.0,4.0,40.0
3017,3,7305,5,,,1,,,
3018,1,7302,24,,5.0,1,4.0,1.0,60.0
3018,2,7302,21,,1.0,2,6.0,4.0,32.0
3018,3,7302,0,,,1,,,
3019,1,7305,90,,,2,6.0,4.0,
3020,1,7320,41,,4.0,1,1.0,4.0,56.0
3020,2,7320,40,,3.0,2,1.0,4.0,24.0
3020,3,7320,18,,1.0,2,6.0,4.0,5.0
3020,4,7320,14,11.0,,1,,,
3021,1,7321,71,,,2,6.0,4.0,
3021,2,7321,49,,1.0,1,1.0,4.0,40.0
3022,1,7304,47,,6.0,1,1.0,4.0,20.0
3022,2,7304,44,,1.0,2,1.0,4.0,50.0
3022,3,7304,17,14.0,,2,6.0,4.0,
3022,4,7304,15,12.0,,2,,,
3023,1,7305,88,,,1,6.0,2.0,
3023,2,7305,81,,,2,6.0,4.0,
3024,1,7315,21,,5.0,1,4.0,1.0,50.0
3024,2,7315,21,,1.0,2,1.0,4.0,25.0
3024,3,7315,0,,,1,,,
3025,1,7316,35,,1.0,1,1.0,4.0,35.0
3026,1,7314,45,,6.0,1,1.0,4.0,40.0
3026,2,7314,45,,1.0,2,1.0,4.0,40.0
3026,3,7314,26,,6.0,1,6.0,4.0,
3026,4,7314,22,,1.0,1,6.0,4.0,20.0
3026,5,7314,18,14.0,1.0,1,6.0,4.0,15.0
3027,1,7308,39,,6.0,2,1.0,4.0,40.0
3027,2,7308,32,,1.0,1,6.0,4.0,
3027,3,7308,3,,,2,,,
3027,4,7308,1,,,1,,,
3028,1,7301,58,,1.0,2,1.0,4.0,40.0
3028,2,7301,60,,7.0,1,1.0,4.0,50.0
3028,3,7301,31,,1.0,1,1.0,4.0,40.0
3028,4,7301,39,,1.0,1,1.0,4.0,40.0
3029,1,7314,72,,,2,6.0,4.0,
3029,2,7314,35,,3.0,1,1.0,4.0,84.0
3030,1,7305,55,,6.0,1,1.0,4.0,40.0
3030,2,7305,55,,,2,6.0,4.0,
3030,3,7305,33,,1.0,2,1.0,4.0,40.0
3030,4,7305,31,,1.0,2,2.0,4.0,20.0
3030,5,7305,14,11.0,,2,,,
3030,6,7305,8,5.0,,2,,,
3030,7,7305,7,4.0,,2,,,
3030,8,7305,2,,,2,,,
3031,1,7311,44,,1.0,1,1.0,4.0,40.0
3031,2,7311,37,,3.0,2,1.0,4.0,12.0
3031,3,7311,13,10.0,,1,,,
3031,4,7311,11,8.0,,2,,,
3032,1,7316,21,15.0,1.0,2,1.0,4.0,40.0
3032,2,7316,48,,1.0,2,1.0,4.0,30.0
3033,1,7307,34,,3.0,1,1.0,4.0,40.0
3033,2,7307,31,,1.0,2,1.0,4.0,24.0
3033,3,7307,3,,,2,,,
3033,4,7307,0,,,1,,,
3034,1,7315,70,,6.0,1,1.0,2.0,10.0
3034,2,7315,68,,,2,6.0,4.0,
3034,3,7315,40,,6.0,2,1.0,4.0,40.0
3034,4,7315,7,3.0,,1,,,
3035,1,7302,65,,1.0,2,6.0,4.0,
3035,2,7302,63,,6.0,1,6.0,4.0,
3036,1,7312,35,,1.0,1,1.0,4.0,40.0
3036,2,7312,32,,1.0,2,1.0,4.0,40.0
3036,3,7312,0,,,2,,,
3037,1,7317,79,,,2,6.0,4.0,
3038,1,7314,64,,1.0,1,1.0,4.0,50.0
3039,1,7304,31,15.0,7.0,2,1.0,4.0,40.0
3039,2,7304,29,,1.0,2,1.0,4.0,40.0
3039,3,7304,25,16.0,5.0,2,1.0,4.0,40.0
3040,1,7302,43,,3.0,1,1.0,2.0,50.0
3040,2,7302,45,,1.0,2,1.0,4.0,60.0
3041,1,7311,39,,6.0,1,1.0,4.0,60.0
3041,2,7311,41,,2.0,2,2.0,4.0,38.0
3041,3,7311,7,4.0,,1,,,
3041,4,7311,2,,,2,,,
3042,1,7302,63,,1.0,1,1.0,4.0,50.0
3042,2,7302,25,,1.0,1,1.0,4.0,40.0
3043,1,7313,79,,1.0,1,6.0,4.0,
3043,2,7313,49,,4.0,1,1.0,4.0,40.0
3043,3,7313,26,,1.0,1,1.0,4.0,40.0
3043,4,7313,47,,6.0,2,6.0,4.0,20.0
3044,1,7307,71,,1.0,1,1.0,2.0,55.0
3045,1,7303,72,,,1,6.0,3.0,
3045,2,7303,19,,1.0,2,1.0,4.0,8.0
3045,3,7303,15,12.0,,2,,,
3045,4,7303,57,,7.0,1,6.0,2.0,
3046,1,7315,33,,7.0,2,1.0,4.0,24.0
3046,2,7315,28,,5.0,1,4.0,1.0,40.0
3047,1,7301,25,15.0,2.0,2,6.0,4.0,
3047,2,7301,27,15.0,1.0,1,6.0,4.0,
3048,1,7318,44,,1.0,2,1.0,4.0,25.0
3048,2,7318,34,,1.0,2,1.0,4.0,40.0
3048,3,7318,26,,1.0,1,6.0,4.0,25.0
3048,4,7318,25,,1.0,2,6.0,4.0,40.0
3048,5,7318,0,,,2,,,
3048,6,7318,34,,1.0,1,1.0,4.0,35.0
3049,1,7302,33,,5.0,2,1.0,4.0,20.0
3049,2,7302,7,3.0,,1,,,
3049,3,7302,6,2.0,,2,,,
3049,4,7302,34,,1.0,1,1.0,4.0,24.0
3050,1,7317,68,,,2,6.0,4.0,
3051,1,7313,32,,1.0,1,1.0,2.0,45.0
3051,2,7313,31,,1.0,2,1.0,4.0,48.0
3052,1,7302,67,,,1,6.0,4.0,
3053,1,7321,59,,3.0,2,1.0,4.0,40.0
3053,2,7321,54,,1.0,1,1.0,4.0,40.0
3053,3,7321,32,,4.0,2,1.0,4.0,40.0
3053,4,7321,25,,4.0,2,1.0,4.0,40.0
3053,5,7321,25,,1.0,1,1.0,4.0,20.0
3053,6,7321,23,,1.0,2,6.0,4.0,12.0
3053,7,7321,19,14.0,,2,6.0,4.0,
3053,8,7321,18,,1.0,1,1.0,4.0,35.0
3053,9,7321,7,4.0,,1,,,
3053,10,7321,0,,,2,,,
3053,11,7321,5,,,1,,,
3054,1,7310,39,,1.0,2,1.0,4.0,42.0
3054,2,7310,45,,1.0,1,1.0,4.0,26.0
3055,1,7321,63,,1.0,1,6.0,4.0,40.0
3055,2,7321,57,,6.0,2,6.0,4.0,
3056,1,7302,56,,1.0,1,1.0,2.0,40.0
3057,1,7314,28,16.0,4.0,1,6.0,4.0,
3057,2,7314,30,,1.0,1,1.0,4.0,35.0
3058,1,7322,44,,1.0,1,1.0,4.0,40.0
3058,2,7322,41,,,2,6.0,4.0,
3058,3,7322,23,,1.0,1,1.0,4.0,32.0
3058,4,7322,19,15.0,,1,6.0,4.0,
3059,1,7315,26,15.0,5.0,2,1.0,4.0,40.0
3060,1,7315,34,,7.0,2,1.0,4.0,5.0
3060,2,7315,40,15.0,,1,6.0,4.0,
3060,3,7315,2,,,1,,,
3061,1,7320,88,,,2,6.0,4.0,
3061,2,7320,40,,1.0,2,1.0,4.0,36.0
3062,1,7314,45,,6.0,1,1.0,4.0,25.0
3062,2,7314,44,,1.0,2,1.0,4.0,40.0
3062,3,7314,11,8.0,,1,,,
3062,4,7314,8,5.0,,1,,,
3063,1,7314,49,,3.0,2,1.0,4.0,16.0
3063,2,7314,52,,1.0,1,1.0,4.0,50.0
3063,3,7314,18,14.0,3.0,2,1.0,4.0,16.0
3063,4,7314,14,10.0,,2,,,
3064,1,7303,69,,1.0,1,6.0,4.0,
3064,2,7303,63,,1.0,2,2.0,4.0,10.0
3064,3,7303,34,,3.0,2,1.0,4.0,40.0
3064,4,7303,29,,2.0,1,1.0,4.0,40.0
3065,1,7317,72,,,1,6.0,4.0,
3065,2,7317,71,,,2,6.0,4.0,
3066,1,7315,68,,5.0,1,1.0,4.0,40.0
3066,2,7315,66,,,2,6.0,2.0,
3066,3,7315,46,,1.0,1,1.0,4.0,40.0
3066,4,7315,32,,2.0,1,1.0,4.0,40.0
3067,1,7307,55,,5.0,1,1.0,2.0,50.0
3067,2,7307,21,15.0,1.0,2,1.0,4.0,40.0
3068,1,7321,60,,1.0,1,6.0,4.0,
3069,1,7308,48,,1.0,2,1.0,4.0,10.0
3070,1,7312,67,,1.0,1,1.0,4.0,47.0
3070,2,7312,64,,,2,6.0,4.0,
3071,1,7305,48,15.0,1.0,1,1.0,4.0,50.0
3071,2,7305,47,,1.0,2,6.0,4.0,
3071,3,7305,22,15.0,1.0,2,1.0,4.0,20.0
3071,4,7305,19,15.0,,1,6.0,4.0,
3071,5,7305,72,,,2,6.0,4.0,
3072,1,7321,80,,,2,6.0,4.0,
3073,1,7301,44,,7.0,2,1.0,2.0,40.0
3073,2,7301,39,16.0,5.0,1,1.0,2.0,50.0
3074,1,7313,43,,1.0,2,1.0,4.0,40.0
3074,2,7313,17,14.0,,2,6.0,4.0,
3075,1,7318,74,,,1,6.0,4.0,
3075,2,7318,69,,,2,6.0,4.0,
3076,1,7303,64,,5.0,2,6.0,4.0,
3076,2,7303,67,,1.0,1,6.0,4.0,
3076,3,7303,39,,1.0,1,6.0,4.0,
3077,1,7308,87,,,2,6.0,4.0,
3077,2,7308,94,,1.0,1,6.0,2.0,
3078,1,7308,53,,,2,6.0,4.0,
3078,2,7308,55,,1.0,1,1.0,4.0,40.0
3078,3,7308,22,,1.0,1,3.0,4.0,40.0
3078,4,7308,17,14.0,,1,6.0,4.0,
3078,5,7308,14,11.0,,1,,,
3079,1,7320,75,,1.0,1,6.0,4.0,
3079,2,7320,67,,1.0,2,6.0,4.0,
3080,1,7316,51,,3.0,1,1.0,4.0,50.0
3080,2,7316,48,,1.0,2,1.0,4.0,15.0
3080,3,7316,8,5.0,,1,,,
3080,4,7316,21,,,1,6.0,4.0,
3081,1,7316,53,,,1,6.0,4.0,
3081,2,7316,55,,1.0,2,1.0,4.0,40.0
3081,3,7316,16,14.0,,2,6.0,,
3081,4,7316,14,11.0,,2,,,
3082,1,7302,57,,6.0,2,1.0,4.0,40.0
3082,2,7302,40,,1.0,1,1.0,4.0,16.0
3083,1,7308,55,16.0,1.0,1,1.0,4.0,40.0
3083,2,7308,55,,3.0,2,1.0,4.0,40.0
3084,1,7309,81,,,1,6.0,3.0,
3084,2,7309,79,,,2,6.0,4.0,
3085,1,7309,57,,,1,6.0,4.0,
3086,1,7308,78,,,1,6.0,2.0,
3086,2,7308,70,,,2,6.0,4.0,
3087,1,7309,66,,,2,6.0,4.0,
3087,2,7309,67,,6.0,1,1.0,4.0,25.0
3088,1,7313,66,,1.0,1,1.0,4.0,50.0
3088,2,7313,61,,3.0,2,1.0,4.0,24.0
3088,3,7313,13,10.0,,1,,,
3089,1,7308,51,,,2,6.0,4.0,
3089,2,7308,53,,5.0,1,1.0,4.0,40.0
3089,3,7308,17,14.0,,2,6.0,4.0,
3090,1,7310,71,,6.0,1,1.0,4.0,60.0
3090,2,7310,48,,,2,6.0,4.0,
3090,3,7310,15,12.0,,2,,,
3090,4,7310,13,10.0,,1,,,
3090,5,7310,7,4.0,,1,,,
3091,1,7314,76,,5.0,1,1.0,4.0,50.0
3091,2,7314,75,,,2,6.0,4.0,
3092,1,7313,43,,1.0,1,1.0,2.0,40.0
3092,2,7313,29,,1.0,2,1.0,4.0,40.0
3092,3,7313,15,11.0,,2,,,
3092,4,7313,14,10.0,,2,,,
3092,5,7313,2,,,2,,,
3092,6,7313,0,,,1,,,
3093,1,7314,40,,1.0,1,1.0,4.0,40.0
3093,2,7314,39,,,2,6.0,4.0,
3093,3,7314,5,2.0,,1,,,
3093,4,7314,2,,,1,,,
3094,1,7316,27,,1.0,2,1.0,4.0,40.0
3094,2,7316,24,,1.0,2,1.0,4.0,42.0
3095,1,7303,38,,1.0,1,1.0,4.0,50.0
3095,2,7303,31,,1.0,2,1.0,4.0,50.0
3095,3,7303,6,2.0,,1,,,
3095,4,7303,3,1.0,,2,,,
3096,1,7315,94,,,2,6.0,4.0,
3097,1,7321,37,,1.0,1,1.0,4.0,40.0
3097,2,7321,38,,1.0,2,1.0,4.0,40.0
3097,3,7321,61,,,2,6.0,4.0,
3098,1,7309,66,,1.0,1,1.0,4.0,42.0
3098,2,7309,49,,6.0,2,6.0,4.0,
3098,3,7309,11,8.0,,2,,,
3098,4,7309,66,,,2,6.0,4.0,
3098,5,7309,59,,1.0,1,1.0,4.0,40.0
3099,1,7316,28,15.0,1.0,1,6.0,4.0,30.0
3100,1,7309,59,,6.0,1,1.0,4.0,40.0
3100,2,7309,46,,1.0,2,1.0,4.0,20.0
3100,3,7309,27,,1.0,1,2.0,4.0,40.0
3100,4,7309,25,,1.0,2,6.0,4.0,16.0
3100,5,7309,18,14.0,1.0,2,1.0,4.0,10.0
3101,1,7304,39,,1.0,2,1.0,4.0,40.0
3101,2,7304,15,11.0,,1,,,
3101,3,7304,12,9.0,,2,,,
3102,1,7315,63,,1.0,1,6.0,4.0,
3102,2,7315,72,,,2,6.0,4.0,
3103,1,7312,26,15.0,,1,6.0,4.0,
3103,2,7312,17,13.0,,1,6.0,4.0,
3103,3,7312,50,,6.0,2,1.0,4.0,40.0
3104,1,7315,62,,6.0,1,1.0,2.0,8.0
3104,2,7315,66,,6.0,1,1.0,4.0,40.0
3104,3,7315,54,,1.0,2,3.0,4.0,50.0
3104,4,7315,34,,1.0,1,1.0,4.0,40.0
3105,1,7302,68,,3.0,2,6.0,4.0,
3105,2,7302,68,,,1,6.0,4.0,
3106,1,7322,27,,1.0,1,1.0,4.0,40.0
3106,2,7322,27,,1.0,2,1.0,4.0,40.0
3106,3,7322,24,,1.0,1,1.0,4.0,40.0
3107,1,7309,49,,,2,6.0,4.0,
3107,2,7309,38,,7.0,1,1.0,4.0,40.0
3107,3,7309,9,5.0,,1,,,
3108,1,7315,48,,3.0,2,1.0,4.0,45.0
3108,2,7315,8,5.0,,2,,,
3109,1,7307,42,,1.0,1,1.0,4.0,40.0
3109,2,7307,40,,1.0,2,2.0,4.0,50.0
3109,3,7307,0,,,2,,,
3110,1,7303,48,,1.0,1,1.0,4.0,47.0
3110,2,7303,47,,1.0,2,1.0,4.0,50.0
3111,1,7321,34,,2.0,2,1.0,4.0,40.0
3111,2,7321,37,,1.0,1,1.0,4.0,40.0
3112,1,7302,86,,,1,6.0,2.0,
3112,2,7302,88,,,2,6.0,4.0,
3113,1,7305,68,,1.0,1,1.0,4.0,40.0
3114,1,7314,39,,5.0,2,4.0,1.0,50.0
3114,2,7314,38,,5.0,1,4.0,1.0,40.0
3115,1,7302,61,,1.0,2,1.0,4.0,40.0
3115,2,7302,58,,1.0,1,3.0,4.0,
3116,1,7321,39,,5.0,1,1.0,3.0,40.0
3116,2,7321,33,,1.0,2,1.0,4.0,40.0
3116,3,7321,3,1.0,,1,,,
3117,1,7313,34,16.0,1.0,2,6.0,4.0,15.0
3117,2,7313,29,,1.0,1,1.0,4.0,35.0
3118,1,7302,57,,5.0,1,1.0,2.0,40.0
3118,2,7302,58,,,2,6.0,4.0,
3118,3,7302,23,15.0,,1,6.0,4.0,
3119,1,7319,51,,1.0,2,1.0,4.0,40.0
3119,2,7319,54,,3.0,2,1.0,4.0,40.0
3119,3,7319,26,,1.0,1,1.0,4.0,30.0
3120,1,7313,76,,3.0,2,6.0,4.0,10.0
3120,2,7313,74,,1.0,2,1.0,4.0,20.0
3121,1,7321,74,,,2,6.0,4.0,
3122,1,7320,61,,2.0,1,1.0,4.0,45.0
3122,2,7320,59,,2.0,2,1.0,4.0,40.0
3122,3,7320,27,,6.0,1,2.0,4.0,25.0
3122,4,7320,22,15.0,1.0,2,1.0,4.0,25.0
3122,5,7320,19,15.0,,2,6.0,4.0,
3123,1,7304,33,,1.0,1,1.0,4.0,40.0
3123,2,7304,31,,1.0,2,1.0,4.0,25.0
3123,3,7304,14,11.0,,1,,,
3123,4,7304,10,7.0,,2,,,
3123,5,7304,7,4.0,,1,,,
3124,1,7305,46,,1.0,2,1.0,4.0,40.0
3124,2,7305,49,,1.0,1,1.0,4.0,40.0
3124,3,7305,22,,1.0,1,1.0,4.0,40.0
3125,1,7309,50,,7.0,2,1.0,4.0,50.0
3125,2,7309,50,,7.0,1,1.0,4.0,50.0
3125,3,7309,10,6.0,,2,,,
3126,1,7317,60,,6.0,1,1.0,4.0,60.0
3126,2,7317,59,,6.0,2,1.0,4.0,60.0
3127,1,7320,27,,5.0,1,4.0,1.0,40.0
3127,2,7320,26,,9.0,2,3.0,4.0,
3127,3,7320,5,2.0,,2,,,
3127,4,7320,4,,,1,,,
3128,1,7305,47,,1.0,2,1.0,4.0,40.0
3128,2,7305,56,,1.0,1,1.0,4.0,40.0
3128,3,7305,27,16.0,,1,6.0,4.0,
3128,4,7305,25,,1.0,2,1.0,4.0,40.0
3128,5,7305,80,,,2,6.0,4.0,
3129,1,7309,71,,2.0,1,1.0,4.0,4.0
3130,1,7303,26,,2.0,2,1.0,4.0,40.0
3130,2,7303,9,6.0,,2,,,
3130,3,7303,6,2.0,,2,,,
3131,1,7316,53,,6.0,1,1.0,4.0,40.0
3131,2,7316,49,,1.0,1,1.0,4.0,40.0
3132,1,7305,35,,1.0,1,1.0,4.0,40.0
3132,2,7305,30,,7.0,2,1.0,4.0,35.0
3132,3,7305,2,,,1,,,
3133,1,7312,57,,4.0,2,1.0,4.0,20.0
3133,2,7312,60,,4.0,1,6.0,4.0,40.0
3134,1,7302,63,,1.0,1,1.0,4.0,40.0
3134,2,7302,59,,1.0,2,1.0,4.0,60.0
3135,1,7306,47,,,2,6.0,4.0,
3135,2,7306,75,,,2,6.0,4.0,
3136,1,7308,63,,4.0,2,1.0,4.0,40.0
3136,2,7308,63,,4.0,1,1.0,4.0,40.0
3137,1,7316,37,,1.0,2,1.0,4.0,45.0
3138,1,7310,75,,,1,6.0,4.0,
3138,2,7310,58,,2.0,2,1.0,4.0,40.0
3139,1,7312,44,,1.0,1,1.0,4.0,40.0
3139,2,7312,45,,5.0,2,1.0,4.0,30.0
3139,3,7312,14,10.0,,2,,,
3139,4,7312,10,6.0,,2,,,
3140,1,7306,72,,,2,6.0,4.0,
3140,2,7306,73,,,1,6.0,4.0,
3141,1,7318,47,,1.0,1,1.0,4.0,40.0
3141,2,7318,48,,1.0,2,1.0,4.0,40.0
3141,3,7318,12,9.0,,1,,,
3141,4,7318,8,4.0,,1,,,
3142,1,7314,38,,1.0,1,1.0,4.0,80.0
3142,2,7314,40,,2.0,2,1.0,4.0,24.0
3142,3,7314,6,2.0,,1,,,
3142,4,7314,68,,1.0,2,6.0,4.0,
3143,1,7321,45,,1.0,2,1.0,4.0,50.0
3144,1,7321,52,,1.0,2,1.0,4.0,40.0
3145,1,7306,55,,3.0,2,1.0,4.0,32.0
3145,2,7306,56,,1.0,1,1.0,4.0,50.0
3145,3,7306,24,15.0,1.0,1,1.0,4.0,15.0
3146,1,7310,32,,1.0,1,1.0,4.0,40.0
3146,2,7310,25,,1.0,2,1.0,4.0,40.0
3147,1,7317,47,,6.0,1,1.0,2.0,40.0
3147,2,7317,39,,1.0,2,1.0,4.0,40.0
3148,1,7317,44,,1.0,1,1.0,4.0,40.0
3148,2,7317,40,,1.0,2,1.0,4.0,25.0
3149,1,7313,77,,,2,6.0,4.0,
3149,2,7313,56,,1.0,2,1.0,4.0,46.0
3149,3,7313,54,,,1,6.0,4.0,
3149,4,7313,57,,2.0,2,1.0,4.0,40.0
3150,1,7317,51,,6.0,1,1.0,4.0,36.0
3150,2,7317,54,,,2,6.0,4.0,
3150,3,7317,18,14.0,7.0,1,1.0,4.0,12.0
3150,4,7317,17,13.0,,2,6.0,4.0,
3150,5,7317,15,12.0,,2,,,
3151,1,7301,54,,1.0,1,1.0,2.0,40.0
3151,2,7301,49,,3.0,2,1.0,4.0,35.0
3151,3,7301,24,,3.0,2,1.0,4.0,40.0
3151,4,7301,20,,9.0,1,3.0,4.0,
3152,1,7308,55,,1.0,2,1.0,4.0,40.0
3152,2,7308,56,,6.0,1,1.0,4.0,40.0
3152,3,7308,18,15.0,1.0,1,1.0,4.0,20.0
3152,4,7308,16,10.0,1.0,2,1.0,,12.0
3153,1,7307,44,,1.0,1,1.0,2.0,40.0
3154,1,7303,47,,1.0,2,1.0,4.0,40.0
3154,2,7303,54,,1.0,1,1.0,4.0,40.0
3154,3,7303,28,,9.0,2,3.0,4.0,
3154,4,7303,26,,9.0,1,3.0,4.0,
3154,5,7303,8,5.0,,1,,,
3154,6,7303,3,,,1,,,
3155,1,7312,66,,7.0,2,6.0,4.0,
3155,2,7312,67,,7.0,1,1.0,4.0,40.0
3156,1,7306,88,,,1,6.0,2.0,
3156,2,7306,83,,,2,6.0,4.0,
3157,1,7311,50,,1.0,2,1.0,4.0,36.0
3157,2,7311,55,,1.0,1,1.0,4.0,48.0
3157,3,7311,22,15.0,1.0,1,1.0,4.0,40.0
3157,4,7311,21,15.0,1.0,2,1.0,4.0,20.0
3157,5,7311,16,13.0,,1,6.0,,
3158,1,7316,48,,1.0,2,1.0,4.0,40.0
3159,1,7321,59,,1.0,2,1.0,4.0,40.0
3159,2,7321,29,,1.0,2,1.0,4.0,40.0
3159,3,7321,27,,,1,6.0,4.0,
3159,4,7321,24,,2.0,2,1.0,4.0,40.0
3159,5,7321,56,,,2,6.0,4.0,
3159,6,7321,12,9.0,,2,,,
3160,1,7319,33,,6.0,1,1.0,4.0,35.0
3160,2,7319,33,,6.0,2,1.0,4.0,40.0
3160,3,7319,8,5.0,,1,,,
3161,1,7312,57,,1.0,1,1.0,4.0,80.0
3161,2,7312,61,,2.0,2,6.0,4.0,
3162,1,7316,33,,6.0,1,1.0,4.0,40.0
3162,2,7316,44,,,2,6.0,4.0,
3162,3,7316,16,12.0,,2,6.0,,
3162,4,7316,13,9.0,,2,,,
3162,5,7316,8,6.0,,1,,,
3162,6,7316,2,,,1,,,
3163,1,7307,37,,7.0,2,1.0,4.0,50.0
3163,2,7307,2,,,2,,,
3164,1,7304,50,,6.0,1,1.0,4.0,40.0
3165,1,7310,57,,5.0,1,6.0,4.0,
3166,1,7312,64,,1.0,1,6.0,2.0,
3166,2,7312,64,,,2,6.0,4.0,
3166,3,7312,69,,,2,6.0,4.0,
3166,4,7312,61,,1.0,1,1.0,4.0,40.0
3166,5,7312,22,,1.0,2,1.0,4.0,40.0
3167,1,7304,74,,6.0,1,6.0,2.0,
3167,2,7304,68,,6.0,2,6.0,4.0,25.0
3168,1,7310,50,,7.0,2,1.0,4.0,40.0
3168,2,7310,67,,7.0,1,1.0,4.0,40.0
3169,1,7316,27,16.0,5.0,2,3.0,4.0,
3169,2,7316,26,,1.0,2,1.0,4.0,52.0
3170,1,7315,89,,,2,6.0,4.0,
3170,2,7315,66,,,1,6.0,4.0,
3171,1,7313,69,,1.0,2,1.0,4.0,40.0
3171,2,7313,38,,1.0,1,3.0,4.0,20.0
3172,1,7314,71,,3.0,2,6.0,4.0,
3173,1,7301,76,,,1,6.0,4.0,
3173,2,7301,2,,,1,,,
3174,1,7301,33,15.0,4.0,1,1.0,4.0,50.0
3174,2,7301,33,,,2,6.0,4.0,
3174,3,7301,8,4.0,,2,,,
3174,4,7301,6,2.0,,2,,,
3174,5,7301,3,1.0,,1,,,
3174,6,7301,66,,2.0,2,6.0,4.0,30.0
3174,7,7301,61,,1.0,1,6.0,4.0,40.0
3175,1,7313,55,,1.0,2,6.0,4.0,
3175,2,7313,23,,1.0,1,1.0,4.0,40.0
3175,3,7313,22,,1.0,1,1.0,4.0,40.0
3175,4,7313,14,11.0,,1,,,
3176,1,7306,55,,1.0,1,1.0,2.0,40.0
3176,2,7306,51,,2.0,2,1.0,4.0,40.0
3176,3,7306,23,,1.0,1,1.0,4.0,32.0
3177,1,7318,60,,1.0,2,1.0,4.0,40.0
3177,2,7318,29,15.0,1.0,2,1.0,4.0,6.0
3177,3,7318,12,8.0,,2,,,
3177,4,7318,9,6.0,,2,,,
3177,5,7318,7,4.0,,1,,,
3177,6,7318,4,1.0,,2,,,
3177,7,7318,2,,,2,,,
3177,8,7318,41,,5.0,1,1.0,2.0,40.0
3177,9,7318,32,,1.0,1,1.0,4.0,40.0
3178,1,7312,73,,,1,6.0,2.0,
3178,2,7312,75,,,2,6.0,4.0,
3178,3,7312,26,,1.0,2,1.0,4.0,20.0
3179,1,7301,34,,5.0,1,4.0,1.0,50.0
3179,2,7301,33,,6.0,2,1.0,4.0,6.0
3179,3,7301,12,8.0,,1,,,
3179,4,7301,6,3.0,,1,,,
3179,5,7301,4,1.0,,1,,,
3179,6,7301,2,,,2,,,
3180,1,7320,33,15.0,5.0,1,1.0,2.0,99.0
3180,2,7320,34,,1.0,2,6.0,4.0,
3180,3,7320,5,2.0,,1,,,
3180,4,7320,4,1.0,,2,,,
3180,5,7320,64,,,2,6.0,4.0,
3181,1,7314,34,,,2,6.0,4.0,
3181,2,7314,34,,5.0,1,4.0,1.0,60.0
3181,3,7314,16,12.0,,1,6.0,,
3181,4,7314,12,9.0,,2,,,
3181,5,7314,8,5.0,,2,,,
3182,1,7318,88,,,1,6.0,2.0,
3183,1,7307,37,,1.0,2,1.0,4.0,40.0
3183,2,7307,41,,1.0,1,1.0,4.0,40.0
3183,3,7307,5,1.0,,1,,,
3184,1,7311,48,,1.0,1,6.0,4.0,10.0
3185,1,7318,79,,,1,6.0,4.0,
3185,2,7318,50,,1.0,2,1.0,4.0,40.0
3185,3,7318,46,,1.0,2,6.0,4.0,
3185,4,7318,27,,1.0,2,1.0,4.0,40.0
3185,5,7318,21,,1.0,1,1.0,4.0,48.0
3186,1,7320,68,,4.0,1,6.0,2.0,
3186,2,7320,65,,1.0,2,6.0,4.0,
3187,1,7301,74,,1.0,1,6.0,4.0,
3187,2,7301,71,,,2,6.0,4.0,
3188,1,7310,47,,1.0,1,1.0,2.0,45.0
3189,1,7321,30,,1.0,1,1.0,4.0,40.0
3189,2,7321,27,,1.0,2,1.0,4.0,30.0
3189,3,7321,4,,,2,,,
3189,4,7321,3,,,1,,,
3190,1,7308,37,,1.0,1,1.0,4.0,40.0
3190,2,7308,30,,,2,6.0,4.0,
3191,1,7313,28,,1.0,1,1.0,4.0,60.0
3191,2,7313,34,,1.0,2,1.0,4.0,40.0
3191,3,7313,0,,,1,,,
3192,1,7303,50,,6.0,2,1.0,4.0,80.0
3192,2,7303,45,,6.0,1,1.0,4.0,40.0
3192,3,7303,23,15.0,1.0,2,6.0,4.0,
3192,4,7303,15,12.0,,2,,,
3193,1,7304,38,,,2,6.0,4.0,
3193,2,7304,37,,7.0,1,1.0,4.0,60.0
3194,1,7313,60,,2.0,1,3.0,4.0,
3194,2,7313,57,,,2,6.0,4.0,
3194,3,7313,27,,1.0,1,1.0,4.0,60.0
3194,4,7313,22,,,2,6.0,4.0,
3194,5,7313,19,,9.0,1,3.0,4.0,
3194,6,7313,14,11.0,,1,,,
3195,1,7304,54,16.0,1.0,1,1.0,4.0,40.0
3195,2,7304,54,15.0,1.0,2,1.0,4.0,24.0
3195,3,7304,22,15.0,1.0,2,1.0,4.0,40.0
3196,1,7309,49,16.0,1.0,2,6.0,4.0,20.0
3196,2,7309,50,,1.0,1,1.0,4.0,20.0
3196,3,7309,18,15.0,1.0,2,1.0,4.0,40.0
3196,4,7309,15,12.0,,1,,,
3196,5,7309,14,10.0,,2,,,
3197,1,7321,34,,1.0,2,6.0,4.0,
3197,2,7321,37,,2.0,1,1.0,4.0,40.0
3197,3,7321,8,5.0,,1,,,
3197,4,7321,4,1.0,,1,,,
3197,5,7321,3,1.0,,2,,,
3197,6,7321,3,1.0,,2,,,
3198,1,7319,69,,7.0,2,6.0,4.0,20.0
3198,2,7319,69,,7.0,1,1.0,4.0,35.0
3199,1,7317,23,15.0,1.0,1,1.0,2.0,35.0
3199,2,7317,25,15.0,1.0,1,1.0,2.0,24.0
3200,1,7310,88,,,2,6.0,4.0,
3201,1,7309,71,,3.0,1,6.0,2.0,
3201,2,7309,65,,1.0,2,1.0,4.0,16.0
3202,1,7304,30,,1.0,2,1.0,4.0,50.0
3202,2,7304,32,,1.0,1,1.0,4.0,40.0
3203,1,7311,58,,1.0,2,6.0,4.0,16.0
3203,2,7311,59,,4.0,1,1.0,4.0,40.0
3203,3,7311,23,15.0,1.0,1,1.0,4.0,32.0
3204,1,7304,88,,,2,6.0,4.0,
3205,1,7313,65,,3.0,2,6.0,4.0,
3206,1,7315,60,,,1,6.0,2.0,
3207,1,7321,39,,2.0,1,1.0,4.0,52.0
3207,2,7321,47,,,2,6.0,4.0,
3207,3,7321,16,13.0,,2,6.0,,
3207,4,7321,15,11.0,,1,,,
3207,5,7321,12,8.0,,1,,,
3208,1,7314,54,,1.0,2,1.0,4.0,35.0
3209,1,7314,56,,4.0,1,1.0,2.0,50.0
3209,2,7314,44,,,2,6.0,4.0,
3210,1,7317,36,,1.0,2,1.0,2.0,40.0
3211,1,7301,60,,2.0,2,1.0,4.0,40.0
3211,2,7301,49,16.0,5.0,1,6.0,2.0,
3212,1,7321,69,,3.0,2,6.0,4.0,
3212,2,7321,47,,1.0,1,1.0,4.0,40.0
3212,3,7321,19,,1.0,1,1.0,4.0,6.0
3212,4,7321,12,9.0,,2,,,
3213,1,7317,20,,1.0,1,1.0,4.0,44.0
3213,2,7317,24,15.0,1.0,1,1.0,4.0,20.0
3213,3,7317,22,,1.0,1,1.0,4.0,25.0
3213,4,7317,21,,6.0,1,1.0,4.0,35.0
3214,1,7317,55,15.0,2.0,2,1.0,4.0,75.0
3214,2,7317,59,,,1,6.0,4.0,
3215,1,7307,53,,,2,6.0,4.0,
3215,2,7307,57,,1.0,1,1.0,4.0,40.0
3215,3,7307,19,15.0,,2,6.0,4.0,
3216,1,7316,30,,1.0,1,1.0,4.0,45.0
3216,2,7316,29,,2.0,2,1.0,4.0,41.0
3217,1,7320,46,,4.0,1,1.0,4.0,50.0
3217,2,7320,47,,2.0,2,1.0,4.0,40.0
3217,3,7320,23,15.0,1.0,1,1.0,4.0,22.0
3217,4,7320,15,12.0,,1,,,
3218,1,7303,39,,6.0,2,1.0,4.0,45.0
3219,1,7306,94,,,1,6.0,2.0,
3219,2,7306,88,,,2,6.0,4.0,
3220,1,7312,20,15.0,4.0,1,1.0,4.0,20.0
3220,2,7312,21,15.0,,1,6.0,4.0,
3220,3,7312,21,,1.0,1,6.0,4.0,12.0
3220,4,7312,20,15.0,,1,6.0,4.0,
3220,5,7312,20,,1.0,1,1.0,4.0,40.0
3221,1,7316,56,,1.0,1,1.0,2.0,50.0
3221,2,7316,50,,,2,6.0,4.0,
3221,3,7316,22,,1.0,1,1.0,4.0,40.0
3221,4,7316,19,15.0,,1,6.0,4.0,
3221,5,7316,17,14.0,,2,6.0,4.0,
3221,6,7316,75,,,2,6.0,4.0,
3222,1,7305,41,,1.0,2,1.0,4.0,25.0
3222,2,7305,9,,,2,,,
3222,3,7305,7,4.0,,1,,,
3222,4,7305,67,,,2,6.0,4.0,
3223,1,7320,77,,,1,6.0,2.0,
3223,2,7320,76,,,2,6.0,4.0,
3224,1,7313,64,,6.0,1,1.0,4.0,40.0
3224,2,7313,44,,2.0,2,6.0,4.0,
3224,3,7313,17,14.0,,2,6.0,4.0,
3224,4,7313,13,10.0,,1,,,
3225,1,7308,40,,5.0,1,1.0,4.0,40.0
3225,2,7308,38,,2.0,2,1.0,4.0,30.0
3225,3,7308,11,7.0,,1,,,
3225,4,7308,6,2.0,,2,,,
3226,1,7317,55,,1.0,1,1.0,4.0,40.0
3226,2,7317,48,,,2,6.0,4.0,
3226,3,7317,25,15.0,,1,6.0,4.0,
3226,4,7317,23,16.0,4.0,2,1.0,4.0,20.0
3226,5,7317,18,15.0,,2,6.0,4.0,
3227,1,7321,55,,6.0,1,1.0,4.0,40.0
3227,2,7321,54,,4.0,2,1.0,4.0,40.0
3227,3,7321,23,15.0,1.0,2,1.0,4.0,30.0
3227,4,7321,21,,1.0,1,1.0,4.0,40.0
3227,5,7321,18,14.0,1.0,2,3.0,4.0,16.0
3228,1,7310,27,,3.0,2,1.0,4.0,38.0
3229,1,7308,70,,6.0,2,1.0,4.0,20.0
3229,2,7308,77,,,1,6.0,4.0,
3229,3,7308,41,,6.0,2,1.0,4.0,40.0
3229,4,7308,46,,8.0,1,3.0,2.0,15.0
3230,1,7321,58,,1.0,2,1.0,4.0,40.0
3230,2,7321,61,,1.0,1,1.0,4.0,40.0
3231,1,7302,30,,1.0,1,1.0,4.0,40.0
3232,1,7306,55,,,2,6.0,4.0,
3232,2,7306,59,,1.0,1,1.0,4.0,36.0
3232,3,7306,29,,1.0,1,1.0,4.0,40.0
3232,4,7306,25,,2.0,1,1.0,4.0,28.0
3232,5,7306,18,13.0,,2,6.0,4.0,
3233,1,7301,39,,1.0,1,1.0,4.0,40.0
3233,2,7301,44,,6.0,2,1.0,4.0,40.0
3233,3,7301,16,13.0,9.0,1,3.0,,
3233,4,7301,25,,5.0,1,4.0,3.0,60.0
3234,1,7306,94,,,2,6.0,4.0,
3235,1,7302,61,,1.0,2,1.0,4.0,32.0
3235,2,7302,61,,1.0,1,1.0,4.0,40.0
3235,3,7302,26,,1.0,1,1.0,4.0,40.0
3235,4,7302,21,15.0,3.0,2,1.0,4.0,20.0
3236,1,7316,38,,1.0,2,1.0,4.0,40.0
3236,2,7316,36,,1.0,1,1.0,4.0,40.0
3236,3,7316,13,11.0,,1,,,
3236,4,7316,9,6.0,,1,,,
3237,1,7318,48,,9.0,2,3.0,4.0,
3237,2,7318,48,,1.0,1,1.0,4.0,40.0
3238,1,7305,46,,1.0,1,1.0,4.0,40.0
3238,2,7305,41,,1.0,2,1.0,4.0,20.0
3238,3,7305,19,,1.0,1,3.0,4.0,40.0
3238,4,7305,19,,9.0,1,3.0,4.0,
3238,5,7305,14,11.0,,1,,,
3239,1,7305,86,,,1,6.0,3.0,
3239,2,7305,77,15.0,,2,6.0,4.0,
3240,1,7303,31,,1.0,2,1.0,4.0,40.0
3240,2,7303,34,,1.0,1,1.0,4.0,40.0
3240,3,7303,11,9.0,,1,,,
3240,4,7303,10,7.0,,1,,,
3240,5,7303,7,4.0,,2,,,
3241,1,7311,62,,1.0,1,1.0,4.0,40.0
3241,2,7311,55,,6.0,2,6.0,4.0,
3242,1,7304,73,,,1,6.0,2.0,
3242,2,7304,71,,4.0,2,6.0,4.0,16.0
3243,1,7315,47,15.0,3.0,1,1.0,4.0,40.0
3243,2,7315,40,,,2,6.0,4.0,
3244,1,7321,71,,,2,6.0,4.0,
3245,1,7304,52,,1.0,2,1.0,4.0,50.0
3245,2,7304,55,,5.0,1,1.0,2.0,40.0
3245,3,7304,17,13.0,1.0,2,1.0,4.0,15.0
3245,4,7304,74,,1.0,2,1.0,4.0,18.0
3246,1,7321,64,,,2,6.0,4.0,
3246,2,7321,69,,,1,6.0,4.0,
3246,3,7321,45,,,2,6.0,4.0,
3247,1,7320,57,,2.0,1,6.0,4.0,
3247,2,7320,58,,3.0,2,1.0,4.0,18.0
3247,3,7320,29,,3.0,2,1.0,4.0,40.0
3247,4,7320,23,15.0,3.0,2,1.0,4.0,25.0
3247,5,7320,21,15.0,4.0,2,1.0,4.0,25.0
3248,1,7306,70,,1.0,2,6.0,4.0,
3248,2,7306,70,,1.0,1,6.0,3.0,
3249,1,7315,43,,1.0,1,3.0,4.0,
3249,2,7315,24,,1.0,1,6.0,4.0,
3250,1,7316,79,,,2,6.0,4.0,
3251,1,7315,50,,1.0,2,1.0,4.0,30.0
3251,2,7315,72,,,2,6.0,3.0,
3252,1,7305,62,,7.0,2,6.0,4.0,5.0
3252,2,7305,63,,1.0,1,1.0,4.0,40.0
3253,1,7307,66,,,1,6.0,4.0,
3253,2,7307,56,,,2,6.0,4.0,
3254,1,7304,69,,1.0,1,6.0,2.0,28.0
3254,2,7304,68,,,2,6.0,4.0,
3255,1,7315,25,15.0,5.0,1,1.0,2.0,40.0
3255,2,7315,23,15.0,6.0,2,1.0,3.0,40.0
3256,1,7308,52,,4.0,2,1.0,4.0,40.0
3256,2,7308,50,,7.0,1,1.0,4.0,80.0
3256,3,7308,13,10.0,,2,,,
3257,1,7316,33,,2.0,1,1.0,4.0,40.0
3257,2,7316,42,15.0,1.0,1,1.0,4.0,30.0
3258,1,7315,50,,1.0,2,1.0,4.0,45.0
3258,2,7315,46,,1.0,1,1.0,4.0,20.0
3259,1,7315,50,,1.0,2,1.0,4.0,50.0
3259,2,7315,25,,1.0,2,6.0,4.0,
3260,1,7321,76,,6.0,1,1.0,3.0,42.0
3260,2,7321,41,,1.0,1,1.0,4.0,40.0
3261,1,7315,52,,2.0,2,1.0,4.0,45.0
3261,2,7315,53,,1.0,1,1.0,4.0,20.0
3261,3,7315,19,15.0,1.0,1,6.0,4.0,
3262,1,7310,50,,1.0,1,1.0,4.0,40.0
3262,2,7310,53,,7.0,2,1.0,4.0,40.0
3262,3,7310,19,15.0,1.0,2,1.0,4.0,20.0
3262,4,7310,18,14.0,1.0,2,1.0,4.0,20.0
3263,1,7308,46,,3.0,2,1.0,4.0,40.0
3263,2,7308,24,15.0,1.0,1,1.0,4.0,10.0
3264,1,7317,51,,6.0,1,1.0,4.0,40.0
3265,1,7310,63,,3.0,2,1.0,4.0,25.0
3265,2,7310,65,,6.0,1,6.0,4.0,
3266,1,7318,24,15.0,1.0,1,2.0,4.0,20.0
3266,2,7318,25,,1.0,2,1.0,4.0,40.0
3266,3,7318,19,,1.0,1,1.0,4.0,40.0
3266,4,7318,12,9.0,,2,,,
3267,1,7310,29,,1.0,2,1.0,4.0,50.0
3267,2,7310,24,,1.0,2,1.0,4.0,50.0
3268,1,7317,79,,,1,6.0,2.0,
3268,2,7317,69,,,2,6.0,4.0,
3269,1,7314,55,,4.0,2,1.0,4.0,30.0
3269,2,7314,60,,4.0,1,6.0,4.0,
3270,1,7306,46,,,2,6.0,4.0,
3270,2,7306,49,,1.0,1,1.0,4.0,40.0
3270,3,7306,14,10.0,,2,,,
3270,4,7306,12,9.0,,2,,,
3270,5,7306,9,6.0,,2,,,
3271,1,7301,82,,3.0,2,1.0,4.0,22.0
3272,1,7319,43,,,2,6.0,4.0,
3272,2,7319,49,,3.0,1,1.0,4.0,50.0
3272,3,7319,19,15.0,1.0,2,1.0,4.0,30.0
3272,4,7319,16,12.0,,2,6.0,,
3272,5,7319,2,,,1,,,
3273,1,7301,59,,1.0,1,1.0,2.0,80.0
3273,2,7301,57,,4.0,2,1.0,4.0,40.0
3274,1,7322,38,,1.0,2,6.0,4.0,
3274,2,7322,16,13.0,,2,6.0,,
3274,3,7322,12,8.0,,2,,,
3274,4,7322,12,8.0,,2,,,
3275,1,7302,57,,,2,6.0,4.0,
3275,2,7302,59,,1.0,1,1.0,4.0,40.0
3276,1,7310,30,16.0,2.0,1,1.0,2.0,30.0
3276,2,7310,33,15.0,1.0,2,1.0,2.0,20.0
3277,1,7315,47,,6.0,2,1.0,4.0,20.0
3277,2,7315,18,15.0,1.0,1,1.0,4.0,30.0
3277,3,7315,51,,6.0,2,1.0,4.0,25.0
3277,4,7315,20,15.0,1.0,2,1.0,4.0,30.0
3278,1,7316,62,,,2,6.0,4.0,
3278,2,7316,60,,7.0,1,1.0,4.0,40.0
3279,1,7310,22,,5.0,2,6.0,4.0,35.0
3279,2,7310,24,15.0,5.0,1,1.0,2.0,56.0
3280,1,7316,69,,3.0,2,1.0,4.0,8.0
3280,2,7316,71,,,1,6.0,2.0,
3281,1,7310,39,16.0,5.0,1,4.0,1.0,40.0
3281,2,7310,48,,,2,6.0,4.0,
3281,3,7310,14,10.0,,2,,,
3281,4,7310,13,10.0,,2,,,
3282,1,7302,67,,,1,6.0,4.0,
3282,2,7302,72,,,2,6.0,4.0,
3283,1,7312,70,,,1,6.0,2.0,
3284,1,7320,61,,8.0,1,1.0,4.0,45.0
3284,2,7320,51,,1.0,1,1.0,4.0,50.0
3285,1,7307,72,,1.0,2,6.0,4.0,
3286,1,7321,41,,1.0,1,1.0,4.0,50.0
3286,2,7321,37,,2.0,2,1.0,4.0,40.0
3286,3,7321,11,9.0,,2,,,
3286,4,7321,5,2.0,,2,,,
3287,1,7309,67,,7.0,1,1.0,4.0,36.0
3287,2,7309,43,,6.0,2,1.0,4.0,35.0
3287,3,7309,27,15.0,1.0,1,1.0,4.0,32.0
3288,1,7315,56,,6.0,2,6.0,4.0,8.0
3288,2,7315,60,,1.0,1,6.0,4.0,40.0
3289,1,7313,78,,,2,6.0,4.0,
3289,2,7313,81,,,1,6.0,4.0,
3290,1,7313,71,,3.0,1,1.0,2.0,40.0
3290,2,7313,74,,,1,6.0,2.0,
3291,1,7302,80,,,1,6.0,2.0,
3292,1,7318,36,,3.0,2,1.0,4.0,35.0
3292,2,7318,43,,1.0,1,1.0,4.0,50.0
3292,3,7318,7,3.0,,2,,,
3292,4,7318,5,,,1,,,
3293,1,7304,43,,1.0,1,1.0,4.0,40.0
3294,1,7309,44,,6.0,1,1.0,4.0,40.0
3294,2,7309,13,11.0,,1,,,
3295,1,7316,27,,2.0,1,1.0,4.0,40.0
3296,1,7305,71,,,1,6.0,4.0,
3296,2,7305,67,,,2,6.0,4.0,
3297,1,7309,30,,1.0,1,1.0,4.0,45.0
3297,2,7309,30,,2.0,2,1.0,4.0,36.0
3297,3,7309,0,,,1,,,
3298,1,7316,47,,1.0,1,1.0,4.0,40.0
3298,2,7316,38,,1.0,2,1.0,4.0,40.0
3299,1,7321,89,,1.0,2,6.0,4.0,
3300,1,7313,88,,,2,6.0,4.0,
3301,1,7304,56,,1.0,2,1.0,4.0,55.0
3302,1,7322,34,,4.0,2,1.0,4.0,40.0
3302,2,7322,39,,1.0,1,1.0,4.0,40.0
3302,3,7322,11,8.0,,2,,,
3302,4,7322,8,5.0,,2,,,
3303,1,7304,48,,1.0,2,1.0,4.0,36.0
3304,1,7318,47,,3.0,1,1.0,4.0,40.0
3305,1,7310,29,,6.0,1,1.0,4.0,50.0
3305,2,7310,25,,1.0,1,1.0,4.0,50.0
3306,1,7304,23,,1.0,1,1.0,4.0,40.0
3307,1,7306,81,,1.0,1,6.0,2.0,
3307,2,7306,79,,,2,6.0,4.0,
3308,1,7315,58,,6.0,1,1.0,4.0,40.0
3308,2,7315,54,,2.0,2,1.0,4.0,40.0
3309,1,7318,36,,5.0,1,1.0,4.0,40.0
3309,2,7318,40,,1.0,2,1.0,4.0,40.0
3309,3,7318,10,7.0,,2,,,
3310,1,7316,25,,6.0,2,1.0,4.0,40.0
3311,1,7304,50,,3.0,2,1.0,4.0,40.0
3311,2,7304,47,,1.0,1,1.0,4.0,40.0
3311,3,7304,16,13.0,,2,6.0,,
3311,4,7304,15,12.0,,1,,,
3311,5,7304,12,10.0,,2,,,
3312,1,7308,70,,,2,6.0,4.0,
3312,2,7308,71,,7.0,1,1.0,2.0,60.0
3313,1,7308,60,,3.0,1,1.0,2.0,40.0
3313,2,7308,53,,3.0,2,1.0,4.0,25.0
3314,1,7314,64,,2.0,1,6.0,4.0,
3314,2,7314,62,,3.0,2,1.0,4.0,30.0
3314,3,7314,27,,1.0,1,1.0,4.0,7.0
3315,1,7304,51,,1.0,1,1.0,4.0,40.0
3315,2,7304,28,16.0,1.0,1,1.0,4.0,14.0
3315,3,7304,46,,1.0,2,1.0,4.0,40.0
3316,1,7314,70,,6.0,1,6.0,4.0,20.0
3316,2,7314,40,,1.0,1,1.0,4.0,40.0
3317,1,7316,52,,6.0,2,1.0,4.0,30.0
3317,2,7316,49,,1.0,1,1.0,4.0,25.0
3317,3,7316,17,13.0,,1,6.0,4.0,
3318,1,7307,23,,5.0,2,4.0,1.0,50.0
3318,2,7307,22,,5.0,1,4.0,1.0,50.0
3319,1,7315,47,,1.0,2,1.0,4.0,60.0
3320,1,7308,56,,7.0,2,1.0,4.0,40.0
3320,2,7308,79,,7.0,1,6.0,4.0,2.0
3320,3,7308,28,16.0,1.0,2,1.0,4.0,40.0
3321,1,7301,49,,3.0,1,1.0,4.0,40.0
3321,2,7301,48,,2.0,2,1.0,4.0,50.0
3322,1,7308,72,,3.0,2,6.0,4.0,
3322,2,7308,37,,2.0,2,1.0,4.0,4.0
3322,3,7308,61,,1.0,2,1.0,4.0,40.0
3323,1,7314,29,,,2,6.0,2.0,
3323,2,7314,34,,5.0,1,4.0,1.0,50.0
3323,3,7314,7,3.0,,1,,,
3323,4,7314,6,2.0,,1,,,
3323,5,7314,3,,,2,,,
3324,1,7312,74,,6.0,1,1.0,4.0,15.0
3324,2,7312,68,,3.0,2,3.0,4.0,15.0
3325,1,7302,35,,5.0,2,1.0,4.0,40.0
3325,2,7302,34,,1.0,1,1.0,4.0,40.0
3325,3,7302,4,,,2,,,
3325,4,7302,1,,,2,,,
3326,1,7321,94,,6.0,1,6.0,4.0,16.0
3327,1,7310,85,,2.0,1,1.0,2.0,6.0
3327,2,7310,86,,,2,6.0,4.0,
3328,1,7302,21,,1.0,2,1.0,4.0,40.0
3328,2,7302,23,15.0,,2,6.0,4.0,
3328,3,7302,17,14.0,1.0,2,1.0,4.0,20.0
3329,1,7314,53,,1.0,2,1.0,4.0,40.0
3329,2,7314,30,,1.0,2,6.0,4.0,
3329,3,7314,0,,,2,,,
3329,4,7314,29,,1.0,1,1.0,4.0,40.0
3330,1,7317,26,16.0,2.0,1,1.0,4.0,30.0
3330,2,7317,25,15.0,1.0,2,1.0,4.0,40.0
3331,1,7310,38,,4.0,2,1.0,4.0,40.0
3332,1,7322,75,,,2,6.0,4.0,
3332,2,7322,84,,,1,6.0,4.0,
3332,3,7322,46,,,1,6.0,4.0,
3333,1,7316,27,,2.0,2,1.0,4.0,40.0
3334,1,7317,61,,3.0,1,1.0,4.0,35.0
3334,2,7317,47,15.0,3.0,2,1.0,4.0,40.0
3335,1,7308,75,,,1,6.0,4.0,
3335,2,7308,71,,,2,6.0,4.0,
3336,1,7301,56,,3.0,2,1.0,4.0,35.0
3337,1,7316,44,,7.0,2,1.0,4.0,40.0
3337,2,7316,20,15.0,1.0,2,3.0,4.0,
3338,1,7309,58,,,2,6.0,4.0,
3338,2,7309,58,,1.0,1,1.0,4.0,50.0
3338,3,7309,23,,1.0,1,1.0,4.0,50.0
3338,4,7309,23,,1.0,2,1.0,4.0,50.0
3339,1,7318,46,,1.0,2,1.0,4.0,40.0
3339,2,7318,46,,1.0,1,1.0,4.0,40.0
3339,3,7318,29,,1.0,1,1.0,4.0,40.0
3339,4,7318,25,,1.0,2,1.0,4.0,40.0
3340,1,7322,94,,,2,6.0,4.0,
3341,1,7310,54,,1.0,2,1.0,4.0,50.0
3342,1,7321,41,,1.0,1,1.0,4.0,40.0
3342,2,7321,37,,,2,6.0,4.0,
3342,3,7321,17,14.0,,2,6.0,4.0,
3342,4,7321,12,9.0,,2,,,
3342,5,7321,10,7.0,,1,,,
3343,1,7313,60,,1.0,1,1.0,2.0,40.0
3343,2,7313,10,,,2,,,
3344,1,7319,84,,7.0,2,6.0,4.0,
3344,2,7319,59,,1.0,2,1.0,4.0,40.0
3344,3,7319,55,,1.0,2,1.0,4.0,40.0
3345,1,7311,44,,1.0,2,1.0,4.0,40.0
3345,2,7311,62,,1.0,2,1.0,4.0,40.0
3346,1,7310,31,,1.0,1,1.0,4.0,40.0
3346,2,7310,35,,6.0,1,1.0,4.0,20.0
3346,3,7310,28,,1.0,2,1.0,4.0,40.0
3347,1,7314,73,,1.0,2,1.0,4.0,30.0
3347,2,7314,35,,1.0,1,1.0,2.0,40.0
3348,1,7317,67,,,2,6.0,4.0,
3348,2,7317,64,,,1,6.0,4.0,
3349,1,7302,86,,,2,6.0,4.0,
3349,2,7302,85,,,1,6.0,4.0,
3350,1,7305,55,,7.0,1,1.0,4.0,1.0
3351,1,7309,61,,6.0,1,1.0,4.0,40.0
3352,1,7317,51,,6.0,1,1.0,4.0,40.0
3352,2,7317,40,,1.0,2,1.0,4.0,40.0
3352,3,7317,9,5.0,,2,,,
3352,4,7317,3,,,2,,,
3352,5,7317,13,10.0,,1,,,
3353,1,7321,31,,1.0,2,1.0,4.0,40.0
3353,2,7321,42,,1.0,1,1.0,4.0,40.0
3353,3,7321,4,,,2,,,
3353,4,7321,2,,,2,,,
3353,5,7321,1,,,1,,,
3354,1,7315,40,,1.0,2,1.0,4.0,36.0
3355,1,7301,57,,2.0,2,1.0,4.0,40.0
3355,2,7301,58,,1.0,1,1.0,2.0,40.0
3356,1,7310,48,,1.0,1,1.0,4.0,60.0
3356,2,7310,44,,,2,6.0,4.0,
3356,3,7310,16,12.0,,1,6.0,,
3356,4,7310,12,8.0,,2,,,
3357,1,7310,61,,7.0,1,1.0,4.0,99.0
3357,2,7310,61,,1.0,2,1.0,4.0,99.0
3357,3,7310,27,,1.0,2,1.0,4.0,10.0
3357,4,7310,25,16.0,1.0,2,1.0,4.0,20.0
3357,5,7310,23,,1.0,1,1.0,4.0,40.0
3358,1,7311,37,,1.0,1,1.0,4.0,40.0
3358,2,7311,37,,1.0,2,1.0,4.0,40.0
3358,3,7311,3,1.0,,1,,,
3359,1,7316,28,,1.0,1,1.0,4.0,55.0
3359,2,7316,27,,2.0,2,1.0,4.0,40.0
3360,1,7313,84,,1.0,1,3.0,2.0,40.0
3360,2,7313,82,,,2,6.0,4.0,
3361,1,7307,46,,1.0,1,1.0,4.0,40.0
3361,2,7307,57,,,2,6.0,4.0,
3361,3,7307,16,13.0,,1,6.0,,
3361,4,7307,10,7.0,,1,,,
3362,1,7304,24,,2.0,2,1.0,4.0,50.0
3362,2,7304,24,,1.0,1,1.0,4.0,40.0
3363,1,7318,56,,3.0,2,1.0,4.0,50.0
3363,2,7318,71,,1.0,1,1.0,4.0,20.0
3363,3,7318,26,,1.0,2,3.0,4.0,40.0
3363,4,7318,20,15.0,,1,6.0,4.0,
3363,5,7318,25,,1.0,1,1.0,4.0,40.0
3364,1,7309,38,,1.0,2,1.0,4.0,40.0
3364,2,7309,45,,2.0,1,1.0,4.0,60.0
3364,3,7309,3,1.0,,1,,,
3365,1,7301,38,,1.0,1,1.0,4.0,40.0
3365,2,7301,31,,3.0,2,1.0,4.0,40.0
3365,3,7301,1,,,2,,,
3366,1,7320,35,,1.0,2,6.0,4.0,
3366,2,7320,42,,,1,6.0,4.0,
3366,3,7320,5,2.0,,2,,,
3366,4,7320,3,1.0,,1,,,
3366,5,7320,0,,,2,,,
3367,1,7305,59,,6.0,1,1.0,4.0,25.0
3367,2,7305,57,,6.0,1,1.0,4.0,28.0
3368,1,7319,83,,,2,6.0,4.0,
3369,1,7305,66,,7.0,2,1.0,4.0,45.0
3369,2,7305,67,,7.0,1,1.0,4.0,45.0
3370,1,7322,48,,5.0,1,1.0,4.0,50.0
3370,2,7322,44,,6.0,2,1.0,4.0,50.0
3370,3,7322,16,12.0,,2,6.0,,
3370,4,7322,13,9.0,,2,,,
3371,1,7318,63,,,2,6.0,4.0,
3371,2,7318,68,,3.0,1,6.0,2.0,15.0
3372,1,7314,30,,5.0,1,4.0,1.0,60.0
3372,2,7314,26,15.0,1.0,2,6.0,4.0,20.0
3373,1,7315,50,,2.0,1,3.0,4.0,40.0
3373,2,7315,51,,1.0,2,1.0,4.0,40.0
3374,1,7314,55,,1.0,2,1.0,4.0,20.0
3374,2,7314,78,,,2,6.0,4.0,
3375,1,7310,77,,,1,6.0,2.0,
3376,1,7310,58,,2.0,2,1.0,4.0,36.0
3376,2,7310,22,15.0,1.0,2,1.0,4.0,40.0
3376,3,7310,22,15.0,1.0,1,1.0,4.0,40.0
3377,1,7308,71,,1.0,1,1.0,2.0,40.0
3377,2,7308,70,,3.0,2,6.0,4.0,
3378,1,7308,68,,1.0,1,1.0,4.0,40.0
3378,2,7308,70,,1.0,2,1.0,4.0,30.0
3379,1,7311,52,,4.0,1,1.0,2.0,60.0
3379,2,7311,51,,3.0,2,1.0,3.0,35.0
3379,3,7311,15,12.0,,1,,,
3379,4,7311,12,9.0,,2,,,
3380,1,7320,57,,6.0,1,3.0,4.0,15.0
3380,2,7320,25,,1.0,1,6.0,4.0,
3381,1,7310,48,,1.0,1,3.0,4.0,45.0
3381,2,7310,10,6.0,,1,,,
3382,1,7302,67,,,2,6.0,4.0,
3382,2,7302,23,15.0,,2,6.0,4.0,
3382,3,7302,22,15.0,1.0,1,1.0,4.0,40.0
3382,4,7302,7,4.0,,1,,,
3382,5,7302,0,,,2,,,
3383,1,7314,76,,,2,6.0,4.0,
3383,2,7314,79,,,1,6.0,4.0,
3384,1,7308,40,,1.0,1,3.0,4.0,40.0
3384,2,7308,37,,1.0,2,1.0,4.0,40.0
3385,1,7302,90,,,1,6.0,2.0,
3386,1,7320,27,,2.0,1,1.0,4.0,40.0
3386,2,7320,28,,9.0,2,3.0,4.0,
3386,3,7320,4,,,2,,,
3386,4,7320,2,,,1,,,
3386,5,7320,0,,,1,,,
3387,1,7320,67,,4.0,2,6.0,4.0,
3387,2,7320,76,,,1,6.0,2.0,
3387,3,7320,32,,4.0,2,1.0,4.0,46.0
3388,1,7309,37,,1.0,1,1.0,4.0,50.0
3388,2,7309,37,,2.0,2,6.0,4.0,
3388,3,7309,7,3.0,,1,,,
3388,4,7309,5,1.0,,2,,,
3389,1,7315,72,,6.0,2,1.0,4.0,30.0
3389,2,7315,65,,6.0,1,1.0,2.0,45.0
3390,1,7301,37,,5.0,1,4.0,1.0,45.0
3391,1,7310,35,,1.0,2,1.0,4.0,50.0
3392,1,7314,52,,1.0,1,1.0,4.0,40.0
3392,2,7314,48,,2.0,2,1.0,4.0,20.0
3392,3,7314,15,11.0,,2,,,
3392,4,7314,12,8.0,,2,,,
3393,1,7309,45,,1.0,2,1.0,4.0,40.0
3393,2,7309,9,5.0,,2,,,
3393,3,7309,9,5.0,,1,,,
3394,1,7310,78,,,1,6.0,2.0,
3394,2,7310,76,,,2,6.0,4.0,
3395,1,7310,35,,1.0,1,1.0,4.0,60.0
3395,2,7310,29,,2.0,2,1.0,4.0,40.0
3396,1,7317,33,,6.0,2,6.0,4.0,
3396,2,7317,34,,6.0,1,1.0,4.0,60.0
3396,3,7317,1,,,1,,,
3397,1,7320,39,,3.0,2,1.0,4.0,60.0
3397,2,7320,11,8.0,,2,,,
3397,3,7320,9,6.0,,1,,,
3398,1,7322,59,,1.0,1,1.0,4.0,40.0
3398,2,7322,55,,,2,6.0,4.0,
3398,3,7322,31,,1.0,1,1.0,4.0,40.0
3398,4,7322,30,,,1,6.0,4.0,
3398,5,7322,80,,,2,6.0,4.0,
3399,1,7317,65,,,1,6.0,2.0,
3400,1,7311,61,,1.0,2,1.0,4.0,14.0
3400,2,7311,63,,1.0,1,1.0,4.0,55.0
3401,1,7313,53,,7.0,1,1.0,4.0,50.0
3401,2,7313,53,,1.0,2,1.0,4.0,20.0
3401,3,7313,18,14.0,2.0,2,6.0,4.0,
3402,1,7317,94,,,1,6.0,4.0,
3402,2,7317,94,,,2,6.0,4.0,
3403,1,7315,63,,1.0,2,1.0,4.0,35.0
3404,1,7313,56,,3.0,2,2.0,4.0,18.0
3404,2,7313,61,,1.0,1,1.0,4.0,40.0
3405,1,7313,59,,,2,6.0,4.0,
3405,2,7313,60,,1.0,1,1.0,4.0,40.0
3406,1,7305,67,,6.0,2,6.0,4.0,
3407,1,7312,82,,,2,6.0,4.0,
3407,2,7312,59,15.0,,2,6.0,4.0,
3407,3,7312,58,,1.0,1,1.0,4.0,40.0
3407,4,7312,62,,1.0,1,1.0,4.0,40.0
3408,1,7302,61,,2.0,2,1.0,4.0,75.0
3408,2,7302,62,,1.0,1,6.0,4.0,
3408,3,7302,62,,1.0,1,3.0,4.0,60.0
3409,1,7322,42,,1.0,1,1.0,4.0,40.0
3409,2,7322,31,15.0,6.0,2,6.0,4.0,2.0
3409,3,7322,4,,,1,,,
3410,1,7320,84,,,1,6.0,2.0,
3410,2,7320,83,,,2,6.0,4.0,
3410,3,7320,55,,,2,6.0,4.0,
3411,1,7312,21,15.0,1.0,1,1.0,4.0,13.0
3411,2,7312,22,,5.0,1,4.0,1.0,40.0
3411,3,7312,21,15.0,1.0,1,1.0,4.0,15.0
3411,4,7312,19,,1.0,1,1.0,4.0,40.0
3412,1,7314,75,,,1,6.0,4.0,
3413,1,7309,38,,6.0,1,1.0,4.0,60.0
3413,2,7309,28,,,2,6.0,4.0,
3413,3,7309,5,2.0,,2,,,
3413,4,7309,3,1.0,,2,,,
3413,5,7309,0,,,1,,,
3413,6,7309,63,,,2,6.0,4.0,
3414,1,7316,44,,,2,6.0,4.0,
3414,2,7316,48,,1.0,1,1.0,4.0,40.0
3414,3,7316,18,,,1,6.0,4.0,
3415,1,7308,69,,4.0,2,6.0,4.0,40.0
3416,1,7311,55,,1.0,1,1.0,4.0,30.0
3417,1,7309,65,,5.0,1,6.0,2.0,
3417,2,7309,64,,,2,6.0,4.0,
3418,1,7313,54,,1.0,1,2.0,4.0,33.0
3418,2,7313,43,,1.0,2,1.0,4.0,40.0
3418,3,7313,13,9.0,,1,,,
3418,4,7313,13,9.0,,1,,,
3418,5,7313,54,,1.0,1,2.0,4.0,40.0
3418,6,7313,43,,1.0,2,1.0,4.0,40.0
3419,1,7321,87,,,1,6.0,2.0,
3419,2,7321,85,,,2,6.0,4.0,
3420,1,7317,29,,1.0,1,1.0,4.0,35.0
3420,2,7317,27,16.0,4.0,2,1.0,4.0,5.0
3421,1,7321,45,,2.0,2,1.0,4.0,24.0
3421,2,7321,23,15.0,2.0,2,1.0,4.0,20.0
3422,1,7302,70,,3.0,1,6.0,4.0,16.0
3422,2,7302,61,,,2,6.0,4.0,
3423,1,7313,68,,,2,6.0,4.0,
3423,2,7313,68,,,1,6.0,4.0,
3424,1,7309,73,,5.0,1,6.0,2.0,
3424,2,7309,67,,,2,6.0,4.0,
3425,1,7319,46,,6.0,1,1.0,2.0,42.0
3425,2,7319,43,,2.0,2,1.0,2.0,32.0
3425,3,7319,5,1.0,,1,,,
3425,4,7319,2,,,1,,,
3426,1,7303,66,,1.0,1,1.0,4.0,20.0
3426,2,7303,63,,9.0,2,3.0,4.0,
3427,1,7310,40,,1.0,2,6.0,4.0,
3427,2,7310,32,,7.0,1,1.0,4.0,50.0
3428,1,7308,77,,,1,6.0,2.0,
3428,2,7308,65,,,2,6.0,4.0,
3429,1,7307,34,,3.0,1,1.0,4.0,40.0
3429,2,7307,34,,3.0,2,1.0,4.0,40.0
3429,3,7307,5,,,1,,,
3429,4,7307,2,,,2,,,
3430,1,7321,30,,1.0,1,1.0,4.0,40.0
3431,1,7319,71,,,2,6.0,2.0,
3431,2,7319,47,,5.0,2,6.0,4.0,
3431,3,7319,23,15.0,1.0,2,1.0,4.0,23.0
3431,4,7319,2,,,2,,,
3432,1,7319,41,,5.0,1,4.0,1.0,99.0
3432,2,7319,36,,1.0,2,6.0,4.0,
3433,1,7312,42,,1.0,2,1.0,4.0,40.0
3433,2,7312,46,,1.0,1,1.0,4.0,40.0
3433,3,7312,20,,1.0,2,6.0,4.0,
3433,4,7312,17,14.0,,2,6.0,4.0,
3434,1,7322,45,,3.0,2,6.0,4.0,
3434,2,7322,15,13.0,,1,,,
3434,3,7322,48,,1.0,2,1.0,4.0,20.0
3434,4,7322,44,,1.0,2,1.0,4.0,38.0
3434,5,7322,71,,,2,6.0,4.0,
3435,1,7322,36,16.0,1.0,2,1.0,4.0,40.0
3435,2,7322,39,,2.0,1,1.0,2.0,40.0
3435,3,7322,10,7.0,,1,,,
3435,4,7322,8,5.0,,2,,,
3435,5,7322,6,3.0,,2,,,
3435,6,7322,69,,2.0,2,1.0,4.0,40.0
3436,1,7317,52,,2.0,1,3.0,4.0,
3437,1,7311,56,,1.0,2,1.0,4.0,40.0
3437,2,7311,28,,7.0,2,1.0,4.0,40.0
3437,3,7311,58,,1.0,2,6.0,4.0,
3437,4,7311,54,,,1,6.0,4.0,
3437,5,7311,39,,1.0,1,1.0,4.0,40.0
3437,6,7311,23,15.0,1.0,1,1.0,4.0,40.0
3438,1,7320,47,16.0,1.0,1,1.0,2.0,40.0
3439,1,7310,31,,5.0,1,1.0,3.0,45.0
3440,1,7318,37,,4.0,2,1.0,4.0,15.0
3440,2,7318,37,,2.0,1,1.0,4.0,45.0
3440,3,7318,10,7.0,,2,,,
3440,4,7318,7,4.0,,1,,,
3440,5,7318,66,,1.0,2,2.0,4.0,8.0
3441,1,7317,79,,,1,6.0,4.0,
3441,2,7317,77,,,2,6.0,4.0,
3442,1,7303,49,,6.0,2,1.0,4.0,40.0
3442,2,7303,20,,,1,6.0,4.0,
3443,1,7318,40,,1.0,2,1.0,4.0,35.0
3443,2,7318,59,,1.0,1,1.0,4.0,45.0
3443,3,7318,23,,1.0,1,1.0,4.0,40.0
3443,4,7318,17,14.0,9.0,2,3.0,4.0,
3443,5,7318,15,12.0,,1,,,
3444,1,7314,59,,1.0,2,6.0,4.0,
3444,2,7314,65,,4.0,1,6.0,4.0,
3445,1,7307,67,,3.0,2,6.0,4.0,
3445,2,7307,66,,1.0,1,1.0,4.0,40.0
3446,1,7302,72,,4.0,2,2.0,4.0,15.0
3446,2,7302,70,,,1,6.0,4.0,
3447,1,7322,37,,3.0,2,1.0,4.0,40.0
3447,2,7322,37,16.0,1.0,1,1.0,4.0,40.0
3447,3,7322,5,,,1,,,
3447,4,7322,1,,,2,,,
3448,1,7315,61,,1.0,2,1.0,4.0,34.0
3448,2,7315,60,,7.0,1,1.0,4.0,55.0
3448,3,7315,22,15.0,4.0,1,6.0,4.0,40.0
3449,1,7312,67,,1.0,2,1.0,4.0,60.0
3449,2,7312,85,,,2,6.0,4.0,
3450,1,7316,33,,1.0,1,1.0,4.0,45.0
3451,1,7316,49,,6.0,1,2.0,4.0,50.0
3452,1,7316,74,,,2,6.0,4.0,
3453,1,7314,53,,1.0,1,1.0,4.0,20.0
3454,1,7311,43,,1.0,1,1.0,4.0,40.0
3454,2,7311,39,,1.0,2,1.0,4.0,40.0
3455,1,7309,45,,1.0,1,1.0,4.0,60.0
3455,2,7309,43,,,2,6.0,4.0,
3455,3,7309,19,15.0,1.0,2,6.0,4.0,10.0
3455,4,7309,14,11.0,,2,,,
3455,5,7309,4,1.0,,1,,,
3456,1,7311,74,,1.0,1,1.0,4.0,35.0
3456,2,7311,73,,,2,6.0,4.0,
3457,1,7309,28,,1.0,2,1.0,4.0,44.0
3457,2,7309,26,,1.0,2,1.0,4.0,45.0
3458,1,7312,37,,2.0,1,1.0,4.0,45.0
3458,2,7312,35,,1.0,2,6.0,4.0,
3458,3,7312,2,,,2,,,
3458,4,7312,0,,,1,,,
3459,1,7314,83,,6.0,1,1.0,2.0,40.0
3459,2,7314,79,,6.0,2,1.0,4.0,60.0
3460,1,7310,35,,1.0,1,1.0,4.0,40.0
3460,2,7310,29,,,2,6.0,4.0,
3461,1,7305,50,,6.0,2,1.0,4.0,40.0
3461,2,7305,54,,3.0,1,1.0,4.0,46.0
3461,3,7305,15,11.0,,2,,,
3461,4,7305,11,7.0,,2,,,
3462,1,7314,40,,3.0,2,1.0,4.0,60.0
3462,2,7314,38,,4.0,2,1.0,4.0,40.0
3463,1,7312,26,16.0,,1,6.0,4.0,
3463,2,7312,30,,1.0,1,1.0,4.0,40.0
3464,1,7305,60,,1.0,1,1.0,4.0,40.0
3464,2,7305,70,,,2,6.0,4.0,
3465,1,7314,31,,1.0,1,1.0,4.0,40.0
3466,1,7310,40,,6.0,1,1.0,4.0,60.0
3466,2,7310,32,,1.0,2,1.0,4.0,3.0
3466,3,7310,2,,,2,,,
3467,1,7314,58,,1.0,2,1.0,4.0,40.0
3467,2,7314,60,,1.0,1,1.0,2.0,40.0
3468,1,7303,34,,1.0,2,3.0,4.0,
3468,2,7303,36,,7.0,1,1.0,4.0,50.0
3468,3,7303,14,10.0,,2,,,
3468,4,7303,4,,,2,,,
3468,5,7303,3,,,1,,,
3468,6,7303,0,,,1,,,
3469,1,7310,38,,1.0,1,1.0,4.0,40.0
3469,2,7310,44,,5.0,2,1.0,2.0,40.0
3469,3,7310,5,2.0,,1,,,
3469,4,7310,2,,,1,,,
3470,1,7306,31,,1.0,2,2.0,4.0,40.0
3470,2,7306,34,,1.0,1,1.0,4.0,45.0
3470,3,7306,9,6.0,,2,,,
3471,1,7316,38,,1.0,1,1.0,4.0,55.0
3472,1,7302,46,,1.0,1,1.0,4.0,40.0
3472,2,7302,25,,1.0,1,1.0,4.0,40.0
3472,3,7302,22,16.0,,1,6.0,4.0,
3472,4,7302,16,12.0,,1,6.0,,
3473,1,7305,55,,1.0,1,1.0,2.0,40.0
3473,2,7305,54,,1.0,2,6.0,4.0,
3473,3,7305,18,14.0,1.0,1,1.0,4.0,12.0
3473,4,7305,17,14.0,1.0,2,6.0,4.0,16.0
3473,5,7305,42,,1.0,1,1.0,4.0,30.0
3474,1,7322,28,,1.0,2,1.0,4.0,40.0
3474,2,7322,37,,1.0,2,1.0,4.0,60.0
3474,3,7322,0,,,1,,,
3475,1,7301,38,,1.0,1,1.0,4.0,40.0
3475,2,7301,38,15.0,,2,6.0,4.0,
3475,3,7301,10,7.0,,1,,,
3476,1,7302,34,,,2,6.0,4.0,
3476,2,7302,35,,,1,6.0,4.0,
3476,3,7302,9,6.0,,2,,,
3476,4,7302,4,2.0,,1,,,
3476,5,7302,4,2.0,,2,,,
3477,1,7321,70,,1.0,2,1.0,4.0,30.0
3477,2,7321,72,,,1,6.0,4.0,
3478,1,7310,61,,7.0,2,1.0,4.0,40.0
3478,2,7310,70,,7.0,1,1.0,4.0,50.0
3479,1,7321,88,,,2,6.0,4.0,
3480,1,7316,39,,1.0,1,1.0,4.0,45.0
3480,2,7316,35,,5.0,2,1.0,4.0,45.0
3481,1,7311,71,,6.0,2,6.0,4.0,40.0
3481,2,7311,72,,1.0,1,6.0,4.0,
3482,1,7312,58,,5.0,2,6.0,4.0,
3482,2,7312,61,,3.0,1,6.0,4.0,
3483,1,7317,42,,1.0,2,1.0,4.0,20.0
3483,2,7317,17,15.0,,2,6.0,4.0,
3483,3,7317,10,7.0,,1,,,
3484,1,7310,26,,2.0,2,1.0,4.0,36.0
3484,2,7310,32,,2.0,2,1.0,4.0,40.0
3484,3,7310,28,,1.0,2,1.0,4.0,36.0
3485,1,7301,65,,1.0,2,1.0,4.0,40.0
3485,2,7301,62,,1.0,1,1.0,4.0,40.0
3486,1,7321,64,,2.0,1,6.0,4.0,
3487,1,7322,51,,1.0,1,1.0,4.0,50.0
3488,1,7309,48,,1.0,1,1.0,4.0,50.0
3489,1,7320,23,,1.0,1,2.0,4.0,38.0
3489,2,7320,23,,6.0,2,1.0,4.0,40.0
3489,3,7320,22,15.0,4.0,1,1.0,4.0,20.0
3490,1,7312,28,16.0,,1,6.0,4.0,
3490,2,7312,29,,,2,6.0,4.0,
3491,1,7314,35,,7.0,1,1.0,4.0,40.0
3491,2,7314,38,,1.0,2,1.0,4.0,40.0
3492,1,7313,50,,,1,6.0,4.0,
3492,2,7313,44,,1.0,2,1.0,4.0,40.0
3492,3,7313,16,13.0,,1,6.0,,
3492,4,7313,14,,,2,,,
3493,1,7310,78,,6.0,2,6.0,4.0,
3494,1,7317,44,,4.0,2,1.0,4.0,10.0
3494,2,7317,42,,4.0,1,1.0,4.0,40.0
3495,1,7310,49,,3.0,2,6.0,4.0,
3495,2,7310,52,,1.0,1,1.0,4.0,70.0
3495,3,7310,18,14.0,,2,6.0,4.0,
3495,4,7310,16,13.0,,1,6.0,,
3495,5,7310,16,13.0,1.0,1,6.0,,12.0
3495,6,7310,12,9.0,,2,,,
3496,1,7319,34,,5.0,1,1.0,2.0,40.0
3496,2,7319,29,15.0,9.0,2,3.0,4.0,
3496,3,7319,9,5.0,,1,,,
3497,1,7307,83,,,1,6.0,2.0,
3497,2,7307,63,,,2,6.0,4.0,
3497,3,7307,62,,1.0,1,1.0,4.0,40.0
3497,4,7307,61,,1.0,2,1.0,4.0,26.0
3497,5,7307,29,,1.0,1,6.0,4.0,
3497,6,7307,25,,,2,6.0,4.0,
3497,7,7307,57,,1.0,1,1.0,4.0,40.0
3498,1,7308,83,,,2,6.0,4.0,
3498,2,7308,55,,4.0,1,1.0,4.0,40.0
3499,1,7301,57,,5.0,2,6.0,4.0,
3499,2,7301,58,,5.0,1,1.0,2.0,40.0
3500,1,7309,69,,1.0,1,6.0,2.0,
3500,2,7309,72,,,2,6.0,4.0,
3501,1,7306,64,,,1,6.0,4.0,
3502,1,7319,32,,1.0,1,1.0,4.0,40.0
3502,2,7319,30,,,2,6.0,4.0,
3502,3,7319,2,,,2,,,
3502,4,7319,0,,,1,,,
3503,1,7310,29,,2.0,2,2.0,4.0,36.0
3503,2,7310,30,,5.0,1,1.0,2.0,40.0
3503,3,7310,0,,,2,,,
3504,1,7307,47,,3.0,1,1.0,4.0,50.0
3504,2,7307,42,16.0,3.0,2,1.0,4.0,50.0
3504,3,7307,10,7.0,,1,,,
3504,4,7307,8,5.0,,2,,,
3504,5,7307,12,9.0,,2,,,
3504,6,7307,8,4.0,,1,,,
3505,1,7304,32,,1.0,2,1.0,4.0,5.0
3505,2,7304,33,,1.0,1,1.0,4.0,60.0
3505,3,7304,4,1.0,,2,,,
3505,4,7304,1,,,1,,,
3506,1,7316,45,,3.0,2,1.0,4.0,40.0
3506,2,7316,31,,1.0,1,1.0,4.0,45.0
3507,1,7320,37,,1.0,1,1.0,4.0,40.0
3507,2,7320,41,,1.0,2,1.0,4.0,50.0
3507,3,7320,7,4.0,,2,,,
3507,4,7320,4,,,1,,,
3508,1,7322,79,,,2,6.0,4.0,
3509,1,7308,76,,3.0,1,6.0,4.0,15.0
3509,2,7308,76,,,2,6.0,4.0,
3510,1,7301,43,,5.0,2,1.0,4.0,40.0
3511,1,7319,61,,1.0,1,1.0,4.0,40.0
3511,2,7319,59,,1.0,2,6.0,4.0,
3511,3,7319,26,,,1,6.0,4.0,
3511,4,7319,24,16.0,1.0,1,1.0,4.0,30.0
3511,5,7319,20,,9.0,1,3.0,4.0,
3512,1,7305,61,,4.0,1,1.0,4.0,30.0
3513,1,7317,30,15.0,1.0,2,1.0,4.0,20.0
3513,2,7317,31,,1.0,1,1.0,4.0,40.0
3514,1,7302,57,,5.0,2,1.0,4.0,40.0
3514,2,7302,58,,5.0,1,1.0,4.0,40.0
3515,1,7303,60,,,1,6.0,4.0,
3515,2,7303,64,,1.0,2,1.0,4.0,40.0
3515,3,7303,33,,1.0,2,3.0,4.0,
3515,4,7303,22,,9.0,1,3.0,4.0,
3515,5,7303,9,5.0,,2,,,
3515,6,7303,0,,,2,,,
3515,7,7303,32,,1.0,1,1.0,4.0,40.0
3516,1,7308,41,,1.0,1,1.0,4.0,45.0
3516,2,7308,40,,1.0,2,1.0,4.0,32.0
3516,3,7308,8,5.0,,1,,,
3516,4,7308,6,3.0,,1,,,
3517,1,7321,60,,1.0,2,1.0,4.0,40.0
3517,2,7321,29,,1.0,2,1.0,4.0,40.0
3517,3,7321,27,,1.0,1,1.0,4.0,40.0
3518,1,7309,67,,2.0,2,1.0,4.0,12.0
3518,2,7309,62,,6.0,1,1.0,4.0,40.0
3518,3,7309,26,,1.0,1,1.0,4.0,25.0
3519,1,7317,40,16.0,3.0,1,2.0,4.0,60.0
3519,2,7317,40,16.0,1.0,2,1.0,4.0,40.0
3519,3,7317,10,6.0,,2,,,
3519,4,7317,6,2.0,,1,,,
3520,1,7318,49,,7.0,2,1.0,4.0,35.0
3520,2,7318,49,,6.0,1,6.0,4.0,15.0
3521,1,7316,49,,1.0,1,1.0,4.0,60.0
3521,2,7316,48,,,2,6.0,4.0,
3521,3,7316,17,13.0,,2,6.0,4.0,
3522,1,7322,52,,3.0,1,1.0,4.0,40.0
3522,2,7322,57,,3.0,2,2.0,4.0,40.0
3522,3,7322,30,15.0,,1,6.0,4.0,
3523,1,7315,71,,,1,6.0,2.0,
3523,2,7315,69,,,2,6.0,4.0,
3524,1,7303,33,,7.0,1,1.0,4.0,40.0
3524,2,7303,27,,7.0,2,1.0,4.0,40.0
3525,1,7309,57,,7.0,2,1.0,4.0,25.0
3525,2,7309,59,,1.0,1,1.0,4.0,45.0
3525,3,7309,15,12.0,,1,,,
3526,1,7312,63,,5.0,1,6.0,4.0,
3526,2,7312,63,,2.0,2,1.0,4.0,40.0
3526,3,7312,36,,1.0,1,1.0,4.0,40.0
3527,1,7310,85,,,2,6.0,4.0,
3527,2,7310,61,,,1,6.0,4.0,
3528,1,7313,23,,1.0,2,6.0,4.0,35.0
3528,2,7313,1,,,1,,,
3528,3,7313,59,,1.0,1,1.0,4.0,40.0
3528,4,7313,57,,1.0,2,1.0,4.0,40.0
3529,1,7314,59,,1.0,2,3.0,4.0,10.0
3530,1,7304,41,,1.0,1,1.0,2.0,40.0
3530,2,7304,40,,7.0,2,1.0,4.0,20.0
3530,3,7304,8,4.0,,1,,,
3530,4,7304,6,2.0,,1,,,
3531,1,7301,32,,1.0,1,1.0,2.0,40.0
3531,2,7301,35,,5.0,1,1.0,4.0,60.0
3532,1,7304,72,,,1,6.0,2.0,
3532,2,7304,74,,3.0,2,6.0,4.0,
3533,1,7306,67,,1.0,1,6.0,2.0,
3534,1,7312,21,15.0,,2,6.0,4.0,
3534,2,7312,50,,1.0,2,1.0,4.0,25.0
3534,3,7312,21,15.0,,2,6.0,4.0,
3535,1,7321,71,,6.0,1,6.0,4.0,
3536,1,7314,24,,5.0,1,6.0,2.0,40.0
3537,1,7306,39,,1.0,2,1.0,4.0,40.0
3538,1,7310,48,,5.0,2,6.0,2.0,
3538,2,7310,48,,1.0,1,1.0,4.0,60.0
3538,3,7310,14,11.0,,1,,,
3538,4,7310,12,9.0,,1,,,
3539,1,7322,43,,1.0,1,1.0,4.0,50.0
3539,2,7322,33,,5.0,2,4.0,1.0,50.0
3539,3,7322,7,4.0,,2,,,
3540,1,7317,30,,1.0,1,1.0,4.0,40.0
3540,2,7317,28,,1.0,2,1.0,4.0,40.0
3541,1,7316,67,,3.0,1,1.0,4.0,40.0
3541,2,7316,67,,2.0,2,6.0,4.0,
3542,1,7301,84,,,1,6.0,2.0,
3542,2,7301,83,,,2,6.0,4.0,
3543,1,7314,23,,2.0,2,1.0,4.0,30.0
3543,2,7314,25,15.0,1.0,1,1.0,4.0,35.0
3544,1,7316,25,16.0,1.0,1,6.0,4.0,
3544,2,7316,22,,7.0,2,1.0,4.0,28.0
3545,1,7303,59,,5.0,1,1.0,2.0,40.0
3545,2,7303,56,,5.0,2,1.0,4.0,40.0
3546,1,7322,64,,2.0,1,6.0,2.0,
3546,2,7322,64,,,2,6.0,2.0,
3547,1,7301,64,,6.0,1,1.0,4.0,40.0
3547,2,7301,45,,2.0,2,1.0,4.0,40.0
3547,3,7301,57,,1.0,1,6.0,4.0,
3547,4,7301,84,,,2,6.0,4.0,
3548,1,7301,88,,,1,6.0,2.0,
3548,2,7301,87,,,2,6.0,4.0,
3548,3,7301,62,,6.0,1,1.0,4.0,40.0
3549,1,7321,75,,,2,6.0,4.0,
3550,1,7302,60,,1.0,1,1.0,2.0,40.0
3550,2,7302,82,,,2,6.0,4.0,
3550,3,7302,55,,1.0,2,1.0,4.0,25.0
3551,1,7316,86,,,2,6.0,4.0,
3552,1,7310,73,,,1,6.0,4.0,
3553,1,7313,72,,,2,6.0,4.0,
3554,1,7307,50,,4.0,1,1.0,2.0,40.0
3554,2,7307,58,,1.0,1,1.0,4.0,40.0
3555,1,7316,60,,2.0,1,1.0,2.0,40.0
3555,2,7316,60,,2.0,2,1.0,4.0,40.0
3556,1,7301,64,,1.0,2,6.0,4.0,
3556,2,7301,67,,,1,6.0,2.0,
3557,1,7305,82,,,2,6.0,4.0,
3557,2,7305,57,,,1,6.0,4.0,
3558,1,7316,57,,1.0,1,1.0,4.0,50.0
3558,2,7316,55,,5.0,2,1.0,4.0,30.0
3559,1,7317,42,,1.0,1,1.0,4.0,43.0
3559,2,7317,43,,1.0,2,1.0,4.0,40.0
3559,3,7317,20,15.0,1.0,1,1.0,4.0,32.0
3559,4,7317,11,8.0,,2,,,
3560,1,7322,32,,1.0,2,1.0,4.0,40.0
3560,2,7322,32,,4.0,1,1.0,4.0,60.0
3560,3,7322,4,1.0,,1,,,
3560,4,7322,2,,,1,,,
3561,1,7316,79,,,2,6.0,4.0,
3562,1,7313,62,,1.0,1,1.0,4.0,40.0
3562,2,7313,25,,1.0,1,1.0,4.0,30.0
3562,3,7313,21,,9.0,1,3.0,4.0,
3563,1,7313,30,,6.0,2,1.0,4.0,55.0
3563,2,7313,32,,1.0,1,1.0,4.0,35.0
3563,3,7313,6,3.0,,2,,,
3564,1,7314,56,,1.0,2,1.0,4.0,40.0
3565,1,7313,87,,,2,6.0,4.0,
3565,2,7313,52,,6.0,1,3.0,4.0,27.0
3565,3,7313,51,,,2,6.0,4.0,
3566,1,7310,29,,2.0,1,1.0,4.0,40.0
3567,1,7322,60,,1.0,1,1.0,4.0,40.0
3567,2,7322,51,,,2,6.0,4.0,
3568,1,7308,30,,1.0,2,2.0,4.0,40.0
3568,2,7308,31,,1.0,1,1.0,4.0,50.0
3569,1,7302,52,,1.0,2,1.0,4.0,60.0
3570,1,7307,55,,1.0,2,1.0,4.0,40.0
3570,2,7307,57,,1.0,1,1.0,4.0,40.0
3571,1,7310,41,,1.0,2,1.0,4.0,40.0
3571,2,7310,43,,1.0,1,1.0,4.0,20.0
3572,1,7309,84,,,2,6.0,4.0,
3573,1,7308,52,,2.0,1,1.0,4.0,50.0
3573,2,7308,54,,3.0,2,3.0,4.0,40.0
3573,3,7308,15,12.0,,1,,,
3574,1,7307,77,,,2,6.0,4.0,
3575,1,7304,55,,1.0,1,1.0,4.0,40.0
3575,2,7304,51,,2.0,2,1.0,4.0,40.0
3576,1,7322,65,,,2,6.0,4.0,
3577,1,7313,58,,1.0,2,1.0,4.0,10.0
3578,1,7302,68,,6.0,2,1.0,4.0,10.0
3578,2,7302,70,,6.0,1,1.0,4.0,50.0
3579,1,7313,64,,2.0,2,1.0,4.0,30.0
3579,2,7313,66,,1.0,1,6.0,4.0,
3580,1,7313,55,,1.0,1,6.0,4.0,40.0
3580,2,7313,54,,,2,6.0,4.0,
3580,3,7313,17,13.0,,1,6.0,4.0,
3581,1,7317,42,,1.0,1,1.0,4.0,36.0
3581,2,7317,35,15.0,1.0,2,2.0,4.0,15.0
3581,3,7317,6,2.0,,2,,,
3581,4,7317,3,,,2,,,
3581,5,7317,0,,,2,,,
3582,1,7322,31,,2.0,1,1.0,4.0,42.0
3582,2,7322,7,4.0,,2,,,
3583,1,7317,73,,,2,6.0,4.0,
3584,1,7312,29,,1.0,2,6.0,4.0,
3584,2,7312,29,,1.0,1,1.0,4.0,20.0
3584,3,7312,2,,,2,,,
3584,4,7312,0,,,2,,,
3584,5,7312,25,,7.0,2,1.0,4.0,25.0
3584,6,7312,66,,,2,6.0,4.0,
3584,7,7312,64,,1.0,1,1.0,3.0,40.0
3585,1,7321,34,,1.0,1,1.0,4.0,40.0
3585,2,7321,36,,,2,6.0,4.0,
3585,3,7321,6,,,1,,,
3585,4,7321,2,,,1,,,
3585,5,7321,1,,,2,,,
3586,1,7317,42,,1.0,2,6.0,4.0,30.0
3586,2,7317,35,,1.0,1,1.0,4.0,44.0
3586,3,7317,16,12.0,,1,6.0,,
3586,4,7317,8,4.0,,1,,,
3586,5,7317,6,3.0,,1,,,
3586,6,7317,13,10.0,,1,,,
3586,7,7317,53,,1.0,2,6.0,4.0,
3587,1,7305,30,,2.0,2,6.0,4.0,
3587,2,7305,29,,1.0,1,1.0,4.0,40.0
3587,3,7305,1,,,1,,,
3588,1,7315,61,,1.0,1,1.0,4.0,40.0
3588,2,7315,60,,1.0,2,1.0,4.0,32.0
3588,3,7315,23,16.0,3.0,1,6.0,4.0,20.0
3588,4,7315,39,,1.0,1,1.0,4.0,40.0
3589,1,7319,68,,,2,6.0,4.0,
3589,2,7319,71,,,1,6.0,2.0,
3589,3,7319,41,,2.0,2,1.0,4.0,40.0
3590,1,7309,61,,1.0,1,6.0,4.0,
3590,2,7309,56,,1.0,2,1.0,4.0,40.0
3591,1,7306,58,,1.0,2,1.0,4.0,12.0
3591,2,7306,58,,1.0,1,1.0,4.0,50.0
3591,3,7306,18,14.0,,1,6.0,4.0,
3592,1,7316,61,15.0,3.0,1,1.0,4.0,30.0
3592,2,7316,61,,3.0,2,1.0,4.0,30.0
3593,1,7310,64,,,1,6.0,4.0,
3593,2,7310,63,,,1,6.0,4.0,
3594,1,7314,72,,1.0,1,6.0,2.0,
3594,2,7314,70,,,2,6.0,4.0,
3594,3,7314,42,15.0,6.0,1,6.0,4.0,10.0
3595,1,7317,43,,3.0,2,1.0,4.0,40.0
3595,2,7317,43,,3.0,1,1.0,4.0,40.0
3595,3,7317,13,10.0,,2,,,
3596,1,7308,27,,1.0,1,1.0,4.0,40.0
3596,2,7308,28,,1.0,2,1.0,4.0,40.0
3597,1,7316,65,,6.0,1,1.0,4.0,90.0
3598,1,7319,35,,4.0,2,2.0,4.0,40.0
3598,2,7319,18,,,1,6.0,4.0,
3598,3,7319,15,12.0,,1,,,
3598,4,7319,13,10.0,,2,,,
3598,5,7319,5,,,1,,,
3599,1,7320,59,,1.0,2,1.0,4.0,17.0
3599,2,7320,60,,5.0,1,1.0,2.0,40.0
3600,1,7312,57,15.0,,1,6.0,2.0,
3600,2,7312,88,,,2,6.0,4.0,
3601,1,7304,82,,,2,6.0,2.0,
3602,1,7315,60,,6.0,1,1.0,4.0,10.0
3603,1,7307,60,,1.0,1,1.0,4.0,40.0
3603,2,7307,15,15.0,,1,,,
3604,1,7301,67,,6.0,1,6.0,4.0,40.0
3605,1,7311,49,,,2,6.0,4.0,
3605,2,7311,48,,5.0,1,4.0,3.0,40.0
3605,3,7311,16,12.0,,2,6.0,,
3605,4,7311,13,10.0,,1,,,
3606,1,7317,48,,1.0,1,1.0,4.0,40.0
3606,2,7317,39,,1.0,2,1.0,4.0,40.0
3606,3,7317,21,15.0,1.0,2,1.0,4.0,40.0
3606,4,7317,3,,,2,,,
3606,5,7317,2,,,2,,,
3607,1,7304,38,,1.0,2,1.0,4.0,60.0
3608,1,7303,74,,1.0,1,1.0,4.0,18.0
3608,2,7303,62,,3.0,2,6.0,4.0,
3609,1,7306,66,,1.0,1,1.0,4.0,40.0
3609,2,7306,47,,,2,6.0,4.0,
3609,3,7306,26,16.0,,1,6.0,4.0,
3609,4,7306,24,,,2,6.0,4.0,
3609,5,7306,21,15.0,,2,6.0,4.0,
3609,6,7306,14,11.0,,1,,,
3610,1,7316,50,,1.0,1,1.0,4.0,40.0
3610,2,7316,49,,1.0,2,6.0,4.0,
3610,3,7316,14,11.0,,2,,,
3610,4,7316,15,11.0,,2,,,
3611,1,7314,23,,5.0,1,4.0,1.0,60.0
3611,2,7314,24,,5.0,1,4.0,1.0,60.0
3611,3,7314,22,,5.0,1,4.0,1.0,60.0
3612,1,7316,54,,1.0,1,1.0,2.0,24.0
3613,1,7310,61,,3.0,2,6.0,4.0,
3613,2,7310,62,16.0,1.0,1,1.0,4.0,40.0
3614,1,7317,59,,,2,6.0,4.0,
3614,2,7317,63,,1.0,1,1.0,4.0,40.0
3615,1,7319,58,,6.0,1,1.0,4.0,50.0
3615,2,7319,34,,1.0,2,6.0,4.0,
3616,1,7303,25,,6.0,2,1.0,4.0,40.0
3617,1,7312,54,,1.0,1,1.0,2.0,50.0
3617,2,7312,54,,1.0,2,1.0,4.0,40.0
3618,1,7305,63,,,1,6.0,4.0,
3618,2,7305,55,,,2,6.0,4.0,
3618,3,7305,32,,1.0,1,1.0,4.0,45.0
3618,4,7305,23,16.0,3.0,2,6.0,4.0,20.0
3619,1,7313,71,,,1,6.0,2.0,
3620,1,7314,49,,1.0,2,1.0,4.0,36.0
3620,2,7314,53,,1.0,1,1.0,4.0,36.0
3621,1,7301,36,,7.0,2,1.0,4.0,40.0
3621,2,7301,30,,7.0,1,1.0,4.0,60.0
3622,1,7311,53,,4.0,1,1.0,4.0,32.0
3623,1,7306,65,,1.0,1,1.0,4.0,40.0
3623,2,7306,62,,1.0,2,1.0,4.0,40.0
3624,1,7317,30,,1.0,2,1.0,4.0,36.0
3624,2,7317,31,,1.0,1,1.0,4.0,45.0
3625,1,7322,63,,1.0,2,1.0,4.0,40.0
3625,2,7322,64,,1.0,1,1.0,4.0,40.0
3626,1,7302,45,,3.0,1,1.0,4.0,40.0
3626,2,7302,39,,1.0,2,1.0,4.0,40.0
3626,3,7302,11,7.0,,2,,,
3626,4,7302,14,10.0,,2,,,
3627,1,7319,59,,3.0,2,6.0,4.0,40.0
3627,2,7319,56,,,1,6.0,4.0,
3627,3,7319,26,,,1,6.0,4.0,
3627,4,7319,22,,3.0,2,1.0,4.0,40.0
3628,1,7314,46,,3.0,2,1.0,4.0,60.0
3629,1,7305,37,,6.0,2,1.0,4.0,50.0
3629,2,7305,13,10.0,,2,,,
3630,1,7321,68,,3.0,2,6.0,4.0,
3631,1,7308,71,,,1,6.0,4.0,
3631,2,7308,70,,,2,6.0,4.0,
3631,3,7308,39,,1.0,1,1.0,4.0,40.0
3632,1,7314,40,,1.0,2,1.0,4.0,45.0
3632,2,7314,37,,1.0,1,1.0,4.0,45.0
3632,3,7314,15,12.0,,1,,,
3632,4,7314,13,9.0,,2,,,
3632,5,7314,3,1.0,,2,,,
3633,1,7316,32,,1.0,1,1.0,4.0,45.0
3634,1,7303,66,,4.0,1,6.0,4.0,8.0
3634,2,7303,68,,1.0,2,1.0,4.0,8.0
3635,1,7314,49,15.0,1.0,2,3.0,4.0,
3635,2,7314,48,16.0,1.0,1,1.0,4.0,48.0
3636,1,7317,25,,1.0,2,1.0,4.0,40.0
3636,2,7317,21,15.0,1.0,1,1.0,4.0,40.0
3637,1,7322,33,,1.0,2,1.0,4.0,40.0
3637,2,7322,35,,1.0,1,1.0,4.0,50.0
3637,3,7322,5,,,2,,,
3637,4,7322,0,,,1,,,
3637,5,7322,0,,,1,,,
3638,1,7306,64,15.0,,1,6.0,4.0,
3638,2,7306,63,,3.0,2,6.0,4.0,
3639,1,7305,45,,2.0,2,1.0,4.0,40.0
3639,2,7305,23,,1.0,1,1.0,4.0,28.0
3640,1,7310,59,,7.0,1,1.0,4.0,40.0
3640,2,7310,59,,7.0,2,1.0,4.0,15.0
3640,3,7310,22,15.0,1.0,1,6.0,4.0,
3641,1,7310,66,,,2,6.0,4.0,
3641,2,7310,64,,7.0,1,1.0,4.0,40.0
3642,1,7317,53,,1.0,1,1.0,4.0,40.0
3642,2,7317,47,,1.0,2,1.0,4.0,32.0
3643,1,7320,23,,5.0,1,4.0,1.0,40.0
3643,2,7320,22,,5.0,2,1.0,4.0,40.0
3643,3,7320,47,,,2,6.0,4.0,
3643,4,7320,44,,1.0,1,6.0,4.0,
3643,5,7320,19,15.0,,1,6.0,4.0,
3644,1,7316,28,16.0,4.0,2,1.0,4.0,40.0
3644,2,7316,28,15.0,5.0,1,6.0,2.0,40.0
3645,1,7318,35,,6.0,1,1.0,4.0,36.0
3645,2,7318,39,,1.0,2,1.0,4.0,48.0
3645,3,7318,20,15.0,1.0,1,1.0,4.0,44.0
3646,1,7305,70,,1.0,2,1.0,4.0,28.0
3647,1,7305,49,,5.0,2,1.0,4.0,40.0
3647,2,7305,15,12.0,,1,,,
3648,1,7304,71,,,1,6.0,3.0,
3648,2,7304,69,,,2,6.0,4.0,
3649,1,7304,41,,1.0,2,1.0,4.0,45.0
3649,2,7304,37,,1.0,1,1.0,4.0,50.0
3650,1,7301,83,,1.0,1,6.0,2.0,16.0
3650,2,7301,68,,,2,6.0,4.0,
3650,3,7301,35,,,2,6.0,4.0,
3650,4,7301,16,12.0,,1,6.0,,
3650,5,7301,9,5.0,,2,,,
3650,6,7301,1,,,2,,,
3650,7,7301,33,,1.0,1,1.0,4.0,40.0
3651,1,7305,56,,1.0,1,1.0,4.0,40.0
3651,2,7305,57,,7.0,2,1.0,4.0,40.0
3651,3,7305,18,15.0,1.0,1,1.0,4.0,16.0
3652,1,7312,30,,1.0,2,1.0,4.0,40.0
3652,2,7312,28,,5.0,1,4.0,1.0,50.0
3653,1,7317,52,,1.0,1,1.0,4.0,40.0
3653,2,7317,56,,,2,6.0,4.0,
3653,3,7317,88,,,1,6.0,2.0,
3654,1,7315,30,,3.0,2,6.0,4.0,
3654,2,7315,30,,1.0,1,1.0,4.0,65.0
3654,3,7315,1,,,2,,,
3655,1,7322,50,,1.0,1,1.0,4.0,38.0
3656,1,7302,51,,1.0,1,1.0,4.0,40.0
3656,2,7302,48,,,2,6.0,4.0,
3656,3,7302,27,,1.0,2,1.0,4.0,30.0
3657,1,7313,84,,,2,6.0,4.0,
3658,1,7315,27,,1.0,2,3.0,4.0,45.0
3659,1,7312,37,,1.0,2,1.0,4.0,40.0
3659,2,7312,38,,1.0,1,1.0,4.0,40.0
3660,1,7307,51,,1.0,1,1.0,2.0,36.0
3660,2,7307,52,,1.0,2,3.0,4.0,
3660,3,7307,56,,1.0,1,1.0,4.0,40.0
3661,1,7322,52,,5.0,1,1.0,4.0,50.0
3662,1,7309,43,,1.0,1,1.0,4.0,45.0
3662,2,7309,51,,1.0,2,1.0,4.0,46.0
3662,3,7309,13,10.0,,1,,,
3662,4,7309,58,,,2,6.0,4.0,
3662,5,7309,55,,1.0,1,1.0,4.0,70.0
3663,1,7308,36,,1.0,2,1.0,4.0,40.0
3663,2,7308,38,,1.0,1,1.0,4.0,40.0
3663,3,7308,2,,,2,,,
3663,4,7308,0,,,1,,,
3664,1,7322,58,,2.0,2,3.0,4.0,4.0
3664,2,7322,64,,1.0,1,6.0,2.0,
3665,1,7306,72,,,2,6.0,4.0,
3666,1,7304,46,,1.0,1,1.0,4.0,40.0
3666,2,7304,40,,3.0,2,1.0,4.0,10.0
3666,3,7304,9,6.0,,2,,,
3667,1,7313,83,,,1,6.0,2.0,
3667,2,7313,85,,,2,6.0,4.0,
3668,1,7311,30,,1.0,1,1.0,4.0,40.0
3669,1,7320,72,,1.0,1,1.0,2.0,20.0
3669,2,7320,72,,,2,6.0,4.0,
3670,1,7302,54,,6.0,1,1.0,4.0,40.0
3670,2,7302,32,,,2,6.0,4.0,
3671,1,7319,74,,4.0,2,1.0,4.0,40.0
3671,2,7319,49,,1.0,1,3.0,4.0,
3671,3,7319,33,,,1,6.0,4.0,
3671,4,7319,39,,3.0,2,1.0,4.0,2.0
3672,1,7312,51,,2.0,2,1.0,4.0,40.0
3672,2,7312,18,15.0,,2,6.0,4.0,
3672,3,7312,11,8.0,,2,,,
3673,1,7318,76,,,1,6.0,4.0,
3673,2,7318,84,,,2,6.0,4.0,
3674,1,7312,39,,,2,6.0,4.0,
3674,2,7312,38,,4.0,1,1.0,4.0,40.0
3674,3,7312,8,4.0,,2,,,
3674,4,7312,6,2.0,,1,,,
3674,5,7312,3,1.0,,1,,,
3674,6,7312,25,,4.0,2,6.0,4.0,
3674,7,7312,24,15.0,1.0,1,1.0,4.0,40.0
3675,1,7315,26,,2.0,2,1.0,4.0,40.0
3675,2,7315,24,,5.0,1,1.0,4.0,40.0
3676,1,7315,42,,3.0,1,1.0,4.0,40.0
3676,2,7315,44,,3.0,1,1.0,4.0,40.0
3677,1,7311,63,,,1,6.0,4.0,
3677,2,7311,46,,1.0,2,1.0,4.0,50.0
3677,3,7311,12,8.0,,1,,,
3678,1,7319,44,,8.0,2,1.0,4.0,40.0
3678,2,7319,35,,9.0,1,3.0,4.0,
3678,3,7319,22,,1.0,1,1.0,4.0,50.0
3678,4,7319,12,8.0,,1,,,
3678,5,7319,9,5.0,,2,,,
3678,6,7319,38,,1.0,2,1.0,4.0,50.0
3678,7,7319,17,13.0,,1,6.0,4.0,
3678,8,7319,14,10.0,,2,,,
3679,1,7314,40,,1.0,2,1.0,4.0,40.0
3679,2,7314,44,,6.0,1,1.0,4.0,40.0
3679,3,7314,14,11.0,,2,,,
3679,4,7314,11,8.0,,1,,,
3680,1,7321,94,,,1,6.0,4.0,
3680,2,7321,85,,,2,6.0,4.0,
3681,1,7308,79,,,2,6.0,4.0,
3682,1,7318,85,,,1,6.0,2.0,
3682,2,7318,85,,,2,6.0,4.0,
3682,3,7318,55,,,1,6.0,4.0,
3683,1,7302,46,,,2,6.0,4.0,
3684,1,7321,41,,3.0,2,1.0,4.0,25.0
3684,2,7321,17,13.0,9.0,2,3.0,4.0,
3684,3,7321,18,14.0,1.0,1,1.0,4.0,10.0
3684,4,7321,16,13.0,1.0,2,6.0,,
3684,5,7321,10,7.0,,2,,,
3684,6,7321,3,,,1,,,
3685,1,7306,94,,,2,6.0,4.0,
3686,1,7312,73,,,2,6.0,2.0,
3687,1,7320,52,,1.0,1,1.0,4.0,38.0
3687,2,7320,48,15.0,3.0,2,1.0,4.0,40.0
3687,3,7320,25,,3.0,2,1.0,4.0,30.0
3687,4,7320,14,11.0,,2,,,
3688,1,7304,64,,1.0,1,1.0,4.0,45.0
3688,2,7304,64,,,2,6.0,4.0,
3689,1,7318,34,,1.0,1,1.0,4.0,40.0
3689,2,7318,40,,1.0,2,1.0,4.0,14.0
3689,3,7318,8,5.0,,1,,,
3689,4,7318,20,,1.0,1,1.0,4.0,40.0
3689,5,7318,17,14.0,,1,6.0,4.0,
3689,6,7318,11,8.0,,1,,,
3690,1,7312,23,16.0,,1,6.0,4.0,
3690,2,7312,25,16.0,,1,6.0,4.0,
3691,1,7319,81,,,2,6.0,4.0,
3691,2,7319,82,,,1,6.0,2.0,
3692,1,7316,37,,5.0,2,1.0,4.0,40.0
3692,2,7316,33,,1.0,1,1.0,4.0,40.0
3693,1,7322,62,,6.0,1,1.0,4.0,40.0
3693,2,7322,60,,6.0,2,1.0,4.0,35.0
3694,1,7306,36,,,2,6.0,4.0,
3694,2,7306,37,,1.0,1,1.0,4.0,40.0
3694,3,7306,5,2.0,,2,,,
3694,4,7306,4,,,2,,,
3694,5,7306,0,,,1,,,
3695,1,7313,31,,4.0,1,1.0,4.0,42.0
3695,2,7313,29,,1.0,2,6.0,4.0,
3695,3,7313,2,,,2,,,
3696,1,7321,30,16.0,5.0,1,4.0,1.0,50.0
3696,2,7321,24,,1.0,2,1.0,4.0,40.0
3697,1,7306,62,,1.0,1,6.0,4.0,40.0
3697,2,7306,58,,7.0,2,1.0,4.0,40.0
3697,3,7306,20,15.0,3.0,1,3.0,4.0,10.0
3697,4,7306,16,13.0,,2,6.0,,
3698,1,7307,59,,1.0,2,1.0,4.0,40.0
3698,2,7307,62,,7.0,1,1.0,4.0,40.0
3699,1,7304,69,,6.0,1,1.0,4.0,40.0
3699,2,7304,65,,,2,6.0,4.0,
3699,3,7304,40,,1.0,1,1.0,4.0,40.0
3700,1,7308,35,,1.0,1,1.0,4.0,50.0
3700,2,7308,35,,7.0,2,1.0,4.0,40.0
3700,3,7308,8,5.0,,1,,,
3701,1,7309,70,,6.0,1,1.0,4.0,20.0
3701,2,7309,67,,1.0,2,6.0,4.0,
3702,1,7317,24,,2.0,1,1.0,4.0,38.0
3703,1,7319,69,,1.0,2,6.0,4.0,
3703,2,7319,68,,1.0,1,6.0,4.0,
3704,1,7315,83,,,2,6.0,4.0,
3705,1,7311,59,,3.0,2,6.0,4.0,
3705,2,7311,29,,1.0,1,1.0,4.0,28.0
3705,3,7311,27,16.0,1.0,2,1.0,4.0,41.0
3706,1,7312,39,,2.0,1,1.0,4.0,40.0
3706,2,7312,35,,2.0,2,1.0,4.0,40.0
3707,1,7321,37,,1.0,2,1.0,4.0,35.0
3707,2,7321,40,,1.0,1,1.0,4.0,45.0
3707,3,7321,5,,,2,,,
3708,1,7305,45,,,1,6.0,2.0,
3708,2,7305,40,,1.0,2,1.0,4.0,45.0
3708,3,7305,12,9.0,,1,,,
3708,4,7305,7,4.0,,2,,,
3709,1,7315,40,,3.0,2,1.0,4.0,50.0
3709,2,7315,42,,3.0,1,1.0,4.0,50.0
3710,1,7313,84,,,2,6.0,4.0,
3710,2,7313,25,15.0,1.0,2,1.0,4.0,32.0
3711,1,7318,67,,1.0,1,1.0,4.0,40.0
3711,2,7318,64,,4.0,2,1.0,4.0,25.0
3711,3,7318,41,,,2,6.0,4.0,
3711,4,7318,30,,1.0,1,1.0,4.0,40.0
3712,1,7321,68,,,2,6.0,4.0,
3713,1,7316,58,,,2,6.0,4.0,
3714,1,7310,68,,2.0,2,6.0,4.0,
3714,2,7310,63,,1.0,1,1.0,4.0,40.0
3714,3,7310,33,,1.0,2,1.0,4.0,45.0
3715,1,7321,34,,,2,6.0,4.0,
3715,2,7321,38,,3.0,1,1.0,4.0,40.0
3715,3,7321,13,11.0,,2,,,
3715,4,7321,10,9.0,,2,,,
3715,5,7321,5,2.0,,2,,,
3716,1,7301,22,,1.0,1,3.0,4.0,40.0
3716,2,7301,23,,1.0,1,2.0,4.0,40.0
3716,3,7301,23,,2.0,2,2.0,4.0,40.0
3717,1,7320,62,,1.0,1,6.0,4.0,
3717,2,7320,33,,5.0,1,1.0,4.0,40.0
3718,1,7301,81,,,2,6.0,4.0,
3719,1,7321,43,,9.0,2,3.0,4.0,
3719,2,7321,46,,1.0,1,1.0,4.0,40.0
3719,3,7321,10,6.0,,2,,,
3720,1,7310,29,,2.0,1,1.0,4.0,40.0
3721,1,7321,44,,1.0,1,1.0,4.0,40.0
3721,2,7321,48,,6.0,2,1.0,4.0,40.0
3721,3,7321,30,,1.0,2,2.0,4.0,24.0
3721,4,7321,67,,1.0,1,6.0,4.0,
3721,5,7321,63,,1.0,2,6.0,4.0,
3721,6,7321,7,3.0,,2,,,
3721,7,7321,0,,,2,,,
3722,1,7302,59,,6.0,2,1.0,4.0,30.0
3722,2,7302,64,,1.0,1,1.0,4.0,40.0
3723,1,7305,94,,,2,6.0,4.0,
3724,1,7304,24,15.0,1.0,2,1.0,4.0,35.0
3725,1,7310,94,,,2,6.0,4.0,
3726,1,7306,50,,1.0,2,6.0,4.0,
3726,2,7306,60,,,1,6.0,2.0,
3727,1,7301,60,,2.0,1,1.0,4.0,25.0
3727,2,7301,47,,1.0,2,1.0,4.0,40.0
3727,3,7301,8,4.0,,1,,,
3728,1,7321,53,,7.0,1,1.0,4.0,40.0
3728,2,7321,31,15.0,1.0,2,1.0,4.0,25.0
3729,1,7312,56,,,2,6.0,4.0,
3729,2,7312,56,,1.0,1,1.0,4.0,50.0
3730,1,7321,49,,1.0,1,1.0,4.0,60.0
3730,2,7321,46,,6.0,2,1.0,4.0,6.0
3730,3,7321,29,,1.0,1,3.0,4.0,
3730,4,7321,29,,2.0,1,1.0,4.0,35.0
3730,5,7321,20,15.0,,2,6.0,4.0,
3731,1,7321,44,,3.0,1,1.0,4.0,40.0
3731,2,7321,80,,,2,6.0,4.0,
3731,3,7321,27,,1.0,2,1.0,4.0,40.0
3732,1,7303,39,,1.0,2,1.0,4.0,40.0
3732,2,7303,36,,1.0,1,1.0,4.0,40.0
3732,3,7303,42,,,2,6.0,4.0,
3732,4,7303,21,15.0,,1,6.0,4.0,
3732,5,7303,16,14.0,,1,6.0,,
3732,6,7303,15,12.0,,1,,,
3732,7,7303,12,8.0,,1,,,
3732,8,7303,8,5.0,,1,,,
3733,1,7310,29,,1.0,1,1.0,4.0,30.0
3733,2,7310,56,,1.0,2,1.0,4.0,40.0
3734,1,7319,44,,1.0,2,1.0,4.0,30.0
3734,2,7319,43,,1.0,1,1.0,4.0,50.0
3734,3,7319,16,13.0,,1,6.0,,
3734,4,7319,14,12.0,,2,,,
3735,1,7315,24,15.0,1.0,2,1.0,4.0,30.0
3735,2,7315,23,15.0,1.0,2,1.0,4.0,40.0
3735,3,7315,22,15.0,1.0,2,1.0,4.0,18.0
3736,1,7321,42,,6.0,2,1.0,4.0,50.0
3736,2,7321,43,,1.0,1,6.0,4.0,
3736,3,7321,16,13.0,,1,6.0,,
3736,4,7321,14,11.0,,2,,,
3736,5,7321,4,1.0,,2,,,
3736,6,7321,2,,,1,,,
3737,1,7301,28,,3.0,1,1.0,4.0,56.0
3737,2,7301,27,,1.0,2,1.0,4.0,35.0
3738,1,7314,40,,3.0,1,1.0,2.0,50.0
3738,2,7314,40,,1.0,2,6.0,4.0,
3738,3,7314,4,,,2,,,
3739,1,7307,52,,3.0,2,1.0,4.0,51.0
3740,1,7322,56,,1.0,1,1.0,4.0,40.0
3740,2,7322,50,,1.0,2,1.0,4.0,40.0
3740,3,7322,34,,3.0,2,1.0,4.0,40.0
3740,4,7322,28,,3.0,2,1.0,4.0,40.0
3741,1,7319,20,14.0,1.0,2,1.0,4.0,40.0
3741,2,7319,6,3.0,,2,,,
3741,3,7319,1,,,1,,,
3741,4,7319,1,,,2,,,
3741,5,7319,20,15.0,1.0,2,1.0,4.0,25.0
3741,6,7319,65,,,1,6.0,2.0,
3742,1,7311,44,,1.0,1,1.0,4.0,40.0
3742,2,7311,48,,1.0,2,1.0,4.0,50.0
3742,3,7311,7,3.0,,2,,,
3743,1,7302,87,,,2,6.0,4.0,
3744,1,7321,49,,6.0,1,1.0,4.0,36.0
3744,2,7321,44,,,2,6.0,4.0,
3744,3,7321,22,15.0,1.0,2,6.0,4.0,12.0
3744,4,7321,18,15.0,,1,6.0,4.0,
3744,5,7321,13,10.0,,1,,,
3745,1,7319,65,,1.0,1,6.0,2.0,40.0
3745,2,7319,65,,1.0,2,1.0,4.0,6.0
3745,3,7319,2,,,1,,,
3746,1,7318,34,,5.0,1,4.0,1.0,70.0
3746,2,7318,39,,1.0,2,1.0,4.0,40.0
3747,1,7305,65,,,2,6.0,4.0,
3747,2,7305,29,,1.0,1,3.0,4.0,15.0
3748,1,7301,49,,5.0,1,1.0,2.0,40.0
3748,2,7301,50,,1.0,2,1.0,4.0,40.0
3748,3,7301,25,15.0,6.0,2,1.0,4.0,40.0
3748,4,7301,14,11.0,,2,,,
3749,1,7315,37,,1.0,1,1.0,4.0,45.0
3749,2,7315,30,,3.0,2,1.0,4.0,36.0
3750,1,7308,66,,1.0,1,6.0,4.0,
3750,2,7308,54,,7.0,2,1.0,4.0,50.0
3751,1,7314,72,,1.0,2,1.0,4.0,24.0
3752,1,7312,59,,1.0,1,1.0,4.0,43.0
3752,2,7312,49,,6.0,2,1.0,4.0,50.0
3752,3,7312,9,5.0,,2,,,
3753,1,7308,51,,5.0,1,1.0,4.0,80.0
3753,2,7308,47,,6.0,2,1.0,4.0,8.0
3753,3,7308,17,13.0,2.0,1,6.0,4.0,8.0
3753,4,7308,15,11.0,,1,,,
3753,5,7308,11,8.0,,1,,,
3754,1,7303,51,15.0,1.0,1,1.0,4.0,40.0
3754,2,7303,52,,1.0,2,1.0,4.0,18.0
3754,3,7303,14,10.0,,1,,,
3755,1,7315,31,,1.0,2,1.0,4.0,40.0
3755,2,7315,42,,1.0,1,1.0,4.0,60.0
3755,3,7315,1,,,2,,,
3756,1,7318,51,,6.0,1,1.0,4.0,45.0
3756,2,7318,47,,1.0,2,1.0,4.0,20.0
3756,3,7318,12,9.0,,1,,,
3756,4,7318,10,6.0,,2,,,
3757,1,7302,39,,1.0,2,1.0,4.0,40.0
3757,2,7302,31,,1.0,1,1.0,4.0,60.0
3758,1,7301,89,,,2,6.0,4.0,
3759,1,7312,27,,1.0,2,1.0,4.0,40.0
3759,2,7312,27,,1.0,1,1.0,4.0,50.0
3760,1,7301,37,,2.0,2,1.0,4.0,40.0
3760,2,7301,38,,2.0,1,1.0,4.0,40.0
3760,3,7301,20,15.0,2.0,2,1.0,4.0,20.0
3760,4,7301,18,15.0,2.0,2,1.0,4.0,18.0
3760,5,7301,16,12.0,,2,6.0,,
3761,1,7313,63,,,2,6.0,4.0,
3761,2,7313,68,,1.0,1,1.0,2.0,40.0
3762,1,7308,41,,1.0,2,1.0,4.0,40.0
3762,2,7308,37,,1.0,2,1.0,4.0,32.0
3763,1,7308,26,,1.0,2,1.0,4.0,40.0
3763,2,7308,27,,5.0,1,1.0,4.0,48.0
3764,1,7306,66,,1.0,2,1.0,4.0,30.0
3764,2,7306,18,,1.0,1,3.0,4.0,40.0
3765,1,7319,68,,,1,6.0,2.0,
3765,2,7319,67,,,2,6.0,4.0,
3766,1,7305,52,,1.0,1,1.0,4.0,40.0
3767,1,7312,63,,4.0,1,6.0,4.0,
3768,1,7309,34,,4.0,2,3.0,4.0,40.0
3768,2,7309,35,,3.0,1,1.0,4.0,40.0
3768,3,7309,1,,,1,,,
3769,1,7305,62,,1.0,1,1.0,4.0,40.0
3769,2,7305,60,,1.0,2,1.0,4.0,40.0
3769,3,7305,29,,1.0,1,1.0,4.0,40.0
3770,1,7307,52,,6.0,2,1.0,4.0,12.0
3770,2,7307,53,,1.0,1,1.0,4.0,40.0
3770,3,7307,18,14.0,,1,6.0,4.0,
3771,1,7313,38,,1.0,2,1.0,4.0,40.0
3771,2,7313,41,,5.0,1,6.0,4.0,
3772,1,7304,74,,,2,6.0,4.0,
3773,1,7312,69,,6.0,1,1.0,3.0,40.0
3773,2,7312,61,,3.0,2,1.0,4.0,40.0
3774,1,7315,72,,,2,6.0,4.0,
3775,1,7304,48,,1.0,2,1.0,4.0,50.0
3775,2,7304,48,,1.0,1,1.0,4.0,60.0
3775,3,7304,17,13.0,1.0,2,1.0,4.0,40.0
3775,4,7304,13,10.0,,1,,,
3776,1,7315,73,,,2,6.0,4.0,
3776,2,7315,90,,,1,6.0,2.0,
3777,1,7322,65,,1.0,2,1.0,4.0,40.0
3777,2,7322,69,,5.0,1,6.0,4.0,40.0
3778,1,7322,49,,1.0,2,1.0,4.0,40.0
3778,2,7322,47,,2.0,1,1.0,2.0,40.0
3779,1,7321,60,,4.0,1,1.0,4.0,99.0
3779,2,7321,29,,,2,6.0,4.0,
3780,1,7313,66,,5.0,1,1.0,4.0,40.0
3780,2,7313,61,,1.0,2,6.0,4.0,
3781,1,7319,27,,1.0,1,1.0,4.0,40.0
3781,2,7319,24,,1.0,1,1.0,4.0,40.0
3782,1,7306,65,,2.0,1,1.0,4.0,40.0
3782,2,7306,59,,,2,6.0,4.0,
3782,3,7306,25,,1.0,2,6.0,4.0,
3783,1,7317,58,,6.0,1,1.0,4.0,25.0
3783,2,7317,15,12.0,,2,,,
3784,1,7318,28,,6.0,1,1.0,4.0,35.0
3784,2,7318,28,,6.0,2,1.0,4.0,35.0
3784,3,7318,7,4.0,,1,,,
3784,4,7318,5,2.0,,1,,,
3785,1,7308,66,,6.0,2,6.0,4.0,30.0
3785,2,7308,64,,1.0,1,1.0,4.0,40.0
3785,3,7308,34,,1.0,1,1.0,4.0,35.0
3786,1,7314,47,,1.0,2,1.0,4.0,40.0
3786,2,7314,46,,1.0,1,1.0,4.0,40.0
3786,3,7314,14,10.0,,1,,,
3787,1,7316,29,,2.0,2,1.0,4.0,40.0
3788,1,7306,70,,,1,6.0,2.0,
3789,1,7319,27,,7.0,2,1.0,4.0,36.0
3789,2,7319,27,15.0,1.0,1,1.0,4.0,25.0
3789,3,7319,6,2.0,,2,,,
3789,4,7319,4,,,2,,,
3789,5,7319,2,,,1,,,
3790,1,7305,70,16.0,3.0,2,6.0,4.0,
3790,2,7305,38,,1.0,1,1.0,2.0,30.0
3790,3,7305,47,14.0,1.0,1,1.0,4.0,40.0
3790,4,7305,40,,,1,6.0,4.0,
3790,5,7305,35,,3.0,2,1.0,4.0,45.0
3790,6,7305,58,,2.0,2,1.0,4.0,80.0
3791,1,7315,37,,3.0,2,1.0,4.0,40.0
3791,2,7315,40,,1.0,1,6.0,4.0,2.0
3791,3,7315,3,1.0,,2,,,
3791,4,7315,0,,,2,,,
3792,1,7318,35,,1.0,1,1.0,4.0,40.0
3792,2,7318,36,,1.0,2,1.0,4.0,20.0
3793,1,7322,37,,5.0,1,4.0,1.0,50.0
3794,1,7301,62,,2.0,2,1.0,4.0,40.0
3794,2,7301,75,,,1,6.0,2.0,
3794,3,7301,20,15.0,1.0,1,1.0,4.0,21.0
3795,1,7309,30,,1.0,1,1.0,4.0,40.0
3795,2,7309,60,,,1,6.0,4.0,
3796,1,7311,60,,1.0,1,1.0,4.0,40.0
3796,2,7311,60,,,2,6.0,4.0,
3796,3,7311,28,,,2,6.0,4.0,
3797,1,7301,65,,6.0,2,1.0,4.0,40.0
3798,1,7322,35,,1.0,2,1.0,4.0,40.0
3798,2,7322,39,,1.0,1,1.0,4.0,40.0
3798,3,7322,5,,,1,,,
3798,4,7322,4,,,1,,,
3798,5,7322,1,,,1,,,
3798,6,7322,41,,1.0,1,1.0,4.0,27.0
3798,7,7322,68,,,1,6.0,4.0,
3799,1,7314,68,,7.0,1,1.0,4.0,52.0
3799,2,7314,65,,6.0,2,1.0,4.0,20.0
3800,1,7306,64,,,1,6.0,2.0,
3801,1,7319,61,,7.0,1,1.0,4.0,40.0
3801,2,7319,61,,,2,6.0,4.0,
3802,1,7308,49,,1.0,2,1.0,4.0,40.0
3802,2,7308,53,,1.0,1,1.0,4.0,40.0
3802,3,7308,10,7.0,,2,,,
3803,1,7322,18,,9.0,1,3.0,4.0,
3803,2,7322,11,7.0,,1,,,
3803,3,7322,44,,1.0,2,1.0,4.0,40.0
3803,4,7322,41,,6.0,1,3.0,4.0,
3804,1,7315,77,,,2,6.0,4.0,
3804,2,7315,63,,4.0,1,6.0,2.0,
3805,1,7315,47,,2.0,2,1.0,4.0,55.0
3806,1,7308,30,,1.0,1,1.0,4.0,40.0
3806,2,7308,29,,2.0,2,1.0,4.0,30.0
3806,3,7308,3,1.0,,2,,,
3806,4,7308,1,,,1,,,
3807,1,7318,29,,2.0,2,1.0,4.0,32.0
3807,2,7318,1,,,2,,,
3808,1,7306,71,,1.0,1,1.0,4.0,40.0
3808,2,7306,58,,1.0,2,1.0,4.0,35.0
3809,1,7301,73,,1.0,2,6.0,4.0,
3810,1,7311,72,,2.0,2,6.0,4.0,
3810,2,7311,76,,,1,6.0,2.0,
3811,1,7311,61,,1.0,1,1.0,4.0,50.0
3811,2,7311,59,,1.0,2,1.0,4.0,35.0
3812,1,7317,35,,4.0,2,1.0,4.0,40.0
3812,2,7317,33,,1.0,1,1.0,4.0,45.0
3813,1,7303,67,,6.0,1,6.0,4.0,4.0
3813,2,7303,50,,6.0,2,6.0,4.0,7.0
3814,1,7302,63,,,1,6.0,4.0,
3815,1,7313,40,,1.0,1,1.0,4.0,60.0
3815,2,7313,36,,1.0,2,1.0,4.0,25.0
3815,3,7313,1,,,1,,,
3815,4,7313,2,,,2,,,
3816,1,7302,24,,5.0,1,4.0,1.0,50.0
3816,2,7302,2,,,1,,,
3816,3,7302,21,,5.0,2,1.0,4.0,35.0
3817,1,7321,40,,6.0,2,1.0,4.0,50.0
3817,2,7321,43,,3.0,1,1.0,4.0,40.0
3817,3,7321,18,14.0,1.0,2,1.0,4.0,20.0
3817,4,7321,16,13.0,,1,6.0,,
3817,5,7321,11,7.0,,1,,,
3818,1,7306,83,,,2,6.0,4.0,
3819,1,7306,45,,1.0,1,1.0,4.0,40.0
3819,2,7306,36,,,2,6.0,4.0,
3819,3,7306,15,12.0,,1,,,
3819,4,7306,10,7.0,,1,,,
3819,5,7306,2,,,1,,,
3819,6,7306,0,,,1,,,
3820,1,7309,51,,1.0,2,1.0,4.0,40.0
3820,2,7309,14,11.0,,2,,,
3821,1,7307,64,,3.0,2,1.0,4.0,20.0
3821,2,7307,65,,1.0,1,1.0,4.0,40.0
3821,3,7307,28,,1.0,1,1.0,4.0,40.0
3822,1,7321,59,,,2,6.0,4.0,
3823,1,7316,67,,5.0,1,6.0,2.0,
3823,2,7316,64,,6.0,1,6.0,4.0,
3824,1,7322,60,,1.0,1,1.0,4.0,40.0
3824,2,7322,60,,4.0,2,1.0,2.0,40.0
3824,3,7322,30,,2.0,2,1.0,4.0,24.0
3825,1,7301,35,,5.0,1,4.0,1.0,60.0
3825,2,7301,37,,3.0,2,1.0,4.0,40.0
3826,1,7322,36,,3.0,2,1.0,4.0,40.0
3826,2,7322,12,9.0,,1,,,
3826,3,7322,6,3.0,,1,,,
3826,4,7322,4,2.0,,1,,,
3826,5,7322,43,,,2,6.0,4.0,
3826,6,7322,59,,1.0,2,6.0,4.0,
3826,7,7322,40,,3.0,1,1.0,4.0,40.0
3827,1,7310,81,,7.0,1,6.0,3.0,
3827,2,7310,69,,1.0,2,6.0,4.0,
3828,1,7310,57,,1.0,1,1.0,4.0,40.0
3828,2,7310,57,,1.0,2,1.0,4.0,1.0
3828,3,7310,17,13.0,1.0,2,6.0,4.0,6.0
3829,1,7313,49,,1.0,1,1.0,4.0,40.0
3829,2,7313,41,,1.0,2,6.0,4.0,20.0
3829,3,7313,18,14.0,,1,6.0,4.0,
3830,1,7310,78,,,2,6.0,4.0,
3831,1,7301,41,,1.0,2,1.0,4.0,40.0
3831,2,7301,41,,1.0,1,1.0,4.0,40.0
3831,3,7301,20,,1.0,1,1.0,4.0,40.0
3831,4,7301,19,15.0,1.0,1,6.0,4.0,20.0
3832,1,7307,42,,9.0,2,3.0,4.0,
3832,2,7307,50,,1.0,1,1.0,4.0,60.0
3832,3,7307,7,4.0,,2,,,
3832,4,7307,5,1.0,,1,,,
3833,1,7318,73,,,1,6.0,4.0,
3834,1,7315,41,,1.0,1,6.0,4.0,
3834,2,7315,38,,1.0,2,1.0,4.0,40.0
3834,3,7315,44,,1.0,1,6.0,4.0,
3835,1,7301,41,,6.0,1,1.0,4.0,40.0
3835,2,7301,40,,1.0,2,6.0,4.0,
3835,3,7301,4,,,2,,,
3835,4,7301,0,,,2,,,
3836,1,7314,54,,6.0,2,1.0,4.0,40.0
3836,2,7314,55,,6.0,1,1.0,4.0,40.0
3836,3,7314,12,8.0,,1,,,
3836,4,7314,13,9.0,,2,,,
3836,5,7314,36,,1.0,2,1.0,4.0,40.0
3837,1,7303,47,,1.0,2,1.0,4.0,45.0
3837,2,7303,72,,,2,6.0,4.0,
3838,1,7306,60,,1.0,2,6.0,4.0,
3838,2,7306,72,,,1,6.0,2.0,
3838,3,7306,60,,1.0,2,1.0,3.0,28.0
3838,4,7306,60,,,1,6.0,4.0,
3839,1,7304,31,,1.0,1,1.0,4.0,50.0
3840,1,7315,40,,2.0,1,1.0,4.0,50.0
3840,2,7315,33,,2.0,2,1.0,4.0,40.0
3841,1,7307,76,,6.0,1,1.0,4.0,30.0
3842,1,7321,51,,4.0,2,1.0,4.0,40.0
3842,2,7321,23,15.0,1.0,2,1.0,4.0,25.0
3842,3,7321,21,15.0,,2,6.0,4.0,
3843,1,7312,53,,1.0,2,1.0,4.0,40.0
3844,1,7310,24,16.0,2.0,1,1.0,4.0,5.0
3844,2,7310,27,16.0,1.0,1,1.0,4.0,35.0
3844,3,7310,22,15.0,6.0,1,6.0,4.0,
3844,4,7310,22,,1.0,1,3.0,4.0,10.0
3845,1,7318,40,,6.0,1,1.0,4.0,40.0
3845,2,7318,41,,,2,6.0,4.0,
3845,3,7318,14,11.0,,1,,,
3845,4,7318,12,8.0,,1,,,
3846,1,7316,42,,3.0,1,1.0,4.0,40.0
3846,2,7316,46,,1.0,2,1.0,4.0,40.0
3847,1,7301,69,,1.0,2,1.0,4.0,25.0
3848,1,7310,30,,2.0,2,1.0,4.0,40.0
3849,1,7313,35,,1.0,1,1.0,4.0,45.0
3849,2,7313,32,,1.0,2,6.0,4.0,
3849,3,7313,4,1.0,,2,,,
3849,4,7313,3,,,2,,,
3849,5,7313,1,,,1,,,
3850,1,7319,72,,1.0,1,6.0,4.0,
3850,2,7319,71,,,2,6.0,4.0,
3851,1,7317,60,,5.0,1,1.0,2.0,40.0
3852,1,7314,76,,1.0,1,1.0,4.0,4.0
3852,2,7314,68,,1.0,1,6.0,4.0,12.0
3853,1,7307,76,,7.0,1,1.0,2.0,8.0
3853,2,7307,73,,,2,6.0,4.0,
3853,3,7307,45,,1.0,1,1.0,4.0,32.0
3853,4,7307,15,12.0,,1,,,
3854,1,7308,48,,2.0,1,1.0,4.0,50.0
3854,2,7308,43,,1.0,2,1.0,4.0,16.0
3854,3,7308,16,12.0,,1,6.0,,
3854,4,7308,14,10.0,,2,,,
3854,5,7308,10,6.0,,1,,,
3854,6,7308,8,4.0,,1,,,
3855,1,7302,68,,,2,6.0,4.0,
3855,2,7302,70,,,1,6.0,2.0,
3856,1,7309,46,,1.0,1,1.0,4.0,50.0
3856,2,7309,44,,,2,6.0,4.0,
3856,3,7309,11,8.0,,1,,,
3856,4,7309,9,6.0,,2,,,
3857,1,7316,30,,1.0,1,1.0,4.0,40.0
3858,1,7302,53,,6.0,1,1.0,4.0,40.0
3858,2,7302,55,,1.0,2,1.0,4.0,40.0
3859,1,7303,33,,,2,6.0,4.0,
3859,2,7303,42,,1.0,1,1.0,4.0,40.0
3859,3,7303,1,,,2,,,
3860,1,7318,59,,1.0,1,1.0,2.0,55.0
3860,2,7318,47,,1.0,2,1.0,4.0,15.0
3861,1,7321,40,12.0,1.0,2,6.0,4.0,
3861,2,7321,4,1.0,,1,,,
3862,1,7308,40,,1.0,1,1.0,4.0,40.0
3862,2,7308,35,,1.0,2,1.0,4.0,40.0
3862,3,7308,9,5.0,,1,,,
3862,4,7308,3,1.0,,2,,,
3863,1,7303,28,,1.0,2,1.0,4.0,40.0
3863,2,7303,25,,1.0,1,1.0,4.0,40.0
3863,3,7303,3,1.0,,2,,,
3863,4,7303,1,,,2,,,
3864,1,7316,78,,,2,6.0,4.0,
3865,1,7318,60,,1.0,1,1.0,2.0,40.0
3865,2,7318,59,,,2,6.0,4.0,
3865,3,7318,31,,6.0,1,1.0,4.0,10.0
3865,4,7318,24,16.0,,2,6.0,4.0,
3866,1,7317,39,,1.0,1,1.0,4.0,40.0
3867,1,7302,30,,,2,6.0,4.0,
3867,2,7302,32,,1.0,1,1.0,4.0,32.0
3867,3,7302,4,1.0,,1,,,
3868,1,7319,38,,3.0,2,1.0,4.0,40.0
3868,2,7319,39,,5.0,1,4.0,1.0,40.0
3868,3,7319,18,15.0,1.0,1,1.0,4.0,24.0
3868,4,7319,13,10.0,,1,,,
3868,5,7319,7,4.0,,2,,,
3869,1,7304,72,,1.0,2,1.0,4.0,40.0
3869,2,7304,74,,,1,6.0,4.0,
3869,3,7304,18,15.0,1.0,2,3.0,4.0,8.0
3869,4,7304,10,7.0,,2,,,
3870,1,7315,38,,1.0,2,1.0,4.0,30.0
3870,2,7315,46,,1.0,1,1.0,4.0,40.0
3870,3,7315,13,10.0,,2,,,
3870,4,7315,9,6.0,,1,,,
3870,5,7315,9,6.0,,2,,,
3871,1,7302,64,,1.0,1,1.0,4.0,50.0
3871,2,7302,68,,,2,6.0,4.0,
3871,3,7302,33,,1.0,1,6.0,4.0,
3872,1,7301,44,,1.0,1,1.0,4.0,40.0
3872,2,7301,40,,,2,6.0,4.0,
3872,3,7301,10,7.0,,2,,,
3872,4,7301,8,5.0,,2,,,
3872,5,7301,6,3.0,,2,,,
3873,1,7304,50,,1.0,2,1.0,4.0,75.0
3873,2,7304,13,10.0,,1,,,
3874,1,7321,51,,1.0,2,1.0,4.0,40.0
3874,2,7321,60,,1.0,1,1.0,4.0,40.0
3874,3,7321,21,15.0,9.0,2,3.0,4.0,
3874,4,7321,17,14.0,,2,6.0,4.0,
3875,1,7301,56,,1.0,2,1.0,4.0,7.0
3875,2,7301,66,,6.0,1,6.0,4.0,
3875,3,7301,22,,1.0,1,2.0,4.0,40.0
3876,1,7311,58,,1.0,2,1.0,4.0,50.0
3876,2,7311,60,,1.0,1,6.0,4.0,
3876,3,7311,24,15.0,1.0,1,6.0,4.0,10.0
3877,1,7316,29,,1.0,2,1.0,4.0,40.0
3877,2,7316,29,,3.0,2,1.0,4.0,40.0
3878,1,7308,34,15.0,3.0,1,1.0,4.0,47.0
3878,2,7308,32,,7.0,2,1.0,4.0,40.0
3879,1,7321,35,,6.0,2,1.0,4.0,40.0
3879,2,7321,77,,,2,6.0,4.0,
3880,1,7319,75,,,1,6.0,2.0,
3880,2,7319,68,,3.0,2,6.0,4.0,
3881,1,7318,26,,1.0,1,1.0,4.0,40.0
3881,2,7318,25,,1.0,2,1.0,4.0,30.0
3881,3,7318,10,7.0,,2,,,
3881,4,7318,4,2.0,,1,,,
3881,5,7318,2,,,1,,,
3882,1,7301,74,,,1,6.0,2.0,
3882,2,7301,73,,,2,6.0,4.0,
3883,1,7310,60,,7.0,1,6.0,4.0,10.0
3884,1,7313,44,,1.0,2,1.0,4.0,40.0
3884,2,7313,18,14.0,1.0,2,1.0,4.0,20.0
3885,1,7318,32,,1.0,1,1.0,4.0,40.0
3885,2,7318,32,,,2,6.0,4.0,
3885,3,7318,7,3.0,,2,,,
3885,4,7318,3,1.0,,1,,,
3886,1,7313,52,,,2,6.0,4.0,
3886,2,7313,18,14.0,1.0,1,1.0,4.0,20.0
3887,1,7317,50,,1.0,1,1.0,4.0,40.0
3887,2,7317,52,,5.0,2,1.0,4.0,30.0
3887,3,7317,18,15.0,5.0,2,2.0,4.0,14.0
3887,4,7317,35,,8.0,1,1.0,4.0,40.0
3887,5,7317,6,2.0,,1,,,
3887,6,7317,35,,,2,6.0,4.0,
3888,1,7310,76,,,2,6.0,4.0,
3888,2,7310,76,,,1,6.0,2.0,
3889,1,7312,32,,5.0,1,1.0,4.0,40.0
3889,2,7312,32,,1.0,1,1.0,4.0,40.0
3889,3,7312,29,,1.0,2,1.0,4.0,42.0
3889,4,7312,22,15.0,1.0,2,1.0,4.0,20.0
3890,1,7309,70,,4.0,2,6.0,4.0,
3890,2,7309,62,,1.0,1,6.0,4.0,
3890,3,7309,94,,,2,6.0,4.0,
3891,1,7313,65,,1.0,1,6.0,4.0,
3891,2,7313,67,,3.0,2,6.0,4.0,
3892,1,7303,40,,1.0,2,1.0,4.0,50.0
3892,2,7303,45,,1.0,1,1.0,4.0,40.0
3892,3,7303,14,11.0,,1,,,
3893,1,7308,39,,1.0,2,6.0,4.0,
3893,2,7308,42,,1.0,1,1.0,4.0,45.0
3893,3,7308,9,6.0,,2,,,
3893,4,7308,6,3.0,,1,,,
3893,5,7308,2,,,2,,,
3894,1,7316,40,,1.0,2,1.0,4.0,40.0
3894,2,7316,39,,3.0,1,1.0,4.0,60.0
3894,3,7316,2,,,2,,,
3895,1,7314,20,15.0,,1,6.0,4.0,
3895,2,7314,20,15.0,1.0,2,6.0,4.0,14.0
3896,1,7301,75,,,1,6.0,2.0,
3897,1,7307,71,,,2,6.0,4.0,
3898,1,7303,94,,,2,6.0,4.0,
3898,2,7303,76,,1.0,1,6.0,4.0,32.0
3899,1,7313,52,,1.0,1,1.0,4.0,45.0
3899,2,7313,50,,1.0,2,1.0,4.0,40.0
3900,1,7317,59,,6.0,1,1.0,4.0,50.0
3901,1,7308,50,,6.0,2,1.0,4.0,50.0
3901,2,7308,12,9.0,,2,,,
3901,3,7308,49,16.0,1.0,1,1.0,2.0,14.0
3902,1,7315,32,,5.0,1,4.0,1.0,60.0
3902,2,7315,25,16.0,2.0,2,3.0,4.0,1.0
3903,1,7313,67,,,1,6.0,4.0,
3904,1,7314,66,,7.0,2,1.0,4.0,60.0
3904,2,7314,73,,,1,6.0,2.0,
3905,1,7312,33,,1.0,1,1.0,4.0,40.0
3905,2,7312,32,,1.0,2,6.0,4.0,
3906,1,7308,33,,1.0,2,6.0,4.0,
3906,2,7308,36,,1.0,1,1.0,2.0,40.0
3906,3,7308,8,5.0,,1,,,
3907,1,7311,48,,5.0,2,1.0,4.0,40.0
3908,1,7315,34,,1.0,1,1.0,4.0,50.0
3908,2,7315,36,,1.0,2,1.0,4.0,40.0
3909,1,7315,62,,6.0,1,1.0,4.0,3.0
3910,1,7301,77,,,2,6.0,4.0,
3911,1,7302,58,,1.0,2,1.0,4.0,40.0
3911,2,7302,34,,1.0,1,1.0,4.0,50.0
3911,3,7302,10,6.0,,2,,,
3911,4,7302,4,,,1,,,
3912,1,7309,72,,,2,6.0,4.0,
3913,1,7307,48,,1.0,2,1.0,4.0,38.0
3913,2,7307,58,,5.0,1,6.0,2.0,16.0
3914,1,7321,51,,,2,6.0,4.0,
3914,2,7321,85,,,1,6.0,3.0,
3915,1,7305,31,,1.0,2,1.0,4.0,40.0
3915,2,7305,32,,1.0,1,1.0,4.0,40.0
3915,3,7305,1,,,2,,,
3916,1,7322,78,,,1,6.0,4.0,
3916,2,7322,72,,,2,6.0,4.0,
3917,1,7321,39,,1.0,2,1.0,4.0,30.0
3917,2,7321,16,13.0,,2,6.0,,
3917,3,7321,12,9.0,,1,,,
3917,4,7321,8,4.0,,1,,,
3918,1,7313,44,,1.0,2,1.0,4.0,36.0
3918,2,7313,43,,1.0,1,1.0,4.0,40.0
3918,3,7313,10,6.0,,1,,,
3919,1,7312,19,15.0,1.0,2,1.0,4.0,20.0
3919,2,7312,19,15.0,1.0,1,1.0,4.0,6.0
3919,3,7312,19,15.0,4.0,2,1.0,4.0,10.0
3919,4,7312,19,15.0,1.0,1,1.0,4.0,4.0
3919,5,7312,19,15.0,1.0,2,1.0,4.0,3.0
3920,1,7302,30,,1.0,2,1.0,4.0,5.0
3920,2,7302,29,,3.0,1,1.0,4.0,45.0
3920,3,7302,3,,,1,,,
3920,4,7302,1,,,1,,,
3921,1,7302,43,,1.0,2,1.0,4.0,40.0
3921,2,7302,18,,1.0,1,3.0,4.0,1.0
3921,3,7302,14,11.0,,1,,,
3922,1,7309,75,,7.0,1,1.0,4.0,25.0
3922,2,7309,69,,,2,6.0,4.0,
3922,3,7309,45,,2.0,1,6.0,4.0,40.0
3922,4,7309,27,,1.0,2,1.0,4.0,20.0
3923,1,7316,38,,2.0,1,1.0,4.0,42.0
3924,1,7311,58,,5.0,2,1.0,4.0,40.0
3924,2,7311,21,15.0,2.0,1,6.0,4.0,6.0
3924,3,7311,18,14.0,,2,6.0,4.0,
3925,1,7309,43,,3.0,2,1.0,4.0,40.0
3925,2,7309,44,,1.0,1,1.0,4.0,40.0
3925,3,7309,15,11.0,,2,,,
3925,4,7309,11,8.0,,2,,,
3926,1,7322,65,,,2,6.0,4.0,
3927,1,7322,50,,1.0,1,1.0,4.0,40.0
3927,2,7322,44,,,2,6.0,4.0,
3927,3,7322,15,12.0,,2,,,
3927,4,7322,9,5.0,,1,,,
3927,5,7322,60,,,2,6.0,4.0,
3927,6,7322,55,,,1,6.0,4.0,
3928,1,7320,27,,6.0,1,1.0,4.0,48.0
3928,2,7320,23,,1.0,2,1.0,4.0,15.0
3929,1,7314,68,,,2,6.0,4.0,
3930,1,7304,50,,1.0,1,1.0,4.0,40.0
3930,2,7304,51,,1.0,2,1.0,4.0,10.0
3931,1,7310,64,,1.0,1,1.0,4.0,20.0
3931,2,7310,61,,1.0,2,6.0,4.0,
3931,3,7310,26,,1.0,1,1.0,4.0,40.0
3931,4,7310,24,,1.0,1,6.0,4.0,60.0
3932,1,7315,60,,2.0,1,1.0,4.0,30.0
3933,1,7315,80,,,1,6.0,2.0,
3934,1,7314,63,,6.0,2,6.0,4.0,10.0
3934,2,7314,69,,7.0,1,1.0,4.0,7.0
3935,1,7308,29,16.0,1.0,1,1.0,4.0,45.0
3935,2,7308,26,15.0,2.0,2,1.0,4.0,38.0
3935,3,7308,24,15.0,1.0,1,6.0,4.0,40.0
3936,1,7310,28,,1.0,2,6.0,4.0,
3936,2,7310,38,,1.0,1,3.0,4.0,
3936,3,7310,8,5.0,,1,,,
3936,4,7310,3,,,2,,,
3937,1,7312,83,,4.0,1,6.0,2.0,
3937,2,7312,77,,,2,6.0,4.0,
3938,1,7312,68,,3.0,1,1.0,4.0,40.0
3939,1,7317,41,,1.0,1,1.0,4.0,40.0
3939,2,7317,41,,1.0,2,6.0,4.0,
3939,3,7317,13,10.0,,2,,,
3939,4,7317,9,5.0,,1,,,
3939,5,7317,4,,,2,,,
3940,1,7317,49,,,2,6.0,4.0,
3940,2,7317,55,,1.0,1,1.0,2.0,43.0
3941,1,7304,53,,1.0,1,2.0,4.0,40.0
3941,2,7304,62,,7.0,2,2.0,4.0,20.0
3941,3,7304,49,,1.0,1,1.0,3.0,45.0
3942,1,7318,87,,,2,6.0,4.0,
3943,1,7315,45,15.0,2.0,2,1.0,4.0,60.0
3943,2,7315,18,14.0,2.0,1,3.0,4.0,20.0
3943,3,7315,16,13.0,,2,6.0,,
3944,1,7308,58,,1.0,2,1.0,2.0,45.0
3944,2,7308,59,,1.0,1,1.0,4.0,55.0
3944,3,7308,23,,1.0,1,1.0,4.0,55.0
3945,1,7311,59,,1.0,2,1.0,4.0,40.0
3945,2,7311,64,,1.0,1,1.0,4.0,40.0
3946,1,7313,77,,4.0,1,1.0,2.0,15.0
3946,2,7313,74,,,2,6.0,4.0,
3946,3,7313,48,,,1,6.0,4.0,
3947,1,7301,68,,,2,6.0,4.0,
3947,2,7301,68,,1.0,1,6.0,4.0,
3948,1,7310,60,,7.0,1,1.0,4.0,35.0
3949,1,7310,46,,7.0,2,1.0,2.0,30.0
3949,2,7310,47,,7.0,1,1.0,2.0,50.0
3949,3,7310,16,13.0,1.0,2,6.0,,20.0
3949,4,7310,13,10.0,,1,,,
3949,5,7310,11,8.0,,1,,,
3950,1,7302,55,,1.0,1,1.0,4.0,40.0
3950,2,7302,47,,1.0,2,1.0,4.0,30.0
3950,3,7302,13,10.0,,2,,,
3951,1,7310,58,,1.0,1,1.0,4.0,45.0
3951,2,7310,63,,1.0,2,1.0,4.0,40.0
3952,1,7317,25,,5.0,1,1.0,4.0,30.0
3952,2,7317,22,15.0,,1,6.0,4.0,
3952,3,7317,47,,1.0,2,1.0,4.0,37.0
3953,1,7310,42,,1.0,1,1.0,4.0,50.0
3953,2,7310,48,,1.0,2,1.0,4.0,40.0
3954,1,7309,74,,1.0,1,1.0,3.0,30.0
3954,2,7309,57,,6.0,2,6.0,4.0,
3955,1,7315,70,,,2,6.0,4.0,
3955,2,7315,70,,,1,6.0,4.0,
3956,1,7310,53,,1.0,2,1.0,4.0,36.0
3957,1,7316,49,,1.0,2,1.0,4.0,40.0
3957,2,7316,16,13.0,,2,6.0,,
3958,1,7320,62,,1.0,1,6.0,4.0,40.0
3958,2,7320,56,,1.0,2,1.0,4.0,40.0
3958,3,7320,26,,1.0,2,1.0,4.0,40.0
3958,4,7320,22,15.0,1.0,2,1.0,4.0,15.0
3958,5,7320,29,,1.0,1,1.0,4.0,50.0
3959,1,7301,83,,,1,6.0,3.0,
3959,2,7301,82,,,2,6.0,4.0,
3960,1,7304,77,,,1,6.0,2.0,
3960,2,7304,74,,,2,6.0,4.0,
3961,1,7301,51,,1.0,1,1.0,4.0,40.0
3962,1,7319,41,,1.0,1,1.0,2.0,40.0
3962,2,7319,43,,,2,6.0,4.0,
3962,3,7319,7,4.0,,2,,,
3963,1,7310,27,,1.0,2,1.0,4.0,42.0
3964,1,7303,66,,,2,6.0,4.0,
3964,2,7303,71,,5.0,1,6.0,2.0,
3965,1,7301,51,,1.0,2,2.0,4.0,40.0
3966,1,7310,25,,2.0,1,1.0,4.0,30.0
3966,2,7310,22,15.0,1.0,2,1.0,4.0,40.0
3967,1,7308,60,,1.0,1,6.0,4.0,40.0
3967,2,7308,60,,,2,6.0,4.0,
3968,1,7301,34,,5.0,1,4.0,1.0,50.0
3969,1,7309,50,,1.0,2,1.0,4.0,80.0
3969,2,7309,57,,7.0,1,1.0,4.0,80.0
3969,3,7309,22,,1.0,2,1.0,4.0,4.0
3970,1,7314,56,,3.0,2,1.0,4.0,38.0
3970,2,7314,13,9.0,,1,,,
3970,3,7314,11,7.0,,2,,,
3970,4,7314,32,,2.0,1,6.0,4.0,
3970,5,7314,31,,1.0,2,6.0,4.0,
3970,6,7314,9,5.0,,2,,,
3970,7,7314,2,,,1,,,
3970,8,7314,0,,,1,,,
3970,9,7314,0,,,2,,,
3971,1,7301,64,,,2,6.0,4.0,
3971,2,7301,69,,,1,6.0,4.0,
3971,3,7301,23,,1.0,2,1.0,4.0,35.0
3971,4,7301,17,14.0,1.0,1,1.0,4.0,16.0
3972,1,7315,38,,7.0,1,1.0,4.0,99.0
3972,2,7315,45,,7.0,1,1.0,4.0,99.0
3973,1,7305,56,,1.0,1,1.0,4.0,50.0
3973,2,7305,56,,,2,6.0,4.0,
3974,1,7303,61,,1.0,1,1.0,4.0,45.0
3974,2,7303,61,,1.0,2,1.0,4.0,31.0
3974,3,7303,33,15.0,1.0,2,1.0,4.0,10.0
3975,1,7315,23,,2.0,2,1.0,4.0,36.0
3976,1,7316,44,,6.0,2,1.0,4.0,30.0
3976,2,7316,11,8.0,,2,,,
3976,3,7316,9,5.0,,2,,,
3977,1,7322,54,,3.0,2,1.0,4.0,40.0
3977,2,7322,25,15.0,1.0,2,1.0,4.0,40.0
3977,3,7322,20,15.0,1.0,2,1.0,4.0,25.0
3977,4,7322,16,14.0,,1,6.0,,
3977,5,7322,10,6.0,,1,,,
3977,6,7322,2,,,2,,,
3977,7,7322,26,15.0,1.0,1,1.0,4.0,14.0
3978,1,7311,34,,1.0,2,2.0,4.0,40.0
3978,2,7311,35,,1.0,1,1.0,4.0,40.0
3978,3,7311,10,,,1,,,
3978,4,7311,0,,,2,,,
3979,1,7315,68,,,1,6.0,4.0,
3979,2,7315,64,,,2,6.0,4.0,
3980,1,7309,61,,1.0,2,1.0,4.0,40.0
3980,2,7309,55,,1.0,1,1.0,4.0,40.0
3981,1,7302,40,,1.0,2,1.0,4.0,40.0
3981,2,7302,39,,1.0,1,1.0,4.0,40.0
3981,3,7302,19,,1.0,1,1.0,4.0,40.0
3981,4,7302,17,14.0,1.0,2,1.0,4.0,20.0
3981,5,7302,11,8.0,,2,,,
3981,6,7302,20,15.0,4.0,2,1.0,4.0,20.0
3981,7,7302,18,,1.0,2,1.0,4.0,40.0
3981,8,7302,20,,,1,6.0,4.0,
3981,9,7302,19,,1.0,1,1.0,4.0,40.0
3982,1,7317,32,,1.0,1,1.0,4.0,35.0
3982,2,7317,29,,6.0,2,1.0,4.0,25.0
3982,3,7317,9,6.0,,1,,,
3982,4,7317,8,4.0,,1,,,
3982,5,7317,5,2.0,,1,,,
3982,6,7317,3,,,2,,,
3982,7,7317,1,,,2,,,
3983,1,7318,82,,,1,6.0,2.0,
3983,2,7318,81,,,2,6.0,4.0,
3983,3,7318,60,,,1,6.0,4.0,
3984,1,7309,63,,3.0,1,6.0,4.0,
3984,2,7309,54,,3.0,2,1.0,4.0,44.0
3985,1,7307,79,,,2,6.0,4.0,
3985,2,7307,82,,,1,6.0,4.0,
3986,1,7309,73,,3.0,2,1.0,4.0,40.0
3986,2,7309,78,,,2,6.0,4.0,
3987,1,7301,37,15.0,1.0,1,1.0,4.0,40.0
3987,2,7301,34,15.0,2.0,2,1.0,4.0,40.0
3987,3,7301,6,3.0,,2,,,
3987,4,7301,3,1.0,,1,,,
3988,1,7310,70,,,2,6.0,4.0,
3988,2,7310,85,,,1,6.0,4.0,
3988,3,7310,51,,4.0,2,1.0,4.0,40.0
3989,1,7307,43,,7.0,2,1.0,4.0,40.0
3989,2,7307,39,,7.0,1,1.0,4.0,40.0
3989,3,7307,20,15.0,1.0,2,1.0,4.0,20.0
3989,4,7307,17,14.0,1.0,1,1.0,4.0,20.0
3989,5,7307,5,,,1,,,
3990,1,7301,74,,,2,6.0,2.0,
3990,2,7301,74,,2.0,1,6.0,2.0,
3991,1,7310,70,,2.0,1,1.0,4.0,70.0
3992,1,7302,69,,3.0,1,1.0,2.0,40.0
3992,2,7302,64,,,2,6.0,4.0,
3992,3,7302,27,,1.0,1,6.0,4.0,
3992,4,7302,24,15.0,,2,6.0,4.0,
3993,1,7313,30,15.0,5.0,1,1.0,4.0,40.0
3993,2,7313,27,15.0,1.0,2,1.0,4.0,20.0
3993,3,7313,2,,,2,,,
3994,1,7305,74,,1.0,2,1.0,4.0,25.0
3995,1,7309,64,,6.0,2,1.0,4.0,40.0
3995,2,7309,37,,1.0,2,1.0,4.0,40.0
3995,3,7309,6,2.0,,2,,,
3996,1,7314,30,,1.0,1,1.0,2.0,40.0
3997,1,7310,54,,2.0,2,1.0,4.0,40.0
3997,2,7310,55,,1.0,1,1.0,4.0,40.0
3998,1,7313,36,,1.0,1,1.0,4.0,40.0
3998,2,7313,33,,1.0,2,6.0,4.0,
3998,3,7313,3,1.0,,1,,,
3998,4,7313,2,,,2,,,
3999,1,7308,67,,6.0,1,1.0,4.0,40.0
3999,2,7308,58,,,2,6.0,4.0,
3999,3,7308,28,,1.0,1,1.0,4.0,40.0
4000,1,7316,65,,1.0,1,1.0,4.0,40.0
4001,1,7305,40,,1.0,2,1.0,4.0,40.0
4001,2,7305,45,,1.0,1,1.0,4.0,40.0
4002,1,7320,53,,2.0,2,1.0,4.0,40.0
4002,2,7320,25,15.0,,1,6.0,4.0,
4002,3,7320,20,15.0,1.0,1,1.0,4.0,10.0
4002,4,7320,17,14.0,,2,6.0,4.0,
4003,1,7305,43,,1.0,1,1.0,4.0,55.0
4003,2,7305,34,,7.0,2,1.0,4.0,50.0
4003,3,7305,6,2.0,,1,,,
4003,4,7305,4,1.0,,2,,,
4003,5,7305,3,1.0,,1,,,
4003,6,7305,0,,,1,,,
4004,1,7322,32,,5.0,1,4.0,1.0,40.0
4004,2,7322,32,,1.0,2,6.0,4.0,
4004,3,7322,5,2.0,,1,,,
4004,4,7322,2,,,2,,,
4005,1,7303,27,,7.0,1,6.0,4.0,
4005,2,7303,28,,1.0,2,1.0,4.0,55.0
4006,1,7311,58,,6.0,1,1.0,4.0,20.0
4006,2,7311,47,,6.0,2,1.0,4.0,37.0
4007,1,7314,29,,1.0,1,1.0,2.0,40.0
4007,2,7314,28,15.0,1.0,2,1.0,4.0,40.0
4007,3,7314,3,1.0,,1,,,
4008,1,7305,68,,1.0,2,1.0,4.0,25.0
4008,2,7305,70,,1.0,1,6.0,2.0,
4008,3,7305,20,15.0,1.0,2,1.0,4.0,25.0
4009,1,7321,40,,1.0,2,1.0,4.0,40.0
4009,2,7321,23,16.0,1.0,2,3.0,4.0,
4009,3,7321,10,6.0,,1,,,
4009,4,7321,7,4.0,,1,,,
4010,1,7317,20,15.0,5.0,1,1.0,4.0,18.0
4010,2,7317,18,15.0,,2,6.0,4.0,
4011,1,7304,29,,1.0,2,1.0,4.0,60.0
4012,1,7307,90,,,2,6.0,4.0,
4013,1,7316,60,,4.0,1,1.0,4.0,48.0
4013,2,7316,55,,3.0,2,1.0,4.0,42.0
4013,3,7316,23,15.0,1.0,2,6.0,4.0,32.0
4014,1,7317,37,,1.0,1,1.0,4.0,48.0
4014,2,7317,21,,9.0,2,3.0,4.0,
4015,1,7304,80,,,2,6.0,4.0,
4015,2,7304,74,,,1,6.0,2.0,
4016,1,7313,63,,2.0,1,1.0,4.0,40.0
4016,2,7313,48,,1.0,2,1.0,4.0,21.0
4017,1,7304,39,,1.0,2,1.0,4.0,50.0
4017,2,7304,51,,1.0,1,3.0,4.0,40.0
4017,3,7304,7,3.0,,2,,,
4017,4,7304,5,1.0,,1,,,
4018,1,7308,58,,1.0,1,1.0,2.0,60.0
4018,2,7308,56,,2.0,2,6.0,4.0,
4019,1,7307,73,,6.0,1,1.0,2.0,12.0
4020,1,7309,60,,1.0,2,1.0,4.0,40.0
4020,2,7309,60,,2.0,1,1.0,4.0,45.0
4021,1,7311,62,,2.0,1,2.0,2.0,6.0
4021,2,7311,57,,1.0,2,1.0,4.0,40.0
4021,3,7311,20,15.0,1.0,2,1.0,4.0,30.0
4022,1,7310,53,,,2,6.0,4.0,
4022,2,7310,55,,1.0,1,1.0,4.0,12.0
4023,1,7305,61,,,2,6.0,4.0,
4023,2,7305,63,,1.0,1,1.0,4.0,40.0
4024,1,7316,43,,2.0,1,1.0,4.0,40.0
4025,1,7321,41,,1.0,2,6.0,4.0,
4025,2,7321,43,,1.0,1,1.0,2.0,40.0
4025,3,7321,7,3.0,,1,,,
4026,1,7306,30,,1.0,2,1.0,4.0,10.0
4026,2,7306,30,,1.0,1,1.0,4.0,45.0
4026,3,7306,2,,,1,,,
4027,1,7307,52,,1.0,1,1.0,4.0,40.0
4027,2,7307,49,,,2,6.0,4.0,
4027,3,7307,23,,1.0,2,1.0,4.0,40.0
4028,1,7313,46,,1.0,1,1.0,4.0,40.0
4028,2,7313,44,16.0,3.0,2,1.0,4.0,30.0
4028,3,7313,13,10.0,,1,,,
4029,1,7308,50,,4.0,2,1.0,4.0,40.0
4029,2,7308,54,,6.0,1,1.0,4.0,40.0
4029,3,7308,16,12.0,,2,6.0,,
4029,4,7308,12,9.0,,2,,,
4030,1,7312,30,,1.0,1,1.0,4.0,40.0
4031,1,7304,46,,1.0,1,1.0,4.0,55.0
4031,2,7304,46,,,2,6.0,4.0,
4031,3,7304,17,14.0,,2,6.0,4.0,
4031,4,7304,15,12.0,,2,,,
4031,5,7304,13,10.0,,2,,,
4031,6,7304,11,8.0,,1,,,
4032,1,7319,24,,3.0,1,1.0,4.0,40.0
4032,2,7319,24,16.0,4.0,2,1.0,4.0,11.0
4033,1,7317,65,,,2,6.0,4.0,
4034,1,7314,64,,,2,6.0,4.0,
4035,1,7308,64,,1.0,2,1.0,4.0,40.0
4035,2,7308,34,,1.0,1,1.0,4.0,40.0
4036,1,7321,55,,1.0,2,1.0,4.0,37.0
4036,2,7321,57,,1.0,1,1.0,4.0,40.0
4036,3,7321,31,,1.0,2,1.0,4.0,35.0
4036,4,7321,25,,1.0,2,3.0,4.0,40.0
4037,1,7313,49,,1.0,1,1.0,4.0,40.0
4037,2,7313,47,,,2,6.0,4.0,
4037,3,7313,17,14.0,1.0,1,1.0,4.0,12.0
4037,4,7313,15,12.0,,1,,,
4037,5,7313,12,8.0,,1,,,
4038,1,7318,70,,,2,6.0,4.0,
4038,2,7318,36,,3.0,1,1.0,4.0,35.0
4038,3,7318,35,,6.0,2,1.0,4.0,50.0
4038,4,7318,33,,,2,6.0,4.0,
4039,1,7305,39,,1.0,1,1.0,2.0,50.0
4039,2,7305,38,,3.0,2,1.0,4.0,40.0
4039,3,7305,8,4.0,,2,,,
4039,4,7305,6,,,2,,,
4039,5,7305,3,,,2,,,
4040,1,7318,56,,1.0,2,1.0,4.0,50.0
4040,2,7318,35,,,1,6.0,4.0,
4040,3,7318,25,,1.0,1,6.0,4.0,
4040,4,7318,63,,1.0,2,1.0,4.0,40.0
4041,1,7314,37,,1.0,2,1.0,4.0,38.0
4041,2,7314,38,,5.0,1,4.0,1.0,40.0
4041,3,7314,12,9.0,,2,,,
4041,4,7314,8,5.0,,2,,,
4041,5,7314,4,,,1,,,
4042,1,7317,40,,7.0,2,1.0,4.0,40.0
4043,1,7302,43,,1.0,1,1.0,4.0,40.0
4043,2,7302,42,,,2,6.0,4.0,
4043,3,7302,10,7.0,,2,,,
4043,4,7302,7,4.0,,1,,,
4043,5,7302,3,,,2,,,
4044,1,7320,43,,5.0,1,4.0,1.0,40.0
4044,2,7320,47,,5.0,2,3.0,2.0,
4044,3,7320,15,11.0,,2,,,
4045,1,7314,88,,,2,6.0,4.0,
4046,1,7321,31,,1.0,1,1.0,4.0,40.0
4046,2,7321,60,,,2,6.0,4.0,
4046,3,7321,57,,,1,6.0,4.0,
4047,1,7317,30,,5.0,1,4.0,1.0,40.0
4047,2,7317,34,,5.0,2,6.0,4.0,
4048,1,7316,39,,1.0,1,1.0,4.0,40.0
4049,1,7314,55,,5.0,1,1.0,2.0,20.0
4049,2,7314,56,,5.0,2,1.0,4.0,40.0
4049,3,7314,33,,5.0,1,1.0,4.0,40.0
4050,1,7315,68,,6.0,1,1.0,4.0,35.0
4050,2,7315,61,,1.0,2,6.0,4.0,
4051,1,7305,44,,1.0,2,1.0,4.0,40.0
4051,2,7305,18,15.0,1.0,2,1.0,4.0,40.0
4051,3,7305,13,10.0,,1,,,
4051,4,7305,12,9.0,,2,,,
4052,1,7321,38,,1.0,1,2.0,4.0,40.0
4052,2,7321,39,,,2,6.0,4.0,
4052,3,7321,11,8.0,,2,,,
4052,4,7321,9,5.0,,2,,,
4052,5,7321,2,,,1,,,
4053,1,7317,28,,1.0,1,1.0,4.0,50.0
4053,2,7317,27,15.0,1.0,2,1.0,4.0,28.0
4054,1,7310,66,,6.0,1,1.0,3.0,40.0
4054,2,7310,53,,,2,6.0,4.0,
4054,3,7310,18,14.0,,1,6.0,4.0,
4055,1,7320,56,,2.0,2,1.0,4.0,55.0
4056,1,7318,56,,1.0,2,1.0,4.0,40.0
4057,1,7309,90,,,2,6.0,4.0,
4058,1,7304,35,,3.0,1,1.0,4.0,72.0
4059,1,7307,56,,1.0,2,1.0,4.0,45.0
4059,2,7307,59,,1.0,1,1.0,3.0,43.0
4059,3,7307,20,,1.0,2,1.0,4.0,32.0
4060,1,7305,69,,1.0,1,1.0,2.0,43.0
4060,2,7305,70,,,2,6.0,4.0,
4061,1,7312,32,,2.0,1,1.0,4.0,50.0
4062,1,7304,83,,,2,6.0,4.0,
4062,2,7304,63,,,2,6.0,4.0,
4063,1,7306,65,,,2,6.0,4.0,
4063,2,7306,70,,,1,6.0,2.0,
4064,1,7316,27,,1.0,1,1.0,4.0,40.0
4064,2,7316,24,,1.0,2,1.0,4.0,30.0
4065,1,7302,66,,3.0,2,6.0,4.0,
4065,2,7302,70,,6.0,1,6.0,4.0,
4065,3,7302,65,,,1,6.0,4.0,
4066,1,7316,32,,7.0,1,1.0,4.0,50.0
4066,2,7316,29,,7.0,2,1.0,4.0,50.0
4067,1,7310,86,,,1,6.0,2.0,
4068,1,7301,31,,6.0,2,1.0,4.0,24.0
4068,2,7301,32,,1.0,1,1.0,4.0,40.0
4069,1,7314,61,,6.0,2,1.0,4.0,17.0
4070,1,7320,61,,5.0,2,1.0,4.0,40.0
4071,1,7305,82,,,1,6.0,4.0,
4071,2,7305,80,15.0,,2,6.0,4.0,
4072,1,7309,37,,1.0,1,1.0,4.0,45.0
4072,2,7309,35,,2.0,2,1.0,4.0,40.0
4073,1,7321,51,,4.0,2,1.0,4.0,30.0
4073,2,7321,30,,1.0,2,1.0,4.0,40.0
4073,3,7321,13,9.0,,2,,,
4074,1,7315,32,,1.0,2,1.0,4.0,40.0
4075,1,7309,28,,1.0,2,1.0,4.0,48.0
4075,2,7309,32,,1.0,1,1.0,4.0,48.0
4076,1,7321,38,,5.0,1,1.0,2.0,40.0
4076,2,7321,5,2.0,,1,,,
4076,3,7321,63,,1.0,2,1.0,4.0,40.0
4077,1,7306,55,,1.0,1,1.0,4.0,45.0
4077,2,7306,56,,1.0,2,1.0,4.0,45.0
4078,1,7308,51,,6.0,2,6.0,4.0,20.0
4078,2,7308,52,,1.0,1,1.0,2.0,50.0
4078,3,7308,16,13.0,,2,6.0,,
4078,4,7308,12,8.0,,1,,,
4078,5,7308,23,,1.0,1,1.0,3.0,40.0
4079,1,7315,59,,2.0,1,1.0,4.0,40.0
4079,2,7315,54,,1.0,2,1.0,4.0,40.0
4080,1,7311,50,,1.0,2,1.0,4.0,40.0
4080,2,7311,50,,1.0,1,1.0,4.0,40.0
4080,3,7311,18,14.0,2.0,1,6.0,4.0,
4080,4,7311,18,14.0,2.0,1,6.0,4.0,
4081,1,7313,77,,1.0,2,6.0,4.0,
4082,1,7319,56,,1.0,1,1.0,4.0,50.0
4082,2,7319,58,,,2,6.0,4.0,
4082,3,7319,25,,1.0,2,1.0,4.0,40.0
4083,1,7303,41,,1.0,1,1.0,4.0,40.0
4083,2,7303,7,4.0,,2,,,
4083,3,7303,5,,,1,,,
4084,1,7315,43,,1.0,1,1.0,4.0,40.0
4085,1,7313,41,,7.0,2,1.0,4.0,10.0
4085,2,7313,40,,1.0,1,1.0,4.0,40.0
4085,3,7313,13,9.0,,2,,,
4085,4,7313,10,6.0,,1,,,
4086,1,7319,58,15.0,2.0,2,1.0,4.0,45.0
4086,2,7319,42,,1.0,1,1.0,4.0,50.0
4087,1,7318,69,,,1,6.0,4.0,
4087,2,7318,57,,6.0,2,1.0,4.0,40.0
4087,3,7318,47,,,1,6.0,4.0,
4087,4,7318,56,,6.0,2,1.0,4.0,40.0
4088,1,7301,46,,1.0,2,1.0,4.0,80.0
4088,2,7301,46,,2.0,1,1.0,4.0,40.0
4088,3,7301,6,3.0,,2,,,
4088,4,7301,16,13.0,,1,6.0,,
4089,1,7304,53,,1.0,2,1.0,4.0,20.0
4090,1,7312,25,,3.0,2,1.0,4.0,40.0
4090,2,7312,27,16.0,4.0,1,1.0,4.0,10.0
4091,1,7301,41,,6.0,1,1.0,4.0,50.0
4091,2,7301,50,,6.0,2,1.0,4.0,60.0
4091,3,7301,12,8.0,,1,,,
4092,1,7320,47,,1.0,1,1.0,4.0,50.0
4092,2,7320,39,,,2,6.0,4.0,
4092,3,7320,12,9.0,,1,,,
4092,4,7320,10,6.0,,1,,,
4092,5,7320,6,3.0,,2,,,
4092,6,7320,1,,,2,,,
4093,1,7306,77,,7.0,2,1.0,4.0,30.0
4093,2,7306,81,,,1,6.0,3.0,
4094,1,7320,50,,1.0,1,1.0,4.0,50.0
4094,2,7320,46,,1.0,2,1.0,4.0,50.0
4095,1,7301,35,15.0,4.0,1,1.0,4.0,22.0
4095,2,7301,31,,1.0,2,1.0,4.0,40.0
4096,1,7319,64,,,1,6.0,4.0,
4096,2,7319,63,,1.0,2,1.0,4.0,45.0
4097,1,7303,31,,1.0,1,1.0,4.0,45.0
4097,2,7303,43,,2.0,2,1.0,4.0,40.0
4098,1,7320,34,,5.0,2,1.0,4.0,60.0
4099,1,7305,71,,,1,6.0,3.0,
4099,2,7305,39,,1.0,2,1.0,4.0,40.0
4099,3,7305,14,11.0,,2,,,
4100,1,7303,66,,7.0,2,1.0,4.0,40.0
4100,2,7303,65,,1.0,1,1.0,4.0,30.0
4101,1,7306,57,,7.0,1,1.0,4.0,50.0
4101,2,7306,52,,2.0,2,3.0,4.0,16.0
4102,1,7307,43,,3.0,2,1.0,4.0,40.0
4102,2,7307,51,,1.0,1,1.0,4.0,45.0
4102,3,7307,20,,1.0,2,3.0,4.0,25.0
4103,1,7312,83,,,1,6.0,2.0,
4103,2,7312,77,,,2,6.0,4.0,
4104,1,7314,82,,,2,6.0,4.0,
4104,2,7314,57,,4.0,2,1.0,4.0,23.0
4105,1,7313,36,,1.0,2,1.0,4.0,45.0
4105,2,7313,11,8.0,,2,,,
4106,1,7310,61,,2.0,2,1.0,4.0,40.0
4107,1,7317,63,,2.0,2,1.0,4.0,85.0
4107,2,7317,64,,3.0,1,1.0,4.0,40.0
4108,1,7311,88,,,1,6.0,4.0,
4108,2,7311,88,,,2,6.0,4.0,
4108,3,7311,55,,2.0,1,6.0,4.0,
4109,1,7302,69,,7.0,1,1.0,2.0,99.0
4109,2,7302,67,,1.0,2,1.0,4.0,20.0
4109,3,7302,94,,,2,6.0,4.0,
4110,1,7319,70,,1.0,1,6.0,4.0,
4110,2,7319,70,,,2,6.0,4.0,
4111,1,7307,61,,5.0,2,1.0,4.0,40.0
4112,1,7315,84,,,1,6.0,2.0,
4113,1,7314,62,,2.0,2,1.0,4.0,45.0
4113,2,7314,20,15.0,4.0,1,1.0,4.0,5.0
4114,1,7310,74,,6.0,1,1.0,2.0,32.0
4114,2,7310,73,,,2,6.0,4.0,
4115,1,7306,47,,1.0,2,1.0,4.0,40.0
4115,2,7306,60,,1.0,1,1.0,4.0,40.0
4115,3,7306,26,15.0,1.0,1,1.0,4.0,30.0
4115,4,7306,21,15.0,1.0,2,1.0,4.0,25.0
4116,1,7318,38,,1.0,1,1.0,2.0,65.0
4117,1,7305,50,,1.0,1,1.0,4.0,40.0
4117,2,7305,51,,1.0,2,1.0,4.0,42.0
4118,1,7321,77,,,2,6.0,4.0,
4118,2,7321,63,,1.0,1,6.0,2.0,
4118,3,7321,54,,1.0,1,1.0,4.0,8.0
4118,4,7321,29,,1.0,1,1.0,4.0,35.0
4119,1,7305,54,,1.0,2,1.0,4.0,40.0
4119,2,7305,54,,1.0,1,1.0,2.0,50.0
4119,3,7305,20,15.0,1.0,1,6.0,4.0,
4120,1,7317,47,,3.0,2,1.0,4.0,40.0
4120,2,7317,15,12.0,,2,,,
4120,3,7317,13,10.0,,1,,,
4120,4,7317,8,5.0,,2,,,
4121,1,7303,39,,1.0,1,1.0,4.0,40.0
4121,2,7303,39,,,2,6.0,4.0,
4121,3,7303,22,,1.0,1,1.0,4.0,40.0
4121,4,7303,18,14.0,,2,6.0,4.0,
4121,5,7303,12,10.0,,1,,,
4121,6,7303,12,10.0,,1,,,
4122,1,7307,62,,6.0,2,1.0,4.0,60.0
4122,2,7307,82,,,1,6.0,4.0,
4123,1,7317,58,,,2,6.0,4.0,
4124,1,7305,57,,1.0,2,1.0,4.0,30.0
4124,2,7305,59,,5.0,1,1.0,2.0,50.0
4124,3,7305,22,15.0,1.0,1,1.0,4.0,30.0
4125,1,7305,61,,,2,6.0,4.0,
4125,2,7305,59,,3.0,2,6.0,4.0,
4126,1,7316,62,,1.0,1,1.0,4.0,40.0
4126,2,7316,62,,,2,6.0,4.0,
4127,1,7311,72,,,2,6.0,4.0,
4127,2,7311,37,,1.0,1,1.0,4.0,40.0
4127,3,7311,29,,1.0,2,1.0,4.0,40.0
4128,1,7309,34,,1.0,2,2.0,4.0,80.0
4128,2,7309,32,,1.0,1,1.0,4.0,80.0
4128,3,7309,7,3.0,,2,,,
4128,4,7309,0,,,1,,,
4129,1,7317,22,,1.0,2,6.0,4.0,
4129,2,7317,2,,,2,,,
4130,1,7317,40,,,2,6.0,4.0,
4130,2,7317,15,12.0,,2,,,
4130,3,7317,14,11.0,,1,,,
4131,1,7302,65,,1.0,1,6.0,4.0,
4131,2,7302,65,,1.0,2,6.0,4.0,
4132,1,7303,68,,,2,6.0,4.0,
4132,2,7303,40,,1.0,1,1.0,4.0,40.0
4132,3,7303,22,,1.0,2,1.0,4.0,40.0
4132,4,7303,18,14.0,1.0,1,1.0,4.0,20.0
4132,5,7303,17,13.0,,2,6.0,4.0,
4132,6,7303,9,6.0,,1,,,
4132,7,7303,7,4.0,,1,,,
4132,8,7303,4,1.0,,2,,,
4132,9,7303,39,,1.0,2,1.0,4.0,40.0
4133,1,7320,29,,5.0,2,4.0,3.0,40.0
4133,2,7320,35,,1.0,1,1.0,4.0,40.0
4134,1,7316,71,,,2,6.0,4.0,
4135,1,7312,41,,2.0,1,1.0,4.0,50.0
4136,1,7321,31,,5.0,1,4.0,1.0,90.0
4137,1,7310,66,,6.0,1,2.0,4.0,15.0
4138,1,7308,64,,5.0,1,6.0,2.0,
4138,2,7308,63,,,2,6.0,4.0,
4139,1,7317,39,,,2,6.0,4.0,
4139,2,7317,40,,6.0,1,1.0,4.0,40.0
4139,3,7317,17,13.0,,1,6.0,4.0,
4139,4,7317,9,6.0,,1,,,
4139,5,7317,7,4.0,,2,,,
4139,6,7317,2,,,1,,,
4140,1,7315,73,,2.0,1,3.0,2.0,10.0
4140,2,7315,76,,,2,6.0,4.0,
4141,1,7315,48,,1.0,2,1.0,4.0,74.0
4141,2,7315,50,,1.0,1,1.0,4.0,74.0
4141,3,7315,17,13.0,9.0,2,3.0,4.0,
4142,1,7315,60,,3.0,2,1.0,4.0,35.0
4142,2,7315,32,,1.0,2,1.0,4.0,30.0
4142,3,7315,15,11.0,,2,,,
4143,1,7306,33,,3.0,1,1.0,4.0,70.0
4143,2,7306,35,,,2,6.0,4.0,
4144,1,7320,36,,1.0,1,1.0,2.0,50.0
4144,2,7320,38,,1.0,2,1.0,4.0,36.0
4144,3,7320,5,2.0,,2,,,
4145,1,7310,88,,,1,6.0,2.0,
4146,1,7321,40,,6.0,2,1.0,4.0,40.0
4146,2,7321,43,,1.0,1,1.0,4.0,40.0
4146,3,7321,8,4.0,,1,,,
4146,4,7321,73,,,2,6.0,4.0,
4147,1,7310,23,,1.0,2,1.0,4.0,45.0
4147,2,7310,24,,2.0,2,1.0,4.0,38.0
4148,1,7310,84,,,2,6.0,4.0,
4149,1,7312,33,,1.0,1,1.0,4.0,40.0
4149,2,7312,38,,2.0,2,1.0,4.0,45.0
4150,1,7314,72,,,2,6.0,4.0,
4150,2,7314,72,,1.0,2,6.0,4.0,
4151,1,7322,69,,,1,6.0,2.0,
4151,2,7322,59,,1.0,2,1.0,4.0,35.0
4152,1,7307,60,,6.0,2,1.0,4.0,27.0
4153,1,7313,29,,1.0,1,1.0,4.0,40.0
4153,2,7313,32,,,2,6.0,4.0,
4153,3,7313,7,3.0,,2,,,
4153,4,7313,2,,,2,,,
4154,1,7308,48,15.0,9.0,2,3.0,4.0,
4154,2,7308,29,,,1,6.0,4.0,
4154,3,7308,18,14.0,,1,6.0,4.0,
4154,4,7308,16,12.0,1.0,2,6.0,,12.0
4155,1,7314,37,,6.0,2,1.0,4.0,40.0
4155,2,7314,14,11.0,,2,,,
4155,3,7314,13,9.0,,2,,,
4155,4,7314,9,6.0,,2,,,
4156,1,7317,44,,1.0,1,1.0,4.0,40.0
4156,2,7317,37,,3.0,2,6.0,4.0,
4156,3,7317,22,,1.0,2,1.0,4.0,25.0
4156,4,7317,15,11.0,,2,,,
4156,5,7317,15,11.0,,1,,,
4156,6,7317,4,1.0,,1,,,
4157,1,7317,32,,2.0,2,1.0,4.0,40.0
4157,2,7317,32,,1.0,1,1.0,4.0,40.0
4158,1,7311,57,,1.0,1,6.0,2.0,
4158,2,7311,61,,2.0,2,1.0,4.0,36.0
4158,3,7311,35,,1.0,1,3.0,4.0,40.0
4158,4,7311,31,,1.0,2,1.0,4.0,40.0
4159,1,7309,37,,6.0,1,1.0,4.0,70.0
4159,2,7309,41,,1.0,2,6.0,4.0,
4159,3,7309,4,1.0,,2,,,
4159,4,7309,3,1.0,,1,,,
4159,5,7309,25,,1.0,2,1.0,4.0,40.0
4160,1,7310,58,,,2,6.0,4.0,
4160,2,7310,71,,6.0,1,1.0,4.0,60.0
4161,1,7322,43,,3.0,2,1.0,4.0,40.0
4161,2,7322,19,15.0,1.0,2,1.0,4.0,40.0
4162,1,7306,58,,1.0,2,1.0,4.0,40.0
4162,2,7306,58,,2.0,1,1.0,4.0,30.0
4163,1,7314,94,,,1,6.0,2.0,
4164,1,7319,29,,1.0,1,1.0,4.0,45.0
4164,2,7319,30,,1.0,2,1.0,4.0,40.0
4164,3,7319,3,,,2,,,
4165,1,7306,70,,,1,6.0,3.0,
4165,2,7306,71,,,2,6.0,4.0,
4166,1,7312,65,,,1,6.0,4.0,
4167,1,7304,79,,,1,6.0,4.0,
4167,2,7304,76,,,2,6.0,4.0,
4168,1,7322,54,15.0,5.0,1,1.0,2.0,40.0
4168,2,7322,40,,5.0,2,1.0,4.0,36.0
4168,3,7322,5,,,2,,,
4168,4,7322,3,1.0,,1,,,
4169,1,7316,39,,1.0,1,1.0,4.0,50.0
4169,2,7316,33,,1.0,2,1.0,4.0,20.0
4170,1,7303,37,,1.0,1,1.0,4.0,60.0
4170,2,7303,48,,1.0,2,1.0,4.0,65.0
4170,3,7303,7,4.0,,2,,,
4170,4,7303,23,,1.0,1,1.0,4.0,30.0
4171,1,7318,62,,6.0,2,1.0,4.0,30.0
4171,2,7318,55,,1.0,1,1.0,4.0,40.0
4171,3,7318,25,,1.0,2,1.0,4.0,40.0
4172,1,7313,32,,1.0,2,1.0,4.0,40.0
4172,2,7313,33,,4.0,1,1.0,4.0,50.0
4173,1,7314,77,,,1,6.0,2.0,
4173,2,7314,67,,,2,6.0,4.0,
4174,1,7302,84,,,2,6.0,4.0,
4174,2,7302,30,,1.0,2,1.0,4.0,30.0
4174,3,7302,7,3.0,,2,,,
4175,1,7319,74,,,2,6.0,4.0,
4176,1,7309,41,,2.0,2,6.0,4.0,
4176,2,7309,41,,7.0,1,1.0,4.0,50.0
4176,3,7309,15,11.0,,1,,,
4176,4,7309,5,2.0,,1,,,
4177,1,7308,21,,1.0,1,1.0,4.0,45.0
4177,2,7308,35,,4.0,2,1.0,4.0,40.0
4178,1,7312,26,15.0,8.0,1,6.0,4.0,
4179,1,7310,60,,1.0,1,3.0,4.0,32.0
4180,1,7309,55,,3.0,1,1.0,4.0,40.0
4180,2,7309,55,,1.0,2,1.0,4.0,36.0
4180,3,7309,29,,1.0,1,1.0,4.0,40.0
4181,1,7321,69,,1.0,1,3.0,2.0,6.0
4181,2,7321,69,,,2,6.0,4.0,
4181,3,7321,40,,1.0,2,1.0,4.0,40.0
4181,4,7321,16,13.0,,1,6.0,,
4182,1,7321,28,,1.0,2,1.0,4.0,40.0
4182,2,7321,36,,1.0,1,1.0,4.0,50.0
4183,1,7301,61,,1.0,1,1.0,4.0,52.0
4183,2,7301,53,,1.0,2,1.0,4.0,45.0
4184,1,7321,48,,6.0,2,1.0,4.0,80.0
4184,2,7321,57,,4.0,1,1.0,4.0,40.0
4185,1,7304,42,,1.0,1,1.0,4.0,60.0
4185,2,7304,37,,1.0,2,1.0,4.0,50.0
4185,3,7304,4,1.0,,2,,,
4185,4,7304,1,,,1,,,
4186,1,7309,63,,3.0,2,1.0,4.0,15.0
4186,2,7309,61,,1.0,1,1.0,4.0,30.0
4187,1,7309,32,,1.0,2,1.0,4.0,40.0
4187,2,7309,29,,2.0,1,6.0,4.0,40.0
4188,1,7301,60,,1.0,1,1.0,2.0,60.0
4188,2,7301,44,,1.0,2,1.0,4.0,39.0
4188,3,7301,14,10.0,,1,,,
4189,1,7314,39,,2.0,2,1.0,4.0,32.0
4189,2,7314,40,,1.0,1,1.0,4.0,50.0
4189,3,7314,7,3.0,,2,,,
4189,4,7314,4,1.0,,1,,,
4190,1,7318,36,,1.0,1,1.0,4.0,45.0
4190,2,7318,33,,,2,6.0,4.0,
4190,3,7318,10,7.0,,2,,,
4190,4,7318,5,2.0,,2,,,
4190,5,7318,3,,,1,,,
4190,6,7318,1,,,2,,,
4190,7,7318,53,,1.0,2,1.0,4.0,35.0
4191,1,7306,94,,,1,6.0,2.0,
4191,2,7306,94,,,2,6.0,4.0,
4192,1,7306,78,,1.0,2,6.0,4.0,
4192,2,7306,76,,,1,6.0,4.0,
4193,1,7315,27,16.0,2.0,2,1.0,4.0,47.0
4193,2,7315,25,,2.0,2,1.0,4.0,47.0
4193,3,7315,24,,2.0,2,1.0,4.0,45.0
4194,1,7315,37,,7.0,2,2.0,4.0,40.0
4194,2,7315,39,,7.0,1,1.0,4.0,45.0
4194,3,7315,17,13.0,1.0,2,1.0,4.0,12.0
4194,4,7315,15,12.0,,1,,,
4194,5,7315,6,2.0,,2,,,
4194,6,7315,3,,,2,,,
4195,1,7305,66,,,2,6.0,4.0,
4195,2,7305,45,,1.0,1,1.0,4.0,15.0
4196,1,7321,45,,1.0,2,1.0,4.0,38.0
4196,2,7321,48,,1.0,1,1.0,4.0,60.0
4196,3,7321,14,12.0,,2,,,
4196,4,7321,8,4.0,,2,,,
4196,5,7321,43,,,2,6.0,4.0,
4196,6,7321,41,,1.0,2,1.0,4.0,35.0
4196,7,7321,44,,5.0,1,1.0,2.0,40.0
4197,1,7319,51,,1.0,1,3.0,2.0,
4197,2,7319,51,,2.0,2,1.0,4.0,40.0
4198,1,7312,27,,1.0,1,3.0,4.0,40.0
4198,2,7312,26,16.0,2.0,2,1.0,4.0,40.0
4199,1,7305,39,,3.0,1,1.0,4.0,40.0
4199,2,7305,39,,3.0,2,1.0,4.0,40.0
4199,3,7305,6,3.0,,2,,,
4199,4,7305,1,,,1,,,
4200,1,7313,69,,,1,6.0,2.0,
4200,2,7313,70,,,2,6.0,4.0,
4201,1,7311,56,,1.0,1,1.0,2.0,45.0
4201,2,7311,55,,5.0,2,1.0,4.0,40.0
4202,1,7308,79,,,2,6.0,4.0,
4203,1,7321,67,,,1,6.0,4.0,
4204,1,7318,73,,,1,6.0,4.0,
4204,2,7318,75,,,2,6.0,4.0,
4205,1,7322,56,,4.0,1,1.0,4.0,50.0
4206,1,7311,65,,,1,6.0,4.0,
4206,2,7311,66,,1.0,2,1.0,4.0,25.0
4207,1,7319,65,,1.0,1,1.0,4.0,20.0
4207,2,7319,60,,1.0,1,1.0,2.0,40.0
4208,1,7305,94,,,2,6.0,4.0,
4209,1,7316,37,,2.0,1,1.0,4.0,40.0
4209,2,7316,31,,,2,6.0,4.0,
4209,3,7316,0,,,1,,,
4210,1,7315,75,,1.0,2,6.0,4.0,
4211,1,7312,34,,1.0,2,1.0,4.0,50.0
4211,2,7312,34,,4.0,1,1.0,4.0,40.0
4212,1,7312,63,,1.0,1,6.0,2.0,40.0
4212,2,7312,63,,2.0,1,1.0,4.0,40.0
4213,1,7322,23,,,1,6.0,4.0,
4213,2,7322,8,4.0,,2,,,
4213,3,7322,8,4.0,,2,,,
4213,4,7322,30,,,1,6.0,4.0,
4214,1,7313,60,,1.0,1,1.0,4.0,40.0
4214,2,7313,61,,1.0,2,1.0,4.0,40.0
4214,3,7313,26,15.0,1.0,2,1.0,4.0,25.0
4214,4,7313,25,,5.0,1,1.0,4.0,42.0
4215,1,7312,21,15.0,,1,6.0,4.0,
4215,2,7312,52,,,2,6.0,4.0,
4215,3,7312,52,,1.0,1,1.0,4.0,40.0
4216,1,7316,69,,1.0,2,1.0,4.0,40.0
4217,1,7301,32,16.0,2.0,2,1.0,4.0,40.0
4217,2,7301,30,16.0,5.0,1,4.0,1.0,45.0
4217,3,7301,4,,,1,,,
4217,4,7301,0,,,1,,,
4218,1,7301,56,,1.0,1,3.0,4.0,
4218,2,7301,56,,1.0,2,1.0,4.0,40.0
4219,1,7310,28,,1.0,1,1.0,4.0,25.0
4219,2,7310,24,,1.0,2,1.0,4.0,27.0
4220,1,7311,37,,5.0,1,1.0,2.0,40.0
4220,2,7311,38,,1.0,2,1.0,4.0,40.0
4220,3,7311,7,3.0,,1,,,
4220,4,7311,1,,,2,,,
4221,1,7301,67,,,1,6.0,2.0,
4221,2,7301,67,15.0,,2,6.0,4.0,
4222,1,7313,35,,3.0,1,1.0,4.0,44.0
4222,2,7313,34,,,2,6.0,4.0,
4222,3,7313,14,11.0,,1,,,
4222,4,7313,11,7.0,,1,,,
4222,5,7313,9,5.0,,1,,,
4222,6,7313,6,2.0,,2,,,
4222,7,7313,2,,,2,,,
4223,1,7319,87,,,1,6.0,2.0,
4223,2,7319,86,,,2,6.0,4.0,
4224,1,7314,39,,7.0,1,1.0,4.0,99.0
4224,2,7314,38,15.0,3.0,2,1.0,4.0,40.0
4224,3,7314,12,8.0,,2,,,
4224,4,7314,5,2.0,,2,,,
4224,5,7314,3,,,1,,,
4225,1,7315,60,,1.0,2,1.0,4.0,40.0
4226,1,7313,76,,,2,6.0,4.0,
4227,1,7305,43,,3.0,1,3.0,4.0,80.0
4227,2,7305,41,,3.0,2,1.0,4.0,80.0
4227,3,7305,11,7.0,,1,,,
4227,4,7305,9,6.0,,1,,,
4227,5,7305,6,3.0,,2,,,
4228,1,7309,71,,,2,6.0,4.0,
4228,2,7309,71,,,1,6.0,4.0,
4229,1,7311,35,,1.0,2,1.0,4.0,40.0
4230,1,7322,57,,5.0,2,4.0,1.0,67.0
4230,2,7322,62,,5.0,1,1.0,4.0,40.0
4230,3,7322,22,15.0,,1,6.0,4.0,
4231,1,7319,59,,1.0,2,1.0,4.0,40.0
4232,1,7302,53,,7.0,1,1.0,4.0,60.0
4232,2,7302,52,,3.0,2,1.0,4.0,24.0
4232,3,7302,23,,1.0,2,1.0,4.0,40.0
4232,4,7302,21,,1.0,1,1.0,4.0,35.0
4233,1,7318,63,,5.0,2,1.0,4.0,43.0
4234,1,7306,60,,6.0,2,1.0,4.0,40.0
4234,2,7306,63,,1.0,1,1.0,4.0,40.0
4235,1,7320,82,,,2,6.0,4.0,
4235,2,7320,85,,,1,6.0,2.0,
4236,1,7303,56,16.0,1.0,1,1.0,4.0,50.0
4236,2,7303,55,,,2,6.0,4.0,
4237,1,7310,43,,1.0,1,1.0,4.0,40.0
4237,2,7310,49,,1.0,1,6.0,4.0,
4238,1,7308,61,,1.0,1,1.0,4.0,40.0
4238,2,7308,15,12.0,,1,,,
4238,3,7308,15,12.0,,2,,,
4239,1,7306,51,,1.0,1,1.0,4.0,40.0
4239,2,7306,64,,,2,6.0,4.0,
4240,1,7305,72,,,1,6.0,2.0,
4241,1,7321,35,,1.0,1,1.0,4.0,46.0
4241,2,7321,11,,,2,,,
4241,3,7321,28,15.0,1.0,2,1.0,4.0,25.0
4241,4,7321,62,,1.0,1,1.0,4.0,25.0
4241,5,7321,60,,2.0,2,1.0,4.0,40.0
4242,1,7304,71,,,2,6.0,4.0,
4243,1,7316,24,,1.0,2,1.0,4.0,40.0
4243,2,7316,26,,1.0,1,1.0,4.0,45.0
4244,1,7301,86,,,2,6.0,4.0,
4245,1,7302,37,,5.0,2,1.0,4.0,40.0
4245,2,7302,42,15.0,5.0,1,1.0,2.0,10.0
4245,3,7302,12,9.0,,1,,,
4245,4,7302,4,1.0,,2,,,
4246,1,7320,78,,,2,6.0,4.0,
4246,2,7320,68,,,1,6.0,2.0,
4247,1,7319,70,,,1,6.0,2.0,
4247,2,7319,72,,,2,6.0,4.0,
4248,1,7301,24,15.0,1.0,2,1.0,4.0,40.0
4248,2,7301,25,,1.0,1,1.0,4.0,40.0
4248,3,7301,25,,1.0,1,1.0,4.0,40.0
4249,1,7310,56,,7.0,1,1.0,4.0,50.0
4249,2,7310,56,,,2,6.0,4.0,
4249,3,7310,15,11.0,,1,,,
4249,4,7310,12,8.0,,2,,,
4250,1,7301,71,,5.0,2,1.0,4.0,17.0
4251,1,7309,80,,,1,6.0,3.0,
4251,2,7309,76,,,2,6.0,4.0,
4252,1,7309,30,,1.0,2,1.0,4.0,40.0
4252,2,7309,29,,1.0,1,1.0,4.0,40.0
4253,1,7310,75,,,2,6.0,4.0,
4254,1,7303,55,,1.0,1,1.0,4.0,40.0
4254,2,7303,50,,1.0,2,1.0,4.0,40.0
4255,1,7314,32,,2.0,1,1.0,4.0,8.0
4255,2,7314,34,,1.0,2,1.0,4.0,80.0
4255,3,7314,3,1.0,,2,,,
4255,4,7314,66,,1.0,2,6.0,4.0,
4256,1,7316,20,15.0,,1,6.0,4.0,
4257,1,7319,70,,7.0,1,2.0,2.0,40.0
4257,2,7319,69,,3.0,2,6.0,4.0,
4258,1,7309,37,,2.0,1,1.0,4.0,40.0
4258,2,7309,30,,1.0,2,1.0,4.0,40.0
4259,1,7309,61,,,2,6.0,4.0,
4260,1,7315,55,,3.0,2,1.0,4.0,40.0
4260,2,7315,60,,3.0,1,6.0,4.0,
4261,1,7315,48,,1.0,1,1.0,4.0,80.0
4261,2,7315,23,15.0,1.0,2,1.0,4.0,36.0
4261,3,7315,21,15.0,1.0,2,1.0,4.0,30.0
4262,1,7305,51,,1.0,1,1.0,4.0,45.0
4262,2,7305,49,,1.0,2,1.0,4.0,40.0
4263,1,7305,47,,1.0,1,1.0,4.0,40.0
4263,2,7305,47,,1.0,2,1.0,4.0,40.0
4264,1,7313,70,,,2,6.0,2.0,
4264,2,7313,49,,,1,6.0,4.0,
4265,1,7316,94,,,2,6.0,4.0,
4265,2,7316,74,,7.0,2,6.0,4.0,
4266,1,7316,55,,1.0,1,1.0,4.0,50.0
4266,2,7316,51,,1.0,2,1.0,4.0,40.0
4266,3,7316,76,,,2,6.0,4.0,
4267,1,7306,61,,4.0,2,1.0,4.0,40.0
4268,1,7322,43,,1.0,2,1.0,4.0,30.0
4268,2,7322,42,,1.0,1,1.0,4.0,40.0
4268,3,7322,13,10.0,,2,,,
4268,4,7322,9,6.0,,1,,,
4269,1,7314,79,,,1,6.0,2.0,
4269,2,7314,57,,,1,6.0,4.0,
4270,1,7314,63,,1.0,2,6.0,4.0,
4270,2,7314,63,,1.0,1,6.0,2.0,
4271,1,7301,73,,,2,6.0,4.0,
4272,1,7302,46,,1.0,2,1.0,4.0,40.0
4272,2,7302,32,,3.0,2,1.0,4.0,20.0
4272,3,7302,24,,1.0,1,1.0,4.0,40.0
4272,4,7302,21,14.0,1.0,2,1.0,4.0,30.0
4272,5,7302,14,11.0,,1,,,
4273,1,7310,77,,,2,6.0,4.0,
4273,2,7310,80,,,1,6.0,2.0,
4274,1,7316,55,,1.0,2,1.0,4.0,55.0
4275,1,7317,38,,7.0,2,1.0,4.0,40.0
4275,2,7317,37,,1.0,1,1.0,4.0,40.0
4275,3,7317,0,,,2,,,
4276,1,7313,54,,2.0,2,1.0,4.0,40.0
4277,1,7319,71,,,2,6.0,4.0,
4277,2,7319,69,,3.0,1,1.0,4.0,52.0
4278,1,7316,69,,,1,6.0,4.0,
4278,2,7316,59,,1.0,1,2.0,4.0,40.0
4279,1,7316,27,,2.0,2,1.0,4.0,40.0
4280,1,7312,68,,1.0,1,6.0,4.0,
4280,2,7312,32,,,1,6.0,4.0,
4281,1,7317,61,,,1,6.0,4.0,
4281,2,7317,66,,1.0,1,1.0,4.0,40.0
4282,1,7309,54,,6.0,1,6.0,4.0,40.0
4282,2,7309,53,,3.0,2,1.0,4.0,50.0
4283,1,7306,85,,,2,6.0,4.0,
4284,1,7321,40,,1.0,2,2.0,4.0,40.0
4284,2,7321,19,,9.0,2,3.0,4.0,
4284,3,7321,16,12.0,,2,6.0,,
4284,4,7321,2,,,1,,,
4285,1,7310,79,,5.0,1,6.0,4.0,
4285,2,7310,75,,1.0,2,6.0,4.0,
4286,1,7321,31,,1.0,1,1.0,4.0,40.0
4286,2,7321,8,,,2,,,
4286,3,7321,49,,,2,6.0,4.0,
4287,1,7316,55,,1.0,1,1.0,4.0,60.0
4288,1,7311,65,,,2,6.0,4.0,
4288,2,7311,66,,,1,6.0,4.0,
4289,1,7311,51,,6.0,1,1.0,4.0,40.0
4289,2,7311,46,,6.0,2,1.0,4.0,40.0
4289,3,7311,16,13.0,,1,6.0,,
4289,4,7311,13,9.0,,1,,,
4289,5,7311,4,1.0,,2,,,
4290,1,7317,58,,,2,6.0,4.0,
4290,2,7317,62,,1.0,1,1.0,4.0,24.0
4290,3,7317,28,,3.0,2,1.0,4.0,37.0
4290,4,7317,23,15.0,3.0,1,1.0,4.0,18.0
4290,5,7317,22,15.0,3.0,1,1.0,4.0,20.0
4291,1,7311,55,,1.0,2,1.0,4.0,40.0
4291,2,7311,47,,1.0,1,1.0,4.0,40.0
4292,1,7301,31,,1.0,1,1.0,4.0,55.0
4293,1,7311,67,,,2,6.0,4.0,
4293,2,7311,67,,6.0,1,1.0,4.0,60.0
4293,3,7311,41,,2.0,2,1.0,4.0,30.0
4294,1,7313,71,15.0,2.0,2,6.0,4.0,8.0
4294,2,7313,72,,,1,6.0,2.0,
4295,1,7311,60,,1.0,1,1.0,4.0,40.0
4295,2,7311,62,,,2,6.0,4.0,
4296,1,7320,43,,,2,6.0,4.0,
4296,2,7320,42,,1.0,1,1.0,4.0,40.0
4296,3,7320,14,11.0,,2,,,
4296,4,7320,11,8.0,,1,,,
4296,5,7320,7,3.0,,1,,,
4297,1,7308,54,,1.0,1,1.0,4.0,40.0
4297,2,7308,51,,1.0,2,2.0,4.0,40.0
4297,3,7308,19,15.0,,1,6.0,4.0,
4297,4,7308,17,11.0,,1,6.0,4.0,
4298,1,7316,70,,7.0,1,1.0,4.0,20.0
4298,2,7316,71,,,2,6.0,4.0,
4299,1,7316,56,,1.0,1,1.0,2.0,40.0
4299,2,7316,56,,2.0,2,1.0,4.0,24.0
4300,1,7304,62,,1.0,1,1.0,2.0,40.0
4301,1,7305,84,,,1,6.0,4.0,
4302,1,7301,46,,1.0,1,1.0,2.0,40.0
4302,2,7301,46,,1.0,2,1.0,4.0,40.0
4302,3,7301,9,6.0,,1,,,
4303,1,7308,49,,1.0,2,1.0,4.0,40.0
4303,2,7308,50,,2.0,1,1.0,4.0,40.0
4303,3,7308,15,12.0,,2,,,
4303,4,7308,12,9.0,,2,,,
4304,1,7307,45,,7.0,2,1.0,4.0,40.0
4304,2,7307,48,,7.0,1,1.0,4.0,50.0
4305,1,7304,87,,,2,6.0,4.0,
4306,1,7311,50,,4.0,2,1.0,4.0,12.0
4306,2,7311,59,,1.0,1,6.0,4.0,60.0
4306,3,7311,14,11.0,,2,,,
4307,1,7302,69,,1.0,2,1.0,4.0,40.0
4308,1,7321,57,,7.0,1,6.0,4.0,
4309,1,7316,28,,1.0,2,1.0,4.0,40.0
4310,1,7310,24,,1.0,1,1.0,4.0,40.0
4310,2,7310,24,,1.0,2,1.0,4.0,25.0
4311,1,7305,72,,1.0,1,6.0,2.0,
4311,2,7305,71,,,2,6.0,4.0,
4311,3,7305,25,15.0,1.0,2,1.0,4.0,30.0
4312,1,7319,65,,,1,6.0,2.0,
4312,2,7319,62,,,2,6.0,4.0,
4312,3,7319,83,,,2,6.0,4.0,
4313,1,7310,43,,1.0,2,1.0,4.0,30.0
4313,2,7310,18,14.0,1.0,2,3.0,4.0,
4313,3,7310,17,14.0,,1,6.0,4.0,
4313,4,7310,12,8.0,,2,,,
4313,5,7310,8,4.0,,2,,,
4314,1,7312,25,,1.0,2,6.0,4.0,
4314,2,7312,28,,,1,6.0,4.0,
4314,3,7312,26,,,2,6.0,4.0,
4315,1,7306,58,,7.0,1,1.0,4.0,48.0
4315,2,7306,66,,1.0,1,3.0,4.0,
4316,1,7321,67,,,1,6.0,2.0,
4316,2,7321,66,,2.0,2,1.0,4.0,16.0
4317,1,7314,68,,2.0,2,6.0,4.0,
4317,2,7314,74,,,1,6.0,2.0,
4318,1,7306,37,,2.0,1,1.0,4.0,40.0
4318,2,7306,42,,1.0,2,1.0,4.0,40.0
4319,1,7316,25,,2.0,2,1.0,3.0,40.0
4319,2,7316,26,,5.0,1,4.0,1.0,40.0
4320,1,7315,70,,1.0,2,6.0,4.0,
4321,1,7315,94,,,2,6.0,4.0,
4322,1,7301,34,15.0,5.0,1,4.0,1.0,45.0
4322,2,7301,34,,,2,6.0,4.0,
4322,3,7301,10,7.0,,1,,,
4322,4,7301,3,,,1,,,
4322,5,7301,1,,,1,,,
4323,1,7320,45,,1.0,1,1.0,4.0,40.0
4323,2,7320,44,,1.0,2,1.0,4.0,40.0
4323,3,7320,6,2.0,,2,,,
4323,4,7320,74,,,2,6.0,4.0,
4324,1,7304,75,,1.0,1,1.0,2.0,20.0
4324,2,7304,35,,1.0,1,1.0,4.0,40.0
4325,1,7313,34,,6.0,2,1.0,4.0,58.0
4325,2,7313,35,,5.0,1,1.0,4.0,40.0
4325,3,7313,9,5.0,,2,,,
4325,4,7313,9,5.0,,2,,,
4325,5,7313,7,3.0,,1,,,
4326,1,7302,37,,1.0,2,1.0,4.0,60.0
4327,1,7301,46,,1.0,1,1.0,4.0,40.0
4327,2,7301,44,,4.0,2,6.0,4.0,
4327,3,7301,14,11.0,,2,,,
4327,4,7301,11,7.0,,2,,,
4327,5,7301,8,5.0,,1,,,
4328,1,7302,45,,1.0,1,1.0,4.0,40.0
4328,2,7302,44,,5.0,2,1.0,4.0,40.0
4328,3,7302,16,13.0,,1,6.0,,
4328,4,7302,16,13.0,,1,6.0,,
4328,5,7302,15,12.0,,1,,,
4329,1,7315,32,,3.0,1,3.0,4.0,50.0
4329,2,7315,32,,1.0,1,1.0,4.0,23.0
4329,3,7315,28,,1.0,1,3.0,4.0,40.0
4330,1,7319,33,15.0,1.0,1,1.0,2.0,40.0
4330,2,7319,31,,1.0,2,1.0,4.0,40.0
4330,3,7319,0,,,2,,,
4331,1,7306,78,,,2,6.0,4.0,
4332,1,7316,52,,2.0,1,1.0,4.0,40.0
4333,1,7314,43,,1.0,1,1.0,4.0,8.0
4333,2,7314,38,,1.0,2,1.0,4.0,40.0
4334,1,7303,26,,4.0,2,1.0,4.0,40.0
4334,2,7303,25,,2.0,1,1.0,4.0,35.0
4335,1,7306,69,,7.0,1,1.0,4.0,28.0
4335,2,7306,69,,7.0,2,1.0,4.0,32.0
4335,3,7306,32,,1.0,1,3.0,4.0,40.0
4336,1,7313,33,16.0,4.0,2,1.0,4.0,40.0
4336,2,7313,70,,,1,6.0,4.0,
4336,3,7313,69,,,2,6.0,4.0,
4337,1,7310,32,,1.0,2,1.0,4.0,40.0
4337,2,7310,33,,1.0,1,1.0,4.0,20.0
4338,1,7315,47,,1.0,1,1.0,4.0,65.0
4339,1,7316,73,,,2,6.0,4.0,
4339,2,7316,72,,,1,6.0,4.0,
4340,1,7302,52,,8.0,1,6.0,4.0,
4341,1,7314,54,16.0,6.0,2,6.0,4.0,
4341,2,7314,72,,2.0,1,1.0,4.0,40.0
4341,3,7314,20,15.0,,1,6.0,4.0,
4342,1,7305,70,,7.0,1,1.0,4.0,8.0
4342,2,7305,61,,,2,6.0,4.0,
4342,3,7305,60,,1.0,1,1.0,4.0,35.0
4343,1,7310,34,,3.0,1,1.0,2.0,72.0
4343,2,7310,30,,3.0,1,1.0,4.0,72.0
4344,1,7309,78,,,1,6.0,4.0,
4344,2,7309,76,,,2,6.0,4.0,
4345,1,7315,27,,2.0,2,1.0,4.0,40.0
4346,1,7307,71,,,1,6.0,4.0,
4346,2,7307,73,,6.0,2,1.0,4.0,20.0
4347,1,7318,47,,2.0,2,1.0,4.0,40.0
4347,2,7318,46,,1.0,1,1.0,4.0,40.0
4347,3,7318,22,,1.0,1,1.0,4.0,50.0
4348,1,7314,72,,1.0,1,6.0,2.0,32.0
4348,2,7314,72,,,2,6.0,4.0,
4349,1,7310,32,,1.0,2,1.0,4.0,50.0
4350,1,7301,65,,1.0,2,1.0,4.0,40.0
4351,1,7303,35,,1.0,1,1.0,4.0,40.0
4351,2,7303,30,,1.0,1,1.0,4.0,40.0
4351,3,7303,3,,,1,,,
4351,4,7303,12,8.0,,2,,,
4351,5,7303,10,6.0,,2,,,
4351,6,7303,10,6.0,,2,,,
4352,1,7303,41,,,1,6.0,2.0,
4352,2,7303,40,,4.0,2,1.0,4.0,40.0
4352,3,7303,10,6.0,,2,,,
4352,4,7303,16,13.0,,1,6.0,,
4352,5,7303,47,,1.0,1,1.0,4.0,40.0
4352,6,7303,13,10.0,,2,,,
4352,7,7303,6,3.0,,1,,,
4353,1,7307,18,15.0,5.0,1,1.0,2.0,40.0
4353,2,7307,48,15.0,5.0,1,6.0,4.0,
4353,3,7307,59,,,2,6.0,4.0,
4354,1,7321,75,,,2,6.0,4.0,
4355,1,7310,72,,1.0,2,6.0,4.0,20.0
4356,1,7316,35,,1.0,1,1.0,4.0,40.0
4357,1,7308,63,,1.0,1,1.0,4.0,50.0
4357,2,7308,63,,4.0,2,6.0,4.0,
4358,1,7308,33,15.0,3.0,2,1.0,4.0,40.0
4359,1,7321,48,,1.0,2,1.0,4.0,40.0
4359,2,7321,50,,1.0,1,1.0,4.0,40.0
4359,3,7321,23,,1.0,1,1.0,4.0,40.0
4359,4,7321,20,15.0,9.0,2,3.0,4.0,
4360,1,7318,51,,,2,6.0,4.0,
4360,2,7318,58,,1.0,1,1.0,4.0,40.0
4360,3,7318,29,,1.0,1,6.0,4.0,40.0
4360,4,7318,29,,6.0,1,1.0,4.0,58.0
4361,1,7313,29,,4.0,2,2.0,4.0,40.0
4361,2,7313,29,,5.0,1,1.0,4.0,40.0
4361,3,7313,0,,,1,,,
4362,1,7320,71,,3.0,1,6.0,4.0,
4362,2,7320,67,,1.0,2,1.0,4.0,60.0
4363,1,7310,80,,,2,6.0,4.0,
4364,1,7303,50,,1.0,1,1.0,2.0,65.0
4364,2,7303,39,,1.0,2,6.0,4.0,
4364,3,7303,3,1.0,,2,,,
4365,1,7321,55,,1.0,2,1.0,4.0,30.0
4365,2,7321,20,,1.0,1,1.0,4.0,60.0
4365,3,7321,88,,,2,6.0,4.0,
4366,1,7307,56,,3.0,2,1.0,4.0,60.0
4366,2,7307,35,,,2,6.0,4.0,
4366,3,7307,30,,1.0,1,1.0,4.0,40.0
4366,4,7307,0,,,2,,,
4366,5,7307,63,,2.0,1,1.0,4.0,40.0
4367,1,7308,32,,1.0,1,1.0,4.0,40.0
4367,2,7308,32,,1.0,2,1.0,4.0,30.0
4367,3,7308,0,,,1,,,
4368,1,7307,50,,1.0,1,2.0,2.0,40.0
4368,2,7307,50,,2.0,2,2.0,4.0,40.0
4368,3,7307,24,,5.0,2,4.0,1.0,40.0
4368,4,7307,2,,,2,,,
4369,1,7302,51,,1.0,1,1.0,4.0,50.0
4369,2,7302,50,,1.0,2,1.0,4.0,40.0
4369,3,7302,23,15.0,1.0,1,1.0,4.0,50.0
4370,1,7304,71,,,1,6.0,2.0,
4370,2,7304,69,,,2,6.0,4.0,
4371,1,7321,69,,,1,6.0,4.0,
4371,2,7321,63,,1.0,2,6.0,4.0,
4372,1,7309,33,,1.0,1,1.0,4.0,45.0
4372,2,7309,30,,1.0,2,1.0,4.0,40.0
4373,1,7316,21,15.0,1.0,1,1.0,4.0,45.0
4373,2,7316,24,,1.0,2,1.0,4.0,45.0
4374,1,7321,31,,5.0,1,4.0,1.0,40.0
4374,2,7321,28,,,2,6.0,4.0,
4374,3,7321,8,4.0,,2,,,
4374,4,7321,5,2.0,,2,,,
4375,1,7309,54,,1.0,1,1.0,4.0,40.0
4376,1,7322,69,,1.0,2,6.0,4.0,50.0
4377,1,7316,27,16.0,1.0,2,6.0,4.0,20.0
4378,1,7322,37,,1.0,2,1.0,4.0,25.0
4378,2,7322,37,,1.0,1,1.0,4.0,40.0
4378,3,7322,12,8.0,,1,,,
4378,4,7322,9,6.0,,2,,,
4378,5,7322,5,2.0,,1,,,
4378,6,7322,73,,,2,6.0,4.0,
4379,1,7315,72,,,2,6.0,4.0,
4380,1,7315,84,,,1,6.0,2.0,
4380,2,7315,77,,,2,6.0,4.0,
4381,1,7316,27,,4.0,2,1.0,4.0,40.0
4381,2,7316,26,,4.0,1,1.0,4.0,40.0
4382,1,7314,45,,1.0,2,1.0,4.0,40.0
4382,2,7314,46,,1.0,1,1.0,4.0,40.0
4382,3,7314,14,10.0,,1,,,
4382,4,7314,9,5.0,,2,,,
4383,1,7321,53,,1.0,1,2.0,2.0,40.0
4383,2,7321,35,15.0,1.0,2,6.0,4.0,
4384,1,7316,52,,1.0,2,1.0,4.0,38.0
4384,2,7316,18,14.0,1.0,1,1.0,4.0,26.0
4385,1,7317,80,,,2,6.0,4.0,
4386,1,7313,33,15.0,1.0,1,1.0,2.0,40.0
4386,2,7313,36,,1.0,2,1.0,4.0,40.0
4386,3,7313,12,8.0,,1,,,
4386,4,7313,4,1.0,,1,,,
4386,5,7313,1,,,1,,,
4386,6,7313,14,11.0,,1,,,
4387,1,7304,73,,,2,6.0,4.0,
4388,1,7310,60,,,1,6.0,4.0,
4388,2,7310,62,,,2,6.0,4.0,
4388,3,7310,20,14.0,,1,6.0,4.0,
4389,1,7318,35,,,2,6.0,4.0,
4389,2,7318,55,,1.0,1,1.0,2.0,45.0
4389,3,7318,12,,,1,,,
4389,4,7318,7,4.0,,1,,,
4389,5,7318,66,,,1,6.0,2.0,
4389,6,7318,66,,,2,6.0,4.0,
4390,1,7301,90,,,2,6.0,4.0,
4391,1,7314,41,,6.0,1,1.0,4.0,40.0
4391,2,7314,41,,1.0,2,1.0,4.0,45.0
4392,1,7306,35,,6.0,1,1.0,4.0,45.0
4392,2,7306,30,,1.0,2,6.0,4.0,
4392,3,7306,8,5.0,,2,,,
4392,4,7306,6,3.0,,2,,,
4392,5,7306,0,,,1,,,
4393,1,7306,70,,,2,6.0,4.0,
4393,2,7306,70,,,1,6.0,4.0,
4394,1,7317,34,,1.0,2,1.0,4.0,40.0
4394,2,7317,65,,2.0,2,6.0,4.0,
4394,3,7317,56,,1.0,1,1.0,4.0,50.0
4395,1,7311,65,,4.0,1,1.0,4.0,45.0
4395,2,7311,48,15.0,7.0,2,6.0,4.0,
4395,3,7311,23,15.0,,1,6.0,4.0,
4396,1,7312,25,,1.0,2,1.0,4.0,30.0
4396,2,7312,32,,5.0,1,4.0,1.0,40.0
4397,1,7319,50,,2.0,2,1.0,4.0,40.0
4397,2,7319,16,12.0,9.0,2,3.0,,
4397,3,7319,14,10.0,,1,,,
4398,1,7321,49,,1.0,1,1.0,3.0,40.0
4398,2,7321,66,,1.0,2,1.0,4.0,40.0
4399,1,7313,50,,5.0,2,1.0,2.0,40.0
4399,2,7313,48,,1.0,1,1.0,2.0,45.0
4400,1,7303,56,,,2,6.0,4.0,
4400,2,7303,17,14.0,,1,6.0,4.0,
4400,3,7303,58,,,2,6.0,4.0,
4400,4,7303,51,,,1,6.0,4.0,
4401,1,7316,61,,,1,6.0,4.0,
4402,1,7313,50,,7.0,1,1.0,4.0,33.0
4403,1,7309,33,,3.0,1,1.0,4.0,40.0
4403,2,7309,32,,1.0,2,1.0,4.0,40.0
4403,3,7309,5,2.0,,2,,,
4403,4,7309,2,,,2,,,
4404,1,7314,78,,,1,6.0,4.0,
4404,2,7314,76,,,2,6.0,4.0,
4404,3,7314,52,,3.0,2,1.0,4.0,40.0
4405,1,7304,55,,1.0,2,1.0,4.0,40.0
4405,2,7304,24,15.0,1.0,2,1.0,4.0,20.0
4406,1,7310,94,,,1,6.0,2.0,
4406,2,7310,94,,,2,6.0,4.0,
4407,1,7312,68,,1.0,1,6.0,2.0,
4407,2,7312,67,,1.0,2,1.0,4.0,30.0
4407,3,7312,44,,2.0,2,1.0,4.0,40.0
4408,1,7320,94,,,2,6.0,4.0,
4409,1,7308,36,,1.0,1,1.0,4.0,60.0
4409,2,7308,34,,1.0,2,1.0,4.0,40.0
4409,3,7308,14,11.0,,1,,,
4409,4,7308,9,6.0,,1,,,
4409,5,7308,5,2.0,,1,,,
4410,1,7314,65,,,1,6.0,2.0,
4410,2,7314,26,,1.0,1,1.0,4.0,40.0
4410,3,7314,40,,1.0,2,1.0,4.0,35.0
4411,1,7314,67,,2.0,2,1.0,4.0,50.0
4412,1,7319,42,,4.0,2,1.0,4.0,45.0
4412,2,7319,18,,,1,6.0,4.0,
4412,3,7319,6,3.0,,1,,,
4412,4,7319,5,2.0,,2,,,
4413,1,7319,52,,5.0,1,1.0,2.0,80.0
4413,2,7319,41,,,2,6.0,4.0,
4413,3,7319,14,11.0,,1,,,
4413,4,7319,12,8.0,,1,,,
4414,1,7319,79,,,2,6.0,4.0,
4415,1,7317,70,,3.0,2,6.0,4.0,
4415,2,7317,60,,1.0,2,1.0,4.0,40.0
4416,1,7322,31,,5.0,1,4.0,1.0,12.0
4416,2,7322,32,15.0,1.0,2,6.0,4.0,
4417,1,7308,48,,2.0,1,1.0,2.0,40.0
4417,2,7308,49,,2.0,2,1.0,2.0,32.0
4417,3,7308,16,12.0,,1,6.0,,
4417,4,7308,11,6.0,,1,,,
4418,1,7306,58,,1.0,1,1.0,2.0,35.0
4418,2,7306,56,,1.0,2,1.0,4.0,40.0
4419,1,7314,62,,1.0,1,1.0,2.0,50.0
4420,1,7312,25,,1.0,2,1.0,4.0,40.0
4421,1,7319,58,,1.0,1,1.0,4.0,50.0
4421,2,7319,46,,1.0,2,6.0,4.0,
4421,3,7319,12,8.0,,2,,,
4422,1,7314,77,,1.0,1,6.0,2.0,
4422,2,7314,66,,,2,6.0,4.0,
4423,1,7314,38,,1.0,1,1.0,4.0,45.0
4423,2,7314,31,,1.0,2,1.0,4.0,25.0
4423,3,7314,6,2.0,,2,,,
4423,4,7314,4,,,1,,,
4423,5,7314,2,,,1,,,
4424,1,7315,50,,3.0,1,1.0,4.0,40.0
4424,2,7315,23,,,2,6.0,4.0,
4424,3,7315,3,,,1,,,
4425,1,7313,52,,1.0,2,1.0,4.0,40.0
4425,2,7313,13,10.0,,2,,,
4426,1,7304,69,,6.0,2,1.0,4.0,15.0
4426,2,7304,32,,1.0,2,3.0,4.0,20.0
4427,1,7316,21,15.0,1.0,2,1.0,4.0,25.0
4427,2,7316,23,15.0,1.0,2,1.0,4.0,30.0
4427,3,7316,22,15.0,1.0,2,1.0,4.0,25.0
4427,4,7316,21,15.0,1.0,2,1.0,4.0,20.0
4428,1,7308,32,,1.0,1,1.0,4.0,40.0
4429,1,7318,52,,1.0,1,1.0,2.0,50.0
4429,2,7318,66,,7.0,2,6.0,4.0,16.0
4430,1,7310,72,,,2,6.0,4.0,
4430,2,7310,74,,,1,6.0,4.0,
4431,1,7302,49,,1.0,1,1.0,4.0,40.0
4431,2,7302,47,,1.0,2,1.0,4.0,40.0
4431,3,7302,23,15.0,1.0,1,1.0,4.0,30.0
4431,4,7302,14,10.0,,1,,,
4432,1,7314,37,,2.0,2,1.0,4.0,40.0
4433,1,7318,42,,3.0,1,1.0,4.0,70.0
4433,2,7318,40,,1.0,2,1.0,4.0,36.0
4433,3,7318,13,10.0,,1,,,
4433,4,7318,11,9.0,,2,,,
4433,5,7318,7,4.0,,1,,,
4433,6,7318,5,2.0,,1,,,
4433,7,7318,2,,,2,,,
4433,8,7318,14,11.0,,1,,,
4434,1,7304,76,,,2,6.0,4.0,
4434,2,7304,66,,,1,6.0,4.0,
4435,1,7310,90,,,2,6.0,4.0,
4436,1,7305,86,,,2,6.0,4.0,
4437,1,7310,43,,6.0,1,1.0,4.0,40.0
4437,2,7310,35,16.0,1.0,2,1.0,4.0,40.0
4438,1,7302,46,,6.0,2,1.0,4.0,20.0
4438,2,7302,15,13.0,,2,,,
4439,1,7322,55,,1.0,2,1.0,4.0,25.0
4439,2,7322,31,,1.0,1,1.0,4.0,25.0
4440,1,7306,54,,1.0,1,1.0,4.0,50.0
4440,2,7306,65,,,1,6.0,4.0,
4441,1,7321,52,,1.0,1,3.0,4.0,42.0
4441,2,7321,31,,,2,6.0,4.0,
4441,3,7321,4,,,2,,,
4441,4,7321,3,,,2,,,
4442,1,7309,72,,,2,6.0,4.0,
4443,1,7321,78,,,2,6.0,4.0,
4444,1,7320,60,,5.0,1,1.0,2.0,40.0
4444,2,7320,57,,1.0,2,1.0,4.0,50.0
4444,3,7320,31,,1.0,1,1.0,4.0,30.0
4445,1,7319,39,,4.0,2,1.0,4.0,99.0
4445,2,7319,48,,1.0,2,6.0,4.0,
4445,3,7319,19,,1.0,2,3.0,4.0,15.0
4445,4,7319,16,12.0,,1,6.0,,
4446,1,7304,45,,6.0,1,1.0,4.0,75.0
4446,2,7304,46,,1.0,2,1.0,4.0,18.0
4447,1,7310,80,,,1,6.0,3.0,
4447,2,7310,72,,,2,6.0,4.0,
4448,1,7317,67,,,1,6.0,4.0,
4448,2,7317,17,13.0,,1,6.0,4.0,
4449,1,7320,56,,1.0,2,6.0,4.0,
4449,2,7320,54,,1.0,1,1.0,4.0,50.0
4450,1,7306,88,,,1,6.0,2.0,
4450,2,7306,85,,,2,6.0,4.0,
4451,1,7302,72,,,2,6.0,4.0,
4451,2,7302,71,,1.0,1,6.0,3.0,
4452,1,7308,50,,1.0,1,1.0,4.0,45.0
4452,2,7308,49,,1.0,2,1.0,4.0,42.0
4452,3,7308,21,15.0,1.0,2,3.0,4.0,25.0
4452,4,7308,16,13.0,1.0,1,6.0,,10.0
4453,1,7320,66,,,2,6.0,4.0,
4453,2,7320,43,,1.0,1,1.0,4.0,40.0
4453,3,7320,40,,1.0,2,3.0,4.0,40.0
4453,4,7320,7,3.0,,1,,,
4453,5,7320,4,,,1,,,
4454,1,7305,19,15.0,1.0,2,1.0,4.0,15.0
4454,2,7305,19,15.0,1.0,1,1.0,4.0,35.0
4454,3,7305,19,15.0,1.0,2,1.0,4.0,30.0
4454,4,7305,19,15.0,4.0,2,1.0,4.0,6.0
4454,5,7305,19,15.0,1.0,2,1.0,4.0,23.0
4455,1,7314,59,,1.0,2,1.0,4.0,50.0
4455,2,7314,58,,3.0,1,1.0,4.0,56.0
4455,3,7314,27,15.0,1.0,1,1.0,4.0,50.0
4456,1,7311,63,,1.0,2,1.0,2.0,45.0
4457,1,7318,83,,,2,6.0,4.0,
4457,2,7318,51,,1.0,2,1.0,4.0,40.0
4457,3,7318,32,,1.0,2,1.0,4.0,25.0
4457,4,7318,13,10.0,,1,,,
4458,1,7313,34,,6.0,1,1.0,4.0,40.0
4458,2,7313,25,,1.0,2,6.0,4.0,40.0
4458,3,7313,6,2.0,,2,,,
4459,1,7316,36,,1.0,2,1.0,4.0,40.0
4460,1,7305,68,,,2,6.0,4.0,
4461,1,7312,33,,1.0,2,1.0,4.0,20.0
4461,2,7312,35,,1.0,1,1.0,4.0,50.0
4461,3,7312,2,,,2,,,
4461,4,7312,0,,,1,,,
4462,1,7304,74,,,2,6.0,4.0,
4462,2,7304,74,,,1,6.0,2.0,
4463,1,7309,48,,1.0,1,1.0,4.0,40.0
4463,2,7309,50,,1.0,2,1.0,4.0,24.0
4463,3,7309,23,,1.0,2,3.0,4.0,
4463,4,7309,18,15.0,,2,6.0,4.0,
4463,5,7309,16,13.0,,2,6.0,,
4463,6,7309,13,9.0,,1,,,
4464,1,7305,63,,1.0,1,6.0,4.0,40.0
4464,2,7305,58,,3.0,2,1.0,4.0,30.0
4464,3,7305,27,,1.0,1,6.0,4.0,40.0
4465,1,7316,83,,,2,6.0,4.0,
4465,2,7316,51,,6.0,1,1.0,4.0,36.0
4466,1,7302,79,,,1,6.0,4.0,
4466,2,7302,70,,,2,6.0,4.0,
4467,1,7302,31,,1.0,2,1.0,4.0,24.0
4467,2,7302,26,,4.0,1,1.0,4.0,72.0
4467,3,7302,0,,,1,,,
4468,1,7316,25,,1.0,2,1.0,4.0,40.0
4468,2,7316,3,,,2,,,
4468,3,7316,22,15.0,1.0,2,3.0,4.0,
4469,1,7308,60,,6.0,1,1.0,4.0,40.0
4469,2,7308,58,,,2,6.0,4.0,
4469,3,7308,18,14.0,2.0,2,3.0,4.0,20.0
4470,1,7320,60,,1.0,2,1.0,4.0,40.0
4471,1,7309,69,,,1,6.0,4.0,
4471,2,7309,65,,2.0,2,1.0,4.0,40.0
4472,1,7304,55,,2.0,2,1.0,4.0,50.0
4473,1,7304,76,,,1,6.0,2.0,
4474,1,7320,57,,1.0,1,6.0,4.0,
4474,2,7320,52,,3.0,2,1.0,4.0,17.0
4474,3,7320,64,,6.0,2,6.0,4.0,
4474,4,7320,64,,1.0,2,6.0,4.0,
4474,5,7320,64,,1.0,2,6.0,4.0,
4475,1,7318,42,,1.0,1,1.0,4.0,40.0
4475,2,7318,47,,1.0,2,1.0,4.0,40.0
4475,3,7318,9,6.0,,1,,,
4475,4,7318,25,,1.0,1,1.0,4.0,40.0
4475,5,7318,22,15.0,1.0,1,1.0,4.0,40.0
4476,1,7321,51,,3.0,1,1.0,2.0,40.0
4476,2,7321,51,,1.0,2,1.0,4.0,40.0
4476,3,7321,19,15.0,,1,6.0,4.0,
4476,4,7321,17,14.0,1.0,1,1.0,4.0,30.0
4476,5,7321,13,10.0,,2,,,
4477,1,7308,44,,1.0,1,1.0,4.0,40.0
4477,2,7308,42,,3.0,2,6.0,4.0,
4477,3,7308,16,12.0,1.0,2,6.0,,30.0
4477,4,7308,13,10.0,,1,,,
4478,1,7321,94,,,2,6.0,4.0,
4478,2,7321,32,,1.0,2,1.0,4.0,40.0
4478,3,7321,12,8.0,,2,,,
4478,4,7321,9,5.0,,1,,,
4478,5,7321,6,2.0,,1,,,
4479,1,7309,66,,1.0,1,6.0,4.0,
4479,2,7309,63,,2.0,2,6.0,4.0,
4479,3,7309,29,,1.0,1,1.0,4.0,40.0
4479,4,7309,26,,1.0,1,1.0,4.0,30.0
4480,1,7312,66,,7.0,2,1.0,4.0,40.0
4480,2,7312,61,,7.0,1,1.0,2.0,50.0
4481,1,7305,74,,,2,6.0,4.0,
4481,2,7305,74,,,1,6.0,2.0,
4482,1,7302,58,,3.0,1,1.0,4.0,40.0
4482,2,7302,20,15.0,1.0,1,3.0,4.0,15.0
4482,3,7302,18,15.0,2.0,2,3.0,4.0,
4483,1,7320,67,,,1,6.0,4.0,
4483,2,7320,60,,3.0,2,1.0,4.0,40.0
4484,1,7304,36,,1.0,1,3.0,4.0,
4485,1,7301,37,,1.0,1,1.0,4.0,40.0
4485,2,7301,32,16.0,3.0,2,2.0,4.0,8.0
4486,1,7308,45,,1.0,1,1.0,4.0,36.0
4486,2,7308,52,,,2,6.0,4.0,
4486,3,7308,19,15.0,,2,6.0,4.0,
4486,4,7308,17,13.0,,1,6.0,4.0,
4486,5,7308,14,11.0,,2,,,
4487,1,7317,45,15.0,2.0,2,1.0,4.0,40.0
4487,2,7317,15,11.0,,1,,,
4488,1,7317,39,,,2,6.0,4.0,
4488,2,7317,46,,1.0,1,1.0,4.0,40.0
4488,3,7317,23,,,2,6.0,4.0,
4488,4,7317,18,13.0,,2,6.0,4.0,
4488,5,7317,0,,,2,,,
4489,1,7320,53,,1.0,1,1.0,4.0,40.0
4489,2,7320,53,,1.0,2,1.0,4.0,40.0
4489,3,7320,23,15.0,1.0,1,1.0,4.0,30.0
4489,4,7320,21,15.0,1.0,2,1.0,4.0,25.0
4490,1,7308,73,,1.0,2,1.0,4.0,40.0
4490,2,7308,77,,1.0,1,6.0,4.0,
4490,3,7308,47,,6.0,1,6.0,4.0,8.0
4491,1,7315,37,,1.0,2,1.0,4.0,24.0
4491,2,7315,39,,5.0,1,1.0,4.0,40.0
4491,3,7315,6,3.0,,2,,,
4491,4,7315,5,2.0,,1,,,
4492,1,7301,37,,1.0,1,1.0,4.0,40.0
4492,2,7301,34,,1.0,2,1.0,4.0,40.0
4492,3,7301,1,,,1,,,
4493,1,7322,57,,1.0,1,3.0,4.0,40.0
4493,2,7322,58,,,2,6.0,4.0,
4494,1,7316,71,,1.0,1,1.0,4.0,30.0
4494,2,7316,64,,1.0,2,6.0,4.0,
4494,3,7316,28,,1.0,1,1.0,4.0,40.0
4495,1,7310,65,,7.0,2,6.0,4.0,5.0
4495,2,7310,58,,1.0,2,6.0,4.0,
4496,1,7302,51,,1.0,2,1.0,4.0,40.0
4497,1,7312,62,,,1,6.0,4.0,
4497,2,7312,60,,,2,6.0,4.0,
4498,1,7310,79,,,2,6.0,4.0,
4499,1,7301,62,,1.0,1,1.0,4.0,50.0
4499,2,7301,61,,,2,6.0,4.0,
4500,1,7305,61,,1.0,2,1.0,4.0,35.0
4500,2,7305,62,,6.0,1,1.0,4.0,15.0
4501,1,7314,52,,1.0,2,1.0,4.0,45.0
4501,2,7314,53,,6.0,1,6.0,4.0,
4502,1,7318,76,,,1,6.0,2.0,
4503,1,7315,33,,3.0,1,1.0,2.0,50.0
4503,2,7315,31,,1.0,2,1.0,4.0,36.0
4504,1,7322,81,,,1,6.0,3.0,
4505,1,7310,22,,5.0,1,4.0,1.0,40.0
4506,1,7302,60,,,1,6.0,4.0,
4507,1,7315,94,,,2,6.0,4.0,
4508,1,7310,42,,1.0,2,1.0,4.0,40.0
4508,2,7310,37,,1.0,1,1.0,4.0,36.0
4509,1,7313,76,,,1,6.0,2.0,
4509,2,7313,64,,,2,6.0,4.0,
4510,1,7318,29,,1.0,2,6.0,4.0,
4510,2,7318,26,,5.0,1,4.0,1.0,40.0
4510,3,7318,8,5.0,,1,,,
4510,4,7318,7,4.0,,2,,,
4510,5,7318,4,,,1,,,
4510,6,7318,2,,,2,,,
4511,1,7322,69,,6.0,1,6.0,4.0,
4511,2,7322,87,,,2,6.0,4.0,
4512,1,7302,77,,,2,6.0,4.0,
4513,1,7307,71,,1.0,2,1.0,4.0,14.0
4513,2,7307,42,15.0,1.0,1,6.0,4.0,
4514,1,7321,38,,1.0,2,1.0,4.0,32.0
4514,2,7321,16,13.0,,1,6.0,,
4514,3,7321,11,8.0,,1,,,
4514,4,7321,8,7.0,,2,,,
4515,1,7312,32,,3.0,2,6.0,4.0,
4515,2,7312,8,5.0,,1,,,
4515,3,7312,2,,,2,,,
4516,1,7318,72,,,1,6.0,4.0,
4516,2,7318,69,,,2,6.0,4.0,
4516,3,7318,50,,6.0,1,1.0,4.0,50.0
4516,4,7318,48,,2.0,1,1.0,4.0,40.0
4516,5,7318,49,,2.0,2,1.0,4.0,35.0
4517,1,7305,46,,3.0,2,1.0,4.0,40.0
4517,2,7305,11,8.0,,1,,,
4518,1,7308,28,,1.0,1,1.0,2.0,40.0
4519,1,7316,70,,1.0,2,1.0,4.0,28.0
4520,1,7303,82,,,1,6.0,2.0,
4520,2,7303,88,,,2,6.0,4.0,
4521,1,7321,53,,1.0,1,1.0,2.0,40.0
4521,2,7321,48,,3.0,2,1.0,4.0,32.0
4521,3,7321,71,,,2,6.0,4.0,
4521,4,7321,13,10.0,,1,,,
4522,1,7309,46,,1.0,2,1.0,4.0,50.0
4522,2,7309,48,,1.0,1,1.0,4.0,40.0
4522,3,7309,17,14.0,2.0,2,1.0,4.0,5.0
4522,4,7309,13,9.0,,1,,,
4522,5,7309,80,,,2,6.0,4.0,
4523,1,7301,63,,1.0,2,6.0,4.0,
4524,1,7319,30,,,2,6.0,4.0,
4524,2,7319,7,3.0,,1,,,
4524,3,7319,32,,1.0,1,1.0,4.0,25.0
4525,1,7319,74,,,2,6.0,4.0,
4526,1,7314,33,,1.0,2,1.0,2.0,40.0
4527,1,7318,48,,5.0,2,1.0,4.0,20.0
4527,2,7318,47,,1.0,1,1.0,4.0,40.0
4527,3,7318,16,13.0,,2,6.0,,
4528,1,7307,49,,7.0,2,1.0,4.0,30.0
4528,2,7307,51,,7.0,1,1.0,4.0,60.0
4528,3,7307,15,13.0,,1,,,
4528,4,7307,12,10.0,,2,,,
4529,1,7314,41,,1.0,1,1.0,4.0,40.0
4529,2,7314,40,,2.0,2,1.0,4.0,44.0
4529,3,7314,6,2.0,,1,,,
4529,4,7314,3,1.0,,1,,,
4530,1,7308,49,,1.0,1,1.0,2.0,40.0
4530,2,7308,15,12.0,,2,,,
4531,1,7313,64,,1.0,1,1.0,4.0,20.0
4531,2,7313,60,,7.0,2,1.0,4.0,20.0
4532,1,7307,54,,1.0,1,1.0,4.0,41.0
4533,1,7319,75,,,2,6.0,4.0,
4534,1,7322,50,,1.0,1,1.0,4.0,36.0
4534,2,7322,59,,6.0,1,3.0,4.0,
4535,1,7317,39,,1.0,1,1.0,4.0,35.0
4535,2,7317,39,,6.0,2,1.0,4.0,30.0
4535,3,7317,2,,,1,,,
4535,4,7317,7,4.0,,2,,,
4535,5,7317,40,,1.0,1,1.0,4.0,60.0
4535,6,7317,35,,3.0,2,1.0,4.0,35.0
4536,1,7316,28,,1.0,1,1.0,4.0,40.0
4537,1,7310,72,,6.0,1,1.0,2.0,40.0
4538,1,7305,74,,,2,6.0,4.0,
4538,2,7305,76,,,1,6.0,4.0,
4539,1,7314,41,,1.0,2,1.0,4.0,45.0
4539,2,7314,42,,7.0,1,1.0,4.0,35.0
4539,3,7314,9,5.0,,1,,,
4539,4,7314,6,2.0,,2,,,
4540,1,7322,27,,1.0,2,1.0,4.0,40.0
4540,2,7322,26,16.0,1.0,1,1.0,4.0,40.0
4540,3,7322,2,,,1,,,
4541,1,7310,41,,5.0,1,4.0,1.0,10.0
4541,2,7310,34,15.0,,2,6.0,4.0,
4541,3,7310,7,3.0,,2,,,
4541,4,7310,5,2.0,,2,,,
4542,1,7312,18,,1.0,1,1.0,4.0,40.0
4542,2,7312,15,11.0,,1,,,
4542,3,7312,45,,6.0,1,1.0,4.0,40.0
4542,4,7312,32,,1.0,1,1.0,4.0,40.0
4542,5,7312,25,,1.0,1,1.0,4.0,40.0
4542,6,7312,12,8.0,,1,,,
4543,1,7318,82,,,1,6.0,2.0,
4543,2,7318,80,,,2,6.0,4.0,
4543,3,7318,54,,1.0,1,1.0,4.0,40.0
4543,4,7318,18,14.0,,1,6.0,4.0,
4543,5,7318,16,13.0,,1,6.0,,
4543,6,7318,53,,7.0,2,3.0,4.0,40.0
4544,1,7319,52,,6.0,1,1.0,4.0,28.0
4544,2,7319,16,13.0,,1,6.0,,
4545,1,7301,53,,1.0,1,1.0,2.0,45.0
4545,2,7301,59,,1.0,2,1.0,4.0,43.0
4546,1,7314,54,,3.0,2,1.0,4.0,50.0
4546,2,7314,51,,1.0,1,1.0,4.0,40.0
4546,3,7314,19,15.0,1.0,1,1.0,4.0,20.0
4546,4,7314,18,15.0,1.0,2,1.0,4.0,10.0
4547,1,7301,94,,,1,6.0,2.0,
4547,2,7301,83,,,2,6.0,4.0,
4548,1,7312,59,,,2,6.0,4.0,
4549,1,7303,47,,1.0,1,1.0,4.0,40.0
4549,2,7303,42,,1.0,2,1.0,4.0,10.0
4549,3,7303,21,15.0,1.0,1,6.0,4.0,40.0
4549,4,7303,19,15.0,1.0,2,6.0,4.0,
4549,5,7303,16,13.0,,1,6.0,,
4549,6,7303,14,10.0,,1,,,
4550,1,7301,48,,3.0,1,1.0,4.0,26.0
4550,2,7301,62,,5.0,2,1.0,4.0,40.0
4550,3,7301,53,,5.0,1,1.0,2.0,30.0
4551,1,7315,45,,1.0,1,1.0,4.0,40.0
4551,2,7315,35,,1.0,2,1.0,4.0,40.0
4551,3,7315,12,8.0,,2,,,
4551,4,7315,2,,,1,,,
4551,5,7315,47,,,2,6.0,4.0,
4551,6,7315,12,9.0,,1,,,
4552,1,7321,94,,,2,6.0,4.0,
4552,2,7321,65,,,2,6.0,4.0,
4553,1,7309,59,,1.0,2,1.0,4.0,20.0
4554,1,7307,26,,1.0,1,1.0,4.0,40.0
4554,2,7307,22,,1.0,2,1.0,4.0,40.0
4554,3,7307,9,5.0,,1,,,
4554,4,7307,4,1.0,,2,,,
4554,5,7307,1,,,2,,,
4554,6,7307,24,,1.0,1,1.0,4.0,40.0
4554,7,7307,45,,1.0,1,1.0,4.0,40.0
4555,1,7309,62,,1.0,2,1.0,4.0,45.0
4556,1,7304,77,,,2,6.0,4.0,
4557,1,7311,41,,1.0,1,1.0,4.0,40.0
4557,2,7311,35,,,2,6.0,4.0,
4557,3,7311,4,1.0,,2,,,
4558,1,7303,64,,1.0,1,1.0,4.0,45.0
4559,1,7319,64,,3.0,1,1.0,4.0,41.0
4560,1,7304,70,,,2,6.0,4.0,
4560,2,7304,70,,,1,6.0,2.0,
4561,1,7315,79,,1.0,2,1.0,2.0,15.0
4562,1,7306,71,,,1,6.0,2.0,
4562,2,7306,72,,,2,6.0,4.0,
4563,1,7314,29,,3.0,2,1.0,4.0,40.0
4563,2,7314,30,16.0,1.0,1,1.0,4.0,30.0
4563,3,7314,3,1.0,,2,,,
4564,1,7310,32,,1.0,1,1.0,4.0,55.0
4564,2,7310,33,,1.0,1,1.0,4.0,35.0
4565,1,7309,34,,1.0,1,6.0,4.0,
4565,2,7309,31,,1.0,2,6.0,4.0,40.0
4566,1,7310,94,,2.0,2,6.0,4.0,
4567,1,7310,27,,1.0,1,1.0,4.0,40.0
4568,1,7315,28,,1.0,1,1.0,4.0,55.0
4568,2,7315,32,,1.0,2,1.0,4.0,60.0
4568,3,7315,0,,,1,,,
4569,1,7311,59,,1.0,1,1.0,4.0,40.0
4569,2,7311,51,,3.0,2,1.0,4.0,30.0
4569,3,7311,16,14.0,,2,6.0,,
4570,1,7322,49,,1.0,2,1.0,4.0,40.0
4571,1,7306,46,,1.0,2,1.0,4.0,70.0
4571,2,7306,25,15.0,6.0,1,1.0,4.0,32.0
4571,3,7306,20,,1.0,2,1.0,4.0,40.0
4571,4,7306,70,,4.0,2,6.0,4.0,
4572,1,7311,55,,1.0,1,1.0,4.0,45.0
4572,2,7311,50,,1.0,2,1.0,4.0,40.0
4573,1,7301,30,,1.0,2,1.0,4.0,32.0
4573,2,7301,29,15.0,5.0,1,4.0,1.0,50.0
4573,3,7301,1,,,1,,,
4574,1,7311,71,,,2,6.0,4.0,
4574,2,7311,74,,,1,6.0,2.0,
4575,1,7316,44,,1.0,1,1.0,2.0,50.0
4575,2,7316,45,,1.0,2,1.0,4.0,50.0
4575,3,7316,13,10.0,,2,,,
4575,4,7316,9,6.0,,2,,,
4575,5,7316,6,2.0,,2,,,
4576,1,7306,50,,1.0,1,1.0,4.0,40.0
4576,2,7306,52,,,2,6.0,4.0,
4577,1,7311,73,,,1,6.0,2.0,
4577,2,7311,66,,,2,6.0,4.0,
4578,1,7303,28,,1.0,2,1.0,4.0,40.0
4578,2,7303,28,,1.0,1,1.0,4.0,40.0
4578,3,7303,1,,,1,,,
4579,1,7309,56,,6.0,2,1.0,4.0,5.0
4579,2,7309,55,,6.0,1,1.0,4.0,24.0
4580,1,7302,49,,,1,6.0,4.0,
4581,1,7315,88,,,1,6.0,2.0,
4581,2,7315,86,,,2,6.0,4.0,
4582,1,7310,72,,,2,6.0,4.0,
4583,1,7314,77,,2.0,2,1.0,4.0,20.0
4584,1,7303,31,,1.0,2,1.0,4.0,42.0
4585,1,7310,71,,,2,6.0,4.0,
4586,1,7322,75,,1.0,1,1.0,2.0,40.0
4587,1,7301,69,,1.0,2,1.0,4.0,30.0
4588,1,7311,76,,1.0,1,1.0,2.0,40.0
4589,1,7309,35,,1.0,1,1.0,4.0,45.0
4589,2,7309,34,,,2,6.0,4.0,
4589,3,7309,8,5.0,,1,,,
4589,4,7309,6,3.0,,1,,,
4589,5,7309,5,2.0,,2,,,
4589,6,7309,3,,,2,,,
4590,1,7317,54,,6.0,1,1.0,4.0,48.0
4590,2,7317,40,,1.0,2,1.0,4.0,30.0
4590,3,7317,13,9.0,,1,,,
4590,4,7317,10,7.0,,2,,,
4591,1,7316,72,,,1,6.0,4.0,
4591,2,7316,76,,,2,6.0,4.0,
4592,1,7307,67,,,1,6.0,2.0,
4593,1,7302,77,,,2,6.0,4.0,
4593,2,7302,79,,,2,6.0,4.0,
4594,1,7313,56,,2.0,1,1.0,4.0,45.0
4594,2,7313,62,,4.0,2,1.0,4.0,27.0
4594,3,7313,23,15.0,1.0,2,1.0,4.0,40.0
4594,4,7313,21,15.0,2.0,1,1.0,4.0,30.0
4594,5,7313,37,,4.0,2,1.0,4.0,40.0
4594,6,7313,33,,5.0,2,1.0,4.0,40.0
4594,7,7313,2,,,1,,,
4595,1,7322,28,,1.0,1,1.0,4.0,50.0
4595,2,7322,45,,,2,6.0,4.0,
4595,3,7322,9,,,1,,,
4595,4,7322,24,15.0,1.0,2,6.0,4.0,
4596,1,7309,61,,1.0,1,1.0,4.0,38.0
4596,2,7309,68,,6.0,2,1.0,4.0,4.0
4597,1,7306,59,,1.0,2,1.0,4.0,40.0
4597,2,7306,62,,1.0,1,1.0,4.0,40.0
4597,3,7306,18,14.0,,1,6.0,4.0,
4598,1,7306,58,,,2,6.0,4.0,
4598,2,7306,57,,1.0,1,1.0,4.0,50.0
4598,3,7306,26,,1.0,2,1.0,4.0,40.0
4599,1,7303,57,,3.0,2,1.0,4.0,44.0
4599,2,7303,16,13.0,,2,6.0,,
4600,1,7310,38,,1.0,2,1.0,4.0,45.0
4601,1,7313,54,,4.0,1,1.0,4.0,40.0
4601,2,7313,52,,1.0,1,1.0,4.0,60.0
4602,1,7312,31,16.0,1.0,1,1.0,4.0,40.0
4602,2,7312,26,,1.0,2,1.0,4.0,40.0
4603,1,7312,21,15.0,1.0,2,1.0,4.0,20.0
4603,2,7312,21,15.0,1.0,1,1.0,4.0,15.0
4604,1,7314,37,,1.0,1,1.0,4.0,40.0
4604,2,7314,34,,2.0,2,1.0,4.0,20.0
4604,3,7314,4,1.0,,2,,,
4605,1,7318,37,,1.0,1,1.0,4.0,40.0
4605,2,7318,28,,1.0,2,1.0,4.0,40.0
4605,3,7318,9,5.0,,2,,,
4605,4,7318,25,,1.0,2,1.0,4.0,40.0
4606,1,7315,26,,1.0,2,1.0,4.0,50.0
4606,2,7315,26,,5.0,1,4.0,1.0,60.0
4607,1,7309,71,,,2,6.0,4.0,
4608,1,7303,55,,7.0,2,1.0,4.0,40.0
4608,2,7303,69,,7.0,1,1.0,4.0,40.0
4609,1,7310,57,,1.0,2,1.0,4.0,40.0
4610,1,7306,80,,,2,6.0,4.0,
4610,2,7306,82,,,1,6.0,2.0,
4610,3,7306,22,15.0,4.0,1,6.0,4.0,30.0
4611,1,7302,68,,6.0,2,1.0,4.0,40.0
4612,1,7310,36,,1.0,2,1.0,4.0,37.0
4612,2,7310,39,,1.0,1,1.0,4.0,40.0
4612,3,7310,37,15.0,2.0,2,1.0,4.0,40.0
4613,1,7314,39,,1.0,1,1.0,2.0,40.0
4613,2,7314,29,,1.0,2,1.0,4.0,40.0
4614,1,7317,68,,,1,6.0,4.0,
4615,1,7308,77,,,1,6.0,2.0,
4615,2,7308,78,,,2,6.0,4.0,
4616,1,7322,38,,1.0,1,1.0,4.0,40.0
4616,2,7322,32,,,2,6.0,4.0,
4617,1,7309,40,,1.0,2,3.0,4.0,2.0
4618,1,7317,67,,6.0,2,1.0,4.0,30.0
4618,2,7317,22,15.0,1.0,2,1.0,4.0,20.0
4618,3,7317,19,15.0,1.0,2,1.0,4.0,15.0
4618,4,7317,27,16.0,1.0,2,1.0,4.0,40.0
4619,1,7313,49,,3.0,1,1.0,4.0,40.0
4619,2,7313,47,,3.0,2,1.0,4.0,30.0
4619,3,7313,17,13.0,,1,6.0,4.0,
4620,1,7320,57,,1.0,2,1.0,4.0,36.0
4621,1,7306,50,,3.0,2,3.0,4.0,40.0
4621,2,7306,60,,5.0,1,6.0,2.0,
4622,1,7308,53,,3.0,2,1.0,4.0,40.0
4622,2,7308,51,,1.0,1,1.0,4.0,60.0
4622,3,7308,16,14.0,,1,6.0,,
4623,1,7308,22,,1.0,1,6.0,4.0,
4623,2,7308,27,,1.0,1,1.0,4.0,30.0
4623,3,7308,62,,1.0,1,1.0,4.0,40.0
4624,1,7304,56,,1.0,2,1.0,4.0,50.0
4625,1,7317,31,,1.0,1,1.0,2.0,30.0
4625,2,7317,31,,1.0,2,1.0,4.0,40.0
4626,1,7313,50,,,2,6.0,4.0,
4626,2,7313,56,,1.0,1,1.0,4.0,50.0
4626,3,7313,19,,1.0,1,1.0,4.0,40.0
4627,1,7312,53,,5.0,2,1.0,2.0,40.0
4627,2,7312,23,,1.0,2,6.0,4.0,4.0
4627,3,7312,14,12.0,,2,,,
4628,1,7313,67,,,2,6.0,4.0,
4628,2,7313,67,,3.0,1,1.0,2.0,40.0
4629,1,7320,53,,7.0,1,1.0,4.0,48.0
4629,2,7320,52,,1.0,2,1.0,4.0,40.0
4629,3,7320,28,,1.0,1,1.0,4.0,50.0
4629,4,7320,24,,1.0,1,1.0,4.0,45.0
4629,5,7320,5,2.0,,1,,,
4629,6,7320,3,,,2,,,
4629,7,7320,29,,,2,6.0,4.0,
4629,8,7320,23,,,2,6.0,4.0,
4630,1,7321,67,,6.0,1,6.0,4.0,20.0
4630,2,7321,65,,1.0,2,6.0,4.0,
4630,3,7321,68,,2.0,1,6.0,4.0,
4630,4,7321,67,,,2,6.0,2.0,
4631,1,7312,36,,4.0,2,1.0,4.0,40.0
4631,2,7312,40,,4.0,1,1.0,2.0,50.0
4631,3,7312,3,1.0,,2,,,
4631,4,7312,0,,,1,,,
4632,1,7305,76,,,2,6.0,4.0,
4633,1,7315,46,,1.0,2,1.0,4.0,30.0
4633,2,7315,47,,1.0,1,1.0,4.0,50.0
4633,3,7315,12,9.0,,1,,,
4633,4,7315,8,5.0,,1,,,
4634,1,7314,36,,1.0,1,1.0,4.0,40.0
4634,2,7314,36,,1.0,2,1.0,4.0,30.0
4634,3,7314,3,1.0,,1,,,
4634,4,7314,0,,,2,,,
4635,1,7322,36,,2.0,1,1.0,4.0,35.0
4635,2,7322,18,13.0,1.0,2,1.0,4.0,28.0
4635,3,7322,15,12.0,,1,,,
4635,4,7322,5,1.0,,1,,,
4636,1,7304,33,,2.0,1,1.0,4.0,30.0
4636,2,7304,30,,2.0,2,1.0,4.0,60.0
4637,1,7301,23,,5.0,1,4.0,1.0,50.0
4637,2,7301,20,,1.0,2,1.0,4.0,8.0
4638,1,7309,85,,,1,6.0,4.0,
4639,1,7314,41,,,2,6.0,4.0,
4639,2,7314,37,,1.0,1,1.0,4.0,50.0
4639,3,7314,22,16.0,,1,6.0,4.0,
4639,4,7314,14,10.0,,1,,,
4639,5,7314,10,6.0,,1,,,
4640,1,7315,55,,3.0,1,1.0,4.0,40.0
4640,2,7315,23,,1.0,1,1.0,4.0,25.0
4640,3,7315,21,,1.0,1,3.0,4.0,1.0
4640,4,7315,18,14.0,9.0,1,3.0,4.0,
4641,1,7317,57,,1.0,1,1.0,4.0,40.0
4641,2,7317,42,,1.0,1,1.0,4.0,40.0
4642,1,7317,45,,1.0,2,1.0,4.0,48.0
4642,2,7317,22,15.0,1.0,1,1.0,4.0,20.0
4642,3,7317,16,13.0,,2,6.0,,
4642,4,7317,13,10.0,,2,,,
4643,1,7319,40,,5.0,2,4.0,1.0,5.0
4643,2,7319,11,8.0,,1,,,
4644,1,7316,60,,1.0,1,1.0,4.0,40.0
4644,2,7316,61,,1.0,2,1.0,4.0,40.0
4645,1,7319,55,,1.0,2,1.0,4.0,40.0
4645,2,7319,66,,1.0,1,6.0,4.0,
4645,3,7319,22,,1.0,2,1.0,4.0,16.0
4646,1,7301,65,14.0,,2,6.0,4.0,
4646,2,7301,63,,1.0,1,6.0,4.0,20.0
4647,1,7301,68,,5.0,1,6.0,2.0,
4648,1,7322,68,,,1,6.0,4.0,
4648,2,7322,73,,,2,6.0,4.0,
4649,1,7314,85,,,2,6.0,4.0,
4649,2,7314,28,,1.0,1,1.0,4.0,20.0
4650,1,7308,61,,1.0,1,1.0,4.0,40.0
4650,2,7308,60,,6.0,2,6.0,4.0,
4651,1,7312,63,,6.0,1,1.0,4.0,40.0
4651,2,7312,53,,6.0,2,1.0,4.0,44.0
4651,3,7312,13,10.0,,1,,,
4652,1,7309,66,,,1,6.0,4.0,
4653,1,7313,25,,1.0,2,6.0,4.0,
4653,2,7313,32,,1.0,1,1.0,4.0,25.0
4653,3,7313,3,,,1,,,
4654,1,7302,53,,4.0,1,1.0,4.0,40.0
4654,2,7302,48,,1.0,2,1.0,4.0,40.0
4654,3,7302,16,13.0,,2,6.0,,
4655,1,7303,73,,,2,6.0,4.0,
4655,2,7303,76,,,1,6.0,2.0,
4656,1,7301,41,,1.0,1,1.0,4.0,50.0
4657,1,7306,40,,1.0,2,1.0,4.0,40.0
4657,2,7306,52,,1.0,1,1.0,4.0,40.0
4657,3,7306,15,12.0,,1,,,
4657,4,7306,21,,1.0,1,1.0,4.0,40.0
4657,5,7306,13,10.0,,2,,,
4658,1,7304,44,,1.0,1,1.0,4.0,60.0
4658,2,7304,41,,1.0,2,1.0,4.0,45.0
4658,3,7304,12,8.0,,2,,,
4659,1,7303,35,,1.0,2,1.0,4.0,40.0
4659,2,7303,13,9.0,,1,,,
4659,3,7303,35,,1.0,1,1.0,4.0,40.0
4660,1,7308,53,,5.0,1,1.0,2.0,40.0
4660,2,7308,51,,1.0,2,1.0,4.0,40.0
4661,1,7308,60,,1.0,2,1.0,4.0,40.0
4661,2,7308,28,,1.0,2,1.0,4.0,12.0
4662,1,7321,63,,1.0,1,1.0,4.0,40.0
4662,2,7321,52,,9.0,2,3.0,4.0,
4663,1,7307,58,,5.0,1,1.0,2.0,40.0
4663,2,7307,43,,1.0,2,1.0,4.0,40.0
4663,3,7307,12,9.0,,1,,,
4663,4,7307,9,6.0,,2,,,
4664,1,7305,24,16.0,3.0,2,1.0,4.0,20.0
4664,2,7305,5,,,1,,,
4664,3,7305,18,14.0,,1,6.0,4.0,
4664,4,7305,18,14.0,,1,6.0,4.0,
4664,5,7305,44,,,2,6.0,4.0,
4665,1,7303,69,,,1,6.0,2.0,
4665,2,7303,68,,,2,6.0,4.0,
4666,1,7311,52,,1.0,2,2.0,4.0,30.0
4666,2,7311,63,,2.0,1,1.0,4.0,50.0
4666,3,7311,15,11.0,,2,,,
4666,4,7311,14,10.0,,1,,,
4667,1,7316,24,,1.0,1,1.0,4.0,42.0
4667,2,7316,26,,1.0,2,1.0,4.0,40.0
4667,3,7316,39,15.0,1.0,1,1.0,4.0,40.0
4668,1,7315,88,15.0,,1,6.0,2.0,
4668,2,7315,84,,,2,6.0,4.0,
4669,1,7304,51,,6.0,1,6.0,4.0,
4669,2,7304,52,,1.0,2,1.0,4.0,10.0
4669,3,7304,16,12.0,,1,6.0,,
4669,4,7304,11,7.0,,1,,,
4670,1,7310,33,,4.0,2,1.0,4.0,60.0
4670,2,7310,42,,5.0,1,1.0,2.0,70.0
4671,1,7305,74,15.0,,2,6.0,4.0,
4671,2,7305,51,,,2,6.0,4.0,
4671,3,7305,55,,4.0,2,1.0,4.0,16.0
4672,1,7313,61,,,2,6.0,4.0,
4672,2,7313,58,,6.0,1,1.0,4.0,15.0
4673,1,7311,42,,1.0,2,1.0,4.0,40.0
4673,2,7311,46,,5.0,1,6.0,2.0,
4673,3,7311,17,14.0,,2,6.0,4.0,
4673,4,7311,13,10.0,,2,,,
4674,1,7320,29,,1.0,2,1.0,4.0,30.0
4674,2,7320,37,,1.0,1,1.0,4.0,35.0
4674,3,7320,0,,,2,,,
4674,4,7320,31,15.0,1.0,1,6.0,4.0,
4674,5,7320,32,,1.0,2,1.0,4.0,36.0
4674,6,7320,0,,,1,,,
4675,1,7316,56,,1.0,2,2.0,4.0,30.0
4675,2,7316,60,,1.0,1,1.0,4.0,80.0
4676,1,7319,39,,5.0,1,1.0,2.0,40.0
4676,2,7319,39,,1.0,2,1.0,4.0,40.0
4676,3,7319,13,10.0,,2,,,
4676,4,7319,11,8.0,,2,,,
4677,1,7309,60,,1.0,1,1.0,4.0,65.0
4677,2,7309,60,,4.0,2,1.0,4.0,60.0
4678,1,7303,68,,7.0,1,1.0,4.0,50.0
4678,2,7303,63,,1.0,2,1.0,4.0,40.0
4678,3,7303,20,,1.0,2,1.0,4.0,40.0
4679,1,7313,70,,,1,6.0,2.0,
4679,2,7313,69,,,2,6.0,4.0,
4680,1,7312,79,,3.0,1,6.0,4.0,
4680,2,7312,71,,1.0,1,1.0,4.0,30.0
4680,3,7312,68,,3.0,2,1.0,4.0,20.0
4680,4,7312,52,,1.0,2,1.0,4.0,40.0
4681,1,7307,55,,7.0,1,1.0,4.0,50.0
4681,2,7307,54,,,2,6.0,4.0,
4681,3,7307,18,14.0,,2,6.0,4.0,
4682,1,7310,82,,,2,6.0,4.0,
4683,1,7311,50,,1.0,1,1.0,4.0,50.0
4683,2,7311,45,,,2,6.0,4.0,
4683,3,7311,15,12.0,,1,,,
4683,4,7311,10,6.0,,1,,,
4684,1,7318,58,,,1,6.0,4.0,
4685,1,7308,76,,,1,6.0,4.0,
4685,2,7308,75,,,2,6.0,4.0,
4686,1,7322,60,,1.0,2,1.0,4.0,40.0
4686,2,7322,80,,,2,6.0,4.0,
4687,1,7310,61,,1.0,1,1.0,4.0,40.0
4688,1,7319,44,,3.0,1,1.0,2.0,40.0
4688,2,7319,42,,3.0,2,1.0,4.0,40.0
4688,3,7319,17,14.0,,1,6.0,4.0,
4688,4,7319,17,14.0,1.0,2,1.0,4.0,20.0
4688,5,7319,15,12.0,,2,,,
4689,1,7316,44,15.0,1.0,2,1.0,4.0,40.0
4690,1,7319,63,,5.0,1,1.0,2.0,40.0
4690,2,7319,66,,1.0,2,6.0,4.0,
4691,1,7321,48,,1.0,1,1.0,4.0,40.0
4691,2,7321,24,,1.0,1,1.0,4.0,25.0
4691,3,7321,23,,1.0,1,1.0,4.0,25.0
4692,1,7304,74,,6.0,1,1.0,4.0,4.0
4692,2,7304,65,,6.0,2,1.0,4.0,30.0
4693,1,7307,65,,6.0,1,6.0,4.0,
4694,1,7321,72,,,2,6.0,2.0,
4695,1,7321,51,,,2,6.0,4.0,
4695,2,7321,20,15.0,1.0,2,1.0,4.0,8.0
4696,1,7317,35,,1.0,1,1.0,4.0,40.0
4696,2,7317,30,,1.0,2,1.0,4.0,45.0
4697,1,7321,39,,1.0,1,1.0,4.0,40.0
4697,2,7321,39,,1.0,2,1.0,4.0,40.0
4697,3,7321,19,15.0,,1,6.0,4.0,
4697,4,7321,17,14.0,,1,6.0,4.0,
4697,5,7321,16,13.0,,1,6.0,,
4697,6,7321,7,6.0,,1,,,
4698,1,7321,65,,3.0,2,6.0,4.0,
4698,2,7321,67,,,1,6.0,4.0,
4698,3,7321,39,,6.0,1,6.0,4.0,
4699,1,7316,28,,1.0,1,1.0,2.0,40.0
4699,2,7316,29,,1.0,2,1.0,4.0,40.0
4700,1,7310,45,,4.0,2,1.0,4.0,88.0
4701,1,7317,40,,1.0,2,1.0,4.0,40.0
4701,2,7317,24,15.0,2.0,2,6.0,4.0,13.0
4701,3,7317,13,,,1,,,
4701,4,7317,6,3.0,,1,,,
4702,1,7318,76,,,2,6.0,4.0,
4703,1,7308,53,,1.0,1,1.0,4.0,40.0
4703,2,7308,43,,,2,6.0,4.0,
4703,3,7308,16,13.0,,2,6.0,,
4703,4,7308,14,10.0,,2,,,
4703,5,7308,5,2.0,,1,,,
4704,1,7314,82,,1.0,1,6.0,2.0,
4705,1,7306,61,,1.0,1,1.0,4.0,40.0
4705,2,7306,57,,4.0,2,1.0,2.0,22.0
4705,3,7306,25,,6.0,1,1.0,4.0,80.0
4705,4,7306,18,15.0,1.0,1,1.0,4.0,20.0
4705,5,7306,14,11.0,,1,,,
4706,1,7320,59,,1.0,1,1.0,2.0,40.0
4706,2,7320,56,,1.0,2,1.0,2.0,45.0
4706,3,7320,22,15.0,1.0,2,1.0,4.0,24.0
4707,1,7317,56,,2.0,2,1.0,4.0,50.0
4707,2,7317,56,,1.0,1,1.0,4.0,50.0
4707,3,7317,18,14.0,1.0,1,1.0,4.0,30.0
4708,1,7321,48,,1.0,1,1.0,4.0,40.0
4708,2,7321,40,,1.0,2,1.0,4.0,24.0
4708,3,7321,14,10.0,,1,,,
4708,4,7321,10,7.0,,1,,,
4708,5,7321,6,5.0,,2,,,
4709,1,7316,29,,1.0,2,1.0,4.0,50.0
4709,2,7316,24,,1.0,1,6.0,4.0,10.0
4710,1,7311,43,,,2,6.0,4.0,
4710,2,7311,46,,1.0,1,1.0,4.0,50.0
4710,3,7311,15,11.0,,1,,,
4710,4,7311,12,9.0,,1,,,
4710,5,7311,10,6.0,,2,,,
4711,1,7309,48,,1.0,1,1.0,4.0,40.0
4711,2,7309,48,,,2,6.0,4.0,
4711,3,7309,15,11.0,,1,,,
4711,4,7309,13,10.0,,2,,,
4712,1,7301,60,,6.0,2,1.0,4.0,35.0
4712,2,7301,18,15.0,1.0,2,1.0,4.0,24.0
4713,1,7320,63,,,2,6.0,4.0,
4713,2,7320,17,13.0,9.0,1,3.0,4.0,
4713,3,7320,15,12.0,,2,,,
4713,4,7320,12,8.0,,1,,,
4713,5,7320,10,6.0,,1,,,
4714,1,7304,60,,1.0,1,3.0,4.0,50.0
4714,2,7304,55,,2.0,2,1.0,4.0,45.0
4714,3,7304,23,,1.0,1,1.0,4.0,24.0
4715,1,7310,49,,1.0,1,1.0,4.0,35.0
4715,2,7310,45,,1.0,2,1.0,4.0,50.0
4716,1,7318,63,,1.0,2,1.0,4.0,40.0
4716,2,7318,32,,1.0,1,1.0,4.0,40.0
4717,1,7310,49,,7.0,1,1.0,4.0,45.0
4717,2,7310,50,,8.0,2,6.0,4.0,
4717,3,7310,15,11.0,,2,,,
4717,4,7310,12,8.0,,2,,,
4718,1,7321,63,,1.0,1,1.0,4.0,40.0
4719,1,7303,57,,1.0,1,1.0,4.0,40.0
4720,1,7306,53,,5.0,1,1.0,4.0,40.0
4720,2,7306,44,,5.0,2,1.0,4.0,40.0
4720,3,7306,14,11.0,,2,,,
4721,1,7322,72,,,2,6.0,4.0,
4722,1,7302,59,,1.0,2,1.0,4.0,36.0
4722,2,7302,63,,6.0,1,1.0,4.0,30.0
4722,3,7302,29,,1.0,1,1.0,4.0,40.0
4722,4,7302,26,,1.0,2,1.0,4.0,40.0
4723,1,7314,21,,5.0,1,4.0,1.0,55.0
4723,2,7314,21,,1.0,2,6.0,4.0,30.0
4723,3,7314,0,,,1,,,
4724,1,7304,61,,1.0,1,1.0,4.0,40.0
4725,1,7306,87,,,2,6.0,4.0,
4726,1,7312,21,15.0,1.0,2,1.0,4.0,20.0
4727,1,7317,56,,1.0,1,3.0,2.0,
4728,1,7316,21,15.0,1.0,1,1.0,4.0,10.0
4728,2,7316,21,15.0,,1,6.0,4.0,
4729,1,7310,73,,,1,6.0,2.0,
4730,1,7322,64,,1.0,1,1.0,4.0,40.0
4730,2,7322,62,,,2,6.0,4.0,
4730,3,7322,26,15.0,9.0,1,3.0,4.0,
4731,1,7318,58,,,2,6.0,4.0,
4731,2,7318,22,15.0,3.0,2,1.0,4.0,15.0
4732,1,7302,50,,8.0,1,6.0,4.0,
4733,1,7318,78,,,2,6.0,4.0,
4734,1,7313,46,,1.0,1,1.0,4.0,46.0
4734,2,7313,43,,4.0,2,1.0,4.0,30.0
4734,3,7313,12,9.0,,1,,,
4734,4,7313,12,9.0,,2,,,
4735,1,7320,50,,1.0,1,1.0,4.0,50.0
4735,2,7320,50,,3.0,2,1.0,4.0,40.0
4736,1,7309,39,,8.0,1,1.0,4.0,30.0
4736,2,7309,39,,1.0,2,1.0,4.0,50.0
4736,3,7309,12,9.0,,2,,,
4736,4,7309,9,5.0,,1,,,
4736,5,7309,4,,,2,,,
4737,1,7322,57,,1.0,2,1.0,4.0,40.0
4737,2,7322,59,,1.0,1,1.0,4.0,40.0
4738,1,7320,47,,1.0,2,1.0,4.0,24.0
4738,2,7320,23,15.0,,1,6.0,4.0,
4738,3,7320,10,7.0,,1,,,
4738,4,7320,71,,,2,6.0,4.0,
4739,1,7321,54,,1.0,1,1.0,4.0,37.0
4739,2,7321,55,,1.0,2,1.0,4.0,40.0
4739,3,7321,27,,1.0,1,1.0,4.0,40.0
4739,4,7321,22,15.0,1.0,2,1.0,4.0,20.0
4739,5,7321,68,,,2,6.0,4.0,
4740,1,7311,51,,3.0,1,1.0,2.0,34.0
4740,2,7311,47,,1.0,2,1.0,4.0,48.0
4740,3,7311,16,13.0,,2,6.0,,
4741,1,7302,51,,1.0,2,6.0,4.0,
4741,2,7302,21,,3.0,1,6.0,4.0,
4742,1,7306,55,15.0,1.0,2,1.0,4.0,40.0
4742,2,7306,51,,1.0,1,1.0,2.0,40.0
4743,1,7309,56,,3.0,2,1.0,4.0,40.0
4743,2,7309,57,,4.0,1,1.0,2.0,48.0
4743,3,7309,20,15.0,1.0,2,1.0,4.0,12.0
4744,1,7305,36,15.0,1.0,1,1.0,2.0,36.0
4744,2,7305,37,,1.0,2,1.0,4.0,12.0
4744,3,7305,6,2.0,,1,,,
4744,4,7305,3,,,2,,,
4744,5,7305,33,15.0,1.0,1,1.0,4.0,36.0
4745,1,7319,42,,1.0,1,1.0,4.0,30.0
4745,2,7319,42,,1.0,2,6.0,4.0,48.0
4745,3,7319,20,14.0,,1,6.0,4.0,
4745,4,7319,16,12.0,,1,6.0,,
4745,5,7319,14,10.0,,1,,,
4745,6,7319,14,10.0,,1,,,
4745,7,7319,13,8.0,,2,,,
4745,8,7319,7,6.0,,2,,,
4745,9,7319,3,1.0,,2,,,
4745,10,7319,0,,,1,,,
4746,1,7308,65,,5.0,1,6.0,4.0,45.0
4746,2,7308,63,,1.0,2,1.0,4.0,32.0
4747,1,7317,37,,1.0,2,1.0,4.0,36.0
4747,2,7317,45,,7.0,1,1.0,4.0,30.0
4747,3,7317,8,5.0,,2,,,
4747,4,7317,6,2.0,,2,,,
4747,5,7317,0,,,1,,,
4748,1,7311,66,,1.0,2,1.0,4.0,40.0
4748,2,7311,60,,1.0,1,1.0,2.0,40.0
4749,1,7308,37,,2.0,2,1.0,4.0,80.0
4749,2,7308,42,,2.0,1,3.0,4.0,80.0
4750,1,7313,57,,1.0,2,1.0,4.0,40.0
4750,2,7313,24,,1.0,1,1.0,4.0,30.0
4751,1,7320,40,,1.0,1,1.0,4.0,70.0
4751,2,7320,44,,3.0,2,6.0,4.0,15.0
4751,3,7320,18,14.0,1.0,1,1.0,4.0,30.0
4751,4,7320,14,11.0,,1,,,
4751,5,7320,13,8.0,,1,,,
4752,1,7312,27,,5.0,1,4.0,1.0,80.0
4752,2,7312,26,,1.0,2,3.0,4.0,
4752,3,7312,5,2.0,,1,,,
4752,4,7312,2,,,2,,,
4753,1,7307,58,,1.0,1,1.0,4.0,40.0
4753,2,7307,61,,,2,6.0,4.0,
4753,3,7307,25,15.0,2.0,1,6.0,4.0,15.0
4754,1,7310,51,,2.0,1,1.0,4.0,50.0
4755,1,7314,26,16.0,1.0,2,1.0,4.0,40.0
4755,2,7314,25,,1.0,2,1.0,4.0,40.0
4756,1,7315,67,,1.0,2,1.0,4.0,36.0
4756,2,7315,36,,5.0,1,1.0,2.0,40.0
4756,3,7315,94,,,2,6.0,4.0,
4757,1,7302,59,,1.0,1,1.0,4.0,40.0
4757,2,7302,94,,,1,6.0,2.0,
4758,1,7310,50,,1.0,1,1.0,4.0,40.0
4759,1,7304,44,,1.0,1,1.0,4.0,48.0
4759,2,7304,42,,1.0,2,1.0,4.0,50.0
4760,1,7314,69,,,2,6.0,4.0,
4760,2,7314,68,,,1,6.0,4.0,
4761,1,7312,29,,1.0,2,1.0,4.0,40.0
4761,2,7312,33,16.0,1.0,1,1.0,2.0,40.0
4762,1,7321,47,,6.0,2,1.0,4.0,40.0
4762,2,7321,54,,1.0,1,1.0,4.0,40.0
4762,3,7321,24,,1.0,1,1.0,4.0,40.0
4763,1,7314,51,,2.0,1,1.0,2.0,55.0
4763,2,7314,33,,2.0,1,1.0,4.0,50.0
4764,1,7304,62,,4.0,1,1.0,4.0,30.0
4765,1,7315,63,,1.0,1,1.0,4.0,55.0
4765,2,7315,60,,,2,6.0,4.0,
4765,3,7315,29,,6.0,1,1.0,4.0,20.0
4765,4,7315,25,,1.0,1,1.0,4.0,50.0
4765,5,7315,89,,,2,6.0,4.0,
4766,1,7305,41,,2.0,2,1.0,4.0,40.0
4766,2,7305,47,,5.0,1,1.0,2.0,40.0
4766,3,7305,19,15.0,1.0,2,6.0,4.0,
4766,4,7305,19,15.0,1.0,2,1.0,4.0,30.0
4767,1,7314,43,,1.0,1,1.0,4.0,45.0
4767,2,7314,35,,4.0,2,2.0,4.0,42.0
4767,3,7314,4,1.0,,2,,,
4767,4,7314,1,,,2,,,
4768,1,7310,47,,3.0,2,1.0,4.0,40.0
4768,2,7310,16,13.0,1.0,2,1.0,,15.0
4768,3,7310,46,,6.0,1,3.0,4.0,2.0
4768,4,7310,45,,1.0,2,1.0,4.0,30.0
4769,1,7306,52,,1.0,1,1.0,4.0,40.0
4770,1,7314,69,,3.0,1,1.0,4.0,45.0
4770,2,7314,78,,,2,6.0,4.0,
4771,1,7319,34,,1.0,1,1.0,4.0,24.0
4771,2,7319,34,,,2,6.0,4.0,
4771,3,7319,3,,,2,,,
4771,4,7319,61,,,1,6.0,4.0,
4771,5,7319,58,,1.0,2,1.0,4.0,40.0
4772,1,7318,48,15.0,2.0,1,1.0,4.0,60.0
4772,2,7318,35,,2.0,2,1.0,4.0,20.0
4772,3,7318,2,,,1,,,
4772,4,7318,1,,,1,,,
4773,1,7312,45,,1.0,1,1.0,4.0,50.0
4773,2,7312,46,,2.0,2,1.0,4.0,30.0
4773,3,7312,13,10.0,,2,,,
4773,4,7312,10,7.0,,1,,,
4773,5,7312,4,1.0,,2,,,
4774,1,7315,61,,1.0,2,3.0,4.0,40.0
4775,1,7311,54,,1.0,2,1.0,4.0,40.0
4775,2,7311,55,,2.0,1,1.0,4.0,40.0
4775,3,7311,5,2.0,,2,,,
4776,1,7311,40,,5.0,1,1.0,4.0,50.0
4776,2,7311,38,,1.0,2,1.0,4.0,30.0
4776,3,7311,4,,,1,,,
4776,4,7311,3,,,2,,,
4777,1,7303,72,,,2,6.0,4.0,
4777,2,7303,71,,6.0,2,1.0,4.0,1.0
4778,1,7321,57,,1.0,2,1.0,4.0,40.0
4778,2,7321,55,,,2,6.0,4.0,
4779,1,7305,30,,1.0,2,1.0,4.0,40.0
4779,2,7305,32,,1.0,1,1.0,4.0,40.0
4780,1,7303,72,,,1,6.0,2.0,
4780,2,7303,72,,,2,6.0,4.0,
4781,1,7316,55,,1.0,1,1.0,4.0,37.0
4782,1,7317,68,,,2,6.0,4.0,
4782,2,7317,25,,,2,6.0,4.0,
4783,1,7319,68,,1.0,2,1.0,4.0,40.0
4784,1,7314,76,,,1,6.0,4.0,
4785,1,7311,41,,6.0,2,1.0,4.0,60.0
4785,2,7311,10,7.0,,2,,,
4786,1,7303,43,,1.0,2,1.0,4.0,36.0
4786,2,7303,21,15.0,1.0,2,1.0,4.0,20.0
4786,3,7303,16,13.0,1.0,1,1.0,,20.0
4786,4,7303,15,12.0,,2,,,
4787,1,7315,39,,4.0,2,1.0,4.0,40.0
4787,2,7315,26,,1.0,1,1.0,4.0,42.0
4788,1,7307,57,,,1,6.0,2.0,
4789,1,7318,36,16.0,1.0,2,3.0,4.0,40.0
4789,2,7318,43,,1.0,1,1.0,4.0,40.0
4789,3,7318,8,5.0,,2,,,
4789,4,7318,5,1.0,,2,,,
4790,1,7321,94,,,1,6.0,2.0,
4791,1,7308,58,,1.0,1,1.0,2.0,55.0
4791,2,7308,57,,,2,6.0,4.0,
4791,3,7308,22,16.0,1.0,1,6.0,4.0,
4792,1,7316,33,,1.0,1,3.0,3.0,
4792,2,7316,24,15.0,1.0,1,1.0,4.0,20.0
4793,1,7319,29,,7.0,2,6.0,4.0,
4793,2,7319,30,,4.0,1,1.0,4.0,40.0
4793,3,7319,11,8.0,,2,,,
4793,4,7319,7,4.0,,1,,,
4793,5,7319,1,,,1,,,
4793,6,7319,42,,3.0,2,1.0,4.0,40.0
4793,7,7319,64,,1.0,2,1.0,4.0,40.0
4793,8,7319,12,8.0,,2,,,
4793,9,7319,6,3.0,,2,,,
4794,1,7308,66,,1.0,2,1.0,4.0,40.0
4795,1,7312,84,,,1,6.0,2.0,
4795,2,7312,79,,,2,6.0,4.0,
4796,1,7322,69,,,1,6.0,4.0,
4796,2,7322,71,,,2,6.0,4.0,
4797,1,7316,74,,2.0,1,6.0,4.0,40.0
4797,2,7316,64,,1.0,2,6.0,4.0,
4797,3,7316,36,,1.0,2,1.0,4.0,35.0
4797,4,7316,25,,1.0,1,1.0,4.0,40.0
4797,5,7316,17,14.0,,2,6.0,4.0,
4797,6,7316,11,8.0,,1,,,
4798,1,7304,32,,3.0,1,1.0,4.0,60.0
4798,2,7304,31,,7.0,2,6.0,4.0,
4798,3,7304,1,,,2,,,
4798,4,7304,0,,,2,,,
4799,1,7311,52,,1.0,1,1.0,4.0,40.0
4799,2,7311,53,,4.0,1,1.0,4.0,40.0
4800,1,7304,85,,,2,6.0,4.0,
4800,2,7304,58,,1.0,1,6.0,4.0,
4801,1,7316,36,,1.0,1,1.0,4.0,40.0
4801,2,7316,36,,1.0,2,1.0,4.0,20.0
4801,3,7316,2,,,1,,,
4801,4,7316,0,,,2,,,
4802,1,7314,62,,,2,6.0,4.0,
4802,2,7314,60,,1.0,1,1.0,4.0,50.0
4802,3,7314,27,16.0,3.0,2,1.0,4.0,40.0
4803,1,7313,35,,1.0,2,1.0,4.0,10.0
4803,2,7313,12,9.0,,1,,,
4803,3,7313,11,8.0,,1,,,
4804,1,7314,36,,3.0,2,6.0,4.0,
4804,2,7314,47,,5.0,1,1.0,4.0,50.0
4804,3,7314,4,1.0,,2,,,
4804,4,7314,1,,,1,,,
4805,1,7310,52,,5.0,2,1.0,4.0,40.0
4805,2,7310,22,,1.0,1,1.0,4.0,35.0
4805,3,7310,16,12.0,,1,6.0,,
4806,1,7311,64,,1.0,1,1.0,4.0,40.0
4806,2,7311,59,,1.0,2,1.0,4.0,14.0
4806,3,7311,25,15.0,1.0,2,1.0,4.0,40.0
4806,4,7311,24,15.0,1.0,1,1.0,4.0,24.0
4806,5,7311,24,15.0,1.0,1,1.0,4.0,40.0
4806,6,7311,19,15.0,1.0,2,1.0,4.0,15.0
4807,1,7321,24,,5.0,1,4.0,1.0,60.0
4808,1,7308,64,,6.0,1,6.0,4.0,
4808,2,7308,64,,,2,6.0,4.0,
4809,1,7315,38,,1.0,2,1.0,4.0,36.0
4810,1,7321,61,,1.0,1,1.0,4.0,40.0
4810,2,7321,22,,1.0,2,1.0,4.0,30.0
4810,3,7321,19,,1.0,2,1.0,4.0,40.0
4811,1,7318,65,,1.0,2,6.0,4.0,
4811,2,7318,61,,3.0,1,1.0,4.0,95.0
4812,1,7320,36,,6.0,1,1.0,4.0,40.0
4812,2,7320,37,,,2,6.0,4.0,
4812,3,7320,8,4.0,,2,,,
4812,4,7320,2,,,1,,,
4813,1,7316,49,,1.0,2,1.0,4.0,40.0
4814,1,7304,62,,4.0,2,1.0,4.0,40.0
4814,2,7304,26,15.0,1.0,2,1.0,4.0,30.0
4815,1,7308,34,,2.0,2,1.0,4.0,40.0
4815,2,7308,37,,1.0,1,1.0,4.0,40.0
4815,3,7308,16,13.0,1.0,1,1.0,,10.0
4815,4,7308,7,4.0,,1,,,
4816,1,7306,64,,2.0,2,1.0,4.0,40.0
4816,2,7306,45,,1.0,2,6.0,4.0,
4817,1,7305,54,,7.0,1,1.0,4.0,40.0
4817,2,7305,49,,1.0,2,1.0,4.0,40.0
4817,3,7305,14,11.0,,1,,,
4817,4,7305,12,9.0,,1,,,
4818,1,7310,33,,4.0,1,1.0,4.0,40.0
4819,1,7317,80,,3.0,1,1.0,3.0,23.0
4819,2,7317,80,,,2,6.0,4.0,
4819,3,7317,54,,1.0,1,3.0,4.0,
4820,1,7318,28,,1.0,1,1.0,4.0,40.0
4820,2,7318,27,,1.0,2,1.0,4.0,25.0
4820,3,7318,7,4.0,,1,,,
4821,1,7303,26,,1.0,1,1.0,4.0,40.0
4821,2,7303,27,,5.0,2,6.0,3.0,
4821,3,7303,0,,,2,,,
4822,1,7317,59,,3.0,1,6.0,4.0,
4823,1,7306,55,,1.0,1,1.0,4.0,40.0
4823,2,7306,52,,1.0,2,1.0,4.0,40.0
4823,3,7306,21,15.0,1.0,1,1.0,4.0,30.0
4823,4,7306,18,15.0,1.0,2,1.0,4.0,18.0
4824,1,7322,77,,,2,6.0,4.0,
4825,1,7302,58,15.0,,2,6.0,4.0,
4825,2,7302,24,,6.0,1,6.0,4.0,30.0
4825,3,7302,13,11.0,,2,,,
4826,1,7314,62,,5.0,2,6.0,4.0,
4826,2,7314,68,,1.0,1,6.0,4.0,
4826,3,7314,40,,1.0,2,1.0,4.0,50.0
4827,1,7302,40,,7.0,2,1.0,4.0,40.0
4827,2,7302,40,,7.0,1,1.0,4.0,40.0
4827,3,7302,13,10.0,,2,,,
4827,4,7302,9,6.0,,1,,,
4828,1,7317,57,,7.0,1,1.0,4.0,55.0
4828,2,7317,59,,1.0,2,1.0,4.0,25.0
4828,3,7317,17,14.0,3.0,2,1.0,4.0,40.0
4829,1,7321,53,,1.0,1,1.0,2.0,48.0
4829,2,7321,51,,1.0,2,1.0,4.0,40.0
4830,1,7316,40,,1.0,2,1.0,4.0,40.0
4831,1,7311,68,,6.0,1,1.0,2.0,18.0
4831,2,7311,63,,,2,6.0,2.0,
4831,3,7311,34,,1.0,1,1.0,4.0,50.0
4831,4,7311,29,,1.0,2,1.0,4.0,38.0
4832,1,7311,80,,,1,6.0,2.0,
4832,2,7311,78,,,2,6.0,4.0,
4833,1,7316,86,,,2,6.0,4.0,
4834,1,7301,32,15.0,2.0,1,1.0,4.0,40.0
4834,2,7301,22,15.0,1.0,1,3.0,4.0,25.0
4834,3,7301,21,15.0,1.0,2,1.0,4.0,40.0
4835,1,7322,62,,1.0,1,1.0,4.0,48.0
4835,2,7322,62,,,2,6.0,4.0,
4836,1,7320,69,,,2,6.0,4.0,
4837,1,7316,30,,5.0,1,1.0,2.0,40.0
4838,1,7304,31,16.0,3.0,2,6.0,4.0,40.0
4838,2,7304,4,1.0,,1,,,
4839,1,7303,67,,6.0,1,1.0,4.0,36.0
4839,2,7303,65,,6.0,2,6.0,4.0,
4839,3,7303,60,,1.0,2,6.0,4.0,
4840,1,7322,60,,,1,6.0,4.0,
4840,2,7322,60,,5.0,2,1.0,4.0,40.0
4840,3,7322,33,15.0,4.0,2,1.0,4.0,40.0
4840,4,7322,26,,1.0,1,1.0,4.0,40.0
4841,1,7307,51,,1.0,1,1.0,4.0,40.0
4841,2,7307,51,,2.0,2,1.0,4.0,40.0
4842,1,7317,65,,,1,6.0,4.0,
4842,2,7317,74,,1.0,2,6.0,4.0,
4843,1,7301,54,,1.0,1,2.0,4.0,40.0
4843,2,7301,50,,2.0,2,1.0,4.0,40.0
4844,1,7309,41,,1.0,1,1.0,4.0,40.0
4844,2,7309,40,,1.0,2,2.0,4.0,12.0
4844,3,7309,15,11.0,,1,,,
4844,4,7309,13,9.0,,2,,,
4844,5,7309,9,5.0,,1,,,
4844,6,7309,8,3.0,,2,,,
4845,1,7310,60,,1.0,1,1.0,4.0,60.0
4845,2,7310,60,,,2,6.0,4.0,
4846,1,7320,46,,3.0,2,1.0,4.0,40.0
4846,2,7320,54,,1.0,1,1.0,4.0,40.0
4846,3,7320,18,14.0,4.0,1,1.0,4.0,25.0
4846,4,7320,26,15.0,1.0,1,2.0,3.0,40.0
4846,5,7320,21,15.0,4.0,2,1.0,4.0,25.0
4846,6,7320,0,,,1,,,
4846,7,7320,19,15.0,4.0,1,1.0,4.0,30.0
4847,1,7314,71,,,2,6.0,4.0,
4847,2,7314,72,,1.0,1,1.0,4.0,5.0
4848,1,7302,64,,5.0,1,1.0,2.0,60.0
4848,2,7302,61,,7.0,2,1.0,4.0,40.0
4849,1,7310,23,,5.0,1,1.0,4.0,80.0
4850,1,7311,80,,,1,6.0,2.0,
4850,2,7311,80,,,2,6.0,4.0,
4850,3,7311,45,,3.0,1,1.0,2.0,40.0
4851,1,7314,47,,1.0,1,1.0,2.0,50.0
4851,2,7314,45,,1.0,2,1.0,4.0,25.0
4851,3,7314,18,15.0,,1,6.0,4.0,
4852,1,7311,56,,1.0,1,1.0,4.0,50.0
4852,2,7311,54,,1.0,2,1.0,4.0,50.0
4852,3,7311,24,,1.0,1,2.0,4.0,30.0
4853,1,7302,67,,1.0,2,6.0,4.0,
4853,2,7302,69,,,1,6.0,4.0,
4854,1,7317,44,,1.0,2,1.0,4.0,15.0
4855,1,7315,46,,1.0,1,1.0,4.0,45.0
4855,2,7315,30,,1.0,1,1.0,4.0,40.0
4856,1,7310,90,,,2,6.0,4.0,
4857,1,7302,76,,,1,6.0,2.0,
4857,2,7302,76,,,2,6.0,4.0,
4857,3,7302,44,,6.0,2,1.0,4.0,40.0
4857,4,7302,42,,6.0,1,1.0,4.0,40.0
4857,5,7302,42,,6.0,1,1.0,4.0,40.0
4858,1,7309,78,,,2,6.0,4.0,
4859,1,7310,73,,7.0,1,1.0,2.0,30.0
4859,2,7310,71,,7.0,2,1.0,4.0,20.0
4860,1,7310,41,,5.0,1,1.0,4.0,40.0
4860,2,7310,37,,1.0,2,1.0,4.0,40.0
4860,3,7310,6,2.0,,1,,,
4860,4,7310,3,1.0,,2,,,
4861,1,7318,65,,5.0,1,6.0,2.0,
4861,2,7318,65,,,2,6.0,4.0,
4861,3,7318,31,,1.0,1,1.0,4.0,40.0
4862,1,7319,71,,7.0,2,6.0,4.0,
4862,2,7319,69,,7.0,1,6.0,2.0,
4863,1,7321,40,,,2,6.0,4.0,
4863,2,7321,43,,1.0,1,1.0,4.0,40.0
4863,3,7321,16,13.0,,1,6.0,,
4863,4,7321,7,6.0,,1,,,
4864,1,7314,49,,3.0,2,1.0,4.0,10.0
4864,2,7314,19,15.0,,2,6.0,4.0,
4864,3,7314,19,15.0,,2,6.0,4.0,
4865,1,7302,36,,1.0,1,1.0,4.0,40.0
4865,2,7302,33,,,2,6.0,4.0,
4865,3,7302,15,11.0,,2,,,
4865,4,7302,13,9.0,,2,,,
4865,5,7302,8,4.0,,2,,,
4866,1,7307,38,,1.0,2,1.0,4.0,38.0
4867,1,7321,54,,1.0,2,1.0,4.0,40.0
4867,2,7321,51,,3.0,1,1.0,2.0,40.0
4867,3,7321,26,,1.0,1,1.0,4.0,40.0
4868,1,7320,72,,,2,6.0,4.0,
4868,2,7320,49,,1.0,2,1.0,4.0,40.0
4869,1,7308,71,,2.0,2,6.0,4.0,
4869,2,7308,66,,2.0,2,6.0,4.0,
4870,1,7309,38,,1.0,1,1.0,4.0,40.0
4870,2,7309,39,,1.0,2,1.0,4.0,40.0
4871,1,7308,59,,1.0,2,1.0,4.0,40.0
4872,1,7309,54,,6.0,1,1.0,4.0,35.0
4872,2,7309,56,,1.0,2,6.0,4.0,
4872,3,7309,23,15.0,7.0,1,6.0,4.0,
4873,1,7305,38,,4.0,1,1.0,4.0,40.0
4873,2,7305,38,,4.0,2,1.0,4.0,40.0
4873,3,7305,1,,,1,,,
4874,1,7321,50,,1.0,1,1.0,4.0,40.0
4874,2,7321,41,,4.0,2,2.0,4.0,5.0
4874,3,7321,11,8.0,,1,,,
4874,4,7321,13,10.0,,2,,,
4875,1,7302,78,,,2,6.0,4.0,
4876,1,7302,39,,,1,6.0,4.0,
4876,2,7302,35,,,2,6.0,4.0,
4876,3,7302,15,12.0,,2,,,
4876,4,7302,13,10.0,,1,,,
4876,5,7302,10,7.0,,2,,,
4876,6,7302,7,4.0,,1,,,
4877,1,7313,65,,1.0,1,1.0,4.0,10.0
4877,2,7313,65,,1.0,2,6.0,4.0,
4877,3,7313,24,,1.0,1,1.0,4.0,60.0
4878,1,7313,58,,6.0,2,1.0,4.0,30.0
4878,2,7313,64,,2.0,1,1.0,4.0,50.0
4879,1,7308,25,,1.0,1,1.0,4.0,40.0
4879,2,7308,31,,3.0,1,1.0,4.0,40.0
4879,3,7308,31,,1.0,1,1.0,4.0,40.0
4879,4,7308,31,,1.0,1,1.0,4.0,40.0
4880,1,7309,74,,,1,6.0,4.0,
4880,2,7309,75,,,2,6.0,4.0,
4881,1,7314,72,,,2,6.0,4.0,
4882,1,7322,50,,3.0,2,1.0,4.0,22.0
4882,2,7322,20,15.0,1.0,1,1.0,4.0,20.0
4882,3,7322,8,5.0,,1,,,
4882,4,7322,69,,,2,6.0,4.0,
4883,1,7312,34,,7.0,2,1.0,4.0,20.0
4883,2,7312,36,,7.0,1,1.0,4.0,20.0
4883,3,7312,5,2.0,,1,,,
4883,4,7312,3,1.0,,1,,,
4884,1,7311,74,,1.0,2,3.0,4.0,40.0
4885,1,7320,74,,,1,6.0,2.0,
4885,2,7320,69,,,2,6.0,4.0,
4885,3,7320,33,,1.0,1,1.0,4.0,40.0
4886,1,7310,72,,,1,6.0,2.0,
4887,1,7314,58,,1.0,1,1.0,2.0,70.0
4887,2,7314,59,,1.0,2,1.0,4.0,40.0
4887,3,7314,33,,1.0,1,1.0,4.0,40.0
4887,4,7314,28,,3.0,2,1.0,4.0,40.0
4887,5,7314,24,,1.0,2,1.0,4.0,40.0
4888,1,7322,20,,5.0,1,4.0,1.0,50.0
4888,2,7322,19,15.0,1.0,2,1.0,4.0,25.0
4889,1,7320,64,,,1,6.0,4.0,
4889,2,7320,54,,3.0,2,2.0,4.0,40.0
4890,1,7301,66,,4.0,2,6.0,4.0,
4890,2,7301,67,,1.0,1,6.0,2.0,
4891,1,7308,44,,1.0,1,1.0,4.0,40.0
4891,2,7308,78,,,2,6.0,4.0,
4892,1,7309,53,,3.0,2,3.0,4.0,35.0
4892,2,7309,16,13.0,1.0,2,1.0,,5.0
4892,3,7309,11,8.0,,2,,,
4893,1,7302,49,,1.0,2,1.0,4.0,30.0
4893,2,7302,51,,1.0,1,1.0,2.0,40.0
4893,3,7302,15,12.0,,2,,,
4894,1,7307,59,,1.0,2,1.0,4.0,40.0
4894,2,7307,60,,1.0,1,6.0,2.0,
4895,1,7322,45,,,1,6.0,4.0,
4895,2,7322,43,,7.0,2,6.0,4.0,
4895,3,7322,24,,,1,6.0,4.0,
4896,1,7315,63,,,2,6.0,4.0,
4896,2,7315,65,,,1,6.0,4.0,
4897,1,7313,39,,5.0,1,4.0,1.0,40.0
4897,2,7313,36,,1.0,2,6.0,4.0,60.0
4897,3,7313,8,4.0,,1,,,
4897,4,7313,8,4.0,,1,,,
4897,5,7313,6,3.0,,2,,,
4897,6,7313,3,,,2,,,
4897,7,7313,2,,,2,,,
4898,1,7301,36,,7.0,1,1.0,4.0,50.0
4898,2,7301,35,,1.0,1,1.0,4.0,60.0
4899,1,7313,64,,2.0,2,1.0,4.0,36.0
4900,1,7310,84,,,2,6.0,4.0,
4901,1,7320,62,,1.0,1,1.0,2.0,55.0
4901,2,7320,60,,,2,6.0,4.0,
4901,3,7320,19,15.0,1.0,1,1.0,4.0,25.0
4902,1,7312,73,,3.0,1,6.0,3.0,24.0
4902,2,7312,72,,,2,6.0,4.0,
4903,1,7321,94,,,2,6.0,4.0,
4904,1,7308,82,,,2,6.0,4.0,
4905,1,7302,64,,,1,6.0,4.0,
4905,2,7302,39,,,1,6.0,4.0,
4906,1,7311,71,,6.0,1,6.0,2.0,8.0
4906,2,7311,69,,,2,6.0,3.0,
4907,1,7308,72,,7.0,2,6.0,4.0,
4907,2,7308,72,,,1,6.0,3.0,
4908,1,7318,50,,6.0,1,1.0,4.0,55.0
4908,2,7318,46,,6.0,2,1.0,4.0,60.0
4909,1,7317,38,,1.0,2,1.0,4.0,40.0
4909,2,7317,39,,1.0,1,3.0,4.0,40.0
4909,3,7317,4,1.0,,2,,,
4910,1,7321,29,,5.0,2,1.0,2.0,40.0
4910,2,7321,60,,5.0,1,1.0,4.0,40.0
4910,3,7321,59,,2.0,2,1.0,4.0,40.0
4911,1,7303,52,,1.0,2,1.0,4.0,36.0
4911,2,7303,54,,1.0,1,1.0,3.0,40.0
4912,1,7322,35,,1.0,1,1.0,4.0,99.0
4912,2,7322,5,1.0,,2,,,
4913,1,7311,36,,1.0,1,1.0,4.0,40.0
4913,2,7311,33,,1.0,2,1.0,4.0,40.0
4913,3,7311,3,1.0,,2,,,
4914,1,7313,82,,,1,6.0,3.0,
4914,2,7313,78,,6.0,2,1.0,4.0,12.0
4915,1,7320,48,,,2,6.0,4.0,
4915,2,7320,57,,1.0,1,1.0,4.0,40.0
4915,3,7320,19,15.0,,1,6.0,4.0,
4915,4,7320,51,,1.0,1,1.0,4.0,40.0
4915,5,7320,80,,,1,6.0,4.0,
4916,1,7321,39,,9.0,1,3.0,4.0,
4916,2,7321,11,8.0,,2,,,
4916,3,7321,8,4.0,,2,,,
4916,4,7321,34,,1.0,2,1.0,4.0,40.0
4917,1,7310,42,,5.0,2,4.0,1.0,40.0
4917,2,7310,40,,5.0,1,4.0,1.0,40.0
4918,1,7309,69,,,1,6.0,4.0,
4918,2,7309,69,,,2,6.0,4.0,
4919,1,7304,64,,1.0,1,6.0,2.0,
4920,1,7317,28,,1.0,2,1.0,4.0,25.0
4920,2,7317,32,,1.0,1,1.0,4.0,40.0
4920,3,7317,8,4.0,,1,,,
4920,4,7317,10,7.0,,1,,,
4920,5,7317,5,2.0,,1,,,
4920,6,7317,4,,,2,,,
4921,1,7316,50,,2.0,1,1.0,4.0,50.0
4921,2,7316,47,,1.0,2,6.0,4.0,
4922,1,7321,73,,5.0,1,6.0,2.0,
4922,2,7321,67,,4.0,2,6.0,4.0,40.0
4922,3,7321,39,,1.0,1,1.0,4.0,55.0
4922,4,7321,33,,1.0,1,3.0,4.0,50.0
4923,1,7315,36,,1.0,1,1.0,2.0,40.0
4923,2,7315,33,,1.0,2,6.0,4.0,
4923,3,7315,2,,,2,,,
4924,1,7304,68,,,2,6.0,2.0,
4924,2,7304,72,,,1,6.0,4.0,
4925,1,7314,64,,6.0,1,1.0,4.0,18.0
4925,2,7314,65,,1.0,2,1.0,4.0,40.0
4925,3,7314,31,,1.0,1,1.0,4.0,30.0
4926,1,7313,62,,1.0,1,1.0,2.0,40.0
4926,2,7313,64,,1.0,2,1.0,4.0,40.0
4927,1,7310,27,16.0,4.0,2,6.0,4.0,
4928,1,7307,42,,4.0,1,1.0,4.0,40.0
4928,2,7307,37,,2.0,2,6.0,4.0,
4928,3,7307,7,4.0,,1,,,
4928,4,7307,3,,,2,,,
4928,5,7307,12,8.0,,2,,,
4928,6,7307,68,,,1,6.0,2.0,
4928,7,7307,53,,3.0,2,1.0,4.0,30.0
4929,1,7321,64,,1.0,2,1.0,4.0,34.0
4929,2,7321,65,15.0,7.0,1,6.0,2.0,18.0
4930,1,7314,50,,2.0,1,1.0,2.0,32.0
4931,1,7303,45,,1.0,2,1.0,4.0,40.0
4931,2,7303,46,,1.0,1,1.0,4.0,33.0
4931,3,7303,21,16.0,,1,6.0,4.0,
4931,4,7303,18,15.0,1.0,2,3.0,4.0,
4931,5,7303,69,,3.0,2,6.0,4.0,
4932,1,7314,53,,3.0,1,1.0,4.0,52.0
4932,2,7314,49,,1.0,2,1.0,4.0,30.0
4932,3,7314,21,15.0,1.0,1,1.0,4.0,30.0
4933,1,7305,82,,1.0,2,6.0,4.0,
4933,2,7305,83,,,1,6.0,2.0,
4934,1,7310,29,,1.0,1,1.0,4.0,47.0
4934,2,7310,30,,1.0,2,1.0,4.0,40.0
4935,1,7305,33,,,2,6.0,4.0,
4936,1,7306,49,,1.0,1,1.0,4.0,40.0
4937,1,7306,78,,6.0,1,6.0,4.0,
4937,2,7306,63,,1.0,2,6.0,4.0,
4937,3,7306,71,,,2,6.0,4.0,
4938,1,7317,57,,2.0,2,1.0,4.0,55.0
4939,1,7318,72,,3.0,2,1.0,4.0,18.0
4940,1,7313,56,,1.0,1,1.0,4.0,48.0
4940,2,7313,55,,1.0,2,1.0,4.0,40.0
4940,3,7313,25,,1.0,1,1.0,4.0,40.0
4940,4,7313,23,,1.0,1,1.0,4.0,40.0
4941,1,7317,58,,1.0,1,1.0,4.0,40.0
4941,2,7317,38,,1.0,2,1.0,4.0,40.0
4941,3,7317,13,10.0,,2,,,
4941,4,7317,10,8.0,,2,,,
4941,5,7317,9,6.0,,2,,,
4942,1,7308,87,,,2,6.0,4.0,
4943,1,7317,32,,2.0,1,1.0,4.0,40.0
4943,2,7317,29,,3.0,2,1.0,4.0,40.0
4943,3,7317,1,,,2,,,
4944,1,7309,77,,,2,6.0,4.0,
4945,1,7312,38,,1.0,1,3.0,4.0,40.0
4945,2,7312,41,,2.0,2,6.0,4.0,
4945,3,7312,3,1.0,,2,,,
4946,1,7309,63,,2.0,2,1.0,4.0,40.0
4946,2,7309,26,16.0,1.0,2,1.0,4.0,24.0
4946,3,7309,24,,1.0,2,1.0,4.0,20.0
4946,4,7309,22,15.0,1.0,1,1.0,4.0,15.0
4947,1,7310,76,,,2,6.0,4.0,
4948,1,7306,25,15.0,1.0,1,1.0,4.0,28.0
4948,2,7306,21,15.0,1.0,2,1.0,4.0,16.0
4949,1,7312,65,,3.0,2,1.0,4.0,20.0
4949,2,7312,65,,1.0,1,1.0,4.0,50.0
4950,1,7321,80,,,2,6.0,4.0,
4950,2,7321,84,,,1,6.0,4.0,
4950,3,7321,56,,,2,6.0,4.0,
4951,1,7311,44,,5.0,1,1.0,4.0,40.0
4951,2,7311,43,,1.0,2,6.0,4.0,40.0
4951,3,7311,13,10.0,,1,,,
4951,4,7311,10,7.0,,1,,,
4952,1,7312,94,,1.0,2,1.0,4.0,30.0
4953,1,7320,50,,4.0,1,1.0,2.0,45.0
4953,2,7320,51,,4.0,2,1.0,4.0,40.0
4953,3,7320,18,14.0,,2,6.0,4.0,
4953,4,7320,17,13.0,,1,6.0,4.0,
4953,5,7320,83,,,2,6.0,4.0,
4954,1,7315,67,,1.0,1,6.0,4.0,
4955,1,7315,55,,1.0,2,1.0,4.0,40.0
4956,1,7311,25,,1.0,2,1.0,4.0,40.0
4956,2,7311,24,,1.0,2,1.0,4.0,40.0
4957,1,7303,73,,1.0,1,6.0,2.0,
4957,2,7303,69,,,2,6.0,4.0,
4958,1,7322,65,,5.0,2,6.0,4.0,40.0
4959,1,7315,38,,1.0,2,1.0,4.0,20.0
4959,2,7315,39,,1.0,1,1.0,4.0,40.0
4959,3,7315,4,1.0,,1,,,
4960,1,7319,23,,5.0,1,1.0,4.0,40.0
4960,2,7319,22,,,2,6.0,4.0,
4960,3,7319,0,,,2,,,
4961,1,7311,61,,1.0,1,1.0,4.0,40.0
4961,2,7311,40,,4.0,2,1.0,4.0,40.0
4961,3,7311,10,6.0,,1,,,
4962,1,7312,78,,,2,6.0,4.0,
4963,1,7307,62,,7.0,1,1.0,4.0,45.0
4963,2,7307,60,,1.0,2,1.0,4.0,36.0
4963,3,7307,22,15.0,1.0,2,1.0,4.0,24.0
4964,1,7301,56,,,1,6.0,4.0,
4964,2,7301,40,,2.0,2,1.0,4.0,50.0
4964,3,7301,5,2.0,,2,,,
4965,1,7305,36,,,2,6.0,4.0,
4965,2,7305,43,,6.0,1,1.0,4.0,40.0
4965,3,7305,20,,1.0,2,1.0,4.0,40.0
4965,4,7305,18,,1.0,2,1.0,4.0,20.0
4965,5,7305,14,11.0,,1,,,
4965,6,7305,7,4.0,,2,,,
4966,1,7313,74,,,1,6.0,4.0,
4966,2,7313,75,,,2,6.0,4.0,
4967,1,7312,74,,6.0,2,1.0,4.0,12.0
4968,1,7318,48,,1.0,1,1.0,4.0,30.0
4968,2,7318,48,,,2,6.0,4.0,
4969,1,7308,52,,1.0,1,1.0,4.0,45.0
4969,2,7308,45,,1.0,2,1.0,4.0,45.0
4969,3,7308,7,3.0,,2,,,
4969,4,7308,5,2.0,,1,,,
4970,1,7310,72,,,1,6.0,3.0,
4970,2,7310,61,,,2,6.0,4.0,
4971,1,7304,28,,1.0,2,1.0,4.0,35.0
4972,1,7309,64,,,2,6.0,4.0,
4972,2,7309,30,15.0,1.0,2,1.0,4.0,40.0
4972,3,7309,63,15.0,,2,6.0,4.0,
4973,1,7316,23,,1.0,1,1.0,4.0,40.0
4973,2,7316,23,,1.0,2,1.0,4.0,30.0
4974,1,7315,38,,1.0,1,1.0,4.0,45.0
4975,1,7317,63,,1.0,1,1.0,2.0,40.0
4975,2,7317,68,,1.0,2,1.0,3.0,40.0
4975,3,7317,49,,1.0,2,1.0,4.0,30.0
4976,1,7316,73,,,2,6.0,4.0,
4976,2,7316,94,,,1,6.0,4.0,
4977,1,7319,54,,1.0,2,1.0,4.0,40.0
4977,2,7319,23,,1.0,2,1.0,4.0,40.0
4977,3,7319,17,14.0,9.0,1,3.0,4.0,
4977,4,7319,16,13.0,,2,6.0,,
4977,5,7319,14,11.0,,2,,,
4978,1,7322,78,,,1,6.0,4.0,
4978,2,7322,74,,,2,6.0,4.0,
4978,3,7322,52,,3.0,1,1.0,4.0,18.0
4979,1,7318,35,,5.0,2,1.0,4.0,40.0
4979,2,7318,63,,,2,6.0,4.0,
4980,1,7308,67,,6.0,1,1.0,2.0,50.0
4980,2,7308,58,,6.0,1,6.0,4.0,
4981,1,7317,58,,6.0,1,1.0,4.0,2.0
4981,2,7317,57,,,2,6.0,4.0,
4982,1,7313,54,,1.0,2,1.0,4.0,36.0
4982,2,7313,54,,4.0,1,1.0,2.0,40.0
4983,1,7310,69,,,1,6.0,4.0,
4983,2,7310,66,,,2,6.0,4.0,
4984,1,7306,74,,,2,6.0,4.0,
4984,2,7306,76,,1.0,1,1.0,4.0,32.0
4985,1,7306,35,,6.0,2,1.0,4.0,20.0
4985,2,7306,43,,1.0,1,1.0,4.0,45.0
4985,3,7306,3,1.0,,1,,,
4985,4,7306,2,,,1,,,
4986,1,7314,74,,,1,6.0,4.0,
4987,1,7304,69,,3.0,2,6.0,4.0,
4987,2,7304,74,,,2,6.0,4.0,
4988,1,7321,60,,,1,6.0,4.0,
4989,1,7318,62,,1.0,2,1.0,4.0,40.0
4989,2,7318,37,,1.0,2,1.0,2.0,40.0
4989,3,7318,36,,9.0,1,3.0,4.0,
4990,1,7315,31,,1.0,1,1.0,2.0,40.0
4990,2,7315,32,,1.0,2,1.0,4.0,55.0
4991,1,7316,74,,,1,6.0,2.0,
4991,2,7316,72,,,2,6.0,4.0,
4992,1,7304,64,,6.0,2,1.0,4.0,5.0
4992,2,7304,67,,1.0,1,3.0,4.0,
4993,1,7317,38,,2.0,1,1.0,4.0,40.0
4993,2,7317,30,,1.0,1,1.0,4.0,50.0
4994,1,7315,37,,2.0,1,1.0,4.0,40.0
4994,2,7315,37,,2.0,2,1.0,4.0,40.0
4994,3,7315,5,2.0,,1,,,
4994,4,7315,2,,,1,,,
4995,1,7311,60,,2.0,2,1.0,4.0,40.0
4995,2,7311,66,,2.0,1,6.0,4.0,
4996,1,7301,29,,1.0,2,1.0,4.0,40.0
4996,2,7301,34,,6.0,1,1.0,4.0,50.0
4997,1,7318,29,,6.0,1,6.0,4.0,
4997,2,7318,22,,,2,6.0,4.0,
4997,3,7318,68,,,1,6.0,4.0,
4997,4,7318,67,,,2,6.0,4.0,
4998,1,7310,79,,,1,6.0,2.0,
4998,2,7310,78,,,2,6.0,4.0,
4999,1,7321,48,,4.0,2,1.0,4.0,40.0
4999,2,7321,25,16.0,1.0,2,1.0,4.0,40.0
4999,3,7321,22,15.0,9.0,1,3.0,4.0,
4999,4,7321,20,15.0,,1,6.0,4.0,
5000,1,7316,29,,7.0,1,1.0,4.0,50.0
5000,2,7316,29,,3.0,2,1.0,4.0,40.0
5001,1,7314,68,,7.0,2,3.0,4.0,
5001,2,7314,34,,1.0,1,6.0,4.0,
5002,1,7315,32,,1.0,2,1.0,4.0,36.0
5002,2,7315,32,16.0,1.0,1,1.0,2.0,40.0
5002,3,7315,2,,,2,,,
5003,1,7308,65,,9.0,1,3.0,4.0,
5003,2,7308,65,,2.0,2,1.0,4.0,40.0
5003,3,7308,65,,,1,6.0,4.0,
5004,1,7318,66,,1.0,1,1.0,4.0,16.0
5004,2,7318,63,,,2,6.0,4.0,
5005,1,7322,50,,1.0,2,3.0,4.0,
5005,2,7322,52,,1.0,1,1.0,4.0,21.0
5006,1,7314,94,,,1,6.0,2.0,
5006,2,7314,89,,,2,6.0,4.0,
5007,1,7308,73,,,1,6.0,3.0,
5007,2,7308,71,,,2,6.0,4.0,
5008,1,7310,39,,2.0,2,1.0,4.0,50.0
5008,2,7310,40,,2.0,1,1.0,4.0,40.0
5009,1,7315,25,,1.0,2,1.0,4.0,40.0
5009,2,7315,27,,1.0,1,1.0,4.0,40.0
5010,1,7311,28,,1.0,1,1.0,4.0,40.0
5010,2,7311,29,,1.0,2,1.0,4.0,40.0
5010,3,7311,26,,1.0,1,1.0,4.0,40.0
5010,4,7311,27,,1.0,1,1.0,4.0,40.0
5010,5,7311,26,,5.0,1,4.0,1.0,40.0
5010,6,7311,23,,1.0,2,1.0,4.0,40.0
5011,1,7310,38,,2.0,2,1.0,4.0,60.0
5011,2,7310,11,7.0,,1,,,
5012,1,7311,68,,7.0,2,1.0,4.0,60.0
5012,2,7311,68,,,1,6.0,2.0,
5013,1,7314,77,,,2,6.0,4.0,
5013,2,7314,81,,,1,6.0,2.0,
5014,1,7313,34,,1.0,1,1.0,4.0,40.0
5014,2,7313,23,15.0,1.0,2,3.0,4.0,4.0
5015,1,7321,56,,1.0,2,1.0,4.0,40.0
5015,2,7321,62,,1.0,1,6.0,4.0,
5015,3,7321,82,,,2,6.0,4.0,
5015,4,7321,63,,3.0,2,1.0,4.0,20.0
5016,1,7302,69,,,1,6.0,4.0,
5016,2,7302,63,,,2,6.0,4.0,
5016,3,7302,55,,8.0,1,1.0,4.0,40.0
5017,1,7320,79,,,1,6.0,4.0,
5017,2,7320,78,,,2,6.0,4.0,
5017,3,7320,47,,9.0,1,3.0,4.0,
5018,1,7321,59,,,2,6.0,4.0,
5018,2,7321,69,,1.0,1,1.0,3.0,45.0
5019,1,7309,64,,,2,6.0,4.0,
5019,2,7309,68,,4.0,1,1.0,3.0,15.0
5019,3,7309,33,,1.0,2,1.0,4.0,32.0
5020,1,7315,36,,4.0,1,1.0,4.0,50.0
5021,1,7313,87,,,1,6.0,4.0,
5021,2,7313,59,,1.0,2,6.0,4.0,40.0
5021,3,7313,59,,,1,6.0,4.0,
5022,1,7305,53,,6.0,1,1.0,4.0,40.0
5022,2,7305,50,,1.0,2,1.0,4.0,50.0
5022,3,7305,21,15.0,4.0,1,1.0,4.0,10.0
5022,4,7305,14,11.0,,1,,,
5022,5,7305,15,12.0,,1,,,
5022,6,7305,10,6.0,,1,,,
5023,1,7302,58,,1.0,2,1.0,4.0,40.0
5023,2,7302,31,,1.0,1,1.0,4.0,40.0
5023,3,7302,7,5.0,,1,,,
5024,1,7316,34,,5.0,2,4.0,1.0,60.0
5025,1,7313,40,,6.0,2,1.0,4.0,4.0
5025,2,7313,33,,2.0,1,1.0,4.0,28.0
5025,3,7313,20,,1.0,2,1.0,4.0,30.0
5025,4,7313,19,,,2,6.0,4.0,
5025,5,7313,16,12.0,,2,6.0,,
5025,6,7313,13,10.0,,1,,,
5026,1,7306,57,,3.0,2,1.0,4.0,40.0
5026,2,7306,42,,1.0,1,3.0,4.0,40.0
5026,3,7306,25,15.0,1.0,2,1.0,4.0,40.0
5026,4,7306,60,,1.0,2,6.0,4.0,
5027,1,7309,47,,1.0,1,1.0,4.0,60.0
5027,2,7309,44,,,2,6.0,4.0,
5027,3,7309,15,11.0,,1,,,
5027,4,7309,11,7.0,,2,,,
5028,1,7316,94,,,1,6.0,4.0,
5028,2,7316,45,,1.0,1,1.0,4.0,40.0
5028,3,7316,19,15.0,,1,6.0,4.0,
5028,4,7316,45,,1.0,2,1.0,4.0,40.0
5029,1,7316,61,,4.0,2,1.0,4.0,60.0
5030,1,7313,63,,,1,6.0,4.0,
5030,2,7313,62,,1.0,2,1.0,4.0,40.0
5030,3,7313,43,,1.0,1,1.0,4.0,30.0
5030,4,7313,14,,,1,,,
5031,1,7317,59,,1.0,1,1.0,4.0,50.0
5031,2,7317,52,,4.0,2,1.0,4.0,40.0
5031,3,7317,22,,1.0,2,3.0,4.0,
5031,4,7317,16,13.0,,2,6.0,,
5032,1,7310,82,,,2,6.0,4.0,
5033,1,7318,78,,,2,6.0,4.0,
5034,1,7312,45,,4.0,2,1.0,4.0,50.0
5035,1,7311,50,,1.0,1,1.0,4.0,50.0
5035,2,7311,43,,1.0,2,1.0,4.0,40.0
5036,1,7316,67,,1.0,2,1.0,4.0,31.0
5037,1,7313,64,,2.0,2,1.0,4.0,40.0
5037,2,7313,66,,1.0,1,6.0,4.0,
5037,3,7313,40,,1.0,2,6.0,4.0,
5037,4,7313,15,12.0,,1,,,
5037,5,7313,1,,,2,,,
5037,6,7313,46,,1.0,1,1.0,4.0,40.0
5038,1,7306,60,,5.0,1,1.0,4.0,40.0
5038,2,7306,51,,,2,6.0,4.0,
5039,1,7317,53,,,2,6.0,4.0,
5039,2,7317,50,,6.0,1,6.0,4.0,6.0
5039,3,7317,17,13.0,,1,6.0,4.0,
5039,4,7317,14,9.0,,2,,,
5039,5,7317,10,7.0,,2,,,
5040,1,7305,62,,,1,6.0,4.0,
5041,1,7308,65,,1.0,1,6.0,4.0,
5041,2,7308,63,,,2,6.0,4.0,
5042,1,7302,63,,1.0,2,6.0,4.0,
5042,2,7302,65,16.0,1.0,1,1.0,4.0,72.0
5043,1,7315,68,,,2,6.0,4.0,
5044,1,7316,64,,6.0,1,6.0,4.0,
5044,2,7316,62,,6.0,2,6.0,4.0,
5044,3,7316,34,,6.0,1,1.0,4.0,70.0
5045,1,7317,60,,2.0,1,1.0,4.0,40.0
5046,1,7302,69,,2.0,1,1.0,4.0,15.0
5046,2,7302,49,,2.0,2,1.0,4.0,10.0
5047,1,7308,39,,1.0,2,1.0,4.0,55.0
5047,2,7308,41,,6.0,1,1.0,4.0,55.0
5048,1,7302,66,,,2,6.0,4.0,
5048,2,7302,70,,,1,6.0,4.0,
5049,1,7316,28,,2.0,2,1.0,4.0,50.0
5050,1,7301,33,,7.0,2,1.0,4.0,45.0
5050,2,7301,36,,7.0,2,1.0,4.0,40.0
5051,1,7310,75,,,1,6.0,3.0,
5051,2,7310,78,,1.0,2,6.0,4.0,
5052,1,7309,52,,2.0,2,1.0,4.0,24.0
5053,1,7310,70,,6.0,2,1.0,4.0,2.0
5054,1,7312,70,,,1,6.0,4.0,
5055,1,7322,32,,,2,6.0,4.0,
5055,2,7322,32,,1.0,1,1.0,4.0,48.0
5055,3,7322,2,,,1,,,
5056,1,7316,31,,1.0,1,1.0,4.0,50.0
5056,2,7316,32,,1.0,2,1.0,4.0,40.0
5057,1,7322,76,,,2,6.0,4.0,
5057,2,7322,12,10.0,,2,,,
5058,1,7301,44,,6.0,2,1.0,4.0,30.0
5058,2,7301,24,,1.0,2,1.0,4.0,40.0
5059,1,7305,69,,1.0,1,6.0,4.0,
5059,2,7305,60,,,2,6.0,4.0,
5059,3,7305,53,,1.0,2,6.0,4.0,
5059,4,7305,72,,,1,6.0,2.0,
5060,1,7314,47,,1.0,1,1.0,4.0,50.0
5060,2,7314,17,14.0,,2,6.0,4.0,
5060,3,7314,16,13.0,,1,6.0,,
5061,1,7319,55,,3.0,2,1.0,4.0,15.0
5061,2,7319,56,,1.0,1,1.0,4.0,40.0
5062,1,7309,44,,1.0,1,3.0,4.0,
5062,2,7309,35,,5.0,2,1.0,4.0,42.0
5063,1,7304,94,,,2,6.0,4.0,
5064,1,7316,37,,5.0,1,4.0,1.0,40.0
5064,2,7316,37,,,2,6.0,4.0,
5064,3,7316,8,5.0,,2,,,
5064,4,7316,2,,,1,,,
5065,1,7313,38,,1.0,2,1.0,4.0,7.0
5065,2,7313,19,,1.0,1,1.0,4.0,25.0
5065,3,7313,15,12.0,,1,,,
5065,4,7313,13,10.0,,2,,,
5065,5,7313,1,,,1,,,
5066,1,7302,37,,7.0,1,1.0,4.0,40.0
5066,2,7302,36,,,2,6.0,4.0,
5066,3,7302,3,,,2,,,
5066,4,7302,0,,,2,,,
5067,1,7304,32,,3.0,2,1.0,4.0,44.0
5067,2,7304,35,,1.0,1,1.0,4.0,40.0
5068,1,7306,61,,5.0,1,6.0,2.0,
5068,2,7306,63,,1.0,2,6.0,4.0,
5069,1,7311,58,,1.0,1,1.0,4.0,60.0
5069,2,7311,49,,1.0,2,1.0,4.0,45.0
5069,3,7311,25,,1.0,1,1.0,4.0,40.0
5070,1,7316,28,,3.0,1,1.0,4.0,40.0
5070,2,7316,28,,1.0,1,1.0,4.0,40.0
5071,1,7313,55,,2.0,2,1.0,4.0,28.0
5071,2,7313,58,,1.0,1,1.0,4.0,40.0
5071,3,7313,26,,1.0,1,1.0,4.0,42.0
5071,4,7313,24,,1.0,1,1.0,4.0,50.0
5072,1,7301,49,,2.0,2,1.0,4.0,38.0
5072,2,7301,14,11.0,,2,,,
5072,3,7301,12,9.0,,2,,,
5073,1,7318,56,,3.0,1,6.0,2.0,
5073,2,7318,57,,,2,6.0,4.0,
5073,3,7318,21,15.0,3.0,1,1.0,4.0,14.0
5074,1,7319,69,,,2,6.0,4.0,
5075,1,7307,71,,6.0,1,6.0,4.0,
5075,2,7307,67,,6.0,2,1.0,4.0,20.0
5076,1,7306,65,,1.0,2,1.0,4.0,40.0
5077,1,7311,31,,,1,6.0,4.0,
5077,2,7311,26,,,2,6.0,4.0,
5078,1,7313,35,,1.0,1,1.0,4.0,42.0
5078,2,7313,24,,1.0,2,1.0,4.0,40.0
5078,3,7313,31,,1.0,2,1.0,4.0,55.0
5078,4,7313,30,,1.0,1,1.0,4.0,40.0
5079,1,7318,46,,2.0,2,1.0,4.0,36.0
5079,2,7318,52,,1.0,1,1.0,4.0,40.0
5079,3,7318,11,8.0,,1,,,
5079,4,7318,49,,,1,6.0,4.0,
5080,1,7309,32,,1.0,1,1.0,4.0,50.0
5081,1,7301,38,,1.0,1,1.0,4.0,40.0
5081,2,7301,37,,1.0,2,1.0,4.0,40.0
5081,3,7301,6,3.0,,2,,,
5081,4,7301,3,,,1,,,
5082,1,7315,53,,1.0,1,1.0,4.0,38.0
5083,1,7319,78,,,2,6.0,4.0,
5084,1,7319,94,,,2,6.0,4.0,
5084,2,7319,59,,6.0,1,6.0,4.0,
5085,1,7318,82,,,1,6.0,2.0,
5085,2,7318,82,,,2,6.0,4.0,
5085,3,7318,56,,1.0,1,3.0,2.0,
5085,4,7318,5,2.0,,1,,,
5085,5,7318,5,1.0,,1,,,
5086,1,7318,46,,3.0,1,1.0,4.0,40.0
5086,2,7318,42,,1.0,2,1.0,4.0,40.0
5086,3,7318,11,8.0,,1,,,
5087,1,7309,58,,1.0,2,2.0,4.0,49.0
5088,1,7306,49,,1.0,1,1.0,4.0,55.0
5088,2,7306,49,,,2,6.0,4.0,
5088,3,7306,16,13.0,,2,6.0,,
5088,4,7306,11,7.0,,1,,,
5089,1,7309,59,,1.0,2,1.0,4.0,40.0
5089,2,7309,63,,1.0,1,1.0,4.0,40.0
5090,1,7308,55,,6.0,2,1.0,4.0,25.0
5090,2,7308,35,,1.0,1,1.0,4.0,30.0
5090,3,7308,19,15.0,1.0,1,1.0,4.0,20.0
5091,1,7301,35,,1.0,2,1.0,4.0,40.0
5091,2,7301,33,,1.0,1,1.0,4.0,40.0
5092,1,7314,47,,1.0,1,1.0,2.0,45.0
5092,2,7314,42,,,2,6.0,4.0,
5092,3,7314,14,10.0,,2,,,
5093,1,7315,57,,5.0,1,1.0,4.0,48.0
5093,2,7315,51,,6.0,2,6.0,4.0,
5093,3,7315,23,15.0,1.0,2,1.0,4.0,12.0
5093,4,7315,20,,1.0,2,1.0,4.0,35.0
5093,5,7315,16,14.0,,1,6.0,,
5093,6,7315,13,9.0,,1,,,
5094,1,7321,85,,6.0,1,6.0,2.0,
5094,2,7321,82,15.0,,2,6.0,4.0,
5095,1,7304,43,,1.0,1,1.0,4.0,40.0
5096,1,7314,28,,1.0,2,1.0,4.0,50.0
5097,1,7301,55,16.0,1.0,2,1.0,4.0,40.0
5097,2,7301,58,,5.0,1,1.0,2.0,40.0
5097,3,7301,13,10.0,,2,,,
5098,1,7306,64,,1.0,2,3.0,4.0,20.0
5099,1,7304,45,,1.0,1,1.0,4.0,40.0
5099,2,7304,44,,6.0,2,1.0,4.0,50.0
5100,1,7315,34,,1.0,2,1.0,4.0,40.0
5100,2,7315,40,,1.0,1,1.0,4.0,40.0
5100,3,7315,11,7.0,,2,,,
5100,4,7315,8,5.0,,1,,,
5101,1,7301,56,,1.0,1,1.0,4.0,45.0
5101,2,7301,46,,1.0,2,1.0,4.0,40.0
5101,3,7301,12,9.0,,1,,,
5101,4,7301,7,4.0,,2,,,
5102,1,7302,36,,1.0,2,1.0,4.0,36.0
5102,2,7302,37,,1.0,1,1.0,4.0,35.0
5102,3,7302,14,11.0,,2,,,
5102,4,7302,13,10.0,,2,,,
5102,5,7302,7,4.0,,1,,,
5102,6,7302,5,1.0,,2,,,
5103,1,7319,66,,7.0,2,1.0,4.0,25.0
5104,1,7321,79,,,2,6.0,4.0,
5105,1,7319,42,,2.0,1,1.0,4.0,40.0
5105,2,7319,31,,,2,6.0,4.0,
5105,3,7319,24,,1.0,2,3.0,4.0,30.0
5106,1,7303,50,10.0,6.0,2,1.0,4.0,45.0
5106,2,7303,41,,1.0,1,1.0,4.0,40.0
5106,3,7303,68,,,2,6.0,4.0,
5106,4,7303,42,,1.0,2,1.0,4.0,20.0
5106,5,7303,25,,1.0,2,1.0,4.0,40.0
5106,6,7303,6,2.0,,1,,,
5106,7,7303,4,1.0,,2,,,
5107,1,7307,67,,,2,6.0,4.0,
5107,2,7307,71,,,1,6.0,2.0,
5108,1,7316,33,,1.0,2,1.0,4.0,30.0
5109,1,7322,28,,3.0,1,1.0,2.0,40.0
5109,2,7322,28,,1.0,2,1.0,4.0,28.0
5109,3,7322,6,2.0,,1,,,
5109,4,7322,28,,5.0,1,4.0,1.0,40.0
5109,5,7322,28,,5.0,1,4.0,1.0,40.0
5110,1,7301,45,,6.0,1,1.0,4.0,40.0
5110,2,7301,43,,,2,6.0,4.0,
5110,3,7301,24,15.0,9.0,2,3.0,4.0,
5110,4,7301,23,15.0,,1,6.0,4.0,
5110,5,7301,14,10.0,,1,,,
5110,6,7301,2,,,2,,,
5111,1,7304,94,,,2,6.0,4.0,
5112,1,7307,65,,1.0,2,1.0,4.0,40.0
5113,1,7318,50,,1.0,2,1.0,4.0,40.0
5113,2,7318,55,,1.0,1,1.0,4.0,24.0
5113,3,7318,29,,1.0,1,1.0,4.0,44.0
5113,4,7318,25,,1.0,1,1.0,4.0,40.0
5113,5,7318,23,16.0,1.0,1,1.0,4.0,17.0
5113,6,7318,14,10.0,,1,,,
5113,7,7318,23,15.0,1.0,2,1.0,4.0,16.0
5114,1,7321,78,,,2,6.0,4.0,
5115,1,7322,72,,,1,6.0,2.0,
5115,2,7322,74,,,2,6.0,4.0,
5115,3,7322,54,,1.0,2,6.0,4.0,40.0
5116,1,7309,56,,,2,6.0,4.0,
5116,2,7309,55,,1.0,1,6.0,4.0,3.0
5116,3,7309,24,,1.0,2,3.0,4.0,20.0
5116,4,7309,22,,1.0,2,3.0,4.0,20.0
5117,1,7322,58,,3.0,1,1.0,4.0,40.0
5117,2,7322,56,,3.0,2,1.0,4.0,40.0
5117,3,7322,38,,3.0,2,1.0,4.0,32.0
5117,4,7322,34,,3.0,1,1.0,4.0,40.0
5117,5,7322,10,7.0,,2,,,
5117,6,7322,8,4.0,,2,,,
5117,7,7322,6,2.0,,1,,,
5118,1,7301,62,,6.0,2,1.0,4.0,60.0
5118,2,7301,17,13.0,1.0,2,1.0,4.0,8.0
5118,3,7301,16,13.0,,1,6.0,,
5118,4,7301,30,,2.0,2,1.0,4.0,40.0
5118,5,7301,28,,2.0,2,1.0,4.0,50.0
5119,1,7312,54,,1.0,1,1.0,2.0,65.0
5119,2,7312,60,,1.0,2,3.0,4.0,20.0
5119,3,7312,25,,1.0,2,1.0,4.0,35.0
5120,1,7309,63,,2.0,1,6.0,4.0,12.0
5120,2,7309,60,,,2,6.0,4.0,
5121,1,7307,74,,,1,6.0,2.0,
5121,2,7307,71,,,2,6.0,4.0,
5122,1,7315,63,,1.0,2,1.0,4.0,40.0
5122,2,7315,42,,1.0,2,1.0,4.0,40.0
5122,3,7315,20,,9.0,1,3.0,4.0,
5123,1,7303,76,,,1,6.0,2.0,
5123,2,7303,83,,,2,6.0,4.0,
5124,1,7305,34,,1.0,1,1.0,4.0,40.0
5124,2,7305,33,,6.0,2,1.0,4.0,40.0
5124,3,7305,10,9.0,,1,,,
5124,4,7305,5,4.0,,2,,,
5124,5,7305,2,,,1,,,
5125,1,7301,59,,1.0,2,1.0,4.0,40.0
5125,2,7301,64,,1.0,1,1.0,4.0,40.0
5126,1,7316,32,,7.0,1,1.0,4.0,40.0
5127,1,7314,79,,,2,6.0,4.0,
5128,1,7305,75,,,2,6.0,4.0,
5128,2,7305,81,,,1,6.0,4.0,
5128,3,7305,54,,,1,6.0,4.0,
5129,1,7320,94,,,2,6.0,4.0,
5130,1,7304,64,,2.0,1,1.0,4.0,45.0
5130,2,7304,65,,,2,6.0,4.0,
5131,1,7306,23,,6.0,1,1.0,4.0,60.0
5131,2,7306,24,,1.0,2,6.0,4.0,37.0
5131,3,7306,23,15.0,,2,6.0,4.0,
5132,1,7322,33,,1.0,2,1.0,4.0,25.0
5132,2,7322,13,9.0,,1,,,
5132,3,7322,9,5.0,,1,,,
5133,1,7312,33,,1.0,1,1.0,4.0,40.0
5133,2,7312,31,,2.0,2,1.0,4.0,40.0
5134,1,7301,65,,1.0,1,6.0,2.0,
5134,2,7301,69,,,2,6.0,4.0,
5134,3,7301,33,,1.0,1,3.0,4.0,40.0
5135,1,7310,74,,6.0,1,6.0,4.0,
5135,2,7310,72,,,2,6.0,4.0,
5136,1,7312,27,16.0,2.0,1,1.0,4.0,40.0
5136,2,7312,27,,1.0,1,1.0,4.0,18.0
5137,1,7314,25,16.0,,2,6.0,4.0,
5137,2,7314,49,,,2,6.0,4.0,
5138,1,7311,36,,4.0,2,1.0,4.0,40.0
5138,2,7311,3,1.0,,2,,,
5139,1,7316,23,,1.0,1,1.0,4.0,50.0
5140,1,7306,25,,1.0,2,1.0,4.0,36.0
5140,2,7306,25,,1.0,1,1.0,4.0,50.0
5141,1,7303,32,,1.0,2,1.0,4.0,40.0
5141,2,7303,37,,1.0,1,1.0,4.0,50.0
5141,3,7303,0,,,2,,,
5142,1,7318,40,,1.0,1,1.0,4.0,50.0
5142,2,7318,39,,,2,6.0,4.0,
5143,1,7313,50,,1.0,2,6.0,4.0,
5143,2,7313,51,,1.0,1,1.0,4.0,45.0
5143,3,7313,19,14.0,,1,6.0,4.0,
5143,4,7313,19,14.0,,1,6.0,4.0,
5144,1,7315,42,,7.0,1,1.0,4.0,45.0
5144,2,7315,38,,1.0,2,1.0,4.0,39.0
5145,1,7308,77,,,2,6.0,4.0,
5145,2,7308,83,,,1,6.0,2.0,
5146,1,7321,51,15.0,5.0,1,1.0,2.0,15.0
5146,2,7321,41,15.0,,2,6.0,4.0,
5146,3,7321,5,2.0,,2,,,
5146,4,7321,78,,,2,6.0,4.0,
5147,1,7310,32,,6.0,2,1.0,4.0,35.0
5147,2,7310,3,1.0,,1,,,
5147,3,7310,75,,,2,6.0,4.0,
5148,1,7309,36,,3.0,2,1.0,4.0,40.0
5148,2,7309,32,,1.0,1,1.0,4.0,42.0
5148,3,7309,0,,,2,,,
5149,1,7318,57,,3.0,2,1.0,4.0,40.0
5150,1,7315,77,,6.0,2,1.0,4.0,12.0
5150,2,7315,60,,1.0,1,1.0,2.0,40.0
5151,1,7320,81,,,1,6.0,2.0,
5151,2,7320,82,,3.0,2,6.0,4.0,
5152,1,7321,81,,,2,6.0,4.0,
5152,2,7321,60,,,2,6.0,4.0,
5153,1,7308,70,,,2,6.0,4.0,
5153,2,7308,68,,,1,6.0,4.0,
5154,1,7309,45,,1.0,1,1.0,4.0,50.0
5154,2,7309,43,,,2,6.0,4.0,
5154,3,7309,17,14.0,1.0,2,1.0,4.0,20.0
5154,4,7309,15,11.0,,1,,,
5154,5,7309,12,8.0,,1,,,
5155,1,7314,59,,3.0,2,1.0,4.0,40.0
5155,2,7314,62,,1.0,1,1.0,4.0,40.0
5155,3,7314,31,,6.0,1,1.0,4.0,60.0
5155,4,7314,27,,1.0,2,1.0,4.0,40.0
5156,1,7313,45,,2.0,2,1.0,4.0,25.0
5156,2,7313,44,,1.0,1,1.0,3.0,40.0
5156,3,7313,13,10.0,,2,,,
5156,4,7313,9,5.0,,2,,,
5156,5,7313,5,2.0,,2,,,
5157,1,7311,68,,1.0,1,2.0,4.0,39.0
5157,2,7311,66,,,2,6.0,4.0,
5158,1,7318,66,,5.0,1,6.0,2.0,
5158,2,7318,63,,1.0,2,1.0,4.0,40.0
5158,3,7318,29,,1.0,1,6.0,4.0,
5158,4,7318,59,,5.0,2,1.0,4.0,40.0
5159,1,7304,44,,2.0,2,1.0,4.0,40.0
5159,2,7304,46,,2.0,1,1.0,4.0,40.0
5159,3,7304,16,13.0,1.0,1,6.0,,10.0
5159,4,7304,12,9.0,,2,,,
5160,1,7316,64,,7.0,1,1.0,4.0,35.0
5160,2,7316,60,,6.0,1,6.0,4.0,
5161,1,7315,25,,1.0,1,1.0,4.0,12.0
5161,2,7315,28,,1.0,1,1.0,2.0,40.0
5162,1,7311,57,,2.0,1,1.0,4.0,40.0
5162,2,7311,54,,1.0,2,1.0,2.0,55.0
5163,1,7301,90,15.0,,1,6.0,2.0,
5163,2,7301,79,,,2,6.0,4.0,
5164,1,7304,73,,,2,6.0,4.0,
5165,1,7316,55,,3.0,2,1.0,4.0,40.0
5166,1,7305,77,,1.0,2,1.0,4.0,14.0
5167,1,7318,66,,,1,6.0,2.0,
5167,2,7318,74,,,2,6.0,4.0,
5168,1,7319,60,,,1,6.0,4.0,
5169,1,7304,62,,1.0,1,1.0,2.0,50.0
5169,2,7304,62,,1.0,2,1.0,4.0,40.0
5170,1,7311,78,,,1,6.0,2.0,
5170,2,7311,75,,,2,6.0,4.0,
5171,1,7307,23,15.0,1.0,2,1.0,4.0,50.0
5171,2,7307,23,,5.0,1,4.0,1.0,48.0
5171,3,7307,22,14.0,4.0,1,1.0,4.0,20.0
5172,1,7307,47,16.0,3.0,2,1.0,4.0,48.0
5172,2,7307,45,15.0,1.0,1,1.0,4.0,48.0
5172,3,7307,39,15.0,6.0,1,1.0,4.0,50.0
5172,4,7307,33,,1.0,1,6.0,4.0,
5172,5,7307,17,13.0,,1,6.0,4.0,
5172,6,7307,15,11.0,,2,,,
5172,7,7307,15,11.0,,1,,,
5173,1,7316,25,,5.0,2,4.0,1.0,40.0
5173,2,7316,22,,5.0,1,4.0,1.0,40.0
5173,3,7316,0,,,2,,,
5174,1,7319,62,,1.0,1,2.0,2.0,40.0
5174,2,7319,58,,,1,6.0,3.0,
5175,1,7315,37,,5.0,1,4.0,1.0,10.0
5176,1,7301,38,,7.0,2,1.0,4.0,40.0
5176,2,7301,33,,6.0,1,1.0,4.0,40.0
5176,3,7301,1,,,1,,,
5176,4,7301,11,8.0,,1,,,
5177,1,7311,52,,1.0,2,1.0,4.0,40.0
5177,2,7311,55,,1.0,1,1.0,4.0,40.0
5177,3,7311,18,15.0,1.0,1,1.0,4.0,16.0
5178,1,7312,36,,2.0,1,1.0,4.0,60.0
5178,2,7312,37,,4.0,2,6.0,4.0,
5178,3,7312,9,,,1,,,
5178,4,7312,3,1.0,,1,,,
5179,1,7309,55,,,2,6.0,4.0,
5179,2,7309,62,,1.0,1,1.0,4.0,40.0
5179,3,7309,26,,2.0,2,1.0,4.0,70.0
5179,4,7309,15,12.0,,1,,,
5179,5,7309,30,,2.0,1,1.0,4.0,40.0
5180,1,7316,47,,1.0,2,1.0,4.0,40.0
5180,2,7316,53,,1.0,1,1.0,4.0,40.0
5181,1,7306,58,,1.0,1,1.0,4.0,40.0
5181,2,7306,56,,,2,6.0,4.0,
5181,3,7306,7,3.0,,2,,,
5182,1,7308,94,,,2,6.0,4.0,
5182,2,7308,66,,1.0,2,6.0,4.0,
5183,1,7301,52,,6.0,2,1.0,4.0,40.0
5183,2,7301,59,,1.0,1,1.0,2.0,60.0
5184,1,7322,33,,1.0,1,1.0,4.0,35.0
5184,2,7322,31,,2.0,2,1.0,4.0,16.0
5184,3,7322,4,,,1,,,
5185,1,7309,74,,,1,6.0,2.0,
5186,1,7320,39,15.0,3.0,1,1.0,4.0,40.0
5186,2,7320,38,,2.0,2,6.0,4.0,
5186,3,7320,13,10.0,,2,,,
5186,4,7320,9,5.0,,1,,,
5186,5,7320,6,2.0,,1,,,
5186,6,7320,3,,,2,,,
5187,1,7315,66,,1.0,1,1.0,4.0,25.0
5187,2,7315,49,,,2,6.0,4.0,
5188,1,7308,37,,1.0,1,1.0,4.0,40.0
5188,2,7308,32,,,2,6.0,4.0,
5188,3,7308,6,2.0,,2,,,
5188,4,7308,1,,,2,,,
5188,5,7308,25,,9.0,1,3.0,4.0,
5189,1,7315,42,,2.0,1,1.0,4.0,50.0
5189,2,7315,50,,3.0,2,1.0,4.0,25.0
5189,3,7315,7,4.0,,1,,,
5190,1,7303,34,,6.0,1,1.0,4.0,65.0
5190,2,7303,32,,1.0,2,1.0,4.0,12.0
5190,3,7303,1,,,1,,,
5191,1,7313,65,,6.0,2,6.0,4.0,60.0
5191,2,7313,65,,1.0,1,3.0,4.0,15.0
5192,1,7301,34,,1.0,1,1.0,4.0,70.0
5192,2,7301,34,,1.0,2,6.0,4.0,12.0
5192,3,7301,4,,,2,,,
5192,4,7301,1,,,2,,,
5193,1,7301,46,,1.0,2,1.0,4.0,21.0
5193,2,7301,47,,3.0,1,1.0,4.0,45.0
5193,3,7301,16,12.0,1.0,2,6.0,,3.0
5193,4,7301,13,10.0,,2,,,
5194,1,7309,66,,1.0,1,1.0,4.0,40.0
5194,2,7309,60,,3.0,2,1.0,4.0,40.0
5195,1,7317,47,,3.0,2,1.0,4.0,45.0
5195,2,7317,48,,1.0,1,1.0,4.0,40.0
5195,3,7317,14,11.0,,2,,,
5195,4,7317,11,7.0,,1,,,
5196,1,7314,67,,,2,6.0,4.0,
5197,1,7311,50,,1.0,2,1.0,4.0,40.0
5197,2,7311,12,9.0,,2,,,
5197,3,7311,78,,,2,6.0,4.0,
5198,1,7306,45,,2.0,1,1.0,4.0,40.0
5198,2,7306,48,,1.0,2,1.0,4.0,40.0
5198,3,7306,18,14.0,,1,6.0,4.0,
5198,4,7306,15,12.0,,1,,,
5198,5,7306,11,7.0,,1,,,
5199,1,7311,49,,1.0,2,1.0,4.0,20.0
5199,2,7311,52,,3.0,1,1.0,2.0,50.0
5199,3,7311,12,9.0,,2,,,
5199,4,7311,10,7.0,,1,,,
5200,1,7306,58,,,2,6.0,4.0,
5200,2,7306,64,,,1,6.0,4.0,
5201,1,7306,85,,1.0,2,6.0,4.0,
5201,2,7306,60,,,2,6.0,4.0,
5201,3,7306,58,,1.0,1,1.0,2.0,50.0
5202,1,7308,34,,1.0,1,1.0,4.0,40.0
5202,2,7308,33,,1.0,2,1.0,4.0,40.0
5202,3,7308,6,2.0,,2,,,
5203,1,7322,74,,,1,6.0,2.0,
5203,2,7322,46,,3.0,1,1.0,4.0,20.0
5203,3,7322,6,3.0,,1,,,
5204,1,7315,61,,3.0,2,1.0,4.0,6.0
5205,1,7311,74,,,2,6.0,4.0,
5206,1,7320,64,,2.0,1,6.0,4.0,
5206,2,7320,67,,2.0,2,6.0,4.0,40.0
5206,3,7320,31,15.0,3.0,2,1.0,4.0,20.0
5206,4,7320,8,4.0,,1,,,
5207,1,7301,63,15.0,6.0,2,1.0,4.0,30.0
5207,2,7301,67,,6.0,1,6.0,4.0,
5208,1,7315,76,,,1,6.0,2.0,
5208,2,7315,73,,,2,6.0,4.0,
5209,1,7302,81,,,1,6.0,2.0,
5209,2,7302,80,,,2,6.0,4.0,
5209,3,7302,55,,3.0,2,6.0,4.0,
5210,1,7317,27,,1.0,2,1.0,4.0,25.0
5210,2,7317,48,,1.0,2,3.0,4.0,
5211,1,7303,45,,1.0,1,1.0,2.0,40.0
5211,2,7303,29,,1.0,1,1.0,4.0,40.0
5212,1,7316,72,,,2,6.0,4.0,
5213,1,7301,72,,6.0,1,1.0,4.0,3.0
5213,2,7301,69,,3.0,2,1.0,4.0,40.0
5214,1,7316,45,,3.0,2,3.0,4.0,40.0
5214,2,7316,21,15.0,1.0,1,1.0,4.0,35.0
5215,1,7301,45,,1.0,1,1.0,4.0,40.0
5215,2,7301,43,,,2,6.0,4.0,
5215,3,7301,17,14.0,,1,6.0,4.0,
5215,4,7301,14,11.0,,1,,,
5215,5,7301,13,9.0,,1,,,
5215,6,7301,10,7.0,,2,,,
5216,1,7308,55,,2.0,2,6.0,4.0,
5216,2,7308,54,,1.0,1,1.0,4.0,60.0
5216,3,7308,18,15.0,1.0,1,1.0,4.0,20.0
5217,1,7314,59,,4.0,2,1.0,4.0,43.0
5217,2,7314,38,,1.0,1,1.0,4.0,24.0
5217,3,7314,12,8.0,,1,,,
5218,1,7306,68,,,1,6.0,2.0,
5219,1,7313,25,,1.0,1,1.0,4.0,40.0
5219,2,7313,23,,1.0,2,6.0,4.0,
5219,3,7313,5,1.0,,1,,,
5219,4,7313,62,,1.0,2,1.0,4.0,40.0
5220,1,7315,81,,6.0,1,1.0,3.0,20.0
5220,2,7315,79,,,2,6.0,4.0,
5221,1,7311,38,,5.0,2,1.0,4.0,20.0
5221,2,7311,41,,5.0,1,1.0,2.0,50.0
5222,1,7308,76,,,2,6.0,4.0,
5223,1,7311,23,15.0,6.0,1,1.0,4.0,55.0
5223,2,7311,24,,5.0,1,1.0,2.0,40.0
5223,3,7311,23,15.0,1.0,2,1.0,4.0,40.0
5223,4,7311,23,15.0,1.0,1,1.0,4.0,30.0
5224,1,7315,30,,6.0,2,1.0,4.0,40.0
5224,2,7315,28,,1.0,1,1.0,4.0,45.0
5224,3,7315,4,1.0,,1,,,
5225,1,7320,59,,1.0,2,6.0,4.0,
5225,2,7320,21,15.0,,2,6.0,4.0,
5226,1,7321,24,,4.0,1,1.0,4.0,44.0
5226,2,7321,25,,1.0,1,1.0,4.0,40.0
5226,3,7321,46,,1.0,2,1.0,4.0,40.0
5226,4,7321,23,16.0,1.0,2,1.0,4.0,24.0
5227,1,7301,19,15.0,1.0,2,1.0,4.0,30.0
5227,2,7301,18,,1.0,2,1.0,4.0,40.0
5228,1,7314,52,,5.0,1,1.0,2.0,40.0
5228,2,7314,45,,1.0,2,6.0,4.0,
5228,3,7314,9,5.0,,1,,,
5228,4,7314,9,5.0,,2,,,
5229,1,7315,65,,,1,6.0,4.0,
5230,1,7314,62,,2.0,2,1.0,4.0,12.0
5231,1,7314,54,,4.0,2,1.0,4.0,52.0
5232,1,7313,63,,,1,6.0,4.0,
5232,2,7313,59,,1.0,2,1.0,4.0,50.0
5232,3,7313,54,,1.0,2,1.0,4.0,40.0
5233,1,7304,62,,7.0,1,6.0,4.0,
5233,2,7304,60,,7.0,2,3.0,4.0,50.0
5234,1,7305,37,,1.0,1,6.0,4.0,
5234,2,7305,34,,1.0,2,1.0,4.0,15.0
5234,3,7305,9,6.0,,2,,,
5234,4,7305,7,3.0,,1,,,
5234,5,7305,6,2.0,,1,,,
5235,1,7301,37,,5.0,1,4.0,1.0,45.0
5236,1,7315,35,,4.0,2,1.0,4.0,40.0
5237,1,7301,64,,1.0,2,1.0,4.0,40.0
5237,2,7301,62,,,1,6.0,4.0,
5238,1,7312,21,15.0,,2,6.0,4.0,
5238,2,7312,20,15.0,,2,6.0,4.0,
5239,1,7301,28,,6.0,2,1.0,4.0,45.0
5239,2,7301,31,,3.0,2,1.0,4.0,40.0
5240,1,7311,74,,,1,6.0,4.0,
5240,2,7311,70,,4.0,2,6.0,4.0,
5241,1,7313,77,,,1,6.0,2.0,
5241,2,7313,74,,,2,6.0,4.0,
5242,1,7304,89,,,2,6.0,4.0,
5242,2,7304,63,,1.0,2,1.0,4.0,40.0
5243,1,7316,70,,,2,6.0,4.0,
5244,1,7313,35,,1.0,2,1.0,4.0,40.0
5244,2,7313,40,,1.0,1,1.0,4.0,40.0
5244,3,7313,8,5.0,,2,,,
5244,4,7313,6,3.0,,1,,,
5245,1,7304,73,,,1,6.0,4.0,
5245,2,7304,69,,,2,6.0,4.0,
5246,1,7301,68,,,2,6.0,4.0,
5247,1,7306,59,,,2,6.0,4.0,
5248,1,7307,45,,3.0,2,1.0,4.0,27.0
5248,2,7307,47,,5.0,1,1.0,4.0,40.0
5248,3,7307,26,,2.0,2,1.0,4.0,40.0
5248,4,7307,17,14.0,,1,6.0,4.0,
5248,5,7307,15,12.0,,2,,,
5248,6,7307,6,3.0,,2,,,
5249,1,7308,45,,1.0,1,1.0,4.0,55.0
5249,2,7308,44,,1.0,2,3.0,4.0,
5249,3,7308,7,3.0,,1,,,
5249,4,7308,7,3.0,,2,,,
5249,5,7308,5,2.0,,1,,,
5250,1,7303,81,,1.0,1,1.0,4.0,84.0
5250,2,7303,79,,,2,6.0,4.0,
5251,1,7316,48,,4.0,2,1.0,4.0,40.0
5251,2,7316,55,,4.0,1,1.0,2.0,40.0
5252,1,7318,60,,6.0,2,1.0,4.0,40.0
5252,2,7318,24,,1.0,2,1.0,4.0,40.0
5253,1,7316,72,,1.0,2,6.0,4.0,
5254,1,7309,40,,2.0,2,1.0,4.0,50.0
5255,1,7318,50,,1.0,1,1.0,4.0,56.0
5256,1,7303,71,,6.0,2,6.0,4.0,
5256,2,7303,72,,,1,6.0,2.0,
5257,1,7309,42,,2.0,2,1.0,4.0,32.0
5257,2,7309,9,7.0,,2,,,
5257,3,7309,6,4.0,,2,,,
5257,4,7309,3,1.0,,2,,,
5258,1,7301,94,,,1,6.0,2.0,
5259,1,7313,73,,2.0,2,1.0,4.0,15.0
5260,1,7319,41,,2.0,1,1.0,4.0,40.0
5260,2,7319,31,,2.0,2,1.0,4.0,25.0
5260,3,7319,2,,,1,,,
5260,4,7319,0,,,2,,,
5261,1,7321,20,15.0,1.0,1,1.0,4.0,25.0
5261,2,7321,19,,,2,6.0,4.0,
5261,3,7321,27,,,1,6.0,4.0,
5261,4,7321,18,,1.0,2,1.0,4.0,32.0
5261,5,7321,47,,1.0,2,3.0,4.0,40.0
5261,6,7321,72,,,1,6.0,4.0,
5262,1,7315,54,,1.0,1,1.0,4.0,55.0
5262,2,7315,53,,6.0,2,1.0,4.0,30.0
5263,1,7310,48,,6.0,2,1.0,4.0,35.0
5263,2,7310,54,,4.0,2,1.0,4.0,50.0
5264,1,7304,68,,,1,6.0,2.0,
5264,2,7304,65,,,2,6.0,4.0,
5265,1,7308,55,,4.0,2,1.0,4.0,45.0
5265,2,7308,55,,1.0,1,1.0,4.0,40.0
5266,1,7320,78,,,2,6.0,4.0,
5266,2,7320,79,,,1,6.0,4.0,
5267,1,7310,28,16.0,3.0,2,1.0,4.0,45.0
5267,2,7310,29,16.0,3.0,1,1.0,4.0,45.0
5268,1,7306,42,,1.0,2,1.0,4.0,30.0
5268,2,7306,21,15.0,,2,6.0,4.0,
5268,3,7306,14,11.0,,1,,,
5268,4,7306,8,,,2,,,
5268,5,7306,7,,,1,,,
5269,1,7305,78,,,2,6.0,4.0,
5270,1,7303,88,,,2,6.0,4.0,
5271,1,7315,32,,1.0,1,1.0,2.0,40.0
5271,2,7315,33,16.0,1.0,2,1.0,4.0,40.0
5271,3,7315,0,,,1,,,
5272,1,7308,43,,1.0,1,1.0,4.0,50.0
5272,2,7308,40,15.0,2.0,2,6.0,4.0,
5272,3,7308,7,3.0,,1,,,
5272,4,7308,5,2.0,,2,,,
5273,1,7308,69,,6.0,2,6.0,4.0,
5273,2,7308,82,,,1,6.0,2.0,
5274,1,7321,45,,6.0,1,1.0,4.0,45.0
5274,2,7321,43,,6.0,2,6.0,4.0,
5274,3,7321,17,14.0,9.0,2,3.0,4.0,
5274,4,7321,10,7.0,,1,,,
5275,1,7306,33,,1.0,1,1.0,4.0,40.0
5275,2,7306,41,,1.0,2,1.0,4.0,40.0
5275,3,7306,7,4.0,,2,,,
5275,4,7306,4,1.0,,1,,,
5276,1,7301,55,,1.0,2,2.0,4.0,25.0
5276,2,7301,59,,1.0,1,1.0,4.0,60.0
5276,3,7301,19,15.0,1.0,2,6.0,4.0,10.0
5276,4,7301,17,14.0,,1,6.0,4.0,
5277,1,7307,63,,6.0,2,1.0,4.0,24.0
5277,2,7307,68,,,1,6.0,4.0,
5278,1,7303,72,,,2,6.0,4.0,
5279,1,7319,45,16.0,3.0,2,1.0,4.0,40.0
5279,2,7319,50,15.0,7.0,1,1.0,2.0,35.0
5279,3,7319,17,13.0,1.0,2,1.0,4.0,8.0
5279,4,7319,13,11.0,,1,,,
5280,1,7303,51,,,2,6.0,4.0,
5280,2,7303,51,,1.0,1,1.0,4.0,50.0
5280,3,7303,26,,1.0,2,1.0,4.0,30.0
5280,4,7303,20,,1.0,2,1.0,4.0,32.0
5280,5,7303,30,,1.0,1,1.0,4.0,32.0
5281,1,7321,75,,,1,6.0,4.0,
5281,2,7321,75,,,2,6.0,4.0,
5282,1,7319,57,,1.0,2,1.0,4.0,40.0
5283,1,7308,34,,1.0,1,1.0,2.0,40.0
5283,2,7308,30,,1.0,2,1.0,4.0,42.0
5284,1,7319,65,,1.0,2,1.0,4.0,40.0
5285,1,7314,70,,,1,6.0,4.0,
5286,1,7314,63,,1.0,2,1.0,4.0,48.0
5286,2,7314,28,,1.0,2,1.0,4.0,30.0
5286,3,7314,26,15.0,1.0,2,1.0,4.0,20.0
5287,1,7315,23,15.0,,1,6.0,4.0,
5288,1,7308,85,,,2,6.0,4.0,
5289,1,7310,55,,6.0,2,1.0,4.0,25.0
5289,2,7310,61,,1.0,1,1.0,4.0,60.0
5290,1,7310,75,,,1,6.0,2.0,
5290,2,7310,83,,,2,6.0,4.0,
5291,1,7303,49,,2.0,2,1.0,4.0,55.0
5291,2,7303,16,12.0,,2,6.0,,
5292,1,7302,94,,,1,6.0,2.0,
5292,2,7302,83,,,2,6.0,4.0,
5293,1,7305,43,,4.0,2,1.0,4.0,30.0
5293,2,7305,15,12.0,,1,,,
5294,1,7308,76,,,1,6.0,2.0,
5295,1,7318,85,,,2,6.0,4.0,
5296,1,7301,56,,1.0,2,1.0,4.0,40.0
5296,2,7301,63,,1.0,1,1.0,4.0,50.0
5297,1,7305,47,,1.0,2,1.0,4.0,40.0
5297,2,7305,17,,,2,6.0,4.0,
5297,3,7305,57,,1.0,1,1.0,4.0,40.0
5297,4,7305,15,11.0,,1,,,
5298,1,7318,34,,1.0,1,1.0,4.0,40.0
5298,2,7318,32,,1.0,2,1.0,4.0,1.0
5298,3,7318,10,6.0,,2,,,
5298,4,7318,42,,6.0,2,1.0,4.0,40.0
5299,1,7317,56,,6.0,1,1.0,4.0,50.0
5300,1,7316,33,,1.0,1,1.0,4.0,45.0
5301,1,7312,70,,4.0,2,6.0,4.0,8.0
5301,2,7312,72,,7.0,1,1.0,4.0,40.0
5302,1,7322,71,,,2,6.0,4.0,
5303,1,7301,47,,1.0,2,1.0,4.0,20.0
5303,2,7301,15,12.0,,1,,,
5303,3,7301,13,10.0,,2,,,
5304,1,7313,46,,,2,6.0,4.0,
5304,2,7313,46,,1.0,1,1.0,4.0,50.0
5304,3,7313,10,7.0,,2,,,
5304,4,7313,7,4.0,,1,,,
5304,5,7313,81,,,2,6.0,4.0,
5305,1,7307,71,,5.0,1,6.0,2.0,
5305,2,7307,72,,,2,6.0,4.0,
5306,1,7312,45,,1.0,1,1.0,4.0,48.0
5306,2,7312,39,,1.0,2,1.0,4.0,48.0
5307,1,7318,42,,6.0,2,1.0,4.0,25.0
5307,2,7318,42,,1.0,1,1.0,4.0,40.0
5307,3,7318,20,,1.0,1,1.0,4.0,35.0
5307,4,7318,17,14.0,,2,6.0,4.0,
5307,5,7318,10,6.0,,2,,,
5307,6,7318,7,3.0,,1,,,
5308,1,7314,63,,6.0,1,1.0,4.0,36.0
5308,2,7314,58,,,2,6.0,4.0,
5309,1,7309,38,,1.0,1,6.0,3.0,80.0
5309,2,7309,65,,1.0,2,1.0,4.0,50.0
5310,1,7310,66,,,1,6.0,4.0,
5311,1,7319,65,,1.0,1,1.0,4.0,12.0
5312,1,7310,63,,1.0,1,1.0,4.0,50.0
5312,2,7310,56,,6.0,2,1.0,4.0,20.0
5313,1,7309,54,,1.0,2,1.0,4.0,40.0
5313,2,7309,18,12.0,,1,6.0,4.0,
5314,1,7309,49,,2.0,2,1.0,4.0,25.0
5314,2,7309,49,,1.0,1,1.0,4.0,45.0
5314,3,7309,15,11.0,,2,,,
5314,4,7309,12,9.0,,1,,,
5315,1,7322,84,,,1,6.0,4.0,
5315,2,7322,79,,,2,6.0,4.0,
5315,3,7322,59,,4.0,1,1.0,4.0,25.0
5315,4,7322,17,12.0,,1,6.0,4.0,
5316,1,7315,60,,6.0,2,1.0,4.0,10.0
5317,1,7309,31,,3.0,2,1.0,4.0,40.0
5317,2,7309,34,,1.0,1,1.0,4.0,50.0
5318,1,7312,47,,1.0,1,1.0,4.0,42.0
5319,1,7304,46,,3.0,2,1.0,2.0,40.0
5319,2,7304,15,12.0,,1,,,
5319,3,7304,12,8.0,,2,,,
5320,1,7313,69,,1.0,2,6.0,4.0,
5320,2,7313,76,,1.0,1,6.0,2.0,
5321,1,7309,47,,1.0,1,1.0,4.0,40.0
5321,2,7309,55,,,2,6.0,4.0,
5321,3,7309,15,11.0,,1,,,
5322,1,7302,75,,,2,6.0,4.0,
5322,2,7302,75,,,1,6.0,2.0,
5322,3,7302,47,,6.0,2,1.0,4.0,40.0
5323,1,7303,50,,6.0,1,6.0,4.0,
5323,2,7303,58,,1.0,2,1.0,4.0,35.0
5324,1,7312,33,,1.0,2,1.0,4.0,55.0
5324,2,7312,33,,1.0,1,1.0,4.0,45.0
5325,1,7316,24,,1.0,2,1.0,4.0,40.0
5326,1,7312,51,,1.0,1,1.0,4.0,40.0
5326,2,7312,41,,1.0,2,1.0,4.0,40.0
5327,1,7321,51,,1.0,1,1.0,4.0,40.0
5327,2,7321,50,,1.0,2,6.0,4.0,
5327,3,7321,21,,,2,6.0,4.0,
5327,4,7321,16,13.0,,1,6.0,,
5328,1,7315,40,,2.0,2,1.0,4.0,32.0
5329,1,7309,65,,1.0,1,1.0,2.0,50.0
5329,2,7309,65,,,2,6.0,4.0,
5329,3,7309,21,15.0,,2,6.0,4.0,
5330,1,7310,40,16.0,2.0,1,1.0,4.0,50.0
5330,2,7310,41,,3.0,2,1.0,4.0,50.0
5331,1,7316,44,,1.0,1,1.0,4.0,40.0
5332,1,7311,47,,2.0,1,1.0,4.0,48.0
5332,2,7311,48,,2.0,2,1.0,4.0,40.0
5332,3,7311,17,14.0,,1,6.0,4.0,
5333,1,7305,65,,2.0,2,6.0,4.0,
5334,1,7306,36,,1.0,1,1.0,4.0,40.0
5334,2,7306,39,,1.0,2,6.0,4.0,
5334,3,7306,13,10.0,,1,,,
5334,4,7306,7,4.0,,2,,,
5334,5,7306,5,2.0,,1,,,
5334,6,7306,3,1.0,,2,,,
5335,1,7315,50,,3.0,2,1.0,4.0,40.0
5336,1,7315,28,,1.0,1,1.0,4.0,45.0
5336,2,7315,33,,1.0,1,3.0,4.0,
5336,3,7315,29,,1.0,2,1.0,4.0,50.0
5336,4,7315,25,,1.0,2,1.0,4.0,35.0
5337,1,7314,31,,1.0,1,1.0,4.0,43.0
5337,2,7314,35,,1.0,2,1.0,4.0,40.0
5338,1,7314,53,,7.0,1,1.0,4.0,50.0
5338,2,7314,55,,1.0,1,2.0,4.0,50.0
5339,1,7318,49,,7.0,1,1.0,4.0,60.0
5339,2,7318,42,,1.0,2,1.0,4.0,40.0
5340,1,7310,77,,3.0,2,6.0,4.0,
5341,1,7312,45,,1.0,1,3.0,4.0,99.0
5341,2,7312,46,,,2,6.0,4.0,
5341,3,7312,17,13.0,1.0,2,6.0,4.0,8.0
5341,4,7312,15,11.0,,1,,,
5342,1,7322,49,,1.0,2,1.0,4.0,40.0
5342,2,7322,73,,,2,6.0,4.0,
5343,1,7301,50,,1.0,1,1.0,4.0,55.0
5343,2,7301,54,,,2,6.0,4.0,
5343,3,7301,17,13.0,,2,6.0,4.0,
5344,1,7311,53,,6.0,2,1.0,4.0,30.0
5344,2,7311,57,,1.0,1,1.0,4.0,38.0
5344,3,7311,15,11.0,,1,,,
5344,4,7311,13,10.0,,1,,,
5345,1,7314,58,,1.0,1,3.0,4.0,30.0
5345,2,7314,52,,1.0,2,3.0,4.0,30.0
5346,1,7303,42,,1.0,2,1.0,4.0,40.0
5347,1,7321,55,,6.0,1,1.0,4.0,24.0
5348,1,7301,28,15.0,1.0,2,1.0,4.0,25.0
5348,2,7301,27,,1.0,1,1.0,4.0,40.0
5348,3,7301,19,15.0,1.0,1,3.0,4.0,32.0
5349,1,7313,55,,6.0,1,1.0,4.0,40.0
5349,2,7313,55,,1.0,2,1.0,4.0,40.0
5350,1,7321,62,,1.0,1,1.0,4.0,10.0
5350,2,7321,32,,1.0,1,1.0,4.0,40.0
5350,3,7321,32,,1.0,1,1.0,4.0,32.0
5350,4,7321,23,,1.0,2,1.0,4.0,32.0
5351,1,7310,67,,2.0,2,6.0,4.0,
5351,2,7310,69,,1.0,1,6.0,4.0,
5352,1,7310,27,,1.0,2,1.0,4.0,40.0
5352,2,7310,28,,5.0,1,4.0,1.0,40.0
5353,1,7317,59,,5.0,1,1.0,4.0,40.0
5353,2,7317,56,,,2,6.0,4.0,
5353,3,7317,63,,,1,6.0,4.0,
5353,4,7317,34,,1.0,2,1.0,4.0,40.0
5353,5,7317,27,14.0,1.0,1,1.0,4.0,40.0
5353,6,7317,26,,1.0,2,6.0,4.0,
5353,7,7317,16,13.0,,2,6.0,,
5353,8,7317,5,2.0,,1,,,
5353,9,7317,2,,,2,,,
5353,10,7317,2,,,1,,,
5354,1,7302,31,,5.0,1,1.0,4.0,30.0
5354,2,7302,28,,5.0,2,1.0,4.0,8.0
5354,3,7302,30,16.0,1.0,2,1.0,2.0,40.0
5354,4,7302,61,,1.0,1,1.0,4.0,50.0
5354,5,7302,60,,4.0,2,1.0,2.0,35.0
5355,1,7304,73,,,2,6.0,4.0,
5356,1,7305,29,,6.0,2,1.0,4.0,40.0
5356,2,7305,29,,6.0,1,1.0,4.0,40.0
5357,1,7313,58,,1.0,1,1.0,4.0,40.0
5357,2,7313,56,,,2,6.0,4.0,
5358,1,7319,83,,,2,6.0,4.0,
5359,1,7313,84,,,2,6.0,2.0,
5360,1,7310,54,,6.0,1,1.0,4.0,40.0
5360,2,7310,54,,,2,6.0,4.0,
5360,3,7310,26,,1.0,1,1.0,4.0,38.0
5360,4,7310,4,1.0,,1,,,
5361,1,7318,76,,,2,6.0,4.0,
5362,1,7317,70,,,2,6.0,4.0,
5363,1,7310,63,,6.0,1,1.0,4.0,12.0
5363,2,7310,50,,1.0,2,1.0,4.0,40.0
5363,3,7310,9,5.0,,1,,,
5364,1,7307,75,,,2,6.0,2.0,
5364,2,7307,78,,,1,6.0,2.0,
5365,1,7312,51,,5.0,1,1.0,4.0,40.0
5365,2,7312,47,,1.0,2,6.0,4.0,
5365,3,7312,26,,1.0,1,1.0,4.0,40.0
5366,1,7307,72,,,2,6.0,4.0,
5367,1,7313,60,,1.0,2,2.0,4.0,6.0
5368,1,7313,67,,,1,6.0,2.0,
5368,2,7313,66,,1.0,2,6.0,4.0,
5369,1,7319,61,,3.0,2,6.0,4.0,40.0
5369,2,7319,62,,,1,6.0,2.0,
5369,3,7319,27,,1.0,2,1.0,4.0,40.0
5370,1,7309,78,,1.0,2,6.0,4.0,
5371,1,7305,50,,1.0,1,1.0,4.0,40.0
5371,2,7305,27,,,1,6.0,2.0,
5372,1,7319,73,,1.0,1,1.0,2.0,40.0
5373,1,7315,44,,1.0,1,1.0,2.0,40.0
5373,2,7315,44,,1.0,2,1.0,4.0,40.0
5373,3,7315,15,11.0,,1,,,
5373,4,7315,12,9.0,,2,,,
5373,5,7315,5,2.0,,1,,,
5374,1,7303,39,,1.0,2,1.0,4.0,45.0
5374,2,7303,44,,1.0,1,1.0,2.0,45.0
5375,1,7301,52,,1.0,2,1.0,4.0,40.0
5375,2,7301,56,,3.0,1,1.0,2.0,40.0
5375,3,7301,23,,1.0,1,1.0,4.0,35.0
5376,1,7310,39,,7.0,2,1.0,4.0,40.0
5376,2,7310,46,,1.0,1,1.0,4.0,40.0
5376,3,7310,10,7.0,,1,,,
5376,4,7310,8,5.0,,2,,,
5377,1,7309,49,,3.0,1,1.0,4.0,55.0
5377,2,7309,47,,4.0,2,1.0,4.0,55.0
5377,3,7309,5,2.0,,2,,,
5377,4,7309,4,1.0,,2,,,
5377,5,7309,4,1.0,,2,,,
5377,6,7309,23,16.0,1.0,2,1.0,4.0,45.0
5378,1,7306,60,,6.0,2,1.0,4.0,40.0
5378,2,7306,19,,1.0,1,3.0,4.0,60.0
5378,3,7306,57,,1.0,1,1.0,4.0,25.0
5379,1,7319,59,,7.0,1,1.0,2.0,40.0
5379,2,7319,64,,1.0,2,1.0,4.0,30.0
5379,3,7319,31,,1.0,1,1.0,4.0,40.0
5380,1,7304,30,,3.0,2,1.0,4.0,50.0
5381,1,7312,79,,1.0,2,6.0,4.0,
5382,1,7319,80,,3.0,1,1.0,2.0,32.0
5382,2,7319,76,,,2,6.0,4.0,
5383,1,7310,74,,2.0,1,1.0,2.0,35.0
5383,2,7310,10,6.0,,1,,,
5383,3,7310,35,,1.0,2,1.0,4.0,24.0
5384,1,7312,22,15.0,1.0,1,1.0,4.0,22.0
5385,1,7304,39,,1.0,1,1.0,4.0,40.0
5385,2,7304,38,,2.0,2,1.0,4.0,24.0
5385,3,7304,9,5.0,,2,,,
5385,4,7304,7,3.0,,1,,,
5385,5,7304,3,1.0,,1,,,
5386,1,7308,72,,2.0,1,6.0,4.0,
5386,2,7308,72,,,2,6.0,4.0,
5387,1,7322,38,,3.0,2,1.0,4.0,40.0
5387,2,7322,40,,3.0,1,1.0,4.0,40.0
5387,3,7322,4,,,2,,,
5387,4,7322,0,,,2,,,
5387,5,7322,26,,3.0,2,1.0,4.0,40.0
5388,1,7311,60,,1.0,1,6.0,4.0,
5388,2,7311,60,,3.0,2,6.0,4.0,
5389,1,7308,31,,7.0,1,1.0,4.0,25.0
5390,1,7319,66,,4.0,1,1.0,4.0,40.0
5390,2,7319,17,15.0,1.0,2,1.0,4.0,6.0
5391,1,7313,34,,2.0,1,1.0,4.0,40.0
5391,2,7313,33,,,2,6.0,4.0,
5391,3,7313,7,3.0,,1,,,
5391,4,7313,5,2.0,,2,,,
5391,5,7313,3,1.0,,1,,,
5392,1,7319,50,,1.0,1,1.0,4.0,40.0
5392,2,7319,54,,1.0,2,3.0,4.0,40.0
5392,3,7319,15,12.0,,1,,,
5393,1,7308,77,,2.0,1,1.0,2.0,40.0
5393,2,7308,50,,,2,6.0,4.0,
5393,3,7308,15,11.0,,2,,,
5394,1,7309,64,,2.0,1,1.0,2.0,20.0
5394,2,7309,65,,2.0,2,6.0,4.0,50.0
5394,3,7309,32,,1.0,1,1.0,4.0,28.0
5395,1,7313,55,,3.0,2,1.0,4.0,42.0
5395,2,7313,21,15.0,,2,6.0,4.0,
5395,3,7313,20,15.0,1.0,2,1.0,4.0,30.0
5396,1,7317,30,,,2,6.0,4.0,
5396,2,7317,30,,3.0,1,1.0,4.0,40.0
5396,3,7317,3,,,1,,,
5396,4,7317,0,,,1,,,
5397,1,7313,75,,,2,6.0,2.0,
5398,1,7318,49,,1.0,2,1.0,4.0,40.0
5399,1,7316,67,,,2,6.0,4.0,
5399,2,7316,68,,2.0,1,1.0,4.0,10.0
5400,1,7309,53,,1.0,2,6.0,4.0,2.0
5400,2,7309,53,,1.0,1,1.0,4.0,40.0
5400,3,7309,18,15.0,1.0,1,6.0,4.0,
5400,4,7309,16,13.0,,1,6.0,,
5401,1,7313,71,,,2,6.0,4.0,
5401,2,7313,72,,,1,6.0,2.0,
5401,3,7313,48,,,1,6.0,4.0,
5402,1,7306,52,,2.0,2,1.0,2.0,40.0
5402,2,7306,49,,1.0,1,1.0,4.0,40.0
5403,1,7312,44,,2.0,1,1.0,2.0,40.0
5403,2,7312,7,4.0,,2,,,
5404,1,7307,52,,1.0,2,1.0,4.0,30.0
5404,2,7307,53,,5.0,1,1.0,4.0,30.0
5405,1,7304,39,,1.0,2,1.0,4.0,35.0
5405,2,7304,62,,1.0,1,1.0,4.0,40.0
5405,3,7304,62,,1.0,2,1.0,4.0,40.0
5406,1,7322,26,,1.0,1,1.0,4.0,30.0
5406,2,7322,30,,1.0,1,1.0,4.0,40.0
5407,1,7309,45,,5.0,2,6.0,4.0,
5407,2,7309,11,7.0,,1,,,
5407,3,7309,11,7.0,,1,,,
5408,1,7318,64,,1.0,2,2.0,4.0,40.0
5408,2,7318,71,,,1,6.0,2.0,
5409,1,7310,53,,1.0,1,1.0,4.0,44.0
5409,2,7310,49,,1.0,2,1.0,4.0,44.0
5409,3,7310,11,7.0,,1,,,
5409,4,7310,86,,,1,6.0,4.0,
5410,1,7314,62,,7.0,1,1.0,4.0,65.0
5410,2,7314,48,,,1,6.0,4.0,
5410,3,7314,3,,,1,,,
5411,1,7306,37,,1.0,1,1.0,4.0,50.0
5411,2,7306,37,,3.0,2,1.0,4.0,60.0
5411,3,7306,37,,1.0,1,1.0,4.0,45.0
5412,1,7309,38,,6.0,2,1.0,4.0,25.0
5412,2,7309,40,,1.0,1,1.0,4.0,40.0
5413,1,7306,65,,2.0,2,2.0,4.0,40.0
5413,2,7306,82,,,1,6.0,2.0,
5414,1,7321,34,,1.0,1,1.0,4.0,40.0
5414,2,7321,37,,1.0,2,1.0,4.0,40.0
5414,3,7321,0,,,2,,,
5415,1,7305,49,,1.0,2,1.0,4.0,40.0
5415,2,7305,43,,1.0,1,1.0,4.0,40.0
5415,3,7305,12,9.0,,2,,,
5416,1,7311,56,,5.0,1,1.0,4.0,40.0
5416,2,7311,57,,5.0,2,1.0,4.0,40.0
5416,3,7311,24,,1.0,1,1.0,4.0,40.0
5416,4,7311,87,,,2,6.0,4.0,
5417,1,7310,60,,1.0,2,1.0,4.0,50.0
5417,2,7310,15,12.0,,2,,,
5418,1,7314,39,,1.0,1,1.0,4.0,40.0
5418,2,7314,69,,1.0,2,1.0,4.0,20.0
5419,1,7319,75,,,2,6.0,4.0,
5420,1,7318,49,,1.0,1,1.0,4.0,40.0
5421,1,7316,67,,7.0,1,6.0,4.0,
5422,1,7318,36,,1.0,1,6.0,4.0,
5423,1,7314,56,,1.0,1,1.0,2.0,50.0
5423,2,7314,50,,1.0,2,1.0,4.0,40.0
5423,3,7314,21,15.0,1.0,2,1.0,4.0,10.0
5424,1,7316,45,,,2,6.0,4.0,
5425,1,7301,66,,1.0,2,6.0,4.0,
5425,2,7301,77,,,1,6.0,4.0,
5425,3,7301,40,,1.0,1,6.0,4.0,45.0
5426,1,7318,45,,1.0,2,1.0,4.0,40.0
5426,2,7318,19,15.0,,2,6.0,4.0,
5426,3,7318,17,12.0,,2,6.0,4.0,
5426,4,7318,9,8.0,,2,,,
5427,1,7314,70,,,1,6.0,2.0,
5427,2,7314,70,,,2,6.0,4.0,
5428,1,7321,70,,,2,6.0,4.0,
5429,1,7312,72,,6.0,1,1.0,4.0,10.0
5429,2,7312,29,,1.0,1,1.0,4.0,40.0
5430,1,7314,24,,3.0,2,1.0,4.0,60.0
5430,2,7314,26,,1.0,1,1.0,4.0,50.0
5431,1,7307,82,,,2,6.0,4.0,
5431,2,7307,62,,,2,6.0,4.0,
5432,1,7317,59,,1.0,2,1.0,4.0,30.0
5432,2,7317,31,,1.0,1,1.0,2.0,40.0
5432,3,7317,30,,1.0,1,1.0,4.0,60.0
5432,4,7317,30,,1.0,1,1.0,4.0,40.0
5433,1,7316,25,16.0,,2,6.0,4.0,
5434,1,7303,50,,1.0,1,2.0,4.0,45.0
5434,2,7303,24,15.0,1.0,1,2.0,4.0,30.0
5435,1,7321,63,,1.0,1,1.0,4.0,40.0
5435,2,7321,54,,,2,6.0,4.0,
5435,3,7321,30,,,2,6.0,4.0,
5435,4,7321,25,,1.0,1,3.0,4.0,40.0
5435,5,7321,24,15.0,3.0,1,1.0,4.0,20.0
5435,6,7321,6,3.0,,1,,,
5435,7,7321,3,,,1,,,
5435,8,7321,1,,,2,,,
5435,9,7321,0,,,2,,,
5435,10,7321,35,,1.0,1,1.0,4.0,40.0
5435,11,7321,26,,3.0,2,6.0,4.0,
5436,1,7316,40,,2.0,2,2.0,4.0,20.0
5436,2,7316,60,,1.0,1,1.0,4.0,40.0
5436,3,7316,12,8.0,,2,,,
5437,1,7305,40,15.0,1.0,2,6.0,4.0,
5437,2,7305,36,,1.0,1,1.0,2.0,32.0
5437,3,7305,15,11.0,,1,,,
5437,4,7305,10,6.0,,2,,,
5437,5,7305,7,3.0,,2,,,
5438,1,7304,54,,7.0,1,2.0,4.0,40.0
5438,2,7304,67,,9.0,1,3.0,4.0,
5438,3,7304,64,,,1,6.0,4.0,
5438,4,7304,60,,1.0,1,1.0,4.0,40.0
5439,1,7306,45,,1.0,2,1.0,4.0,40.0
5439,2,7306,18,,,1,6.0,4.0,
5439,3,7306,14,11.0,,2,,,
5439,4,7306,8,,,2,,,
5439,5,7306,83,,,2,6.0,4.0,
5440,1,7315,76,,,1,6.0,4.0,
5440,2,7315,69,,1.0,2,6.0,4.0,
5440,3,7315,35,,1.0,2,1.0,4.0,40.0
5441,1,7305,43,,1.0,1,1.0,4.0,40.0
5441,2,7305,43,,1.0,2,1.0,4.0,40.0
5441,3,7305,18,14.0,1.0,1,1.0,4.0,20.0
5441,4,7305,17,13.0,2.0,1,1.0,4.0,28.0
5441,5,7305,13,10.0,,1,,,
5442,1,7318,43,,,2,6.0,4.0,
5442,2,7318,49,,1.0,1,1.0,4.0,40.0
5442,3,7318,7,4.0,,1,,,
5442,4,7318,6,3.0,,1,,,
5442,5,7318,4,,,1,,,
5443,1,7302,73,15.0,,2,6.0,4.0,
5444,1,7305,48,,3.0,2,1.0,4.0,48.0
5444,2,7305,51,,1.0,1,1.0,4.0,29.0
5445,1,7316,33,,1.0,2,1.0,4.0,60.0
5446,1,7313,75,,,2,6.0,2.0,
5446,2,7313,48,,1.0,1,1.0,4.0,55.0
5447,1,7314,35,,6.0,2,6.0,4.0,
5447,2,7314,35,,5.0,1,4.0,1.0,99.0
5447,3,7314,3,,,2,,,
5448,1,7313,53,,1.0,2,1.0,4.0,40.0
5448,2,7313,26,,1.0,1,1.0,2.0,40.0
5448,3,7313,22,15.0,1.0,2,1.0,4.0,25.0
5449,1,7302,63,15.0,2.0,2,1.0,4.0,20.0
5450,1,7306,63,,3.0,2,1.0,4.0,40.0
5451,1,7307,62,,3.0,2,1.0,4.0,10.0
5451,2,7307,57,,7.0,1,1.0,4.0,70.0
5451,3,7307,49,,1.0,2,6.0,4.0,40.0
5451,4,7307,7,3.0,,2,,,
5452,1,7304,61,,1.0,1,1.0,4.0,50.0
5452,2,7304,56,,1.0,2,1.0,4.0,15.0
5452,3,7304,25,,6.0,1,1.0,4.0,40.0
5453,1,7305,53,,1.0,2,1.0,4.0,40.0
5453,2,7305,50,,2.0,1,1.0,4.0,40.0
5453,3,7305,14,11.0,,1,,,
5454,1,7312,20,15.0,,2,6.0,4.0,
5454,2,7312,21,15.0,,2,6.0,4.0,
5454,3,7312,20,15.0,,2,6.0,4.0,
5454,4,7312,20,16.0,1.0,2,2.0,4.0,10.0
5455,1,7317,67,,,1,6.0,2.0,
5456,1,7318,52,,5.0,1,6.0,4.0,
5456,2,7318,51,,,2,6.0,4.0,
5456,3,7318,29,,5.0,2,1.0,4.0,10.0
5456,4,7318,22,,5.0,2,1.0,4.0,40.0
5456,5,7318,6,2.0,,1,,,
5457,1,7301,46,,2.0,1,1.0,4.0,40.0
5457,2,7301,48,,2.0,1,3.0,4.0,40.0
5458,1,7306,68,,,2,6.0,4.0,
5458,2,7306,66,,,1,6.0,4.0,
5459,1,7306,74,,,2,6.0,4.0,
5459,2,7306,66,,,1,6.0,4.0,
5460,1,7311,62,,7.0,2,1.0,4.0,40.0
5460,2,7311,70,,,2,6.0,4.0,
5460,3,7311,58,,6.0,2,1.0,4.0,40.0
5460,4,7311,44,,1.0,2,1.0,4.0,40.0
5461,1,7309,33,,1.0,1,1.0,4.0,60.0
5461,2,7309,33,,1.0,2,1.0,4.0,60.0
5462,1,7312,36,,1.0,1,1.0,4.0,40.0
5462,2,7312,33,16.0,,2,6.0,4.0,
5462,3,7312,8,5.0,,1,,,
5462,4,7312,6,2.0,,1,,,
5463,1,7302,73,,,2,6.0,4.0,
5464,1,7309,44,,1.0,2,1.0,4.0,40.0
5464,2,7309,45,,9.0,1,3.0,4.0,
5464,3,7309,15,11.0,,2,,,
5464,4,7309,12,8.0,,1,,,
5465,1,7302,76,,,2,6.0,4.0,
5466,1,7307,49,,5.0,1,1.0,4.0,40.0
5467,1,7318,57,,1.0,1,1.0,4.0,40.0
5467,2,7318,55,,1.0,2,1.0,4.0,40.0
5467,3,7318,29,,1.0,2,1.0,4.0,32.0
5468,1,7316,64,,6.0,1,1.0,4.0,25.0
5468,2,7316,56,15.0,,2,6.0,4.0,
5469,1,7321,25,15.0,1.0,1,6.0,4.0,
5469,2,7321,24,,1.0,2,1.0,4.0,25.0
5469,3,7321,3,1.0,,1,,,
5470,1,7318,59,,2.0,2,1.0,4.0,30.0
5470,2,7318,28,,1.0,2,1.0,4.0,40.0
5471,1,7314,60,,1.0,2,1.0,4.0,55.0
5472,1,7317,56,,1.0,1,1.0,4.0,40.0
5472,2,7317,32,,1.0,1,1.0,4.0,40.0
5473,1,7317,63,,1.0,1,1.0,4.0,80.0
5473,2,7317,56,,1.0,2,1.0,4.0,80.0
5473,3,7317,25,,1.0,2,1.0,4.0,80.0
5474,1,7306,48,,1.0,2,1.0,4.0,34.0
5474,2,7306,25,15.0,4.0,1,1.0,4.0,15.0
5474,3,7306,15,12.0,,1,,,
5474,4,7306,12,9.0,,2,,,
5475,1,7317,60,,1.0,2,1.0,4.0,40.0
5475,2,7317,53,,1.0,1,1.0,4.0,40.0
5475,3,7317,30,,1.0,1,1.0,4.0,40.0
5476,1,7306,58,,6.0,1,1.0,4.0,48.0
5476,2,7306,60,,1.0,2,2.0,4.0,40.0
5476,3,7306,36,15.0,1.0,2,1.0,4.0,20.0
5476,4,7306,28,,1.0,1,1.0,4.0,40.0
5476,5,7306,0,,,2,,,
5477,1,7302,58,,,1,6.0,4.0,
5477,2,7302,58,,,2,6.0,4.0,
5478,1,7301,26,,1.0,2,1.0,4.0,40.0
5478,2,7301,27,,5.0,1,4.0,1.0,60.0
5479,1,7315,24,,1.0,2,1.0,4.0,40.0
5480,1,7321,63,,4.0,2,1.0,4.0,40.0
5480,2,7321,72,,,1,6.0,4.0,
5480,3,7321,24,,1.0,1,1.0,4.0,20.0
5481,1,7301,84,,,1,6.0,2.0,
5482,1,7302,48,,1.0,1,1.0,4.0,43.0
5482,2,7302,39,,1.0,2,6.0,4.0,
5482,3,7302,15,12.0,,2,,,
5482,4,7302,14,10.0,,1,,,
5483,1,7303,51,,1.0,1,1.0,4.0,40.0
5483,2,7303,51,,,2,6.0,4.0,
5483,3,7303,22,15.0,1.0,1,1.0,4.0,35.0
5483,4,7303,17,13.0,,1,6.0,4.0,
5483,5,7303,94,,,1,6.0,4.0,
5484,1,7317,28,,1.0,1,1.0,4.0,40.0
5485,1,7316,39,,7.0,1,1.0,4.0,60.0
5485,2,7316,8,4.0,,1,,,
5485,3,7316,37,,6.0,2,1.0,4.0,80.0
5486,1,7302,76,,6.0,2,1.0,4.0,40.0
5487,1,7320,73,,3.0,1,1.0,2.0,25.0
5487,2,7320,71,,2.0,2,6.0,4.0,7.0
5487,3,7320,30,,1.0,2,1.0,4.0,40.0
5488,1,7310,94,,,2,6.0,4.0,
5489,1,7304,32,,1.0,1,1.0,4.0,50.0
5489,2,7304,30,,3.0,2,1.0,4.0,50.0
5490,1,7301,58,,,1,6.0,2.0,
5490,2,7301,55,,1.0,2,1.0,4.0,3.0
5490,3,7301,12,9.0,,2,,,
5490,4,7301,10,6.0,,2,,,
5491,1,7316,53,,6.0,1,6.0,4.0,
5491,2,7316,53,16.0,6.0,1,1.0,4.0,80.0
5492,1,7314,36,,1.0,2,6.0,4.0,
5493,1,7308,48,,1.0,1,1.0,4.0,40.0
5493,2,7308,48,,1.0,2,1.0,4.0,40.0
5494,1,7321,48,,1.0,1,1.0,4.0,40.0
5494,2,7321,43,,1.0,2,3.0,4.0,38.0
5494,3,7321,10,6.0,,1,,,
5494,4,7321,8,4.0,,1,,,
5495,1,7315,94,,,2,6.0,4.0,
5496,1,7321,45,,4.0,2,1.0,4.0,47.0
5496,2,7321,51,,1.0,1,1.0,4.0,40.0
5496,3,7321,20,15.0,1.0,2,1.0,4.0,20.0
5496,4,7321,13,10.0,,1,,,
5496,5,7321,13,10.0,,2,,,
5497,1,7316,31,,1.0,1,1.0,4.0,40.0
5497,2,7316,25,15.0,1.0,1,1.0,4.0,20.0
5498,1,7303,27,,2.0,2,1.0,4.0,21.0
5498,2,7303,32,,1.0,2,1.0,4.0,40.0
5498,3,7303,24,,1.0,2,1.0,4.0,40.0
5498,4,7303,18,15.0,1.0,1,1.0,4.0,20.0
5498,5,7303,16,13.0,2.0,1,6.0,,21.0
5498,6,7303,59,,1.0,1,1.0,4.0,40.0
5498,7,7303,55,,1.0,2,1.0,4.0,40.0
5499,1,7305,39,,1.0,2,1.0,4.0,40.0
5499,2,7305,45,,1.0,1,1.0,4.0,40.0
5499,3,7305,18,15.0,1.0,2,1.0,4.0,20.0
5500,1,7313,72,,1.0,2,1.0,4.0,30.0
5501,1,7321,32,,1.0,2,1.0,4.0,40.0
5501,2,7321,7,3.0,,1,,,
5502,1,7312,67,,,1,6.0,4.0,
5503,1,7321,32,,3.0,1,1.0,4.0,37.0
5503,2,7321,30,15.0,1.0,1,1.0,4.0,35.0
5503,3,7321,20,15.0,3.0,2,1.0,4.0,10.0
5503,4,7321,73,,,2,6.0,4.0,
5503,5,7321,58,,,1,6.0,4.0,
5504,1,7317,69,,,2,6.0,4.0,
5504,2,7317,22,15.0,1.0,2,6.0,4.0,8.0
5505,1,7308,40,,2.0,2,1.0,4.0,10.0
5505,2,7308,41,,7.0,1,1.0,4.0,50.0
5505,3,7308,9,5.0,,1,,,
5505,4,7308,7,4.0,,1,,,
5506,1,7314,62,,3.0,2,6.0,4.0,
5506,2,7314,25,15.0,5.0,1,1.0,4.0,39.0
5507,1,7321,60,,,1,6.0,3.0,
5508,1,7311,55,,2.0,2,1.0,4.0,45.0
5508,2,7311,57,,1.0,1,1.0,4.0,45.0
5509,1,7319,69,,,2,6.0,4.0,
5510,1,7306,36,,1.0,1,1.0,4.0,32.0
5510,2,7306,34,,1.0,2,1.0,4.0,37.0
5510,3,7306,13,10.0,,2,,,
5510,4,7306,10,7.0,,2,,,
5510,5,7306,8,5.0,,1,,,
5510,6,7306,6,3.0,,2,,,
5511,1,7310,27,,1.0,1,1.0,4.0,10.0
5511,2,7310,25,,7.0,2,1.0,4.0,5.0
5512,1,7315,70,,,1,6.0,2.0,
5512,2,7315,70,,,1,6.0,2.0,
5512,3,7315,61,,,1,6.0,4.0,
5512,4,7315,47,,1.0,2,1.0,4.0,38.0
5512,5,7315,19,15.0,,1,6.0,4.0,
5513,1,7312,52,,1.0,1,1.0,4.0,40.0
5513,2,7312,51,,1.0,2,6.0,4.0,
5513,3,7312,15,12.0,,2,,,
5514,1,7307,59,,2.0,2,1.0,4.0,40.0
5514,2,7307,73,,,1,6.0,2.0,
5514,3,7307,33,,1.0,2,1.0,4.0,32.0
5515,1,7317,63,,3.0,1,1.0,2.0,40.0
5515,2,7317,46,,3.0,2,2.0,4.0,18.0
5515,3,7317,19,15.0,1.0,2,6.0,4.0,
5515,4,7317,17,14.0,,2,6.0,4.0,
5516,1,7314,79,,,1,6.0,4.0,
5517,1,7316,65,,,2,6.0,4.0,
5517,2,7316,64,,,1,6.0,4.0,
5518,1,7302,63,,,2,6.0,4.0,
5518,2,7302,71,,7.0,1,1.0,4.0,24.0
5519,1,7302,55,,3.0,2,6.0,4.0,
5519,2,7302,38,,1.0,2,1.0,4.0,36.0
5519,3,7302,17,14.0,,1,6.0,4.0,
5519,4,7302,14,11.0,,1,,,
5519,5,7302,12,9.0,,2,,,
5520,1,7302,60,,6.0,1,1.0,2.0,5.0
5520,2,7302,57,,1.0,2,1.0,4.0,40.0
5521,1,7303,26,,3.0,1,3.0,4.0,12.0
5521,2,7303,2,,,1,,,
5522,1,7304,57,,1.0,1,1.0,4.0,50.0
5523,1,7310,46,,1.0,1,1.0,4.0,50.0
5523,2,7310,47,,1.0,2,1.0,4.0,32.0
5523,3,7310,10,6.0,,1,,,
5523,4,7310,5,2.0,,1,,,
5524,1,7316,47,,7.0,1,1.0,4.0,70.0
5524,2,7316,44,,1.0,2,1.0,4.0,70.0
5524,3,7316,12,9.0,,2,,,
5524,4,7316,9,5.0,,1,,,
5524,5,7316,71,,,2,6.0,4.0,
5525,1,7302,67,,,1,6.0,2.0,
5525,2,7302,66,,,2,6.0,4.0,
5526,1,7313,61,,1.0,1,1.0,4.0,40.0
5526,2,7313,57,,,2,6.0,4.0,
5527,1,7309,33,,1.0,2,2.0,4.0,40.0
5527,2,7309,35,,1.0,1,1.0,4.0,40.0
5527,3,7309,0,,,1,,,
5528,1,7301,80,,,1,6.0,2.0,
5529,1,7321,90,,1.0,1,6.0,2.0,
5529,2,7321,89,,1.0,2,6.0,4.0,
5530,1,7312,52,,6.0,2,1.0,4.0,40.0
5530,2,7312,56,,6.0,1,1.0,4.0,30.0
5531,1,7316,46,,3.0,2,1.0,4.0,4.0
5532,1,7313,58,,1.0,2,1.0,4.0,40.0
5532,2,7313,24,15.0,1.0,2,1.0,4.0,25.0
5533,1,7320,38,16.0,1.0,2,1.0,4.0,20.0
5533,2,7320,20,15.0,1.0,1,1.0,4.0,20.0
5534,1,7310,85,,,1,6.0,2.0,
5534,2,7310,80,,,2,6.0,4.0,
5535,1,7314,76,,,2,6.0,4.0,
5535,2,7314,47,,4.0,1,1.0,4.0,16.0
5535,3,7314,14,11.0,,2,,,
5536,1,7302,72,,,2,6.0,4.0,
5536,2,7302,30,,1.0,1,1.0,4.0,40.0
5537,1,7305,37,,,2,6.0,4.0,
5537,2,7305,38,,1.0,1,1.0,4.0,60.0
5537,3,7305,11,,,1,,,
5537,4,7305,8,5.0,,2,,,
5537,5,7305,6,2.0,,2,,,
5537,6,7305,4,,,1,,,
5537,7,7305,2,,,1,,,
5538,1,7303,67,,6.0,1,1.0,3.0,50.0
5538,2,7303,34,,1.0,1,6.0,4.0,
5539,1,7301,73,,,2,6.0,4.0,
5540,1,7320,51,,4.0,1,1.0,4.0,48.0
5540,2,7320,49,,3.0,2,1.0,4.0,17.0
5540,3,7320,24,,2.0,2,1.0,4.0,50.0
5541,1,7310,81,,,1,6.0,4.0,
5541,2,7310,87,,,2,6.0,4.0,
5542,1,7314,84,,1.0,1,6.0,2.0,12.0
5542,2,7314,63,,,1,6.0,4.0,
5543,1,7301,63,,4.0,1,1.0,4.0,24.0
5543,2,7301,63,,,2,6.0,4.0,
5543,3,7301,22,15.0,1.0,1,1.0,4.0,32.0
5543,4,7301,21,16.0,1.0,2,1.0,4.0,30.0
5544,1,7304,40,,1.0,1,1.0,4.0,55.0
5544,2,7304,38,,3.0,2,6.0,4.0,4.0
5544,3,7304,10,6.0,,1,,,
5544,4,7304,8,4.0,,2,,,
5545,1,7322,32,,1.0,1,1.0,4.0,40.0
5545,2,7322,27,,5.0,2,2.0,4.0,20.0
5545,3,7322,0,,,1,,,
5546,1,7309,54,,7.0,2,1.0,4.0,60.0
5547,1,7310,22,,1.0,2,1.0,4.0,35.0
5547,2,7310,22,,1.0,1,6.0,4.0,20.0
5548,1,7320,64,,1.0,2,6.0,4.0,
5548,2,7320,64,,5.0,1,6.0,2.0,
5548,3,7320,31,,1.0,1,1.0,4.0,30.0
5549,1,7304,44,,,2,6.0,4.0,
5549,2,7304,43,,3.0,1,1.0,4.0,58.0
5549,3,7304,17,14.0,3.0,2,3.0,4.0,35.0
5549,4,7304,15,12.0,,2,,,
5550,1,7309,55,16.0,3.0,1,1.0,4.0,45.0
5550,2,7309,58,,1.0,2,1.0,4.0,32.0
5550,3,7309,21,,1.0,2,1.0,4.0,40.0
5551,1,7313,48,,1.0,2,1.0,4.0,35.0
5551,2,7313,24,,1.0,2,1.0,4.0,8.0
5551,3,7313,15,10.0,,2,,,
5551,4,7313,14,10.0,,1,,,
5551,5,7313,81,,,2,6.0,4.0,
5552,1,7311,71,,,2,6.0,4.0,
5552,2,7311,76,,,1,6.0,2.0,
5553,1,7301,74,,,2,6.0,4.0,
5554,1,7301,34,,1.0,1,1.0,4.0,40.0
5554,2,7301,37,,1.0,2,1.0,4.0,20.0
5554,3,7301,8,4.0,,1,,,
5554,4,7301,12,9.0,,1,,,
5555,1,7308,62,,2.0,2,1.0,4.0,40.0
5555,2,7308,75,,,1,6.0,2.0,
5555,3,7308,37,,1.0,1,1.0,4.0,30.0
5556,1,7306,67,,1.0,1,6.0,4.0,
5557,1,7310,82,,,1,6.0,4.0,
5557,2,7310,83,,,2,6.0,4.0,
5558,1,7318,52,,,2,6.0,4.0,
5558,2,7318,53,,2.0,1,1.0,4.0,40.0
5559,1,7301,52,,1.0,2,1.0,4.0,40.0
5559,2,7301,62,,2.0,2,3.0,4.0,
5560,1,7302,74,,,1,6.0,2.0,
5560,2,7302,72,,,2,6.0,4.0,
5561,1,7317,70,,,1,6.0,4.0,
5562,1,7319,70,,5.0,1,1.0,2.0,40.0
5562,2,7319,69,,,2,6.0,4.0,
5563,1,7315,60,,3.0,2,1.0,4.0,40.0
5563,2,7315,30,,1.0,1,1.0,4.0,40.0
5563,3,7315,28,,1.0,1,2.0,4.0,25.0
5564,1,7321,29,,1.0,2,1.0,4.0,40.0
5564,2,7321,27,15.0,1.0,1,6.0,4.0,20.0
5565,1,7318,53,,1.0,1,1.0,4.0,40.0
5565,2,7318,48,,3.0,2,1.0,4.0,20.0
5565,3,7318,17,14.0,1.0,2,6.0,4.0,20.0
5566,1,7321,64,,,2,6.0,4.0,
5566,2,7321,43,,,1,6.0,4.0,
5566,3,7321,39,,1.0,1,1.0,4.0,60.0
5566,4,7321,19,15.0,,2,6.0,4.0,
5566,5,7321,14,11.0,,2,,,
5566,6,7321,40,,,2,6.0,4.0,
5567,1,7313,89,,,2,6.0,4.0,
5568,1,7311,50,,1.0,1,1.0,4.0,40.0
5568,2,7311,46,,1.0,2,1.0,4.0,40.0
5568,3,7311,18,14.0,1.0,1,1.0,4.0,12.0
5569,1,7317,33,,1.0,1,1.0,4.0,33.0
5570,1,7304,73,,5.0,1,6.0,4.0,4.0
5570,2,7304,70,,1.0,2,1.0,4.0,4.0
5571,1,7302,52,,1.0,1,1.0,4.0,40.0
5571,2,7302,49,,1.0,2,1.0,4.0,40.0
5571,3,7302,12,9.0,,2,,,
5571,4,7302,10,7.0,,1,,,
5572,1,7312,64,,1.0,1,1.0,4.0,40.0
5572,2,7312,64,,1.0,2,1.0,4.0,40.0
5573,1,7310,58,,6.0,1,1.0,4.0,40.0
5573,2,7310,58,,,2,6.0,4.0,
5574,1,7317,52,,1.0,1,1.0,2.0,20.0
5574,2,7317,51,,1.0,2,1.0,4.0,40.0
5574,3,7317,20,15.0,1.0,2,6.0,4.0,4.0
5575,1,7310,28,,1.0,2,1.0,4.0,50.0
5575,2,7310,40,,1.0,1,2.0,4.0,35.0
5576,1,7319,46,,1.0,1,1.0,2.0,40.0
5577,1,7316,75,,,1,6.0,2.0,
5577,2,7316,67,,,2,6.0,4.0,
5578,1,7321,52,,3.0,2,1.0,4.0,9.0
5579,1,7314,58,,3.0,1,1.0,2.0,40.0
5579,2,7314,57,,1.0,2,1.0,4.0,32.0
5579,3,7314,25,,1.0,2,1.0,4.0,40.0
5579,4,7314,23,15.0,1.0,2,1.0,4.0,20.0
5580,1,7319,68,,,2,6.0,4.0,
5581,1,7315,24,,5.0,2,4.0,1.0,30.0
5581,2,7315,28,,5.0,1,4.0,1.0,40.0
5582,1,7302,82,,,1,6.0,2.0,
5583,1,7307,28,,1.0,1,1.0,4.0,42.0
5583,2,7307,28,,2.0,2,1.0,4.0,40.0
5584,1,7313,53,,1.0,2,1.0,4.0,40.0
5584,2,7313,67,,1.0,1,1.0,4.0,40.0
5584,3,7313,79,,,2,6.0,4.0,
5585,1,7310,46,,3.0,2,6.0,4.0,
5585,2,7310,53,,1.0,1,1.0,4.0,40.0
5585,3,7310,16,12.0,,2,6.0,,
5585,4,7310,14,11.0,,2,,,
5586,1,7301,36,,1.0,1,1.0,4.0,40.0
5586,2,7301,38,,1.0,2,6.0,4.0,
5586,3,7301,18,15.0,1.0,2,1.0,4.0,30.0
5586,4,7301,3,,,2,,,
5586,5,7301,0,,,1,,,
5586,6,7301,24,,1.0,1,1.0,4.0,40.0
5586,7,7301,23,,1.0,2,6.0,4.0,
5586,8,7301,1,,,1,,,
5587,1,7315,63,,1.0,2,1.0,4.0,36.0
5588,1,7318,69,,5.0,1,6.0,2.0,
5588,2,7318,63,,,2,6.0,4.0,
5588,3,7318,30,,1.0,1,1.0,4.0,40.0
5588,4,7318,33,,1.0,2,1.0,4.0,40.0
5588,5,7318,30,,1.0,2,1.0,4.0,40.0
5588,6,7318,27,,1.0,1,1.0,4.0,72.0
5589,1,7302,29,,1.0,2,6.0,4.0,
5589,2,7302,5,1.0,,2,,,
5589,3,7302,1,,,1,,,
5589,4,7302,59,,3.0,1,6.0,4.0,
5589,5,7302,58,,2.0,2,6.0,4.0,
5590,1,7322,58,,3.0,2,1.0,4.0,40.0
5590,2,7322,19,15.0,1.0,2,1.0,4.0,10.0
5590,3,7322,61,,,1,6.0,4.0,
5591,1,7319,57,,3.0,2,1.0,4.0,40.0
5591,2,7319,59,,1.0,1,1.0,4.0,58.0
5591,3,7319,26,,5.0,1,1.0,4.0,40.0
5591,4,7319,22,,1.0,2,1.0,4.0,35.0
5592,1,7302,64,,2.0,1,1.0,4.0,15.0
5592,2,7302,61,,2.0,2,1.0,4.0,30.0
5593,1,7312,55,,1.0,2,1.0,4.0,40.0
5593,2,7312,59,,6.0,1,2.0,4.0,5.0
5593,3,7312,59,15.0,1.0,1,1.0,4.0,40.0
5593,4,7312,59,,1.0,2,1.0,4.0,40.0
5593,5,7312,53,,,1,6.0,4.0,
5594,1,7310,39,,1.0,1,1.0,4.0,60.0
5594,2,7310,37,,1.0,2,1.0,4.0,20.0
5595,1,7318,67,,,2,6.0,4.0,
5596,1,7306,38,,1.0,1,1.0,4.0,40.0
5596,2,7306,36,,1.0,2,1.0,4.0,40.0
5596,3,7306,11,8.0,,2,,,
5596,4,7306,2,,,2,,,
5597,1,7321,52,,1.0,2,1.0,4.0,40.0
5597,2,7321,27,,1.0,1,1.0,4.0,20.0
5598,1,7318,41,15.0,1.0,2,1.0,4.0,40.0
5598,2,7318,40,,1.0,1,3.0,2.0,40.0
5598,3,7318,24,,1.0,1,1.0,4.0,40.0
5599,1,7310,56,,,1,6.0,4.0,
5599,2,7310,48,,4.0,1,1.0,2.0,40.0
5600,1,7306,45,,1.0,1,1.0,2.0,30.0
5600,2,7306,44,,,2,6.0,2.0,
5600,3,7306,14,11.0,,2,,,
5600,4,7306,12,8.0,,1,,,
5600,5,7306,11,7.0,,2,,,
5601,1,7321,38,15.0,5.0,2,1.0,4.0,40.0
5601,2,7321,8,5.0,,1,,,
5601,3,7321,78,,,1,6.0,4.0,
5601,4,7321,28,16.0,7.0,2,6.0,2.0,
5601,5,7321,9,5.0,,1,,,
5602,1,7321,50,,1.0,1,3.0,3.0,
5602,2,7321,15,12.0,,2,,,
5603,1,7312,34,,1.0,1,1.0,4.0,40.0
5603,2,7312,34,,1.0,2,6.0,4.0,40.0
5604,1,7321,55,,,2,6.0,4.0,
5604,2,7321,55,,1.0,1,1.0,4.0,45.0
5604,3,7321,20,15.0,,1,6.0,4.0,
5605,1,7319,67,,1.0,2,1.0,4.0,40.0
5605,2,7319,67,,1.0,1,1.0,4.0,50.0
5605,3,7319,40,,3.0,2,1.0,4.0,18.0
5605,4,7319,20,,,2,6.0,4.0,
5606,1,7301,68,,1.0,1,1.0,4.0,20.0
5607,1,7309,74,,,2,6.0,4.0,
5607,2,7309,76,,,1,6.0,3.0,
5608,1,7322,71,,,2,6.0,4.0,
5609,1,7301,32,,1.0,1,1.0,4.0,40.0
5609,2,7301,30,,7.0,2,1.0,4.0,40.0
5609,3,7301,5,2.0,,1,,,
5609,4,7301,2,,,2,,,
5610,1,7317,52,,,2,6.0,4.0,
5610,2,7317,29,,1.0,1,6.0,4.0,12.0
5611,1,7313,53,,3.0,2,6.0,4.0,8.0
5611,2,7313,48,,7.0,1,1.0,4.0,40.0
5611,3,7313,18,14.0,,2,6.0,4.0,
5611,4,7313,15,11.0,,1,,,
5612,1,7319,61,,9.0,2,3.0,4.0,
5612,2,7319,43,,4.0,2,1.0,4.0,15.0
5613,1,7318,44,,1.0,2,1.0,4.0,40.0
5613,2,7318,35,,1.0,1,1.0,3.0,40.0
5613,3,7318,19,15.0,1.0,2,2.0,4.0,25.0
5613,4,7318,13,10.0,,2,,,
5613,5,7318,9,5.0,,1,,,
5614,1,7309,63,,1.0,2,1.0,4.0,40.0
5614,2,7309,29,,9.0,2,3.0,4.0,
5614,3,7309,29,,1.0,2,1.0,4.0,40.0
5615,1,7309,32,,1.0,1,1.0,4.0,40.0
5615,2,7309,29,,1.0,2,1.0,4.0,40.0
5615,3,7309,64,,1.0,2,1.0,4.0,40.0
5616,1,7310,77,,8.0,2,6.0,4.0,40.0
5616,2,7310,78,,,1,6.0,2.0,
5617,1,7319,51,16.0,5.0,1,4.0,1.0,40.0
5617,2,7319,50,,5.0,2,1.0,4.0,40.0
5617,3,7319,20,15.0,1.0,2,6.0,4.0,
5618,1,7314,71,,2.0,1,6.0,3.0,
5618,2,7314,70,,,2,6.0,4.0,
5619,1,7301,22,,5.0,2,4.0,1.0,32.0
5619,2,7301,21,,5.0,1,4.0,1.0,8.0
5620,1,7318,72,,1.0,1,1.0,4.0,20.0
5620,2,7318,72,,,2,6.0,4.0,
5620,3,7318,48,15.0,1.0,2,3.0,4.0,
5621,1,7301,28,,1.0,2,1.0,4.0,39.0
5621,2,7301,38,,1.0,1,1.0,4.0,45.0
5621,3,7301,2,,,1,,,
5621,4,7301,0,,,1,,,
5622,1,7304,34,,1.0,1,1.0,4.0,40.0
5622,2,7304,26,,1.0,1,1.0,4.0,40.0
5623,1,7317,64,,1.0,2,1.0,4.0,47.0
5624,1,7315,67,,1.0,1,1.0,4.0,30.0
5624,2,7315,64,,1.0,2,1.0,4.0,35.0
5624,3,7315,28,15.0,1.0,1,1.0,4.0,22.0
5625,1,7322,57,,5.0,2,1.0,4.0,40.0
5625,2,7322,34,,1.0,1,1.0,4.0,40.0
5625,3,7322,84,,,1,6.0,4.0,
5625,4,7322,77,,,2,6.0,4.0,
5626,1,7308,46,,6.0,1,1.0,4.0,30.0
5626,2,7308,44,,1.0,2,1.0,4.0,40.0
5626,3,7308,14,11.0,,2,,,
5626,4,7308,11,8.0,,1,,,
5627,1,7317,21,,1.0,2,1.0,4.0,35.0
5627,2,7317,23,,1.0,2,1.0,4.0,25.0
5627,3,7317,22,,1.0,2,1.0,4.0,40.0
5627,4,7317,22,15.0,1.0,2,1.0,4.0,30.0
5627,5,7317,21,15.0,1.0,2,1.0,4.0,30.0
5628,1,7309,72,,7.0,1,1.0,2.0,4.0
5628,2,7309,71,,,2,6.0,4.0,
5629,1,7308,72,,,1,6.0,4.0,
5629,2,7308,67,,,2,6.0,4.0,
5630,1,7303,34,,1.0,1,1.0,4.0,40.0
5631,1,7301,50,,6.0,1,1.0,4.0,36.0
5631,2,7301,38,,1.0,2,1.0,4.0,40.0
5632,1,7304,46,,3.0,1,1.0,4.0,40.0
5632,2,7304,46,,3.0,2,1.0,4.0,40.0
5632,3,7304,16,12.0,,1,6.0,,
5632,4,7304,12,9.0,,2,,,
5633,1,7305,69,,,2,6.0,4.0,
5634,1,7305,30,,1.0,1,1.0,4.0,25.0
5634,2,7305,27,,1.0,2,1.0,4.0,20.0
5634,3,7305,0,,,1,,,
5635,1,7310,48,,1.0,1,1.0,4.0,40.0
5635,2,7310,50,,1.0,2,1.0,4.0,40.0
5635,3,7310,19,15.0,,1,6.0,4.0,
5635,4,7310,16,12.0,,1,6.0,,
5635,5,7310,14,10.0,,1,,,
5636,1,7314,63,,6.0,1,6.0,4.0,
5637,1,7322,59,,,2,6.0,4.0,
5637,2,7322,57,,1.0,1,1.0,4.0,40.0
5637,3,7322,36,,3.0,2,1.0,4.0,40.0
5637,4,7322,22,,1.0,1,1.0,4.0,40.0
5637,5,7322,8,5.0,,2,,,
5637,6,7322,8,4.0,,1,,,
5637,7,7322,35,,6.0,1,1.0,3.0,40.0
5638,1,7321,43,,6.0,2,1.0,4.0,40.0
5638,2,7321,19,14.0,,2,6.0,4.0,
5638,3,7321,17,13.0,,2,6.0,4.0,
5639,1,7317,60,,1.0,2,1.0,4.0,25.0
5640,1,7318,71,,,2,6.0,4.0,
5640,2,7318,42,,2.0,1,1.0,4.0,40.0
5641,1,7313,59,,6.0,1,1.0,4.0,20.0
5641,2,7313,45,,7.0,1,1.0,4.0,40.0
5642,1,7301,31,,1.0,2,2.0,4.0,40.0
5642,2,7301,38,,1.0,1,1.0,4.0,40.0
5642,3,7301,26,,5.0,2,1.0,4.0,50.0
5642,4,7301,63,,1.0,2,1.0,4.0,40.0
5643,1,7304,34,,1.0,2,1.0,4.0,52.0
5643,2,7304,32,15.0,5.0,1,1.0,4.0,40.0
5644,1,7315,68,16.0,,1,6.0,2.0,
5644,2,7315,72,,,1,6.0,4.0,
5644,3,7315,72,,,1,6.0,4.0,
5644,4,7315,68,16.0,1.0,2,1.0,4.0,40.0
5644,5,7315,19,15.0,,1,6.0,4.0,
5645,1,7315,60,,1.0,1,1.0,4.0,50.0
5645,2,7315,55,,1.0,2,1.0,4.0,50.0
5646,1,7315,74,,1.0,2,1.0,4.0,40.0
5647,1,7311,82,,,2,6.0,4.0,
5647,2,7311,43,,,1,6.0,4.0,
5648,1,7311,70,,,2,6.0,4.0,
5648,2,7311,63,,1.0,1,6.0,4.0,
5649,1,7301,38,,6.0,2,1.0,4.0,20.0
5649,2,7301,38,,1.0,1,1.0,4.0,12.0
5649,3,7301,5,2.0,,2,,,
5649,4,7301,1,,,2,,,
5650,1,7306,49,,2.0,1,1.0,4.0,40.0
5650,2,7306,47,,3.0,2,1.0,4.0,40.0
5651,1,7301,94,,,2,6.0,4.0,
5652,1,7310,41,,1.0,1,1.0,4.0,40.0
5652,2,7310,36,,4.0,2,1.0,4.0,50.0
5652,3,7310,5,,,1,,,
5652,4,7310,1,,,1,,,
5653,1,7305,68,,1.0,2,1.0,4.0,20.0
5654,1,7306,42,,1.0,2,1.0,4.0,40.0
5654,2,7306,37,,1.0,2,1.0,4.0,40.0
5654,3,7306,63,,,1,6.0,4.0,
5654,4,7306,61,,,2,6.0,4.0,
5655,1,7318,69,,1.0,1,2.0,4.0,40.0
5655,2,7318,57,,1.0,2,1.0,4.0,32.0
5656,1,7314,86,,,2,6.0,4.0,
5657,1,7318,69,,,1,6.0,2.0,
5657,2,7318,42,,5.0,1,1.0,4.0,40.0
5657,3,7318,36,,1.0,2,1.0,4.0,40.0
5658,1,7310,27,,1.0,2,1.0,4.0,45.0
5658,2,7310,27,,1.0,2,1.0,4.0,40.0
5659,1,7316,45,,3.0,2,1.0,4.0,80.0
5659,2,7316,42,,6.0,1,1.0,4.0,60.0
5659,3,7316,5,2.0,,1,,,
5659,4,7316,1,,,2,,,
5660,1,7311,61,,1.0,1,6.0,4.0,
5660,2,7311,66,,1.0,2,1.0,4.0,6.0
5660,3,7311,26,,6.0,2,1.0,4.0,20.0
5661,1,7318,70,,1.0,1,6.0,2.0,
5661,2,7318,77,,,2,6.0,4.0,
5662,1,7318,38,,6.0,2,1.0,4.0,30.0
5662,2,7318,14,11.0,,2,,,
5662,3,7318,6,2.0,,1,,,
5662,4,7318,4,1.0,,1,,,
5663,1,7316,57,,2.0,1,1.0,4.0,45.0
5664,1,7307,68,,1.0,2,6.0,4.0,
5664,2,7307,89,,,2,6.0,4.0,
5664,3,7307,61,,2.0,2,6.0,4.0,
5665,1,7320,69,,3.0,2,6.0,4.0,
5665,2,7320,68,,6.0,1,1.0,2.0,50.0
5665,3,7320,47,,,2,6.0,4.0,
5665,4,7320,21,,,1,6.0,4.0,
5665,5,7320,13,10.0,,1,,,
5665,6,7320,49,,1.0,1,1.0,2.0,40.0
5666,1,7309,37,,1.0,2,6.0,4.0,60.0
5666,2,7309,3,1.0,,1,,,
5666,3,7309,0,,,2,,,
5667,1,7320,48,,1.0,2,1.0,4.0,40.0
5667,2,7320,50,,3.0,1,1.0,4.0,50.0
5667,3,7320,19,,1.0,1,1.0,4.0,40.0
5667,4,7320,17,14.0,2.0,2,1.0,4.0,8.0
5668,1,7311,67,,3.0,2,6.0,4.0,
5669,1,7306,61,,1.0,2,1.0,4.0,40.0
5669,2,7306,57,,1.0,1,1.0,4.0,56.0
5670,1,7318,51,,1.0,1,1.0,2.0,45.0
5670,2,7318,50,,1.0,2,1.0,4.0,45.0
5670,3,7318,18,15.0,9.0,1,3.0,4.0,
5670,4,7318,16,13.0,,2,6.0,,
5671,1,7321,62,,1.0,1,1.0,4.0,34.0
5671,2,7321,55,,4.0,2,1.0,4.0,40.0
5671,3,7321,22,15.0,1.0,2,1.0,4.0,16.0
5671,4,7321,20,15.0,,2,6.0,4.0,
5672,1,7313,75,,1.0,1,1.0,2.0,20.0
5672,2,7313,36,,3.0,2,3.0,4.0,40.0
5673,1,7314,81,,,1,6.0,2.0,
5673,2,7314,78,,,2,6.0,4.0,
5674,1,7317,38,,1.0,2,1.0,4.0,35.0
5674,2,7317,13,10.0,,1,,,
5674,3,7317,62,,1.0,2,6.0,4.0,
5675,1,7314,26,,5.0,1,4.0,1.0,40.0
5676,1,7307,43,,1.0,2,1.0,4.0,40.0
5676,2,7307,39,,2.0,1,1.0,4.0,40.0
5676,3,7307,18,15.0,,1,6.0,4.0,
5676,4,7307,17,14.0,9.0,2,3.0,4.0,
5676,5,7307,14,11.0,,2,,,
5677,1,7319,74,,,2,6.0,4.0,
5678,1,7301,24,15.0,1.0,1,1.0,4.0,20.0
5678,2,7301,33,16.0,1.0,2,1.0,4.0,40.0
5678,3,7301,11,7.0,,2,,,
5678,4,7301,3,,,1,,,
5678,5,7301,2,,,1,,,
5679,1,7314,51,16.0,1.0,1,1.0,2.0,40.0
5679,2,7314,48,,6.0,2,1.0,4.0,10.0
5679,3,7314,13,9.0,,1,,,
5679,4,7314,11,8.0,,1,,,
5679,5,7314,10,6.0,,1,,,
5680,1,7305,49,,1.0,2,1.0,4.0,38.0
5680,2,7305,21,15.0,1.0,1,1.0,4.0,20.0
5681,1,7308,74,,,1,6.0,2.0,
5681,2,7308,69,,,2,6.0,4.0,
5682,1,7306,54,,1.0,1,1.0,4.0,40.0
5682,2,7306,54,,3.0,2,1.0,4.0,40.0
5682,3,7306,33,,1.0,1,1.0,4.0,40.0
5682,4,7306,25,,1.0,2,1.0,4.0,12.0
5682,5,7306,27,,1.0,1,1.0,3.0,40.0
5683,1,7310,54,,5.0,2,1.0,4.0,40.0
5684,1,7319,58,,,2,6.0,4.0,
5684,2,7319,60,,,1,6.0,2.0,
5685,1,7308,52,,1.0,1,1.0,4.0,60.0
5685,2,7308,53,,,2,6.0,4.0,
5686,1,7305,47,,1.0,1,1.0,4.0,50.0
5686,2,7305,39,,,2,6.0,4.0,
5686,3,7305,11,7.0,,2,,,
5686,4,7305,8,4.0,,2,,,
5686,5,7305,80,,,2,6.0,4.0,
5687,1,7320,57,,1.0,1,1.0,4.0,55.0
5687,2,7320,59,,3.0,2,1.0,4.0,40.0
5687,3,7320,25,,1.0,1,1.0,4.0,45.0
5688,1,7313,70,,,2,6.0,4.0,
5689,1,7308,63,,1.0,1,1.0,4.0,40.0
5690,1,7318,27,,6.0,2,1.0,4.0,22.0
5690,2,7318,28,,1.0,1,1.0,4.0,40.0
5690,3,7318,7,5.0,,1,,,
5690,4,7318,1,,,2,,,
5691,1,7315,30,,6.0,1,1.0,4.0,35.0
5691,2,7315,28,,7.0,1,1.0,4.0,40.0
5691,3,7315,25,,1.0,1,1.0,4.0,40.0
5691,4,7315,29,,1.0,1,1.0,4.0,50.0
5692,1,7308,63,,6.0,1,1.0,2.0,40.0
5692,2,7308,63,,1.0,2,1.0,4.0,40.0
5693,1,7316,47,,1.0,2,1.0,4.0,50.0
5694,1,7313,43,,1.0,2,1.0,4.0,35.0
5694,2,7313,19,15.0,1.0,1,1.0,4.0,12.0
5694,3,7313,2,,,2,,,
5695,1,7309,53,,1.0,1,1.0,4.0,40.0
5695,2,7309,50,,1.0,2,1.0,4.0,32.0
5695,3,7309,14,11.0,,1,,,
5695,4,7309,14,10.0,,1,,,
5696,1,7312,51,,1.0,1,1.0,4.0,40.0
5696,2,7312,46,,,2,6.0,4.0,
5696,3,7312,19,15.0,1.0,2,1.0,4.0,20.0
5696,4,7312,16,13.0,,1,6.0,,
5697,1,7321,52,,1.0,1,3.0,4.0,50.0
5697,2,7321,52,,1.0,2,3.0,4.0,40.0
5697,3,7321,12,9.0,,2,,,
5697,4,7321,22,,1.0,1,3.0,4.0,40.0
5698,1,7322,50,,,2,6.0,4.0,
5698,2,7322,60,,1.0,1,1.0,2.0,40.0
5698,3,7322,24,15.0,1.0,2,6.0,4.0,12.0
5698,4,7322,12,9.0,,2,,,
5699,1,7318,29,,5.0,1,5.0,3.0,70.0
5699,2,7318,26,,1.0,2,1.0,3.0,35.0
5699,3,7318,4,,,2,,,
5700,1,7317,62,,,2,6.0,4.0,
5700,2,7317,65,,,1,6.0,4.0,
5701,1,7305,37,,1.0,2,1.0,4.0,40.0
5701,2,7305,28,15.0,,2,6.0,4.0,
5701,3,7305,26,,1.0,2,1.0,4.0,40.0
5701,4,7305,17,14.0,,2,6.0,4.0,
5701,5,7305,57,,1.0,2,1.0,4.0,24.0
5702,1,7310,53,,7.0,1,1.0,4.0,70.0
5702,2,7310,54,,4.0,2,1.0,4.0,70.0
5702,3,7310,23,,1.0,1,1.0,4.0,30.0
5702,4,7310,18,14.0,,1,6.0,4.0,
5703,1,7304,53,,2.0,2,1.0,4.0,32.0
5703,2,7304,16,13.0,1.0,1,1.0,,25.0
5703,3,7304,14,11.0,,1,,,
5703,4,7304,14,11.0,,1,,,
5703,5,7304,27,,1.0,1,1.0,4.0,40.0
5704,1,7311,84,,,2,6.0,4.0,
5704,2,7311,83,,,1,6.0,4.0,
5705,1,7313,26,15.0,1.0,2,1.0,4.0,26.0
5705,2,7313,25,,5.0,1,4.0,1.0,60.0
5706,1,7313,34,,4.0,2,1.0,4.0,50.0
5706,2,7313,67,,1.0,1,1.0,4.0,40.0
5706,3,7313,66,,1.0,2,6.0,4.0,
5707,1,7304,51,,1.0,2,1.0,4.0,45.0
5708,1,7315,33,16.0,7.0,1,1.0,4.0,7.0
5709,1,7318,74,,,1,6.0,4.0,
5709,2,7318,72,,,2,6.0,4.0,
5710,1,7309,65,,6.0,2,1.0,4.0,32.0
5711,1,7321,57,,9.0,2,3.0,4.0,
5712,1,7319,73,,,2,6.0,4.0,
5712,2,7319,80,,,1,6.0,3.0,
5713,1,7309,58,,1.0,2,1.0,4.0,40.0
5713,2,7309,57,,1.0,1,1.0,4.0,40.0
5714,1,7301,58,,1.0,1,1.0,2.0,90.0
5714,2,7301,59,15.0,,2,6.0,4.0,
5714,3,7301,27,,1.0,2,6.0,4.0,12.0
5714,4,7301,33,,1.0,1,1.0,4.0,80.0
5715,1,7307,54,,1.0,1,1.0,4.0,40.0
5715,2,7307,55,,1.0,2,1.0,4.0,40.0
5716,1,7302,59,,3.0,1,2.0,4.0,40.0
5716,2,7302,56,,1.0,2,1.0,4.0,45.0
5717,1,7317,51,,1.0,2,1.0,4.0,40.0
5717,2,7317,51,,1.0,1,6.0,4.0,
5717,3,7317,25,,3.0,1,1.0,4.0,25.0
5717,4,7317,24,,1.0,1,1.0,4.0,40.0
5717,5,7317,21,15.0,3.0,2,1.0,4.0,25.0
5718,1,7317,54,,3.0,1,1.0,4.0,40.0
5719,1,7319,69,,5.0,1,6.0,2.0,
5719,2,7319,69,,1.0,2,6.0,4.0,
5719,3,7319,48,,1.0,1,1.0,4.0,40.0
5719,4,7319,40,,1.0,2,1.0,4.0,40.0
5719,5,7319,35,,1.0,1,1.0,4.0,62.0
5719,6,7319,94,,,2,6.0,4.0,
5719,7,7319,82,,6.0,1,6.0,4.0,
5719,8,7319,71,,1.0,2,6.0,4.0,
5720,1,7308,51,,1.0,1,1.0,2.0,40.0
5720,2,7308,51,15.0,9.0,2,3.0,4.0,
5720,3,7308,16,13.0,,2,6.0,,
5721,1,7319,64,,4.0,2,6.0,4.0,
5722,1,7301,44,,1.0,2,1.0,4.0,40.0
5722,2,7301,23,15.0,1.0,2,1.0,4.0,30.0
5722,3,7301,23,,1.0,2,1.0,4.0,23.0
5722,4,7301,18,,,2,6.0,4.0,
5722,5,7301,2,,,1,,,
5723,1,7311,33,,1.0,2,1.0,4.0,50.0
5723,2,7311,37,,1.0,1,1.0,4.0,45.0
5723,3,7311,2,,,2,,,
5724,1,7304,36,,2.0,2,1.0,4.0,40.0
5724,2,7304,41,,1.0,1,1.0,4.0,40.0
5725,1,7310,22,,1.0,1,1.0,4.0,40.0
5725,2,7310,20,15.0,1.0,1,1.0,4.0,20.0
5726,1,7315,31,,1.0,2,1.0,4.0,32.0
5726,2,7315,45,,1.0,1,1.0,4.0,50.0
5726,3,7315,6,3.0,,2,,,
5726,4,7315,2,,,2,,,
5727,1,7318,51,,3.0,2,1.0,4.0,5.0
5727,2,7318,17,13.0,,1,6.0,4.0,
5728,1,7303,43,,1.0,1,1.0,2.0,40.0
5728,2,7303,37,,1.0,2,1.0,4.0,40.0
5728,3,7303,7,4.0,,2,,,
5728,4,7303,15,12.0,,1,,,
5729,1,7313,63,,1.0,1,1.0,4.0,40.0
5730,1,7310,26,,4.0,2,1.0,4.0,45.0
5730,2,7310,26,,1.0,1,1.0,4.0,50.0
5731,1,7321,29,,1.0,2,1.0,4.0,40.0
5731,2,7321,25,,1.0,1,1.0,4.0,40.0
5732,1,7312,26,,1.0,2,1.0,4.0,40.0
5732,2,7312,26,,5.0,1,1.0,4.0,40.0
5733,1,7302,33,,3.0,1,1.0,4.0,50.0
5733,2,7302,32,,5.0,2,1.0,4.0,40.0
5733,3,7302,10,6.0,,1,,,
5733,4,7302,5,1.0,,1,,,
5734,1,7308,66,,1.0,1,1.0,4.0,35.0
5734,2,7308,65,,,2,6.0,4.0,
5734,3,7308,31,,,1,6.0,4.0,
5734,4,7308,29,,1.0,2,3.0,4.0,
5734,5,7308,28,,3.0,1,3.0,4.0,
5735,1,7302,36,,1.0,1,1.0,4.0,38.0
5735,2,7302,38,,1.0,2,1.0,4.0,38.0
5735,3,7302,11,8.0,,1,,,
5735,4,7302,3,1.0,,2,,,
5736,1,7304,84,,,2,6.0,4.0,
5737,1,7301,54,,1.0,1,1.0,4.0,40.0
5737,2,7301,31,16.0,1.0,1,6.0,4.0,
5738,1,7314,60,,6.0,1,6.0,2.0,
5738,2,7314,61,,1.0,2,1.0,4.0,45.0
5739,1,7318,40,,4.0,2,1.0,4.0,15.0
5739,2,7318,11,7.0,,1,,,
5739,3,7318,64,,,1,6.0,4.0,
5739,4,7318,57,,,2,6.0,4.0,
5740,1,7321,55,,1.0,2,1.0,4.0,40.0
5740,2,7321,56,,1.0,1,1.0,4.0,24.0
5740,3,7321,26,15.0,1.0,1,1.0,4.0,35.0
5741,1,7308,67,,1.0,1,6.0,2.0,
5742,1,7313,30,,1.0,2,1.0,4.0,40.0
5743,1,7321,43,,1.0,2,1.0,4.0,40.0
5743,2,7321,19,15.0,,1,6.0,4.0,
5743,3,7321,8,5.0,,2,,,
5743,4,7321,41,,1.0,1,6.0,2.0,
5743,5,7321,18,,9.0,2,3.0,4.0,
5744,1,7302,65,,3.0,1,6.0,4.0,
5744,2,7302,76,,,2,6.0,4.0,
5745,1,7314,47,,6.0,2,1.0,4.0,8.0
5745,2,7314,42,,1.0,1,1.0,3.0,30.0
5745,3,7314,16,13.0,,2,6.0,,
5745,4,7314,14,11.0,,2,,,
5746,1,7310,70,,,2,6.0,4.0,
5746,2,7310,76,,,1,6.0,2.0,
5747,1,7315,60,,,1,6.0,4.0,
5747,2,7315,50,,1.0,2,1.0,4.0,50.0
5747,3,7315,27,15.0,1.0,1,1.0,4.0,40.0
5748,1,7314,62,,1.0,1,1.0,4.0,48.0
5748,2,7314,44,,9.0,2,3.0,4.0,
5748,3,7314,7,4.0,,1,,,
5749,1,7305,69,,1.0,2,1.0,4.0,24.0
5750,1,7321,36,,1.0,1,1.0,4.0,40.0
5750,2,7321,36,,,2,6.0,4.0,
5750,3,7321,4,,,2,,,
5750,4,7321,0,,,1,,,
5750,5,7321,40,,1.0,2,1.0,4.0,35.0
5750,6,7321,33,,1.0,1,1.0,4.0,40.0
5750,7,7321,25,,1.0,2,1.0,4.0,40.0
5750,8,7321,60,,1.0,1,1.0,4.0,40.0
5750,9,7321,58,,1.0,2,1.0,4.0,35.0
5750,10,7321,11,6.0,,1,,,
5750,11,7321,6,3.0,,1,,,
5751,1,7321,30,,1.0,1,1.0,4.0,28.0
5751,2,7321,28,,1.0,2,1.0,4.0,20.0
5752,1,7313,55,,1.0,1,1.0,4.0,40.0
5752,2,7313,56,,1.0,1,1.0,2.0,55.0
5753,1,7303,38,,1.0,1,1.0,4.0,40.0
5753,2,7303,37,,1.0,2,1.0,4.0,45.0
5753,3,7303,15,12.0,,2,,,
5754,1,7319,58,,1.0,1,1.0,4.0,40.0
5754,2,7319,57,,,2,6.0,4.0,
5755,1,7310,81,,,2,6.0,4.0,
5756,1,7309,65,,1.0,1,1.0,4.0,24.0
5756,2,7309,66,,1.0,2,6.0,4.0,
5757,1,7315,32,,1.0,2,1.0,4.0,40.0
5757,2,7315,31,,1.0,1,3.0,4.0,40.0
5758,1,7310,59,,3.0,1,1.0,4.0,40.0
5759,1,7316,33,,1.0,1,6.0,4.0,50.0
5760,1,7321,58,,7.0,1,1.0,4.0,30.0
5760,2,7321,57,,2.0,2,1.0,4.0,32.0
5760,3,7321,23,,1.0,2,1.0,4.0,30.0
5761,1,7321,77,15.0,5.0,1,1.0,2.0,40.0
5761,2,7321,86,16.0,,2,6.0,4.0,
5761,3,7321,47,15.0,,2,6.0,4.0,
5762,1,7320,61,,6.0,1,1.0,4.0,40.0
5762,2,7320,60,,3.0,2,1.0,4.0,40.0
5762,3,7320,26,,3.0,2,1.0,4.0,8.0
5763,1,7314,49,,7.0,2,1.0,4.0,40.0
5763,2,7314,49,,4.0,2,1.0,4.0,40.0
5764,1,7305,56,,4.0,1,1.0,4.0,55.0
5765,1,7322,64,,1.0,2,3.0,4.0,
5765,2,7322,65,,1.0,1,1.0,4.0,35.0
5765,3,7322,39,,1.0,2,1.0,4.0,40.0
5765,4,7322,35,,4.0,1,1.0,3.0,40.0
5765,5,7322,32,,1.0,2,1.0,4.0,40.0
5765,6,7322,20,,1.0,1,1.0,4.0,40.0
5765,7,7322,6,2.0,,2,,,
5765,8,7322,5,,,2,,,
5765,9,7322,3,1.0,,2,,,
5766,1,7303,85,,,1,6.0,2.0,
5766,2,7303,83,,,2,6.0,4.0,
5766,3,7303,56,,2.0,2,3.0,4.0,
5766,4,7303,30,,1.0,1,1.0,4.0,35.0
5766,5,7303,30,,1.0,1,1.0,4.0,25.0
5767,1,7309,40,,4.0,2,6.0,4.0,11.0
5767,2,7309,16,12.0,,2,6.0,,
5767,3,7309,14,10.0,,1,,,
5767,4,7309,2,,,1,,,
5768,1,7316,65,,,2,6.0,4.0,
5769,1,7313,41,,1.0,1,1.0,4.0,35.0
5769,2,7313,34,,2.0,2,1.0,4.0,40.0
5769,3,7313,22,,1.0,1,1.0,4.0,35.0
5769,4,7313,4,,,1,,,
5769,5,7313,44,,1.0,2,6.0,4.0,
5770,1,7320,67,,,2,6.0,4.0,
5770,2,7320,72,,,1,6.0,4.0,
5771,1,7320,59,,3.0,1,6.0,2.0,25.0
5772,1,7305,47,,3.0,1,1.0,4.0,40.0
5772,2,7305,46,,6.0,2,6.0,4.0,
5772,3,7305,25,,1.0,1,1.0,4.0,40.0
5772,4,7305,22,,1.0,2,6.0,4.0,
5772,5,7305,13,9.0,,1,,,
5772,6,7305,13,12.0,,2,,,
5773,1,7319,56,,3.0,1,1.0,4.0,40.0
5773,2,7319,48,,4.0,2,1.0,4.0,72.0
5774,1,7308,60,,7.0,1,1.0,4.0,40.0
5774,2,7308,60,,1.0,2,3.0,4.0,
5775,1,7314,60,,2.0,2,1.0,4.0,40.0
5776,1,7311,29,,2.0,2,1.0,4.0,40.0
5776,2,7311,36,,1.0,1,1.0,4.0,40.0
5777,1,7301,63,,3.0,1,1.0,2.0,40.0
5777,2,7301,61,,3.0,2,1.0,4.0,40.0
5778,1,7316,57,,4.0,1,6.0,4.0,20.0
5779,1,7311,28,,1.0,1,1.0,4.0,40.0
5780,1,7316,49,,3.0,2,1.0,4.0,36.0
5780,2,7316,46,,3.0,2,1.0,4.0,36.0
5781,1,7313,49,,3.0,1,1.0,4.0,40.0
5781,2,7313,52,,2.0,2,1.0,4.0,20.0
5781,3,7313,20,15.0,1.0,1,1.0,4.0,12.0
5781,4,7313,17,14.0,,2,6.0,4.0,
5782,1,7310,79,,,1,6.0,4.0,
5782,2,7310,79,,,2,6.0,4.0,
5783,1,7301,58,,1.0,1,1.0,4.0,50.0
5783,2,7301,65,,,2,6.0,4.0,
5784,1,7320,54,,1.0,1,1.0,4.0,40.0
5784,2,7320,48,,1.0,2,1.0,4.0,40.0
5784,3,7320,22,,4.0,1,3.0,4.0,20.0
5784,4,7320,17,13.0,,1,6.0,4.0,
5785,1,7322,61,,6.0,1,1.0,4.0,65.0
5785,2,7322,55,,4.0,2,1.0,4.0,70.0
5786,1,7315,39,,6.0,2,6.0,4.0,12.0
5786,2,7315,26,,8.0,1,1.0,4.0,40.0
5787,1,7305,80,,,1,6.0,4.0,
5787,2,7305,78,,,2,6.0,4.0,
5788,1,7312,70,,2.0,2,1.0,4.0,40.0
5789,1,7305,43,,1.0,1,1.0,4.0,40.0
5789,2,7305,43,,,2,6.0,4.0,
5789,3,7305,14,10.0,,1,,,
5789,4,7305,11,8.0,,2,,,
5790,1,7307,94,,,2,6.0,4.0,
5791,1,7309,38,,2.0,1,1.0,4.0,40.0
5791,2,7309,38,,1.0,2,1.0,4.0,40.0
5791,3,7309,5,2.0,,2,,,
5791,4,7309,2,,,1,,,
5792,1,7317,37,,1.0,2,1.0,4.0,40.0
5792,2,7317,37,,1.0,1,1.0,4.0,45.0
5793,1,7313,35,,1.0,1,3.0,4.0,40.0
5794,1,7309,62,,1.0,2,2.0,4.0,20.0
5794,2,7309,21,15.0,1.0,2,6.0,4.0,
5794,3,7309,0,,,2,,,
5794,4,7309,0,,,2,,,
5794,5,7309,0,,,2,,,
5795,1,7314,66,,,1,6.0,4.0,
5795,2,7314,64,,,2,6.0,4.0,
5796,1,7316,80,,,2,6.0,4.0,
5796,2,7316,86,,,1,6.0,4.0,
5797,1,7301,65,,,1,6.0,2.0,
5798,1,7319,54,,9.0,2,3.0,4.0,
5798,2,7319,79,,,2,6.0,4.0,
5799,1,7322,61,,,2,6.0,4.0,
5799,2,7322,69,,,1,6.0,4.0,
5799,3,7322,17,14.0,,1,6.0,4.0,
5800,1,7306,59,,5.0,1,1.0,2.0,4.0
5800,2,7306,57,,2.0,2,1.0,4.0,34.0
5801,1,7304,55,,3.0,1,1.0,4.0,40.0
5801,2,7304,57,,2.0,2,6.0,4.0,
5801,3,7304,14,10.0,,2,,,
5802,1,7308,64,,2.0,2,1.0,4.0,50.0
5803,1,7311,57,,7.0,2,1.0,4.0,35.0
5803,2,7311,61,,1.0,1,1.0,4.0,40.0
5804,1,7308,44,,1.0,1,1.0,4.0,40.0
5804,2,7308,40,,2.0,2,1.0,4.0,30.0
5804,3,7308,14,10.0,,2,,,
5804,4,7308,13,10.0,,1,,,
5805,1,7308,59,,1.0,1,1.0,4.0,50.0
5805,2,7308,58,,,2,6.0,4.0,
5806,1,7317,42,,1.0,2,1.0,4.0,42.0
5806,2,7317,44,,1.0,1,1.0,4.0,40.0
5807,1,7308,54,,1.0,2,1.0,4.0,40.0
5807,2,7308,55,,3.0,1,1.0,4.0,40.0
5808,1,7306,81,,,1,6.0,4.0,
5808,2,7306,78,,,2,6.0,4.0,
5809,1,7301,47,,1.0,1,1.0,4.0,45.0
5809,2,7301,46,,1.0,2,1.0,4.0,40.0
5809,3,7301,24,,1.0,1,1.0,4.0,30.0
5809,4,7301,21,,1.0,2,1.0,4.0,25.0
5810,1,7308,37,,1.0,2,1.0,4.0,32.0
5810,2,7308,38,,1.0,1,1.0,4.0,52.0
5810,3,7308,4,,,1,,,
5810,4,7308,3,,,1,,,
5810,5,7308,0,,,2,,,
5811,1,7308,50,,2.0,1,1.0,4.0,35.0
5811,2,7308,46,,1.0,2,1.0,4.0,40.0
5811,3,7308,19,15.0,1.0,1,1.0,4.0,12.0
5811,4,7308,19,15.0,3.0,1,6.0,4.0,
5812,1,7318,59,,1.0,2,1.0,4.0,15.0
5813,1,7314,54,,4.0,1,1.0,4.0,40.0
5813,2,7314,13,9.0,,1,,,
5814,1,7321,28,,3.0,1,1.0,4.0,40.0
5814,2,7321,27,15.0,6.0,2,1.0,4.0,24.0
5815,1,7318,66,,,1,6.0,4.0,
5815,2,7318,69,,1.0,2,6.0,4.0,
5815,3,7318,35,,1.0,2,1.0,4.0,20.0
5815,4,7318,34,15.0,1.0,1,1.0,4.0,40.0
5815,5,7318,26,,1.0,2,1.0,4.0,35.0
5815,6,7318,26,,1.0,1,1.0,4.0,21.0
5816,1,7302,64,,1.0,1,6.0,2.0,
5816,2,7302,57,,1.0,2,1.0,4.0,28.0
5816,3,7302,25,16.0,4.0,2,1.0,4.0,9.0
5816,4,7302,22,15.0,,1,6.0,4.0,
5816,5,7302,20,15.0,,1,6.0,4.0,
5816,6,7302,22,15.0,,2,6.0,4.0,
5817,1,7314,25,,1.0,2,1.0,4.0,40.0
5817,2,7314,25,,1.0,1,1.0,4.0,40.0
5817,3,7314,25,15.0,1.0,1,1.0,4.0,40.0
5818,1,7309,46,,2.0,2,1.0,4.0,40.0
5819,1,7316,28,,4.0,1,1.0,4.0,50.0
5820,1,7318,71,,,1,6.0,2.0,
5820,2,7318,75,,7.0,2,6.0,4.0,
5820,3,7318,22,,7.0,1,1.0,4.0,8.0
5821,1,7313,60,,,2,6.0,4.0,
5821,2,7313,62,,1.0,1,3.0,4.0,48.0
5821,3,7313,33,,1.0,1,1.0,4.0,40.0
5821,4,7313,30,,,1,6.0,4.0,
5821,5,7313,28,,1.0,1,1.0,4.0,40.0
5822,1,7304,58,,1.0,2,1.0,4.0,45.0
5822,2,7304,24,,1.0,2,1.0,4.0,35.0
5823,1,7322,23,,1.0,2,1.0,4.0,15.0
5823,2,7322,21,,5.0,1,4.0,1.0,80.0
5824,1,7319,39,,4.0,2,1.0,4.0,40.0
5824,2,7319,40,,6.0,2,1.0,4.0,30.0
5825,1,7320,62,,1.0,1,1.0,2.0,40.0
5825,2,7320,58,,3.0,2,1.0,4.0,40.0
5825,3,7320,24,15.0,8.0,1,1.0,4.0,20.0
5826,1,7302,55,,1.0,1,1.0,4.0,50.0
5826,2,7302,55,,,2,6.0,4.0,
5826,3,7302,12,8.0,,2,,,
5826,4,7302,11,7.0,,2,,,
5827,1,7312,32,,1.0,1,1.0,4.0,40.0
5827,2,7312,30,,1.0,2,1.0,4.0,40.0
5827,3,7312,0,,,2,,,
5827,4,7312,73,,,1,6.0,4.0,
5827,5,7312,64,,,2,6.0,4.0,
5828,1,7321,64,,,1,6.0,2.0,
5828,2,7321,58,,1.0,2,1.0,4.0,43.0
5828,3,7321,21,15.0,,2,6.0,4.0,
5829,1,7315,48,,6.0,2,1.0,4.0,30.0
5829,2,7315,62,,6.0,1,1.0,4.0,50.0
5830,1,7310,31,,1.0,2,1.0,4.0,41.0
5830,2,7310,34,,1.0,1,1.0,4.0,40.0
5830,3,7310,2,,,2,,,
5831,1,7321,32,,1.0,1,1.0,4.0,40.0
5831,2,7321,29,,1.0,2,1.0,4.0,40.0
5831,3,7321,11,8.0,,1,,,
5831,4,7321,7,3.0,,1,,,
5832,1,7302,63,15.0,7.0,1,1.0,2.0,50.0
5832,2,7302,64,,1.0,2,1.0,4.0,50.0
5833,1,7306,68,,1.0,1,1.0,4.0,10.0
5833,2,7306,65,,1.0,2,6.0,4.0,
5834,1,7318,69,,,2,6.0,4.0,
5834,2,7318,80,,,1,6.0,2.0,
5835,1,7305,60,,2.0,2,1.0,4.0,60.0
5835,2,7305,61,,4.0,1,1.0,2.0,60.0
5836,1,7322,54,,1.0,1,1.0,4.0,60.0
5836,2,7322,48,,1.0,2,1.0,4.0,40.0
5836,3,7322,21,15.0,1.0,1,6.0,4.0,25.0
5836,4,7322,17,13.0,,2,6.0,4.0,
5836,5,7322,67,,,2,6.0,4.0,
5836,6,7322,19,15.0,,2,6.0,4.0,
5837,1,7322,60,,5.0,1,1.0,2.0,40.0
5837,2,7322,57,,,2,6.0,4.0,
5838,1,7303,28,,3.0,1,1.0,4.0,40.0
5838,2,7303,38,,1.0,1,1.0,4.0,40.0
5839,1,7302,50,,5.0,2,1.0,4.0,40.0
5839,2,7302,52,,,1,6.0,2.0,
5839,3,7302,12,9.0,,2,,,
5840,1,7310,26,,1.0,2,1.0,4.0,40.0
5840,2,7310,28,,1.0,2,1.0,4.0,60.0
5840,3,7310,26,,1.0,2,1.0,4.0,45.0
5840,4,7310,25,,6.0,1,1.0,4.0,40.0
5840,5,7310,25,16.0,6.0,2,1.0,4.0,30.0
5841,1,7311,70,,7.0,2,6.0,4.0,40.0
5841,2,7311,77,,1.0,1,1.0,2.0,3.0
5842,1,7305,67,,1.0,2,1.0,4.0,50.0
5843,1,7320,45,,7.0,2,6.0,4.0,8.0
5843,2,7320,17,14.0,,2,6.0,4.0,
5843,3,7320,13,9.0,,1,,,
5843,4,7320,5,2.0,,2,,,
5844,1,7321,32,,1.0,2,1.0,4.0,60.0
5844,2,7321,39,,1.0,2,2.0,4.0,40.0
5845,1,7301,29,16.0,1.0,1,1.0,4.0,80.0
5845,2,7301,28,16.0,2.0,2,1.0,4.0,36.0
5846,1,7315,70,,1.0,1,1.0,2.0,40.0
5846,2,7315,54,,,2,6.0,4.0,
5847,1,7310,39,,1.0,1,1.0,2.0,44.0
5848,1,7304,49,,7.0,2,1.0,4.0,40.0
5849,1,7308,65,,,1,6.0,4.0,
5849,2,7308,65,,1.0,2,1.0,4.0,40.0
5849,3,7308,28,,1.0,1,1.0,4.0,40.0
5849,4,7308,25,,1.0,1,1.0,4.0,40.0
5850,1,7306,69,,1.0,1,6.0,2.0,
5850,2,7306,66,,1.0,2,6.0,4.0,
5850,3,7306,37,,1.0,2,1.0,4.0,40.0
5850,4,7306,12,8.0,,1,,,
5851,1,7321,36,,3.0,2,2.0,4.0,35.0
5851,2,7321,37,,1.0,1,1.0,4.0,40.0
5851,3,7321,3,,,1,,,
5851,4,7321,0,,,1,,,
5852,1,7302,27,,1.0,1,1.0,4.0,40.0
5852,2,7302,28,,1.0,2,1.0,4.0,40.0
5852,3,7302,0,,,1,,,
5853,1,7315,49,,5.0,2,1.0,4.0,50.0
5853,2,7315,50,,1.0,1,1.0,4.0,50.0
5853,3,7315,13,10.0,,1,,,
5854,1,7312,44,,1.0,1,1.0,2.0,23.0
5854,2,7312,44,,1.0,2,1.0,4.0,40.0
5854,3,7312,13,,,1,,,
5855,1,7312,29,,1.0,2,1.0,4.0,40.0
5855,2,7312,29,,4.0,1,1.0,4.0,50.0
5856,1,7303,34,,1.0,2,1.0,4.0,7.0
5856,2,7303,35,,6.0,1,1.0,4.0,50.0
5856,3,7303,4,1.0,,1,,,
5856,4,7303,3,,,1,,,
5857,1,7311,25,,1.0,1,1.0,4.0,40.0
5857,2,7311,27,,1.0,2,1.0,4.0,45.0
5858,1,7316,38,,1.0,2,1.0,4.0,40.0
5859,1,7317,31,,1.0,1,1.0,4.0,40.0
5860,1,7310,28,,1.0,2,1.0,4.0,40.0
5861,1,7309,62,,1.0,2,6.0,4.0,
5861,2,7309,61,,1.0,1,1.0,4.0,50.0
5862,1,7316,49,,1.0,1,1.0,4.0,40.0
5862,2,7316,47,,,2,6.0,4.0,
5862,3,7316,15,12.0,,1,,,
5862,4,7316,13,10.0,,2,,,
5863,1,7321,56,,4.0,2,1.0,4.0,40.0
5863,2,7321,59,,6.0,2,1.0,4.0,40.0
5864,1,7305,73,,,1,6.0,4.0,
5864,2,7305,78,,,2,6.0,4.0,
5865,1,7322,29,,1.0,2,1.0,4.0,36.0
5865,2,7322,31,,1.0,2,1.0,4.0,40.0
5865,3,7322,58,,1.0,1,1.0,4.0,40.0
5866,1,7317,61,,6.0,1,1.0,4.0,50.0
5866,2,7317,24,,,1,6.0,4.0,
5866,3,7317,54,,9.0,1,3.0,4.0,
5867,1,7319,60,,5.0,1,1.0,2.0,40.0
5867,2,7319,39,,1.0,2,1.0,4.0,42.0
5868,1,7306,54,,6.0,1,1.0,4.0,40.0
5868,2,7306,53,,6.0,2,1.0,4.0,40.0
5868,3,7306,22,15.0,1.0,1,1.0,4.0,25.0
5869,1,7308,76,,,2,6.0,4.0,
5870,1,7322,60,,8.0,2,1.0,4.0,40.0
5870,2,7322,65,,1.0,1,1.0,4.0,40.0
5871,1,7315,37,,1.0,1,1.0,4.0,40.0
5871,2,7315,34,,1.0,1,1.0,4.0,40.0
5871,3,7315,33,,7.0,1,1.0,4.0,35.0
5872,1,7313,37,16.0,2.0,2,1.0,4.0,20.0
5872,2,7313,7,3.0,,2,,,
5872,3,7313,65,,1.0,1,6.0,4.0,
5872,4,7313,63,,,2,6.0,4.0,
5873,1,7309,42,15.0,1.0,1,1.0,4.0,20.0
5873,2,7309,46,16.0,1.0,2,1.0,4.0,12.0
5873,3,7309,6,2.0,,1,,,
5874,1,7313,68,,1.0,2,1.0,4.0,16.0
5874,2,7313,57,,1.0,2,1.0,4.0,40.0
5875,1,7308,40,,1.0,1,1.0,4.0,40.0
5875,2,7308,39,,1.0,2,1.0,4.0,40.0
5875,3,7308,10,6.0,,2,,,
5875,4,7308,7,3.0,,1,,,
5876,1,7321,64,,,1,6.0,4.0,
5876,2,7321,25,,5.0,1,1.0,4.0,15.0
5877,1,7316,42,,4.0,1,6.0,4.0,
5877,2,7316,40,,1.0,2,1.0,4.0,30.0
5877,3,7316,3,,,1,,,
5878,1,7310,56,,1.0,2,1.0,4.0,50.0
5878,2,7310,49,,,1,6.0,4.0,
5879,1,7314,34,15.0,5.0,1,4.0,1.0,40.0
5879,2,7314,39,,1.0,2,1.0,4.0,40.0
5880,1,7307,71,,,2,6.0,4.0,
5881,1,7302,59,,,2,6.0,4.0,
5881,2,7302,21,,,1,6.0,4.0,
5881,3,7302,21,,,1,6.0,4.0,
5881,4,7302,20,15.0,,1,6.0,4.0,
5881,5,7302,14,11.0,,1,,,
5881,6,7302,3,,,2,,,
5881,7,7302,19,,,2,6.0,4.0,
5882,1,7302,41,,1.0,2,1.0,4.0,40.0
5882,2,7302,20,,1.0,1,1.0,4.0,35.0
5882,3,7302,17,13.0,,2,6.0,4.0,
5883,1,7311,63,16.0,3.0,2,1.0,4.0,40.0
5883,2,7311,66,,3.0,1,2.0,4.0,30.0
5884,1,7315,43,,,2,6.0,4.0,
5884,2,7315,46,,1.0,2,1.0,4.0,40.0
5885,1,7304,73,,,2,6.0,4.0,
5885,2,7304,50,,1.0,1,1.0,4.0,40.0
5886,1,7310,90,,,2,6.0,4.0,
5886,2,7310,60,,1.0,1,6.0,4.0,
5887,1,7305,22,,1.0,1,1.0,4.0,35.0
5887,2,7305,11,8.0,,2,,,
5887,3,7305,51,,1.0,1,1.0,4.0,40.0
5887,4,7305,44,,1.0,2,6.0,4.0,
5888,1,7308,55,,3.0,1,1.0,4.0,22.0
5888,2,7308,90,,,2,6.0,4.0,
5889,1,7302,65,,1.0,2,1.0,4.0,40.0
5889,2,7302,69,,1.0,1,1.0,2.0,40.0
5889,3,7302,56,,1.0,1,2.0,4.0,68.0
5890,1,7302,44,,2.0,2,1.0,4.0,40.0
5890,2,7302,14,11.0,,2,,,
5890,3,7302,12,8.0,,1,,,
5891,1,7303,75,,,1,6.0,2.0,
5891,2,7303,72,,,2,6.0,4.0,
5892,1,7313,69,,,1,6.0,4.0,
5892,2,7313,63,,1.0,2,6.0,4.0,
5893,1,7306,71,,,2,6.0,4.0,
5893,2,7306,50,,2.0,1,1.0,4.0,80.0
5894,1,7304,74,,,2,6.0,4.0,
5894,2,7304,37,,6.0,2,1.0,4.0,30.0
5895,1,7319,56,,,2,6.0,4.0,
5895,2,7319,27,,2.0,2,1.0,4.0,35.0
5895,3,7319,7,2.0,,2,,,
5896,1,7314,52,,3.0,1,1.0,4.0,40.0
5896,2,7314,48,,,2,6.0,4.0,
5896,3,7314,58,,1.0,2,1.0,4.0,40.0
5896,4,7314,49,,1.0,1,1.0,4.0,36.0
5896,5,7314,45,,1.0,1,1.0,4.0,40.0
5896,6,7314,43,,,1,6.0,4.0,
5896,7,7314,40,,5.0,1,1.0,4.0,40.0
5896,8,7314,27,,1.0,1,1.0,4.0,40.0
5897,1,7304,68,,1.0,2,1.0,4.0,30.0
5898,1,7306,87,,,1,6.0,2.0,
5898,2,7306,88,,,2,6.0,4.0,
5899,1,7309,55,,1.0,1,1.0,4.0,30.0
5899,2,7309,16,14.0,,1,6.0,,
5899,3,7309,14,11.0,,1,,,
5900,1,7318,41,,1.0,2,1.0,4.0,40.0
5900,2,7318,9,6.0,,1,,,
5901,1,7302,49,,1.0,1,1.0,4.0,40.0
5901,2,7302,50,,3.0,2,1.0,4.0,40.0
5901,3,7302,9,6.0,,1,,,
5901,4,7302,74,,,1,6.0,2.0,
5902,1,7316,25,,1.0,2,1.0,4.0,38.0
5903,1,7310,66,,6.0,1,6.0,2.0,
5903,2,7310,63,,6.0,2,6.0,2.0,
5904,1,7321,45,,1.0,1,1.0,4.0,40.0
5904,2,7321,56,,1.0,2,1.0,4.0,40.0
5904,3,7321,15,11.0,,2,,,
5905,1,7310,63,,1.0,1,6.0,2.0,40.0
5906,1,7302,41,,1.0,1,1.0,4.0,40.0
5906,2,7302,45,,1.0,2,6.0,4.0,
5906,3,7302,12,9.0,,1,,,
5906,4,7302,2,,,1,,,
5906,5,7302,17,14.0,,1,6.0,4.0,
5907,1,7318,59,,1.0,1,3.0,4.0,
5908,1,7310,77,,,1,6.0,4.0,
5909,1,7309,39,,1.0,1,1.0,4.0,40.0
5909,2,7309,37,,6.0,2,1.0,4.0,40.0
5909,3,7309,2,,,1,,,
5909,4,7309,70,,,1,6.0,2.0,
5910,1,7313,50,,1.0,1,1.0,4.0,35.0
5910,2,7313,40,,,2,6.0,4.0,
5910,3,7313,13,10.0,,1,,,
5910,4,7313,11,8.0,,1,,,
5910,5,7313,5,2.0,,2,,,
5910,6,7313,4,,,1,,,
5910,7,7313,1,,,2,,,
5911,1,7312,68,,2.0,2,2.0,4.0,24.0
5912,1,7304,45,,6.0,1,6.0,4.0,
5912,2,7304,41,,1.0,2,1.0,4.0,45.0
5912,3,7304,0,,,2,,,
5913,1,7308,50,,1.0,1,1.0,4.0,45.0
5913,2,7308,52,,2.0,2,1.0,4.0,40.0
5914,1,7319,57,,1.0,1,1.0,2.0,40.0
5914,2,7319,55,,3.0,2,1.0,4.0,40.0
5915,1,7302,35,,5.0,2,1.0,4.0,40.0
5915,2,7302,13,9.0,,1,,,
5915,3,7302,7,4.0,,1,,,
5916,1,7315,63,16.0,1.0,1,6.0,2.0,
5917,1,7308,43,,1.0,1,1.0,4.0,41.0
5917,2,7308,43,,1.0,2,6.0,4.0,8.0
5917,3,7308,10,7.0,,2,,,
5917,4,7308,7,3.0,,1,,,
5917,5,7308,3,,,2,,,
5918,1,7312,66,,1.0,2,1.0,4.0,32.0
5918,2,7312,69,,4.0,1,1.0,4.0,40.0
5919,1,7320,34,,5.0,1,1.0,4.0,60.0
5920,1,7310,73,,1.0,1,6.0,4.0,
5920,2,7310,24,15.0,1.0,2,1.0,4.0,30.0
5921,1,7318,26,,6.0,1,1.0,4.0,40.0
5921,2,7318,23,,1.0,2,1.0,4.0,36.0
5921,3,7318,4,2.0,,2,,,
5921,4,7318,3,,,2,,,
5922,1,7317,46,,1.0,1,1.0,4.0,40.0
5922,2,7317,24,,1.0,2,1.0,4.0,30.0
5923,1,7310,84,,,2,6.0,4.0,
5924,1,7316,29,,7.0,1,1.0,4.0,40.0
5925,1,7315,48,,1.0,2,6.0,4.0,25.0
5926,1,7308,63,,1.0,2,6.0,4.0,10.0
5927,1,7312,26,,1.0,2,1.0,4.0,40.0
5927,2,7312,64,,1.0,1,6.0,4.0,
5927,3,7312,60,,1.0,2,1.0,4.0,37.0
5928,1,7305,72,,,2,6.0,4.0,
5929,1,7319,59,,1.0,1,3.0,4.0,
5929,2,7319,65,,1.0,2,1.0,4.0,36.0
5930,1,7322,55,,,1,6.0,4.0,
5930,2,7322,54,,,2,6.0,4.0,
5930,3,7322,52,,,1,6.0,4.0,
5931,1,7308,67,,8.0,1,6.0,4.0,
5931,2,7308,51,,7.0,2,1.0,4.0,70.0
5931,3,7308,24,15.0,1.0,2,1.0,4.0,20.0
5931,4,7308,22,15.0,1.0,1,1.0,4.0,20.0
5932,1,7306,64,,6.0,1,6.0,4.0,8.0
5932,2,7306,61,,1.0,2,1.0,4.0,38.0
5933,1,7318,59,,,2,6.0,4.0,
5933,2,7318,49,,1.0,1,1.0,4.0,35.0
5934,1,7314,53,,1.0,1,3.0,4.0,40.0
5934,2,7314,46,,1.0,2,1.0,4.0,40.0
5935,1,7318,65,,5.0,1,1.0,2.0,52.0
5935,2,7318,27,16.0,1.0,2,1.0,4.0,40.0
5935,3,7318,37,,5.0,1,4.0,1.0,40.0
5935,4,7318,31,,1.0,1,1.0,4.0,40.0
5935,5,7318,19,15.0,,2,6.0,4.0,
5935,6,7318,12,,,2,,,
5935,7,7318,10,8.0,,1,,,
5935,8,7318,1,,,1,,,
5936,1,7309,86,,,1,6.0,2.0,
5936,2,7309,78,,,2,6.0,4.0,
5937,1,7320,33,,1.0,1,1.0,4.0,40.0
5937,2,7320,32,,7.0,2,1.0,4.0,40.0
5937,3,7320,3,1.0,,1,,,
5937,4,7320,1,,,1,,,
5938,1,7306,38,,1.0,2,1.0,4.0,25.0
5938,2,7306,30,,1.0,1,1.0,4.0,25.0
5939,1,7310,69,,2.0,1,1.0,2.0,40.0
5940,1,7316,67,,1.0,1,6.0,4.0,
5940,2,7316,61,,2.0,2,6.0,4.0,
5941,1,7315,63,,1.0,1,1.0,4.0,42.0
5942,1,7306,59,,,1,6.0,4.0,
5942,2,7306,52,,1.0,2,6.0,4.0,
5943,1,7307,56,,7.0,2,1.0,4.0,40.0
5943,2,7307,70,,,1,6.0,2.0,
5943,3,7307,29,,,1,6.0,4.0,
5944,1,7315,27,,1.0,1,1.0,4.0,50.0
5944,2,7315,26,,1.0,2,1.0,4.0,45.0
5945,1,7304,38,,1.0,1,1.0,4.0,40.0
5945,2,7304,36,,,2,6.0,4.0,
5945,3,7304,3,1.0,,2,,,
5945,4,7304,2,,,2,,,
5946,1,7304,41,,1.0,2,1.0,4.0,36.0
5946,2,7304,42,,2.0,1,1.0,4.0,36.0
5947,1,7313,45,,6.0,2,1.0,4.0,30.0
5947,2,7313,43,,7.0,1,1.0,4.0,50.0
5947,3,7313,16,13.0,,1,6.0,,
5947,4,7313,10,7.0,,2,,,
5947,5,7313,89,,,2,6.0,4.0,
5948,1,7309,41,,1.0,1,1.0,4.0,55.0
5948,2,7309,39,,1.0,2,1.0,4.0,50.0
5948,3,7309,6,2.0,,1,,,
5948,4,7309,5,1.0,,2,,,
5949,1,7312,26,,1.0,1,1.0,4.0,40.0
5950,1,7307,69,,1.0,2,6.0,4.0,
5950,2,7307,20,15.0,,1,6.0,4.0,
5951,1,7321,43,,1.0,2,1.0,4.0,40.0
5951,2,7321,40,,1.0,1,1.0,4.0,40.0
5952,1,7307,81,,,1,6.0,2.0,
5952,2,7307,85,,,2,6.0,4.0,
5953,1,7321,73,,1.0,1,1.0,2.0,40.0
5953,2,7321,30,15.0,1.0,1,1.0,4.0,48.0
5953,3,7321,28,15.0,1.0,2,1.0,4.0,40.0
5954,1,7306,62,,6.0,1,1.0,4.0,60.0
5954,2,7306,36,,1.0,2,3.0,4.0,
5955,1,7303,54,,1.0,1,1.0,4.0,55.0
5955,2,7303,55,,1.0,2,6.0,4.0,
5955,3,7303,82,,1.0,1,6.0,4.0,40.0
5955,4,7303,80,,6.0,2,6.0,4.0,
5956,1,7304,56,,1.0,1,1.0,4.0,40.0
5956,2,7304,56,,,2,6.0,4.0,
5957,1,7321,82,,,2,6.0,4.0,
5957,2,7321,48,,1.0,1,1.0,4.0,40.0
5957,3,7321,38,,9.0,2,3.0,4.0,
5958,1,7305,57,,3.0,2,1.0,4.0,60.0
5958,2,7305,61,,7.0,1,1.0,4.0,50.0
5958,3,7305,86,,,1,6.0,4.0,
5959,1,7308,71,,,2,6.0,4.0,
5959,2,7308,72,,6.0,1,1.0,3.0,25.0
5960,1,7301,57,,1.0,2,1.0,4.0,40.0
5960,2,7301,28,,3.0,1,1.0,4.0,24.0
5961,1,7317,54,,1.0,1,1.0,4.0,36.0
5961,2,7317,47,,,1,6.0,4.0,
5962,1,7308,54,,2.0,1,1.0,4.0,40.0
5963,1,7322,27,,1.0,1,1.0,4.0,40.0
5963,2,7322,28,,1.0,2,1.0,4.0,40.0
5964,1,7318,79,,,1,6.0,4.0,
5965,1,7319,86,,1.0,2,1.0,4.0,5.0
5965,2,7319,65,,1.0,1,1.0,4.0,35.0
5965,3,7319,40,,1.0,2,1.0,4.0,91.0
5965,4,7319,18,14.0,1.0,2,1.0,4.0,20.0
5965,5,7319,10,7.0,,1,,,
5966,1,7311,46,,1.0,1,1.0,4.0,45.0
5966,2,7311,47,,2.0,2,1.0,4.0,40.0
5966,3,7311,15,12.0,,1,,,
5967,1,7320,63,,1.0,1,1.0,2.0,40.0
5967,2,7320,58,,1.0,2,1.0,4.0,50.0
5968,1,7322,72,,,1,6.0,2.0,
5968,2,7322,76,,,2,6.0,4.0,
5969,1,7304,84,,,2,6.0,4.0,
5970,1,7309,70,16.0,,1,6.0,4.0,
5971,1,7314,40,,6.0,1,1.0,4.0,65.0
5971,2,7314,31,,,2,6.0,4.0,
5971,3,7314,3,1.0,,1,,,
5971,4,7314,1,,,2,,,
5972,1,7309,61,,1.0,2,6.0,4.0,
5972,2,7309,28,,1.0,1,1.0,4.0,40.0
5972,3,7309,25,,4.0,2,1.0,4.0,40.0
5973,1,7317,64,,4.0,1,1.0,4.0,35.0
5973,2,7317,19,15.0,9.0,2,3.0,4.0,
5974,1,7302,71,,,2,6.0,4.0,
5975,1,7305,52,,6.0,1,1.0,4.0,40.0
5975,2,7305,51,,6.0,2,1.0,4.0,40.0
5976,1,7308,48,,7.0,1,1.0,4.0,45.0
5976,2,7308,45,,1.0,2,1.0,4.0,20.0
5976,3,7308,10,,,1,,,
5977,1,7321,52,,1.0,2,1.0,4.0,60.0
5977,2,7321,52,,,1,6.0,4.0,
5977,3,7321,23,15.0,,1,6.0,4.0,
5977,4,7321,19,15.0,2.0,2,1.0,4.0,16.0
5977,5,7321,6,2.0,,2,,,
5977,6,7321,23,15.0,2.0,2,1.0,4.0,35.0
5978,1,7306,59,,1.0,1,1.0,4.0,40.0
5978,2,7306,51,,1.0,2,3.0,4.0,40.0
5978,3,7306,17,13.0,,1,6.0,4.0,
5978,4,7306,14,11.0,,1,,,
5979,1,7306,47,,1.0,1,1.0,4.0,40.0
5979,2,7306,41,,2.0,2,1.0,4.0,20.0
5979,3,7306,11,8.0,,2,,,
5980,1,7322,50,,1.0,2,1.0,4.0,40.0
5980,2,7322,25,15.0,1.0,2,6.0,4.0,
5981,1,7312,71,,,1,6.0,2.0,
5981,2,7312,67,,1.0,2,1.0,4.0,40.0
5981,3,7312,52,,1.0,1,3.0,4.0,40.0
5981,4,7312,32,,1.0,1,1.0,4.0,40.0
5982,1,7321,35,,1.0,1,1.0,4.0,35.0
5983,1,7314,37,,2.0,2,1.0,4.0,55.0
5983,2,7314,41,,1.0,1,1.0,4.0,45.0
5983,3,7314,9,5.0,,2,,,
5983,4,7314,8,4.0,,1,,,
5983,5,7314,0,,,2,,,
5984,1,7313,67,,7.0,2,1.0,4.0,30.0
5984,2,7313,20,15.0,1.0,1,1.0,4.0,30.0
5984,3,7313,33,,2.0,2,1.0,4.0,40.0
5985,1,7321,23,,1.0,2,1.0,4.0,40.0
5985,2,7321,3,,,2,,,
5985,3,7321,31,,1.0,1,1.0,4.0,40.0
5986,1,7308,78,,,1,6.0,4.0,
5986,2,7308,76,,,2,6.0,4.0,
5987,1,7317,94,,,2,6.0,4.0,
5988,1,7318,35,,1.0,2,6.0,4.0,
5988,2,7318,39,,4.0,1,1.0,4.0,40.0
5988,3,7318,4,1.0,,1,,,
5989,1,7310,56,,2.0,1,1.0,4.0,55.0
5989,2,7310,53,,,2,6.0,4.0,
5990,1,7304,36,16.0,1.0,2,1.0,4.0,50.0
5990,2,7304,36,,1.0,1,1.0,4.0,50.0
5991,1,7301,59,,5.0,1,3.0,4.0,40.0
5991,2,7301,61,,,2,6.0,4.0,
5992,1,7303,60,,1.0,1,1.0,4.0,50.0
5992,2,7303,55,,1.0,2,1.0,4.0,25.0
5993,1,7309,71,,,2,6.0,4.0,
5994,1,7319,72,,2.0,2,1.0,4.0,18.0
5995,1,7306,55,,3.0,2,1.0,4.0,40.0
5995,2,7306,19,,,1,6.0,4.0,
5996,1,7316,36,,6.0,1,1.0,4.0,30.0
5997,1,7321,32,,5.0,1,1.0,4.0,40.0
5997,2,7321,30,,1.0,2,6.0,4.0,
5997,3,7321,2,,,2,,,
5998,1,7309,39,,7.0,2,1.0,4.0,50.0
5999,1,7319,35,,5.0,1,4.0,1.0,40.0
5999,2,7319,32,,1.0,2,6.0,4.0,
5999,3,7319,2,,,1,,,
6000,1,7318,55,,1.0,2,1.0,4.0,55.0
6000,2,7318,61,,5.0,1,1.0,2.0,42.0
6000,3,7318,26,,1.0,2,1.0,4.0,18.0
6001,1,7303,58,,,1,6.0,4.0,
6001,2,7303,24,,1.0,1,1.0,4.0,40.0
6001,3,7303,15,12.0,,1,,,
6001,4,7303,6,3.0,,2,,,
6001,5,7303,28,,2.0,2,1.0,4.0,40.0
6002,1,7310,69,,,2,6.0,4.0,
6002,2,7310,70,,4.0,1,1.0,2.0,60.0
6003,1,7316,37,,1.0,2,6.0,4.0,35.0
6003,2,7316,41,,2.0,1,1.0,4.0,40.0
6003,3,7316,5,,,2,,,
6003,4,7316,3,,,2,,,
6004,1,7310,38,,4.0,1,1.0,4.0,50.0
6004,2,7310,33,,2.0,2,1.0,4.0,40.0
6004,3,7310,4,1.0,,1,,,
6005,1,7301,55,,1.0,2,1.0,4.0,32.0
6005,2,7301,47,,1.0,1,1.0,4.0,40.0
6006,1,7301,38,,1.0,2,1.0,4.0,45.0
6006,2,7301,41,,2.0,1,1.0,2.0,45.0
6006,3,7301,13,9.0,,1,,,
6006,4,7301,8,5.0,,2,,,
6007,1,7314,54,,1.0,2,1.0,4.0,40.0
6007,2,7314,26,,,2,6.0,4.0,
6008,1,7306,59,,,2,6.0,4.0,
6008,2,7306,60,,,2,6.0,4.0,
6008,3,7306,54,,1.0,2,1.0,4.0,38.0
6009,1,7303,51,,4.0,2,1.0,4.0,30.0
6009,2,7303,16,13.0,,2,6.0,,
6010,1,7316,23,,5.0,1,4.0,1.0,43.0
6010,2,7316,24,,5.0,1,4.0,1.0,42.0
6011,1,7310,32,,1.0,1,1.0,4.0,50.0
6011,2,7310,29,15.0,8.0,2,6.0,4.0,
6012,1,7304,80,16.0,1.0,1,6.0,2.0,
6012,2,7304,77,,,2,6.0,4.0,
6012,3,7304,51,15.0,1.0,1,3.0,4.0,4.0
6013,1,7319,33,,1.0,1,1.0,4.0,45.0
6013,2,7319,28,,1.0,2,1.0,4.0,30.0
6014,1,7312,27,,1.0,1,1.0,4.0,40.0
6014,2,7312,27,,1.0,1,1.0,4.0,40.0
6015,1,7313,78,,,1,6.0,4.0,
6015,2,7313,72,,3.0,2,3.0,4.0,30.0
6016,1,7318,32,,1.0,2,1.0,4.0,40.0
6016,2,7318,34,,5.0,1,1.0,2.0,40.0
6016,3,7318,13,10.0,,2,,,
6016,4,7318,6,2.0,,1,,,
6016,5,7318,0,,,2,,,
6017,1,7302,84,,,1,6.0,2.0,
6017,2,7302,74,,,2,6.0,4.0,
6018,1,7309,51,,1.0,1,1.0,4.0,55.0
6019,1,7301,59,,3.0,2,1.0,4.0,40.0
6019,2,7301,70,,6.0,1,6.0,2.0,
6020,1,7305,65,,2.0,2,1.0,4.0,40.0
6020,2,7305,67,,3.0,1,6.0,4.0,
6021,1,7305,33,,1.0,1,1.0,4.0,5.0
6021,2,7305,30,,1.0,2,3.0,4.0,
6022,1,7317,27,15.0,4.0,1,1.0,4.0,8.0
6022,2,7317,28,,1.0,2,1.0,4.0,40.0
6023,1,7314,80,,,1,6.0,4.0,
6023,2,7314,76,,,2,6.0,4.0,
6024,1,7314,72,,1.0,1,6.0,3.0,30.0
6024,2,7314,71,,,2,6.0,4.0,
6025,1,7318,51,,,2,6.0,4.0,
6025,2,7318,51,,1.0,1,6.0,2.0,
6025,3,7318,17,14.0,,2,6.0,4.0,
6025,4,7318,15,11.0,,1,,,
6026,1,7306,39,,1.0,1,1.0,4.0,45.0
6026,2,7306,33,,6.0,2,6.0,4.0,
6026,3,7306,6,2.0,,1,,,
6026,4,7306,3,,,1,,,
6026,5,7306,1,,,1,,,
6026,6,7306,21,,1.0,2,1.0,4.0,25.0
6027,1,7317,34,,1.0,2,1.0,4.0,45.0
6027,2,7317,42,,1.0,1,1.0,4.0,40.0
6028,1,7321,61,,3.0,1,1.0,4.0,40.0
6028,2,7321,59,,3.0,2,1.0,4.0,38.0
6029,1,7306,54,,1.0,1,1.0,4.0,33.0
6029,2,7306,82,,,2,6.0,4.0,
6030,1,7305,62,,1.0,1,1.0,4.0,40.0
6030,2,7305,61,,1.0,2,1.0,4.0,40.0
6030,3,7305,39,,1.0,1,1.0,4.0,40.0
6030,4,7305,3,,,1,,,
6030,5,7305,0,,,1,,,
6030,6,7305,31,,,2,6.0,4.0,
6031,1,7320,31,,5.0,1,4.0,1.0,40.0
6031,2,7320,26,,5.0,1,4.0,1.0,35.0
6032,1,7317,44,,1.0,2,2.0,4.0,43.0
6032,2,7317,23,15.0,1.0,1,6.0,4.0,20.0
6032,3,7317,14,11.0,,1,,,
6033,1,7302,78,,,1,6.0,2.0,
6033,2,7302,73,,,2,6.0,4.0,
6034,1,7313,87,,,1,6.0,2.0,
6034,2,7313,82,,,2,6.0,4.0,
6035,1,7310,66,,1.0,2,1.0,4.0,20.0
6036,1,7306,31,,1.0,2,1.0,4.0,40.0
6036,2,7306,12,,,1,,,
6036,3,7306,12,9.0,,2,,,
6036,4,7306,6,2.0,,2,,,
6037,1,7318,21,15.0,1.0,2,3.0,4.0,40.0
6037,2,7318,21,,5.0,1,4.0,1.0,48.0
6038,1,7301,54,16.0,2.0,2,1.0,4.0,33.0
6038,2,7301,47,15.0,1.0,1,1.0,2.0,60.0
6039,1,7313,79,,,2,6.0,4.0,
6040,1,7307,64,,,1,6.0,4.0,
6040,2,7307,63,,,1,6.0,2.0,
6041,1,7310,50,,1.0,2,1.0,4.0,50.0
6041,2,7310,64,,2.0,1,6.0,4.0,
6042,1,7307,52,,,2,6.0,4.0,
6043,1,7306,65,,1.0,1,1.0,4.0,48.0
6043,2,7306,36,,6.0,1,1.0,4.0,40.0
6043,3,7306,36,,1.0,2,1.0,4.0,40.0
6043,4,7306,25,,1.0,1,6.0,4.0,
6043,5,7306,14,10.0,,1,,,
6043,6,7306,12,9.0,,1,,,
6043,7,7306,6,3.0,,1,,,
6043,8,7306,0,,,2,,,
6044,1,7321,50,,1.0,1,1.0,2.0,40.0
6044,2,7321,59,,,2,6.0,4.0,
6045,1,7301,67,,6.0,2,6.0,4.0,3.0
6045,2,7301,68,,6.0,1,1.0,4.0,15.0
6046,1,7302,46,,1.0,2,6.0,4.0,
6046,2,7302,46,,1.0,1,1.0,4.0,40.0
6046,3,7302,23,,1.0,2,1.0,4.0,40.0
6047,1,7319,36,,1.0,1,1.0,4.0,50.0
6048,1,7322,76,,,2,6.0,4.0,
6048,2,7322,94,,,1,6.0,2.0,
6049,1,7318,24,,1.0,1,1.0,4.0,40.0
6049,2,7318,29,,1.0,1,1.0,4.0,40.0
6049,3,7318,25,,6.0,1,1.0,4.0,80.0
6049,4,7318,23,,1.0,1,1.0,4.0,10.0
6050,1,7301,75,,,1,6.0,2.0,
6050,2,7301,30,14.0,1.0,2,1.0,4.0,40.0
6051,1,7316,32,,4.0,2,1.0,4.0,40.0
6051,2,7316,27,,3.0,1,1.0,4.0,40.0
6052,1,7313,48,,4.0,1,1.0,4.0,40.0
6052,2,7313,44,,1.0,2,1.0,4.0,40.0
6052,3,7313,16,12.0,,1,6.0,,
6052,4,7313,12,8.0,,2,,,
6053,1,7309,71,,6.0,2,6.0,4.0,14.0
6053,2,7309,71,,1.0,1,6.0,4.0,
6054,1,7314,28,,4.0,2,1.0,4.0,40.0
6054,2,7314,30,,1.0,1,1.0,2.0,36.0
6055,1,7303,48,,1.0,2,1.0,4.0,40.0
6055,2,7303,43,,,1,6.0,4.0,
6055,3,7303,11,9.0,,2,,,
6055,4,7303,9,6.0,,1,,,
6056,1,7318,49,,1.0,2,1.0,4.0,40.0
6056,2,7318,25,,,1,6.0,4.0,
6056,3,7318,22,,,1,6.0,4.0,
6056,4,7318,19,15.0,,1,6.0,4.0,
6056,5,7318,74,,,2,6.0,4.0,
6057,1,7322,26,,1.0,2,2.0,4.0,12.0
6057,2,7322,27,,5.0,1,4.0,1.0,60.0
6057,3,7322,1,,,2,,,
6057,4,7322,0,,,2,,,
6058,1,7314,72,,,2,6.0,4.0,
6059,1,7318,73,,,2,6.0,4.0,
6060,1,7301,59,,1.0,1,1.0,4.0,45.0
6060,2,7301,58,,6.0,2,1.0,4.0,40.0
6060,3,7301,9,6.0,,2,,,
6060,4,7301,5,2.0,,1,,,
6060,5,7301,34,,6.0,2,1.0,4.0,40.0
6061,1,7309,85,,,2,6.0,4.0,
6062,1,7305,75,,,1,6.0,2.0,
6062,2,7305,76,,,2,6.0,4.0,
6063,1,7302,31,,2.0,2,1.0,4.0,15.0
6063,2,7302,34,,2.0,1,1.0,4.0,50.0
6063,3,7302,5,1.0,,1,,,
6063,4,7302,2,,,2,,,
6064,1,7302,35,15.0,6.0,2,6.0,4.0,21.0
6064,2,7302,37,15.0,1.0,1,1.0,4.0,40.0
6065,1,7311,56,,2.0,2,1.0,4.0,40.0
6066,1,7322,39,,2.0,2,1.0,4.0,36.0
6066,2,7322,40,,1.0,1,1.0,4.0,40.0
6066,3,7322,3,1.0,,1,,,
6066,4,7322,0,,,1,,,
6067,1,7321,68,,,1,6.0,4.0,
6067,2,7321,68,,1.0,2,6.0,4.0,
6068,1,7315,61,,,1,6.0,4.0,
6069,1,7306,47,,1.0,1,1.0,4.0,50.0
6069,2,7306,47,,1.0,2,1.0,4.0,50.0
6069,3,7306,17,13.0,,1,6.0,4.0,
6069,4,7306,13,10.0,,2,,,
6070,1,7322,72,,1.0,1,1.0,4.0,40.0
6070,2,7322,64,,1.0,2,6.0,4.0,
6070,3,7322,78,,,1,6.0,4.0,
6071,1,7319,26,,1.0,2,1.0,4.0,40.0
6071,2,7319,28,,1.0,1,1.0,4.0,72.0
6071,3,7319,5,2.0,,2,,,
6071,4,7319,2,,,1,,,
6071,5,7319,2,,,2,,,
6072,1,7312,81,,1.0,1,1.0,2.0,40.0
6073,1,7310,52,,,1,6.0,2.0,
6074,1,7308,75,,5.0,1,1.0,2.0,50.0
6074,2,7308,71,,,2,6.0,4.0,
6075,1,7310,40,,2.0,2,1.0,4.0,38.0
6076,1,7305,38,,1.0,1,1.0,4.0,55.0
6076,2,7305,29,,1.0,2,1.0,4.0,42.0
6077,1,7321,80,11.0,,1,6.0,4.0,
6077,2,7321,77,,,2,6.0,4.0,
6078,1,7319,84,,,1,6.0,2.0,
6079,1,7304,47,,1.0,2,1.0,4.0,75.0
6079,2,7304,46,,1.0,1,1.0,2.0,40.0
6079,3,7304,14,12.0,,1,,,
6079,4,7304,12,9.0,,1,,,
6080,1,7313,55,,,2,6.0,4.0,
6080,2,7313,58,,6.0,1,1.0,4.0,30.0
6081,1,7307,63,,,1,6.0,4.0,
6081,2,7307,56,,1.0,2,1.0,4.0,24.0
6082,1,7309,69,,,2,6.0,4.0,
6083,1,7314,61,,6.0,1,1.0,4.0,25.0
6084,1,7316,43,,1.0,1,1.0,4.0,30.0
6084,2,7316,42,,1.0,2,1.0,4.0,30.0
6084,3,7316,3,,,2,,,
6085,1,7306,33,,1.0,2,1.0,4.0,40.0
6085,2,7306,34,,1.0,1,1.0,4.0,50.0
6085,3,7306,14,10.0,,2,,,
6085,4,7306,5,,,1,,,
6086,1,7321,47,,6.0,2,1.0,4.0,32.0
6086,2,7321,49,,3.0,1,1.0,4.0,40.0
6086,3,7321,16,13.0,,2,6.0,,
6086,4,7321,14,11.0,,2,,,
6087,1,7314,25,,5.0,1,4.0,1.0,72.0
6087,2,7314,25,,1.0,2,1.0,4.0,50.0
6088,1,7321,40,,1.0,2,1.0,4.0,40.0
6088,2,7321,40,,5.0,1,1.0,4.0,40.0
6088,3,7321,20,15.0,1.0,2,1.0,4.0,40.0
6088,4,7321,14,11.0,,2,,,
6089,1,7301,57,,1.0,1,1.0,2.0,26.0
6089,2,7301,59,,1.0,2,1.0,4.0,30.0
6090,1,7319,36,,3.0,2,1.0,4.0,40.0
6090,2,7319,43,,1.0,1,1.0,4.0,40.0
6090,3,7319,80,,,1,6.0,4.0,
6091,1,7317,32,,1.0,1,1.0,4.0,40.0
6092,1,7307,75,,,2,6.0,4.0,
6093,1,7312,44,,4.0,2,1.0,4.0,40.0
6094,1,7316,40,,2.0,2,1.0,4.0,40.0
6094,2,7316,39,,5.0,1,1.0,4.0,40.0
6095,1,7309,68,,,2,6.0,4.0,
6095,2,7309,78,,,1,6.0,4.0,
6096,1,7308,36,,1.0,2,1.0,4.0,35.0
6096,2,7308,15,12.0,,2,,,
6096,3,7308,11,7.0,,1,,,
6096,4,7308,5,1.0,,1,,,
6097,1,7314,36,,1.0,2,1.0,4.0,35.0
6097,2,7314,34,,1.0,1,6.0,4.0,
6098,1,7321,44,,1.0,1,1.0,4.0,40.0
6098,2,7321,46,,1.0,2,1.0,4.0,16.0
6098,3,7321,19,15.0,9.0,2,3.0,4.0,
6098,4,7321,12,10.0,,2,,,
6098,5,7321,11,8.0,,2,,,
6099,1,7309,37,,1.0,1,1.0,4.0,45.0
6099,2,7309,32,,4.0,2,1.0,4.0,55.0
6100,1,7310,68,,1.0,2,6.0,4.0,
6100,2,7310,73,,1.0,1,1.0,4.0,20.0
6101,1,7318,58,,4.0,1,6.0,4.0,20.0
6101,2,7318,71,,1.0,2,1.0,4.0,40.0
6101,3,7318,39,,3.0,1,1.0,4.0,40.0
6101,4,7318,7,2.0,,1,,,
6101,5,7318,6,4.0,,2,,,
6101,6,7318,4,1.0,,2,,,
6101,7,7318,2,,,2,,,
6101,8,7318,28,,2.0,2,1.0,4.0,30.0
6101,9,7318,19,15.0,1.0,2,1.0,4.0,32.0
6101,10,7318,16,13.0,,2,6.0,,
6102,1,7315,32,,1.0,1,6.0,2.0,40.0
6102,2,7315,29,,1.0,2,1.0,4.0,40.0
6103,1,7317,65,,1.0,2,6.0,4.0,
6103,2,7317,59,,1.0,1,1.0,4.0,40.0
6104,1,7310,31,,1.0,2,1.0,4.0,40.0
6104,2,7310,36,,6.0,1,1.0,4.0,4.0
6105,1,7306,81,,,2,6.0,4.0,
6106,1,7306,71,,,1,6.0,2.0,
6106,2,7306,72,,,2,6.0,4.0,
6107,1,7309,42,16.0,1.0,1,1.0,2.0,40.0
6107,2,7309,45,,2.0,2,1.0,2.0,40.0
6107,3,7309,3,,,1,,,
6107,4,7309,1,,,1,,,
6108,1,7301,26,15.0,6.0,2,1.0,4.0,24.0
6108,2,7301,26,,2.0,1,1.0,4.0,28.0
6109,1,7308,56,,1.0,1,1.0,2.0,50.0
6109,2,7308,53,,,2,6.0,4.0,
6109,3,7308,16,13.0,,2,6.0,,
6110,1,7304,72,,,2,6.0,4.0,
6111,1,7315,70,,1.0,1,6.0,2.0,
6111,2,7315,55,,1.0,2,6.0,4.0,
6112,1,7310,45,,,1,6.0,4.0,
6113,1,7306,50,,,2,6.0,4.0,
6114,1,7313,74,,1.0,1,6.0,4.0,
6114,2,7313,73,,,2,6.0,4.0,
6115,1,7302,53,,6.0,2,2.0,4.0,24.0
6116,1,7313,21,15.0,7.0,2,2.0,4.0,25.0
6116,2,7313,2,,,1,,,
6116,3,7313,0,,,1,,,
6116,4,7313,0,,,1,,,
6116,5,7313,0,,,1,,,
6117,1,7318,74,,,1,6.0,4.0,
6117,2,7318,64,,1.0,2,1.0,4.0,32.0
6118,1,7321,66,,,2,6.0,4.0,
6118,2,7321,68,,,1,6.0,4.0,
6119,1,7301,27,,,1,6.0,4.0,
6119,2,7301,34,,2.0,2,1.0,4.0,30.0
6119,3,7301,15,11.0,,1,,,
6120,1,7318,36,,1.0,1,1.0,2.0,40.0
6120,2,7318,31,,,2,6.0,4.0,
6120,3,7318,5,2.0,,1,,,
6120,4,7318,4,1.0,,1,,,
6120,5,7318,1,,,2,,,
6120,6,7318,65,,1.0,2,1.0,4.0,40.0
6120,7,7318,33,16.0,1.0,2,1.0,4.0,40.0
6120,8,7318,25,,1.0,2,6.0,4.0,
6121,1,7310,39,,1.0,1,1.0,4.0,40.0
6121,2,7310,39,,4.0,2,1.0,4.0,40.0
6121,3,7310,3,1.0,,2,,,
6121,4,7310,1,,,2,,,
6121,5,7310,63,,,2,6.0,4.0,
6122,1,7313,49,,3.0,2,1.0,4.0,40.0
6122,2,7313,46,,1.0,1,1.0,4.0,40.0
6122,3,7313,15,12.0,,2,,,
6122,4,7313,13,9.0,,1,,,
6123,1,7304,64,,7.0,1,1.0,4.0,50.0
6123,2,7304,63,,1.0,2,1.0,4.0,30.0
6124,1,7319,74,,,1,6.0,2.0,
6124,2,7319,73,,,2,6.0,4.0,
6125,1,7318,31,,2.0,2,1.0,4.0,36.0
6125,2,7318,33,,4.0,1,1.0,2.0,40.0
6126,1,7303,55,,1.0,1,1.0,4.0,40.0
6126,2,7303,61,,3.0,2,1.0,4.0,40.0
6127,1,7317,30,,1.0,1,1.0,4.0,36.0
6127,2,7317,31,,1.0,2,1.0,4.0,24.0
6127,3,7317,1,,,1,,,
6127,4,7317,66,,,2,6.0,4.0,
6127,5,7317,64,,5.0,1,6.0,2.0,
6128,1,7314,70,,,1,6.0,2.0,
6128,2,7314,68,,1.0,2,1.0,4.0,48.0
6129,1,7317,36,,3.0,1,1.0,4.0,50.0
6129,2,7317,3,,,1,,,
6130,1,7308,77,,,1,6.0,2.0,
6130,2,7308,74,,,2,6.0,4.0,
6131,1,7314,32,,1.0,2,6.0,4.0,
6131,2,7314,33,,1.0,1,1.0,4.0,8.0
6131,3,7314,2,,,2,,,
6132,1,7308,64,,,2,6.0,4.0,
6133,1,7311,62,,1.0,1,6.0,4.0,40.0
6133,2,7311,57,,,2,6.0,4.0,
6134,1,7322,30,,3.0,2,1.0,4.0,25.0
6134,2,7322,34,,1.0,1,1.0,2.0,40.0
6134,3,7322,14,10.0,,1,,,
6134,4,7322,9,5.0,,1,,,
6134,5,7322,4,,,1,,,
6134,6,7322,0,,,1,,,
6134,7,7322,21,,1.0,2,1.0,4.0,20.0
6134,8,7322,55,,1.0,2,6.0,4.0,
6135,1,7315,34,,1.0,2,1.0,4.0,50.0
6135,2,7315,36,,1.0,1,1.0,4.0,50.0
6135,3,7315,5,1.0,,1,,,
6135,4,7315,3,1.0,,2,,,
6136,1,7316,59,,1.0,2,1.0,4.0,40.0
6137,1,7317,24,,1.0,2,1.0,4.0,50.0
6137,2,7317,2,,,2,,,
6137,3,7317,19,,1.0,1,1.0,4.0,25.0
6138,1,7301,45,,1.0,1,1.0,4.0,40.0
6138,2,7301,45,,,2,6.0,4.0,
6138,3,7301,13,10.0,,2,,,
6138,4,7301,8,4.0,,2,,,
6139,1,7321,51,,2.0,2,1.0,4.0,40.0
6139,2,7321,22,,1.0,2,1.0,4.0,40.0
6139,3,7321,16,13.0,,2,6.0,,
6140,1,7313,82,15.0,,2,6.0,4.0,
6141,1,7315,72,,,2,6.0,4.0,
6142,1,7310,56,,5.0,2,6.0,4.0,
6142,2,7310,60,,1.0,1,1.0,4.0,45.0
6143,1,7306,31,,1.0,1,1.0,2.0,40.0
6144,1,7313,84,,,2,6.0,4.0,
6145,1,7317,58,,1.0,2,1.0,4.0,40.0
6145,2,7317,17,13.0,,2,6.0,4.0,
6146,1,7301,73,,1.0,1,6.0,2.0,
6146,2,7301,77,,,2,6.0,4.0,
6147,1,7301,23,,5.0,1,4.0,1.0,40.0
6147,2,7301,21,15.0,2.0,2,1.0,4.0,22.0
6148,1,7314,69,,3.0,2,1.0,4.0,20.0
6148,2,7314,62,,1.0,1,3.0,4.0,40.0
6148,3,7314,18,15.0,,2,6.0,4.0,
6149,1,7301,24,15.0,5.0,1,4.0,1.0,40.0
6149,2,7301,23,,1.0,2,1.0,4.0,40.0
6149,3,7301,1,,,1,,,
6150,1,7302,40,,1.0,2,1.0,4.0,7.0
6150,2,7302,43,,1.0,1,1.0,4.0,60.0
6150,3,7302,13,10.0,,1,,,
6150,4,7302,10,7.0,,1,,,
6150,5,7302,7,4.0,,1,,,
6151,1,7305,58,,5.0,1,1.0,2.0,40.0
6151,2,7305,55,,1.0,2,1.0,4.0,39.0
6152,1,7316,55,,1.0,2,1.0,4.0,40.0
6153,1,7307,49,,,1,6.0,2.0,
6154,1,7315,59,,,2,6.0,4.0,
6154,2,7315,56,,6.0,1,1.0,4.0,50.0
6155,1,7314,74,,1.0,1,1.0,2.0,30.0
6156,1,7318,71,,6.0,2,6.0,4.0,
6156,2,7318,36,15.0,1.0,1,1.0,4.0,40.0
6157,1,7301,31,,5.0,1,4.0,1.0,60.0
6157,2,7301,31,,2.0,2,6.0,4.0,
6157,3,7301,4,,,2,,,
6157,4,7301,1,,,2,,,
6158,1,7320,55,,1.0,1,1.0,4.0,40.0
6158,2,7320,54,,2.0,2,1.0,4.0,50.0
6159,1,7315,23,,1.0,1,1.0,4.0,40.0
6159,2,7315,23,,4.0,2,1.0,4.0,40.0
6160,1,7305,72,,,1,6.0,4.0,
6160,2,7305,72,,,2,6.0,4.0,
6160,3,7305,45,,2.0,1,1.0,2.0,80.0
6160,4,7305,43,,3.0,1,1.0,4.0,80.0
6160,5,7305,21,15.0,1.0,2,1.0,4.0,15.0
6160,6,7305,20,15.0,1.0,2,1.0,4.0,20.0
6160,7,7305,44,,1.0,2,1.0,4.0,72.0
6161,1,7313,60,,3.0,2,6.0,4.0,
6161,2,7313,61,,,1,6.0,4.0,
6162,1,7315,38,16.0,4.0,2,1.0,4.0,20.0
6162,2,7315,39,,4.0,1,3.0,4.0,
6162,3,7315,16,13.0,,2,6.0,,
6162,4,7315,13,10.0,,2,,,
6162,5,7315,10,7.0,,1,,,
6162,6,7315,5,2.0,,1,,,
6163,1,7313,73,,,2,6.0,4.0,
6164,1,7318,62,,3.0,1,1.0,2.0,40.0
6164,2,7318,60,,,2,6.0,4.0,
6165,1,7316,61,,1.0,1,1.0,2.0,40.0
6165,2,7316,61,,,2,6.0,2.0,
6166,1,7316,32,,1.0,1,1.0,4.0,40.0
6167,1,7315,32,,5.0,2,1.0,4.0,40.0
6168,1,7320,27,,5.0,1,4.0,1.0,50.0
6169,1,7316,29,,1.0,2,1.0,4.0,38.0
6170,1,7314,75,,,1,6.0,4.0,
6170,2,7314,79,,,2,6.0,4.0,
6171,1,7315,43,,2.0,2,1.0,4.0,40.0
6172,1,7301,56,,1.0,1,1.0,2.0,40.0
6172,2,7301,56,,,2,6.0,4.0,
6172,3,7301,14,10.0,,2,,,
6173,1,7303,59,,1.0,2,1.0,4.0,40.0
6173,2,7303,40,,5.0,1,4.0,1.0,40.0
6173,3,7303,31,,1.0,2,1.0,4.0,40.0
6174,1,7305,59,,3.0,2,6.0,4.0,
6174,2,7305,60,,3.0,1,6.0,4.0,
6175,1,7306,65,,6.0,2,1.0,4.0,40.0
6175,2,7306,66,,,2,6.0,4.0,
6176,1,7316,37,,1.0,1,1.0,4.0,45.0
6177,1,7313,40,16.0,1.0,1,1.0,4.0,20.0
6177,2,7313,55,,1.0,1,3.0,4.0,
6177,3,7313,47,16.0,4.0,2,1.0,4.0,6.0
6177,4,7313,44,16.0,4.0,1,1.0,4.0,4.0
6177,5,7313,71,16.0,,2,6.0,4.0,
6178,1,7314,70,,2.0,2,1.0,4.0,8.0
6179,1,7310,38,,5.0,1,4.0,1.0,45.0
6179,2,7310,36,,1.0,2,6.0,4.0,35.0
6180,1,7304,72,,1.0,2,6.0,4.0,
6181,1,7304,50,,1.0,1,1.0,2.0,50.0
6181,2,7304,42,,6.0,2,6.0,4.0,
6181,3,7304,10,6.0,,1,,,
6181,4,7304,8,4.0,,2,,,
6182,1,7317,45,,,2,6.0,4.0,
6183,1,7316,31,,1.0,1,1.0,4.0,36.0
6184,1,7318,79,,,2,6.0,4.0,
6184,2,7318,56,,1.0,2,6.0,4.0,
6184,3,7318,30,,1.0,1,3.0,4.0,20.0
6184,4,7318,38,,1.0,2,3.0,4.0,
6184,5,7318,25,,1.0,1,1.0,4.0,30.0
6185,1,7316,77,,,2,6.0,4.0,
6186,1,7321,56,,,2,6.0,4.0,
6187,1,7315,85,,,1,6.0,2.0,
6188,1,7317,70,,,1,6.0,2.0,
6188,2,7317,70,,,2,6.0,4.0,
6189,1,7312,42,,7.0,2,1.0,4.0,50.0
6189,2,7312,7,4.0,,1,,,
6189,3,7312,5,2.0,,1,,,
6190,1,7307,55,,1.0,1,1.0,3.0,45.0
6191,1,7316,70,,5.0,1,6.0,2.0,50.0
6191,2,7316,66,,,2,6.0,4.0,
6192,1,7305,74,,1.0,2,1.0,4.0,16.0
6193,1,7315,88,,,1,6.0,4.0,
6194,1,7318,26,,6.0,2,1.0,4.0,10.0
6194,2,7318,32,,6.0,1,1.0,4.0,30.0
6194,3,7318,2,,,2,,,
6194,4,7318,26,,7.0,2,1.0,4.0,10.0
6195,1,7316,54,,1.0,2,1.0,4.0,50.0
6196,1,7308,84,,,1,6.0,2.0,
6196,2,7308,82,,,2,6.0,4.0,
6197,1,7318,61,,1.0,2,1.0,4.0,45.0
6197,2,7318,66,,1.0,1,1.0,4.0,50.0
6197,3,7318,27,15.0,1.0,1,1.0,4.0,20.0
6197,4,7318,24,15.0,1.0,1,1.0,4.0,32.0
6197,5,7318,20,15.0,2.0,2,1.0,4.0,24.0
6198,1,7311,64,,1.0,1,3.0,4.0,50.0
6198,2,7311,59,,1.0,2,1.0,4.0,40.0
6198,3,7311,26,16.0,1.0,2,1.0,4.0,40.0
6198,4,7311,25,,1.0,1,1.0,4.0,40.0
6199,1,7312,66,,6.0,1,1.0,4.0,40.0
6199,2,7312,57,,2.0,2,1.0,4.0,34.0
6200,1,7314,48,16.0,7.0,2,1.0,4.0,30.0
6200,2,7314,18,15.0,1.0,1,1.0,4.0,23.0
6201,1,7312,31,,1.0,1,1.0,4.0,40.0
6201,2,7312,30,,,2,6.0,4.0,
6201,3,7312,3,1.0,,1,,,
6202,1,7314,60,,3.0,2,1.0,4.0,10.0
6203,1,7317,49,,,1,6.0,4.0,
6203,2,7317,54,,1.0,1,1.0,4.0,40.0
6204,1,7315,46,,1.0,2,1.0,2.0,60.0
6205,1,7310,63,,,1,6.0,4.0,
6206,1,7318,56,,7.0,1,1.0,2.0,40.0
6206,2,7318,46,,1.0,2,1.0,4.0,50.0
6206,3,7318,29,15.0,1.0,1,1.0,4.0,15.0
6206,4,7318,26,15.0,1.0,1,1.0,4.0,15.0
6206,5,7318,23,15.0,,1,6.0,3.0,
6206,6,7318,16,13.0,,1,6.0,,
6206,7,7318,8,5.0,,2,,,
6207,1,7301,39,,1.0,2,6.0,4.0,
6207,2,7301,47,,6.0,1,1.0,4.0,50.0
6207,3,7301,14,11.0,,1,,,
6207,4,7301,2,,,2,,,
6207,5,7301,24,15.0,1.0,2,1.0,4.0,45.0
6208,1,7308,67,,1.0,1,6.0,4.0,
6208,2,7308,65,,1.0,2,6.0,4.0,
6208,3,7308,84,,,2,6.0,4.0,
6209,1,7301,54,,1.0,1,1.0,4.0,40.0
6209,2,7301,52,,1.0,2,1.0,4.0,38.0
6209,3,7301,24,,1.0,1,3.0,4.0,
6209,4,7301,78,,1.0,2,6.0,4.0,20.0
6210,1,7307,33,,1.0,2,1.0,4.0,45.0
6210,2,7307,34,,5.0,1,1.0,4.0,40.0
6210,3,7307,9,6.0,,2,,,
6210,4,7307,1,,,2,,,
6211,1,7313,38,,1.0,2,1.0,4.0,12.0
6211,2,7313,47,,1.0,1,1.0,4.0,30.0
6211,3,7313,12,8.0,,1,,,
6211,4,7313,4,1.0,,1,,,
6211,5,7313,11,7.0,,2,,,
6212,1,7310,94,,7.0,1,6.0,2.0,
6213,1,7316,31,,1.0,1,1.0,4.0,48.0
6213,2,7316,31,,1.0,2,1.0,4.0,55.0
6213,3,7316,32,,1.0,2,1.0,4.0,35.0
6214,1,7302,59,,1.0,1,6.0,4.0,
6214,2,7302,60,,1.0,2,1.0,4.0,37.0
6215,1,7307,21,15.0,2.0,1,1.0,4.0,22.0
6215,2,7307,23,15.0,2.0,1,1.0,4.0,20.0
6216,1,7319,48,,6.0,2,1.0,4.0,40.0
6216,2,7319,57,,6.0,1,1.0,2.0,40.0
6216,3,7319,13,10.0,,2,,,
6217,1,7316,53,,1.0,2,3.0,4.0,1.0
6217,2,7316,21,,1.0,2,1.0,4.0,38.0
6217,3,7316,21,,1.0,2,1.0,4.0,38.0
6218,1,7309,29,,1.0,1,1.0,4.0,40.0
6219,1,7315,69,,2.0,2,6.0,4.0,
6219,2,7315,69,,1.0,1,6.0,4.0,
6220,1,7321,49,,3.0,2,1.0,4.0,40.0
6220,2,7321,48,,3.0,1,1.0,4.0,40.0
6220,3,7321,13,10.0,,2,,,
6220,4,7321,71,,,2,6.0,4.0,
6221,1,7304,58,,1.0,1,1.0,4.0,50.0
6221,2,7304,52,,1.0,2,1.0,4.0,25.0
6221,3,7304,17,14.0,1.0,2,1.0,4.0,15.0
6222,1,7310,58,,1.0,2,6.0,4.0,
6223,1,7319,24,,5.0,1,4.0,1.0,40.0
6224,1,7315,57,,2.0,2,1.0,4.0,40.0
6224,2,7315,64,,7.0,1,1.0,4.0,40.0
6224,3,7315,12,8.0,,2,,,
6225,1,7315,48,,6.0,2,1.0,4.0,20.0
6226,1,7316,28,16.0,1.0,2,1.0,4.0,40.0
6226,2,7316,27,,,1,6.0,4.0,
6227,1,7304,88,,,2,6.0,4.0,
6228,1,7312,29,,1.0,2,1.0,4.0,40.0
6228,2,7312,51,,7.0,2,1.0,4.0,30.0
6229,1,7313,28,,1.0,1,1.0,4.0,45.0
6229,2,7313,28,15.0,1.0,2,1.0,4.0,20.0
6230,1,7314,37,,,2,6.0,4.0,
6230,2,7314,49,,1.0,1,1.0,4.0,40.0
6230,3,7314,10,6.0,,2,,,
6231,1,7320,56,,5.0,1,1.0,4.0,60.0
6231,2,7320,56,,2.0,2,6.0,4.0,
6232,1,7319,56,,1.0,2,1.0,4.0,26.0
6232,2,7319,15,12.0,,1,,,
6233,1,7320,60,,2.0,1,1.0,4.0,40.0
6233,2,7320,57,,3.0,2,1.0,4.0,35.0
6233,3,7320,19,15.0,1.0,1,1.0,4.0,25.0
6234,1,7317,71,,,1,6.0,4.0,
6234,2,7317,67,,,2,6.0,4.0,
6235,1,7306,36,,4.0,2,2.0,4.0,45.0
6235,2,7306,14,10.0,,1,,,
6235,3,7306,12,10.0,,2,,,
6235,4,7306,6,2.0,,1,,,
6235,5,7306,0,,,1,,,
6236,1,7317,25,,3.0,1,1.0,4.0,28.0
6237,1,7315,48,,1.0,2,1.0,4.0,35.0
6237,2,7315,49,,,1,6.0,4.0,
6237,3,7315,20,15.0,,2,6.0,4.0,
6237,4,7315,15,11.0,,1,,,
6238,1,7310,34,,1.0,1,1.0,2.0,40.0
6239,1,7303,64,,1.0,1,1.0,4.0,20.0
6239,2,7303,53,,4.0,2,1.0,4.0,30.0
6240,1,7310,49,,1.0,2,1.0,4.0,50.0
6241,1,7303,60,,1.0,2,1.0,4.0,65.0
6241,2,7303,61,,1.0,1,6.0,4.0,40.0
6242,1,7313,35,,1.0,2,1.0,4.0,30.0
6242,2,7313,41,,1.0,1,1.0,4.0,70.0
6242,3,7313,13,9.0,,1,,,
6242,4,7313,10,7.0,,1,,,
6242,5,7313,2,,,2,,,
6243,1,7311,34,,5.0,1,1.0,4.0,40.0
6243,2,7311,35,,2.0,2,1.0,4.0,40.0
6243,3,7311,2,,,2,,,
6243,4,7311,0,,,1,,,
6243,5,7311,57,,9.0,1,3.0,4.0,
6243,6,7311,52,,1.0,2,1.0,4.0,25.0
6244,1,7308,31,,1.0,2,1.0,4.0,40.0
6244,2,7308,35,,1.0,1,1.0,4.0,40.0
6244,3,7308,3,,,2,,,
6245,1,7311,36,,1.0,1,1.0,4.0,40.0
6245,2,7311,33,,,2,6.0,4.0,
6245,3,7311,6,3.0,,1,,,
6246,1,7319,63,,2.0,2,6.0,4.0,15.0
6246,2,7319,57,,,2,6.0,4.0,
6247,1,7319,41,,1.0,1,1.0,4.0,40.0
6247,2,7319,41,,1.0,2,1.0,4.0,40.0
6248,1,7322,69,,,1,6.0,2.0,
6248,2,7322,79,,,2,6.0,4.0,
6248,3,7322,44,,,1,6.0,4.0,
6249,1,7322,71,,,2,6.0,4.0,
6249,2,7322,74,,,1,6.0,4.0,
6250,1,7317,48,,6.0,2,1.0,4.0,30.0
6250,2,7317,17,14.0,9.0,2,3.0,4.0,
6250,3,7317,13,9.0,,2,,,
6251,1,7317,21,15.0,1.0,2,1.0,4.0,20.0
6251,2,7317,24,16.0,1.0,1,6.0,4.0,
6251,3,7317,20,15.0,1.0,2,1.0,4.0,20.0
6251,4,7317,20,15.0,1.0,2,3.0,4.0,
6252,1,7314,57,,6.0,2,1.0,4.0,20.0
6252,2,7314,17,13.0,,2,6.0,4.0,
6253,1,7321,60,,1.0,1,1.0,4.0,40.0
6254,1,7310,29,,7.0,2,1.0,4.0,40.0
6254,2,7310,31,,3.0,1,1.0,4.0,25.0
6255,1,7320,62,,,2,6.0,4.0,
6255,2,7320,27,,1.0,2,1.0,4.0,35.0
6255,3,7320,7,4.0,,2,,,
6255,4,7320,5,2.0,,2,,,
6255,5,7320,4,,,2,,,
6256,1,7310,75,,,1,6.0,2.0,
6256,2,7310,68,,,2,6.0,4.0,
6257,1,7318,64,,6.0,1,3.0,4.0,
6258,1,7302,74,,,2,6.0,4.0,
6259,1,7312,26,,1.0,1,1.0,4.0,40.0
6259,2,7312,6,2.0,,1,,,
6259,3,7312,25,,1.0,2,6.0,4.0,
6260,1,7306,87,,,1,6.0,2.0,
6261,1,7322,40,,1.0,1,3.0,4.0,3.0
6261,2,7322,41,,3.0,2,1.0,4.0,40.0
6261,3,7322,12,9.0,,2,,,
6261,4,7322,10,7.0,,2,,,
6261,5,7322,7,4.0,,1,,,
6262,1,7311,44,,6.0,2,1.0,4.0,32.0
6262,2,7311,45,,1.0,1,1.0,4.0,50.0
6262,3,7311,15,12.0,,1,,,
6262,4,7311,15,11.0,,2,,,
6263,1,7308,74,,3.0,1,1.0,2.0,40.0
6263,2,7308,68,,,2,6.0,4.0,
6264,1,7306,53,,2.0,2,1.0,4.0,39.0
6265,1,7315,42,,1.0,1,1.0,2.0,40.0
6266,1,7310,55,,2.0,2,1.0,4.0,36.0
6266,2,7310,59,,1.0,1,1.0,4.0,40.0
6266,3,7310,23,,7.0,1,3.0,4.0,
6267,1,7311,49,,7.0,1,1.0,4.0,2.0
6267,2,7311,45,,4.0,2,1.0,4.0,4.0
6267,3,7311,8,4.0,,2,,,
6268,1,7307,54,,2.0,1,1.0,4.0,40.0
6268,2,7307,50,,1.0,2,1.0,4.0,40.0
6268,3,7307,20,15.0,2.0,2,1.0,4.0,3.0
6268,4,7307,18,14.0,,1,6.0,4.0,
6268,5,7307,85,,,1,6.0,2.0,
6269,1,7302,77,,,2,6.0,4.0,
6270,1,7306,79,,,1,6.0,2.0,
6270,2,7306,79,,,2,6.0,4.0,
6271,1,7313,37,,,2,6.0,4.0,
6271,2,7313,38,,5.0,1,4.0,1.0,90.0
6271,3,7313,5,2.0,,2,,,
6271,4,7313,3,,,1,,,
6272,1,7316,70,,,2,6.0,4.0,
6273,1,7319,51,,1.0,2,1.0,4.0,50.0
6273,2,7319,19,15.0,1.0,2,6.0,4.0,
6273,3,7319,10,7.0,,1,,,
6273,4,7319,0,,,2,,,
6274,1,7310,55,,1.0,1,1.0,4.0,30.0
6274,2,7310,58,,2.0,2,1.0,4.0,40.0
6275,1,7317,59,,,2,6.0,4.0,
6276,1,7311,66,,1.0,1,1.0,4.0,40.0
6277,1,7308,73,,,2,6.0,4.0,
6277,2,7308,59,,1.0,1,1.0,4.0,40.0
6278,1,7311,63,,1.0,1,1.0,4.0,40.0
6278,2,7311,64,,1.0,2,1.0,4.0,40.0
6278,3,7311,34,,,2,6.0,4.0,
6278,4,7311,6,3.0,,1,,,
6278,5,7311,3,,,2,,,
6278,6,7311,33,,1.0,1,1.0,4.0,40.0
6279,1,7317,68,15.0,6.0,2,1.0,4.0,40.0
6279,2,7317,61,,1.0,2,1.0,4.0,8.0
6279,3,7317,33,16.0,,2,6.0,4.0,
6279,4,7317,25,15.0,1.0,2,6.0,4.0,35.0
6279,5,7317,22,15.0,,2,6.0,4.0,
6280,1,7318,45,,1.0,1,1.0,4.0,35.0
6280,2,7318,41,,,2,6.0,4.0,
6280,3,7318,20,,1.0,2,1.0,4.0,20.0
6280,4,7318,17,13.0,,1,6.0,4.0,
6280,5,7318,15,12.0,,1,,,
6280,6,7318,9,7.0,,1,,,
6280,7,7318,4,1.0,,2,,,
6281,1,7318,57,,5.0,2,1.0,4.0,50.0
6281,2,7318,35,,2.0,1,1.0,4.0,50.0
6281,3,7318,32,15.0,2.0,1,1.0,4.0,80.0
6282,1,7315,32,,1.0,1,1.0,4.0,40.0
6282,2,7315,30,,1.0,1,1.0,4.0,40.0
6283,1,7306,57,,1.0,1,1.0,4.0,40.0
6283,2,7306,52,,1.0,2,1.0,4.0,40.0
6283,3,7306,80,,,2,6.0,4.0,
6284,1,7306,66,,1.0,1,6.0,4.0,
6285,1,7322,58,,1.0,1,1.0,4.0,40.0
6285,2,7322,71,,1.0,2,1.0,4.0,25.0
6286,1,7302,24,,1.0,2,1.0,4.0,36.0
6286,2,7302,25,,1.0,1,1.0,4.0,50.0
6286,3,7302,57,,,2,6.0,4.0,
6287,1,7318,35,,1.0,2,1.0,4.0,40.0
6287,2,7318,36,,5.0,1,1.0,4.0,40.0
6287,3,7318,10,6.0,,1,,,
6287,4,7318,2,,,2,,,
6288,1,7316,85,,,2,6.0,4.0,
6289,1,7314,50,,3.0,1,1.0,4.0,40.0
6289,2,7314,42,,1.0,2,1.0,4.0,60.0
6289,3,7314,12,9.0,,1,,,
6290,1,7303,76,,3.0,2,6.0,4.0,
6291,1,7308,75,,1.0,1,1.0,2.0,40.0
6292,1,7302,51,,3.0,1,1.0,4.0,42.0
6292,2,7302,51,,1.0,2,1.0,4.0,33.0
6292,3,7302,20,,1.0,1,1.0,4.0,40.0
6293,1,7302,61,,1.0,1,1.0,2.0,30.0
6293,2,7302,54,,1.0,2,1.0,4.0,50.0
6293,3,7302,22,,1.0,2,1.0,4.0,35.0
6294,1,7321,44,,1.0,2,1.0,4.0,40.0
6294,2,7321,48,,1.0,1,1.0,4.0,40.0
6294,3,7321,23,,1.0,1,1.0,4.0,40.0
6294,4,7321,21,,1.0,1,6.0,4.0,40.0
6294,5,7321,81,,,2,6.0,4.0,
6295,1,7316,29,,1.0,2,1.0,4.0,30.0
6295,2,7316,4,1.0,,2,,,
6296,1,7317,43,,6.0,1,1.0,4.0,30.0
6296,2,7317,41,,,2,6.0,4.0,
6296,3,7317,19,15.0,2.0,2,1.0,4.0,15.0
6296,4,7317,12,9.0,,2,,,
6297,1,7301,40,,1.0,2,2.0,4.0,10.0
6297,2,7301,46,,7.0,1,1.0,4.0,50.0
6297,3,7301,11,7.0,,1,,,
6297,4,7301,5,,,1,,,
6297,5,7301,17,14.0,1.0,2,1.0,4.0,12.0
6298,1,7305,75,,,2,6.0,4.0,
6298,2,7305,46,,,1,6.0,4.0,
6299,1,7314,53,,2.0,2,1.0,4.0,40.0
6299,2,7314,86,,,2,6.0,4.0,
6300,1,7301,34,,1.0,1,1.0,4.0,40.0
6301,1,7322,64,,6.0,2,1.0,4.0,40.0
6301,2,7322,68,,,1,6.0,4.0,
6301,3,7322,41,,,1,6.0,4.0,
6301,4,7322,39,,1.0,2,1.0,4.0,40.0
6301,5,7322,36,,1.0,1,1.0,4.0,40.0
6301,6,7322,19,,8.0,1,3.0,4.0,24.0
6301,7,7322,17,14.0,,2,6.0,4.0,
6301,8,7322,44,,1.0,1,1.0,4.0,20.0
6302,1,7306,34,15.0,7.0,2,6.0,4.0,
6302,2,7306,7,3.0,,2,,,
6302,3,7306,4,1.0,,1,,,
6302,4,7306,40,,1.0,2,1.0,4.0,40.0
6302,5,7306,17,12.0,,2,6.0,4.0,
6303,1,7322,51,,1.0,1,1.0,4.0,48.0
6303,2,7322,49,,1.0,2,1.0,4.0,30.0
6304,1,7306,35,,1.0,2,1.0,4.0,40.0
6304,2,7306,38,,1.0,1,1.0,4.0,20.0
6304,3,7306,2,,,2,,,
6304,4,7306,0,,,1,,,
6305,1,7313,49,,6.0,2,1.0,4.0,8.0
6305,2,7313,49,,1.0,1,1.0,4.0,40.0
6306,1,7307,51,,5.0,1,1.0,4.0,40.0
6306,2,7307,49,,,2,6.0,4.0,
6306,3,7307,13,10.0,,1,,,
6306,4,7307,13,10.0,,2,,,
6306,5,7307,75,,,1,6.0,4.0,
6306,6,7307,73,,,2,6.0,4.0,
6307,1,7316,67,,,1,6.0,4.0,
6308,1,7302,57,,1.0,1,2.0,4.0,20.0
6308,2,7302,53,,9.0,2,3.0,4.0,
6308,3,7302,60,,,2,6.0,4.0,
6309,1,7316,39,,1.0,1,1.0,4.0,50.0
6310,1,7319,69,,,2,6.0,4.0,
6310,2,7319,71,,,1,6.0,4.0,
6311,1,7309,66,,,1,6.0,4.0,
6311,2,7309,55,,,2,6.0,4.0,
6312,1,7309,63,,7.0,1,6.0,4.0,1.0
6312,2,7309,64,,1.0,2,1.0,4.0,40.0
6313,1,7313,56,,,2,6.0,4.0,
6313,2,7313,56,,7.0,1,1.0,4.0,40.0
6314,1,7303,40,,1.0,1,1.0,2.0,36.0
6314,2,7303,39,,1.0,2,1.0,4.0,40.0
6314,3,7303,12,9.0,,1,,,
6314,4,7303,2,,,1,,,
6315,1,7302,46,,1.0,2,6.0,4.0,
6315,2,7302,46,,1.0,1,1.0,4.0,40.0
6315,3,7302,13,10.0,,1,,,
6315,4,7302,10,,,1,,,
6316,1,7321,48,,3.0,2,1.0,4.0,40.0
6316,2,7321,52,,6.0,1,6.0,4.0,10.0
6316,3,7321,25,15.0,1.0,2,1.0,2.0,40.0
6316,4,7321,14,11.0,,1,,,
6317,1,7321,43,,1.0,2,1.0,4.0,55.0
6317,2,7321,46,,1.0,1,1.0,4.0,40.0
6317,3,7321,16,13.0,,1,6.0,,
6317,4,7321,8,5.0,,1,,,
6318,1,7321,69,,2.0,2,1.0,4.0,40.0
6319,1,7316,67,,,1,6.0,4.0,
6319,2,7316,73,,6.0,2,1.0,4.0,10.0
6320,1,7309,57,,,1,6.0,2.0,
6320,2,7309,57,,,2,6.0,4.0,
6321,1,7301,73,,1.0,1,1.0,2.0,72.0
6322,1,7310,73,,,2,6.0,4.0,
6322,2,7310,75,,,1,6.0,4.0,
6323,1,7302,77,,,2,6.0,4.0,
6324,1,7310,80,,6.0,2,1.0,4.0,50.0
6324,2,7310,57,,,1,6.0,2.0,
6325,1,7317,36,,1.0,1,1.0,4.0,40.0
6325,2,7317,36,,5.0,2,4.0,1.0,70.0
6325,3,7317,3,1.0,,2,,,
6326,1,7313,62,,1.0,2,6.0,4.0,
6326,2,7313,30,,3.0,2,1.0,4.0,40.0
6326,3,7313,28,,1.0,1,1.0,4.0,40.0
6327,1,7309,47,,1.0,1,1.0,4.0,50.0
6327,2,7309,20,15.0,1.0,2,6.0,4.0,16.0
6327,3,7309,17,13.0,1.0,2,1.0,4.0,8.0
6327,4,7309,11,7.0,,2,,,
6327,5,7309,45,16.0,1.0,2,6.0,4.0,
6327,6,7309,17,13.0,1.0,2,1.0,4.0,10.0
6328,1,7321,34,,1.0,1,1.0,4.0,40.0
6329,1,7317,39,,6.0,2,1.0,4.0,20.0
6329,2,7317,39,,1.0,1,1.0,4.0,50.0
6329,3,7317,11,7.0,,1,,,
6329,4,7317,7,3.0,,2,,,
6329,5,7317,4,1.0,,2,,,
6329,6,7317,1,,,2,,,
6330,1,7310,83,,,1,6.0,2.0,
6330,2,7310,77,,,2,6.0,4.0,
6331,1,7306,76,,,1,6.0,4.0,
6331,2,7306,78,,,1,6.0,4.0,
6331,3,7306,67,,1.0,1,1.0,4.0,40.0
6332,1,7313,42,,1.0,1,1.0,4.0,40.0
6332,2,7313,41,,,2,6.0,4.0,
6332,3,7313,16,12.0,,2,6.0,,
6332,4,7313,12,8.0,,2,,,
6332,5,7313,7,3.0,,1,,,
6332,6,7313,71,,,1,6.0,4.0,
6332,7,7313,70,,,2,6.0,4.0,
6333,1,7314,52,,9.0,2,3.0,4.0,
6334,1,7311,57,,1.0,1,1.0,4.0,45.0
6334,2,7311,52,,1.0,2,1.0,4.0,60.0
6334,3,7311,19,15.0,1.0,2,1.0,4.0,15.0
6335,1,7303,56,,3.0,2,1.0,4.0,40.0
6335,2,7303,55,16.0,3.0,1,6.0,4.0,40.0
6336,1,7309,56,,1.0,2,1.0,4.0,44.0
6336,2,7309,66,,1.0,1,1.0,4.0,40.0
6337,1,7305,58,,6.0,1,1.0,4.0,40.0
6337,2,7305,66,,2.0,2,6.0,4.0,
6337,3,7305,22,,,1,6.0,4.0,
6338,1,7307,59,,1.0,2,1.0,4.0,20.0
6338,2,7307,57,,1.0,1,1.0,4.0,40.0
6338,3,7307,20,15.0,1.0,1,1.0,4.0,10.0
6338,4,7307,16,13.0,,2,6.0,,
6339,1,7317,67,,2.0,1,1.0,4.0,40.0
6339,2,7317,66,,1.0,1,6.0,2.0,
6340,1,7308,34,,3.0,2,1.0,4.0,40.0
6340,2,7308,36,,1.0,1,1.0,4.0,40.0
6340,3,7308,0,,,1,,,
6341,1,7311,46,,7.0,2,1.0,4.0,50.0
6341,2,7311,15,11.0,,2,,,
6341,3,7311,13,9.0,,2,,,
6341,4,7311,7,4.0,,2,,,
6342,1,7309,94,,,2,6.0,4.0,
6342,2,7309,49,,8.0,1,1.0,4.0,15.0
6342,3,7309,49,,6.0,2,1.0,4.0,40.0
6343,1,7310,52,,1.0,2,1.0,2.0,32.0
6344,1,7318,29,15.0,1.0,2,1.0,4.0,40.0
6344,2,7318,26,15.0,1.0,1,1.0,4.0,50.0
6345,1,7319,71,,,1,6.0,2.0,
6345,2,7319,52,,1.0,2,1.0,4.0,40.0
6345,3,7319,47,,,1,6.0,4.0,
6346,1,7315,48,,1.0,1,1.0,4.0,40.0
6346,2,7315,49,,1.0,2,1.0,4.0,45.0
6347,1,7315,51,,1.0,1,1.0,2.0,40.0
6347,2,7315,51,,4.0,2,1.0,4.0,40.0
6348,1,7317,50,,1.0,2,1.0,4.0,40.0
6348,2,7317,78,,,2,6.0,4.0,
6348,3,7317,63,,,1,6.0,3.0,
6349,1,7320,62,,,2,6.0,4.0,
6350,1,7302,71,,,1,6.0,2.0,
6350,2,7302,65,,,2,6.0,4.0,
6351,1,7318,38,,1.0,2,1.0,4.0,40.0
6351,2,7318,38,,1.0,1,1.0,4.0,40.0
6351,3,7318,16,13.0,,2,6.0,,
6351,4,7318,12,9.0,,2,,,
6352,1,7315,54,,6.0,2,1.0,4.0,30.0
6353,1,7316,65,,6.0,1,1.0,4.0,35.0
6353,2,7316,65,,1.0,2,6.0,4.0,
6353,3,7316,30,,1.0,1,6.0,4.0,40.0
6353,4,7316,2,,,1,,,
6353,5,7316,28,,1.0,2,1.0,4.0,46.0
6354,1,7316,56,,1.0,1,1.0,4.0,40.0
6355,1,7322,41,,1.0,2,1.0,4.0,60.0
6355,2,7322,41,,3.0,1,1.0,4.0,40.0
6355,3,7322,15,12.0,,2,,,
6355,4,7322,12,8.0,,1,,,
6356,1,7321,37,16.0,5.0,2,1.0,2.0,40.0
6356,2,7321,35,,5.0,1,1.0,2.0,50.0
6356,3,7321,9,6.0,,1,,,
6356,4,7321,7,4.0,,2,,,
6357,1,7322,36,,,2,6.0,4.0,
6357,2,7322,32,,7.0,1,1.0,4.0,50.0
6357,3,7322,10,6.0,,1,,,
6357,4,7322,7,3.0,,2,,,
6358,1,7316,83,,,2,6.0,4.0,
6359,1,7314,46,,1.0,1,1.0,4.0,60.0
6359,2,7314,47,,,2,6.0,4.0,
6359,3,7314,13,10.0,,1,,,
6359,4,7314,11,8.0,,2,,,
6360,1,7309,63,,1.0,1,1.0,4.0,42.0
6361,1,7313,66,,1.0,2,6.0,4.0,
6361,2,7313,66,,,1,6.0,4.0,
6361,3,7313,60,,,2,6.0,4.0,
6361,4,7313,25,,1.0,1,1.0,4.0,36.0
6362,1,7308,39,,5.0,1,1.0,4.0,40.0
6362,2,7308,36,,,2,6.0,4.0,
6362,3,7308,5,2.0,,2,,,
6362,4,7308,2,,,2,,,
6363,1,7307,50,16.0,2.0,1,1.0,2.0,60.0
6363,2,7307,46,,3.0,2,1.0,4.0,18.0
6363,3,7307,19,15.0,1.0,1,1.0,4.0,20.0
6363,4,7307,17,13.0,,2,6.0,4.0,
6363,5,7307,11,7.0,,2,,,
6363,6,7307,8,5.0,,1,,,
6364,1,7313,94,,,1,6.0,2.0,
6365,1,7306,81,,,1,6.0,2.0,
6365,2,7306,77,,,2,6.0,4.0,
6366,1,7312,32,16.0,5.0,1,4.0,1.0,60.0
6367,1,7321,60,,6.0,2,1.0,4.0,7.0
6367,2,7321,70,,1.0,1,1.0,4.0,30.0
6367,3,7321,18,14.0,,2,6.0,4.0,
6368,1,7321,80,,,1,6.0,4.0,
6368,2,7321,78,,,2,6.0,4.0,
6368,3,7321,43,,1.0,2,1.0,4.0,20.0
6368,4,7321,46,,1.0,1,1.0,4.0,40.0
6369,1,7305,37,,1.0,2,1.0,4.0,40.0
6369,2,7305,32,15.0,1.0,1,6.0,4.0,
6369,3,7305,5,2.0,,1,,,
6369,4,7305,1,,,1,,,
6370,1,7304,87,,,1,6.0,2.0,
6370,2,7304,79,,1.0,2,6.0,2.0,
6371,1,7320,56,,1.0,1,1.0,4.0,40.0
6371,2,7320,54,,4.0,2,1.0,4.0,40.0
6371,3,7320,25,,1.0,1,1.0,4.0,40.0
6371,4,7320,15,12.0,,2,,,
6372,1,7308,61,,6.0,2,1.0,4.0,40.0
6373,1,7319,33,,1.0,2,1.0,4.0,40.0
6374,1,7320,60,,,2,6.0,4.0,
6374,2,7320,66,,1.0,1,6.0,4.0,
6375,1,7303,76,,,1,6.0,2.0,
6375,2,7303,70,,,2,6.0,4.0,
6375,3,7303,28,,1.0,1,1.0,4.0,40.0
6376,1,7307,56,,,1,6.0,4.0,
6376,2,7307,49,,2.0,2,2.0,4.0,40.0
6377,1,7309,40,,1.0,1,1.0,4.0,40.0
6377,2,7309,36,,,2,6.0,4.0,
6377,3,7309,7,,,1,,,
6377,4,7309,4,1.0,,1,,,
6377,5,7309,1,,,1,,,
6378,1,7310,64,,2.0,1,1.0,4.0,60.0
6378,2,7310,63,,,2,6.0,4.0,
6379,1,7313,64,,6.0,1,6.0,4.0,
6380,1,7314,39,,3.0,1,1.0,4.0,40.0
6380,2,7314,43,,2.0,2,1.0,4.0,32.0
6380,3,7314,3,1.0,,1,,,
6381,1,7311,69,,1.0,2,1.0,4.0,40.0
6381,2,7311,49,15.0,1.0,1,1.0,2.0,40.0
6382,1,7316,83,,,1,6.0,4.0,
6383,1,7306,41,,1.0,1,1.0,4.0,40.0
6383,2,7306,40,,,2,6.0,4.0,
6383,3,7306,14,10.0,,1,,,
6383,4,7306,12,8.0,,2,,,
6384,1,7321,21,,1.0,1,1.0,4.0,40.0
6384,2,7321,18,,1.0,2,1.0,4.0,36.0
6385,1,7315,38,,1.0,1,1.0,4.0,40.0
6385,2,7315,29,,,2,6.0,4.0,
6385,3,7315,9,6.0,,1,,,
6385,4,7315,6,2.0,,1,,,
6386,1,7303,53,,4.0,2,1.0,4.0,50.0
6386,2,7303,59,,6.0,1,3.0,4.0,24.0
6387,1,7317,50,,1.0,2,1.0,4.0,20.0
6387,2,7317,51,,,1,6.0,4.0,
6387,3,7317,16,13.0,,1,6.0,,
6388,1,7315,34,,8.0,2,1.0,4.0,20.0
6388,2,7315,32,,7.0,1,1.0,2.0,60.0
6388,3,7315,4,,,1,,,
6389,1,7316,45,,1.0,1,1.0,4.0,40.0
6390,1,7315,69,,6.0,1,1.0,4.0,40.0
6390,2,7315,67,,,2,6.0,4.0,
6391,1,7301,23,,1.0,2,1.0,4.0,40.0
6391,2,7301,23,,5.0,1,6.0,2.0,45.0
6392,1,7311,36,,1.0,1,1.0,4.0,20.0
6393,1,7319,51,,1.0,2,1.0,4.0,38.0
6393,2,7319,23,,2.0,2,1.0,4.0,15.0
6393,3,7319,16,13.0,,1,6.0,,
6394,1,7313,57,,,2,6.0,4.0,
6394,2,7313,66,,,1,6.0,4.0,
6394,3,7313,22,,1.0,2,1.0,4.0,40.0
6395,1,7318,66,,2.0,2,6.0,4.0,
6396,1,7309,79,,1.0,1,6.0,4.0,40.0
6396,2,7309,55,,,2,6.0,4.0,
6397,1,7316,35,16.0,1.0,2,6.0,4.0,16.0
6398,1,7312,79,,6.0,1,6.0,2.0,
6398,2,7312,46,,1.0,1,1.0,4.0,56.0
6398,3,7312,60,,1.0,2,1.0,4.0,38.0
6399,1,7302,94,,,2,6.0,4.0,
6400,1,7304,74,,,2,6.0,4.0,
6400,2,7304,74,,,1,6.0,4.0,
6401,1,7302,70,,,1,6.0,2.0,
6402,1,7317,72,,,2,6.0,4.0,
6402,2,7317,45,,1.0,2,1.0,4.0,40.0
6403,1,7316,49,,1.0,1,1.0,4.0,50.0
6404,1,7315,32,,3.0,2,1.0,4.0,40.0
6404,2,7315,35,,5.0,1,4.0,1.0,60.0
6404,3,7315,12,8.0,,2,,,
6404,4,7315,9,5.0,,2,,,
6405,1,7318,32,,1.0,2,1.0,4.0,40.0
6405,2,7318,32,,1.0,1,1.0,4.0,40.0
6406,1,7316,61,,1.0,2,1.0,4.0,40.0
6407,1,7318,28,,1.0,2,3.0,4.0,
6407,2,7318,30,,5.0,1,4.0,1.0,50.0
6408,1,7310,75,16.0,,1,6.0,3.0,
6409,1,7305,60,,2.0,2,1.0,4.0,40.0
6410,1,7318,66,,3.0,2,6.0,4.0,
6410,2,7318,40,,1.0,1,1.0,4.0,45.0
6410,3,7318,36,,1.0,1,1.0,4.0,50.0
6411,1,7314,71,,1.0,1,1.0,4.0,24.0
6412,1,7301,29,,1.0,1,1.0,4.0,45.0
6412,2,7301,29,,1.0,2,1.0,4.0,32.0
6412,3,7301,3,,,2,,,
6412,4,7301,1,,,1,,,
6413,1,7322,21,,5.0,1,4.0,1.0,50.0
6413,2,7322,21,15.0,1.0,1,1.0,4.0,10.0
6413,3,7322,21,,1.0,2,1.0,4.0,30.0
6414,1,7310,38,,6.0,1,1.0,4.0,40.0
6414,2,7310,41,,1.0,2,1.0,4.0,40.0
6415,1,7301,33,,5.0,1,1.0,2.0,40.0
6416,1,7318,52,,3.0,2,1.0,4.0,40.0
6416,2,7318,51,,1.0,1,1.0,4.0,40.0
6416,3,7318,24,15.0,1.0,1,3.0,4.0,25.0
6416,4,7318,18,,1.0,1,1.0,4.0,35.0
6417,1,7315,60,,1.0,1,3.0,2.0,37.0
6417,2,7315,65,,,2,6.0,4.0,
6417,3,7315,31,15.0,1.0,1,3.0,4.0,20.0
6417,4,7315,29,,1.0,1,1.0,4.0,33.0
6418,1,7311,57,,1.0,2,1.0,4.0,40.0
6418,2,7311,15,11.0,,2,,,
6418,3,7311,9,5.0,,2,,,
6419,1,7305,71,15.0,,1,6.0,4.0,
6419,2,7305,72,,,2,6.0,4.0,
6420,1,7319,25,,5.0,2,6.0,4.0,
6420,2,7319,25,15.0,,1,6.0,4.0,
6421,1,7308,68,,1.0,1,1.0,4.0,40.0
6421,2,7308,39,15.0,1.0,2,1.0,4.0,38.0
6422,1,7317,49,,6.0,1,1.0,4.0,30.0
6422,2,7317,9,,,2,,,
6423,1,7319,62,,4.0,1,1.0,4.0,50.0
6423,2,7319,63,,4.0,2,1.0,4.0,27.0
6424,1,7310,79,,2.0,1,1.0,4.0,50.0
6424,2,7310,78,,6.0,2,6.0,4.0,2.0
6425,1,7302,59,,3.0,1,1.0,4.0,40.0
6425,2,7302,61,,2.0,2,1.0,4.0,5.0
6425,3,7302,28,,2.0,2,1.0,4.0,40.0
6425,4,7302,17,14.0,,1,6.0,4.0,
6426,1,7317,89,,,1,6.0,4.0,
6427,1,7313,76,,,2,6.0,4.0,
6428,1,7318,69,,3.0,1,6.0,4.0,
6429,1,7317,31,,1.0,2,6.0,4.0,
6429,2,7317,31,,1.0,1,1.0,4.0,40.0
6429,3,7317,4,1.0,,1,,,
6429,4,7317,0,,,1,,,
6430,1,7302,40,,1.0,2,1.0,4.0,25.0
6430,2,7302,45,,1.0,1,1.0,4.0,40.0
6431,1,7312,73,,,2,6.0,4.0,
6432,1,7314,40,,1.0,1,6.0,4.0,
6432,2,7314,39,,1.0,2,1.0,4.0,40.0
6433,1,7303,50,,1.0,1,1.0,4.0,50.0
6433,2,7303,53,,,2,6.0,4.0,
6433,3,7303,21,15.0,,2,6.0,4.0,
6433,4,7303,21,15.0,,2,6.0,4.0,
6434,1,7307,50,,1.0,2,1.0,2.0,20.0
6434,2,7307,50,,1.0,1,6.0,4.0,38.0
6434,3,7307,26,,1.0,1,1.0,4.0,40.0
6435,1,7322,40,,5.0,1,4.0,1.0,50.0
6435,2,7322,59,,1.0,2,6.0,2.0,
6436,1,7317,20,,6.0,1,1.0,4.0,40.0
6436,2,7317,20,15.0,,1,6.0,4.0,
6436,3,7317,20,,1.0,1,1.0,4.0,40.0
6436,4,7317,19,15.0,1.0,1,1.0,4.0,40.0
6437,1,7305,27,,1.0,1,1.0,4.0,45.0
6437,2,7305,26,,1.0,2,1.0,4.0,45.0
6438,1,7309,67,,,1,6.0,4.0,
6438,2,7309,64,,,2,6.0,4.0,
6439,1,7321,27,,3.0,2,1.0,4.0,55.0
6439,2,7321,32,,3.0,1,1.0,4.0,55.0
6440,1,7307,37,,,2,6.0,4.0,
6440,2,7307,44,,,1,6.0,4.0,
6440,3,7307,5,,,1,,,
6440,4,7307,4,,,2,,,
6441,1,7314,26,,5.0,1,4.0,1.0,50.0
6441,2,7314,24,,,2,6.0,4.0,
6441,3,7314,2,,,1,,,
6442,1,7307,48,,1.0,2,1.0,4.0,32.0
6442,2,7307,13,10.0,,2,,,
6443,1,7316,48,,5.0,1,1.0,4.0,40.0
6443,2,7316,40,,2.0,2,1.0,4.0,55.0
6444,1,7308,44,,2.0,1,1.0,4.0,40.0
6445,1,7314,46,,2.0,2,2.0,4.0,30.0
6445,2,7314,44,,1.0,1,1.0,4.0,50.0
6446,1,7321,59,,,1,6.0,4.0,
6446,2,7321,63,,,1,6.0,4.0,
6446,3,7321,33,,2.0,1,1.0,4.0,40.0
6447,1,7306,35,,1.0,1,1.0,4.0,40.0
6447,2,7306,35,,,2,6.0,4.0,
6447,3,7306,5,1.0,,1,,,
6447,4,7306,2,,,1,,,
6447,5,7306,10,7.0,,2,,,
6448,1,7306,62,,1.0,1,6.0,4.0,
6448,2,7306,62,,1.0,2,6.0,4.0,
6448,3,7306,32,,3.0,1,6.0,4.0,
6449,1,7320,55,,5.0,1,1.0,4.0,40.0
6449,2,7320,51,,5.0,2,1.0,4.0,40.0
6449,3,7320,22,15.0,1.0,2,6.0,4.0,
6449,4,7320,20,15.0,,2,6.0,4.0,
6449,5,7320,87,,,2,6.0,4.0,
6449,6,7320,55,,1.0,2,6.0,4.0,
6450,1,7319,27,,,2,6.0,2.0,
6450,2,7319,29,15.0,5.0,1,4.0,1.0,45.0
6450,3,7319,0,,,2,,,
6451,1,7302,82,,,1,6.0,2.0,
6451,2,7302,77,,,2,6.0,4.0,
6452,1,7322,49,,1.0,1,1.0,4.0,50.0
6452,2,7322,38,,1.0,2,1.0,4.0,24.0
6452,3,7322,16,13.0,,2,6.0,,
6452,4,7322,14,11.0,,1,,,
6452,5,7322,10,6.0,,2,,,
6453,1,7306,28,,1.0,2,1.0,4.0,25.0
6454,1,7310,37,,1.0,2,1.0,4.0,30.0
6455,1,7308,38,,1.0,1,1.0,4.0,40.0
6455,2,7308,37,,1.0,2,1.0,4.0,40.0
6455,3,7308,5,2.0,,2,,,
6455,4,7308,2,,,2,,,
6456,1,7318,44,,1.0,1,1.0,4.0,40.0
6456,2,7318,23,,,2,6.0,4.0,
6456,3,7318,20,,1.0,1,3.0,4.0,
6457,1,7302,65,,6.0,2,6.0,4.0,20.0
6457,2,7302,72,,,1,6.0,2.0,
6458,1,7305,49,,1.0,2,1.0,4.0,40.0
6459,1,7321,52,16.0,2.0,2,1.0,4.0,25.0
6459,2,7321,23,,6.0,2,1.0,4.0,36.0
6459,3,7321,17,13.0,1.0,2,6.0,4.0,3.0
6459,4,7321,14,11.0,,2,,,
6460,1,7312,24,15.0,,1,6.0,4.0,
6460,2,7312,25,15.0,,2,6.0,4.0,
6461,1,7308,80,,,1,6.0,4.0,
6461,2,7308,78,,,2,6.0,4.0,
6462,1,7311,73,,4.0,1,6.0,4.0,
6462,2,7311,71,,,2,6.0,4.0,
6462,3,7311,37,,1.0,2,1.0,4.0,38.0
6463,1,7308,62,,,1,6.0,4.0,
6463,2,7308,31,16.0,3.0,2,1.0,4.0,40.0
6463,3,7308,63,,1.0,1,6.0,4.0,12.0
6464,1,7301,60,,1.0,1,6.0,4.0,
6464,2,7301,64,,,2,6.0,4.0,
6464,3,7301,9,5.0,,2,,,
6465,1,7319,94,,,2,6.0,4.0,
6466,1,7307,25,,1.0,1,1.0,4.0,40.0
6466,2,7307,25,,1.0,2,1.0,4.0,40.0
6467,1,7315,51,,2.0,2,1.0,4.0,40.0
6467,2,7315,49,,1.0,1,1.0,4.0,50.0
6467,3,7315,18,14.0,1.0,2,1.0,4.0,15.0
6467,4,7315,12,8.0,,1,,,
6468,1,7320,61,,2.0,1,1.0,2.0,30.0
6468,2,7320,64,,,2,6.0,4.0,
6469,1,7310,94,,,1,6.0,2.0,
6470,1,7312,41,,1.0,1,1.0,4.0,40.0
6470,2,7312,39,,2.0,2,1.0,4.0,50.0
6470,3,7312,6,2.0,,2,,,
6471,1,7317,57,,3.0,2,1.0,4.0,40.0
6471,2,7317,61,,3.0,1,1.0,4.0,40.0
6472,1,7312,40,,1.0,1,1.0,4.0,40.0
6472,2,7312,44,,1.0,1,1.0,4.0,35.0
6473,1,7315,48,,7.0,1,1.0,4.0,50.0
6474,1,7321,80,,,1,6.0,4.0,
6475,1,7316,26,,1.0,2,1.0,4.0,40.0
6476,1,7314,68,,,2,6.0,4.0,
6477,1,7313,41,,2.0,1,1.0,4.0,50.0
6478,1,7319,63,,1.0,1,1.0,4.0,40.0
6478,2,7319,55,,,2,6.0,4.0,
6478,3,7319,29,,1.0,2,1.0,4.0,30.0
6478,4,7319,25,15.0,1.0,1,1.0,4.0,20.0
6479,1,7308,30,,1.0,1,1.0,4.0,50.0
6479,2,7308,27,,1.0,2,6.0,4.0,
6480,1,7320,24,,1.0,2,1.0,4.0,40.0
6480,2,7320,28,,3.0,1,1.0,4.0,40.0
6480,3,7320,25,,1.0,2,1.0,4.0,40.0
6481,1,7320,42,,1.0,1,1.0,3.0,40.0
6481,2,7320,39,,1.0,2,1.0,4.0,40.0
6481,3,7320,5,2.0,,1,,,
6482,1,7301,86,15.0,,2,6.0,4.0,
6483,1,7309,78,,,2,6.0,2.0,
6483,2,7309,83,,,1,6.0,4.0,
6484,1,7305,65,,1.0,2,6.0,4.0,
6485,1,7307,26,,5.0,2,4.0,1.0,45.0
6485,2,7307,32,,1.0,1,1.0,3.0,40.0
6485,3,7307,2,,,1,,,
6486,1,7304,29,,1.0,2,2.0,4.0,40.0
6486,2,7304,33,,1.0,1,1.0,4.0,40.0
6486,3,7304,0,,,1,,,
6487,1,7310,94,,,2,6.0,4.0,
6488,1,7317,33,,1.0,1,1.0,4.0,55.0
6489,1,7318,66,,2.0,1,1.0,4.0,40.0
6489,2,7318,68,,1.0,2,1.0,4.0,40.0
6489,3,7318,36,,1.0,2,1.0,4.0,40.0
6489,4,7318,34,,2.0,2,1.0,4.0,40.0
6489,5,7318,36,,1.0,1,1.0,4.0,40.0
6489,6,7318,36,,1.0,1,1.0,4.0,80.0
6490,1,7304,63,,1.0,2,1.0,4.0,40.0
6490,2,7304,64,,3.0,1,1.0,4.0,30.0
6490,3,7304,58,,1.0,1,1.0,4.0,40.0
6491,1,7301,29,16.0,1.0,2,1.0,4.0,30.0
6491,2,7301,32,,5.0,1,4.0,1.0,50.0
6492,1,7319,53,,1.0,2,1.0,4.0,40.0
6492,2,7319,55,,1.0,1,1.0,4.0,60.0
6493,1,7304,49,,1.0,2,6.0,4.0,
6493,2,7304,79,,,2,6.0,4.0,
6494,1,7307,44,,3.0,2,1.0,4.0,40.0
6494,2,7307,44,,1.0,1,1.0,4.0,40.0
6494,3,7307,13,9.0,,1,,,
6494,4,7307,13,9.0,,1,,,
6494,5,7307,18,,1.0,2,1.0,4.0,20.0
6494,6,7307,17,14.0,1.0,1,1.0,4.0,20.0
6495,1,7316,48,,1.0,2,1.0,4.0,40.0
6495,2,7316,45,,1.0,1,1.0,4.0,40.0
6496,1,7316,72,,1.0,2,6.0,4.0,
6497,1,7311,23,16.0,1.0,1,1.0,4.0,5.0
6497,2,7311,24,16.0,1.0,1,1.0,4.0,40.0
6498,1,7321,40,,1.0,2,1.0,4.0,30.0
6498,2,7321,15,12.0,,2,,,
6498,3,7321,65,,9.0,2,3.0,4.0,
6499,1,7317,39,,1.0,1,1.0,4.0,40.0
6499,2,7317,33,,1.0,1,1.0,4.0,40.0
6500,1,7321,62,,5.0,1,1.0,4.0,60.0
6500,2,7321,57,,3.0,2,1.0,4.0,40.0
6500,3,7321,29,16.0,1.0,2,1.0,4.0,24.0
6500,4,7321,25,15.0,1.0,1,1.0,4.0,35.0
6500,5,7321,89,,,2,6.0,4.0,
6500,6,7321,38,,1.0,1,1.0,4.0,40.0
6501,1,7317,32,16.0,4.0,2,1.0,4.0,40.0
6501,2,7317,42,,1.0,2,1.0,4.0,40.0
6502,1,7308,37,,1.0,1,1.0,4.0,40.0
6502,2,7308,36,,1.0,2,1.0,4.0,40.0
6502,3,7308,6,2.0,,1,,,
6502,4,7308,2,,,2,,,
6503,1,7320,48,,1.0,1,1.0,4.0,43.0
6503,2,7320,41,,3.0,2,1.0,4.0,40.0
6503,3,7320,6,3.0,,2,,,
6503,4,7320,5,2.0,,1,,,
6504,1,7320,42,,1.0,2,1.0,4.0,50.0
6504,2,7320,51,,1.0,1,1.0,4.0,40.0
6505,1,7303,64,,1.0,2,1.0,4.0,30.0
6505,2,7303,66,,,1,6.0,4.0,
6506,1,7313,66,,1.0,2,1.0,4.0,40.0
6506,2,7313,68,,6.0,1,1.0,4.0,10.0
6506,3,7313,58,,1.0,1,6.0,4.0,
6506,4,7313,56,,1.0,1,1.0,4.0,40.0
6507,1,7316,40,,1.0,1,1.0,4.0,45.0
6507,2,7316,39,,1.0,2,1.0,4.0,40.0
6508,1,7312,50,,5.0,1,6.0,2.0,4.0
6508,2,7312,4,,,1,,,
6509,1,7314,32,,1.0,2,6.0,4.0,
6509,2,7314,33,,7.0,1,1.0,4.0,40.0
6509,3,7314,1,,,1,,,
6510,1,7314,78,,1.0,2,1.0,4.0,20.0
6511,1,7318,65,,,2,6.0,4.0,
6511,2,7318,73,,,2,6.0,4.0,
6512,1,7310,77,,,1,6.0,4.0,
6512,2,7310,68,,,2,6.0,4.0,
6512,3,7310,46,,,1,6.0,4.0,
6513,1,7305,50,,5.0,1,1.0,2.0,40.0
6513,2,7305,51,,1.0,2,1.0,4.0,40.0
6513,3,7305,18,15.0,1.0,1,1.0,4.0,20.0
6513,4,7305,15,12.0,,2,,,
6513,5,7305,10,7.0,,1,,,
6513,6,7305,10,7.0,,1,,,
6514,1,7321,57,,1.0,2,1.0,4.0,40.0
6514,2,7321,80,,,2,6.0,4.0,
6515,1,7321,39,,2.0,2,1.0,4.0,40.0
6515,2,7321,39,,1.0,1,1.0,4.0,45.0
6515,3,7321,16,13.0,,2,6.0,,
6515,4,7321,2,,,2,,,
6516,1,7302,75,,6.0,1,1.0,2.0,8.0
6516,2,7302,68,,,2,6.0,4.0,
6517,1,7302,59,,1.0,1,1.0,4.0,50.0
6517,2,7302,57,,1.0,2,1.0,4.0,25.0
6517,3,7302,22,,1.0,1,1.0,4.0,40.0
6518,1,7311,72,,6.0,1,6.0,2.0,4.0
6518,2,7311,69,,1.0,2,6.0,3.0,
6518,3,7311,50,,1.0,1,1.0,4.0,40.0
6518,4,7311,46,,6.0,1,1.0,4.0,40.0
6518,5,7311,27,,1.0,1,6.0,4.0,30.0
6519,1,7303,66,,1.0,1,1.0,2.0,40.0
6519,2,7303,57,,1.0,2,1.0,4.0,40.0
6519,3,7303,39,,1.0,1,1.0,4.0,32.0
6519,4,7303,25,,1.0,2,1.0,4.0,24.0
6520,1,7302,62,,,2,6.0,4.0,
6521,1,7304,28,,1.0,2,1.0,4.0,60.0
6521,2,7304,24,,1.0,1,6.0,4.0,40.0
6522,1,7319,33,,,2,6.0,4.0,
6522,2,7319,34,,5.0,1,4.0,1.0,40.0
6522,3,7319,11,7.0,,2,,,
6522,4,7319,7,4.0,,2,,,
6523,1,7320,71,,1.0,1,1.0,4.0,40.0
6523,2,7320,47,,1.0,2,1.0,4.0,45.0
6524,1,7309,47,,1.0,1,1.0,4.0,50.0
6524,2,7309,47,,2.0,2,1.0,4.0,40.0
6524,3,7309,7,2.0,,1,,,
6525,1,7301,61,,1.0,1,1.0,4.0,50.0
6525,2,7301,67,,,2,6.0,4.0,
6526,1,7313,36,,1.0,2,1.0,4.0,50.0
6527,1,7321,52,,1.0,2,6.0,4.0,
6527,2,7321,48,,1.0,1,1.0,4.0,40.0
6527,3,7321,23,,1.0,2,1.0,4.0,40.0
6527,4,7321,17,13.0,,1,6.0,4.0,
6527,5,7321,0,,,1,,,
6527,6,7321,26,,1.0,1,1.0,4.0,40.0
6528,1,7310,64,,,2,6.0,4.0,
6528,2,7310,63,,,1,6.0,4.0,
6529,1,7321,23,,1.0,2,1.0,4.0,45.0
6529,2,7321,23,14.0,1.0,1,1.0,4.0,40.0
6529,3,7321,5,2.0,,2,,,
6530,1,7304,44,,1.0,1,1.0,4.0,40.0
6531,1,7310,43,,,2,6.0,4.0,
6531,2,7310,14,10.0,,2,,,
6531,3,7310,11,7.0,,2,,,
6532,1,7308,70,,,1,6.0,4.0,
6532,2,7308,71,,,2,6.0,4.0,
6532,3,7308,48,,1.0,2,2.0,4.0,10.0
6533,1,7308,36,,1.0,2,1.0,4.0,24.0
6533,2,7308,44,,1.0,1,1.0,4.0,24.0
6534,1,7312,30,16.0,1.0,1,1.0,4.0,50.0
6534,2,7312,29,,1.0,2,1.0,4.0,60.0
6535,1,7317,29,,,2,6.0,4.0,
6535,2,7317,6,3.0,,2,,,
6535,3,7317,3,,,2,,,
6536,1,7305,27,,1.0,1,1.0,4.0,40.0
6536,2,7305,27,,1.0,2,3.0,4.0,
6536,3,7305,22,,1.0,1,1.0,4.0,40.0
6537,1,7310,41,,2.0,2,1.0,4.0,12.0
6537,2,7310,9,5.0,,2,,,
6537,3,7310,8,5.0,,2,,,
6538,1,7313,57,,9.0,1,3.0,4.0,
6539,1,7308,47,,5.0,1,1.0,4.0,40.0
6539,2,7308,44,,1.0,2,1.0,4.0,40.0
6540,1,7316,39,,4.0,1,1.0,4.0,50.0
6540,2,7316,38,,1.0,2,1.0,4.0,30.0
6541,1,7302,32,,1.0,1,1.0,4.0,50.0
6541,2,7302,31,,,2,6.0,4.0,
6541,3,7302,11,8.0,,1,,,
6541,4,7302,6,3.0,,1,,,
6542,1,7309,46,,5.0,1,1.0,4.0,50.0
6542,2,7309,44,,2.0,2,1.0,4.0,40.0
6542,3,7309,1,,,2,,,
6542,4,7309,1,,,2,,,
6543,1,7316,34,,1.0,2,1.0,4.0,37.0
6544,1,7303,55,,2.0,2,6.0,4.0,
6544,2,7303,58,,1.0,1,1.0,4.0,40.0
6545,1,7316,69,,,1,6.0,4.0,
6545,2,7316,55,,,2,6.0,4.0,
6546,1,7318,40,,6.0,1,1.0,4.0,40.0
6547,1,7312,22,,1.0,1,1.0,4.0,40.0
6547,2,7312,23,,1.0,1,1.0,2.0,40.0
6548,1,7307,65,,2.0,1,1.0,4.0,25.0
6549,1,7314,26,16.0,1.0,1,1.0,4.0,15.0
6549,2,7314,23,15.0,1.0,1,1.0,4.0,30.0
6550,1,7304,34,,1.0,1,1.0,4.0,40.0
6550,2,7304,35,,6.0,2,1.0,4.0,10.0
6550,3,7304,4,,,2,,,
6550,4,7304,1,,,1,,,
6551,1,7319,67,,3.0,1,6.0,4.0,
6551,2,7319,60,,1.0,2,1.0,4.0,20.0
6552,1,7321,75,,,1,6.0,4.0,
6552,2,7321,75,,,2,6.0,4.0,
6553,1,7314,38,,2.0,1,1.0,4.0,40.0
6553,2,7314,37,15.0,1.0,2,1.0,4.0,40.0
6554,1,7303,68,,1.0,2,1.0,4.0,40.0
6554,2,7303,50,,1.0,2,6.0,4.0,
6555,1,7318,35,,1.0,2,1.0,4.0,35.0
6555,2,7318,33,,1.0,1,1.0,4.0,28.0
6556,1,7316,51,,6.0,2,1.0,4.0,10.0
6557,1,7314,52,,1.0,1,1.0,4.0,40.0
6557,2,7314,49,,2.0,2,1.0,4.0,20.0
6557,3,7314,17,14.0,2.0,2,6.0,4.0,15.0
6557,4,7314,16,12.0,,1,6.0,,
6558,1,7304,62,,1.0,1,6.0,4.0,
6558,2,7304,65,,,2,6.0,4.0,
6559,1,7302,51,,1.0,2,6.0,4.0,
6559,2,7302,61,,1.0,1,1.0,4.0,50.0
6560,1,7305,53,,,1,6.0,2.0,
6560,2,7305,50,,1.0,2,1.0,4.0,40.0
6561,1,7314,44,,7.0,2,1.0,4.0,50.0
6562,1,7313,84,,1.0,2,6.0,4.0,35.0
6562,2,7313,63,,1.0,2,6.0,4.0,
6563,1,7303,63,,,2,6.0,4.0,
6563,2,7303,63,,3.0,1,1.0,4.0,40.0
6564,1,7316,48,,6.0,1,1.0,4.0,60.0
6564,2,7316,46,,,2,6.0,4.0,
6564,3,7316,12,10.0,,1,,,
6564,4,7316,10,7.0,,1,,,
6564,5,7316,6,3.0,,2,,,
6565,1,7307,52,,7.0,2,1.0,4.0,40.0
6565,2,7307,54,,7.0,1,1.0,4.0,35.0
6566,1,7311,77,,,2,6.0,4.0,
6566,2,7311,77,,,1,6.0,2.0,
6567,1,7320,48,,1.0,1,1.0,3.0,50.0
6567,2,7320,17,13.0,1.0,1,6.0,4.0,8.0
6568,1,7303,29,,5.0,1,4.0,1.0,40.0
6569,1,7319,53,,5.0,1,1.0,4.0,40.0
6569,2,7319,47,,4.0,2,1.0,4.0,40.0
6570,1,7317,21,15.0,1.0,1,6.0,4.0,20.0
6571,1,7316,41,,1.0,1,1.0,4.0,50.0
6572,1,7304,34,,1.0,1,1.0,4.0,50.0
6572,2,7304,37,,1.0,2,6.0,4.0,
6572,3,7304,2,,,2,,,
6572,4,7304,1,,,1,,,
6572,5,7304,12,9.0,,1,,,
6573,1,7302,35,,6.0,1,1.0,4.0,40.0
6574,1,7321,89,,,2,6.0,4.0,
6574,2,7321,76,,1.0,1,1.0,4.0,40.0
6575,1,7302,30,,1.0,1,1.0,2.0,45.0
6575,2,7302,30,,1.0,2,1.0,3.0,40.0
6576,1,7318,66,,,2,6.0,4.0,
6577,1,7317,34,15.0,,2,6.0,4.0,
6577,2,7317,31,,1.0,2,2.0,4.0,30.0
6578,1,7301,61,,1.0,2,1.0,4.0,32.0
6578,2,7301,66,,1.0,1,6.0,4.0,
6579,1,7313,63,,,2,6.0,4.0,
6579,2,7313,20,15.0,6.0,2,6.0,4.0,
6579,3,7313,8,5.0,,2,,,
6579,4,7313,3,,,2,,,
6580,1,7316,70,,1.0,1,1.0,4.0,40.0
6580,2,7316,53,,1.0,1,6.0,4.0,
6581,1,7314,43,,6.0,1,1.0,3.0,40.0
6581,2,7314,38,,2.0,2,1.0,4.0,40.0
6581,3,7314,5,1.0,,1,,,
6581,4,7314,0,,,2,,,
6582,1,7311,65,,1.0,2,6.0,4.0,
6582,2,7311,42,,5.0,1,1.0,2.0,45.0
6583,1,7315,45,,5.0,1,4.0,1.0,55.0
6583,2,7315,45,,,2,6.0,4.0,
6584,1,7306,78,,,1,6.0,2.0,
6585,1,7315,56,,1.0,1,1.0,4.0,35.0
6585,2,7315,46,,1.0,2,1.0,4.0,40.0
6585,3,7315,18,15.0,1.0,2,1.0,4.0,25.0
6585,4,7315,12,8.0,,1,,,
6586,1,7314,49,16.0,1.0,2,6.0,4.0,
6586,2,7314,32,16.0,1.0,1,1.0,4.0,14.0
6587,1,7304,64,,1.0,1,1.0,4.0,40.0
6588,1,7308,49,,1.0,1,1.0,4.0,40.0
6588,2,7308,43,,,2,6.0,4.0,
6588,3,7308,19,15.0,1.0,1,1.0,4.0,16.0
6588,4,7308,17,13.0,,1,6.0,4.0,
6589,1,7316,55,,5.0,1,1.0,2.0,70.0
6590,1,7310,73,,,2,6.0,4.0,
6590,2,7310,77,,4.0,1,6.0,4.0,
6591,1,7313,79,,,2,6.0,4.0,
6592,1,7321,72,,5.0,1,6.0,2.0,
6592,2,7321,73,,,2,6.0,4.0,
6592,3,7321,57,,1.0,1,1.0,4.0,5.0
6593,1,7318,49,,1.0,1,1.0,4.0,40.0
6593,2,7318,45,,,2,6.0,4.0,
6593,3,7318,35,,,2,6.0,4.0,
6593,4,7318,15,12.0,,1,,,
6594,1,7301,30,,1.0,1,1.0,4.0,40.0
6594,2,7301,32,,2.0,2,1.0,4.0,40.0
6595,1,7319,61,,3.0,2,6.0,4.0,45.0
6595,2,7319,60,,3.0,1,1.0,4.0,40.0
6596,1,7317,48,,1.0,2,1.0,4.0,48.0
6596,2,7317,26,15.0,3.0,2,1.0,4.0,25.0
6596,3,7317,24,,1.0,1,1.0,4.0,30.0
6596,4,7317,23,15.0,1.0,1,1.0,4.0,20.0
6596,5,7317,12,8.0,,2,,,
6596,6,7317,22,,1.0,1,3.0,4.0,22.0
6597,1,7302,72,,1.0,1,1.0,4.0,50.0
6597,2,7302,58,,5.0,2,1.0,4.0,40.0
6597,3,7302,63,,1.0,1,1.0,4.0,48.0
6597,4,7302,57,,,2,6.0,4.0,
6597,5,7302,47,,1.0,1,1.0,4.0,48.0
6597,6,7302,38,,,2,6.0,4.0,
6597,7,7302,36,,1.0,1,1.0,4.0,48.0
6597,8,7302,15,11.0,,1,,,
6597,9,7302,7,3.0,,1,,,
6598,1,7314,58,,1.0,1,1.0,4.0,40.0
6599,1,7315,39,,1.0,2,1.0,4.0,40.0
6599,2,7315,49,,1.0,1,1.0,4.0,60.0
6599,3,7315,4,,,2,,,
6599,4,7315,3,,,1,,,
6600,1,7308,57,,2.0,2,1.0,4.0,48.0
6600,2,7308,61,,1.0,1,1.0,4.0,40.0
6600,3,7308,18,15.0,,2,6.0,4.0,
6601,1,7315,25,,3.0,2,1.0,4.0,72.0
6601,2,7315,29,,5.0,1,4.0,1.0,64.0
6602,1,7301,77,,,1,6.0,4.0,
6602,2,7301,75,,,2,6.0,4.0,
6603,1,7311,85,,3.0,1,6.0,2.0,
6603,2,7311,83,,,2,6.0,4.0,
6603,3,7311,65,,6.0,2,1.0,4.0,24.0
6604,1,7315,71,,,2,6.0,4.0,
6605,1,7313,60,,1.0,1,1.0,4.0,55.0
6606,1,7302,70,,,2,6.0,4.0,
6606,2,7302,74,,,1,6.0,4.0,
6606,3,7302,18,14.0,,2,6.0,4.0,
6607,1,7309,36,,1.0,2,1.0,4.0,40.0
6607,2,7309,41,,1.0,1,1.0,4.0,40.0
6608,1,7319,48,,1.0,2,1.0,2.0,45.0
6608,2,7319,50,,2.0,1,1.0,2.0,40.0
6608,3,7319,16,13.0,,2,6.0,,
6609,1,7316,37,,1.0,1,1.0,4.0,50.0
6609,2,7316,30,,1.0,2,1.0,4.0,45.0
6610,1,7310,54,,1.0,1,1.0,4.0,40.0
6610,2,7310,57,,1.0,2,6.0,4.0,
6611,1,7320,54,,,2,6.0,4.0,
6611,2,7320,29,16.0,1.0,1,1.0,4.0,30.0
6612,1,7319,72,,1.0,1,6.0,2.0,
6612,2,7319,68,,2.0,2,6.0,4.0,
6613,1,7312,25,,1.0,1,1.0,4.0,40.0
6614,1,7316,50,,5.0,2,6.0,4.0,
6615,1,7319,46,,7.0,2,1.0,4.0,40.0
6615,2,7319,51,,7.0,1,1.0,4.0,40.0
6615,3,7319,7,3.0,,2,,,
6616,1,7317,41,,1.0,1,1.0,4.0,40.0
6616,2,7317,39,,,2,6.0,4.0,
6617,1,7303,72,,,1,6.0,2.0,
6617,2,7303,64,,2.0,2,1.0,4.0,40.0
6618,1,7303,68,,6.0,1,1.0,2.0,50.0
6618,2,7303,69,,,2,6.0,4.0,
6619,1,7312,28,,5.0,2,4.0,1.0,40.0
6619,2,7312,32,,5.0,1,4.0,1.0,40.0
6619,3,7312,5,1.0,,1,,,
6619,4,7312,3,1.0,,2,,,
6619,5,7312,50,,,2,6.0,4.0,
6620,1,7308,65,,6.0,2,6.0,4.0,
6621,1,7309,68,,2.0,1,1.0,4.0,50.0
6621,2,7309,64,15.0,1.0,2,6.0,4.0,
6621,3,7309,32,,7.0,2,2.0,4.0,50.0
6621,4,7309,24,,1.0,1,3.0,4.0,10.0
6621,5,7309,2,,,1,,,
6621,6,7309,0,,,1,,,
6621,7,7309,34,,2.0,1,1.0,4.0,50.0
6622,1,7321,26,,5.0,2,4.0,1.0,40.0
6623,1,7309,37,,1.0,1,1.0,4.0,40.0
6623,2,7309,42,,,2,6.0,4.0,
6623,3,7309,6,2.0,,2,,,
6624,1,7308,64,,1.0,1,1.0,4.0,40.0
6624,2,7308,52,,,2,6.0,4.0,
6625,1,7317,51,,5.0,1,1.0,2.0,40.0
6625,2,7317,47,,1.0,1,1.0,4.0,40.0
6626,1,7315,29,,2.0,2,1.0,4.0,40.0
6626,2,7315,29,,1.0,1,1.0,4.0,60.0
6626,3,7315,28,15.0,6.0,2,1.0,4.0,50.0
6627,1,7303,69,,1.0,1,6.0,4.0,
6627,2,7303,66,,5.0,2,6.0,4.0,
6628,1,7309,46,,1.0,1,1.0,4.0,55.0
6628,2,7309,46,,3.0,2,1.0,4.0,32.0
6628,3,7309,15,11.0,,2,,,
6628,4,7309,13,9.0,,2,,,
6629,1,7308,55,,1.0,2,1.0,4.0,55.0
6629,2,7308,55,,3.0,1,1.0,4.0,60.0
6629,3,7308,24,,6.0,1,1.0,4.0,40.0
6630,1,7322,37,,2.0,1,1.0,4.0,50.0
6630,2,7322,37,,1.0,2,6.0,4.0,16.0
6630,3,7322,1,,,2,,,
6631,1,7322,50,,1.0,2,1.0,4.0,40.0
6631,2,7322,41,,1.0,1,1.0,4.0,40.0
6631,3,7322,26,,3.0,2,1.0,4.0,60.0
6631,4,7322,16,13.0,,2,6.0,,
6631,5,7322,14,10.0,,2,,,
6632,1,7319,51,,3.0,1,1.0,2.0,40.0
6632,2,7319,48,,6.0,2,1.0,4.0,25.0
6632,3,7319,69,,,2,6.0,4.0,
6633,1,7321,35,,4.0,2,1.0,4.0,44.0
6633,2,7321,36,,1.0,1,1.0,4.0,44.0
6633,3,7321,71,,,2,6.0,4.0,
6633,4,7321,68,,,1,6.0,4.0,
6634,1,7318,24,,1.0,2,2.0,4.0,44.0
6634,2,7318,24,,1.0,1,1.0,4.0,40.0
6634,3,7318,4,1.0,,2,,,
6634,4,7318,45,,1.0,2,1.0,4.0,40.0
6635,1,7311,49,,7.0,1,1.0,4.0,50.0
6635,2,7311,45,,,2,6.0,4.0,
6635,3,7311,16,13.0,,2,6.0,,
6635,4,7311,11,7.0,,1,,,
6636,1,7313,50,,1.0,1,1.0,4.0,40.0
6636,2,7313,49,,5.0,2,1.0,4.0,40.0
6636,3,7313,16,12.0,,1,6.0,,
6636,4,7313,14,11.0,,2,,,
6637,1,7309,30,,3.0,2,1.0,4.0,40.0
6637,2,7309,32,,1.0,1,1.0,4.0,40.0
6638,1,7314,28,,1.0,1,1.0,4.0,50.0
6638,2,7314,31,,1.0,1,1.0,4.0,45.0
6638,3,7314,29,16.0,1.0,1,1.0,4.0,32.0
6638,4,7314,25,,2.0,1,1.0,4.0,32.0
6639,1,7308,44,,3.0,2,1.0,4.0,40.0
6639,2,7308,34,,3.0,1,1.0,2.0,42.0
6639,3,7308,8,5.0,,2,,,
6639,4,7308,6,3.0,,1,,,
6639,5,7308,3,1.0,,2,,,
6640,1,7307,44,,1.0,2,1.0,4.0,40.0
6640,2,7307,51,,5.0,1,1.0,2.0,40.0
6640,3,7307,10,7.0,,1,,,
6641,1,7302,76,,,2,6.0,4.0,
6641,2,7302,88,,,1,6.0,2.0,
6642,1,7305,28,15.0,4.0,2,1.0,4.0,40.0
6642,2,7305,33,,5.0,1,1.0,2.0,40.0
6643,1,7302,37,,1.0,1,1.0,4.0,40.0
6643,2,7302,43,,1.0,2,1.0,4.0,40.0
6643,3,7302,9,7.0,,2,,,
6644,1,7314,69,,2.0,1,1.0,4.0,50.0
6644,2,7314,66,,2.0,2,1.0,4.0,50.0
6645,1,7315,44,,4.0,2,1.0,4.0,32.0
6645,2,7315,44,,3.0,1,1.0,4.0,45.0
6645,3,7315,7,4.0,,1,,,
6646,1,7306,68,,,2,6.0,4.0,
6647,1,7308,28,,1.0,2,2.0,4.0,40.0
6647,2,7308,29,,1.0,1,1.0,4.0,32.0
6647,3,7308,0,,,2,,,
6648,1,7309,48,,6.0,2,1.0,4.0,30.0
6648,2,7309,48,,1.0,1,1.0,4.0,55.0
6648,3,7309,17,13.0,1.0,2,1.0,4.0,10.0
6648,4,7309,15,11.0,,2,,,
6648,5,7309,15,11.0,,2,,,
6649,1,7303,58,,6.0,1,1.0,4.0,70.0
6649,2,7303,54,,6.0,2,1.0,4.0,3.0
6650,1,7310,61,,,2,6.0,4.0,
6650,2,7310,72,,,1,6.0,2.0,
6651,1,7302,72,,,1,6.0,2.0,
6651,2,7302,69,,,2,6.0,4.0,
6652,1,7301,31,,5.0,1,4.0,1.0,48.0
6652,2,7301,31,,5.0,2,6.0,4.0,
6652,3,7301,3,1.0,,2,,,
6652,4,7301,1,,,2,,,
6653,1,7302,57,,6.0,1,6.0,4.0,5.0
6653,2,7302,49,,1.0,2,1.0,4.0,40.0
6653,3,7302,19,,6.0,1,1.0,4.0,40.0
6653,4,7302,20,15.0,1.0,1,1.0,4.0,12.0
6654,1,7321,34,15.0,5.0,1,1.0,4.0,40.0
6654,2,7321,61,,5.0,1,1.0,4.0,40.0
6654,3,7321,60,,5.0,2,1.0,4.0,40.0
6655,1,7314,31,,5.0,1,4.0,1.0,40.0
6655,2,7314,29,15.0,4.0,2,6.0,4.0,
6655,3,7314,7,3.0,,2,,,
6655,4,7314,4,1.0,,1,,,
6656,1,7311,62,16.0,1.0,1,1.0,4.0,40.0
6656,2,7311,37,16.0,1.0,2,1.0,4.0,40.0
6657,1,7319,50,,1.0,2,1.0,4.0,50.0
6657,2,7319,29,15.0,5.0,1,3.0,2.0,
6657,3,7319,20,15.0,1.0,2,1.0,4.0,12.0
6657,4,7319,18,15.0,,2,6.0,4.0,
6658,1,7307,49,,6.0,2,1.0,4.0,40.0
6658,2,7307,46,,2.0,1,1.0,4.0,40.0
6658,3,7307,20,15.0,1.0,1,3.0,4.0,12.0
6658,4,7307,75,,1.0,2,6.0,4.0,
6659,1,7310,80,,,2,6.0,4.0,
6659,2,7310,31,,1.0,1,1.0,4.0,30.0
6659,3,7310,29,,1.0,2,1.0,4.0,37.0
6659,4,7310,29,,1.0,2,1.0,4.0,44.0
6660,1,7310,68,,,2,6.0,4.0,
6661,1,7316,59,,6.0,1,1.0,4.0,5.0
6661,2,7316,57,,7.0,2,1.0,4.0,45.0
6661,3,7316,18,15.0,1.0,1,1.0,4.0,20.0
6662,1,7311,47,,1.0,1,1.0,4.0,40.0
6662,2,7311,47,,,2,6.0,4.0,
6662,3,7311,17,13.0,,1,6.0,4.0,
6663,1,7312,33,,4.0,1,1.0,4.0,40.0
6664,1,7320,76,,,1,6.0,3.0,
6664,2,7320,70,,,2,6.0,4.0,
6664,3,7320,53,,1.0,2,1.0,4.0,40.0
6664,4,7320,88,,,2,6.0,2.0,
6665,1,7321,56,,6.0,2,1.0,4.0,3.0
6666,1,7314,34,,1.0,1,1.0,4.0,40.0
6666,2,7314,27,,3.0,2,1.0,4.0,40.0
6666,3,7314,5,1.0,,2,,,
6666,4,7314,2,,,2,,,
6667,1,7314,36,15.0,5.0,1,1.0,4.0,50.0
6668,1,7313,48,,3.0,2,1.0,4.0,99.0
6668,2,7313,51,,1.0,1,1.0,2.0,40.0
6668,3,7313,15,11.0,,2,,,
6668,4,7313,11,8.0,,1,,,
6669,1,7313,76,,,2,6.0,4.0,
6670,1,7305,34,,1.0,1,1.0,4.0,40.0
6670,2,7305,28,,1.0,2,1.0,4.0,38.0
6670,3,7305,19,15.0,1.0,1,1.0,4.0,40.0
6671,1,7315,30,,1.0,2,6.0,4.0,
6671,2,7315,32,,1.0,1,1.0,4.0,40.0
6671,3,7315,13,11.0,,1,,,
6671,4,7315,7,4.0,,1,,,
6671,5,7315,16,14.0,,2,6.0,,
6672,1,7313,52,,5.0,1,1.0,4.0,40.0
6672,2,7313,55,,1.0,2,1.0,4.0,40.0
6672,3,7313,22,15.0,1.0,2,6.0,4.0,20.0
6672,4,7313,15,12.0,,1,,,
6672,5,7313,78,,,2,6.0,4.0,
6672,6,7313,26,,1.0,1,6.0,4.0,30.0
6673,1,7306,59,,4.0,1,1.0,4.0,40.0
6673,2,7306,58,,,2,6.0,4.0,
6673,3,7306,25,,1.0,2,1.0,4.0,40.0
6674,1,7309,29,,1.0,1,1.0,4.0,50.0
6674,2,7309,30,,1.0,2,1.0,4.0,40.0
6675,1,7320,64,,4.0,1,1.0,4.0,40.0
6675,2,7320,65,,,2,6.0,4.0,
6676,1,7319,60,,1.0,1,1.0,4.0,40.0
6677,1,7308,59,,1.0,1,1.0,4.0,40.0
6677,2,7308,52,,6.0,2,1.0,4.0,50.0
6677,3,7308,16,13.0,1.0,1,1.0,,20.0
6678,1,7318,38,,1.0,1,1.0,4.0,40.0
6678,2,7318,37,,1.0,2,1.0,4.0,40.0
6678,3,7318,4,2.0,,1,,,
6679,1,7307,35,,1.0,2,6.0,4.0,20.0
6679,2,7307,43,,1.0,1,1.0,2.0,40.0
6679,3,7307,11,8.0,,2,,,
6679,4,7307,9,6.0,,1,,,
6679,5,7307,5,2.0,,1,,,
6680,1,7316,42,,1.0,2,1.0,4.0,32.0
6680,2,7316,44,,1.0,1,1.0,4.0,30.0
6680,3,7316,8,5.0,,2,,,
6680,4,7316,6,3.0,,2,,,
6681,1,7307,68,,,2,6.0,4.0,
6681,2,7307,64,,1.0,1,1.0,4.0,40.0
6681,3,7307,28,,1.0,2,1.0,4.0,20.0
6682,1,7309,33,15.0,7.0,1,1.0,3.0,40.0
6682,2,7309,32,,7.0,2,1.0,4.0,40.0
6682,3,7309,9,6.0,,1,,,
6682,4,7309,7,3.0,,1,,,
6682,5,7309,3,,,2,,,
6683,1,7314,60,,1.0,1,1.0,4.0,40.0
6683,2,7314,60,,1.0,2,1.0,4.0,25.0
6683,3,7314,24,,1.0,2,6.0,4.0,
6683,4,7314,20,15.0,1.0,2,1.0,4.0,10.0
6684,1,7318,83,,,1,6.0,2.0,
6684,2,7318,80,,1.0,2,6.0,4.0,
6685,1,7310,55,,6.0,1,1.0,4.0,30.0
6685,2,7310,49,,2.0,2,1.0,4.0,40.0
6685,3,7310,14,11.0,,1,,,
6686,1,7314,78,,4.0,1,1.0,2.0,40.0
6686,2,7314,75,,,2,6.0,4.0,
6687,1,7301,79,,,1,6.0,2.0,
6687,2,7301,78,,,2,6.0,4.0,
6688,1,7310,50,,3.0,2,1.0,4.0,10.0
6689,1,7306,47,,1.0,2,1.0,4.0,30.0
6689,2,7306,48,,1.0,1,1.0,2.0,40.0
6689,3,7306,17,13.0,1.0,1,1.0,4.0,20.0
6690,1,7314,32,,1.0,1,1.0,4.0,40.0
6690,2,7314,30,16.0,3.0,2,1.0,4.0,40.0
6691,1,7309,65,,7.0,2,6.0,4.0,
6691,2,7309,66,,7.0,1,6.0,4.0,
6692,1,7316,23,,1.0,2,1.0,2.0,35.0
6692,2,7316,24,15.0,1.0,2,1.0,4.0,30.0
6693,1,7302,62,,7.0,1,3.0,4.0,
6693,2,7302,63,,1.0,2,1.0,4.0,40.0
6693,3,7302,29,,1.0,2,1.0,4.0,40.0
6693,4,7302,71,,1.0,2,6.0,4.0,
6694,1,7313,29,,2.0,1,1.0,4.0,40.0
6694,2,7313,24,,,2,6.0,4.0,
6694,3,7313,3,,,1,,,
6694,4,7313,0,,,1,,,
6694,5,7313,21,,2.0,2,1.0,4.0,40.0
6695,1,7306,67,,7.0,1,2.0,2.0,40.0
6695,2,7306,67,,,2,6.0,4.0,
6696,1,7306,60,,1.0,2,3.0,4.0,20.0
6697,1,7304,39,15.0,1.0,2,1.0,4.0,44.0
6698,1,7318,60,,1.0,1,1.0,4.0,40.0
6698,2,7318,62,,,2,6.0,4.0,
6698,3,7318,39,,6.0,2,1.0,4.0,10.0
6698,4,7318,29,,1.0,2,1.0,4.0,40.0
6699,1,7319,66,,4.0,2,6.0,4.0,
6700,1,7313,55,,3.0,1,1.0,4.0,40.0
6701,1,7315,55,,6.0,1,1.0,4.0,40.0
6701,2,7315,58,,1.0,1,1.0,4.0,50.0
6701,3,7315,87,,3.0,2,6.0,4.0,
6702,1,7309,65,,,2,6.0,4.0,
6703,1,7307,29,,3.0,2,1.0,4.0,20.0
6703,2,7307,27,,1.0,1,1.0,4.0,45.0
6704,1,7302,65,,3.0,2,6.0,4.0,
6704,2,7302,42,,,2,6.0,4.0,
6704,3,7302,17,14.0,1.0,2,6.0,4.0,35.0
6704,4,7302,15,13.0,,2,,,
6704,5,7302,12,9.0,,2,,,
6704,6,7302,10,7.0,,1,,,
6704,7,7302,44,,6.0,1,1.0,4.0,40.0
6705,1,7309,73,,,1,6.0,2.0,
6705,2,7309,71,,,2,6.0,4.0,
6706,1,7318,39,,1.0,1,3.0,4.0,8.0
6707,1,7321,40,,3.0,1,1.0,4.0,40.0
6707,2,7321,38,,1.0,2,1.0,4.0,30.0
6707,3,7321,16,13.0,,1,6.0,,
6707,4,7321,15,12.0,,2,,,
6707,5,7321,74,,,2,6.0,4.0,
6708,1,7301,37,,1.0,1,1.0,4.0,40.0
6708,2,7301,44,,1.0,2,1.0,4.0,40.0
6709,1,7309,54,,1.0,1,1.0,4.0,40.0
6709,2,7309,50,,1.0,2,1.0,4.0,42.0
6709,3,7309,13,10.0,,1,,,
6709,4,7309,11,8.0,,1,,,
6709,5,7309,29,,6.0,2,1.0,4.0,30.0
6710,1,7308,46,,1.0,2,1.0,4.0,40.0
6711,1,7314,34,,2.0,2,1.0,4.0,40.0
6711,2,7314,38,,1.0,1,1.0,4.0,55.0
6712,1,7315,31,15.0,5.0,1,4.0,1.0,50.0
6712,2,7315,32,15.0,1.0,2,6.0,4.0,
6712,3,7315,2,,,2,,,
6713,1,7305,81,,,1,6.0,2.0,
6713,2,7305,87,,,2,6.0,4.0,
6714,1,7310,75,,6.0,1,6.0,4.0,
6714,2,7310,78,,,2,6.0,4.0,
6715,1,7322,76,,,2,6.0,4.0,
6716,1,7306,71,,2.0,1,6.0,2.0,20.0
6716,2,7306,69,,,2,6.0,4.0,
6717,1,7317,56,,1.0,2,6.0,4.0,
6717,2,7317,60,,3.0,1,1.0,4.0,40.0
6718,1,7314,51,,1.0,2,1.0,4.0,50.0
6718,2,7314,60,,1.0,1,1.0,4.0,55.0
6719,1,7322,47,,4.0,2,2.0,4.0,40.0
6719,2,7322,49,,1.0,1,1.0,4.0,40.0
6719,3,7322,21,15.0,9.0,1,3.0,4.0,
6719,4,7322,18,15.0,9.0,1,3.0,4.0,
6719,5,7322,15,12.0,,2,,,
6720,1,7303,55,,,2,6.0,4.0,
6721,1,7315,47,,1.0,2,2.0,4.0,40.0
6721,2,7315,53,,1.0,1,1.0,4.0,60.0
6722,1,7315,63,,3.0,2,1.0,4.0,40.0
6722,2,7315,30,16.0,4.0,1,1.0,4.0,40.0
6723,1,7313,55,,1.0,1,1.0,4.0,40.0
6723,2,7313,52,,1.0,2,1.0,4.0,24.0
6723,3,7313,20,,1.0,1,1.0,4.0,40.0
6723,4,7313,21,,1.0,2,1.0,4.0,40.0
6724,1,7314,60,,,2,6.0,4.0,
6724,2,7314,59,,1.0,1,1.0,4.0,40.0
6725,1,7314,71,,,1,6.0,4.0,
6725,2,7314,66,,,2,6.0,4.0,
6726,1,7318,40,,2.0,1,1.0,4.0,40.0
6726,2,7318,33,,1.0,2,1.0,4.0,4.0
6726,3,7318,4,1.0,,2,,,
6727,1,7322,43,,6.0,2,3.0,4.0,10.0
6727,2,7322,17,14.0,,2,6.0,4.0,
6727,3,7322,15,12.0,,2,,,
6727,4,7322,68,,1.0,2,1.0,4.0,32.0
6728,1,7320,61,,1.0,1,1.0,4.0,40.0
6728,2,7320,63,,,2,6.0,4.0,
6728,3,7320,29,,1.0,2,1.0,4.0,40.0
6729,1,7312,22,16.0,,2,6.0,4.0,
6730,1,7306,51,,1.0,2,1.0,4.0,40.0
6730,2,7306,53,,1.0,1,1.0,2.0,40.0
6730,3,7306,14,11.0,,1,,,
6730,4,7306,11,8.0,,2,,,
6731,1,7310,69,,1.0,1,1.0,2.0,40.0
6732,1,7315,88,,,1,6.0,2.0,
6732,2,7315,85,,,2,6.0,4.0,
6733,1,7312,48,,1.0,1,1.0,2.0,50.0
6733,2,7312,41,,,2,6.0,4.0,
6733,3,7312,14,11.0,,1,,,
6734,1,7310,67,,1.0,2,6.0,4.0,
6735,1,7305,40,,1.0,1,1.0,4.0,40.0
6735,2,7305,36,,,2,6.0,4.0,
6735,3,7305,16,,,2,6.0,,
6735,4,7305,10,6.0,,1,,,
6735,5,7305,66,,,2,6.0,4.0,
6736,1,7308,64,,1.0,1,6.0,4.0,
6736,2,7308,58,,,2,6.0,4.0,
6736,3,7308,18,14.0,,2,6.0,4.0,
6737,1,7305,42,,7.0,1,1.0,4.0,40.0
6737,2,7305,36,,1.0,2,6.0,4.0,10.0
6737,3,7305,6,3.0,,1,,,
6738,1,7312,58,,1.0,1,1.0,4.0,55.0
6738,2,7312,25,,1.0,2,1.0,4.0,40.0
6738,3,7312,24,,1.0,1,6.0,4.0,
6738,4,7312,8,4.0,,2,,,
6738,5,7312,4,1.0,,1,,,
6738,6,7312,2,,,1,,,
6739,1,7322,70,,,2,6.0,4.0,
6739,2,7322,45,,1.0,1,1.0,3.0,50.0
6739,3,7322,19,15.0,1.0,2,6.0,4.0,
6740,1,7306,49,,1.0,1,1.0,4.0,40.0
6740,2,7306,43,,6.0,2,1.0,4.0,5.0
6740,3,7306,19,15.0,1.0,1,1.0,4.0,30.0
6741,1,7306,65,,,1,6.0,4.0,
6741,2,7306,60,,,2,6.0,4.0,
6742,1,7321,57,,3.0,2,1.0,4.0,40.0
6742,2,7321,31,,3.0,1,1.0,4.0,40.0
6742,3,7321,84,,,2,6.0,4.0,
6743,1,7310,38,,1.0,2,1.0,4.0,32.0
6743,2,7310,6,3.0,,1,,,
6744,1,7304,56,,,2,6.0,4.0,
6744,2,7304,62,,6.0,1,2.0,4.0,20.0
6744,3,7304,17,13.0,1.0,2,6.0,4.0,25.0
6745,1,7321,62,,5.0,1,6.0,4.0,45.0
6745,2,7321,62,,1.0,2,1.0,4.0,40.0
6745,3,7321,41,,1.0,1,1.0,4.0,30.0
6745,4,7321,28,,1.0,2,1.0,4.0,40.0
6746,1,7302,25,,1.0,2,6.0,4.0,
6746,2,7302,34,,1.0,1,1.0,4.0,40.0
6746,3,7302,2,,,1,,,
6746,4,7302,0,,,1,,,
6747,1,7321,61,,6.0,1,1.0,4.0,40.0
6747,2,7321,61,,6.0,2,1.0,4.0,45.0
6748,1,7306,33,,1.0,1,1.0,4.0,40.0
6748,2,7306,28,15.0,6.0,2,1.0,4.0,56.0
6748,3,7306,73,,,1,6.0,2.0,
6748,4,7306,66,,,2,6.0,4.0,
6748,5,7306,31,,9.0,2,3.0,4.0,
6749,1,7310,31,,1.0,1,1.0,4.0,40.0
6749,2,7310,28,,1.0,2,1.0,4.0,45.0
6749,3,7310,31,,1.0,1,1.0,4.0,40.0
6750,1,7321,62,,5.0,1,1.0,2.0,40.0
6750,2,7321,58,,1.0,2,1.0,4.0,40.0
6751,1,7309,30,,3.0,2,1.0,4.0,70.0
6751,2,7309,29,,1.0,1,1.0,4.0,55.0
6752,1,7310,42,,2.0,1,3.0,4.0,15.0
6753,1,7318,69,,,1,6.0,2.0,
6753,2,7318,69,,,2,6.0,4.0,
6754,1,7317,60,,2.0,2,6.0,2.0,4.0
6755,1,7318,72,,,2,6.0,4.0,
6755,2,7318,52,,,2,6.0,4.0,
6755,3,7318,30,,1.0,1,1.0,4.0,35.0
6756,1,7315,46,,7.0,2,1.0,4.0,75.0
6756,2,7315,46,,3.0,1,1.0,4.0,80.0
6756,3,7315,18,15.0,7.0,1,1.0,4.0,10.0
6756,4,7315,14,,,2,,,
6757,1,7322,38,,1.0,1,1.0,4.0,50.0
6757,2,7322,9,6.0,,1,,,
6758,1,7316,45,,6.0,1,1.0,4.0,40.0
6758,2,7316,4,,,2,,,
6759,1,7312,30,16.0,4.0,1,1.0,4.0,45.0
6760,1,7317,71,,4.0,2,1.0,4.0,45.0
6760,2,7317,65,,1.0,1,6.0,4.0,6.0
6761,1,7316,56,,1.0,1,1.0,2.0,50.0
6761,2,7316,49,,1.0,2,1.0,4.0,40.0
6762,1,7313,63,,1.0,1,1.0,4.0,40.0
6763,1,7307,64,,,1,6.0,2.0,
6763,2,7307,64,,4.0,1,1.0,2.0,68.0
6764,1,7321,47,,1.0,2,1.0,4.0,40.0
6764,2,7321,45,,1.0,1,1.0,4.0,40.0
6765,1,7301,27,,1.0,1,6.0,4.0,40.0
6765,2,7301,33,,1.0,1,6.0,4.0,44.0
6765,3,7301,22,,1.0,1,1.0,4.0,48.0
6765,4,7301,22,,1.0,1,1.0,4.0,40.0
6765,5,7301,21,,1.0,1,1.0,4.0,40.0
6765,6,7301,21,,1.0,1,1.0,4.0,40.0
6766,1,7313,37,,5.0,1,4.0,1.0,50.0
6766,2,7313,37,,5.0,2,4.0,1.0,35.0
6766,3,7313,10,7.0,,2,,,
6766,4,7313,7,4.0,,1,,,
6767,1,7319,51,,1.0,2,1.0,4.0,40.0
6768,1,7306,78,,,2,6.0,4.0,
6769,1,7319,49,,5.0,1,1.0,2.0,40.0
6769,2,7319,41,,1.0,2,1.0,4.0,40.0
6769,3,7319,16,13.0,,2,6.0,,
6770,1,7316,57,,1.0,1,1.0,4.0,40.0
6771,1,7318,82,,,2,6.0,4.0,
6772,1,7317,27,16.0,2.0,2,1.0,4.0,40.0
6772,2,7317,29,,1.0,1,1.0,4.0,15.0
6773,1,7310,33,16.0,4.0,1,1.0,4.0,44.0
6773,2,7310,31,,1.0,2,1.0,4.0,45.0
6774,1,7314,74,,6.0,1,1.0,4.0,10.0
6774,2,7314,73,,,2,6.0,4.0,
6775,1,7304,36,,6.0,1,1.0,4.0,50.0
6775,2,7304,34,,1.0,2,1.0,4.0,5.0
6775,3,7304,3,1.0,,2,,,
6775,4,7304,1,,,2,,,
6776,1,7310,32,,1.0,2,1.0,4.0,50.0
6776,2,7310,30,,1.0,1,1.0,4.0,50.0
6777,1,7309,36,,1.0,1,1.0,4.0,43.0
6777,2,7309,37,,6.0,2,1.0,4.0,40.0
6777,3,7309,5,2.0,,2,,,
6777,4,7309,1,,,1,,,
6777,5,7309,64,,,2,6.0,4.0,
6778,1,7321,34,,,2,6.0,4.0,
6778,2,7321,46,,1.0,1,1.0,4.0,40.0
6778,3,7321,13,10.0,,2,,,
6778,4,7321,11,8.0,,2,,,
6778,5,7321,2,,,2,,,
6778,6,7321,2,,,2,,,
6779,1,7306,59,,1.0,1,1.0,4.0,40.0
6779,2,7306,60,,,2,6.0,4.0,
6780,1,7313,64,,5.0,2,1.0,2.0,40.0
6781,1,7313,79,,,2,6.0,4.0,
6781,2,7313,83,,,1,6.0,2.0,
6782,1,7311,68,,,1,6.0,4.0,
6782,2,7311,67,,1.0,2,6.0,4.0,
6783,1,7318,70,,3.0,2,1.0,4.0,30.0
6783,2,7318,69,,6.0,1,1.0,4.0,50.0
6784,1,7318,57,,,1,6.0,4.0,
6785,1,7311,82,,,1,6.0,2.0,
6785,2,7311,77,,,2,6.0,4.0,
6785,3,7311,57,,1.0,1,1.0,2.0,40.0
6785,4,7311,35,15.0,1.0,1,1.0,2.0,40.0
6786,1,7321,40,,5.0,2,1.0,4.0,40.0
6786,2,7321,23,,1.0,2,1.0,4.0,32.0
6786,3,7321,19,,1.0,2,3.0,4.0,32.0
6786,4,7321,13,9.0,,1,,,
6787,1,7317,61,,2.0,2,1.0,4.0,40.0
6788,1,7309,72,,,2,6.0,4.0,
6788,2,7309,73,,1.0,1,1.0,3.0,40.0
6789,1,7307,36,,,2,6.0,4.0,
6789,2,7307,37,15.0,1.0,1,1.0,4.0,30.0
6789,3,7307,18,,,2,6.0,4.0,
6789,4,7307,17,13.0,,2,6.0,4.0,
6789,5,7307,16,11.0,,2,6.0,,
6789,6,7307,12,8.0,,2,,,
6789,7,7307,5,2.0,,2,,,
6790,1,7304,83,,,2,6.0,4.0,
6791,1,7305,45,,1.0,1,1.0,4.0,60.0
6791,2,7305,46,,1.0,2,6.0,4.0,
6791,3,7305,5,2.0,,1,,,
6792,1,7314,28,,1.0,1,1.0,4.0,45.0
6792,2,7314,28,,1.0,2,1.0,4.0,40.0
6793,1,7318,56,,1.0,2,1.0,3.0,35.0
6793,2,7318,60,,3.0,1,1.0,2.0,40.0
6794,1,7322,44,,1.0,2,1.0,4.0,40.0
6794,2,7322,19,,1.0,1,1.0,4.0,40.0
6794,3,7322,36,,1.0,1,1.0,4.0,40.0
6795,1,7314,48,,1.0,2,1.0,4.0,30.0
6795,2,7314,45,,1.0,1,1.0,4.0,40.0
6795,3,7314,23,,1.0,1,3.0,4.0,30.0
6795,4,7314,21,15.0,1.0,1,1.0,4.0,20.0
6795,5,7314,17,15.0,,1,6.0,4.0,
6795,6,7314,14,10.0,,2,,,
6796,1,7319,66,,1.0,2,3.0,4.0,
6797,1,7313,75,,3.0,2,1.0,4.0,5.0
6798,1,7318,37,,3.0,2,1.0,4.0,80.0
6798,2,7318,14,,,2,,,
6798,3,7318,12,8.0,,1,,,
6799,1,7321,21,15.0,1.0,2,1.0,4.0,30.0
6799,2,7321,20,15.0,6.0,1,6.0,4.0,10.0
6800,1,7309,35,,1.0,2,1.0,4.0,40.0
6800,2,7309,45,,1.0,2,1.0,4.0,50.0
6800,3,7309,34,,1.0,1,1.0,4.0,40.0
6801,1,7302,37,,1.0,1,1.0,4.0,40.0
6801,2,7302,35,,,2,6.0,4.0,
6801,3,7302,14,9.0,,1,,,
6801,4,7302,6,2.0,,2,,,
6802,1,7302,28,,1.0,1,1.0,4.0,40.0
6802,2,7302,11,,,2,,,
6802,3,7302,55,,1.0,1,1.0,4.0,40.0
6802,4,7302,52,,4.0,2,1.0,4.0,40.0
6803,1,7312,34,,1.0,2,2.0,4.0,40.0
6803,2,7312,36,,7.0,1,1.0,4.0,40.0
6803,3,7312,3,1.0,,1,,,
6803,4,7312,0,,,1,,,
6804,1,7311,55,,1.0,1,1.0,4.0,40.0
6804,2,7311,64,,1.0,2,1.0,4.0,32.0
6805,1,7307,69,,,2,6.0,4.0,
6805,2,7307,59,,,1,6.0,4.0,
6806,1,7311,43,,1.0,1,1.0,4.0,40.0
6806,2,7311,39,,1.0,2,6.0,4.0,
6806,3,7311,2,,,2,,,
6807,1,7316,34,,1.0,2,1.0,4.0,40.0
6808,1,7306,54,,1.0,1,1.0,4.0,25.0
6808,2,7306,24,,1.0,2,1.0,4.0,40.0
6809,1,7318,51,,1.0,1,1.0,4.0,40.0
6809,2,7318,46,,,2,6.0,4.0,
6809,3,7318,17,14.0,,1,6.0,4.0,
6809,4,7318,67,,,2,6.0,4.0,
6810,1,7310,40,,5.0,1,1.0,2.0,60.0
6810,2,7310,38,,1.0,2,1.0,4.0,40.0
6810,3,7310,10,6.0,,1,,,
6810,4,7310,7,3.0,,1,,,
6810,5,7310,4,1.0,,2,,,
6810,6,7310,1,,,1,,,
6811,1,7306,76,,,2,6.0,4.0,
6812,1,7306,63,,1.0,1,1.0,4.0,20.0
6813,1,7306,31,,3.0,2,1.0,4.0,40.0
6813,2,7306,32,,1.0,1,1.0,4.0,55.0
6813,3,7306,1,,,1,,,
6813,4,7306,68,,4.0,2,6.0,4.0,17.0
6814,1,7319,61,,,2,6.0,4.0,
6814,2,7319,65,,,1,6.0,4.0,
6814,3,7319,39,,1.0,1,1.0,4.0,40.0
6814,4,7319,37,,1.0,1,2.0,4.0,40.0
6815,1,7320,34,,1.0,1,1.0,4.0,50.0
6815,2,7320,35,,1.0,2,1.0,4.0,40.0
6815,3,7320,11,7.0,,2,,,
6815,4,7320,7,3.0,,1,,,
6816,1,7305,58,,4.0,1,1.0,4.0,50.0
6817,1,7313,60,,1.0,2,1.0,4.0,38.0
6817,2,7313,60,,1.0,1,1.0,4.0,40.0
6817,3,7313,25,,1.0,2,2.0,4.0,38.0
6818,1,7304,42,,1.0,1,1.0,4.0,40.0
6818,2,7304,37,,,2,6.0,4.0,
6818,3,7304,5,2.0,,2,,,
6818,4,7304,3,1.0,,1,,,
6819,1,7308,56,,1.0,1,1.0,4.0,55.0
6819,2,7308,56,,,2,6.0,4.0,
6820,1,7314,81,,,1,6.0,2.0,
6820,2,7314,65,,1.0,2,6.0,4.0,
6821,1,7305,58,,,1,6.0,4.0,
6821,2,7305,51,,2.0,1,1.0,4.0,45.0
6822,1,7309,60,,1.0,2,1.0,4.0,40.0
6823,1,7319,49,,1.0,2,1.0,4.0,40.0
6823,2,7319,59,,5.0,1,1.0,4.0,40.0
6823,3,7319,23,16.0,1.0,2,1.0,4.0,40.0
6823,4,7319,18,15.0,1.0,1,1.0,4.0,15.0
6824,1,7317,22,,2.0,2,1.0,4.0,25.0
6824,2,7317,25,,1.0,2,1.0,4.0,35.0
6825,1,7313,76,,,2,6.0,4.0,
6826,1,7319,60,,5.0,1,1.0,2.0,40.0
6827,1,7320,78,15.0,,2,6.0,4.0,
6828,1,7309,83,,,2,6.0,4.0,
6828,2,7309,59,,,1,6.0,4.0,
6828,3,7309,64,,1.0,2,1.0,4.0,38.0
6829,1,7302,65,,1.0,1,1.0,4.0,60.0
6829,2,7302,67,,1.0,2,6.0,4.0,
6830,1,7315,73,,,2,6.0,4.0,
6830,2,7315,49,,1.0,2,1.0,4.0,10.0
6830,3,7315,50,,1.0,1,3.0,4.0,10.0
6831,1,7308,58,,3.0,2,1.0,4.0,40.0
6831,2,7308,31,,1.0,2,1.0,4.0,40.0
6831,3,7308,17,13.0,,1,6.0,4.0,
6832,1,7308,80,,,1,6.0,2.0,
6832,2,7308,56,,5.0,2,1.0,4.0,40.0
6833,1,7306,43,,1.0,2,1.0,4.0,30.0
6833,2,7306,43,,8.0,1,6.0,4.0,
6833,3,7306,17,14.0,,1,6.0,4.0,
6833,4,7306,13,9.0,,2,,,
6833,5,7306,13,9.0,,1,,,
6834,1,7304,55,,7.0,2,3.0,4.0,
6834,2,7304,25,,1.0,1,1.0,4.0,30.0
6835,1,7304,69,,,1,6.0,4.0,
6836,1,7313,57,,3.0,2,1.0,4.0,40.0
6837,1,7309,49,,2.0,2,1.0,4.0,29.0
6837,2,7309,61,,6.0,1,1.0,4.0,60.0
6838,1,7321,39,,7.0,1,1.0,4.0,40.0
6838,2,7321,41,,,2,6.0,4.0,
6838,3,7321,15,12.0,,2,,,
6838,4,7321,11,8.0,,1,,,
6838,5,7321,5,2.0,,1,,,
6839,1,7321,70,,,1,6.0,4.0,
6839,2,7321,59,,,2,6.0,4.0,
6840,1,7315,47,,1.0,1,1.0,2.0,45.0
6841,1,7317,20,15.0,1.0,1,1.0,4.0,22.0
6841,2,7317,19,,1.0,2,1.0,4.0,32.0
6842,1,7322,26,,,2,6.0,4.0,
6842,2,7322,34,,1.0,1,1.0,4.0,40.0
6842,3,7322,4,,,1,,,
6842,4,7322,1,,,1,,,
6843,1,7305,27,,1.0,1,1.0,4.0,40.0
6843,2,7305,26,15.0,1.0,1,1.0,4.0,24.0
6844,1,7301,42,,1.0,2,6.0,4.0,
6845,1,7319,44,,1.0,1,1.0,4.0,30.0
6845,2,7319,34,,3.0,2,1.0,4.0,40.0
6845,3,7319,4,1.0,,2,,,
6845,4,7319,3,,,1,,,
6846,1,7302,70,,,1,6.0,4.0,
6846,2,7302,69,,,2,6.0,4.0,
6847,1,7305,36,,6.0,2,1.0,4.0,36.0
6847,2,7305,39,16.0,2.0,1,1.0,4.0,40.0
6847,3,7305,12,9.0,,1,,,
6847,4,7305,8,5.0,,1,,,
6847,5,7305,7,3.0,,2,,,
6847,6,7305,5,2.0,,2,,,
6847,7,7305,3,,,1,,,
6847,8,7305,0,,,2,,,
6848,1,7306,28,,1.0,2,1.0,4.0,40.0
6848,2,7306,31,,1.0,1,1.0,4.0,40.0
6849,1,7312,70,,4.0,1,6.0,4.0,
6850,1,7302,39,,1.0,2,1.0,4.0,40.0
6851,1,7308,50,,1.0,2,1.0,4.0,40.0
6851,2,7308,30,16.0,1.0,2,6.0,4.0,30.0
6852,1,7308,89,,,2,6.0,4.0,
6853,1,7322,42,,6.0,2,1.0,4.0,28.0
6853,2,7322,38,,1.0,1,1.0,4.0,48.0
6854,1,7312,72,,1.0,1,1.0,2.0,20.0
6854,2,7312,64,,6.0,2,1.0,4.0,20.0
6855,1,7316,94,,,2,6.0,4.0,
6856,1,7303,21,,1.0,1,1.0,4.0,40.0
6856,2,7303,22,,1.0,1,1.0,4.0,40.0
6856,3,7303,23,,1.0,1,1.0,4.0,40.0
6856,4,7303,20,,1.0,1,1.0,4.0,15.0
6857,1,7317,64,,,2,6.0,4.0,
6857,2,7317,24,,6.0,1,1.0,4.0,20.0
6857,3,7317,54,,6.0,1,1.0,4.0,15.0
6857,4,7317,64,,6.0,1,2.0,4.0,5.0
6858,1,7319,45,,2.0,2,1.0,4.0,45.0
6858,2,7319,23,15.0,,1,6.0,4.0,
6858,3,7319,20,,1.0,1,1.0,4.0,40.0
6859,1,7322,68,,,1,6.0,4.0,
6859,2,7322,67,,,2,6.0,4.0,
6860,1,7317,74,,1.0,2,6.0,4.0,
6861,1,7314,54,,1.0,1,1.0,4.0,40.0
6861,2,7314,51,14.0,1.0,2,1.0,4.0,40.0
6862,1,7307,71,,1.0,1,6.0,2.0,
6862,2,7307,71,,2.0,2,6.0,4.0,
6863,1,7314,51,,1.0,2,1.0,4.0,40.0
6864,1,7317,28,,1.0,1,1.0,3.0,48.0
6864,2,7317,29,,1.0,2,1.0,4.0,30.0
6864,3,7317,0,,,1,,,
6865,1,7318,58,,1.0,2,1.0,4.0,40.0
6865,2,7318,61,,1.0,1,1.0,4.0,40.0
6866,1,7301,30,,1.0,2,1.0,4.0,85.0
6866,2,7301,30,,1.0,1,1.0,4.0,65.0
6867,1,7310,84,,,1,6.0,4.0,
6867,2,7310,80,,,2,6.0,4.0,
6868,1,7314,53,,1.0,1,1.0,4.0,60.0
6868,2,7314,52,,1.0,2,1.0,4.0,40.0
6869,1,7306,58,,,1,6.0,2.0,
6869,2,7306,57,,1.0,2,1.0,4.0,40.0
6870,1,7322,76,,1.0,2,6.0,4.0,
6871,1,7312,46,,,2,6.0,4.0,
6871,2,7312,76,,,2,6.0,4.0,
6872,1,7319,33,15.0,1.0,1,1.0,2.0,50.0
6872,2,7319,35,,1.0,2,6.0,4.0,28.0
6872,3,7319,2,,,1,,,
6873,1,7310,41,,1.0,2,1.0,4.0,45.0
6873,2,7310,17,14.0,1.0,1,1.0,4.0,20.0
6874,1,7313,50,,3.0,2,1.0,4.0,99.0
6874,2,7313,44,,3.0,1,1.0,4.0,60.0
6874,3,7313,22,15.0,1.0,1,1.0,4.0,20.0
6874,4,7313,19,15.0,2.0,1,1.0,4.0,15.0
6874,5,7313,19,15.0,1.0,2,1.0,4.0,15.0
6874,6,7313,17,14.0,1.0,1,6.0,4.0,
6874,7,7313,15,,,2,,,
6875,1,7304,45,,1.0,1,1.0,4.0,40.0
6875,2,7304,39,,1.0,2,1.0,4.0,40.0
6875,3,7304,6,3.0,,1,,,
6875,4,7304,3,,,1,,,
6876,1,7318,60,,,2,6.0,4.0,
6876,2,7318,29,,1.0,2,1.0,4.0,30.0
6877,1,7309,66,,,2,6.0,4.0,
6877,2,7309,66,,1.0,1,6.0,4.0,
6878,1,7312,50,,1.0,1,1.0,4.0,40.0
6878,2,7312,50,,,2,6.0,4.0,
6878,3,7312,23,15.0,1.0,2,1.0,4.0,16.0
6878,4,7312,16,11.0,,1,6.0,,
6879,1,7314,80,,,1,6.0,2.0,
6880,1,7309,70,,3.0,2,1.0,4.0,40.0
6881,1,7306,69,,,2,6.0,4.0,
6882,1,7311,46,,1.0,2,1.0,4.0,50.0
6882,2,7311,43,,1.0,1,1.0,4.0,20.0
6882,3,7311,7,4.0,,2,,,
6882,4,7311,6,2.0,,2,,,
6883,1,7313,24,,1.0,1,1.0,2.0,40.0
6883,2,7313,25,,1.0,2,1.0,4.0,45.0
6884,1,7315,36,,2.0,1,1.0,4.0,65.0
6884,2,7315,28,,2.0,2,1.0,4.0,36.0
6885,1,7306,49,16.0,1.0,2,1.0,4.0,30.0
6886,1,7316,42,,7.0,1,6.0,4.0,10.0
6887,1,7304,41,,,1,6.0,4.0,
6887,2,7304,41,,1.0,2,1.0,4.0,50.0
6887,3,7304,6,2.0,,2,,,
6887,4,7304,3,1.0,,2,,,
6887,5,7304,1,,,2,,,
6888,1,7304,53,,3.0,2,1.0,4.0,40.0
6888,2,7304,19,,1.0,1,1.0,4.0,30.0
6888,3,7304,18,14.0,1.0,1,1.0,4.0,30.0
6889,1,7315,25,,1.0,1,1.0,4.0,45.0
6889,2,7315,26,,1.0,1,1.0,4.0,40.0
6889,3,7315,24,,1.0,1,1.0,4.0,40.0
6889,4,7315,24,,1.0,1,1.0,4.0,40.0
6890,1,7309,49,,6.0,1,1.0,4.0,40.0
6890,2,7309,47,,7.0,2,1.0,4.0,45.0
6890,3,7309,18,14.0,1.0,2,3.0,4.0,30.0
6890,4,7309,15,11.0,,2,,,
6890,5,7309,11,7.0,,2,,,
6891,1,7314,85,,,1,6.0,2.0,
6891,2,7314,63,,,2,6.0,4.0,
6891,3,7314,15,12.0,,1,,,
6891,4,7314,42,,1.0,2,1.0,4.0,40.0
6892,1,7320,34,,2.0,2,1.0,4.0,40.0
6892,2,7320,35,,,1,6.0,4.0,
6892,3,7320,7,4.0,,1,,,
6892,4,7320,3,,,1,,,
6892,5,7320,50,,1.0,1,1.0,4.0,40.0
6893,1,7314,25,,5.0,2,4.0,1.0,50.0
6894,1,7304,72,,1.0,1,1.0,4.0,35.0
6894,2,7304,75,,,2,6.0,4.0,
6895,1,7319,63,,6.0,2,1.0,4.0,40.0
6895,2,7319,69,,7.0,1,1.0,4.0,40.0
6896,1,7311,60,,1.0,2,6.0,4.0,
6896,2,7311,63,,1.0,1,1.0,4.0,50.0
6896,3,7311,19,,1.0,2,3.0,4.0,20.0
6897,1,7308,72,,6.0,1,1.0,4.0,12.0
6897,2,7308,68,,,2,6.0,4.0,
6898,1,7306,41,,1.0,1,1.0,4.0,40.0
6898,2,7306,51,,,2,6.0,4.0,
6899,1,7309,36,,1.0,2,1.0,4.0,45.0
6899,2,7309,37,,1.0,1,1.0,4.0,60.0
6899,3,7309,7,3.0,,1,,,
6899,4,7309,5,1.0,,2,,,
6899,5,7309,70,,,1,6.0,2.0,
6900,1,7306,63,,1.0,1,1.0,2.0,40.0
6900,2,7306,54,,3.0,2,1.0,4.0,40.0
6900,3,7306,12,8.0,,1,,,
6900,4,7306,83,,,2,6.0,4.0,
6901,1,7316,52,,1.0,1,1.0,4.0,40.0
6901,2,7316,45,,6.0,2,1.0,4.0,30.0
6901,3,7316,15,12.0,,2,,,
6902,1,7315,30,,1.0,1,1.0,4.0,40.0
6902,2,7315,26,16.0,4.0,2,1.0,4.0,10.0
6903,1,7301,41,,3.0,1,1.0,4.0,40.0
6903,2,7301,42,,4.0,2,1.0,4.0,40.0
6903,3,7301,9,5.0,,1,,,
6903,4,7301,4,1.0,,2,,,
6904,1,7320,60,,4.0,2,6.0,4.0,30.0
6904,2,7320,34,,1.0,1,1.0,4.0,40.0
6905,1,7303,69,,6.0,2,1.0,4.0,25.0
6905,2,7303,78,,,2,6.0,4.0,
6906,1,7305,58,,1.0,2,1.0,4.0,40.0
6906,2,7305,80,,,2,6.0,4.0,
6907,1,7311,52,,1.0,1,1.0,4.0,55.0
6907,2,7311,47,,,2,6.0,4.0,
6907,3,7311,12,8.0,,2,,,
6907,4,7311,9,5.0,,2,,,
6908,1,7311,73,,7.0,1,1.0,2.0,40.0
6908,2,7311,70,,,2,6.0,4.0,
6909,1,7316,72,,,1,6.0,4.0,
6910,1,7317,70,,5.0,1,1.0,2.0,40.0
6911,1,7310,94,,,2,6.0,4.0,
6911,2,7310,64,,,2,6.0,4.0,
6911,3,7310,64,,,1,6.0,4.0,
6911,4,7310,54,,1.0,1,1.0,4.0,45.0
6912,1,7305,63,,1.0,2,1.0,4.0,40.0
6912,2,7305,28,,1.0,2,1.0,4.0,45.0
6912,3,7305,10,6.0,,2,,,
6912,4,7305,28,,1.0,1,1.0,4.0,40.0
6913,1,7312,34,,2.0,1,1.0,4.0,40.0
6913,2,7312,33,,1.0,2,6.0,4.0,
6913,3,7312,4,1.0,,1,,,
6914,1,7307,89,,,2,6.0,4.0,
6915,1,7311,71,,6.0,1,6.0,2.0,
6915,2,7311,70,,3.0,2,6.0,4.0,
6916,1,7321,87,,,1,6.0,4.0,
6916,2,7321,81,,,2,6.0,4.0,
6917,1,7318,66,,2.0,1,1.0,4.0,20.0
6917,2,7318,63,,,2,6.0,4.0,
6917,3,7318,37,15.0,,2,6.0,4.0,
6917,4,7318,17,13.0,,2,6.0,4.0,
6917,5,7318,7,3.0,,2,,,
6918,1,7306,39,,1.0,1,1.0,4.0,40.0
6919,1,7302,58,,1.0,1,1.0,4.0,40.0
6919,2,7302,49,,,2,6.0,4.0,
6919,3,7302,19,15.0,2.0,2,1.0,4.0,30.0
6919,4,7302,18,14.0,,2,6.0,4.0,
6919,5,7302,17,13.0,,1,6.0,4.0,
6919,6,7302,13,9.0,,1,,,
6920,1,7304,61,,1.0,2,1.0,4.0,50.0
6920,2,7304,59,,1.0,1,1.0,4.0,50.0
6920,3,7304,32,,4.0,1,1.0,4.0,20.0
6921,1,7321,26,15.0,1.0,1,6.0,2.0,
6921,2,7321,26,,1.0,2,1.0,4.0,30.0
6921,3,7321,2,,,1,,,
6921,4,7321,0,,,2,,,
6922,1,7303,78,,,2,6.0,4.0,
6923,1,7314,53,,3.0,2,1.0,4.0,40.0
6923,2,7314,22,,1.0,2,1.0,4.0,30.0
6924,1,7307,34,,2.0,2,6.0,4.0,
6924,2,7307,41,,1.0,1,1.0,4.0,40.0
6924,3,7307,4,1.0,,1,,,
6924,4,7307,2,,,1,,,
6925,1,7304,73,,,1,6.0,2.0,
6926,1,7309,53,,1.0,1,1.0,4.0,60.0
6926,2,7309,44,,1.0,2,1.0,4.0,40.0
6927,1,7319,57,,2.0,2,1.0,4.0,40.0
6927,2,7319,19,15.0,8.0,1,6.0,4.0,
6928,1,7310,62,,7.0,2,1.0,4.0,25.0
6928,2,7310,64,,1.0,1,6.0,4.0,40.0
6929,1,7314,60,,6.0,2,1.0,4.0,17.0
6929,2,7314,20,,1.0,2,1.0,4.0,40.0
6929,3,7314,18,,,1,6.0,4.0,
6930,1,7319,77,,,2,6.0,4.0,
6931,1,7316,37,,1.0,1,1.0,4.0,40.0
6932,1,7317,76,,,1,6.0,4.0,
6932,2,7317,44,,5.0,1,1.0,4.0,40.0
6933,1,7313,76,,,1,6.0,2.0,
6934,1,7312,63,,1.0,1,1.0,4.0,55.0
6935,1,7311,47,,1.0,2,1.0,4.0,50.0
6935,2,7311,51,,1.0,1,1.0,4.0,40.0
6935,3,7311,10,6.0,,2,,,
6936,1,7312,41,,1.0,1,1.0,2.0,45.0
6937,1,7318,58,,1.0,2,1.0,4.0,40.0
6937,2,7318,39,,2.0,2,1.0,4.0,40.0
6937,3,7318,16,12.0,,2,6.0,,
6938,1,7321,67,,1.0,2,1.0,4.0,40.0
6939,1,7309,24,,5.0,2,1.0,4.0,42.0
6939,2,7309,27,,1.0,2,1.0,4.0,40.0
6939,3,7309,27,,1.0,1,1.0,4.0,40.0
6939,4,7309,26,,2.0,2,1.0,4.0,40.0
6940,1,7316,21,15.0,1.0,2,1.0,4.0,30.0
6941,1,7301,35,15.0,1.0,1,3.0,4.0,30.0
6941,2,7301,34,,3.0,2,1.0,4.0,20.0
6941,3,7301,1,,,1,,,
6942,1,7315,30,,3.0,1,1.0,4.0,40.0
6942,2,7315,30,,1.0,2,1.0,4.0,40.0
6943,1,7321,76,,1.0,1,6.0,4.0,99.0
6943,2,7321,70,,,1,6.0,2.0,
6944,1,7305,39,,,2,6.0,4.0,
6944,2,7305,38,,1.0,1,1.0,2.0,40.0
6944,3,7305,14,11.0,,2,,,
6944,4,7305,11,7.0,,2,,,
6944,5,7305,9,6.0,,2,,,
6944,6,7305,6,3.0,,1,,,
6945,1,7301,46,,1.0,1,1.0,4.0,50.0
6945,2,7301,45,,1.0,2,1.0,4.0,55.0
6946,1,7318,69,,,2,6.0,4.0,
6946,2,7318,73,,,1,6.0,2.0,
6947,1,7319,74,,3.0,1,6.0,2.0,
6947,2,7319,62,,,2,6.0,4.0,
6947,3,7319,25,,1.0,2,3.0,4.0,30.0
6948,1,7316,39,,1.0,2,1.0,4.0,50.0
6949,1,7301,43,,1.0,2,6.0,4.0,2.0
6949,2,7301,46,,1.0,1,1.0,4.0,20.0
6950,1,7318,38,,1.0,2,1.0,4.0,40.0
6950,2,7318,40,,1.0,1,1.0,4.0,40.0
6950,3,7318,19,,1.0,1,1.0,4.0,6.0
6950,4,7318,8,4.0,,2,,,
6950,5,7318,5,2.0,,2,,,
6950,6,7318,3,1.0,,2,,,
6951,1,7315,36,,1.0,1,1.0,4.0,60.0
6951,2,7315,36,,1.0,2,1.0,4.0,30.0
6951,3,7315,6,,,2,,,
6951,4,7315,2,,,2,,,
6952,1,7307,72,,,2,6.0,4.0,
6952,2,7307,78,,,1,6.0,4.0,
6952,3,7307,44,,4.0,2,1.0,4.0,97.0
6953,1,7305,57,,1.0,2,6.0,4.0,
6953,2,7305,26,,1.0,2,6.0,4.0,
6953,3,7305,7,4.0,,1,,,
6953,4,7305,1,,,1,,,
6954,1,7306,46,,1.0,2,1.0,2.0,40.0
6954,2,7306,48,,3.0,1,1.0,4.0,40.0
6955,1,7311,59,,1.0,1,6.0,4.0,
6955,2,7311,49,,1.0,2,1.0,4.0,40.0
6955,3,7311,25,,1.0,1,2.0,4.0,40.0
6955,4,7311,17,14.0,,1,6.0,4.0,
6955,5,7311,13,10.0,,1,,,
6955,6,7311,66,,,2,6.0,4.0,
6955,7,7311,61,,,2,6.0,4.0,
6956,1,7310,81,,,2,6.0,4.0,
6957,1,7319,64,,1.0,2,1.0,4.0,22.0
6958,1,7317,76,,,2,6.0,4.0,
6959,1,7312,29,15.0,1.0,1,6.0,4.0,
6959,2,7312,33,,,1,6.0,4.0,
6959,3,7312,21,15.0,,1,6.0,4.0,
6960,1,7306,53,,4.0,1,1.0,4.0,50.0
6960,2,7306,23,,1.0,2,1.0,4.0,24.0
6960,3,7306,19,14.0,,1,6.0,4.0,
6961,1,7313,59,,2.0,2,1.0,4.0,8.0
6961,2,7313,61,,1.0,1,1.0,4.0,30.0
6962,1,7319,33,,4.0,2,3.0,4.0,40.0
6962,2,7319,33,,3.0,1,1.0,4.0,40.0
6962,3,7319,1,,,2,,,
6962,4,7319,0,,,2,,,
6963,1,7315,51,16.0,6.0,1,1.0,4.0,15.0
6964,1,7314,70,,,1,6.0,4.0,
6964,2,7314,67,,2.0,2,6.0,4.0,
6965,1,7307,33,,1.0,2,2.0,4.0,30.0
6965,2,7307,34,,1.0,1,2.0,2.0,40.0
6965,3,7307,0,,,2,,,
6966,1,7313,85,,,2,6.0,4.0,
6967,1,7312,25,,1.0,1,1.0,4.0,40.0
6967,2,7312,23,15.0,2.0,2,1.0,4.0,30.0
6968,1,7322,51,,1.0,1,1.0,2.0,50.0
6968,2,7322,49,,1.0,2,3.0,4.0,
6968,3,7322,17,13.0,,2,6.0,4.0,
6968,4,7322,14,10.0,,2,,,
6968,5,7322,11,7.0,,2,,,
6969,1,7316,56,,,2,6.0,4.0,
6969,2,7316,58,,6.0,1,1.0,4.0,50.0
6970,1,7316,52,,1.0,1,1.0,2.0,40.0
6971,1,7312,28,,2.0,2,1.0,4.0,30.0
6971,2,7312,24,,2.0,2,1.0,4.0,45.0
6971,3,7312,23,15.0,1.0,2,1.0,4.0,40.0
6972,1,7319,55,,3.0,2,1.0,4.0,40.0
6972,2,7319,33,,1.0,2,1.0,4.0,15.0
6972,3,7319,58,,6.0,1,1.0,4.0,40.0
6972,4,7319,83,,,2,6.0,4.0,
6972,5,7319,12,8.0,,1,,,
6972,6,7319,6,3.0,,2,,,
6972,7,7319,20,,1.0,2,1.0,4.0,40.0
6973,1,7303,61,,1.0,1,1.0,4.0,40.0
6973,2,7303,52,,1.0,2,1.0,4.0,40.0
6973,3,7303,20,15.0,1.0,2,1.0,4.0,20.0
6973,4,7303,18,15.0,1.0,2,1.0,4.0,20.0
6974,1,7310,60,,1.0,1,1.0,4.0,35.0
6975,1,7301,63,,1.0,1,1.0,4.0,40.0
6975,2,7301,58,,1.0,1,1.0,4.0,40.0
6976,1,7318,94,,,2,6.0,4.0,
6976,2,7318,64,,,1,6.0,4.0,
6977,1,7312,55,,1.0,1,1.0,4.0,30.0
6977,2,7312,56,,6.0,2,1.0,4.0,20.0
6977,3,7312,26,,1.0,2,1.0,4.0,40.0
6977,4,7312,25,,1.0,1,1.0,4.0,40.0
6977,5,7312,30,,1.0,1,1.0,4.0,40.0
6978,1,7308,41,16.0,1.0,2,1.0,4.0,40.0
6978,2,7308,15,12.0,,1,,,
6978,3,7308,8,5.0,,2,,,
6979,1,7318,85,,,1,6.0,2.0,
6979,2,7318,54,,5.0,1,1.0,4.0,90.0
6980,1,7316,38,,7.0,2,1.0,4.0,40.0
6980,2,7316,40,,7.0,1,1.0,4.0,40.0
6981,1,7318,71,,,1,6.0,2.0,
6981,2,7318,67,,,2,6.0,4.0,
6982,1,7313,33,,1.0,2,1.0,4.0,15.0
6982,2,7313,47,,1.0,1,1.0,4.0,45.0
6982,3,7313,2,,,1,,,
6982,4,7313,1,,,1,,,
6983,1,7311,66,,1.0,2,6.0,4.0,
6983,2,7311,67,,,1,6.0,4.0,
6984,1,7309,63,,7.0,1,6.0,4.0,30.0
6985,1,7311,39,,1.0,2,1.0,4.0,36.0
6985,2,7311,45,,1.0,1,1.0,4.0,40.0
6985,3,7311,7,4.0,,1,,,
6985,4,7311,6,3.0,,2,,,
6986,1,7318,70,,1.0,1,6.0,2.0,
6986,2,7318,69,,,2,6.0,4.0,
6986,3,7318,38,,1.0,1,1.0,4.0,40.0
6987,1,7313,85,,,1,6.0,2.0,
6987,2,7313,85,,,2,6.0,4.0,
6987,3,7313,56,,,1,6.0,4.0,
6988,1,7303,36,,7.0,2,1.0,4.0,32.0
6988,2,7303,40,,3.0,1,1.0,4.0,40.0
6988,3,7303,13,10.0,,2,,,
6988,4,7303,7,4.0,,2,,,
6989,1,7310,75,,,2,6.0,4.0,
6989,2,7310,77,,,1,6.0,2.0,
6990,1,7301,42,,1.0,2,1.0,4.0,40.0
6990,2,7301,19,15.0,,2,6.0,4.0,
6990,3,7301,17,14.0,,1,6.0,4.0,
6990,4,7301,60,,,2,6.0,4.0,
6991,1,7316,38,,1.0,1,1.0,4.0,40.0
6992,1,7312,20,15.0,,1,6.0,4.0,
6993,1,7307,65,,1.0,1,1.0,4.0,45.0
6994,1,7304,58,,1.0,2,1.0,4.0,60.0
6995,1,7309,43,,,2,6.0,4.0,
6995,2,7309,42,,5.0,1,1.0,2.0,40.0
6995,3,7309,12,8.0,,1,,,
6995,4,7309,11,7.0,,1,,,
6995,5,7309,9,5.0,,2,,,
6996,1,7316,62,,1.0,1,1.0,4.0,48.0
6996,2,7316,61,,1.0,2,1.0,4.0,17.0
6996,3,7316,19,,1.0,2,1.0,4.0,40.0
6997,1,7312,84,,,1,6.0,4.0,
6997,2,7312,80,,,2,6.0,4.0,
6998,1,7308,80,,,1,6.0,2.0,
6998,2,7308,55,,1.0,2,1.0,4.0,40.0
6998,3,7308,27,,1.0,2,1.0,4.0,24.0
6998,4,7308,35,,1.0,1,1.0,4.0,42.0
6998,5,7308,33,15.0,1.0,2,1.0,4.0,8.0
6998,6,7308,60,,1.0,2,1.0,4.0,8.0
6998,7,7308,36,,2.0,1,1.0,4.0,45.0
6999,1,7322,59,,1.0,1,2.0,4.0,40.0
6999,2,7322,55,,1.0,2,1.0,4.0,40.0
6999,3,7322,28,15.0,,2,6.0,4.0,
6999,4,7322,25,15.0,,2,6.0,4.0,
7000,1,7314,72,,,2,6.0,4.0,
7000,2,7314,75,,1.0,1,6.0,2.0,
7001,1,7301,44,,1.0,1,1.0,4.0,40.0
7001,2,7301,47,,6.0,2,1.0,4.0,15.0
7001,3,7301,18,14.0,1.0,2,1.0,4.0,16.0
7001,4,7301,14,10.0,,1,,,
7001,5,7301,12,8.0,,2,,,
7002,1,7313,63,,3.0,1,1.0,4.0,48.0
7002,2,7313,56,,2.0,2,1.0,4.0,15.0
7003,1,7302,74,,6.0,1,6.0,2.0,12.0
7003,2,7302,69,,,2,6.0,4.0,
7004,1,7321,65,,1.0,1,1.0,4.0,40.0
7004,2,7321,76,,,2,6.0,4.0,
7005,1,7312,64,,2.0,1,1.0,4.0,40.0
7005,2,7312,55,,5.0,2,1.0,4.0,40.0
7006,1,7311,51,,1.0,2,1.0,4.0,50.0
7006,2,7311,52,,1.0,1,1.0,4.0,40.0
7006,3,7311,10,6.0,,1,,,
7006,4,7311,8,4.0,,1,,,
7007,1,7321,60,,1.0,1,1.0,4.0,40.0
7007,2,7321,23,15.0,9.0,1,3.0,4.0,
7007,3,7321,20,15.0,1.0,2,1.0,4.0,40.0
7008,1,7310,45,,1.0,1,1.0,4.0,43.0
7008,2,7310,85,,,2,6.0,4.0,
7009,1,7321,26,,1.0,2,1.0,4.0,32.0
7009,2,7321,27,,1.0,1,1.0,4.0,50.0
7009,3,7321,5,2.0,,1,,,
7009,4,7321,1,,,1,,,
7010,1,7301,36,,1.0,2,1.0,4.0,40.0
7010,2,7301,36,,5.0,1,4.0,1.0,40.0
7011,1,7320,69,,,1,6.0,4.0,
7011,2,7320,71,,,2,6.0,4.0,
7012,1,7322,35,,5.0,2,1.0,4.0,27.0
7012,2,7322,14,10.0,,1,,,
7012,3,7322,12,9.0,,1,,,
7012,4,7322,9,5.0,,1,,,
7012,5,7322,9,5.0,,1,,,
7012,6,7322,8,4.0,,2,,,
7013,1,7303,46,,1.0,1,1.0,4.0,40.0
7013,2,7303,48,,1.0,2,1.0,4.0,15.0
7013,3,7303,23,16.0,,2,6.0,4.0,
7014,1,7312,36,,1.0,1,1.0,4.0,40.0
7014,2,7312,29,16.0,4.0,2,1.0,4.0,40.0
7015,1,7317,37,,1.0,2,1.0,4.0,40.0
7015,2,7317,17,13.0,,1,6.0,4.0,
7015,3,7317,13,10.0,,1,,,
7015,4,7317,67,,3.0,1,6.0,2.0,
7016,1,7305,20,15.0,1.0,1,6.0,4.0,30.0
7016,2,7305,21,15.0,1.0,1,1.0,4.0,25.0
7016,3,7305,20,15.0,1.0,1,6.0,4.0,28.0
7016,4,7305,20,15.0,1.0,1,1.0,4.0,20.0
7017,1,7319,32,,5.0,1,1.0,2.0,40.0
7017,2,7319,32,15.0,1.0,2,1.0,4.0,40.0
7017,3,7319,10,6.0,,2,,,
7018,1,7308,81,,,2,6.0,4.0,
7019,1,7309,46,,7.0,2,1.0,4.0,40.0
7019,2,7309,47,,7.0,1,1.0,2.0,40.0
7019,3,7309,18,15.0,1.0,2,3.0,4.0,
7019,4,7309,13,10.0,,2,,,
7019,5,7309,12,8.0,,1,,,
7019,6,7309,10,7.0,,1,,,
7020,1,7314,21,,,1,6.0,2.0,
7020,2,7314,22,,,2,6.0,4.0,
7021,1,7314,73,,,2,6.0,4.0,
7022,1,7306,72,,1.0,2,1.0,4.0,32.0
7022,2,7306,69,,7.0,1,1.0,3.0,40.0
7023,1,7320,79,,,2,6.0,4.0,
7023,2,7320,48,,3.0,2,1.0,4.0,40.0
7024,1,7313,47,,4.0,2,1.0,4.0,66.0
7024,2,7313,44,,1.0,1,1.0,2.0,40.0
7024,3,7313,26,,3.0,2,1.0,4.0,30.0
7024,4,7313,17,14.0,,1,6.0,4.0,
7024,5,7313,15,12.0,,1,,,
7024,6,7313,4,1.0,,2,,,
7025,1,7311,55,,1.0,2,1.0,4.0,24.0
7025,2,7311,16,13.0,,1,6.0,,
7026,1,7307,80,,,2,6.0,2.0,
7026,2,7307,80,,,1,6.0,4.0,
7026,3,7307,48,,1.0,1,1.0,4.0,20.0
7027,1,7315,76,,,2,6.0,4.0,
7028,1,7314,29,,1.0,1,1.0,4.0,55.0
7028,2,7314,26,,1.0,2,1.0,4.0,44.0
7029,1,7319,42,,1.0,1,3.0,4.0,40.0
7029,2,7319,40,15.0,2.0,2,1.0,4.0,12.0
7029,3,7319,11,8.0,,2,,,
7029,4,7319,8,5.0,,1,,,
7030,1,7316,28,,1.0,1,1.0,4.0,41.0
7030,2,7316,26,15.0,1.0,2,1.0,4.0,30.0
7031,1,7313,56,,1.0,1,1.0,4.0,40.0
7031,2,7313,60,,1.0,2,1.0,4.0,45.0
7031,3,7313,34,,1.0,2,1.0,4.0,30.0
7032,1,7304,53,,1.0,2,1.0,4.0,50.0
7032,2,7304,50,,1.0,1,1.0,4.0,80.0
7032,3,7304,17,14.0,,1,6.0,4.0,
7032,4,7304,15,12.0,,2,,,
7033,1,7321,24,,5.0,1,4.0,1.0,60.0
7033,2,7321,23,,2.0,2,1.0,4.0,30.0
7034,1,7303,46,,1.0,2,1.0,4.0,30.0
7035,1,7316,69,,,2,6.0,4.0,
7036,1,7314,61,,2.0,2,1.0,4.0,32.0
7037,1,7320,65,,2.0,1,1.0,4.0,40.0
7037,2,7320,19,15.0,,1,6.0,4.0,
7037,3,7320,48,,5.0,2,1.0,4.0,48.0
7038,1,7310,36,,1.0,1,1.0,4.0,50.0
7039,1,7310,76,,1.0,1,1.0,4.0,40.0
7040,1,7320,79,,,2,6.0,4.0,
7040,2,7320,94,,,1,6.0,2.0,
7040,3,7320,51,,1.0,1,1.0,2.0,40.0
7040,4,7320,49,,9.0,1,3.0,4.0,
7041,1,7309,63,,1.0,1,1.0,4.0,40.0
7041,2,7309,56,,,2,6.0,4.0,
7041,3,7309,26,,2.0,2,1.0,4.0,32.0
7041,4,7309,66,,1.0,1,1.0,4.0,40.0
7042,1,7312,47,,7.0,1,1.0,4.0,60.0
7042,2,7312,47,,7.0,2,1.0,4.0,40.0
7043,1,7316,29,,1.0,2,1.0,4.0,30.0
7044,1,7311,42,,1.0,1,1.0,4.0,50.0
7044,2,7311,41,,2.0,2,1.0,4.0,40.0
7044,3,7311,12,8.0,,2,,,
7044,4,7311,9,5.0,,1,,,
7044,5,7311,9,5.0,,1,,,
7045,1,7302,57,,,2,6.0,4.0,
7046,1,7317,68,,7.0,2,1.0,4.0,50.0
7047,1,7310,59,,1.0,2,1.0,4.0,60.0
7047,2,7310,29,,1.0,2,1.0,4.0,38.0
7048,1,7301,24,,1.0,2,3.0,4.0,40.0
7048,2,7301,24,,1.0,1,1.0,4.0,40.0
7049,1,7311,52,,,2,6.0,4.0,
7049,2,7311,57,,1.0,1,1.0,4.0,4.0
7049,3,7311,19,15.0,4.0,1,1.0,4.0,16.0
7049,4,7311,18,15.0,,1,6.0,4.0,
7049,5,7311,14,11.0,,2,,,
7049,6,7311,72,,,2,6.0,4.0,
7049,7,7311,85,,,2,6.0,4.0,
7049,8,7311,51,,2.0,2,1.0,4.0,45.0
7050,1,7309,69,,1.0,1,1.0,4.0,8.0
7050,2,7309,65,,,2,6.0,4.0,
7050,3,7309,35,,1.0,2,1.0,4.0,40.0
7051,1,7307,71,,,2,6.0,4.0,
7051,2,7307,87,,,1,6.0,2.0,
7052,1,7304,64,,2.0,1,6.0,2.0,
7052,2,7304,66,,1.0,2,1.0,4.0,8.0
7053,1,7312,90,,,2,6.0,4.0,
7054,1,7302,60,,,1,6.0,4.0,
7054,2,7302,54,,2.0,2,1.0,4.0,40.0
7055,1,7309,59,,7.0,1,1.0,4.0,36.0
7055,2,7309,51,,1.0,2,1.0,4.0,45.0
7055,3,7309,12,9.0,,2,,,
7056,1,7316,67,,,2,6.0,4.0,
7056,2,7316,42,15.0,2.0,2,1.0,4.0,40.0
7057,1,7314,68,,1.0,2,6.0,4.0,
7057,2,7314,69,,1.0,1,6.0,4.0,
7058,1,7305,40,,1.0,1,1.0,4.0,40.0
7058,2,7305,9,5.0,,1,,,
7058,3,7305,6,,,1,,,
7059,1,7313,40,,6.0,1,1.0,4.0,40.0
7059,2,7313,45,,3.0,2,1.0,4.0,45.0
7059,3,7313,14,10.0,,1,,,
7059,4,7313,11,8.0,,1,,,
7059,5,7313,6,3.0,,2,,,
7060,1,7305,43,,1.0,1,1.0,4.0,40.0
7061,1,7301,85,,,1,6.0,2.0,
7062,1,7316,71,,5.0,1,6.0,2.0,
7062,2,7316,69,,,2,6.0,4.0,
7063,1,7314,63,,4.0,2,1.0,4.0,34.0
7064,1,7304,29,,1.0,1,1.0,4.0,40.0
7065,1,7314,46,,2.0,2,1.0,4.0,30.0
7065,2,7314,18,14.0,1.0,2,1.0,4.0,6.0
7065,3,7314,15,11.0,,2,,,
7066,1,7308,68,,1.0,1,1.0,4.0,20.0
7066,2,7308,67,,1.0,2,1.0,4.0,40.0
7067,1,7316,29,,5.0,1,4.0,1.0,40.0
7068,1,7305,57,,1.0,1,1.0,4.0,40.0
7068,2,7305,47,,1.0,2,1.0,4.0,40.0
7068,3,7305,9,4.0,,2,,,
7068,4,7305,9,6.0,,2,,,
7068,5,7305,23,,1.0,1,1.0,4.0,40.0
7069,1,7320,72,,,1,6.0,4.0,
7069,2,7320,66,,,2,6.0,4.0,
7069,3,7320,73,,,2,6.0,4.0,
7070,1,7310,63,,1.0,1,1.0,4.0,50.0
7070,2,7310,63,,1.0,2,6.0,4.0,
7071,1,7301,57,,1.0,1,1.0,4.0,45.0
7071,2,7301,56,,,2,6.0,4.0,
7072,1,7307,64,,6.0,1,1.0,4.0,30.0
7073,1,7302,68,,6.0,2,1.0,4.0,45.0
7074,1,7301,71,,,1,6.0,2.0,
7075,1,7316,31,,5.0,1,4.0,1.0,23.0
7076,1,7312,77,,6.0,1,6.0,2.0,40.0
7077,1,7321,85,,,1,6.0,2.0,
7078,1,7306,41,,1.0,1,1.0,4.0,37.0
7078,2,7306,33,,1.0,2,6.0,4.0,
7078,3,7306,3,1.0,,1,,,
7078,4,7306,1,,,2,,,
7079,1,7317,66,,1.0,1,1.0,4.0,30.0
7079,2,7317,58,,1.0,2,1.0,4.0,40.0
7079,3,7317,34,,1.0,1,1.0,4.0,50.0
7079,4,7317,27,,2.0,1,1.0,4.0,40.0
7080,1,7314,30,,5.0,1,4.0,1.0,40.0
7080,2,7314,31,16.0,,2,6.0,4.0,
7080,3,7314,7,3.0,,1,,,
7080,4,7314,3,,,1,,,
7081,1,7306,31,,1.0,1,1.0,4.0,40.0
7081,2,7306,30,,1.0,2,1.0,4.0,40.0
7081,3,7306,2,,,1,,,
7082,1,7301,45,,1.0,1,1.0,4.0,60.0
7082,2,7301,46,,,2,6.0,4.0,
7082,3,7301,5,2.0,,2,,,
7083,1,7308,53,,1.0,1,1.0,4.0,50.0
7083,2,7308,60,,2.0,2,1.0,4.0,50.0
7083,3,7308,80,,7.0,2,6.0,4.0,
7084,1,7305,75,,2.0,2,1.0,4.0,35.0
7085,1,7308,66,,,1,6.0,2.0,
7085,2,7308,59,,3.0,2,1.0,4.0,13.0
7086,1,7316,34,,1.0,2,1.0,4.0,40.0
7086,2,7316,40,,7.0,1,1.0,4.0,40.0
7086,3,7316,4,1.0,,2,,,
7086,4,7316,2,,,1,,,
7087,1,7317,42,,1.0,2,1.0,4.0,40.0
7087,2,7317,41,,1.0,1,1.0,4.0,40.0
7087,3,7317,10,6.0,,1,,,
7087,4,7317,7,4.0,,2,,,
7088,1,7312,36,,1.0,1,1.0,4.0,40.0
7088,2,7312,33,,1.0,2,1.0,4.0,40.0
7088,3,7312,0,,,1,,,
7089,1,7310,51,,4.0,1,1.0,4.0,40.0
7090,1,7311,47,,1.0,1,1.0,4.0,50.0
7090,2,7311,39,,,2,6.0,4.0,
7090,3,7311,11,8.0,,2,,,
7090,4,7311,8,4.0,,2,,,
7091,1,7302,85,,,1,6.0,2.0,
7091,2,7302,82,,,2,6.0,4.0,
7092,1,7310,69,,7.0,1,6.0,4.0,
7092,2,7310,67,,,2,6.0,4.0,
7093,1,7301,53,,1.0,2,3.0,4.0,72.0
7094,1,7306,57,15.0,1.0,1,1.0,2.0,40.0
7094,2,7306,56,,1.0,2,3.0,4.0,40.0
7095,1,7313,85,,,2,6.0,4.0,
7095,2,7313,94,,,1,6.0,4.0,
7096,1,7313,83,,,1,6.0,4.0,
7096,2,7313,83,,,2,6.0,4.0,
7096,3,7313,63,,,1,6.0,2.0,
7096,4,7313,60,,1.0,2,6.0,4.0,
7096,5,7313,29,,1.0,2,3.0,4.0,20.0
7096,6,7313,29,,1.0,2,6.0,4.0,
7096,7,7313,35,,1.0,1,1.0,4.0,25.0
7096,8,7313,34,,1.0,2,6.0,4.0,
7097,1,7309,88,,1.0,1,6.0,2.0,
7097,2,7309,94,,,2,6.0,4.0,
7098,1,7313,40,,1.0,1,1.0,4.0,40.0
7098,2,7313,38,,,2,6.0,4.0,
7098,3,7313,12,9.0,,1,,,
7099,1,7320,25,,1.0,1,1.0,4.0,40.0
7099,2,7320,2,,,1,,,
7100,1,7321,75,,,1,6.0,4.0,
7100,2,7321,69,,,2,6.0,4.0,
7100,3,7321,49,,,1,6.0,4.0,
7100,4,7321,11,7.0,,1,,,
7100,5,7321,9,6.0,,2,,,
7101,1,7319,58,,1.0,1,1.0,4.0,40.0
7101,2,7319,58,14.0,1.0,2,1.0,4.0,40.0
7101,3,7319,27,15.0,1.0,1,1.0,4.0,52.0
7101,4,7319,89,,,2,6.0,4.0,
7102,1,7318,61,,1.0,2,1.0,4.0,16.0
7103,1,7312,41,,2.0,2,1.0,4.0,36.0
7103,2,7312,19,15.0,,1,6.0,4.0,
7103,3,7312,16,13.0,,1,6.0,,
7103,4,7312,15,11.0,,1,,,
7103,5,7312,15,11.0,,1,,,
7103,6,7312,4,1.0,,1,,,
7104,1,7303,70,,1.0,2,6.0,4.0,60.0
7104,2,7303,70,,,1,6.0,4.0,
7105,1,7310,77,,1.0,1,1.0,4.0,40.0
7105,2,7310,72,,2.0,2,6.0,4.0,
7106,1,7310,22,,1.0,1,1.0,4.0,40.0
7107,1,7305,57,,,2,6.0,4.0,
7108,1,7307,40,,5.0,1,1.0,2.0,41.0
7108,2,7307,35,16.0,1.0,2,1.0,4.0,42.0
7108,3,7307,17,13.0,1.0,1,1.0,4.0,8.0
7108,4,7307,16,12.0,1.0,1,1.0,,8.0
7109,1,7305,30,,,2,6.0,4.0,
7110,1,7313,52,,6.0,1,1.0,4.0,50.0
7110,2,7313,58,,,2,6.0,4.0,
7111,1,7311,38,,1.0,1,1.0,4.0,50.0
7111,2,7311,37,,1.0,2,1.0,4.0,45.0
7111,3,7311,10,6.0,,2,,,
7111,4,7311,8,5.0,,1,,,
7111,5,7311,7,3.0,,1,,,
7112,1,7312,43,,2.0,2,2.0,4.0,40.0
7112,2,7312,48,,2.0,1,1.0,2.0,55.0
7112,3,7312,4,2.0,,1,,,
7112,4,7312,0,,,1,,,
7113,1,7316,27,,1.0,2,1.0,4.0,40.0
7114,1,7320,41,,2.0,2,6.0,4.0,
7114,2,7320,39,,1.0,1,1.0,2.0,45.0
7114,3,7320,7,,,1,,,
7114,4,7320,6,2.0,,2,,,
7115,1,7321,40,,,2,6.0,4.0,
7115,2,7321,43,,1.0,1,1.0,4.0,40.0
7115,3,7321,16,12.0,,1,6.0,,
7115,4,7321,14,10.0,,2,,,
7115,5,7321,5,2.0,,2,,,
7116,1,7302,36,,1.0,2,1.0,4.0,40.0
7116,2,7302,11,8.0,,1,,,
7116,3,7302,9,6.0,,2,,,
7116,4,7302,7,4.0,,1,,,
7117,1,7322,55,,1.0,2,1.0,4.0,40.0
7117,2,7322,24,15.0,4.0,1,1.0,4.0,20.0
7118,1,7322,64,,3.0,2,6.0,4.0,
7118,2,7322,62,,3.0,1,1.0,4.0,40.0
7119,1,7309,71,,6.0,1,6.0,4.0,
7120,1,7302,48,,1.0,2,1.0,4.0,40.0
7121,1,7317,25,16.0,1.0,2,1.0,4.0,40.0
7121,2,7317,28,16.0,1.0,2,1.0,4.0,35.0
7122,1,7319,66,,1.0,1,1.0,4.0,48.0
7122,2,7319,73,,,2,6.0,4.0,
7123,1,7312,77,,1.0,2,3.0,4.0,
7123,2,7312,59,,1.0,2,1.0,4.0,40.0
7123,3,7312,27,16.0,2.0,2,1.0,4.0,8.0
7124,1,7310,39,,,2,6.0,4.0,
7124,2,7310,39,,1.0,1,1.0,4.0,50.0
7124,3,7310,12,9.0,,2,,,
7124,4,7310,9,6.0,,2,,,
7124,5,7310,7,4.0,,2,,,
7124,6,7310,5,1.0,,1,,,
7124,7,7310,25,,1.0,1,1.0,4.0,40.0
7125,1,7304,59,,1.0,1,1.0,4.0,40.0
7125,2,7304,56,15.0,1.0,2,1.0,4.0,50.0
7125,3,7304,22,15.0,1.0,2,1.0,4.0,40.0
7125,4,7304,19,,1.0,2,1.0,4.0,36.0
7126,1,7306,64,,,1,6.0,4.0,
7127,1,7302,79,,,1,6.0,4.0,
7127,2,7302,70,,,2,6.0,4.0,
7128,1,7309,52,,3.0,2,1.0,4.0,37.0
7129,1,7314,48,,1.0,1,1.0,3.0,50.0
7129,2,7314,26,,1.0,2,1.0,4.0,40.0
7130,1,7302,67,,,1,6.0,4.0,
7130,2,7302,65,,1.0,2,6.0,4.0,20.0
7131,1,7301,62,,3.0,2,1.0,4.0,21.0
7131,2,7301,23,15.0,1.0,2,1.0,4.0,12.0
7131,3,7301,26,,1.0,2,1.0,4.0,40.0
7132,1,7316,41,,1.0,1,1.0,4.0,40.0
7132,2,7316,7,4.0,,2,,,
7132,3,7316,5,2.0,,1,,,
7132,4,7316,5,2.0,,2,,,
7133,1,7322,52,,1.0,2,1.0,4.0,35.0
7133,2,7322,18,15.0,,1,6.0,4.0,
7133,3,7322,19,,1.0,1,1.0,4.0,45.0
7133,4,7322,19,,1.0,2,1.0,4.0,35.0
7134,1,7309,66,,,1,6.0,4.0,
7134,2,7309,66,,,2,6.0,4.0,
7135,1,7312,39,,2.0,2,3.0,4.0,40.0
7135,2,7312,28,,1.0,1,1.0,4.0,50.0
7136,1,7315,27,,2.0,1,1.0,4.0,40.0
7136,2,7315,28,,4.0,1,1.0,4.0,60.0
7136,3,7315,27,,1.0,1,1.0,4.0,40.0
7136,4,7315,26,16.0,1.0,1,1.0,4.0,45.0
7137,1,7321,40,,9.0,2,3.0,4.0,
7137,2,7321,45,,1.0,1,1.0,4.0,60.0
7137,3,7321,10,7.0,,1,,,
7137,4,7321,9,5.0,,1,,,
7137,5,7321,6,2.0,,1,,,
7137,6,7321,21,15.0,9.0,1,3.0,4.0,
7138,1,7301,56,,1.0,1,1.0,4.0,40.0
7138,2,7301,49,,1.0,2,1.0,4.0,45.0
7138,3,7301,26,,1.0,2,1.0,4.0,40.0
7138,4,7301,22,,1.0,2,1.0,4.0,22.0
7138,5,7301,0,,,2,,,
7139,1,7310,68,,1.0,1,6.0,2.0,
7139,2,7310,79,,6.0,2,6.0,4.0,
7140,1,7303,25,,1.0,1,1.0,4.0,40.0
7140,2,7303,32,,1.0,2,1.0,4.0,34.0
7140,3,7303,8,5.0,,1,,,
7140,4,7303,7,3.0,,1,,,
7140,5,7303,0,,,2,,,
7141,1,7308,55,,2.0,1,1.0,4.0,40.0
7141,2,7308,47,,1.0,2,1.0,4.0,30.0
7141,3,7308,11,8.0,,2,,,
7141,4,7308,17,13.0,,1,6.0,4.0,
7142,1,7302,70,,5.0,1,1.0,4.0,40.0
7143,1,7315,69,,6.0,1,1.0,4.0,60.0
7144,1,7310,35,,7.0,1,1.0,4.0,70.0
7144,2,7310,35,,2.0,2,6.0,4.0,
7144,3,7310,4,1.0,,2,,,
7144,4,7310,2,,,2,,,
7145,1,7302,71,,7.0,1,1.0,4.0,40.0
7145,2,7302,65,,1.0,2,1.0,4.0,8.0
7145,3,7302,38,,1.0,1,1.0,4.0,40.0
7145,4,7302,29,,1.0,2,1.0,4.0,40.0
7146,1,7313,70,,6.0,1,1.0,4.0,60.0
7146,2,7313,63,,3.0,2,1.0,4.0,35.0
7147,1,7315,32,,1.0,2,1.0,4.0,8.0
7147,2,7315,32,,1.0,1,1.0,4.0,8.0
7148,1,7301,51,,1.0,1,1.0,4.0,40.0
7148,2,7301,49,,1.0,1,1.0,4.0,40.0
7148,3,7301,0,,,2,,,
7149,1,7313,83,,,2,6.0,4.0,
7150,1,7302,56,,1.0,1,6.0,4.0,
7151,1,7314,67,,,1,6.0,4.0,
7151,2,7314,69,,,1,6.0,4.0,
7152,1,7304,83,,,1,6.0,2.0,
7152,2,7304,81,,,2,6.0,4.0,
7152,3,7304,56,,3.0,2,1.0,4.0,40.0
7153,1,7309,30,,1.0,1,1.0,4.0,45.0
7154,1,7318,37,,6.0,2,1.0,4.0,40.0
7154,2,7318,11,8.0,,1,,,
7155,1,7321,67,,,2,6.0,4.0,
7155,2,7321,67,,1.0,1,6.0,4.0,
7156,1,7303,40,,1.0,1,1.0,4.0,40.0
7156,2,7303,40,,,2,6.0,4.0,
7156,3,7303,15,12.0,,1,,,
7156,4,7303,12,10.0,,2,,,
7156,5,7303,6,3.0,,1,,,
7157,1,7307,82,,,1,6.0,2.0,
7157,2,7307,67,,,2,6.0,4.0,
7158,1,7316,29,15.0,1.0,2,1.0,4.0,30.0
7158,2,7316,40,,1.0,1,1.0,4.0,30.0
7158,3,7316,7,4.0,,2,,,
7159,1,7301,46,,1.0,2,1.0,4.0,40.0
7159,2,7301,46,,1.0,1,1.0,4.0,40.0
7159,3,7301,13,10.0,,2,,,
7160,1,7311,74,,,2,6.0,4.0,
7161,1,7301,78,,,1,6.0,4.0,
7162,1,7302,59,,5.0,2,6.0,4.0,
7162,2,7302,62,,,1,6.0,2.0,
7163,1,7312,72,,2.0,1,6.0,4.0,40.0
7163,2,7312,66,,1.0,2,2.0,4.0,25.0
7164,1,7321,55,,3.0,2,1.0,4.0,27.0
7164,2,7321,28,,3.0,2,1.0,4.0,40.0
7164,3,7321,24,,1.0,1,1.0,4.0,40.0
7164,4,7321,21,15.0,1.0,2,1.0,4.0,30.0
7165,1,7301,60,,,2,6.0,4.0,
7165,2,7301,62,,,1,6.0,2.0,
7166,1,7304,58,,2.0,1,1.0,4.0,50.0
7166,2,7304,65,,,2,6.0,4.0,
7167,1,7310,56,,7.0,1,1.0,4.0,50.0
7167,2,7310,53,,1.0,2,1.0,4.0,25.0
7168,1,7304,84,,,2,6.0,4.0,
7169,1,7319,31,15.0,6.0,2,1.0,4.0,50.0
7169,2,7319,11,8.0,,2,,,
7169,3,7319,7,4.0,,2,,,
7170,1,7308,50,,2.0,2,1.0,4.0,40.0
7170,2,7308,61,,7.0,1,1.0,4.0,40.0
7170,3,7308,17,14.0,1.0,1,1.0,4.0,12.0
7170,4,7308,15,11.0,,2,,,
7171,1,7309,71,,,1,6.0,4.0,
7171,2,7309,69,,,2,6.0,4.0,
7172,1,7313,63,,6.0,1,1.0,4.0,40.0
7172,2,7313,60,,1.0,2,1.0,4.0,54.0
7173,1,7310,87,,,2,6.0,4.0,
7174,1,7318,53,15.0,2.0,1,1.0,4.0,40.0
7174,2,7318,50,,1.0,2,1.0,4.0,40.0
7174,3,7318,29,,1.0,1,1.0,4.0,40.0
7174,4,7318,26,,1.0,1,1.0,4.0,40.0
7174,5,7318,24,,1.0,1,1.0,4.0,40.0
7175,1,7301,39,,1.0,1,1.0,4.0,50.0
7175,2,7301,31,,1.0,1,1.0,4.0,50.0
7175,3,7301,25,,1.0,2,1.0,4.0,50.0
7176,1,7319,88,,,2,6.0,4.0,
7177,1,7314,41,,5.0,1,1.0,2.0,60.0
7177,2,7314,39,,5.0,2,6.0,4.0,
7177,3,7314,8,5.0,,2,,,
7177,4,7314,5,2.0,,1,,,
7178,1,7301,66,,5.0,1,6.0,2.0,40.0
7178,2,7301,61,,,2,6.0,4.0,
7179,1,7315,61,,1.0,2,1.0,4.0,60.0
7179,2,7315,26,,,1,6.0,4.0,
7179,3,7315,18,15.0,,1,6.0,4.0,
7179,4,7315,16,13.0,,2,6.0,,
7179,5,7315,10,7.0,,1,,,
7179,6,7315,55,,2.0,2,1.0,4.0,40.0
7180,1,7302,42,,1.0,2,1.0,4.0,40.0
7180,2,7302,14,11.0,,2,,,
7180,3,7302,12,9.0,,1,,,
7181,1,7310,20,15.0,1.0,2,1.0,4.0,16.0
7182,1,7311,32,,1.0,1,1.0,4.0,40.0
7182,2,7311,31,,,2,6.0,4.0,
7182,3,7311,7,4.0,,2,,,
7182,4,7311,4,,,2,,,
7183,1,7308,40,,4.0,2,3.0,4.0,4.0
7183,2,7308,16,13.0,,2,6.0,,
7183,3,7308,11,9.0,,1,,,
7184,1,7301,65,,,2,6.0,4.0,
7184,2,7301,68,,1.0,1,1.0,4.0,40.0
7185,1,7317,47,,1.0,1,1.0,4.0,50.0
7185,2,7317,42,,2.0,2,1.0,4.0,50.0
7185,3,7317,6,2.0,,1,,,
7186,1,7313,72,,3.0,1,6.0,3.0,
7186,2,7313,70,,1.0,2,1.0,4.0,36.0
7186,3,7313,52,,1.0,2,1.0,4.0,40.0
7187,1,7312,27,,1.0,2,6.0,4.0,
7188,1,7305,75,,,2,6.0,4.0,
7189,1,7318,62,,2.0,2,1.0,4.0,36.0
7189,2,7318,63,,,1,6.0,4.0,
7190,1,7303,58,,4.0,2,1.0,4.0,40.0
7190,2,7303,62,,,1,6.0,4.0,
7191,1,7310,65,,,2,6.0,4.0,
7191,2,7310,65,,7.0,1,1.0,4.0,27.0
7191,3,7310,24,,1.0,1,1.0,4.0,40.0
7192,1,7312,80,,,2,6.0,4.0,
7192,2,7312,83,,,1,6.0,4.0,
7193,1,7320,55,,4.0,1,1.0,4.0,55.0
7193,2,7320,20,,1.0,2,1.0,4.0,45.0
7193,3,7320,17,14.0,1.0,2,1.0,4.0,20.0
7194,1,7314,40,,1.0,1,1.0,2.0,45.0
7194,2,7314,39,,1.0,2,1.0,4.0,25.0
7194,3,7314,21,,1.0,2,1.0,4.0,25.0
7195,1,7311,50,,1.0,2,1.0,4.0,40.0
7196,1,7307,71,,,1,6.0,2.0,
7197,1,7314,70,,,2,6.0,4.0,
7197,2,7314,69,,1.0,2,1.0,4.0,40.0
7198,1,7314,31,,1.0,2,2.0,4.0,24.0
7198,2,7314,32,,2.0,1,2.0,4.0,40.0
7199,1,7310,70,,,1,6.0,4.0,
7199,2,7310,50,,,1,6.0,4.0,
7200,1,7322,73,,,1,6.0,2.0,
7200,2,7322,69,,,2,6.0,4.0,
7200,3,7322,33,,,2,6.0,4.0,
7200,4,7322,10,7.0,,2,,,
7200,5,7322,5,1.0,,1,,,
7201,1,7313,60,,1.0,1,1.0,4.0,80.0
7201,2,7313,58,,,2,6.0,4.0,
7201,3,7313,30,,1.0,2,1.0,4.0,40.0
7202,1,7301,64,,1.0,2,1.0,4.0,26.0
7203,1,7301,62,,1.0,1,2.0,2.0,30.0
7203,2,7301,65,,,2,6.0,4.0,
7203,3,7301,29,,1.0,1,1.0,4.0,35.0
7204,1,7310,25,,1.0,2,1.0,4.0,40.0
7205,1,7303,74,,,1,6.0,2.0,
7206,1,7309,47,,1.0,2,1.0,4.0,50.0
7206,2,7309,49,,1.0,1,1.0,4.0,50.0
7206,3,7309,9,6.0,,2,,,
7207,1,7316,70,,,2,6.0,4.0,
7208,1,7306,36,,1.0,2,1.0,4.0,40.0
7208,2,7306,34,,1.0,1,1.0,4.0,40.0
7208,3,7306,32,,1.0,2,1.0,4.0,37.0
7209,1,7304,47,,7.0,1,1.0,4.0,40.0
7209,2,7304,40,15.0,1.0,2,1.0,4.0,27.0
7209,3,7304,13,10.0,,2,,,
7209,4,7304,10,7.0,,2,,,
7209,5,7304,13,10.0,,1,,,
7209,6,7304,13,8.0,,2,,,
7210,1,7304,54,,1.0,1,1.0,4.0,40.0
7210,2,7304,59,,,2,6.0,4.0,
7210,3,7304,23,,1.0,2,1.0,4.0,24.0
7210,4,7304,22,15.0,1.0,1,1.0,4.0,12.0
7211,1,7319,59,,2.0,2,1.0,4.0,20.0
7211,2,7319,45,,1.0,2,1.0,4.0,40.0
7212,1,7309,71,,,2,6.0,4.0,
7212,2,7309,74,,,1,6.0,2.0,
7213,1,7305,52,15.0,1.0,2,6.0,4.0,
7213,2,7305,53,,1.0,1,1.0,2.0,24.0
7213,3,7305,14,11.0,,1,,,
7213,4,7305,29,,3.0,1,1.0,4.0,32.0
7214,1,7321,61,,2.0,2,1.0,4.0,40.0
7214,2,7321,21,,7.0,1,1.0,4.0,40.0
7215,1,7313,43,,5.0,1,4.0,1.0,40.0
7215,2,7313,34,,1.0,2,1.0,2.0,50.0
7215,3,7313,0,,,2,,,
7216,1,7318,35,,1.0,2,1.0,4.0,40.0
7216,2,7318,42,,2.0,1,1.0,4.0,40.0
7216,3,7318,41,,1.0,2,1.0,4.0,20.0
7216,4,7318,32,,2.0,2,1.0,4.0,36.0
7216,5,7318,68,,1.0,1,1.0,4.0,40.0
7216,6,7318,66,,1.0,2,1.0,4.0,40.0
7216,7,7318,9,5.0,,1,,,
7216,8,7318,5,2.0,,1,,,
7217,1,7303,34,,1.0,1,1.0,4.0,40.0
7217,2,7303,33,15.0,1.0,2,6.0,4.0,
7217,3,7303,9,5.0,,1,,,
7217,4,7303,9,5.0,,1,,,
7217,5,7303,7,3.0,,2,,,
7217,6,7303,25,,6.0,2,2.0,4.0,23.0
7217,7,7303,27,,1.0,1,1.0,4.0,40.0
7218,1,7319,42,,1.0,1,1.0,4.0,32.0
7218,2,7319,47,,,2,6.0,4.0,
7218,3,7319,16,13.0,,1,6.0,,
7218,4,7319,10,7.0,,1,,,
7219,1,7322,88,,,2,6.0,4.0,
7219,2,7322,39,,1.0,1,3.0,4.0,
7220,1,7316,82,,,2,6.0,4.0,
7221,1,7315,28,,1.0,1,1.0,4.0,45.0
7222,1,7310,37,,1.0,1,1.0,4.0,47.0
7222,2,7310,32,,1.0,2,1.0,4.0,40.0
7222,3,7310,0,,,2,,,
7223,1,7305,40,,,2,6.0,4.0,
7223,2,7305,11,8.0,,1,,,
7223,3,7305,9,6.0,,2,,,
7223,4,7305,7,4.0,,1,,,
7223,5,7305,45,,1.0,1,1.0,4.0,60.0
7224,1,7310,55,,1.0,1,1.0,4.0,40.0
7224,2,7310,50,,2.0,2,1.0,4.0,35.0
7224,3,7310,9,6.0,,2,,,
7225,1,7317,63,,2.0,2,1.0,4.0,40.0
7225,2,7317,64,,7.0,1,1.0,4.0,60.0
7226,1,7301,23,,5.0,1,4.0,1.0,55.0
7226,2,7301,22,,5.0,2,4.0,1.0,55.0
7227,1,7306,67,,,2,6.0,2.0,
7227,2,7306,63,,,2,6.0,4.0,
7228,1,7302,94,,,1,6.0,2.0,
7228,2,7302,84,,,2,6.0,4.0,
7229,1,7322,64,,,1,6.0,4.0,
7229,2,7322,60,,1.0,2,1.0,4.0,40.0
7229,3,7322,40,,1.0,2,1.0,4.0,40.0
7229,4,7322,38,,1.0,1,1.0,4.0,40.0
7229,5,7322,23,,5.0,1,4.0,1.0,50.0
7229,6,7322,42,,1.0,1,1.0,4.0,40.0
7230,1,7309,60,,1.0,1,1.0,4.0,50.0
7230,2,7309,53,,2.0,2,1.0,4.0,50.0
7231,1,7310,54,,1.0,2,1.0,4.0,40.0
7231,2,7310,15,11.0,,2,,,
7232,1,7303,63,,,2,6.0,4.0,
7232,2,7303,35,,,2,6.0,4.0,
7232,3,7303,69,,,2,6.0,4.0,
7232,4,7303,17,13.0,,2,6.0,4.0,
7232,5,7303,13,10.0,,2,,,
7233,1,7318,56,,1.0,1,1.0,2.0,40.0
7233,2,7318,43,,2.0,2,1.0,4.0,40.0
7233,3,7318,31,,1.0,1,1.0,2.0,40.0
7233,4,7318,22,,1.0,2,3.0,4.0,
7233,5,7318,11,8.0,,2,,,
7234,1,7312,57,,5.0,1,1.0,4.0,40.0
7234,2,7312,64,,1.0,1,1.0,4.0,40.0
7235,1,7316,71,,1.0,1,1.0,4.0,20.0
7235,2,7316,75,,7.0,2,1.0,4.0,10.0
7236,1,7316,32,,1.0,1,1.0,4.0,40.0
7237,1,7305,72,,,1,6.0,2.0,
7237,2,7305,58,,1.0,2,1.0,4.0,20.0
7237,3,7305,66,,1.0,1,1.0,4.0,30.0
7237,4,7305,53,,1.0,1,1.0,4.0,40.0
7237,5,7305,37,,1.0,2,3.0,4.0,
7237,6,7305,17,13.0,9.0,2,3.0,4.0,
7237,7,7305,12,9.0,,1,,,
7237,8,7305,8,4.0,,1,,,
7237,9,7305,7,3.0,,1,,,
7238,1,7309,75,,,2,6.0,4.0,
7238,2,7309,46,,3.0,1,1.0,4.0,40.0
7239,1,7304,47,,6.0,1,1.0,4.0,40.0
7239,2,7304,58,,1.0,2,1.0,4.0,14.0
7239,3,7304,14,,,1,,,
7240,1,7321,64,,,2,6.0,4.0,
7240,2,7321,57,,1.0,1,1.0,4.0,30.0
7241,1,7303,81,,,1,6.0,2.0,
7241,2,7303,79,,,2,6.0,4.0,
7242,1,7314,70,,,1,6.0,4.0,
7242,2,7314,58,,1.0,2,1.0,4.0,32.0
7242,3,7314,25,15.0,1.0,1,1.0,4.0,36.0
7243,1,7304,39,,3.0,1,1.0,4.0,40.0
7244,1,7314,36,,1.0,1,1.0,4.0,40.0
7244,2,7314,38,,1.0,2,1.0,4.0,50.0
7244,3,7314,1,,,1,,,
7245,1,7313,61,,,2,6.0,4.0,
7246,1,7309,39,,1.0,1,1.0,4.0,45.0
7246,2,7309,38,,1.0,2,1.0,4.0,40.0
7246,3,7309,6,3.0,,2,,,
7246,4,7309,5,1.0,,1,,,
7247,1,7315,22,,1.0,2,3.0,4.0,25.0
7247,2,7315,0,,,1,,,
7248,1,7316,28,16.0,5.0,2,1.0,4.0,40.0
7249,1,7306,57,,,2,6.0,4.0,
7249,2,7306,56,,6.0,1,1.0,4.0,40.0
7250,1,7308,65,,2.0,1,1.0,4.0,16.0
7250,2,7308,60,,1.0,2,1.0,4.0,40.0
7251,1,7304,90,,6.0,1,1.0,2.0,30.0
7251,2,7304,59,,3.0,2,3.0,4.0,8.0
7252,1,7308,51,,3.0,2,1.0,4.0,40.0
7252,2,7308,61,,1.0,1,1.0,4.0,40.0
7253,1,7317,90,,,1,6.0,4.0,
7253,2,7317,80,,,2,6.0,4.0,
7254,1,7318,44,,1.0,2,1.0,4.0,40.0
7255,1,7312,29,16.0,4.0,1,1.0,4.0,50.0
7256,1,7308,26,,1.0,1,1.0,4.0,60.0
7256,2,7308,25,,1.0,1,1.0,4.0,40.0
7256,3,7308,23,,1.0,1,1.0,4.0,40.0
7256,4,7308,23,,1.0,2,1.0,4.0,40.0
7257,1,7313,29,,1.0,1,1.0,4.0,40.0
7257,2,7313,29,,,2,6.0,4.0,
7257,3,7313,6,2.0,,1,,,
7258,1,7315,49,,1.0,1,1.0,2.0,40.0
7259,1,7316,29,,5.0,1,4.0,1.0,40.0
7259,2,7316,28,,1.0,2,1.0,4.0,40.0
7260,1,7314,28,15.0,5.0,1,4.0,1.0,15.0
7260,2,7314,48,,1.0,2,1.0,4.0,35.0
7261,1,7308,75,,,2,6.0,4.0,
7261,2,7308,79,,,1,6.0,2.0,
7261,3,7308,44,,3.0,2,1.0,4.0,40.0
7262,1,7321,44,,1.0,2,1.0,4.0,40.0
7262,2,7321,14,10.0,,2,,,
7262,3,7321,68,,,2,6.0,4.0,
7263,1,7303,66,,,1,6.0,2.0,
7263,2,7303,56,,5.0,2,1.0,4.0,40.0
7263,3,7303,7,4.0,,1,,,
7264,1,7318,37,,1.0,2,1.0,4.0,38.0
7264,2,7318,41,,1.0,1,1.0,4.0,40.0
7264,3,7318,13,9.0,,1,,,
7264,4,7318,10,7.0,,2,,,
7264,5,7318,8,4.0,,1,,,
7264,6,7318,65,,,2,6.0,4.0,
7264,7,7318,64,,,1,6.0,4.0,
7265,1,7314,57,,6.0,2,1.0,4.0,15.0
7265,2,7314,57,,4.0,1,1.0,2.0,40.0
7265,3,7314,12,8.0,,1,,,
7266,1,7313,44,,3.0,2,1.0,4.0,40.0
7266,2,7313,45,,3.0,1,1.0,4.0,45.0
7266,3,7313,11,8.0,,2,,,
7267,1,7320,46,,1.0,1,1.0,2.0,40.0
7267,2,7320,44,,5.0,2,1.0,4.0,44.0
7267,3,7320,24,16.0,,2,6.0,4.0,
7268,1,7311,54,,1.0,1,1.0,4.0,40.0
7268,2,7311,50,,1.0,2,1.0,4.0,40.0
7268,3,7311,17,14.0,1.0,1,6.0,4.0,
7269,1,7316,24,,3.0,2,1.0,4.0,32.0
7269,2,7316,24,,6.0,1,1.0,4.0,40.0
7270,1,7306,38,,1.0,2,1.0,4.0,8.0
7270,2,7306,44,,1.0,1,1.0,4.0,10.0
7270,3,7306,7,2.0,,2,,,
7270,4,7306,0,,,2,,,
7271,1,7308,81,,5.0,1,1.0,2.0,20.0
7271,2,7308,72,,2.0,2,1.0,4.0,36.0
7272,1,7314,73,,,1,6.0,2.0,
7272,2,7314,77,,,1,6.0,2.0,
7273,1,7308,74,,,1,6.0,2.0,
7273,2,7308,74,,,2,6.0,4.0,
7273,3,7308,50,,1.0,1,1.0,4.0,35.0
7273,4,7308,46,,,2,6.0,4.0,
7274,1,7321,79,,,1,6.0,4.0,
7274,2,7321,79,,,2,6.0,4.0,
7275,1,7317,62,,3.0,2,1.0,4.0,40.0
7275,2,7317,29,,,2,6.0,4.0,
7276,1,7302,75,,,2,6.0,4.0,
7277,1,7314,47,,5.0,2,1.0,2.0,40.0
7278,1,7315,30,,1.0,2,1.0,4.0,24.0
7278,2,7315,33,,3.0,1,1.0,4.0,28.0
7278,3,7315,2,,,2,,,
7279,1,7309,38,,6.0,1,1.0,4.0,50.0
7279,2,7309,36,,1.0,2,6.0,4.0,
7279,3,7309,4,1.0,,1,,,
7279,4,7309,3,1.0,,2,,,
7279,5,7309,1,,,1,,,
7280,1,7313,66,,,2,6.0,4.0,
7280,2,7313,76,,1.0,2,1.0,4.0,60.0
7281,1,7318,23,15.0,1.0,2,1.0,4.0,20.0
7281,2,7318,23,,1.0,2,1.0,4.0,40.0
7281,3,7318,55,,1.0,2,6.0,4.0,40.0
7282,1,7302,24,,1.0,2,1.0,4.0,35.0
7282,2,7302,26,,1.0,2,1.0,4.0,40.0
7283,1,7308,69,,2.0,2,1.0,4.0,38.0
7284,1,7301,31,,3.0,1,1.0,4.0,55.0
7285,1,7315,55,,1.0,1,1.0,4.0,40.0
7285,2,7315,56,,3.0,2,1.0,4.0,6.0
7286,1,7320,36,,1.0,1,1.0,4.0,40.0
7286,2,7320,38,,1.0,2,6.0,4.0,
7286,3,7320,2,,,2,,,
7286,4,7320,38,,1.0,1,1.0,4.0,32.0
7287,1,7322,76,,,1,6.0,4.0,
7287,2,7322,64,,1.0,1,6.0,2.0,40.0
7288,1,7312,62,,7.0,1,1.0,4.0,40.0
7288,2,7312,50,,1.0,2,6.0,4.0,
7288,3,7312,23,15.0,1.0,1,1.0,4.0,4.0
7288,4,7312,22,15.0,1.0,2,6.0,4.0,
7288,5,7312,19,15.0,1.0,1,6.0,4.0,
7288,6,7312,14,11.0,,1,,,
7288,7,7312,9,5.0,,2,,,
7289,1,7318,66,,,2,6.0,4.0,
7290,1,7317,20,15.0,1.0,2,1.0,4.0,18.0
7290,2,7317,21,15.0,1.0,2,1.0,4.0,15.0
7290,3,7317,20,15.0,1.0,2,1.0,4.0,20.0
7290,4,7317,20,15.0,1.0,2,1.0,4.0,20.0
7291,1,7306,39,,,2,6.0,4.0,
7291,2,7306,33,,6.0,1,1.0,4.0,22.0
7292,1,7319,47,,1.0,1,1.0,4.0,40.0
7292,2,7319,45,,3.0,2,1.0,4.0,40.0
7292,3,7319,13,10.0,,2,,,
7292,4,7319,11,8.0,,1,,,
7293,1,7322,61,,,2,6.0,4.0,
7293,2,7322,42,,1.0,1,1.0,4.0,40.0
7294,1,7317,33,,1.0,2,6.0,4.0,40.0
7294,2,7317,25,,4.0,1,1.0,4.0,40.0
7294,3,7317,4,1.0,,1,,,
7294,4,7317,0,,,2,,,
7294,5,7317,18,14.0,3.0,2,6.0,4.0,4.0
7295,1,7311,87,,,2,6.0,4.0,
7295,2,7311,56,,1.0,1,1.0,4.0,40.0
7295,3,7311,18,15.0,,2,6.0,4.0,
7296,1,7321,38,,9.0,2,3.0,4.0,
7296,2,7321,40,,1.0,1,1.0,4.0,40.0
7296,3,7321,19,15.0,9.0,2,3.0,4.0,
7296,4,7321,42,,9.0,2,3.0,4.0,
7297,1,7313,82,,,2,6.0,4.0,
7298,1,7321,65,,,2,6.0,2.0,
7299,1,7315,43,,1.0,2,1.0,4.0,40.0
7299,2,7315,31,,1.0,2,1.0,4.0,40.0
7300,1,7307,22,,1.0,1,1.0,4.0,45.0
7300,2,7307,20,,1.0,2,2.0,4.0,30.0
7300,3,7307,0,,,1,,,
7301,1,7302,61,,6.0,1,1.0,4.0,30.0
7301,2,7302,62,,4.0,2,3.0,4.0,30.0
7302,1,7304,76,,,1,6.0,4.0,
7303,1,7310,55,,1.0,2,1.0,4.0,40.0
7303,2,7310,20,15.0,1.0,2,6.0,4.0,40.0
7304,1,7304,45,,3.0,2,3.0,4.0,28.0
7304,2,7304,47,,3.0,1,1.0,2.0,56.0
7304,3,7304,14,10.0,,1,,,
7304,4,7304,11,8.0,,2,,,
7305,1,7302,68,,1.0,2,6.0,4.0,
7306,1,7304,74,,1.0,1,1.0,4.0,35.0
7306,2,7304,76,,,2,6.0,4.0,
7307,1,7301,60,,1.0,2,1.0,4.0,39.0
7307,2,7301,19,15.0,1.0,2,1.0,4.0,20.0
7307,3,7301,17,14.0,1.0,2,6.0,4.0,3.0
7308,1,7320,51,,1.0,2,1.0,4.0,40.0
7308,2,7320,51,,1.0,1,1.0,4.0,40.0
7308,3,7320,66,,,2,6.0,4.0,
7308,4,7320,19,,1.0,2,1.0,4.0,18.0
7309,1,7301,59,,1.0,1,1.0,4.0,30.0
7309,2,7301,62,,,2,6.0,4.0,
7310,1,7306,58,,1.0,2,1.0,3.0,40.0
7311,1,7301,43,,1.0,2,1.0,4.0,40.0
7311,2,7301,22,15.0,1.0,1,1.0,4.0,40.0
7311,3,7301,60,,1.0,2,1.0,4.0,40.0
7312,1,7304,81,,,1,6.0,4.0,
7312,2,7304,80,,,2,6.0,4.0,
7313,1,7316,35,,1.0,2,1.0,4.0,40.0
7314,1,7305,60,,1.0,1,1.0,4.0,48.0
7314,2,7305,64,,1.0,2,6.0,4.0,
7315,1,7319,44,,1.0,1,1.0,4.0,40.0
7315,2,7319,44,,1.0,2,1.0,4.0,25.0
7315,3,7319,17,14.0,,2,6.0,4.0,
7315,4,7319,15,12.0,,2,,,
7315,5,7319,12,9.0,,2,,,
7316,1,7308,29,,1.0,2,1.0,4.0,40.0
7316,2,7308,34,,1.0,1,1.0,4.0,40.0
7317,1,7301,71,,1.0,2,1.0,4.0,40.0
7317,2,7301,68,,1.0,1,1.0,4.0,40.0
7318,1,7307,28,15.0,2.0,1,1.0,4.0,40.0
7318,2,7307,33,,2.0,2,1.0,4.0,40.0
7319,1,7318,50,,1.0,1,1.0,4.0,40.0
7319,2,7318,49,,1.0,2,1.0,4.0,40.0
7320,1,7310,79,,1.0,1,1.0,2.0,20.0
7320,2,7310,77,,,2,6.0,4.0,
7321,1,7303,37,,4.0,1,1.0,4.0,40.0
7321,2,7303,17,13.0,1.0,1,1.0,4.0,25.0
7321,3,7303,14,10.0,,1,,,
7321,4,7303,37,,1.0,1,1.0,2.0,28.0
7322,1,7315,43,15.0,1.0,2,1.0,4.0,50.0
7322,2,7315,44,15.0,2.0,1,1.0,4.0,40.0
7323,1,7314,28,,1.0,1,1.0,4.0,40.0
7323,2,7314,23,15.0,1.0,1,1.0,4.0,21.0
7324,1,7308,64,,,2,6.0,4.0,
7324,2,7308,59,,7.0,1,1.0,4.0,35.0
7325,1,7310,40,,1.0,2,1.0,4.0,40.0
7325,2,7310,49,,1.0,1,1.0,4.0,40.0
7325,3,7310,5,1.0,,1,,,
7325,4,7310,2,,,2,,,
7326,1,7317,74,,,2,6.0,4.0,
7326,2,7317,76,,,1,6.0,2.0,
7326,3,7317,46,,,2,6.0,4.0,
7327,1,7309,56,,1.0,2,1.0,4.0,40.0
7328,1,7316,55,,2.0,1,1.0,2.0,15.0
7328,2,7316,35,,2.0,2,1.0,4.0,40.0
7329,1,7312,43,,1.0,1,1.0,4.0,40.0
7329,2,7312,2,,,1,,,
7330,1,7306,65,,1.0,2,1.0,4.0,35.0
7330,2,7306,59,,1.0,1,1.0,2.0,28.0
7330,3,7306,31,,1.0,1,1.0,4.0,80.0
7330,4,7306,2,,,2,,,
7330,5,7306,30,,3.0,2,1.0,4.0,40.0
7331,1,7308,62,,1.0,1,1.0,4.0,40.0
7331,2,7308,56,,1.0,2,1.0,4.0,40.0
7332,1,7312,70,,,2,6.0,4.0,
7332,2,7312,44,,1.0,2,1.0,4.0,40.0
7332,3,7312,18,15.0,1.0,2,1.0,4.0,20.0
7332,4,7312,16,13.0,9.0,1,3.0,,
7332,5,7312,11,9.0,,2,,,
7332,6,7312,43,,6.0,1,1.0,4.0,40.0
7333,1,7318,86,,,2,6.0,4.0,
7333,2,7318,60,,,1,6.0,4.0,
7334,1,7306,58,,1.0,1,1.0,4.0,32.0
7334,2,7306,50,,,2,6.0,4.0,
7334,3,7306,18,15.0,1.0,2,1.0,4.0,20.0
7334,4,7306,16,12.0,,2,6.0,,
7334,5,7306,12,8.0,,2,,,
7334,6,7306,68,,1.0,1,6.0,4.0,40.0
7334,7,7306,62,,1.0,2,1.0,4.0,31.0
7335,1,7315,55,,3.0,1,6.0,4.0,
7335,2,7315,54,,1.0,2,1.0,4.0,40.0
7336,1,7311,42,,1.0,1,1.0,4.0,40.0
7336,2,7311,41,,1.0,2,1.0,4.0,40.0
7337,1,7311,33,,7.0,2,1.0,4.0,40.0
7337,2,7311,31,,7.0,1,1.0,4.0,40.0
7338,1,7303,64,,,1,6.0,4.0,
7339,1,7311,51,,5.0,2,1.0,4.0,40.0
7339,2,7311,58,,,1,6.0,2.0,
7339,3,7311,17,14.0,,1,6.0,4.0,
7340,1,7313,33,,1.0,2,1.0,4.0,41.0
7340,2,7313,36,,1.0,1,1.0,4.0,50.0
7340,3,7313,4,1.0,,1,,,
7340,4,7313,14,10.0,,1,,,
7341,1,7303,51,,1.0,2,1.0,4.0,40.0
7341,2,7303,42,,6.0,1,1.0,4.0,25.0
7341,3,7303,18,14.0,1.0,1,1.0,4.0,20.0
7341,4,7303,16,12.0,,1,6.0,,
7341,5,7303,85,,,2,6.0,4.0,
7342,1,7305,32,,6.0,1,1.0,4.0,40.0
7343,1,7315,77,,,2,6.0,4.0,
7343,2,7315,89,,,1,6.0,2.0,
7344,1,7310,34,,4.0,1,1.0,4.0,55.0
7344,2,7310,29,16.0,4.0,2,1.0,4.0,40.0
7345,1,7316,37,,6.0,1,1.0,4.0,28.0
7346,1,7302,88,,,2,6.0,4.0,
7346,2,7302,61,,,1,6.0,2.0,
7346,3,7302,8,6.0,,1,,,
7347,1,7311,57,,1.0,1,1.0,4.0,40.0
7347,2,7311,53,,1.0,2,1.0,4.0,40.0
7347,3,7311,17,14.0,,1,6.0,4.0,
7348,1,7308,52,,3.0,2,1.0,4.0,40.0
7348,2,7308,54,,1.0,1,1.0,4.0,40.0
7348,3,7308,20,15.0,1.0,1,6.0,4.0,
7348,4,7308,19,15.0,,2,6.0,4.0,
7348,5,7308,14,10.0,,1,,,
7349,1,7310,62,,2.0,2,6.0,4.0,
7349,2,7310,71,,1.0,1,1.0,4.0,60.0
7350,1,7313,57,,1.0,2,1.0,4.0,40.0
7351,1,7308,44,,3.0,2,1.0,4.0,40.0
7351,2,7308,43,,5.0,1,1.0,4.0,44.0
7351,3,7308,16,12.0,,2,6.0,,
7351,4,7308,15,11.0,,1,,,
7351,5,7308,12,8.0,,2,,,
7351,6,7308,6,3.0,,1,,,
7352,1,7315,36,,5.0,1,4.0,1.0,60.0
7352,2,7315,33,,1.0,2,3.0,4.0,30.0
7353,1,7312,21,15.0,2.0,1,2.0,4.0,35.0
7353,2,7312,20,15.0,2.0,1,2.0,4.0,22.0
7353,3,7312,20,15.0,4.0,1,1.0,4.0,15.0
7354,1,7305,21,15.0,1.0,2,1.0,4.0,25.0
7355,1,7313,56,,1.0,1,1.0,4.0,40.0
7355,2,7313,51,,1.0,2,1.0,4.0,40.0
7355,3,7313,21,15.0,1.0,2,1.0,4.0,20.0
7356,1,7321,54,,1.0,1,6.0,4.0,40.0
7356,2,7321,48,,,2,6.0,4.0,
7356,3,7321,16,13.0,,2,6.0,,
7357,1,7314,33,15.0,1.0,1,1.0,4.0,40.0
7357,2,7314,34,,1.0,2,1.0,4.0,40.0
7357,3,7314,2,,,1,,,
7357,4,7314,63,,,2,6.0,4.0,
7358,1,7315,49,,1.0,1,1.0,4.0,50.0
7358,2,7315,49,,1.0,2,1.0,4.0,40.0
7358,3,7315,17,13.0,,1,6.0,4.0,
7358,4,7315,15,11.0,,1,,,
7359,1,7314,39,,6.0,2,1.0,4.0,48.0
7359,2,7314,41,,1.0,1,1.0,2.0,40.0
7359,3,7314,7,4.0,,1,,,
7360,1,7304,32,,2.0,2,6.0,4.0,20.0
7360,2,7304,33,,1.0,1,1.0,4.0,42.0
7361,1,7310,61,,4.0,2,1.0,4.0,40.0
7362,1,7317,52,,7.0,1,1.0,4.0,50.0
7362,2,7317,44,,1.0,2,1.0,4.0,40.0
7362,3,7317,12,9.0,,2,,,
7362,4,7317,10,6.0,,1,,,
7363,1,7314,56,,1.0,2,1.0,4.0,40.0
7363,2,7314,59,,1.0,1,1.0,4.0,45.0
7364,1,7322,22,,1.0,1,1.0,4.0,84.0
7364,2,7322,21,,,2,6.0,4.0,
7364,3,7322,1,,,1,,,
7365,1,7318,58,,,2,6.0,4.0,
7366,1,7319,37,,3.0,2,1.0,4.0,40.0
7366,2,7319,15,12.0,,2,,,
7366,3,7319,3,1.0,,1,,,
7367,1,7305,61,,6.0,1,1.0,4.0,30.0
7367,2,7305,59,,1.0,2,6.0,4.0,15.0
7368,1,7302,30,,2.0,2,1.0,4.0,30.0
7368,2,7302,34,,6.0,1,1.0,4.0,20.0
7368,3,7302,3,,,1,,,
7368,4,7302,1,,,1,,,
7369,1,7318,40,,1.0,1,1.0,2.0,40.0
7369,2,7318,16,13.0,,1,6.0,,
7369,3,7318,62,,6.0,2,6.0,4.0,
7370,1,7308,40,,2.0,2,1.0,4.0,40.0
7370,2,7308,9,6.0,,2,,,
7370,3,7308,5,2.0,,1,,,
7371,1,7310,34,15.0,1.0,2,1.0,4.0,40.0
7371,2,7310,35,15.0,1.0,1,1.0,4.0,50.0
7371,3,7310,5,2.0,,1,,,
7371,4,7310,60,16.0,,2,6.0,4.0,
7372,1,7303,62,,1.0,1,1.0,4.0,40.0
7372,2,7303,56,,,2,6.0,4.0,
7372,3,7303,31,,6.0,2,1.0,4.0,12.0
7372,4,7303,18,15.0,1.0,1,1.0,4.0,5.0
7373,1,7304,94,,,2,6.0,4.0,
7374,1,7317,57,,3.0,2,1.0,4.0,40.0
7374,2,7317,60,,2.0,1,1.0,4.0,40.0
7375,1,7304,61,,1.0,1,6.0,4.0,
7375,2,7304,65,,2.0,2,1.0,4.0,40.0
7376,1,7310,56,,1.0,2,1.0,4.0,40.0
7376,2,7310,51,,7.0,1,1.0,4.0,40.0
7376,3,7310,16,13.0,,2,6.0,,
7376,4,7310,14,11.0,,2,,,
7377,1,7301,65,,6.0,1,1.0,4.0,16.0
7377,2,7301,69,,6.0,2,6.0,4.0,
7378,1,7319,53,,6.0,1,1.0,4.0,30.0
7379,1,7309,44,,1.0,1,1.0,4.0,51.0
7380,1,7303,44,,,2,6.0,4.0,
7380,2,7303,49,,1.0,1,1.0,4.0,40.0
7380,3,7303,9,5.0,,2,,,
7381,1,7303,32,,1.0,2,6.0,4.0,
7381,2,7303,33,,3.0,1,1.0,4.0,8.0
7381,3,7303,3,1.0,,2,,,
7381,4,7303,26,,1.0,2,1.0,4.0,40.0
7381,5,7303,24,,1.0,1,1.0,4.0,40.0
7382,1,7321,46,,1.0,2,1.0,4.0,40.0
7382,2,7321,21,15.0,1.0,1,1.0,4.0,15.0
7383,1,7314,51,,1.0,2,3.0,4.0,
7383,2,7314,50,,5.0,1,1.0,2.0,50.0
7384,1,7311,43,,1.0,1,1.0,4.0,50.0
7384,2,7311,43,,7.0,2,1.0,4.0,40.0
7385,1,7310,25,,5.0,2,4.0,1.0,60.0
7385,2,7310,28,,5.0,1,4.0,1.0,60.0
7386,1,7305,31,,1.0,1,1.0,4.0,50.0
7386,2,7305,37,,1.0,2,2.0,4.0,40.0
7386,3,7305,4,1.0,,1,,,
7386,4,7305,0,,,2,,,
7387,1,7316,94,,,1,6.0,4.0,
7388,1,7309,61,,1.0,1,6.0,4.0,
7388,2,7309,58,,,2,6.0,4.0,
7389,1,7310,50,,2.0,1,1.0,4.0,65.0
7389,2,7310,82,,,2,6.0,4.0,
7390,1,7302,69,,,1,6.0,2.0,
7390,2,7302,68,,,2,6.0,4.0,
7391,1,7305,79,,7.0,1,6.0,4.0,
7391,2,7305,83,,,2,6.0,4.0,
7391,3,7305,62,,,2,6.0,4.0,
7392,1,7319,70,,1.0,2,6.0,4.0,
7393,1,7304,70,15.0,,2,6.0,4.0,
7394,1,7312,74,16.0,,2,6.0,4.0,
7394,2,7312,37,,1.0,1,6.0,4.0,20.0
7394,3,7312,21,15.0,1.0,2,1.0,4.0,20.0
7395,1,7321,84,,,1,6.0,2.0,
7396,1,7306,76,,,1,6.0,2.0,
7397,1,7316,28,,1.0,1,1.0,4.0,50.0
7398,1,7313,60,,1.0,1,6.0,2.0,60.0
7399,1,7322,36,,1.0,2,1.0,4.0,18.0
7399,2,7322,37,,7.0,1,1.0,4.0,40.0
7399,3,7322,9,5.0,,1,,,
7399,4,7322,7,4.0,,1,,,
7400,1,7308,39,,1.0,2,1.0,4.0,25.0
7400,2,7308,44,,3.0,1,1.0,4.0,50.0
7400,3,7308,8,4.0,,1,,,
7401,1,7319,60,,2.0,2,1.0,4.0,32.0
7401,2,7319,33,,1.0,1,1.0,4.0,40.0
7402,1,7320,50,,1.0,1,1.0,4.0,40.0
7402,2,7320,50,,1.0,2,1.0,4.0,40.0
7402,3,7320,19,15.0,2.0,2,6.0,4.0,4.0
7402,4,7320,15,12.0,,1,,,
7403,1,7321,52,,1.0,2,1.0,4.0,60.0
7403,2,7321,30,16.0,1.0,2,1.0,4.0,12.0
7404,1,7310,39,,7.0,1,1.0,4.0,65.0
7404,2,7310,37,,1.0,2,1.0,4.0,40.0
7404,3,7310,2,,,2,,,
7405,1,7304,58,,6.0,2,1.0,4.0,40.0
7405,2,7304,19,15.0,1.0,1,6.0,4.0,
7406,1,7310,58,,1.0,2,1.0,4.0,40.0
7407,1,7307,48,,1.0,1,1.0,2.0,50.0
7407,2,7307,16,13.0,1.0,2,1.0,,25.0
7407,3,7307,15,12.0,,1,,,
7407,4,7307,42,,1.0,2,1.0,4.0,35.0
7408,1,7306,32,,1.0,1,1.0,4.0,40.0
7408,2,7306,27,,1.0,2,1.0,4.0,40.0
7409,1,7305,64,,7.0,2,6.0,4.0,
7409,2,7305,77,,,1,6.0,4.0,
7409,3,7305,19,,1.0,1,1.0,4.0,24.0
7410,1,7314,65,,,1,6.0,4.0,
7410,2,7314,57,,1.0,2,1.0,4.0,20.0
7411,1,7317,28,,1.0,2,1.0,4.0,40.0
7411,2,7317,4,,,2,,,
7412,1,7316,37,,4.0,2,6.0,4.0,
7412,2,7316,39,,4.0,1,1.0,4.0,60.0
7412,3,7316,4,1.0,,2,,,
7413,1,7314,68,,6.0,1,1.0,4.0,38.0
7413,2,7314,43,,3.0,2,2.0,4.0,37.0
7414,1,7316,39,,4.0,2,1.0,4.0,40.0
7415,1,7311,67,,1.0,1,1.0,4.0,50.0
7415,2,7311,62,,2.0,2,6.0,4.0,
7416,1,7315,86,,,2,6.0,4.0,
7417,1,7320,31,,1.0,2,1.0,2.0,35.0
7417,2,7320,32,,5.0,1,4.0,1.0,15.0
7417,3,7320,9,6.0,,2,,,
7417,4,7320,6,3.0,,1,,,
7418,1,7304,76,,,2,6.0,4.0,
7419,1,7310,36,,5.0,1,4.0,1.0,40.0
7419,2,7310,36,,1.0,2,6.0,4.0,
7419,3,7310,3,,,1,,,
7419,4,7310,0,,,1,,,
7420,1,7318,48,,1.0,1,1.0,4.0,46.0
7420,2,7318,44,,,2,6.0,4.0,
7420,3,7318,21,15.0,1.0,1,1.0,4.0,40.0
7420,4,7318,18,15.0,1.0,2,1.0,4.0,40.0
7420,5,7318,10,7.0,,1,,,
7421,1,7318,32,,1.0,2,1.0,4.0,40.0
7421,2,7318,33,,1.0,1,1.0,4.0,35.0
7421,3,7318,3,,,2,,,
7421,4,7318,0,,,2,,,
7422,1,7304,44,,4.0,1,1.0,4.0,40.0
7422,2,7304,44,,4.0,2,1.0,4.0,40.0
7422,3,7304,7,3.0,,2,,,
7423,1,7319,51,,1.0,2,1.0,4.0,45.0
7423,2,7319,42,,6.0,1,1.0,2.0,30.0
7423,3,7319,14,11.0,,2,,,
7423,4,7319,12,9.0,,2,,,
7424,1,7317,81,,,1,6.0,4.0,
7425,1,7314,72,,2.0,2,1.0,4.0,40.0
7425,2,7314,31,,2.0,1,1.0,4.0,30.0
7425,3,7314,2,,,1,,,
7425,4,7314,24,,6.0,2,6.0,4.0,1.0
7426,1,7307,45,,3.0,2,1.0,4.0,40.0
7426,2,7307,17,14.0,,1,6.0,4.0,
7426,3,7307,73,,,1,6.0,4.0,
7426,4,7307,71,,1.0,2,1.0,4.0,40.0
7426,5,7307,10,8.0,,2,,,
7426,6,7307,3,,,1,,,
7427,1,7305,44,,1.0,1,1.0,4.0,40.0
7427,2,7305,48,,1.0,2,1.0,4.0,40.0
7427,3,7305,14,10.0,,2,,,
7427,4,7305,11,8.0,,1,,,
7428,1,7301,73,,,1,6.0,2.0,
7428,2,7301,66,,9.0,2,3.0,4.0,
7429,1,7318,80,,,1,6.0,4.0,
7429,2,7318,59,,2.0,2,3.0,4.0,
7429,3,7318,36,,1.0,2,1.0,4.0,40.0
7430,1,7308,66,,,2,6.0,4.0,
7430,2,7308,39,,1.0,1,1.0,4.0,40.0
7431,1,7312,43,,8.0,2,6.0,4.0,
7432,1,7306,46,,1.0,1,1.0,4.0,45.0
7433,1,7313,32,,4.0,2,1.0,4.0,28.0
7433,2,7313,78,,,2,6.0,4.0,
7434,1,7320,46,,1.0,1,1.0,4.0,50.0
7434,2,7320,44,,1.0,2,1.0,4.0,40.0
7434,3,7320,6,2.0,,2,,,
7434,4,7320,17,14.0,,1,6.0,4.0,
7434,5,7320,12,8.0,,1,,,
7435,1,7301,94,,,2,6.0,4.0,
7436,1,7303,40,,1.0,2,1.0,4.0,40.0
7436,2,7303,14,11.0,,1,,,
7436,3,7303,11,8.0,,2,,,
7437,1,7317,25,16.0,1.0,2,6.0,4.0,15.0
7437,2,7317,27,,1.0,1,1.0,4.0,40.0
7438,1,7309,49,,1.0,1,1.0,3.0,60.0
7438,2,7309,52,,6.0,2,1.0,4.0,50.0
7439,1,7316,42,,1.0,2,1.0,4.0,40.0
7439,2,7316,40,,2.0,1,1.0,2.0,40.0
7439,3,7316,18,14.0,1.0,1,6.0,4.0,40.0
7439,4,7316,18,15.0,,2,6.0,4.0,
7440,1,7307,67,,6.0,1,1.0,4.0,40.0
7440,2,7307,34,,6.0,1,6.0,4.0,
7441,1,7315,66,15.0,1.0,2,6.0,4.0,
7441,2,7315,67,,6.0,1,1.0,4.0,40.0
7442,1,7321,31,,1.0,1,1.0,4.0,40.0
7443,1,7301,21,,5.0,1,4.0,1.0,54.0
7443,2,7301,22,,1.0,2,1.0,4.0,39.0
7444,1,7317,60,,,2,6.0,2.0,
7445,1,7317,57,,6.0,1,1.0,4.0,35.0
7446,1,7301,90,,,2,6.0,4.0,
7447,1,7302,67,,6.0,1,1.0,4.0,25.0
7447,2,7302,64,,1.0,2,1.0,4.0,18.0
7448,1,7316,45,,1.0,2,1.0,4.0,30.0
7448,2,7316,24,,1.0,2,1.0,4.0,24.0
7448,3,7316,6,2.0,,1,,,
7449,1,7301,64,,2.0,2,1.0,4.0,50.0
7450,1,7316,35,,1.0,2,1.0,4.0,45.0
7450,2,7316,35,,1.0,1,1.0,4.0,45.0
7450,3,7316,0,,,2,,,
7451,1,7317,36,,1.0,1,1.0,4.0,60.0
7451,2,7317,33,,,2,6.0,4.0,
7451,3,7317,1,,,1,,,
7452,1,7321,77,,,1,6.0,2.0,
7453,1,7308,49,,1.0,1,1.0,4.0,50.0
7453,2,7308,43,,,2,6.0,4.0,
7453,3,7308,15,11.0,,2,,,
7453,4,7308,11,7.0,,1,,,
7454,1,7308,44,,1.0,1,1.0,4.0,50.0
7454,2,7308,46,,1.0,2,1.0,4.0,40.0
7454,3,7308,12,8.0,,2,,,
7454,4,7308,8,6.0,,2,,,
7455,1,7301,73,,1.0,1,6.0,2.0,
7455,2,7301,74,,,2,6.0,4.0,
7456,1,7311,48,,1.0,1,3.0,4.0,40.0
7456,2,7311,46,,,2,6.0,4.0,
7456,3,7311,16,12.0,,1,6.0,,
7456,4,7311,12,8.0,,1,,,
7457,1,7309,51,,,2,6.0,4.0,
7457,2,7309,49,,2.0,1,1.0,4.0,30.0
7457,3,7309,15,12.0,,1,,,
7457,4,7309,11,7.0,,1,,,
7458,1,7311,54,,7.0,1,1.0,4.0,50.0
7458,2,7311,54,,7.0,2,1.0,4.0,50.0
7458,3,7311,22,15.0,1.0,1,1.0,4.0,35.0
7459,1,7305,86,,,1,6.0,2.0,
7460,1,7320,58,,1.0,2,1.0,4.0,40.0
7460,2,7320,59,,1.0,1,1.0,2.0,40.0
7460,3,7320,30,,1.0,2,1.0,4.0,40.0
7461,1,7301,59,,2.0,2,1.0,4.0,50.0
7461,2,7301,83,,2.0,2,1.0,4.0,25.0
7462,1,7310,40,,7.0,2,1.0,4.0,40.0
7462,2,7310,50,,7.0,1,1.0,4.0,50.0
7462,3,7310,17,13.0,1.0,1,6.0,4.0,15.0
7463,1,7307,83,,,2,6.0,4.0,
7464,1,7307,44,,1.0,1,1.0,2.0,40.0
7464,2,7307,39,,1.0,2,1.0,4.0,40.0
7464,3,7307,12,10.0,,2,,,
7465,1,7320,73,,,2,6.0,4.0,
7465,2,7320,53,,1.0,2,1.0,4.0,40.0
7465,3,7320,25,,1.0,2,3.0,4.0,12.0
7465,4,7320,17,14.0,,1,6.0,4.0,
7466,1,7317,51,,6.0,1,1.0,4.0,40.0
7467,1,7302,62,,,1,6.0,2.0,
7468,1,7307,52,,3.0,2,1.0,4.0,17.0
7468,2,7307,50,,3.0,1,1.0,4.0,40.0
7468,3,7307,28,,3.0,2,1.0,4.0,40.0
7468,4,7307,20,15.0,1.0,1,1.0,4.0,16.0
7468,5,7307,18,15.0,1.0,2,1.0,4.0,6.0
7468,6,7307,30,,1.0,1,1.0,4.0,40.0
7469,1,7311,46,,1.0,1,1.0,4.0,40.0
7469,2,7311,46,,6.0,2,1.0,4.0,30.0
7469,3,7311,16,13.0,,1,6.0,,
7469,4,7311,10,6.0,,2,,,
7470,1,7316,76,,,1,6.0,2.0,
7471,1,7301,33,,1.0,1,1.0,3.0,50.0
7471,2,7301,32,,1.0,2,1.0,4.0,20.0
7471,3,7301,0,,,1,,,
7472,1,7321,51,,1.0,2,1.0,4.0,40.0
7472,2,7321,26,,1.0,1,1.0,4.0,40.0
7472,3,7321,22,,1.0,1,1.0,4.0,40.0
7472,4,7321,22,,1.0,2,1.0,4.0,40.0
7473,1,7301,26,15.0,5.0,1,4.0,1.0,50.0
7473,2,7301,26,,1.0,2,1.0,4.0,10.0
7474,1,7314,32,,5.0,1,4.0,1.0,50.0
7474,2,7314,33,16.0,6.0,2,1.0,4.0,10.0
7474,3,7314,11,7.0,,2,,,
7474,4,7314,7,3.0,,1,,,
7474,5,7314,13,9.0,,2,,,
7475,1,7303,45,,7.0,1,1.0,4.0,25.0
7475,2,7303,42,,1.0,2,1.0,4.0,40.0
7475,3,7303,14,11.0,,2,,,
7476,1,7315,56,,1.0,2,6.0,4.0,
7477,1,7301,94,,,2,6.0,2.0,
7478,1,7317,59,,,2,6.0,4.0,
7479,1,7309,65,,1.0,1,1.0,4.0,45.0
7479,2,7309,58,,1.0,2,1.0,4.0,20.0
7480,1,7313,75,,,2,6.0,4.0,
7480,2,7313,76,,,1,6.0,4.0,
7481,1,7315,94,,,2,6.0,4.0,
7482,1,7311,64,,2.0,2,1.0,4.0,55.0
7483,1,7317,29,16.0,2.0,1,1.0,4.0,40.0
7483,2,7317,27,16.0,2.0,2,6.0,4.0,
7484,1,7307,41,16.0,1.0,1,1.0,4.0,40.0
7484,2,7307,35,,3.0,2,1.0,4.0,20.0
7485,1,7311,67,,,2,6.0,4.0,
7485,2,7311,94,,,2,6.0,4.0,
7486,1,7314,44,,7.0,1,1.0,4.0,40.0
7486,2,7314,29,15.0,,2,6.0,4.0,
7487,1,7313,42,,1.0,2,1.0,4.0,40.0
7487,2,7313,22,,1.0,2,1.0,4.0,40.0
7487,3,7313,2,,,1,,,
7488,1,7321,60,,1.0,2,6.0,4.0,
7488,2,7321,62,,3.0,1,1.0,4.0,43.0
7488,3,7321,23,15.0,3.0,1,3.0,4.0,
7489,1,7305,78,,,1,6.0,2.0,
7490,1,7313,62,,,1,6.0,4.0,
7490,2,7313,69,,,2,6.0,4.0,
7491,1,7310,63,,,2,6.0,4.0,
7491,2,7310,65,,7.0,1,1.0,4.0,25.0
7492,1,7314,53,,3.0,1,1.0,4.0,55.0
7492,2,7314,45,,3.0,2,1.0,4.0,40.0
7492,3,7314,15,12.0,,1,,,
7492,4,7314,7,4.0,,1,,,
7493,1,7315,27,,1.0,1,1.0,4.0,40.0
7493,2,7315,27,,1.0,2,1.0,4.0,40.0
7494,1,7322,38,,,2,6.0,4.0,
7494,2,7322,14,10.0,,2,,,
7494,3,7322,9,6.0,,1,,,
7495,1,7315,58,,1.0,1,1.0,4.0,52.0
7495,2,7315,53,,8.0,2,1.0,4.0,52.0
7496,1,7308,28,16.0,2.0,1,1.0,4.0,40.0
7496,2,7308,27,15.0,1.0,1,1.0,4.0,36.0
7497,1,7319,56,,5.0,2,1.0,4.0,36.0
7498,1,7320,41,,,2,6.0,4.0,
7498,2,7320,44,,7.0,1,1.0,4.0,20.0
7498,3,7320,8,4.0,,2,,,
7498,4,7320,7,3.0,,1,,,
7499,1,7312,29,,2.0,2,1.0,4.0,40.0
7500,1,7306,30,,6.0,1,1.0,4.0,40.0
7500,2,7306,29,16.0,4.0,2,1.0,4.0,40.0
7501,1,7305,65,,,2,6.0,4.0,
7501,2,7305,64,,,1,6.0,4.0,
7502,1,7320,61,,5.0,1,6.0,2.0,40.0
7502,2,7320,59,,,2,6.0,4.0,
7503,1,7308,47,16.0,1.0,1,1.0,4.0,40.0
7503,2,7308,46,,1.0,2,1.0,4.0,40.0
7504,1,7322,66,,,1,6.0,4.0,
7504,2,7322,66,,,2,6.0,4.0,
7505,1,7309,37,,1.0,1,1.0,4.0,40.0
7505,2,7309,34,,,2,6.0,4.0,
7505,3,7309,8,4.0,,1,,,
7505,4,7309,6,2.0,,2,,,
7506,1,7310,60,,7.0,1,1.0,4.0,40.0
7506,2,7310,51,,1.0,2,6.0,4.0,
7507,1,7310,60,,1.0,2,1.0,4.0,38.0
7508,1,7322,78,,,1,6.0,2.0,
7509,1,7307,88,,,2,6.0,4.0,
7509,2,7307,64,,,1,6.0,4.0,
7510,1,7310,88,,,1,6.0,4.0,
7510,2,7310,68,,,2,6.0,4.0,
7511,1,7315,23,,1.0,2,1.0,4.0,40.0
7512,1,7319,68,,3.0,1,1.0,4.0,30.0
7512,2,7319,67,,3.0,2,1.0,4.0,30.0
7512,3,7319,40,,,1,6.0,4.0,
7513,1,7305,22,15.0,1.0,1,1.0,2.0,40.0
7513,2,7305,22,,5.0,2,4.0,1.0,40.0
7514,1,7303,47,16.0,3.0,2,1.0,4.0,51.0
7514,2,7303,45,16.0,7.0,1,1.0,2.0,40.0
7515,1,7304,37,,1.0,1,1.0,4.0,50.0
7515,2,7304,37,,1.0,2,3.0,4.0,50.0
7516,1,7304,67,,6.0,2,1.0,4.0,40.0
7517,1,7302,56,,1.0,1,1.0,4.0,40.0
7517,2,7302,54,,1.0,2,1.0,4.0,40.0
7517,3,7302,18,14.0,,1,6.0,4.0,
7518,1,7319,37,,1.0,1,3.0,4.0,40.0
7518,2,7319,37,,1.0,2,1.0,4.0,60.0
7518,3,7319,15,12.0,,1,,,
7518,4,7319,10,7.0,,2,,,
7518,5,7319,60,,,1,6.0,4.0,
7518,6,7319,58,,,2,6.0,4.0,
7518,7,7319,32,,1.0,2,1.0,4.0,40.0
7518,8,7319,28,,1.0,1,2.0,4.0,40.0
7519,1,7316,73,,,2,6.0,4.0,
7519,2,7316,73,,2.0,1,2.0,4.0,48.0
7520,1,7310,76,,,1,6.0,4.0,
7520,2,7310,73,,,2,6.0,4.0,
7521,1,7322,87,,,2,6.0,4.0,
7521,2,7322,47,,,1,6.0,4.0,
7522,1,7313,72,,,1,6.0,2.0,
7522,2,7313,75,,,2,6.0,4.0,
7522,3,7313,19,15.0,1.0,1,1.0,4.0,8.0
7523,1,7302,51,,1.0,2,1.0,4.0,40.0
7523,2,7302,72,,1.0,1,6.0,4.0,
7524,1,7307,58,,1.0,1,1.0,4.0,40.0
7524,2,7307,60,,1.0,2,1.0,4.0,40.0
7525,1,7310,62,,1.0,2,1.0,4.0,40.0
7525,2,7310,23,,1.0,1,1.0,4.0,40.0
7525,3,7310,21,,1.0,2,6.0,4.0,
7526,1,7309,44,,6.0,2,1.0,4.0,25.0
7526,2,7309,44,,1.0,1,1.0,4.0,70.0
7526,3,7309,8,4.0,,1,,,
7526,4,7309,8,4.0,,2,,,
7527,1,7311,29,,9.0,1,3.0,4.0,
7527,2,7311,27,16.0,1.0,2,6.0,4.0,25.0
7528,1,7310,34,,1.0,1,1.0,4.0,50.0
7529,1,7312,82,,,2,6.0,4.0,
7529,2,7312,44,,2.0,1,1.0,4.0,40.0
7530,1,7318,59,16.0,1.0,2,1.0,2.0,16.0
7531,1,7302,71,,,1,6.0,4.0,
7531,2,7302,70,,,2,6.0,4.0,
7532,1,7310,81,,,1,6.0,4.0,
7532,2,7310,82,,,2,6.0,4.0,
7533,1,7301,36,,1.0,2,1.0,2.0,30.0
7533,2,7301,30,,1.0,1,1.0,4.0,40.0
7534,1,7317,69,,3.0,2,6.0,4.0,
7534,2,7317,69,,7.0,1,1.0,4.0,15.0
7535,1,7305,45,,1.0,2,1.0,4.0,40.0
7535,2,7305,14,11.0,,2,,,
7535,3,7305,12,9.0,,2,,,
7536,1,7309,32,15.0,1.0,2,1.0,4.0,40.0
7536,2,7309,33,15.0,1.0,1,1.0,4.0,40.0
7537,1,7302,75,,1.0,2,6.0,4.0,
7537,2,7302,58,,1.0,2,1.0,4.0,40.0
7538,1,7301,72,,1.0,1,1.0,2.0,40.0
7539,1,7317,43,,1.0,1,1.0,4.0,60.0
7540,1,7303,45,,1.0,1,1.0,4.0,40.0
7540,2,7303,29,16.0,1.0,1,1.0,4.0,37.0
7540,3,7303,65,,,2,6.0,4.0,
7540,4,7303,53,,1.0,1,1.0,4.0,40.0
7541,1,7309,39,,6.0,1,1.0,4.0,8.0
7541,2,7309,38,,8.0,2,1.0,4.0,15.0
7541,3,7309,13,10.0,,1,,,
7541,4,7309,10,7.0,,2,,,
7542,1,7321,30,,1.0,2,1.0,4.0,40.0
7542,2,7321,29,,5.0,1,4.0,1.0,40.0
7542,3,7321,25,15.0,5.0,1,4.0,1.0,40.0
7543,1,7308,58,,6.0,2,1.0,4.0,48.0
7543,2,7308,58,,6.0,1,1.0,4.0,48.0
7543,3,7308,26,16.0,1.0,1,1.0,4.0,18.0
7544,1,7309,58,,1.0,2,1.0,4.0,36.0
7544,2,7309,60,,1.0,1,1.0,4.0,40.0
7544,3,7309,23,16.0,3.0,2,1.0,4.0,20.0
7544,4,7309,20,,3.0,2,1.0,4.0,15.0
7545,1,7305,38,,1.0,1,1.0,4.0,50.0
7546,1,7306,30,,1.0,1,1.0,4.0,40.0
7546,2,7306,25,,1.0,2,1.0,4.0,16.0
7546,3,7306,1,,,2,,,
7547,1,7307,71,,,2,6.0,4.0,
7547,2,7307,60,,,1,6.0,2.0,
7548,1,7317,29,,1.0,1,1.0,4.0,42.0
7548,2,7317,94,,,2,6.0,4.0,
7549,1,7309,34,,1.0,1,1.0,4.0,42.0
7549,2,7309,60,,,2,6.0,4.0,
7549,3,7309,34,,2.0,1,1.0,4.0,50.0
7550,1,7317,73,,,2,6.0,4.0,
7551,1,7304,39,,6.0,2,1.0,4.0,5.0
7551,2,7304,39,,1.0,1,1.0,4.0,60.0
7551,3,7304,7,4.0,,1,,,
7551,4,7304,6,2.0,,1,,,
7551,5,7304,4,1.0,,1,,,
7552,1,7319,75,,6.0,2,3.0,4.0,99.0
7553,1,7310,73,,2.0,2,6.0,4.0,
7553,2,7310,83,,,1,6.0,2.0,
7554,1,7316,75,,,1,6.0,4.0,
7555,1,7303,50,,6.0,1,1.0,2.0,50.0
7555,2,7303,44,,6.0,1,1.0,4.0,60.0
7555,3,7303,3,1.0,,2,,,
7556,1,7308,60,,1.0,1,6.0,2.0,50.0
7556,2,7308,59,,1.0,2,1.0,4.0,50.0
7557,1,7303,46,,1.0,2,1.0,4.0,40.0
7557,2,7303,13,10.0,,1,,,
7558,1,7305,66,,1.0,1,6.0,4.0,40.0
7558,2,7305,63,,2.0,2,1.0,4.0,38.0
7559,1,7315,22,15.0,1.0,2,6.0,4.0,12.0
7559,2,7315,22,,1.0,1,1.0,4.0,35.0
7559,3,7315,0,,,2,,,
7559,4,7315,20,15.0,1.0,1,3.0,4.0,15.0
7560,1,7314,26,,1.0,2,1.0,4.0,30.0
7560,2,7314,27,15.0,1.0,1,1.0,4.0,40.0
7561,1,7307,30,,1.0,1,1.0,4.0,25.0
7561,2,7307,26,,1.0,2,2.0,4.0,25.0
7561,3,7307,24,,1.0,1,1.0,2.0,24.0
7562,1,7308,40,,7.0,1,1.0,4.0,30.0
7562,2,7308,40,,2.0,2,1.0,4.0,40.0
7562,3,7308,6,3.0,,1,,,
7562,4,7308,6,2.0,,1,,,
7562,5,7308,68,,3.0,2,6.0,2.0,
7563,1,7302,37,,6.0,1,1.0,4.0,25.0
7563,2,7302,11,8.0,,2,,,
7564,1,7315,65,,3.0,1,6.0,4.0,
7565,1,7312,20,15.0,1.0,2,1.0,4.0,20.0
7565,2,7312,21,15.0,1.0,2,1.0,4.0,45.0
7566,1,7306,94,,,2,6.0,4.0,
7566,2,7306,66,,1.0,1,1.0,4.0,40.0
7567,1,7309,55,,3.0,1,1.0,4.0,80.0
7567,2,7309,54,,1.0,2,1.0,4.0,50.0
7567,3,7309,14,11.0,,2,,,
7568,1,7313,25,,3.0,1,1.0,4.0,40.0
7568,2,7313,25,,2.0,2,1.0,4.0,25.0
7568,3,7313,1,,,1,,,
7569,1,7309,67,,1.0,2,6.0,4.0,
7569,2,7309,69,,1.0,1,1.0,4.0,80.0
7570,1,7308,81,,,1,6.0,2.0,
7570,2,7308,77,,,2,6.0,4.0,
7571,1,7314,50,,1.0,1,1.0,4.0,40.0
7571,2,7314,46,,4.0,2,1.0,4.0,40.0
7571,3,7314,5,1.0,,1,,,
7572,1,7307,59,,1.0,2,6.0,4.0,
7572,2,7307,65,,1.0,1,6.0,4.0,
7573,1,7318,64,,2.0,1,1.0,3.0,40.0
7573,2,7318,61,,9.0,2,3.0,4.0,
7573,3,7318,30,,1.0,1,1.0,4.0,40.0
7574,1,7310,48,,1.0,1,1.0,4.0,40.0
7575,1,7301,59,,1.0,2,1.0,4.0,38.0
7575,2,7301,70,,,1,6.0,2.0,
7576,1,7318,31,,1.0,1,1.0,4.0,40.0
7576,2,7318,31,,1.0,2,1.0,4.0,40.0
7577,1,7305,51,,1.0,1,1.0,4.0,60.0
7577,2,7305,54,,2.0,2,6.0,4.0,
7577,3,7305,28,,1.0,1,2.0,4.0,40.0
7577,4,7305,22,15.0,3.0,2,2.0,4.0,10.0
7577,5,7305,16,12.0,,2,6.0,,
7577,6,7305,0,,,2,,,
7578,1,7301,32,,1.0,1,1.0,4.0,40.0
7578,2,7301,27,,,2,6.0,4.0,
7578,3,7301,3,,,1,,,
7578,4,7301,0,,,1,,,
7579,1,7307,41,,1.0,2,6.0,4.0,24.0
7579,2,7307,9,6.0,,1,,,
7579,3,7307,7,4.0,,1,,,
7579,4,7307,54,,1.0,2,1.0,4.0,29.0
7580,1,7312,34,,1.0,2,1.0,4.0,30.0
7580,2,7312,39,,1.0,1,1.0,4.0,50.0
7580,3,7312,9,6.0,,2,,,
7581,1,7306,48,,1.0,1,1.0,4.0,40.0
7581,2,7306,43,,1.0,2,1.0,4.0,40.0
7581,3,7306,23,15.0,1.0,1,1.0,4.0,40.0
7581,4,7306,17,14.0,,2,6.0,4.0,
7582,1,7304,57,,6.0,2,1.0,4.0,20.0
7582,2,7304,14,11.0,,2,,,
7583,1,7319,61,,1.0,1,1.0,2.0,40.0
7583,2,7319,65,,,2,6.0,4.0,
7584,1,7317,18,15.0,1.0,2,1.0,4.0,12.0
7584,2,7317,16,13.0,,2,6.0,,
7584,3,7317,48,,,1,6.0,4.0,
7584,4,7317,15,12.0,,2,,,
7584,5,7317,41,,1.0,2,1.0,4.0,40.0
7585,1,7311,52,,1.0,1,1.0,4.0,45.0
7585,2,7311,56,,1.0,2,1.0,4.0,40.0
7586,1,7319,78,,,1,6.0,4.0,
7586,2,7319,78,,,2,6.0,4.0,
7587,1,7313,43,,2.0,2,1.0,4.0,40.0
7587,2,7313,19,,1.0,2,3.0,4.0,
7587,3,7313,19,,1.0,2,3.0,4.0,
7588,1,7317,44,,5.0,1,1.0,4.0,40.0
7588,2,7317,45,,1.0,2,1.0,4.0,32.0
7588,3,7317,13,10.0,,2,,,
7588,4,7317,12,9.0,,2,,,
7588,5,7317,71,,,2,6.0,4.0,
7589,1,7314,53,,2.0,2,1.0,4.0,45.0
7590,1,7312,58,,,1,6.0,4.0,
7590,2,7312,57,,1.0,2,1.0,4.0,40.0
7591,1,7320,29,,1.0,2,1.0,4.0,40.0
7591,2,7320,26,,1.0,1,1.0,4.0,40.0
7591,3,7320,3,1.0,,1,,,
7591,4,7320,1,,,1,,,
7592,1,7311,66,,4.0,1,1.0,4.0,40.0
7593,1,7309,49,,2.0,1,1.0,4.0,40.0
7593,2,7309,51,,7.0,2,1.0,4.0,24.0
7594,1,7301,56,,4.0,2,2.0,4.0,40.0
7595,1,7309,68,,4.0,2,1.0,2.0,40.0
7595,2,7309,62,15.0,1.0,1,6.0,4.0,24.0
7596,1,7307,33,,1.0,1,1.0,4.0,40.0
7596,2,7307,37,,,2,6.0,4.0,
7596,3,7307,6,3.0,,1,,,
7596,4,7307,20,15.0,1.0,2,1.0,4.0,40.0
7596,5,7307,19,14.0,1.0,2,1.0,4.0,20.0
7596,6,7307,18,,1.0,2,1.0,4.0,20.0
7596,7,7307,11,8.0,,1,,,
7596,8,7307,20,,1.0,1,1.0,4.0,40.0
7597,1,7309,36,,1.0,1,1.0,2.0,40.0
7598,1,7301,43,,1.0,1,1.0,4.0,48.0
7598,2,7301,50,,1.0,2,1.0,4.0,32.0
7599,1,7313,66,,7.0,1,6.0,2.0,
7600,1,7308,58,,1.0,2,1.0,4.0,40.0
7601,1,7307,35,,2.0,2,1.0,4.0,40.0
7601,2,7307,34,16.0,5.0,1,1.0,2.0,40.0
7601,3,7307,8,3.0,,2,,,
7602,1,7309,79,,,1,6.0,4.0,
7602,2,7309,76,,,2,6.0,4.0,
7603,1,7307,57,,1.0,1,1.0,3.0,52.0
7603,2,7307,12,8.0,,1,,,
7603,3,7307,10,6.0,,1,,,
7604,1,7318,66,,,2,6.0,4.0,
7605,1,7309,61,,1.0,1,1.0,4.0,50.0
7605,2,7309,61,,7.0,2,1.0,4.0,40.0
7605,3,7309,55,,1.0,1,1.0,4.0,40.0
7605,4,7309,47,,9.0,1,3.0,4.0,
7605,5,7309,47,,3.0,1,1.0,4.0,40.0
7606,1,7306,83,,1.0,1,6.0,3.0,
7606,2,7306,80,,,2,6.0,4.0,
7607,1,7301,49,,3.0,1,1.0,4.0,40.0
7607,2,7301,55,,,2,6.0,4.0,
7608,1,7322,46,,1.0,2,1.0,4.0,29.0
7608,2,7322,50,15.0,1.0,1,2.0,4.0,40.0
7608,3,7322,22,15.0,1.0,2,1.0,4.0,40.0
7608,4,7322,18,13.0,,1,6.0,4.0,
7608,5,7322,15,11.0,,1,,,
7608,6,7322,7,4.0,,1,,,
7609,1,7315,37,,7.0,1,1.0,4.0,45.0
7610,1,7315,65,,1.0,2,1.0,4.0,30.0
7611,1,7313,24,,1.0,2,1.0,4.0,45.0
7611,2,7313,23,,1.0,1,3.0,4.0,
7612,1,7321,80,,,1,6.0,3.0,
7612,2,7321,78,,,2,6.0,4.0,
7613,1,7316,27,,1.0,2,1.0,4.0,36.0
7613,2,7316,40,,,1,6.0,2.0,
7614,1,7321,44,,7.0,1,1.0,4.0,40.0
7614,2,7321,65,,1.0,2,1.0,2.0,40.0
7614,3,7321,40,,3.0,1,3.0,4.0,
7614,4,7321,21,15.0,3.0,1,3.0,4.0,
7615,1,7320,81,,,2,6.0,4.0,
7615,2,7320,94,,,1,6.0,4.0,
7616,1,7319,43,,3.0,1,6.0,4.0,40.0
7616,2,7319,45,,1.0,2,1.0,4.0,30.0
7616,3,7319,10,7.0,,2,,,
7617,1,7316,29,,1.0,2,1.0,4.0,60.0
7618,1,7302,71,,1.0,2,1.0,4.0,10.0
7619,1,7316,51,,1.0,1,1.0,4.0,40.0
7620,1,7314,72,,,1,6.0,2.0,
7620,2,7314,71,,,2,6.0,4.0,
7620,3,7314,94,,,2,6.0,4.0,
7621,1,7322,48,,1.0,1,1.0,4.0,40.0
7621,2,7322,35,,,2,6.0,4.0,
7621,3,7322,5,,,2,,,
7622,1,7310,72,,2.0,1,1.0,2.0,24.0
7622,2,7310,65,,1.0,2,6.0,4.0,
7623,1,7321,38,,1.0,1,1.0,4.0,40.0
7623,2,7321,35,,3.0,2,1.0,4.0,40.0
7623,3,7321,9,6.0,,2,,,
7623,4,7321,7,4.0,,2,,,
7624,1,7322,75,,7.0,2,1.0,4.0,2.0
7624,2,7322,78,,7.0,1,1.0,4.0,35.0
7625,1,7307,59,,1.0,1,1.0,4.0,57.0
7625,2,7307,66,,1.0,2,1.0,4.0,55.0
7626,1,7302,34,,1.0,1,1.0,2.0,40.0
7627,1,7318,25,15.0,1.0,2,2.0,4.0,40.0
7628,1,7308,67,,1.0,1,6.0,4.0,
7628,2,7308,68,,,2,6.0,4.0,
7628,3,7308,40,,1.0,2,1.0,4.0,36.0
7628,4,7308,19,15.0,,1,6.0,4.0,
7629,1,7312,84,,,2,6.0,4.0,
7630,1,7322,64,,,2,6.0,4.0,
7630,2,7322,62,,1.0,2,1.0,4.0,30.0
7630,3,7322,50,,2.0,2,1.0,4.0,44.0
7630,4,7322,10,7.0,,1,,,
7631,1,7306,64,,1.0,2,1.0,4.0,40.0
7632,1,7301,38,,2.0,2,1.0,4.0,45.0
7633,1,7304,69,,1.0,2,1.0,4.0,20.0
7634,1,7314,72,,1.0,2,6.0,4.0,
7635,1,7313,29,15.0,2.0,2,1.0,4.0,28.0
7635,2,7313,32,,1.0,2,1.0,4.0,40.0
7635,3,7313,77,,,1,6.0,3.0,
7635,4,7313,67,,,2,6.0,4.0,
7636,1,7314,63,,,2,6.0,4.0,
7636,2,7314,72,,1.0,1,1.0,2.0,40.0
7636,3,7314,32,,1.0,2,1.0,4.0,32.0
7637,1,7309,40,,1.0,1,1.0,4.0,40.0
7637,2,7309,41,,1.0,2,1.0,4.0,40.0
7637,3,7309,8,5.0,,1,,,
7637,4,7309,6,2.0,,2,,,
7638,1,7316,36,,2.0,2,6.0,4.0,40.0
7639,1,7320,53,,3.0,2,1.0,4.0,6.0
7639,2,7320,52,,7.0,1,1.0,4.0,50.0
7639,3,7320,28,,1.0,2,1.0,4.0,40.0
7640,1,7301,62,,3.0,2,6.0,4.0,
7641,1,7306,94,,,1,6.0,2.0,
7642,1,7306,45,,6.0,1,1.0,4.0,40.0
7642,2,7306,44,,,2,6.0,4.0,
7642,3,7306,17,13.0,,2,6.0,4.0,
7642,4,7306,11,7.0,,2,,,
7643,1,7318,34,,1.0,1,3.0,4.0,
7643,2,7318,61,,1.0,1,1.0,4.0,40.0
7644,1,7302,58,,1.0,1,1.0,4.0,40.0
7644,2,7302,50,,1.0,2,1.0,4.0,40.0
7644,3,7302,32,,1.0,2,1.0,4.0,40.0
7645,1,7313,62,,1.0,1,1.0,4.0,50.0
7645,2,7313,47,15.0,,2,6.0,4.0,
7645,3,7313,17,14.0,,1,6.0,4.0,
7645,4,7313,16,12.0,,2,6.0,,
7645,5,7313,10,6.0,,1,,,
7645,6,7313,50,15.0,,1,6.0,4.0,
7646,1,7311,41,,7.0,2,1.0,4.0,50.0
7646,2,7311,40,,1.0,1,3.0,2.0,40.0
7646,3,7311,6,2.0,,1,,,
7647,1,7310,67,,1.0,2,1.0,4.0,40.0
7647,2,7310,63,,1.0,1,1.0,4.0,45.0
7647,3,7310,37,,1.0,2,1.0,4.0,40.0
7648,1,7322,56,,2.0,2,1.0,4.0,35.0
7648,2,7322,59,,5.0,1,1.0,2.0,40.0
7648,3,7322,23,,1.0,1,1.0,4.0,35.0
7649,1,7306,83,,,1,6.0,4.0,
7650,1,7314,40,,6.0,2,1.0,4.0,40.0
7650,2,7314,38,,5.0,1,1.0,4.0,60.0
7650,3,7314,6,2.0,,2,,,
7650,4,7314,3,,,1,,,
7651,1,7302,61,,2.0,2,1.0,4.0,30.0
7651,2,7302,61,,6.0,1,1.0,4.0,35.0
7652,1,7313,32,,1.0,1,1.0,4.0,58.0
7652,2,7313,32,,1.0,2,1.0,4.0,40.0
7653,1,7309,53,,6.0,1,6.0,4.0,8.0
7653,2,7309,42,,2.0,2,1.0,4.0,14.0
7654,1,7303,68,,,1,6.0,4.0,
7654,2,7303,72,,,2,6.0,4.0,
7654,3,7303,35,,1.0,1,1.0,4.0,40.0
7654,4,7303,32,,,2,6.0,4.0,
7655,1,7306,55,,2.0,2,6.0,4.0,
7655,2,7306,67,,3.0,2,6.0,4.0,
7656,1,7316,49,,1.0,1,1.0,4.0,44.0
7656,2,7316,49,,1.0,1,1.0,4.0,40.0
7657,1,7317,56,,1.0,1,6.0,4.0,42.0
7657,2,7317,54,,3.0,2,6.0,4.0,
7657,3,7317,19,15.0,2.0,1,1.0,4.0,20.0
7657,4,7317,16,13.0,,1,6.0,,
7658,1,7321,48,,5.0,1,1.0,4.0,40.0
7658,2,7321,42,,5.0,2,1.0,4.0,40.0
7659,1,7316,33,,1.0,1,1.0,4.0,74.0
7659,2,7316,26,,1.0,2,1.0,4.0,40.0
7660,1,7315,55,,1.0,2,1.0,4.0,40.0
7660,2,7315,55,,1.0,1,1.0,4.0,40.0
7661,1,7309,46,,1.0,1,1.0,4.0,55.0
7662,1,7303,32,,4.0,1,1.0,2.0,40.0
7662,2,7303,34,,1.0,2,1.0,4.0,40.0
7662,3,7303,17,14.0,,1,6.0,4.0,
7663,1,7306,43,,1.0,1,1.0,3.0,50.0
7663,2,7306,37,,4.0,2,1.0,4.0,40.0
7664,1,7306,62,,1.0,2,1.0,4.0,25.0
7664,2,7306,15,11.0,,2,,,
7665,1,7314,43,,1.0,2,1.0,4.0,40.0
7665,2,7314,43,,1.0,1,1.0,4.0,40.0
7665,3,7314,6,2.0,,2,,,
7665,4,7314,4,1.0,,1,,,
7666,1,7320,58,,7.0,1,1.0,4.0,40.0
7666,2,7320,55,,7.0,2,1.0,4.0,20.0
7666,3,7320,30,,7.0,1,1.0,4.0,40.0
7667,1,7321,67,,1.0,1,1.0,2.0,40.0
7667,2,7321,62,,,2,6.0,4.0,
7668,1,7304,58,,1.0,1,1.0,4.0,40.0
7668,2,7304,58,,,2,6.0,4.0,
7668,3,7304,18,14.0,,1,6.0,4.0,
7668,4,7304,16,12.0,,1,6.0,,
7669,1,7306,29,,1.0,2,1.0,4.0,40.0
7669,2,7306,27,,1.0,1,1.0,4.0,40.0
7670,1,7317,39,,6.0,2,1.0,4.0,50.0
7670,2,7317,24,15.0,1.0,2,6.0,4.0,40.0
7670,3,7317,25,15.0,2.0,1,1.0,4.0,32.0
7671,1,7319,76,,5.0,1,6.0,2.0,
7671,2,7319,70,15.0,,2,6.0,2.0,
7671,3,7319,43,,1.0,2,6.0,4.0,20.0
7672,1,7308,78,,,2,6.0,4.0,
7673,1,7312,64,,1.0,1,1.0,4.0,40.0
7673,2,7312,17,14.0,,2,6.0,4.0,
7674,1,7303,70,,,2,6.0,4.0,
7674,2,7303,80,,,1,6.0,4.0,
7675,1,7306,70,,,1,6.0,2.0,
7675,2,7306,68,,,2,6.0,4.0,
7675,3,7306,27,15.0,1.0,2,6.0,4.0,
7675,4,7306,5,1.0,,1,,,
7676,1,7319,61,,7.0,1,1.0,4.0,30.0
7677,1,7316,31,,2.0,2,1.0,4.0,50.0
7677,2,7316,29,,1.0,1,1.0,4.0,40.0
7678,1,7322,62,,5.0,1,1.0,2.0,40.0
7678,2,7322,19,15.0,2.0,1,1.0,4.0,12.0
7678,3,7322,22,,2.0,1,1.0,2.0,8.0
7679,1,7301,59,,1.0,1,1.0,4.0,40.0
7679,2,7301,59,,1.0,2,1.0,4.0,35.0
7680,1,7314,59,,1.0,1,1.0,4.0,40.0
7680,2,7314,58,,,2,6.0,4.0,
7680,3,7314,34,,1.0,2,1.0,4.0,40.0
7680,4,7314,31,,1.0,1,1.0,4.0,40.0
7681,1,7315,56,,2.0,1,1.0,4.0,40.0
7682,1,7307,44,,1.0,1,1.0,4.0,40.0
7682,2,7307,35,,1.0,2,1.0,4.0,40.0
7682,3,7307,0,,,1,,,
7683,1,7314,43,,1.0,1,6.0,4.0,
7683,2,7314,41,,3.0,2,1.0,4.0,40.0
7683,3,7314,12,9.0,,1,,,
7684,1,7315,23,,5.0,1,1.0,4.0,30.0
7684,2,7315,23,,2.0,1,1.0,4.0,25.0
7684,3,7315,22,,1.0,1,1.0,4.0,34.0
7685,1,7307,33,,1.0,1,1.0,2.0,50.0
7685,2,7307,31,16.0,1.0,2,6.0,4.0,
7686,1,7322,33,,3.0,2,1.0,4.0,45.0
7686,2,7322,40,,1.0,1,1.0,4.0,40.0
7686,3,7322,1,,,2,,,
7687,1,7316,54,,1.0,1,1.0,4.0,40.0
7688,1,7308,67,,5.0,2,6.0,4.0,
7689,1,7310,38,,3.0,2,1.0,4.0,45.0
7689,2,7310,38,,7.0,1,1.0,4.0,40.0
7689,3,7310,9,6.0,,1,,,
7689,4,7310,5,2.0,,2,,,
7690,1,7311,56,,1.0,1,3.0,4.0,40.0
7690,2,7311,51,,2.0,2,1.0,4.0,15.0
7691,1,7316,63,15.0,1.0,2,1.0,2.0,24.0
7692,1,7306,50,,,2,6.0,4.0,
7692,2,7306,55,,1.0,1,1.0,4.0,60.0
7692,3,7306,21,15.0,2.0,1,1.0,4.0,25.0
7692,4,7306,13,10.0,,2,,,
7692,5,7306,72,,,1,6.0,4.0,
7693,1,7306,75,,,2,6.0,4.0,
7693,2,7306,80,,,1,6.0,4.0,
7694,1,7310,39,,4.0,1,1.0,4.0,50.0
7694,2,7310,37,,2.0,2,2.0,4.0,25.0
7694,3,7310,10,6.0,,1,,,
7695,1,7316,37,,1.0,1,1.0,4.0,80.0
7695,2,7316,36,,1.0,2,1.0,4.0,60.0
7695,3,7316,0,,,1,,,
7696,1,7307,45,,1.0,1,1.0,4.0,40.0
7696,2,7307,34,,,2,6.0,4.0,
7696,3,7307,6,2.0,,1,,,
7696,4,7307,4,1.0,,1,,,
7697,1,7304,69,,,2,6.0,4.0,
7698,1,7320,37,,1.0,2,6.0,4.0,
7698,2,7320,37,,5.0,1,4.0,1.0,50.0
7698,3,7320,9,5.0,,1,,,
7698,4,7320,2,,,1,,,
7699,1,7319,86,,,2,6.0,4.0,
7700,1,7313,65,,1.0,2,1.0,4.0,40.0
7700,2,7313,64,,6.0,1,1.0,4.0,40.0
7701,1,7306,33,,6.0,1,1.0,4.0,40.0
7702,1,7315,77,,,1,6.0,2.0,
7702,2,7315,62,,7.0,2,1.0,4.0,40.0
7703,1,7308,54,,1.0,1,1.0,4.0,44.0
7703,2,7308,44,,1.0,2,1.0,4.0,40.0
7704,1,7304,66,,1.0,2,1.0,4.0,32.0
7704,2,7304,70,,,1,6.0,4.0,
7705,1,7309,56,,2.0,2,1.0,4.0,40.0
7705,2,7309,29,,1.0,1,6.0,4.0,40.0
7705,3,7309,21,15.0,1.0,1,1.0,4.0,20.0
7706,1,7312,33,,5.0,1,1.0,4.0,50.0
7706,2,7312,31,,2.0,2,1.0,4.0,30.0
7706,3,7312,10,7.0,,2,,,
7706,4,7312,7,4.0,,1,,,
7706,5,7312,3,,,2,,,
7707,1,7318,53,,2.0,1,1.0,4.0,40.0
7707,2,7318,22,,1.0,1,1.0,4.0,40.0
7708,1,7308,56,,1.0,1,3.0,4.0,40.0
7708,2,7308,54,,,2,6.0,4.0,
7708,3,7308,21,,1.0,2,1.0,4.0,24.0
7708,4,7308,18,15.0,9.0,2,3.0,4.0,
7709,1,7317,62,,1.0,1,1.0,4.0,40.0
7710,1,7311,68,,1.0,1,1.0,2.0,40.0
7710,2,7311,69,,,2,6.0,4.0,
7711,1,7318,48,15.0,3.0,2,1.0,4.0,40.0
7711,2,7318,52,,3.0,1,1.0,2.0,40.0
7712,1,7309,55,,1.0,1,1.0,4.0,45.0
7712,2,7309,54,,3.0,2,1.0,4.0,18.0
7712,3,7309,15,11.0,,1,,,
7713,1,7313,57,,6.0,1,1.0,4.0,30.0
7713,2,7313,26,,1.0,1,3.0,4.0,25.0
7713,3,7313,18,,9.0,2,3.0,4.0,
7714,1,7313,31,,1.0,1,1.0,4.0,40.0
7714,2,7313,25,15.0,,2,6.0,4.0,
7715,1,7307,76,,,1,6.0,4.0,
7715,2,7307,75,,3.0,2,6.0,4.0,4.0
7716,1,7318,39,,7.0,2,6.0,4.0,
7716,2,7318,41,,7.0,1,1.0,4.0,30.0
7716,3,7318,16,13.0,,2,6.0,,
7716,4,7318,14,11.0,,2,,,
7716,5,7318,9,6.0,,2,,,
7717,1,7310,59,,4.0,1,1.0,4.0,55.0
7717,2,7310,57,,1.0,2,1.0,4.0,40.0
7718,1,7320,67,,,2,6.0,4.0,
7718,2,7320,35,,3.0,2,1.0,4.0,48.0
7719,1,7317,31,,2.0,2,1.0,2.0,40.0
7720,1,7319,24,,1.0,2,1.0,4.0,39.0
7720,2,7319,23,,1.0,1,1.0,4.0,40.0
7721,1,7301,20,15.0,1.0,2,1.0,4.0,30.0
7721,2,7301,23,,5.0,1,4.0,1.0,40.0
7722,1,7306,46,,1.0,2,1.0,4.0,40.0
7722,2,7306,14,10.0,,2,,,
7722,3,7306,11,8.0,,1,,,
7723,1,7315,30,,3.0,2,1.0,4.0,40.0
7723,2,7315,31,,1.0,1,1.0,4.0,40.0
7723,3,7315,6,2.0,,2,,,
7723,4,7315,4,1.0,,1,,,
7724,1,7316,30,,1.0,1,1.0,4.0,40.0
7725,1,7314,61,,,1,6.0,4.0,
7725,2,7314,65,,,2,6.0,4.0,
7726,1,7306,89,,,1,6.0,2.0,
7726,2,7306,85,,1.0,2,6.0,4.0,
7727,1,7304,27,,1.0,1,1.0,4.0,55.0
7727,2,7304,32,,1.0,2,1.0,4.0,45.0
7728,1,7321,80,,,1,6.0,4.0,
7729,1,7312,58,,1.0,2,1.0,4.0,30.0
7730,1,7320,47,,1.0,2,1.0,4.0,50.0
7730,2,7320,44,,1.0,1,1.0,4.0,45.0
7730,3,7320,5,2.0,,2,,,
7731,1,7314,79,,,2,6.0,4.0,
7732,1,7302,36,,1.0,1,1.0,4.0,60.0
7732,2,7302,37,,2.0,2,6.0,4.0,5.0
7732,3,7302,9,6.0,,2,,,
7732,4,7302,7,4.0,,1,,,
7732,5,7302,3,1.0,,2,,,
7733,1,7315,25,,1.0,2,1.0,4.0,30.0
7733,2,7315,25,,2.0,2,1.0,4.0,50.0
7734,1,7306,31,,1.0,1,1.0,4.0,30.0
7734,2,7306,56,,1.0,2,1.0,4.0,35.0
7734,3,7306,34,16.0,4.0,2,1.0,4.0,40.0
7735,1,7321,55,,3.0,1,1.0,4.0,40.0
7735,2,7321,54,,,2,6.0,4.0,
7736,1,7322,45,,4.0,2,1.0,4.0,40.0
7736,2,7322,47,,1.0,1,1.0,2.0,50.0
7736,3,7322,17,14.0,,1,6.0,4.0,
7736,4,7322,13,10.0,,2,,,
7737,1,7309,86,,,1,6.0,2.0,
7737,2,7309,70,,,2,6.0,4.0,
7738,1,7302,68,,1.0,2,1.0,2.0,40.0
7739,1,7318,66,,1.0,1,1.0,4.0,40.0
7739,2,7318,58,,4.0,2,1.0,4.0,32.0
7739,3,7318,26,,,2,6.0,4.0,
7739,4,7318,24,14.0,,1,6.0,4.0,
7739,5,7318,2,,,2,,,
7740,1,7301,50,,1.0,1,1.0,4.0,40.0
7740,2,7301,50,,1.0,2,1.0,4.0,40.0
7740,3,7301,21,15.0,1.0,2,6.0,4.0,15.0
7740,4,7301,19,15.0,1.0,1,6.0,4.0,10.0
7741,1,7312,24,,1.0,2,1.0,4.0,40.0
7741,2,7312,25,,1.0,2,1.0,4.0,40.0
7742,1,7302,35,,5.0,2,1.0,4.0,46.0
7742,2,7302,37,15.0,1.0,1,1.0,4.0,40.0
7742,3,7302,2,,,2,,,
7743,1,7316,60,,6.0,1,1.0,4.0,20.0
7744,1,7309,78,,,1,6.0,4.0,
7744,2,7309,73,,,2,6.0,4.0,
7745,1,7313,44,,1.0,1,1.0,4.0,25.0
7745,2,7313,36,,,2,6.0,4.0,
7745,3,7313,17,14.0,,1,6.0,4.0,
7745,4,7313,15,11.0,,2,,,
7745,5,7313,13,10.0,,1,,,
7746,1,7310,67,,,1,6.0,4.0,
7746,2,7310,47,,,2,6.0,4.0,
7747,1,7318,61,,2.0,1,6.0,4.0,
7747,2,7318,61,,,1,6.0,2.0,
7747,3,7318,48,,2.0,1,6.0,4.0,
7748,1,7305,65,,1.0,1,1.0,2.0,40.0
7748,2,7305,67,,,2,6.0,4.0,
7749,1,7310,45,,1.0,2,6.0,4.0,
7749,2,7310,46,,1.0,1,1.0,4.0,20.0
7750,1,7312,62,,4.0,1,1.0,4.0,40.0
7750,2,7312,62,,,2,6.0,4.0,
7751,1,7312,21,15.0,2.0,1,6.0,4.0,
7751,2,7312,24,15.0,4.0,1,1.0,4.0,40.0
7751,3,7312,23,15.0,4.0,1,1.0,4.0,10.0
7752,1,7309,63,,3.0,2,6.0,4.0,
7753,1,7308,53,,2.0,2,1.0,4.0,40.0
7753,2,7308,53,,1.0,1,1.0,4.0,40.0
7754,1,7305,58,,1.0,1,1.0,2.0,50.0
7754,2,7305,56,,1.0,2,1.0,4.0,50.0
7754,3,7305,77,,,2,6.0,4.0,
7755,1,7306,83,,,2,6.0,4.0,
7756,1,7310,76,,,1,6.0,2.0,
7756,2,7310,76,,,2,6.0,4.0,
7756,3,7310,41,,1.0,2,1.0,4.0,45.0
7757,1,7301,73,,,1,6.0,2.0,
7758,1,7310,60,,,1,6.0,4.0,
7759,1,7302,59,,4.0,2,1.0,4.0,15.0
7759,2,7302,66,,7.0,1,1.0,4.0,40.0
7760,1,7310,29,,4.0,2,1.0,4.0,40.0
7760,2,7310,32,,1.0,1,1.0,4.0,60.0
7761,1,7312,42,,6.0,2,1.0,4.0,24.0
7761,2,7312,42,,1.0,1,1.0,4.0,40.0
7761,3,7312,19,15.0,1.0,2,1.0,4.0,20.0
7761,4,7312,8,,,2,,,
7761,5,7312,7,3.0,,2,,,
7762,1,7314,34,,1.0,2,1.0,4.0,50.0
7762,2,7314,37,,1.0,1,1.0,4.0,60.0
7762,3,7314,4,1.0,,1,,,
7762,4,7314,2,,,1,,,
7762,5,7314,1,,,2,,,
7763,1,7310,59,,,2,6.0,4.0,
7763,2,7310,65,,6.0,1,1.0,4.0,10.0
7764,1,7315,57,,1.0,1,1.0,4.0,45.0
7764,2,7315,56,,2.0,2,1.0,4.0,24.0
7765,1,7311,77,,2.0,1,1.0,4.0,6.0
7765,2,7311,62,,,2,6.0,4.0,
7766,1,7318,30,15.0,5.0,2,4.0,1.0,40.0
7766,2,7318,33,,1.0,1,1.0,2.0,60.0
7766,3,7318,3,1.0,,1,,,
7766,4,7318,0,,,2,,,
7767,1,7316,44,,7.0,1,1.0,4.0,32.0
7768,1,7313,69,,,2,6.0,4.0,
7768,2,7313,70,,,1,6.0,2.0,
7769,1,7314,76,,1.0,1,6.0,2.0,
7769,2,7314,71,,1.0,2,6.0,4.0,
7770,1,7310,69,,1.0,2,1.0,4.0,44.0
7771,1,7306,65,,1.0,2,6.0,4.0,40.0
7771,2,7306,76,,,1,6.0,2.0,
7771,3,7306,33,,1.0,2,1.0,4.0,16.0
7772,1,7309,68,,,1,6.0,2.0,
7772,2,7309,63,,,2,6.0,4.0,
7773,1,7319,67,,,1,6.0,4.0,
7774,1,7320,38,,1.0,2,1.0,4.0,40.0
7774,2,7320,66,,1.0,1,1.0,4.0,40.0
7774,3,7320,66,,,2,6.0,4.0,
7775,1,7310,23,,1.0,1,1.0,4.0,40.0
7775,2,7310,24,,1.0,2,6.0,4.0,
7775,3,7310,1,,,1,,,
7776,1,7315,65,,3.0,2,6.0,4.0,35.0
7777,1,7315,39,16.0,5.0,2,1.0,2.0,40.0
7777,2,7315,7,4.0,,1,,,
7778,1,7314,59,,2.0,2,1.0,4.0,35.0
7778,2,7314,67,,1.0,1,1.0,4.0,4.0
7778,3,7314,41,,2.0,2,1.0,4.0,26.0
7778,4,7314,13,10.0,,2,,,
7778,5,7314,12,7.0,,1,,,
7779,1,7317,71,,3.0,2,6.0,4.0,
7780,1,7321,65,,,1,6.0,4.0,
7781,1,7313,42,,1.0,2,1.0,4.0,12.0
7781,2,7313,43,,1.0,1,1.0,4.0,40.0
7781,3,7313,22,15.0,,2,6.0,4.0,
7782,1,7310,28,,2.0,2,2.0,4.0,40.0
7782,2,7310,31,,4.0,1,2.0,4.0,15.0
7783,1,7310,37,,5.0,1,4.0,1.0,40.0
7783,2,7310,35,15.0,1.0,2,1.0,4.0,12.0
7783,3,7310,10,7.0,,1,,,
7783,4,7310,8,5.0,,2,,,
7784,1,7319,24,,1.0,2,1.0,4.0,40.0
7784,2,7319,30,,1.0,1,1.0,4.0,24.0
7785,1,7313,37,,1.0,1,1.0,4.0,45.0
7785,2,7313,33,,8.0,2,6.0,4.0,
7786,1,7309,50,,1.0,1,1.0,4.0,40.0
7786,2,7309,48,,,2,6.0,4.0,
7786,3,7309,13,9.0,,1,,,
7786,4,7309,10,6.0,,1,,,
7787,1,7321,66,,,2,6.0,4.0,
7787,2,7321,60,,1.0,1,1.0,4.0,28.0
7787,3,7321,26,,1.0,1,1.0,4.0,40.0
7788,1,7321,39,,1.0,2,3.0,4.0,40.0
7788,2,7321,41,,1.0,1,1.0,4.0,40.0
7788,3,7321,13,10.0,,2,,,
7788,4,7321,7,3.0,,1,,,
7789,1,7320,85,,,1,6.0,2.0,
7789,2,7320,57,,,2,6.0,4.0,
7789,3,7320,57,,6.0,1,1.0,4.0,40.0
7790,1,7306,59,,1.0,1,1.0,4.0,40.0
7790,2,7306,53,,,2,6.0,4.0,
7790,3,7306,26,,1.0,2,1.0,4.0,40.0
7791,1,7313,64,,1.0,1,1.0,4.0,40.0
7791,2,7313,60,,6.0,2,1.0,4.0,40.0
7791,3,7313,37,15.0,1.0,1,1.0,4.0,40.0
7791,4,7313,83,,,1,6.0,4.0,
7791,5,7313,78,,,2,6.0,4.0,
7792,1,7317,59,,,2,6.0,4.0,
7793,1,7305,67,,1.0,2,1.0,4.0,40.0
7794,1,7314,25,,5.0,1,4.0,1.0,50.0
7794,2,7314,24,,1.0,2,1.0,4.0,34.0
7795,1,7301,63,,1.0,2,6.0,4.0,
7795,2,7301,75,,,1,6.0,2.0,
7796,1,7317,88,,1.0,2,6.0,4.0,
7796,2,7317,84,,1.0,1,6.0,2.0,
7797,1,7306,37,,1.0,1,1.0,4.0,40.0
7797,2,7306,33,,1.0,2,1.0,4.0,40.0
7798,1,7306,63,,1.0,2,1.0,4.0,40.0
7798,2,7306,72,,7.0,1,1.0,2.0,40.0
7799,1,7310,67,,2.0,2,6.0,4.0,
7800,1,7313,82,,,1,6.0,3.0,
7801,1,7306,35,,1.0,1,1.0,4.0,40.0
7801,2,7306,31,,1.0,2,1.0,4.0,40.0
7802,1,7303,70,,,2,6.0,4.0,
7802,2,7303,71,,,1,6.0,3.0,
7803,1,7306,32,,1.0,2,1.0,4.0,30.0
7803,2,7306,4,1.0,,1,,,
7803,3,7306,4,1.0,,1,,,
7804,1,7316,57,15.0,4.0,1,1.0,2.0,40.0
7805,1,7321,35,,2.0,2,1.0,2.0,9.0
7805,2,7321,38,,1.0,1,1.0,4.0,40.0
7805,3,7321,12,9.0,,1,,,
7805,4,7321,7,4.0,,1,,,
7806,1,7302,40,15.0,1.0,1,1.0,2.0,18.0
7806,2,7302,38,,5.0,2,1.0,2.0,40.0
7807,1,7308,35,,1.0,1,1.0,4.0,45.0
7807,2,7308,35,,2.0,2,1.0,4.0,45.0
7807,3,7308,2,,,2,,,
7808,1,7312,63,,1.0,1,1.0,4.0,40.0
7808,2,7312,71,,1.0,2,1.0,4.0,30.0
7809,1,7309,31,,1.0,1,1.0,4.0,40.0
7809,2,7309,32,,3.0,2,1.0,4.0,35.0
7810,1,7316,22,15.0,1.0,2,1.0,4.0,30.0
7810,2,7316,25,,1.0,1,1.0,4.0,55.0
7811,1,7309,68,,7.0,2,1.0,4.0,25.0
7811,2,7309,37,,6.0,2,6.0,4.0,15.0
7812,1,7318,35,,1.0,1,1.0,2.0,40.0
7812,2,7318,34,,1.0,2,1.0,4.0,40.0
7812,3,7318,10,7.0,,1,,,
7812,4,7318,9,6.0,,1,,,
7813,1,7309,74,,1.0,2,1.0,4.0,30.0
7814,1,7311,57,,3.0,1,6.0,4.0,
7815,1,7308,54,,1.0,2,1.0,4.0,50.0
7815,2,7308,67,,1.0,1,3.0,4.0,50.0
7815,3,7308,13,9.0,,2,,,
7816,1,7302,76,,,1,6.0,3.0,
7816,2,7302,72,,3.0,2,1.0,4.0,34.0
7817,1,7321,25,15.0,1.0,1,1.0,4.0,40.0
7817,2,7321,27,,1.0,2,1.0,4.0,40.0
7818,1,7303,34,15.0,1.0,1,6.0,2.0,
7818,2,7303,32,,1.0,2,1.0,4.0,40.0
7818,3,7303,4,,,1,,,
7819,1,7315,31,,1.0,2,1.0,4.0,40.0
7819,2,7315,28,,1.0,1,1.0,4.0,40.0
7820,1,7310,55,,1.0,2,1.0,4.0,40.0
7821,1,7322,75,,,1,6.0,4.0,
7821,2,7322,19,,1.0,1,1.0,4.0,26.0
7822,1,7318,67,,5.0,1,1.0,2.0,40.0
7822,2,7318,66,,1.0,2,1.0,4.0,8.0
7822,3,7318,26,,1.0,2,1.0,4.0,40.0
7823,1,7304,80,,,1,6.0,2.0,
7823,2,7304,76,,,2,6.0,4.0,
7824,1,7301,74,,,2,6.0,4.0,
7825,1,7308,49,,1.0,2,1.0,4.0,40.0
7826,1,7320,57,,,1,6.0,4.0,
7826,2,7320,55,,,2,6.0,4.0,
7826,3,7320,28,,1.0,2,1.0,4.0,40.0
7827,1,7320,59,,1.0,1,1.0,2.0,40.0
7827,2,7320,56,,1.0,2,1.0,4.0,40.0
7827,3,7320,31,,3.0,2,1.0,4.0,40.0
7827,4,7320,94,,,2,6.0,4.0,
7828,1,7301,50,,7.0,1,1.0,2.0,50.0
7829,1,7322,36,,1.0,1,1.0,4.0,40.0
7829,2,7322,35,,,2,6.0,4.0,
7829,3,7322,7,4.0,,2,,,
7829,4,7322,2,,,2,,,
7829,5,7322,1,,,2,,,
7830,1,7315,24,,1.0,2,1.0,4.0,40.0
7830,2,7315,25,,1.0,1,1.0,4.0,40.0
7831,1,7311,49,,7.0,1,1.0,4.0,40.0
7831,2,7311,49,,1.0,2,1.0,4.0,50.0
7831,3,7311,17,14.0,1.0,1,1.0,4.0,8.0
7831,4,7311,14,11.0,,1,,,
7831,5,7311,9,5.0,,2,,,
7832,1,7308,58,,2.0,2,1.0,4.0,40.0
7832,2,7308,60,,7.0,1,1.0,4.0,40.0
7833,1,7315,47,,1.0,1,6.0,4.0,
7833,2,7315,60,,,1,6.0,4.0,
7833,3,7315,58,,6.0,1,1.0,4.0,20.0
7833,4,7315,37,,1.0,1,1.0,4.0,40.0
7833,5,7315,35,,1.0,1,1.0,4.0,40.0
7834,1,7321,46,,1.0,1,1.0,4.0,45.0
7834,2,7321,42,,1.0,1,6.0,4.0,
7835,1,7316,70,,,1,6.0,2.0,
7835,2,7316,53,,1.0,2,1.0,4.0,12.0
7836,1,7306,77,,,2,6.0,4.0,
7837,1,7314,77,,5.0,1,1.0,2.0,40.0
7837,2,7314,78,,,2,6.0,4.0,
7837,3,7314,22,15.0,1.0,1,1.0,4.0,20.0
7838,1,7307,75,,,2,6.0,4.0,
7839,1,7318,37,,2.0,1,1.0,2.0,40.0
7839,2,7318,36,,1.0,2,2.0,4.0,40.0
7839,3,7318,10,7.0,,2,,,
7839,4,7318,6,2.0,,1,,,
7839,5,7318,2,,,2,,,
7840,1,7307,74,,,2,6.0,4.0,
7841,1,7303,42,,1.0,1,1.0,2.0,40.0
7841,2,7303,38,,1.0,2,1.0,4.0,40.0
7841,3,7303,15,12.0,,1,,,
7841,4,7303,11,8.0,,1,,,
7842,1,7309,71,,2.0,2,1.0,4.0,8.0
7842,2,7309,73,,2.0,1,1.0,4.0,40.0
7843,1,7318,65,,1.0,2,6.0,4.0,
7843,2,7318,57,,1.0,1,1.0,4.0,40.0
7844,1,7309,50,,1.0,1,1.0,4.0,60.0
7844,2,7309,53,,,2,6.0,4.0,
7844,3,7309,25,,1.0,1,1.0,4.0,40.0
7844,4,7309,20,,1.0,2,1.0,4.0,40.0
7844,5,7309,15,11.0,,1,,,
7845,1,7303,56,,6.0,1,1.0,4.0,30.0
7845,2,7303,20,15.0,1.0,1,1.0,4.0,40.0
7845,3,7303,59,,1.0,1,3.0,4.0,
7845,4,7303,43,15.0,1.0,1,1.0,4.0,40.0
7846,1,7310,67,,1.0,1,1.0,4.0,10.0
7846,2,7310,64,,,2,6.0,4.0,
7847,1,7314,47,,1.0,1,1.0,4.0,40.0
7847,2,7314,48,,,2,6.0,4.0,
7847,3,7314,19,15.0,,1,6.0,4.0,
7847,4,7314,74,,,2,6.0,4.0,
7848,1,7305,41,,3.0,1,1.0,4.0,60.0
7848,2,7305,45,,6.0,2,1.0,2.0,8.0
7848,3,7305,9,4.0,,1,,,
7848,4,7305,6,3.0,,2,,,
7848,5,7305,4,,,2,,,
7848,6,7305,2,,,1,,,
7849,1,7313,84,,1.0,1,6.0,4.0,
7849,2,7313,82,,,2,6.0,4.0,
7850,1,7302,58,,1.0,1,3.0,4.0,40.0
7851,1,7322,68,,,1,6.0,2.0,
7851,2,7322,66,,1.0,2,6.0,2.0,
7852,1,7316,58,,1.0,1,1.0,4.0,30.0
7852,2,7316,55,,3.0,2,1.0,4.0,20.0
7852,3,7316,18,15.0,,2,6.0,4.0,
7852,4,7316,45,,1.0,1,3.0,4.0,
7853,1,7301,48,,1.0,2,1.0,2.0,36.0
7853,2,7301,21,15.0,6.0,2,6.0,4.0,
7854,1,7318,39,,3.0,2,1.0,4.0,40.0
7854,2,7318,58,,,1,6.0,4.0,
7854,3,7318,53,,4.0,1,1.0,4.0,40.0
7855,1,7316,30,,1.0,2,1.0,4.0,40.0
7855,2,7316,41,,3.0,1,1.0,4.0,60.0
7856,1,7310,30,,1.0,1,1.0,4.0,40.0
7856,2,7310,30,,6.0,2,1.0,4.0,50.0
7857,1,7316,36,,1.0,2,1.0,4.0,40.0
7857,2,7316,36,,1.0,1,1.0,4.0,40.0
7857,3,7316,1,,,1,,,
7858,1,7314,63,,5.0,1,1.0,4.0,40.0
7858,2,7314,60,,5.0,2,1.0,4.0,40.0
7858,3,7314,43,,4.0,1,1.0,4.0,48.0
7859,1,7320,46,,5.0,1,1.0,2.0,40.0
7859,2,7320,47,,5.0,2,1.0,4.0,40.0
7859,3,7320,23,,5.0,2,1.0,4.0,40.0
7859,4,7320,21,15.0,1.0,1,1.0,4.0,16.0
7860,1,7312,61,,7.0,2,1.0,4.0,42.0
7861,1,7302,48,,,2,6.0,4.0,
7861,2,7302,46,,1.0,1,1.0,2.0,40.0
7861,3,7302,22,15.0,,2,6.0,4.0,
7862,1,7314,31,15.0,5.0,2,1.0,2.0,40.0
7863,1,7305,41,,1.0,1,1.0,2.0,50.0
7863,2,7305,13,9.0,,1,,,
7863,3,7305,11,8.0,,2,,,
7864,1,7313,54,15.0,3.0,1,1.0,4.0,40.0
7864,2,7313,59,,1.0,2,1.0,4.0,30.0
7865,1,7304,62,,2.0,2,6.0,4.0,50.0
7866,1,7308,71,,1.0,2,2.0,2.0,32.0
7866,2,7308,80,,1.0,1,6.0,3.0,
7867,1,7318,26,,,2,6.0,4.0,
7867,2,7318,42,,1.0,1,3.0,3.0,40.0
7867,3,7318,7,3.0,,2,,,
7867,4,7318,5,1.0,,2,,,
7868,1,7309,52,,,2,6.0,4.0,
7868,2,7309,30,,3.0,1,1.0,4.0,70.0
7868,3,7309,30,,1.0,2,1.0,4.0,36.0
7869,1,7309,39,,2.0,1,1.0,4.0,22.0
7869,2,7309,39,,1.0,2,1.0,4.0,40.0
7869,3,7309,8,4.0,,1,,,
7869,4,7309,4,1.0,,1,,,
7869,5,7309,1,,,2,,,
7870,1,7315,36,,5.0,1,4.0,1.0,40.0
7870,2,7315,35,,5.0,2,6.0,4.0,
7871,1,7322,61,,6.0,1,1.0,4.0,40.0
7871,2,7322,59,,8.0,2,6.0,4.0,30.0
7871,3,7322,24,15.0,,1,6.0,4.0,
7872,1,7303,59,,1.0,2,1.0,4.0,40.0
7872,2,7303,54,,1.0,1,1.0,2.0,40.0
7872,3,7303,21,,1.0,2,1.0,4.0,8.0
7873,1,7308,46,,4.0,1,1.0,2.0,45.0
7873,2,7308,44,,,2,6.0,4.0,
7873,3,7308,1,,,2,,,
7873,4,7308,1,,,2,,,
7874,1,7321,57,,,1,6.0,2.0,
7875,1,7314,50,,1.0,2,1.0,4.0,26.0
7876,1,7307,40,,1.0,1,1.0,4.0,48.0
7876,2,7307,40,16.0,3.0,2,1.0,4.0,40.0
7876,3,7307,16,13.0,,1,6.0,,
7877,1,7318,41,,1.0,2,6.0,4.0,
7877,2,7318,49,,6.0,1,1.0,4.0,45.0
7877,3,7318,22,15.0,1.0,1,1.0,4.0,20.0
7877,4,7318,14,11.0,,1,,,
7878,1,7314,37,,1.0,2,1.0,4.0,45.0
7878,2,7314,0,,,1,,,
7879,1,7315,87,,1.0,1,2.0,2.0,18.0
7879,2,7315,82,,,2,6.0,4.0,
7879,3,7315,60,,3.0,2,6.0,4.0,24.0
7880,1,7318,28,,1.0,1,1.0,4.0,40.0
7880,2,7318,27,,3.0,2,1.0,4.0,40.0
7880,3,7318,52,,,2,6.0,4.0,
7881,1,7310,81,,,2,6.0,4.0,
7882,1,7313,39,,1.0,1,3.0,4.0,25.0
7883,1,7318,45,,1.0,2,1.0,4.0,40.0
7883,2,7318,45,,1.0,1,1.0,2.0,40.0
7884,1,7306,82,,,2,6.0,4.0,
7885,1,7307,58,,1.0,1,1.0,2.0,40.0
7885,2,7307,63,,,2,6.0,4.0,
7886,1,7312,77,,,1,6.0,4.0,
7887,1,7301,59,,6.0,1,1.0,2.0,40.0
7888,1,7302,27,,1.0,1,6.0,4.0,40.0
7888,2,7302,25,,1.0,2,6.0,4.0,
7889,1,7321,60,,3.0,1,6.0,4.0,
7890,1,7317,43,,1.0,1,1.0,4.0,40.0
7890,2,7317,44,,3.0,2,1.0,4.0,40.0
7890,3,7317,10,7.0,,2,,,
7890,4,7317,7,4.0,,2,,,
7891,1,7315,26,15.0,1.0,2,1.0,4.0,30.0
7891,2,7315,27,,3.0,2,1.0,4.0,47.0
7892,1,7317,48,,1.0,1,1.0,4.0,80.0
7892,2,7317,57,,1.0,2,1.0,4.0,40.0
7892,3,7317,24,16.0,4.0,1,1.0,4.0,10.0
7892,4,7317,23,15.0,1.0,2,1.0,4.0,20.0
7893,1,7313,34,,5.0,1,1.0,2.0,40.0
7893,2,7313,64,,,2,6.0,4.0,
7894,1,7307,77,,,2,6.0,4.0,
7895,1,7312,46,,1.0,2,1.0,4.0,40.0
7896,1,7309,49,,1.0,2,1.0,4.0,40.0
7896,2,7309,14,10.0,,1,,,
7896,3,7309,12,9.0,,2,,,
7896,4,7309,9,7.0,,2,,,
7896,5,7309,45,,1.0,2,1.0,4.0,20.0
7897,1,7305,31,16.0,3.0,2,1.0,4.0,40.0
7897,2,7305,38,,1.0,1,1.0,4.0,40.0
7898,1,7315,33,,5.0,1,1.0,2.0,40.0
7898,2,7315,32,,5.0,1,1.0,4.0,40.0
7899,1,7313,54,,1.0,1,1.0,4.0,48.0
7899,2,7313,51,,,2,6.0,4.0,
7899,3,7313,22,15.0,1.0,2,1.0,4.0,4.0
7899,4,7313,18,,1.0,1,1.0,4.0,15.0
7900,1,7303,47,,1.0,2,1.0,4.0,40.0
7900,2,7303,15,11.0,,2,,,
7900,3,7303,12,9.0,,2,,,
7900,4,7303,12,9.0,,1,,,
7900,5,7303,75,,2.0,2,1.0,4.0,40.0
7901,1,7309,71,,6.0,2,1.0,4.0,60.0
7902,1,7321,39,,,2,6.0,4.0,
7902,2,7321,12,9.0,,1,,,
7903,1,7310,46,,2.0,2,1.0,4.0,40.0
7903,2,7310,48,,7.0,1,1.0,4.0,40.0
7903,3,7310,7,4.0,,2,,,
7904,1,7306,42,,1.0,1,1.0,4.0,40.0
7905,1,7315,48,,1.0,1,1.0,4.0,60.0
7905,2,7315,46,,1.0,2,1.0,4.0,40.0
7905,3,7315,24,15.0,1.0,1,1.0,4.0,50.0
7905,4,7315,22,15.0,1.0,2,1.0,4.0,20.0
7905,5,7315,20,15.0,1.0,1,1.0,4.0,50.0
7905,6,7315,13,10.0,,1,,,
7906,1,7304,64,,5.0,1,6.0,4.0,40.0
7906,2,7304,59,,4.0,2,3.0,4.0,40.0
7907,1,7308,52,,1.0,1,1.0,4.0,45.0
7907,2,7308,52,,1.0,2,1.0,4.0,20.0
7907,3,7308,15,11.0,,1,,,
7907,4,7308,12,8.0,,1,,,
7907,5,7308,12,9.0,,1,,,
7907,6,7308,16,12.0,,1,6.0,,
7908,1,7304,72,,2.0,2,1.0,4.0,50.0
7908,2,7304,76,,1.0,1,1.0,4.0,60.0
7909,1,7314,63,,4.0,2,1.0,4.0,40.0
7909,2,7314,53,,,2,6.0,4.0,
7910,1,7317,21,,1.0,2,1.0,4.0,30.0
7910,2,7317,21,,1.0,2,1.0,4.0,40.0
7910,3,7317,21,15.0,1.0,2,1.0,4.0,15.0
7910,4,7317,21,15.0,1.0,2,1.0,4.0,20.0
7910,5,7317,21,15.0,2.0,2,1.0,4.0,12.0
7911,1,7318,27,15.0,,1,6.0,4.0,
7912,1,7314,40,,1.0,1,1.0,4.0,55.0
7912,2,7314,32,,1.0,1,1.0,4.0,35.0
7913,1,7313,49,,1.0,2,1.0,4.0,52.0
7914,1,7321,50,,1.0,2,1.0,4.0,50.0
7914,2,7321,51,,1.0,1,1.0,4.0,60.0
7914,3,7321,30,,1.0,2,1.0,4.0,40.0
7914,4,7321,28,,1.0,2,1.0,4.0,39.0
7914,5,7321,16,14.0,,1,6.0,,
7914,6,7321,2,,,1,,,
7914,7,7321,83,,,2,6.0,4.0,
7915,1,7319,73,,,2,6.0,4.0,
7915,2,7319,27,,1.0,1,1.0,2.0,40.0
7916,1,7307,76,,,1,6.0,2.0,
7916,2,7307,53,,1.0,1,6.0,4.0,40.0
7917,1,7301,52,,1.0,2,1.0,4.0,50.0
7917,2,7301,82,,,2,6.0,4.0,
7918,1,7307,55,,1.0,1,1.0,2.0,40.0
7918,2,7307,54,,1.0,2,1.0,4.0,40.0
7918,3,7307,28,,1.0,2,1.0,4.0,20.0
7918,4,7307,23,,3.0,1,1.0,4.0,40.0
7918,5,7307,3,,,2,,,
7919,1,7318,56,,5.0,1,1.0,4.0,43.0
7919,2,7318,51,,1.0,2,1.0,4.0,36.0
7919,3,7318,21,,1.0,1,6.0,4.0,
7919,4,7318,15,12.0,,2,,,
7920,1,7313,80,,,2,6.0,4.0,
7921,1,7303,28,,1.0,1,1.0,4.0,40.0
7921,2,7303,26,,1.0,2,1.0,4.0,40.0
7922,1,7310,43,,1.0,2,1.0,4.0,45.0
7922,2,7310,14,11.0,,2,,,
7923,1,7313,89,,,1,6.0,2.0,
7923,2,7313,84,,,2,6.0,4.0,
7924,1,7302,33,,7.0,1,1.0,2.0,40.0
7925,1,7304,71,,3.0,1,1.0,2.0,40.0
7925,2,7304,65,,1.0,2,1.0,4.0,40.0
7926,1,7317,59,,1.0,1,1.0,4.0,32.0
7926,2,7317,65,,1.0,2,6.0,4.0,
7927,1,7309,65,,3.0,2,2.0,4.0,8.0
7927,2,7309,70,,,1,6.0,4.0,
7927,3,7309,26,,1.0,1,1.0,4.0,30.0
7928,1,7313,44,,1.0,1,3.0,4.0,55.0
7928,2,7313,32,,1.0,2,1.0,4.0,40.0
7928,3,7313,1,,,1,,,
7929,1,7313,38,,1.0,1,3.0,2.0,65.0
7929,2,7313,43,,1.0,2,1.0,4.0,9.0
7929,3,7313,5,2.0,,2,,,
7929,4,7313,3,1.0,,1,,,
7930,1,7306,65,,6.0,1,1.0,4.0,40.0
7930,2,7306,65,,1.0,2,6.0,4.0,
7931,1,7319,86,,,2,6.0,4.0,
7931,2,7319,49,,,1,6.0,4.0,
7932,1,7322,60,,5.0,1,3.0,2.0,
7932,2,7322,60,,7.0,2,6.0,4.0,
7932,3,7322,25,,1.0,2,1.0,4.0,40.0
7932,4,7322,29,,1.0,1,1.0,4.0,40.0
7933,1,7303,56,,6.0,1,1.0,4.0,30.0
7933,2,7303,25,,9.0,2,3.0,4.0,
7934,1,7316,75,,,1,6.0,4.0,
7935,1,7316,42,,1.0,1,1.0,4.0,40.0
7935,2,7316,42,,1.0,2,1.0,4.0,40.0
7935,3,7316,9,5.0,,1,,,
7936,1,7312,45,,4.0,1,1.0,4.0,60.0
7936,2,7312,40,,,2,6.0,4.0,
7936,3,7312,17,14.0,,1,6.0,4.0,
7936,4,7312,14,11.0,,1,,,
7936,5,7312,8,5.0,,2,,,
7937,1,7306,48,,1.0,1,1.0,4.0,40.0
7937,2,7306,47,,1.0,2,6.0,4.0,
7937,3,7306,23,15.0,2.0,2,6.0,4.0,20.0
7937,4,7306,20,15.0,1.0,2,1.0,4.0,16.0
7937,5,7306,13,11.0,,2,,,
7938,1,7302,66,,1.0,2,1.0,4.0,40.0
7938,2,7302,61,,1.0,1,1.0,4.0,40.0
7938,3,7302,37,,1.0,1,1.0,4.0,40.0
7938,4,7302,13,10.0,,2,,,
7939,1,7310,43,,1.0,2,1.0,4.0,50.0
7940,1,7301,72,,1.0,1,1.0,4.0,40.0
7940,2,7301,65,,1.0,2,1.0,4.0,32.0
7941,1,7314,34,,5.0,2,1.0,2.0,10.0
7942,1,7309,51,,1.0,2,1.0,4.0,50.0
7942,2,7309,25,,1.0,2,6.0,4.0,20.0
7943,1,7304,50,,1.0,1,1.0,4.0,40.0
7943,2,7304,50,,,2,6.0,4.0,
7943,3,7304,17,14.0,1.0,2,6.0,4.0,10.0
7944,1,7316,32,,1.0,2,1.0,4.0,40.0
7944,2,7316,30,,2.0,2,1.0,4.0,40.0
7945,1,7310,46,,4.0,1,1.0,4.0,24.0
7945,2,7310,47,,1.0,2,1.0,4.0,55.0
7945,3,7310,12,9.0,,2,,,
7945,4,7310,7,4.0,,1,,,
7946,1,7322,45,,6.0,1,1.0,4.0,40.0
7946,2,7322,38,,2.0,2,6.0,4.0,
7946,3,7322,16,13.0,,2,6.0,,
7946,4,7322,14,11.0,,1,,,
7947,1,7308,52,15.0,1.0,2,2.0,4.0,20.0
7947,2,7308,59,,1.0,1,1.0,4.0,40.0
7948,1,7303,74,,6.0,1,6.0,4.0,10.0
7948,2,7303,70,,,2,6.0,4.0,
7949,1,7301,65,,7.0,1,1.0,2.0,60.0
7949,2,7301,63,,1.0,2,1.0,4.0,32.0
7949,3,7301,59,,1.0,1,1.0,2.0,40.0
7950,1,7313,36,,1.0,2,1.0,4.0,38.0
7950,2,7313,38,,5.0,1,1.0,4.0,40.0
7950,3,7313,19,14.0,1.0,1,1.0,4.0,28.0
7950,4,7313,17,13.0,9.0,2,3.0,4.0,
7950,5,7313,9,6.0,,1,,,
7951,1,7318,61,,1.0,2,6.0,4.0,
7951,2,7318,42,,1.0,1,1.0,2.0,40.0
7952,1,7311,46,,1.0,1,1.0,4.0,50.0
7952,2,7311,32,,1.0,1,1.0,4.0,40.0
7953,1,7310,30,,1.0,1,1.0,4.0,40.0
7953,2,7310,29,,1.0,2,1.0,4.0,48.0
7953,3,7310,0,,,1,,,
7954,1,7313,30,,6.0,2,1.0,4.0,25.0
7955,1,7308,59,,,1,6.0,4.0,
7955,2,7308,62,,,2,6.0,4.0,
7956,1,7319,29,15.0,5.0,2,3.0,2.0,90.0
7956,2,7319,4,,,1,,,
7957,1,7313,82,,1.0,1,6.0,2.0,
7957,2,7313,58,,1.0,2,1.0,4.0,40.0
7957,3,7313,18,12.0,,1,6.0,4.0,
7958,1,7302,35,,2.0,2,1.0,4.0,40.0
7958,2,7302,38,,5.0,1,1.0,2.0,40.0
7958,3,7302,2,,,2,,,
7959,1,7317,63,,5.0,1,1.0,2.0,60.0
7960,1,7321,72,,6.0,1,1.0,2.0,44.0
7960,2,7321,69,,6.0,2,6.0,4.0,
7961,1,7307,54,,6.0,1,1.0,4.0,30.0
7961,2,7307,19,,1.0,1,3.0,4.0,40.0
7961,3,7307,49,,,2,6.0,4.0,
7962,1,7308,84,,5.0,2,6.0,4.0,
7963,1,7308,49,,1.0,2,1.0,4.0,40.0
7963,2,7308,48,,1.0,1,1.0,4.0,40.0
7963,3,7308,17,14.0,1.0,2,6.0,4.0,30.0
7963,4,7308,15,11.0,,2,,,
7964,1,7309,52,,4.0,2,1.0,4.0,66.0
7964,2,7309,17,13.0,,1,6.0,4.0,
7964,3,7309,15,11.0,,1,,,
7965,1,7317,26,,2.0,2,1.0,4.0,40.0
7965,2,7317,30,,1.0,1,1.0,4.0,40.0
7966,1,7319,66,,1.0,2,6.0,4.0,
7967,1,7322,60,,6.0,2,1.0,4.0,66.0
7967,2,7322,54,,6.0,1,1.0,4.0,66.0
7967,3,7322,28,,1.0,1,1.0,4.0,40.0
7968,1,7312,24,,1.0,1,1.0,4.0,40.0
7969,1,7316,38,,1.0,1,1.0,4.0,40.0
7969,2,7316,39,,1.0,2,1.0,4.0,42.0
7970,1,7305,58,,1.0,1,1.0,4.0,44.0
7970,2,7305,53,,1.0,2,1.0,4.0,60.0
7970,3,7305,12,9.0,,1,,,
7970,4,7305,88,,,2,6.0,4.0,
7971,1,7318,77,,,1,6.0,4.0,
7971,2,7318,75,,,2,6.0,4.0,
7972,1,7315,63,,,2,6.0,4.0,
7972,2,7315,70,,,1,6.0,2.0,
7973,1,7321,53,,1.0,2,1.0,4.0,40.0
7973,2,7321,18,14.0,1.0,2,1.0,4.0,20.0
7974,1,7317,78,,,2,6.0,4.0,
7975,1,7304,66,,,2,6.0,4.0,
7975,2,7304,73,,,1,6.0,4.0,
7976,1,7315,76,,,1,6.0,4.0,
7976,2,7315,72,,,2,6.0,4.0,
7977,1,7321,68,,,1,6.0,3.0,
7978,1,7310,70,,,1,6.0,4.0,
7978,2,7310,70,,,1,6.0,4.0,
7979,1,7320,57,,1.0,1,1.0,4.0,48.0
7979,2,7320,45,,,2,6.0,4.0,
7979,3,7320,13,9.0,,2,,,
7979,4,7320,8,4.0,,1,,,
7980,1,7312,44,,7.0,1,1.0,2.0,40.0
7980,2,7312,46,,2.0,2,1.0,4.0,4.0
7980,3,7312,12,9.0,,1,,,
7980,4,7312,10,7.0,,2,,,
7980,5,7312,8,5.0,,1,,,
7981,1,7302,66,,6.0,1,1.0,4.0,24.0
7981,2,7302,63,,,2,6.0,4.0,
7981,3,7302,36,,3.0,2,1.0,4.0,15.0
7981,4,7302,5,2.0,,1,,,
7981,5,7302,37,16.0,1.0,1,6.0,4.0,20.0
7982,1,7318,50,,6.0,1,1.0,4.0,20.0
7982,2,7318,53,,6.0,2,1.0,4.0,20.0
7982,3,7318,32,,,2,6.0,4.0,
7982,4,7318,29,,1.0,1,1.0,4.0,32.0
7982,5,7318,28,,1.0,1,1.0,4.0,40.0
7982,6,7318,24,,1.0,2,1.0,4.0,24.0
7982,7,7318,12,9.0,,1,,,
7982,8,7318,11,6.0,,1,,,
7982,9,7318,6,4.0,,1,,,
7983,1,7311,59,,1.0,1,3.0,4.0,40.0
7983,2,7311,60,,1.0,2,1.0,4.0,40.0
7984,1,7314,41,,2.0,1,1.0,4.0,50.0
7984,2,7314,40,,3.0,2,1.0,4.0,7.0
7984,3,7314,15,12.0,,1,,,
7984,4,7314,14,10.0,,2,,,
7984,5,7314,11,8.0,,1,,,
7984,6,7314,9,6.0,,1,,,
7985,1,7321,63,,1.0,1,1.0,4.0,40.0
7985,2,7321,60,,,2,6.0,4.0,
7986,1,7321,80,,,1,6.0,2.0,
7986,2,7321,75,,,2,6.0,4.0,
7987,1,7314,48,,6.0,2,6.0,4.0,40.0
7987,2,7314,50,,1.0,1,1.0,4.0,60.0
7987,3,7314,16,13.0,,1,6.0,,
7988,1,7315,52,,,2,6.0,4.0,
7988,2,7315,15,11.0,,1,,,
7989,1,7305,71,15.0,,1,6.0,2.0,
7990,1,7312,45,,5.0,2,1.0,4.0,45.0
7990,2,7312,52,,1.0,1,1.0,4.0,40.0
7990,3,7312,17,14.0,,1,6.0,4.0,
7991,1,7315,57,,2.0,2,1.0,4.0,40.0
7991,2,7315,23,15.0,7.0,2,1.0,4.0,16.0
7992,1,7310,24,,1.0,1,1.0,4.0,40.0
7992,2,7310,24,15.0,1.0,1,1.0,4.0,28.0
7993,1,7306,61,,1.0,1,1.0,4.0,40.0
7993,2,7306,56,,,1,6.0,4.0,
7993,3,7306,86,,,2,6.0,4.0,
7994,1,7310,39,,1.0,1,1.0,4.0,40.0
7995,1,7322,82,,,1,6.0,4.0,
7995,2,7322,74,,,2,6.0,4.0,
7996,1,7312,56,,1.0,1,1.0,4.0,40.0
7996,2,7312,61,,1.0,2,1.0,4.0,40.0
7997,1,7316,52,,4.0,1,1.0,4.0,40.0
7998,1,7304,54,,7.0,1,6.0,4.0,10.0
7998,2,7304,40,,4.0,2,1.0,4.0,20.0
7998,3,7304,11,8.0,,1,,,
7998,4,7304,9,6.0,,1,,,
7999,1,7306,68,,7.0,2,6.0,4.0,80.0
8000,1,7318,76,,1.0,2,6.0,4.0,
8000,2,7318,35,,1.0,2,1.0,4.0,38.0
8000,3,7318,69,,1.0,1,1.0,4.0,30.0
8001,1,7306,43,,,1,6.0,4.0,
8001,2,7306,38,,1.0,2,1.0,4.0,40.0
8002,1,7301,44,,,2,6.0,4.0,
8002,2,7301,43,,1.0,1,1.0,4.0,40.0
8002,3,7301,20,14.0,1.0,1,1.0,4.0,20.0
8002,4,7301,17,14.0,,2,6.0,4.0,
8002,5,7301,13,9.0,,1,,,
8002,6,7301,8,5.0,,2,,,
8002,7,7301,7,5.0,,2,,,
8002,8,7301,0,,,1,,,
8002,9,7301,0,,,1,,,
8002,10,7301,25,,1.0,1,1.0,4.0,40.0
8003,1,7314,61,,1.0,1,1.0,2.0,40.0
8003,2,7314,54,,1.0,2,1.0,4.0,40.0
8003,3,7314,23,15.0,3.0,1,6.0,4.0,20.0
8004,1,7320,51,,3.0,2,1.0,4.0,40.0
8005,1,7306,44,,4.0,1,1.0,4.0,40.0
8005,2,7306,7,3.0,,1,,,
8005,3,7306,5,1.0,,1,,,
8006,1,7301,64,,1.0,2,1.0,4.0,50.0
8006,2,7301,65,,1.0,1,1.0,4.0,50.0
8006,3,7301,37,,1.0,2,1.0,4.0,40.0
8007,1,7322,57,,1.0,2,1.0,4.0,40.0
8007,2,7322,39,,1.0,1,1.0,4.0,50.0
8007,3,7322,37,,9.0,1,3.0,4.0,
8007,4,7322,81,,,2,6.0,4.0,
8007,5,7322,12,8.0,,1,,,
8007,6,7322,2,,,1,,,
8007,7,7322,35,,1.0,1,1.0,3.0,40.0
8008,1,7314,76,,,1,6.0,4.0,
8008,2,7314,75,,2.0,2,6.0,4.0,9.0
8009,1,7316,61,,,2,6.0,4.0,
8010,1,7317,65,,6.0,1,1.0,4.0,70.0
8010,2,7317,44,,6.0,2,1.0,4.0,50.0
8011,1,7316,87,,,2,6.0,4.0,
8011,2,7316,87,,,1,6.0,2.0,
8012,1,7317,85,,,2,6.0,4.0,
8012,2,7317,58,,3.0,2,1.0,4.0,36.0
8013,1,7321,39,,1.0,1,1.0,4.0,40.0
8013,2,7321,38,,1.0,2,1.0,4.0,40.0
8013,3,7321,20,,1.0,1,1.0,4.0,40.0
8013,4,7321,15,13.0,,1,,,
8013,5,7321,12,8.0,,2,,,
8013,6,7321,11,9.0,,1,,,
8014,1,7301,64,,,2,6.0,4.0,
8014,2,7301,63,,1.0,1,1.0,4.0,20.0
8014,3,7301,64,,1.0,2,6.0,4.0,
8015,1,7305,45,,1.0,1,1.0,4.0,40.0
8015,2,7305,42,,,2,6.0,4.0,
8015,3,7305,4,1.0,,2,,,
8015,4,7305,3,1.0,,1,,,
8016,1,7321,70,,3.0,2,1.0,4.0,40.0
8017,1,7317,51,,1.0,2,1.0,4.0,40.0
8017,2,7317,24,,1.0,1,1.0,4.0,30.0
8017,3,7317,19,15.0,,2,6.0,4.0,
8017,4,7317,34,,1.0,2,6.0,4.0,
8018,1,7313,74,,6.0,1,6.0,4.0,
8018,2,7313,73,,,2,6.0,4.0,
8019,1,7302,60,,6.0,1,6.0,4.0,15.0
8019,2,7302,59,,1.0,2,6.0,4.0,
8020,1,7304,76,,,2,6.0,4.0,
8020,2,7304,54,,1.0,2,6.0,4.0,40.0
8021,1,7312,29,,3.0,2,1.0,4.0,50.0
8022,1,7312,39,,1.0,2,1.0,4.0,45.0
8022,2,7312,35,,1.0,1,1.0,4.0,50.0
8022,3,7312,9,5.0,,1,,,
8022,4,7312,5,2.0,,1,,,
8023,1,7311,66,,1.0,2,3.0,4.0,
8024,1,7313,33,,6.0,1,1.0,4.0,21.0
8025,1,7302,76,11.0,,1,6.0,4.0,
8025,2,7302,74,15.0,,2,6.0,4.0,
8026,1,7313,57,,3.0,1,6.0,2.0,
8026,2,7313,57,,1.0,2,1.0,4.0,60.0
8027,1,7320,63,,3.0,1,1.0,4.0,50.0
8027,2,7320,62,,,2,6.0,4.0,
8027,3,7320,27,,1.0,2,1.0,4.0,40.0
8027,4,7320,24,,1.0,2,1.0,4.0,40.0
8028,1,7322,54,,,2,6.0,4.0,
8028,2,7322,47,,1.0,1,1.0,4.0,40.0
8029,1,7316,37,,1.0,1,1.0,4.0,32.0
8030,1,7310,47,,5.0,2,4.0,3.0,14.0
8030,2,7310,55,,1.0,1,1.0,2.0,22.0
8030,3,7310,14,11.0,,2,,,
8030,4,7310,12,9.0,,2,,,
8031,1,7310,55,,1.0,2,1.0,4.0,30.0
8032,1,7311,66,,1.0,2,1.0,4.0,36.0
8032,2,7311,23,16.0,1.0,2,1.0,4.0,40.0
8033,1,7316,68,,1.0,1,6.0,4.0,
8033,2,7316,65,,1.0,2,1.0,4.0,40.0
8034,1,7313,52,,1.0,1,3.0,4.0,40.0
8035,1,7317,37,,1.0,1,1.0,4.0,60.0
8035,2,7317,39,,1.0,2,1.0,4.0,60.0
8036,1,7322,59,,1.0,1,1.0,4.0,40.0
8036,2,7322,43,,,2,6.0,4.0,
8037,1,7310,67,,2.0,1,1.0,4.0,80.0
8037,2,7310,83,,2.0,1,1.0,4.0,8.0
8038,1,7309,54,,7.0,1,1.0,2.0,40.0
8038,2,7309,15,11.0,,1,,,
8039,1,7301,29,15.0,1.0,2,6.0,2.0,
8039,2,7301,29,15.0,5.0,1,4.0,1.0,47.0
8040,1,7313,41,,7.0,2,1.0,4.0,50.0
8041,1,7321,53,,6.0,2,1.0,4.0,32.0
8041,2,7321,25,,1.0,2,1.0,4.0,30.0
8041,3,7321,4,,,2,,,
8041,4,7321,1,,,1,,,
8042,1,7304,52,,,2,6.0,4.0,
8043,1,7310,35,,1.0,1,1.0,4.0,40.0
8043,2,7310,34,,,2,6.0,4.0,
8043,3,7310,9,6.0,,1,,,
8043,4,7310,5,2.0,,1,,,
8043,5,7310,3,1.0,,1,,,
8044,1,7317,39,,1.0,2,1.0,4.0,40.0
8044,2,7317,12,9.0,,1,,,
8045,1,7304,52,,6.0,2,1.0,4.0,25.0
8045,2,7304,52,,1.0,1,1.0,4.0,40.0
8046,1,7304,67,,,1,6.0,4.0,
8046,2,7304,71,,,2,6.0,4.0,
8047,1,7320,49,,6.0,1,1.0,4.0,60.0
8047,2,7320,45,,,2,6.0,4.0,
8047,3,7320,22,14.0,,2,6.0,4.0,
8047,4,7320,14,11.0,,2,,,
8047,5,7320,88,,,2,6.0,4.0,
8048,1,7302,76,,,1,6.0,2.0,
8048,2,7302,76,,,2,6.0,4.0,
8049,1,7303,55,,6.0,1,1.0,4.0,35.0
8050,1,7314,28,,3.0,2,1.0,4.0,40.0
8051,1,7320,23,15.0,1.0,1,1.0,4.0,35.0
8051,2,7320,29,,1.0,2,1.0,4.0,35.0
8051,3,7320,28,,1.0,2,3.0,4.0,30.0
8052,1,7322,61,15.0,1.0,2,1.0,4.0,17.0
8052,2,7322,56,16.0,3.0,2,1.0,4.0,29.0
8052,3,7322,56,,,1,6.0,4.0,
8053,1,7307,51,,,2,6.0,4.0,
8053,2,7307,73,,,1,6.0,2.0,
8053,3,7307,19,,,2,6.0,4.0,
8053,4,7307,51,,1.0,2,1.0,4.0,21.0
8054,1,7322,62,,5.0,1,1.0,2.0,40.0
8054,2,7322,62,,4.0,2,1.0,4.0,40.0
8055,1,7316,51,,3.0,2,1.0,4.0,50.0
8055,2,7316,54,,7.0,1,1.0,4.0,60.0
8056,1,7313,62,,1.0,1,6.0,2.0,
8056,2,7313,57,,1.0,2,1.0,4.0,40.0
8057,1,7305,63,,,2,6.0,2.0,
8058,1,7314,69,,6.0,1,1.0,4.0,10.0
8059,1,7310,37,,2.0,1,1.0,4.0,45.0
8059,2,7310,39,,1.0,2,1.0,4.0,50.0
8059,3,7310,4,,,1,,,
8059,4,7310,1,,,1,,,
8060,1,7302,71,,2.0,1,6.0,4.0,
8061,1,7309,41,,1.0,1,1.0,4.0,40.0
8061,2,7309,37,,4.0,2,1.0,4.0,40.0
8061,3,7309,11,7.0,,1,,,
8061,4,7309,8,6.0,,2,,,
8062,1,7302,52,,3.0,2,1.0,4.0,40.0
8062,2,7302,52,,1.0,1,1.0,2.0,50.0
8062,3,7302,23,,1.0,1,1.0,4.0,40.0
8063,1,7306,65,,1.0,2,1.0,4.0,40.0
8063,2,7306,67,,1.0,1,6.0,4.0,
8064,1,7322,62,,6.0,1,1.0,4.0,40.0
8064,2,7322,62,15.0,,2,6.0,4.0,
8064,3,7322,31,,1.0,2,1.0,4.0,40.0
8065,1,7310,63,,,1,6.0,4.0,
8066,1,7305,41,,1.0,2,1.0,4.0,40.0
8066,2,7305,47,,1.0,1,1.0,4.0,40.0
8066,3,7305,16,13.0,,2,6.0,,
8066,4,7305,14,11.0,,1,,,
8066,5,7305,14,11.0,,1,,,
8066,6,7305,60,,1.0,2,1.0,4.0,40.0
8067,1,7313,69,,6.0,2,1.0,4.0,2.0
8067,2,7313,65,,1.0,1,6.0,4.0,
8068,1,7305,68,,,2,6.0,4.0,
8068,2,7305,60,,1.0,1,1.0,4.0,44.0
8069,1,7301,58,,1.0,1,1.0,4.0,40.0
8069,2,7301,56,,,2,6.0,4.0,
8069,3,7301,31,15.0,1.0,2,1.0,4.0,40.0
8069,4,7301,10,7.0,,2,,,
8070,1,7309,67,,7.0,1,1.0,2.0,55.0
8070,2,7309,37,,1.0,2,1.0,4.0,40.0
8071,1,7313,64,,,1,6.0,4.0,
8071,2,7313,65,,7.0,2,1.0,4.0,35.0
8071,3,7313,36,,1.0,2,1.0,4.0,40.0
8071,4,7313,14,12.0,,1,,,
8071,5,7313,11,10.0,,1,,,
8072,1,7321,64,,6.0,2,1.0,4.0,54.0
8073,1,7320,67,,6.0,1,6.0,4.0,
8073,2,7320,66,,,2,6.0,4.0,
8074,1,7319,54,,5.0,2,1.0,4.0,40.0
8074,2,7319,36,,1.0,2,1.0,4.0,40.0
8074,3,7319,17,14.0,,2,6.0,4.0,
8074,4,7319,13,10.0,,1,,,
8075,1,7314,68,,1.0,1,6.0,4.0,
8075,2,7314,68,,3.0,2,6.0,4.0,
8076,1,7318,61,,5.0,1,1.0,2.0,40.0
8076,2,7318,59,,1.0,2,1.0,4.0,30.0
8077,1,7311,75,,,1,6.0,2.0,
8077,2,7311,69,,4.0,2,1.0,4.0,50.0
8078,1,7302,34,,,2,6.0,4.0,
8078,2,7302,36,16.0,5.0,1,4.0,1.0,50.0
8078,3,7302,12,8.0,,1,,,
8078,4,7302,8,4.0,,1,,,
8078,5,7302,6,2.0,,1,,,
8078,6,7302,0,,,2,,,
8079,1,7308,74,,2.0,2,1.0,4.0,24.0
8079,2,7308,73,,,1,6.0,2.0,
8079,3,7308,46,,1.0,2,1.0,4.0,22.0
8079,4,7308,25,,1.0,2,1.0,4.0,16.0
8079,5,7308,10,7.0,,2,,,
8079,6,7308,46,,2.0,1,1.0,4.0,40.0
8080,1,7305,80,,,2,6.0,4.0,
8080,2,7305,87,,,1,6.0,4.0,
8080,3,7305,55,,1.0,2,1.0,4.0,40.0
8081,1,7301,48,,7.0,1,1.0,4.0,40.0
8081,2,7301,16,12.0,,2,6.0,,
8082,1,7318,51,,6.0,1,1.0,4.0,40.0
8082,2,7318,55,,,2,6.0,4.0,
8082,3,7318,18,15.0,1.0,2,1.0,4.0,30.0
8083,1,7303,78,,,1,6.0,4.0,
8083,2,7303,78,,3.0,2,1.0,4.0,6.0
8084,1,7302,64,,,2,6.0,4.0,
8084,2,7302,62,,,1,6.0,4.0,
8084,3,7302,38,,,1,6.0,4.0,
8085,1,7306,50,,1.0,1,1.0,4.0,55.0
8086,1,7320,60,,3.0,1,6.0,4.0,
8086,2,7320,60,15.0,1.0,2,1.0,4.0,36.0
8087,1,7317,65,,1.0,2,1.0,4.0,3.0
8087,2,7317,62,,,2,6.0,4.0,
8087,3,7317,41,,,2,6.0,4.0,
8088,1,7320,33,,1.0,1,1.0,4.0,40.0
8088,2,7320,34,,,2,6.0,4.0,
8088,3,7320,9,5.0,,2,,,
8089,1,7305,71,,1.0,2,2.0,4.0,20.0
8090,1,7304,66,,,1,6.0,4.0,
8090,2,7304,62,,,2,6.0,4.0,
8091,1,7307,34,,1.0,1,1.0,4.0,40.0
8091,2,7307,36,,,2,6.0,4.0,
8091,3,7307,3,,,2,,,
8092,1,7319,81,,,1,6.0,2.0,
8093,1,7321,62,,1.0,1,1.0,4.0,40.0
8093,2,7321,38,,6.0,1,1.0,4.0,25.0
8093,3,7321,35,,1.0,2,1.0,4.0,20.0
8093,4,7321,31,,9.0,2,3.0,4.0,
8093,5,7321,12,10.0,,2,,,
8093,6,7321,12,10.0,,1,,,
8093,7,7321,9,4.0,,1,,,
8093,8,7321,4,1.0,,1,,,
8093,9,7321,2,,,1,,,
8093,10,7321,35,,4.0,1,1.0,4.0,25.0
8094,1,7309,64,,,1,6.0,2.0,
8094,2,7309,65,,,2,6.0,4.0,
8095,1,7303,33,,1.0,1,1.0,4.0,30.0
8095,2,7303,33,,1.0,2,6.0,4.0,
8095,3,7303,2,,,1,,,
8096,1,7307,71,,,2,6.0,4.0,
8097,1,7311,53,,1.0,2,1.0,4.0,45.0
8097,2,7311,57,,1.0,1,1.0,4.0,50.0
8097,3,7311,16,13.0,1.0,1,1.0,,3.0
8097,4,7311,14,11.0,,2,,,
8098,1,7320,73,,,1,6.0,2.0,
8098,2,7320,71,,,2,6.0,4.0,
8099,1,7310,70,,1.0,1,1.0,4.0,50.0
8100,1,7316,47,,2.0,2,1.0,4.0,40.0
8100,2,7316,41,,4.0,1,1.0,4.0,40.0
8101,1,7313,27,,1.0,1,1.0,4.0,40.0
8101,2,7313,24,,1.0,2,1.0,4.0,30.0
8101,3,7313,17,14.0,,1,6.0,4.0,
8101,4,7313,28,,1.0,1,1.0,4.0,40.0
8102,1,7321,82,,2.0,2,1.0,4.0,80.0
8102,2,7321,53,,,1,6.0,4.0,
8103,1,7306,62,,1.0,2,1.0,4.0,42.0
8104,1,7322,27,,5.0,1,4.0,1.0,48.0
8104,2,7322,23,,5.0,1,4.0,1.0,48.0
8105,1,7316,59,,3.0,1,1.0,4.0,45.0
8106,1,7303,73,,1.0,2,6.0,4.0,
8107,1,7316,36,,5.0,1,1.0,2.0,40.0
8107,2,7316,37,,1.0,2,1.0,4.0,48.0
8107,3,7316,3,,,2,,,
8108,1,7303,56,,1.0,1,1.0,4.0,60.0
8108,2,7303,56,,5.0,2,6.0,4.0,40.0
8109,1,7312,26,16.0,1.0,1,6.0,4.0,40.0
8109,2,7312,25,16.0,1.0,2,6.0,4.0,20.0
8110,1,7321,58,,1.0,1,1.0,4.0,40.0
8110,2,7321,34,,1.0,2,2.0,4.0,30.0
8110,3,7321,88,,,2,6.0,4.0,
8110,4,7321,10,7.0,,2,,,
8110,5,7321,9,6.0,,2,,,
8110,6,7321,4,,,2,,,
8111,1,7305,31,,1.0,2,1.0,4.0,36.0
8111,2,7305,32,,1.0,1,1.0,4.0,50.0
8111,3,7305,51,,1.0,2,1.0,4.0,40.0
8111,4,7305,51,,,1,6.0,4.0,
8112,1,7316,65,,1.0,2,2.0,4.0,40.0
8112,2,7316,26,,1.0,1,1.0,4.0,40.0
8113,1,7315,60,16.0,,1,6.0,4.0,
8113,2,7315,43,,,2,6.0,4.0,
8113,3,7315,16,13.0,,1,6.0,,
8113,4,7315,12,9.0,,1,,,
8114,1,7311,61,,1.0,2,1.0,4.0,40.0
8114,2,7311,26,,1.0,1,1.0,4.0,20.0
8115,1,7302,73,,,2,6.0,4.0,
8116,1,7315,88,,,2,6.0,4.0,
8117,1,7301,69,,5.0,1,6.0,2.0,
8117,2,7301,72,,,2,6.0,4.0,
8117,3,7301,46,,1.0,1,1.0,4.0,40.0
8118,1,7305,49,,1.0,2,1.0,4.0,40.0
8118,2,7305,61,,1.0,1,1.0,4.0,40.0
8118,3,7305,23,,1.0,2,1.0,4.0,8.0
8118,4,7305,15,11.0,,1,,,
8118,5,7305,75,,,2,6.0,4.0,
8119,1,7310,40,,,1,6.0,4.0,
8120,1,7321,86,,,2,6.0,4.0,
8121,1,7309,54,,3.0,1,1.0,4.0,40.0
8122,1,7308,67,,1.0,1,3.0,2.0,
8122,2,7308,70,,6.0,2,1.0,4.0,40.0
8123,1,7319,31,,5.0,1,1.0,4.0,50.0
8123,2,7319,25,15.0,1.0,1,6.0,4.0,
8123,3,7319,60,,6.0,2,1.0,4.0,30.0
8124,1,7301,31,,6.0,2,1.0,4.0,20.0
8124,2,7301,34,,5.0,1,4.0,1.0,45.0
8125,1,7316,87,,,1,6.0,4.0,
8126,1,7301,39,15.0,1.0,1,1.0,4.0,50.0
8126,2,7301,37,,1.0,2,1.0,4.0,60.0
8126,3,7301,13,10.0,,1,,,
8126,4,7301,9,6.0,,2,,,
8127,1,7306,82,,7.0,1,1.0,2.0,35.0
8127,2,7306,81,,,2,6.0,4.0,
8128,1,7310,40,16.0,1.0,2,1.0,4.0,40.0
8128,2,7310,40,,1.0,1,1.0,4.0,40.0
8128,3,7310,17,13.0,1.0,2,6.0,4.0,5.0
8129,1,7320,42,,1.0,2,1.0,4.0,20.0
8129,2,7320,48,,1.0,1,1.0,4.0,40.0
8129,3,7320,17,14.0,,2,6.0,4.0,
8129,4,7320,8,5.0,,2,,,
8129,5,7320,6,4.0,,1,,,
8130,1,7301,35,,2.0,1,1.0,4.0,52.0
8130,2,7301,37,,1.0,2,1.0,4.0,20.0
8130,3,7301,6,2.0,,2,,,
8130,4,7301,4,1.0,,2,,,
8130,5,7301,2,,,2,,,
8131,1,7304,48,,6.0,2,1.0,4.0,50.0
8131,2,7304,46,,1.0,1,1.0,4.0,70.0
8132,1,7304,39,,2.0,2,1.0,4.0,50.0
8132,2,7304,40,,,1,6.0,2.0,
8132,3,7304,13,10.0,,1,,,
8132,4,7304,12,9.0,,1,,,
8133,1,7317,42,16.0,1.0,1,1.0,4.0,40.0
8133,2,7317,36,,1.0,2,1.0,4.0,50.0
8134,1,7309,67,,1.0,2,1.0,4.0,14.0
8134,2,7309,68,,6.0,1,1.0,4.0,30.0
8135,1,7307,42,,6.0,1,1.0,4.0,40.0
8135,2,7307,39,,2.0,2,1.0,4.0,28.0
8136,1,7317,46,,2.0,1,1.0,4.0,40.0
8136,2,7317,58,,1.0,1,1.0,2.0,40.0
8137,1,7316,65,,6.0,2,1.0,4.0,30.0
8137,2,7316,51,,6.0,1,1.0,4.0,40.0
8137,3,7316,94,,,2,6.0,4.0,
8138,1,7314,46,,1.0,1,1.0,4.0,30.0
8138,2,7314,46,,1.0,2,1.0,4.0,40.0
8139,1,7302,94,,,1,6.0,4.0,
8140,1,7306,48,,1.0,1,1.0,4.0,70.0
8140,2,7306,42,,1.0,2,6.0,4.0,20.0
8140,3,7306,1,,,2,,,
8141,1,7315,36,,1.0,2,1.0,4.0,40.0
8141,2,7315,36,,6.0,1,2.0,4.0,30.0
8141,3,7315,13,9.0,,2,,,
8142,1,7317,76,,,1,6.0,2.0,
8143,1,7316,63,,7.0,1,1.0,2.0,65.0
8143,2,7316,63,,,2,6.0,4.0,
8143,3,7316,28,,1.0,1,1.0,4.0,55.0
8143,4,7316,23,15.0,1.0,2,1.0,4.0,25.0
8144,1,7321,38,15.0,2.0,2,1.0,4.0,40.0
8144,2,7321,15,11.0,,2,,,
8145,1,7315,64,,1.0,1,1.0,4.0,30.0
8145,2,7315,62,,6.0,2,1.0,4.0,24.0
8145,3,7315,25,15.0,1.0,1,6.0,4.0,
8146,1,7322,56,,1.0,1,1.0,4.0,40.0
8146,2,7322,52,,,2,6.0,4.0,
8146,3,7322,27,,1.0,1,6.0,4.0,30.0
8147,1,7314,53,,1.0,1,1.0,4.0,30.0
8147,2,7314,43,,,2,6.0,4.0,
8147,3,7314,20,15.0,1.0,1,1.0,4.0,15.0
8147,4,7314,18,14.0,1.0,1,1.0,4.0,20.0
8147,5,7314,7,3.0,,1,,,
8148,1,7301,40,,1.0,2,1.0,4.0,40.0
8148,2,7301,53,,1.0,1,1.0,4.0,60.0
8148,3,7301,9,6.0,,1,,,
8148,4,7301,67,,1.0,2,1.0,4.0,24.0
8149,1,7320,57,,1.0,1,1.0,4.0,55.0
8149,2,7320,52,,1.0,2,1.0,4.0,10.0
8149,3,7320,17,14.0,1.0,1,1.0,4.0,3.0
8149,4,7320,14,11.0,,2,,,
8150,1,7309,49,,5.0,1,1.0,4.0,42.0
8150,2,7309,42,,5.0,2,1.0,4.0,40.0
8150,3,7309,19,15.0,1.0,1,1.0,4.0,20.0
8150,4,7309,15,11.0,,1,,,
8150,5,7309,9,5.0,,1,,,
8150,6,7309,6,3.0,,2,,,
8151,1,7316,34,,1.0,2,1.0,4.0,40.0
8151,2,7316,18,14.0,,1,6.0,4.0,
8151,3,7316,13,10.0,,2,,,
8151,4,7316,11,7.0,,2,,,
8152,1,7306,55,,1.0,2,1.0,4.0,55.0
8152,2,7306,25,,1.0,1,1.0,4.0,40.0
8153,1,7310,72,,2.0,1,1.0,4.0,70.0
8153,2,7310,71,,1.0,2,1.0,4.0,2.0
8154,1,7314,51,,3.0,2,1.0,4.0,40.0
8154,2,7314,50,,6.0,1,1.0,4.0,40.0
8154,3,7314,17,13.0,,1,6.0,4.0,
8155,1,7316,81,,,2,6.0,4.0,
8155,2,7316,44,,1.0,2,1.0,4.0,40.0
8155,3,7316,48,,1.0,1,1.0,4.0,40.0
8156,1,7313,67,,3.0,2,1.0,4.0,40.0
8156,2,7313,88,,,2,6.0,4.0,
8157,1,7313,31,,1.0,1,1.0,4.0,45.0
8157,2,7313,26,,1.0,2,1.0,4.0,32.0
8157,3,7313,3,,,1,,,
8157,4,7313,1,,,1,,,
8158,1,7313,33,,6.0,1,1.0,4.0,30.0
8158,2,7313,34,,,2,6.0,4.0,
8158,3,7313,5,2.0,,1,,,
8158,4,7313,3,,,2,,,
8158,5,7313,13,10.0,,2,,,
8159,1,7319,81,,,1,6.0,2.0,
8160,1,7322,58,,6.0,1,1.0,4.0,50.0
8161,1,7316,35,,1.0,2,1.0,4.0,40.0
8161,2,7316,8,6.0,,2,,,
8161,3,7316,60,,1.0,2,1.0,4.0,40.0
8162,1,7316,27,,7.0,1,3.0,4.0,25.0
8163,1,7316,47,,1.0,1,1.0,4.0,40.0
8163,2,7316,60,,3.0,1,1.0,4.0,40.0
8164,1,7311,86,,,1,6.0,4.0,
8164,2,7311,82,,,2,6.0,4.0,
8165,1,7301,76,,7.0,1,1.0,2.0,40.0
8165,2,7301,70,,6.0,2,6.0,4.0,
8166,1,7320,53,,1.0,1,1.0,2.0,40.0
8166,2,7320,50,,1.0,2,1.0,4.0,25.0
8166,3,7320,8,5.0,,1,,,
8166,4,7320,87,,,2,6.0,4.0,
8167,1,7316,25,,5.0,1,1.0,4.0,40.0
8168,1,7315,44,,3.0,2,1.0,4.0,40.0
8168,2,7315,42,,5.0,1,1.0,3.0,40.0
8168,3,7315,17,14.0,,2,6.0,4.0,
8169,1,7305,54,,,2,6.0,4.0,
8169,2,7305,19,,,1,6.0,4.0,
8169,3,7305,17,14.0,,2,6.0,4.0,
8170,1,7304,72,,1.0,1,1.0,2.0,50.0
8170,2,7304,64,,1.0,2,6.0,4.0,
8171,1,7302,47,,6.0,1,1.0,4.0,40.0
8171,2,7302,44,,,2,6.0,4.0,
8171,3,7302,17,14.0,,1,6.0,4.0,
8171,4,7302,7,4.0,,2,,,
8172,1,7301,69,,1.0,1,1.0,4.0,20.0
8172,2,7301,64,,1.0,1,1.0,4.0,40.0
8172,3,7301,54,,1.0,1,1.0,2.0,8.0
8172,4,7301,94,,,2,6.0,4.0,
8173,1,7320,50,,2.0,1,1.0,4.0,36.0
8173,2,7320,51,16.0,1.0,2,1.0,4.0,40.0
8173,3,7320,17,14.0,,2,6.0,4.0,
8173,4,7320,16,12.0,,2,6.0,,
8174,1,7310,61,,1.0,2,1.0,4.0,20.0
8174,2,7310,62,,1.0,1,1.0,4.0,60.0
8174,3,7310,60,,1.0,2,1.0,4.0,40.0
8175,1,7321,70,,,2,6.0,4.0,
8175,2,7321,22,,,1,6.0,4.0,
8175,3,7321,21,,1.0,2,1.0,4.0,40.0
8175,4,7321,17,14.0,,2,6.0,4.0,
8176,1,7309,94,,,2,6.0,4.0,
8176,2,7309,74,,,2,6.0,4.0,
8177,1,7312,44,,1.0,2,1.0,4.0,40.0
8177,2,7312,18,15.0,1.0,1,1.0,4.0,24.0
8177,3,7312,15,12.0,,2,,,
8177,4,7312,12,9.0,,2,,,
8178,1,7317,60,,1.0,1,1.0,4.0,41.0
8178,2,7317,65,,,2,6.0,4.0,
8179,1,7310,42,,6.0,1,1.0,4.0,30.0
8179,2,7310,38,,1.0,2,6.0,4.0,
8179,3,7310,1,,,2,,,
8180,1,7307,69,,2.0,1,6.0,2.0,
8180,2,7307,62,,1.0,2,6.0,4.0,
8180,3,7307,32,,1.0,1,1.0,2.0,40.0
8181,1,7301,90,,1.0,1,1.0,4.0,20.0
8182,1,7309,51,,6.0,2,1.0,4.0,30.0
8182,2,7309,54,,,1,6.0,4.0,
8182,3,7309,25,,1.0,2,1.0,4.0,40.0
8183,1,7310,60,,3.0,1,6.0,4.0,
8183,2,7310,48,,6.0,2,2.0,4.0,15.0
8184,1,7317,34,,,2,6.0,4.0,
8184,2,7317,11,8.0,,1,,,
8185,1,7320,47,,5.0,1,4.0,1.0,65.0
8186,1,7305,79,,,1,6.0,4.0,
8187,1,7307,34,,1.0,1,1.0,4.0,50.0
8187,2,7307,5,2.0,,2,,,
8188,1,7317,34,,1.0,1,1.0,4.0,40.0
8188,2,7317,35,,3.0,2,1.0,4.0,40.0
8188,3,7317,4,,,2,,,
8188,4,7317,3,,,2,,,
8189,1,7321,72,,,1,6.0,4.0,
8189,2,7321,73,,,2,6.0,4.0,
8190,1,7316,58,,6.0,1,1.0,4.0,50.0
8191,1,7309,61,,6.0,1,1.0,4.0,5.0
8191,2,7309,62,,3.0,2,1.0,4.0,30.0
8192,1,7307,33,,1.0,1,1.0,4.0,40.0
8192,2,7307,32,,1.0,2,1.0,4.0,10.0
8192,3,7307,5,1.0,,1,,,
8192,4,7307,3,,,1,,,
8193,1,7312,26,,1.0,1,1.0,4.0,10.0
8193,2,7312,26,16.0,4.0,2,1.0,4.0,40.0
8193,3,7312,25,16.0,4.0,1,1.0,4.0,60.0
8194,1,7306,45,,3.0,1,1.0,4.0,40.0
8194,2,7306,45,,1.0,2,6.0,4.0,
8194,3,7306,20,,1.0,2,1.0,4.0,15.0
8195,1,7322,56,,3.0,2,1.0,4.0,20.0
8195,2,7322,19,15.0,,1,6.0,4.0,
8196,1,7301,25,15.0,1.0,2,1.0,4.0,40.0
8196,2,7301,2,,,2,,,
8196,3,7301,28,,1.0,1,1.0,4.0,40.0
8196,4,7301,50,,6.0,2,1.0,4.0,25.0
8197,1,7318,56,,1.0,2,6.0,4.0,20.0
8197,2,7318,58,,1.0,2,1.0,4.0,30.0
8198,1,7316,64,,,2,6.0,4.0,
8198,2,7316,61,,,1,6.0,4.0,
8199,1,7309,67,,2.0,2,1.0,4.0,45.0
8199,2,7309,80,,,1,6.0,2.0,
8199,3,7309,55,,1.0,2,1.0,4.0,50.0
8199,4,7309,40,,1.0,1,1.0,4.0,50.0
8199,5,7309,54,,1.0,1,1.0,4.0,45.0
8200,1,7319,67,,,2,6.0,4.0,
8200,2,7319,73,,,1,6.0,4.0,
8201,1,7301,32,,1.0,1,1.0,4.0,40.0
8201,2,7301,32,,3.0,2,6.0,4.0,
8201,3,7301,2,,,1,,,
8201,4,7301,0,,,1,,,
8202,1,7304,53,,1.0,2,1.0,4.0,40.0
8202,2,7304,54,,1.0,1,1.0,4.0,40.0
8202,3,7304,54,,1.0,1,1.0,4.0,40.0
8203,1,7319,34,,3.0,2,1.0,4.0,40.0
8203,2,7319,34,,1.0,1,1.0,4.0,40.0
8204,1,7317,31,,1.0,2,1.0,4.0,15.0
8204,2,7317,31,,1.0,1,1.0,4.0,80.0
8205,1,7315,61,,6.0,1,1.0,4.0,60.0
8206,1,7321,55,,6.0,1,1.0,4.0,40.0
8206,2,7321,52,,1.0,2,1.0,4.0,40.0
8206,3,7321,15,12.0,,1,,,
8206,4,7321,14,11.0,,2,,,
8207,1,7306,72,,,2,6.0,4.0,
8208,1,7305,76,,,1,6.0,2.0,
8209,1,7316,52,,1.0,1,1.0,4.0,40.0
8210,1,7322,30,,6.0,1,1.0,4.0,40.0
8210,2,7322,29,,,2,6.0,4.0,
8210,3,7322,7,3.0,,1,,,
8210,4,7322,4,1.0,,1,,,
8210,5,7322,1,,,2,,,
8211,1,7321,74,,1.0,1,1.0,4.0,17.0
8211,2,7321,61,,1.0,2,1.0,4.0,20.0
8211,3,7321,20,15.0,1.0,1,6.0,4.0,14.0
8212,1,7316,33,,6.0,2,1.0,4.0,20.0
8213,1,7315,58,,5.0,2,1.0,4.0,40.0
8213,2,7315,51,,1.0,1,1.0,4.0,45.0
8214,1,7310,34,,1.0,2,1.0,4.0,40.0
8214,2,7310,40,,1.0,1,1.0,4.0,40.0
8215,1,7317,46,,1.0,2,1.0,4.0,80.0
8215,2,7317,25,,1.0,1,1.0,4.0,30.0
8215,3,7317,23,15.0,1.0,2,6.0,4.0,16.0
8215,4,7317,18,14.0,,2,6.0,4.0,
8215,5,7317,16,13.0,,2,6.0,,
8215,6,7317,43,,1.0,1,6.0,4.0,20.0
8216,1,7310,56,,1.0,1,1.0,4.0,60.0
8216,2,7310,55,,6.0,2,1.0,4.0,20.0
8217,1,7316,69,,,1,6.0,4.0,
8218,1,7311,57,,1.0,2,1.0,4.0,50.0
8218,2,7311,58,,5.0,1,6.0,4.0,
8218,3,7311,20,14.0,,1,6.0,4.0,
8219,1,7316,65,,,2,6.0,4.0,
8220,1,7307,59,,3.0,2,1.0,4.0,30.0
8220,2,7307,62,,1.0,1,6.0,4.0,
8221,1,7320,34,,1.0,1,1.0,4.0,40.0
8221,2,7320,39,,1.0,2,1.0,4.0,40.0
8221,3,7320,20,15.0,1.0,1,1.0,4.0,28.0
8222,1,7316,33,,1.0,1,1.0,4.0,45.0
8223,1,7314,67,,1.0,1,6.0,4.0,
8223,2,7314,59,,1.0,2,6.0,4.0,
8224,1,7311,49,,1.0,2,1.0,4.0,25.0
8224,2,7311,48,,2.0,1,1.0,4.0,40.0
8224,3,7311,7,4.0,,2,,,
8224,4,7311,8,5.0,,1,,,
8225,1,7308,57,,1.0,1,1.0,4.0,45.0
8225,2,7308,11,8.0,,2,,,
8225,3,7308,9,6.0,,2,,,
8226,1,7308,66,,,1,6.0,4.0,
8226,2,7308,66,,,2,6.0,4.0,
8227,1,7312,39,,1.0,1,1.0,4.0,40.0
8227,2,7312,39,,1.0,2,1.0,4.0,40.0
8227,3,7312,7,3.0,,1,,,
8227,4,7312,5,1.0,,1,,,
8228,1,7310,50,,3.0,1,3.0,4.0,45.0
8228,2,7310,48,,1.0,2,1.0,4.0,45.0
8229,1,7307,54,,7.0,2,1.0,4.0,55.0
8229,2,7307,50,,4.0,2,1.0,4.0,40.0
8229,3,7307,18,15.0,1.0,2,1.0,4.0,40.0
8229,4,7307,20,,1.0,1,1.0,4.0,40.0
8230,1,7320,49,,6.0,1,1.0,4.0,45.0
8230,2,7320,17,13.0,,2,6.0,4.0,
8231,1,7316,77,,,2,6.0,4.0,
8232,1,7322,58,,4.0,2,1.0,4.0,21.0
8232,2,7322,50,,,2,6.0,4.0,
8233,1,7316,35,,1.0,1,1.0,4.0,50.0
8233,2,7316,35,,1.0,2,1.0,4.0,40.0
8233,3,7316,37,,1.0,2,1.0,4.0,30.0
8234,1,7307,56,,7.0,1,1.0,4.0,60.0
8234,2,7307,44,,1.0,2,1.0,2.0,30.0
8234,3,7307,20,,1.0,1,1.0,4.0,25.0
8234,4,7307,16,13.0,,2,6.0,,
8235,1,7318,64,,1.0,2,1.0,4.0,35.0
8235,2,7318,69,,2.0,1,1.0,2.0,40.0
8235,3,7318,21,15.0,,2,6.0,4.0,
8235,4,7318,16,13.0,,1,6.0,,
8236,1,7304,68,,,2,6.0,4.0,
8236,2,7304,75,,5.0,1,6.0,4.0,
8237,1,7322,24,,5.0,2,4.0,1.0,40.0
8238,1,7315,41,,1.0,2,1.0,4.0,50.0
8239,1,7312,66,,1.0,2,1.0,4.0,40.0
8239,2,7312,64,,,1,6.0,4.0,
8240,1,7319,79,,,2,6.0,4.0,
8240,2,7319,86,,,1,6.0,4.0,
8241,1,7322,43,15.0,2.0,1,1.0,4.0,40.0
8241,2,7322,40,,2.0,2,1.0,4.0,40.0
8241,3,7322,22,15.0,3.0,2,1.0,4.0,15.0
8242,1,7317,48,,,2,6.0,4.0,
8242,2,7317,50,,1.0,1,1.0,4.0,40.0
8242,3,7317,18,15.0,1.0,1,6.0,4.0,30.0
8242,4,7317,15,11.0,,2,,,
8242,5,7317,13,10.0,,1,,,
8243,1,7310,37,,1.0,2,1.0,4.0,45.0
8244,1,7312,63,,1.0,2,1.0,4.0,10.0
8244,2,7312,68,,1.0,1,1.0,4.0,26.0
8244,3,7312,21,15.0,1.0,2,1.0,4.0,45.0
8244,4,7312,20,,1.0,1,1.0,4.0,40.0
8245,1,7313,69,,1.0,1,1.0,2.0,42.0
8245,2,7313,69,,,2,6.0,4.0,
8245,3,7313,32,,1.0,2,1.0,4.0,24.0
8245,4,7313,29,,2.0,2,1.0,4.0,40.0
8245,5,7313,8,5.0,,1,,,
8245,6,7313,42,,1.0,1,6.0,4.0,
8246,1,7302,88,,,1,6.0,2.0,
8247,1,7318,70,,2.0,2,6.0,4.0,
8247,2,7318,70,,1.0,1,1.0,2.0,40.0
8247,3,7318,48,,1.0,2,1.0,4.0,20.0
8248,1,7312,60,,6.0,1,1.0,4.0,40.0
8248,2,7312,59,,1.0,2,6.0,4.0,
8248,3,7312,20,,1.0,2,1.0,4.0,35.0
8248,4,7312,39,,1.0,1,1.0,4.0,30.0
8249,1,7310,73,,,2,6.0,4.0,
8249,2,7310,64,,1.0,1,1.0,4.0,60.0
8250,1,7311,61,,1.0,1,1.0,4.0,42.0
8250,2,7311,60,,1.0,2,6.0,4.0,
8250,3,7311,22,,2.0,1,1.0,4.0,8.0
8250,4,7311,13,10.0,,2,,,
8251,1,7319,56,,,1,6.0,4.0,
8252,1,7302,82,,,2,6.0,4.0,
8252,2,7302,17,14.0,,2,6.0,4.0,
8252,3,7302,13,10.0,,2,,,
8253,1,7322,62,,2.0,2,1.0,4.0,40.0
8253,2,7322,30,,1.0,1,6.0,4.0,40.0
8253,3,7322,27,,1.0,1,6.0,4.0,
8254,1,7316,57,,8.0,2,1.0,4.0,20.0
8255,1,7309,53,,,2,6.0,4.0,
8255,2,7309,51,,7.0,1,1.0,4.0,60.0
8255,3,7309,16,12.0,,1,6.0,,
8256,1,7318,40,,2.0,1,1.0,2.0,40.0
8256,2,7318,35,,,2,6.0,4.0,
8256,3,7318,14,11.0,,2,,,
8256,4,7318,36,,1.0,1,1.0,4.0,36.0
8257,1,7302,54,,1.0,1,2.0,4.0,40.0
8257,2,7302,58,,1.0,2,1.0,4.0,18.0
8258,1,7304,40,,1.0,1,1.0,4.0,40.0
8258,2,7304,34,,,2,6.0,4.0,
8258,3,7304,5,1.0,,1,,,
8258,4,7304,3,,,2,,,
8259,1,7301,65,,3.0,2,1.0,4.0,40.0
8259,2,7301,58,,1.0,1,1.0,4.0,40.0
8259,3,7301,19,,,1,6.0,4.0,
8260,1,7313,56,,8.0,2,1.0,4.0,15.0
8261,1,7316,60,,,1,6.0,4.0,
8261,2,7316,72,,,2,6.0,4.0,
8262,1,7317,72,,,1,6.0,4.0,
8262,2,7317,70,,1.0,2,6.0,4.0,35.0
8262,3,7317,63,,4.0,2,1.0,4.0,40.0
8263,1,7319,37,,,2,6.0,4.0,
8263,2,7319,39,,1.0,1,1.0,4.0,36.0
8263,3,7319,16,13.0,,1,6.0,,
8263,4,7319,10,6.0,,2,,,
8263,5,7319,9,5.0,,2,,,
8263,6,7319,9,5.0,,2,,,
8264,1,7313,46,,1.0,1,1.0,4.0,5.0
8264,2,7313,41,16.0,,2,6.0,4.0,
8265,1,7312,59,,7.0,1,1.0,4.0,50.0
8265,2,7312,64,,2.0,2,1.0,4.0,40.0
8266,1,7307,56,,1.0,2,1.0,4.0,10.0
8266,2,7307,61,,1.0,1,1.0,4.0,70.0
8267,1,7322,51,,3.0,2,1.0,2.0,40.0
8267,2,7322,52,,3.0,1,1.0,2.0,40.0
8267,3,7322,16,13.0,,2,6.0,,
8268,1,7319,35,,6.0,1,1.0,4.0,2.0
8269,1,7312,60,,1.0,1,1.0,4.0,50.0
8269,2,7312,45,,3.0,2,1.0,4.0,25.0
8269,3,7312,13,9.0,,2,,,
8270,1,7319,54,,1.0,2,6.0,4.0,
8270,2,7319,54,,1.0,1,1.0,4.0,20.0
8270,3,7319,29,,1.0,2,1.0,4.0,30.0
8270,4,7319,29,,1.0,1,1.0,3.0,50.0
8270,5,7319,60,,3.0,2,1.0,4.0,40.0
8270,6,7319,59,,4.0,1,1.0,4.0,40.0
8271,1,7316,56,,1.0,1,6.0,4.0,
8271,2,7316,51,,3.0,2,1.0,4.0,20.0
8271,3,7316,17,14.0,1.0,1,1.0,4.0,8.0
8271,4,7316,13,10.0,,2,,,
8272,1,7308,58,,1.0,2,1.0,4.0,40.0
8272,2,7308,65,,5.0,1,1.0,4.0,40.0
8272,3,7308,16,14.0,,1,6.0,,
8273,1,7302,28,,1.0,2,6.0,4.0,
8273,2,7302,32,,1.0,1,6.0,4.0,40.0
8274,1,7314,54,,6.0,2,1.0,4.0,20.0
8274,2,7314,56,,6.0,1,6.0,4.0,35.0
8275,1,7309,64,,6.0,1,1.0,4.0,60.0
8275,2,7309,60,,,2,6.0,4.0,
8275,3,7309,26,,6.0,1,1.0,4.0,20.0
8276,1,7314,53,,5.0,1,1.0,2.0,40.0
8276,2,7314,59,,1.0,2,1.0,4.0,36.0
8276,3,7314,28,15.0,4.0,1,6.0,4.0,10.0
8276,4,7314,24,,1.0,2,6.0,4.0,7.0
8276,5,7314,24,,1.0,2,1.0,4.0,38.0
8277,1,7309,57,,6.0,2,1.0,4.0,50.0
8278,1,7301,76,,,2,6.0,4.0,
8278,2,7301,84,,,1,6.0,2.0,
8279,1,7307,59,,5.0,1,1.0,4.0,40.0
8280,1,7313,30,,1.0,1,1.0,4.0,80.0
8280,2,7313,33,,1.0,2,1.0,4.0,25.0
8280,3,7313,21,,1.0,2,1.0,4.0,18.0
8280,4,7313,60,,,2,6.0,4.0,
8280,5,7313,38,,,1,6.0,4.0,
8281,1,7313,33,,1.0,2,6.0,4.0,
8281,2,7313,30,,5.0,1,1.0,2.0,60.0
8281,3,7313,2,,,1,,,
8282,1,7302,85,,,1,6.0,2.0,
8282,2,7302,84,,6.0,2,1.0,4.0,20.0
8283,1,7315,42,,5.0,1,1.0,4.0,40.0
8283,2,7315,44,,1.0,2,1.0,4.0,40.0
8283,3,7315,19,15.0,1.0,2,6.0,4.0,20.0
8283,4,7315,12,8.0,,2,,,
8283,5,7315,4,1.0,,2,,,
8284,1,7303,42,,2.0,1,1.0,4.0,50.0
8284,2,7303,39,,,2,6.0,4.0,
8284,3,7303,6,2.0,,2,,,
8285,1,7315,57,,1.0,2,6.0,4.0,
8286,1,7310,77,,6.0,2,6.0,4.0,
8287,1,7301,60,,7.0,1,1.0,4.0,40.0
8288,1,7315,57,,1.0,2,1.0,4.0,40.0
8288,2,7315,86,,,2,6.0,4.0,
8289,1,7315,25,15.0,6.0,2,1.0,4.0,10.0
8289,2,7315,30,,1.0,1,1.0,4.0,50.0
8290,1,7315,40,,1.0,1,1.0,4.0,45.0
8291,1,7322,61,,1.0,2,1.0,4.0,40.0
8291,2,7322,58,,1.0,2,1.0,4.0,40.0
8292,1,7312,28,,1.0,1,1.0,4.0,40.0
8292,2,7312,32,,1.0,2,6.0,4.0,
8292,3,7312,1,,,1,,,
8293,1,7304,63,,,2,6.0,4.0,
8294,1,7301,83,,,1,6.0,4.0,
8294,2,7301,82,,,2,6.0,4.0,
8295,1,7315,36,,1.0,1,1.0,4.0,40.0
8295,2,7315,23,,1.0,2,6.0,4.0,
8295,3,7315,0,,,1,,,
8295,4,7315,56,,1.0,2,1.0,4.0,30.0
8295,5,7315,51,,1.0,1,6.0,4.0,
8295,6,7315,48,,1.0,2,1.0,4.0,30.0
8296,1,7304,58,,1.0,2,6.0,4.0,
8297,1,7306,50,,3.0,2,1.0,4.0,67.0
8297,2,7306,20,15.0,,1,6.0,4.0,
8298,1,7319,33,,1.0,1,1.0,4.0,45.0
8298,2,7319,32,,2.0,2,1.0,4.0,40.0
8298,3,7319,10,6.0,,2,,,
8299,1,7302,29,,1.0,1,1.0,4.0,50.0
8299,2,7302,32,15.0,,2,6.0,4.0,
8299,3,7302,6,2.0,,1,,,
8299,4,7302,5,2.0,,1,,,
8299,5,7302,3,,,1,,,
8299,6,7302,65,,5.0,1,6.0,2.0,
8299,7,7302,62,,5.0,2,1.0,4.0,40.0
8300,1,7321,31,15.0,1.0,2,6.0,4.0,
8300,2,7321,34,15.0,3.0,1,1.0,4.0,40.0
8300,3,7321,4,,,1,,,
8301,1,7318,31,15.0,1.0,1,1.0,2.0,50.0
8301,2,7318,28,,1.0,2,1.0,4.0,48.0
8301,3,7318,25,,1.0,1,1.0,4.0,40.0
8302,1,7301,85,,,1,6.0,2.0,
8303,1,7321,51,14.0,,2,6.0,4.0,
8303,2,7321,47,14.0,,1,6.0,4.0,
8304,1,7307,71,,1.0,1,1.0,4.0,8.0
8304,2,7307,31,,1.0,1,1.0,4.0,40.0
8304,3,7307,42,,1.0,2,1.0,4.0,25.0
8304,4,7307,31,,5.0,1,3.0,2.0,
8305,1,7321,62,,1.0,1,6.0,4.0,
8306,1,7321,40,,1.0,2,1.0,4.0,20.0
8306,2,7321,42,,1.0,1,1.0,4.0,40.0
8306,3,7321,19,,1.0,1,1.0,4.0,20.0
8306,4,7321,17,14.0,1.0,1,1.0,4.0,52.0
8306,5,7321,17,14.0,1.0,1,1.0,4.0,8.0
8306,6,7321,14,11.0,,2,,,
8306,7,7321,11,8.0,,2,,,
8307,1,7316,42,,1.0,1,3.0,4.0,60.0
8308,1,7313,64,,7.0,1,1.0,4.0,40.0
8308,2,7313,60,,6.0,2,1.0,4.0,20.0
8308,3,7313,25,,1.0,1,1.0,4.0,27.0
8308,4,7313,23,15.0,,2,6.0,4.0,
8309,1,7302,65,,1.0,1,1.0,4.0,50.0
8309,2,7302,66,,,2,6.0,4.0,
8309,3,7302,33,,1.0,1,1.0,4.0,40.0
8309,4,7302,30,,7.0,2,2.0,4.0,50.0
8309,5,7302,45,,7.0,1,1.0,4.0,35.0
8309,6,7302,21,15.0,1.0,1,1.0,4.0,30.0
8309,7,7302,2,,,1,,,
8310,1,7313,68,,1.0,1,1.0,4.0,40.0
8310,2,7313,64,,,2,6.0,4.0,
8311,1,7306,49,,1.0,2,3.0,4.0,40.0
8312,1,7322,63,,1.0,1,1.0,4.0,40.0
8312,2,7322,58,,1.0,2,6.0,4.0,
8312,3,7322,33,,1.0,1,1.0,4.0,40.0
8312,4,7322,28,,1.0,1,1.0,4.0,40.0
8312,5,7322,82,,,1,6.0,4.0,
8313,1,7317,33,,1.0,2,1.0,4.0,40.0
8313,2,7317,36,,1.0,1,1.0,4.0,40.0
8313,3,7317,71,,,1,6.0,4.0,
8313,4,7317,56,,3.0,2,1.0,4.0,20.0
8314,1,7320,43,,6.0,2,1.0,4.0,50.0
8314,2,7320,24,,9.0,2,3.0,4.0,
8314,3,7320,14,11.0,,1,,,
8314,4,7320,10,7.0,,1,,,
8315,1,7301,77,,1.0,2,6.0,4.0,
8315,2,7301,63,,6.0,1,6.0,4.0,
8316,1,7319,77,,,2,6.0,4.0,
8316,2,7319,55,,5.0,2,1.0,4.0,40.0
8316,3,7319,74,,,1,6.0,4.0,
8317,1,7318,60,,1.0,1,1.0,4.0,40.0
8317,2,7318,57,,1.0,2,1.0,4.0,25.0
8317,3,7318,30,,1.0,2,1.0,4.0,38.0
8317,4,7318,25,,1.0,1,1.0,4.0,32.0
8317,5,7318,23,15.0,2.0,2,6.0,4.0,20.0
8317,6,7318,20,15.0,2.0,2,6.0,4.0,20.0
8317,7,7318,59,,1.0,2,1.0,2.0,40.0
8317,8,7318,37,15.0,1.0,2,1.0,4.0,32.0
8317,9,7318,64,,,1,6.0,4.0,
8318,1,7317,65,,,1,6.0,2.0,
8319,1,7313,72,,1.0,2,6.0,4.0,
8320,1,7313,52,,3.0,1,1.0,4.0,45.0
8320,2,7313,42,,1.0,2,6.0,4.0,
8320,3,7313,3,1.0,,1,,,
8320,4,7313,18,15.0,1.0,2,1.0,4.0,20.0
8320,5,7313,65,,,1,6.0,4.0,
8321,1,7318,69,,1.0,1,3.0,2.0,
8321,2,7318,66,,1.0,2,6.0,4.0,
8322,1,7315,37,15.0,6.0,2,1.0,4.0,5.0
8322,2,7315,48,,4.0,1,1.0,4.0,50.0
8322,3,7315,17,14.0,,2,6.0,4.0,
8322,4,7315,14,11.0,,1,,,
8323,1,7306,58,,,1,6.0,4.0,
8323,2,7306,62,,1.0,2,1.0,4.0,40.0
8323,3,7306,56,,1.0,1,1.0,4.0,40.0
8323,4,7306,88,,,1,6.0,4.0,
8323,5,7306,80,,,2,6.0,4.0,
8324,1,7305,83,,,2,6.0,4.0,
8325,1,7310,66,,,1,6.0,4.0,
8325,2,7310,68,,1.0,2,6.0,4.0,
8326,1,7318,57,,,1,6.0,3.0,
8326,2,7318,56,,5.0,2,1.0,4.0,40.0
8327,1,7322,32,,9.0,2,3.0,4.0,
8327,2,7322,33,,1.0,1,1.0,4.0,40.0
8327,3,7322,11,8.0,,2,,,
8327,4,7322,9,5.0,,1,,,
8327,5,7322,6,3.0,,2,,,
8327,6,7322,3,,,1,,,
8328,1,7317,33,15.0,1.0,1,1.0,2.0,52.0
8329,1,7303,43,,,2,6.0,4.0,
8329,2,7303,43,,1.0,1,1.0,4.0,40.0
8329,3,7303,16,13.0,,2,6.0,,
8329,4,7303,14,11.0,,2,,,
8329,5,7303,11,8.0,,1,,,
8330,1,7302,39,,3.0,2,1.0,4.0,45.0
8330,2,7302,39,,6.0,1,3.0,4.0,40.0
8330,3,7302,11,8.0,,1,,,
8330,4,7302,8,5.0,,1,,,
8331,1,7322,38,,1.0,1,1.0,2.0,40.0
8331,2,7322,36,15.0,,2,6.0,4.0,
8331,3,7322,15,11.0,,2,,,
8332,1,7305,76,,,1,6.0,2.0,
8332,2,7305,68,,,2,6.0,4.0,
8333,1,7308,63,,1.0,2,1.0,4.0,20.0
8333,2,7308,63,,7.0,1,1.0,4.0,50.0
8334,1,7301,65,,2.0,1,6.0,4.0,
8334,2,7301,44,,,2,6.0,4.0,
8334,3,7301,9,6.0,,1,,,
8335,1,7315,57,,2.0,1,1.0,4.0,25.0
8336,1,7314,32,,1.0,2,1.0,4.0,45.0
8336,2,7314,35,,1.0,1,1.0,4.0,32.0
8336,3,7314,4,1.0,,2,,,
8337,1,7301,54,,1.0,1,1.0,4.0,40.0
8337,2,7301,56,,6.0,2,1.0,4.0,10.0
8337,3,7301,23,,,1,6.0,4.0,
8338,1,7301,58,,1.0,1,1.0,4.0,40.0
8338,2,7301,57,,1.0,2,1.0,4.0,40.0
8338,3,7301,30,,1.0,2,3.0,4.0,30.0
8338,4,7301,11,8.0,,1,,,
8339,1,7320,55,,1.0,1,1.0,4.0,40.0
8339,2,7320,41,16.0,3.0,2,1.0,4.0,40.0
8339,3,7320,11,7.0,,2,,,
8339,4,7320,10,6.0,,2,,,
8340,1,7322,65,,1.0,1,1.0,4.0,40.0
8341,1,7319,87,,,1,6.0,2.0,
8341,2,7319,82,,,2,6.0,4.0,
8342,1,7303,31,,1.0,2,1.0,4.0,85.0
8343,1,7320,37,16.0,3.0,1,6.0,4.0,40.0
8343,2,7320,37,,1.0,2,1.0,3.0,40.0
8343,3,7320,2,,,2,,,
8343,4,7320,6,3.0,,2,,,
8344,1,7312,66,,1.0,2,1.0,4.0,40.0
8344,2,7312,40,,6.0,2,1.0,4.0,50.0
8344,3,7312,12,9.0,,1,,,
8345,1,7313,45,,1.0,2,1.0,4.0,55.0
8345,2,7313,49,,5.0,1,1.0,2.0,40.0
8345,3,7313,16,13.0,,1,6.0,,
8345,4,7313,10,7.0,,1,,,
8346,1,7306,41,,1.0,2,1.0,4.0,40.0
8346,2,7306,32,,6.0,2,1.0,4.0,40.0
8347,1,7321,65,,,1,6.0,4.0,
8347,2,7321,63,,3.0,2,1.0,4.0,26.0
8347,3,7321,94,,,2,6.0,4.0,
8348,1,7321,59,16.0,1.0,2,1.0,4.0,40.0
8348,2,7321,31,,1.0,1,3.0,4.0,30.0
8348,3,7321,61,,1.0,2,1.0,4.0,48.0
8349,1,7318,54,,1.0,2,1.0,4.0,40.0
8349,2,7318,63,,1.0,1,1.0,4.0,50.0
8349,3,7318,26,,2.0,2,3.0,4.0,3.0
8349,4,7318,23,,1.0,2,1.0,4.0,38.0
8349,5,7318,6,3.0,,2,,,
8350,1,7310,57,,6.0,2,1.0,4.0,60.0
8351,1,7310,62,,1.0,2,1.0,4.0,32.0
8351,2,7310,32,16.0,1.0,1,3.0,4.0,40.0
8351,3,7310,26,,6.0,2,1.0,4.0,25.0
8352,1,7316,53,16.0,1.0,1,1.0,4.0,40.0
8352,2,7316,78,,1.0,1,6.0,2.0,
8353,1,7306,38,,1.0,1,1.0,2.0,40.0
8353,2,7306,43,,,2,6.0,4.0,
8353,3,7306,7,4.0,,1,,,
8353,4,7306,1,,,1,,,
8354,1,7308,85,,,1,6.0,2.0,
8354,2,7308,81,,,2,6.0,4.0,
8355,1,7301,71,15.0,1.0,2,1.0,4.0,20.0
8356,1,7320,52,,2.0,2,1.0,4.0,45.0
8356,2,7320,56,,,1,6.0,4.0,
8357,1,7317,57,,1.0,2,1.0,4.0,45.0
8357,2,7317,22,15.0,1.0,2,3.0,4.0,12.0
8357,3,7317,20,15.0,,2,6.0,4.0,
8357,4,7317,19,15.0,1.0,1,6.0,4.0,
8358,1,7303,45,,1.0,1,1.0,4.0,45.0
8358,2,7303,42,,6.0,2,6.0,4.0,
8358,3,7303,10,6.0,,1,,,
8358,4,7303,8,4.0,,1,,,
8358,5,7303,6,3.0,,2,,,
8358,6,7303,2,,,1,,,
8359,1,7313,73,,3.0,1,1.0,2.0,10.0
8359,2,7313,66,,3.0,2,6.0,4.0,
8360,1,7302,64,,6.0,1,1.0,4.0,25.0
8360,2,7302,56,,1.0,2,1.0,4.0,40.0
8361,1,7301,34,,1.0,2,3.0,4.0,40.0
8361,2,7301,15,,,1,,,
8361,3,7301,12,,,2,,,
8361,4,7301,4,,,2,,,
8362,1,7321,74,,1.0,1,6.0,4.0,
8362,2,7321,69,,,2,6.0,4.0,
8363,1,7308,90,,,1,6.0,2.0,
8363,2,7308,60,,,1,6.0,4.0,
8364,1,7301,54,,1.0,1,1.0,4.0,40.0
8364,2,7301,60,,1.0,2,1.0,4.0,40.0
8365,1,7316,41,,6.0,2,1.0,4.0,15.0
8365,2,7316,46,,6.0,1,1.0,4.0,40.0
8366,1,7302,79,,,1,6.0,4.0,
8366,2,7302,74,,,2,6.0,4.0,
8366,3,7302,25,,1.0,2,1.0,2.0,20.0
8366,4,7302,4,1.0,,2,,,
8367,1,7316,32,,2.0,2,1.0,4.0,40.0
8367,2,7316,33,,1.0,1,1.0,4.0,40.0
8368,1,7308,78,,,1,6.0,4.0,
8368,2,7308,80,,,2,6.0,4.0,
8369,1,7320,47,,5.0,1,1.0,2.0,40.0
8369,2,7320,37,,5.0,2,1.0,4.0,56.0
8369,3,7320,16,12.0,,1,6.0,,
8369,4,7320,13,10.0,,2,,,
8369,5,7320,70,,,1,6.0,2.0,
8370,1,7315,60,,,1,6.0,4.0,
8371,1,7322,42,,5.0,1,4.0,1.0,60.0
8371,2,7322,43,,5.0,2,1.0,4.0,40.0
8371,3,7322,14,11.0,,2,,,
8371,4,7322,12,9.0,,2,,,
8371,5,7322,8,5.0,,1,,,
8372,1,7321,68,,,1,6.0,2.0,
8372,2,7321,66,,,2,6.0,4.0,
8373,1,7319,34,,4.0,2,1.0,4.0,40.0
8373,2,7319,31,,1.0,1,1.0,4.0,40.0
8374,1,7303,72,,,1,6.0,2.0,
8374,2,7303,59,,,2,6.0,4.0,
8375,1,7303,66,,,2,6.0,4.0,
8376,1,7308,56,,6.0,2,1.0,4.0,35.0
8376,2,7308,60,,2.0,1,1.0,4.0,24.0
8377,1,7320,34,,5.0,1,1.0,2.0,40.0
8378,1,7302,89,,,1,6.0,4.0,
8379,1,7302,67,,7.0,1,1.0,4.0,40.0
8379,2,7302,70,,,2,6.0,4.0,
8380,1,7310,61,,7.0,1,1.0,4.0,35.0
8380,2,7310,37,,,1,6.0,4.0,
8381,1,7318,55,,1.0,2,1.0,4.0,40.0
8381,2,7318,15,11.0,,1,,,
8382,1,7322,46,,1.0,2,1.0,4.0,60.0
8383,1,7308,55,,5.0,2,1.0,4.0,40.0
8383,2,7308,66,,,1,6.0,2.0,
8384,1,7301,59,15.0,1.0,2,1.0,4.0,40.0
8384,2,7301,67,,6.0,1,1.0,4.0,25.0
8384,3,7301,26,15.0,1.0,2,1.0,4.0,40.0
8384,4,7301,28,,3.0,1,1.0,4.0,40.0
8385,1,7321,52,,,2,6.0,4.0,
8385,2,7321,66,,6.0,1,1.0,4.0,20.0
8385,3,7321,15,12.0,,1,,,
8385,4,7321,19,15.0,,1,6.0,4.0,
8385,5,7321,10,6.0,,2,,,
8385,6,7321,9,5.0,,2,,,
8385,7,7321,5,2.0,,1,,,
8385,8,7321,42,15.0,1.0,1,6.0,4.0,4.0
8385,9,7321,42,,4.0,2,1.0,4.0,40.0
8386,1,7306,64,,1.0,1,1.0,4.0,35.0
8386,2,7306,63,,2.0,2,6.0,4.0,
8387,1,7308,42,,2.0,2,1.0,4.0,40.0
8387,2,7308,43,,1.0,1,1.0,4.0,40.0
8387,3,7308,13,10.0,,1,,,
8387,4,7308,6,3.0,,1,,,
8388,1,7309,64,,6.0,2,1.0,4.0,2.0
8389,1,7318,42,,1.0,1,1.0,4.0,23.0
8389,2,7318,22,,,2,6.0,4.0,
8389,3,7318,1,,,1,,,
8389,4,7318,41,,3.0,1,1.0,4.0,40.0
8389,5,7318,36,,,1,6.0,4.0,
8389,6,7318,26,,1.0,2,1.0,4.0,28.0
8390,1,7308,46,,3.0,2,2.0,4.0,40.0
8390,2,7308,49,,1.0,1,1.0,2.0,60.0
8390,3,7308,17,13.0,,2,6.0,4.0,
8391,1,7319,70,,,2,6.0,4.0,
8391,2,7319,44,,2.0,1,1.0,4.0,40.0
8392,1,7311,55,,5.0,1,1.0,2.0,45.0
8392,2,7311,15,12.0,,1,,,
8393,1,7314,70,,4.0,2,6.0,4.0,
8393,2,7314,71,,5.0,1,6.0,2.0,
8394,1,7312,59,,1.0,2,1.0,2.0,25.0
8394,2,7312,65,,1.0,1,6.0,2.0,9.0
8395,1,7321,32,,1.0,2,1.0,4.0,50.0
8395,2,7321,31,,1.0,1,1.0,4.0,32.0
8396,1,7313,41,,1.0,1,1.0,4.0,50.0
8396,2,7313,11,8.0,,1,,,
8396,3,7313,9,6.0,,2,,,
8397,1,7313,89,,,1,6.0,2.0,
8397,2,7313,85,,,2,6.0,4.0,
8398,1,7310,57,,1.0,1,1.0,4.0,40.0
8398,2,7310,29,,1.0,2,1.0,4.0,40.0
8399,1,7306,55,,1.0,1,1.0,4.0,40.0
8399,2,7306,47,,1.0,2,1.0,4.0,40.0
8400,1,7321,61,,4.0,2,1.0,4.0,40.0
8400,2,7321,74,,1.0,1,1.0,4.0,40.0
8400,3,7321,21,15.0,9.0,2,3.0,4.0,
8401,1,7318,61,,1.0,1,1.0,4.0,50.0
8401,2,7318,58,,1.0,2,6.0,4.0,30.0
8401,3,7318,28,15.0,3.0,2,1.0,4.0,15.0
8401,4,7318,3,,,2,,,
8402,1,7315,32,,5.0,2,4.0,1.0,50.0
8402,2,7315,42,,5.0,1,4.0,1.0,40.0
8402,3,7315,5,2.0,,1,,,
8402,4,7315,2,,,2,,,
8403,1,7314,69,,,2,6.0,4.0,
8404,1,7321,87,,,2,6.0,4.0,
8405,1,7313,33,,4.0,1,1.0,4.0,40.0
8405,2,7313,56,,,1,6.0,4.0,
8405,3,7313,85,,,2,6.0,4.0,
8406,1,7308,73,,6.0,1,1.0,4.0,40.0
8406,2,7308,70,,8.0,2,6.0,4.0,8.0
8407,1,7318,64,,,1,6.0,4.0,
8407,2,7318,68,,,2,6.0,4.0,
8407,3,7318,66,,,1,6.0,4.0,
8407,4,7318,64,,6.0,2,1.0,4.0,40.0
8408,1,7303,66,,7.0,1,1.0,4.0,60.0
8408,2,7303,66,,1.0,2,1.0,4.0,30.0
8409,1,7304,35,,8.0,2,1.0,4.0,40.0
8409,2,7304,38,,1.0,1,1.0,4.0,40.0
8409,3,7304,2,,,2,,,
8409,4,7304,0,,,2,,,
8410,1,7308,68,,6.0,2,1.0,4.0,2.0
8411,1,7303,59,,6.0,2,1.0,4.0,40.0
8412,1,7304,62,,,2,6.0,4.0,
8412,2,7304,70,,,1,6.0,2.0,
8412,3,7304,34,,9.0,1,3.0,4.0,
8413,1,7301,64,,1.0,1,1.0,4.0,40.0
8413,2,7301,64,,,2,6.0,4.0,
8414,1,7306,37,,1.0,2,1.0,4.0,40.0
8414,2,7306,19,15.0,,1,6.0,4.0,
8414,3,7306,5,2.0,,2,,,
8414,4,7306,2,,,2,,,
8415,1,7315,55,,1.0,1,1.0,4.0,50.0
8415,2,7315,51,,2.0,1,1.0,4.0,40.0
8416,1,7302,33,,1.0,2,1.0,4.0,60.0
8416,2,7302,37,,3.0,1,3.0,4.0,
8417,1,7308,48,,1.0,1,1.0,2.0,50.0
8418,1,7304,75,,,2,6.0,4.0,
8418,2,7304,34,,1.0,1,1.0,4.0,20.0
8419,1,7306,45,,1.0,1,1.0,2.0,8.0
8419,2,7306,39,,1.0,2,1.0,4.0,40.0
8419,3,7306,5,,,1,,,
8419,4,7306,3,,,1,,,
8419,5,7306,76,,,2,6.0,4.0,
8420,1,7302,66,,1.0,2,1.0,4.0,20.0
8420,2,7302,67,,,1,6.0,4.0,
8421,1,7313,34,,1.0,2,1.0,4.0,40.0
8421,2,7313,36,,2.0,1,1.0,4.0,40.0
8421,3,7313,3,,,1,,,
8421,4,7313,1,,,2,,,
8422,1,7305,58,,1.0,2,1.0,4.0,50.0
8423,1,7301,27,,1.0,2,1.0,4.0,36.0
8423,2,7301,37,,1.0,1,1.0,4.0,29.0
8423,3,7301,3,,,1,,,
8423,4,7301,54,,1.0,2,1.0,4.0,40.0
8424,1,7308,33,,1.0,2,1.0,4.0,20.0
8424,2,7308,32,16.0,1.0,1,1.0,2.0,50.0
8424,3,7308,5,2.0,,2,,,
8424,4,7308,4,1.0,,1,,,
8424,5,7308,1,,,1,,,
8425,1,7322,22,15.0,6.0,2,1.0,4.0,72.0
8425,2,7322,7,6.0,,1,,,
8426,1,7304,39,,5.0,1,4.0,1.0,50.0
8426,2,7304,38,,7.0,2,1.0,4.0,20.0
8426,3,7304,8,4.0,,2,,,
8426,4,7304,6,2.0,,2,,,
8427,1,7304,56,,1.0,1,1.0,4.0,35.0
8427,2,7304,67,,1.0,2,1.0,4.0,55.0
8427,3,7304,27,15.0,1.0,1,1.0,4.0,35.0
8428,1,7306,64,,,2,6.0,4.0,
8429,1,7306,41,,1.0,1,1.0,4.0,40.0
8430,1,7304,33,,3.0,2,6.0,4.0,40.0
8430,2,7304,34,,1.0,1,1.0,4.0,42.0
8430,3,7304,3,1.0,,2,,,
8431,1,7320,31,,5.0,2,4.0,1.0,50.0
8431,2,7320,5,2.0,,2,,,
8432,1,7307,57,,2.0,2,1.0,4.0,25.0
8432,2,7307,57,,1.0,1,1.0,2.0,40.0
8433,1,7308,68,,1.0,1,6.0,4.0,
8433,2,7308,64,,,2,6.0,4.0,
8434,1,7308,30,,1.0,1,1.0,4.0,40.0
8434,2,7308,25,16.0,1.0,2,1.0,4.0,36.0
8435,1,7310,55,16.0,1.0,2,1.0,2.0,40.0
8435,2,7310,57,15.0,5.0,1,1.0,2.0,40.0
8436,1,7302,53,,,2,6.0,4.0,
8437,1,7314,74,,3.0,2,1.0,4.0,20.0
8437,2,7314,76,,3.0,2,1.0,4.0,40.0
8438,1,7319,68,,1.0,2,1.0,4.0,35.0
8439,1,7322,50,,,2,6.0,4.0,
8439,2,7322,43,,1.0,1,1.0,4.0,40.0
8439,3,7322,29,,1.0,1,1.0,4.0,40.0
8439,4,7322,26,,3.0,1,1.0,2.0,40.0
8439,5,7322,71,,,1,6.0,4.0,
8440,1,7313,50,,3.0,1,1.0,2.0,45.0
8440,2,7313,49,,,2,6.0,4.0,
8440,3,7313,17,14.0,,2,6.0,4.0,
8441,1,7316,30,,1.0,2,1.0,4.0,45.0
8442,1,7304,40,,1.0,2,1.0,4.0,40.0
8442,2,7304,33,,6.0,1,1.0,4.0,40.0
8442,3,7304,3,,,2,,,
8442,4,7304,2,,,1,,,
8443,1,7314,35,,2.0,1,1.0,4.0,40.0
8443,2,7314,31,,1.0,2,1.0,4.0,40.0
8443,3,7314,1,,,2,,,
8444,1,7309,60,,7.0,2,6.0,4.0,40.0
8445,1,7310,72,,2.0,1,1.0,2.0,6.0
8445,2,7310,59,,2.0,2,6.0,4.0,
8446,1,7310,64,,1.0,2,1.0,4.0,40.0
8447,1,7303,58,,6.0,2,1.0,4.0,40.0
8447,2,7303,62,,6.0,1,1.0,4.0,40.0
8447,3,7303,30,,6.0,2,1.0,4.0,40.0
8447,4,7303,28,,6.0,1,1.0,4.0,40.0
8447,5,7303,14,10.0,,2,,,
8447,6,7303,11,8.0,,2,,,
8447,7,7303,9,6.0,,2,,,
8447,8,7303,1,,,2,,,
8447,9,7303,27,,1.0,2,1.0,4.0,40.0
8448,1,7314,29,15.0,1.0,2,1.0,4.0,45.0
8448,2,7314,28,,1.0,1,1.0,4.0,40.0
8449,1,7305,49,,2.0,2,1.0,4.0,40.0
8449,2,7305,59,,3.0,1,1.0,2.0,40.0
8449,3,7305,52,,1.0,1,1.0,4.0,36.0
8449,4,7305,51,,1.0,1,1.0,4.0,10.0
8449,5,7305,49,,3.0,1,1.0,4.0,40.0
8449,6,7305,47,,5.0,1,4.0,1.0,40.0
8449,7,7305,39,,1.0,1,1.0,4.0,60.0
8450,1,7307,57,,1.0,1,3.0,4.0,40.0
8450,2,7307,53,,1.0,2,1.0,4.0,40.0
8451,1,7307,60,,2.0,2,1.0,4.0,5.0
8451,2,7307,66,,3.0,1,1.0,2.0,40.0
8452,1,7319,70,,5.0,1,6.0,2.0,
8452,2,7319,57,,1.0,2,1.0,4.0,40.0
8453,1,7318,77,,,1,6.0,4.0,
8453,2,7318,79,,,2,6.0,4.0,
8454,1,7303,68,,,2,6.0,4.0,
8454,2,7303,71,,,1,6.0,4.0,
8454,3,7303,37,,6.0,2,1.0,4.0,42.0
8455,1,7303,48,,6.0,1,1.0,4.0,45.0
8455,2,7303,49,,6.0,2,1.0,4.0,40.0
8455,3,7303,17,14.0,,2,6.0,4.0,
8455,4,7303,14,10.0,,2,,,
8455,5,7303,10,7.0,,2,,,
8456,1,7315,36,,5.0,1,4.0,1.0,40.0
8456,2,7315,33,,5.0,2,1.0,4.0,40.0
8456,3,7315,2,,,1,,,
8456,4,7315,0,,,2,,,
8457,1,7309,52,,1.0,1,1.0,4.0,50.0
8458,1,7318,55,,1.0,1,2.0,4.0,40.0
8458,2,7318,56,,1.0,2,1.0,4.0,40.0
8458,3,7318,27,15.0,1.0,2,1.0,4.0,40.0
8458,4,7318,23,,1.0,2,1.0,4.0,40.0
8458,5,7318,32,,1.0,1,1.0,4.0,40.0
8459,1,7317,40,,2.0,2,1.0,4.0,40.0
8459,2,7317,8,5.0,,2,,,
8460,1,7317,56,,6.0,2,1.0,4.0,30.0
8460,2,7317,52,,1.0,1,1.0,4.0,50.0
8460,3,7317,22,15.0,1.0,1,6.0,4.0,20.0
8460,4,7317,19,15.0,1.0,2,6.0,4.0,20.0
8461,1,7310,52,,1.0,2,6.0,4.0,
8461,2,7310,18,15.0,1.0,1,6.0,4.0,36.0
8462,1,7317,25,15.0,1.0,2,1.0,4.0,96.0
8462,2,7317,62,,1.0,1,1.0,4.0,42.0
8462,3,7317,54,,1.0,2,1.0,4.0,42.0
8463,1,7322,32,,3.0,2,2.0,4.0,40.0
8463,2,7322,38,,1.0,1,1.0,4.0,40.0
8464,1,7314,74,,,2,6.0,4.0,
8464,2,7314,83,,,2,6.0,4.0,
8465,1,7318,72,,,1,6.0,2.0,
8465,2,7318,69,,,2,6.0,4.0,
8465,3,7318,37,,2.0,1,1.0,4.0,15.0
8465,4,7318,27,15.0,1.0,1,1.0,4.0,40.0
8465,5,7318,25,,,1,6.0,4.0,
8466,1,7310,38,,1.0,1,6.0,4.0,40.0
8467,1,7314,70,,5.0,1,6.0,2.0,
8467,2,7314,65,,1.0,2,1.0,4.0,40.0
8468,1,7310,49,,,2,6.0,4.0,
8468,2,7310,25,15.0,1.0,2,1.0,4.0,25.0
8468,3,7310,44,,1.0,1,1.0,4.0,40.0
8469,1,7319,38,,,2,6.0,4.0,
8469,2,7319,7,4.0,,2,,,
8469,3,7319,2,,,1,,,
8470,1,7306,36,,1.0,2,1.0,4.0,40.0
8470,2,7306,31,,8.0,1,1.0,4.0,40.0
8470,3,7306,0,,,2,,,
8470,4,7306,54,,1.0,1,1.0,4.0,20.0
8471,1,7305,74,,,1,6.0,2.0,
8472,1,7321,69,,2.0,1,3.0,4.0,15.0
8472,2,7321,77,,,1,6.0,2.0,
8472,3,7321,68,,1.0,1,3.0,2.0,
8472,4,7321,64,,,2,6.0,4.0,
8472,5,7321,64,,1.0,1,1.0,4.0,40.0
8472,6,7321,63,,,2,6.0,4.0,
8472,7,7321,60,,3.0,2,1.0,4.0,70.0
8472,8,7321,55,,7.0,1,1.0,4.0,50.0
8472,9,7321,55,,6.0,1,1.0,4.0,40.0
8473,1,7317,56,,1.0,1,1.0,4.0,40.0
8473,2,7317,55,,1.0,2,1.0,4.0,40.0
8473,3,7317,27,16.0,,1,6.0,4.0,
8473,4,7317,26,16.0,,1,6.0,4.0,
8474,1,7301,64,,1.0,2,1.0,4.0,20.0
8474,2,7301,63,,1.0,1,1.0,2.0,40.0
8474,3,7301,32,15.0,1.0,1,1.0,2.0,30.0
8475,1,7316,81,,,1,6.0,4.0,
8476,1,7305,81,,8.0,1,6.0,2.0,15.0
8476,2,7305,72,,1.0,2,1.0,4.0,24.0
8477,1,7305,63,,1.0,2,1.0,4.0,10.0
8477,2,7305,64,,,1,6.0,4.0,
8478,1,7312,50,,4.0,1,6.0,4.0,40.0
8478,2,7312,46,,1.0,2,1.0,4.0,50.0
8479,1,7310,31,,6.0,1,1.0,4.0,36.0
8479,2,7310,31,,5.0,1,1.0,4.0,40.0
8479,3,7310,31,,1.0,2,1.0,4.0,36.0
8480,1,7308,39,,1.0,1,1.0,4.0,40.0
8480,2,7308,39,15.0,1.0,2,3.0,4.0,
8480,3,7308,7,3.0,,1,,,
8480,4,7308,5,2.0,,2,,,
8481,1,7312,35,,2.0,2,1.0,4.0,40.0
8481,2,7312,45,,1.0,1,1.0,4.0,40.0
8481,3,7312,10,6.0,,2,,,
8481,4,7312,6,2.0,,1,,,
8482,1,7321,42,,1.0,1,1.0,4.0,40.0
8482,2,7321,3,,,2,,,
8482,3,7321,0,,,1,,,
8482,4,7321,33,,1.0,2,1.0,4.0,20.0
8482,5,7321,41,,1.0,1,1.0,4.0,40.0
8483,1,7313,42,,2.0,1,1.0,4.0,45.0
8483,2,7313,38,,2.0,2,6.0,4.0,
8483,3,7313,17,13.0,1.0,1,1.0,4.0,17.0
8483,4,7313,14,10.0,,2,,,
8484,1,7303,40,,1.0,1,1.0,4.0,60.0
8484,2,7303,38,,2.0,2,1.0,4.0,30.0
8484,3,7303,4,1.0,,2,,,
8484,4,7303,2,,,2,,,
8485,1,7309,65,,1.0,1,1.0,4.0,40.0
8485,2,7309,50,,1.0,2,1.0,4.0,40.0
8486,1,7315,38,,7.0,1,1.0,4.0,15.0
8486,2,7315,8,4.0,,2,,,
8486,3,7315,4,1.0,,1,,,
8487,1,7312,59,,1.0,1,1.0,4.0,40.0
8487,2,7312,59,,1.0,2,6.0,4.0,
8487,3,7312,28,,1.0,2,1.0,4.0,40.0
8487,4,7312,21,15.0,2.0,1,1.0,4.0,8.0
8488,1,7315,35,,1.0,1,1.0,4.0,40.0
8488,2,7315,40,,5.0,2,6.0,4.0,
8488,3,7315,2,,,1,,,
8489,1,7320,41,,1.0,2,1.0,4.0,32.0
8489,2,7320,42,,1.0,1,1.0,4.0,45.0
8489,3,7320,12,9.0,,1,,,
8489,4,7320,10,6.0,,1,,,
8490,1,7313,28,16.0,1.0,2,6.0,4.0,
8490,2,7313,38,15.0,1.0,1,1.0,4.0,45.0
8490,3,7313,1,,,2,,,
8490,4,7313,21,15.0,1.0,1,6.0,4.0,
8490,5,7313,52,,1.0,1,6.0,4.0,
8490,6,7313,49,,1.0,2,6.0,4.0,
8491,1,7305,34,,1.0,1,1.0,4.0,40.0
8491,2,7305,37,,1.0,2,1.0,4.0,40.0
8491,3,7305,11,8.0,,1,,,
8491,4,7305,8,5.0,,2,,,
8492,1,7310,71,,4.0,1,6.0,4.0,
8492,2,7310,73,,1.0,2,6.0,4.0,
8493,1,7317,63,,2.0,2,1.0,4.0,40.0
8494,1,7304,61,,2.0,2,1.0,4.0,40.0
8494,2,7304,27,,1.0,1,1.0,4.0,40.0
8495,1,7317,69,,,2,6.0,4.0,
8496,1,7306,63,,1.0,2,1.0,4.0,40.0
8496,2,7306,64,,6.0,1,1.0,4.0,1.0
8497,1,7315,64,,1.0,1,6.0,4.0,15.0
8497,2,7315,27,,1.0,2,1.0,4.0,55.0
8497,3,7315,7,4.0,,1,,,
8498,1,7315,64,,5.0,1,1.0,4.0,40.0
8498,2,7315,31,,1.0,1,3.0,4.0,40.0
8498,3,7315,61,,,2,6.0,4.0,
8498,4,7315,30,15.0,1.0,1,1.0,4.0,30.0
8499,1,7316,41,,1.0,1,1.0,4.0,45.0
8499,2,7316,36,,2.0,2,1.0,4.0,32.0
8499,3,7316,0,,,2,,,
8500,1,7308,80,,,1,6.0,2.0,
8500,2,7308,74,,,2,6.0,4.0,
8501,1,7307,81,,,1,6.0,2.0,
8502,1,7314,87,,,2,6.0,4.0,
8503,1,7309,59,,1.0,2,1.0,4.0,30.0
8503,2,7309,58,,1.0,1,1.0,4.0,40.0
8503,3,7309,20,15.0,1.0,2,6.0,4.0,40.0
8504,1,7308,58,,3.0,2,1.0,4.0,45.0
8505,1,7316,33,,1.0,1,1.0,4.0,40.0
8505,2,7316,35,,3.0,2,1.0,4.0,40.0
8505,3,7316,33,,1.0,2,1.0,4.0,35.0
8506,1,7315,54,,1.0,1,1.0,4.0,50.0
8506,2,7315,51,,7.0,2,1.0,4.0,55.0
8506,3,7315,20,15.0,1.0,1,1.0,4.0,15.0
8507,1,7303,62,,1.0,2,1.0,4.0,40.0
8508,1,7301,60,,1.0,1,1.0,4.0,40.0
8508,2,7301,59,,,2,6.0,4.0,
8509,1,7322,49,,1.0,1,1.0,4.0,50.0
8509,2,7322,50,,,2,6.0,4.0,
8509,3,7322,28,,1.0,1,1.0,4.0,45.0
8509,4,7322,23,15.0,1.0,2,6.0,4.0,
8510,1,7306,65,,,1,6.0,4.0,
8510,2,7306,63,,,2,6.0,4.0,
8511,1,7317,44,,5.0,1,1.0,4.0,50.0
8511,2,7317,45,,6.0,2,1.0,4.0,10.0
8511,3,7317,1,,,1,,,
8512,1,7313,60,,6.0,1,1.0,4.0,40.0
8512,2,7313,21,,7.0,1,1.0,4.0,38.0
8513,1,7310,57,,1.0,1,1.0,4.0,40.0
8514,1,7321,50,,3.0,1,1.0,4.0,50.0
8514,2,7321,51,,3.0,2,1.0,4.0,50.0
8514,3,7321,18,15.0,,2,6.0,4.0,
8515,1,7312,53,,7.0,1,1.0,4.0,50.0
8515,2,7312,39,,,2,6.0,4.0,
8515,3,7312,1,,,1,,,
8515,4,7312,10,7.0,,2,,,
8516,1,7320,43,,1.0,2,1.0,4.0,43.0
8516,2,7320,18,15.0,,1,6.0,4.0,
8516,3,7320,12,8.0,,1,,,
8516,4,7320,4,,,2,,,
8517,1,7314,53,,1.0,2,1.0,4.0,40.0
8517,2,7314,58,,6.0,1,1.0,2.0,40.0
8518,1,7314,67,,,2,6.0,4.0,
8518,2,7314,69,,,1,6.0,4.0,
8518,3,7314,47,,1.0,1,1.0,4.0,35.0
8518,4,7314,44,,1.0,1,1.0,4.0,40.0
8518,5,7314,15,12.0,,2,,,
8518,6,7314,15,12.0,,2,,,
8518,7,7314,10,7.0,,1,,,
8518,8,7314,36,,1.0,2,1.0,4.0,40.0
8519,1,7316,59,,7.0,2,3.0,4.0,
8520,1,7314,56,,5.0,2,1.0,4.0,40.0
8521,1,7315,24,,3.0,2,1.0,4.0,40.0
8521,2,7315,28,,1.0,2,1.0,4.0,40.0
8521,3,7315,25,16.0,1.0,2,3.0,4.0,40.0
8522,1,7314,37,,1.0,1,1.0,4.0,50.0
8522,2,7314,39,,1.0,2,1.0,4.0,40.0
8522,3,7314,7,4.0,,1,,,
8522,4,7314,5,2.0,,1,,,
8523,1,7312,37,,1.0,2,1.0,4.0,40.0
8523,2,7312,43,,3.0,1,1.0,4.0,40.0
8523,3,7312,17,14.0,,1,6.0,4.0,
8523,4,7312,15,12.0,,2,,,
8524,1,7314,58,,1.0,2,1.0,4.0,40.0
8524,2,7314,59,,7.0,1,1.0,4.0,40.0
8524,3,7314,22,,1.0,1,1.0,4.0,20.0
8525,1,7302,46,,9.0,1,3.0,4.0,
8525,2,7302,50,,1.0,2,1.0,4.0,40.0
8526,1,7301,35,15.0,1.0,2,1.0,4.0,35.0
8526,2,7301,11,8.0,,1,,,
8526,3,7301,10,7.0,,2,,,
8526,4,7301,26,,1.0,1,3.0,4.0,40.0
8526,5,7301,35,15.0,1.0,1,1.0,4.0,40.0
8527,1,7318,55,,1.0,2,1.0,4.0,5.0
8528,1,7301,40,,6.0,1,1.0,4.0,40.0
8528,2,7301,49,,7.0,2,6.0,4.0,
8529,1,7322,72,,,1,6.0,4.0,
8529,2,7322,61,,,2,6.0,4.0,
8529,3,7322,33,,1.0,1,1.0,4.0,48.0
8530,1,7302,35,,2.0,2,2.0,4.0,32.0
8530,2,7302,36,15.0,7.0,1,1.0,4.0,40.0
8530,3,7302,1,,,1,,,
8530,4,7302,0,,,2,,,
8531,1,7313,45,,1.0,1,1.0,2.0,40.0
8532,1,7315,35,,1.0,2,1.0,4.0,40.0
8532,2,7315,69,,1.0,2,6.0,4.0,
8533,1,7309,47,,1.0,2,1.0,4.0,55.0
8533,2,7309,49,,1.0,1,1.0,4.0,40.0
8533,3,7309,11,8.0,,2,,,
8534,1,7310,26,16.0,1.0,2,6.0,4.0,
8535,1,7320,63,,3.0,2,6.0,4.0,
8536,1,7313,61,,,2,6.0,4.0,
8537,1,7309,53,,4.0,2,1.0,4.0,8.0
8537,2,7309,15,12.0,,2,,,
8538,1,7310,34,,5.0,1,1.0,3.0,50.0
8539,1,7321,50,,1.0,2,1.0,4.0,48.0
8540,1,7313,34,,4.0,2,6.0,4.0,
8540,2,7313,33,,1.0,1,1.0,4.0,40.0
8540,3,7313,10,7.0,,1,,,
8540,4,7313,6,3.0,,1,,,
8541,1,7306,69,,,1,6.0,4.0,
8541,2,7306,68,,,2,6.0,4.0,
8542,1,7307,53,,1.0,1,1.0,2.0,40.0
8542,2,7307,57,,,2,6.0,4.0,
8543,1,7317,75,,5.0,1,1.0,2.0,40.0
8543,2,7317,29,,1.0,2,1.0,4.0,40.0
8543,3,7317,29,,1.0,1,1.0,4.0,40.0
8544,1,7307,80,,2.0,2,1.0,4.0,20.0
8545,1,7303,66,,5.0,1,6.0,4.0,
8545,2,7303,64,,3.0,2,6.0,4.0,
8546,1,7311,59,,6.0,1,2.0,4.0,10.0
8546,2,7311,53,,1.0,2,1.0,4.0,40.0
8546,3,7311,24,,1.0,1,1.0,4.0,40.0
8547,1,7309,56,,4.0,2,1.0,4.0,35.0
8548,1,7301,59,,2.0,1,1.0,4.0,30.0
8548,2,7301,58,,6.0,2,1.0,4.0,40.0
8549,1,7320,71,,,1,6.0,4.0,
8549,2,7320,71,,2.0,2,1.0,4.0,35.0
8549,3,7320,39,,7.0,1,1.0,4.0,30.0
8550,1,7321,65,,3.0,1,6.0,4.0,
8550,2,7321,68,,1.0,2,1.0,4.0,27.0
8551,1,7307,79,,,1,6.0,2.0,
8551,2,7307,68,,,2,6.0,4.0,
8552,1,7301,22,15.0,5.0,1,4.0,1.0,40.0
8552,2,7301,22,16.0,1.0,2,6.0,4.0,
8552,3,7301,3,,,2,,,
8553,1,7309,40,,3.0,2,1.0,4.0,50.0
8553,2,7309,14,10.0,,2,,,
8553,3,7309,12,9.0,,1,,,
8554,1,7313,48,,1.0,2,1.0,4.0,40.0
8555,1,7304,55,,6.0,2,6.0,4.0,
8555,2,7304,66,,1.0,1,6.0,4.0,16.0
8555,3,7304,19,15.0,,1,6.0,4.0,
8555,4,7304,68,,,1,6.0,2.0,
8555,5,7304,18,14.0,1.0,2,3.0,4.0,
8556,1,7302,50,,1.0,1,1.0,4.0,80.0
8556,2,7302,52,,,2,6.0,4.0,
8556,3,7302,15,12.0,,1,,,
8556,4,7302,13,10.0,,2,,,
8557,1,7308,94,,,2,6.0,4.0,
8558,1,7310,69,,3.0,2,6.0,4.0,14.0
8558,2,7310,86,,1.0,1,6.0,2.0,
8558,3,7310,33,,1.0,2,1.0,4.0,40.0
8558,4,7310,3,1.0,,2,,,
8558,5,7310,39,,1.0,1,1.0,4.0,50.0
8559,1,7312,73,,,2,6.0,4.0,
8560,1,7313,35,,6.0,1,1.0,3.0,50.0
8560,2,7313,36,16.0,,2,6.0,4.0,
8560,3,7313,85,,,2,6.0,4.0,
8561,1,7310,81,,,2,6.0,4.0,
8562,1,7318,69,,1.0,2,6.0,4.0,
8563,1,7310,38,,1.0,2,1.0,4.0,5.0
8563,2,7310,42,,7.0,1,1.0,4.0,50.0
8563,3,7310,9,6.0,,1,,,
8563,4,7310,7,4.0,,1,,,
8564,1,7314,52,,2.0,2,1.0,4.0,55.0
8565,1,7321,45,,1.0,2,1.0,4.0,40.0
8565,2,7321,17,14.0,9.0,2,3.0,4.0,
8565,3,7321,17,14.0,9.0,2,3.0,4.0,
8566,1,7319,46,,8.0,2,1.0,4.0,40.0
8566,2,7319,51,,1.0,1,1.0,4.0,40.0
8566,3,7319,14,10.0,,2,,,
8567,1,7307,62,,6.0,1,1.0,4.0,45.0
8567,2,7307,61,,1.0,2,1.0,4.0,40.0
8568,1,7322,27,15.0,5.0,2,6.0,2.0,40.0
8569,1,7301,58,,1.0,2,1.0,4.0,12.0
8569,2,7301,57,,3.0,1,1.0,4.0,40.0
8569,3,7301,14,11.0,,1,,,
8570,1,7305,80,,,1,6.0,2.0,
8570,2,7305,74,,,2,6.0,4.0,
8571,1,7301,56,,1.0,1,1.0,2.0,60.0
8571,2,7301,56,,1.0,2,3.0,4.0,65.0
8572,1,7310,86,,,2,6.0,4.0,
8573,1,7321,55,,2.0,2,1.0,4.0,40.0
8573,2,7321,52,,1.0,1,1.0,4.0,40.0
8574,1,7308,69,,1.0,1,1.0,4.0,32.0
8574,2,7308,70,,,2,6.0,4.0,
8575,1,7306,90,,,1,6.0,2.0,
8575,2,7306,81,,,2,6.0,4.0,
8576,1,7312,19,,5.0,1,4.0,1.0,40.0
8576,2,7312,19,,,2,6.0,4.0,
8577,1,7312,31,,1.0,1,1.0,4.0,30.0
8577,2,7312,17,11.0,,1,6.0,4.0,
8577,3,7312,36,,1.0,1,1.0,4.0,33.0
8578,1,7313,54,,1.0,1,1.0,4.0,60.0
8578,2,7313,31,,,2,6.0,4.0,
8578,3,7313,8,5.0,,2,,,
8578,4,7313,7,4.0,,2,,,
8579,1,7306,23,,1.0,1,1.0,4.0,40.0
8580,1,7307,58,,7.0,1,1.0,4.0,40.0
8580,2,7307,56,,7.0,2,1.0,4.0,40.0
8581,1,7303,72,,2.0,1,6.0,4.0,
8581,2,7303,64,,1.0,2,6.0,4.0,
8582,1,7306,43,,1.0,1,1.0,4.0,40.0
8582,2,7306,15,12.0,,2,,,
8582,3,7306,13,10.0,,1,,,
8582,4,7306,13,9.0,,1,,,
8583,1,7308,62,,1.0,1,6.0,2.0,45.0
8583,2,7308,60,,,2,6.0,4.0,
8584,1,7317,43,,1.0,1,1.0,4.0,60.0
8584,2,7317,39,,6.0,2,1.0,4.0,50.0
8584,3,7317,19,15.0,1.0,1,1.0,4.0,40.0
8585,1,7322,74,,,1,6.0,2.0,
8585,2,7322,74,,,2,6.0,4.0,
8586,1,7310,28,,1.0,1,2.0,4.0,50.0
8586,2,7310,29,,1.0,2,2.0,4.0,50.0
8586,3,7310,0,,,2,,,
8587,1,7321,84,,,2,6.0,4.0,
8587,2,7321,62,,1.0,1,1.0,4.0,40.0
8588,1,7315,44,,6.0,1,1.0,2.0,30.0
8588,2,7315,45,,1.0,2,1.0,4.0,40.0
8589,1,7317,48,,1.0,2,1.0,4.0,40.0
8590,1,7311,74,,6.0,1,1.0,4.0,30.0
8590,2,7311,72,,,2,6.0,4.0,
8591,1,7313,35,,1.0,1,1.0,4.0,50.0
8591,2,7313,35,,1.0,2,1.0,4.0,20.0
8591,3,7313,3,,,1,,,
8591,4,7313,2,,,1,,,
8592,1,7304,77,,1.0,2,6.0,4.0,
8592,2,7304,56,,1.0,1,1.0,4.0,40.0
8593,1,7312,64,,1.0,1,1.0,4.0,40.0
8594,1,7320,49,,5.0,1,1.0,2.0,40.0
8594,2,7320,57,,6.0,2,6.0,4.0,
8595,1,7309,49,,5.0,1,1.0,2.0,40.0
8595,2,7309,44,,1.0,2,1.0,4.0,40.0
8595,3,7309,17,14.0,1.0,2,1.0,4.0,15.0
8595,4,7309,12,9.0,,1,,,
8596,1,7307,64,,1.0,1,1.0,4.0,12.0
8596,2,7307,54,,1.0,2,1.0,4.0,40.0
8597,1,7317,66,,,1,6.0,4.0,
8598,1,7320,57,,1.0,1,1.0,2.0,24.0
8598,2,7320,63,,,2,6.0,4.0,
8599,1,7302,68,,,2,6.0,4.0,
8599,2,7302,42,,1.0,1,1.0,4.0,40.0
8600,1,7305,43,,1.0,2,1.0,4.0,30.0
8601,1,7321,59,,5.0,2,6.0,4.0,
8601,2,7321,65,,6.0,1,1.0,4.0,35.0
8602,1,7313,56,,1.0,2,1.0,4.0,40.0
8602,2,7313,59,,1.0,1,1.0,4.0,50.0
8602,3,7313,21,,,1,6.0,4.0,
8603,1,7312,42,,3.0,1,1.0,4.0,40.0
8603,2,7312,45,,1.0,1,1.0,2.0,40.0
8604,1,7308,84,,,2,6.0,4.0,
8605,1,7314,51,,3.0,2,1.0,4.0,40.0
8605,2,7314,51,,1.0,1,3.0,4.0,35.0
8606,1,7304,59,,,2,6.0,4.0,
8606,2,7304,59,,1.0,1,1.0,2.0,40.0
8607,1,7309,62,,1.0,2,1.0,4.0,8.0
8607,2,7309,18,15.0,1.0,1,1.0,4.0,8.0
8608,1,7306,24,15.0,1.0,1,1.0,4.0,2.0
8609,1,7320,34,,1.0,2,1.0,4.0,36.0
8609,2,7320,39,,,1,6.0,4.0,
8609,3,7320,6,3.0,,2,,,
8609,4,7320,2,,,2,,,
8610,1,7313,65,,3.0,2,1.0,4.0,20.0
8610,2,7313,66,,7.0,1,6.0,4.0,40.0
8611,1,7321,86,,,1,6.0,4.0,
8612,1,7316,73,,1.0,1,1.0,4.0,20.0
8612,2,7316,68,,,2,6.0,4.0,
8613,1,7318,33,16.0,5.0,2,4.0,1.0,50.0
8613,2,7318,35,15.0,5.0,1,4.0,1.0,40.0
8613,3,7318,11,8.0,,2,,,
8614,1,7315,25,,1.0,1,1.0,4.0,40.0
8614,2,7315,27,,1.0,1,1.0,4.0,40.0
8615,1,7316,55,,1.0,1,1.0,4.0,45.0
8616,1,7316,34,,1.0,2,1.0,4.0,60.0
8617,1,7310,47,,1.0,1,1.0,4.0,45.0
8617,2,7310,53,,,2,6.0,4.0,
8617,3,7310,15,12.0,,1,,,
8618,1,7310,78,,,1,6.0,4.0,
8618,2,7310,24,,1.0,1,3.0,4.0,
8618,3,7310,80,,,2,6.0,4.0,
8619,1,7316,31,,1.0,2,3.0,4.0,40.0
8620,1,7318,40,,1.0,1,1.0,4.0,40.0
8620,2,7318,37,,1.0,2,1.0,4.0,40.0
8620,3,7318,17,13.0,,2,6.0,4.0,
8620,4,7318,13,10.0,,1,,,
8621,1,7310,23,16.0,1.0,2,1.0,4.0,55.0
8621,2,7310,23,,2.0,2,1.0,4.0,45.0
8622,1,7322,47,,1.0,2,1.0,4.0,40.0
8622,2,7322,18,15.0,,1,6.0,4.0,
8622,3,7322,14,11.0,,2,,,
8622,4,7322,13,10.0,,2,,,
8623,1,7320,63,,,1,6.0,4.0,
8623,2,7320,59,,,2,6.0,4.0,
8624,1,7313,72,,,1,6.0,2.0,
8625,1,7320,78,,,2,6.0,4.0,
8625,2,7320,67,,1.0,2,1.0,4.0,40.0
8626,1,7312,44,16.0,5.0,1,4.0,1.0,40.0
8626,2,7312,36,16.0,6.0,2,1.0,4.0,25.0
8627,1,7310,53,,1.0,2,1.0,4.0,40.0
8627,2,7310,51,,1.0,1,1.0,4.0,40.0
8628,1,7301,58,,7.0,1,1.0,4.0,40.0
8629,1,7319,48,,,2,6.0,4.0,
8629,2,7319,51,,1.0,1,1.0,4.0,50.0
8629,3,7319,14,10.0,,1,,,
8629,4,7319,13,9.0,,2,,,
8630,1,7313,27,,4.0,2,1.0,4.0,20.0
8630,2,7313,32,,1.0,1,1.0,4.0,30.0
8630,3,7313,2,,,2,,,
8631,1,7312,34,,1.0,1,1.0,4.0,40.0
8631,2,7312,31,,,2,6.0,4.0,
8631,3,7312,5,2.0,,1,,,
8632,1,7319,45,,1.0,1,3.0,4.0,40.0
8632,2,7319,44,,1.0,2,1.0,4.0,16.0
8633,1,7321,49,,1.0,1,1.0,4.0,40.0
8634,1,7317,54,,1.0,1,1.0,4.0,50.0
8634,2,7317,54,,7.0,1,6.0,4.0,
8634,3,7317,50,,7.0,1,6.0,4.0,15.0
8635,1,7308,94,,,2,6.0,4.0,
8636,1,7314,72,,6.0,2,6.0,4.0,
8637,1,7302,73,,,1,6.0,2.0,
8637,2,7302,71,,,2,6.0,4.0,
8638,1,7302,74,,,1,6.0,3.0,
8639,1,7305,40,,1.0,2,1.0,4.0,40.0
8639,2,7305,21,,1.0,2,1.0,4.0,38.0
8639,3,7305,14,11.0,,1,,,
8639,4,7305,1,,,1,,,
8640,1,7313,57,,2.0,2,1.0,4.0,40.0
8641,1,7315,62,,1.0,2,6.0,4.0,
8642,1,7314,84,,3.0,2,6.0,4.0,
8643,1,7321,62,,6.0,1,3.0,4.0,28.0
8643,2,7321,25,,1.0,2,1.0,4.0,35.0
8643,3,7321,61,,3.0,2,1.0,4.0,28.0
8644,1,7304,43,,3.0,2,1.0,4.0,25.0
8644,2,7304,50,,1.0,1,1.0,4.0,40.0
8644,3,7304,16,13.0,,1,6.0,,
8644,4,7304,12,9.0,,1,,,
8644,5,7304,10,6.0,,1,,,
8645,1,7311,49,,,2,6.0,4.0,
8645,2,7311,49,,1.0,1,1.0,2.0,40.0
8645,3,7311,22,15.0,1.0,1,1.0,4.0,25.0
8645,4,7311,19,15.0,1.0,2,1.0,4.0,30.0
8645,5,7311,17,13.0,1.0,1,6.0,4.0,20.0
8646,1,7317,69,,,2,6.0,4.0,
8647,1,7311,53,,6.0,1,1.0,4.0,3.0
8647,2,7311,20,15.0,2.0,2,1.0,4.0,15.0
8648,1,7321,70,,,2,6.0,4.0,
8649,1,7312,21,15.0,4.0,2,1.0,4.0,10.0
8649,2,7312,21,15.0,,2,6.0,4.0,
8649,3,7312,21,15.0,,2,6.0,4.0,
8649,4,7312,21,15.0,,2,6.0,4.0,
8650,1,7309,54,,1.0,2,1.0,4.0,40.0
8650,2,7309,54,,1.0,1,1.0,4.0,40.0
8651,1,7317,33,,,2,6.0,4.0,
8651,2,7317,34,,1.0,1,1.0,4.0,50.0
8651,3,7317,14,11.0,,1,,,
8651,4,7317,13,10.0,,1,,,
8651,5,7317,11,8.0,,1,,,
8651,6,7317,10,6.0,,2,,,
8651,7,7317,6,3.0,,1,,,
8651,8,7317,1,,,1,,,
8652,1,7309,79,,6.0,1,1.0,3.0,40.0
8653,1,7321,53,,4.0,1,6.0,4.0,48.0
8653,2,7321,51,,4.0,2,6.0,4.0,
8653,3,7321,17,14.0,1.0,2,6.0,4.0,40.0
8653,4,7321,12,9.0,,1,,,
8654,1,7321,87,,,1,6.0,2.0,
8654,2,7321,63,,,2,6.0,4.0,
8655,1,7315,35,,1.0,2,1.0,4.0,32.0
8655,2,7315,39,,1.0,1,1.0,4.0,40.0
8656,1,7316,29,,2.0,2,1.0,4.0,40.0
8656,2,7316,10,6.0,,2,,,
8656,3,7316,32,,1.0,1,1.0,4.0,40.0
8657,1,7311,48,,1.0,2,1.0,4.0,40.0
8657,2,7311,11,8.0,,2,,,
8657,3,7311,9,5.0,,1,,,
8658,1,7317,56,,1.0,2,1.0,4.0,40.0
8659,1,7313,25,,1.0,2,1.0,4.0,45.0
8660,1,7309,45,,1.0,1,1.0,4.0,50.0
8660,2,7309,49,,,2,6.0,4.0,
8660,3,7309,13,9.0,,1,,,
8660,4,7309,10,5.0,,1,,,
8660,5,7309,6,2.0,,1,,,
8661,1,7320,54,,1.0,1,1.0,4.0,45.0
8661,2,7320,55,,,2,6.0,4.0,
8661,3,7320,26,15.0,,2,6.0,4.0,
8662,1,7313,59,,1.0,2,1.0,4.0,40.0
8663,1,7303,70,,3.0,2,2.0,4.0,15.0
8664,1,7305,86,,,2,6.0,4.0,
8664,2,7305,61,,,1,6.0,4.0,
8664,3,7305,58,,1.0,1,6.0,4.0,
8665,1,7303,70,,,1,6.0,4.0,
8665,2,7303,69,,,2,6.0,4.0,
8666,1,7307,58,,1.0,2,1.0,4.0,15.0
8666,2,7307,17,,,1,6.0,4.0,
8666,3,7307,14,11.0,,2,,,
8667,1,7308,57,,2.0,1,1.0,4.0,40.0
8667,2,7308,47,15.0,3.0,1,1.0,4.0,12.0
8667,3,7308,12,9.0,,2,,,
8668,1,7321,46,,1.0,2,1.0,4.0,40.0
8668,2,7321,18,14.0,,1,6.0,4.0,
8669,1,7301,57,15.0,1.0,2,6.0,4.0,
8669,2,7301,58,15.0,4.0,1,1.0,4.0,40.0
8669,3,7301,26,15.0,1.0,1,1.0,4.0,40.0
8669,4,7301,20,15.0,9.0,1,3.0,4.0,
8670,1,7316,63,,6.0,2,1.0,4.0,12.0
8671,1,7314,49,,3.0,2,1.0,4.0,50.0
8672,1,7317,58,,1.0,1,1.0,4.0,30.0
8672,2,7317,57,,1.0,2,1.0,4.0,15.0
8672,3,7317,35,,6.0,2,6.0,4.0,40.0
8672,4,7317,23,16.0,1.0,1,6.0,4.0,
8673,1,7317,78,,,2,6.0,4.0,
8674,1,7302,83,,,1,6.0,3.0,
8674,2,7302,79,,,2,6.0,4.0,
8675,1,7312,86,,,1,6.0,2.0,
8675,2,7312,75,,,2,6.0,4.0,
8675,3,7312,39,,1.0,2,1.0,4.0,40.0
8675,4,7312,15,12.0,,1,,,
8675,5,7312,14,10.0,,2,,,
8675,6,7312,12,9.0,,2,,,
8676,1,7319,57,,,1,6.0,4.0,
8676,2,7319,50,,,2,6.0,4.0,
8676,3,7319,31,,1.0,2,6.0,4.0,40.0
8676,4,7319,11,7.0,,2,,,
8676,5,7319,8,5.0,,2,,,
8677,1,7312,21,15.0,,2,6.0,4.0,
8677,2,7312,21,15.0,,2,6.0,4.0,
8677,3,7312,21,15.0,1.0,2,1.0,4.0,10.0
8677,4,7312,21,15.0,,1,6.0,4.0,
8678,1,7309,70,,1.0,2,1.0,4.0,30.0
8679,1,7321,50,,1.0,1,1.0,4.0,40.0
8679,2,7321,61,,3.0,2,1.0,4.0,40.0
8680,1,7308,72,,,2,6.0,4.0,
8681,1,7301,32,,1.0,1,1.0,4.0,65.0
8681,2,7301,31,,1.0,2,1.0,4.0,55.0
8682,1,7317,23,,5.0,1,4.0,1.0,65.0
8682,2,7317,28,,1.0,1,1.0,2.0,40.0
8683,1,7319,52,,1.0,1,6.0,4.0,60.0
8683,2,7319,50,,,2,6.0,4.0,
8683,3,7319,23,,1.0,2,1.0,4.0,40.0
8683,4,7319,14,11.0,,2,,,
8683,5,7319,13,,,2,,,
8684,1,7303,26,,1.0,2,1.0,4.0,40.0
8684,2,7303,24,,5.0,2,1.0,4.0,24.0
8685,1,7316,37,16.0,,2,6.0,4.0,
8685,2,7316,39,,1.0,1,1.0,4.0,40.0
8685,3,7316,5,1.0,,1,,,
8686,1,7310,52,,7.0,1,1.0,4.0,70.0
8686,2,7310,54,,2.0,2,1.0,4.0,60.0
8686,3,7310,16,13.0,,2,6.0,,
8686,4,7310,14,11.0,,2,,,
8687,1,7312,33,16.0,6.0,2,1.0,4.0,10.0
8687,2,7312,36,,6.0,1,1.0,4.0,60.0
8688,1,7305,69,,1.0,1,1.0,4.0,40.0
8688,2,7305,70,,1.0,2,6.0,4.0,40.0
8689,1,7309,65,,2.0,1,1.0,4.0,40.0
8689,2,7309,64,,,2,6.0,4.0,
8690,1,7302,48,,1.0,1,1.0,4.0,40.0
8691,1,7305,70,,6.0,1,1.0,2.0,25.0
8691,2,7305,65,,2.0,2,1.0,4.0,30.0
8691,3,7305,46,15.0,1.0,1,1.0,4.0,15.0
8691,4,7305,9,4.0,,1,,,
8691,5,7305,47,15.0,,2,6.0,4.0,
8692,1,7322,88,,,2,6.0,4.0,
8693,1,7310,61,,,2,6.0,4.0,
8693,2,7310,63,,1.0,1,1.0,4.0,40.0
8694,1,7304,59,,2.0,2,1.0,4.0,15.0
8694,2,7304,68,,6.0,1,6.0,2.0,10.0
8695,1,7301,29,,1.0,2,1.0,4.0,40.0
8696,1,7306,23,15.0,1.0,1,1.0,4.0,8.0
8697,1,7310,94,,,1,6.0,2.0,
8698,1,7301,53,,5.0,1,1.0,2.0,45.0
8698,2,7301,50,,3.0,2,1.0,4.0,50.0
8698,3,7301,17,13.0,,1,6.0,4.0,
8699,1,7313,63,,1.0,1,6.0,4.0,40.0
8699,2,7313,58,,3.0,2,1.0,4.0,30.0
8700,1,7314,37,,7.0,1,1.0,4.0,50.0
8700,2,7314,30,,1.0,2,1.0,4.0,40.0
8700,3,7314,3,,,2,,,
8701,1,7301,58,,1.0,2,1.0,4.0,40.0
8701,2,7301,18,,1.0,2,6.0,4.0,20.0
8701,3,7301,60,,1.0,1,1.0,4.0,40.0
8701,4,7301,11,5.0,,2,,,
8701,5,7301,9,4.0,,2,,,
8701,6,7301,7,3.0,,2,,,
8701,7,7301,3,,,2,,,
8701,8,7301,1,,,2,,,
8701,9,7301,32,,1.0,2,1.0,4.0,40.0
8701,10,7301,27,,1.0,2,1.0,4.0,40.0
8702,1,7316,56,,1.0,2,1.0,4.0,35.0
8702,2,7316,54,,6.0,1,1.0,4.0,40.0
8702,3,7316,25,,1.0,1,3.0,4.0,40.0
8702,4,7316,21,15.0,1.0,1,1.0,4.0,20.0
8703,1,7310,82,,2.0,1,6.0,2.0,
8703,2,7310,59,,2.0,2,6.0,4.0,
8704,1,7319,55,,5.0,1,1.0,2.0,40.0
8704,2,7319,40,,1.0,2,1.0,4.0,45.0
8705,1,7308,57,,2.0,2,1.0,4.0,40.0
8705,2,7308,64,,6.0,1,1.0,4.0,10.0
8705,3,7308,19,,1.0,2,1.0,4.0,20.0
8706,1,7322,50,,5.0,1,1.0,4.0,40.0
8706,2,7322,53,,6.0,2,1.0,4.0,10.0
8706,3,7322,23,15.0,1.0,2,3.0,4.0,15.0
8706,4,7322,21,15.0,,1,6.0,4.0,
8707,1,7302,86,,,2,6.0,4.0,
8708,1,7316,30,16.0,5.0,1,4.0,1.0,80.0
8708,2,7316,30,16.0,1.0,2,1.0,4.0,32.0
8709,1,7313,60,,,1,6.0,4.0,
8709,2,7313,57,,6.0,2,1.0,4.0,20.0
8709,3,7313,27,,6.0,2,1.0,4.0,50.0
8710,1,7315,53,,1.0,1,1.0,4.0,40.0
8710,2,7315,51,16.0,2.0,2,1.0,4.0,40.0
8710,3,7315,21,15.0,,2,6.0,4.0,
8710,4,7315,18,15.0,,1,6.0,4.0,
8711,1,7316,58,,2.0,2,1.0,4.0,20.0
8711,2,7316,60,,,1,6.0,4.0,
8712,1,7320,65,,1.0,1,1.0,4.0,6.0
8713,1,7312,82,,,1,6.0,4.0,
8714,1,7304,94,,,2,6.0,4.0,
8714,2,7304,76,,1.0,2,6.0,4.0,
8715,1,7305,40,,3.0,2,1.0,4.0,50.0
8716,1,7306,56,,6.0,2,1.0,4.0,30.0
8716,2,7306,16,13.0,,2,6.0,,
8716,3,7306,12,9.0,,2,,,
8716,4,7306,10,6.0,,2,,,
8716,5,7306,8,5.0,,2,,,
8717,1,7314,52,,,2,6.0,4.0,
8717,2,7314,56,,1.0,1,1.0,4.0,30.0
8718,1,7321,60,,2.0,2,1.0,4.0,30.0
8719,1,7302,70,,,1,6.0,4.0,
8719,2,7302,61,,,2,6.0,4.0,
8720,1,7306,43,,1.0,1,1.0,4.0,56.0
8721,1,7321,71,,3.0,2,6.0,4.0,
8722,1,7313,47,,1.0,2,1.0,4.0,40.0
8722,2,7313,18,14.0,1.0,2,1.0,4.0,20.0
8723,1,7309,40,,,2,6.0,4.0,
8723,2,7309,40,,3.0,1,1.0,4.0,50.0
8723,3,7309,14,11.0,,2,,,
8723,4,7309,11,7.0,,2,,,
8723,5,7309,4,1.0,,1,,,
8724,1,7309,38,,6.0,2,6.0,4.0,
8724,2,7309,40,,1.0,1,1.0,4.0,40.0
8724,3,7309,5,2.0,,2,,,
8724,4,7309,1,,,1,,,
8725,1,7310,53,,6.0,1,1.0,4.0,15.0
8725,2,7310,47,,1.0,1,1.0,4.0,60.0
8726,1,7322,62,,1.0,1,1.0,2.0,40.0
8726,2,7322,62,,5.0,2,1.0,4.0,40.0
8726,3,7322,71,,,2,6.0,4.0,
8727,1,7306,65,,,1,6.0,2.0,
8728,1,7315,32,,1.0,1,1.0,4.0,35.0
8729,1,7316,29,,1.0,1,1.0,4.0,40.0
8729,2,7316,28,,1.0,2,1.0,4.0,40.0
8730,1,7316,72,,,1,6.0,4.0,
8731,1,7309,65,,1.0,1,1.0,4.0,40.0
8731,2,7309,61,,1.0,2,1.0,4.0,50.0
8731,3,7309,28,15.0,1.0,1,1.0,4.0,30.0
8732,1,7320,59,,1.0,2,1.0,4.0,32.0
8732,2,7320,58,,2.0,1,1.0,4.0,40.0
8733,1,7307,44,,1.0,2,1.0,4.0,45.0
8733,2,7307,60,,6.0,1,1.0,4.0,50.0
8733,3,7307,15,12.0,,1,,,
8734,1,7315,62,,6.0,2,6.0,4.0,
8734,2,7315,65,,3.0,1,1.0,4.0,40.0
8735,1,7309,47,,1.0,1,1.0,4.0,50.0
8736,1,7321,48,,1.0,2,1.0,4.0,50.0
8736,2,7321,22,15.0,1.0,1,1.0,4.0,25.0
8737,1,7321,27,,1.0,1,1.0,4.0,40.0
8737,2,7321,60,,,2,6.0,4.0,
8738,1,7306,68,,,1,6.0,2.0,
8739,1,7311,68,,,1,6.0,4.0,
8739,2,7311,66,,,2,6.0,4.0,
8740,1,7305,27,,1.0,1,1.0,4.0,40.0
8741,1,7304,73,,,1,6.0,2.0,
8742,1,7301,50,,1.0,2,6.0,4.0,
8743,1,7303,71,,1.0,2,1.0,4.0,42.0
8744,1,7312,66,,1.0,1,6.0,2.0,6.0
8745,1,7309,40,,5.0,1,4.0,1.0,40.0
8745,2,7309,38,,3.0,2,1.0,4.0,43.0
8745,3,7309,11,7.0,,1,,,
8745,4,7309,7,3.0,,2,,,
8746,1,7312,47,,1.0,1,1.0,4.0,50.0
8746,2,7312,31,15.0,1.0,2,1.0,4.0,55.0
8746,3,7312,14,11.0,,1,,,
8746,4,7312,10,7.0,,2,,,
8746,5,7312,3,,,1,,,
8746,6,7312,70,,,2,6.0,4.0,
8747,1,7301,40,,,2,6.0,4.0,
8747,2,7301,39,,6.0,1,1.0,4.0,50.0
8747,3,7301,12,8.0,,1,,,
8747,4,7301,10,7.0,,2,,,
8747,5,7301,8,5.0,,1,,,
8747,6,7301,7,3.0,,2,,,
8747,7,7301,5,,,2,,,
8748,1,7316,55,,7.0,2,1.0,4.0,20.0
8748,2,7316,54,,3.0,1,1.0,4.0,40.0
8748,3,7316,25,,7.0,2,1.0,4.0,30.0
8749,1,7301,34,,4.0,2,1.0,4.0,40.0
8749,2,7301,35,15.0,1.0,1,1.0,4.0,40.0
8749,3,7301,22,,1.0,2,1.0,4.0,35.0
8750,1,7302,35,,7.0,1,1.0,4.0,40.0
8750,2,7302,40,,1.0,2,1.0,4.0,16.0
8750,3,7302,11,8.0,,2,,,
8750,4,7302,1,,,1,,,
8751,1,7308,54,,5.0,2,1.0,4.0,40.0
8752,1,7321,94,,,2,6.0,4.0,
8753,1,7310,67,,6.0,1,1.0,4.0,50.0
8753,2,7310,28,,3.0,1,1.0,4.0,40.0
8754,1,7318,73,,,2,6.0,4.0,
8755,1,7320,74,,,2,6.0,4.0,
8756,1,7310,64,,3.0,2,6.0,4.0,
8756,2,7310,72,,,1,6.0,4.0,
8757,1,7306,47,,1.0,1,1.0,4.0,40.0
8757,2,7306,46,,,2,6.0,4.0,
8757,3,7306,20,15.0,2.0,2,1.0,4.0,18.0
8757,4,7306,16,13.0,1.0,1,1.0,,6.0
8757,5,7306,15,11.0,,1,,,
8758,1,7313,76,,,2,6.0,4.0,
8759,1,7311,63,,2.0,2,1.0,4.0,40.0
8759,2,7311,63,,1.0,1,1.0,4.0,40.0
8760,1,7321,72,,1.0,2,1.0,4.0,42.0
8761,1,7317,49,,1.0,2,1.0,4.0,35.0
8761,2,7317,48,,6.0,1,1.0,4.0,35.0
8762,1,7309,70,,,2,6.0,4.0,
8763,1,7314,47,,3.0,1,1.0,2.0,40.0
8763,2,7314,57,,1.0,2,1.0,4.0,40.0
8764,1,7317,71,,6.0,1,2.0,4.0,40.0
8765,1,7310,82,,,2,6.0,4.0,
8766,1,7310,47,,3.0,1,1.0,4.0,30.0
8766,2,7310,16,13.0,1.0,2,6.0,,10.0
8766,3,7310,13,10.0,,2,,,
8766,4,7310,11,8.0,,1,,,
8766,5,7310,48,,1.0,2,1.0,4.0,30.0
8767,1,7309,68,,,2,6.0,4.0,
8768,1,7315,44,,4.0,2,1.0,4.0,40.0
8768,2,7315,15,12.0,,1,,,
8769,1,7303,36,,1.0,2,1.0,4.0,15.0
8769,2,7303,15,12.0,,1,,,
8769,3,7303,4,,,1,,,
8770,1,7321,55,,1.0,2,1.0,4.0,40.0
8771,1,7310,24,16.0,2.0,2,2.0,4.0,20.0
8771,2,7310,25,,1.0,2,1.0,4.0,40.0
8771,3,7310,23,,1.0,2,1.0,4.0,40.0
8772,1,7302,35,,1.0,2,6.0,4.0,12.0
8772,2,7302,35,,7.0,1,1.0,4.0,40.0
8772,3,7302,3,,,1,,,
8772,4,7302,1,,,2,,,
8772,5,7302,4,,,2,,,
8773,1,7321,68,,,1,6.0,4.0,
8774,1,7307,53,,1.0,1,1.0,4.0,50.0
8774,2,7307,22,,1.0,1,1.0,4.0,25.0
8774,3,7307,19,15.0,,1,6.0,4.0,
8774,4,7307,18,14.0,1.0,2,1.0,4.0,10.0
8774,5,7307,20,15.0,1.0,2,1.0,4.0,24.0
8775,1,7322,39,15.0,1.0,2,2.0,4.0,40.0
8775,2,7322,15,12.0,,2,,,
8775,3,7322,16,13.0,,1,6.0,,
8775,4,7322,71,,1.0,2,6.0,4.0,
8776,1,7317,30,,1.0,2,1.0,4.0,40.0
8776,2,7317,25,,1.0,2,1.0,4.0,30.0
8777,1,7307,72,,2.0,2,2.0,4.0,32.0
8777,2,7307,54,,6.0,2,6.0,4.0,20.0
8778,1,7309,40,,1.0,1,1.0,4.0,45.0
8778,2,7309,40,,,2,6.0,4.0,
8778,3,7309,11,8.0,,1,,,
8778,4,7309,10,7.0,,2,,,
8779,1,7317,21,15.0,4.0,1,6.0,4.0,28.0
8779,2,7317,21,15.0,2.0,2,1.0,4.0,10.0
8779,3,7317,19,15.0,2.0,1,1.0,4.0,20.0
8779,4,7317,21,15.0,1.0,1,1.0,4.0,20.0
8779,5,7317,19,15.0,5.0,2,1.0,4.0,4.0
8780,1,7315,60,,1.0,1,1.0,4.0,40.0
8781,1,7308,43,,1.0,1,1.0,4.0,40.0
8781,2,7308,42,,3.0,2,1.0,4.0,23.0
8781,3,7308,10,6.0,,2,,,
8781,4,7308,7,3.0,,1,,,
8782,1,7301,63,,6.0,1,6.0,4.0,15.0
8783,1,7308,80,,,2,6.0,4.0,
8784,1,7310,41,,2.0,1,1.0,4.0,50.0
8785,1,7313,49,,,2,6.0,4.0,
8785,2,7313,23,,3.0,2,1.0,4.0,40.0
8786,1,7309,48,,1.0,1,1.0,4.0,50.0
8786,2,7309,37,,1.0,2,1.0,4.0,30.0
8787,1,7303,53,,1.0,1,1.0,4.0,40.0
8787,2,7303,51,,,2,6.0,4.0,
8787,3,7303,23,15.0,1.0,2,1.0,4.0,40.0
8787,4,7303,22,,1.0,1,1.0,2.0,40.0
8788,1,7305,58,,1.0,1,1.0,4.0,40.0
8788,2,7305,54,,1.0,2,1.0,4.0,40.0
8789,1,7302,55,,1.0,2,1.0,4.0,30.0
8789,2,7302,40,,1.0,1,6.0,4.0,
8790,1,7302,44,,1.0,1,2.0,4.0,50.0
8791,1,7322,50,15.0,,2,6.0,4.0,
8792,1,7310,26,,1.0,2,1.0,4.0,40.0
8792,2,7310,26,,1.0,2,1.0,4.0,45.0
8793,1,7301,36,,5.0,1,4.0,1.0,80.0
8793,2,7301,37,,1.0,2,1.0,3.0,40.0
8793,3,7301,12,6.0,,1,,,
8793,4,7301,10,9.0,,2,,,
8793,5,7301,7,3.0,,2,,,
8794,1,7314,30,,1.0,1,1.0,4.0,40.0
8794,2,7314,26,15.0,4.0,1,1.0,4.0,42.0
8794,3,7314,26,,1.0,1,1.0,4.0,50.0
8795,1,7318,38,,1.0,1,1.0,4.0,40.0
8795,2,7318,37,,3.0,2,1.0,4.0,40.0
8795,3,7318,18,15.0,,1,6.0,4.0,
8795,4,7318,14,11.0,,1,,,
8796,1,7316,40,,1.0,1,1.0,4.0,52.0
8797,1,7305,72,,1.0,1,1.0,2.0,20.0
8798,1,7308,59,,1.0,1,1.0,4.0,55.0
8798,2,7308,57,,,2,6.0,4.0,
8798,3,7308,19,15.0,,2,6.0,4.0,
8799,1,7315,66,,,1,6.0,2.0,
8799,2,7315,15,12.0,,1,,,
8799,3,7315,54,,4.0,2,1.0,4.0,40.0
8800,1,7321,77,,,2,6.0,4.0,
8800,2,7321,23,,1.0,1,1.0,2.0,40.0
8801,1,7304,62,,1.0,1,1.0,4.0,40.0
8801,2,7304,58,,3.0,2,1.0,4.0,60.0
8802,1,7317,67,,1.0,1,1.0,4.0,40.0
8802,2,7317,63,,,2,6.0,4.0,
8803,1,7308,38,16.0,1.0,1,1.0,4.0,50.0
8803,2,7308,35,,,2,6.0,4.0,
8803,3,7308,8,4.0,,1,,,
8803,4,7308,3,1.0,,1,,,
8804,1,7321,71,,,2,6.0,4.0,
8805,1,7310,26,16.0,1.0,2,1.0,4.0,20.0
8805,2,7310,28,,6.0,1,1.0,4.0,20.0
8805,3,7310,29,,1.0,2,1.0,4.0,40.0
8805,4,7310,24,,1.0,2,2.0,4.0,40.0
8806,1,7309,55,,1.0,1,1.0,2.0,40.0
8806,2,7309,58,,1.0,2,1.0,4.0,60.0
8806,3,7309,19,15.0,,2,6.0,4.0,
8807,1,7319,70,,1.0,1,1.0,2.0,32.0
8807,2,7319,65,,,2,6.0,4.0,
8808,1,7321,43,,1.0,2,1.0,4.0,27.0
8808,2,7321,45,,1.0,1,1.0,4.0,40.0
8808,3,7321,17,14.0,,2,6.0,4.0,
8808,4,7321,6,3.0,,2,,,
8809,1,7309,40,,2.0,2,1.0,4.0,50.0
8809,2,7309,43,,1.0,1,1.0,4.0,60.0
8809,3,7309,16,13.0,,1,6.0,,
8809,4,7309,6,2.0,,1,,,
8810,1,7303,49,,,2,6.0,4.0,
8811,1,7304,48,,2.0,1,1.0,4.0,50.0
8811,2,7304,48,,1.0,2,1.0,4.0,60.0
8811,3,7304,18,14.0,1.0,1,6.0,4.0,
8811,4,7304,15,11.0,,1,,,
8811,5,7304,12,8.0,,1,,,
8812,1,7322,55,,1.0,2,1.0,4.0,40.0
8812,2,7322,55,,1.0,1,1.0,4.0,40.0
8812,3,7322,30,,1.0,2,1.0,4.0,40.0
8812,4,7322,20,,1.0,1,1.0,4.0,40.0
8813,1,7307,45,,6.0,1,1.0,4.0,40.0
8813,2,7307,44,,1.0,2,6.0,4.0,
8813,3,7307,25,,1.0,1,1.0,4.0,36.0
8813,4,7307,14,10.0,,1,,,
8813,5,7307,9,6.0,,2,,,
8813,6,7307,6,3.0,,2,,,
8813,7,7307,2,,,2,,,
8813,8,7307,1,,,1,,,
8813,9,7307,24,,1.0,2,1.0,4.0,30.0
8814,1,7322,21,,5.0,2,4.0,1.0,60.0
8815,1,7310,38,,1.0,1,1.0,4.0,36.0
8815,2,7310,28,,1.0,2,6.0,4.0,30.0
8815,3,7310,0,,,2,,,
8816,1,7307,33,15.0,5.0,1,4.0,1.0,50.0
8816,2,7307,29,16.0,4.0,2,1.0,4.0,40.0
8816,3,7307,1,,,1,,,
8817,1,7316,36,,1.0,2,1.0,4.0,50.0
8817,2,7316,31,15.0,1.0,1,1.0,2.0,40.0
8818,1,7317,26,,1.0,1,1.0,4.0,40.0
8819,1,7316,29,,1.0,2,1.0,4.0,40.0
8819,2,7316,29,,1.0,1,1.0,4.0,50.0
8820,1,7314,29,,2.0,1,1.0,4.0,40.0
8820,2,7314,29,,1.0,2,1.0,4.0,40.0
8821,1,7316,40,,1.0,1,1.0,4.0,40.0
8821,2,7316,39,,1.0,2,1.0,4.0,40.0
8821,3,7316,7,3.0,,2,,,
8821,4,7316,2,,,1,,,
8822,1,7313,79,,,1,6.0,4.0,
8822,2,7313,78,,,2,6.0,4.0,
8823,1,7310,65,,1.0,1,1.0,4.0,40.0
8824,1,7307,72,,,1,6.0,3.0,
8824,2,7307,66,,,2,6.0,4.0,
8825,1,7301,69,,,1,6.0,2.0,
8825,2,7301,66,,6.0,2,6.0,4.0,
8826,1,7301,33,,2.0,2,1.0,4.0,20.0
8826,2,7301,38,,1.0,1,1.0,4.0,40.0
8826,3,7301,13,10.0,,2,,,
8826,4,7301,9,5.0,,1,,,
8827,1,7316,27,16.0,1.0,2,1.0,4.0,20.0
8827,2,7316,27,,1.0,1,1.0,4.0,40.0
8828,1,7318,38,,1.0,1,2.0,4.0,30.0
8829,1,7308,41,,1.0,1,1.0,4.0,56.0
8829,2,7308,30,,1.0,2,1.0,4.0,40.0
8829,3,7308,12,9.0,,2,,,
8829,4,7308,10,6.0,,1,,,
8829,5,7308,7,3.0,,2,,,
8830,1,7320,56,,1.0,1,1.0,4.0,45.0
8830,2,7320,59,,1.0,2,2.0,4.0,20.0
8831,1,7302,58,16.0,5.0,2,6.0,4.0,
8832,1,7308,77,,7.0,1,6.0,4.0,
8832,2,7308,76,,1.0,2,6.0,4.0,
8833,1,7301,65,,,2,6.0,4.0,
8834,1,7320,27,,1.0,1,2.0,4.0,40.0
8835,1,7310,36,,1.0,1,1.0,4.0,40.0
8835,2,7310,28,,1.0,2,1.0,4.0,40.0
8835,3,7310,4,1.0,,1,,,
8836,1,7301,67,,3.0,1,6.0,4.0,
8836,2,7301,65,,3.0,2,1.0,4.0,19.0
8837,1,7312,68,,1.0,2,6.0,4.0,
8837,2,7312,71,,3.0,1,6.0,2.0,
8838,1,7305,60,,1.0,2,1.0,4.0,7.0
8838,2,7305,42,,1.0,2,1.0,4.0,45.0
8838,3,7305,23,15.0,3.0,1,1.0,4.0,20.0
8838,4,7305,25,,1.0,2,1.0,4.0,40.0
8838,5,7305,17,14.0,,2,6.0,4.0,
8838,6,7305,10,6.0,,1,,,
8838,7,7305,3,,,1,,,
8839,1,7307,56,,1.0,1,1.0,4.0,40.0
8839,2,7307,49,,2.0,2,1.0,4.0,40.0
8840,1,7306,60,,1.0,1,1.0,2.0,40.0
8841,1,7311,58,,7.0,1,6.0,4.0,
8841,2,7311,54,,8.0,2,6.0,4.0,
8841,3,7311,27,,2.0,2,1.0,4.0,40.0
8841,4,7311,27,15.0,1.0,1,3.0,4.0,
8842,1,7315,68,,,2,6.0,4.0,
8843,1,7305,62,,6.0,1,1.0,4.0,40.0
8843,2,7305,62,,,2,6.0,4.0,
8844,1,7321,72,,,2,6.0,4.0,
8844,2,7321,54,,1.0,1,3.0,4.0,40.0
8845,1,7321,40,,6.0,2,1.0,4.0,40.0
8845,2,7321,11,8.0,,2,,,
8846,1,7310,41,,5.0,1,4.0,1.0,45.0
8846,2,7310,47,,1.0,2,1.0,4.0,35.0
8846,3,7310,14,11.0,,2,,,
8846,4,7310,12,9.0,,1,,,
8847,1,7312,21,15.0,,2,6.0,4.0,
8847,2,7312,22,15.0,1.0,2,1.0,4.0,40.0
8848,1,7310,76,,,1,6.0,4.0,
8849,1,7307,68,,,1,6.0,2.0,
8849,2,7307,68,,3.0,2,6.0,4.0,
8850,1,7302,50,,1.0,2,1.0,4.0,40.0
8850,2,7302,56,,2.0,2,1.0,4.0,40.0
8850,3,7302,12,9.0,,2,,,
8851,1,7318,25,,1.0,1,1.0,4.0,40.0
8852,1,7311,66,,,2,6.0,4.0,
8852,2,7311,55,,1.0,1,1.0,2.0,40.0
8853,1,7304,80,,,1,6.0,2.0,
8853,2,7304,75,,,2,6.0,4.0,
8854,1,7311,38,,4.0,2,1.0,4.0,25.0
8854,2,7311,38,,1.0,1,1.0,4.0,45.0
8854,3,7311,3,,,1,,,
8854,4,7311,0,,,2,,,
8855,1,7322,58,,1.0,2,1.0,4.0,40.0
8855,2,7322,56,,1.0,1,1.0,4.0,40.0
8856,1,7318,64,,,2,6.0,4.0,
8856,2,7318,69,,,1,6.0,4.0,
8856,3,7318,45,15.0,1.0,2,1.0,4.0,40.0
8856,4,7318,26,,1.0,1,1.0,4.0,40.0
8857,1,7321,31,,1.0,1,1.0,4.0,40.0
8857,2,7321,26,,1.0,2,6.0,4.0,
8857,3,7321,9,6.0,,2,,,
8858,1,7317,70,,,2,6.0,4.0,
8859,1,7308,60,,1.0,1,1.0,4.0,50.0
8859,2,7308,63,,1.0,2,1.0,4.0,40.0
8859,3,7308,24,,1.0,2,1.0,4.0,24.0
8860,1,7310,36,,3.0,2,1.0,4.0,45.0
8860,2,7310,39,,1.0,1,6.0,4.0,38.0
8860,3,7310,0,,,2,,,
8861,1,7317,57,,1.0,2,1.0,4.0,25.0
8861,2,7317,26,,,2,6.0,4.0,
8861,3,7317,21,15.0,3.0,1,6.0,4.0,13.0
8861,4,7317,85,,,2,6.0,4.0,
8862,1,7301,64,,6.0,1,1.0,4.0,70.0
8862,2,7301,64,,,2,6.0,4.0,
8862,3,7301,17,13.0,,1,6.0,4.0,
8863,1,7310,27,,3.0,2,1.0,4.0,40.0
8863,2,7310,32,,6.0,1,1.0,4.0,25.0
8864,1,7305,62,,7.0,2,1.0,4.0,40.0
8864,2,7305,66,,3.0,1,6.0,4.0,
8865,1,7322,49,,1.0,1,1.0,4.0,40.0
8865,2,7322,53,,2.0,2,1.0,4.0,40.0
8865,3,7322,16,13.0,,2,6.0,,
8865,4,7322,82,,,2,6.0,4.0,
8866,1,7301,37,,1.0,2,1.0,4.0,50.0
8866,2,7301,39,,1.0,1,6.0,4.0,35.0
8866,3,7301,16,12.0,,2,6.0,,
8866,4,7301,14,10.0,,1,,,
8866,5,7301,32,,1.0,2,1.0,4.0,38.0
8866,6,7301,57,,,2,6.0,4.0,
8866,7,7301,15,12.0,,2,,,
8866,8,7301,13,9.0,,2,,,
8866,9,7301,4,,,2,,,
8867,1,7302,36,,2.0,2,1.0,4.0,24.0
8867,2,7302,40,,1.0,1,1.0,4.0,60.0
8867,3,7302,6,3.0,,1,,,
8867,4,7302,4,1.0,,2,,,
8867,5,7302,2,,,2,,,
8868,1,7319,47,,6.0,2,6.0,4.0,20.0
8868,2,7319,47,,,1,6.0,4.0,
8868,3,7319,15,12.0,,1,,,
8869,1,7302,50,,,2,6.0,4.0,
8870,1,7320,65,,4.0,1,6.0,4.0,
8870,2,7320,65,,,2,6.0,4.0,
8870,3,7320,27,,1.0,2,1.0,4.0,35.0
8871,1,7316,61,,7.0,2,1.0,4.0,50.0
8871,2,7316,57,,7.0,1,6.0,2.0,
8872,1,7301,67,,,2,6.0,4.0,
8872,2,7301,20,,6.0,2,1.0,4.0,33.0
8873,1,7310,21,,5.0,1,1.0,2.0,40.0
8873,2,7310,21,,7.0,2,1.0,4.0,50.0
8873,3,7310,2,,,2,,,
8874,1,7317,30,,3.0,2,1.0,4.0,40.0
8874,2,7317,34,,1.0,1,1.0,4.0,50.0
8874,3,7317,11,,,1,,,
8874,4,7317,5,1.0,,2,,,
8874,5,7317,0,,,2,,,
8875,1,7315,66,,5.0,2,6.0,4.0,
8875,2,7315,66,,,1,6.0,4.0,
8876,1,7308,45,,2.0,2,1.0,4.0,20.0
8876,2,7308,48,,1.0,1,1.0,4.0,40.0
8876,3,7308,14,10.0,,2,,,
8876,4,7308,12,9.0,,2,,,
8877,1,7316,44,,6.0,1,1.0,4.0,40.0
8877,2,7316,51,,3.0,2,1.0,4.0,40.0
8878,1,7309,68,,,1,6.0,4.0,
8878,2,7309,68,,,2,6.0,4.0,
8879,1,7319,58,,4.0,1,1.0,4.0,80.0
8879,2,7319,51,,1.0,2,1.0,4.0,80.0
8879,3,7319,18,14.0,1.0,1,1.0,4.0,40.0
8880,1,7307,55,,3.0,2,1.0,4.0,20.0
8880,2,7307,56,,3.0,1,1.0,4.0,40.0
8881,1,7307,60,,1.0,1,1.0,4.0,40.0
8881,2,7307,56,,,2,6.0,4.0,
8882,1,7309,49,,3.0,1,1.0,4.0,40.0
8882,2,7309,46,,1.0,2,1.0,4.0,40.0
8882,3,7309,5,,,1,,,
8882,4,7309,3,,,2,,,
8883,1,7319,71,,1.0,2,6.0,4.0,
8883,2,7319,75,,,1,6.0,2.0,
8884,1,7315,34,,1.0,1,1.0,4.0,40.0
8884,2,7315,34,,7.0,2,1.0,4.0,30.0
8885,1,7312,20,15.0,2.0,1,2.0,4.0,5.0
8885,2,7312,21,15.0,1.0,1,1.0,4.0,20.0
8885,3,7312,19,15.0,1.0,1,1.0,3.0,15.0
8886,1,7315,32,15.0,5.0,1,4.0,1.0,40.0
8887,1,7320,72,,6.0,1,1.0,4.0,48.0
8887,2,7320,66,,1.0,2,2.0,4.0,40.0
8888,1,7311,29,,1.0,1,1.0,4.0,40.0
8888,2,7311,28,,1.0,2,1.0,4.0,44.0
8889,1,7316,26,,1.0,2,1.0,4.0,40.0
8889,2,7316,26,,2.0,2,1.0,4.0,40.0
8890,1,7322,41,,1.0,1,1.0,2.0,40.0
8890,2,7322,40,,3.0,1,1.0,4.0,40.0
8891,1,7314,48,,1.0,1,1.0,4.0,40.0
8891,2,7314,51,,6.0,2,1.0,4.0,40.0
8891,3,7314,4,1.0,,2,,,
8892,1,7308,87,,,2,6.0,4.0,
8893,1,7311,47,,2.0,2,1.0,4.0,40.0
8893,2,7311,10,6.0,,2,,,
8894,1,7309,78,,2.0,2,6.0,4.0,
8894,2,7309,55,,1.0,1,3.0,4.0,40.0
8895,1,7316,48,,2.0,1,1.0,4.0,40.0
8895,2,7316,40,,2.0,2,1.0,4.0,55.0
8896,1,7310,34,,1.0,2,1.0,4.0,40.0
8896,2,7310,38,,1.0,1,1.0,4.0,40.0
8897,1,7308,51,,6.0,1,1.0,4.0,40.0
8897,2,7308,40,,1.0,2,6.0,4.0,15.0
8897,3,7308,16,12.0,,2,6.0,,
8897,4,7308,14,10.0,,2,,,
8898,1,7315,33,,3.0,2,1.0,4.0,40.0
8898,2,7315,32,,1.0,1,6.0,4.0,
8898,3,7315,9,5.0,,2,,,
8898,4,7315,6,3.0,,2,,,
8898,5,7315,3,,,1,,,
8898,6,7315,0,,,2,,,
8899,1,7313,41,,3.0,2,1.0,4.0,40.0
8899,2,7313,28,15.0,3.0,2,1.0,4.0,20.0
8899,3,7313,12,8.0,,2,,,
8900,1,7301,35,,5.0,1,4.0,1.0,75.0
8900,2,7301,35,,,2,6.0,4.0,
8900,3,7301,10,7.0,,2,,,
8900,4,7301,9,6.0,,1,,,
8901,1,7319,62,,1.0,2,1.0,4.0,40.0
8902,1,7312,32,14.0,1.0,1,1.0,4.0,40.0
8902,2,7312,31,,1.0,2,6.0,4.0,40.0
8902,3,7312,0,,,2,,,
8903,1,7313,58,,1.0,1,1.0,2.0,40.0
8903,2,7313,54,,1.0,2,1.0,2.0,40.0
8904,1,7318,35,,6.0,2,1.0,2.0,25.0
8905,1,7320,39,,1.0,2,1.0,4.0,35.0
8905,2,7320,36,,1.0,1,1.0,4.0,40.0
8905,3,7320,9,5.0,,1,,,
8905,4,7320,5,1.0,,2,,,
8905,5,7320,1,,,1,,,
8906,1,7304,72,,1.0,1,6.0,2.0,
8907,1,7302,73,,1.0,1,1.0,4.0,35.0
8907,2,7302,66,,,2,6.0,4.0,
8908,1,7305,69,,4.0,1,1.0,4.0,6.0
8908,2,7305,63,,6.0,2,1.0,4.0,6.0
8909,1,7307,85,,,1,6.0,4.0,
8909,2,7307,69,,,2,6.0,4.0,
8910,1,7311,73,,,2,6.0,4.0,
8911,1,7313,84,,,2,6.0,2.0,
8911,2,7313,86,,,1,6.0,4.0,
8912,1,7303,64,,5.0,1,1.0,2.0,40.0
8912,2,7303,43,,5.0,1,1.0,4.0,40.0
8912,3,7303,39,,1.0,2,1.0,4.0,40.0
8912,4,7303,34,,1.0,1,1.0,4.0,40.0
8912,5,7303,73,,,2,6.0,4.0,
8913,1,7310,62,,1.0,2,6.0,4.0,
8913,2,7310,25,,1.0,1,1.0,4.0,16.0
8914,1,7316,66,,1.0,1,6.0,4.0,
8915,1,7302,30,,3.0,1,3.0,4.0,
8915,2,7302,29,,,2,6.0,4.0,
8915,3,7302,1,,,2,,,
8915,4,7302,6,3.0,,2,,,
8915,5,7302,4,,,1,,,
8916,1,7305,58,,5.0,1,1.0,2.0,40.0
8916,2,7305,56,,1.0,2,1.0,4.0,40.0
8916,3,7305,26,,1.0,1,1.0,4.0,40.0
8917,1,7315,26,15.0,1.0,2,3.0,4.0,50.0
8917,2,7315,28,15.0,6.0,1,1.0,2.0,10.0
8918,1,7309,57,,1.0,1,1.0,4.0,40.0
8918,2,7309,50,,1.0,2,1.0,4.0,36.0
8919,1,7301,66,,,2,6.0,4.0,
8919,2,7301,67,,,1,6.0,4.0,
8920,1,7316,38,,6.0,1,1.0,4.0,40.0
8920,2,7316,45,,1.0,1,1.0,4.0,40.0
8920,3,7316,75,,,2,6.0,4.0,
8921,1,7306,69,,,1,6.0,4.0,
8922,1,7307,48,,1.0,2,1.0,4.0,40.0
8922,2,7307,50,,1.0,2,1.0,2.0,23.0
8923,1,7317,21,15.0,1.0,2,1.0,4.0,30.0
8924,1,7303,77,,1.0,1,1.0,4.0,40.0
8924,2,7303,72,,1.0,2,1.0,4.0,40.0
8925,1,7320,46,15.0,4.0,1,1.0,4.0,40.0
8925,2,7320,41,,1.0,2,1.0,4.0,36.0
8925,3,7320,16,13.0,,1,6.0,,
8925,4,7320,21,15.0,3.0,2,6.0,4.0,10.0
8926,1,7313,75,,7.0,1,1.0,4.0,30.0
8926,2,7313,70,,,2,6.0,4.0,
8927,1,7306,63,,5.0,1,1.0,2.0,40.0
8927,2,7306,63,,8.0,2,6.0,4.0,
8928,1,7317,80,,,2,6.0,4.0,
8929,1,7314,74,,,2,6.0,4.0,
8930,1,7304,42,,7.0,1,1.0,4.0,65.0
8930,2,7304,39,,1.0,2,1.0,4.0,45.0
8931,1,7303,40,,1.0,1,1.0,4.0,40.0
8931,2,7303,34,,1.0,2,1.0,4.0,40.0
8931,3,7303,16,13.0,,1,6.0,,
8931,4,7303,14,11.0,,2,,,
8931,5,7303,34,,1.0,1,1.0,4.0,40.0
8932,1,7318,73,,5.0,1,6.0,2.0,
8932,2,7318,75,,,2,6.0,4.0,
8933,1,7315,28,,2.0,1,1.0,4.0,80.0
8934,1,7311,46,,1.0,2,1.0,4.0,40.0
8934,2,7311,55,,,1,6.0,4.0,
8934,3,7311,16,12.0,,1,6.0,,
8934,4,7311,11,8.0,,2,,,
8935,1,7307,49,,2.0,2,1.0,4.0,80.0
8935,2,7307,13,10.0,,1,,,
8935,3,7307,68,,1.0,2,6.0,4.0,
8936,1,7318,81,,,2,6.0,4.0,
8937,1,7316,54,,1.0,2,1.0,4.0,40.0
8937,2,7316,42,,1.0,2,1.0,4.0,40.0
8937,3,7316,40,,1.0,2,1.0,4.0,25.0
8937,4,7316,31,,1.0,2,6.0,4.0,
8938,1,7302,43,,2.0,1,1.0,4.0,40.0
8938,2,7302,31,,2.0,2,6.0,4.0,
8938,3,7302,9,5.0,,2,,,
8938,4,7302,5,2.0,,1,,,
8939,1,7318,34,,5.0,1,4.0,1.0,64.0
8940,1,7312,32,,5.0,1,4.0,1.0,60.0
8941,1,7302,61,,1.0,1,1.0,4.0,50.0
8941,2,7302,59,,1.0,2,6.0,4.0,
8942,1,7305,76,,1.0,2,1.0,4.0,45.0
8942,2,7305,79,,6.0,1,1.0,3.0,17.0
8943,1,7311,60,,3.0,2,1.0,4.0,40.0
8943,2,7311,62,,5.0,1,1.0,4.0,48.0
8944,1,7304,36,,1.0,2,1.0,4.0,20.0
8944,2,7304,37,15.0,3.0,1,1.0,4.0,72.0
8944,3,7304,5,2.0,,1,,,
8944,4,7304,1,,,2,,,
8945,1,7307,65,,7.0,1,6.0,4.0,
8945,2,7307,50,,7.0,2,1.0,4.0,40.0
8945,3,7307,15,12.0,,2,,,
8945,4,7307,13,10.0,,1,,,
8946,1,7315,51,,5.0,1,1.0,2.0,40.0
8947,1,7311,78,,,1,6.0,2.0,
8948,1,7308,49,,,2,6.0,4.0,
8948,2,7308,17,13.0,,2,6.0,4.0,
8949,1,7309,71,,,1,6.0,2.0,
8949,2,7309,65,,3.0,2,6.0,4.0,
8950,1,7319,43,,6.0,2,1.0,4.0,65.0
8950,2,7319,42,,6.0,1,1.0,4.0,40.0
8950,3,7319,11,8.0,,1,,,
8951,1,7316,30,,1.0,2,1.0,4.0,25.0
8951,2,7316,10,7.0,,1,,,
8952,1,7308,66,,,1,6.0,4.0,
8952,2,7308,66,,,2,6.0,4.0,
8953,1,7309,56,,4.0,2,3.0,4.0,40.0
8953,2,7309,56,,1.0,1,1.0,4.0,50.0
8953,3,7309,19,15.0,1.0,2,1.0,4.0,20.0
8954,1,7319,61,,,1,6.0,4.0,
8955,1,7322,77,,1.0,1,1.0,2.0,50.0
8955,2,7322,66,,,2,6.0,4.0,
8955,3,7322,47,,1.0,1,6.0,4.0,
8955,4,7322,39,,1.0,1,1.0,4.0,40.0
8956,1,7314,72,,3.0,2,1.0,4.0,10.0
8957,1,7305,84,,1.0,1,6.0,2.0,2.0
8957,2,7305,81,,,2,6.0,4.0,
8958,1,7310,64,,6.0,2,1.0,4.0,30.0
8959,1,7310,40,,1.0,2,1.0,4.0,40.0
8960,1,7307,72,,1.0,1,1.0,4.0,30.0
8961,1,7311,36,,1.0,1,1.0,4.0,40.0
8961,2,7311,42,,,2,6.0,4.0,
8961,3,7311,7,3.0,,2,,,
8962,1,7311,52,,1.0,1,1.0,4.0,40.0
8962,2,7311,52,,3.0,2,1.0,4.0,35.0
8962,3,7311,18,14.0,,2,6.0,4.0,
8962,4,7311,15,12.0,,1,,,
8963,1,7309,66,,,1,6.0,4.0,
8963,2,7309,62,,,2,6.0,4.0,
8964,1,7318,89,,,2,6.0,4.0,
8965,1,7313,33,,7.0,2,1.0,4.0,40.0
8965,2,7313,20,15.0,1.0,1,1.0,4.0,24.0
8965,3,7313,18,14.0,,1,6.0,4.0,
8965,4,7313,54,15.0,1.0,2,1.0,4.0,15.0
8965,5,7313,75,,,2,6.0,4.0,
8966,1,7315,26,15.0,1.0,1,1.0,4.0,36.0
8966,2,7315,39,16.0,9.0,2,3.0,4.0,
8966,3,7315,11,7.0,,2,,,
8966,4,7315,9,6.0,,2,,,
8967,1,7318,60,,1.0,2,1.0,4.0,25.0
8968,1,7315,76,,,2,6.0,4.0,
8969,1,7313,33,,1.0,1,1.0,4.0,40.0
8969,2,7313,31,16.0,4.0,2,1.0,4.0,40.0
8970,1,7304,42,,2.0,2,1.0,4.0,50.0
8970,2,7304,45,,1.0,1,1.0,4.0,40.0
8971,1,7320,57,,2.0,2,1.0,4.0,48.0
8971,2,7320,60,,5.0,1,1.0,2.0,40.0
8971,3,7320,17,14.0,,2,6.0,4.0,
8972,1,7312,40,,3.0,1,1.0,4.0,40.0
8972,2,7312,41,,,2,6.0,4.0,
8972,3,7312,6,2.0,,1,,,
8972,4,7312,1,,,1,,,
8973,1,7305,59,,4.0,1,1.0,4.0,40.0
8974,1,7304,35,,1.0,1,1.0,2.0,52.0
8974,2,7304,36,,1.0,1,1.0,4.0,40.0
8975,1,7309,32,,1.0,2,1.0,4.0,80.0
8975,2,7309,32,,1.0,1,1.0,4.0,55.0
8976,1,7301,23,15.0,5.0,1,4.0,1.0,40.0
8976,2,7301,20,,1.0,2,1.0,4.0,40.0
8977,1,7315,47,,1.0,1,1.0,2.0,45.0
8977,2,7315,48,15.0,,2,6.0,4.0,
8977,3,7315,18,15.0,,1,6.0,4.0,
8978,1,7322,48,,1.0,1,1.0,4.0,50.0
8978,2,7322,42,,,2,6.0,4.0,
8978,3,7322,13,9.0,,1,,,
8978,4,7322,10,7.0,,1,,,
8979,1,7302,80,,,1,6.0,4.0,
8979,2,7302,75,,,2,6.0,4.0,
8979,3,7302,59,,,2,6.0,4.0,
8980,1,7301,70,,,2,6.0,4.0,
8980,2,7301,74,,1.0,1,1.0,2.0,30.0
8981,1,7321,67,,,2,6.0,4.0,
8981,2,7321,39,,1.0,2,1.0,4.0,36.0
8981,3,7321,76,,,1,6.0,2.0,
8981,4,7321,17,13.0,,1,6.0,4.0,
8981,5,7321,57,,1.0,1,1.0,4.0,45.0
8982,1,7319,50,,1.0,1,1.0,4.0,40.0
8982,2,7319,49,,,2,6.0,4.0,
8982,3,7319,14,10.0,,2,,,
8982,4,7319,11,7.0,,1,,,
8983,1,7304,54,,3.0,2,1.0,4.0,40.0
8983,2,7304,54,,1.0,1,1.0,4.0,40.0
8983,3,7304,18,14.0,9.0,1,3.0,4.0,
8983,4,7304,16,13.0,,1,6.0,,
8984,1,7322,89,,,1,6.0,4.0,
8985,1,7315,65,,4.0,1,1.0,4.0,40.0
8985,2,7315,59,,1.0,2,1.0,4.0,40.0
8985,3,7315,81,,,2,6.0,4.0,
8986,1,7317,26,,1.0,2,1.0,4.0,40.0
8987,1,7319,69,,6.0,2,1.0,4.0,30.0
8988,1,7308,94,,,2,6.0,4.0,
8988,2,7308,94,,,1,6.0,2.0,
8989,1,7306,40,,7.0,2,1.0,4.0,40.0
8989,2,7306,46,,6.0,1,1.0,4.0,45.0
8990,1,7304,72,,,2,6.0,4.0,
8990,2,7304,94,,,2,6.0,4.0,
8991,1,7305,49,,1.0,1,1.0,4.0,40.0
8992,1,7315,29,,1.0,2,1.0,4.0,40.0
8992,2,7315,30,,1.0,2,1.0,4.0,40.0
8993,1,7319,49,15.0,1.0,1,1.0,2.0,50.0
8993,2,7319,46,,8.0,2,6.0,4.0,
8993,3,7319,16,12.0,,1,6.0,,
8993,4,7319,10,6.0,,2,,,
8994,1,7318,75,,,1,6.0,4.0,
8994,2,7318,76,,,2,6.0,4.0,
8995,1,7317,71,,1.0,1,3.0,2.0,40.0
8995,2,7317,67,,1.0,2,1.0,4.0,7.0
8996,1,7317,51,15.0,6.0,2,1.0,4.0,2.0
8996,2,7317,21,,1.0,1,3.0,4.0,10.0
8996,3,7317,12,8.0,,2,,,
8996,4,7317,9,5.0,,2,,,
8996,5,7317,39,,8.0,1,6.0,2.0,20.0
8997,1,7317,40,,1.0,1,1.0,4.0,48.0
8997,2,7317,46,,1.0,2,6.0,4.0,
8998,1,7306,59,,7.0,1,1.0,4.0,60.0
8998,2,7306,52,,1.0,2,1.0,4.0,40.0
8999,1,7316,26,,3.0,1,1.0,4.0,45.0
9000,1,7316,59,,1.0,2,1.0,4.0,30.0
9000,2,7316,54,,1.0,1,1.0,4.0,38.0
9001,1,7310,45,,1.0,2,1.0,4.0,40.0
9001,2,7310,6,2.0,,2,,,
9001,3,7310,4,1.0,,1,,,
9001,4,7310,46,,6.0,1,1.0,4.0,40.0
9002,1,7317,45,,2.0,1,1.0,4.0,40.0
9002,2,7317,36,,,2,6.0,4.0,
9002,3,7317,9,5.0,,1,,,
9002,4,7317,6,3.0,,2,,,
9003,1,7310,70,,7.0,2,1.0,4.0,45.0
9003,2,7310,70,,7.0,1,1.0,4.0,40.0
9003,3,7310,40,,1.0,1,1.0,4.0,40.0
9003,4,7310,3,1.0,,1,,,
9003,5,7310,1,,,1,,,
9003,6,7310,39,,4.0,2,6.0,4.0,
9004,1,7301,73,,1.0,1,6.0,4.0,
9004,2,7301,64,,,2,6.0,4.0,
9005,1,7313,53,,1.0,1,1.0,2.0,50.0
9005,2,7313,49,15.0,1.0,2,1.0,4.0,40.0
9006,1,7312,36,,1.0,1,1.0,4.0,50.0
9006,2,7312,38,,1.0,2,1.0,4.0,40.0
9007,1,7313,70,,,1,6.0,4.0,
9007,2,7313,37,,5.0,1,1.0,2.0,40.0
9007,3,7313,33,,1.0,1,1.0,4.0,80.0
9007,4,7313,29,,1.0,2,1.0,4.0,40.0
9007,5,7313,32,15.0,1.0,2,1.0,4.0,32.0
9008,1,7313,51,,1.0,2,1.0,4.0,40.0
9008,2,7313,22,,2.0,2,1.0,4.0,40.0
9008,3,7313,13,10.0,,2,,,
9008,4,7313,2,,,2,,,
9008,5,7313,1,,,1,,,
9009,1,7308,30,,1.0,1,1.0,4.0,50.0
9010,1,7302,66,,1.0,1,6.0,4.0,
9010,2,7302,85,,1.0,2,6.0,4.0,
9011,1,7313,56,,6.0,2,1.0,4.0,32.0
9011,2,7313,29,,1.0,1,1.0,4.0,40.0
9011,3,7313,26,,2.0,1,1.0,4.0,36.0
9012,1,7303,69,,,2,6.0,4.0,
9012,2,7303,84,,,1,6.0,4.0,
9013,1,7314,52,15.0,1.0,2,1.0,4.0,40.0
9013,2,7314,52,,1.0,1,1.0,4.0,40.0
9013,3,7314,18,14.0,,2,6.0,4.0,
9014,1,7317,26,,1.0,1,1.0,4.0,40.0
9014,2,7317,28,,1.0,2,1.0,4.0,40.0
9015,1,7321,34,,1.0,1,1.0,4.0,40.0
9016,1,7310,56,,1.0,1,1.0,4.0,80.0
9016,2,7310,58,,2.0,2,1.0,4.0,30.0
9017,1,7315,71,,1.0,2,3.0,4.0,13.0
9018,1,7317,31,,1.0,2,6.0,4.0,
9018,2,7317,32,,7.0,1,1.0,4.0,50.0
9018,3,7317,1,,,2,,,
9019,1,7306,68,,1.0,1,6.0,4.0,
9020,1,7314,62,,,2,6.0,4.0,
9021,1,7307,68,,1.0,1,6.0,2.0,
9022,1,7310,36,,2.0,2,1.0,4.0,40.0
9023,1,7307,43,,2.0,2,6.0,4.0,
9023,2,7307,52,,2.0,1,1.0,2.0,50.0
9023,3,7307,10,7.0,,1,,,
9023,4,7307,8,4.0,,2,,,
9023,5,7307,3,,,1,,,
9024,1,7316,69,,2.0,2,1.0,4.0,15.0
9025,1,7317,36,,1.0,2,1.0,4.0,35.0
9025,2,7317,40,,1.0,1,1.0,4.0,40.0
9025,3,7317,8,5.0,,2,,,
9025,4,7317,3,,,1,,,
9026,1,7308,67,,4.0,1,6.0,4.0,
9026,2,7308,61,,1.0,2,6.0,4.0,
9027,1,7314,69,,1.0,1,1.0,4.0,40.0
9027,2,7314,58,,2.0,2,1.0,4.0,40.0
9028,1,7319,63,,3.0,2,1.0,4.0,40.0
9028,2,7319,71,,,1,6.0,2.0,
9029,1,7321,61,,3.0,2,6.0,4.0,
9029,2,7321,66,,7.0,1,1.0,4.0,40.0
9030,1,7310,69,,,1,6.0,2.0,
9030,2,7310,55,,,2,6.0,2.0,
9031,1,7308,41,,1.0,1,1.0,4.0,48.0
9031,2,7308,41,,2.0,2,1.0,4.0,45.0
9031,3,7308,6,,,1,,,
9031,4,7308,5,,,2,,,
9032,1,7316,69,,,1,6.0,4.0,
9033,1,7314,73,,1.0,2,6.0,4.0,20.0
9034,1,7318,51,,1.0,1,1.0,4.0,40.0
9034,2,7318,51,,1.0,2,1.0,4.0,20.0
9034,3,7318,27,,1.0,1,1.0,4.0,40.0
9034,4,7318,9,6.0,,1,,,
9034,5,7318,82,,1.0,1,1.0,4.0,40.0
9034,6,7318,61,,,1,6.0,4.0,
9034,7,7318,53,,,1,6.0,4.0,
9035,1,7312,45,,1.0,2,1.0,4.0,24.0
9035,2,7312,18,15.0,1.0,2,6.0,4.0,30.0
9035,3,7312,70,,1.0,2,6.0,4.0,
9036,1,7318,36,,6.0,2,1.0,4.0,70.0
9036,2,7318,37,,1.0,1,1.0,4.0,45.0
9036,3,7318,21,15.0,,2,6.0,4.0,
9036,4,7318,10,7.0,,1,,,
9036,5,7318,8,6.0,,2,,,
9036,6,7318,0,,,2,,,
9037,1,7310,24,,1.0,1,1.0,4.0,45.0
9037,2,7310,23,,1.0,1,1.0,4.0,40.0
9038,1,7309,52,,6.0,2,1.0,4.0,30.0
9039,1,7321,72,,,2,6.0,4.0,
9040,1,7313,73,,,1,6.0,2.0,
9040,2,7313,70,,,2,6.0,4.0,
9041,1,7313,23,,5.0,2,1.0,2.0,40.0
9041,2,7313,0,,,1,,,
9042,1,7321,78,,1.0,1,1.0,2.0,18.0
9042,2,7321,70,,,2,6.0,4.0,
9042,3,7321,35,,1.0,2,1.0,4.0,40.0
9043,1,7316,79,16.0,,1,6.0,4.0,
9044,1,7311,35,,1.0,2,1.0,4.0,24.0
9044,2,7311,42,,2.0,1,1.0,4.0,40.0
9044,3,7311,13,8.0,,1,,,
9044,4,7311,6,3.0,,2,,,
9044,5,7311,53,,3.0,1,1.0,4.0,37.0
9044,6,7311,47,,1.0,1,1.0,4.0,25.0
9044,7,7311,83,,4.0,1,6.0,2.0,
9044,8,7311,75,,,2,6.0,4.0,
9044,9,7311,31,,3.0,2,1.0,4.0,40.0
9044,10,7311,30,16.0,3.0,2,6.0,4.0,
9044,11,7311,5,2.0,,1,,,
9045,1,7315,53,,1.0,2,1.0,4.0,40.0
9045,2,7315,53,,6.0,1,1.0,4.0,40.0
9045,3,7315,29,15.0,3.0,1,1.0,4.0,5.0
9045,4,7315,24,,1.0,2,1.0,4.0,40.0
9045,5,7315,24,,1.0,1,1.0,4.0,35.0
9046,1,7320,43,,1.0,1,1.0,4.0,40.0
9046,2,7320,44,,1.0,2,1.0,4.0,40.0
9046,3,7320,21,,1.0,2,1.0,4.0,40.0
9046,4,7320,19,15.0,1.0,2,1.0,4.0,24.0
9047,1,7313,37,,1.0,1,1.0,4.0,40.0
9047,2,7313,37,,1.0,2,1.0,4.0,40.0
9047,3,7313,19,14.0,1.0,1,1.0,4.0,40.0
9047,4,7313,11,7.0,,1,,,
9048,1,7313,34,,1.0,1,1.0,2.0,40.0
9048,2,7313,32,15.0,1.0,2,6.0,2.0,
9048,3,7313,2,,,1,,,
9049,1,7303,83,,,2,6.0,4.0,
9050,1,7305,50,,1.0,1,1.0,4.0,40.0
9051,1,7318,44,,1.0,1,1.0,3.0,40.0
9051,2,7318,14,11.0,,1,,,
9051,3,7318,55,,,2,6.0,4.0,
9052,1,7314,45,,1.0,1,1.0,4.0,40.0
9053,1,7322,52,,6.0,1,1.0,4.0,40.0
9053,2,7322,24,15.0,1.0,1,1.0,4.0,40.0
9053,3,7322,89,,,1,6.0,4.0,
9053,4,7322,80,,,2,6.0,4.0,
9054,1,7306,24,,1.0,1,1.0,4.0,40.0
9054,2,7306,51,,1.0,1,1.0,4.0,40.0
9054,3,7306,49,,,2,6.0,4.0,
9055,1,7303,79,,,2,6.0,4.0,
9056,1,7309,53,,1.0,1,1.0,2.0,38.0
9056,2,7309,49,,1.0,1,1.0,4.0,30.0
9057,1,7317,35,16.0,2.0,2,1.0,4.0,40.0
9057,2,7317,35,,4.0,1,1.0,4.0,40.0
9057,3,7317,8,5.0,,2,,,
9057,4,7317,7,3.0,,2,,,
9058,1,7313,40,,1.0,2,1.0,2.0,50.0
9058,2,7313,18,,1.0,2,1.0,4.0,15.0
9058,3,7313,15,11.0,,1,,,
9058,4,7313,13,10.0,,2,,,
9059,1,7301,90,15.0,,2,6.0,4.0,
9060,1,7308,29,16.0,4.0,1,1.0,4.0,45.0
9060,2,7308,28,16.0,2.0,2,1.0,4.0,48.0
9061,1,7315,55,,1.0,1,1.0,4.0,32.0
9061,2,7315,60,,1.0,2,1.0,4.0,40.0
9062,1,7315,71,,,2,6.0,4.0,
9063,1,7321,46,,9.0,2,3.0,4.0,
9063,2,7321,50,,1.0,1,1.0,4.0,40.0
9063,3,7321,23,,1.0,2,1.0,4.0,40.0
9063,4,7321,20,15.0,9.0,1,3.0,4.0,
9063,5,7321,16,13.0,,2,6.0,,
9064,1,7313,52,,5.0,1,1.0,2.0,40.0
9064,2,7313,59,,4.0,2,1.0,4.0,36.0
9064,3,7313,3,1.0,,1,,,
9064,4,7313,20,,2.0,2,1.0,4.0,40.0
9065,1,7309,39,,1.0,2,1.0,4.0,40.0
9066,1,7304,48,,1.0,1,1.0,4.0,85.0
9066,2,7304,50,,,2,6.0,4.0,
9066,3,7304,7,3.0,,1,,,
9067,1,7303,51,,3.0,2,1.0,4.0,8.0
9067,2,7303,46,,3.0,1,1.0,2.0,43.0
9067,3,7303,17,14.0,9.0,1,3.0,4.0,
9067,4,7303,17,14.0,9.0,1,3.0,4.0,
9068,1,7310,51,,1.0,2,6.0,4.0,50.0
9069,1,7313,52,15.0,,2,6.0,4.0,
9069,2,7313,56,,6.0,1,1.0,4.0,50.0
9069,3,7313,25,,2.0,1,1.0,4.0,20.0
9069,4,7313,15,11.0,,1,,,
9070,1,7306,54,,1.0,2,1.0,4.0,30.0
9071,1,7304,54,,3.0,1,1.0,4.0,15.0
9071,2,7304,65,,2.0,2,1.0,4.0,40.0
9071,3,7304,17,14.0,2.0,2,6.0,4.0,
9072,1,7318,45,,1.0,2,1.0,4.0,40.0
9072,2,7318,17,14.0,,2,6.0,4.0,
9073,1,7312,56,,1.0,1,1.0,4.0,46.0
9074,1,7304,29,,2.0,2,1.0,4.0,36.0
9074,2,7304,28,15.0,6.0,2,1.0,4.0,20.0
9074,3,7304,26,,1.0,2,1.0,4.0,30.0
9075,1,7313,29,,2.0,2,1.0,4.0,40.0
9075,2,7313,29,,1.0,1,1.0,4.0,40.0
9075,3,7313,11,8.0,,2,,,
9075,4,7313,5,2.0,,2,,,
9075,5,7313,2,,,1,,,
9075,6,7313,1,,,2,,,
9076,1,7308,44,,1.0,1,1.0,4.0,40.0
9076,2,7308,39,,1.0,2,1.0,4.0,24.0
9076,3,7308,14,10.0,,1,,,
9076,4,7308,12,9.0,,1,,,
9076,5,7308,5,1.0,,2,,,
9077,1,7308,43,,1.0,1,1.0,4.0,40.0
9077,2,7308,41,,,2,6.0,4.0,
9077,3,7308,11,8.0,,2,,,
9078,1,7314,86,,,2,6.0,4.0,
9078,2,7314,63,,3.0,2,1.0,4.0,40.0
9079,1,7321,28,,4.0,1,1.0,4.0,40.0
9079,2,7321,24,15.0,,2,6.0,4.0,
9079,3,7321,2,,,2,,,
9080,1,7314,47,,2.0,2,1.0,4.0,12.0
9080,2,7314,60,,7.0,1,1.0,4.0,60.0
9081,1,7309,56,,2.0,2,1.0,4.0,40.0
9081,2,7309,19,15.0,1.0,2,1.0,4.0,30.0
9081,3,7309,14,11.0,,2,,,
9082,1,7303,39,,1.0,2,1.0,4.0,40.0
9082,2,7303,53,,1.0,1,1.0,4.0,40.0
9082,3,7303,13,10.0,,1,,,
9082,4,7303,11,8.0,,2,,,
9082,5,7303,17,14.0,1.0,1,1.0,4.0,12.0
9083,1,7314,53,,6.0,2,1.0,4.0,30.0
9083,2,7314,52,,1.0,1,1.0,4.0,40.0
9083,3,7314,27,,6.0,2,1.0,4.0,20.0
9083,4,7314,23,,6.0,2,1.0,4.0,30.0
9083,5,7314,30,,1.0,1,1.0,4.0,34.0
9083,6,7314,21,,2.0,2,1.0,4.0,35.0
9084,1,7302,54,,1.0,2,1.0,4.0,40.0
9084,2,7302,57,,1.0,1,1.0,4.0,45.0
9085,1,7308,65,,1.0,1,1.0,4.0,40.0
9085,2,7308,63,,2.0,2,6.0,4.0,
9086,1,7317,21,15.0,4.0,1,1.0,4.0,20.0
9086,2,7317,22,15.0,1.0,1,1.0,4.0,20.0
9086,3,7317,21,15.0,1.0,1,6.0,4.0,20.0
9086,4,7317,21,15.0,1.0,1,1.0,4.0,20.0
9087,1,7319,36,,1.0,1,1.0,4.0,50.0
9087,2,7319,38,,2.0,2,1.0,4.0,40.0
9087,3,7319,2,,,1,,,
9088,1,7309,66,,7.0,1,6.0,4.0,40.0
9088,2,7309,65,,1.0,2,6.0,4.0,40.0
9089,1,7306,49,,3.0,1,1.0,4.0,40.0
9089,2,7306,40,,9.0,2,3.0,4.0,
9089,3,7306,19,15.0,,1,6.0,4.0,
9089,4,7306,19,,1.0,1,3.0,4.0,60.0
9090,1,7321,66,,1.0,1,6.0,4.0,
9090,2,7321,61,,,2,6.0,4.0,
9090,3,7321,40,,2.0,1,1.0,4.0,25.0
9090,4,7321,19,15.0,,2,6.0,4.0,
9091,1,7319,65,,2.0,1,1.0,4.0,32.0
9091,2,7319,58,,2.0,2,1.0,4.0,40.0
9091,3,7319,20,15.0,1.0,1,1.0,4.0,20.0
9092,1,7302,82,,,2,6.0,4.0,
9093,1,7308,60,,1.0,1,1.0,4.0,45.0
9093,2,7308,58,,1.0,2,1.0,4.0,40.0
9093,3,7308,22,,1.0,1,1.0,4.0,16.0
9094,1,7316,51,,5.0,2,1.0,4.0,40.0
9094,2,7316,22,,1.0,2,1.0,4.0,23.0
9095,1,7314,63,,3.0,1,1.0,4.0,40.0
9095,2,7314,62,,,2,6.0,4.0,
9096,1,7306,63,,,2,6.0,4.0,
9096,2,7306,60,,1.0,1,1.0,4.0,15.0
9097,1,7307,58,,1.0,2,1.0,4.0,40.0
9098,1,7322,53,,1.0,1,1.0,4.0,40.0
9098,2,7322,24,,1.0,2,1.0,4.0,40.0
9098,3,7322,14,11.0,,1,,,
9098,4,7322,10,7.0,,1,,,
9099,1,7313,43,,1.0,2,1.0,4.0,40.0
9099,2,7313,53,,1.0,1,1.0,4.0,40.0
9099,3,7313,16,13.0,,1,6.0,,
9100,1,7316,27,,7.0,1,1.0,4.0,40.0
9100,2,7316,27,,1.0,1,2.0,4.0,40.0
9101,1,7322,79,,1.0,1,1.0,4.0,40.0
9102,1,7314,32,,6.0,2,2.0,4.0,25.0
9102,2,7314,32,,3.0,1,2.0,4.0,44.0
9102,3,7314,2,,,2,,,
9102,4,7314,0,,,2,,,
9103,1,7306,48,,1.0,1,1.0,2.0,60.0
9104,1,7312,94,,,2,6.0,4.0,
9105,1,7305,23,,1.0,2,1.0,4.0,40.0
9105,2,7305,25,,1.0,2,1.0,4.0,40.0
9106,1,7313,74,,,1,6.0,2.0,
9106,2,7313,73,,,2,6.0,4.0,
9107,1,7303,78,,,1,6.0,2.0,
9107,2,7303,75,,,2,6.0,4.0,
9108,1,7315,58,,5.0,2,1.0,2.0,45.0
9108,2,7315,94,,,2,6.0,4.0,
9109,1,7321,55,,1.0,1,1.0,4.0,40.0
9109,2,7321,50,,1.0,2,1.0,4.0,32.0
9109,3,7321,24,,7.0,2,1.0,4.0,20.0
9109,4,7321,20,15.0,,1,6.0,4.0,
9110,1,7313,59,,1.0,1,1.0,4.0,48.0
9110,2,7313,56,,1.0,2,1.0,4.0,40.0
9111,1,7316,22,,1.0,2,1.0,4.0,25.0
9111,2,7316,23,,1.0,2,1.0,4.0,45.0
9111,3,7316,22,,2.0,2,1.0,4.0,40.0
9111,4,7316,22,,5.0,2,1.0,4.0,40.0
9112,1,7314,77,,6.0,1,6.0,4.0,
9113,1,7308,70,,2.0,2,1.0,4.0,50.0
9114,1,7307,56,,3.0,2,6.0,4.0,
9114,2,7307,57,,1.0,1,1.0,4.0,40.0
9115,1,7304,51,,3.0,1,1.0,4.0,60.0
9115,2,7304,45,,1.0,2,1.0,4.0,70.0
9115,3,7304,19,15.0,1.0,1,1.0,4.0,20.0
9115,4,7304,18,15.0,1.0,1,6.0,4.0,
9115,5,7304,15,11.0,,2,,,
9116,1,7320,40,16.0,5.0,1,4.0,1.0,80.0
9116,2,7320,36,,,2,6.0,4.0,
9116,3,7320,14,11.0,,1,,,
9116,4,7320,5,2.0,,1,,,
9117,1,7304,53,,3.0,1,1.0,4.0,15.0
9117,2,7304,50,,1.0,2,1.0,4.0,60.0
9117,3,7304,17,,,1,6.0,4.0,
9117,4,7304,15,12.0,,1,,,
9118,1,7302,64,,6.0,1,6.0,4.0,
9118,2,7302,63,,1.0,2,6.0,4.0,
9119,1,7315,65,,6.0,1,1.0,3.0,40.0
9119,2,7315,62,,6.0,2,1.0,4.0,40.0
9120,1,7302,56,,3.0,1,6.0,4.0,
9120,2,7302,21,15.0,3.0,1,1.0,4.0,40.0
9121,1,7309,77,,,1,6.0,4.0,
9121,2,7309,76,,,2,6.0,4.0,
9122,1,7306,54,,1.0,1,1.0,4.0,40.0
9122,2,7306,53,,,2,6.0,4.0,
9122,3,7306,24,,1.0,2,1.0,4.0,40.0
9122,4,7306,12,9.0,,2,,,
9123,1,7312,63,,,2,6.0,4.0,
9123,2,7312,78,,,1,6.0,4.0,
9123,3,7312,74,,,2,6.0,4.0,
9123,4,7312,64,,3.0,1,1.0,4.0,40.0
9123,5,7312,60,,,1,6.0,4.0,
9124,1,7322,45,,1.0,1,1.0,4.0,40.0
9124,2,7322,43,,,2,6.0,4.0,
9124,3,7322,17,13.0,,2,6.0,4.0,
9124,4,7322,15,11.0,,2,,,
9124,5,7322,7,4.0,,2,,,
9124,6,7322,5,2.0,,1,,,
9125,1,7308,66,,1.0,1,1.0,4.0,40.0
9125,2,7308,67,,2.0,2,6.0,4.0,
9126,1,7310,20,15.0,1.0,2,2.0,4.0,6.0
9126,2,7310,22,16.0,1.0,2,2.0,4.0,12.0
9126,3,7310,20,15.0,3.0,2,6.0,4.0,20.0
9127,1,7302,71,,,1,6.0,2.0,
9127,2,7302,72,,,2,6.0,4.0,
9128,1,7318,61,,,2,6.0,4.0,
9128,2,7318,40,,1.0,1,1.0,4.0,50.0
9128,3,7318,28,,1.0,1,1.0,4.0,25.0
9128,4,7318,24,,1.0,2,1.0,4.0,25.0
9128,5,7318,19,14.0,,2,6.0,4.0,
9128,6,7318,16,14.0,,2,6.0,,
9128,7,7318,13,9.0,,1,,,
9128,8,7318,11,7.0,,1,,,
9128,9,7318,41,,1.0,2,1.0,4.0,25.0
9128,10,7318,28,,1.0,2,3.0,4.0,40.0
9129,1,7302,56,,,2,6.0,4.0,
9129,2,7302,59,,1.0,1,1.0,4.0,40.0
9129,3,7302,25,16.0,1.0,2,1.0,4.0,40.0
9130,1,7314,88,,,2,6.0,4.0,
9130,2,7314,29,15.0,5.0,2,5.0,1.0,40.0
9130,3,7314,28,15.0,5.0,2,5.0,3.0,40.0
9131,1,7314,42,,1.0,1,1.0,4.0,40.0
9131,2,7314,33,15.0,1.0,2,1.0,4.0,30.0
9131,3,7314,82,,,1,6.0,4.0,
9132,1,7316,32,,1.0,1,1.0,4.0,45.0
9133,1,7309,42,,7.0,2,1.0,4.0,40.0
9133,2,7309,52,,7.0,1,1.0,4.0,30.0
9133,3,7309,10,7.0,,2,,,
9133,4,7309,4,1.0,,1,,,
9134,1,7317,30,,2.0,2,1.0,4.0,40.0
9134,2,7317,11,8.0,,2,,,
9134,3,7317,7,4.0,,1,,,
9134,4,7317,6,2.0,,1,,,
9135,1,7306,66,,6.0,1,1.0,4.0,16.0
9135,2,7306,59,,6.0,2,1.0,4.0,25.0
9135,3,7306,31,,1.0,2,6.0,4.0,10.0
9135,4,7306,31,,1.0,2,1.0,4.0,40.0
9135,5,7306,20,,1.0,2,1.0,4.0,40.0
9135,6,7306,10,7.0,,1,,,
9135,7,7306,7,3.0,,2,,,
9135,8,7306,3,,,1,,,
9136,1,7318,69,,,1,6.0,2.0,
9136,2,7318,63,,3.0,2,6.0,4.0,
9136,3,7318,28,,3.0,1,1.0,4.0,40.0
9136,4,7318,25,,1.0,1,6.0,4.0,36.0
9137,1,7315,70,,,2,6.0,4.0,
9138,1,7316,38,,1.0,2,6.0,4.0,
9138,2,7316,40,,1.0,1,1.0,4.0,47.0
9138,3,7316,17,13.0,,1,6.0,4.0,
9138,4,7316,13,9.0,,1,,,
9138,5,7316,1,,,2,,,
9139,1,7304,58,,1.0,1,1.0,4.0,40.0
9139,2,7304,58,,2.0,2,1.0,4.0,40.0
9139,3,7304,21,15.0,4.0,1,1.0,4.0,10.0
9140,1,7314,46,,1.0,2,2.0,4.0,24.0
9140,2,7314,40,,1.0,1,2.0,4.0,50.0
9140,3,7314,4,1.0,,2,,,
9140,4,7314,0,,,1,,,
9141,1,7321,33,,9.0,2,3.0,4.0,
9141,2,7321,12,8.0,,1,,,
9141,3,7321,10,9.0,,2,,,
9141,4,7321,2,,,1,,,
9141,5,7321,34,,1.0,1,1.0,4.0,40.0
9142,1,7310,79,,,2,6.0,4.0,
9142,2,7310,53,,3.0,1,1.0,2.0,20.0
9143,1,7321,30,15.0,,2,6.0,4.0,
9143,2,7321,35,,5.0,1,4.0,1.0,40.0
9143,3,7321,3,1.0,,1,,,
9144,1,7304,60,,,2,6.0,4.0,
9144,2,7304,57,,1.0,1,1.0,4.0,50.0
9144,3,7304,16,13.0,,2,6.0,,
9145,1,7303,44,,9.0,2,3.0,4.0,
9145,2,7303,48,,1.0,1,1.0,4.0,40.0
9145,3,7303,17,14.0,,1,6.0,4.0,
9145,4,7303,13,10.0,,1,,,
9146,1,7301,66,,,2,6.0,4.0,
9147,1,7312,22,15.0,1.0,2,1.0,4.0,15.0
9147,2,7312,23,,1.0,2,1.0,4.0,30.0
9147,3,7312,21,15.0,1.0,2,1.0,4.0,40.0
9147,4,7312,21,15.0,1.0,2,1.0,4.0,20.0
9148,1,7321,48,16.0,,1,6.0,2.0,
9148,2,7321,7,4.0,,2,,,
9149,1,7307,50,,3.0,2,1.0,4.0,40.0
9149,2,7307,42,,1.0,1,1.0,4.0,32.0
9149,3,7307,27,,1.0,1,1.0,4.0,45.0
9150,1,7317,65,,1.0,2,1.0,4.0,40.0
9150,2,7317,68,,4.0,1,1.0,4.0,40.0
9150,3,7317,13,10.0,,1,,,
9151,1,7313,43,,1.0,2,1.0,4.0,40.0
9151,2,7313,21,,1.0,2,1.0,4.0,48.0
9151,3,7313,16,13.0,,1,6.0,,
9151,4,7313,25,,1.0,1,1.0,4.0,40.0
9152,1,7301,67,,5.0,1,6.0,2.0,
9152,2,7301,65,,5.0,2,6.0,4.0,
9153,1,7308,84,,,1,6.0,2.0,
9154,1,7309,55,,1.0,1,1.0,4.0,40.0
9154,2,7309,54,,2.0,2,1.0,4.0,30.0
9154,3,7309,18,14.0,1.0,1,1.0,4.0,2.0
9155,1,7321,57,,1.0,2,1.0,4.0,40.0
9155,2,7321,55,,1.0,2,1.0,4.0,40.0
9155,3,7321,94,,,1,6.0,2.0,
9156,1,7320,64,,1.0,1,1.0,4.0,50.0
9156,2,7320,63,,,2,6.0,4.0,
9156,3,7320,22,,1.0,2,1.0,4.0,30.0
9157,1,7309,55,,1.0,1,3.0,4.0,40.0
9157,2,7309,53,,1.0,2,6.0,4.0,30.0
9157,3,7309,16,13.0,3.0,2,6.0,,25.0
9158,1,7316,83,,,2,6.0,4.0,
9159,1,7318,63,,1.0,2,1.0,4.0,50.0
9160,1,7315,32,,2.0,1,1.0,4.0,40.0
9160,2,7315,33,,2.0,2,1.0,4.0,40.0
9161,1,7322,77,,,2,6.0,4.0,
9162,1,7312,45,,5.0,2,1.0,4.0,45.0
9162,2,7312,39,,4.0,1,1.0,4.0,50.0
9162,3,7312,5,1.0,,1,,,
9163,1,7317,94,,4.0,2,1.0,4.0,10.0
9164,1,7309,30,,,2,6.0,4.0,
9164,2,7309,11,8.0,,1,,,
9165,1,7302,42,,1.0,2,1.0,4.0,50.0
9165,2,7302,45,,1.0,1,1.0,4.0,50.0
9165,3,7302,6,3.0,,2,,,
9166,1,7309,47,,8.0,1,1.0,4.0,40.0
9166,2,7309,47,,1.0,2,2.0,4.0,40.0
9166,3,7309,10,7.0,,1,,,
9166,4,7309,10,7.0,,2,,,
9167,1,7302,54,,6.0,1,1.0,4.0,40.0
9167,2,7302,52,,1.0,2,1.0,4.0,10.0
9167,3,7302,20,,1.0,1,1.0,4.0,40.0
9167,4,7302,16,13.0,,1,6.0,,
9168,1,7305,78,,3.0,1,6.0,2.0,
9168,2,7305,78,,,2,6.0,4.0,
9169,1,7301,88,,,1,6.0,2.0,
9169,2,7301,85,,1.0,2,6.0,4.0,
9170,1,7304,52,,2.0,1,1.0,4.0,60.0
9170,2,7304,38,,1.0,2,3.0,4.0,
9170,3,7304,15,11.0,,2,,,
9170,4,7304,13,9.0,,2,,,
9171,1,7316,32,,1.0,2,1.0,4.0,40.0
9171,2,7316,42,,4.0,1,1.0,4.0,40.0
9172,1,7305,81,,,2,6.0,4.0,
9173,1,7316,33,16.0,2.0,2,1.0,2.0,40.0
9173,2,7316,28,,1.0,2,1.0,4.0,40.0
9174,1,7318,74,,3.0,1,1.0,4.0,40.0
9174,2,7318,63,,1.0,2,1.0,4.0,20.0
9175,1,7308,80,,1.0,2,6.0,4.0,
9176,1,7317,51,,1.0,2,1.0,4.0,36.0
9177,1,7317,19,15.0,3.0,1,1.0,4.0,10.0
9177,2,7317,20,15.0,2.0,1,1.0,4.0,16.0
9177,3,7317,20,,4.0,1,3.0,4.0,45.0
9177,4,7317,20,15.0,4.0,1,6.0,4.0,4.0
9177,5,7317,20,15.0,4.0,1,1.0,4.0,40.0
9177,6,7317,19,15.0,1.0,1,1.0,4.0,25.0
9178,1,7315,65,,,2,6.0,4.0,
9178,2,7315,61,,2.0,1,1.0,4.0,40.0
9179,1,7316,46,,2.0,1,6.0,4.0,60.0
9179,2,7316,43,,4.0,2,1.0,4.0,40.0
9180,1,7311,58,,1.0,1,1.0,4.0,40.0
9180,2,7311,59,,1.0,2,1.0,4.0,40.0
9181,1,7309,72,,,1,6.0,3.0,
9181,2,7309,69,,,2,6.0,4.0,
9182,1,7313,57,,7.0,1,1.0,2.0,40.0
9182,2,7313,56,,2.0,2,1.0,4.0,40.0
9182,3,7313,16,12.0,,1,6.0,,
9183,1,7314,32,,1.0,2,1.0,4.0,30.0
9183,2,7314,32,,5.0,1,4.0,1.0,60.0
9183,3,7314,9,6.0,,2,,,
9183,4,7314,7,3.0,,2,,,
9183,5,7314,2,,,1,,,
9184,1,7303,44,,1.0,2,1.0,4.0,20.0
9184,2,7303,52,,1.0,1,1.0,2.0,45.0
9184,3,7303,10,6.0,,2,,,
9184,4,7303,8,5.0,,2,,,
9185,1,7306,94,,,2,6.0,4.0,
9185,2,7306,2,,,2,,,
9186,1,7305,72,,,2,6.0,4.0,
9187,1,7312,38,,1.0,2,1.0,4.0,40.0
9187,2,7312,37,,1.0,1,1.0,4.0,40.0
9188,1,7319,62,,1.0,1,6.0,4.0,
9188,2,7319,55,,,2,6.0,4.0,
9188,3,7319,32,,2.0,2,1.0,4.0,40.0
9188,4,7319,14,11.0,,1,,,
9189,1,7319,94,,,2,6.0,4.0,
9190,1,7321,55,,1.0,2,6.0,4.0,
9191,1,7304,83,,,1,6.0,2.0,
9192,1,7313,55,,7.0,1,1.0,4.0,40.0
9192,2,7313,54,,7.0,2,1.0,4.0,22.0
9192,3,7313,20,,7.0,1,6.0,4.0,15.0
9193,1,7320,51,,4.0,2,1.0,4.0,99.0
9193,2,7320,53,,4.0,1,1.0,2.0,40.0
9194,1,7312,33,,,2,6.0,4.0,
9195,1,7319,85,,,1,6.0,2.0,
9195,2,7319,81,,,2,6.0,4.0,
9196,1,7306,89,,,1,6.0,2.0,
9197,1,7319,41,,2.0,2,1.0,4.0,12.0
9197,2,7319,29,,6.0,1,1.0,4.0,50.0
9197,3,7319,5,2.0,,1,,,
9198,1,7318,37,,1.0,1,1.0,4.0,40.0
9198,2,7318,30,,5.0,2,4.0,1.0,40.0
9199,1,7317,50,,,2,6.0,4.0,
9199,2,7317,52,,6.0,1,1.0,4.0,40.0
9199,3,7317,34,,,2,6.0,4.0,
9199,4,7317,19,15.0,,1,6.0,4.0,
9199,5,7317,15,11.0,,1,,,
9199,6,7317,13,8.0,,1,,,
9199,7,7317,9,3.0,,1,,,
9199,8,7317,4,1.0,,1,,,
9199,9,7317,2,,,2,,,
9199,10,7317,31,,1.0,1,1.0,4.0,40.0
9200,1,7315,69,,1.0,1,6.0,4.0,6.0
9200,2,7315,66,,,2,6.0,4.0,
9201,1,7301,70,,,1,6.0,2.0,
9201,2,7301,70,,1.0,2,6.0,4.0,
9202,1,7306,66,,3.0,2,2.0,4.0,15.0
9202,2,7306,32,,1.0,1,1.0,4.0,10.0
9202,3,7306,31,,1.0,2,1.0,4.0,12.0
9203,1,7321,60,,2.0,2,3.0,4.0,
9203,2,7321,60,,,1,6.0,4.0,
9204,1,7318,35,,1.0,2,1.0,4.0,40.0
9204,2,7318,40,,1.0,1,1.0,4.0,40.0
9204,3,7318,18,,1.0,1,1.0,4.0,20.0
9204,4,7318,11,6.0,,2,,,
9204,5,7318,26,,1.0,1,1.0,4.0,40.0
9204,6,7318,26,,2.0,2,1.0,4.0,40.0
9204,7,7318,22,,1.0,1,1.0,4.0,40.0
9204,8,7318,16,12.0,,1,6.0,,
9204,9,7318,44,,1.0,1,1.0,4.0,40.0
9204,10,7318,38,,1.0,2,1.0,4.0,34.0
9205,1,7315,50,,7.0,2,1.0,4.0,35.0
9205,2,7315,53,,1.0,1,1.0,4.0,40.0
9205,3,7315,17,13.0,1.0,1,1.0,4.0,10.0
9205,4,7315,14,11.0,,2,,,
9206,1,7320,72,,,1,6.0,2.0,
9206,2,7320,72,,,2,6.0,4.0,
9207,1,7306,72,,7.0,1,6.0,4.0,
9208,1,7322,64,,,2,6.0,4.0,
9208,2,7322,65,,1.0,1,1.0,4.0,40.0
9208,3,7322,37,,1.0,1,1.0,4.0,40.0
9208,4,7322,14,11.0,,1,,,
9208,5,7322,12,9.0,,2,,,
9208,6,7322,8,5.0,,1,,,
9208,7,7322,5,2.0,,2,,,
9208,8,7322,2,,,1,,,
9208,9,7322,37,8.0,,2,6.0,4.0,
9209,1,7301,40,,5.0,1,4.0,1.0,40.0
9210,1,7316,36,15.0,1.0,2,1.0,4.0,8.0
9211,1,7320,41,,1.0,1,1.0,4.0,40.0
9211,2,7320,41,,6.0,2,6.0,4.0,8.0
9211,3,7320,6,2.0,,1,,,
9211,4,7320,5,1.0,,1,,,
9212,1,7315,60,16.0,3.0,2,6.0,4.0,
9213,1,7307,36,,1.0,1,1.0,4.0,45.0
9213,2,7307,6,3.0,,1,,,
9214,1,7316,76,,6.0,2,6.0,4.0,
9215,1,7317,22,,2.0,2,1.0,4.0,40.0
9215,2,7317,23,,1.0,2,1.0,4.0,30.0
9215,3,7317,22,,2.0,2,3.0,4.0,
9215,4,7317,22,,1.0,2,1.0,4.0,40.0
9216,1,7310,80,,,2,6.0,4.0,
9217,1,7313,27,,1.0,2,1.0,2.0,40.0
9218,1,7318,82,,,1,6.0,2.0,
9218,2,7318,27,,,1,6.0,4.0,
9218,3,7318,23,15.0,,1,6.0,4.0,
9219,1,7310,39,,3.0,2,1.0,4.0,40.0
9219,2,7310,2,,,2,,,
9220,1,7313,55,,2.0,2,1.0,4.0,40.0
9220,2,7313,26,,2.0,2,1.0,4.0,40.0
9220,3,7313,21,15.0,,1,6.0,4.0,
9220,4,7313,21,15.0,1.0,1,6.0,4.0,
9221,1,7315,30,,1.0,2,1.0,4.0,40.0
9221,2,7315,30,,1.0,1,1.0,4.0,40.0
9222,1,7316,60,,,1,6.0,4.0,
9223,1,7306,27,16.0,1.0,2,1.0,4.0,60.0
9223,2,7306,26,,1.0,2,1.0,4.0,20.0
9224,1,7320,63,,6.0,1,1.0,4.0,48.0
9224,2,7320,70,,,2,6.0,4.0,
9225,1,7308,49,,6.0,1,1.0,4.0,50.0
9225,2,7308,0,,,1,,,
9226,1,7310,85,,,1,6.0,4.0,
9226,2,7310,80,,,2,6.0,4.0,
9227,1,7304,79,,,2,6.0,4.0,
9228,1,7315,44,,6.0,1,1.0,4.0,50.0
9228,2,7315,36,,1.0,2,1.0,4.0,40.0
9229,1,7313,56,,3.0,2,1.0,4.0,30.0
9229,2,7313,24,16.0,,2,6.0,4.0,
9230,1,7316,64,,,1,6.0,4.0,
9230,2,7316,43,,,2,6.0,4.0,
9231,1,7306,26,,1.0,2,1.0,4.0,40.0
9231,2,7306,36,,6.0,1,1.0,4.0,40.0
9232,1,7310,25,16.0,4.0,2,1.0,4.0,40.0
9232,2,7310,25,,1.0,1,1.0,4.0,40.0
9233,1,7316,78,,,1,6.0,4.0,
9234,1,7313,60,,1.0,2,1.0,4.0,40.0
9234,2,7313,61,,1.0,1,6.0,4.0,
9235,1,7307,64,,1.0,1,1.0,4.0,40.0
9236,1,7302,71,,3.0,2,6.0,4.0,
9236,2,7302,70,,1.0,1,6.0,2.0,
9237,1,7307,46,,3.0,2,1.0,4.0,40.0
9237,2,7307,50,,3.0,1,1.0,4.0,40.0
9237,3,7307,16,13.0,,2,6.0,,
9238,1,7314,71,,,1,6.0,2.0,
9239,1,7301,27,,5.0,1,4.0,1.0,99.0
9240,1,7306,32,,3.0,2,2.0,2.0,40.0
9240,2,7306,36,,5.0,1,1.0,4.0,40.0
9240,3,7306,13,9.0,,2,,,
9240,4,7306,5,2.0,,1,,,
9240,5,7306,4,,,1,,,
9241,1,7310,80,,,2,6.0,4.0,
9242,1,7312,67,,5.0,1,6.0,2.0,
9242,2,7312,62,,1.0,2,1.0,4.0,40.0
9243,1,7315,31,,1.0,2,1.0,4.0,40.0
9243,2,7315,33,,1.0,1,1.0,4.0,49.0
9244,1,7313,49,,1.0,1,1.0,4.0,35.0
9244,2,7313,41,,,2,6.0,4.0,
9244,3,7313,13,10.0,,2,,,
9244,4,7313,19,15.0,1.0,1,1.0,4.0,34.0
9244,5,7313,16,14.0,1.0,1,1.0,,4.0
9245,1,7316,41,,1.0,1,1.0,4.0,40.0
9245,2,7316,41,,1.0,2,1.0,4.0,40.0
9245,3,7316,14,11.0,,2,,,
9246,1,7319,72,,2.0,2,6.0,4.0,
9246,2,7319,72,,,1,6.0,4.0,
9247,1,7310,25,15.0,4.0,1,1.0,4.0,40.0
9247,2,7310,25,15.0,,1,6.0,4.0,
9247,3,7310,25,15.0,1.0,1,6.0,4.0,40.0
9247,4,7310,23,,5.0,1,4.0,1.0,35.0
9248,1,7313,36,,4.0,2,1.0,4.0,45.0
9248,2,7313,33,,2.0,1,1.0,4.0,36.0
9249,1,7315,80,,,1,6.0,2.0,
9250,1,7319,30,,1.0,1,3.0,4.0,50.0
9250,2,7319,28,,,2,6.0,4.0,
9250,3,7319,8,4.0,,1,,,
9250,4,7319,6,2.0,,1,,,
9250,5,7319,1,,,1,,,
9251,1,7308,94,14.0,,2,6.0,4.0,
9252,1,7318,56,,1.0,2,3.0,4.0,6.0
9252,2,7318,17,14.0,3.0,2,6.0,4.0,5.0
9252,3,7318,13,10.0,,2,,,
9253,1,7314,57,,5.0,2,1.0,4.0,40.0
9253,2,7314,28,15.0,5.0,2,4.0,1.0,8.0
9253,3,7314,10,7.0,,2,,,
9253,4,7314,8,4.0,,2,,,
9254,1,7317,58,,1.0,2,1.0,4.0,40.0
9254,2,7317,57,,1.0,1,1.0,4.0,43.0
9254,3,7317,28,,2.0,1,1.0,4.0,20.0
9255,1,7308,74,,3.0,2,6.0,4.0,
9256,1,7315,86,,,1,6.0,2.0,
9256,2,7315,79,,,2,6.0,4.0,
9257,1,7306,22,,1.0,1,1.0,4.0,40.0
9257,2,7306,23,,1.0,2,1.0,4.0,40.0
9257,3,7306,1,,,2,,,
9258,1,7314,37,,1.0,1,1.0,4.0,45.0
9258,2,7314,32,,1.0,2,1.0,4.0,40.0
9258,3,7314,0,,,2,,,
9259,1,7322,64,,5.0,1,1.0,4.0,50.0
9260,1,7321,58,,1.0,2,6.0,4.0,
9260,2,7321,57,,5.0,1,1.0,2.0,40.0
9260,3,7321,83,,,2,6.0,4.0,
9261,1,7306,74,,,1,6.0,4.0,
9262,1,7313,47,,1.0,1,1.0,4.0,40.0
9262,2,7313,45,,1.0,2,1.0,4.0,20.0
9262,3,7313,9,6.0,,2,,,
9262,4,7313,8,5.0,,1,,,
9263,1,7310,48,,7.0,1,1.0,4.0,50.0
9263,2,7310,43,,7.0,2,1.0,4.0,44.0
9264,1,7309,39,,6.0,2,2.0,4.0,5.0
9264,2,7309,39,,1.0,1,1.0,4.0,60.0
9264,3,7309,10,6.0,,2,,,
9264,4,7309,3,1.0,,1,,,
9265,1,7322,66,,,1,6.0,4.0,
9265,2,7322,69,,1.0,2,1.0,4.0,16.0
9265,3,7322,16,15.0,,2,6.0,,
9266,1,7317,35,,6.0,1,2.0,4.0,40.0
9266,2,7317,39,,1.0,1,1.0,4.0,40.0
9267,1,7319,70,,,1,6.0,4.0,
9267,2,7319,65,,,2,6.0,4.0,
9267,3,7319,35,,3.0,2,2.0,4.0,35.0
9267,4,7319,27,15.0,3.0,1,2.0,4.0,40.0
9267,5,7319,26,,1.0,2,1.0,4.0,40.0
9267,6,7319,7,4.0,,2,,,
9267,7,7319,24,15.0,1.0,1,1.0,4.0,40.0
9268,1,7312,41,,1.0,1,6.0,4.0,40.0
9268,2,7312,40,,,2,6.0,4.0,
9268,3,7312,7,3.0,,1,,,
9268,4,7312,4,1.0,,2,,,
9269,1,7313,69,,1.0,2,6.0,4.0,
9269,2,7313,75,,1.0,1,1.0,2.0,30.0
9270,1,7306,49,,1.0,1,1.0,4.0,40.0
9270,2,7306,47,,1.0,2,6.0,4.0,
9270,3,7306,8,4.0,,2,,,
9270,4,7306,15,12.0,,1,,,
9271,1,7313,86,,,1,6.0,2.0,
9271,2,7313,76,,,2,6.0,4.0,
9272,1,7317,66,,,2,6.0,4.0,
9272,2,7317,24,15.0,1.0,2,1.0,4.0,30.0
9272,3,7317,24,15.0,1.0,2,1.0,4.0,16.0
9273,1,7321,53,,6.0,1,1.0,4.0,40.0
9274,1,7311,32,,1.0,2,1.0,4.0,55.0
9275,1,7304,41,,1.0,1,1.0,4.0,40.0
9275,2,7304,37,,1.0,2,1.0,4.0,50.0
9275,3,7304,7,3.0,,1,,,
9275,4,7304,4,1.0,,2,,,
9276,1,7316,59,,1.0,2,1.0,4.0,40.0
9277,1,7310,34,,5.0,1,4.0,1.0,60.0
9277,2,7310,34,,1.0,2,1.0,4.0,48.0
9278,1,7306,65,,2.0,2,1.0,4.0,24.0
9278,2,7306,65,,2.0,1,1.0,4.0,40.0
9279,1,7314,89,,,1,6.0,2.0,
9280,1,7310,54,,1.0,1,1.0,4.0,50.0
9280,2,7310,56,,7.0,2,6.0,4.0,
9281,1,7301,64,,,1,6.0,4.0,
9281,2,7301,64,15.0,,2,6.0,4.0,
9282,1,7307,71,,1.0,1,1.0,2.0,40.0
9282,2,7307,67,,,2,6.0,4.0,
9283,1,7309,38,,1.0,2,1.0,4.0,45.0
9283,2,7309,38,,1.0,1,1.0,4.0,40.0
9283,3,7309,4,1.0,,1,,,
9283,4,7309,2,,,2,,,
9284,1,7321,76,,,1,6.0,4.0,
9284,2,7321,75,,1.0,2,2.0,4.0,62.0
9285,1,7319,55,,3.0,2,1.0,4.0,40.0
9285,2,7319,22,,,2,6.0,4.0,
9285,3,7319,18,13.0,,2,6.0,4.0,
9285,4,7319,15,11.0,,1,,,
9285,5,7319,7,4.0,,2,,,
9285,6,7319,3,,,2,,,
9286,1,7302,47,,7.0,2,1.0,4.0,60.0
9286,2,7302,62,,7.0,1,1.0,4.0,30.0
9287,1,7312,29,,1.0,1,1.0,4.0,30.0
9287,2,7312,26,,,2,6.0,4.0,
9287,3,7312,8,4.0,,1,,,
9287,4,7312,27,,1.0,1,1.0,4.0,30.0
9287,5,7312,19,,1.0,1,6.0,4.0,25.0
9287,6,7312,25,,,2,6.0,4.0,
9288,1,7322,63,,1.0,2,6.0,4.0,40.0
9288,2,7322,63,,1.0,1,1.0,4.0,40.0
9289,1,7320,39,,1.0,1,1.0,2.0,40.0
9289,2,7320,40,,,2,6.0,4.0,
9289,3,7320,14,11.0,,2,,,
9289,4,7320,8,4.0,,2,,,
9289,5,7320,6,3.0,,1,,,
9290,1,7309,54,,6.0,1,1.0,4.0,20.0
9290,2,7309,53,,1.0,2,1.0,4.0,50.0
9290,3,7309,23,16.0,1.0,1,1.0,4.0,8.0
9291,1,7303,57,,7.0,1,2.0,4.0,40.0
9291,2,7303,50,,1.0,2,1.0,4.0,25.0
9291,3,7303,17,14.0,,2,6.0,4.0,
9292,1,7322,62,,,2,6.0,4.0,
9292,2,7322,55,,3.0,1,1.0,4.0,40.0
9292,3,7322,18,15.0,,1,6.0,4.0,
9293,1,7319,61,,1.0,1,6.0,4.0,40.0
9293,2,7319,61,,,2,6.0,4.0,
9294,1,7305,68,,7.0,1,1.0,2.0,40.0
9295,1,7311,40,,1.0,1,1.0,4.0,41.0
9295,2,7311,37,,1.0,2,1.0,4.0,40.0
9295,3,7311,16,,,2,6.0,,
9295,4,7311,14,11.0,,1,,,
9295,5,7311,12,9.0,,1,,,
9295,6,7311,9,6.0,,2,,,
9296,1,7310,41,,2.0,2,1.0,4.0,45.0
9297,1,7317,67,,1.0,1,1.0,4.0,24.0
9298,1,7307,66,,1.0,2,6.0,4.0,
9299,1,7314,23,,9.0,2,3.0,4.0,
9300,1,7313,61,,,2,6.0,4.0,
9301,1,7303,27,,1.0,1,3.0,4.0,40.0
9301,2,7303,27,,1.0,2,6.0,4.0,22.0
9302,1,7320,45,,7.0,1,1.0,4.0,40.0
9302,2,7320,15,12.0,,1,,,
9302,3,7320,13,11.0,,2,,,
9302,4,7320,63,,6.0,1,6.0,4.0,
9302,5,7320,60,,,2,6.0,4.0,
9302,6,7320,43,,5.0,1,1.0,4.0,40.0
9302,7,7320,42,,,2,6.0,4.0,
9303,1,7312,40,,2.0,1,1.0,2.0,40.0
9303,2,7312,41,,1.0,2,1.0,4.0,40.0
9303,3,7312,11,8.0,,2,,,
9303,4,7312,1,,,2,,,
9304,1,7302,65,,4.0,2,1.0,4.0,6.0
9305,1,7309,58,,1.0,2,1.0,4.0,20.0
9305,2,7309,49,,1.0,2,1.0,4.0,32.0
9306,1,7308,26,,1.0,1,1.0,4.0,40.0
9307,1,7310,44,,1.0,1,1.0,2.0,40.0
9307,2,7310,21,,1.0,1,1.0,4.0,28.0
9308,1,7310,40,,1.0,1,1.0,4.0,40.0
9308,2,7310,39,,1.0,2,1.0,4.0,40.0
9308,3,7310,8,5.0,,2,,,
9308,4,7310,3,1.0,,1,,,
9309,1,7306,29,,2.0,2,1.0,4.0,40.0
9309,2,7306,25,,1.0,1,1.0,4.0,40.0
9309,3,7306,11,7.0,,1,,,
9309,4,7306,9,6.0,,2,,,
9309,5,7306,66,,1.0,2,1.0,4.0,40.0
9310,1,7313,65,,2.0,1,1.0,2.0,40.0
9310,2,7313,64,,1.0,2,1.0,4.0,40.0
9310,3,7313,30,,1.0,1,1.0,4.0,32.0
9311,1,7302,42,,,2,6.0,4.0,
9311,2,7302,18,,,2,6.0,4.0,
9311,3,7302,16,12.0,,1,6.0,,
9311,4,7302,13,9.0,,2,,,
9312,1,7302,63,,1.0,2,6.0,4.0,
9312,2,7302,69,,,1,6.0,2.0,
9313,1,7322,59,,3.0,2,6.0,4.0,
9313,2,7322,60,,1.0,1,1.0,4.0,30.0
9313,3,7322,34,,1.0,2,1.0,4.0,40.0
9313,4,7322,28,,1.0,2,1.0,4.0,40.0
9313,5,7322,4,1.0,,2,,,
9314,1,7322,42,,4.0,2,1.0,4.0,30.0
9314,2,7322,38,,6.0,1,1.0,4.0,40.0
9314,3,7322,21,15.0,1.0,2,1.0,4.0,16.0
9314,4,7322,18,,,1,6.0,4.0,
9314,5,7322,74,,,2,6.0,4.0,
9314,6,7322,19,,,1,6.0,4.0,
9315,1,7307,64,,1.0,2,6.0,4.0,
9315,2,7307,66,,,1,6.0,4.0,
9315,3,7307,47,,2.0,2,1.0,4.0,10.0
9315,4,7307,42,15.0,1.0,1,1.0,4.0,20.0
9315,5,7307,3,,,2,,,
9315,6,7307,47,,1.0,1,1.0,4.0,40.0
9316,1,7310,67,,,1,6.0,4.0,
9316,2,7310,67,,,2,6.0,4.0,
9316,3,7310,22,15.0,1.0,1,2.0,4.0,10.0
9317,1,7319,26,,4.0,1,1.0,4.0,40.0
9318,1,7316,50,,1.0,2,1.0,4.0,55.0
9318,2,7316,14,11.0,,1,,,
9319,1,7313,40,,1.0,1,1.0,4.0,60.0
9319,2,7313,37,15.0,,2,6.0,4.0,
9319,3,7313,9,6.0,,2,,,
9320,1,7317,33,,1.0,1,1.0,4.0,35.0
9320,2,7317,32,,1.0,2,1.0,4.0,45.0
9321,1,7308,42,,1.0,1,1.0,4.0,40.0
9321,2,7308,40,,,2,6.0,4.0,
9321,3,7308,17,14.0,,1,6.0,4.0,
9321,4,7308,13,10.0,,1,,,
9321,5,7308,11,7.0,,2,,,
9321,6,7308,5,2.0,,1,,,
9321,7,7308,5,2.0,,1,,,
9322,1,7304,42,,7.0,2,1.0,4.0,56.0
9322,2,7304,45,,3.0,1,1.0,4.0,56.0
9322,3,7304,19,15.0,1.0,2,1.0,4.0,28.0
9322,4,7304,17,13.0,,1,6.0,4.0,
9323,1,7309,75,,,1,6.0,2.0,
9323,2,7309,72,,,2,6.0,4.0,
9324,1,7310,49,,1.0,1,1.0,4.0,35.0
9324,2,7310,49,,2.0,2,6.0,4.0,20.0
9324,3,7310,17,13.0,1.0,2,6.0,4.0,35.0
9324,4,7310,15,11.0,,1,,,
9325,1,7322,42,,3.0,2,1.0,4.0,40.0
9325,2,7322,44,,3.0,1,1.0,2.0,40.0
9325,3,7322,15,12.0,,1,,,
9326,1,7310,32,,1.0,1,1.0,4.0,25.0
9326,2,7310,32,,2.0,2,1.0,4.0,40.0
9326,3,7310,0,,,2,,,
9327,1,7314,94,,,2,6.0,4.0,
9328,1,7319,58,,1.0,1,1.0,4.0,40.0
9328,2,7319,39,,1.0,2,1.0,4.0,24.0
9328,3,7319,38,,1.0,1,1.0,4.0,40.0
9328,4,7319,12,8.0,,2,,,
9328,5,7319,4,2.0,,1,,,
9328,6,7319,58,,,2,6.0,4.0,
9329,1,7310,77,,2.0,1,6.0,4.0,
9329,2,7310,71,,,2,6.0,4.0,
9329,3,7310,39,,1.0,1,1.0,4.0,40.0
9329,4,7310,36,,2.0,1,1.0,4.0,40.0
9330,1,7317,37,,3.0,2,1.0,4.0,40.0
9330,2,7317,16,13.0,,1,6.0,,
9330,3,7317,13,10.0,,1,,,
9330,4,7317,12,9.0,,1,,,
9330,5,7317,72,,,2,6.0,4.0,
9331,1,7306,78,,,2,6.0,4.0,
9331,2,7306,54,,5.0,2,1.0,4.0,40.0
9331,3,7306,14,11.0,,1,,,
9332,1,7310,39,,1.0,1,1.0,4.0,40.0
9332,2,7310,39,,1.0,2,3.0,4.0,
9333,1,7315,47,,6.0,1,6.0,4.0,30.0
9333,2,7315,37,,1.0,1,1.0,4.0,40.0
9334,1,7318,58,,1.0,1,1.0,4.0,40.0
9334,2,7318,28,,1.0,1,1.0,4.0,40.0
9334,3,7318,1,,,1,,,
9334,4,7318,31,,1.0,2,6.0,4.0,
9334,5,7318,13,10.0,,1,,,
9335,1,7308,50,,1.0,1,1.0,4.0,40.0
9335,2,7308,52,,3.0,2,1.0,4.0,40.0
9336,1,7315,94,,,1,6.0,4.0,
9336,2,7315,90,,,2,6.0,4.0,
9337,1,7309,64,,2.0,1,6.0,4.0,
9337,2,7309,63,,,2,6.0,4.0,
9338,1,7305,88,,,1,6.0,2.0,
9339,1,7320,64,,1.0,2,1.0,4.0,40.0
9339,2,7320,34,15.0,5.0,1,3.0,2.0,
9339,3,7320,26,15.0,2.0,1,6.0,4.0,
9340,1,7311,48,,7.0,2,1.0,4.0,4.0
9340,2,7311,10,6.0,,1,,,
9340,3,7311,69,,,2,6.0,4.0,
9341,1,7303,55,,1.0,1,1.0,4.0,40.0
9342,1,7316,73,,6.0,1,6.0,4.0,
9343,1,7320,68,,6.0,1,1.0,4.0,30.0
9343,2,7320,56,,6.0,2,1.0,4.0,45.0
9344,1,7309,62,,1.0,2,1.0,4.0,40.0
9344,2,7309,62,,,1,6.0,4.0,
9345,1,7305,53,,1.0,1,1.0,2.0,55.0
9345,2,7305,53,,,2,6.0,4.0,
9346,1,7315,29,,5.0,1,4.0,1.0,50.0
9346,2,7315,30,,3.0,2,1.0,4.0,40.0
9347,1,7305,49,,1.0,1,1.0,4.0,40.0
9347,2,7305,17,13.0,,2,6.0,4.0,
9348,1,7301,65,,,1,6.0,4.0,
9348,2,7301,61,,1.0,2,6.0,4.0,
9349,1,7301,57,,,2,6.0,4.0,
9349,2,7301,50,,1.0,1,1.0,4.0,33.0
9350,1,7321,94,,7.0,1,6.0,2.0,
9350,2,7321,83,,,2,6.0,4.0,
9350,3,7321,60,,2.0,2,1.0,4.0,84.0
9350,4,7321,58,,1.0,1,1.0,4.0,30.0
9351,1,7313,55,,6.0,1,1.0,4.0,40.0
9351,2,7313,42,,,2,6.0,4.0,
9351,3,7313,8,4.0,,1,,,
9351,4,7313,16,11.0,,2,6.0,,
9352,1,7307,48,,1.0,2,1.0,4.0,45.0
9352,2,7307,48,,1.0,1,1.0,3.0,50.0
9352,3,7307,18,14.0,,2,6.0,4.0,
9353,1,7310,64,,,1,6.0,4.0,
9354,1,7313,58,,2.0,2,6.0,4.0,
9355,1,7313,63,,1.0,1,1.0,4.0,20.0
9355,2,7313,60,,4.0,2,1.0,4.0,40.0
9356,1,7312,31,,1.0,2,1.0,4.0,40.0
9356,2,7312,30,,1.0,2,1.0,4.0,40.0
9357,1,7316,31,,2.0,2,1.0,4.0,36.0
9358,1,7310,82,,,2,6.0,4.0,
9359,1,7318,68,,,2,6.0,4.0,
9359,2,7318,75,,,1,6.0,4.0,
9359,3,7318,42,,6.0,1,2.0,4.0,30.0
9359,4,7318,34,,2.0,2,2.0,4.0,40.0
9359,5,7318,12,8.0,,1,,,
9359,6,7318,7,3.0,,2,,,
9360,1,7304,38,15.0,4.0,1,6.0,2.0,36.0
9360,2,7304,35,16.0,6.0,2,6.0,4.0,9.0
9360,3,7304,11,8.0,,1,,,
9360,4,7304,5,1.0,,1,,,
9361,1,7305,37,,7.0,2,1.0,4.0,50.0
9361,2,7305,38,,7.0,1,1.0,4.0,50.0
9361,3,7305,5,2.0,,2,,,
9362,1,7301,36,,1.0,1,1.0,4.0,65.0
9362,2,7301,34,,,2,6.0,4.0,
9362,3,7301,14,10.0,,1,,,
9362,4,7301,10,6.0,,2,,,
9362,5,7301,8,4.0,,1,,,
9362,6,7301,26,,1.0,1,1.0,4.0,40.0
9362,7,7301,66,,,1,6.0,4.0,
9363,1,7309,75,,6.0,1,1.0,2.0,25.0
9364,1,7316,36,,5.0,1,4.0,1.0,40.0
9364,2,7316,37,,5.0,2,1.0,4.0,40.0
9364,3,7316,2,,,1,,,
9364,4,7316,0,,,2,,,
9365,1,7310,36,,1.0,1,1.0,4.0,43.0
9366,1,7312,72,,2.0,2,6.0,4.0,
9367,1,7316,69,,1.0,1,6.0,4.0,
9368,1,7305,51,,4.0,2,1.0,4.0,40.0
9368,2,7305,65,,7.0,1,1.0,2.0,55.0
9369,1,7305,22,15.0,1.0,1,6.0,4.0,
9369,2,7305,13,10.0,,2,,,
9369,3,7305,52,,1.0,1,1.0,4.0,40.0
9369,4,7305,50,,1.0,2,1.0,4.0,40.0
9369,5,7305,14,11.0,,1,,,
9370,1,7303,25,16.0,1.0,2,1.0,4.0,40.0
9371,1,7301,39,,5.0,2,1.0,4.0,40.0
9371,2,7301,40,,1.0,1,1.0,4.0,50.0
9371,3,7301,11,9.0,,2,,,
9371,4,7301,70,,3.0,2,1.0,4.0,20.0
9371,5,7301,68,,,1,6.0,4.0,
9372,1,7314,48,,4.0,2,1.0,2.0,60.0
9372,2,7314,21,,1.0,2,1.0,4.0,75.0
9373,1,7320,72,,,2,6.0,4.0,
9373,2,7320,72,,,1,6.0,4.0,
9374,1,7305,55,,4.0,1,1.0,4.0,40.0
9374,2,7305,49,,4.0,2,1.0,4.0,24.0
9374,3,7305,12,8.0,,1,,,
9374,4,7305,9,5.0,,2,,,
9375,1,7304,72,,,2,6.0,4.0,
9375,2,7304,75,,,1,6.0,4.0,
9376,1,7316,32,,1.0,1,1.0,4.0,45.0
9376,2,7316,32,,2.0,2,1.0,4.0,40.0
9377,1,7304,94,,,2,6.0,4.0,
9378,1,7313,58,15.0,,2,6.0,4.0,
9378,2,7313,57,,6.0,1,1.0,4.0,40.0
9379,1,7308,71,,,2,6.0,4.0,
9380,1,7308,66,,5.0,1,1.0,4.0,40.0
9380,2,7308,54,,,2,6.0,4.0,
9381,1,7314,56,,4.0,2,1.0,4.0,40.0
9382,1,7320,64,,2.0,2,6.0,4.0,
9382,2,7320,89,,,2,6.0,4.0,
9383,1,7318,79,,,1,6.0,4.0,
9383,2,7318,80,,,2,6.0,4.0,
9384,1,7317,46,,1.0,1,1.0,4.0,40.0
9384,2,7317,45,,6.0,2,1.0,4.0,40.0
9385,1,7301,35,,1.0,2,1.0,4.0,40.0
9385,2,7301,34,,1.0,1,1.0,4.0,40.0
9386,1,7310,56,,1.0,1,1.0,4.0,60.0
9387,1,7303,70,,,1,6.0,4.0,
9387,2,7303,68,,,2,6.0,4.0,
9388,1,7310,46,,1.0,1,1.0,4.0,40.0
9389,1,7318,75,,1.0,1,6.0,4.0,
9389,2,7318,39,,,1,6.0,4.0,
9389,3,7318,6,2.0,,1,,,
9389,4,7318,16,13.0,,2,6.0,,
9390,1,7316,73,,,1,6.0,4.0,
9390,2,7316,72,,,2,6.0,4.0,
9391,1,7304,61,,4.0,2,1.0,4.0,32.0
9391,2,7304,67,,6.0,1,1.0,4.0,40.0
9392,1,7312,87,,,2,6.0,4.0,
9393,1,7319,66,,1.0,1,1.0,4.0,40.0
9393,2,7319,65,,1.0,2,1.0,4.0,24.0
9393,3,7319,36,,1.0,2,6.0,4.0,15.0
9394,1,7313,65,,1.0,2,1.0,4.0,50.0
9394,2,7313,73,,5.0,1,1.0,2.0,40.0
9395,1,7316,44,,1.0,2,1.0,4.0,25.0
9395,2,7316,43,,6.0,2,1.0,4.0,40.0
9395,3,7316,21,15.0,1.0,1,1.0,4.0,25.0
9395,4,7316,9,6.0,,2,,,
9395,5,7316,14,12.0,,2,,,
9396,1,7316,30,16.0,4.0,1,1.0,4.0,40.0
9397,1,7301,34,,5.0,1,4.0,3.0,50.0
9397,2,7301,7,4.0,,1,,,
9398,1,7313,59,,,1,6.0,4.0,
9398,2,7313,59,,1.0,2,1.0,4.0,40.0
9399,1,7309,94,,,1,6.0,2.0,
9399,2,7309,72,,1.0,2,6.0,4.0,
9400,1,7316,26,,1.0,2,1.0,4.0,40.0
9400,2,7316,47,,2.0,1,1.0,2.0,40.0
9401,1,7322,37,,8.0,2,1.0,4.0,50.0
9401,2,7322,12,9.0,,1,,,
9401,3,7322,8,5.0,,2,,,
9401,4,7322,30,,1.0,1,1.0,4.0,50.0
9402,1,7301,65,,1.0,1,6.0,4.0,
9403,1,7312,31,,4.0,1,1.0,4.0,40.0
9403,2,7312,31,15.0,4.0,2,1.0,4.0,24.0
9403,3,7312,1,,,1,,,
9404,1,7303,33,,1.0,2,1.0,4.0,40.0
9404,2,7303,38,,1.0,1,1.0,4.0,40.0
9404,3,7303,3,,,2,,,
9405,1,7316,36,,1.0,2,1.0,4.0,40.0
9406,1,7315,58,,1.0,2,1.0,4.0,40.0
9407,1,7305,70,,,2,6.0,4.0,
9407,2,7305,65,,1.0,1,6.0,4.0,
9408,1,7309,54,,1.0,2,1.0,4.0,29.0
9408,2,7309,49,,2.0,2,1.0,4.0,40.0
9408,3,7309,8,,,2,,,
9409,1,7320,51,,5.0,1,1.0,4.0,40.0
9409,2,7320,48,,5.0,2,1.0,4.0,40.0
9409,3,7320,18,14.0,5.0,2,2.0,4.0,5.0
9409,4,7320,15,12.0,,2,,,
9410,1,7315,71,,3.0,2,1.0,4.0,40.0
9411,1,7321,31,,1.0,2,1.0,4.0,40.0
9411,2,7321,33,,1.0,1,1.0,4.0,40.0
9411,3,7321,34,,1.0,1,1.0,4.0,40.0
9412,1,7309,43,,2.0,2,1.0,4.0,20.0
9412,2,7309,41,,1.0,1,1.0,4.0,60.0
9412,3,7309,7,4.0,,1,,,
9413,1,7318,40,,,2,6.0,4.0,
9413,2,7318,43,,1.0,1,1.0,4.0,40.0
9413,3,7318,9,5.0,,1,,,
9414,1,7322,65,,1.0,1,1.0,2.0,48.0
9414,2,7322,64,,,2,6.0,4.0,
9415,1,7310,62,,6.0,1,1.0,4.0,60.0
9415,2,7310,39,,2.0,2,3.0,4.0,5.0
9416,1,7322,54,,3.0,2,1.0,4.0,35.0
9417,1,7311,61,,3.0,2,1.0,4.0,40.0
9418,1,7311,48,,7.0,1,6.0,4.0,
9418,2,7311,48,,2.0,2,1.0,4.0,38.0
9418,3,7311,15,11.0,,1,,,
9418,4,7311,12,9.0,,2,,,
9419,1,7310,53,,1.0,2,6.0,4.0,
9419,2,7310,53,,7.0,1,1.0,4.0,70.0
9420,1,7301,49,,7.0,2,1.0,4.0,50.0
9420,2,7301,26,15.0,7.0,2,1.0,4.0,35.0
9421,1,7319,44,,3.0,1,1.0,4.0,40.0
9421,2,7319,38,16.0,2.0,2,1.0,4.0,28.0
9421,3,7319,13,9.0,,2,,,
9421,4,7319,2,,,1,,,
9422,1,7304,24,,6.0,2,1.0,4.0,40.0
9423,1,7306,59,,1.0,2,1.0,4.0,50.0
9423,2,7306,25,,6.0,2,1.0,4.0,30.0
9423,3,7306,88,,,2,6.0,4.0,
9424,1,7314,70,,,2,6.0,4.0,
9425,1,7320,56,,1.0,1,1.0,4.0,75.0
9426,1,7320,38,,5.0,2,4.0,1.0,70.0
9426,2,7320,36,,5.0,1,1.0,4.0,40.0
9426,3,7320,5,2.0,,2,,,
9427,1,7308,50,,,2,6.0,4.0,
9427,2,7308,17,15.0,,2,6.0,4.0,
9427,3,7308,12,8.0,,1,,,
9428,1,7315,35,,5.0,1,1.0,2.0,40.0
9428,2,7315,32,,1.0,2,1.0,4.0,40.0
9429,1,7305,60,,,2,6.0,4.0,
9430,1,7315,28,,6.0,1,1.0,4.0,35.0
9430,2,7315,25,15.0,1.0,1,1.0,4.0,40.0
9431,1,7322,57,,,2,6.0,4.0,
9431,2,7322,58,,5.0,1,1.0,2.0,45.0
9431,3,7322,34,,3.0,1,3.0,4.0,20.0
9431,4,7322,31,15.0,1.0,1,1.0,4.0,26.0
9432,1,7307,56,,4.0,2,1.0,4.0,72.0
9432,2,7307,81,,,1,6.0,2.0,
9432,3,7307,78,,,2,6.0,4.0,
9432,4,7307,56,,5.0,1,1.0,4.0,42.0
9433,1,7304,42,,3.0,2,1.0,4.0,50.0
9433,2,7304,41,,1.0,2,1.0,4.0,40.0
9434,1,7316,43,,2.0,2,1.0,4.0,20.0
9434,2,7316,41,16.0,5.0,1,4.0,1.0,40.0
9434,3,7316,8,5.0,,1,,,
9434,4,7316,7,3.0,,1,,,
9434,5,7316,16,13.0,,1,6.0,,
9435,1,7315,60,,2.0,2,1.0,4.0,40.0
9436,1,7311,37,,1.0,2,1.0,4.0,40.0
9436,2,7311,39,,1.0,1,1.0,4.0,40.0
9436,3,7311,7,3.0,,2,,,
9436,4,7311,5,1.0,,2,,,
9437,1,7312,30,,1.0,1,1.0,4.0,40.0
9437,2,7312,30,15.0,1.0,2,6.0,4.0,
9438,1,7302,46,,,2,6.0,4.0,
9438,2,7302,56,,1.0,1,1.0,4.0,40.0
9438,3,7302,23,15.0,,2,6.0,4.0,
9438,4,7302,20,15.0,,2,6.0,4.0,
9438,5,7302,9,7.0,,1,,,
9439,1,7315,56,,6.0,1,1.0,4.0,40.0
9439,2,7315,53,,1.0,2,1.0,4.0,40.0
9439,3,7315,22,15.0,6.0,2,1.0,4.0,20.0
9439,4,7315,18,15.0,,2,6.0,4.0,
9439,5,7315,13,11.0,,1,,,
9439,6,7315,9,6.0,,1,,,
9440,1,7303,39,,1.0,2,1.0,4.0,40.0
9440,2,7303,17,14.0,,1,6.0,4.0,
9440,3,7303,16,13.0,,2,6.0,,
9440,4,7303,10,7.0,,1,,,
9440,5,7303,38,,1.0,1,1.0,4.0,40.0
9441,1,7319,77,,1.0,1,6.0,2.0,
9441,2,7319,45,,2.0,2,6.0,2.0,
9442,1,7302,70,,,1,6.0,4.0,
9442,2,7302,69,,,2,6.0,4.0,
9442,3,7302,12,8.0,,1,,,
9443,1,7318,56,,3.0,2,1.0,4.0,35.0
9443,2,7318,56,,1.0,1,3.0,4.0,
9443,3,7318,30,,1.0,2,2.0,4.0,14.0
9443,4,7318,41,,1.0,2,1.0,4.0,24.0
9443,5,7318,40,,5.0,1,1.0,4.0,40.0
9444,1,7308,78,,,1,6.0,2.0,
9444,2,7308,73,,,2,6.0,4.0,
9444,3,7308,55,,1.0,1,1.0,2.0,40.0
9445,1,7306,78,,5.0,1,6.0,2.0,
9445,2,7306,77,,,2,6.0,4.0,
9446,1,7319,63,,6.0,1,1.0,4.0,70.0
9446,2,7319,48,,1.0,1,1.0,4.0,40.0
9447,1,7302,27,,1.0,1,1.0,4.0,40.0
9447,2,7302,27,,1.0,2,1.0,4.0,20.0
9448,1,7306,61,,,2,6.0,4.0,
9448,2,7306,65,,1.0,1,1.0,4.0,40.0
9449,1,7303,81,,,1,6.0,4.0,
9449,2,7303,79,,,2,6.0,4.0,
9449,3,7303,42,,1.0,2,1.0,4.0,32.0
9450,1,7306,68,,,2,6.0,4.0,
9450,2,7306,68,,,1,6.0,4.0,
9451,1,7318,49,,1.0,1,1.0,4.0,45.0
9451,2,7318,45,,1.0,2,1.0,4.0,10.0
9451,3,7318,13,10.0,,2,,,
9451,4,7318,12,9.0,,1,,,
9452,1,7319,31,16.0,5.0,1,1.0,4.0,45.0
9452,2,7319,29,,1.0,2,1.0,4.0,40.0
9453,1,7312,32,,5.0,1,1.0,4.0,40.0
9454,1,7314,63,,5.0,1,1.0,2.0,60.0
9454,2,7314,57,,1.0,2,1.0,2.0,40.0
9455,1,7311,59,,1.0,1,1.0,4.0,40.0
9455,2,7311,19,15.0,,1,6.0,4.0,
9455,3,7311,16,12.0,,1,6.0,,
9455,4,7311,36,,1.0,1,1.0,4.0,40.0
9456,1,7309,42,,1.0,2,1.0,4.0,26.0
9456,2,7309,54,,2.0,1,1.0,4.0,30.0
9456,3,7309,18,15.0,4.0,1,3.0,4.0,10.0
9456,4,7309,10,7.0,,2,,,
9457,1,7306,36,15.0,1.0,1,1.0,4.0,40.0
9457,2,7306,32,,,2,6.0,4.0,
9458,1,7321,38,,5.0,1,1.0,2.0,40.0
9458,2,7321,37,16.0,3.0,2,1.0,4.0,40.0
9458,3,7321,1,,,1,,,
9459,1,7317,55,,1.0,1,2.0,4.0,60.0
9459,2,7317,52,,6.0,2,1.0,2.0,40.0
9460,1,7315,77,,,2,6.0,4.0,
9461,1,7318,52,,1.0,2,1.0,4.0,40.0
9462,1,7312,29,,1.0,1,1.0,4.0,50.0
9462,2,7312,37,,1.0,1,6.0,4.0,40.0
9463,1,7302,58,,1.0,2,1.0,4.0,20.0
9463,2,7302,54,,1.0,1,1.0,4.0,40.0
9463,3,7302,20,15.0,1.0,1,1.0,4.0,25.0
9463,4,7302,18,14.0,1.0,1,1.0,4.0,15.0
9464,1,7319,54,,1.0,1,1.0,4.0,40.0
9464,2,7319,43,,,2,6.0,4.0,
9464,3,7319,12,9.0,,1,,,
9464,4,7319,10,7.0,,1,,,
9464,5,7319,4,,,1,,,
9465,1,7306,39,,1.0,2,1.0,4.0,20.0
9465,2,7306,48,,1.0,1,1.0,4.0,40.0
9465,3,7306,23,15.0,,1,6.0,4.0,
9465,4,7306,13,8.0,,2,,,
9466,1,7315,41,,5.0,1,4.0,1.0,80.0
9466,2,7315,45,,1.0,2,1.0,4.0,80.0
9466,3,7315,20,15.0,1.0,2,1.0,4.0,15.0
9467,1,7305,23,,1.0,2,1.0,4.0,32.0
9467,2,7305,17,14.0,,1,6.0,4.0,
9467,3,7305,34,,1.0,2,1.0,4.0,40.0
9468,1,7316,71,,1.0,1,1.0,4.0,36.0
9468,2,7316,47,,,1,6.0,4.0,
9469,1,7319,78,,,2,6.0,4.0,
9470,1,7313,34,,6.0,1,1.0,4.0,50.0
9470,2,7313,40,,6.0,2,1.0,4.0,15.0
9470,3,7313,5,2.0,,2,,,
9470,4,7313,1,,,2,,,
9471,1,7307,88,,,1,6.0,4.0,
9471,2,7307,74,,,2,6.0,4.0,
9472,1,7321,59,,,2,6.0,4.0,
9472,2,7321,32,,1.0,1,1.0,4.0,40.0
9473,1,7316,43,,1.0,1,1.0,4.0,40.0
9474,1,7318,52,,1.0,2,1.0,4.0,40.0
9475,1,7302,64,,1.0,2,6.0,4.0,
9476,1,7311,85,,,2,6.0,4.0,
9477,1,7308,59,,7.0,1,1.0,2.0,40.0
9477,2,7308,58,,,2,6.0,4.0,
9477,3,7308,21,,1.0,1,1.0,4.0,40.0
9478,1,7311,46,,1.0,2,1.0,4.0,35.0
9478,2,7311,16,12.0,,1,6.0,,
9478,3,7311,14,11.0,,1,,,
9479,1,7321,65,,8.0,1,1.0,4.0,40.0
9479,2,7321,65,,1.0,2,1.0,4.0,40.0
9480,1,7318,56,,,1,6.0,4.0,
9480,2,7318,24,,1.0,1,1.0,4.0,40.0
9480,3,7318,46,,6.0,2,1.0,4.0,25.0
9480,4,7318,65,,,1,6.0,4.0,
9480,5,7318,25,,1.0,1,3.0,4.0,
9480,6,7318,21,,1.0,2,1.0,4.0,40.0
9480,7,7318,10,8.0,,1,,,
9480,8,7318,2,,,1,,,
9480,9,7318,46,,1.0,1,1.0,4.0,25.0
9481,1,7315,51,,3.0,1,1.0,4.0,40.0
9481,2,7315,42,,3.0,2,1.0,4.0,40.0
9481,3,7315,15,12.0,,1,,,
9481,4,7315,73,,,2,6.0,4.0,
9482,1,7302,60,,1.0,2,1.0,4.0,50.0
9482,2,7302,62,,1.0,1,1.0,4.0,30.0
9483,1,7318,60,,,1,6.0,4.0,
9484,1,7314,33,,1.0,2,1.0,4.0,40.0
9484,2,7314,44,,1.0,1,1.0,4.0,50.0
9484,3,7314,12,9.0,,2,,,
9484,4,7314,9,6.0,,2,,,
9484,5,7314,21,,1.0,1,3.0,4.0,30.0
9484,6,7314,16,13.0,,1,6.0,,
9485,1,7320,64,,7.0,1,1.0,4.0,30.0
9485,2,7320,61,,2.0,2,1.0,4.0,30.0
9485,3,7320,87,,,2,6.0,4.0,
9486,1,7305,68,,,1,6.0,4.0,
9486,2,7305,66,,,2,6.0,4.0,
9487,1,7315,60,,5.0,1,6.0,2.0,
9488,1,7303,63,,1.0,1,1.0,4.0,50.0
9488,2,7303,48,,1.0,2,1.0,4.0,40.0
9488,3,7303,19,15.0,1.0,1,1.0,4.0,30.0
9489,1,7317,50,,3.0,1,1.0,4.0,14.0
9489,2,7317,48,,,2,6.0,4.0,
9489,3,7317,21,15.0,3.0,1,6.0,4.0,13.0
9490,1,7306,67,,3.0,1,6.0,4.0,20.0
9490,2,7306,63,,,2,6.0,4.0,
9490,3,7306,17,13.0,,2,6.0,4.0,
9491,1,7302,25,,,2,6.0,4.0,
9491,2,7302,7,5.0,,1,,,
9491,3,7302,3,1.0,,2,,,
9491,4,7302,2,,,2,,,
9492,1,7313,50,,1.0,1,6.0,4.0,20.0
9492,2,7313,31,,1.0,2,1.0,4.0,30.0
9493,1,7311,56,,1.0,1,1.0,4.0,50.0
9493,2,7311,55,,1.0,2,1.0,4.0,45.0
9494,1,7313,47,,3.0,1,1.0,4.0,40.0
9494,2,7313,45,,,2,6.0,4.0,
9494,3,7313,15,12.0,,1,,,
9494,4,7313,12,9.0,,2,,,
9495,1,7316,33,,1.0,2,1.0,4.0,40.0
9495,2,7316,44,,1.0,2,1.0,4.0,40.0
9496,1,7319,94,,,1,6.0,2.0,
9497,1,7307,62,,,2,6.0,4.0,
9497,2,7307,64,,1.0,1,1.0,4.0,50.0
9498,1,7316,72,,,2,6.0,4.0,
9498,2,7316,74,,,1,6.0,2.0,
9499,1,7310,78,,,2,6.0,4.0,
9500,1,7309,63,,4.0,2,1.0,4.0,2.0
9500,2,7309,63,,1.0,1,1.0,4.0,60.0
9501,1,7304,64,,,1,6.0,4.0,
9501,2,7304,60,,1.0,2,1.0,4.0,20.0
9502,1,7312,46,,4.0,2,1.0,4.0,40.0
9502,2,7312,47,,1.0,1,1.0,4.0,99.0
9502,3,7312,10,6.0,,1,,,
9502,4,7312,8,5.0,,1,,,
9503,1,7309,44,15.0,7.0,1,1.0,4.0,40.0
9503,2,7309,39,,1.0,2,1.0,4.0,30.0
9503,3,7309,12,8.0,,2,,,
9503,4,7309,9,5.0,,2,,,
9504,1,7313,73,,4.0,2,6.0,4.0,
9505,1,7315,37,15.0,1.0,2,1.0,4.0,24.0
9505,2,7315,63,,1.0,2,1.0,4.0,40.0
9505,3,7315,34,,5.0,2,1.0,4.0,40.0
9506,1,7303,57,,4.0,2,1.0,4.0,40.0
9507,1,7316,74,,,2,6.0,4.0,
9508,1,7307,61,,5.0,2,1.0,4.0,40.0
9508,2,7307,31,,1.0,1,2.0,4.0,24.0
9508,3,7307,27,,1.0,2,1.0,4.0,45.0
9508,4,7307,28,,1.0,1,1.0,4.0,32.0
9509,1,7304,77,,,1,6.0,4.0,
9509,2,7304,71,16.0,,2,6.0,4.0,
9510,1,7317,48,,1.0,1,1.0,4.0,40.0
9511,1,7301,63,,3.0,1,1.0,4.0,20.0
9511,2,7301,63,,,2,6.0,4.0,
9512,1,7316,83,,,1,6.0,2.0,
9513,1,7309,72,,,1,6.0,4.0,
9513,2,7309,65,,3.0,2,6.0,4.0,6.0
9514,1,7306,25,,1.0,2,1.0,4.0,35.0
9514,2,7306,22,,1.0,1,1.0,4.0,38.0
9515,1,7301,35,,1.0,2,1.0,4.0,40.0
9516,1,7315,27,,2.0,2,1.0,4.0,40.0
9516,2,7315,25,,1.0,2,1.0,4.0,40.0
9517,1,7318,46,,1.0,1,1.0,2.0,80.0
9517,2,7318,46,,,2,6.0,4.0,
9517,3,7318,17,13.0,9.0,2,3.0,4.0,
9517,4,7318,10,7.0,,2,,,
9517,5,7318,77,,,1,6.0,4.0,
9518,1,7312,65,,2.0,1,1.0,4.0,40.0
9518,2,7312,72,,2.0,2,6.0,4.0,
9519,1,7307,57,,1.0,1,1.0,4.0,40.0
9519,2,7307,20,15.0,1.0,1,1.0,4.0,40.0
9519,3,7307,57,,1.0,1,1.0,4.0,30.0
9519,4,7307,10,5.0,,2,,,
9520,1,7310,37,,,2,6.0,4.0,
9520,2,7310,39,,6.0,1,1.0,4.0,55.0
9520,3,7310,0,,,1,,,
9521,1,7303,65,,1.0,1,1.0,4.0,17.0
9521,2,7303,64,,1.0,2,6.0,4.0,45.0
9521,3,7303,53,,1.0,1,1.0,2.0,40.0
9522,1,7321,48,,1.0,1,1.0,3.0,40.0
9523,1,7307,76,,5.0,1,6.0,2.0,
9523,2,7307,76,,5.0,2,6.0,4.0,
9524,1,7305,67,,,1,6.0,4.0,
9525,1,7309,31,,1.0,1,1.0,4.0,40.0
9525,2,7309,28,,1.0,2,1.0,4.0,50.0
9526,1,7320,35,,4.0,2,1.0,4.0,40.0
9526,2,7320,36,,1.0,1,1.0,4.0,16.0
9526,3,7320,16,13.0,,2,6.0,,
9526,4,7320,15,11.0,,2,,,
9526,5,7320,18,,1.0,2,1.0,4.0,25.0
9526,6,7320,8,4.0,,1,,,
9527,1,7321,77,,,1,6.0,2.0,
9527,2,7321,74,,,2,6.0,4.0,
9528,1,7313,32,15.0,1.0,1,1.0,4.0,40.0
9528,2,7313,31,,1.0,1,3.0,4.0,30.0
9529,1,7308,61,,1.0,2,1.0,4.0,40.0
9530,1,7306,74,,,1,6.0,4.0,
9530,2,7306,62,,,2,6.0,4.0,
9531,1,7309,37,,1.0,2,1.0,4.0,20.0
9531,2,7309,39,,6.0,1,1.0,4.0,40.0
9531,3,7309,3,1.0,,1,,,
9531,4,7309,2,,,2,,,
9532,1,7315,72,,1.0,1,6.0,4.0,
9532,2,7315,66,,1.0,2,1.0,4.0,50.0
9533,1,7306,66,,1.0,2,1.0,4.0,25.0
9533,2,7306,65,,7.0,1,1.0,2.0,40.0
9534,1,7304,43,,1.0,1,1.0,4.0,50.0
9534,2,7304,37,,1.0,2,3.0,4.0,
9534,3,7304,9,5.0,,2,,,
9534,4,7304,6,2.0,,2,,,
9534,5,7304,0,,,1,,,
9535,1,7318,57,,,1,6.0,4.0,
9535,2,7318,59,,1.0,1,6.0,4.0,
9535,3,7318,59,,,2,6.0,4.0,
9535,4,7318,24,,1.0,1,1.0,4.0,30.0
9535,5,7318,66,,1.0,1,6.0,4.0,40.0
9535,6,7318,50,,1.0,1,1.0,4.0,24.0
9536,1,7318,60,,1.0,1,1.0,4.0,40.0
9536,2,7318,42,,3.0,2,1.0,4.0,20.0
9536,3,7318,19,15.0,1.0,2,1.0,4.0,21.0
9537,1,7305,43,,3.0,2,1.0,4.0,35.0
9537,2,7305,44,,7.0,1,1.0,4.0,40.0
9537,3,7305,20,15.0,1.0,1,1.0,4.0,25.0
9537,4,7305,14,11.0,,2,,,
9537,5,7305,12,9.0,,2,,,
9538,1,7310,79,,1.0,2,1.0,4.0,2.0
9538,2,7310,55,,1.0,1,1.0,4.0,45.0
9538,3,7310,18,14.0,1.0,1,6.0,4.0,
9539,1,7318,48,,7.0,1,1.0,4.0,10.0
9539,2,7318,46,,7.0,2,1.0,4.0,40.0
9539,3,7318,18,14.0,1.0,1,1.0,4.0,20.0
9539,4,7318,16,13.0,,1,6.0,,
9539,5,7318,14,10.0,,2,,,
9539,6,7318,84,,,1,6.0,4.0,
9539,7,7318,79,,3.0,2,1.0,4.0,55.0
9540,1,7310,30,,5.0,1,4.0,1.0,50.0
9541,1,7320,78,,,2,6.0,4.0,
9542,1,7311,51,,1.0,1,1.0,4.0,52.0
9542,2,7311,47,,1.0,2,1.0,4.0,10.0
9542,3,7311,15,14.0,,1,,,
9542,4,7311,12,9.0,,2,,,
9543,1,7315,72,,1.0,1,6.0,4.0,
9543,2,7315,66,,,2,6.0,4.0,
9544,1,7304,80,,,1,6.0,4.0,
9545,1,7319,48,,1.0,1,1.0,4.0,45.0
9545,2,7319,45,,1.0,2,1.0,4.0,40.0
9545,3,7319,23,15.0,,1,6.0,4.0,
9546,1,7321,65,,1.0,1,6.0,4.0,40.0
9546,2,7321,68,,1.0,2,6.0,4.0,
9546,3,7321,37,,1.0,1,1.0,4.0,50.0
9547,1,7313,60,,,2,6.0,4.0,
9548,1,7305,36,15.0,1.0,2,1.0,4.0,40.0
9549,1,7316,62,,,1,6.0,4.0,
9550,1,7303,25,,1.0,2,1.0,4.0,40.0
9550,2,7303,26,,1.0,2,1.0,4.0,48.0
9551,1,7319,59,,,2,6.0,4.0,
9551,2,7319,42,,4.0,2,1.0,4.0,30.0
9551,3,7319,12,9.0,,2,,,
9551,4,7319,11,8.0,,1,,,
9552,1,7319,34,,6.0,2,2.0,4.0,40.0
9552,2,7319,10,6.0,,2,,,
9553,1,7313,64,,2.0,1,6.0,3.0,
9553,2,7313,64,,,2,6.0,4.0,
9554,1,7314,63,,3.0,2,2.0,4.0,20.0
9554,2,7314,62,,1.0,1,1.0,4.0,40.0
9554,3,7314,26,,2.0,2,6.0,4.0,
9555,1,7306,59,,3.0,2,1.0,4.0,40.0
9555,2,7306,63,,1.0,1,1.0,4.0,40.0
9555,3,7306,19,15.0,1.0,1,1.0,4.0,30.0
9555,4,7306,17,14.0,,2,6.0,4.0,
9555,5,7306,19,,1.0,2,1.0,4.0,8.0
9556,1,7313,44,,6.0,2,6.0,4.0,
9556,2,7313,48,,6.0,1,1.0,4.0,40.0
9556,3,7313,10,6.0,,1,,,
9556,4,7313,7,3.0,,1,,,
9556,5,7313,4,1.0,,2,,,
9556,6,7313,16,12.0,,2,6.0,,
9557,1,7303,29,,1.0,1,1.0,4.0,40.0
9557,2,7303,28,,1.0,2,1.0,4.0,40.0
9558,1,7318,50,,4.0,2,1.0,4.0,40.0
9558,2,7318,16,13.0,,1,6.0,,
9559,1,7308,76,,,1,6.0,4.0,
9559,2,7308,76,,,2,6.0,4.0,
9560,1,7316,33,,2.0,2,1.0,4.0,50.0
9561,1,7306,57,,1.0,1,1.0,4.0,52.0
9561,2,7306,29,,,1,6.0,4.0,
9561,3,7306,28,,1.0,2,6.0,4.0,
9561,4,7306,57,,6.0,1,1.0,4.0,65.0
9561,5,7306,4,,,2,,,
9561,6,7306,1,,,2,,,
9561,7,7306,6,3.0,,2,,,
9562,1,7316,62,,1.0,1,1.0,4.0,40.0
9562,2,7316,54,,1.0,2,1.0,4.0,25.0
9563,1,7309,72,,,1,6.0,2.0,
9564,1,7313,34,,2.0,2,1.0,4.0,40.0
9564,2,7313,35,15.0,1.0,1,1.0,4.0,45.0
9564,3,7313,7,3.0,,1,,,
9564,4,7313,4,1.0,,1,,,
9565,1,7318,33,,5.0,1,4.0,1.0,74.0
9565,2,7318,13,9.0,,1,,,
9565,3,7318,25,,1.0,1,3.0,4.0,
9565,4,7318,60,,5.0,1,4.0,1.0,50.0
9566,1,7311,80,,3.0,2,6.0,4.0,
9566,2,7311,83,,,1,6.0,2.0,
9567,1,7315,63,,6.0,2,1.0,4.0,20.0
9568,1,7305,45,,1.0,1,1.0,4.0,55.0
9568,2,7305,37,,1.0,2,6.0,4.0,
9568,3,7305,8,4.0,,2,,,
9568,4,7305,2,,,2,,,
9569,1,7302,31,,3.0,1,1.0,4.0,40.0
9569,2,7302,37,,3.0,2,1.0,4.0,40.0
9569,3,7302,58,,,2,6.0,4.0,
9570,1,7313,81,,,1,6.0,4.0,
9570,2,7313,80,,,2,6.0,4.0,
9570,3,7313,56,,4.0,2,1.0,4.0,48.0
9571,1,7312,71,,2.0,2,6.0,4.0,
9572,1,7313,37,,6.0,2,1.0,4.0,20.0
9572,2,7313,35,,1.0,1,1.0,4.0,55.0
9572,3,7313,5,2.0,,1,,,
9572,4,7313,4,1.0,,1,,,
9573,1,7311,62,,2.0,2,1.0,4.0,40.0
9573,2,7311,25,15.0,1.0,1,1.0,4.0,40.0
9574,1,7321,42,,1.0,1,1.0,4.0,40.0
9574,2,7321,36,,1.0,2,1.0,4.0,30.0
9575,1,7313,60,,1.0,1,1.0,4.0,40.0
9575,2,7313,54,,,2,6.0,4.0,
9575,3,7313,22,,1.0,1,1.0,4.0,40.0
9575,4,7313,20,15.0,1.0,1,1.0,4.0,20.0
9576,1,7320,68,,1.0,2,1.0,4.0,20.0
9576,2,7320,79,,,1,6.0,2.0,
9577,1,7302,77,,,1,6.0,4.0,
9577,2,7302,43,,1.0,1,1.0,4.0,40.0
9578,1,7313,26,,5.0,1,1.0,4.0,40.0
9578,2,7313,20,,9.0,2,3.0,4.0,
9578,3,7313,0,,,1,,,
9579,1,7315,42,,2.0,1,1.0,4.0,45.0
9579,2,7315,43,,3.0,2,1.0,4.0,40.0
9579,3,7315,9,5.0,,1,,,
9579,4,7315,8,5.0,,1,,,
9580,1,7321,82,,,2,6.0,4.0,
9581,1,7311,69,,1.0,1,6.0,2.0,
9581,2,7311,67,,,2,6.0,4.0,
9582,1,7305,67,,6.0,1,1.0,4.0,20.0
9583,1,7305,68,,6.0,2,1.0,4.0,40.0
9583,2,7305,70,,1.0,1,6.0,4.0,
9584,1,7308,68,,,2,6.0,4.0,
9584,2,7308,25,,1.0,1,1.0,4.0,40.0
9585,1,7311,28,,1.0,2,1.0,4.0,40.0
9586,1,7303,31,,1.0,1,1.0,4.0,40.0
9586,2,7303,28,,1.0,2,1.0,4.0,40.0
9586,3,7303,2,,,1,,,
9586,4,7303,37,,1.0,1,1.0,4.0,40.0
9587,1,7301,90,,,1,6.0,4.0,
9587,2,7301,74,,,2,6.0,4.0,
9588,1,7317,41,,3.0,1,1.0,4.0,8.0
9588,2,7317,42,,6.0,2,1.0,4.0,5.0
9588,3,7317,9,5.0,,2,,,
9588,4,7317,6,3.0,,2,,,
9589,1,7318,37,,1.0,2,1.0,4.0,40.0
9589,2,7318,13,10.0,,2,,,
9589,3,7318,12,9.0,,1,,,
9589,4,7318,10,7.0,,1,,,
9589,5,7318,8,3.0,,1,,,
9590,1,7313,72,,3.0,2,6.0,4.0,
9591,1,7314,59,,6.0,2,1.0,4.0,30.0
9592,1,7317,49,,6.0,1,1.0,4.0,45.0
9592,2,7317,49,,,2,6.0,4.0,
9592,3,7317,22,,1.0,2,1.0,4.0,40.0
9592,4,7317,19,15.0,1.0,2,1.0,4.0,24.0
9592,5,7317,16,13.0,,1,6.0,,
9592,6,7317,12,9.0,,2,,,
9593,1,7302,38,,7.0,2,1.0,4.0,40.0
9593,2,7302,43,,1.0,1,1.0,3.0,40.0
9594,1,7311,77,,1.0,1,3.0,2.0,
9595,1,7314,56,,1.0,2,1.0,2.0,40.0
9596,1,7307,77,,,1,6.0,2.0,
9596,2,7307,80,,,2,6.0,4.0,
9596,3,7307,60,,,1,6.0,4.0,
9596,4,7307,59,,,1,6.0,2.0,
9597,1,7316,62,,1.0,2,1.0,4.0,40.0
9598,1,7310,65,,7.0,1,1.0,4.0,50.0
9598,2,7310,67,,7.0,2,1.0,4.0,35.0
9599,1,7303,53,,1.0,1,1.0,4.0,50.0
9599,2,7303,50,,1.0,2,1.0,4.0,20.0
9599,3,7303,24,,1.0,1,1.0,4.0,40.0
9599,4,7303,21,,1.0,2,6.0,4.0,40.0
9599,5,7303,14,11.0,,2,,,
9600,1,7319,67,,1.0,1,1.0,4.0,5.0
9601,1,7308,68,,1.0,1,1.0,3.0,10.0
9601,2,7308,66,,4.0,2,1.0,4.0,4.0
9602,1,7308,55,,1.0,2,1.0,4.0,42.0
9603,1,7308,52,,1.0,1,1.0,4.0,45.0
9603,2,7308,51,,,2,6.0,4.0,
9603,3,7308,19,15.0,,2,6.0,4.0,
9604,1,7302,75,,,2,6.0,4.0,
9604,2,7302,73,,,1,6.0,2.0,
9605,1,7308,27,,1.0,1,1.0,4.0,45.0
9605,2,7308,28,,1.0,2,1.0,4.0,40.0
9605,3,7308,16,13.0,3.0,1,1.0,,5.0
9605,4,7308,53,,1.0,2,1.0,4.0,25.0
9606,1,7306,73,,,2,6.0,4.0,
9606,2,7306,58,,1.0,1,1.0,4.0,60.0
9607,1,7308,62,,1.0,1,6.0,4.0,30.0
9608,1,7315,65,,5.0,1,1.0,2.0,40.0
9608,2,7315,60,,1.0,2,6.0,4.0,
9608,3,7315,41,,1.0,1,1.0,2.0,40.0
9609,1,7319,77,,,1,6.0,2.0,
9609,2,7319,80,,4.0,2,6.0,4.0,
9610,1,7309,66,,,1,6.0,4.0,
9611,1,7313,61,,1.0,1,1.0,4.0,33.0
9611,2,7313,26,,1.0,2,1.0,4.0,40.0
9611,3,7313,24,,1.0,1,1.0,4.0,40.0
9612,1,7321,50,,1.0,2,1.0,4.0,40.0
9613,1,7306,43,,1.0,2,1.0,4.0,42.0
9613,2,7306,41,,1.0,1,1.0,4.0,40.0
9614,1,7305,37,,1.0,2,1.0,4.0,40.0
9614,2,7305,44,,6.0,1,1.0,4.0,40.0
9614,3,7305,8,5.0,,1,,,
9614,4,7305,3,,,2,,,
9615,1,7313,35,,5.0,1,1.0,3.0,50.0
9615,2,7313,26,,5.0,2,1.0,3.0,32.0
9615,3,7313,2,,,2,,,
9615,4,7313,34,,1.0,1,1.0,2.0,40.0
9616,1,7317,59,,2.0,1,1.0,4.0,40.0
9616,2,7317,45,,6.0,1,1.0,4.0,40.0
9617,1,7301,61,,,2,6.0,4.0,
9618,1,7321,40,,1.0,2,1.0,4.0,45.0
9618,2,7321,9,6.0,,2,,,
9619,1,7321,55,,1.0,1,1.0,2.0,48.0
9620,1,7315,73,,,1,6.0,2.0,
9620,2,7315,29,,3.0,1,1.0,4.0,40.0
9621,1,7316,31,,1.0,1,3.0,4.0,50.0
9622,1,7319,73,,1.0,2,6.0,4.0,10.0
9623,1,7314,32,,1.0,1,1.0,4.0,80.0
9624,1,7308,86,,,2,6.0,4.0,
9624,2,7308,57,,,1,6.0,4.0,
9625,1,7310,76,,2.0,2,1.0,4.0,16.0
9626,1,7305,27,15.0,1.0,1,1.0,2.0,40.0
9627,1,7302,52,16.0,4.0,2,1.0,4.0,41.0
9628,1,7315,49,16.0,1.0,1,1.0,4.0,30.0
9629,1,7306,79,,,2,6.0,4.0,
9630,1,7316,33,15.0,1.0,2,6.0,4.0,
9630,2,7316,34,,6.0,1,1.0,4.0,40.0
9630,3,7316,3,1.0,,2,,,
9630,4,7316,0,,,2,,,
9631,1,7315,62,,1.0,1,1.0,4.0,40.0
9631,2,7315,56,,1.0,2,1.0,4.0,40.0
9631,3,7315,27,,1.0,1,1.0,4.0,40.0
9631,4,7315,13,10.0,,1,,,
9632,1,7304,79,,,1,6.0,2.0,
9632,2,7304,73,,,2,6.0,4.0,
9633,1,7320,37,,1.0,1,1.0,2.0,50.0
9633,2,7320,26,,1.0,2,2.0,4.0,30.0
9633,3,7320,4,,,2,,,
9633,4,7320,2,,,2,,,
9634,1,7313,33,,1.0,2,1.0,4.0,40.0
9634,2,7313,42,,1.0,2,1.0,4.0,40.0
9634,3,7313,68,,,2,6.0,4.0,
9634,4,7313,48,,1.0,2,1.0,4.0,25.0
9635,1,7304,37,,7.0,2,2.0,4.0,20.0
9635,2,7304,40,,1.0,1,1.0,4.0,60.0
9635,3,7304,4,,,1,,,
9635,4,7304,2,,,2,,,
9635,5,7304,1,,,2,,,
9636,1,7316,33,,1.0,1,1.0,4.0,42.0
9636,2,7316,39,,1.0,1,1.0,4.0,42.0
9637,1,7312,45,,3.0,2,3.0,4.0,28.0
9637,2,7312,16,12.0,,1,6.0,,
9637,3,7312,13,9.0,,2,,,
9638,1,7307,71,,1.0,1,1.0,2.0,24.0
9639,1,7314,26,15.0,2.0,2,1.0,2.0,28.0
9640,1,7314,40,,2.0,2,1.0,4.0,40.0
9640,2,7314,41,,2.0,2,1.0,4.0,47.0
9640,3,7314,4,1.0,,1,,,
9641,1,7302,59,,3.0,1,1.0,4.0,40.0
9641,2,7302,35,,,1,6.0,4.0,
9642,1,7317,29,,5.0,1,1.0,4.0,40.0
9642,2,7317,28,,,2,6.0,4.0,
9642,3,7317,7,4.0,,2,,,
9642,4,7317,5,2.0,,1,,,
9643,1,7301,60,,6.0,1,1.0,4.0,40.0
9643,2,7301,14,11.0,,1,,,
9643,3,7301,11,7.0,,2,,,
9644,1,7321,59,,1.0,1,1.0,4.0,40.0
9644,2,7321,52,,1.0,2,1.0,4.0,40.0
9644,3,7321,25,15.0,2.0,2,1.0,4.0,40.0
9644,4,7321,22,15.0,1.0,1,1.0,4.0,40.0
9645,1,7301,24,,1.0,2,1.0,4.0,30.0
9645,2,7301,23,,1.0,1,1.0,4.0,18.0
9646,1,7316,76,,,1,6.0,4.0,
9647,1,7315,49,,7.0,1,1.0,4.0,40.0
9647,2,7315,51,,1.0,2,1.0,4.0,40.0
9648,1,7309,59,,1.0,1,6.0,4.0,
9648,2,7309,57,,2.0,2,1.0,4.0,45.0
9649,1,7310,65,,,1,6.0,4.0,
9649,2,7310,62,,,2,6.0,4.0,
9650,1,7317,50,,2.0,2,2.0,4.0,10.0
9650,2,7317,27,,1.0,1,1.0,4.0,25.0
9650,3,7317,17,12.0,3.0,2,1.0,4.0,8.0
9651,1,7315,40,,1.0,1,1.0,4.0,60.0
9651,2,7315,21,,1.0,1,1.0,4.0,30.0
9652,1,7303,72,,,1,6.0,2.0,
9652,2,7303,70,,,2,6.0,4.0,
9652,3,7303,44,,,2,6.0,4.0,
9653,1,7316,36,15.0,1.0,1,1.0,4.0,40.0
9653,2,7316,37,,1.0,2,1.0,2.0,50.0
9654,1,7310,70,,1.0,1,1.0,4.0,26.0
9655,1,7322,46,,5.0,2,1.0,4.0,40.0
9655,2,7322,45,,1.0,1,1.0,4.0,40.0
9655,3,7322,27,,1.0,1,1.0,4.0,40.0
9655,4,7322,20,15.0,1.0,2,1.0,4.0,12.0
9656,1,7318,70,,3.0,1,1.0,4.0,40.0
9656,2,7318,42,,1.0,2,1.0,4.0,40.0
9656,3,7318,33,,3.0,1,6.0,4.0,
9657,1,7306,53,,1.0,1,1.0,4.0,45.0
9657,2,7306,59,16.0,1.0,2,6.0,4.0,
9657,3,7306,21,,1.0,1,6.0,4.0,40.0
9658,1,7319,64,,1.0,2,1.0,4.0,24.0
9658,2,7319,94,,,2,6.0,4.0,
9659,1,7310,34,,1.0,1,1.0,4.0,55.0
9659,2,7310,34,,2.0,2,1.0,4.0,16.0
9659,3,7310,1,,,2,,,
9660,1,7311,57,,1.0,1,1.0,4.0,45.0
9660,2,7311,59,,1.0,2,6.0,4.0,15.0
9661,1,7301,37,,1.0,2,1.0,4.0,35.0
9661,2,7301,37,,1.0,1,1.0,4.0,30.0
9661,3,7301,10,7.0,,2,,,
9661,4,7301,7,4.0,,1,,,
9661,5,7301,1,,,1,,,
9662,1,7313,62,,2.0,1,1.0,4.0,40.0
9663,1,7301,60,,5.0,1,1.0,2.0,40.0
9663,2,7301,58,,,2,6.0,4.0,
9663,3,7301,17,13.0,,2,6.0,4.0,
9664,1,7305,41,,2.0,2,1.0,4.0,45.0
9664,2,7305,47,,1.0,1,1.0,4.0,50.0
9664,3,7305,17,13.0,1.0,1,1.0,4.0,18.0
9664,4,7305,13,9.0,,2,,,
9665,1,7317,45,,1.0,1,1.0,4.0,40.0
9665,2,7317,44,,1.0,2,3.0,4.0,
9665,3,7317,11,8.0,,2,,,
9666,1,7302,76,,,1,6.0,2.0,
9666,2,7302,74,,,2,6.0,4.0,
9667,1,7303,35,,1.0,1,1.0,4.0,40.0
9667,2,7303,34,,3.0,2,1.0,4.0,28.0
9667,3,7303,1,,,1,,,
9668,1,7305,44,,,1,6.0,4.0,
9668,2,7305,46,,4.0,2,1.0,4.0,40.0
9668,3,7305,7,3.0,,2,,,
9669,1,7308,58,,2.0,1,1.0,4.0,40.0
9670,1,7306,89,,,1,6.0,4.0,
9670,2,7306,84,,,2,6.0,4.0,
9671,1,7306,36,,1.0,2,1.0,4.0,40.0
9671,2,7306,36,,1.0,1,1.0,4.0,50.0
9671,3,7306,9,6.0,,2,,,
9671,4,7306,1,,,2,,,
9672,1,7304,69,,,1,6.0,4.0,
9672,2,7304,66,,,2,6.0,4.0,
9672,3,7304,33,,1.0,1,1.0,4.0,36.0
9673,1,7302,65,,,1,6.0,4.0,
9673,2,7302,32,,7.0,2,1.0,4.0,35.0
9674,1,7310,60,,4.0,2,6.0,4.0,
9674,2,7310,58,,6.0,1,1.0,4.0,30.0
9674,3,7310,17,14.0,1.0,1,6.0,4.0,30.0
9675,1,7310,87,,,1,6.0,4.0,
9675,2,7310,88,,,2,6.0,4.0,
9676,1,7321,50,,1.0,1,1.0,4.0,40.0
9676,2,7321,47,,1.0,2,3.0,4.0,
9676,3,7321,19,15.0,1.0,2,1.0,4.0,40.0
9676,4,7321,17,14.0,,1,6.0,4.0,
9677,1,7317,19,15.0,,2,6.0,4.0,
9677,2,7317,22,15.0,1.0,1,3.0,4.0,
9677,3,7317,21,15.0,1.0,2,1.0,4.0,20.0
9677,4,7317,19,15.0,1.0,2,1.0,4.0,28.0
9677,5,7317,19,15.0,1.0,1,1.0,4.0,14.0
9677,6,7317,19,15.0,7.0,1,1.0,4.0,20.0
9678,1,7317,51,,1.0,2,1.0,4.0,40.0
9678,2,7317,50,,1.0,1,1.0,4.0,50.0
9679,1,7317,75,,,1,6.0,4.0,
9679,2,7317,72,,,2,6.0,4.0,
9680,1,7320,70,,,2,6.0,4.0,
9681,1,7321,58,,1.0,2,3.0,4.0,
9681,2,7321,23,16.0,4.0,1,1.0,4.0,25.0
9682,1,7314,45,,1.0,1,1.0,4.0,30.0
9682,2,7314,44,,1.0,2,1.0,4.0,8.0
9682,3,7314,2,,,1,,,
9683,1,7314,49,,4.0,1,1.0,4.0,40.0
9683,2,7314,50,,1.0,2,1.0,4.0,50.0
9684,1,7316,54,,3.0,1,1.0,2.0,40.0
9685,1,7317,20,15.0,1.0,1,6.0,4.0,30.0
9685,2,7317,19,15.0,1.0,1,1.0,4.0,20.0
9686,1,7319,76,,4.0,1,6.0,2.0,
9686,2,7319,76,,,2,6.0,4.0,
9686,3,7319,52,,3.0,2,1.0,4.0,30.0
9686,4,7319,19,,1.0,2,3.0,4.0,15.0
9687,1,7318,48,,1.0,1,1.0,4.0,40.0
9687,2,7318,16,12.0,,1,6.0,,
9688,1,7309,40,16.0,7.0,2,1.0,4.0,40.0
9689,1,7315,43,,1.0,1,1.0,4.0,5.0
9690,1,7319,89,,,1,6.0,4.0,
9690,2,7319,84,,,2,6.0,4.0,
9690,3,7319,63,,,2,6.0,4.0,
9690,4,7319,61,,,1,6.0,4.0,
9691,1,7317,25,16.0,1.0,1,6.0,4.0,
9691,2,7317,26,,2.0,2,1.0,4.0,40.0
9692,1,7318,32,,,2,6.0,4.0,
9692,2,7318,33,,5.0,1,4.0,1.0,60.0
9692,3,7318,7,3.0,,2,,,
9693,1,7311,82,,5.0,1,6.0,2.0,
9693,2,7311,49,,3.0,1,1.0,4.0,40.0
9693,3,7311,17,14.0,,2,6.0,4.0,
9693,4,7311,50,,1.0,2,1.0,4.0,40.0
9694,1,7309,73,,6.0,2,1.0,4.0,20.0
9695,1,7315,36,,7.0,1,1.0,4.0,50.0
9695,2,7315,39,,,2,6.0,4.0,
9695,3,7315,13,10.0,,2,,,
9695,4,7315,12,8.0,,1,,,
9695,5,7315,10,6.0,,2,,,
9695,6,7315,7,4.0,,2,,,
9696,1,7302,66,,1.0,1,1.0,4.0,40.0
9696,2,7302,67,,,2,6.0,4.0,
9697,1,7310,29,,,1,6.0,4.0,
9697,2,7310,64,,,1,6.0,4.0,
9697,3,7310,44,,1.0,2,1.0,4.0,5.0
9698,1,7310,34,,1.0,1,1.0,4.0,40.0
9698,2,7310,36,,4.0,2,1.0,4.0,40.0
9699,1,7302,62,,1.0,1,1.0,4.0,25.0
9699,2,7302,22,,3.0,2,3.0,4.0,
9699,3,7302,20,15.0,,1,6.0,4.0,
9699,4,7302,18,15.0,,2,6.0,4.0,
9700,1,7314,88,,,1,6.0,2.0,
9700,2,7314,64,,1.0,1,1.0,4.0,40.0
9701,1,7308,47,,3.0,1,1.0,4.0,60.0
9701,2,7308,45,,1.0,2,1.0,4.0,50.0
9701,3,7308,20,15.0,1.0,1,1.0,4.0,8.0
9701,4,7308,18,14.0,,1,6.0,4.0,
9701,5,7308,17,14.0,3.0,1,1.0,4.0,4.0
9702,1,7311,43,,7.0,1,1.0,4.0,50.0
9702,2,7311,42,,1.0,2,1.0,4.0,60.0
9702,3,7311,12,8.0,,2,,,
9703,1,7321,61,15.0,6.0,2,1.0,4.0,40.0
9703,2,7321,74,,,2,6.0,4.0,
9704,1,7318,52,,1.0,2,1.0,4.0,40.0
9704,2,7318,21,15.0,1.0,1,1.0,4.0,30.0
9704,3,7318,19,15.0,1.0,1,1.0,4.0,30.0
9704,4,7318,60,,1.0,2,1.0,4.0,40.0
9704,5,7318,82,,,2,6.0,4.0,
9704,6,7318,4,1.0,,1,,,
9704,7,7318,38,,,1,6.0,4.0,
9705,1,7313,41,,5.0,1,1.0,2.0,40.0
9705,2,7313,37,,3.0,2,1.0,4.0,40.0
9706,1,7305,68,,1.0,1,6.0,4.0,40.0
9707,1,7310,24,,1.0,1,1.0,4.0,45.0
9707,2,7310,24,,1.0,1,1.0,4.0,45.0
9708,1,7319,29,,1.0,1,1.0,4.0,45.0
9708,2,7319,34,,1.0,2,1.0,4.0,30.0
9708,3,7319,34,,1.0,1,1.0,4.0,40.0
9708,4,7319,14,11.0,,1,,,
9708,5,7319,7,4.0,,1,,,
9708,6,7319,5,3.0,,1,,,
9709,1,7315,58,,3.0,2,1.0,4.0,40.0
9709,2,7315,42,,,1,6.0,4.0,
9710,1,7311,43,,1.0,1,1.0,4.0,42.0
9710,2,7311,43,,7.0,2,1.0,4.0,33.0
9710,3,7311,16,12.0,1.0,2,1.0,,33.0
9710,4,7311,13,9.0,,1,,,
9711,1,7308,45,,1.0,1,1.0,4.0,40.0
9711,2,7308,42,,,2,6.0,4.0,
9711,3,7308,7,4.0,,2,,,
9711,4,7308,6,2.0,,2,,,
9711,5,7308,6,2.0,,1,,,
9712,1,7306,42,,1.0,2,1.0,4.0,40.0
9712,2,7306,41,,1.0,1,1.0,4.0,40.0
9712,3,7306,2,,,1,,,
9713,1,7312,43,,1.0,1,1.0,4.0,60.0
9713,2,7312,42,,1.0,2,1.0,4.0,60.0
9714,1,7304,39,,4.0,2,1.0,4.0,40.0
9714,2,7304,45,,1.0,1,1.0,4.0,45.0
9714,3,7304,7,4.0,,1,,,
9714,4,7304,5,1.0,,1,,,
9715,1,7317,67,,,2,6.0,4.0,
9715,2,7317,36,,9.0,2,3.0,4.0,
9715,3,7317,5,1.0,,1,,,
9715,4,7317,3,,,2,,,
9716,1,7309,44,,3.0,2,1.0,4.0,40.0
9716,2,7309,47,,3.0,2,1.0,4.0,40.0
9716,3,7309,16,12.0,1.0,1,6.0,,8.0
9716,4,7309,12,9.0,,1,,,
9717,1,7318,81,,3.0,1,1.0,3.0,20.0
9718,1,7322,53,,1.0,1,6.0,2.0,
9719,1,7314,67,,1.0,1,1.0,4.0,22.0
9720,1,7309,41,,1.0,2,3.0,4.0,
9720,2,7309,39,,7.0,1,6.0,4.0,50.0
9720,3,7309,4,1.0,,2,,,
9720,4,7309,2,,,2,,,
9720,5,7309,23,15.0,1.0,2,6.0,4.0,
9720,6,7309,23,,1.0,1,1.0,4.0,25.0
9721,1,7306,69,,1.0,2,6.0,4.0,40.0
9721,2,7306,69,,,1,6.0,2.0,
9721,3,7306,53,,,1,6.0,4.0,
9721,4,7306,37,,1.0,1,1.0,4.0,40.0
9722,1,7310,70,,4.0,1,1.0,4.0,55.0
9722,2,7310,70,,4.0,2,1.0,4.0,40.0
9722,3,7310,34,15.0,1.0,2,3.0,4.0,20.0
9722,4,7310,3,1.0,,1,,,
9723,1,7313,32,,1.0,2,1.0,4.0,44.0
9723,2,7313,35,,5.0,1,4.0,1.0,35.0
9723,3,7313,13,10.0,,2,,,
9723,4,7313,9,6.0,,2,,,
9723,5,7313,7,3.0,,2,,,
9723,6,7313,5,2.0,,1,,,
9724,1,7310,38,,6.0,1,1.0,4.0,30.0
9725,1,7310,33,,1.0,1,1.0,4.0,25.0
9725,2,7310,36,,1.0,1,1.0,4.0,42.0
9726,1,7320,46,,5.0,1,1.0,4.0,40.0
9726,2,7320,45,,,1,6.0,4.0,
9726,3,7320,69,,,2,6.0,4.0,
9727,1,7316,28,,1.0,1,1.0,4.0,40.0
9727,2,7316,27,16.0,2.0,2,1.0,4.0,20.0
9728,1,7304,57,,1.0,2,6.0,2.0,
9728,2,7304,70,,1.0,1,6.0,2.0,
9728,3,7304,24,,1.0,2,1.0,4.0,24.0
9728,4,7304,26,,1.0,1,1.0,4.0,40.0
9729,1,7317,68,,,1,6.0,4.0,
9729,2,7317,63,,,1,6.0,4.0,
9730,1,7305,90,,,2,6.0,4.0,
9731,1,7316,31,,2.0,2,1.0,4.0,48.0
9732,1,7309,57,,7.0,1,1.0,4.0,32.0
9732,2,7309,43,,1.0,2,1.0,4.0,32.0
9732,3,7309,4,1.0,,1,,,
9732,4,7309,0,,,2,,,
9733,1,7322,30,,7.0,2,1.0,4.0,50.0
9733,2,7322,38,,7.0,1,1.0,4.0,50.0
9733,3,7322,0,,,1,,,
9733,4,7322,16,13.0,,2,6.0,,
9734,1,7305,70,,6.0,2,6.0,4.0,
9735,1,7317,48,,1.0,2,1.0,4.0,40.0
9735,2,7317,16,13.0,,2,6.0,,
9736,1,7318,66,,,2,6.0,4.0,
9736,2,7318,48,,,2,6.0,4.0,
9736,3,7318,26,15.0,2.0,2,1.0,4.0,52.0
9736,4,7318,21,15.0,,2,6.0,4.0,
9737,1,7321,64,,,2,6.0,4.0,
9737,2,7321,48,,1.0,2,1.0,4.0,90.0
9737,3,7321,62,,,1,6.0,4.0,
9738,1,7312,66,,1.0,2,1.0,4.0,8.0
9738,2,7312,64,,,1,6.0,4.0,
9738,3,7312,39,,1.0,2,6.0,4.0,1.0
9738,4,7312,6,2.0,,2,,,
9738,5,7312,36,,1.0,1,1.0,4.0,8.0
9739,1,7310,74,,,2,6.0,4.0,
9740,1,7314,57,,1.0,1,1.0,4.0,45.0
9740,2,7314,52,,1.0,2,1.0,4.0,50.0
9741,1,7310,35,,1.0,2,1.0,4.0,40.0
9741,2,7310,35,,1.0,1,1.0,4.0,40.0
9741,3,7310,6,3.0,,2,,,
9741,4,7310,3,,,1,,,
9742,1,7311,52,,,1,6.0,4.0,
9742,2,7311,38,,1.0,2,1.0,4.0,40.0
9743,1,7310,86,,4.0,1,1.0,4.0,8.0
9743,2,7310,87,,,2,6.0,4.0,
9744,1,7310,34,,1.0,1,1.0,4.0,40.0
9744,2,7310,39,,1.0,2,1.0,4.0,40.0
9744,3,7310,4,1.0,,2,,,
9744,4,7310,2,,,2,,,
9745,1,7318,88,,,2,6.0,4.0,
9746,1,7318,34,,,2,6.0,4.0,
9746,2,7318,15,10.0,,1,,,
9746,3,7318,12,8.0,,1,,,
9746,4,7318,39,,3.0,2,1.0,4.0,25.0
9747,1,7317,60,,1.0,1,1.0,4.0,40.0
9747,2,7317,59,,2.0,2,1.0,4.0,8.0
9747,3,7317,26,,1.0,1,1.0,4.0,20.0
9748,1,7316,61,,,1,6.0,4.0,
9749,1,7318,77,,,1,6.0,2.0,
9750,1,7312,57,,8.0,2,1.0,4.0,15.0
9750,2,7312,51,,6.0,1,6.0,4.0,40.0
9751,1,7310,65,,7.0,1,1.0,4.0,20.0
9751,2,7310,61,,,2,6.0,4.0,
9752,1,7312,22,,1.0,2,1.0,4.0,40.0
9753,1,7303,49,,1.0,1,1.0,4.0,40.0
9753,2,7303,47,,1.0,2,1.0,4.0,36.0
9753,3,7303,22,,1.0,2,3.0,4.0,
9753,4,7303,0,,,1,,,
9754,1,7308,52,,6.0,1,1.0,4.0,40.0
9754,2,7308,50,,1.0,2,1.0,2.0,50.0
9755,1,7317,25,,1.0,1,1.0,4.0,40.0
9755,2,7317,24,,1.0,2,1.0,4.0,8.0
9755,3,7317,5,,,1,,,
9755,4,7317,4,,,1,,,
9755,5,7317,1,,,2,,,
9756,1,7301,42,,1.0,1,1.0,2.0,45.0
9756,2,7301,34,,1.0,2,1.0,4.0,36.0
9756,3,7301,6,3.0,,1,,,
9756,4,7301,3,,,1,,,
9757,1,7314,29,,1.0,1,1.0,4.0,40.0
9757,2,7314,27,,1.0,2,1.0,4.0,40.0
9758,1,7313,35,,1.0,1,1.0,4.0,40.0
9758,2,7313,29,,1.0,2,6.0,4.0,
9758,3,7313,3,1.0,,2,,,
9758,4,7313,1,,,2,,,
9759,1,7303,72,,,1,6.0,4.0,
9759,2,7303,69,,1.0,2,1.0,4.0,30.0
9760,1,7301,40,,6.0,1,1.0,4.0,40.0
9760,2,7301,33,,1.0,2,1.0,4.0,40.0
9761,1,7314,34,,5.0,1,4.0,1.0,55.0
9762,1,7303,50,,7.0,1,1.0,4.0,35.0
9762,2,7303,48,,,2,6.0,4.0,
9762,3,7303,18,15.0,1.0,1,1.0,4.0,20.0
9762,4,7303,16,12.0,,2,6.0,,
9762,5,7303,13,10.0,,2,,,
9763,1,7316,67,,7.0,2,1.0,4.0,65.0
9764,1,7306,41,,1.0,1,1.0,4.0,40.0
9764,2,7306,33,15.0,,2,6.0,4.0,
9764,3,7306,1,,,2,,,
9764,4,7306,2,,,1,,,
9765,1,7303,46,,1.0,1,1.0,4.0,45.0
9765,2,7303,53,,1.0,1,1.0,4.0,30.0
9765,3,7303,75,,,2,6.0,4.0,
9766,1,7310,40,16.0,6.0,1,1.0,4.0,20.0
9766,2,7310,9,6.0,,1,,,
9766,3,7310,2,,,2,,,
9767,1,7306,50,,1.0,1,1.0,4.0,40.0
9767,2,7306,44,,1.0,2,1.0,4.0,30.0
9767,3,7306,19,15.0,,2,6.0,4.0,
9767,4,7306,15,13.0,,2,,,
9767,5,7306,10,7.0,,2,,,
9767,6,7306,5,2.0,,1,,,
9767,7,7306,5,1.0,,2,,,
9768,1,7307,66,,,2,6.0,4.0,
9768,2,7307,70,,,2,6.0,4.0,
9769,1,7316,86,,,1,6.0,4.0,
9769,2,7316,87,,,2,6.0,4.0,
9770,1,7307,29,,1.0,2,1.0,4.0,40.0
9770,2,7307,29,15.0,1.0,1,1.0,4.0,50.0
9771,1,7304,64,,1.0,2,1.0,4.0,40.0
9772,1,7317,38,,5.0,1,1.0,4.0,45.0
9772,2,7317,34,,1.0,2,1.0,4.0,23.0
9772,3,7317,0,,,2,,,
9773,1,7310,71,,,2,6.0,4.0,
9773,2,7310,68,,,1,6.0,4.0,
9774,1,7316,58,,1.0,1,1.0,4.0,40.0
9774,2,7316,57,,1.0,2,1.0,4.0,51.0
9775,1,7314,54,,1.0,2,1.0,4.0,35.0
9775,2,7314,26,15.0,1.0,1,1.0,4.0,22.0
9775,3,7314,23,,1.0,2,1.0,4.0,25.0
9776,1,7317,43,,2.0,1,1.0,4.0,40.0
9776,2,7317,40,,1.0,2,1.0,4.0,30.0
9776,3,7317,10,7.0,,2,,,
9776,4,7317,3,1.0,,2,,,
9777,1,7311,59,,4.0,2,1.0,4.0,50.0
9777,2,7311,83,,,2,6.0,4.0,
9778,1,7308,76,,6.0,1,6.0,2.0,6.0
9779,1,7309,35,,1.0,2,1.0,4.0,40.0
9779,2,7309,35,,1.0,1,1.0,4.0,9.0
9779,3,7309,1,,,2,,,
9780,1,7311,33,,2.0,2,1.0,4.0,40.0
9780,2,7311,32,,1.0,1,1.0,4.0,50.0
9781,1,7302,21,,5.0,2,4.0,1.0,40.0
9781,2,7302,20,,5.0,1,4.0,1.0,40.0
9782,1,7321,75,,,1,6.0,4.0,
9782,2,7321,54,,,1,6.0,4.0,
9782,3,7321,29,,7.0,2,1.0,4.0,40.0
9782,4,7321,9,5.0,,2,,,
9782,5,7321,29,,1.0,1,1.0,4.0,40.0
9782,6,7321,2,,,1,,,
9783,1,7302,58,,1.0,1,1.0,4.0,40.0
9783,2,7302,14,,,1,,,
9784,1,7316,28,,2.0,2,1.0,4.0,40.0
9784,2,7316,27,,2.0,2,1.0,4.0,40.0
9785,1,7305,26,,1.0,1,1.0,4.0,40.0
9785,2,7305,28,,1.0,2,1.0,4.0,40.0
9786,1,7305,83,,,2,6.0,4.0,
9787,1,7305,66,,,2,6.0,4.0,
9787,2,7305,72,,6.0,1,1.0,2.0,20.0
9787,3,7305,51,,1.0,1,3.0,2.0,40.0
9787,4,7305,47,15.0,1.0,2,6.0,4.0,
9787,5,7305,21,,1.0,1,1.0,4.0,40.0
9787,6,7305,21,,1.0,1,1.0,4.0,30.0
9788,1,7322,56,,1.0,2,1.0,4.0,25.0
9788,2,7322,26,,9.0,2,3.0,4.0,
9789,1,7322,42,,1.0,1,1.0,4.0,45.0
9789,2,7322,45,,,2,6.0,4.0,
9789,3,7322,15,12.0,,2,,,
9789,4,7322,12,9.0,,2,,,
9789,5,7322,35,,1.0,1,1.0,4.0,40.0
9790,1,7311,66,,,1,6.0,4.0,
9790,2,7311,64,,1.0,2,1.0,4.0,15.0
9790,3,7311,40,,1.0,2,1.0,4.0,20.0
9791,1,7301,48,,7.0,2,1.0,4.0,56.0
9791,2,7301,59,,1.0,1,1.0,4.0,40.0
9791,3,7301,26,,1.0,1,1.0,4.0,40.0
9791,4,7301,25,15.0,1.0,2,1.0,4.0,40.0
9792,1,7311,47,,1.0,1,1.0,4.0,50.0
9793,1,7314,32,,5.0,1,1.0,2.0,40.0
9793,2,7314,32,,1.0,2,1.0,4.0,40.0
9794,1,7314,46,,7.0,1,1.0,4.0,50.0
9794,2,7314,34,,1.0,2,1.0,4.0,50.0
9795,1,7311,59,15.0,1.0,1,1.0,4.0,40.0
9795,2,7311,54,16.0,5.0,2,1.0,4.0,40.0
9796,1,7305,48,,1.0,2,1.0,4.0,50.0
9797,1,7310,29,,2.0,2,1.0,4.0,40.0
9797,2,7310,30,,3.0,1,1.0,4.0,43.0
9798,1,7319,75,,,1,6.0,2.0,
9798,2,7319,72,,,2,6.0,4.0,
9799,1,7307,66,,1.0,1,6.0,2.0,
9799,2,7307,66,,,2,6.0,4.0,
9800,1,7312,48,,6.0,1,1.0,4.0,40.0
9801,1,7301,41,,1.0,1,1.0,4.0,45.0
9801,2,7301,46,,1.0,2,6.0,4.0,
9801,3,7301,16,12.0,,1,6.0,,
9801,4,7301,13,10.0,,1,,,
9802,1,7320,47,,5.0,2,4.0,1.0,50.0
9802,2,7320,48,15.0,1.0,1,1.0,2.0,40.0
9802,3,7320,69,,,2,6.0,4.0,
9803,1,7310,86,,,2,6.0,4.0,
9804,1,7313,63,,,2,6.0,4.0,
9804,2,7313,65,,,1,6.0,4.0,
9805,1,7308,62,,5.0,1,6.0,4.0,40.0
9805,2,7308,57,,5.0,2,6.0,4.0,40.0
9806,1,7309,74,,,1,6.0,4.0,
9807,1,7316,26,,1.0,2,3.0,4.0,40.0
9807,2,7316,29,,1.0,1,1.0,4.0,65.0
9808,1,7307,39,,1.0,1,1.0,2.0,60.0
9808,2,7307,39,,1.0,2,1.0,4.0,42.0
9808,3,7307,11,7.0,,1,,,
9808,4,7307,9,6.0,,1,,,
9808,5,7307,7,4.0,,2,,,
9808,6,7307,15,12.0,,1,,,
9809,1,7317,57,,2.0,1,1.0,2.0,40.0
9809,2,7317,74,,,2,6.0,4.0,
9810,1,7319,65,,1.0,1,1.0,4.0,40.0
9810,2,7319,63,,1.0,2,1.0,4.0,24.0
9810,3,7319,37,,1.0,2,3.0,4.0,
9811,1,7316,43,,1.0,1,1.0,4.0,23.0
9812,1,7321,40,,1.0,1,1.0,4.0,40.0
9812,2,7321,39,,,2,6.0,4.0,
9812,3,7321,16,13.0,,2,6.0,,
9812,4,7321,11,9.0,,1,,,
9813,1,7308,65,,3.0,1,1.0,4.0,40.0
9813,2,7308,60,,,2,6.0,4.0,
9813,3,7308,26,16.0,2.0,2,3.0,4.0,40.0
9813,4,7308,21,15.0,6.0,1,3.0,4.0,8.0
9814,1,7309,71,,7.0,1,1.0,2.0,12.0
9814,2,7309,72,,7.0,2,6.0,4.0,
9815,1,7308,62,,5.0,1,6.0,2.0,40.0
9815,2,7308,61,,1.0,2,1.0,4.0,40.0
9816,1,7308,79,,3.0,1,1.0,2.0,1.0
9816,2,7308,78,,,2,6.0,4.0,
9816,3,7308,55,,,2,6.0,4.0,
9816,4,7308,20,15.0,7.0,2,1.0,4.0,20.0
9817,1,7320,50,,6.0,1,1.0,4.0,40.0
9817,2,7320,50,,3.0,2,1.0,4.0,40.0
9817,3,7320,22,,1.0,2,1.0,4.0,15.0
9817,4,7320,18,14.0,,2,6.0,4.0,
9817,5,7320,15,12.0,,2,,,
9817,6,7320,90,,,2,6.0,4.0,
9818,1,7306,64,,1.0,1,1.0,4.0,40.0
9818,2,7306,57,,,2,6.0,4.0,
9818,3,7306,18,13.0,,1,6.0,4.0,
9818,4,7306,23,,1.0,2,1.0,4.0,42.0
9819,1,7307,87,,,1,6.0,2.0,
9819,2,7307,77,,,2,6.0,4.0,
9820,1,7309,56,,1.0,1,1.0,4.0,50.0
9820,2,7309,58,,,2,6.0,4.0,
9820,3,7309,16,12.0,,1,6.0,,
9821,1,7314,35,,1.0,1,1.0,2.0,40.0
9821,2,7314,34,,1.0,2,1.0,4.0,40.0
9821,3,7314,1,,,2,,,
9822,1,7318,47,16.0,1.0,2,1.0,4.0,15.0
9822,2,7318,27,15.0,2.0,1,1.0,4.0,3.0
9822,3,7318,7,4.0,,2,,,
9823,1,7303,37,,5.0,2,4.0,1.0,50.0
9824,1,7309,34,,5.0,1,4.0,1.0,40.0
9824,2,7309,31,,3.0,2,1.0,4.0,50.0
9825,1,7318,31,,1.0,1,1.0,2.0,40.0
9826,1,7311,64,,,2,6.0,4.0,
9826,2,7311,65,,6.0,1,1.0,4.0,6.0
9827,1,7309,62,,,2,6.0,4.0,
9828,1,7319,88,,1.0,1,6.0,2.0,
9828,2,7319,83,,,2,6.0,4.0,
9828,3,7319,53,,,1,6.0,4.0,
9828,4,7319,70,,,2,6.0,4.0,
9829,1,7312,29,,4.0,1,1.0,4.0,60.0
9830,1,7306,69,,6.0,2,1.0,4.0,48.0
9830,2,7306,69,,,1,6.0,2.0,
9830,3,7306,37,,1.0,2,1.0,4.0,40.0
9830,4,7306,46,,1.0,1,1.0,2.0,40.0
9831,1,7317,73,,,2,6.0,4.0,
9832,1,7322,40,,1.0,1,1.0,4.0,90.0
9832,2,7322,40,,3.0,2,1.0,4.0,22.0
9832,3,7322,5,2.0,,1,,,
9832,4,7322,1,,,2,,,
9833,1,7305,42,,6.0,2,1.0,4.0,36.0
9833,2,7305,43,,1.0,1,1.0,4.0,40.0
9833,3,7305,15,11.0,,1,,,
9833,4,7305,68,,,2,6.0,4.0,
9834,1,7321,56,,9.0,2,3.0,4.0,
9835,1,7314,45,,6.0,1,1.0,4.0,40.0
9835,2,7314,48,,1.0,1,1.0,4.0,48.0
9836,1,7309,29,,1.0,2,1.0,4.0,40.0
9836,2,7309,32,,2.0,2,1.0,4.0,52.0
9837,1,7321,39,,1.0,1,1.0,4.0,80.0
9837,2,7321,38,,1.0,2,1.0,4.0,30.0
9837,3,7321,3,1.0,,2,,,
9838,1,7318,42,,6.0,2,1.0,4.0,33.0
9838,2,7318,18,,1.0,2,1.0,4.0,30.0
9838,3,7318,15,12.0,,2,,,
9839,1,7303,21,,,1,6.0,4.0,
9840,1,7309,44,,6.0,2,3.0,4.0,20.0
9840,2,7309,49,,1.0,1,1.0,4.0,40.0
9840,3,7309,10,,,2,,,
9840,4,7309,8,,,1,,,
9841,1,7313,60,,2.0,2,6.0,4.0,
9841,2,7313,65,,1.0,1,1.0,2.0,40.0
9841,3,7313,27,,1.0,1,1.0,4.0,9.0
9842,1,7313,80,,,2,6.0,4.0,
9843,1,7309,53,,7.0,2,1.0,4.0,20.0
9843,2,7309,53,,5.0,1,1.0,4.0,40.0
9843,3,7309,17,13.0,1.0,2,1.0,4.0,8.0
9844,1,7304,63,,,2,6.0,4.0,
9845,1,7309,46,,1.0,2,1.0,4.0,40.0
9845,2,7309,14,11.0,,1,,,
9845,3,7309,12,9.0,,1,,,
9846,1,7314,43,,6.0,2,1.0,4.0,40.0
9846,2,7314,67,,6.0,2,1.0,4.0,40.0
9847,1,7308,57,,1.0,1,6.0,4.0,
9847,2,7308,57,,1.0,2,1.0,4.0,32.0
9847,3,7308,8,4.0,,1,,,
9848,1,7316,30,,5.0,2,1.0,2.0,80.0
9849,1,7322,74,,,1,6.0,4.0,
9849,2,7322,71,,,2,6.0,4.0,
9850,1,7311,56,,6.0,2,1.0,4.0,40.0
9850,2,7311,57,,2.0,1,1.0,4.0,40.0
9850,3,7311,13,9.0,,1,,,
9851,1,7319,86,,,2,6.0,4.0,
9852,1,7321,68,,3.0,1,6.0,4.0,
9853,1,7309,47,,1.0,2,1.0,4.0,26.0
9853,2,7309,52,,1.0,1,1.0,4.0,40.0
9853,3,7309,13,9.0,,2,,,
9853,4,7309,11,8.0,,2,,,
9854,1,7301,38,,1.0,2,1.0,4.0,45.0
9854,2,7301,32,,1.0,1,1.0,4.0,40.0
9855,1,7315,60,,5.0,2,1.0,4.0,20.0
9855,2,7315,69,,,1,6.0,4.0,
9856,1,7321,58,,3.0,2,1.0,4.0,40.0
9857,1,7316,82,,,2,6.0,4.0,
9857,2,7316,49,,1.0,2,1.0,4.0,37.0
9857,3,7316,48,,1.0,1,1.0,4.0,40.0
9857,4,7316,29,,1.0,2,1.0,4.0,35.0
9857,5,7316,26,,1.0,1,1.0,4.0,5.0
9857,6,7316,13,10.0,,1,,,
9857,7,7316,11,8.0,,2,,,
9857,8,7316,54,,3.0,2,1.0,4.0,10.0
9858,1,7311,37,,5.0,1,4.0,1.0,80.0
9858,2,7311,38,,1.0,2,1.0,4.0,60.0
9858,3,7311,8,5.0,,2,,,
9858,4,7311,6,2.0,,1,,,
9859,1,7312,52,,1.0,2,6.0,4.0,
9860,1,7301,73,,,2,6.0,4.0,
9860,2,7301,78,,,1,6.0,4.0,
9861,1,7318,45,,1.0,2,1.0,4.0,40.0
9861,2,7318,47,,,2,6.0,4.0,
9861,3,7318,72,,,2,6.0,4.0,
9861,4,7318,71,,,1,6.0,4.0,
9861,5,7318,50,,1.0,1,1.0,4.0,40.0
9861,6,7318,23,,1.0,1,6.0,4.0,
9861,7,7318,17,13.0,,1,6.0,4.0,
9861,8,7318,5,1.0,,2,,,
9862,1,7318,67,,,1,6.0,4.0,
9862,2,7318,94,,,2,6.0,4.0,
9863,1,7303,65,,,2,6.0,4.0,
9863,2,7303,70,15.0,,1,6.0,2.0,
9864,1,7317,19,,1.0,2,1.0,4.0,30.0
9864,2,7317,21,,1.0,1,1.0,4.0,45.0
9865,1,7316,55,,3.0,1,1.0,4.0,40.0
9866,1,7321,34,,2.0,2,1.0,4.0,5.0
9866,2,7321,33,,1.0,1,1.0,4.0,40.0
9866,3,7321,11,7.0,,1,,,
9866,4,7321,71,,,2,6.0,4.0,
9867,1,7320,76,,1.0,2,2.0,4.0,40.0
9867,2,7320,34,,1.0,1,3.0,4.0,
9868,1,7322,50,,3.0,2,1.0,4.0,40.0
9869,1,7304,82,,,2,6.0,4.0,
9870,1,7301,54,,1.0,1,3.0,4.0,40.0
9870,2,7301,80,,,2,6.0,4.0,
9870,3,7301,61,,1.0,1,1.0,4.0,40.0
9871,1,7309,68,,5.0,1,6.0,2.0,
9871,2,7309,63,,3.0,2,6.0,4.0,
9871,3,7309,23,15.0,1.0,1,1.0,4.0,18.0
9872,1,7318,33,,1.0,1,1.0,4.0,40.0
9872,2,7318,27,,1.0,2,1.0,4.0,40.0
9872,3,7318,7,3.0,,2,,,
9872,4,7318,7,3.0,,2,,,
9873,1,7310,30,,1.0,2,6.0,4.0,
9873,2,7310,34,,1.0,1,6.0,4.0,
9874,1,7310,54,,7.0,1,1.0,4.0,70.0
9874,2,7310,52,,,2,6.0,4.0,
9875,1,7308,57,,6.0,1,1.0,4.0,65.0
9875,2,7308,56,,6.0,2,1.0,4.0,30.0
9875,3,7308,28,,1.0,2,1.0,4.0,30.0
9876,1,7313,69,,4.0,2,1.0,4.0,40.0
9877,1,7322,62,,1.0,2,1.0,4.0,40.0
9878,1,7315,31,,1.0,2,1.0,4.0,40.0
9878,2,7315,33,,1.0,1,1.0,4.0,40.0
9879,1,7313,68,,6.0,1,1.0,4.0,52.0
9879,2,7313,68,,1.0,2,1.0,4.0,4.0
9879,3,7313,34,,1.0,2,2.0,4.0,30.0
9879,4,7313,84,,,2,6.0,4.0,
9880,1,7321,40,,1.0,2,1.0,4.0,40.0
9880,2,7321,35,,1.0,1,1.0,4.0,40.0
9881,1,7316,36,,2.0,1,1.0,4.0,40.0
9882,1,7314,78,,,1,6.0,4.0,
9882,2,7314,78,,,2,6.0,4.0,
9883,1,7306,76,,6.0,1,6.0,4.0,
9883,2,7306,71,,1.0,2,6.0,4.0,
9884,1,7313,70,,,1,6.0,4.0,
9884,2,7313,59,,,2,6.0,4.0,
9884,3,7313,38,,4.0,2,1.0,4.0,22.0
9884,4,7313,34,,1.0,2,1.0,4.0,20.0
9884,5,7313,26,,1.0,2,3.0,4.0,
9885,1,7316,67,,,2,6.0,4.0,
9885,2,7316,33,15.0,1.0,2,3.0,4.0,36.0
9886,1,7308,58,,3.0,1,1.0,4.0,40.0
9886,2,7308,58,,1.0,2,1.0,4.0,40.0
9887,1,7304,71,,6.0,1,1.0,4.0,20.0
9887,2,7304,68,,,2,6.0,4.0,
9888,1,7306,46,,1.0,2,1.0,4.0,50.0
9888,2,7306,19,,1.0,2,1.0,4.0,40.0
9889,1,7318,78,,6.0,1,6.0,2.0,
9889,2,7318,75,,,2,6.0,4.0,
9890,1,7301,47,,2.0,2,1.0,4.0,60.0
9890,2,7301,52,,1.0,1,1.0,4.0,60.0
9890,3,7301,15,11.0,,1,,,
9890,4,7301,13,10.0,,1,,,
9891,1,7320,32,,2.0,1,1.0,4.0,45.0
9891,2,7320,31,,3.0,2,1.0,4.0,40.0
9891,3,7320,2,,,1,,,
9891,4,7320,2,,,1,,,
9892,1,7316,34,,2.0,2,1.0,4.0,40.0
9893,1,7305,46,,1.0,2,1.0,4.0,40.0
9893,2,7305,44,,1.0,1,1.0,4.0,45.0
9893,3,7305,26,,1.0,2,1.0,4.0,40.0
9893,4,7305,16,13.0,,2,6.0,,
9893,5,7305,13,10.0,,2,,,
9893,6,7305,10,7.0,,2,,,
9894,1,7316,71,,2.0,2,6.0,4.0,
9895,1,7306,47,,1.0,1,1.0,4.0,40.0
9895,2,7306,45,,1.0,2,1.0,4.0,45.0
9895,3,7306,8,5.0,,1,,,
9895,4,7306,6,2.0,,1,,,
9896,1,7306,64,,,2,6.0,4.0,
9896,2,7306,63,,1.0,1,1.0,2.0,27.0
9897,1,7317,62,,5.0,2,6.0,4.0,
9898,1,7314,51,,6.0,1,1.0,4.0,75.0
9898,2,7314,51,,1.0,2,1.0,4.0,30.0
9898,3,7314,17,14.0,2.0,2,6.0,4.0,40.0
9898,4,7314,14,11.0,,1,,,
9899,1,7308,74,,6.0,2,1.0,4.0,7.0
9900,1,7316,66,,,1,6.0,2.0,
9901,1,7312,62,,2.0,2,1.0,4.0,55.0
9902,1,7303,80,,,1,6.0,4.0,
9902,2,7303,76,,,2,6.0,4.0,
9902,3,7303,48,,1.0,1,1.0,4.0,40.0
9902,4,7303,25,,1.0,1,1.0,4.0,36.0
9902,5,7303,16,13.0,,2,6.0,,
9902,6,7303,42,,,2,6.0,4.0,
9903,1,7304,68,,6.0,2,1.0,4.0,5.0
9903,2,7304,77,,6.0,1,1.0,2.0,6.0
9904,1,7312,47,,1.0,2,1.0,4.0,40.0
9904,2,7312,48,,1.0,1,1.0,4.0,40.0
9905,1,7304,68,,1.0,2,1.0,4.0,40.0
9905,2,7304,42,,1.0,2,1.0,4.0,40.0
9906,1,7304,66,,1.0,1,1.0,4.0,40.0
9906,2,7304,59,,1.0,2,1.0,4.0,40.0
9906,3,7304,24,15.0,1.0,1,1.0,4.0,40.0
9907,1,7321,77,,,2,6.0,4.0,
9907,2,7321,52,,1.0,2,1.0,4.0,60.0
9907,3,7321,68,,6.0,1,6.0,2.0,40.0
9908,1,7321,80,,,1,6.0,2.0,
9908,2,7321,66,,,2,6.0,4.0,
9909,1,7309,60,,,2,6.0,4.0,
9910,1,7321,30,,1.0,1,1.0,4.0,32.0
9911,1,7320,50,,5.0,2,1.0,4.0,50.0
9911,2,7320,52,,3.0,2,6.0,4.0,
9911,3,7320,83,,,1,6.0,4.0,
9911,4,7320,77,,,2,6.0,4.0,
9912,1,7311,39,,2.0,2,1.0,4.0,40.0
9912,2,7311,36,,3.0,1,1.0,4.0,40.0
9912,3,7311,18,15.0,1.0,2,1.0,4.0,10.0
9912,4,7311,4,1.0,,2,,,
9912,5,7311,3,1.0,,2,,,
9913,1,7311,24,16.0,1.0,1,6.0,4.0,
9913,2,7311,24,,1.0,2,1.0,4.0,20.0
9913,3,7311,0,,,2,,,
9914,1,7306,60,,2.0,1,1.0,4.0,50.0
9914,2,7306,53,,3.0,2,1.0,4.0,32.0
9914,3,7306,32,,1.0,1,1.0,4.0,40.0
9914,4,7306,25,,8.0,2,2.0,4.0,20.0
9915,1,7307,46,,7.0,1,1.0,4.0,40.0
9915,2,7307,34,,,2,6.0,4.0,
9915,3,7307,13,10.0,,2,,,
9915,4,7307,5,,,1,,,
9915,5,7307,1,,,1,,,
9916,1,7310,52,,3.0,1,1.0,4.0,30.0
9916,2,7310,17,14.0,1.0,2,1.0,4.0,20.0
9917,1,7309,48,,5.0,1,1.0,4.0,40.0
9917,2,7309,43,,,2,6.0,4.0,
9917,3,7309,12,9.0,,1,,,
9918,1,7312,25,,5.0,1,4.0,1.0,50.0
9918,2,7312,25,,5.0,2,1.0,4.0,40.0
9918,3,7312,0,,,1,,,
9919,1,7313,70,,,2,6.0,4.0,
9919,2,7313,35,,2.0,2,1.0,4.0,40.0
9919,3,7313,15,11.0,,1,,,
9919,4,7313,9,5.0,,1,,,
9920,1,7306,38,16.0,3.0,1,1.0,4.0,45.0
9920,2,7306,37,,1.0,2,1.0,4.0,20.0
9921,1,7316,32,,1.0,1,1.0,4.0,35.0
9922,1,7316,28,,1.0,1,1.0,4.0,44.0
9922,2,7316,28,,1.0,2,1.0,4.0,40.0
9923,1,7314,72,,1.0,1,6.0,4.0,
9923,2,7314,73,,,2,6.0,4.0,
9924,1,7308,37,,1.0,2,1.0,4.0,40.0
9924,2,7308,34,,1.0,1,1.0,4.0,50.0
9924,3,7308,3,1.0,,1,,,
9924,4,7308,0,,,1,,,
9925,1,7304,31,,1.0,1,1.0,4.0,30.0
9925,2,7304,29,,1.0,2,1.0,4.0,40.0
9926,1,7322,78,,,2,6.0,4.0,
9927,1,7305,44,,1.0,1,1.0,4.0,50.0
9927,2,7305,44,,1.0,2,1.0,4.0,45.0
9928,1,7309,66,,,2,6.0,4.0,
9929,1,7311,75,,,2,6.0,4.0,
9929,2,7311,76,,,1,6.0,4.0,
9930,1,7316,26,,6.0,1,1.0,4.0,10.0
9930,2,7316,27,,1.0,2,1.0,4.0,40.0
9931,1,7302,56,,6.0,2,1.0,4.0,10.0
9931,2,7302,60,,7.0,1,1.0,4.0,40.0
9932,1,7301,33,16.0,6.0,2,1.0,4.0,30.0
9932,2,7301,38,,1.0,1,3.0,4.0,40.0
9933,1,7316,31,,1.0,2,1.0,4.0,36.0
9934,1,7314,57,,1.0,1,1.0,4.0,45.0
9934,2,7314,57,,1.0,2,1.0,4.0,40.0
9935,1,7307,44,,1.0,1,1.0,4.0,40.0
9935,2,7307,42,,1.0,2,1.0,4.0,40.0
9935,3,7307,15,12.0,,2,,,
9935,4,7307,13,9.0,,1,,,
9935,5,7307,16,12.0,,1,6.0,,
9935,6,7307,13,10.0,,2,,,
9936,1,7313,41,,1.0,1,1.0,4.0,40.0
9937,1,7322,65,,6.0,2,1.0,4.0,60.0
9938,1,7316,58,,6.0,1,1.0,4.0,28.0
9938,2,7316,17,13.0,,1,6.0,4.0,
9938,3,7316,50,,1.0,2,1.0,4.0,40.0
9939,1,7312,79,,,2,6.0,4.0,
9939,2,7312,75,,6.0,1,1.0,4.0,20.0
9940,1,7315,23,16.0,2.0,2,6.0,4.0,10.0
9940,2,7315,24,,1.0,2,6.0,4.0,15.0
9940,3,7315,22,16.0,1.0,2,1.0,4.0,3.0
9941,1,7318,50,,,1,6.0,4.0,
9941,2,7318,54,,1.0,2,1.0,4.0,2.0
9941,3,7318,6,3.0,,1,,,
9941,4,7318,6,3.0,,1,,,
9941,5,7318,25,,1.0,1,1.0,4.0,40.0
9942,1,7312,37,,1.0,2,1.0,4.0,40.0
9942,2,7312,36,16.0,1.0,1,1.0,4.0,40.0
9942,3,7312,12,8.0,,1,,,
9942,4,7312,6,3.0,,2,,,
9943,1,7322,71,,,1,6.0,2.0,
9943,2,7322,73,,,2,6.0,4.0,
9944,1,7319,77,,1.0,2,6.0,4.0,
9945,1,7317,63,,1.0,1,6.0,4.0,
9945,2,7317,64,,2.0,1,6.0,4.0,
9946,1,7306,49,,1.0,1,1.0,4.0,40.0
9946,2,7306,46,,,2,6.0,4.0,
9946,3,7306,22,,1.0,2,1.0,4.0,40.0
9947,1,7301,30,,3.0,1,1.0,4.0,40.0
9947,2,7301,29,,1.0,2,1.0,4.0,8.0
9947,3,7301,9,5.0,,2,,,
9947,4,7301,6,3.0,,1,,,
9948,1,7318,55,,1.0,1,1.0,4.0,40.0
9948,2,7318,48,,1.0,2,1.0,4.0,40.0
9948,3,7318,28,,1.0,1,1.0,4.0,40.0
9948,4,7318,20,15.0,,1,6.0,4.0,
9948,5,7318,51,,,2,6.0,4.0,
9948,6,7318,80,,,2,6.0,4.0,
9949,1,7310,53,,1.0,1,1.0,3.0,65.0
9949,2,7310,48,,3.0,2,1.0,4.0,40.0
9949,3,7310,12,9.0,,2,,,
9949,4,7310,11,8.0,,1,,,
9950,1,7311,42,,1.0,1,1.0,4.0,50.0
9950,2,7311,41,,1.0,2,1.0,4.0,50.0
9950,3,7311,6,2.0,,2,,,
9951,1,7314,31,,1.0,1,1.0,2.0,24.0
9951,2,7314,26,16.0,3.0,2,3.0,4.0,
9952,1,7313,51,,1.0,1,1.0,2.0,60.0
9952,2,7313,51,,7.0,2,1.0,4.0,20.0
9953,1,7307,62,,4.0,2,1.0,4.0,26.0
9953,2,7307,63,,1.0,1,1.0,2.0,40.0
9954,1,7322,55,,1.0,1,1.0,2.0,40.0
9954,2,7322,55,,4.0,2,1.0,4.0,40.0
9955,1,7301,72,,,1,6.0,2.0,
9956,1,7315,57,,7.0,1,1.0,4.0,40.0
9957,1,7304,28,,1.0,1,1.0,4.0,40.0
9957,2,7304,28,,1.0,2,1.0,4.0,40.0
9958,1,7305,38,,1.0,2,1.0,4.0,50.0
9958,2,7305,42,15.0,1.0,1,1.0,4.0,50.0
9958,3,7305,20,15.0,1.0,2,6.0,4.0,20.0
9958,4,7305,11,8.0,,1,,,
9959,1,7303,71,,,1,6.0,4.0,
9959,2,7303,71,,,2,6.0,4.0,
9960,1,7312,56,,7.0,2,1.0,4.0,90.0
9960,2,7312,62,,1.0,1,1.0,4.0,44.0
9961,1,7303,83,,,2,6.0,2.0,
9962,1,7321,35,15.0,1.0,1,1.0,4.0,40.0
9962,2,7321,35,,1.0,2,1.0,4.0,40.0
9962,3,7321,13,10.0,,2,,,
9962,4,7321,7,4.0,,1,,,
9963,1,7313,60,,2.0,2,1.0,4.0,40.0
9963,2,7313,63,,,1,6.0,4.0,
9963,3,7313,33,,1.0,1,1.0,4.0,40.0
9963,4,7313,29,,2.0,2,1.0,4.0,20.0
9963,5,7313,22,,2.0,1,1.0,4.0,20.0
9964,1,7320,56,,5.0,1,1.0,4.0,50.0
9964,2,7320,54,,1.0,2,1.0,4.0,58.0
9965,1,7322,26,,2.0,2,1.0,4.0,40.0
9965,2,7322,26,,2.0,1,1.0,4.0,50.0
9966,1,7305,56,,1.0,1,1.0,4.0,32.0
9966,2,7305,49,,1.0,2,1.0,4.0,32.0
9966,3,7305,21,15.0,1.0,1,1.0,4.0,16.0
9966,4,7305,21,15.0,1.0,2,1.0,4.0,24.0
9966,5,7305,19,15.0,1.0,2,1.0,4.0,18.0
9967,1,7310,53,,,2,6.0,4.0,
9967,2,7310,57,,1.0,1,1.0,4.0,70.0
9967,3,7310,14,10.0,,2,,,
9968,1,7314,45,,1.0,2,1.0,4.0,20.0
9968,2,7314,43,,1.0,1,1.0,4.0,40.0
9968,3,7314,13,9.0,,1,,,
9968,4,7314,10,7.0,,2,,,
9969,1,7312,58,,8.0,2,1.0,4.0,72.0
9969,2,7312,55,,1.0,1,1.0,4.0,40.0
9970,1,7321,36,,1.0,1,1.0,4.0,40.0
9970,2,7321,35,15.0,1.0,2,6.0,4.0,5.0
9970,3,7321,4,,,2,,,
9970,4,7321,1,,,1,,,
9971,1,7308,52,,1.0,2,1.0,4.0,24.0
9971,2,7308,50,,1.0,1,1.0,4.0,40.0
9971,3,7308,16,13.0,,2,6.0,,
9972,1,7319,73,,,2,6.0,4.0,
9972,2,7319,35,,1.0,2,1.0,4.0,20.0
9973,1,7302,88,,,2,6.0,4.0,
9973,2,7302,64,,,1,6.0,4.0,
9973,3,7302,68,,,2,6.0,4.0,
9974,1,7312,39,,2.0,2,1.0,4.0,40.0
9974,2,7312,36,,4.0,2,1.0,4.0,40.0
9975,1,7310,31,,6.0,1,1.0,4.0,50.0
9975,2,7310,32,,1.0,2,2.0,4.0,40.0
9975,3,7310,8,6.0,,2,,,
9975,4,7310,5,2.0,,1,,,
9975,5,7310,3,1.0,,2,,,
9975,6,7310,1,,,1,,,
9975,7,7310,15,12.0,,1,,,
9976,1,7313,25,,1.0,2,1.0,4.0,60.0
9976,2,7313,27,15.0,1.0,1,1.0,4.0,40.0
9977,1,7316,36,,1.0,2,1.0,4.0,40.0
9978,1,7319,20,15.0,2.0,2,3.0,4.0,15.0
9978,2,7319,17,15.0,1.0,2,3.0,4.0,
9979,1,7301,68,,4.0,2,1.0,4.0,40.0
9980,1,7309,53,,3.0,2,1.0,4.0,40.0
9980,2,7309,57,,6.0,1,1.0,4.0,40.0
9980,3,7309,17,14.0,1.0,1,1.0,4.0,10.0
9980,4,7309,15,12.0,,1,,,
9981,1,7313,40,,1.0,2,1.0,4.0,40.0
9981,2,7313,42,,1.0,1,1.0,4.0,40.0
9981,3,7313,16,11.0,,1,6.0,,
9981,4,7313,6,2.0,,2,,,
9981,5,7313,65,,,2,6.0,4.0,
9982,1,7309,26,15.0,1.0,1,1.0,2.0,40.0
9982,2,7309,27,15.0,5.0,1,1.0,4.0,36.0
9983,1,7301,81,,,1,6.0,2.0,
9983,2,7301,73,15.0,,2,6.0,4.0,
9984,1,7322,54,,1.0,1,1.0,4.0,55.0
9984,2,7322,60,,,2,6.0,4.0,
9984,3,7322,33,,1.0,2,1.0,4.0,40.0
9984,4,7322,27,,1.0,1,1.0,4.0,40.0
9984,5,7322,2,,,1,,,
9984,6,7322,1,,,2,,,
9984,7,7322,34,,1.0,1,1.0,4.0,55.0
9985,1,7315,38,,1.0,1,1.0,4.0,40.0
9985,2,7315,38,,1.0,2,3.0,4.0,40.0
9985,3,7315,2,,,1,,,
9986,1,7306,35,,1.0,1,1.0,4.0,40.0
9986,2,7306,35,,1.0,1,1.0,4.0,40.0
9987,1,7313,66,,6.0,2,6.0,4.0,40.0
9988,1,7301,55,,1.0,1,1.0,4.0,50.0
9988,2,7301,53,,7.0,2,1.0,4.0,30.0
9989,1,7316,39,,1.0,2,1.0,4.0,40.0
9989,2,7316,43,,1.0,1,1.0,4.0,42.0
9990,1,7308,61,,1.0,2,2.0,4.0,40.0
9991,1,7307,33,,1.0,1,1.0,4.0,50.0
9991,2,7307,34,,3.0,2,1.0,4.0,45.0
9991,3,7307,4,1.0,,1,,,
9991,4,7307,3,,,2,,,
9991,5,7307,0,,,1,,,
9992,1,7307,76,,,1,6.0,2.0,
9992,2,7307,74,,,2,6.0,4.0,
9993,1,7310,39,,5.0,1,1.0,4.0,40.0
9994,1,7311,68,,7.0,2,1.0,4.0,40.0
9994,2,7311,32,16.0,2.0,2,1.0,4.0,40.0
9995,1,7310,50,,1.0,2,1.0,4.0,40.0
9995,2,7310,22,,7.0,1,1.0,4.0,20.0
9995,3,7310,19,15.0,1.0,1,1.0,4.0,30.0
9996,1,7312,51,,1.0,1,6.0,4.0,
9997,1,7319,33,15.0,2.0,1,1.0,2.0,40.0
9997,2,7319,31,,,2,6.0,4.0,
9997,3,7319,10,7.0,,2,,,
9997,4,7319,4,,,2,,,
9998,1,7306,46,,1.0,1,1.0,4.0,40.0
9999,1,7301,56,,6.0,2,1.0,4.0,50.0
9999,2,7301,56,15.0,,1,6.0,4.0,
9999,3,7301,20,,1.0,2,1.0,4.0,30.0
10000,1,7313,54,,2.0,2,1.0,4.0,16.0
10000,2,7313,53,,1.0,1,1.0,4.0,40.0
10000,3,7313,22,,2.0,2,1.0,4.0,24.0
10000,4,7313,20,15.0,1.0,2,1.0,4.0,25.0
10001,1,7302,57,,1.0,1,1.0,4.0,45.0
10001,2,7302,33,15.0,1.0,1,1.0,4.0,15.0
10001,3,7302,25,,1.0,2,1.0,4.0,40.0
10001,4,7302,25,16.0,1.0,1,1.0,4.0,16.0
10001,5,7302,52,,,1,6.0,4.0,
10001,6,7302,58,,,1,6.0,2.0,
10002,1,7312,28,15.0,1.0,2,1.0,4.0,40.0
10002,2,7312,27,,4.0,2,1.0,4.0,40.0
10003,1,7318,43,,1.0,2,1.0,4.0,90.0
10003,2,7318,11,7.0,,2,,,
10004,1,7304,69,,1.0,1,1.0,4.0,50.0
10004,2,7304,67,,1.0,2,1.0,4.0,50.0
10005,1,7301,48,,1.0,1,1.0,4.0,45.0
10005,2,7301,51,,1.0,2,6.0,4.0,
10005,3,7301,49,,1.0,2,1.0,4.0,30.0
10005,4,7301,9,6.0,,1,,,
10006,1,7316,42,,1.0,1,1.0,4.0,8.0
10007,1,7306,42,,1.0,2,1.0,4.0,40.0
10007,2,7306,47,,6.0,1,1.0,4.0,40.0
10007,3,7306,9,6.0,,2,,,
10007,4,7306,6,3.0,,2,,,
10008,1,7315,23,,1.0,2,1.0,4.0,45.0
10009,1,7316,44,,6.0,2,1.0,4.0,50.0
10010,1,7322,57,,1.0,1,1.0,4.0,40.0
10010,2,7322,54,,,2,6.0,4.0,
10010,3,7322,18,15.0,,2,6.0,4.0,
10010,4,7322,89,,,1,6.0,4.0,
10010,5,7322,82,,,2,6.0,4.0,
10011,1,7306,16,12.0,6.0,1,1.0,,20.0
10012,1,7321,49,,6.0,1,1.0,4.0,40.0
10012,2,7321,45,,1.0,2,1.0,4.0,40.0
10012,3,7321,23,16.0,1.0,2,1.0,4.0,20.0
10012,4,7321,19,15.0,9.0,2,3.0,4.0,
10013,1,7304,39,,2.0,1,1.0,4.0,60.0
10014,1,7312,50,,3.0,1,1.0,4.0,40.0
10014,2,7312,50,,,2,6.0,4.0,
10014,3,7312,19,15.0,1.0,1,1.0,4.0,4.0
10014,4,7312,18,13.0,1.0,1,1.0,4.0,20.0
10014,5,7312,14,11.0,,2,,,
10015,1,7320,85,,,1,6.0,4.0,
10015,2,7320,50,,3.0,1,1.0,4.0,40.0
10016,1,7303,49,,3.0,1,1.0,4.0,40.0
10016,2,7303,45,,6.0,2,1.0,4.0,6.0
10016,3,7303,18,15.0,1.0,2,1.0,4.0,20.0
10016,4,7303,13,10.0,,1,,,
10017,1,7305,47,,1.0,2,1.0,4.0,45.0
10017,2,7305,53,,4.0,1,1.0,4.0,40.0
10017,3,7305,21,15.0,1.0,2,1.0,4.0,15.0
10017,4,7305,13,9.0,,1,,,
10018,1,7311,32,,1.0,1,1.0,4.0,40.0
10018,2,7311,29,,,2,6.0,4.0,
10019,1,7322,65,,3.0,1,6.0,2.0,40.0
10019,2,7322,61,,1.0,2,1.0,4.0,40.0
10019,3,7322,25,15.0,1.0,1,1.0,4.0,32.0
10020,1,7301,63,,1.0,1,1.0,4.0,40.0
10021,1,7308,46,,3.0,2,1.0,4.0,40.0
10021,2,7308,15,12.0,,1,,,
10021,3,7308,12,10.0,,2,,,
10022,1,7317,81,,,1,6.0,3.0,
10023,1,7322,21,,1.0,1,1.0,4.0,40.0
10023,2,7322,20,,1.0,2,1.0,4.0,40.0
10024,1,7308,31,,1.0,2,1.0,4.0,3.0
10024,2,7308,4,1.0,,2,,,
10024,3,7308,1,,,1,,,
10025,1,7320,41,,1.0,1,1.0,4.0,40.0
10025,2,7320,49,,3.0,2,1.0,4.0,40.0
10025,3,7320,11,7.0,,2,,,
10025,4,7320,9,5.0,,2,,,
10026,1,7310,89,,,2,6.0,4.0,
10027,1,7319,82,,1.0,2,6.0,4.0,10.0
10027,2,7319,79,,,1,6.0,4.0,
10027,3,7319,45,15.0,3.0,1,1.0,4.0,45.0
10027,4,7319,18,14.0,,2,6.0,4.0,
10027,5,7319,16,13.0,1.0,2,1.0,,15.0
10027,6,7319,13,9.0,,2,,,
10027,7,7319,5,2.0,,2,,,
10027,8,7319,38,,1.0,2,1.0,4.0,30.0
10028,1,7313,64,,4.0,2,1.0,4.0,20.0
10028,2,7313,60,,,1,6.0,2.0,
10029,1,7319,87,,,1,6.0,3.0,
10029,2,7319,84,,,2,6.0,4.0,
10030,1,7315,23,15.0,1.0,1,1.0,4.0,45.0
10030,2,7315,26,,1.0,1,3.0,4.0,35.0
10030,3,7315,22,15.0,3.0,2,1.0,4.0,30.0
10031,1,7320,41,,4.0,1,1.0,4.0,40.0
10031,2,7320,44,,1.0,2,1.0,4.0,20.0
10031,3,7320,12,9.0,,1,,,
10031,4,7320,10,7.0,,2,,,
10031,5,7320,8,4.0,,2,,,
10032,1,7315,46,,1.0,2,1.0,4.0,36.0
10032,2,7315,50,,1.0,1,1.0,4.0,40.0
10032,3,7315,17,,1.0,2,1.0,4.0,36.0
10033,1,7315,33,,1.0,2,1.0,4.0,40.0
10033,2,7315,38,,7.0,1,1.0,4.0,50.0
10033,3,7315,25,15.0,4.0,2,1.0,4.0,45.0
10033,4,7315,24,,3.0,1,1.0,2.0,30.0
10034,1,7319,89,,,1,6.0,3.0,
10034,2,7319,94,,,2,6.0,4.0,
10035,1,7314,28,16.0,1.0,2,1.0,4.0,40.0
10035,2,7314,28,,3.0,1,1.0,4.0,40.0
10035,3,7314,26,,1.0,2,1.0,4.0,40.0
10036,1,7318,65,,5.0,1,6.0,2.0,
10036,2,7318,64,,,2,6.0,4.0,
10036,3,7318,32,,1.0,2,6.0,4.0,
10036,4,7318,32,,1.0,1,1.0,4.0,40.0
10036,5,7318,42,,1.0,2,1.0,4.0,40.0
10036,6,7318,19,14.0,9.0,1,3.0,4.0,
10036,7,7318,12,7.0,,2,,,
10037,1,7308,56,,1.0,1,1.0,4.0,40.0
10037,2,7308,61,,1.0,2,1.0,4.0,40.0
10038,1,7301,71,,,1,6.0,4.0,
10038,2,7301,76,,,2,6.0,4.0,
10038,3,7301,37,,1.0,2,1.0,4.0,40.0
10039,1,7314,29,,,2,6.0,4.0,
10039,2,7314,9,5.0,,2,,,
10039,3,7314,7,3.0,,2,,,
10039,4,7314,4,,,1,,,
10039,5,7314,3,,,1,,,
10039,6,7314,0,,,2,,,
10040,1,7321,66,,,2,6.0,4.0,
10041,1,7322,72,,,2,6.0,4.0,
10042,1,7303,85,,,1,6.0,4.0,
10043,1,7303,43,,1.0,1,1.0,4.0,40.0
10043,2,7303,42,,,2,6.0,4.0,
10043,3,7303,9,6.0,,2,,,
10043,4,7303,7,4.0,,1,,,
10043,5,7303,5,2.0,,2,,,
10044,1,7302,62,,,1,6.0,4.0,
10045,1,7321,56,,1.0,1,1.0,4.0,40.0
10045,2,7321,56,,1.0,2,1.0,4.0,40.0
10045,3,7321,18,15.0,,2,6.0,4.0,
10046,1,7305,73,,,2,6.0,4.0,
10047,1,7318,51,,,1,6.0,2.0,
10047,2,7318,49,,1.0,2,1.0,4.0,48.0
10047,3,7318,18,15.0,,2,6.0,4.0,
10047,4,7318,81,,,2,6.0,4.0,
10048,1,7302,45,,1.0,1,1.0,4.0,40.0
10048,2,7302,46,,1.0,2,1.0,4.0,40.0
10048,3,7302,14,10.0,,2,,,
10048,4,7302,10,7.0,,2,,,
10049,1,7316,42,,4.0,2,1.0,4.0,50.0
10049,2,7316,41,,2.0,1,1.0,4.0,40.0
10050,1,7310,43,,1.0,2,2.0,4.0,40.0
10050,2,7310,45,,1.0,1,1.0,4.0,40.0
10050,3,7310,22,,1.0,2,1.0,4.0,25.0
10051,1,7313,24,,1.0,1,1.0,4.0,40.0
10051,2,7313,25,,1.0,2,1.0,4.0,49.0
10052,1,7316,23,15.0,1.0,2,1.0,4.0,50.0
10053,1,7322,62,,1.0,2,1.0,4.0,30.0
10054,1,7313,63,,,1,6.0,4.0,
10054,2,7313,59,,,2,6.0,4.0,
10054,3,7313,20,9.0,1.0,2,6.0,4.0,
10055,1,7318,59,15.0,3.0,1,6.0,2.0,40.0
10055,2,7318,57,,1.0,2,1.0,4.0,40.0
10055,3,7318,32,,4.0,1,1.0,4.0,40.0
10055,4,7318,30,,1.0,1,1.0,4.0,40.0
10055,5,7318,27,,3.0,1,1.0,4.0,40.0
10055,6,7318,8,3.0,,2,,,
10055,7,7318,3,,,2,,,
10055,8,7318,30,,1.0,2,1.0,4.0,40.0
10056,1,7306,26,,1.0,1,1.0,4.0,42.0
10056,2,7306,22,15.0,1.0,1,1.0,4.0,25.0
10056,3,7306,17,14.0,,2,6.0,4.0,
10056,4,7306,12,9.0,,2,,,
10056,5,7306,53,,1.0,1,1.0,4.0,40.0
10056,6,7306,46,,1.0,2,1.0,4.0,40.0
10057,1,7317,65,,1.0,1,1.0,4.0,40.0
10058,1,7314,64,,5.0,2,1.0,2.0,40.0
10058,2,7314,60,,1.0,1,6.0,4.0,
10059,1,7318,47,,1.0,1,1.0,2.0,80.0
10059,2,7318,50,,1.0,2,1.0,4.0,20.0
10059,3,7318,83,,,1,6.0,4.0,
10060,1,7308,36,,5.0,1,4.0,1.0,80.0
10060,2,7308,31,,1.0,2,6.0,4.0,80.0
10060,3,7308,4,2.0,,1,,,
10061,1,7310,55,,1.0,1,1.0,4.0,50.0
10062,1,7303,53,,1.0,2,1.0,4.0,40.0
10062,2,7303,33,,1.0,2,1.0,4.0,40.0
10062,3,7303,24,,1.0,2,1.0,4.0,40.0
10063,1,7312,61,,6.0,2,1.0,4.0,16.0
10063,2,7312,61,,1.0,1,1.0,4.0,65.0
10064,1,7312,38,,1.0,2,1.0,4.0,40.0
10064,2,7312,34,,1.0,1,1.0,4.0,40.0
10064,3,7312,22,,1.0,2,1.0,4.0,16.0
10064,4,7312,21,,1.0,1,1.0,4.0,24.0
10064,5,7312,3,,,2,,,
10065,1,7310,79,,7.0,2,1.0,4.0,20.0
10065,2,7310,83,,7.0,1,1.0,4.0,20.0
10066,1,7301,34,15.0,5.0,1,4.0,1.0,60.0
10066,2,7301,31,15.0,1.0,2,1.0,4.0,40.0
10066,3,7301,6,3.0,,1,,,
10067,1,7306,23,15.0,1.0,1,6.0,4.0,
10067,2,7306,32,,1.0,1,1.0,4.0,30.0
10067,3,7306,32,,1.0,1,1.0,4.0,45.0
10067,4,7306,28,,4.0,2,1.0,4.0,35.0
10068,1,7312,63,,1.0,2,1.0,4.0,40.0
10069,1,7313,52,,1.0,1,1.0,4.0,45.0
10069,2,7313,47,,1.0,2,1.0,4.0,40.0
10070,1,7315,36,,3.0,2,1.0,4.0,40.0
10070,2,7315,41,,3.0,1,1.0,4.0,40.0
10071,1,7315,59,,5.0,2,1.0,4.0,40.0
10072,1,7315,84,,,1,6.0,2.0,
10072,2,7315,85,,,2,6.0,4.0,
10073,1,7306,24,,,1,6.0,4.0,
10073,2,7306,33,14.0,1.0,1,1.0,4.0,40.0
10073,3,7306,27,15.0,1.0,1,1.0,4.0,40.0
10073,4,7306,56,,1.0,1,1.0,4.0,40.0
10073,5,7306,50,,6.0,2,1.0,4.0,30.0
10074,1,7313,45,,3.0,1,1.0,2.0,40.0
10074,2,7313,46,,1.0,2,6.0,4.0,
10074,3,7313,20,15.0,1.0,2,1.0,4.0,25.0
10074,4,7313,18,13.0,1.0,2,1.0,4.0,15.0
10075,1,7303,58,,6.0,2,1.0,4.0,40.0
10075,2,7303,52,,6.0,1,1.0,2.0,40.0
10076,1,7307,39,,8.0,2,1.0,4.0,40.0
10076,2,7307,39,,7.0,1,1.0,4.0,40.0
10076,3,7307,6,3.0,,2,,,
10076,4,7307,3,,,1,,,
10076,5,7307,12,10.0,,1,,,
10077,1,7314,65,,5.0,1,1.0,3.0,50.0
10077,2,7314,64,,1.0,2,1.0,4.0,20.0
10078,1,7313,32,,2.0,2,1.0,4.0,40.0
10078,2,7313,28,,3.0,1,1.0,4.0,70.0
10079,1,7316,63,,,2,6.0,4.0,
10080,1,7307,47,,3.0,1,1.0,4.0,42.0
10081,1,7314,76,,,1,6.0,4.0,
10081,2,7314,74,,,2,6.0,4.0,
10082,1,7314,56,,1.0,1,1.0,4.0,60.0
10082,2,7314,55,,5.0,2,1.0,4.0,24.0
10082,3,7314,20,15.0,,1,6.0,4.0,
10082,4,7314,18,15.0,,2,6.0,4.0,
10083,1,7321,29,,3.0,2,1.0,4.0,40.0
10084,1,7310,73,,1.0,2,6.0,4.0,
10084,2,7310,79,,7.0,1,6.0,2.0,
10085,1,7318,58,,4.0,1,1.0,4.0,36.0
10085,2,7318,50,,2.0,2,1.0,4.0,35.0
10085,3,7318,17,14.0,,1,6.0,4.0,
10086,1,7321,70,,4.0,2,6.0,4.0,
10086,2,7321,69,,1.0,1,6.0,4.0,
10087,1,7307,34,,1.0,2,6.0,4.0,
10087,2,7307,33,,5.0,1,4.0,1.0,99.0
10087,3,7307,11,8.0,,2,,,
10087,4,7307,4,,,1,,,
10087,5,7307,2,,,2,,,
10087,6,7307,2,,,2,,,
10088,1,7301,62,,,2,6.0,4.0,
10089,1,7310,33,,1.0,2,3.0,4.0,40.0
10089,2,7310,33,,4.0,1,1.0,4.0,40.0
10090,1,7303,71,,,1,6.0,4.0,
10090,2,7303,74,,,2,6.0,4.0,
10090,3,7303,43,,1.0,2,2.0,4.0,40.0
10090,4,7303,9,6.0,,1,,,
10091,1,7304,64,,,2,6.0,4.0,
10091,2,7304,63,,1.0,1,1.0,2.0,40.0
10091,3,7304,40,,1.0,1,6.0,4.0,
10092,1,7307,28,,3.0,2,1.0,4.0,32.0
10092,2,7307,29,,1.0,1,2.0,4.0,40.0
10092,3,7307,2,,,1,,,
10092,4,7307,0,,,2,,,
10093,1,7321,76,,,2,6.0,4.0,
10094,1,7301,28,,1.0,1,1.0,4.0,50.0
10094,2,7301,30,,6.0,2,1.0,4.0,56.0
10094,3,7301,27,,6.0,2,1.0,4.0,56.0
10095,1,7309,36,,5.0,1,4.0,1.0,60.0
10095,2,7309,33,16.0,1.0,2,1.0,4.0,40.0
10096,1,7310,78,,1.0,2,1.0,4.0,30.0
10096,2,7310,82,,,1,6.0,2.0,
10096,3,7310,49,,1.0,2,1.0,4.0,40.0
10097,1,7315,75,,,2,6.0,4.0,
10098,1,7301,94,,,2,6.0,4.0,
10099,1,7307,55,,1.0,1,1.0,4.0,40.0
10099,2,7307,55,,1.0,2,1.0,4.0,40.0
10099,3,7307,25,,1.0,2,1.0,4.0,37.0
10100,1,7302,26,,1.0,2,6.0,4.0,27.0
10100,2,7302,30,,2.0,1,1.0,4.0,50.0
10100,3,7302,5,2.0,,1,,,
10100,4,7302,3,1.0,,2,,,
10100,5,7302,1,,,1,,,
10100,6,7302,0,,,1,,,
10101,1,7321,58,,2.0,2,1.0,4.0,40.0
10102,1,7321,67,,1.0,1,1.0,2.0,40.0
10102,2,7321,58,,3.0,2,1.0,4.0,40.0
10102,3,7321,22,15.0,3.0,2,1.0,4.0,8.0
10103,1,7308,51,,,1,6.0,4.0,
10103,2,7308,47,,6.0,2,2.0,4.0,10.0
10103,3,7308,13,10.0,,1,,,
10104,1,7304,32,,1.0,1,1.0,4.0,40.0
10105,1,7312,37,,3.0,2,1.0,4.0,40.0
10105,2,7312,50,,1.0,1,1.0,4.0,50.0
10105,3,7312,9,6.0,,2,,,
10105,4,7312,5,2.0,,2,,,
10105,5,7312,80,,,1,6.0,4.0,
10106,1,7304,39,,7.0,1,1.0,4.0,55.0
10106,2,7304,38,,,2,6.0,4.0,
10106,3,7304,13,9.0,,2,,,
10106,4,7304,10,6.0,,1,,,
10106,5,7304,5,1.0,,1,,,
10107,1,7301,71,,,1,6.0,2.0,
10107,2,7301,72,,,2,6.0,4.0,
10108,1,7308,62,,1.0,1,2.0,2.0,40.0
10108,2,7308,26,,1.0,1,1.0,2.0,30.0
10109,1,7310,57,,7.0,2,1.0,4.0,60.0
10110,1,7309,36,,1.0,1,1.0,4.0,40.0
10110,2,7309,34,,1.0,2,1.0,4.0,40.0
10110,3,7309,3,1.0,,1,,,
10110,4,7309,1,,,2,,,
10111,1,7309,64,,,2,6.0,4.0,
10111,2,7309,64,,7.0,1,1.0,4.0,35.0
10112,1,7318,26,16.0,1.0,2,1.0,4.0,21.0
10112,2,7318,4,1.0,,2,,,
10113,1,7308,42,,1.0,1,1.0,4.0,40.0
10113,2,7308,38,,2.0,2,1.0,4.0,30.0
10113,3,7308,12,9.0,,2,,,
10113,4,7308,10,7.0,,1,,,
10114,1,7302,24,,1.0,2,2.0,4.0,50.0
10114,2,7302,23,,1.0,1,1.0,4.0,60.0
10115,1,7321,44,,2.0,1,1.0,4.0,35.0
10115,2,7321,40,,1.0,2,1.0,4.0,20.0
10115,3,7321,19,15.0,,2,6.0,4.0,
10115,4,7321,13,10.0,,2,,,
10115,5,7321,10,7.0,,2,,,
10116,1,7305,66,,,2,6.0,4.0,
10117,1,7302,86,,,1,6.0,2.0,
10117,2,7302,85,,,2,6.0,4.0,
10118,1,7319,66,,1.0,1,1.0,4.0,40.0
10118,2,7319,65,,1.0,2,6.0,4.0,
10118,3,7319,36,,1.0,2,1.0,4.0,25.0
10119,1,7321,70,,1.0,2,1.0,4.0,40.0
10119,2,7321,39,,9.0,1,3.0,4.0,
10120,1,7305,40,,1.0,1,1.0,4.0,9.0
10120,2,7305,40,,,2,6.0,4.0,
10120,3,7305,6,2.0,,1,,,
10120,4,7305,4,1.0,,2,,,
10120,5,7305,2,,,1,,,
10121,1,7321,45,,1.0,2,1.0,4.0,50.0
10121,2,7321,21,14.0,1.0,1,1.0,4.0,20.0
10121,3,7321,20,14.0,3.0,1,6.0,4.0,
10121,4,7321,16,12.0,,1,6.0,,
10121,5,7321,13,9.0,,2,,,
10122,1,7306,53,,1.0,2,1.0,4.0,26.0
10122,2,7306,55,,1.0,1,1.0,4.0,45.0
10122,3,7306,26,,1.0,1,1.0,4.0,25.0
10123,1,7317,56,,6.0,1,1.0,4.0,40.0
10123,2,7317,59,,1.0,2,6.0,4.0,
10123,3,7317,22,15.0,1.0,2,6.0,4.0,
10123,4,7317,17,15.0,,2,6.0,4.0,
10124,1,7320,84,,,2,6.0,4.0,
10125,1,7309,51,,1.0,2,1.0,4.0,40.0
10125,2,7309,78,,1.0,1,1.0,4.0,40.0
10125,3,7309,19,15.0,,1,6.0,4.0,
10125,4,7309,15,12.0,,2,,,
10125,5,7309,26,15.0,1.0,2,1.0,4.0,30.0
10126,1,7321,32,,9.0,2,3.0,4.0,
10126,2,7321,68,,,2,6.0,4.0,
10127,1,7320,35,,1.0,2,3.0,4.0,
10127,2,7320,35,16.0,1.0,1,2.0,4.0,48.0
10127,3,7320,5,1.0,,1,,,
10127,4,7320,3,1.0,,1,,,
10127,5,7320,3,1.0,,2,,,
10127,6,7320,30,15.0,6.0,2,1.0,4.0,12.0
10128,1,7310,76,,,2,6.0,4.0,
10129,1,7305,53,,4.0,1,1.0,4.0,40.0
10129,2,7305,53,,6.0,2,1.0,4.0,20.0
10129,3,7305,16,13.0,3.0,1,1.0,,15.0
10130,1,7315,61,,7.0,1,1.0,4.0,40.0
10130,2,7315,55,,1.0,2,2.0,4.0,10.0
10130,3,7315,26,16.0,1.0,1,1.0,4.0,60.0
10130,4,7315,26,,1.0,1,1.0,4.0,40.0
10131,1,7317,29,,1.0,2,1.0,4.0,40.0
10131,2,7317,34,16.0,6.0,1,1.0,4.0,50.0
10131,3,7317,1,,,1,,,
10131,4,7317,70,,,1,6.0,4.0,
10132,1,7322,60,,1.0,2,1.0,4.0,45.0
10132,2,7322,32,,1.0,2,1.0,4.0,40.0
10132,3,7322,8,5.0,,2,,,
10132,4,7322,7,4.0,,1,,,
10133,1,7307,32,,1.0,1,1.0,4.0,40.0
10133,2,7307,31,,1.0,2,1.0,4.0,40.0
10133,3,7307,0,,,2,,,
10133,4,7307,6,3.0,,1,,,
10134,1,7311,33,,2.0,1,1.0,4.0,50.0
10134,2,7311,35,,1.0,2,1.0,4.0,40.0
10134,3,7311,4,1.0,,1,,,
10134,4,7311,0,,,2,,,
10135,1,7312,27,15.0,1.0,1,1.0,4.0,40.0
10135,2,7312,30,,1.0,2,3.0,4.0,
10135,3,7312,22,15.0,,1,6.0,4.0,
10135,4,7312,20,15.0,8.0,1,6.0,4.0,
10136,1,7313,56,,2.0,2,1.0,4.0,40.0
10136,2,7313,58,,1.0,1,1.0,2.0,40.0
10136,3,7313,17,13.0,1.0,1,1.0,4.0,15.0
10137,1,7316,35,,1.0,2,1.0,4.0,40.0
10138,1,7312,37,,1.0,1,1.0,4.0,40.0
10138,2,7312,27,15.0,,2,6.0,4.0,
10138,3,7312,1,,,1,,,
10139,1,7314,85,,,2,6.0,4.0,
10139,2,7314,89,,,1,6.0,4.0,
10139,3,7314,53,,2.0,2,1.0,4.0,13.0
10140,1,7320,34,,1.0,2,1.0,4.0,40.0
10140,2,7320,42,,1.0,1,1.0,4.0,40.0
10140,3,7320,5,2.0,,2,,,
10140,4,7320,2,,,2,,,
10141,1,7301,72,,6.0,1,6.0,3.0,
10141,2,7301,69,,,2,6.0,4.0,
10142,1,7312,38,,1.0,1,1.0,4.0,40.0
10142,2,7312,34,,1.0,2,1.0,4.0,50.0
10143,1,7315,76,,3.0,2,6.0,4.0,
10143,2,7315,77,,,1,6.0,4.0,
10144,1,7315,54,,5.0,2,1.0,4.0,40.0
10144,2,7315,21,15.0,1.0,1,6.0,4.0,
10144,3,7315,20,,1.0,2,1.0,4.0,20.0
10145,1,7305,30,,7.0,2,1.0,4.0,45.0
10145,2,7305,28,,1.0,1,1.0,4.0,50.0
10145,3,7305,7,2.0,,2,,,
10145,4,7305,6,2.0,,1,,,
10145,5,7305,1,,,2,,,
10146,1,7312,58,,1.0,2,1.0,4.0,40.0
10147,1,7322,40,,9.0,2,3.0,4.0,
10147,2,7322,40,,1.0,1,1.0,4.0,45.0
10147,3,7322,20,15.0,9.0,1,3.0,4.0,
10147,4,7322,14,12.0,,2,,,
10148,1,7317,68,,,1,6.0,4.0,
10148,2,7317,68,,,2,6.0,4.0,
10149,1,7314,66,,,2,6.0,4.0,
10150,1,7314,65,,4.0,1,1.0,4.0,40.0
10150,2,7314,60,,,2,6.0,4.0,
10151,1,7319,75,,1.0,1,1.0,2.0,40.0
10151,2,7319,75,,,2,6.0,4.0,
10152,1,7314,58,,5.0,2,2.0,4.0,42.0
10152,2,7314,65,,,1,6.0,4.0,
10152,3,7314,32,,1.0,1,1.0,4.0,40.0
10153,1,7321,38,,1.0,1,1.0,4.0,40.0
10153,2,7321,34,,,2,6.0,4.0,
10153,3,7321,15,11.0,,2,,,
10153,4,7321,11,7.0,,1,,,
10153,5,7321,64,,1.0,2,1.0,4.0,40.0
10154,1,7301,74,,,1,6.0,4.0,
10154,2,7301,71,,,2,6.0,4.0,
10155,1,7315,68,,,2,6.0,4.0,
10155,2,7315,41,,1.0,2,1.0,4.0,25.0
10155,3,7315,21,15.0,1.0,2,1.0,4.0,40.0
10155,4,7315,14,10.0,,1,,,
10155,5,7315,8,5.0,,2,,,
10155,6,7315,40,,1.0,1,6.0,4.0,60.0
10156,1,7312,40,,5.0,1,4.0,1.0,50.0
10156,2,7312,31,,,2,6.0,4.0,
10156,3,7312,19,,,1,6.0,4.0,
10156,4,7312,16,13.0,,1,6.0,,
10157,1,7322,37,,1.0,1,1.0,4.0,40.0
10157,2,7322,21,,1.0,2,1.0,4.0,40.0
10158,1,7310,29,,5.0,1,4.0,1.0,60.0
10158,2,7310,29,,5.0,2,4.0,1.0,60.0
10159,1,7306,75,,1.0,1,1.0,2.0,21.0
10159,2,7306,73,,,2,6.0,4.0,
10160,1,7321,76,,,1,6.0,2.0,
10160,2,7321,11,8.0,,2,,,
10161,1,7302,53,,1.0,2,1.0,4.0,40.0
10161,2,7302,50,,6.0,1,1.0,4.0,40.0
10161,3,7302,25,,1.0,1,3.0,4.0,20.0
10161,4,7302,17,14.0,,1,6.0,4.0,
10162,1,7318,58,,1.0,1,1.0,2.0,40.0
10163,1,7319,26,,6.0,2,1.0,4.0,40.0
10164,1,7317,20,15.0,1.0,1,1.0,4.0,32.0
10165,1,7309,39,,1.0,1,1.0,4.0,38.0
10165,2,7309,41,15.0,1.0,2,1.0,4.0,45.0
10165,3,7309,4,,,2,,,
10165,4,7309,2,,,2,,,
10166,1,7310,27,,,2,6.0,4.0,
10166,2,7310,30,,5.0,1,4.0,1.0,40.0
10166,3,7310,6,2.0,,2,,,
10166,4,7310,4,,,1,,,
10167,1,7318,55,,1.0,1,1.0,4.0,40.0
10168,1,7320,57,,6.0,1,1.0,4.0,45.0
10168,2,7320,50,,4.0,2,1.0,4.0,40.0
10168,3,7320,23,15.0,,2,6.0,4.0,
10168,4,7320,16,12.0,,2,6.0,,
10169,1,7302,49,,1.0,1,6.0,4.0,
10169,2,7302,52,,1.0,2,1.0,4.0,40.0
10169,3,7302,24,,3.0,1,1.0,4.0,40.0
10169,4,7302,13,10.0,,1,,,
10170,1,7317,77,,,1,6.0,4.0,
10170,2,7317,66,,,2,6.0,4.0,
10171,1,7312,68,,6.0,2,1.0,4.0,30.0
10171,2,7312,45,,,1,6.0,4.0,
10171,3,7312,7,5.0,,2,,,
10172,1,7314,67,,3.0,2,1.0,4.0,40.0
10173,1,7309,76,,,2,6.0,4.0,
10173,2,7309,73,,,1,6.0,4.0,
10173,3,7309,46,,,1,6.0,4.0,
10174,1,7301,62,,6.0,1,6.0,4.0,40.0
10174,2,7301,66,,1.0,2,1.0,4.0,40.0
10175,1,7314,50,,1.0,1,1.0,4.0,40.0
10176,1,7317,59,,6.0,2,1.0,4.0,40.0
10176,2,7317,62,,1.0,1,1.0,4.0,55.0
10176,3,7317,30,,,2,6.0,4.0,
10176,4,7317,40,,1.0,2,1.0,4.0,40.0
10177,1,7322,69,,5.0,2,1.0,4.0,40.0
10178,1,7308,57,,2.0,2,6.0,4.0,
10178,2,7308,54,,3.0,1,1.0,2.0,40.0
10178,3,7308,13,10.0,,2,,,
10179,1,7301,52,,1.0,1,1.0,4.0,40.0
10179,2,7301,45,,1.0,2,1.0,4.0,40.0
10179,3,7301,18,,1.0,2,3.0,4.0,40.0
10180,1,7316,44,,5.0,1,6.0,4.0,
10181,1,7303,70,,,2,6.0,4.0,
10181,2,7303,70,,,1,6.0,4.0,
10182,1,7309,77,,1.0,2,6.0,4.0,
10182,2,7309,47,,1.0,1,1.0,4.0,80.0
10183,1,7311,47,,5.0,1,1.0,2.0,40.0
10183,2,7311,50,,3.0,2,6.0,4.0,40.0
10183,3,7311,23,15.0,,1,6.0,4.0,
10183,4,7311,17,13.0,,2,6.0,4.0,
10184,1,7316,60,,2.0,1,6.0,4.0,
10185,1,7314,22,15.0,,1,6.0,4.0,
10185,2,7314,32,,5.0,1,4.0,1.0,40.0
10185,3,7314,24,,1.0,1,1.0,4.0,40.0
10186,1,7319,61,,1.0,2,1.0,4.0,38.0
10186,2,7319,88,,,2,6.0,4.0,
10187,1,7306,66,,1.0,1,1.0,4.0,40.0
10188,1,7310,39,,1.0,1,1.0,4.0,45.0
10189,1,7319,72,,,1,6.0,2.0,
10189,2,7319,73,,,2,6.0,4.0,
10190,1,7304,67,,3.0,2,6.0,4.0,
10190,2,7304,59,,1.0,1,1.0,4.0,35.0
10191,1,7302,30,16.0,1.0,1,1.0,4.0,40.0
10191,2,7302,30,,6.0,2,1.0,4.0,20.0
10191,3,7302,2,,,1,,,
10192,1,7314,74,,,2,6.0,4.0,
10193,1,7321,78,,,2,6.0,4.0,
10193,2,7321,85,,,1,6.0,4.0,
10193,3,7321,51,,,1,6.0,4.0,
10194,1,7319,68,,1.0,1,6.0,2.0,
10194,2,7319,53,,1.0,2,1.0,4.0,40.0
10194,3,7319,31,,1.0,1,1.0,4.0,40.0
10194,4,7319,22,,9.0,2,3.0,4.0,
10195,1,7321,52,,1.0,1,6.0,4.0,
10195,2,7321,47,,4.0,2,1.0,4.0,40.0
10195,3,7321,23,15.0,1.0,2,3.0,4.0,38.0
10195,4,7321,21,,1.0,1,1.0,4.0,30.0
10195,5,7321,16,12.0,,1,6.0,,
10196,1,7321,53,,,2,6.0,4.0,
10196,2,7321,54,,6.0,1,1.0,4.0,50.0
10197,1,7312,52,,1.0,1,1.0,4.0,40.0
10197,2,7312,48,15.0,1.0,2,1.0,4.0,16.0
10198,1,7318,35,,1.0,1,1.0,4.0,40.0
10198,2,7318,31,,1.0,2,1.0,4.0,20.0
10198,3,7318,7,4.0,,2,,,
10198,4,7318,5,2.0,,1,,,
10198,5,7318,70,16.0,,1,6.0,4.0,
10199,1,7309,32,,1.0,1,1.0,4.0,40.0
10199,2,7309,31,,1.0,2,1.0,4.0,55.0
10199,3,7309,1,,,1,,,
10199,4,7309,11,8.0,,2,,,
10200,1,7321,62,,1.0,1,1.0,4.0,40.0
10200,2,7321,57,,,2,6.0,4.0,
10200,3,7321,89,,,2,6.0,4.0,
10201,1,7317,94,,1.0,1,1.0,2.0,14.0
10201,2,7317,60,,2.0,2,1.0,4.0,20.0
10202,1,7308,72,,,2,6.0,4.0,
10202,2,7308,76,,,1,6.0,2.0,
10203,1,7305,27,,1.0,1,1.0,3.0,40.0
10203,2,7305,27,,1.0,2,1.0,4.0,45.0
10203,3,7305,22,,1.0,2,1.0,4.0,40.0
10203,4,7305,57,,1.0,1,1.0,4.0,40.0
10203,5,7305,54,,1.0,2,1.0,4.0,40.0
10204,1,7306,52,,1.0,1,1.0,4.0,45.0
10205,1,7313,58,,1.0,1,1.0,4.0,42.0
10205,2,7313,53,,2.0,2,6.0,4.0,
10205,3,7313,23,,1.0,2,1.0,4.0,25.0
10205,4,7313,94,,,2,6.0,4.0,
10206,1,7316,70,,4.0,2,6.0,4.0,4.0
10206,2,7316,73,,,1,6.0,4.0,
10207,1,7322,40,,6.0,2,1.0,4.0,35.0
10207,2,7322,19,,9.0,1,3.0,4.0,
10207,3,7322,17,14.0,9.0,2,3.0,4.0,
10207,4,7322,58,,9.0,2,3.0,4.0,
10208,1,7306,65,,6.0,1,1.0,4.0,40.0
10208,2,7306,54,,3.0,2,1.0,4.0,19.0
10209,1,7303,36,,1.0,2,1.0,4.0,25.0
10209,2,7303,45,,1.0,1,1.0,4.0,30.0
10210,1,7316,60,,4.0,2,1.0,4.0,60.0
10210,2,7316,23,,1.0,2,3.0,4.0,50.0
10210,3,7316,87,,,2,6.0,4.0,
10211,1,7312,85,,,2,6.0,4.0,
10212,1,7318,66,,1.0,1,1.0,4.0,35.0
10212,2,7318,66,,,2,6.0,4.0,
10213,1,7310,50,,1.0,1,1.0,2.0,40.0
10213,2,7310,50,,1.0,2,1.0,4.0,25.0
10214,1,7319,46,,1.0,2,1.0,4.0,40.0
10214,2,7319,23,,1.0,2,2.0,4.0,40.0
10214,3,7319,19,15.0,3.0,2,1.0,4.0,19.0
10214,4,7319,16,13.0,9.0,1,3.0,,
10215,1,7307,70,,1.0,2,6.0,4.0,
10215,2,7307,60,,1.0,2,1.0,4.0,40.0
10215,3,7307,29,,1.0,1,1.0,4.0,40.0
10215,4,7307,26,,1.0,1,1.0,2.0,45.0
10216,1,7319,54,,1.0,1,3.0,4.0,40.0
10216,2,7319,55,16.0,5.0,2,1.0,3.0,45.0
10217,1,7304,64,,,2,6.0,4.0,
10217,2,7304,70,,1.0,1,6.0,4.0,
10217,3,7304,27,,,1,6.0,4.0,
10218,1,7321,41,,1.0,2,1.0,4.0,40.0
10218,2,7321,45,,2.0,1,1.0,4.0,60.0
10218,3,7321,19,,1.0,2,1.0,4.0,30.0
10218,4,7321,18,,1.0,2,1.0,4.0,40.0
10218,5,7321,17,14.0,,2,6.0,4.0,
10219,1,7308,78,,,1,6.0,3.0,
10219,2,7308,75,,,2,6.0,4.0,
10220,1,7306,29,,5.0,1,1.0,4.0,48.0
10220,2,7306,30,,1.0,2,1.0,4.0,38.0
10221,1,7306,74,,,2,6.0,4.0,
10221,2,7306,69,,,1,6.0,4.0,
10222,1,7316,58,,1.0,2,1.0,4.0,40.0
10223,1,7319,36,16.0,2.0,2,1.0,4.0,24.0
10223,2,7319,38,,7.0,1,3.0,4.0,
10223,3,7319,17,14.0,,1,6.0,4.0,
10223,4,7319,9,5.0,,1,,,
10223,5,7319,6,3.0,,1,,,
10223,6,7319,4,,,2,,,
10224,1,7313,27,,3.0,2,1.0,4.0,40.0
10224,2,7313,26,,1.0,1,3.0,4.0,30.0
10225,1,7303,59,,1.0,1,1.0,4.0,40.0
10226,1,7311,52,,6.0,2,1.0,4.0,30.0
10226,2,7311,49,,1.0,1,1.0,4.0,50.0
10227,1,7316,58,,1.0,1,1.0,4.0,40.0
10227,2,7316,55,,1.0,2,2.0,2.0,40.0
10228,1,7309,55,,2.0,1,1.0,4.0,40.0
10228,2,7309,56,,3.0,2,1.0,4.0,30.0
10228,3,7309,23,16.0,1.0,2,1.0,4.0,20.0
10229,1,7317,55,,5.0,1,1.0,4.0,40.0
10229,2,7317,53,,1.0,2,1.0,4.0,40.0
10230,1,7321,42,,2.0,2,1.0,4.0,40.0
10230,2,7321,32,,1.0,1,6.0,2.0,40.0
10230,3,7321,10,7.0,,1,,,
10230,4,7321,0,,,2,,,
10231,1,7308,48,,1.0,1,1.0,2.0,55.0
10231,2,7308,46,,1.0,2,1.0,4.0,40.0
10231,3,7308,13,10.0,,2,,,
10231,4,7308,8,5.0,,2,,,
10232,1,7314,52,,1.0,1,1.0,3.0,40.0
10232,2,7314,46,,,2,6.0,4.0,
10232,3,7314,18,,,1,6.0,4.0,
10232,4,7314,15,12.0,,2,,,
10232,5,7314,9,6.0,,2,,,
10233,1,7308,41,,1.0,1,1.0,4.0,40.0
10233,2,7308,35,,1.0,2,1.0,4.0,40.0
10234,1,7313,84,,,2,6.0,4.0,
10234,2,7313,62,,2.0,2,1.0,4.0,40.0
10235,1,7309,46,,1.0,2,1.0,4.0,10.0
10235,2,7309,50,,1.0,1,1.0,4.0,55.0
10235,3,7309,17,13.0,,1,6.0,4.0,
10235,4,7309,16,12.0,,2,6.0,,
10235,5,7309,13,9.0,,2,,,
10235,6,7309,10,6.0,,2,,,
10236,1,7317,69,,6.0,1,1.0,4.0,20.0
10237,1,7303,47,,1.0,2,1.0,4.0,30.0
10237,2,7303,47,,1.0,1,1.0,4.0,29.0
10237,3,7303,19,,1.0,1,1.0,4.0,40.0
10237,4,7303,44,,1.0,1,1.0,4.0,35.0
10238,1,7310,36,,1.0,1,1.0,4.0,45.0
10239,1,7315,56,,1.0,2,1.0,4.0,35.0
10239,2,7315,34,,1.0,1,1.0,4.0,40.0
10240,1,7320,45,,3.0,1,1.0,4.0,40.0
10241,1,7310,54,,2.0,2,1.0,4.0,40.0
10241,2,7310,62,,,2,6.0,4.0,
10242,1,7302,62,,6.0,1,1.0,4.0,50.0
10242,2,7302,52,,2.0,2,6.0,4.0,
10243,1,7306,88,,7.0,1,6.0,2.0,
10243,2,7306,75,,1.0,2,6.0,4.0,
10244,1,7319,74,,,1,6.0,2.0,
10244,2,7319,66,,1.0,2,6.0,4.0,
10244,3,7319,30,,3.0,2,1.0,4.0,40.0
10245,1,7311,63,,1.0,1,6.0,4.0,40.0
10245,2,7311,63,,1.0,2,6.0,4.0,45.0
10245,3,7311,35,,1.0,1,1.0,4.0,55.0
10245,4,7311,6,2.0,,2,,,
10245,5,7311,2,,,2,,,
10245,6,7311,35,,1.0,2,1.0,4.0,55.0
10246,1,7311,48,,1.0,2,1.0,4.0,40.0
10246,2,7311,41,,6.0,1,6.0,4.0,
10247,1,7316,29,,1.0,1,1.0,4.0,40.0
10248,1,7319,38,15.0,2.0,2,3.0,4.0,38.0
10248,2,7319,16,13.0,,2,6.0,,
10249,1,7302,56,,1.0,1,1.0,4.0,50.0
10249,2,7302,52,,1.0,2,1.0,4.0,40.0
10249,3,7302,14,11.0,,1,,,
10250,1,7308,94,,,2,6.0,4.0,
10251,1,7319,86,,,2,6.0,4.0,
10251,2,7319,56,,1.0,2,1.0,4.0,40.0
10251,3,7319,50,,2.0,2,1.0,4.0,13.0
10252,1,7309,28,,1.0,1,1.0,4.0,45.0
10252,2,7309,26,,1.0,2,1.0,4.0,40.0
10253,1,7313,65,,,2,6.0,4.0,
10254,1,7306,26,15.0,5.0,1,6.0,2.0,
10254,2,7306,24,15.0,5.0,2,1.0,2.0,48.0
10255,1,7318,55,,1.0,2,1.0,4.0,40.0
10256,1,7315,55,,1.0,2,1.0,4.0,40.0
10256,2,7315,58,,1.0,1,1.0,4.0,40.0
10256,3,7315,16,12.0,,1,6.0,,
10257,1,7311,57,,1.0,1,1.0,4.0,40.0
10257,2,7311,58,,,2,6.0,4.0,
10258,1,7317,25,15.0,6.0,1,1.0,2.0,60.0
10259,1,7307,80,,,1,6.0,2.0,
10259,2,7307,77,,,2,6.0,4.0,
10260,1,7309,62,,6.0,2,1.0,4.0,10.0
10261,1,7311,47,,1.0,1,1.0,4.0,50.0
10261,2,7311,48,,1.0,2,1.0,4.0,50.0
10261,3,7311,14,11.0,,1,,,
10261,4,7311,13,9.0,,1,,,
10262,1,7301,56,,1.0,1,1.0,4.0,43.0
10263,1,7308,39,,1.0,2,1.0,4.0,40.0
10263,2,7308,34,,1.0,1,1.0,4.0,40.0
10263,3,7308,25,15.0,1.0,1,1.0,4.0,40.0
10264,1,7308,59,,1.0,2,1.0,4.0,30.0
10264,2,7308,58,,6.0,1,1.0,4.0,40.0
10265,1,7318,79,,,1,6.0,4.0,
10265,2,7318,78,,,2,6.0,4.0,
10266,1,7308,36,,1.0,1,1.0,4.0,40.0
10266,2,7308,34,16.0,1.0,2,1.0,4.0,15.0
10266,3,7308,7,4.0,,2,,,
10266,4,7308,4,1.0,,1,,,
10267,1,7301,36,,1.0,1,1.0,4.0,60.0
10267,2,7301,36,,6.0,2,2.0,4.0,20.0
10267,3,7301,5,1.0,,1,,,
10267,4,7301,0,,,1,,,
10268,1,7302,62,,1.0,2,6.0,4.0,
10268,2,7302,18,14.0,,1,6.0,4.0,
10269,1,7315,68,,1.0,2,6.0,4.0,
10270,1,7309,60,,7.0,1,1.0,4.0,50.0
10270,2,7309,59,,,2,6.0,4.0,
10271,1,7317,46,,1.0,1,1.0,4.0,34.0
10271,2,7317,38,,3.0,2,1.0,4.0,40.0
10271,3,7317,3,1.0,,2,,,
10272,1,7319,68,,,1,6.0,2.0,
10272,2,7319,69,,,2,6.0,4.0,
10273,1,7315,50,,2.0,2,1.0,4.0,2.0
10273,2,7315,50,,3.0,1,1.0,4.0,48.0
10274,1,7321,37,,3.0,2,1.0,4.0,45.0
10274,2,7321,72,,,1,6.0,4.0,
10274,3,7321,71,,,2,6.0,4.0,
10275,1,7304,51,,4.0,1,1.0,4.0,40.0
10276,1,7312,34,,4.0,2,1.0,4.0,40.0
10276,2,7312,36,,1.0,1,1.0,4.0,50.0
10277,1,7313,70,,,1,6.0,4.0,
10277,2,7313,61,,,2,6.0,4.0,
10277,3,7313,23,,1.0,1,1.0,4.0,30.0
10278,1,7305,71,,1.0,2,1.0,4.0,45.0
10278,2,7305,69,,1.0,1,6.0,4.0,
10278,3,7305,35,15.0,1.0,1,1.0,4.0,40.0
10279,1,7301,74,,,1,6.0,2.0,
10279,2,7301,71,,,2,6.0,4.0,
10280,1,7322,35,,,2,6.0,4.0,
10280,2,7322,35,,1.0,1,1.0,4.0,40.0
10281,1,7306,76,,1.0,1,6.0,4.0,
10281,2,7306,75,,,2,6.0,4.0,
10282,1,7322,72,,,2,6.0,4.0,
10283,1,7309,76,,1.0,2,1.0,4.0,23.0
10284,1,7314,33,,1.0,1,1.0,4.0,40.0
10284,2,7314,31,,2.0,2,1.0,4.0,32.0
10284,3,7314,1,,,1,,,
10285,1,7306,35,,1.0,2,1.0,4.0,40.0
10285,2,7306,34,,1.0,1,1.0,4.0,40.0
10285,3,7306,13,,,2,,,
10286,1,7311,56,,1.0,1,1.0,4.0,50.0
10286,2,7311,55,,7.0,2,1.0,4.0,15.0
10286,3,7311,24,,1.0,2,1.0,4.0,30.0
10287,1,7317,94,,,2,6.0,4.0,
10287,2,7317,66,,1.0,1,6.0,4.0,
10288,1,7312,88,,,2,6.0,4.0,
10289,1,7301,38,15.0,3.0,2,1.0,4.0,30.0
10289,2,7301,37,,1.0,1,1.0,2.0,40.0
10289,3,7301,19,15.0,1.0,1,1.0,4.0,40.0
10289,4,7301,16,13.0,,2,6.0,,
10290,1,7316,62,,1.0,1,6.0,4.0,
10290,2,7316,62,,,2,6.0,4.0,
10290,3,7316,31,15.0,5.0,2,3.0,4.0,40.0
10290,4,7316,12,8.0,,1,,,
10290,5,7316,7,3.0,,1,,,
10290,6,7316,30,14.0,1.0,1,1.0,4.0,40.0
10291,1,7317,69,,,2,6.0,4.0,
10291,2,7317,73,,7.0,1,1.0,4.0,40.0
10291,3,7317,48,,6.0,1,3.0,4.0,
10292,1,7321,71,,3.0,2,6.0,4.0,
10292,2,7321,28,,1.0,1,1.0,4.0,32.0
10293,1,7321,78,,1.0,1,6.0,4.0,
10293,2,7321,76,,,2,6.0,4.0,
10293,3,7321,49,,1.0,1,1.0,4.0,45.0
10294,1,7308,60,,5.0,2,1.0,4.0,32.0
10295,1,7319,52,,6.0,1,1.0,4.0,50.0
10295,2,7319,58,,6.0,2,1.0,4.0,45.0
10296,1,7315,80,,,2,6.0,4.0,
10297,1,7318,43,,1.0,1,1.0,4.0,40.0
10297,2,7318,39,,1.0,2,1.0,4.0,40.0
10297,3,7318,12,10.0,,1,,,
10297,4,7318,7,5.0,,1,,,
10298,1,7303,42,15.0,2.0,2,1.0,4.0,40.0
10298,2,7303,43,,2.0,1,1.0,4.0,40.0
10298,3,7303,28,,9.0,1,3.0,4.0,
10298,4,7303,25,,1.0,2,6.0,4.0,40.0
10298,5,7303,9,6.0,,2,,,
10299,1,7308,55,,3.0,2,1.0,4.0,40.0
10299,2,7308,58,,1.0,1,1.0,2.0,40.0
10299,3,7308,30,16.0,3.0,2,1.0,4.0,10.0
10299,4,7308,24,,1.0,1,1.0,4.0,40.0
10299,5,7308,0,,,1,,,
10299,6,7308,20,,1.0,2,1.0,4.0,40.0
10300,1,7309,51,,1.0,1,1.0,4.0,40.0
10300,2,7309,50,,1.0,2,1.0,4.0,16.0
10301,1,7311,56,,1.0,1,6.0,4.0,
10301,2,7311,56,,3.0,2,1.0,4.0,30.0
10302,1,7310,43,,1.0,2,6.0,4.0,
10302,2,7310,47,,1.0,1,1.0,4.0,40.0
10302,3,7310,13,10.0,,1,,,
10302,4,7310,11,8.0,,2,,,
10302,5,7310,9,6.0,,1,,,
10303,1,7309,56,,1.0,2,1.0,4.0,60.0
10303,2,7309,64,,1.0,1,1.0,4.0,56.0
10304,1,7316,32,,5.0,1,1.0,4.0,50.0
10305,1,7305,57,,,2,6.0,4.0,
10306,1,7306,49,,2.0,2,1.0,4.0,35.0
10306,2,7306,22,15.0,,2,6.0,4.0,
10306,3,7306,21,15.0,1.0,2,1.0,4.0,30.0
10306,4,7306,20,15.0,1.0,2,1.0,4.0,30.0
10306,5,7306,16,13.0,,2,6.0,,
10307,1,7310,61,,1.0,2,1.0,4.0,40.0
10308,1,7303,25,15.0,5.0,2,1.0,4.0,10.0
10308,2,7303,27,,1.0,1,1.0,4.0,40.0
10308,3,7303,30,,1.0,2,1.0,4.0,25.0
10308,4,7303,25,,1.0,1,1.0,4.0,40.0
10308,5,7303,21,15.0,1.0,2,1.0,4.0,30.0
10309,1,7306,74,,,2,6.0,4.0,
10309,2,7306,58,,1.0,1,1.0,4.0,40.0
10310,1,7314,37,,1.0,1,1.0,4.0,50.0
10310,2,7314,41,15.0,3.0,2,1.0,4.0,20.0
10311,1,7315,38,16.0,5.0,1,4.0,1.0,60.0
10311,2,7315,36,,8.0,2,1.0,4.0,45.0
10311,3,7315,4,,,2,,,
10311,4,7315,2,,,1,,,
10312,1,7315,52,,6.0,2,6.0,4.0,
10313,1,7308,74,,,1,6.0,4.0,
10313,2,7308,67,,,2,6.0,4.0,
10314,1,7307,32,,3.0,2,1.0,4.0,40.0
10314,2,7307,29,,6.0,1,1.0,4.0,40.0
10314,3,7307,1,,,2,,,
10315,1,7306,60,,1.0,2,1.0,4.0,24.0
10315,2,7306,64,,,1,6.0,4.0,
10315,3,7306,35,,1.0,2,1.0,4.0,24.0
10315,4,7306,29,,1.0,1,1.0,4.0,40.0
10315,5,7306,13,9.0,,2,,,
10315,6,7306,9,6.0,,1,,,
10315,7,7306,45,,1.0,1,1.0,4.0,40.0
10316,1,7302,38,,1.0,1,1.0,4.0,4.0
10316,2,7302,39,,1.0,2,1.0,4.0,40.0
10316,3,7302,1,,,1,,,
10316,4,7302,6,3.0,,1,,,
10316,5,7302,13,9.0,,2,,,
10317,1,7303,46,,,2,6.0,4.0,
10317,2,7303,56,,1.0,1,1.0,4.0,40.0
10317,3,7303,18,14.0,,2,6.0,4.0,
10318,1,7309,76,,,1,6.0,2.0,
10318,2,7309,69,,3.0,1,6.0,4.0,
10319,1,7308,35,,6.0,2,1.0,4.0,40.0
10319,2,7308,37,,6.0,1,1.0,4.0,40.0
10319,3,7308,4,1.0,,2,,,
10319,4,7308,1,,,1,,,
10320,1,7322,94,,,1,6.0,4.0,
10320,2,7322,73,,,2,6.0,4.0,
10321,1,7309,48,,1.0,1,1.0,4.0,40.0
10321,2,7309,44,,,2,6.0,4.0,
10321,3,7309,7,4.0,,2,,,
10322,1,7316,32,,1.0,2,1.0,4.0,30.0
10322,2,7316,37,,1.0,1,1.0,4.0,40.0
10323,1,7302,49,,1.0,2,3.0,4.0,30.0
10323,2,7302,60,,,1,6.0,4.0,
10324,1,7309,28,,1.0,2,1.0,4.0,39.0
10324,2,7309,30,,6.0,1,1.0,4.0,55.0
10325,1,7319,77,,,1,6.0,2.0,
10325,2,7319,75,,,2,6.0,4.0,
10326,1,7316,63,,6.0,1,1.0,4.0,60.0
10326,2,7316,53,,1.0,2,1.0,4.0,50.0
10326,3,7316,37,,1.0,1,1.0,4.0,5.0
10326,4,7316,12,9.0,,1,,,
10326,5,7316,12,9.0,,2,,,
10327,1,7317,81,,,1,6.0,4.0,
10327,2,7317,49,15.0,2.0,1,1.0,4.0,40.0
10327,3,7317,22,,9.0,2,3.0,4.0,
10327,4,7317,54,15.0,2.0,2,6.0,4.0,
10327,5,7317,56,,1.0,1,2.0,4.0,36.0
10328,1,7315,35,,5.0,1,1.0,2.0,40.0
10329,1,7322,40,,1.0,1,1.0,4.0,40.0
10329,2,7322,74,,,2,6.0,4.0,
10329,3,7322,71,,,1,6.0,4.0,
10330,1,7310,39,15.0,1.0,2,1.0,4.0,30.0
10330,2,7310,57,,1.0,2,1.0,4.0,38.0
10330,3,7310,37,,1.0,2,1.0,4.0,40.0
10331,1,7308,62,,1.0,1,2.0,2.0,50.0
10331,2,7308,61,,6.0,2,2.0,4.0,80.0
10332,1,7310,73,,,2,6.0,4.0,
10333,1,7302,54,,1.0,2,1.0,4.0,40.0
10333,2,7302,61,,6.0,1,1.0,4.0,35.0
10334,1,7322,35,,1.0,1,1.0,4.0,56.0
10334,2,7322,44,,3.0,2,1.0,4.0,40.0
10335,1,7313,31,,2.0,2,1.0,4.0,38.0
10335,2,7313,31,,2.0,1,1.0,4.0,40.0
10335,3,7313,0,,,2,,,
10336,1,7308,40,,1.0,1,1.0,4.0,40.0
10336,2,7308,38,,,2,6.0,4.0,
10336,3,7308,2,,,2,,,
10337,1,7322,79,,,2,6.0,4.0,
10338,1,7321,61,,6.0,2,1.0,4.0,3.0
10338,2,7321,19,15.0,,1,6.0,4.0,
10339,1,7302,66,,1.0,2,6.0,4.0,
10339,2,7302,70,,,1,6.0,3.0,
10340,1,7321,81,,,2,6.0,4.0,
10341,1,7317,62,,1.0,1,6.0,4.0,40.0
10341,2,7317,70,,,2,6.0,4.0,
10342,1,7301,56,,5.0,1,1.0,2.0,40.0
10342,2,7301,55,,3.0,2,1.0,4.0,40.0
10343,1,7304,57,,1.0,1,1.0,4.0,50.0
10343,2,7304,57,,,2,6.0,4.0,
10344,1,7312,62,16.0,3.0,2,1.0,4.0,50.0
10345,1,7318,50,,1.0,1,1.0,4.0,40.0
10345,2,7318,48,,,2,6.0,4.0,
10345,3,7318,27,15.0,1.0,1,1.0,4.0,12.0
10345,4,7318,18,15.0,1.0,2,1.0,4.0,40.0
10345,5,7318,45,,,2,6.0,4.0,
10346,1,7317,32,14.0,1.0,1,3.0,4.0,40.0
10346,2,7317,26,,1.0,2,1.0,4.0,40.0
10346,3,7317,4,1.0,,2,,,
10346,4,7317,56,,6.0,1,3.0,2.0,25.0
10346,5,7317,49,,1.0,2,1.0,4.0,40.0
10346,6,7317,23,,,1,6.0,4.0,
10347,1,7308,90,,,1,6.0,4.0,
10347,2,7308,77,,,2,6.0,4.0,
10347,3,7308,56,,,1,6.0,4.0,
10348,1,7307,57,,1.0,1,1.0,4.0,50.0
10348,2,7307,52,,,2,6.0,4.0,
10348,3,7307,22,,1.0,2,1.0,4.0,40.0
10348,4,7307,16,12.0,,1,6.0,,
10349,1,7317,54,,1.0,1,1.0,4.0,40.0
10350,1,7314,28,,1.0,2,1.0,4.0,21.0
10350,2,7314,28,,5.0,1,4.0,1.0,40.0
10350,3,7314,3,,,1,,,
10351,1,7318,35,,1.0,2,1.0,4.0,40.0
10351,2,7318,12,9.0,,1,,,
10352,1,7301,78,,,1,6.0,4.0,
10352,2,7301,75,,,2,6.0,4.0,
10353,1,7301,63,,6.0,1,6.0,4.0,15.0
10353,2,7301,59,,3.0,2,1.0,4.0,40.0
10354,1,7315,39,,2.0,2,1.0,4.0,40.0
10354,2,7315,51,,6.0,1,6.0,4.0,
10354,3,7315,1,,,2,,,
10355,1,7318,53,,3.0,2,1.0,4.0,40.0
10355,2,7318,59,,7.0,1,1.0,4.0,35.0
10355,3,7318,13,10.0,,1,,,
10356,1,7301,63,,1.0,2,1.0,4.0,40.0
10357,1,7315,55,,3.0,2,1.0,4.0,25.0
10357,2,7315,56,,6.0,1,1.0,4.0,50.0
10357,3,7315,21,15.0,,1,6.0,4.0,
10358,1,7307,66,,2.0,1,1.0,4.0,45.0
10358,2,7307,68,,6.0,2,1.0,4.0,12.0
10359,1,7313,35,15.0,3.0,2,3.0,4.0,15.0
10359,2,7313,49,,1.0,1,1.0,4.0,17.0
10359,3,7313,15,12.0,,2,,,
10359,4,7313,13,10.0,,1,,,
10359,5,7313,11,7.0,,1,,,
10360,1,7314,61,,1.0,1,6.0,4.0,
10360,2,7314,65,,1.0,2,6.0,4.0,
10361,1,7322,84,,,2,6.0,4.0,
10362,1,7301,55,,1.0,1,1.0,4.0,40.0
10362,2,7301,40,,,2,6.0,4.0,
10362,3,7301,12,9.0,,2,,,
10362,4,7301,10,7.0,,2,,,
10363,1,7312,60,,1.0,2,1.0,4.0,28.0
10363,2,7312,58,,6.0,1,1.0,4.0,35.0
10363,3,7312,29,,3.0,2,1.0,4.0,40.0
10364,1,7307,73,,,2,6.0,4.0,
10365,1,7309,42,,1.0,1,1.0,4.0,50.0
10365,2,7309,37,,3.0,2,1.0,4.0,10.0
10365,3,7309,9,6.0,,1,,,
10365,4,7309,8,5.0,,2,,,
10365,5,7309,3,1.0,,1,,,
10366,1,7315,69,,,2,6.0,4.0,
10367,1,7301,28,,5.0,1,4.0,1.0,50.0
10367,2,7301,27,,5.0,1,4.0,1.0,40.0
10368,1,7315,66,,1.0,1,1.0,4.0,60.0
10369,1,7321,31,,,2,6.0,4.0,
10369,2,7321,31,,1.0,1,1.0,4.0,40.0
10369,3,7321,6,4.0,,2,,,
10369,4,7321,3,,,1,,,
10370,1,7322,78,,,1,6.0,4.0,
10370,2,7322,70,,,2,6.0,4.0,
10371,1,7301,39,,7.0,2,2.0,4.0,50.0
10371,2,7301,45,,1.0,1,1.0,4.0,50.0
10372,1,7305,68,,1.0,2,1.0,4.0,40.0
10372,2,7305,68,,1.0,1,1.0,4.0,40.0
10372,3,7305,45,,1.0,1,1.0,4.0,40.0
10372,4,7305,39,,1.0,2,1.0,4.0,40.0
10372,5,7305,28,,1.0,1,1.0,4.0,40.0
10372,6,7305,20,15.0,,2,6.0,4.0,
10372,7,7305,11,9.0,,2,,,
10373,1,7319,36,,5.0,1,4.0,1.0,40.0
10373,2,7319,28,,1.0,2,6.0,2.0,
10373,3,7319,1,,,2,,,
10373,4,7319,0,,,1,,,
10374,1,7313,54,,6.0,1,1.0,4.0,30.0
10374,2,7313,48,,,2,6.0,4.0,
10374,3,7313,16,14.0,,1,6.0,,
10374,4,7313,14,11.0,,1,,,
10374,5,7313,66,,,2,6.0,4.0,
10375,1,7316,32,,1.0,2,1.0,4.0,40.0
10375,2,7316,36,,1.0,1,1.0,4.0,50.0
10376,1,7320,60,,1.0,1,1.0,2.0,40.0
10377,1,7321,57,,6.0,1,1.0,2.0,40.0
10377,2,7321,47,,,2,6.0,4.0,
10377,3,7321,9,5.0,,2,,,
10378,1,7317,27,,5.0,2,4.0,1.0,45.0
10378,2,7317,28,,1.0,1,1.0,4.0,40.0
10378,3,7317,5,2.0,,2,,,
10378,4,7317,0,,,2,,,
10379,1,7322,30,16.0,5.0,1,4.0,1.0,40.0
10379,2,7322,26,16.0,1.0,2,1.0,4.0,40.0
10379,3,7322,1,,,2,,,
10380,1,7315,34,,6.0,2,1.0,4.0,40.0
10381,1,7310,73,,,2,6.0,4.0,
10381,2,7310,75,16.0,,1,6.0,3.0,
10382,1,7308,52,,6.0,2,1.0,4.0,40.0
10382,2,7308,51,,1.0,1,1.0,4.0,40.0
10382,3,7308,16,12.0,1.0,2,1.0,,15.0
10382,4,7308,14,10.0,,2,,,
10383,1,7317,27,,1.0,2,6.0,4.0,
10384,1,7306,48,,1.0,1,1.0,4.0,50.0
10384,2,7306,61,,,2,6.0,4.0,
10384,3,7306,18,15.0,7.0,1,1.0,4.0,25.0
10385,1,7310,35,,2.0,2,2.0,4.0,36.0
10386,1,7314,38,,3.0,2,1.0,4.0,40.0
10386,2,7314,41,,2.0,1,1.0,2.0,40.0
10386,3,7314,17,14.0,,1,6.0,4.0,
10386,4,7314,13,10.0,,1,,,
10387,1,7315,35,,1.0,1,1.0,4.0,50.0
10388,1,7311,58,,1.0,2,1.0,4.0,40.0
10389,1,7302,59,,,1,6.0,4.0,
10389,2,7302,59,,,2,6.0,4.0,
10390,1,7308,59,,1.0,1,1.0,2.0,40.0
10390,2,7308,58,,1.0,2,6.0,4.0,
10391,1,7312,49,,2.0,2,1.0,4.0,40.0
10391,2,7312,48,,2.0,1,1.0,4.0,40.0
10391,3,7312,46,,3.0,1,1.0,4.0,40.0
10391,4,7312,31,,2.0,2,1.0,2.0,32.0
10392,1,7319,69,,,1,6.0,2.0,
10392,2,7319,53,,1.0,2,1.0,4.0,34.0
10393,1,7301,30,,3.0,1,2.0,4.0,40.0
10393,2,7301,26,,3.0,2,2.0,4.0,40.0
10394,1,7308,71,,,2,6.0,4.0,
10395,1,7320,32,,1.0,2,1.0,4.0,40.0
10395,2,7320,34,,1.0,1,1.0,4.0,45.0
10395,3,7320,13,9.0,,1,,,
10395,4,7320,11,8.0,,2,,,
10395,5,7320,8,4.0,,1,,,
10396,1,7316,31,,3.0,1,1.0,4.0,40.0
10396,2,7316,31,,1.0,2,1.0,4.0,40.0
10397,1,7307,36,,,2,6.0,4.0,
10397,2,7307,33,,3.0,1,1.0,2.0,82.0
10397,3,7307,10,7.0,,1,,,
10397,4,7307,9,5.0,,1,,,
10397,5,7307,2,,,2,,,
10397,6,7307,2,,,1,,,
10398,1,7305,44,16.0,1.0,1,1.0,4.0,40.0
10399,1,7321,44,15.0,1.0,1,1.0,4.0,44.0
10399,2,7321,44,,1.0,2,1.0,4.0,40.0
10399,3,7321,19,14.0,1.0,2,1.0,4.0,8.0
10399,4,7321,15,12.0,,2,,,
10399,5,7321,12,8.0,,1,,,
10399,6,7321,1,,,1,,,
10400,1,7312,63,,6.0,1,1.0,4.0,10.0
10400,2,7312,69,,,2,6.0,4.0,
10400,3,7312,32,,2.0,1,6.0,4.0,2.0
10401,1,7301,68,,,1,6.0,4.0,
10401,2,7301,59,,1.0,1,1.0,4.0,40.0
10402,1,7318,37,16.0,5.0,1,4.0,1.0,60.0
10402,2,7318,38,,1.0,2,1.0,4.0,16.0
10402,3,7318,9,5.0,,1,,,
10402,4,7318,5,2.0,,1,,,
10403,1,7321,56,,,2,6.0,4.0,
10403,2,7321,63,,1.0,1,1.0,4.0,56.0
10403,3,7321,15,12.0,,2,,,
10404,1,7316,35,,5.0,2,1.0,4.0,40.0
10404,2,7316,50,16.0,5.0,1,1.0,4.0,40.0
10405,1,7316,34,,2.0,2,1.0,4.0,40.0
10405,2,7316,35,,3.0,2,1.0,4.0,40.0
10406,1,7319,63,,1.0,1,6.0,4.0,40.0
10406,2,7319,63,,1.0,2,1.0,4.0,40.0
10407,1,7312,21,15.0,1.0,1,1.0,4.0,7.0
10407,2,7312,22,15.0,1.0,1,6.0,4.0,16.0
10407,3,7312,21,15.0,1.0,1,1.0,4.0,20.0
10407,4,7312,21,15.0,1.0,1,1.0,4.0,15.0
10408,1,7309,66,,4.0,2,1.0,4.0,40.0
10408,2,7309,60,,1.0,1,1.0,4.0,72.0
10409,1,7305,48,,1.0,1,1.0,4.0,40.0
10409,2,7305,49,,6.0,2,1.0,4.0,20.0
10409,3,7305,23,,1.0,1,1.0,4.0,35.0
10409,4,7305,9,5.0,,2,,,
10410,1,7310,60,,7.0,1,1.0,4.0,60.0
10410,2,7310,58,,,2,6.0,4.0,
10410,3,7310,21,15.0,1.0,1,1.0,4.0,28.0
10411,1,7308,74,,,2,6.0,4.0,
10411,2,7308,14,10.0,,1,,,
10412,1,7307,21,15.0,1.0,2,6.0,4.0,
10413,1,7313,39,,1.0,1,1.0,2.0,60.0
10413,2,7313,34,,1.0,2,1.0,4.0,40.0
10413,3,7313,2,,,1,,,
10413,4,7313,6,2.0,,1,,,
10414,1,7321,58,,1.0,1,1.0,4.0,40.0
10414,2,7321,52,,1.0,2,1.0,4.0,40.0
10414,3,7321,30,,1.0,2,1.0,4.0,40.0
10414,4,7321,0,,,2,,,
10414,5,7321,30,,1.0,1,1.0,4.0,40.0
10415,1,7316,61,,1.0,1,6.0,4.0,
10415,2,7316,56,,1.0,2,1.0,4.0,40.0
10416,1,7315,56,,6.0,1,6.0,4.0,5.0
10417,1,7305,49,,6.0,1,1.0,4.0,40.0
10418,1,7312,46,,5.0,2,1.0,4.0,60.0
10418,2,7312,14,11.0,,1,,,
10419,1,7322,33,,1.0,2,1.0,4.0,20.0
10419,2,7322,36,,1.0,1,1.0,4.0,40.0
10419,3,7322,14,11.0,,2,,,
10419,4,7322,10,6.0,,2,,,
10420,1,7312,26,,3.0,1,1.0,4.0,40.0
10420,2,7312,25,,4.0,2,1.0,4.0,40.0
10420,3,7312,26,,1.0,1,1.0,4.0,40.0
10421,1,7312,55,,4.0,2,2.0,4.0,45.0
10421,2,7312,56,,2.0,1,2.0,4.0,45.0
10421,3,7312,21,15.0,,1,6.0,4.0,
10421,4,7312,17,15.0,,2,6.0,4.0,
10422,1,7313,59,,,2,6.0,4.0,
10422,2,7313,37,,1.0,1,1.0,4.0,36.0
10423,1,7321,73,,,1,6.0,4.0,
10423,2,7321,68,,1.0,2,6.0,4.0,20.0
10424,1,7314,35,,1.0,1,1.0,4.0,45.0
10424,2,7314,35,,1.0,2,1.0,4.0,25.0
10424,3,7314,2,,,2,,,
10425,1,7303,27,,4.0,1,1.0,4.0,40.0
10425,2,7303,20,15.0,1.0,1,1.0,4.0,30.0
10425,3,7303,53,,1.0,2,1.0,4.0,25.0
10425,4,7303,52,,1.0,1,1.0,4.0,35.0
10426,1,7309,43,,,2,6.0,4.0,
10426,2,7309,51,,1.0,1,1.0,4.0,50.0
10426,3,7309,10,6.0,,2,,,
10426,4,7309,7,4.0,,2,,,
10426,5,7309,4,1.0,,2,,,
10427,1,7321,65,,,2,6.0,4.0,
10428,1,7306,35,,1.0,1,1.0,2.0,40.0
10428,2,7306,33,,2.0,2,1.0,2.0,40.0
10428,3,7306,16,11.0,,1,6.0,,
10428,4,7306,13,9.0,,2,,,
10428,5,7306,60,,,2,6.0,4.0,
10429,1,7301,50,,2.0,1,1.0,4.0,60.0
10429,2,7301,53,,,2,6.0,4.0,
10430,1,7321,76,,,1,6.0,4.0,
10431,1,7317,65,,1.0,2,6.0,4.0,40.0
10432,1,7315,24,,1.0,1,1.0,4.0,50.0
10432,2,7315,24,,1.0,1,1.0,4.0,40.0
10432,3,7315,24,,1.0,1,1.0,4.0,40.0
10432,4,7315,23,,1.0,1,1.0,4.0,50.0
10433,1,7322,66,,2.0,1,1.0,4.0,28.0
10433,2,7322,65,,2.0,2,1.0,4.0,40.0
10433,3,7322,30,,1.0,2,1.0,4.0,40.0
10433,4,7322,4,,,1,,,
10434,1,7320,69,,5.0,2,6.0,4.0,
10434,2,7320,70,,5.0,1,6.0,2.0,
10435,1,7313,54,,1.0,1,1.0,2.0,40.0
10435,2,7313,40,,1.0,2,1.0,4.0,45.0
10435,3,7313,11,7.0,,2,,,
10435,4,7313,9,5.0,,2,,,
10435,5,7313,71,,6.0,1,6.0,4.0,
10436,1,7308,72,,,2,6.0,4.0,
10437,1,7305,36,,1.0,1,1.0,4.0,40.0
10437,2,7305,32,,1.0,2,1.0,2.0,35.0
10437,3,7305,10,7.0,,1,,,
10438,1,7308,61,,,2,6.0,4.0,
10438,2,7308,57,,7.0,1,1.0,4.0,60.0
10439,1,7315,27,16.0,,2,6.0,4.0,
10440,1,7312,38,,1.0,1,1.0,4.0,40.0
10440,2,7312,36,,1.0,2,1.0,4.0,40.0
10440,3,7312,4,1.0,,2,,,
10440,4,7312,2,,,1,,,
10441,1,7305,27,,2.0,1,1.0,4.0,40.0
10441,2,7305,24,15.0,1.0,2,1.0,4.0,25.0
10442,1,7309,66,,1.0,1,3.0,2.0,48.0
10442,2,7309,65,,1.0,2,1.0,4.0,40.0
10443,1,7302,82,,6.0,1,6.0,3.0,10.0
10443,2,7302,81,,,2,6.0,4.0,
10444,1,7310,49,,7.0,1,1.0,2.0,40.0
10444,2,7310,49,,2.0,2,1.0,4.0,40.0
10444,3,7310,15,12.0,,1,,,
10444,4,7310,13,9.0,,1,,,
10445,1,7314,34,,1.0,2,1.0,2.0,40.0
10445,2,7314,35,,5.0,1,4.0,1.0,60.0
10445,3,7314,3,1.0,,2,,,
10445,4,7314,34,,5.0,1,4.0,1.0,40.0
10446,1,7316,31,,1.0,1,1.0,2.0,40.0
10446,2,7316,31,,1.0,1,1.0,4.0,24.0
10447,1,7305,45,,4.0,1,1.0,4.0,40.0
10447,2,7305,53,,,2,6.0,4.0,
10448,1,7312,24,,4.0,1,1.0,4.0,8.0
10449,1,7311,55,,1.0,1,1.0,4.0,50.0
10449,2,7311,51,,1.0,2,1.0,4.0,40.0
10450,1,7301,34,16.0,5.0,1,4.0,1.0,99.0
10450,2,7301,35,,1.0,2,6.0,4.0,40.0
10450,3,7301,9,6.0,,2,,,
10450,4,7301,6,3.0,,2,,,
10450,5,7301,5,2.0,,1,,,
10451,1,7314,35,,1.0,1,1.0,4.0,40.0
10451,2,7314,33,,1.0,2,6.0,4.0,
10451,3,7314,3,1.0,,2,,,
10451,4,7314,2,,,2,,,
10452,1,7301,50,,1.0,1,1.0,4.0,40.0
10452,2,7301,47,,1.0,2,1.0,4.0,40.0
10452,3,7301,28,,1.0,1,1.0,4.0,40.0
10452,4,7301,29,,1.0,2,1.0,4.0,24.0
10453,1,7320,60,,,1,6.0,4.0,
10454,1,7305,32,,4.0,1,1.0,4.0,40.0
10454,2,7305,33,,1.0,2,1.0,4.0,40.0
10455,1,7313,65,,2.0,2,1.0,4.0,40.0
10456,1,7309,41,,1.0,1,6.0,4.0,
10456,2,7309,28,15.0,1.0,2,6.0,4.0,
10456,3,7309,12,9.0,,1,,,
10457,1,7304,52,,2.0,2,1.0,4.0,40.0
10457,2,7304,20,15.0,9.0,2,3.0,4.0,
10458,1,7320,55,,3.0,1,6.0,4.0,
10458,2,7320,55,,,2,6.0,4.0,
10458,3,7320,34,,1.0,2,1.0,4.0,20.0
10458,4,7320,16,13.0,,1,6.0,,
10458,5,7320,8,4.0,,1,,,
10458,6,7320,13,9.0,,2,,,
10458,7,7320,11,8.0,,2,,,
10458,8,7320,22,15.0,1.0,1,1.0,4.0,40.0
10458,9,7320,46,,,2,6.0,4.0,
10459,1,7315,62,,1.0,2,1.0,4.0,40.0
10459,2,7315,29,,1.0,1,1.0,4.0,40.0
10459,3,7315,21,15.0,1.0,2,1.0,4.0,35.0
10459,4,7315,6,3.0,,1,,,
10459,5,7315,30,,,2,6.0,4.0,
10460,1,7317,25,,1.0,2,1.0,4.0,40.0
10460,2,7317,5,3.0,,1,,,
10460,3,7317,27,,1.0,2,1.0,4.0,40.0
10461,1,7306,39,,,2,6.0,4.0,
10461,2,7306,39,,1.0,1,1.0,4.0,40.0
10461,3,7306,15,,,1,,,
10461,4,7306,13,,,2,,,
10461,5,7306,1,,,1,,,
10462,1,7309,58,,7.0,1,1.0,4.0,30.0
10463,1,7322,63,,,2,6.0,4.0,
10463,2,7322,61,,,1,6.0,4.0,
10463,3,7322,26,,1.0,1,6.0,4.0,
10463,4,7322,26,,,1,6.0,4.0,
10464,1,7318,59,,1.0,1,1.0,4.0,40.0
10464,2,7318,51,,2.0,2,1.0,4.0,36.0
10465,1,7314,31,,2.0,1,1.0,4.0,90.0
10465,2,7314,30,,2.0,2,1.0,4.0,40.0
10465,3,7314,7,4.0,,1,,,
10465,4,7314,3,1.0,,1,,,
10465,5,7314,2,,,1,,,
10466,1,7302,61,,,1,6.0,2.0,
10466,2,7302,58,,,2,6.0,4.0,
10467,1,7302,48,,1.0,2,1.0,4.0,40.0
10467,2,7302,48,,6.0,1,1.0,4.0,40.0
10467,3,7302,19,15.0,,1,6.0,4.0,
10467,4,7302,17,14.0,1.0,2,6.0,4.0,3.0
10468,1,7302,47,,1.0,2,1.0,2.0,37.0
10468,2,7302,47,,1.0,1,1.0,4.0,40.0
10468,3,7302,15,12.0,,2,,,
10469,1,7316,41,,4.0,2,1.0,4.0,50.0
10469,2,7316,34,16.0,1.0,1,1.0,4.0,45.0
10469,3,7316,1,,,2,,,
10469,4,7316,1,,,2,,,
10470,1,7306,70,15.0,1.0,1,1.0,4.0,40.0
10470,2,7306,41,,2.0,2,1.0,4.0,35.0
10470,3,7306,10,7.0,,2,,,
10470,4,7306,9,5.0,,1,,,
10470,5,7306,6,3.0,,1,,,
10470,6,7306,38,,1.0,1,1.0,4.0,40.0
10471,1,7304,65,,5.0,1,6.0,4.0,
10471,2,7304,61,,1.0,2,1.0,4.0,40.0
10472,1,7318,79,,,2,6.0,4.0,
10473,1,7303,59,,,1,6.0,2.0,
10474,1,7315,30,,1.0,1,1.0,4.0,40.0
10475,1,7320,49,,1.0,2,1.0,4.0,40.0
10475,2,7320,47,,1.0,1,1.0,4.0,90.0
10475,3,7320,14,11.0,,1,,,
10475,4,7320,13,10.0,,1,,,
10476,1,7319,39,,4.0,2,1.0,4.0,40.0
10476,2,7319,40,,2.0,1,1.0,4.0,40.0
10476,3,7319,19,,2.0,1,6.0,4.0,20.0
10476,4,7319,14,11.0,,2,,,
10477,1,7309,72,,,2,6.0,4.0,
10478,1,7308,47,,1.0,1,1.0,4.0,40.0
10478,2,7308,45,,3.0,2,1.0,4.0,40.0
10478,3,7308,7,4.0,,1,,,
10478,4,7308,6,2.0,,1,,,
10479,1,7307,37,,5.0,1,4.0,1.0,40.0
10479,2,7307,35,,,2,6.0,4.0,
10480,1,7301,65,,1.0,1,1.0,3.0,40.0
10480,2,7301,64,,,2,6.0,4.0,
10481,1,7321,58,,1.0,1,1.0,4.0,40.0
10482,1,7316,48,,,1,6.0,3.0,
10483,1,7312,66,,6.0,1,1.0,4.0,20.0
10484,1,7314,69,,,2,6.0,4.0,
10485,1,7315,48,,5.0,1,2.0,4.0,45.0
10485,2,7315,56,,6.0,2,1.0,4.0,25.0
10486,1,7319,71,,,1,6.0,2.0,
10487,1,7304,39,,6.0,2,6.0,4.0,40.0
10487,2,7304,18,,1.0,1,1.0,4.0,6.0
10488,1,7318,54,,1.0,1,1.0,4.0,35.0
10488,2,7318,54,,,2,6.0,4.0,
10488,3,7318,14,12.0,,1,,,
10489,1,7317,44,,1.0,1,1.0,4.0,50.0
10489,2,7317,45,,2.0,2,1.0,4.0,40.0
10489,3,7317,7,4.0,,1,,,
10490,1,7321,65,,5.0,1,1.0,2.0,40.0
10491,1,7311,72,,6.0,2,6.0,4.0,1.0
10491,2,7311,71,,,1,6.0,4.0,
10492,1,7301,59,,1.0,2,1.0,4.0,50.0
10492,2,7301,22,,1.0,2,1.0,4.0,40.0
10492,3,7301,21,15.0,1.0,2,1.0,4.0,30.0
10493,1,7316,84,,,2,6.0,4.0,
10494,1,7319,56,,1.0,1,1.0,3.0,45.0
10494,2,7319,44,,1.0,2,1.0,4.0,30.0
10494,3,7319,11,8.0,,2,,,
10494,4,7319,9,6.0,,2,,,
10495,1,7306,42,,3.0,1,1.0,4.0,40.0
10495,2,7306,42,,3.0,2,1.0,4.0,40.0
10495,3,7306,7,4.0,,2,,,
10496,1,7309,88,,,2,6.0,4.0,
10497,1,7301,65,,3.0,2,6.0,4.0,30.0
10497,2,7301,60,,1.0,1,1.0,4.0,40.0
10498,1,7316,27,,4.0,2,1.0,4.0,40.0
10498,2,7316,27,,1.0,1,1.0,4.0,40.0
10499,1,7308,35,,3.0,1,1.0,4.0,60.0
10499,2,7308,36,,3.0,2,1.0,4.0,60.0
10499,3,7308,6,2.0,,2,,,
10500,1,7319,51,,1.0,1,1.0,4.0,48.0
10500,2,7319,48,,1.0,2,1.0,4.0,4.0
10500,3,7319,20,15.0,1.0,2,1.0,4.0,4.0
10500,4,7319,15,12.0,,1,,,
10500,5,7319,14,10.0,,1,,,
10501,1,7322,21,,5.0,1,4.0,1.0,40.0
10502,1,7301,64,,1.0,2,1.0,4.0,40.0
10503,1,7319,55,,6.0,1,1.0,4.0,50.0
10503,2,7319,58,,1.0,1,6.0,4.0,
10503,3,7319,44,,,2,6.0,4.0,
10504,1,7316,67,,1.0,2,6.0,4.0,
10504,2,7316,75,,1.0,1,1.0,2.0,25.0
10505,1,7316,31,,1.0,1,1.0,4.0,45.0
10505,2,7316,34,,1.0,1,1.0,4.0,80.0
10506,1,7314,49,,6.0,2,6.0,4.0,60.0
10506,2,7314,51,,,1,6.0,4.0,
10507,1,7319,48,,2.0,2,1.0,4.0,32.0
10507,2,7319,53,,1.0,1,1.0,4.0,50.0
10507,3,7319,17,14.0,,1,6.0,4.0,
10508,1,7312,19,,5.0,1,4.0,1.0,45.0
10508,2,7312,19,15.0,1.0,2,1.0,4.0,30.0
10509,1,7322,42,,1.0,1,1.0,4.0,35.0
10509,2,7322,39,,1.0,2,1.0,4.0,40.0
10509,3,7322,12,9.0,,1,,,
10509,4,7322,5,2.0,,2,,,
10510,1,7318,36,,1.0,2,3.0,4.0,
10510,2,7318,37,,6.0,1,1.0,4.0,25.0
10510,3,7318,13,11.0,,2,,,
10510,4,7318,7,5.0,,1,,,
10510,5,7318,4,2.0,,2,,,
10511,1,7302,64,,4.0,1,6.0,4.0,40.0
10511,2,7302,57,,4.0,2,1.0,4.0,40.0
10511,3,7302,28,,1.0,2,1.0,4.0,20.0
10511,4,7302,0,,,1,,,
10511,5,7302,28,,1.0,1,1.0,4.0,50.0
10512,1,7318,58,,3.0,2,1.0,4.0,40.0
10512,2,7318,85,,,2,6.0,4.0,
10512,3,7318,25,,1.0,2,1.0,4.0,40.0
10512,4,7318,3,,,2,,,
10512,5,7318,2,,,1,,,
10513,1,7316,26,,1.0,1,1.0,4.0,40.0
10514,1,7303,47,,1.0,2,1.0,4.0,35.0
10514,2,7303,50,,1.0,1,1.0,2.0,40.0
10515,1,7317,33,,1.0,1,1.0,4.0,40.0
10515,2,7317,32,,1.0,1,1.0,4.0,40.0
10516,1,7310,59,,,1,6.0,4.0,
10516,2,7310,71,,,2,6.0,4.0,
10516,3,7310,36,,,1,6.0,2.0,
10516,4,7310,7,3.0,,1,,,
10517,1,7314,72,,1.0,2,1.0,4.0,24.0
10518,1,7304,94,,,1,6.0,2.0,
10519,1,7302,31,,1.0,2,1.0,4.0,40.0
10519,2,7302,31,,1.0,1,1.0,4.0,50.0
10519,3,7302,0,,,1,,,
10520,1,7316,32,,1.0,1,1.0,4.0,40.0
10521,1,7304,94,,,1,6.0,2.0,
10521,2,7304,94,,,2,6.0,4.0,
10522,1,7314,58,,1.0,1,1.0,2.0,40.0
10522,2,7314,47,,3.0,2,1.0,4.0,40.0
10523,1,7301,28,15.0,1.0,1,1.0,4.0,45.0
10523,2,7301,3,,,1,,,
10524,1,7302,33,,2.0,2,6.0,4.0,
10524,2,7302,33,,1.0,1,1.0,2.0,60.0
10524,3,7302,0,,,1,,,
10524,4,7302,3,,,2,,,
10525,1,7314,59,,1.0,2,1.0,4.0,45.0
10526,1,7305,64,,1.0,1,6.0,4.0,40.0
10526,2,7305,58,,1.0,2,1.0,4.0,40.0
10527,1,7320,53,,2.0,1,1.0,4.0,40.0
10527,2,7320,52,,3.0,2,1.0,4.0,40.0
10527,3,7320,13,10.0,,1,,,
10528,1,7310,31,,1.0,2,1.0,4.0,30.0
10529,1,7316,38,,3.0,2,1.0,4.0,40.0
10529,2,7316,42,,1.0,1,1.0,4.0,40.0
10529,3,7316,1,,,1,,,
10530,1,7303,22,,5.0,1,1.0,2.0,10.0
10531,1,7320,49,,1.0,2,2.0,4.0,30.0
10531,2,7320,27,,1.0,1,2.0,4.0,35.0
10532,1,7312,73,,,1,6.0,4.0,
10533,1,7317,71,,,1,6.0,4.0,
10533,2,7317,68,,,2,6.0,4.0,
10534,1,7311,55,,2.0,2,2.0,4.0,40.0
10535,1,7316,24,,1.0,2,1.0,4.0,40.0
10535,2,7316,25,,1.0,2,1.0,4.0,48.0
10536,1,7311,56,,2.0,2,1.0,4.0,40.0
10537,1,7315,72,,5.0,1,6.0,4.0,
10537,2,7315,69,,6.0,2,1.0,4.0,12.0
10538,1,7316,33,,3.0,2,1.0,4.0,40.0
10538,2,7316,34,,3.0,1,1.0,4.0,50.0
10539,1,7322,35,,4.0,2,6.0,4.0,
10539,2,7322,37,,5.0,1,1.0,2.0,40.0
10539,3,7322,2,,,1,,,
10539,4,7322,0,,,2,,,
10540,1,7302,77,,,2,6.0,4.0,
10541,1,7306,36,,1.0,1,1.0,2.0,40.0
10541,2,7306,48,,2.0,2,1.0,4.0,40.0
10542,1,7318,44,,5.0,1,4.0,3.0,40.0
10542,2,7318,39,,1.0,2,1.0,4.0,40.0
10542,3,7318,6,4.0,,2,,,
10542,4,7318,1,,,1,,,
10542,5,7318,69,,,2,6.0,4.0,
10543,1,7313,40,,1.0,2,1.0,4.0,38.0
10543,2,7313,15,11.0,,2,,,
10544,1,7310,58,,7.0,2,1.0,4.0,40.0
10544,2,7310,50,,1.0,1,1.0,3.0,70.0
10545,1,7316,35,,1.0,1,1.0,4.0,40.0
10545,2,7316,34,,1.0,2,1.0,4.0,40.0
10546,1,7309,58,,,1,6.0,4.0,
10546,2,7309,70,,,2,6.0,4.0,
10547,1,7311,44,,1.0,1,1.0,4.0,40.0
10547,2,7311,33,16.0,1.0,2,1.0,4.0,50.0
10548,1,7320,39,,1.0,2,1.0,4.0,40.0
10548,2,7320,45,,1.0,1,1.0,4.0,40.0
10548,3,7320,17,14.0,,2,6.0,4.0,
10548,4,7320,10,7.0,,1,,,
10549,1,7302,34,,,2,6.0,4.0,
10549,2,7302,41,,1.0,1,1.0,4.0,60.0
10549,3,7302,11,8.0,,1,,,
10549,4,7302,4,1.0,,1,,,
10549,5,7302,2,,,2,,,
10549,6,7302,16,13.0,1.0,1,6.0,,4.0
10550,1,7315,49,,6.0,2,1.0,4.0,25.0
10550,2,7315,55,,1.0,1,6.0,4.0,
10550,3,7315,21,15.0,1.0,2,1.0,4.0,15.0
10550,4,7315,17,14.0,,1,6.0,4.0,
10551,1,7310,59,,1.0,1,6.0,4.0,40.0
10551,2,7310,35,,,2,6.0,4.0,
10552,1,7304,39,,1.0,1,1.0,4.0,60.0
10552,2,7304,38,,1.0,2,1.0,4.0,60.0
10552,3,7304,8,4.0,,2,,,
10552,4,7304,5,1.0,,2,,,
10553,1,7308,59,,7.0,1,1.0,4.0,40.0
10553,2,7308,58,,,2,6.0,4.0,
10553,3,7308,22,,1.0,2,1.0,4.0,40.0
10553,4,7308,17,14.0,,1,6.0,4.0,
10554,1,7320,63,,7.0,2,6.0,4.0,
10554,2,7320,64,,7.0,1,6.0,4.0,
10555,1,7310,35,,,2,6.0,4.0,
10555,2,7310,34,,5.0,1,4.0,1.0,40.0
10555,3,7310,10,8.0,,1,,,
10555,4,7310,5,1.0,,2,,,
10555,5,7310,5,1.0,,2,,,
10556,1,7320,67,,,2,6.0,4.0,
10556,2,7320,67,,1.0,1,1.0,4.0,40.0
10557,1,7308,27,,5.0,2,1.0,2.0,40.0
10557,2,7308,25,,5.0,1,4.0,1.0,48.0
10558,1,7317,41,,1.0,2,1.0,4.0,35.0
10558,2,7317,10,6.0,,1,,,
10559,1,7301,46,,1.0,1,1.0,4.0,45.0
10559,2,7301,43,,1.0,2,6.0,4.0,
10559,3,7301,12,9.0,,1,,,
10559,4,7301,10,7.0,,1,,,
10559,5,7301,4,1.0,,1,,,
10559,6,7301,2,,,2,,,
10560,1,7313,30,,5.0,2,2.0,4.0,40.0
10560,2,7313,31,,1.0,1,1.0,4.0,40.0
10560,3,7313,8,5.0,,1,,,
10560,4,7313,5,2.0,,2,,,
10561,1,7310,72,,1.0,2,1.0,4.0,35.0
10561,2,7310,66,,1.0,1,1.0,4.0,40.0
10561,3,7310,75,,,2,6.0,4.0,
10562,1,7310,42,,1.0,1,1.0,2.0,40.0
10562,2,7310,35,,6.0,2,1.0,4.0,50.0
10562,3,7310,6,3.0,,1,,,
10562,4,7310,3,1.0,,1,,,
10563,1,7301,36,,1.0,2,1.0,4.0,40.0
10563,2,7301,45,,1.0,1,1.0,4.0,36.0
10564,1,7311,61,,7.0,2,1.0,4.0,12.0
10564,2,7311,61,,7.0,1,1.0,4.0,40.0
10564,3,7311,20,,1.0,1,1.0,4.0,30.0
10564,4,7311,90,,,2,6.0,4.0,
10565,1,7313,35,,1.0,1,1.0,4.0,40.0
10565,2,7313,34,15.0,1.0,2,1.0,4.0,38.0
10566,1,7302,75,,,2,6.0,4.0,
10566,2,7302,25,,3.0,1,3.0,4.0,
10567,1,7310,58,15.0,2.0,2,1.0,4.0,36.0
10568,1,7320,53,,1.0,1,1.0,4.0,40.0
10568,2,7320,44,,1.0,2,1.0,4.0,40.0
10568,3,7320,14,10.0,,1,,,
10569,1,7305,71,,1.0,1,6.0,4.0,
10570,1,7303,20,,1.0,1,1.0,4.0,40.0
10570,2,7303,14,10.0,,2,,,
10570,3,7303,8,4.0,,1,,,
10570,4,7303,6,2.0,,1,,,
10570,5,7303,1,,,2,,,
10570,6,7303,43,,1.0,1,1.0,4.0,40.0
10570,7,7303,33,,,2,6.0,4.0,
10571,1,7321,55,,1.0,1,6.0,4.0,
10571,2,7321,55,,1.0,2,1.0,4.0,36.0
10571,3,7321,29,,1.0,1,1.0,4.0,32.0
10571,4,7321,18,14.0,,1,6.0,4.0,
10572,1,7320,44,,1.0,1,1.0,4.0,48.0
10572,2,7320,40,,,2,6.0,4.0,
10572,3,7320,6,3.0,,1,,,
10572,4,7320,4,1.0,,1,,,
10573,1,7317,29,,3.0,2,1.0,4.0,40.0
10573,2,7317,34,,6.0,1,1.0,4.0,40.0
10573,3,7317,12,9.0,,1,,,
10573,4,7317,7,3.0,,1,,,
10574,1,7322,38,,5.0,1,3.0,2.0,50.0
10574,2,7322,38,,1.0,2,6.0,4.0,
10574,3,7322,2,,,1,,,
10574,4,7322,17,13.0,,2,6.0,4.0,
10575,1,7304,28,,6.0,1,1.0,4.0,40.0
10575,2,7304,29,15.0,1.0,1,1.0,4.0,40.0
10576,1,7308,42,,1.0,2,1.0,4.0,40.0
10576,2,7308,49,15.0,6.0,1,1.0,4.0,40.0
10576,3,7308,15,12.0,,1,,,
10576,4,7308,12,9.0,,1,,,
10577,1,7302,64,,7.0,1,1.0,4.0,40.0
10578,1,7310,66,,,1,6.0,4.0,
10579,1,7303,57,,1.0,2,1.0,4.0,40.0
10580,1,7319,72,,1.0,1,6.0,2.0,
10580,2,7319,71,,,2,6.0,4.0,
10581,1,7306,66,,6.0,1,1.0,4.0,25.0
10581,2,7306,59,,1.0,2,6.0,4.0,
10581,3,7306,19,15.0,1.0,1,3.0,4.0,
10582,1,7310,68,,,2,6.0,4.0,
10583,1,7303,45,,1.0,1,1.0,2.0,50.0
10583,2,7303,45,,6.0,2,6.0,4.0,
10584,1,7309,56,,1.0,2,1.0,4.0,40.0
10584,2,7309,56,,1.0,1,1.0,4.0,40.0
10584,3,7309,26,,1.0,2,1.0,4.0,40.0
10585,1,7316,55,,2.0,2,1.0,4.0,60.0
10585,2,7316,64,,9.0,2,3.0,4.0,
10586,1,7313,55,,7.0,2,1.0,4.0,40.0
10586,2,7313,56,,7.0,1,1.0,4.0,60.0
10587,1,7306,47,,1.0,1,1.0,4.0,40.0
10588,1,7321,62,,,1,6.0,3.0,
10588,2,7321,59,,,2,6.0,2.0,
10588,3,7321,22,,1.0,2,1.0,4.0,40.0
10588,4,7321,26,,1.0,1,1.0,4.0,40.0
10589,1,7320,52,,1.0,1,1.0,4.0,40.0
10589,2,7320,16,13.0,,2,6.0,,
10589,3,7320,15,11.0,,2,,,
10590,1,7320,45,,2.0,1,1.0,2.0,50.0
10590,2,7320,46,,1.0,2,1.0,4.0,30.0
10590,3,7320,20,15.0,1.0,1,1.0,4.0,10.0
10590,4,7320,17,14.0,,1,6.0,4.0,
10591,1,7311,44,,1.0,1,1.0,4.0,40.0
10591,2,7311,43,,2.0,2,1.0,4.0,30.0
10591,3,7311,11,8.0,,1,,,
10591,4,7311,7,3.0,,2,,,
10592,1,7314,72,,,2,6.0,4.0,
10593,1,7313,30,,6.0,2,1.0,4.0,20.0
10593,2,7313,46,15.0,2.0,1,1.0,2.0,40.0
10593,3,7313,8,4.0,,1,,,
10593,4,7313,6,2.0,,2,,,
10594,1,7308,64,,1.0,1,6.0,4.0,
10595,1,7310,41,,1.0,1,1.0,4.0,65.0
10595,2,7310,38,,6.0,2,1.0,4.0,50.0
10596,1,7310,27,,1.0,1,1.0,4.0,44.0
10596,2,7310,25,,2.0,2,1.0,4.0,40.0
10597,1,7311,53,,1.0,1,1.0,4.0,24.0
10597,2,7311,52,,,2,6.0,4.0,
10597,3,7311,23,15.0,2.0,2,1.0,4.0,25.0
10597,4,7311,20,15.0,1.0,1,6.0,4.0,
10597,5,7311,13,9.0,,2,,,
10598,1,7316,37,,1.0,2,1.0,4.0,50.0
10599,1,7317,26,,1.0,1,1.0,4.0,45.0
10599,2,7317,30,,1.0,1,1.0,4.0,45.0
10600,1,7321,56,,6.0,1,1.0,4.0,24.0
10600,2,7321,65,,1.0,2,6.0,4.0,
10601,1,7319,20,,1.0,1,6.0,4.0,30.0
10601,2,7319,19,,1.0,2,6.0,4.0,20.0
10602,1,7321,74,,2.0,2,6.0,4.0,
10603,1,7306,82,,,2,6.0,4.0,
10604,1,7321,71,,,2,6.0,4.0,
10605,1,7314,78,,,2,6.0,4.0,
10606,1,7304,34,,2.0,1,1.0,4.0,60.0
10606,2,7304,32,,1.0,2,1.0,4.0,50.0
10607,1,7318,64,,5.0,1,1.0,4.0,40.0
10607,2,7318,60,15.0,,2,6.0,4.0,
10608,1,7304,66,,6.0,1,1.0,4.0,45.0
10609,1,7313,69,,1.0,1,1.0,4.0,15.0
10609,2,7313,68,,,2,6.0,4.0,
10609,3,7313,45,,1.0,1,3.0,4.0,
10610,1,7310,34,,5.0,1,1.0,4.0,50.0
10611,1,7319,75,,,2,6.0,4.0,
10611,2,7319,50,,1.0,1,1.0,4.0,40.0
10612,1,7309,40,,1.0,1,1.0,4.0,30.0
10612,2,7309,41,,1.0,2,1.0,4.0,30.0
10612,3,7309,17,14.0,1.0,2,1.0,4.0,16.0
10613,1,7322,70,,1.0,2,1.0,4.0,50.0
10613,2,7322,32,,1.0,1,3.0,4.0,15.0
10614,1,7307,87,,,1,6.0,2.0,
10614,2,7307,89,,,2,6.0,4.0,
10615,1,7301,26,,5.0,1,4.0,1.0,55.0
10615,2,7301,26,,,2,6.0,4.0,
10615,3,7301,4,1.0,,2,,,
10615,4,7301,2,,,1,,,
10616,1,7315,68,,,1,6.0,4.0,
10616,2,7315,64,,,2,6.0,4.0,
10617,1,7316,27,,1.0,2,1.0,4.0,30.0
10618,1,7318,55,,4.0,2,1.0,4.0,40.0
10618,2,7318,54,,4.0,1,1.0,4.0,40.0
10618,3,7318,23,15.0,1.0,2,1.0,4.0,20.0
10618,4,7318,53,,7.0,1,1.0,4.0,25.0
10618,5,7318,83,,,1,6.0,4.0,
10618,6,7318,78,,,2,6.0,4.0,
10618,7,7318,53,,1.0,2,1.0,4.0,40.0
10618,8,7318,26,,1.0,2,1.0,4.0,15.0
10619,1,7303,63,,6.0,2,6.0,4.0,14.0
10619,2,7303,57,,3.0,1,2.0,4.0,30.0
10619,3,7303,24,,1.0,1,1.0,4.0,40.0
10620,1,7302,25,,1.0,2,1.0,4.0,40.0
10620,2,7302,30,,1.0,1,1.0,4.0,40.0
10620,3,7302,23,15.0,,2,6.0,4.0,
10620,4,7302,55,,,2,6.0,4.0,
10621,1,7313,81,,,1,6.0,3.0,
10621,2,7313,75,,,2,6.0,4.0,
10622,1,7311,31,,1.0,1,1.0,4.0,40.0
10622,2,7311,34,,2.0,2,1.0,4.0,40.0
10623,1,7307,80,,,1,6.0,4.0,
10623,2,7307,68,,,2,6.0,4.0,
10624,1,7302,69,,1.0,1,6.0,4.0,
10624,2,7302,70,,,2,6.0,4.0,
10625,1,7310,30,15.0,7.0,2,1.0,4.0,50.0
10625,2,7310,12,9.0,,1,,,
10625,3,7310,8,4.0,,1,,,
10625,4,7310,3,,,1,,,
10625,5,7310,24,15.0,1.0,2,1.0,4.0,22.0
10626,1,7309,37,,1.0,1,1.0,4.0,40.0
10626,2,7309,5,2.0,,2,,,
10626,3,7309,36,,1.0,2,1.0,4.0,50.0
10627,1,7301,54,,,2,6.0,4.0,
10627,2,7301,56,,5.0,2,3.0,4.0,40.0
10628,1,7317,26,,1.0,1,1.0,4.0,40.0
10628,2,7317,27,,1.0,2,1.0,4.0,18.0
10629,1,7302,53,,3.0,2,1.0,4.0,40.0
10629,2,7302,53,,6.0,1,1.0,4.0,35.0
10629,3,7302,24,,6.0,2,1.0,4.0,30.0
10629,4,7302,21,,1.0,2,1.0,4.0,25.0
10630,1,7320,49,,2.0,2,1.0,4.0,20.0
10630,2,7320,48,,1.0,1,1.0,4.0,45.0
10630,3,7320,21,15.0,1.0,1,1.0,4.0,10.0
10630,4,7320,20,15.0,1.0,1,1.0,4.0,10.0
10630,5,7320,17,13.0,,1,6.0,4.0,
10631,1,7309,45,,1.0,1,1.0,4.0,40.0
10631,2,7309,36,,1.0,2,1.0,4.0,32.0
10631,3,7309,2,,,2,,,
10631,4,7309,0,,,1,,,
10632,1,7320,48,,7.0,1,1.0,4.0,62.0
10632,2,7320,22,15.0,7.0,2,1.0,4.0,35.0
10633,1,7306,75,,,1,6.0,4.0,
10633,2,7306,75,,,2,6.0,4.0,
10634,1,7308,50,,5.0,2,1.0,4.0,40.0
10634,2,7308,12,8.0,,2,,,
10635,1,7321,39,,9.0,2,3.0,4.0,
10635,2,7321,19,,1.0,2,1.0,4.0,30.0
10635,3,7321,16,14.0,9.0,1,3.0,,
10635,4,7321,11,7.0,,1,,,
10635,5,7321,16,13.0,9.0,1,3.0,,
10636,1,7321,39,,2.0,2,1.0,4.0,30.0
10636,2,7321,16,13.0,,2,6.0,,
10636,3,7321,10,7.0,,2,,,
10636,4,7321,13,10.0,,1,,,
10637,1,7308,70,,3.0,1,1.0,4.0,40.0
10637,2,7308,69,,1.0,2,6.0,4.0,
10637,3,7308,39,,1.0,2,1.0,4.0,36.0
10637,4,7308,32,,1.0,1,1.0,4.0,40.0
10637,5,7308,11,8.0,,1,,,
10638,1,7315,67,,,1,6.0,4.0,
10638,2,7315,64,,3.0,2,1.0,4.0,34.0
10639,1,7303,60,,1.0,2,1.0,4.0,24.0
10639,2,7303,58,,1.0,1,1.0,4.0,9.0
10639,3,7303,27,,1.0,1,6.0,4.0,48.0
10640,1,7314,40,,1.0,1,1.0,4.0,50.0
10640,2,7314,43,,7.0,2,1.0,4.0,44.0
10640,3,7314,15,12.0,,1,,,
10640,4,7314,12,9.0,,2,,,
10640,5,7314,4,,,1,,,
10641,1,7309,54,15.0,1.0,2,1.0,4.0,40.0
10641,2,7309,13,10.0,,1,,,
10642,1,7306,62,,1.0,1,1.0,2.0,40.0
10642,2,7306,62,,,2,6.0,4.0,
10642,3,7306,24,,1.0,2,1.0,4.0,40.0
10642,4,7306,17,13.0,,1,6.0,4.0,
10643,1,7318,41,,1.0,1,1.0,4.0,18.0
10643,2,7318,10,7.0,,2,,,
10644,1,7310,29,,4.0,1,1.0,4.0,40.0
10645,1,7315,60,,1.0,1,1.0,4.0,40.0
10645,2,7315,59,,1.0,2,1.0,4.0,40.0
10645,3,7315,21,15.0,3.0,1,1.0,4.0,35.0
10645,4,7315,18,15.0,1.0,1,1.0,4.0,8.0
10646,1,7320,51,15.0,2.0,1,1.0,2.0,24.0
10646,2,7320,47,,1.0,2,6.0,4.0,
10646,3,7320,18,15.0,,1,6.0,4.0,
10646,4,7320,24,15.0,1.0,1,1.0,4.0,30.0
10647,1,7301,80,,,1,6.0,2.0,
10647,2,7301,73,,,2,6.0,4.0,
10648,1,7303,49,,1.0,1,1.0,4.0,32.0
10648,2,7303,47,,1.0,2,1.0,4.0,40.0
10648,3,7303,22,,9.0,1,3.0,4.0,
10648,4,7303,78,,,2,6.0,4.0,
10649,1,7309,50,,,2,6.0,2.0,
10649,2,7309,17,14.0,2.0,1,1.0,4.0,8.0
10649,3,7309,14,11.0,,2,,,
10650,1,7306,74,,4.0,2,1.0,4.0,20.0
10651,1,7308,47,,1.0,1,1.0,4.0,40.0
10651,2,7308,36,,1.0,2,1.0,4.0,40.0
10651,3,7308,7,3.0,,1,,,
10651,4,7308,0,,,1,,,
10651,5,7308,65,,7.0,1,6.0,4.0,
10651,6,7308,63,,,2,6.0,4.0,
10652,1,7316,49,,1.0,1,1.0,2.0,40.0
10652,2,7316,53,,6.0,2,1.0,4.0,50.0
10653,1,7319,57,,1.0,1,1.0,4.0,40.0
10654,1,7311,39,,1.0,1,1.0,4.0,40.0
10654,2,7311,35,,1.0,2,1.0,4.0,40.0
10655,1,7312,49,,1.0,1,1.0,4.0,50.0
10655,2,7312,49,,4.0,2,1.0,4.0,40.0
10655,3,7312,20,,3.0,2,1.0,4.0,38.0
10655,4,7312,17,13.0,,1,6.0,4.0,
10656,1,7313,62,,1.0,1,1.0,4.0,40.0
10656,2,7313,60,,1.0,1,1.0,4.0,30.0
10657,1,7302,67,,,2,6.0,4.0,
10657,2,7302,56,,1.0,1,1.0,4.0,40.0
10658,1,7314,68,,1.0,2,6.0,4.0,
10658,2,7314,69,,3.0,2,1.0,4.0,40.0
10659,1,7303,48,,1.0,2,1.0,4.0,40.0
10659,2,7303,33,,1.0,2,1.0,4.0,40.0
10660,1,7317,27,,5.0,1,4.0,1.0,80.0
10660,2,7317,29,,1.0,2,1.0,4.0,45.0
10661,1,7308,56,,1.0,1,1.0,4.0,40.0
10661,2,7308,55,,,2,6.0,4.0,
10662,1,7320,29,,5.0,1,1.0,4.0,40.0
10662,2,7320,30,,5.0,2,1.0,4.0,40.0
10662,3,7320,30,,5.0,1,1.0,3.0,40.0
10663,1,7309,34,,1.0,1,1.0,4.0,40.0
10664,1,7311,79,,,2,6.0,4.0,
10665,1,7310,50,,2.0,1,3.0,4.0,
10666,1,7314,32,,7.0,1,1.0,4.0,40.0
10667,1,7308,28,15.0,1.0,1,1.0,2.0,97.0
10667,2,7308,56,,1.0,1,1.0,4.0,43.0
10667,3,7308,34,,1.0,1,1.0,4.0,40.0
10667,4,7308,26,,1.0,2,1.0,4.0,50.0
10667,5,7308,30,,1.0,1,1.0,4.0,40.0
10668,1,7303,47,,1.0,1,1.0,4.0,40.0
10668,2,7303,43,,,2,6.0,4.0,
10668,3,7303,18,15.0,,2,6.0,4.0,
10669,1,7310,41,16.0,1.0,2,1.0,4.0,20.0
10669,2,7310,42,,1.0,1,1.0,4.0,35.0
10669,3,7310,3,,,2,,,
10670,1,7312,65,,2.0,2,1.0,4.0,50.0
10670,2,7312,23,,1.0,2,1.0,4.0,40.0
10671,1,7304,40,,,2,6.0,4.0,
10671,2,7304,40,,1.0,1,1.0,4.0,40.0
10671,3,7304,10,6.0,,1,,,
10671,4,7304,7,4.0,,2,,,
10672,1,7316,63,,,2,6.0,4.0,
10672,2,7316,89,,,2,6.0,4.0,
10673,1,7313,48,,7.0,2,1.0,4.0,60.0
10673,2,7313,47,,5.0,1,1.0,4.0,46.0
10674,1,7309,29,,1.0,2,3.0,4.0,40.0
10674,2,7309,28,,1.0,1,1.0,4.0,60.0
10674,3,7309,1,,,2,,,
10675,1,7303,82,,,2,6.0,4.0,
10676,1,7318,41,,5.0,1,1.0,2.0,40.0
10676,2,7318,41,,,2,6.0,4.0,
10676,3,7318,18,15.0,,2,6.0,4.0,
10676,4,7318,18,9.0,,2,6.0,4.0,
10676,5,7318,15,11.0,,2,,,
10677,1,7310,72,,,1,6.0,4.0,
10677,2,7310,72,,1.0,2,6.0,4.0,
10678,1,7321,50,,,2,6.0,4.0,
10678,2,7321,53,,1.0,1,1.0,4.0,40.0
10678,3,7321,26,,1.0,2,1.0,4.0,40.0
10678,4,7321,24,,1.0,2,1.0,4.0,30.0
10678,5,7321,27,,1.0,1,1.0,4.0,40.0
10679,1,7321,43,15.0,9.0,2,3.0,4.0,
10679,2,7321,43,,3.0,1,1.0,4.0,40.0
10679,3,7321,17,14.0,,2,6.0,4.0,
10679,4,7321,15,12.0,,1,,,
10679,5,7321,13,10.0,,1,,,
10680,1,7305,78,,,2,6.0,4.0,
10680,2,7305,74,,,1,6.0,4.0,
10681,1,7321,43,,,2,6.0,4.0,
10681,2,7321,40,,1.0,1,1.0,4.0,90.0
10681,3,7321,19,15.0,1.0,2,1.0,4.0,10.0
10681,4,7321,9,6.0,,2,,,
10682,1,7302,47,,5.0,1,1.0,4.0,40.0
10682,2,7302,62,,1.0,2,6.0,4.0,
10682,3,7302,35,15.0,1.0,1,1.0,4.0,30.0
10682,4,7302,66,,,1,6.0,4.0,
10683,1,7303,89,,,1,6.0,3.0,
10683,2,7303,85,,,2,6.0,4.0,
10683,3,7303,56,,6.0,1,1.0,4.0,25.0
10684,1,7303,34,15.0,1.0,1,1.0,4.0,20.0
10684,2,7303,40,,,2,6.0,4.0,
10684,3,7303,12,8.0,,1,,,
10684,4,7303,31,,1.0,2,1.0,4.0,40.0
10684,5,7303,54,,1.0,2,1.0,4.0,40.0
10685,1,7317,65,,1.0,1,6.0,4.0,
10685,2,7317,58,,1.0,2,6.0,4.0,
10685,3,7317,29,15.0,2.0,2,1.0,4.0,36.0
10685,4,7317,28,,,2,6.0,4.0,
10685,5,7317,23,,1.0,2,1.0,4.0,30.0
10686,1,7305,43,,1.0,2,1.0,4.0,40.0
10686,2,7305,47,,1.0,1,1.0,4.0,50.0
10686,3,7305,16,12.0,,1,6.0,,
10686,4,7305,13,9.0,,1,,,
10687,1,7314,74,,,1,6.0,2.0,
10687,2,7314,74,,1.0,1,1.0,4.0,40.0
10687,3,7314,53,,1.0,1,6.0,4.0,40.0
10688,1,7316,43,,6.0,2,1.0,4.0,40.0
10688,2,7316,10,6.0,,1,,,
10689,1,7304,53,,1.0,2,1.0,4.0,35.0
10689,2,7304,52,,1.0,1,1.0,4.0,50.0
10690,1,7312,60,,1.0,1,1.0,2.0,40.0
10690,2,7312,60,,1.0,2,1.0,4.0,40.0
10690,3,7312,22,15.0,1.0,2,6.0,4.0,30.0
10691,1,7311,64,,,2,6.0,4.0,
10691,2,7311,67,,5.0,1,1.0,2.0,40.0
10691,3,7311,35,,3.0,2,3.0,4.0,2.0
10692,1,7301,51,,2.0,2,1.0,4.0,40.0
10693,1,7321,30,15.0,3.0,1,1.0,4.0,41.0
10693,2,7321,30,,1.0,1,1.0,4.0,45.0
10693,3,7321,30,,1.0,1,1.0,4.0,42.0
10694,1,7301,49,,2.0,2,1.0,4.0,24.0
10694,2,7301,20,,1.0,1,2.0,4.0,40.0
10694,3,7301,18,15.0,1.0,1,3.0,4.0,72.0
10695,1,7306,62,,2.0,2,1.0,4.0,40.0
10696,1,7307,48,,2.0,2,1.0,4.0,40.0
10696,2,7307,42,,1.0,1,1.0,4.0,40.0
10696,3,7307,8,4.0,,2,,,
10697,1,7315,74,,,1,6.0,2.0,
10698,1,7315,36,,4.0,2,1.0,4.0,50.0
10698,2,7315,38,,7.0,1,1.0,4.0,40.0
10699,1,7301,64,,1.0,1,1.0,4.0,40.0
10699,2,7301,33,,1.0,1,1.0,4.0,40.0
10700,1,7311,61,,1.0,1,1.0,2.0,40.0
10700,2,7311,57,,1.0,2,1.0,4.0,40.0
10701,1,7307,27,,,2,6.0,4.0,
10701,2,7307,27,,5.0,1,1.0,2.0,40.0
10702,1,7313,37,,1.0,2,1.0,4.0,40.0
10702,2,7313,49,,1.0,1,1.0,4.0,45.0
10702,3,7313,14,10.0,,2,,,
10702,4,7313,6,2.0,,2,,,
10703,1,7319,49,,3.0,1,1.0,4.0,40.0
10703,2,7319,43,,3.0,2,1.0,4.0,40.0
10703,3,7319,11,7.0,,2,,,
10703,4,7319,8,4.0,,2,,,
10704,1,7315,64,,1.0,1,6.0,4.0,
10704,2,7315,65,,,2,6.0,4.0,
10705,1,7318,37,,5.0,1,4.0,1.0,40.0
10705,2,7318,38,,5.0,2,1.0,4.0,40.0
10705,3,7318,17,14.0,,2,6.0,4.0,
10705,4,7318,12,9.0,,2,,,
10706,1,7316,56,,5.0,1,1.0,2.0,40.0
10706,2,7316,58,,1.0,2,6.0,4.0,
10707,1,7313,19,,2.0,2,1.0,4.0,15.0
10707,2,7313,20,,5.0,1,4.0,1.0,40.0
10707,3,7313,6,3.0,,1,,,
10707,4,7313,4,,,1,,,
10708,1,7314,82,,,1,6.0,2.0,
10708,2,7314,83,,,2,6.0,4.0,
10709,1,7310,34,,5.0,1,1.0,2.0,40.0
10709,2,7310,27,15.0,1.0,2,6.0,4.0,
10710,1,7314,71,,2.0,1,1.0,4.0,56.0
10710,2,7314,56,,2.0,2,1.0,4.0,40.0
10711,1,7301,76,,,1,6.0,2.0,
10712,1,7313,65,,1.0,1,6.0,4.0,
10712,2,7313,64,,1.0,2,1.0,4.0,40.0
10713,1,7320,48,,3.0,2,1.0,4.0,40.0
10713,2,7320,13,10.0,,1,,,
10714,1,7315,40,,6.0,1,1.0,4.0,50.0
10714,2,7315,42,,1.0,2,1.0,4.0,44.0
10714,3,7315,20,,1.0,1,3.0,4.0,40.0
10715,1,7301,54,,1.0,2,1.0,4.0,60.0
10715,2,7301,56,,1.0,1,1.0,4.0,55.0
10715,3,7301,26,16.0,2.0,2,1.0,4.0,70.0
10715,4,7301,25,,1.0,1,1.0,4.0,40.0
10716,1,7321,59,,1.0,1,1.0,4.0,40.0
10717,1,7301,59,,2.0,2,1.0,4.0,40.0
10717,2,7301,60,,,1,6.0,2.0,
10717,3,7301,41,,1.0,1,1.0,4.0,45.0
10717,4,7301,32,,1.0,2,1.0,4.0,45.0
10717,5,7301,8,5.0,,1,,,
10718,1,7321,37,,1.0,2,1.0,4.0,30.0
10718,2,7321,13,11.0,,1,,,
10718,3,7321,7,4.0,,1,,,
10718,4,7321,52,,1.0,1,1.0,4.0,40.0
10719,1,7306,48,,1.0,1,1.0,4.0,50.0
10719,2,7306,44,,2.0,2,6.0,4.0,
10719,3,7306,15,11.0,,1,,,
10719,4,7306,13,9.0,,1,,,
10720,1,7314,54,,1.0,2,3.0,4.0,40.0
10720,2,7314,53,,3.0,1,6.0,2.0,
10721,1,7305,35,,1.0,2,1.0,4.0,6.0
10721,2,7305,15,12.0,,1,,,
10721,3,7305,13,9.0,,1,,,
10721,4,7305,11,8.0,,2,,,
10721,5,7305,5,2.0,,2,,,
10721,6,7305,35,,1.0,1,1.0,4.0,40.0
10722,1,7304,37,,7.0,2,1.0,4.0,80.0
10723,1,7315,88,,,2,6.0,4.0,
10724,1,7321,46,,1.0,1,1.0,4.0,48.0
10724,2,7321,45,,1.0,2,1.0,4.0,48.0
10724,3,7321,13,10.0,,2,,,
10724,4,7321,13,10.0,,2,,,
10724,5,7321,22,,1.0,1,1.0,4.0,30.0
10725,1,7304,80,,,2,6.0,4.0,
10725,2,7304,82,,,1,6.0,2.0,
10726,1,7310,60,,7.0,1,1.0,4.0,60.0
10726,2,7310,41,,,2,6.0,4.0,
10726,3,7310,12,9.0,,2,,,
10726,4,7310,8,4.0,,2,,,
10726,5,7310,6,3.0,,2,,,
10727,1,7301,48,,,2,6.0,4.0,
10727,2,7301,48,,7.0,1,1.0,4.0,72.0
10728,1,7317,48,,1.0,2,1.0,4.0,35.0
10728,2,7317,44,,6.0,1,1.0,4.0,20.0
10728,3,7317,36,,6.0,2,1.0,4.0,30.0
10728,4,7317,62,,1.0,1,2.0,4.0,60.0
10729,1,7307,66,,1.0,2,1.0,4.0,24.0
10729,2,7307,72,,5.0,1,6.0,4.0,
10730,1,7310,90,,,1,6.0,2.0,
10730,2,7310,73,,7.0,2,1.0,4.0,15.0
10731,1,7322,79,,,1,6.0,2.0,
10731,2,7322,75,,,2,6.0,4.0,
10732,1,7310,60,,3.0,2,1.0,4.0,40.0
10732,2,7310,59,,3.0,1,1.0,4.0,40.0
10733,1,7306,43,,1.0,2,1.0,4.0,12.0
10733,2,7306,10,6.0,,1,,,
10733,3,7306,1,,,2,,,
10733,4,7306,45,,1.0,1,2.0,4.0,50.0
10733,5,7306,45,,1.0,2,6.0,4.0,
10734,1,7321,38,,1.0,1,1.0,4.0,40.0
10734,2,7321,39,,1.0,2,1.0,4.0,40.0
10734,3,7321,4,,,1,,,
10735,1,7304,65,,1.0,1,1.0,4.0,37.0
10735,2,7304,63,,3.0,2,1.0,4.0,19.0
10736,1,7317,69,,2.0,1,1.0,4.0,30.0
10736,2,7317,52,,1.0,2,1.0,4.0,20.0
10737,1,7313,41,,,1,6.0,4.0,
10738,1,7314,67,,1.0,2,6.0,4.0,40.0
10739,1,7317,32,,3.0,2,1.0,4.0,40.0
10739,2,7317,32,,1.0,1,1.0,4.0,50.0
10740,1,7312,23,,1.0,1,1.0,4.0,14.0
10741,1,7304,35,,1.0,1,1.0,2.0,50.0
10742,1,7321,29,,1.0,2,1.0,4.0,40.0
10742,2,7321,29,,1.0,1,1.0,4.0,40.0
10742,3,7321,4,,,2,,,
10742,4,7321,3,1.0,,2,,,
10743,1,7310,88,,,1,6.0,2.0,
10743,2,7310,50,,2.0,1,1.0,4.0,40.0
10744,1,7318,46,,3.0,2,6.0,4.0,10.0
10744,2,7318,43,,,1,6.0,4.0,
10744,3,7318,21,,1.0,1,6.0,4.0,12.0
10744,4,7318,17,14.0,,2,6.0,4.0,
10744,5,7318,11,8.0,,1,,,
10744,6,7318,10,6.0,,1,,,
10745,1,7302,73,,1.0,1,1.0,2.0,40.0
10745,2,7302,69,,,2,6.0,4.0,
10746,1,7309,74,,,1,6.0,4.0,
10746,2,7309,69,,,2,6.0,4.0,
10747,1,7311,31,,1.0,1,1.0,4.0,45.0
10748,1,7312,27,,1.0,1,1.0,4.0,40.0
10748,2,7312,28,,1.0,2,1.0,4.0,40.0
10749,1,7313,32,,1.0,1,1.0,4.0,40.0
10749,2,7313,25,,6.0,2,1.0,4.0,30.0
10749,3,7313,4,,,2,,,
10749,4,7313,2,,,2,,,
10750,1,7320,34,,3.0,1,1.0,2.0,40.0
10750,2,7320,29,,6.0,2,1.0,4.0,40.0
10751,1,7320,49,,1.0,2,1.0,4.0,20.0
10751,2,7320,13,11.0,,1,,,
10751,3,7320,11,8.0,,2,,,
10752,1,7314,31,,1.0,1,1.0,4.0,40.0
10752,2,7314,29,,1.0,2,1.0,4.0,40.0
10752,3,7314,7,4.0,,1,,,
10752,4,7314,6,3.0,,2,,,
10752,5,7314,4,,,2,,,
10753,1,7311,46,,1.0,1,1.0,4.0,40.0
10753,2,7311,38,,3.0,2,1.0,4.0,10.0
10753,3,7311,15,12.0,,1,,,
10753,4,7311,12,9.0,,2,,,
10753,5,7311,9,6.0,,2,,,
10754,1,7308,38,,1.0,2,6.0,2.0,
10754,2,7308,39,,1.0,1,1.0,4.0,49.0
10754,3,7308,12,9.0,,2,,,
10754,4,7308,9,6.0,,1,,,
10754,5,7308,2,,,2,,,
10755,1,7320,50,,1.0,2,1.0,4.0,40.0
10755,2,7320,26,,1.0,2,1.0,4.0,40.0
10756,1,7306,70,,7.0,2,1.0,4.0,40.0
10756,2,7306,54,,5.0,1,4.0,1.0,60.0
10756,3,7306,46,,1.0,1,1.0,4.0,40.0
10756,4,7306,9,5.0,,1,,,
10756,5,7306,70,,7.0,1,1.0,4.0,40.0
10757,1,7318,58,,5.0,2,1.0,4.0,38.0
10757,2,7318,17,14.0,7.0,2,1.0,4.0,25.0
10758,1,7305,51,,1.0,1,1.0,4.0,50.0
10758,2,7305,51,,,2,6.0,4.0,
10758,3,7305,17,14.0,2.0,2,1.0,4.0,4.0
10758,4,7305,14,11.0,,1,,,
10759,1,7315,26,16.0,3.0,1,1.0,4.0,80.0
10760,1,7313,52,,2.0,2,1.0,4.0,40.0
10760,2,7313,53,,1.0,1,1.0,4.0,49.0
10760,3,7313,16,13.0,,2,6.0,,
10761,1,7316,80,,,1,6.0,4.0,
10761,2,7316,68,,,2,6.0,4.0,
10761,3,7316,46,,1.0,2,1.0,4.0,40.0
10761,4,7316,12,9.0,,1,,,
10761,5,7316,12,9.0,,1,,,
10762,1,7310,41,,7.0,1,1.0,2.0,60.0
10762,2,7310,36,,1.0,2,1.0,4.0,50.0
10762,3,7310,1,,,2,,,
10763,1,7308,69,,1.0,2,6.0,4.0,
10764,1,7315,77,,,2,6.0,4.0,
10764,2,7315,80,,6.0,1,1.0,2.0,40.0
10765,1,7304,49,,3.0,1,1.0,4.0,56.0
10766,1,7314,72,,,2,6.0,4.0,
10766,2,7314,50,,4.0,2,3.0,4.0,40.0
10766,3,7314,28,15.0,4.0,1,6.0,4.0,
10767,1,7312,67,,,1,6.0,4.0,
10767,2,7312,66,,3.0,2,6.0,4.0,
10768,1,7321,50,,5.0,1,1.0,4.0,40.0
10768,2,7321,45,,,2,6.0,4.0,
10768,3,7321,23,15.0,,2,6.0,4.0,
10769,1,7319,36,,1.0,2,1.0,4.0,40.0
10769,2,7319,41,,1.0,1,1.0,4.0,40.0
10769,3,7319,16,13.0,,2,6.0,,
10769,4,7319,1,,,1,,,
10770,1,7302,71,,,1,6.0,2.0,
10770,2,7302,64,,1.0,2,6.0,4.0,
10771,1,7316,44,,7.0,1,1.0,4.0,40.0
10772,1,7310,70,,2.0,2,1.0,4.0,10.0
10772,2,7310,16,13.0,,2,6.0,,
10773,1,7307,79,,,1,6.0,2.0,
10773,2,7307,77,,,2,6.0,4.0,
10774,1,7313,61,,1.0,1,1.0,2.0,40.0
10774,2,7313,59,,2.0,2,1.0,4.0,32.0
10774,3,7313,58,,1.0,1,6.0,4.0,
10775,1,7302,42,,4.0,1,1.0,4.0,40.0
10775,2,7302,15,12.0,,1,,,
10775,3,7302,13,10.0,,2,,,
10775,4,7302,62,,,2,6.0,4.0,
10776,1,7318,51,,1.0,2,1.0,4.0,40.0
10777,1,7301,28,,,1,6.0,2.0,
10778,1,7317,23,15.0,1.0,2,1.0,4.0,40.0
10778,2,7317,27,,5.0,1,1.0,4.0,40.0
10779,1,7319,81,,,1,6.0,2.0,
10779,2,7319,79,,,2,6.0,4.0,
10780,1,7304,94,,,2,6.0,4.0,
10780,2,7304,67,,,2,6.0,4.0,
10781,1,7318,59,,,1,6.0,2.0,
10781,2,7318,55,,1.0,2,1.0,4.0,32.0
10781,3,7318,31,,1.0,1,1.0,4.0,72.0
10781,4,7318,76,,,2,6.0,4.0,
10782,1,7311,46,,1.0,2,1.0,4.0,50.0
10782,2,7311,42,,1.0,1,1.0,4.0,40.0
10783,1,7308,50,,5.0,1,1.0,2.0,40.0
10783,2,7308,58,,6.0,2,1.0,4.0,55.0
10784,1,7318,56,,1.0,2,1.0,4.0,40.0
10784,2,7318,61,,1.0,1,1.0,4.0,40.0
10784,3,7318,11,7.0,,2,,,
10785,1,7317,29,,1.0,2,1.0,2.0,40.0
10786,1,7316,38,,1.0,2,1.0,4.0,40.0
10786,2,7316,34,,1.0,1,1.0,4.0,40.0
10786,3,7316,20,13.0,1.0,1,6.0,4.0,
10786,4,7316,17,14.0,,1,6.0,4.0,
10786,5,7316,9,6.0,,2,,,
10787,1,7314,38,,,1,6.0,4.0,
10788,1,7313,45,,1.0,1,1.0,4.0,40.0
10788,2,7313,43,,4.0,2,2.0,4.0,30.0
10788,3,7313,58,15.0,1.0,2,1.0,4.0,12.0
10789,1,7322,67,,1.0,2,6.0,4.0,
10789,2,7322,70,,,1,6.0,4.0,
10789,3,7322,19,15.0,1.0,2,1.0,4.0,20.0
10790,1,7303,80,,,2,6.0,4.0,
10791,1,7322,59,,1.0,1,1.0,4.0,40.0
10791,2,7322,54,,1.0,2,3.0,4.0,
10791,3,7322,17,13.0,1.0,2,6.0,4.0,8.0
10791,4,7322,81,,,2,6.0,4.0,
10792,1,7314,40,,1.0,2,1.0,4.0,50.0
10793,1,7315,88,,,2,6.0,4.0,
10793,2,7315,62,,,2,6.0,4.0,
10793,3,7315,30,,1.0,1,1.0,4.0,32.0
10793,4,7315,29,16.0,1.0,2,2.0,4.0,40.0
10794,1,7314,39,,1.0,1,1.0,4.0,40.0
10795,1,7311,35,,1.0,1,1.0,4.0,50.0
10795,2,7311,35,,1.0,2,6.0,4.0,
10796,1,7310,27,16.0,2.0,2,1.0,4.0,40.0
10797,1,7302,74,,,1,6.0,4.0,
10797,2,7302,49,,,2,6.0,4.0,
10797,3,7302,12,8.0,,2,,,
10798,1,7322,69,,,1,6.0,4.0,
10798,2,7322,61,,,2,6.0,4.0,
10799,1,7316,37,,,2,6.0,4.0,
10799,2,7316,37,,1.0,1,1.0,4.0,48.0
10799,3,7316,7,3.0,,2,,,
10799,4,7316,5,2.0,,2,,,
10799,5,7316,0,,,2,,,
10800,1,7310,61,,1.0,2,1.0,4.0,20.0
10800,2,7310,67,,1.0,1,1.0,4.0,60.0
10801,1,7321,32,,1.0,1,1.0,4.0,40.0
10801,2,7321,28,,1.0,2,1.0,4.0,40.0
10801,3,7321,29,,1.0,1,1.0,4.0,40.0
10801,4,7321,57,,9.0,2,3.0,4.0,
10802,1,7316,33,,1.0,2,1.0,4.0,32.0
10802,2,7316,40,,1.0,1,1.0,2.0,40.0
10803,1,7302,56,,,2,6.0,4.0,
10803,2,7302,56,,5.0,1,6.0,2.0,40.0
10803,3,7302,26,,2.0,2,1.0,4.0,45.0
10804,1,7306,43,,1.0,2,1.0,4.0,60.0
10804,2,7306,45,,1.0,1,1.0,4.0,80.0
10804,3,7306,73,,6.0,2,1.0,4.0,60.0
10805,1,7320,78,,,2,6.0,4.0,
10806,1,7316,62,,1.0,2,6.0,4.0,
10806,2,7316,33,15.0,1.0,2,1.0,4.0,40.0
10806,3,7316,19,,1.0,1,1.0,4.0,50.0
10806,4,7316,16,13.0,,2,6.0,,
10806,5,7316,11,8.0,,2,,,
10806,6,7316,9,5.0,,1,,,
10806,7,7316,31,,3.0,1,1.0,4.0,40.0
10807,1,7309,62,,3.0,2,1.0,4.0,20.0
10807,2,7309,69,,1.0,1,1.0,4.0,40.0
10807,3,7309,27,,1.0,2,3.0,4.0,20.0
10808,1,7314,86,,2.0,1,1.0,2.0,40.0
10808,2,7314,63,,1.0,2,6.0,4.0,
10809,1,7313,94,,,2,6.0,4.0,
10809,2,7313,75,,3.0,2,6.0,4.0,
10810,1,7307,79,,,1,6.0,4.0,
10811,1,7312,50,,1.0,1,1.0,4.0,40.0
10811,2,7312,53,,6.0,2,1.0,4.0,30.0
10812,1,7309,44,,1.0,1,1.0,4.0,40.0
10812,2,7309,41,,7.0,2,1.0,4.0,50.0
10812,3,7309,8,5.0,,1,,,
10812,4,7309,4,1.0,,1,,,
10813,1,7315,68,,,1,6.0,4.0,
10813,2,7315,64,,,2,6.0,4.0,
10814,1,7306,78,,,1,6.0,4.0,
10814,2,7306,74,,,2,6.0,4.0,
10815,1,7321,28,,1.0,2,3.0,4.0,40.0
10815,2,7321,8,4.0,,2,,,
10815,3,7321,4,1.0,,2,,,
10815,4,7321,37,,1.0,1,1.0,4.0,40.0
10816,1,7316,65,,2.0,1,6.0,4.0,12.0
10816,2,7316,58,,2.0,2,6.0,4.0,
10817,1,7304,65,,2.0,2,6.0,4.0,
10817,2,7304,66,,,1,6.0,4.0,
10818,1,7310,45,,5.0,1,1.0,4.0,70.0
10818,2,7310,39,,1.0,2,6.0,4.0,
10818,3,7310,3,,,1,,,
10819,1,7313,63,,5.0,1,1.0,2.0,40.0
10819,2,7313,72,,,2,6.0,4.0,
10820,1,7322,61,,5.0,1,1.0,4.0,30.0
10820,2,7322,21,,1.0,2,1.0,4.0,30.0
10820,3,7322,19,15.0,1.0,2,1.0,4.0,20.0
10821,1,7318,43,,4.0,2,1.0,4.0,35.0
10821,2,7318,25,,2.0,2,6.0,4.0,
10821,3,7318,5,2.0,,1,,,
10822,1,7321,34,,1.0,2,6.0,4.0,
10822,2,7321,35,,5.0,1,1.0,4.0,50.0
10822,3,7321,3,1.0,,2,,,
10823,1,7301,48,,5.0,1,4.0,1.0,55.0
10823,2,7301,48,,4.0,2,6.0,4.0,
10823,3,7301,11,8.0,,2,,,
10824,1,7302,84,,1.0,1,6.0,2.0,
10824,2,7302,82,,,2,6.0,4.0,
10825,1,7310,41,,1.0,1,1.0,4.0,40.0
10825,2,7310,42,,1.0,2,1.0,4.0,38.0
10825,3,7310,9,6.0,,2,,,
10825,4,7310,7,,,1,,,
10825,5,7310,5,1.0,,2,,,
10826,1,7316,29,15.0,3.0,1,1.0,4.0,80.0
10826,2,7316,28,,4.0,1,1.0,4.0,50.0
10826,3,7316,26,,4.0,1,1.0,4.0,50.0
10827,1,7312,55,,4.0,1,1.0,2.0,40.0
10827,2,7312,53,,,2,6.0,4.0,
10828,1,7314,38,15.0,5.0,1,4.0,1.0,40.0
10828,2,7314,34,15.0,1.0,2,1.0,4.0,40.0
10828,3,7314,15,12.0,,1,,,
10828,4,7314,8,5.0,,2,,,
10829,1,7314,54,,1.0,2,1.0,4.0,40.0
10829,2,7314,52,,1.0,2,1.0,4.0,40.0
10829,3,7314,54,,7.0,1,1.0,4.0,30.0
10830,1,7310,42,,1.0,1,1.0,4.0,35.0
10831,1,7317,64,,3.0,1,1.0,4.0,48.0
10831,2,7317,74,,6.0,2,1.0,4.0,40.0
10831,3,7317,31,,1.0,1,1.0,4.0,25.0
10832,1,7314,77,,,2,6.0,4.0,
10832,2,7314,88,,,1,6.0,4.0,
10832,3,7314,49,,5.0,2,1.0,4.0,40.0
10833,1,7303,55,,2.0,2,1.0,4.0,40.0
10833,2,7303,55,,1.0,1,1.0,4.0,40.0
10834,1,7302,33,,,2,6.0,4.0,
10834,2,7302,35,,5.0,1,1.0,4.0,40.0
10834,3,7302,14,11.0,,1,,,
10834,4,7302,12,9.0,,2,,,
10834,5,7302,9,6.0,,2,,,
10834,6,7302,7,4.0,,1,,,
10834,7,7302,3,,,2,,,
10835,1,7321,25,,1.0,1,1.0,4.0,40.0
10836,1,7313,52,,1.0,1,1.0,4.0,55.0
10836,2,7313,53,,1.0,2,1.0,4.0,50.0
10837,1,7320,74,,,2,6.0,4.0,
10837,2,7320,70,,,1,6.0,2.0,
10838,1,7316,53,,1.0,1,1.0,4.0,40.0
10838,2,7316,53,,4.0,2,1.0,4.0,40.0
10838,3,7316,35,,1.0,1,1.0,4.0,36.0
10838,4,7316,29,,1.0,2,2.0,4.0,12.0
10838,5,7316,13,8.0,,1,,,
10838,6,7316,11,7.0,,1,,,
10838,7,7316,11,7.0,,1,,,
10838,8,7316,65,,1.0,2,6.0,4.0,
10838,9,7316,0,,,1,,,
10838,10,7316,31,,1.0,2,1.0,4.0,35.0
10839,1,7319,43,,1.0,2,1.0,4.0,60.0
10839,2,7319,45,,7.0,1,1.0,2.0,40.0
10839,3,7319,10,6.0,,1,,,
10839,4,7319,51,,1.0,1,1.0,4.0,60.0
10840,1,7310,50,,5.0,1,4.0,1.0,50.0
10840,2,7310,49,,3.0,2,6.0,4.0,14.0
10840,3,7310,16,13.0,,2,6.0,,
10840,4,7310,13,10.0,,1,,,
10841,1,7313,66,,3.0,2,2.0,4.0,15.0
10841,2,7313,67,,7.0,1,6.0,4.0,
10841,3,7313,35,,1.0,1,1.0,4.0,40.0
10842,1,7309,61,,1.0,1,1.0,4.0,58.0
10842,2,7309,63,,1.0,2,1.0,4.0,40.0
10842,3,7309,32,,,1,6.0,4.0,
10843,1,7307,68,,,1,6.0,4.0,
10844,1,7315,76,,1.0,1,6.0,2.0,
10844,2,7315,74,,,2,6.0,4.0,
10845,1,7311,61,,1.0,2,1.0,4.0,25.0
10846,1,7315,29,,1.0,1,1.0,4.0,60.0
10847,1,7319,70,,,2,6.0,4.0,
10847,2,7319,73,,,1,6.0,4.0,
10847,3,7319,35,,,1,6.0,4.0,
10848,1,7315,24,15.0,1.0,2,1.0,4.0,43.0
10848,2,7315,20,15.0,,2,6.0,4.0,
10849,1,7304,59,,1.0,1,1.0,4.0,60.0
10849,2,7304,59,,2.0,2,1.0,4.0,50.0
10850,1,7317,27,15.0,5.0,1,6.0,2.0,
10851,1,7310,72,,,1,6.0,4.0,
10851,2,7310,70,,,2,6.0,4.0,
10852,1,7322,26,,5.0,1,1.0,2.0,56.0
10852,2,7322,26,,2.0,2,1.0,4.0,40.0
10853,1,7317,23,,1.0,2,1.0,4.0,45.0
10853,2,7317,26,,1.0,1,1.0,4.0,15.0
10854,1,7322,49,,1.0,1,1.0,4.0,40.0
10854,2,7322,52,,,2,6.0,4.0,
10854,3,7322,21,16.0,2.0,2,3.0,4.0,
10854,4,7322,80,,,2,6.0,4.0,
10855,1,7322,54,,1.0,2,1.0,4.0,40.0
10855,2,7322,53,,1.0,1,6.0,4.0,
10856,1,7316,39,,1.0,1,1.0,4.0,40.0
10857,1,7317,33,,1.0,2,1.0,4.0,50.0
10857,2,7317,40,,1.0,1,1.0,4.0,40.0
10858,1,7321,89,,7.0,1,6.0,2.0,
10859,1,7306,45,,,2,6.0,4.0,
10859,2,7306,40,,1.0,1,1.0,2.0,40.0
10859,3,7306,22,,,1,6.0,4.0,
10859,4,7306,13,9.0,,1,,,
10859,5,7306,1,,,2,,,
10860,1,7315,47,,6.0,1,1.0,4.0,40.0
10860,2,7315,48,,1.0,2,1.0,4.0,63.0
10860,3,7315,9,5.0,,1,,,
10861,1,7319,65,,1.0,1,1.0,4.0,50.0
10861,2,7319,53,,2.0,2,1.0,4.0,35.0
10861,3,7319,22,,4.0,2,1.0,4.0,45.0
10862,1,7301,31,,1.0,1,1.0,2.0,50.0
10862,2,7301,32,,4.0,2,6.0,4.0,20.0
10862,3,7301,0,,,1,,,
10863,1,7321,55,,1.0,1,1.0,4.0,40.0
10863,2,7321,54,,,2,6.0,4.0,
10863,3,7321,28,,1.0,2,1.0,4.0,40.0
10864,1,7301,72,,,2,6.0,4.0,
10865,1,7315,32,16.0,1.0,1,1.0,4.0,36.0
10865,2,7315,31,,1.0,2,6.0,4.0,
10866,1,7306,48,,,2,6.0,4.0,
10866,2,7306,47,,5.0,1,1.0,4.0,60.0
10866,3,7306,17,13.0,3.0,2,6.0,4.0,25.0
10867,1,7310,63,,1.0,2,1.0,4.0,30.0
10867,2,7310,26,,1.0,2,1.0,4.0,40.0
10868,1,7321,48,,7.0,1,1.0,4.0,36.0
10868,2,7321,44,,3.0,2,1.0,4.0,40.0
10868,3,7321,23,15.0,1.0,2,1.0,4.0,30.0
10868,4,7321,13,10.0,,2,,,
10868,5,7321,9,6.0,,2,,,
10868,6,7321,6,3.0,,2,,,
10869,1,7310,24,,1.0,2,1.0,4.0,40.0
10869,2,7310,24,,6.0,1,1.0,4.0,40.0
10870,1,7315,85,,,2,6.0,4.0,
10870,2,7315,58,,2.0,2,1.0,4.0,10.0
10871,1,7309,71,,3.0,2,6.0,4.0,40.0
10871,2,7309,82,,,1,6.0,4.0,
10872,1,7319,59,,3.0,2,1.0,4.0,40.0
10873,1,7313,79,,,1,6.0,2.0,
10873,2,7313,78,,,2,6.0,4.0,
10874,1,7320,35,,1.0,2,1.0,4.0,10.0
10874,2,7320,42,,5.0,1,1.0,2.0,40.0
10874,3,7320,2,,,1,,,
10874,4,7320,0,,,2,,,
10875,1,7310,33,,7.0,2,1.0,4.0,40.0
10875,2,7310,33,,2.0,1,1.0,4.0,40.0
10876,1,7309,40,,5.0,1,4.0,1.0,70.0
10876,2,7309,40,16.0,4.0,2,1.0,4.0,80.0
10876,3,7309,15,11.0,,1,,,
10876,4,7309,11,7.0,,1,,,
10876,5,7309,9,5.0,,2,,,
10876,6,7309,3,,,1,,,
10877,1,7319,50,,1.0,1,1.0,4.0,39.0
10877,2,7319,52,15.0,6.0,2,1.0,4.0,6.0
10877,3,7319,22,16.0,6.0,1,1.0,4.0,40.0
10877,4,7319,17,14.0,,1,6.0,4.0,
10878,1,7301,59,,3.0,1,1.0,4.0,40.0
10878,2,7301,54,,1.0,2,1.0,4.0,40.0
10878,3,7301,27,,1.0,1,1.0,4.0,40.0
10878,4,7301,24,16.0,4.0,2,1.0,4.0,35.0
10878,5,7301,23,,1.0,1,3.0,4.0,20.0
10879,1,7308,57,,,2,6.0,4.0,
10879,2,7308,62,,2.0,1,1.0,2.0,40.0
10880,1,7313,35,,1.0,1,1.0,4.0,58.0
10880,2,7313,35,,1.0,2,1.0,4.0,40.0
10880,3,7313,1,,,2,,,
10881,1,7307,52,,1.0,2,1.0,4.0,35.0
10881,2,7307,52,,3.0,1,1.0,4.0,40.0
10881,3,7307,13,11.0,,2,,,
10882,1,7308,32,,1.0,1,1.0,4.0,40.0
10882,2,7308,33,,6.0,2,1.0,4.0,20.0
10882,3,7308,0,,,2,,,
10883,1,7315,55,,5.0,2,1.0,4.0,40.0
10883,2,7315,26,,1.0,1,3.0,4.0,
10883,3,7315,15,12.0,,1,,,
10883,4,7315,77,,,2,6.0,4.0,
10884,1,7318,57,,1.0,2,1.0,4.0,40.0
10884,2,7318,60,,,1,6.0,4.0,
10884,3,7318,25,15.0,1.0,1,1.0,4.0,8.0
10884,4,7318,24,15.0,,2,6.0,4.0,
10884,5,7318,22,15.0,1.0,2,1.0,4.0,40.0
10884,6,7318,20,15.0,1.0,1,1.0,4.0,12.0
10885,1,7311,58,,1.0,1,1.0,4.0,45.0
10885,2,7311,55,,2.0,2,1.0,4.0,40.0
10885,3,7311,24,,1.0,2,1.0,4.0,45.0
10886,1,7308,43,,2.0,1,1.0,4.0,40.0
10886,2,7308,48,,1.0,2,1.0,4.0,45.0
10886,3,7308,11,7.0,,2,,,
10886,4,7308,7,3.0,,2,,,
10887,1,7321,78,,,2,6.0,4.0,
10888,1,7318,27,,1.0,2,1.0,4.0,40.0
10888,2,7318,22,,5.0,1,4.0,1.0,40.0
10889,1,7304,32,,1.0,2,2.0,4.0,43.0
10889,2,7304,32,,1.0,1,1.0,4.0,40.0
10889,3,7304,0,,,2,,,
10890,1,7308,42,,6.0,1,1.0,4.0,60.0
10890,2,7308,41,,1.0,2,1.0,4.0,10.0
10891,1,7302,61,,6.0,1,1.0,4.0,40.0
10892,1,7317,71,,1.0,1,6.0,3.0,
10892,2,7317,71,,2.0,2,6.0,4.0,
10893,1,7320,52,,5.0,1,1.0,2.0,50.0
10893,2,7320,53,,1.0,2,1.0,4.0,32.0
10893,3,7320,36,,1.0,2,3.0,4.0,
10893,4,7320,3,1.0,,2,,,
10894,1,7301,60,,4.0,1,1.0,4.0,40.0
10895,1,7304,80,,1.0,1,1.0,2.0,25.0
10895,2,7304,72,,1.0,2,6.0,4.0,
10896,1,7307,58,,1.0,2,1.0,4.0,40.0
10897,1,7312,57,,5.0,1,2.0,4.0,40.0
10897,2,7312,54,,,2,6.0,4.0,
10898,1,7309,61,,6.0,2,1.0,4.0,10.0
10899,1,7319,60,,1.0,2,1.0,4.0,40.0
10899,2,7319,64,,,1,6.0,4.0,
10899,3,7319,32,15.0,1.0,2,1.0,4.0,40.0
10900,1,7307,54,,5.0,1,1.0,4.0,60.0
10900,2,7307,52,,,2,6.0,4.0,
10900,3,7307,29,,,2,6.0,4.0,
10900,4,7307,27,,1.0,2,1.0,4.0,20.0
10900,5,7307,23,,1.0,1,1.0,4.0,20.0
10900,6,7307,14,10.0,,1,,,
10901,1,7315,65,,,1,6.0,4.0,
10902,1,7301,51,,1.0,1,1.0,4.0,40.0
10902,2,7301,52,,7.0,2,1.0,4.0,40.0
10902,3,7301,19,15.0,1.0,2,1.0,4.0,10.0
10902,4,7301,16,13.0,,1,6.0,,
10903,1,7317,57,,1.0,1,1.0,4.0,40.0
10903,2,7317,27,15.0,1.0,1,3.0,4.0,
10904,1,7315,30,,3.0,2,1.0,4.0,40.0
10904,2,7315,33,,3.0,1,2.0,4.0,40.0
10905,1,7310,67,,2.0,2,6.0,4.0,
10905,2,7310,67,,,1,6.0,4.0,
10906,1,7310,26,,1.0,2,1.0,4.0,40.0
10907,1,7321,57,,4.0,2,6.0,4.0,
10907,2,7321,28,15.0,2.0,2,1.0,4.0,40.0
10907,3,7321,21,15.0,,2,6.0,4.0,
10907,4,7321,7,3.0,,2,,,
10908,1,7313,45,,6.0,2,1.0,4.0,30.0
10908,2,7313,46,,1.0,1,1.0,4.0,40.0
10908,3,7313,19,15.0,,1,6.0,4.0,
10908,4,7313,17,14.0,1.0,1,1.0,4.0,30.0
10908,5,7313,9,5.0,,2,,,
10909,1,7308,61,,,2,6.0,4.0,
10910,1,7306,59,,6.0,2,1.0,4.0,42.0
10910,2,7306,79,,,2,6.0,4.0,
10911,1,7310,49,,7.0,1,1.0,4.0,40.0
10911,2,7310,6,3.0,,2,,,
10912,1,7309,69,,6.0,1,6.0,4.0,
10912,2,7309,71,,,2,6.0,4.0,
10913,1,7306,61,,1.0,1,6.0,2.0,
10914,1,7306,22,,1.0,1,1.0,4.0,37.0
10914,2,7306,10,7.0,,2,,,
10914,3,7306,46,,6.0,2,1.0,4.0,30.0
10914,4,7306,40,,1.0,1,1.0,4.0,40.0
10915,1,7309,70,,,1,6.0,4.0,
10915,2,7309,72,,,2,6.0,4.0,
10916,1,7316,55,,,2,6.0,4.0,
10916,2,7316,54,,1.0,1,1.0,4.0,50.0
10916,3,7316,25,,4.0,2,1.0,3.0,60.0
10917,1,7309,74,,,2,6.0,4.0,
10918,1,7319,76,,,1,6.0,4.0,
10919,1,7313,55,,2.0,2,1.0,4.0,40.0
10919,2,7313,60,,1.0,1,1.0,2.0,40.0
10919,3,7313,26,15.0,1.0,2,1.0,4.0,32.0
10919,4,7313,23,16.0,1.0,2,3.0,4.0,
10919,5,7313,23,16.0,1.0,2,1.0,4.0,40.0
10920,1,7315,54,,1.0,1,1.0,4.0,40.0
10920,2,7315,30,,1.0,1,1.0,4.0,50.0
10921,1,7307,32,16.0,2.0,2,6.0,4.0,40.0
10921,2,7307,27,,1.0,1,1.0,4.0,40.0
10922,1,7322,29,,5.0,1,3.0,4.0,40.0
10922,2,7322,26,,1.0,2,6.0,4.0,
10922,3,7322,10,7.0,,2,,,
10922,4,7322,2,,,1,,,
10922,5,7322,27,15.0,1.0,1,1.0,4.0,40.0
10922,6,7322,22,,1.0,2,3.0,4.0,25.0
10922,7,7322,49,,1.0,1,1.0,4.0,40.0
10922,8,7322,48,,1.0,2,1.0,4.0,40.0
10922,9,7322,70,,,1,6.0,2.0,
10923,1,7302,70,,,2,6.0,4.0,
10924,1,7321,35,,1.0,2,1.0,4.0,40.0
10924,2,7321,17,14.0,,1,6.0,4.0,
10924,3,7321,12,10.0,,1,,,
10924,4,7321,4,1.0,,1,,,
10925,1,7320,45,,1.0,1,1.0,4.0,40.0
10925,2,7320,20,15.0,1.0,1,6.0,4.0,16.0
10925,3,7320,15,12.0,,2,,,
10925,4,7320,12,11.0,,1,,,
10925,5,7320,58,,,2,6.0,4.0,
10925,6,7320,30,16.0,1.0,2,1.0,2.0,40.0
10925,7,7320,27,15.0,5.0,1,4.0,1.0,50.0
10925,8,7320,10,5.0,,1,,,
10925,9,7320,5,2.0,,1,,,
10925,10,7320,38,,1.0,2,6.0,4.0,
10926,1,7321,66,,6.0,1,1.0,4.0,30.0
10926,2,7321,39,,1.0,2,1.0,4.0,40.0
10927,1,7312,71,,3.0,2,1.0,4.0,17.0
10928,1,7320,56,,1.0,1,1.0,4.0,40.0
10928,2,7320,21,15.0,1.0,1,6.0,4.0,20.0
10928,3,7320,60,,6.0,1,3.0,4.0,40.0
10929,1,7316,68,,1.0,2,6.0,4.0,40.0
10929,2,7316,40,,1.0,2,1.0,4.0,36.0
10929,3,7316,20,,1.0,1,1.0,4.0,25.0
10929,4,7316,16,12.0,,2,6.0,,
10929,5,7316,13,10.0,,2,,,
10929,6,7316,10,6.0,,1,,,
10929,7,7316,5,2.0,,2,,,
10930,1,7312,86,,,2,6.0,4.0,
10931,1,7313,86,,6.0,1,1.0,4.0,40.0
10931,2,7313,62,,1.0,2,6.0,4.0,15.0
10931,3,7313,13,9.0,,1,,,
