TAZ,Female,Male,Age_10to14,Age_15to17,Age_18to19,Age_20to24,Age_25to29,Age_30to34,Age_35to39,Age_40to44,Age_45to49,Age_50to54,Age_55to59,Age_5to9,Age_60to61,Age_62to64,Age_65to69,Age_70to74,Age_75to79,Age_80to84,Age_85Plus,Age_LT5,AmericanIndian,Asian,Black,Hispanic,Other,PacificIslander,TwoorMore,White,HHSize_1,HHSize_2,HHSize_3,HHSize_4,HHSize_5,HHSize_6,HHSize_7,Total_HH,HHInc_0to14999,HHInc_100000to124999,HHInc_125000to149999,HHInc_150000to199999,HHInc_15000to29999,HHInc_200000Plus,HHInc_30000to44999,HHInc_45000to59999,HHInc_60000to74999,HHInc_75000to99999,gq_college_pop,gq_mil_pop,gq_other_pop,hh_pop,HHSize_4Plus
13,0,1,0,0,0,0,0,0,0,0,0,0,0,0,0,0,0,0,0,0,1,0,0,0,0,0,0,0,0,1,1,0,0,0,0,0,0,1,0,0,0,0,0,0,0,1,0,0,0,0,0,1,0
14,417,386,40,24,23,50,66,53,40,47,42,41,48,47,25,37,55,46,28,23,23,45,5,42,3,178,1,4,17,553,61,121,61,34,18,7,4,306,14,35,23,23,31,43,23,46,31,37,0,0,15,788,63
15,3201,12102,507,276,2167,7407,1306,530,422,286,271,244,238,502,77,120,162,130,76,60,60,462,167,496,1271,3468,19,122,234,9526,45,232,345,415,253,119,32,1441,40,83,28,17,332,10,464,208,104,155,0,9852,12,5439,819
16,2257,2367,490,209,152,326,283,445,395,267,234,208,210,470,90,95,141,102,69,34,41,363,60,145,488,1542,9,23,147,2210,23,187,315,349,209,117,18,1218,37,91,23,18,305,5,388,165,69,117,0,0,0,4624,693
17,189,175,15,12,4,28,31,26,26,22,19,19,20,29,11,11,25,12,15,11,7,21,2,24,0,79,0,2,8,249,28,62,27,14,7,4,2,144,7,13,14,16,16,15,11,20,17,15,0,0,0,364,27
18,265,226,24,21,8,25,28,31,38,21,26,27,39,32,21,17,37,28,25,11,6,26,6,19,4,114,0,4,12,332,42,74,33,23,9,8,2,191,11,21,15,25,21,23,15,21,13,26,0,0,0,491,42
19,136,167,11,9,6,22,21,32,19,17,12,20,16,17,7,12,20,13,12,10,9,18,2,8,0,57,1,2,12,221,18,56,16,15,7,5,0,117,9,17,9,10,10,7,9,15,13,18,0,0,0,303,27
20,32,39,4,9,0,6,2,3,4,4,3,5,4,1,0,5,6,3,4,3,3,2,0,4,0,16,0,1,1,49,3,7,8,2,2,2,0,24,2,1,1,0,0,2,6,7,2,3,0,0,0,71,6
21,187,132,14,8,6,28,26,41,26,27,19,18,12,9,8,9,12,21,10,2,7,16,2,6,18,106,0,0,7,180,13,23,16,13,7,5,2,79,3,4,5,6,6,5,18,10,8,14,0,0,79,240,27
22,20,25,4,3,1,8,4,1,5,1,4,1,0,0,2,3,7,1,0,0,0,0,1,6,3,16,0,0,2,17,0,5,3,3,1,0,1,13,2,0,0,0,2,2,3,0,1,3,0,0,0,45,5
23,158,119,16,7,8,24,18,19,14,14,19,22,18,18,3,9,16,12,12,7,6,15,25,12,2,84,0,1,2,151,11,28,19,13,8,6,3,88,6,4,3,9,6,11,20,7,11,11,0,0,0,277,30
24,0,0,0,0,0,0,0,0,0,0,0,0,0,0,0,0,0,0,0,0,0,0,0,0,0,0,0,0,0,0,0,0,0,0,0,0,0,0,0,0,0,0,0,0,0,0,0,0,0,0,0,0,0
25,24,33,1,1,4,3,5,5,2,4,4,2,1,8,1,0,1,1,1,1,1,11,0,0,0,17,0,0,1,39,2,4,2,1,3,1,2,15,0,2,1,0,3,1,1,1,1,5,0,0,0,57,7
26,0,0,0,0,0,0,0,0,0,0,0,0,0,0,0,0,0,0,0,0,0,0,0,0,0,0,0,0,0,0,0,0,0,0,0,0,0,0,0,0,0,0,0,0,0,0,0,0,0,0,0,0,0
27,203,168,16,4,10,27,45,42,30,21,20,20,22,17,4,13,21,18,7,6,11,17,31,7,16,66,0,3,9,239,39,52,14,10,6,3,1,125,23,8,3,6,24,5,16,18,8,14,0,0,90,281,20
28,401,425,43,22,20,45,68,58,57,54,40,34,45,50,23,34,51,51,35,25,12,59,51,53,12,129,3,3,12,563,78,136,38,38,21,9,6,326,64,30,5,10,64,10,46,23,30,44,0,0,0,826,74
29,43,54,0,1,1,2,9,11,10,13,6,2,5,3,1,5,14,7,3,1,2,1,19,1,0,14,2,0,3,58,8,27,2,4,1,0,1,43,8,3,1,3,9,1,7,3,2,6,0,0,0,97,6
30,38,37,4,3,3,3,2,5,5,4,3,5,7,5,3,3,5,7,1,2,2,3,0,0,0,12,0,0,2,61,9,9,6,2,2,2,0,30,0,5,1,4,0,1,7,5,0,7,0,0,0,75,6
31,18,24,0,1,3,9,8,4,0,2,2,1,0,1,1,1,1,0,2,0,3,3,0,0,0,2,0,0,5,35,3,3,1,3,3,0,0,13,3,0,0,0,0,2,1,2,2,3,0,0,3,39,6
32,129,116,11,6,5,28,21,18,18,5,12,16,23,20,7,7,15,10,2,2,3,16,27,3,2,61,0,2,1,149,11,34,16,8,11,4,1,85,6,8,3,9,5,9,10,6,14,15,0,0,0,245,24
33,417,404,23,22,20,60,71,61,47,46,52,45,49,46,20,40,44,42,35,16,23,59,3,26,2,179,4,2,23,582,64,120,54,46,20,8,3,315,21,33,17,26,33,31,33,42,31,48,0,0,0,821,77
34,516,523,43,43,25,113,76,67,57,48,64,60,69,67,25,46,58,38,28,12,28,72,10,58,30,460,1,4,26,450,71,98,71,56,31,20,6,353,20,51,15,9,95,17,52,38,13,43,0,0,11,1028,113
35,76,72,22,5,6,8,7,10,11,2,7,8,11,7,7,2,12,2,4,5,3,9,0,4,0,61,0,1,5,77,6,16,7,6,3,4,3,45,2,10,1,3,7,2,6,5,2,7,0,0,0,148,16
36,178,192,30,8,17,31,23,28,29,9,23,22,24,15,11,19,13,11,10,11,10,26,1,11,8,134,0,0,4,212,19,32,16,20,10,6,9,112,4,14,8,3,10,5,20,11,15,22,0,0,0,370,45
37,143,140,13,12,5,27,17,19,11,12,12,14,18,14,8,16,20,16,14,11,2,22,0,6,4,99,1,3,2,168,15,31,21,14,5,2,6,94,3,16,3,5,5,7,15,11,12,17,0,0,0,283,27
38,435,389,63,40,30,72,48,67,51,41,36,53,62,48,16,32,29,31,21,15,21,48,3,40,29,348,1,4,15,384,73,82,47,51,21,13,7,294,13,35,10,11,77,16,41,39,24,28,0,0,0,824,92
39,92,83,12,4,3,14,6,10,10,6,9,10,14,10,9,9,7,13,8,9,2,10,1,5,0,38,0,2,5,124,11,30,13,8,2,1,2,67,5,9,3,7,6,7,6,9,6,9,0,0,0,175,13
40,96,75,10,9,6,10,9,15,9,5,10,16,13,15,5,7,7,10,3,2,2,8,0,9,2,64,0,2,2,92,15,20,9,5,6,5,1,61,3,7,1,3,5,5,15,8,6,8,0,0,0,171,17
41,226,226,22,14,10,31,36,23,29,24,22,21,30,39,9,26,35,27,16,7,5,26,4,20,1,104,1,0,19,303,29,64,26,17,10,10,5,161,14,20,13,17,14,13,13,19,15,23,0,0,0,452,42
42,96,98,11,3,4,22,23,12,12,8,7,9,10,13,7,7,16,9,6,6,1,8,1,7,3,66,0,4,0,113,12,31,10,6,4,2,4,69,2,9,3,3,3,2,17,9,6,15,0,0,0,194,16
43,0,0,0,0,0,0,0,0,0,0,0,0,0,0,0,0,0,0,0,0,0,0,0,0,0,0,0,0,0,0,0,0,0,0,0,0,0,0,0,0,0,0,0,0,0,0,0,0,0,0,0,0,0
44,61,68,6,5,5,14,9,3,9,6,7,7,9,7,4,9,8,7,3,3,4,4,0,0,0,34,0,1,5,89,8,27,5,4,2,3,1,50,3,9,4,1,10,3,2,5,7,6,0,0,0,129,10
45,398,408,45,28,36,65,61,42,50,49,58,50,53,42,23,25,44,36,22,10,15,52,8,24,30,321,1,2,23,397,61,83,56,53,15,18,2,288,10,34,19,12,69,12,50,30,20,32,0,0,0,806,88
46,387,410,41,33,14,75,62,72,40,42,42,30,54,58,20,24,43,36,25,16,24,46,10,26,31,347,0,0,21,362,61,97,38,39,26,9,10,280,10,37,9,15,75,9,40,38,23,24,0,0,5,792,84
47,74,68,10,5,3,13,5,6,11,6,7,9,12,9,2,3,9,11,5,3,3,10,0,3,0,12,0,0,1,126,14,18,9,10,5,0,0,56,2,8,3,6,7,3,5,7,7,8,0,0,0,142,15
48,27,31,3,4,2,3,9,5,6,2,3,3,3,0,2,3,2,1,1,0,3,3,1,3,2,22,0,0,1,29,8,8,3,3,1,0,1,24,2,3,1,1,4,0,6,4,2,1,0,0,0,58,5
49,272,265,36,15,23,37,44,38,30,24,33,32,41,36,12,21,24,21,18,7,13,32,6,23,22,225,2,2,12,245,44,60,31,22,16,9,7,189,11,18,11,5,47,10,34,18,17,18,0,0,0,537,54
50,234,239,34,19,22,48,25,29,31,29,19,24,30,35,9,13,28,13,13,12,11,29,0,13,10,251,0,1,8,190,27,41,25,26,22,7,4,152,9,17,7,5,38,7,22,14,15,18,0,0,0,473,59
51,4,6,1,1,0,0,0,0,1,1,0,0,0,1,0,1,1,1,0,1,1,0,1,0,0,7,0,0,0,2,1,2,0,0,1,0,0,4,0,0,0,0,1,0,1,2,0,0,0,0,0,10,1
52,89,88,8,7,8,15,15,11,11,15,12,9,8,14,3,11,3,7,4,4,4,8,1,0,0,100,0,1,6,69,14,6,12,10,7,2,3,54,2,5,3,2,10,2,11,8,6,5,0,0,3,174,22
53,333,308,43,24,18,43,54,48,36,36,38,38,30,41,9,38,42,20,25,9,14,35,3,32,2,136,1,4,11,452,44,92,40,24,15,15,4,234,15,39,16,19,31,20,14,35,19,26,0,0,0,641,58
54,301,287,25,11,14,39,37,29,37,28,28,38,34,28,29,33,40,34,30,25,23,26,3,26,3,114,0,2,8,432,61,103,35,21,11,10,2,243,7,29,20,13,30,33,20,25,25,41,0,0,0,588,44
55,287,287,42,25,10,47,63,44,40,29,33,24,36,52,16,14,18,20,5,9,9,38,42,19,11,235,0,1,17,249,26,58,33,23,13,11,13,177,21,25,18,12,12,15,19,10,16,29,0,0,0,574,60
56,194,194,26,13,16,32,24,21,24,21,27,18,23,27,8,15,23,15,16,7,9,23,39,11,5,134,0,4,18,177,16,53,18,17,12,7,5,128,13,9,8,22,9,8,23,6,17,13,0,0,0,388,41
57,24,17,1,0,1,0,3,4,3,5,6,3,2,0,1,1,3,3,1,2,1,1,10,7,2,14,0,0,0,8,4,6,2,2,1,1,0,16,2,2,0,2,1,3,2,2,1,1,0,0,0,41,4
58,133,152,13,18,12,20,23,17,19,17,17,8,17,37,6,7,15,5,2,2,2,28,2,6,8,147,0,1,4,117,15,18,9,14,7,11,6,80,9,7,3,8,8,0,22,11,9,3,0,0,0,285,38
59,11,9,0,0,3,0,1,3,2,1,3,1,0,5,0,0,0,1,0,0,0,0,0,0,0,16,0,0,0,4,0,2,1,1,0,0,1,5,1,1,0,0,0,0,1,1,1,0,0,0,0,20,2
60,0,0,0,0,0,0,0,0,0,0,0,0,0,0,0,0,0,0,0,0,0,0,0,0,0,0,0,0,0,0,0,0,0,0,0,0,0,0,0,0,0,0,0,0,0,0,0,0,0,0,0,0,0
61,25,17,4,6,0,3,3,9,3,0,1,2,1,3,0,0,2,0,0,0,0,5,0,1,0,28,0,0,2,11,0,2,0,5,0,3,0,10,2,0,0,2,2,0,1,1,0,2,0,0,0,42,8
62,106,93,16,7,1,14,21,10,11,15,14,18,9,13,2,7,9,11,3,1,4,13,0,6,8,90,0,0,5,90,15,19,17,11,3,6,0,71,3,12,3,4,17,4,13,4,5,6,0,0,0,199,20
63,411,398,56,50,27,63,65,55,61,36,55,33,41,60,19,26,33,15,16,13,19,66,8,52,7,361,1,3,16,361,37,58,55,40,36,13,9,248,25,13,7,8,66,6,57,28,20,18,0,0,0,809,98
64,69,59,10,3,2,13,10,6,12,8,11,6,5,11,2,3,5,8,2,0,3,8,5,2,2,50,0,0,4,65,6,11,7,7,9,1,0,41,2,1,2,0,11,3,11,4,5,2,0,0,0,128,17
65,20,19,8,4,0,1,2,4,2,3,1,5,4,1,0,1,1,0,0,1,0,1,0,0,0,20,0,0,1,18,2,2,2,1,3,0,1,11,0,0,0,1,5,0,0,2,0,3,0,0,0,39,5
66,145,133,18,11,6,15,27,17,23,14,12,15,16,31,11,7,8,9,8,3,13,14,9,9,1,121,0,2,4,132,26,22,13,18,6,6,4,95,7,3,5,6,21,2,19,9,11,12,0,0,0,278,34
67,18,20,4,3,0,2,2,4,2,2,1,8,2,1,0,2,1,2,1,0,1,0,0,1,0,11,1,0,0,25,5,4,5,1,1,0,0,16,3,3,0,0,2,0,2,1,3,2,0,0,1,37,2
68,138,135,33,15,6,14,26,8,18,18,12,16,18,21,9,5,12,11,6,8,4,13,3,19,5,128,0,5,2,111,14,16,18,18,6,6,4,82,8,6,6,0,22,3,15,11,7,4,0,0,0,273,34
69,53,46,9,4,0,9,2,8,5,10,5,8,4,10,3,3,5,3,2,0,2,7,2,4,11,37,1,0,0,44,7,8,8,5,4,2,0,34,3,1,1,2,11,0,6,4,4,2,0,0,0,99,11
70,35,31,8,9,1,0,3,2,4,5,6,4,7,5,1,2,1,0,0,0,0,8,0,4,0,23,0,0,3,36,3,3,3,6,1,2,1,19,2,0,0,0,7,1,3,4,0,2,0,0,0,66,10
71,120,118,16,12,12,17,13,18,12,13,14,8,16,12,5,10,7,10,7,1,8,27,0,2,5,123,0,0,1,107,16,18,16,14,7,4,3,78,7,7,4,2,22,1,15,7,5,8,0,0,0,238,28
72,307,297,39,12,17,39,48,37,30,33,27,40,31,47,13,17,29,42,28,18,15,42,1,26,1,160,2,2,25,387,36,84,25,27,15,13,4,204,15,21,13,16,21,23,17,22,19,37,0,0,30,574,59
73,236,213,24,20,21,44,40,39,24,22,18,28,24,32,11,12,25,13,13,9,5,25,0,28,13,232,0,1,4,171,32,36,18,24,14,11,7,142,18,9,6,8,35,2,27,15,12,10,0,0,0,449,56
74,194,196,32,19,11,23,29,37,28,31,17,22,19,27,12,14,8,11,7,0,9,34,1,25,10,180,4,4,11,155,25,24,36,22,13,4,4,128,9,7,5,4,38,3,24,14,12,12,0,0,0,390,43
75,355,319,53,22,17,60,55,43,39,41,40,37,29,61,7,17,46,17,23,8,16,43,5,35,8,354,2,7,11,252,33,44,42,39,24,17,6,205,27,13,5,10,42,7,38,18,15,30,0,0,0,674,86
76,6,3,0,0,0,0,0,0,1,1,0,0,0,2,0,0,0,4,0,0,1,0,0,0,0,2,0,0,0,7,0,1,1,1,0,0,0,3,1,0,0,0,0,1,0,1,0,0,0,0,0,9,1
77,338,391,50,41,17,57,55,56,56,43,44,43,40,53,4,24,30,27,20,10,16,43,7,49,9,383,1,4,13,263,52,50,43,42,26,14,8,235,22,8,9,6,60,6,47,30,24,23,0,0,0,729,90
78,29,21,3,2,0,4,1,3,4,3,4,4,5,2,1,2,2,3,2,1,4,0,0,6,1,19,0,0,0,24,8,3,4,2,2,1,0,20,0,0,3,0,3,0,5,2,4,3,0,0,0,50,5
79,64,62,6,3,4,13,5,11,8,5,8,7,5,8,3,1,3,1,4,7,19,5,3,5,3,53,0,0,1,61,4,9,8,6,0,0,1,28,0,3,0,2,4,0,7,7,2,3,0,0,47,79,7
80,333,325,54,39,24,70,44,56,34,32,38,36,42,48,12,15,21,20,9,7,16,41,0,36,9,363,2,2,12,234,43,42,32,33,18,17,13,198,19,11,10,5,55,5,29,21,27,16,0,0,1,657,81
81,17,13,1,2,0,4,1,2,3,0,2,3,0,4,1,0,2,1,2,1,0,1,0,0,1,8,0,0,0,21,2,5,2,1,0,0,1,11,0,0,2,3,0,0,1,2,1,2,0,0,0,30,2
82,204,209,33,5,14,18,36,21,23,19,18,16,29,28,20,17,32,22,15,14,11,22,3,10,2,91,2,1,7,297,39,58,24,20,8,6,4,159,7,14,14,16,17,12,14,23,16,26,0,0,0,413,38
83,1085,1117,185,116,62,186,147,172,145,129,119,103,115,184,42,65,83,83,45,29,36,156,7,101,109,1313,7,8,40,617,95,164,118,110,92,47,30,656,102,33,12,24,97,12,123,111,71,71,0,0,0,2202,279
84,97,91,13,8,7,17,19,12,7,12,12,8,9,15,1,9,9,6,2,3,5,14,0,7,6,107,0,0,0,68,5,19,16,9,4,4,2,59,9,2,0,1,11,5,9,10,7,5,0,0,0,188,19
85,85,68,11,2,2,19,11,14,8,6,8,9,9,10,3,5,7,6,3,6,3,11,3,12,10,76,0,0,6,46,8,16,9,9,2,4,2,50,3,1,1,0,7,7,12,10,6,3,0,0,0,153,17
86,435,468,74,49,30,79,86,66,55,57,46,53,49,82,25,17,30,21,11,5,9,59,4,39,28,555,2,3,29,243,37,57,49,43,36,17,18,257,37,21,10,6,38,5,42,42,31,25,0,0,0,903,114
87,224,221,43,22,9,42,41,41,33,27,24,20,23,37,7,10,15,12,7,1,5,26,1,11,17,248,1,0,23,144,22,31,22,20,14,13,8,130,11,5,5,13,18,3,30,23,11,11,0,0,0,445,55
88,307,326,41,26,22,46,72,44,49,31,34,22,36,49,14,19,26,19,8,13,14,48,0,34,41,364,0,2,22,170,23,57,41,26,29,14,4,194,29,12,10,6,24,7,32,39,15,20,0,0,7,626,73
89,342,325,48,31,11,49,61,51,47,35,39,34,39,64,10,21,14,19,22,10,19,43,3,17,42,368,0,4,15,218,34,63,38,26,22,19,8,210,27,17,10,4,34,6,35,29,23,25,0,0,0,667,75
90,41,42,6,5,2,7,7,4,5,3,6,3,4,2,2,3,7,2,5,1,2,7,0,3,4,54,0,0,6,16,3,10,5,6,3,1,0,28,8,2,0,1,4,1,4,5,3,0,0,0,0,83,10
91,35,28,3,4,1,2,9,1,3,1,5,1,7,9,0,2,3,3,2,0,0,7,1,0,0,35,0,0,6,21,2,4,8,2,3,1,0,20,1,0,1,1,3,1,4,5,1,3,0,0,0,63,6
92,2,2,0,0,0,0,0,0,2,0,0,1,0,1,0,0,0,0,0,0,0,0,0,0,0,4,0,0,0,0,0,0,0,1,0,0,0,1,0,0,0,0,1,0,0,0,0,0,0,0,0,4,1
93,33,34,3,0,1,3,7,3,2,5,1,4,2,3,5,5,10,6,2,0,2,3,1,6,1,33,0,0,0,26,7,6,4,2,0,2,2,23,1,3,0,1,2,0,8,2,1,5,0,0,0,67,6
94,409,422,53,24,20,38,54,66,67,32,45,40,49,39,29,39,54,49,34,26,24,49,4,34,14,147,1,3,22,606,50,138,59,27,22,10,6,312,28,36,23,38,22,51,28,32,23,31,0,0,0,831,65
95,142,153,14,12,9,26,24,39,18,12,16,11,12,25,2,13,13,7,3,6,3,30,1,20,9,198,1,2,2,62,12,26,14,13,8,11,4,88,17,2,2,4,17,3,15,13,8,7,0,0,0,295,36
96,186,180,27,18,7,27,28,30,26,18,14,14,12,40,6,9,17,12,8,7,6,40,2,10,15,201,0,1,12,125,7,30,20,13,15,14,4,103,19,2,3,2,11,2,19,22,11,12,0,0,0,366,46
97,233,205,22,10,9,42,30,21,29,20,27,34,33,23,13,11,28,26,14,12,8,26,3,42,0,114,0,1,10,268,25,62,27,17,11,7,5,154,10,16,9,13,25,16,13,9,16,27,0,0,0,438,40
98,32,44,7,2,2,4,7,5,4,1,5,6,9,5,2,4,3,2,1,0,1,6,6,1,1,37,1,0,0,30,8,10,4,1,1,3,1,28,2,4,1,0,2,4,4,3,4,4,0,0,0,76,6
99,631,678,81,44,45,74,97,101,98,60,81,61,67,105,22,46,73,55,39,29,36,95,5,34,64,677,1,5,24,499,64,141,88,48,36,30,18,425,42,33,26,30,75,9,47,60,43,60,0,0,0,1309,132
100,527,543,77,39,30,74,95,83,70,73,60,66,51,73,20,30,42,31,26,19,24,87,4,30,70,561,1,4,21,379,53,111,72,50,36,17,12,351,26,23,26,25,50,8,57,52,28,56,0,0,0,1070,115
101,84,95,9,2,4,17,16,7,3,11,12,9,19,8,4,8,13,13,6,4,7,7,10,19,3,14,0,0,3,130,27,26,9,6,1,3,0,72,14,7,1,1,11,6,16,6,3,7,0,0,26,153,10
102,737,707,89,61,32,127,119,114,80,81,83,87,99,124,35,45,57,48,26,20,33,84,9,34,63,706,2,13,33,584,77,157,80,74,42,23,21,474,34,33,32,40,80,15,59,78,42,61,0,0,0,1444,160
103,177,181,30,21,15,26,21,34,24,21,21,16,14,24,8,13,18,12,7,5,7,21,2,20,8,209,0,1,10,108,14,31,22,19,15,8,2,111,16,7,3,2,20,6,21,19,1,16,0,0,0,358,44
104,161,158,29,14,7,34,21,16,20,21,13,14,18,34,5,11,10,8,12,8,3,21,1,16,12,215,0,1,1,73,15,17,17,14,19,7,3,92,10,4,5,7,8,3,16,20,12,7,0,0,0,319,43
105,209,190,35,23,11,19,31,34,31,22,29,17,19,42,11,14,10,9,7,4,4,27,3,19,19,232,0,2,15,109,17,29,22,26,19,7,2,122,9,11,8,7,22,4,14,19,15,13,0,0,0,399,54
106,121,111,13,6,3,16,17,17,12,8,19,16,16,15,8,6,14,16,11,6,3,10,3,1,6,52,0,1,8,161,10,42,13,13,4,3,1,86,0,14,6,4,9,6,9,5,12,21,0,0,0,232,21
107,135,135,24,6,5,19,18,16,16,11,21,12,23,12,5,9,16,15,13,8,6,15,4,10,2,37,0,1,5,211,14,41,17,12,11,2,1,98,3,10,7,7,11,4,12,6,16,22,0,0,0,270,26
108,196,213,23,14,15,30,28,31,25,21,23,23,29,21,12,18,24,16,19,7,9,21,2,13,16,76,0,5,8,289,26,59,28,21,6,7,3,150,2,23,10,6,10,11,17,19,16,36,0,0,0,409,37
109,139,159,16,10,9,23,23,13,13,18,15,15,21,23,8,15,17,21,11,6,7,14,3,14,6,53,1,3,3,215,19,52,11,10,12,3,3,110,10,12,8,17,4,15,15,8,7,14,0,0,0,298,28
110,332,336,35,9,13,38,32,42,56,48,27,38,49,30,26,34,40,40,33,29,12,37,4,38,21,91,3,7,23,481,46,129,41,18,20,9,2,265,19,31,24,32,25,44,18,19,22,31,0,0,0,668,49
111,93,87,17,4,4,9,12,11,12,13,18,8,9,13,5,6,8,2,4,3,4,18,0,5,12,95,1,0,1,66,13,13,11,10,6,5,1,59,4,1,3,5,7,0,9,13,6,11,0,0,0,180,22
112,104,81,13,8,4,16,14,14,9,6,8,10,13,20,1,6,12,6,5,2,2,16,1,15,8,84,0,1,4,72,8,13,9,11,4,6,3,54,5,2,3,5,10,2,7,12,3,5,0,0,0,185,24
113,119,119,14,3,6,16,22,22,19,16,6,11,15,12,2,11,9,14,9,10,7,14,2,2,4,78,1,3,8,140,7,38,15,12,5,2,3,82,1,8,7,7,4,11,12,12,9,11,0,0,0,238,22
114,18,15,1,0,0,1,8,9,1,0,1,1,1,0,2,1,3,0,1,1,0,2,4,1,0,20,0,0,0,8,3,5,0,0,0,2,1,11,2,1,0,0,1,0,1,3,0,3,0,0,0,33,3
115,103,88,11,5,5,13,22,17,7,4,8,20,10,10,4,6,16,7,4,1,6,15,23,15,1,63,2,0,3,84,10,16,11,12,6,5,1,61,8,6,6,5,5,5,10,3,7,6,0,0,0,191,24
116,109,100,8,9,6,16,19,13,12,15,20,13,2,18,1,6,5,11,7,5,4,19,1,15,15,103,2,2,1,70,10,18,13,10,8,6,1,66,6,4,1,6,12,4,8,9,9,7,0,0,0,209,25
117,245,248,27,11,14,57,38,36,31,26,32,22,36,36,8,14,19,20,13,8,12,33,1,4,34,259,1,0,15,179,19,53,30,18,21,5,8,154,12,18,9,10,26,4,23,29,6,17,0,0,7,486,52
118,246,238,33,15,8,38,40,34,39,22,30,23,37,36,6,17,18,18,17,6,9,38,42,45,12,117,3,1,19,245,14,41,27,25,15,16,3,141,12,13,3,14,9,19,21,7,17,26,0,0,11,473,59
119,138,147,7,8,6,17,12,23,23,12,13,16,23,20,11,10,25,12,14,6,12,15,1,8,15,36,1,1,7,216,33,48,17,11,5,6,0,120,6,12,13,14,10,21,13,9,6,16,0,0,0,285,22
120,38,47,3,3,4,4,6,5,6,5,4,1,6,5,1,4,5,5,7,4,2,5,13,9,1,4,0,0,5,53,13,6,12,1,4,0,0,36,8,1,1,1,6,2,8,3,3,3,0,0,0,85,5
121,259,241,20,13,6,41,35,34,32,24,25,23,36,26,19,25,31,27,26,14,9,34,2,11,11,108,2,1,8,357,34,77,26,22,16,8,2,185,9,32,7,12,24,15,21,14,16,35,0,0,0,500,48
122,324,323,47,18,10,44,37,63,32,39,39,45,24,61,16,18,21,20,18,11,19,65,3,19,23,320,0,1,7,274,31,59,53,29,20,11,7,210,16,19,16,15,31,10,24,38,17,24,0,0,0,647,67
123,0,0,0,0,0,0,0,0,0,0,0,0,0,0,0,0,0,0,0,0,0,0,0,0,0,0,0,0,0,0,0,0,0,0,0,0,0,0,0,0,0,0,0,0,0,0,0,0,0,0,0,0,0
124,230,225,28,15,8,50,37,43,35,26,18,26,27,31,10,9,16,17,12,5,9,33,2,14,3,243,0,4,7,182,20,60,24,13,18,3,10,148,14,7,9,8,23,2,20,30,9,26,0,0,2,453,44
125,112,104,11,5,5,13,9,15,12,8,10,10,22,13,6,12,17,6,20,8,8,6,1,4,3,46,0,0,2,160,13,33,13,15,5,1,0,80,1,19,10,4,6,9,9,10,5,7,0,0,7,209,21
126,0,0,0,0,0,0,0,0,0,0,0,0,0,0,0,0,0,0,0,0,0,0,0,0,0,0,0,0,0,0,0,0,0,0,0,0,0,0,0,0,0,0,0,0,0,0,0,0,0,0,0,0,0
127,224,226,34,14,23,105,46,22,18,12,16,19,17,33,7,14,8,7,4,4,8,39,5,11,13,164,2,2,22,231,17,30,25,22,16,11,8,129,5,13,6,6,11,12,23,17,11,25,0,0,0,450,57
128,0,1,0,0,0,0,0,0,0,1,0,0,0,0,0,0,0,0,0,0,0,0,0,0,0,0,0,0,0,1,1,0,0,0,0,0,0,1,0,1,0,0,0,0,0,0,0,0,0,0,0,1,0
129,27,18,3,0,3,6,2,3,6,1,1,2,5,4,3,0,2,1,2,0,0,1,1,0,0,20,0,0,1,23,3,4,4,0,2,2,0,15,1,1,1,0,0,0,3,1,5,3,0,0,0,45,4
130,20,29,7,2,1,2,3,3,3,3,4,4,3,4,2,0,2,2,2,0,1,1,8,3,2,17,0,0,2,17,3,7,4,3,0,0,1,18,4,1,1,0,1,0,3,2,3,3,0,0,0,49,4
131,217,215,25,22,8,59,53,25,24,22,21,17,16,36,8,14,19,17,7,5,6,28,34,24,19,155,1,2,12,185,16,24,19,28,17,7,8,119,13,10,11,10,8,13,15,5,13,21,0,0,0,432,60
132,107,118,8,1,4,21,15,20,14,6,13,13,17,9,11,15,17,13,8,4,7,9,0,17,12,36,0,2,3,155,17,40,20,9,3,1,1,91,7,12,8,10,7,14,11,7,7,8,0,0,3,222,14
133,333,328,22,12,18,41,47,43,34,25,38,41,50,47,18,28,45,43,31,23,13,42,9,12,24,96,1,2,23,494,57,114,37,18,21,12,2,261,20,38,20,28,20,44,32,17,16,26,0,0,0,661,53
134,5,3,2,0,1,0,0,0,1,0,2,0,0,2,0,0,0,0,0,0,0,0,0,0,0,6,0,0,0,2,0,1,0,0,0,1,0,2,1,0,0,0,0,0,0,0,1,0,0,0,0,8,1
135,204,185,28,15,8,23,24,23,24,20,32,20,25,22,11,24,26,15,13,7,6,23,4,8,11,68,2,4,13,279,20,54,26,27,7,4,2,140,4,29,7,11,15,17,10,13,15,19,0,0,0,389,40
136,206,226,23,15,15,27,32,33,23,20,20,20,32,16,13,19,29,28,16,9,18,24,2,11,7,106,0,0,5,301,11,62,36,16,15,3,3,146,5,31,15,9,13,6,14,17,13,23,0,0,10,422,37
137,39,31,3,1,0,3,14,2,2,2,4,2,6,7,3,5,2,3,5,1,3,2,0,1,0,0,0,0,7,62,9,12,2,3,1,1,1,29,1,3,3,3,2,5,3,5,1,3,0,0,0,70,6
138,314,297,24,14,14,56,41,45,50,25,22,32,39,29,15,25,42,37,28,18,17,38,5,29,21,98,1,2,10,445,39,111,39,32,14,4,1,240,22,24,19,25,22,41,19,25,12,31,0,0,2,609,51
139,217,215,26,19,13,31,31,30,27,17,22,28,26,25,10,18,29,18,20,5,8,29,4,4,6,108,4,4,6,296,29,56,27,23,5,10,4,154,2,25,4,8,20,16,26,17,20,16,0,0,0,432,42
140,156,184,9,11,9,32,30,16,21,12,19,17,22,15,12,24,21,19,15,8,12,16,3,5,13,52,1,1,2,263,27,62,19,9,9,3,4,133,10,13,9,17,12,24,9,12,7,20,0,0,0,340,25
141,3,2,2,0,0,0,0,0,1,0,1,0,0,1,0,0,0,0,0,0,0,0,0,0,0,5,0,0,0,0,0,0,0,0,1,0,0,1,0,0,0,0,0,1,0,0,0,0,0,0,0,5,1
142,0,0,0,0,0,0,0,0,0,0,0,0,0,0,0,0,0,0,0,0,0,0,0,0,0,0,0,0,0,0,0,0,0,0,0,0,0,0,0,0,0,0,0,0,0,0,0,0,0,0,0,0,0
143,7727,9034,1583,736,744,2180,1101,1464,1308,930,786,631,654,1555,235,301,441,351,245,146,163,1207,145,657,1650,5238,53,88,476,8454,87,716,1053,1154,689,331,68,4098,140,250,72,69,999,29,1238,651,290,360,0,1503,0,15258,2242
144,42,44,1,1,1,7,5,3,6,3,4,3,4,0,6,3,8,8,6,7,6,4,0,8,4,5,0,0,2,67,10,20,4,1,4,0,0,39,3,5,6,7,1,4,5,1,3,4,0,0,0,86,5
145,395,380,44,20,13,59,58,39,47,46,38,50,61,30,25,37,52,48,25,24,15,44,5,42,14,119,1,5,16,573,50,159,39,34,15,8,4,309,23,35,25,37,28,52,31,22,18,38,0,0,0,775,61
146,0,0,0,0,0,0,0,0,0,0,0,0,0,0,0,0,0,0,0,0,0,0,0,0,0,0,0,0,0,0,0,0,0,0,0,0,0,0,0,0,0,0,0,0,0,0,0,0,0,0,0,0,0
147,200,164,18,8,7,29,23,28,20,18,16,16,31,19,8,23,27,16,14,10,16,17,1,3,10,66,3,3,7,271,22,72,18,12,13,0,4,141,4,22,10,10,16,10,18,13,19,19,0,0,0,364,29
148,0,0,0,0,0,0,0,0,0,0,0,0,0,0,0,0,0,0,0,0,0,0,0,0,0,0,0,0,0,0,0,0,0,0,0,0,0,0,0,0,0,0,0,0,0,0,0,0,0,0,0,0,0
149,0,0,0,0,0,0,0,0,0,0,0,0,0,0,0,0,0,0,0,0,0,0,0,0,0,0,0,0,0,0,0,0,0,0,0,0,0,0,0,0,0,0,0,0,0,0,0,0,0,0,0,0,0
150,106,97,5,2,2,15,7,15,6,8,16,12,15,7,7,12,13,25,14,6,4,12,0,8,9,30,0,0,2,154,25,39,9,10,5,0,1,89,5,9,8,8,8,16,8,9,7,11,0,0,0,203,16
151,145,135,14,9,3,20,18,17,16,12,9,22,14,15,5,13,17,13,15,12,16,20,2,8,10,71,0,1,9,179,23,35,9,17,9,5,2,100,9,8,4,13,11,14,8,8,10,15,0,0,0,280,33
152,2,2,0,0,0,2,0,0,0,0,0,0,1,0,0,0,0,0,0,0,1,0,0,0,0,2,0,1,0,1,0,2,0,0,0,0,0,2,1,1,0,0,0,0,0,0,0,0,0,0,0,4,0
153,39,41,7,5,1,7,4,7,6,6,5,6,4,4,2,4,1,2,1,0,2,6,5,1,0,18,0,0,0,56,7,10,3,5,2,1,1,29,2,2,3,3,3,5,4,1,2,4,0,0,0,80,9
154,114,128,11,9,6,16,13,20,11,7,10,18,8,15,9,14,19,23,13,8,6,6,16,7,1,59,1,0,3,155,29,35,8,8,7,2,3,92,12,6,7,2,26,0,15,8,6,10,0,0,16,226,20
155,0,0,0,0,0,0,0,0,0,0,0,0,0,0,0,0,0,0,0,0,0,0,0,0,0,0,0,0,0,0,0,0,0,0,0,0,0,0,0,0,0,0,0,0,0,0,0,0,0,0,0,0,0
156,0,0,0,0,0,0,0,0,0,0,0,0,0,0,0,0,0,0,0,0,0,0,0,0,0,0,0,0,0,0,0,0,0,0,0,0,0,0,0,0,0,0,0,0,0,0,0,0,0,0,0,0,0
157,0,0,0,0,0,0,0,0,0,0,0,0,0,0,0,0,0,0,0,0,0,0,0,0,0,0,0,0,0,0,0,0,0,0,0,0,0,0,0,0,0,0,0,0,0,0,0,0,0,0,0,0,0
158,1178,1235,166,94,65,189,172,196,157,116,151,141,130,180,55,82,120,80,52,39,47,181,201,152,48,742,8,4,91,1167,80,213,154,126,73,50,34,730,87,77,45,55,77,79,106,46,60,98,0,0,0,2413,283
159,6,4,0,0,0,0,2,0,1,1,0,0,1,0,0,1,1,1,1,1,0,0,0,0,0,0,0,0,0,10,2,2,0,1,0,0,0,5,1,0,2,0,0,1,0,1,0,0,0,0,0,10,1
160,0,0,0,0,0,0,0,0,0,0,0,0,0,0,0,0,0,0,0,0,0,0,0,0,0,0,0,0,0,0,0,0,0,0,0,0,0,0,0,0,0,0,0,0,0,0,0,0,0,0,0,0,0
161,20,16,0,0,1,5,1,3,1,0,4,2,5,4,0,1,4,2,2,1,0,0,1,0,0,6,0,0,0,29,3,7,1,4,0,0,0,15,3,1,1,1,0,2,2,0,4,1,0,0,0,36,4
162,94,80,8,8,3,17,18,12,15,10,9,9,15,15,1,3,8,3,2,3,4,11,16,12,0,70,0,1,8,67,6,17,10,5,9,1,4,52,4,4,5,2,13,5,6,1,4,8,0,0,0,174,19
163,4,0,0,0,0,0,0,1,1,0,0,0,0,1,0,0,0,0,0,0,0,1,0,0,0,1,0,0,0,3,0,0,0,1,0,0,0,1,1,0,0,0,0,0,0,0,0,0,0,0,0,4,1
164,152,171,14,6,9,24,29,14,18,19,14,16,23,21,8,18,19,29,10,10,8,14,2,13,5,65,1,1,11,225,17,58,16,12,5,6,3,117,9,14,10,16,9,18,8,12,9,12,0,0,9,314,26
165,0,0,0,0,0,0,0,0,0,0,0,0,0,0,0,0,0,0,0,0,0,0,0,0,0,0,0,0,0,0,0,0,0,0,0,0,0,0,0,0,0,0,0,0,0,0,0,0,0,0,0,0,0
166,38,51,12,1,3,9,8,9,11,4,1,4,6,3,1,1,3,2,3,1,2,5,6,1,5,23,0,2,2,50,3,10,6,2,4,2,1,28,3,7,1,1,2,1,2,3,3,5,0,0,0,89,9
167,47,40,1,3,2,11,4,5,8,3,4,8,6,8,0,2,2,3,2,2,1,12,8,4,7,24,0,0,4,40,4,8,6,5,1,4,0,28,2,2,3,1,5,2,5,3,2,3,0,0,0,87,10
168,334,348,27,24,19,59,64,45,40,43,30,34,34,49,14,24,37,41,31,22,6,39,53,29,18,110,1,1,11,459,74,99,33,25,15,12,8,266,39,20,10,7,50,11,32,30,22,45,0,0,0,682,60
169,101,90,14,8,9,20,11,10,10,8,7,11,18,13,2,8,14,10,7,6,1,4,2,7,9,36,1,0,9,127,10,30,7,4,7,4,3,65,5,6,4,6,10,11,5,4,8,6,0,0,0,191,18
170,316,303,29,28,20,37,54,36,32,31,26,35,44,34,15,27,40,25,28,13,27,38,0,25,8,172,0,1,7,406,44,90,32,29,16,9,6,226,17,23,16,20,14,29,30,27,24,26,0,0,0,619,60
171,157,185,14,9,11,35,32,21,20,22,20,22,23,20,8,16,25,8,12,4,4,16,37,17,3,114,1,2,13,155,9,39,20,20,8,7,4,107,10,9,7,8,11,11,18,10,11,12,0,0,0,342,39
172,198,190,24,12,5,34,25,17,20,20,27,22,29,15,12,15,31,23,11,10,11,25,1,53,14,63,0,2,12,243,18,57,28,23,7,5,2,140,13,15,10,11,13,20,11,15,15,17,0,0,0,388,37
173,168,185,10,8,14,24,25,22,25,11,14,17,29,23,11,15,28,20,22,7,12,16,2,22,15,45,2,0,6,261,16,58,18,16,11,4,3,126,11,18,13,11,4,19,9,11,9,21,0,0,0,353,34
174,72,76,5,6,2,10,7,8,5,10,6,9,9,5,3,4,12,12,7,16,3,9,2,4,4,42,1,0,4,91,6,22,11,4,5,4,0,52,0,10,4,5,3,4,4,6,7,9,0,0,0,148,13
175,163,187,22,10,9,43,23,29,34,18,19,24,24,22,5,12,16,6,8,6,3,17,43,15,8,109,1,0,5,169,15,40,18,16,14,7,3,113,17,9,3,14,13,11,14,3,10,19,0,0,0,350,40
176,168,142,7,10,7,23,33,21,18,10,17,17,27,15,5,16,21,17,16,9,4,17,7,15,6,44,1,1,11,225,19,48,26,13,6,3,2,117,7,10,10,13,11,18,7,11,11,19,0,0,0,310,24
177,40,48,6,4,1,2,3,5,9,9,7,4,5,7,6,4,3,4,3,3,1,2,6,3,5,24,1,1,1,47,3,7,4,4,5,1,0,24,3,6,0,2,2,2,5,0,2,2,0,0,12,76,10
178,195,177,23,7,5,25,22,27,30,19,16,25,29,17,5,16,26,22,17,7,15,19,2,26,11,56,0,1,12,264,28,63,24,21,10,2,0,148,12,16,15,13,9,23,15,11,15,19,0,0,0,372,33
179,171,151,12,13,11,28,21,20,21,12,13,10,24,13,9,11,31,22,16,13,13,9,2,32,5,61,0,2,4,216,28,54,24,8,7,4,3,128,6,11,11,19,10,21,7,14,8,21,0,0,0,322,22
180,351,302,39,17,14,40,50,53,32,29,31,31,48,23,18,29,39,41,37,22,19,41,3,38,9,102,2,3,12,484,43,113,37,31,16,8,2,250,15,24,18,29,20,47,25,19,23,30,0,0,5,648,57
181,53,67,14,3,5,20,10,5,5,5,7,2,9,8,3,3,3,3,2,3,1,9,9,3,1,48,0,0,3,56,5,12,5,7,1,4,2,36,3,5,3,1,1,7,5,3,5,3,0,0,0,120,14
182,444,409,48,29,23,59,58,64,58,48,40,52,48,67,19,36,50,40,22,10,15,67,4,138,25,180,3,5,18,480,47,98,51,41,16,21,11,285,25,42,23,25,18,47,15,28,26,36,0,0,0,853,89
183,12,22,1,0,0,5,2,4,3,1,0,1,1,1,1,1,3,3,4,2,0,1,0,0,0,0,0,0,4,30,1,6,4,1,1,0,0,13,2,1,1,0,0,1,4,1,0,3,0,0,0,34,2
184,140,115,5,5,5,15,13,16,8,15,18,11,23,16,11,13,16,15,11,15,8,16,0,14,8,49,0,0,3,181,12,46,13,10,6,4,2,93,10,17,6,9,10,18,6,5,5,7,0,0,0,255,22
185,549,545,53,30,22,89,93,88,70,49,45,50,74,91,35,49,55,52,43,23,19,64,50,108,16,319,2,2,30,567,58,133,54,47,37,23,12,364,55,40,33,28,27,48,32,30,22,49,0,0,1,1093,119
186,34,42,1,1,5,5,4,4,7,9,7,5,6,2,0,3,5,2,1,0,4,5,12,3,11,17,1,0,4,28,2,9,5,5,3,1,0,25,4,0,4,0,3,7,3,1,0,3,0,0,0,76,9
187,36,33,10,2,4,4,4,3,2,5,3,3,6,3,3,2,4,1,2,0,2,6,2,3,0,34,1,1,1,27,2,5,1,7,2,0,2,19,1,2,0,1,4,2,3,2,3,1,0,0,0,69,11
188,91,99,14,5,4,12,13,17,12,12,6,8,15,11,6,4,10,9,8,4,6,14,1,9,4,54,0,1,2,119,20,28,11,9,5,2,1,76,8,6,3,6,6,7,13,9,8,10,0,0,0,190,17
189,66,55,9,4,1,9,6,4,11,8,3,8,6,5,4,8,10,6,6,1,8,4,0,0,0,10,0,0,1,110,9,21,7,7,3,1,0,48,7,3,3,3,9,11,3,3,3,3,0,0,0,121,11
190,304,289,41,18,13,51,49,35,38,33,42,38,38,42,13,18,23,28,11,8,9,45,49,32,8,207,0,4,14,279,26,66,36,23,22,8,9,190,20,17,10,12,21,23,31,18,17,21,0,0,0,593,62
191,335,333,44,22,21,45,48,37,50,28,34,35,27,39,9,23,42,37,36,20,24,47,4,13,17,184,1,6,16,427,68,99,31,28,13,11,8,258,47,16,9,8,44,12,69,20,8,25,0,0,0,668,60
192,90,75,5,6,1,11,12,12,10,9,4,8,11,6,6,3,16,13,11,5,8,8,2,2,6,25,0,0,1,129,10,29,14,6,5,1,0,65,6,5,7,7,6,12,5,5,6,6,0,0,0,165,12
193,5,8,1,0,1,0,6,0,0,1,0,1,1,0,0,0,1,1,0,0,0,0,0,1,0,5,0,0,0,7,1,1,0,1,0,1,0,4,1,0,0,1,0,0,1,0,1,0,0,0,0,13,2
194,0,0,0,0,0,0,0,0,0,0,0,0,0,0,0,0,0,0,0,0,0,0,0,0,0,0,0,0,0,0,0,0,0,0,0,0,0,0,0,0,0,0,0,0,0,0,0,0,0,0,0,0,0
195,1,0,0,0,0,0,0,0,0,0,0,0,0,0,0,0,0,0,1,0,0,0,0,0,0,0,0,0,0,1,1,0,0,0,0,0,0,1,0,0,0,0,1,0,0,0,0,0,0,0,0,1,0
196,120,134,19,7,10,29,16,28,18,16,16,10,11,14,4,6,8,12,5,3,1,21,23,17,14,73,0,1,9,117,5,10,17,19,10,6,2,69,6,9,3,7,5,11,9,5,5,9,0,0,0,254,37
197,138,126,12,7,5,16,24,22,17,16,7,18,16,17,8,5,20,11,9,10,9,15,2,15,9,72,1,1,5,159,21,38,17,7,9,3,3,98,4,13,7,6,5,16,15,15,9,8,0,0,0,264,22
198,83,89,8,4,7,16,13,7,9,8,13,17,14,11,8,7,10,4,2,1,3,10,0,19,7,51,0,1,6,88,6,18,13,6,7,4,1,55,4,3,3,4,6,11,3,8,7,6,0,0,0,172,18
199,45,50,4,1,1,6,11,7,4,3,3,4,8,1,1,9,9,11,3,0,1,8,0,8,1,3,0,1,1,81,10,17,7,1,4,1,0,40,4,7,6,2,1,5,7,4,1,3,0,0,0,95,6
200,103,121,8,9,6,15,16,14,11,13,14,13,20,10,7,12,19,14,4,4,8,7,1,6,5,14,0,3,10,185,16,41,13,11,7,0,1,89,5,10,5,9,9,15,8,7,12,9,0,0,0,224,19
201,122,104,12,6,7,21,21,14,8,17,11,11,13,20,5,8,10,12,10,4,2,14,0,45,14,49,1,1,5,111,6,26,11,9,12,4,2,70,3,11,6,9,3,8,3,2,14,11,0,0,0,226,27
202,51,59,2,0,4,12,14,5,7,6,7,3,8,5,2,2,6,8,4,2,5,8,4,6,1,23,0,0,1,75,4,16,8,3,3,1,2,37,4,2,4,6,1,3,5,3,4,5,0,0,0,110,9
203,215,212,28,14,13,30,27,34,28,21,29,21,32,18,15,11,27,14,9,5,12,39,0,66,23,99,1,1,16,221,30,43,28,25,13,6,3,148,16,25,8,15,16,19,9,11,11,18,0,0,0,427,47
204,0,0,0,0,0,0,0,0,0,0,0,0,0,0,0,0,0,0,0,0,0,0,0,0,0,0,0,0,0,0,0,0,0,0,0,0,0,0,0,0,0,0,0,0,0,0,0,0,0,0,0,0,0
205,31,29,8,0,2,4,2,6,5,2,3,2,7,5,1,2,2,0,3,3,1,2,10,0,1,25,2,0,2,20,2,6,7,1,0,2,1,19,1,3,0,1,4,3,3,2,0,2,0,0,0,60,4
206,149,143,13,8,12,21,13,26,14,17,18,25,28,14,5,10,17,13,7,7,8,16,2,11,0,29,0,3,15,232,16,49,20,19,3,3,1,111,11,12,11,13,9,15,14,9,7,10,0,0,0,292,26
207,72,79,7,2,3,9,13,10,6,9,6,7,12,10,6,6,7,10,5,3,2,18,0,1,1,16,1,0,7,125,12,16,6,6,7,1,3,51,4,10,6,6,3,7,8,3,0,4,0,0,0,151,17
208,573,578,75,45,30,70,62,81,63,75,63,71,98,75,28,58,58,52,48,14,32,53,4,61,22,303,3,5,38,715,107,170,55,48,29,15,13,437,35,27,35,36,40,56,52,69,42,45,0,0,0,1151,105
209,103,102,13,10,5,17,17,15,13,6,13,4,16,25,3,8,9,7,4,1,6,13,11,14,5,59,0,0,8,108,6,26,9,9,2,7,3,62,8,5,2,6,5,7,3,12,5,9,0,0,6,199,21
210,235,244,30,19,12,33,23,35,24,22,21,28,31,42,11,24,33,23,21,10,12,25,1,34,1,148,1,1,10,283,55,51,25,23,16,3,7,180,13,16,15,23,21,20,29,21,10,12,0,0,0,479,49
211,2,6,0,0,0,0,1,0,0,0,0,0,1,0,1,0,1,2,0,0,2,0,1,0,0,1,0,0,0,6,0,2,0,1,0,0,0,3,1,0,0,0,0,0,2,0,0,0,0,0,0,8,1
212,50,65,7,2,3,23,6,6,6,7,7,8,1,16,2,2,5,2,3,0,2,7,12,0,0,69,0,0,0,34,3,5,8,4,4,0,5,29,4,3,4,1,3,5,3,0,4,2,0,0,0,115,13
213,166,173,17,17,14,25,12,19,22,18,23,21,26,17,12,14,18,21,15,4,7,17,2,23,11,81,2,0,16,204,23,47,22,13,12,6,1,124,11,11,10,10,13,17,9,18,14,11,0,0,0,339,32
214,127,139,21,5,4,30,12,15,17,13,21,21,15,20,3,4,17,15,8,3,5,17,2,22,3,69,1,1,3,165,17,39,13,11,9,3,3,95,6,10,8,9,9,12,12,14,8,7,0,0,0,266,26
215,139,114,9,10,4,16,17,18,24,11,17,8,20,17,5,10,21,10,1,3,4,28,0,10,0,15,0,1,11,216,8,34,16,13,10,2,2,85,2,14,10,9,6,15,13,4,6,6,0,0,0,253,27
216,18,26,0,0,1,4,3,5,1,1,3,1,1,0,2,6,3,4,5,0,2,2,4,2,1,13,1,0,0,23,3,10,3,3,0,0,0,19,1,7,1,2,1,1,0,1,1,4,0,0,0,44,3
217,355,345,43,23,22,43,33,56,35,50,48,48,32,46,10,28,44,34,17,29,19,40,1,48,10,174,4,0,12,451,60,99,46,22,19,12,4,262,20,26,16,33,21,22,34,33,23,34,0,0,15,685,57
218,3,1,0,0,0,0,0,1,1,0,0,0,0,0,0,0,0,0,0,0,0,2,0,2,0,0,0,0,0,2,0,0,0,1,0,0,0,1,1,0,0,0,0,0,0,0,0,0,0,0,0,4,1
219,490,488,66,42,23,77,66,62,57,47,51,65,65,69,27,33,61,34,36,16,13,68,32,66,13,327,0,9,31,500,38,111,54,54,23,23,11,314,40,46,18,22,32,38,23,30,22,43,0,0,0,978,111
220,1807,1837,253,141,122,319,275,260,240,194,207,210,218,268,74,139,155,133,77,57,50,252,27,819,206,762,8,19,153,1650,94,318,234,191,141,94,22,1094,103,142,101,99,82,168,58,112,94,135,0,0,0,3644,448
221,38,40,9,1,2,5,7,4,5,3,8,9,5,4,1,1,3,1,4,1,0,5,1,7,0,5,1,1,1,62,5,11,4,4,1,3,0,28,5,2,3,2,0,6,4,3,0,3,0,0,0,78,8
222,9,4,0,2,0,1,0,1,1,0,1,1,0,0,0,1,2,1,0,1,0,1,0,0,0,2,0,0,0,11,2,3,0,0,1,0,0,6,1,1,0,0,0,2,1,1,0,0,0,0,0,13,1
223,96,133,18,5,5,24,30,16,15,16,14,17,9,11,4,5,8,8,2,1,4,17,22,5,14,104,0,3,5,76,9,19,16,14,5,6,2,71,10,7,9,7,7,5,5,3,6,12,0,0,0,229,27
224,61,52,6,4,4,15,11,10,14,7,2,3,4,7,1,9,4,3,3,1,0,5,14,7,1,27,1,0,3,60,6,15,7,9,4,0,0,41,2,1,4,5,3,5,11,3,3,4,0,0,0,113,13
225,190,176,21,13,6,21,24,27,17,18,25,18,31,15,10,15,24,24,10,11,16,20,5,27,5,32,1,2,22,272,22,38,32,17,11,4,3,127,16,14,16,11,9,9,22,6,8,16,0,0,0,366,35
226,218,185,23,10,14,24,27,23,27,19,20,15,32,22,11,16,38,13,18,12,8,31,3,19,2,50,0,2,13,314,28,39,32,23,9,8,2,141,7,23,15,16,10,18,16,13,6,17,0,0,0,403,42
227,523,542,53,38,20,80,99,73,64,43,56,62,71,73,22,41,51,57,36,16,28,82,41,69,17,379,1,3,24,531,42,132,62,50,30,20,12,348,43,42,27,32,34,41,21,38,26,44,0,0,3,1062,112
228,151,131,9,9,7,17,31,24,19,15,16,17,19,18,6,12,19,13,6,8,5,12,1,24,3,23,0,1,9,221,26,32,21,14,7,4,2,106,8,17,9,15,9,9,15,7,5,12,0,0,0,282,27
229,122,120,10,5,5,21,20,18,19,15,10,15,11,13,11,10,19,13,7,2,6,12,2,19,4,80,0,0,6,131,20,49,9,7,11,1,1,98,6,15,7,9,6,13,10,11,6,15,0,0,0,242,20
230,0,0,0,0,0,0,0,0,0,0,0,0,0,0,0,0,0,0,0,0,0,0,0,0,0,0,0,0,0,0,0,0,0,0,0,0,0,0,0,0,0,0,0,0,0,0,0,0,0,0,0,0,0
231,35,31,9,1,1,1,6,1,6,4,5,1,2,4,4,1,7,3,3,1,1,5,0,2,2,22,0,1,3,36,8,7,1,1,5,2,0,24,4,4,1,0,5,1,4,2,1,2,0,0,0,66,8
232,22,17,3,2,2,0,1,4,2,4,2,1,0,0,2,2,1,2,0,0,5,6,0,11,0,4,0,0,1,23,4,5,1,3,2,0,0,15,3,4,1,1,0,4,1,0,1,0,0,0,0,39,5
233,857,840,97,65,58,157,125,126,106,105,103,103,117,120,38,58,73,52,34,21,40,99,9,311,71,409,7,7,73,810,87,172,116,93,46,29,17,560,18,57,40,45,43,60,84,57,69,87,0,0,0,1697,185
234,67,77,8,2,3,11,6,12,5,4,9,10,10,5,6,5,12,12,5,2,4,13,2,12,0,4,0,1,13,112,13,21,8,5,3,5,0,55,8,9,8,3,4,4,8,2,4,5,0,0,0,144,13
235,11,13,0,1,0,3,0,2,2,0,1,1,2,2,2,2,2,1,1,0,1,1,0,1,0,0,0,0,3,20,3,3,3,0,0,1,0,10,2,2,1,1,0,2,1,0,1,0,0,0,0,24,1
236,90,78,8,3,6,17,9,16,7,4,10,11,8,15,8,6,14,8,3,3,3,9,6,9,1,58,0,0,6,88,5,20,14,11,2,3,1,56,6,8,1,5,4,8,7,5,3,9,0,0,0,168,17
237,201,196,25,12,13,43,13,20,28,14,25,21,27,15,18,15,32,18,21,8,11,18,4,23,9,32,0,2,18,309,18,67,21,13,11,7,4,141,8,18,13,16,14,16,18,15,7,16,0,0,0,397,35
238,117,93,12,10,1,26,16,14,11,10,8,9,11,16,7,8,6,15,10,3,3,14,1,25,1,57,1,0,7,118,17,20,13,10,6,6,1,73,3,14,6,4,4,9,4,12,10,7,0,0,0,210,23
239,1519,1419,222,112,100,211,189,235,194,164,168,172,221,249,60,87,98,84,49,42,47,234,11,343,305,1410,4,23,78,764,78,242,171,170,115,64,27,867,74,70,31,44,99,42,113,173,88,133,0,0,2,2936,376
240,47,63,5,5,0,2,8,5,12,11,11,8,8,8,2,2,6,4,3,1,3,6,1,7,0,24,0,1,6,71,11,15,5,7,4,1,0,43,3,1,1,5,1,7,8,7,8,2,0,0,0,110,12
241,269,264,28,14,18,34,41,40,28,20,22,30,50,32,13,26,36,28,16,14,13,30,4,11,3,46,0,2,41,426,33,78,37,21,16,6,4,195,17,19,19,22,16,23,34,12,11,22,0,0,0,533,47
242,54,61,4,3,1,9,8,5,8,12,8,2,5,10,4,5,5,8,4,1,2,11,2,22,6,18,1,2,10,54,1,10,12,5,4,3,0,35,2,4,4,3,4,6,0,4,1,7,0,0,0,115,12
243,224,216,28,15,12,25,34,25,23,23,18,25,29,28,11,24,31,22,15,12,18,22,3,28,0,36,3,4,19,347,25,60,36,18,9,9,2,159,13,25,9,21,9,23,19,18,8,14,0,0,0,440,38
244,129,141,11,14,9,23,8,18,24,20,15,10,17,10,10,14,23,9,7,5,6,17,3,23,4,18,0,2,18,202,18,41,22,17,3,2,1,104,7,23,6,14,5,8,13,8,2,18,0,0,0,270,23
245,41,47,4,0,0,4,4,6,10,4,6,4,6,10,3,2,9,3,5,1,3,4,0,4,0,5,0,0,11,68,6,14,5,3,3,2,0,33,2,4,4,3,7,2,5,2,1,3,0,0,0,88,8
246,94,73,14,9,7,8,11,5,5,10,5,8,9,14,7,7,13,11,4,5,6,9,0,3,6,14,0,2,9,133,11,18,9,12,5,2,1,58,3,7,7,7,4,6,6,6,4,8,0,0,0,167,20
247,3,4,0,0,0,0,1,0,0,1,2,0,1,0,0,0,0,0,1,1,0,0,0,0,0,2,0,0,0,5,1,0,1,0,0,0,0,2,0,0,0,0,0,0,2,0,0,0,0,0,3,4,0
248,0,0,0,0,0,0,0,0,0,0,0,0,0,0,0,0,0,0,0,0,0,0,0,0,0,0,0,0,0,0,0,0,0,0,0,0,0,0,0,0,0,0,0,0,0,0,0,0,0,0,0,0,0
249,233,239,25,14,11,25,35,37,28,26,28,31,31,25,12,18,27,23,20,8,15,33,7,10,29,150,0,2,6,268,26,72,38,20,10,5,2,173,13,16,9,13,17,10,29,31,14,21,0,0,11,461,37
250,28,27,2,5,0,4,3,2,2,5,2,2,4,3,1,1,6,2,5,1,1,4,3,10,1,10,1,0,0,30,2,9,2,3,1,2,0,19,2,0,0,1,8,0,4,1,2,1,0,0,0,55,6
251,346,360,39,28,17,52,53,46,36,38,27,33,40,57,23,28,42,35,32,17,25,38,3,6,31,171,0,5,3,487,62,106,36,28,19,14,4,269,47,22,11,16,38,10,56,25,16,28,0,0,0,706,65
252,34,36,2,3,3,4,5,7,3,1,3,2,7,9,1,3,4,2,2,0,2,7,0,1,0,21,0,0,5,43,3,6,1,6,2,3,0,21,1,0,0,0,8,0,7,1,2,2,0,0,0,70,11
253,43,49,2,2,2,4,7,6,10,4,5,4,5,8,6,3,4,4,5,6,0,5,0,2,6,16,0,1,1,66,8,18,5,3,3,1,0,38,9,4,0,2,4,1,5,3,6,4,0,0,0,92,7
254,13,11,0,2,1,1,3,1,1,2,0,0,1,1,0,0,1,3,1,0,1,5,0,0,0,7,1,0,0,16,4,3,1,0,1,1,0,10,2,0,0,1,1,0,1,0,1,4,0,0,0,24,2
255,97,105,14,12,6,13,11,24,9,9,16,9,9,5,8,5,13,7,4,5,10,13,3,7,10,71,0,2,6,103,8,15,8,12,7,2,5,57,13,5,3,4,5,9,6,2,6,4,0,0,4,198,26
256,76,132,10,3,5,24,30,21,14,11,12,11,8,15,3,2,4,5,3,7,7,13,1,13,5,118,1,2,6,62,1,7,4,6,3,5,6,32,2,4,4,1,1,3,5,4,2,6,0,0,63,145,20
257,258,253,28,13,14,31,31,36,26,27,31,28,25,38,29,23,35,16,22,16,11,31,12,26,3,144,1,1,11,313,25,70,29,19,18,6,7,174,18,19,9,21,10,25,17,22,15,18,0,0,0,511,50
258,341,351,30,24,15,50,50,51,37,40,46,41,48,46,25,36,33,30,32,10,14,34,38,31,5,224,2,3,34,355,25,98,48,34,19,12,3,239,26,24,13,14,26,40,26,17,24,29,0,0,0,692,68
259,171,192,27,10,7,31,31,19,30,25,17,18,19,25,6,9,20,17,12,11,6,23,4,22,14,98,1,0,7,217,36,58,24,14,8,3,3,146,10,16,11,14,17,14,14,17,16,17,0,0,0,363,28
260,893,899,126,58,60,151,126,130,118,117,107,127,119,120,45,49,76,65,39,31,30,98,10,324,119,325,3,4,64,943,58,169,128,119,63,23,10,570,51,80,37,76,38,91,24,57,46,70,0,0,3,1789,215
261,2,2,0,0,0,1,1,0,0,0,0,1,0,0,0,1,0,0,0,0,0,0,0,0,0,3,0,0,0,1,0,0,0,1,0,0,0,1,0,0,0,0,0,0,0,0,1,0,0,0,0,4,1
262,32,34,2,0,2,3,9,7,6,2,1,3,2,9,0,0,2,4,0,0,3,11,12,0,0,11,0,0,1,42,0,9,4,1,0,4,1,19,3,0,0,3,5,0,2,2,2,2,0,0,0,66,6
263,131,109,24,8,6,32,25,10,13,12,11,11,14,18,2,7,9,7,4,1,3,23,0,6,15,87,1,1,5,125,7,13,19,13,7,8,2,69,6,4,7,5,1,4,4,10,11,17,0,0,0,240,30
264,0,0,0,0,0,0,0,0,0,0,0,0,0,0,0,0,0,0,0,0,0,0,0,0,0,0,0,0,0,0,0,0,0,0,0,0,0,0,0,0,0,0,0,0,0,0,0,0,0,0,0,0,0
265,752,749,97,42,52,105,84,116,99,82,94,80,116,123,44,58,65,56,35,32,40,81,13,232,68,410,3,3,75,697,72,167,95,92,37,21,16,500,18,52,32,48,43,46,60,60,50,91,0,0,0,1501,166
266,1795,1762,243,153,131,245,264,266,229,206,213,197,210,298,76,102,153,119,101,55,53,243,24,434,364,1780,6,20,76,853,102,284,218,201,130,81,34,1050,84,85,41,47,99,67,171,205,112,139,0,0,6,3551,446
267,85,74,5,5,3,10,8,16,18,8,6,7,14,12,3,9,7,10,4,4,1,9,1,12,0,17,0,2,10,117,12,16,12,13,3,2,0,58,6,7,3,6,4,5,8,11,3,5,0,0,0,159,18
268,603,560,93,41,19,83,62,71,80,64,76,67,74,81,35,48,49,54,22,25,28,91,8,56,35,355,0,8,22,679,52,108,91,60,35,20,11,377,33,45,26,34,27,28,35,32,58,59,0,0,0,1163,126
269,2807,2879,421,235,172,478,456,419,386,310,343,345,339,409,127,165,218,151,104,69,108,431,37,579,227,2882,13,25,298,1625,220,402,362,361,219,100,52,1716,151,214,65,45,177,42,272,275,234,241,0,0,19,5667,732
270,685,4098,86,43,853,2713,336,113,89,61,59,46,54,102,25,26,23,20,20,11,24,79,55,169,385,953,4,40,66,3111,5,54,82,73,52,17,4,287,13,19,5,3,75,5,93,33,20,21,0,3739,0,1044,146
271,556,541,57,36,18,73,80,95,71,55,60,71,83,59,37,44,60,50,42,17,22,67,4,65,11,134,4,12,67,800,62,140,94,44,35,11,7,393,23,62,36,42,28,58,56,31,20,37,0,0,0,1097,97
272,158,157,32,8,11,31,27,18,24,13,17,11,20,20,4,12,21,9,9,4,5,19,1,26,10,115,1,0,16,146,18,27,14,25,11,5,1,101,14,6,8,9,18,10,7,7,3,19,0,0,7,308,42
273,27,32,2,2,3,2,3,6,2,4,1,1,5,3,2,4,7,0,9,1,2,0,0,1,5,27,0,0,0,26,4,6,4,1,1,1,2,19,4,4,1,0,1,1,4,3,0,1,0,0,0,59,5
274,22,19,3,0,1,5,9,2,3,1,2,0,0,3,0,0,3,5,1,0,2,1,0,6,2,15,0,0,0,18,1,9,0,2,0,1,1,14,1,1,2,1,2,2,1,1,2,1,0,0,0,41,4
275,152,165,18,13,11,36,27,29,13,21,19,10,22,21,6,11,3,5,7,9,6,30,3,12,12,94,2,0,6,188,13,20,12,23,12,9,3,92,7,10,11,4,4,5,9,13,17,12,0,0,0,317,47
276,318,292,47,26,20,36,36,45,45,51,38,31,42,36,14,17,30,17,8,10,12,49,1,106,12,150,2,5,13,321,26,51,40,31,26,7,8,189,22,20,11,23,14,24,7,25,17,26,0,0,0,610,72
277,162,173,17,10,6,17,30,21,23,21,13,17,26,19,9,15,17,18,17,12,10,17,1,15,0,60,1,0,10,248,22,57,16,11,14,2,3,125,6,11,6,10,14,9,12,14,16,27,0,0,0,335,30
278,63,62,9,2,1,10,12,10,7,4,12,4,6,11,5,5,6,8,6,1,1,5,1,9,1,23,0,0,0,91,7,22,7,6,3,1,1,47,1,6,5,6,5,4,4,6,2,8,0,0,0,125,11
279,1011,954,124,77,37,142,152,119,130,103,110,133,152,155,55,64,89,83,46,40,29,125,19,71,63,618,1,6,30,1157,86,171,139,115,54,39,18,622,69,77,53,60,46,41,49,63,80,84,0,0,10,1955,226
280,600,583,75,44,34,93,74,73,62,69,61,68,84,88,36,38,59,55,31,20,32,87,11,56,38,341,0,9,30,698,46,134,71,74,34,14,13,386,53,23,19,36,60,34,28,41,35,57,0,0,0,1183,135
281,105,88,12,3,4,13,5,14,8,15,12,15,13,15,4,8,19,8,7,3,8,7,1,20,1,23,0,1,9,138,11,29,13,9,3,3,2,70,7,7,2,10,8,9,13,7,2,5,0,0,0,193,17
282,212,237,29,12,21,24,23,34,38,17,15,25,33,36,17,17,29,26,14,6,6,27,18,30,4,152,0,1,17,227,25,65,29,18,12,7,4,160,25,19,10,11,18,13,15,12,18,19,0,0,0,449,41
283,113,93,6,2,4,18,13,9,12,10,13,14,10,11,6,13,18,19,8,5,9,6,1,9,1,20,1,1,12,161,11,29,11,8,8,4,1,72,4,12,5,9,6,11,6,4,4,11,0,0,0,206,21
284,42,45,5,2,0,8,9,5,1,5,3,6,9,3,3,1,5,5,6,3,2,6,1,0,2,19,0,0,4,61,7,14,2,2,4,3,0,32,5,1,1,0,11,1,6,3,2,2,0,0,0,87,9
285,130,134,19,17,8,22,27,14,10,13,16,17,16,19,1,7,15,7,10,2,6,18,1,15,4,15,0,5,13,211,11,30,11,13,13,5,1,84,9,16,4,4,4,7,14,8,7,11,0,0,5,259,32
286,0,0,0,0,0,0,0,0,0,0,0,0,0,0,0,0,0,0,0,0,0,0,0,0,0,0,0,0,0,0,0,0,0,0,0,0,0,0,0,0,0,0,0,0,0,0,0,0,0,0,0,0,0
287,0,0,0,0,0,0,0,0,0,0,0,0,0,0,0,0,0,0,0,0,0,0,0,0,0,0,0,0,0,0,0,0,0,0,0,0,0,0,0,0,0,0,0,0,0,0,0,0,0,0,0,0,0
288,91,95,8,11,6,10,14,11,18,10,12,9,11,19,6,4,8,5,4,1,2,17,0,8,3,47,0,0,7,121,2,21,12,11,6,4,1,57,3,7,4,5,2,7,7,7,6,9,0,0,0,186,22
289,3,0,0,0,0,0,0,0,0,0,0,0,1,0,0,1,0,0,1,0,0,0,0,0,0,0,0,0,0,3,1,1,0,0,0,0,0,2,1,0,0,0,0,0,0,1,0,0,0,0,0,3,0
290,26,39,2,1,0,2,2,3,3,4,3,3,4,3,1,8,4,4,8,5,3,2,0,1,0,13,0,0,0,51,6,12,3,3,1,0,1,26,5,1,1,1,8,1,7,2,0,0,0,0,0,65,5
291,233,211,23,14,8,37,36,32,25,23,27,27,24,25,12,14,19,25,22,11,15,25,3,30,23,159,3,3,7,216,33,82,31,12,11,7,1,177,13,18,12,17,26,7,27,28,16,13,0,0,0,444,31
292,0,0,0,0,0,0,0,0,0,0,0,0,0,0,0,0,0,0,0,0,0,0,0,0,0,0,0,0,0,0,0,0,0,0,0,0,0,0,0,0,0,0,0,0,0,0,0,0,0,0,0,0,0
293,17,13,1,0,3,5,1,3,3,2,1,0,0,5,0,0,0,2,1,0,1,2,0,0,0,16,0,0,1,13,5,2,1,1,1,0,1,11,5,0,1,0,1,0,3,0,0,1,0,0,0,30,3
294,110,105,15,10,13,22,14,16,9,10,18,9,16,12,3,4,5,13,6,4,3,13,2,4,2,81,0,0,2,124,13,25,6,14,7,3,3,71,17,3,2,8,8,0,16,6,2,9,0,0,0,215,27
295,253,218,27,14,17,33,31,20,22,19,25,18,27,34,15,20,29,29,30,16,18,27,5,12,15,125,3,1,4,306,40,78,15,19,11,8,6,177,28,23,4,6,30,3,34,15,15,19,0,0,0,471,44
296,732,657,85,36,34,107,102,79,82,79,91,85,109,105,32,48,83,56,31,28,26,91,11,149,27,330,1,5,47,819,82,138,101,83,38,25,7,474,53,26,32,35,87,45,35,37,53,71,0,0,0,1389,153
297,935,963,127,69,56,163,128,135,107,104,121,127,116,149,47,51,82,61,54,40,34,127,11,265,166,654,5,8,62,727,111,138,119,104,82,29,18,601,55,55,34,31,82,23,77,57,79,108,0,0,2,1896,233
298,88,100,10,8,4,17,18,12,9,12,11,9,17,6,3,8,6,11,6,6,3,12,1,6,13,72,0,1,4,91,15,39,11,7,4,1,1,78,4,11,3,3,6,6,13,17,7,8,0,0,0,188,13
299,138,146,12,7,6,21,19,23,17,13,8,11,23,19,11,10,14,17,19,6,16,12,6,10,4,53,2,2,10,197,17,43,18,13,6,6,1,104,8,12,10,13,11,5,4,12,11,18,0,0,0,284,26
300,625,636,75,42,41,100,83,72,55,84,77,79,95,103,35,50,59,52,44,15,24,76,12,58,23,330,5,4,39,790,69,138,64,78,35,20,12,416,28,58,30,30,37,40,68,34,35,56,0,0,20,1241,145
301,20,25,2,0,1,3,2,4,1,2,2,2,6,3,3,2,2,2,1,2,0,5,1,8,0,11,0,0,0,25,3,6,3,0,3,1,0,16,3,3,0,1,3,1,1,1,2,1,0,0,0,45,4
302,33,28,5,2,1,5,1,3,7,3,5,5,4,6,1,2,1,1,0,2,0,7,0,9,6,17,0,0,1,28,4,3,4,3,3,2,0,19,1,2,2,4,1,1,3,2,1,2,0,0,0,61,8
303,6,3,0,0,0,1,0,0,0,0,1,1,2,0,0,1,0,0,0,0,3,0,0,3,0,0,0,0,0,6,0,0,0,0,0,0,0,0,0,0,0,0,0,0,0,0,0,0,0,0,9,0,0
304,199,196,23,14,7,32,38,28,24,19,17,24,21,25,16,11,20,21,12,12,4,27,38,28,3,67,2,0,2,255,29,57,20,12,6,12,5,141,25,15,5,6,24,2,23,12,10,19,0,0,0,395,35
305,303,300,33,12,22,58,47,48,26,27,33,43,46,30,14,24,35,27,19,9,13,37,3,39,11,168,0,2,16,364,33,76,32,39,16,9,4,209,21,19,14,23,20,23,14,25,19,31,0,0,0,603,68
306,0,0,0,0,0,0,0,0,0,0,0,0,0,0,0,0,0,0,0,0,0,0,0,0,0,0,0,0,0,0,0,0,0,0,0,0,0,0,0,0,0,0,0,0,0,0,0,0,0,0,0,0,0
307,208,165,22,10,6,31,36,27,28,21,16,22,34,20,7,11,13,13,11,8,12,25,2,21,12,107,2,1,16,212,23,42,23,27,11,3,2,131,17,11,10,15,24,15,6,14,8,11,0,0,0,373,43
308,123,118,17,3,5,19,23,11,9,5,12,15,10,11,11,14,21,23,9,5,7,11,10,12,2,35,0,3,18,161,19,46,12,8,3,5,2,95,23,7,4,4,13,1,23,6,6,8,0,0,0,241,18
309,250,279,28,14,12,46,50,39,27,23,27,41,37,37,10,21,32,21,15,9,10,30,6,56,12,187,3,1,26,238,23,42,36,29,10,17,5,162,16,15,10,13,26,13,9,14,15,31,0,0,2,527,61
310,372,371,39,20,21,61,55,57,49,38,37,40,55,46,24,39,36,27,14,6,17,62,1,99,90,196,0,5,36,316,47,75,43,49,22,9,7,252,9,32,20,28,17,26,29,29,24,38,0,0,0,743,87
311,1356,1314,181,98,80,205,175,229,180,168,149,157,192,196,65,93,109,91,54,35,32,181,15,249,188,844,8,16,113,1237,136,233,204,153,83,49,16,874,48,104,50,48,91,39,157,91,93,153,0,0,5,2665,301
312,367,391,44,42,21,63,45,48,78,36,58,45,38,64,19,27,25,29,8,11,16,41,5,81,43,275,1,2,23,328,43,65,35,46,29,15,6,239,22,18,18,10,33,14,31,18,42,33,0,0,13,745,96
313,884,950,97,68,57,137,119,166,112,103,93,104,136,125,49,88,76,66,38,39,47,114,10,189,195,545,4,9,46,836,121,197,131,93,49,33,13,637,25,65,48,62,52,81,75,86,62,81,0,0,8,1826,188
314,56,66,5,5,1,6,15,16,11,4,3,5,5,6,2,10,6,4,5,1,5,7,0,0,2,34,0,0,3,83,12,19,5,6,5,0,1,48,5,3,1,0,9,0,18,4,2,6,0,0,0,122,12
315,118,141,10,5,7,26,17,19,15,13,12,17,19,5,11,11,13,17,5,8,9,20,3,2,12,85,0,2,2,153,11,34,19,16,8,1,1,90,5,11,2,4,11,5,17,14,8,13,0,0,3,256,26
316,0,0,0,0,0,0,0,0,0,0,0,0,0,0,0,0,0,0,0,0,0,0,0,0,0,0,0,0,0,0,0,0,0,0,0,0,0,0,0,0,0,0,0,0,0,0,0,0,0,0,0,0,0
317,419,437,41,18,14,51,80,48,41,29,37,44,57,47,23,43,60,70,50,28,29,46,3,84,1,130,2,1,25,610,82,142,47,35,17,12,5,340,30,42,30,34,33,28,22,26,31,64,0,0,11,845,69
318,6,4,0,0,1,2,0,0,0,0,0,1,1,0,1,2,1,1,0,0,0,0,0,1,0,4,0,0,0,5,0,1,0,2,0,0,0,3,0,1,0,1,0,0,1,0,0,0,0,0,0,10,2
319,24,26,7,2,1,7,9,3,0,3,3,1,3,4,0,0,2,3,0,0,2,0,0,0,0,0,0,0,5,45,0,5,1,2,3,1,1,13,0,4,0,1,0,3,0,2,2,1,0,0,0,50,7
320,403,422,39,38,23,66,68,75,55,41,43,49,69,50,27,32,42,29,23,13,9,34,6,41,38,212,4,6,19,499,39,90,51,58,26,11,3,278,24,49,9,24,12,45,17,39,29,30,0,0,0,825,98
321,308,292,52,20,21,49,43,35,46,25,33,53,31,41,12,17,17,25,11,16,14,39,2,70,51,213,1,2,13,248,26,56,35,32,22,13,5,189,8,18,14,16,26,11,25,16,28,27,0,0,0,600,72
322,1141,1183,139,90,68,181,158,148,151,130,160,156,160,158,66,88,124,76,59,32,33,147,9,209,47,639,4,14,113,1289,94,236,174,128,69,33,22,756,51,118,56,75,60,55,104,59,79,99,0,0,0,2324,252
323,571,533,40,32,21,81,78,57,73,60,50,53,86,70,36,44,74,67,43,32,32,75,5,126,8,220,1,6,30,708,71,161,54,52,38,17,6,399,33,47,41,31,50,28,35,33,38,63,0,0,0,1104,113
324,137,138,19,7,4,16,26,25,13,14,6,8,17,22,8,4,15,18,21,12,12,8,0,7,21,75,0,3,3,166,33,44,7,9,8,4,4,109,19,11,4,2,15,3,25,7,8,15,0,0,0,275,25
325,167,183,18,21,11,21,26,24,21,22,16,15,31,31,11,8,27,11,3,4,7,22,15,32,11,119,0,1,6,166,24,36,16,24,8,6,4,118,13,16,8,5,11,15,14,13,14,9,0,0,0,350,42
326,190,196,24,16,15,31,23,18,28,19,22,26,27,24,14,19,21,18,6,2,9,24,9,28,5,114,1,0,15,214,21,49,26,17,13,7,1,134,13,20,9,13,12,19,14,12,10,12,0,0,5,381,38
327,269,259,29,17,15,26,36,45,32,31,30,21,35,36,16,16,36,38,20,16,11,22,2,57,8,76,1,2,9,373,33,77,38,30,12,5,2,197,16,17,14,16,25,14,11,18,19,47,0,0,0,528,49
328,1105,1110,165,88,57,197,141,159,146,126,150,128,145,155,44,64,84,73,55,27,51,160,16,268,188,810,5,8,63,857,113,199,129,119,78,40,25,703,63,61,34,44,106,39,102,68,81,105,0,0,4,2211,262
329,217,208,20,15,10,40,16,28,21,14,19,21,25,53,20,16,26,25,9,12,11,24,14,12,20,121,1,0,5,252,33,56,19,15,18,5,5,151,9,25,5,7,14,7,28,13,18,25,0,0,0,425,43
330,519,549,74,36,22,85,72,57,67,62,54,66,87,73,35,53,51,48,27,20,21,58,8,77,40,225,2,3,37,676,37,128,69,78,30,8,6,356,23,54,28,36,16,53,26,44,25,51,0,0,8,1060,122
331,673,655,48,31,32,97,87,86,71,67,77,63,116,79,44,63,100,82,51,36,50,48,12,104,8,240,1,7,43,913,98,252,75,52,21,22,6,526,32,61,40,57,66,43,34,44,53,96,0,0,5,1323,101
332,146,128,13,6,10,22,11,13,16,16,13,12,32,17,6,19,17,10,8,6,10,17,1,23,0,30,0,1,13,206,13,32,15,8,11,4,5,88,8,8,7,5,7,12,11,9,3,18,0,0,1,273,28
333,727,679,73,56,30,101,107,127,101,69,80,92,104,84,43,50,59,47,34,27,28,94,4,197,156,362,6,5,59,617,120,174,95,70,32,20,11,522,22,57,39,44,43,67,66,65,61,58,0,0,0,1406,133
334,452,418,65,44,28,69,68,71,56,59,42,54,57,50,18,32,30,31,19,8,8,61,6,121,90,271,4,4,31,343,49,74,47,57,33,12,8,280,18,35,13,21,31,9,40,38,27,48,0,0,0,870,110
335,481,519,62,47,29,84,62,98,51,73,47,58,66,79,27,36,50,30,27,6,11,57,8,96,60,331,3,5,56,441,60,81,85,55,26,13,12,332,20,31,12,15,28,10,63,48,36,69,0,0,0,1000,106
336,3020,2846,378,206,146,442,409,466,395,317,342,308,350,434,131,192,285,228,171,129,152,385,30,488,255,2097,16,47,245,2688,457,649,343,278,196,90,55,2068,255,89,38,46,438,47,358,316,186,295,0,0,0,5866,619
337,12,7,1,0,0,1,1,3,1,0,1,1,1,0,2,0,2,1,1,1,0,2,0,1,0,6,0,0,0,12,2,3,1,2,0,0,0,8,3,2,0,0,2,0,1,0,0,0,0,0,0,19,2
338,0,0,0,0,0,0,0,0,0,0,0,0,0,0,0,0,0,0,0,0,0,0,0,0,0,0,0,0,0,0,0,0,0,0,0,0,0,0,0,0,0,0,0,0,0,0,0,0,0,0,0,0,0
339,517,501,77,40,23,87,73,79,78,56,69,53,63,78,21,29,35,18,27,17,22,73,7,163,108,346,4,2,23,365,61,96,60,59,35,17,9,337,31,26,21,26,44,21,36,35,42,55,0,0,0,1018,120
340,817,801,121,69,48,140,109,121,117,87,99,95,92,109,35,47,74,53,34,20,42,106,10,239,109,614,2,6,42,596,85,130,82,104,66,26,15,508,58,39,30,33,73,27,63,40,68,77,0,0,0,1618,211
341,767,711,92,55,40,91,102,120,97,92,90,89,108,101,33,52,81,52,38,23,33,89,8,191,171,350,5,8,48,697,94,180,111,70,51,15,8,529,12,50,42,52,50,66,46,84,47,80,0,0,0,1478,144
342,131,126,10,15,9,15,18,19,19,13,17,18,19,13,13,9,11,13,7,2,7,10,1,10,2,91,0,2,9,142,18,31,17,14,6,1,3,90,5,10,9,9,8,6,10,11,5,17,0,0,10,247,24
343,439,442,45,26,26,66,52,74,62,57,50,56,65,62,24,24,46,43,17,21,18,47,2,109,123,178,0,4,26,439,70,93,57,50,30,13,3,316,9,35,25,24,36,31,35,43,25,53,0,0,0,881,96
344,209,212,20,16,9,37,20,29,24,16,32,30,25,26,12,24,30,21,10,8,10,22,1,46,11,95,2,3,22,241,15,53,26,24,10,5,2,135,8,23,10,11,11,14,15,10,15,18,0,0,30,391,41
345,52,59,5,2,7,9,10,3,9,8,2,9,4,10,1,3,7,7,2,1,2,10,1,6,7,43,0,0,2,52,7,11,5,10,3,2,0,38,5,4,0,1,3,3,6,9,3,4,0,0,0,111,15
346,164,127,17,7,6,26,12,17,20,17,15,17,31,17,13,8,18,15,11,6,5,13,0,22,1,46,1,2,9,210,16,40,17,25,6,1,1,106,17,5,7,10,19,8,8,13,8,11,0,0,0,291,33
347,3,4,0,0,0,0,0,1,0,0,0,1,0,3,0,0,0,1,1,0,0,0,0,0,0,0,0,0,0,7,1,1,0,1,0,0,0,3,0,0,0,0,1,1,0,1,0,0,0,0,0,7,1
348,174,166,8,6,8,21,31,18,22,15,19,18,32,13,12,11,20,20,10,12,20,24,2,16,26,93,0,4,4,195,33,59,28,7,8,3,2,140,11,11,6,11,12,12,21,22,20,14,0,0,3,337,20
349,311,259,39,16,16,46,37,35,42,29,41,34,44,32,17,24,29,25,13,9,17,25,5,104,76,84,1,2,19,279,29,70,40,28,18,9,2,196,12,24,15,26,14,29,18,20,17,21,0,0,9,561,57
350,820,772,87,60,48,140,131,81,99,91,88,96,120,99,43,69,75,70,30,28,30,107,8,90,71,442,6,9,41,925,69,184,119,82,51,22,9,536,43,83,48,41,26,66,47,46,51,85,0,0,10,1582,164
351,0,0,0,0,0,0,0,0,0,0,0,0,0,0,0,0,0,0,0,0,0,0,0,0,0,0,0,0,0,0,0,0,0,0,0,0,0,0,0,0,0,0,0,0,0,0,0,0,0,0,0,0,0
352,434,453,59,38,29,63,61,65,46,53,46,53,69,62,26,30,43,37,20,17,17,53,5,77,29,188,2,4,21,561,39,77,59,39,33,23,6,276,22,26,20,30,16,17,61,26,18,40,0,0,10,877,101
353,109,98,11,6,10,19,6,12,11,4,14,14,18,17,7,4,16,10,9,7,5,7,0,18,2,50,0,1,8,128,6,25,10,15,5,6,0,67,5,8,7,4,4,7,7,8,9,8,0,0,0,207,26
354,107,124,9,9,5,22,18,24,12,14,13,14,18,11,4,6,14,8,7,3,4,16,3,8,2,52,0,1,1,164,17,27,17,12,7,3,1,84,9,8,2,6,8,3,20,8,7,13,0,0,0,231,23
355,5,5,0,1,0,1,0,0,0,1,0,0,1,5,1,0,0,0,0,0,0,0,0,5,0,0,0,0,3,2,0,1,0,0,0,0,1,2,0,0,0,0,0,0,0,0,1,1,0,0,0,10,1
356,1,1,0,0,0,0,1,0,0,1,0,0,0,0,0,0,0,0,0,0,0,0,0,0,0,2,0,0,0,0,0,1,0,0,0,0,0,1,0,1,0,0,0,0,0,0,0,0,0,0,0,2,0
357,64,50,6,4,5,7,15,6,12,2,4,5,5,5,5,3,4,4,6,1,1,14,1,8,0,44,1,2,3,55,6,14,5,2,4,2,3,36,5,4,5,3,3,4,2,4,2,4,0,0,0,114,11
358,53,57,4,4,3,4,11,7,7,10,13,7,6,9,2,3,7,1,2,4,3,3,7,8,3,49,1,1,4,37,4,18,10,4,2,1,1,40,5,9,0,6,2,5,2,3,2,6,0,0,0,110,8
359,540,546,85,40,35,91,70,78,57,55,65,65,77,71,33,57,54,51,15,17,27,43,2,102,34,287,5,6,34,616,48,104,75,65,35,19,6,352,26,76,22,30,15,44,35,39,22,43,0,0,7,1079,125
360,221,181,29,18,14,33,27,25,27,16,26,18,30,32,8,12,14,17,10,4,21,21,3,24,25,188,0,0,1,161,23,24,27,16,17,11,3,121,10,11,15,7,14,9,11,18,8,18,0,0,10,392,47
361,0,0,0,0,0,0,0,0,0,0,0,0,0,0,0,0,0,0,0,0,0,0,0,0,0,0,0,0,0,0,0,0,0,0,0,0,0,0,0,0,0,0,0,0,0,0,0,0,0,0,0,0,0
362,16,17,1,3,1,6,3,2,2,0,1,2,1,3,1,2,1,1,0,2,0,1,0,5,1,12,0,0,1,14,0,4,3,1,0,2,0,10,0,2,0,0,0,2,2,1,1,2,0,0,0,33,3
363,107,114,9,7,4,17,12,16,15,9,14,17,19,7,8,6,18,14,10,5,6,8,0,2,6,50,0,0,4,159,26,41,10,10,7,0,1,95,28,7,6,3,15,5,13,8,6,4,0,0,0,221,18
364,637,605,97,59,43,83,86,74,82,61,69,81,99,74,37,47,66,45,29,11,19,80,7,53,44,331,3,13,36,755,42,145,88,73,38,20,5,411,30,70,33,37,16,64,32,40,29,60,0,0,0,1242,136
365,853,772,81,52,49,136,101,124,137,99,117,90,103,134,40,35,67,49,31,38,28,114,12,127,89,463,2,11,43,878,117,131,135,108,40,23,9,563,33,76,49,53,31,37,57,110,47,70,0,0,0,1625,180
366,0,1,0,0,0,0,0,0,0,0,0,1,0,0,0,0,0,0,0,0,0,0,0,0,0,1,0,0,0,0,1,0,0,0,0,0,0,1,0,0,0,0,0,0,1,0,0,0,0,0,0,1,0
367,945,963,166,63,68,178,182,140,128,104,103,94,102,161,47,40,64,40,22,16,34,156,15,135,24,915,3,11,65,740,83,117,99,98,69,59,24,549,66,42,30,53,82,49,39,55,59,74,0,0,0,1908,250
368,736,667,82,48,42,107,81,94,116,90,94,91,95,93,50,43,58,53,39,17,20,90,15,119,78,338,2,5,71,775,84,156,115,73,36,21,8,493,40,63,42,35,31,28,59,77,55,63,0,0,0,1403,138
369,1438,1420,186,115,76,228,206,220,223,184,200,190,174,205,59,84,100,90,50,33,35,200,18,309,249,815,9,10,98,1350,144,301,198,174,85,42,18,962,62,116,85,90,66,47,110,159,101,126,0,0,0,2858,319
370,16,14,1,1,1,2,0,2,4,2,4,3,2,2,1,1,1,2,0,1,0,0,0,0,0,11,0,1,0,18,0,8,3,0,1,0,0,12,1,1,0,3,1,3,0,3,0,0,0,0,0,30,1
371,83,75,7,4,3,17,9,21,6,4,13,9,7,15,4,4,5,8,5,3,1,13,7,17,0,40,0,3,5,86,4,22,4,9,7,3,1,50,5,4,2,7,4,8,4,8,3,5,0,0,0,158,20
372,488,489,74,45,36,90,64,72,51,52,58,54,58,86,20,27,35,39,32,11,14,59,2,57,61,506,2,4,26,319,67,81,61,46,28,25,11,319,44,13,15,20,52,8,51,39,31,46,0,0,0,977,110
373,570,562,65,38,36,75,95,100,90,57,74,48,68,77,30,37,58,38,26,17,24,79,4,113,65,322,4,3,35,586,83,125,72,63,34,19,6,402,48,24,4,10,87,9,67,63,43,47,0,0,0,1132,122
374,588,594,85,43,37,81,87,90,79,77,61,72,68,105,18,37,46,27,31,21,28,89,6,114,67,622,2,4,16,351,76,89,55,74,36,34,10,374,58,17,22,15,62,14,52,56,35,43,0,0,0,1182,154
375,223,219,33,16,7,38,34,35,23,19,27,29,23,29,5,14,24,13,8,9,23,33,1,28,38,215,0,2,14,144,29,30,22,24,15,11,4,135,19,6,5,9,30,4,15,14,16,17,0,0,17,425,54
376,211,184,25,15,13,39,21,19,29,21,18,20,27,38,10,3,18,20,13,7,7,32,1,32,26,188,0,1,4,143,32,25,26,17,16,13,1,130,27,7,8,6,15,5,19,16,9,18,0,0,0,395,47
377,1056,923,112,66,44,134,165,141,110,102,88,87,99,116,32,64,117,102,104,79,113,104,12,58,127,521,4,9,57,1191,280,289,82,93,40,25,19,828,84,34,24,34,205,14,147,138,79,69,0,0,0,1979,177
378,0,0,0,0,0,0,0,0,0,0,0,0,0,0,0,0,0,0,0,0,0,0,0,0,0,0,0,0,0,0,0,0,0,0,0,0,0,0,0,0,0,0,0,0,0,0,0,0,0,0,0,0,0
379,18,15,3,3,2,0,6,2,0,2,1,1,0,1,0,0,0,1,2,1,2,6,0,4,1,7,0,0,0,21,1,1,2,4,0,0,1,9,1,1,3,1,1,1,1,0,0,0,0,0,0,33,5
380,206,217,27,11,24,37,36,30,35,18,19,26,18,50,9,10,16,5,8,2,5,37,0,38,32,197,1,3,18,134,22,30,18,16,20,11,7,124,8,8,10,5,22,10,11,25,8,17,0,0,0,423,54
381,473,429,55,33,27,75,54,63,53,52,54,59,68,59,25,29,54,37,22,11,12,60,3,35,25,217,3,6,29,584,38,96,57,56,32,12,6,297,23,53,25,22,14,40,18,33,23,46,0,0,0,902,106
382,628,555,68,39,35,103,69,81,81,59,69,71,85,96,41,43,45,45,31,18,19,85,4,152,128,309,2,5,53,530,58,121,74,61,39,24,10,387,15,53,26,40,26,48,47,57,39,36,0,0,0,1183,134
383,149,183,34,20,10,30,24,20,16,19,6,17,28,19,3,8,19,20,17,7,3,12,3,3,20,72,1,2,8,223,27,42,11,10,14,6,5,115,26,7,2,4,15,4,25,8,9,15,0,0,0,332,35
384,405,401,57,36,22,78,61,57,56,26,40,39,46,75,20,23,51,26,15,10,15,53,2,40,65,328,3,3,11,354,27,67,38,46,27,17,13,235,19,21,13,16,28,15,32,33,26,32,0,0,0,806,103
385,50,47,11,8,0,6,6,8,10,7,6,3,7,5,3,3,2,5,3,1,0,3,0,0,0,41,0,0,3,53,4,16,8,3,2,0,2,35,4,1,4,3,3,2,4,1,8,5,0,0,0,97,7
386,401,384,61,37,38,65,53,63,46,50,39,46,52,70,14,21,25,18,13,4,17,53,1,21,63,412,2,1,16,269,33,46,43,43,30,24,7,226,15,23,17,18,29,13,29,41,19,22,0,0,12,773,104
387,24,21,2,5,0,4,3,3,2,1,2,4,1,2,2,1,1,2,2,1,1,6,0,5,1,15,0,0,1,23,3,3,4,3,0,2,0,15,0,2,3,0,2,1,0,3,1,3,0,0,0,45,5
388,0,0,0,0,0,0,0,0,0,0,0,0,0,0,0,0,0,0,0,0,0,0,0,0,0,0,0,0,0,0,0,0,0,0,0,0,0,0,0,0,0,0,0,0,0,0,0,0,0,0,0,0,0
389,130,154,13,6,6,36,17,19,13,19,12,24,18,17,7,11,17,12,12,7,7,11,0,14,29,105,0,0,5,131,22,39,12,11,13,4,2,103,7,10,11,8,6,6,11,25,7,12,0,0,0,284,30
390,1811,1753,255,134,118,297,255,225,228,214,159,195,186,292,65,73,138,109,99,99,178,245,14,194,205,1896,6,15,71,1163,236,253,171,158,137,85,33,1073,162,62,43,60,195,31,147,151,84,138,0,0,206,3358,413
391,112,100,20,9,4,14,23,14,13,9,9,9,11,10,7,12,8,5,1,5,3,26,10,17,0,88,1,0,10,86,3,18,9,11,6,5,5,57,6,9,5,4,3,8,9,4,3,6,0,0,0,212,27
392,367,361,43,34,20,50,44,45,50,43,47,48,64,54,17,28,35,20,22,9,23,32,3,39,41,276,0,3,16,350,23,76,55,36,24,8,8,230,30,30,11,7,23,2,23,36,34,34,0,0,9,719,76
393,229,230,23,17,12,39,41,28,31,20,21,30,33,30,11,21,24,19,12,11,5,31,23,20,12,153,0,1,14,236,19,51,27,26,13,13,1,150,16,23,10,10,15,23,9,18,9,17,0,0,2,457,53
394,495,505,49,27,18,71,59,74,50,48,60,54,67,66,31,46,69,57,42,28,29,55,4,86,3,192,6,5,26,678,59,154,67,39,20,16,9,364,34,47,27,31,39,35,20,26,51,54,0,0,10,990,84
395,1016,946,111,65,43,135,147,155,145,125,106,96,111,125,51,68,128,92,63,31,35,130,8,155,159,648,4,15,58,915,168,227,136,110,51,26,9,727,76,64,43,47,118,36,130,55,66,92,0,0,7,1955,196
396,1286,1212,174,76,63,180,184,208,145,120,158,137,151,186,56,95,145,98,64,49,55,154,30,201,164,845,4,22,90,1142,180,289,164,138,70,40,13,894,91,79,44,56,151,41,166,77,74,115,0,0,0,2498,261
397,738,731,88,46,32,136,110,140,89,81,83,84,104,121,29,41,61,33,36,25,30,100,20,140,73,413,4,11,62,746,83,136,114,74,46,26,11,490,44,62,44,48,32,30,42,71,56,61,0,0,0,1469,157
398,81,82,7,5,5,11,19,12,7,5,8,15,12,9,0,6,10,9,6,8,4,5,3,13,0,32,0,1,2,112,12,25,11,13,2,1,0,64,7,9,5,6,5,5,10,7,3,7,0,0,0,163,16
399,189,200,31,13,11,32,14,23,27,25,24,18,30,33,11,13,24,18,7,1,8,26,1,50,8,80,2,0,17,231,11,34,24,32,15,3,2,121,10,12,13,9,14,9,17,11,12,14,0,0,0,389,52
400,337,335,25,10,18,62,52,49,46,37,40,35,53,39,23,25,33,24,22,13,16,50,10,57,57,222,1,2,25,298,66,84,44,35,20,7,3,259,27,25,18,16,48,12,36,24,19,34,0,0,0,672,65
401,374,375,54,36,32,48,58,52,41,51,43,45,36,67,21,30,26,27,13,14,11,44,2,34,43,370,2,4,6,288,24,51,46,45,30,16,5,217,12,16,8,14,26,16,34,45,17,29,0,0,17,732,96
402,5,10,0,0,0,0,2,2,1,2,1,1,0,0,1,1,1,1,2,0,0,0,0,0,0,9,0,0,0,6,1,5,0,1,0,0,0,7,3,1,1,0,1,0,0,1,0,0,0,0,0,15,1
403,0,0,0,0,0,0,0,0,0,0,0,0,0,0,0,0,0,0,0,0,0,0,0,0,0,0,0,0,0,0,0,0,0,0,0,0,0,0,0,0,0,0,0,0,0,0,0,0,0,0,0,0,0
404,16,24,5,0,0,3,1,3,6,3,2,0,1,1,0,0,3,1,3,4,2,2,0,0,0,10,0,0,1,29,4,6,3,1,1,1,0,16,6,1,1,0,0,1,2,2,2,1,0,0,0,40,3
405,504,487,60,23,27,69,70,79,64,49,63,65,67,55,31,42,62,37,28,18,19,63,9,74,66,287,0,4,33,518,73,117,73,57,24,9,8,361,32,33,20,23,68,21,65,38,21,40,0,0,0,991,98
406,603,591,103,59,46,113,100,86,62,36,76,59,64,110,25,28,37,40,16,16,15,103,18,110,18,499,3,7,48,491,35,59,56,81,47,37,11,326,35,29,25,24,57,34,15,27,31,49,0,0,0,1194,176
407,536,536,80,40,32,92,74,95,69,60,52,62,67,70,32,30,47,45,22,15,21,67,6,35,72,486,8,3,10,452,49,93,58,67,31,21,14,333,23,39,12,23,43,19,53,62,27,32,0,0,0,1072,133
408,1113,1074,177,98,72,186,144,163,143,111,117,114,137,153,53,70,106,55,51,26,48,163,7,106,144,933,5,8,34,950,106,162,122,121,85,58,16,670,45,77,42,41,86,39,79,120,54,87,0,0,0,2187,280
409,61,46,8,3,3,3,8,10,6,5,3,9,14,7,1,5,5,4,5,2,5,1,4,11,0,38,0,2,2,50,8,12,7,8,1,0,2,38,4,6,1,4,3,4,4,4,4,4,0,0,0,107,11
410,0,0,0,0,0,0,0,0,0,0,0,0,0,0,0,0,0,0,0,0,0,0,0,0,0,0,0,0,0,0,0,0,0,0,0,0,0,0,0,0,0,0,0,0,0,0,0,0,0,0,0,0,0
411,325,325,44,30,17,50,47,39,42,40,48,49,49,48,23,20,25,22,11,10,7,29,10,76,41,185,1,4,23,310,48,79,53,26,18,10,4,238,17,31,23,22,15,12,33,28,25,32,0,0,0,650,58
412,0,0,0,0,0,0,0,0,0,0,0,0,0,0,0,0,0,0,0,0,0,0,0,0,0,0,0,0,0,0,0,0,0,0,0,0,0,0,0,0,0,0,0,0,0,0,0,0,0,0,0,0,0
413,671,649,98,48,30,112,87,91,86,62,82,90,82,88,32,46,70,58,22,23,24,89,9,204,37,310,2,6,40,712,53,129,90,78,49,17,10,426,34,55,46,36,33,34,54,30,24,80,0,0,0,1320,154
414,416,417,67,29,27,57,52,69,61,40,46,58,50,57,25,32,36,23,11,11,17,65,13,113,39,223,1,2,28,414,43,90,44,57,29,12,4,279,21,44,31,24,15,14,26,34,32,38,0,0,1,832,102
415,141,104,10,2,4,17,13,8,8,10,4,6,12,5,1,6,12,10,29,28,53,7,1,5,11,82,2,2,7,135,1,6,3,7,5,1,0,23,2,2,0,2,4,0,3,5,3,2,0,0,164,81,13
416,18,15,0,1,0,1,4,4,3,4,1,3,2,1,1,1,0,2,1,1,0,3,0,2,0,3,0,0,1,27,1,9,3,0,1,0,0,14,1,7,1,0,0,0,0,3,1,1,0,0,0,33,1
417,403,385,67,49,34,82,54,48,46,41,44,51,41,77,20,20,26,21,9,4,10,44,10,46,5,564,0,2,21,140,10,37,44,38,24,42,6,201,3,24,13,5,18,3,42,31,27,35,0,0,0,788,110
418,420,373,75,34,26,86,52,69,55,31,40,38,39,84,12,18,28,17,10,7,9,63,6,87,23,472,0,0,14,191,23,42,32,44,34,29,9,213,14,21,16,14,32,7,27,31,17,34,0,0,0,793,116
419,336,352,48,31,24,80,51,38,37,36,37,29,46,74,15,24,23,19,14,14,9,39,4,55,9,458,2,3,11,146,14,28,34,34,30,32,5,177,6,29,8,10,10,2,39,23,20,30,0,0,0,688,101
420,1,5,2,0,0,1,0,0,0,0,0,0,0,0,0,0,0,0,0,0,0,3,0,0,0,5,0,0,1,0,0,0,0,0,0,1,0,1,0,0,0,0,0,0,1,0,0,0,0,0,0,6,1
421,1538,1319,181,80,64,205,212,228,148,133,158,125,153,146,50,89,153,150,139,112,124,207,22,92,173,880,4,16,74,1596,361,395,133,113,71,41,31,1145,116,25,29,31,299,24,212,172,117,120,0,0,0,2857,256
422,105,83,7,3,7,30,18,15,12,12,8,9,11,10,4,5,5,4,1,3,9,15,2,9,27,47,0,1,8,94,8,26,13,11,3,5,0,66,4,11,4,6,4,4,8,8,8,9,0,0,0,188,19
423,668,643,98,43,51,140,161,87,83,54,55,53,59,121,24,26,51,30,27,12,20,116,6,143,60,729,7,5,32,329,26,58,76,62,65,38,17,342,28,32,33,29,32,18,37,27,45,61,0,0,0,1311,182
424,0,1,0,0,0,0,0,0,0,0,0,0,1,0,0,0,0,0,0,0,0,0,0,0,0,0,0,0,0,1,0,0,0,0,0,0,0,0,0,0,0,0,0,0,0,0,0,0,0,0,1,0,0
425,509,438,49,31,18,62,58,65,72,50,51,65,48,82,25,35,59,54,30,12,20,61,10,74,64,307,0,6,42,444,87,105,68,48,29,14,3,354,35,27,27,26,67,19,42,28,27,56,0,0,1,946,94
426,154,151,28,6,15,21,26,17,17,24,23,10,21,28,3,11,8,12,8,2,10,15,4,8,2,200,0,2,5,84,7,26,11,16,16,6,4,86,3,8,9,7,5,0,17,5,14,18,0,0,0,305,42
427,0,0,0,0,0,0,0,0,0,0,0,0,0,0,0,0,0,0,0,0,0,0,0,0,0,0,0,0,0,0,0,0,0,0,0,0,0,0,0,0,0,0,0,0,0,0,0,0,0,0,0,0,0
428,175,287,31,17,8,35,39,50,40,26,37,37,33,25,7,14,18,5,9,3,6,22,2,49,28,235,0,4,5,139,16,20,12,10,8,5,6,77,15,4,1,4,21,2,14,5,5,6,0,0,209,253,29
429,42,32,3,2,1,11,11,8,2,4,1,4,6,3,2,5,1,3,2,0,0,5,3,4,8,22,0,0,5,32,2,9,6,6,0,2,0,25,2,3,3,5,1,0,1,5,0,5,0,0,0,74,8
430,0,0,0,0,0,0,0,0,0,0,0,0,0,0,0,0,0,0,0,0,0,0,0,0,0,0,0,0,0,0,0,0,0,0,0,0,0,0,0,0,0,0,0,0,0,0,0,0,0,0,0,0,0
431,262,240,34,31,18,30,53,38,25,31,23,18,22,39,12,21,27,11,12,13,21,23,15,7,10,198,1,2,18,251,28,66,21,17,16,11,8,167,12,17,19,14,14,8,26,19,12,26,0,0,0,502,52
432,645,673,129,86,49,122,97,72,83,69,67,68,75,124,21,35,46,45,23,17,8,82,10,51,24,916,2,8,30,277,16,75,63,69,53,44,17,337,20,45,21,19,20,6,50,58,42,56,0,0,11,1307,183
433,788,770,144,63,73,129,99,93,120,97,100,86,72,134,33,35,54,38,29,18,36,105,3,123,41,1005,2,3,34,347,42,90,85,78,59,48,21,423,25,36,37,31,60,7,63,76,36,52,0,0,11,1547,206
434,0,0,0,0,0,0,0,0,0,0,0,0,0,0,0,0,0,0,0,0,0,0,0,0,0,0,0,0,0,0,0,0,0,0,0,0,0,0,0,0,0,0,0,0,0,0,0,0,0,0,0,0,0
435,365,365,38,30,24,63,62,50,41,51,35,54,43,56,18,23,29,23,18,7,16,49,5,35,35,332,2,3,23,295,29,70,40,26,31,15,11,222,17,29,11,9,24,7,26,27,36,36,0,0,0,730,83
436,472,513,81,57,41,79,91,60,73,56,56,51,58,82,9,15,34,11,15,17,21,78,3,99,21,601,1,6,24,230,35,43,53,47,40,35,13,266,16,25,13,14,33,6,41,52,28,38,0,0,0,985,135
437,0,0,0,0,0,0,0,0,0,0,0,0,0,0,0,0,0,0,0,0,0,0,0,0,0,0,0,0,0,0,0,0,0,0,0,0,0,0,0,0,0,0,0,0,0,0,0,0,0,0,0,0,0
438,271,284,53,33,18,52,47,42,27,40,27,20,27,54,8,18,15,19,5,2,5,43,0,51,19,341,0,4,11,129,12,26,36,26,20,27,2,149,9,18,14,12,18,2,24,24,12,16,0,0,0,555,75
439,186,166,10,11,17,34,19,23,23,21,23,20,20,37,11,8,21,13,7,4,5,25,1,14,21,140,0,3,9,164,16,30,25,18,10,9,3,111,7,7,4,6,12,10,22,19,12,12,0,0,0,352,40
440,188,157,41,20,3,32,24,17,18,18,25,15,27,31,4,18,9,5,1,2,3,32,1,39,18,227,2,1,2,55,10,16,13,12,17,15,5,88,4,7,7,10,10,3,15,17,10,5,0,0,0,345,49
441,0,0,0,0,0,0,0,0,0,0,0,0,0,0,0,0,0,0,0,0,0,0,0,0,0,0,0,0,0,0,0,0,0,0,0,0,0,0,0,0,0,0,0,0,0,0,0,0,0,0,0,0,0
442,0,0,0,0,0,0,0,0,0,0,0,0,0,0,0,0,0,0,0,0,0,0,0,0,0,0,0,0,0,0,0,0,0,0,0,0,0,0,0,0,0,0,0,0,0,0,0,0,0,0,0,0,0
443,0,0,0,0,0,0,0,0,0,0,0,0,0,0,0,0,0,0,0,0,0,0,0,0,0,0,0,0,0,0,0,0,0,0,0,0,0,0,0,0,0,0,0,0,0,0,0,0,0,0,0,0,0
444,501,529,60,45,26,59,73,92,72,71,60,54,65,71,24,35,53,43,19,14,31,63,5,82,73,383,2,4,38,443,87,126,66,50,29,10,11,379,34,24,23,31,61,21,70,37,23,55,0,0,0,1030,100
445,102,125,13,11,3,11,24,14,19,14,16,13,13,30,7,3,12,8,2,0,3,11,1,11,19,118,0,2,5,71,14,16,8,16,8,3,3,68,15,1,1,1,20,0,12,7,4,7,0,0,8,219,30
446,394,390,62,34,22,72,53,53,61,45,39,44,44,67,15,22,39,23,15,13,13,48,1,76,62,442,0,4,15,184,49,64,45,40,36,10,8,252,40,13,5,5,69,8,41,26,20,25,0,0,5,779,94
447,145,143,13,13,6,22,16,20,30,7,16,17,29,24,7,15,9,10,7,2,6,19,2,5,6,127,1,1,6,140,13,32,11,23,9,4,2,94,4,9,4,6,12,7,14,15,12,11,0,0,0,288,38
448,435,460,50,41,24,72,75,66,44,52,61,61,46,52,20,30,47,49,25,14,17,49,32,68,5,259,2,3,34,492,40,97,54,45,31,19,6,292,40,40,16,19,31,31,23,27,28,37,0,0,0,895,101
449,434,474,64,28,25,62,61,81,65,67,79,56,64,58,24,26,36,26,17,7,7,55,5,85,32,241,7,7,32,499,60,101,56,56,24,13,7,317,18,51,21,21,22,28,35,55,24,42,0,0,0,908,100
450,306,319,43,21,16,53,34,36,35,42,31,39,40,43,15,25,32,31,14,12,12,51,2,18,23,266,2,1,17,296,40,51,39,36,20,12,6,204,14,20,13,14,21,9,26,31,27,29,0,0,0,625,74
451,59,79,3,7,2,11,12,6,9,2,10,5,12,12,5,6,10,5,2,4,4,11,3,5,10,29,0,1,6,84,6,19,4,7,4,2,3,45,2,4,5,4,4,8,6,5,3,4,0,0,0,138,16
452,194,178,25,6,15,34,23,21,19,24,18,22,23,28,10,11,17,19,10,10,4,33,0,18,25,152,2,1,12,162,13,24,25,24,11,10,3,110,8,21,5,4,8,1,13,20,13,17,0,0,0,372,48
453,211,192,31,15,14,30,21,36,29,23,22,16,17,40,13,11,10,11,6,12,6,40,1,65,21,232,2,2,3,77,23,21,16,26,11,12,7,116,29,4,0,5,28,1,17,11,6,15,0,0,0,403,56
454,129,137,7,10,3,13,15,26,16,15,12,11,15,8,5,6,26,30,12,8,11,17,1,9,4,28,0,1,2,221,24,44,20,15,5,0,1,109,4,20,9,6,16,13,6,13,10,12,0,0,0,266,21
455,822,722,88,59,51,149,108,112,87,85,93,96,92,128,36,49,68,39,41,27,26,110,6,197,71,769,0,5,42,454,78,99,92,99,67,30,9,474,29,56,29,39,34,24,61,53,78,71,0,0,6,1538,205
456,206,253,37,17,20,53,44,33,29,20,27,21,21,36,10,10,21,10,7,3,9,31,0,34,10,312,1,3,15,84,12,29,22,24,18,19,3,127,6,18,8,9,17,0,22,23,9,15,0,0,0,459,64
457,346,389,56,36,21,59,61,36,55,52,43,42,33,68,14,20,31,23,15,11,15,44,3,36,24,311,0,1,25,335,35,72,44,34,24,12,12,233,25,32,12,11,31,7,23,29,24,39,0,0,0,735,82
458,0,0,0,0,0,0,0,0,0,0,0,0,0,0,0,0,0,0,0,0,0,0,0,0,0,0,0,0,0,0,0,0,0,0,0,0,0,0,0,0,0,0,0,0,0,0,0,0,0,0,0,0,0
459,113,111,14,6,4,29,14,19,17,11,17,11,13,12,2,13,5,7,5,4,3,18,4,35,28,39,1,0,12,105,13,21,18,12,7,4,1,76,9,6,8,7,5,5,12,7,7,10,0,0,0,224,24
460,467,464,65,34,36,59,60,68,57,43,59,51,73,70,36,27,46,24,22,18,22,61,3,31,30,379,2,8,20,458,53,81,60,59,36,13,4,306,21,20,20,25,34,17,47,51,28,43,0,0,6,925,112
461,693,769,125,91,62,121,119,115,114,80,72,82,63,149,20,34,35,26,19,13,20,102,4,76,37,1137,4,3,25,176,20,43,66,79,67,50,25,350,39,11,7,6,78,4,66,46,48,45,0,0,0,1462,221
462,59,61,2,4,6,6,9,9,10,5,9,9,6,5,1,2,12,7,3,1,5,9,1,2,2,54,0,0,6,55,6,13,9,6,2,3,1,40,3,3,2,6,5,1,8,5,3,4,0,0,0,120,12
463,0,0,0,0,0,0,0,0,0,0,0,0,0,0,0,0,0,0,0,0,0,0,0,0,0,0,0,0,0,0,0,0,0,0,0,0,0,0,0,0,0,0,0,0,0,0,0,0,0,0,0,0,0
464,0,0,0,0,0,0,0,0,0,0,0,0,0,0,0,0,0,0,0,0,0,0,0,0,0,0,0,0,0,0,0,0,0,0,0,0,0,0,0,0,0,0,0,0,0,0,0,0,0,0,0,0,0
465,715,728,144,73,52,127,112,110,100,84,74,66,51,146,36,28,41,38,18,13,26,104,4,31,14,1165,0,5,23,201,31,68,74,60,51,56,27,367,37,14,6,8,83,5,86,65,20,43,0,0,0,1443,194
466,304,257,41,24,8,32,36,53,41,32,36,34,32,42,9,16,29,18,16,9,12,41,1,37,16,244,4,4,22,233,37,58,42,23,11,17,4,192,18,18,11,9,18,4,41,25,11,37,0,0,0,561,55
467,225,221,41,25,14,36,36,44,33,20,20,18,16,40,12,10,9,9,12,4,0,47,1,40,16,295,0,2,9,83,0,14,24,23,18,11,11,101,11,2,2,6,17,4,16,12,17,14,0,0,9,437,63
468,535,562,113,66,30,73,68,66,79,62,77,69,51,95,10,28,41,29,20,19,31,70,10,39,40,820,2,5,23,158,8,38,46,66,51,27,22,258,32,10,6,8,57,1,41,46,26,31,0,0,18,1079,166
469,0,0,0,0,0,0,0,0,0,0,0,0,0,0,0,0,0,0,0,0,0,0,0,0,0,0,0,0,0,0,0,0,0,0,0,0,0,0,0,0,0,0,0,0,0,0,0,0,0,0,0,0,0
470,66,84,12,5,2,13,15,5,12,12,12,9,10,8,4,5,3,4,4,1,0,14,0,9,7,75,0,1,6,52,4,5,8,9,3,1,2,32,3,3,1,4,4,1,3,8,2,3,0,0,38,112,15
471,351,350,48,25,24,50,43,51,33,31,38,38,53,59,16,25,44,31,20,15,15,42,9,100,63,209,2,4,27,287,21,54,40,49,26,9,8,207,16,26,11,14,15,14,18,28,35,30,0,0,6,695,92
472,158,131,14,16,7,13,21,23,15,23,17,10,22,16,8,15,20,13,13,5,5,13,2,8,7,58,0,0,11,203,11,34,14,19,3,6,2,89,4,6,9,8,9,11,7,10,18,7,0,0,25,264,30
473,43,54,5,4,2,9,4,7,7,7,3,6,4,9,2,3,4,4,3,2,3,9,0,9,2,32,3,0,1,50,4,10,3,5,2,3,2,29,2,4,4,1,3,2,1,4,6,2,0,0,0,97,12
474,457,437,65,38,33,62,69,72,79,51,46,52,63,55,19,24,39,32,9,9,21,56,8,41,43,393,0,14,49,346,67,87,56,45,26,18,8,307,30,23,11,13,55,9,70,27,30,39,0,0,0,894,97
475,0,0,0,0,0,0,0,0,0,0,0,0,0,0,0,0,0,0,0,0,0,0,0,0,0,0,0,0,0,0,0,0,0,0,0,0,0,0,0,0,0,0,0,0,0,0,0,0,0,0,0,0,0
476,465,405,39,29,22,81,55,47,63,46,47,54,66,61,25,43,48,37,24,15,23,45,5,62,17,232,1,7,20,526,25,86,54,40,37,18,6,266,13,34,24,23,20,23,33,32,19,45,0,0,8,862,101
477,2,4,0,2,2,0,0,0,0,0,0,0,1,0,0,1,0,0,0,0,0,0,0,0,0,0,0,0,0,6,1,0,0,0,1,0,0,2,0,0,1,0,0,0,0,1,0,0,0,0,0,6,1
478,286,262,22,15,15,46,42,26,32,22,28,41,40,31,17,28,40,28,15,13,10,37,2,95,6,134,1,4,21,285,35,69,42,25,12,6,4,193,12,17,15,21,11,19,21,16,28,33,0,0,21,527,47
479,435,391,52,29,27,53,66,51,48,44,41,37,48,41,29,50,60,33,30,20,18,49,11,41,4,229,2,1,18,520,58,94,57,41,15,12,12,289,8,28,14,36,27,27,32,49,31,37,0,0,0,826,80
480,603,577,108,59,53,92,97,88,64,64,75,60,56,110,17,37,43,31,8,7,12,99,5,20,10,941,1,5,26,172,28,63,65,56,42,28,29,311,28,10,3,9,63,10,78,63,24,23,0,0,0,1180,155
481,65,70,8,4,5,15,6,7,6,12,9,4,9,9,2,2,9,4,8,5,6,5,8,13,0,41,0,0,12,61,6,17,9,4,4,4,1,45,8,2,2,4,6,5,1,4,8,5,0,0,0,135,13
482,119,95,16,6,5,14,18,17,22,9,17,14,11,19,4,7,8,8,4,1,2,12,0,21,13,109,0,0,9,62,15,16,22,8,7,3,2,73,14,5,1,1,22,0,9,9,9,3,0,0,0,214,20
483,0,0,0,0,0,0,0,0,0,0,0,0,0,0,0,0,0,0,0,0,0,0,0,0,0,0,0,0,0,0,0,0,0,0,0,0,0,0,0,0,0,0,0,0,0,0,0,0,0,0,0,0,0
484,60,61,9,9,3,7,6,6,5,6,5,13,11,6,6,5,9,7,2,1,2,3,1,14,0,26,0,0,3,77,9,10,3,7,8,1,1,39,1,6,3,4,2,11,1,2,3,6,0,0,1,120,17
485,241,183,31,17,9,17,32,29,29,31,24,23,32,37,15,17,18,20,7,5,8,23,15,23,6,117,0,2,6,255,24,48,28,23,16,8,0,147,15,29,9,10,18,19,7,12,9,19,0,0,0,424,47
486,596,581,72,39,32,99,96,80,56,76,50,60,85,62,24,47,84,57,34,32,27,65,54,29,27,317,0,5,20,725,94,148,66,50,30,20,14,422,32,42,22,28,41,25,72,54,39,67,0,0,0,1177,114
487,164,162,23,16,11,33,14,31,17,14,18,25,16,22,9,11,16,7,9,10,7,17,2,6,5,95,1,0,14,203,14,32,16,16,17,6,2,103,4,9,5,4,12,4,20,19,16,10,0,0,0,326,41
488,225,202,20,7,5,41,19,20,37,16,28,25,29,29,11,18,33,22,17,7,13,30,1,29,7,90,2,6,16,276,19,60,23,20,11,10,3,146,11,20,12,19,4,30,17,15,9,9,0,0,0,427,44
489,455,460,69,48,20,81,60,55,56,50,49,49,64,57,28,30,57,33,27,16,11,55,6,131,62,284,0,1,27,404,32,75,75,54,19,24,6,285,15,32,24,24,19,17,38,34,44,38,0,0,6,909,103
490,719,741,121,74,60,144,105,113,92,76,74,82,72,145,11,42,43,41,28,14,22,101,8,24,7,1158,1,2,37,223,36,53,64,74,63,48,27,365,43,13,8,12,79,7,80,51,31,41,0,0,0,1460,212
491,59,37,7,3,2,6,5,6,9,6,3,6,8,5,2,7,4,7,1,1,0,8,0,17,5,14,1,1,2,56,3,10,5,12,2,0,0,32,2,5,3,3,1,3,4,4,5,2,0,0,0,96,14
492,167,152,24,7,11,27,19,21,17,17,12,28,24,18,12,14,21,16,9,5,4,13,1,32,5,94,1,4,12,170,19,42,20,17,11,4,1,114,5,15,10,9,9,21,6,12,7,20,0,0,0,319,33
493,0,0,0,0,0,0,0,0,0,0,0,0,0,0,0,0,0,0,0,0,0,0,0,0,0,0,0,0,0,0,0,0,0,0,0,0,0,0,0,0,0,0,0,0,0,0,0,0,0,0,0,0,0
494,742,730,117,68,49,96,114,105,107,101,86,78,85,121,16,44,54,52,31,28,30,90,4,215,88,827,5,7,54,272,89,104,81,71,63,26,21,455,97,14,9,10,109,20,70,46,38,42,0,0,0,1472,181
495,321,347,42,25,23,56,58,52,56,42,49,37,31,32,13,12,27,24,16,10,11,52,2,31,35,255,2,3,38,302,54,60,45,35,22,8,8,232,15,17,12,10,38,3,54,29,19,35,0,0,0,668,73
496,74,80,5,5,7,15,11,20,8,8,5,7,12,15,3,2,6,6,3,2,3,11,4,9,5,72,0,0,4,60,7,12,11,8,6,2,2,48,3,2,3,2,6,2,5,9,6,10,0,0,0,154,18
497,935,949,155,65,69,153,162,171,129,114,114,103,89,130,43,47,64,43,35,18,29,151,5,264,132,1007,6,7,53,410,142,147,92,91,72,43,23,610,124,22,10,13,164,10,80,55,47,85,0,0,0,1884,229
498,0,0,0,0,0,0,0,0,0,0,0,0,0,0,0,0,0,0,0,0,0,0,0,0,0,0,0,0,0,0,0,0,0,0,0,0,0,0,0,0,0,0,0,0,0,0,0,0,0,0,0,0,0
499,565,538,81,44,32,84,83,99,81,74,57,66,65,87,25,26,43,32,16,13,14,81,5,37,117,682,0,2,16,244,70,105,65,60,44,13,11,368,41,34,18,10,91,4,39,51,33,47,0,0,0,1103,128
500,346,310,40,33,22,45,43,47,41,33,37,29,49,41,18,24,44,35,22,7,9,37,12,27,4,154,0,7,18,434,31,74,42,31,19,11,7,215,4,26,24,18,12,17,29,33,26,26,0,0,6,650,68
501,0,0,0,0,0,0,0,0,0,0,0,0,0,0,0,0,0,0,0,0,0,0,0,0,0,0,0,0,0,0,0,0,0,0,0,0,0,0,0,0,0,0,0,0,0,0,0,0,0,0,0,0,0
502,0,0,0,0,0,0,0,0,0,0,0,0,0,0,0,0,0,0,0,0,0,0,0,0,0,0,0,0,0,0,0,0,0,0,0,0,0,0,0,0,0,0,0,0,0,0,0,0,0,0,0,0,0
503,317,339,44,26,22,50,52,46,41,28,50,37,53,58,15,20,26,14,13,14,17,30,4,75,60,220,1,0,14,282,18,53,52,38,20,11,7,199,7,19,17,19,16,13,17,29,34,28,0,0,0,656,76
504,4,1,0,0,0,0,0,0,0,1,1,1,2,0,0,0,0,0,0,0,0,0,0,0,1,0,0,0,0,4,0,0,0,0,0,0,0,0,0,0,0,0,0,0,0,0,0,0,0,0,5,0,0
505,195,183,34,9,15,32,32,34,28,25,22,22,24,24,6,6,18,10,7,4,3,23,2,45,31,203,0,2,15,80,37,32,24,16,12,8,4,133,27,2,1,5,32,4,20,17,13,12,0,0,0,378,40
506,143,110,18,5,8,22,17,11,20,18,15,19,13,27,4,10,10,10,4,6,5,11,1,3,7,84,0,0,9,149,13,22,16,18,5,6,1,81,2,6,5,5,7,10,13,13,10,10,0,0,6,247,30
507,114,109,16,3,7,12,27,18,19,12,7,11,13,13,3,10,14,7,4,8,3,16,1,10,14,79,1,3,6,109,11,21,8,17,5,6,2,70,5,7,3,4,7,6,13,6,14,5,0,0,2,221,30
508,629,637,101,63,51,114,105,80,79,76,66,69,68,119,30,40,50,28,16,12,13,86,5,75,67,688,3,1,23,404,49,76,66,70,46,37,16,360,21,38,32,23,40,22,29,47,42,66,0,0,0,1266,169
509,113,116,16,11,15,26,17,21,11,16,13,5,4,24,6,1,8,5,5,1,3,21,0,13,6,173,1,1,7,28,3,5,10,4,16,7,6,51,6,2,1,2,13,0,5,8,7,7,0,0,0,229,33
510,65,66,2,1,6,15,6,7,9,8,7,12,5,8,6,7,8,8,4,3,0,9,2,4,0,32,0,0,2,91,12,17,5,9,2,4,0,49,3,3,3,7,3,6,9,5,7,3,0,0,0,131,15
511,118,106,34,11,11,19,10,17,10,10,11,11,10,24,4,3,9,1,5,3,1,20,1,1,3,188,0,0,8,23,5,9,11,13,9,9,2,58,6,2,3,3,10,3,16,2,6,7,0,0,0,224,33
512,71,83,8,4,1,6,14,13,12,10,7,5,8,12,2,5,12,8,4,5,5,13,0,1,2,49,2,2,10,88,21,21,9,6,5,1,1,64,14,6,2,1,12,2,15,3,4,5,0,0,0,154,13
513,439,422,60,21,17,60,68,65,88,53,38,46,44,72,21,21,39,28,27,23,11,59,1,52,17,307,1,2,45,436,84,104,44,52,19,8,11,322,61,22,13,16,56,13,48,30,36,27,0,0,0,861,90
514,0,0,0,0,0,0,0,0,0,0,0,0,0,0,0,0,0,0,0,0,0,0,0,0,0,0,0,0,0,0,0,0,0,0,0,0,0,0,0,0,0,0,0,0,0,0,0,0,0,0,0,0,0
515,192,194,49,24,23,34,27,21,25,16,27,17,24,28,7,5,13,9,2,1,2,32,1,19,6,311,0,1,14,34,7,5,21,21,19,12,4,89,9,3,3,0,21,2,12,15,11,13,0,0,21,365,56
516,452,471,92,55,42,94,89,51,49,46,56,50,49,76,16,17,15,14,6,10,11,85,5,18,5,768,0,9,19,99,18,32,44,31,48,31,18,222,28,6,4,2,63,4,41,38,15,21,0,0,6,917,128
517,154,131,28,6,8,27,19,14,17,13,24,18,23,19,5,4,12,12,7,2,11,16,0,4,11,125,0,2,8,135,17,22,17,13,7,8,5,89,6,9,4,11,12,3,11,8,10,15,0,0,0,285,33
518,4,16,2,4,0,2,2,3,0,1,1,0,4,0,0,0,0,0,0,0,0,1,0,0,1,8,0,0,0,11,1,2,0,1,1,1,0,6,0,0,1,0,0,0,0,2,1,2,0,0,0,20,3
519,19,13,3,0,0,1,2,5,3,1,1,3,1,2,0,2,2,0,0,0,0,6,1,1,0,20,0,0,0,10,2,2,1,0,1,3,0,9,4,2,0,0,3,0,0,0,0,0,0,0,0,32,4
520,511,531,75,58,26,92,79,86,87,56,49,54,51,73,24,44,34,33,24,20,19,58,6,161,44,537,1,4,46,243,53,88,67,38,42,21,15,324,56,5,9,10,80,13,65,32,25,29,0,0,0,1042,116
521,573,579,72,44,28,87,97,97,87,69,72,61,71,77,34,48,47,29,25,12,19,76,8,40,54,474,1,4,76,495,87,112,89,59,32,17,9,405,33,27,16,19,76,4,83,37,47,63,0,0,0,1152,117
522,36,20,0,2,0,3,12,2,3,3,1,5,6,3,1,1,1,4,5,1,1,2,2,1,2,9,0,0,0,42,0,10,3,1,3,0,1,18,4,1,0,1,4,0,0,2,2,4,0,0,0,56,5
523,717,701,122,42,38,122,101,93,95,81,83,89,102,99,35,46,73,42,29,17,21,88,9,51,45,510,1,8,41,753,80,127,93,76,38,33,11,458,36,24,26,30,52,35,60,81,52,62,0,0,23,1395,158
524,0,0,0,0,0,0,0,0,0,0,0,0,0,0,0,0,0,0,0,0,0,0,0,0,0,0,0,0,0,0,0,0,0,0,0,0,0,0,0,0,0,0,0,0,0,0,0,0,0,0,0,0,0
525,76,91,7,3,2,12,12,11,14,10,7,14,15,8,5,11,13,6,1,2,3,11,4,2,9,53,0,0,6,93,6,13,12,8,4,7,0,50,6,2,4,4,4,0,5,8,10,7,0,0,5,162,19
526,974,935,136,63,44,142,153,148,145,120,106,123,125,134,45,52,86,63,37,17,29,141,13,86,78,739,2,14,87,890,137,200,117,120,61,27,9,671,43,53,33,33,106,7,145,71,75,105,0,0,0,1909,217
527,157,161,14,7,11,27,29,21,18,21,11,22,22,22,5,12,20,17,10,4,5,20,1,38,2,97,1,1,5,173,18,33,25,13,12,5,2,108,8,10,16,9,14,11,12,7,7,14,0,0,0,318,32
528,81,97,6,9,5,14,11,15,10,10,13,5,12,23,3,6,8,7,5,4,3,9,2,6,0,58,0,0,7,105,6,13,5,11,6,4,4,49,6,3,1,3,3,10,5,7,5,6,0,0,0,178,25
529,144,150,19,13,7,27,20,18,16,19,21,18,18,21,9,11,11,5,7,5,8,21,1,33,9,94,0,5,4,148,9,30,16,16,14,2,4,91,12,8,3,12,7,9,10,8,6,16,0,0,0,294,36
530,9,15,0,0,0,2,1,2,4,1,1,0,2,1,1,2,1,1,3,1,0,1,0,4,1,10,0,0,1,8,4,2,4,1,0,0,0,11,1,1,0,0,2,0,2,1,3,1,0,0,0,24,1
531,314,337,40,19,18,64,56,52,42,48,40,33,29,49,14,18,23,19,15,8,8,56,3,41,72,368,2,1,12,152,38,57,44,28,18,14,10,209,24,28,6,5,37,3,28,24,27,27,0,0,0,651,70
532,678,646,94,49,47,123,96,94,94,85,63,77,71,102,27,42,52,52,24,16,17,99,7,73,63,749,3,5,37,387,57,88,90,78,52,22,14,401,30,30,15,9,54,16,68,75,45,59,0,0,0,1324,166
533,807,739,130,89,57,134,131,125,89,78,72,78,99,127,25,41,47,34,36,12,26,116,19,71,122,936,2,7,56,333,46,96,75,94,59,41,20,431,35,15,20,21,68,10,89,68,57,48,0,0,0,1546,214
534,472,472,64,36,28,69,68,85,61,53,58,61,55,82,19,26,50,24,10,12,5,78,1,47,37,491,2,2,24,340,43,77,61,46,32,21,11,291,14,30,13,11,25,6,37,59,44,52,0,0,0,944,110
535,147,135,18,3,16,28,17,20,20,14,16,15,19,29,8,12,10,10,7,5,4,11,0,33,11,172,0,1,7,58,20,23,18,16,6,6,4,93,22,3,0,3,15,5,18,4,12,11,0,0,0,282,32
536,654,659,84,51,33,105,105,82,98,68,81,80,75,93,31,33,69,51,25,23,32,94,2,61,62,516,2,8,37,625,78,135,86,64,44,25,9,441,34,46,26,27,39,12,51,80,51,75,0,0,13,1300,142
537,1009,977,131,76,63,157,127,149,128,96,112,113,124,134,43,63,96,64,52,42,77,139,13,116,119,775,6,3,55,899,73,148,127,92,63,50,13,566,38,58,33,37,75,25,70,81,62,87,0,0,144,1842,218
538,688,693,111,41,41,114,94,110,97,81,74,91,84,100,35,50,61,38,25,17,24,93,3,98,80,767,3,9,58,363,54,97,107,65,51,29,15,418,42,39,9,7,49,18,66,80,51,57,0,0,0,1381,160
539,1475,1438,206,98,89,270,175,191,215,165,163,169,165,226,91,90,133,93,56,40,59,219,10,287,112,1083,5,26,69,1321,127,281,168,169,94,62,25,926,85,103,63,73,97,61,112,98,85,149,0,0,0,2913,350
540,67,63,9,8,7,6,2,8,13,8,5,9,10,12,0,5,5,4,3,1,3,12,1,0,1,103,0,0,4,21,1,14,7,5,4,5,1,37,1,0,1,1,4,2,17,6,1,4,0,0,1,129,15
541,296,306,37,26,14,53,64,34,42,28,38,33,43,37,14,23,16,22,14,11,10,43,3,13,43,242,1,4,11,285,42,57,37,39,13,5,7,200,18,16,10,17,25,10,21,28,24,31,0,0,26,576,64
542,291,287,47,26,19,49,38,39,51,37,29,31,30,28,13,15,31,17,16,10,12,40,1,17,9,220,0,2,34,295,55,60,33,20,12,19,6,205,36,14,9,8,46,5,24,19,16,28,0,0,0,578,57
543,626,689,62,33,20,88,110,105,85,83,73,75,94,92,31,53,62,63,37,21,32,96,4,45,53,265,6,9,60,873,186,169,66,61,21,22,14,539,29,49,31,39,57,41,86,71,46,90,0,0,0,1315,118
544,258,244,34,14,19,28,47,37,31,35,35,29,25,40,10,18,23,17,11,14,8,27,3,24,37,307,0,2,13,116,42,44,25,25,17,13,4,170,18,13,4,6,43,4,22,20,21,19,0,0,0,502,59
545,891,936,112,84,47,138,136,151,149,106,109,85,129,128,38,63,72,54,43,22,32,129,11,129,194,1005,2,14,37,435,108,136,107,103,69,38,17,578,46,37,20,20,143,13,85,83,59,72,0,0,0,1827,227
546,321,311,39,13,19,68,52,56,46,34,42,46,43,42,17,17,23,15,6,12,13,29,1,40,39,180,2,2,35,333,45,50,36,23,11,12,2,179,34,12,4,12,43,3,25,13,10,23,0,0,143,489,48
547,2,1,0,0,0,1,0,0,0,0,0,1,1,0,0,0,0,0,0,0,0,0,0,0,0,0,1,0,2,0,0,0,1,0,0,0,0,1,0,0,0,0,0,0,0,0,1,0,0,0,0,3,0
548,0,1,0,0,0,0,1,0,0,0,0,0,0,0,0,0,0,0,0,0,0,0,0,0,1,0,0,0,0,0,1,0,0,0,0,0,0,1,0,0,0,0,1,0,0,0,0,0,0,0,0,1,0
549,2,1,0,1,0,0,0,0,0,0,0,0,0,2,0,0,0,0,0,0,0,0,0,0,0,2,0,0,0,1,0,0,0,0,0,0,0,0,0,0,0,0,0,0,0,0,0,0,0,0,3,0,0
550,238,220,30,19,15,38,33,37,34,16,33,29,23,30,13,13,21,14,12,12,9,27,1,15,8,196,0,3,10,225,24,39,31,22,22,8,2,148,8,13,15,11,14,5,25,17,19,21,0,0,0,458,54
551,3,3,0,0,0,0,1,0,0,0,0,1,0,0,1,1,0,1,0,1,0,0,0,0,0,2,0,0,0,4,0,3,0,0,0,0,0,3,0,2,0,0,0,0,0,0,0,1,0,0,0,6,0
552,170,180,24,10,4,22,24,31,23,17,19,20,25,19,11,11,23,15,15,9,11,17,2,7,14,111,2,1,9,204,35,46,24,16,10,5,1,137,26,12,6,6,17,5,25,11,11,18,0,0,0,350,32
553,0,0,0,0,0,0,0,0,0,0,0,0,0,0,0,0,0,0,0,0,0,0,0,0,0,0,0,0,0,0,0,0,0,0,0,0,0,0,0,0,0,0,0,0,0,0,0,0,0,0,0,0,0
554,2,6,1,0,2,0,0,0,0,2,0,0,0,0,0,1,0,0,1,0,1,0,0,0,2,3,0,0,0,3,0,0,0,0,0,0,0,0,0,0,0,0,0,0,0,0,0,0,0,0,8,0,0
555,0,0,0,0,0,0,0,0,0,0,0,0,0,0,0,0,0,0,0,0,0,0,0,0,0,0,0,0,0,0,0,0,0,0,0,0,0,0,0,0,0,0,0,0,0,0,0,0,0,0,0,0,0
556,251,233,19,11,12,30,36,43,39,28,25,29,37,22,12,15,27,24,12,11,15,37,6,21,3,106,1,3,16,328,21,61,37,25,9,5,3,161,3,23,12,13,18,8,16,27,20,21,0,0,30,454,42
557,0,0,0,0,0,0,0,0,0,0,0,0,0,0,0,0,0,0,0,0,0,0,0,0,0,0,0,0,0,0,0,0,0,0,0,0,0,0,0,0,0,0,0,0,0,0,0,0,0,0,0,0,0
558,161,156,24,9,10,17,27,28,22,23,18,18,13,32,5,7,10,6,9,6,4,29,4,31,22,146,0,3,13,98,9,26,19,18,8,5,6,91,9,4,3,4,12,6,14,13,13,13,0,0,7,310,37
559,425,385,53,34,22,64,56,53,66,39,46,45,67,49,31,22,32,31,16,14,16,54,1,18,22,305,1,2,32,429,42,80,51,44,27,18,4,266,9,17,13,24,36,17,44,36,28,42,0,0,3,807,93
560,281,268,30,22,6,54,38,35,35,28,37,18,31,51,18,19,35,17,12,5,12,46,1,11,32,227,2,1,12,263,23,57,33,31,20,11,3,178,15,11,11,10,24,11,20,34,21,21,0,0,0,549,65
561,43,32,1,2,3,7,6,9,5,4,5,4,7,5,0,1,2,3,1,3,1,6,0,2,0,32,0,0,8,33,8,9,6,2,3,0,1,29,6,1,2,1,5,2,4,1,4,3,0,0,0,75,6
562,931,886,122,51,38,139,119,131,122,104,98,123,131,119,41,76,92,85,46,31,38,111,8,175,132,463,4,7,53,975,120,246,106,94,45,29,14,654,43,82,35,39,82,67,56,64,85,101,0,0,0,1817,182
563,187,155,16,19,9,24,25,26,25,23,18,24,20,23,4,12,19,9,8,8,11,19,2,10,7,116,0,0,27,180,31,34,17,23,9,5,3,122,19,9,2,4,20,7,27,17,10,7,0,0,0,342,40
564,240,217,24,19,11,27,38,26,30,24,24,18,25,30,7,19,41,27,18,9,19,21,2,12,25,101,1,1,8,307,34,62,18,20,8,11,7,160,38,8,6,4,27,10,39,6,10,12,0,0,0,457,46
565,132,131,27,10,9,17,16,13,9,18,13,13,16,21,9,15,11,16,4,3,7,16,1,13,19,99,1,4,11,115,8,24,19,11,8,7,3,80,1,4,3,5,7,7,10,17,9,17,0,0,0,263,29
566,289,292,51,26,22,30,35,69,39,27,42,40,38,47,6,18,17,19,6,4,7,38,5,34,51,316,2,3,26,144,36,41,37,22,28,14,5,183,14,12,6,8,51,5,23,26,11,27,0,0,0,581,69
567,314,344,51,19,19,69,44,44,50,39,45,38,56,47,15,16,21,13,9,6,6,51,7,33,47,338,2,3,12,216,23,36,34,30,22,15,8,168,14,16,3,5,19,2,35,30,24,20,0,0,75,583,75
568,48,38,7,3,2,5,5,10,5,4,4,5,6,8,2,1,7,5,3,1,0,3,11,0,1,21,1,1,1,50,3,14,4,5,0,1,2,29,5,1,0,1,5,1,8,0,3,5,0,0,0,86,8
569,856,843,117,73,54,120,131,124,120,100,103,101,132,101,41,47,57,56,34,27,46,115,28,43,67,681,5,10,95,770,146,144,94,83,52,39,14,572,93,53,21,12,92,15,114,65,46,61,0,0,40,1659,188
570,540,582,74,43,43,96,71,85,84,60,51,65,66,112,22,38,41,23,14,13,16,105,4,63,61,514,1,2,28,449,54,77,73,53,40,25,15,337,26,37,25,17,39,4,42,44,40,63,0,0,5,1117,133
571,198,151,11,6,17,31,21,32,21,15,11,24,29,33,5,16,13,19,6,4,5,30,4,10,3,144,0,1,4,183,32,31,18,18,9,10,3,121,22,10,9,6,22,3,18,12,6,13,0,0,1,348,40
572,0,0,0,0,0,0,0,0,0,0,0,0,0,0,0,0,0,0,0,0,0,0,0,0,0,0,0,0,0,0,0,0,0,0,0,0,0,0,0,0,0,0,0,0,0,0,0,0,0,0,0,0,0
573,706,670,71,35,35,116,90,98,100,75,71,85,100,92,36,56,76,67,40,23,28,82,9,144,126,276,3,1,37,780,107,204,92,73,31,16,5,528,13,80,33,39,62,74,52,47,48,80,0,0,0,1376,125
574,38,42,7,2,4,7,2,5,3,8,3,5,5,3,2,5,3,4,4,3,2,3,0,3,1,37,0,0,0,39,7,14,1,4,4,1,0,31,4,1,1,1,6,1,7,5,2,3,0,0,0,80,9
575,639,614,75,46,37,103,76,91,90,56,71,67,94,63,34,54,72,65,49,24,29,57,12,63,14,288,4,4,28,840,81,150,103,57,28,18,10,447,48,42,13,37,27,64,43,75,42,56,0,0,4,1249,113
576,265,283,38,14,24,47,61,38,33,27,30,28,20,49,10,24,26,13,6,7,13,40,5,42,29,250,1,6,26,189,21,38,33,30,24,15,3,164,14,11,3,7,20,8,22,31,25,23,0,0,0,548,72
577,357,353,61,33,25,58,40,56,46,42,41,33,39,64,15,22,27,20,16,7,3,62,3,47,20,416,1,4,26,193,33,52,31,37,30,21,7,211,18,32,14,11,18,7,31,17,23,40,0,0,0,710,95
578,244,277,31,19,24,43,29,32,35,31,32,31,39,57,10,16,22,10,9,11,5,35,1,33,25,293,0,5,14,150,20,43,34,22,17,20,2,158,18,12,7,6,22,3,22,32,21,15,0,0,5,516,61
579,346,359,53,22,20,56,58,71,48,32,35,42,34,54,14,22,29,17,22,10,7,59,2,45,14,266,1,4,16,357,35,45,46,51,19,15,6,217,14,21,11,15,28,8,19,34,33,34,0,0,6,699,91
580,200,213,20,9,6,23,34,36,37,24,23,20,18,29,11,17,31,18,10,9,18,20,1,17,3,80,0,2,16,294,47,69,21,14,7,8,3,169,8,20,9,8,15,18,23,30,18,20,0,0,0,413,32
581,181,169,26,19,5,31,30,24,30,25,17,18,13,37,4,11,8,8,4,4,5,31,1,18,23,221,3,2,10,72,23,32,15,15,14,5,6,110,11,4,5,7,23,0,21,17,11,11,0,0,9,341,40
582,46,57,8,1,5,6,4,8,7,8,12,3,11,8,3,2,6,3,2,2,0,4,1,5,0,34,0,0,7,56,2,15,9,5,2,1,1,35,2,6,4,4,1,2,6,1,5,4,0,0,0,103,9
583,183,179,21,9,13,28,23,19,24,17,27,37,13,33,11,14,21,9,6,7,5,25,1,15,11,180,0,0,10,145,6,34,15,19,13,9,5,101,9,7,6,6,9,5,15,22,13,9,0,0,6,356,46
584,599,630,111,71,48,91,94,79,80,71,66,63,75,111,25,36,45,34,20,12,27,70,10,67,84,682,2,4,67,313,38,84,62,67,47,34,16,348,26,16,13,15,58,11,69,42,48,50,0,0,0,1229,164
585,345,329,30,22,17,36,51,62,65,38,37,24,43,47,17,21,34,32,23,13,14,48,2,45,16,172,1,4,31,403,67,83,45,29,22,8,4,258,38,15,12,10,43,8,50,29,18,35,0,0,0,674,63
586,12,9,2,1,1,2,0,2,3,1,2,1,1,4,0,0,1,0,0,0,0,0,0,0,0,12,0,1,0,8,0,1,2,2,1,0,0,6,0,0,0,0,0,0,1,3,1,1,0,0,0,21,3
587,292,333,45,16,16,40,35,50,51,42,41,34,34,54,26,20,24,17,10,6,13,51,3,15,27,243,2,0,18,317,24,63,32,38,16,13,7,193,22,11,13,13,15,16,20,28,21,34,0,0,13,612,74
588,163,176,22,6,9,63,42,18,33,13,14,14,18,9,2,13,9,14,7,6,13,14,5,15,8,126,0,1,16,168,26,49,17,14,12,5,2,125,21,7,9,4,24,4,15,13,13,15,0,0,1,338,33
589,98,91,11,6,5,10,15,25,16,8,8,4,10,26,2,5,5,6,1,1,3,22,1,5,37,95,1,0,7,43,8,12,7,7,6,4,0,44,3,3,2,1,15,1,5,3,2,9,0,0,54,135,17
590,508,577,113,45,25,74,116,86,79,52,63,49,54,92,25,27,35,13,20,10,15,92,7,67,46,581,1,8,32,343,30,63,74,64,38,27,12,308,14,31,11,15,31,6,37,59,44,60,0,0,0,1085,141
591,0,0,0,0,0,0,0,0,0,0,0,0,0,0,0,0,0,0,0,0,0,0,0,0,0,0,0,0,0,0,0,0,0,0,0,0,0,0,0,0,0,0,0,0,0,0,0,0,0,0,0,0,0
592,181,191,12,10,8,36,31,27,24,19,33,20,28,25,6,14,20,14,15,2,6,22,1,5,3,131,1,3,34,194,38,54,27,10,7,5,5,146,24,13,8,11,16,4,23,21,14,12,0,0,0,372,27
593,365,364,58,30,23,69,60,41,40,47,39,42,42,47,21,27,26,34,15,14,16,38,5,25,38,275,0,6,9,371,38,47,44,37,27,21,5,219,23,15,17,22,24,10,31,28,27,22,0,0,15,714,90
594,674,640,93,56,30,121,83,102,101,89,93,66,69,99,27,42,53,41,21,23,24,81,20,45,19,576,4,4,49,597,115,112,81,66,35,23,18,450,85,39,7,12,75,17,83,45,33,54,0,0,7,1307,142
595,179,178,23,17,10,33,23,23,28,24,16,23,24,35,6,13,11,7,7,1,1,32,2,18,19,205,0,3,16,94,14,27,19,20,12,9,5,106,10,12,3,3,16,6,9,18,20,9,0,0,0,357,46
596,36,31,4,1,0,2,6,6,2,4,5,5,7,2,2,6,1,1,2,2,1,8,0,0,0,27,0,0,1,39,2,7,6,4,1,2,0,22,2,4,4,3,0,1,1,2,1,4,0,0,0,67,7
597,12,9,1,2,0,4,3,0,3,0,2,2,1,1,1,1,0,0,0,0,0,0,0,1,0,4,0,0,2,14,3,2,2,2,0,0,0,9,0,1,2,3,1,0,0,0,2,0,0,0,0,21,2
598,382,384,58,23,18,47,55,55,66,42,48,50,45,53,26,28,41,26,26,14,14,31,4,46,9,199,1,2,16,489,54,102,46,45,18,7,7,279,24,23,16,20,23,48,36,37,29,23,0,0,0,766,77
599,531,556,67,37,38,85,74,80,72,56,56,58,70,90,33,50,60,39,23,17,22,60,11,44,17,313,5,3,29,665,50,104,79,55,33,19,9,349,15,57,18,18,24,8,40,43,50,76,0,0,15,1072,116
600,1014,1027,144,89,61,161,140,180,182,120,106,114,113,182,25,50,77,44,33,19,30,171,5,124,85,1152,1,10,61,603,73,140,131,120,75,49,18,606,28,52,25,26,71,14,88,123,66,113,0,0,0,2041,262
601,77,104,11,6,5,14,16,12,15,17,11,10,9,6,5,10,9,4,4,2,8,7,3,3,4,51,0,1,5,114,15,26,10,7,4,3,1,66,4,7,0,2,7,5,10,13,8,10,0,0,9,172,15
602,0,0,0,0,0,0,0,0,0,0,0,0,0,0,0,0,0,0,0,0,0,0,0,0,0,0,0,0,0,0,0,0,0,0,0,0,0,0,0,0,0,0,0,0,0,0,0,0,0,0,0,0,0
603,16,13,1,0,0,3,4,3,2,3,1,2,0,2,0,0,1,0,0,0,0,7,0,5,2,14,0,0,1,7,0,0,0,0,0,0,0,0,0,0,0,0,0,0,0,0,0,0,0,0,29,0,0
604,103,104,16,13,6,13,16,8,13,7,13,13,14,17,6,4,17,5,6,3,7,10,2,22,0,62,3,2,10,106,14,16,14,10,8,5,1,68,2,4,12,5,1,7,9,9,7,12,0,0,0,207,24
605,0,0,0,0,0,0,0,0,0,0,0,0,0,0,0,0,0,0,0,0,0,0,0,0,0,0,0,0,0,0,0,0,0,0,0,0,0,0,0,0,0,0,0,0,0,0,0,0,0,0,0,0,0
606,26,30,4,4,2,7,2,4,5,2,3,2,1,4,2,0,2,1,2,0,1,8,0,0,3,32,0,0,0,21,9,3,2,2,1,1,2,20,4,1,1,2,2,2,2,1,1,4,0,0,0,56,6
607,725,731,76,42,33,93,107,108,90,82,98,84,98,113,34,54,63,78,48,22,45,88,7,124,21,420,1,8,22,853,170,180,82,72,36,23,9,572,78,40,35,33,81,19,75,74,63,74,0,0,0,1456,140
608,46,36,2,2,0,8,6,7,7,5,5,4,3,8,4,2,1,2,3,6,4,3,1,9,1,31,1,3,1,35,13,6,5,5,3,0,1,33,4,2,1,1,7,1,6,3,4,4,0,0,0,82,9
609,241,259,32,20,12,56,41,42,45,23,24,27,24,37,12,12,20,11,8,10,11,33,5,38,24,206,0,0,30,197,58,43,26,18,20,12,4,181,18,19,2,4,27,7,44,16,14,30,0,0,0,500,54
610,67,71,9,7,5,8,10,4,8,9,5,10,7,6,4,5,6,8,4,1,5,17,0,3,5,64,0,1,3,62,10,14,7,6,6,0,3,46,4,4,2,3,7,2,7,4,8,5,0,0,0,138,15
611,17,21,5,0,0,1,2,3,2,1,2,2,2,4,1,1,1,4,3,1,0,3,1,8,0,7,0,0,3,19,3,6,2,1,1,0,1,14,0,0,2,3,0,1,2,1,0,5,0,0,0,38,3
612,381,383,51,26,17,56,59,58,58,51,33,51,53,65,17,24,31,34,13,8,13,46,6,22,25,285,0,5,49,372,74,63,53,37,29,12,5,273,36,28,10,8,50,11,47,18,25,40,0,0,0,764,83
613,49,51,6,6,1,16,7,3,5,3,11,3,4,6,2,5,6,5,3,2,4,2,0,14,1,11,0,0,5,69,3,8,6,6,3,4,0,30,1,1,1,4,1,1,3,2,6,10,0,0,0,100,13
614,1330,1862,204,81,115,310,319,303,243,206,194,183,150,203,63,73,101,88,57,53,54,192,22,310,193,1138,10,18,134,1367,117,206,169,138,77,56,13,776,46,51,37,47,111,17,123,110,101,133,0,0,774,2418,284
615,263,241,33,17,10,27,35,36,41,25,30,30,29,47,12,12,29,18,22,4,10,37,6,46,9,147,0,0,9,287,65,48,25,21,19,5,7,190,23,7,5,12,24,15,37,26,20,21,0,0,0,504,52
616,67,69,15,6,8,10,13,6,7,6,4,8,7,7,1,7,8,9,3,5,2,4,6,11,5,20,0,0,2,92,18,19,9,3,1,2,3,55,9,3,3,1,15,2,5,7,6,4,0,0,0,136,9
617,132,146,15,14,12,24,22,20,25,11,18,20,13,17,6,6,8,12,3,4,6,22,3,12,10,106,1,1,17,128,22,29,11,12,7,11,2,94,26,11,1,4,11,3,13,7,4,14,0,0,0,278,32
618,821,720,126,63,51,138,91,100,99,84,85,106,78,147,44,41,54,44,36,24,26,104,4,68,24,979,2,9,57,398,58,102,92,74,54,43,21,444,50,59,25,30,44,16,62,41,44,73,0,0,7,1534,192
619,1049,988,121,69,46,140,148,173,164,113,118,130,120,163,44,67,99,61,43,31,53,134,16,251,81,596,5,9,80,999,143,193,158,94,56,45,14,703,41,53,35,20,108,10,121,121,91,103,0,0,0,2037,209
620,573,541,105,55,34,96,66,84,67,71,52,69,51,97,18,29,28,24,26,24,37,81,9,23,67,700,0,17,46,252,19,42,44,54,55,25,14,253,17,9,9,11,43,10,55,34,34,31,0,0,120,994,148
621,85,78,7,10,1,10,6,14,9,12,11,13,11,11,1,5,11,10,3,5,6,7,0,19,1,32,0,0,8,103,14,22,11,9,6,1,0,63,2,6,1,3,5,8,11,10,8,9,0,0,0,163,16
622,189,177,27,14,7,17,28,40,30,24,27,9,24,31,9,15,20,9,1,2,4,28,7,13,6,134,0,0,35,171,28,43,17,20,9,6,5,128,24,6,9,6,13,3,29,20,6,12,0,0,0,366,40
623,523,521,82,31,39,85,77,73,68,54,65,62,58,73,30,32,42,44,26,10,21,72,3,47,16,331,3,4,14,626,40,84,71,57,46,21,5,324,15,50,22,22,20,9,37,45,51,53,0,0,0,1044,129
624,456,460,55,37,22,68,74,73,83,46,51,39,59,65,23,26,40,28,24,12,22,69,3,127,38,243,2,8,34,461,62,82,70,55,26,16,4,315,17,23,12,15,56,8,54,36,40,54,0,0,0,916,101
625,26,23,2,1,0,2,4,4,3,5,5,1,3,5,1,0,3,0,5,2,1,2,0,5,0,24,1,0,4,15,4,3,2,2,1,1,1,14,1,0,2,1,0,0,3,0,4,3,0,0,5,44,5
626,1042,985,117,79,50,160,150,139,141,103,126,115,108,140,62,88,110,78,55,23,48,135,14,108,42,544,5,10,63,1241,117,253,143,98,54,27,17,709,71,66,38,52,44,98,69,109,81,81,0,0,6,2021,196
627,93,120,9,6,5,17,24,12,18,18,18,12,9,21,3,5,5,4,5,2,4,16,0,8,8,79,1,2,9,106,4,5,7,12,9,2,1,40,4,3,2,4,7,3,7,6,3,1,0,0,64,149,24
628,53,51,7,1,2,8,7,5,6,2,3,4,10,12,2,4,9,3,4,5,2,8,0,2,6,49,0,0,3,44,6,9,3,9,3,2,1,33,3,1,3,2,1,1,6,8,3,5,0,0,0,104,15
629,81,71,13,11,5,13,6,3,5,4,10,9,17,6,7,6,6,10,6,2,3,10,6,14,1,32,0,0,3,96,6,18,7,4,7,5,1,48,1,2,3,4,7,5,6,6,7,7,0,0,0,152,17
630,268,310,26,13,7,39,39,48,47,30,42,34,35,35,16,21,37,29,24,15,11,30,3,38,6,116,2,2,30,381,95,81,30,23,10,8,5,252,19,19,10,20,29,26,38,29,21,41,0,0,0,578,46
631,499,532,57,25,22,71,85,78,81,54,44,63,51,70,31,38,50,59,40,17,27,68,6,81,119,202,3,4,16,600,76,158,69,56,26,6,5,396,15,48,24,27,51,48,40,51,38,54,0,0,0,1031,93
632,476,452,65,39,18,53,50,77,52,53,46,41,65,81,25,32,59,47,23,21,11,70,3,47,15,250,0,1,29,583,51,114,62,52,16,21,6,322,45,22,9,21,18,46,35,53,31,42,0,0,0,928,95
633,717,708,97,67,45,132,89,108,81,71,77,86,109,107,32,45,69,43,29,17,18,103,7,70,58,580,0,7,38,665,51,98,82,83,64,24,13,415,32,30,23,22,50,32,51,56,61,58,0,0,30,1395,184
634,208,205,17,10,4,45,22,26,28,27,28,27,23,26,12,19,17,21,17,9,13,22,5,28,3,82,1,1,14,279,31,60,30,19,8,7,2,157,24,18,11,13,9,22,17,22,11,10,0,0,0,413,36
635,194,181,31,15,8,32,30,39,24,18,14,21,23,28,4,17,17,11,7,7,5,24,6,30,10,145,1,1,18,164,30,34,14,17,16,10,3,124,11,6,6,7,12,4,33,13,10,22,0,0,4,371,46
636,283,281,33,26,14,36,37,49,33,31,40,42,36,54,17,18,25,24,13,5,11,20,10,25,30,233,1,5,25,235,42,51,40,32,12,7,8,192,25,22,3,5,32,5,35,21,16,28,0,0,3,561,59
637,283,291,40,14,27,54,33,40,37,20,28,31,30,34,23,25,41,33,15,10,11,28,1,70,11,174,6,4,24,284,27,67,29,25,9,4,16,177,10,21,20,27,9,26,20,13,8,23,0,0,23,551,54
638,172,182,17,8,10,36,39,23,20,17,19,21,22,25,8,20,19,11,7,10,7,15,2,4,9,153,0,1,9,176,19,37,28,13,10,4,6,117,9,10,9,9,19,9,12,16,7,17,0,0,0,354,33
639,668,679,58,45,33,86,88,107,106,79,100,81,90,95,39,50,74,54,26,22,32,82,5,27,26,383,5,7,41,853,150,158,84,67,31,15,14,519,38,39,39,32,53,43,96,71,47,61,0,0,0,1347,127
640,175,162,24,9,9,23,24,12,18,17,11,18,16,25,7,8,16,14,13,20,38,15,0,8,28,137,0,2,16,146,5,10,20,18,7,7,2,69,4,2,3,5,12,6,11,9,6,11,0,0,87,250,34
641,482,440,73,48,35,66,79,71,55,52,54,49,48,83,20,23,32,20,12,13,17,72,9,25,68,669,0,5,31,115,26,46,55,56,36,27,9,255,18,8,6,12,49,13,48,36,37,28,0,0,0,922,128
642,152,191,22,14,7,22,21,17,17,12,25,31,28,17,4,21,22,16,13,9,10,15,2,6,2,94,1,4,2,232,14,34,29,16,9,8,2,112,4,16,5,5,6,8,9,9,17,33,0,0,0,343,35
643,119,103,14,4,3,16,16,23,13,11,16,12,15,24,3,12,8,9,4,1,7,11,3,16,9,65,0,0,8,121,26,26,17,9,9,2,0,89,16,7,4,4,14,3,17,8,4,12,0,0,0,222,20
644,85,96,19,8,2,11,22,9,10,8,13,8,13,12,7,5,9,6,5,4,2,8,1,4,2,101,0,1,2,70,4,20,7,6,7,3,4,51,5,6,3,3,4,6,2,9,4,9,0,0,6,175,20
645,606,608,67,50,32,108,82,82,76,52,71,70,97,88,26,36,67,55,31,19,25,80,3,23,61,496,5,6,13,607,72,131,71,59,34,23,12,402,27,38,32,35,34,31,60,34,45,66,0,0,24,1190,128
646,363,364,58,19,26,74,69,41,46,43,38,44,34,52,16,17,35,25,15,7,10,58,14,22,27,326,0,2,26,310,58,59,41,35,27,15,7,242,56,24,8,8,38,6,33,25,12,32,0,0,7,720,84
647,116,97,12,16,9,20,15,14,13,7,13,12,10,22,7,3,9,10,3,2,1,15,1,6,7,79,0,0,12,108,9,10,9,6,8,7,6,55,5,4,4,9,2,5,11,3,2,10,0,0,0,213,27
648,1256,1126,155,73,54,155,182,170,176,144,130,113,138,163,61,79,114,113,79,56,69,158,16,252,28,664,6,17,36,1363,291,248,154,104,68,36,20,921,129,56,43,52,125,32,131,107,116,130,0,0,0,2382,228
649,276,233,36,25,19,45,41,30,31,24,30,51,25,40,14,19,18,18,5,8,7,23,0,19,13,127,0,3,22,325,25,42,36,26,14,14,3,160,7,15,16,10,14,7,13,17,22,39,0,0,12,497,57
650,15,14,0,0,0,1,8,4,2,2,2,1,0,0,1,1,2,0,1,1,1,2,0,0,0,7,0,0,3,19,2,2,3,1,2,0,0,10,2,1,0,0,3,1,0,1,2,0,0,0,0,29,3
651,82,62,7,8,8,20,9,8,10,7,7,7,12,13,2,5,10,3,0,2,0,6,2,2,6,71,1,0,6,56,8,14,6,6,7,1,3,45,5,3,2,3,5,2,4,3,7,11,0,0,0,144,17
652,400,369,42,35,25,57,74,64,62,41,39,56,45,47,15,24,36,18,14,15,18,42,4,107,25,208,3,6,36,380,43,78,60,50,19,10,4,264,10,15,13,6,29,4,50,42,47,48,0,0,0,769,83
653,287,249,43,14,16,30,40,46,32,28,39,23,34,42,12,24,26,17,9,10,15,36,5,48,16,149,0,3,23,292,45,55,36,30,10,13,3,192,10,13,6,11,24,3,27,31,28,39,0,0,0,536,56
654,157,166,21,4,3,20,27,25,26,25,17,15,21,15,6,15,26,11,10,6,7,23,1,22,2,71,2,0,11,214,19,53,21,12,7,6,2,120,11,9,7,16,8,14,16,13,7,19,0,0,0,323,27
655,321,355,59,35,16,53,44,56,36,29,40,36,51,37,17,25,33,22,21,7,6,53,5,28,6,222,1,5,18,391,39,61,39,39,25,15,3,221,8,32,10,11,16,8,22,30,34,50,0,0,0,676,82
656,360,366,50,25,27,66,66,39,48,45,31,37,45,54,11,28,33,29,18,8,14,52,6,23,20,259,2,3,20,393,46,81,49,27,27,12,7,249,17,31,12,19,10,35,32,32,17,44,0,0,0,726,73
657,299,292,44,23,22,34,43,64,39,36,29,28,33,65,14,20,15,16,4,7,5,50,1,19,15,377,1,5,28,145,17,33,30,35,25,20,4,164,17,16,15,9,16,7,22,15,17,30,0,0,0,591,84
658,503,479,66,30,23,76,62,80,76,50,51,59,64,65,21,40,52,31,18,17,15,86,2,49,29,232,2,9,17,642,60,121,52,57,35,15,4,344,36,23,24,26,14,66,38,54,24,39,0,0,0,982,111
659,590,598,76,31,21,81,76,101,92,55,75,61,85,77,32,36,64,51,45,17,29,83,3,147,72,227,3,7,27,702,84,165,66,64,32,16,8,435,17,55,28,32,49,64,34,47,43,66,0,0,0,1188,120
660,361,376,32,28,14,58,58,78,55,46,34,47,45,49,19,18,38,26,20,13,9,50,4,28,15,199,1,2,42,446,95,98,41,18,17,11,12,292,13,21,12,21,40,31,42,40,25,47,0,0,0,737,58
661,0,0,0,0,0,0,0,0,0,0,0,0,0,0,0,0,0,0,0,0,0,0,0,0,0,0,0,0,0,0,0,0,0,0,0,0,0,0,0,0,0,0,0,0,0,0,0,0,0,0,0,0,0
662,246,253,27,21,16,56,33,34,35,29,23,28,50,33,9,19,27,15,10,6,5,23,2,5,26,197,0,4,5,260,47,48,33,20,18,6,4,176,12,14,10,17,17,14,27,18,18,29,0,0,18,481,48
663,252,257,35,21,15,40,37,38,36,15,28,29,33,34,9,29,36,20,9,8,7,30,3,26,3,156,1,1,9,310,32,49,32,27,17,8,5,170,5,20,17,14,11,1,15,16,26,45,0,0,2,507,57
664,187,163,21,12,10,21,22,21,21,15,19,18,24,28,13,16,15,18,9,8,9,30,1,25,15,72,0,0,15,222,25,37,32,17,8,5,2,126,14,9,7,14,4,21,8,21,17,11,0,0,0,350,32
665,86,78,8,7,3,18,15,14,7,7,16,7,9,16,2,4,3,9,2,5,4,8,0,8,9,58,0,0,3,86,6,14,6,9,3,7,2,47,2,4,2,1,10,4,4,14,5,1,0,0,5,159,21
666,110,90,8,6,5,14,19,21,10,7,17,12,10,14,3,8,8,7,7,3,12,9,3,13,12,71,0,1,8,92,18,22,13,8,7,2,1,71,3,7,3,8,14,1,6,14,2,13,0,0,12,188,18
667,48,53,5,7,4,7,9,9,3,2,2,3,6,15,2,3,10,2,4,0,5,3,1,12,1,49,0,0,0,38,6,6,1,6,6,3,1,29,1,1,3,2,5,0,5,4,4,4,0,0,0,101,16
668,97,105,14,11,11,16,18,23,15,14,13,8,13,13,2,5,4,8,2,2,2,8,2,5,5,74,0,0,10,106,24,25,11,5,8,3,2,78,13,8,1,0,16,4,17,5,4,10,0,0,0,202,18
669,26,28,6,1,2,4,2,4,4,2,4,5,2,7,2,0,0,3,1,0,0,5,0,6,4,25,1,0,0,18,4,4,0,4,0,3,1,16,1,0,1,1,2,2,2,1,2,4,0,0,0,54,8
670,40,31,6,4,2,2,2,6,3,3,8,2,6,3,3,3,8,1,4,0,1,4,0,2,0,20,0,0,1,48,6,10,3,4,4,0,0,27,4,2,1,2,3,4,4,2,2,3,0,0,0,71,8
671,75,84,11,7,3,18,23,9,6,6,15,13,4,15,2,6,4,8,1,2,2,4,0,28,3,62,0,1,7,58,2,12,7,11,5,2,4,43,1,5,4,6,0,9,4,3,6,5,0,0,0,159,22
672,302,316,46,27,16,42,34,38,38,30,32,52,35,35,22,39,27,31,22,6,11,35,5,21,0,209,1,3,12,367,26,44,39,47,18,5,9,188,13,32,13,11,10,6,17,16,31,39,0,0,6,612,79
673,186,209,17,15,14,28,27,27,26,20,31,27,21,22,6,9,24,18,9,10,10,34,4,41,16,149,1,2,4,178,16,38,27,18,14,4,3,120,12,16,8,10,5,9,10,15,8,27,0,0,31,364,39
674,156,162,24,21,7,21,19,18,29,25,15,18,24,21,9,12,12,14,6,2,4,17,4,12,5,121,3,2,21,150,29,36,13,19,8,6,3,114,27,12,3,1,15,2,17,13,7,17,0,0,0,318,36
675,573,583,55,35,31,76,67,79,85,85,85,78,86,80,32,41,52,36,43,19,24,67,10,30,21,318,5,5,22,745,117,147,75,54,25,18,9,445,20,34,41,34,48,25,77,66,47,53,0,0,0,1156,106
676,202,199,24,13,16,44,33,19,28,19,20,19,25,28,8,11,24,21,4,8,16,21,1,34,27,171,1,0,12,155,43,39,21,9,15,8,7,142,31,8,7,8,25,2,20,14,16,11,0,0,0,401,39
677,97,88,14,3,4,11,14,16,16,13,8,12,7,15,5,6,6,5,4,2,6,18,0,24,7,37,1,0,5,111,8,19,11,13,6,3,0,60,1,3,3,6,9,3,11,10,3,11,0,0,6,179,22
678,77,93,18,10,5,13,11,8,11,6,12,12,16,10,5,6,11,8,4,1,1,2,1,17,5,40,1,0,7,99,20,16,10,12,1,3,2,64,4,4,5,2,13,3,2,8,8,15,0,0,0,170,18
679,59,66,10,7,2,12,7,15,12,5,6,3,10,5,2,5,1,1,6,4,4,8,0,27,2,68,1,0,4,23,5,11,4,4,5,0,5,34,1,4,0,1,6,1,7,5,4,5,0,0,3,122,14
680,218,240,30,10,12,29,25,34,33,31,38,24,37,34,15,10,21,19,12,12,5,27,3,17,14,126,0,0,6,292,38,60,40,25,6,3,4,176,14,9,16,21,15,9,27,22,15,28,0,0,0,458,38
681,29,27,6,5,0,3,3,8,0,5,0,1,4,3,0,0,6,1,2,3,2,4,0,18,5,2,0,1,1,29,1,6,2,2,2,2,1,16,2,1,0,0,3,2,5,1,0,2,0,0,0,56,7
682,250,253,22,17,14,45,41,26,33,25,33,28,41,39,17,20,31,21,9,8,9,24,0,56,2,151,0,2,11,281,33,61,33,28,14,7,3,179,8,18,13,17,18,23,17,17,18,30,0,0,0,503,52
683,0,0,0,0,0,0,0,0,0,0,0,0,0,0,0,0,0,0,0,0,0,0,0,0,0,0,0,0,0,0,0,0,0,0,0,0,0,0,0,0,0,0,0,0,0,0,0,0,0,0,0,0,0
684,514,485,69,48,24,83,61,75,68,50,57,61,60,77,24,32,38,40,22,15,28,67,9,117,37,323,3,8,27,475,76,89,62,54,32,18,9,340,85,19,8,10,36,8,58,32,29,55,0,0,0,999,113
685,0,0,0,0,0,0,0,0,0,0,0,0,0,0,0,0,0,0,0,0,0,0,0,0,0,0,0,0,0,0,0,0,0,0,0,0,0,0,0,0,0,0,0,0,0,0,0,0,0,0,0,0,0
686,218,245,18,15,17,35,24,51,37,27,20,22,28,38,9,14,18,23,12,11,9,35,2,45,67,81,2,5,10,251,19,56,25,30,10,9,4,153,10,23,2,10,19,15,24,17,9,24,0,0,0,463,53
687,378,320,39,23,19,52,51,60,56,44,41,33,37,48,20,23,27,34,18,17,14,42,3,80,2,188,2,2,10,411,105,66,45,26,21,10,7,280,28,14,11,16,37,19,43,47,29,36,0,0,0,698,64
688,183,196,26,16,15,43,27,21,19,18,18,17,27,36,12,12,20,13,7,5,7,20,0,1,5,164,1,0,4,204,13,27,25,24,10,7,6,112,5,21,10,7,6,3,11,11,11,27,0,0,0,379,47
689,0,0,0,0,0,0,0,0,0,0,0,0,0,0,0,0,0,0,0,0,0,0,0,0,0,0,0,0,0,0,0,0,0,0,0,0,0,0,0,0,0,0,0,0,0,0,0,0,0,0,0,0,0
690,781,741,76,42,41,103,87,93,90,64,76,99,122,104,57,59,96,93,58,36,60,66,7,162,38,144,2,6,33,1130,152,207,91,76,36,25,6,593,38,96,41,44,73,56,67,51,39,88,0,0,0,1522,143
691,132,140,10,3,8,22,15,23,21,19,15,16,18,23,6,14,18,15,3,3,6,14,0,9,8,49,0,3,16,187,40,33,13,16,7,2,2,113,5,12,2,6,14,8,18,25,9,14,0,0,0,272,27
692,89,109,15,8,5,26,18,12,8,14,10,12,10,16,5,6,7,5,4,1,2,14,1,48,3,57,0,1,9,79,12,10,6,11,10,4,2,55,2,6,4,4,12,3,2,9,5,8,0,0,14,184,27
693,106,116,12,10,2,15,22,12,17,16,11,14,10,9,9,11,14,17,2,5,2,12,5,1,2,66,0,1,4,143,26,27,18,6,10,1,1,89,7,9,4,5,11,6,16,13,11,7,0,0,0,222,18
694,597,590,72,31,37,99,74,80,73,55,47,62,69,73,42,42,80,52,47,32,47,73,2,116,15,117,5,6,33,893,105,137,67,59,34,20,10,432,30,45,30,40,56,38,45,44,36,68,0,0,0,1187,123
695,89,82,10,11,4,15,9,13,10,7,10,11,11,8,4,6,16,9,4,1,3,9,5,14,4,25,0,1,2,120,15,15,12,13,6,0,1,62,13,3,3,2,4,4,9,11,2,11,0,0,0,171,20
696,0,0,0,0,0,0,0,0,0,0,0,0,0,0,0,0,0,0,0,0,0,0,0,0,0,0,0,0,0,0,0,0,0,0,0,0,0,0,0,0,0,0,0,0,0,0,0,0,0,0,0,0,0
697,261,251,31,20,18,67,33,23,29,27,30,34,29,41,10,17,26,21,8,7,11,30,4,27,15,214,1,2,11,238,15,42,20,28,20,15,5,145,9,13,13,12,20,9,13,21,10,25,0,0,9,503,68
698,1184,1187,147,76,39,189,154,169,166,128,172,166,187,143,73,92,128,98,49,36,36,123,20,246,49,361,5,14,94,1582,201,302,176,118,54,25,18,894,65,80,58,81,72,93,91,106,105,143,0,0,0,2371,215
699,71,30,0,0,0,1,1,0,0,0,0,0,0,0,0,1,0,1,8,15,74,0,0,1,0,2,0,0,0,98,0,1,0,0,0,0,0,1,0,0,0,0,0,0,0,0,1,0,0,0,99,2,0
700,192,196,33,14,27,31,26,33,15,19,32,21,22,28,5,9,11,9,8,7,9,29,0,72,6,156,0,2,20,132,15,22,19,23,7,6,12,104,8,17,14,17,9,9,1,14,6,9,0,0,12,376,48
701,46,47,7,3,3,6,6,4,3,6,4,7,6,10,2,4,6,3,9,1,1,2,1,9,0,28,1,0,4,50,4,9,6,5,3,3,0,30,1,4,3,4,2,2,4,3,2,5,0,0,0,93,11
702,0,0,0,0,0,0,0,0,0,0,0,0,0,0,0,0,0,0,0,0,0,0,0,0,0,0,0,0,0,0,0,0,0,0,0,0,0,0,0,0,0,0,0,0,0,0,0,0,0,0,0,0,0
703,21,33,6,2,1,3,2,8,6,2,6,1,4,5,0,1,0,1,0,0,0,6,0,13,0,15,1,0,0,25,5,2,0,3,2,1,2,15,1,2,3,1,2,4,0,1,0,1,0,0,0,54,8
704,0,0,0,0,0,0,0,0,0,0,0,0,0,0,0,0,0,0,0,0,0,0,0,0,0,0,0,0,0,0,0,0,0,0,0,0,0,0,0,0,0,0,0,0,0,0,0,0,0,0,0,0,0
705,0,0,0,0,0,0,0,0,0,0,0,0,0,0,0,0,0,0,0,0,0,0,0,0,0,0,0,0,0,0,0,0,0,0,0,0,0,0,0,0,0,0,0,0,0,0,0,0,0,0,0,0,0
706,400,405,43,20,22,73,66,65,60,26,36,41,50,64,23,27,33,33,23,14,31,55,1,75,15,242,1,4,10,457,79,66,58,44,19,17,6,289,66,15,12,15,44,6,51,22,28,30,0,0,0,805,86
707,0,0,0,0,0,0,0,0,0,0,0,0,0,0,0,0,0,0,0,0,0,0,0,0,0,0,0,0,0,0,0,0,0,0,0,0,0,0,0,0,0,0,0,0,0,0,0,0,0,0,0,0,0
708,36,24,3,3,3,9,5,11,1,3,2,4,2,3,1,3,0,2,0,0,0,5,1,5,8,18,0,0,11,17,3,4,2,2,3,2,1,17,2,0,1,1,4,1,1,3,1,3,0,0,0,60,8
709,0,0,0,0,0,0,0,0,0,0,0,0,0,0,0,0,0,0,0,0,0,0,0,0,0,0,0,0,0,0,0,0,0,0,0,0,0,0,0,0,0,0,0,0,0,0,0,0,0,0,0,0,0
710,91,109,15,10,1,9,6,20,16,10,10,19,19,11,3,11,8,8,9,3,5,7,2,29,3,52,0,2,7,105,3,32,11,12,5,3,1,67,6,12,5,5,7,11,5,4,2,10,0,0,0,200,21
711,232,207,30,17,10,33,29,19,38,24,37,24,32,32,7,12,22,16,11,4,5,37,1,39,3,118,1,2,16,259,24,50,21,24,15,7,5,146,4,13,13,15,6,30,16,18,9,22,0,0,0,439,51
712,207,176,40,13,15,27,33,38,12,23,15,15,22,28,8,8,18,11,8,6,10,33,1,47,1,134,0,2,13,185,12,30,27,26,16,5,2,118,24,10,7,2,16,1,10,11,16,21,0,0,0,383,49
713,115,114,16,5,5,19,11,20,14,17,15,14,21,19,4,4,13,4,8,1,5,14,1,4,15,74,0,0,4,131,17,17,19,9,6,6,2,76,1,9,4,7,8,10,15,8,6,8,0,0,3,226,23
714,17,26,1,0,0,2,8,6,3,3,1,0,2,2,1,2,2,4,1,3,1,1,5,1,0,12,0,0,0,25,2,8,3,2,0,0,1,16,1,2,1,0,1,0,2,4,1,4,0,0,0,43,3
715,85,83,15,5,3,10,17,14,14,7,6,15,9,6,2,6,13,7,3,3,4,9,2,27,2,33,1,0,11,92,8,21,14,8,5,2,1,59,11,4,4,3,0,6,11,11,5,4,0,0,0,168,16
716,411,400,50,42,20,69,50,58,57,43,50,50,56,68,24,21,42,22,19,7,11,52,5,46,20,295,1,2,34,408,33,74,38,48,32,15,8,248,16,24,14,19,28,14,19,44,35,35,0,0,7,804,103
717,312,310,33,17,17,50,44,46,51,25,45,26,50,36,18,22,32,24,16,14,9,47,5,18,6,192,4,2,17,378,59,92,29,23,18,5,10,236,26,19,16,22,9,23,34,31,29,27,0,0,0,622,56
718,0,0,0,0,0,0,0,0,0,0,0,0,0,0,0,0,0,0,0,0,0,0,0,0,0,0,0,0,0,0,0,0,0,0,0,0,0,0,0,0,0,0,0,0,0,0,0,0,0,0,0,0,0
719,151,158,11,13,13,24,29,16,28,16,17,22,26,20,11,17,13,9,5,1,4,14,1,49,2,65,2,2,13,175,12,40,20,15,9,6,2,104,7,12,4,13,11,15,12,9,9,12,0,0,0,309,32
720,1,3,0,0,0,0,0,0,0,0,0,2,0,0,0,0,1,1,0,0,0,0,0,0,0,3,0,0,0,1,1,0,1,0,0,0,0,2,1,0,0,0,0,0,1,0,0,0,0,0,0,4,0
721,199,230,20,11,11,24,30,38,37,19,29,31,25,23,16,25,25,10,8,5,9,33,3,51,2,73,0,2,14,284,44,66,30,14,12,5,2,173,11,12,11,21,5,19,14,23,25,32,0,0,0,429,33
722,170,212,17,14,7,42,10,29,35,19,21,28,26,26,8,13,18,16,14,6,7,26,3,62,4,110,2,2,13,186,21,21,30,23,13,5,5,118,6,17,10,7,5,6,14,16,8,29,0,0,0,382,46
723,2,3,0,0,0,0,0,1,0,0,0,0,0,0,0,1,1,0,1,0,1,0,0,0,0,0,1,1,0,3,0,1,1,0,0,0,0,2,0,1,0,0,0,0,0,0,0,1,0,0,0,5,0
724,647,620,88,41,23,91,87,111,84,76,66,62,74,93,20,42,72,45,34,24,43,91,4,128,33,479,2,6,34,581,114,106,78,77,35,22,11,443,97,17,17,17,52,18,88,40,49,48,0,0,0,1267,145
725,264,274,42,13,10,28,29,37,40,32,36,29,34,36,14,22,26,32,12,17,17,32,2,22,7,123,1,4,11,368,54,63,37,16,16,12,2,200,14,20,10,17,22,11,21,26,26,33,0,0,16,522,46
726,244,193,27,25,9,39,33,33,43,30,17,22,24,27,5,9,21,15,15,4,10,29,9,3,5,123,1,3,12,281,43,48,26,19,15,9,2,162,8,19,10,16,16,11,19,21,21,21,0,0,0,437,45
727,1,2,0,0,0,0,1,0,2,0,0,0,0,0,0,0,0,0,0,0,0,0,0,0,0,3,0,0,0,0,0,0,1,0,0,0,0,1,0,1,0,0,0,0,0,0,0,0,0,0,0,3,0
728,29,30,4,2,1,2,1,4,6,2,1,3,2,3,4,2,4,7,1,1,6,3,0,9,0,20,0,0,1,29,1,4,1,5,3,2,0,16,0,2,1,1,1,7,1,0,2,1,0,0,0,59,10
729,79,58,12,14,3,11,9,10,8,4,12,6,7,8,4,1,8,3,2,1,1,13,0,22,1,47,0,1,5,61,8,7,8,8,3,3,3,40,8,9,2,1,4,1,5,4,2,4,0,0,0,137,17
730,166,170,19,8,7,26,30,19,30,25,21,12,25,23,6,16,20,15,9,10,4,11,1,42,15,83,0,1,6,188,35,40,21,19,11,3,1,130,28,10,0,4,15,5,14,9,18,27,0,0,0,336,34
731,733,713,60,40,38,121,99,122,122,73,111,84,84,91,41,53,74,60,31,21,31,90,9,224,3,282,1,3,41,883,118,206,110,69,32,6,14,555,28,48,43,52,27,49,46,76,69,117,0,0,0,1446,121
732,291,264,38,22,12,42,32,40,45,25,29,23,42,43,23,27,31,17,12,5,10,37,0,68,3,133,0,2,17,332,39,58,36,26,17,13,3,192,13,36,10,12,10,7,15,29,25,35,0,0,0,555,59
733,41,43,8,2,0,4,5,5,7,11,4,5,10,4,3,3,2,1,4,0,1,5,1,3,2,23,0,2,1,52,3,12,9,2,0,1,2,29,2,5,1,3,2,3,4,3,3,3,0,0,0,84,5
734,977,942,122,57,39,124,115,168,139,123,111,124,143,125,45,60,104,80,42,35,47,116,10,245,18,421,2,9,73,1141,143,236,118,107,43,40,8,695,58,86,38,38,37,53,95,102,78,110,0,0,0,1919,198
735,0,0,0,0,0,0,0,0,0,0,0,0,0,0,0,0,0,0,0,0,0,0,0,0,0,0,0,0,0,0,0,0,0,0,0,0,0,0,0,0,0,0,0,0,0,0,0,0,0,0,0,0,0
736,0,0,0,0,0,0,0,0,0,0,0,0,0,0,0,0,0,0,0,0,0,0,0,0,0,0,0,0,0,0,0,0,0,0,0,0,0,0,0,0,0,0,0,0,0,0,0,0,0,0,0,0,0
737,696,660,56,49,36,117,90,76,71,62,78,80,97,71,37,58,83,82,49,37,46,81,8,169,40,143,8,8,25,955,108,183,84,69,29,21,10,504,28,77,35,37,66,49,45,47,44,76,0,0,0,1356,129
738,48,53,5,4,4,14,11,7,6,5,7,3,2,9,2,3,2,4,1,5,0,7,12,1,0,32,0,0,0,56,13,10,2,2,3,2,3,35,6,5,1,0,7,3,5,6,2,0,0,0,0,101,10
739,1042,1026,121,64,56,144,137,171,159,127,142,131,149,112,38,76,111,89,48,26,46,121,16,234,62,243,7,9,82,1415,220,267,144,109,47,18,13,818,68,87,50,65,76,84,78,99,84,127,0,0,0,2068,187
740,2,2,0,0,0,2,0,0,0,0,0,0,1,0,0,0,0,0,1,0,0,0,0,0,0,0,0,0,0,4,0,0,0,1,0,0,0,1,0,0,0,0,0,1,0,0,0,0,0,0,0,4,1
741,115,110,13,10,4,20,11,12,15,10,7,19,20,24,2,8,13,7,6,1,8,15,1,13,0,76,1,1,7,126,16,19,11,15,5,3,4,73,3,11,5,5,2,5,15,7,11,9,0,0,0,225,27
742,295,271,37,17,10,47,52,40,41,33,29,36,52,30,11,17,22,24,17,12,14,25,7,11,12,146,1,4,9,376,47,77,35,19,16,8,5,207,13,18,14,19,12,20,37,29,20,25,0,0,14,552,48
743,440,423,36,26,19,64,61,70,57,60,70,59,59,44,23,40,45,30,17,15,22,46,5,154,26,158,3,3,22,492,72,115,63,54,17,5,5,331,42,45,37,41,29,38,13,28,23,35,0,0,0,863,81
744,626,578,46,21,22,88,80,122,109,83,69,66,71,68,31,47,94,57,25,16,28,61,9,188,5,199,1,3,24,775,118,196,89,47,21,9,10,490,19,37,36,53,31,49,38,54,60,113,0,0,0,1204,87
745,141,151,14,12,9,21,16,13,24,18,20,15,26,25,1,8,17,10,5,3,8,27,0,18,13,89,0,2,17,153,9,21,23,16,9,7,2,87,4,8,1,2,12,7,7,14,14,18,0,0,5,287,34
746,122,115,14,23,8,22,15,15,13,9,12,13,10,15,10,7,9,7,5,1,5,24,6,19,9,88,0,0,6,109,14,11,6,10,12,7,5,65,5,7,1,3,7,1,7,17,5,12,0,0,0,237,34
747,549,530,57,37,19,74,77,108,87,90,66,55,70,48,31,26,60,29,31,14,30,70,5,32,8,359,3,2,22,648,168,132,73,41,26,9,10,459,33,48,24,28,53,47,59,53,46,68,0,0,0,1079,86
748,367,327,46,24,29,64,58,57,52,33,40,37,32,39,7,29,39,19,15,14,8,52,2,9,51,252,0,2,6,372,38,69,44,48,22,10,2,233,11,28,20,14,17,19,38,21,32,33,0,0,7,687,82
749,298,335,31,19,13,48,40,44,60,36,35,42,45,35,19,28,42,27,15,14,15,25,9,15,2,144,0,3,9,451,74,80,45,32,14,4,5,254,17,17,12,22,24,17,52,31,24,38,0,0,0,633,55
750,15,16,1,2,2,1,1,2,2,4,2,4,2,1,1,0,3,1,0,0,0,2,1,0,3,11,0,1,4,11,3,4,2,1,2,0,0,12,0,3,0,1,0,2,1,1,0,4,0,0,0,31,3
751,213,219,14,15,13,27,26,27,39,27,31,26,38,21,12,15,28,13,12,12,15,21,2,12,6,106,1,3,8,294,52,60,31,18,10,6,1,178,13,8,12,19,15,10,36,23,16,26,0,0,0,432,35
752,244,249,49,30,20,21,39,18,34,32,41,38,37,36,9,11,14,10,19,9,5,21,2,137,15,119,2,0,28,190,14,34,30,36,20,10,2,146,9,29,10,17,9,19,4,13,16,20,0,0,0,493,68
753,447,416,76,36,26,80,43,64,65,57,48,49,51,64,17,25,33,22,18,10,12,67,4,61,61,268,1,2,20,446,49,68,41,38,26,25,15,262,18,32,8,12,46,20,19,47,25,35,0,0,0,863,104
754,909,903,95,56,29,128,121,113,111,100,90,113,117,131,53,77,108,78,73,51,51,117,7,188,24,319,5,7,58,1204,111,247,114,85,42,40,9,648,16,85,58,72,53,51,84,60,61,108,0,0,0,1812,176
755,200,174,14,17,9,25,36,33,20,19,24,23,17,12,13,14,32,20,10,8,9,19,1,75,1,55,2,1,11,228,42,64,35,12,5,3,1,162,13,15,14,15,4,20,8,23,23,27,0,0,0,374,21
756,88,147,13,5,7,15,14,28,22,13,13,18,17,10,5,8,11,9,5,3,1,18,1,35,7,77,0,3,13,99,17,19,15,10,8,3,1,73,2,15,2,6,6,14,8,5,4,11,0,0,29,206,22
757,394,329,53,29,22,66,49,43,33,38,47,44,50,52,18,25,51,27,21,4,19,32,2,135,1,153,0,2,25,405,18,63,54,49,22,16,2,224,19,33,16,29,18,29,18,15,16,31,0,0,0,723,89
758,58,22,0,0,0,0,0,0,0,0,0,0,0,0,0,0,3,4,7,14,52,0,0,0,0,1,0,0,0,79,0,0,0,0,0,0,0,0,0,0,0,0,0,0,0,0,0,0,0,0,80,0,0
759,2,4,0,0,0,0,0,0,2,0,2,1,0,0,1,0,0,0,0,0,0,0,0,0,0,0,0,0,0,6,0,1,0,1,0,0,0,2,0,1,0,0,0,0,0,0,1,0,0,0,0,6,1
760,142,149,17,6,13,24,14,21,24,15,12,19,20,18,11,15,19,13,9,2,3,16,2,35,1,67,0,1,9,176,16,28,26,16,8,3,1,98,3,15,9,11,6,12,10,7,10,15,0,0,10,281,28
761,846,743,79,49,28,102,101,135,124,100,98,90,107,125,43,56,81,69,48,29,32,93,9,215,8,327,1,8,47,974,160,248,92,73,30,16,15,634,38,57,49,69,38,44,42,72,90,135,0,0,0,1589,134
762,480,463,89,41,37,92,60,62,60,52,51,59,61,61,19,28,54,21,20,8,10,58,2,25,34,358,6,4,18,496,48,71,57,54,28,17,14,289,21,17,14,23,48,16,26,44,30,50,0,0,10,933,113
763,1038,1006,114,56,56,149,149,155,154,119,116,115,146,144,55,60,101,88,58,29,50,130,8,279,18,482,14,8,85,1150,139,237,150,98,57,43,6,730,60,91,42,45,54,44,94,94,78,128,0,0,0,2044,204
764,431,436,54,38,21,66,60,55,60,48,50,56,52,58,21,27,46,38,25,21,18,53,5,29,41,328,1,2,11,450,54,102,45,36,22,18,12,289,17,39,14,19,20,32,42,26,29,51,0,0,15,852,88
765,79,79,4,3,2,16,5,10,14,12,11,17,8,11,4,3,8,12,7,1,3,7,3,22,1,34,1,1,1,95,14,25,14,7,2,1,1,64,4,5,4,9,2,6,8,8,10,8,0,0,0,158,11
766,454,446,52,31,19,67,60,65,57,40,58,47,71,56,28,46,59,40,34,13,16,41,10,92,5,168,4,3,14,604,68,137,72,33,19,7,9,345,20,52,34,49,26,44,23,19,28,50,0,0,0,900,68
767,580,510,72,40,39,86,81,68,69,37,60,59,92,77,47,38,61,43,28,20,20,53,5,213,26,276,5,8,31,526,37,115,84,56,30,25,6,353,23,35,27,32,27,58,33,27,31,60,0,0,0,1090,117
768,714,687,104,60,38,93,90,110,60,75,98,103,105,108,38,37,69,41,24,11,32,105,9,200,24,447,4,8,44,665,67,116,101,88,46,22,9,449,55,75,37,42,18,49,28,56,37,52,0,0,12,1389,165
769,337,288,28,22,21,66,39,46,35,24,44,38,46,34,22,24,40,27,15,13,13,28,1,75,3,96,3,3,12,432,50,78,47,30,19,4,5,233,11,27,27,18,14,40,19,16,23,38,0,0,0,625,58
770,1857,1920,321,149,131,288,233,236,220,241,270,279,240,277,86,117,147,137,71,35,50,249,18,835,149,1061,4,20,135,1555,82,277,233,257,138,66,40,1093,50,202,117,124,58,128,56,129,92,137,0,0,0,3777,501
771,346,319,67,19,16,34,56,48,64,35,40,40,38,45,10,19,24,29,18,10,12,41,2,118,1,104,1,2,28,409,52,71,35,32,24,13,5,232,17,19,16,14,12,14,32,32,39,37,0,0,0,665,74
772,1023,941,136,69,58,133,139,146,137,103,113,102,111,117,34,75,76,82,56,48,113,116,12,221,11,261,6,8,65,1380,208,289,105,72,47,31,19,771,44,64,45,64,82,35,83,131,91,132,0,0,0,1964,169
773,152,149,9,8,5,23,15,29,19,18,22,19,23,13,4,10,19,18,2,10,10,25,0,48,0,57,0,0,20,176,30,51,22,10,7,2,2,124,10,13,10,9,10,7,6,21,12,26,0,0,0,301,21
774,21,29,7,3,1,1,4,2,2,3,1,3,2,8,2,0,2,2,1,0,0,6,0,4,0,27,0,0,0,19,4,3,3,0,1,0,3,14,1,1,2,3,1,1,1,0,0,4,0,0,0,50,4
775,1035,939,107,53,56,156,124,176,170,111,108,92,108,148,53,69,109,76,54,31,39,134,9,238,23,455,5,7,86,1151,136,216,140,95,58,34,13,692,51,84,35,44,47,45,100,90,78,118,0,0,0,1974,200
776,2,12,0,0,0,2,3,2,2,0,2,0,0,0,0,0,1,0,0,0,2,0,0,0,0,12,0,0,2,0,1,0,0,1,0,0,1,3,0,2,0,0,0,0,0,1,0,0,0,0,0,14,2
777,128,121,9,13,7,37,19,11,13,9,19,21,13,14,3,15,16,7,6,4,3,10,2,30,6,59,2,1,10,139,15,26,20,12,5,4,3,85,6,11,9,7,5,10,7,7,5,18,0,0,0,249,24
778,41,35,3,1,3,16,10,2,1,4,2,7,7,4,4,3,3,1,1,1,0,3,0,3,1,34,0,0,1,37,1,7,5,5,1,2,1,22,5,1,2,2,1,3,1,4,0,3,0,0,0,76,9
779,87,90,14,6,4,22,7,3,12,12,8,10,7,22,3,4,14,1,4,2,2,20,0,20,20,70,0,1,4,62,10,8,12,6,4,8,3,51,3,5,2,3,10,1,7,5,3,12,0,0,0,177,21
780,22,30,1,1,2,6,1,1,3,3,7,3,4,8,2,1,3,2,2,0,1,1,1,17,0,2,0,0,1,31,2,8,3,2,1,2,0,18,2,3,0,4,1,1,0,2,3,2,0,0,0,52,5
781,601,599,73,35,29,80,72,90,74,78,88,87,75,47,35,44,64,43,47,25,35,79,4,169,43,243,4,3,25,709,103,156,87,54,29,18,7,454,58,78,38,63,42,52,20,40,23,40,0,0,0,1200,108
782,594,491,55,23,23,64,57,93,74,54,66,47,55,71,16,28,40,33,39,43,142,62,3,32,11,297,1,1,19,721,120,115,45,35,23,13,10,361,17,48,11,27,44,28,56,44,39,47,0,0,184,901,81
783,155,354,57,132,43,20,24,22,28,23,17,12,26,18,8,9,11,9,11,2,7,30,3,40,21,72,1,3,9,360,48,38,13,10,2,1,4,116,8,13,6,12,10,10,14,10,13,20,0,0,258,251,17
784,1,0,0,0,0,0,1,0,0,0,0,0,0,0,0,0,0,0,0,0,0,0,0,0,0,1,0,0,0,0,1,0,0,0,0,0,0,1,0,0,0,0,0,0,0,0,0,1,0,0,0,1,0
785,955,861,141,86,40,120,99,115,111,104,119,111,143,126,40,57,97,90,46,28,28,115,10,272,38,512,4,4,47,929,45,172,143,111,52,35,10,568,74,82,56,71,44,60,31,42,37,71,0,0,0,1816,208
786,148,142,11,6,7,12,26,27,26,19,12,17,22,16,11,12,12,15,10,2,12,15,0,59,1,44,0,1,18,167,30,43,18,14,7,1,3,116,8,10,8,8,4,11,14,15,14,24,0,0,0,290,25
787,0,0,0,0,0,0,0,0,0,0,0,0,0,0,0,0,0,0,0,0,0,0,0,0,0,0,0,0,0,0,0,0,0,0,0,0,0,0,0,0,0,0,0,0,0,0,0,0,0,0,0,0,0
788,308,250,48,14,22,48,40,26,38,19,26,45,41,35,20,23,26,19,15,8,8,37,4,69,9,152,1,2,21,300,13,50,28,45,22,6,4,168,3,31,20,15,15,17,14,9,18,26,0,0,0,558,77
789,699,671,90,55,44,97,74,93,90,93,74,88,108,91,27,47,69,52,39,25,40,74,11,177,27,292,4,5,28,826,93,176,92,76,31,14,13,495,56,80,51,63,47,52,29,44,22,51,0,0,0,1370,134
790,253,228,22,10,12,29,34,33,41,29,28,29,27,41,7,22,27,25,8,6,15,36,4,58,2,133,1,2,11,270,41,74,31,18,10,2,8,184,10,9,14,21,17,13,9,16,30,45,0,0,0,481,38
791,509,488,53,28,17,70,56,51,70,71,62,54,73,54,28,41,72,46,33,22,26,70,5,80,3,184,1,4,19,701,74,141,67,56,26,9,4,377,19,42,34,51,31,62,19,31,35,53,0,0,0,997,95
792,2121,1908,225,127,100,287,302,328,262,180,212,213,235,277,99,113,178,178,135,117,219,242,17,399,32,589,4,17,82,2889,405,544,216,189,103,54,36,1547,130,151,113,105,164,70,158,223,185,248,0,0,0,4029,382
793,145,123,11,5,7,26,35,17,21,8,9,16,14,20,5,8,13,10,5,5,9,24,1,8,1,98,0,3,2,155,30,32,16,7,9,5,3,102,10,10,4,3,13,15,10,12,10,15,0,0,0,268,24
794,14,8,1,0,0,2,1,1,1,0,3,0,1,6,0,0,0,1,0,0,0,5,0,7,0,9,0,0,0,6,0,0,1,1,0,1,1,4,0,0,1,0,1,1,1,0,0,0,0,0,0,22,3
795,505,474,51,34,28,53,38,63,58,66,61,64,87,61,23,41,58,58,35,18,25,57,11,115,3,170,2,4,13,661,78,125,81,36,34,8,6,368,12,52,30,51,19,49,17,34,36,68,0,0,0,979,84
796,513,508,69,34,23,71,71,71,79,44,67,68,61,53,26,46,68,30,33,18,27,62,8,53,42,237,4,2,55,620,78,117,72,56,25,15,6,369,32,40,18,13,49,22,31,71,35,58,0,0,0,1021,102
797,238,233,26,11,8,29,33,41,22,24,22,25,39,23,16,23,27,22,13,18,17,32,6,30,9,77,1,2,8,338,44,64,30,25,11,9,0,183,5,22,14,15,10,18,27,16,22,34,0,0,0,471,45
798,25,38,2,3,0,6,5,5,9,2,2,2,5,5,4,1,5,3,2,0,1,1,1,10,0,13,0,0,0,39,4,11,7,2,0,0,1,25,2,2,2,1,1,2,2,2,2,9,0,0,0,63,3
799,396,414,74,34,25,67,72,66,45,37,46,49,35,61,19,25,36,25,13,13,16,52,7,45,26,406,2,5,11,308,55,69,29,39,27,19,14,252,40,9,3,10,30,6,51,40,25,38,0,0,13,797,99
800,141,136,22,13,9,20,19,18,19,11,16,15,14,26,9,14,7,9,3,2,7,24,0,15,5,105,1,2,18,131,12,15,24,10,10,8,3,82,3,8,6,3,10,2,12,12,12,14,0,0,2,275,31
801,1102,1004,135,58,53,157,149,148,145,131,147,144,129,133,47,66,100,90,32,34,55,153,20,141,98,554,2,7,60,1224,146,175,134,118,59,35,12,679,42,74,27,50,68,38,70,90,94,126,0,0,133,1973,224
802,161,151,16,4,11,16,36,29,21,4,19,22,21,21,2,8,21,17,10,6,6,22,3,25,0,116,1,2,18,147,26,29,22,19,6,4,4,110,6,21,13,8,3,8,21,9,5,16,0,0,0,312,33
803,165,164,23,17,7,19,29,24,23,19,15,11,30,26,8,12,13,12,12,3,5,21,3,40,3,110,0,0,14,159,20,23,24,20,8,6,4,105,2,9,9,12,8,9,10,11,15,20,0,0,0,329,38
804,474,440,47,22,17,63,65,57,59,45,64,58,76,49,20,51,69,42,28,18,25,39,2,90,5,155,0,1,13,648,69,128,62,40,25,9,7,340,14,44,36,37,18,53,25,31,31,51,0,0,7,907,81
805,139,150,14,11,14,16,22,31,13,15,20,16,10,25,5,15,14,8,1,4,3,32,2,23,6,115,1,1,9,132,16,22,17,17,11,8,1,92,4,9,5,4,17,4,10,12,11,16,0,0,0,289,37
806,63,79,5,2,6,13,11,12,6,9,17,8,6,15,3,2,6,7,2,3,3,6,1,10,9,23,1,1,6,91,1,12,1,5,2,4,1,26,3,5,1,1,1,1,1,4,6,3,0,0,51,91,12
807,97,112,11,8,4,12,10,15,11,13,16,20,9,14,3,8,25,11,7,3,3,6,2,36,7,52,1,1,3,107,5,18,11,14,7,3,3,61,4,5,4,4,1,12,8,9,5,9,0,0,0,209,27
808,199,195,12,7,3,25,28,38,34,26,25,18,22,33,14,7,15,20,15,10,12,30,0,17,1,127,1,4,7,237,54,49,30,15,8,2,5,163,10,20,7,6,22,16,16,27,17,22,0,0,0,394,30
809,139,122,13,11,3,17,26,28,22,20,16,24,15,16,3,5,7,3,4,4,4,20,0,9,9,91,0,1,4,147,40,39,16,9,5,4,1,114,6,12,4,6,16,15,15,20,9,11,0,0,0,261,19
810,315,311,25,20,22,46,41,55,38,29,32,26,40,40,18,20,35,35,21,21,24,38,5,7,25,144,6,3,14,422,68,96,39,27,6,13,4,253,63,14,7,7,36,6,64,17,18,21,0,0,0,626,50
811,33,21,4,1,2,2,7,4,4,0,2,0,3,1,2,3,5,4,6,2,0,2,0,5,0,4,0,0,2,43,7,9,5,1,2,0,0,24,4,3,3,1,5,1,2,0,2,3,0,0,0,54,3
812,236,220,34,17,9,42,37,30,30,28,27,21,28,32,14,13,20,20,13,7,7,27,3,70,15,160,0,4,10,194,31,45,25,27,12,10,4,154,26,23,10,16,11,21,7,15,9,16,0,0,0,456,53
813,276,295,27,13,14,40,54,44,53,40,30,29,34,37,13,24,36,15,18,11,10,29,3,89,2,118,0,2,15,342,44,85,40,29,11,3,6,218,6,16,19,23,9,16,19,32,27,51,0,0,0,571,49
814,609,579,74,57,36,96,82,72,71,64,81,75,87,72,29,39,67,42,31,22,22,69,8,165,18,337,6,4,22,628,44,116,81,80,38,16,8,383,43,44,40,38,33,58,20,27,19,61,0,0,0,1188,142
815,611,584,76,42,29,100,73,80,86,62,74,68,81,72,29,50,55,60,44,20,27,67,13,64,3,157,6,6,36,910,100,144,69,77,30,12,9,441,28,37,34,54,25,71,51,41,47,53,0,0,0,1195,128
816,272,271,44,19,19,28,29,38,39,33,29,31,34,53,11,18,22,20,9,6,15,46,4,55,7,182,2,3,14,276,23,52,29,26,21,12,6,169,21,22,13,23,9,18,8,17,19,19,0,0,0,543,65
817,141,164,13,25,13,16,22,22,24,16,17,9,18,11,10,14,8,3,8,16,24,16,5,17,4,32,0,0,4,243,56,38,19,5,2,0,2,122,9,14,5,11,13,15,16,8,9,22,0,0,70,235,9
818,66,74,6,6,4,11,11,17,9,11,7,7,7,13,1,4,6,5,0,3,2,10,1,8,2,52,1,0,0,76,26,19,7,4,5,1,1,63,6,5,2,1,12,3,8,4,10,12,0,0,0,140,11
819,44,38,4,5,6,7,6,7,7,4,5,5,1,13,2,1,3,1,0,0,0,5,0,0,0,37,0,0,0,45,2,4,4,5,2,1,3,21,2,2,2,0,0,0,3,4,4,4,0,0,0,82,11
820,193,146,29,13,8,21,30,21,17,18,28,14,15,29,4,7,20,14,7,4,6,34,1,28,11,196,0,0,13,90,15,25,17,20,13,13,0,103,13,6,1,2,25,4,25,14,7,6,0,0,0,339,46
821,109,136,26,10,9,12,28,14,12,15,13,10,18,13,3,9,18,6,4,7,2,16,4,48,2,91,0,0,5,95,7,19,21,12,5,5,4,73,4,8,7,5,7,4,1,11,9,17,0,0,0,245,26
822,382,361,60,27,21,69,75,63,41,42,41,35,39,70,9,17,22,24,14,10,5,59,4,165,36,238,4,5,24,267,9,45,47,46,40,12,6,205,13,29,20,28,10,26,15,24,14,26,0,0,0,743,104
823,11,10,0,0,1,2,3,1,2,0,1,1,2,3,1,0,0,1,0,1,1,1,1,2,0,9,0,0,0,9,6,2,1,0,0,0,1,10,0,2,0,0,1,1,1,3,2,0,0,0,0,21,1
824,385,390,53,36,28,59,55,48,42,34,41,46,63,39,28,31,43,30,17,18,17,47,4,53,23,166,3,0,37,489,47,76,45,43,29,15,4,259,18,28,17,15,24,16,18,44,36,43,0,0,0,775,91
825,1000,1022,112,68,42,156,119,119,139,124,115,116,167,132,53,74,121,74,58,47,59,127,8,210,21,476,4,14,60,1229,119,252,140,97,55,35,12,710,31,83,55,72,53,67,102,53,71,123,0,0,8,2014,199
826,495,498,83,36,29,92,76,78,70,42,47,61,56,71,23,36,35,35,18,14,15,76,8,62,52,415,2,5,25,424,32,70,57,58,40,27,7,291,51,16,11,8,34,8,57,41,31,34,0,0,0,993,132
827,417,435,42,31,22,68,65,69,63,46,46,39,67,64,24,31,40,30,21,6,20,58,4,50,46,294,2,4,19,433,62,71,71,51,22,16,3,296,30,29,13,15,46,10,20,46,45,42,0,0,0,852,92
828,329,315,35,20,9,30,31,66,64,45,44,36,47,46,13,24,21,28,23,10,17,35,2,21,8,220,1,1,13,378,88,67,57,26,17,5,4,264,17,33,11,13,27,21,43,35,21,43,0,0,0,644,52
829,75,56,1,2,3,4,9,18,14,4,6,8,12,4,4,2,7,10,5,4,6,8,0,5,3,15,0,3,0,105,24,21,7,5,2,1,1,61,6,8,3,2,9,6,6,6,7,8,0,0,0,131,9
830,9,14,1,0,0,1,1,2,1,3,3,1,0,2,0,0,2,1,1,2,1,1,0,4,1,4,0,0,3,11,2,4,3,1,0,0,0,10,0,1,3,0,1,0,0,2,1,2,0,0,0,23,1
831,252,238,33,16,10,28,48,37,33,18,25,30,31,37,12,21,29,17,7,6,11,41,4,28,0,97,0,2,13,346,31,56,26,34,15,0,7,169,10,15,18,15,12,32,22,11,17,17,0,0,0,490,56
832,707,666,94,58,41,100,92,95,91,88,96,112,99,92,43,38,64,42,23,15,22,68,6,297,44,375,5,4,62,580,37,105,114,100,39,19,9,423,24,64,42,54,14,59,27,52,32,55,0,0,0,1373,167
833,837,771,115,74,42,128,127,108,95,86,86,103,117,98,49,60,77,64,36,14,20,109,5,256,25,387,1,7,48,879,60,163,88,86,68,33,9,507,38,45,32,63,30,72,49,37,68,73,0,0,5,1603,196
834,405,394,54,30,21,66,49,54,55,41,42,54,59,77,18,21,34,22,26,12,12,52,4,25,37,412,3,3,9,306,57,69,43,53,24,16,6,268,56,12,8,13,27,8,52,28,22,42,0,0,0,799,99
835,198,201,23,13,9,22,26,46,29,25,27,31,28,17,9,9,13,20,15,10,10,17,2,11,7,128,1,2,3,245,65,56,19,15,6,3,7,171,12,13,8,10,20,14,25,27,19,23,0,0,0,399,31
836,821,795,102,60,52,121,128,97,89,89,114,105,105,144,35,51,78,61,40,26,33,86,10,210,40,394,2,4,49,907,63,145,108,105,55,34,5,515,51,79,55,61,50,70,39,39,25,46,0,0,0,1616,199
837,365,349,35,26,21,47,47,61,42,41,42,48,45,36,17,41,40,33,30,18,19,25,21,64,11,152,4,2,19,441,37,99,55,28,18,13,4,254,12,30,22,31,15,17,32,31,24,40,0,0,0,714,63
838,218,187,26,12,8,40,22,29,21,16,17,18,27,32,8,12,19,15,16,14,10,43,3,58,18,164,0,5,11,146,12,24,19,21,14,11,8,109,6,14,10,8,8,5,4,20,11,23,0,0,0,405,54
839,129,131,19,12,12,23,21,19,17,11,18,13,22,20,4,3,8,7,6,7,2,16,1,33,9,80,0,1,7,129,13,23,14,22,7,6,0,85,12,14,6,7,10,10,4,9,7,6,0,0,0,260,35
840,642,701,98,61,42,116,84,95,88,68,72,74,91,98,41,46,62,49,33,20,30,75,4,116,8,569,5,5,58,578,63,102,94,62,56,33,7,417,28,50,32,41,47,16,67,44,26,66,0,0,12,1331,158
841,173,163,14,9,10,23,24,34,27,30,23,25,16,20,7,8,16,18,6,2,6,18,0,8,1,107,1,2,5,212,44,44,26,14,8,5,0,141,9,15,7,10,16,11,16,21,15,21,0,0,0,336,27
842,297,302,38,28,19,45,39,47,42,41,25,35,31,58,13,20,21,16,14,5,6,56,3,40,35,258,3,1,16,243,19,45,39,27,27,15,4,176,38,6,6,8,22,2,30,25,23,16,0,0,7,592,73
843,257,226,24,9,15,45,43,24,31,22,24,26,38,20,15,26,29,21,16,6,9,40,3,31,0,78,1,5,9,356,42,44,33,28,15,7,3,172,9,17,12,21,14,28,10,27,18,16,0,0,0,483,53
844,178,161,23,12,11,27,25,30,12,15,15,19,22,35,10,10,11,9,8,7,6,32,2,14,10,171,2,1,9,130,32,21,19,18,13,5,5,113,24,5,6,2,8,6,19,17,12,14,0,0,0,339,41
845,894,825,146,83,49,147,121,108,126,120,105,122,97,152,30,43,55,48,23,11,13,120,2,370,28,957,4,4,56,298,35,110,101,93,69,54,15,477,26,65,37,43,66,18,84,43,28,67,0,0,0,1719,231
846,20,30,3,1,2,6,6,5,5,2,0,2,2,1,1,2,2,3,1,2,0,4,0,13,0,11,0,0,8,18,6,2,2,3,2,2,0,17,0,1,1,1,1,0,4,2,2,5,0,0,0,50,7
847,517,491,96,50,42,85,73,59,62,57,41,63,61,80,31,33,29,26,14,12,18,76,7,45,6,739,3,4,21,183,34,83,39,46,39,29,17,287,39,28,4,7,47,13,55,51,17,26,0,0,0,1008,131
848,277,288,37,28,14,34,41,37,38,34,48,44,47,43,12,15,18,19,16,2,3,35,4,141,33,126,4,2,31,224,14,49,38,36,21,15,0,173,7,30,22,14,9,17,10,21,10,33,0,0,0,565,72
849,501,553,29,21,13,59,76,107,109,79,83,58,66,48,27,38,57,43,26,20,28,67,2,15,3,134,2,9,24,865,177,171,79,30,14,3,11,485,40,35,28,43,55,67,39,38,55,85,0,0,0,1054,58
850,67,74,15,7,4,7,4,13,12,6,9,9,9,12,5,2,3,4,3,3,2,12,0,4,2,84,0,0,4,47,10,10,6,7,4,5,2,44,4,2,1,2,7,2,11,5,6,4,0,0,0,141,18
851,530,479,75,43,31,57,73,78,75,62,59,47,56,94,28,36,50,31,24,12,22,56,7,67,39,390,3,4,18,481,68,92,70,43,36,23,7,339,24,31,12,12,57,5,28,48,59,63,0,0,0,1009,109
852,417,404,62,22,34,78,59,54,49,41,41,42,55,58,12,26,44,34,16,9,24,61,4,89,7,291,1,1,22,406,51,64,51,48,28,14,8,264,12,31,26,24,15,21,36,19,30,50,0,0,7,814,98
853,95,104,18,11,6,15,11,9,13,11,4,13,6,17,4,6,13,11,4,4,7,16,0,34,1,40,0,1,6,117,7,18,8,12,8,6,1,60,3,10,5,6,4,5,4,7,6,10,0,0,0,199,27
854,139,123,17,5,8,22,19,23,17,15,12,18,15,22,2,14,15,7,7,3,6,15,2,10,0,60,0,1,9,180,19,25,22,15,3,3,4,91,6,7,6,10,5,15,9,9,8,16,0,0,1,261,25
855,211,223,19,8,7,30,40,29,47,23,23,19,26,28,11,13,21,19,9,11,25,26,3,14,5,128,0,0,6,278,62,49,25,22,12,2,3,175,11,20,2,11,29,22,31,19,14,16,0,0,14,420,39
856,1033,996,111,79,64,195,202,202,149,113,108,102,98,155,32,56,78,53,48,18,34,132,15,315,63,454,5,13,67,1097,109,238,141,101,57,19,27,692,93,101,86,85,60,84,31,44,33,75,0,0,0,2029,204
857,1758,1753,248,103,104,295,233,224,231,224,246,248,224,239,78,130,174,113,77,45,57,218,16,508,97,1083,8,14,70,1715,122,353,223,217,119,59,23,1116,127,170,88,102,68,137,67,111,83,163,0,0,7,3504,418
858,0,2,0,0,0,0,0,0,0,0,0,0,1,0,1,0,0,0,0,0,0,0,0,1,0,0,0,0,0,1,0,1,0,0,0,0,0,1,0,0,0,0,0,1,0,0,0,0,0,0,0,2,0
859,671,659,71,42,31,72,121,109,110,84,93,85,82,70,41,37,50,66,33,28,21,84,7,23,14,459,1,7,21,798,200,197,80,46,34,10,10,577,36,75,23,26,77,52,87,77,43,81,0,0,0,1330,100
860,1,3,0,0,1,1,0,0,0,0,0,1,0,0,0,1,0,0,0,0,0,0,0,0,0,0,0,0,0,4,0,0,0,1,0,0,0,1,0,0,0,0,0,0,0,0,0,1,0,0,0,4,1
861,157,148,18,11,11,23,17,21,21,14,13,17,25,17,5,10,17,20,17,5,4,19,1,46,3,73,0,1,5,176,11,29,29,24,7,3,0,103,7,13,8,16,9,10,11,6,9,14,0,0,0,305,34
862,459,408,53,39,25,54,47,69,58,49,50,58,64,71,27,33,45,36,14,10,12,53,5,124,15,275,2,0,13,433,36,92,59,44,29,17,6,283,51,38,23,20,23,27,14,33,19,35,0,0,0,867,96
863,104,136,31,15,11,12,21,18,19,15,9,11,8,24,2,10,12,2,6,3,2,9,0,21,1,137,0,2,14,65,7,9,8,7,7,6,11,55,3,11,5,2,6,6,2,2,5,13,0,0,2,238,31
864,757,716,108,61,40,139,96,92,86,72,82,88,97,109,44,48,95,51,32,26,20,87,7,179,22,502,0,11,45,707,44,144,106,90,44,31,6,465,36,70,38,44,32,18,29,66,46,86,0,0,6,1467,171
865,355,325,47,20,9,54,57,41,40,40,41,34,49,57,15,23,30,26,17,17,9,54,2,50,45,259,6,2,25,291,54,51,44,44,14,19,4,230,20,20,17,9,40,5,18,34,35,32,0,0,0,680,81
866,952,1004,152,104,76,172,130,134,148,95,106,126,104,178,26,52,77,61,28,20,30,137,10,110,23,1439,1,4,31,338,67,122,129,89,73,56,24,560,83,44,12,11,92,21,94,104,40,59,0,0,0,1956,242
867,373,372,65,31,27,79,48,50,50,43,41,46,45,53,14,16,27,17,14,8,22,49,3,40,17,514,0,0,12,159,25,59,48,41,23,13,10,219,18,18,7,7,43,11,37,37,15,26,0,0,19,726,87
868,0,0,0,0,0,0,0,0,0,0,0,0,0,0,0,0,0,0,0,0,0,0,0,0,0,0,0,0,0,0,0,0,0,0,0,0,0,0,0,0,0,0,0,0,0,0,0,0,0,0,0,0,0
869,317,306,35,20,25,47,47,45,44,36,42,44,47,45,12,21,23,18,19,8,11,34,10,45,45,158,1,3,40,321,40,80,33,27,22,12,4,218,8,23,19,25,23,10,17,25,32,36,0,0,0,623,65
870,36,31,2,2,0,5,3,7,7,3,4,3,5,2,3,4,3,2,3,2,2,5,1,3,8,31,0,0,7,17,7,7,4,5,1,0,1,25,4,2,2,1,4,1,1,1,4,5,0,0,0,67,7
871,70,51,4,2,7,13,7,8,7,6,16,10,8,7,1,0,3,8,2,2,0,10,0,14,0,80,1,0,4,22,2,12,11,6,2,2,2,37,1,6,0,2,6,1,9,3,3,6,0,0,0,121,12
872,0,0,0,0,0,0,0,0,0,0,0,0,0,0,0,0,0,0,0,0,0,0,0,0,0,0,0,0,0,0,0,0,0,0,0,0,0,0,0,0,0,0,0,0,0,0,0,0,0,0,0,0,0
873,434,402,36,23,17,39,46,40,59,43,47,55,70,53,32,41,62,50,38,15,34,36,6,60,7,70,3,4,25,661,89,146,57,31,17,3,7,350,15,45,23,38,27,61,24,29,27,61,0,0,0,836,58
874,393,401,27,19,19,54,75,68,63,38,42,54,67,36,24,33,39,35,22,8,18,53,3,54,34,193,2,2,40,466,75,96,49,41,24,9,5,299,20,37,18,16,28,21,31,42,32,54,0,0,0,794,79
875,284,339,46,16,13,41,66,49,41,33,50,30,30,48,12,21,30,20,14,11,17,35,17,42,51,167,1,2,27,316,45,53,61,32,12,14,1,218,14,19,16,24,21,18,29,30,23,24,0,0,8,615,59
876,382,367,40,22,23,73,41,59,47,49,39,42,48,48,27,34,34,31,16,16,11,49,15,72,33,227,1,2,31,368,56,91,50,35,19,14,4,269,6,44,28,17,21,16,40,42,23,32,0,0,10,739,72
877,996,880,120,66,45,144,152,118,120,100,119,110,124,113,56,79,106,74,59,41,27,103,6,93,72,624,2,12,75,992,99,204,121,110,63,26,10,633,21,77,47,46,35,42,94,86,65,120,0,0,10,1866,209
878,179,158,11,6,5,35,33,19,21,20,17,20,27,22,9,10,18,17,9,6,9,23,2,28,27,91,0,1,19,169,20,33,27,17,11,7,0,115,2,17,10,12,13,5,12,21,8,15,0,0,5,332,35
879,802,736,78,47,46,121,125,101,101,59,85,91,100,104,33,55,101,62,47,32,48,102,11,42,54,538,4,12,63,814,116,164,99,79,47,22,14,541,60,55,33,34,78,21,57,65,52,86,0,0,0,1538,162
880,575,618,41,27,7,57,92,115,124,88,76,63,69,64,28,51,66,53,32,22,34,84,4,20,4,120,4,4,18,1019,213,201,66,56,11,6,8,561,40,35,28,44,50,77,65,50,67,105,0,0,0,1193,81
881,51,55,13,7,3,6,9,11,8,5,5,5,8,7,3,2,4,2,0,0,2,6,0,0,9,62,0,0,1,34,5,6,9,5,6,2,0,33,6,1,2,1,2,2,8,5,3,3,0,0,0,106,13
882,537,531,42,30,30,63,79,85,71,74,53,67,71,59,23,32,75,68,35,21,39,51,7,55,23,97,2,3,21,860,116,174,78,43,15,7,10,443,34,69,41,44,13,64,41,33,31,73,0,0,0,1068,75
883,677,619,71,47,34,99,94,98,86,72,98,94,100,63,28,56,59,53,30,17,30,67,8,227,36,243,1,3,26,752,102,159,85,77,37,9,9,478,46,66,58,72,45,61,28,36,23,43,0,0,0,1296,132
884,451,461,50,34,16,53,59,67,59,45,54,52,57,56,23,37,58,54,42,16,24,56,5,46,22,104,3,5,18,709,80,132,66,36,21,6,9,350,30,45,21,36,21,54,35,27,23,58,0,0,11,901,72
885,481,436,75,36,22,83,51,61,52,42,50,59,53,60,25,39,45,46,34,13,15,56,3,147,13,204,1,7,40,502,26,71,78,50,36,15,4,280,15,46,28,26,26,33,29,15,24,38,0,0,12,905,105
886,466,457,69,40,32,90,61,56,69,52,59,49,58,44,29,33,42,34,25,9,11,61,7,137,14,226,3,3,31,502,30,99,57,62,31,11,7,297,25,36,26,29,19,44,31,24,25,38,0,0,0,923,111
887,125,140,9,8,4,29,18,15,22,10,16,22,25,21,2,10,9,9,11,6,6,13,1,26,3,67,0,1,6,161,10,20,24,21,7,4,0,86,11,12,6,13,9,10,3,7,8,7,0,0,0,265,32
888,87,95,15,2,4,15,19,18,21,12,12,5,9,10,2,7,7,3,2,1,1,17,1,9,3,92,0,0,2,75,8,13,12,13,6,2,2,56,5,4,2,2,15,1,2,11,6,8,0,0,0,182,23
889,208,243,32,20,8,23,37,19,30,22,28,37,31,45,12,16,14,15,14,12,10,26,0,21,17,169,0,1,26,217,21,42,37,23,13,6,5,147,5,16,10,10,6,9,21,29,19,22,0,0,0,451,47
890,305,290,33,22,17,47,41,38,44,31,34,38,46,42,12,18,27,24,15,14,16,36,4,41,28,137,0,2,14,369,41,63,42,35,20,9,1,211,7,21,12,10,27,13,24,36,35,26,0,0,0,595,65
891,653,654,84,44,39,127,101,91,76,71,77,73,90,124,26,49,47,46,24,18,18,82,7,115,15,552,3,5,47,563,49,126,70,66,44,30,16,401,28,56,32,39,41,10,27,40,38,90,0,0,0,1307,156
892,182,172,16,20,9,19,22,30,21,19,23,18,32,23,11,11,17,14,6,7,4,32,1,57,8,105,0,4,11,168,14,42,28,21,8,8,0,121,16,13,10,10,13,17,7,11,9,15,0,0,0,354,37
893,632,619,53,30,31,68,84,77,99,77,77,76,85,59,32,58,88,89,48,32,31,57,11,73,60,146,1,1,40,919,116,201,89,61,24,4,9,504,35,71,38,51,32,66,43,55,45,68,0,0,4,1247,98
894,673,655,109,60,50,115,115,102,92,84,83,89,65,125,18,30,46,22,17,6,10,90,5,241,40,769,1,7,44,221,25,71,89,66,58,36,15,360,22,62,26,15,42,13,78,29,24,49,0,0,0,1328,175
895,567,617,60,21,26,86,83,100,98,83,75,69,64,65,24,38,59,40,33,25,42,93,7,37,8,466,1,2,20,643,178,145,65,48,23,15,15,489,45,63,27,24,55,46,66,49,51,63,0,0,0,1184,101
896,170,160,19,13,10,33,33,24,25,9,18,25,21,28,7,9,13,12,6,4,5,16,1,24,11,144,0,0,21,129,11,29,23,14,12,7,4,100,6,13,9,2,11,3,7,17,12,20,0,0,0,330,37
897,330,376,55,32,17,60,58,49,54,54,33,39,41,51,12,23,28,17,14,11,14,44,1,42,8,527,1,1,10,116,23,45,45,30,25,15,12,195,22,16,3,7,33,12,30,40,10,22,0,0,27,679,82
898,136,153,24,9,9,19,17,18,21,10,15,12,30,29,8,8,17,10,8,2,10,13,2,20,3,148,1,1,9,105,24,26,15,18,7,6,2,98,18,4,3,0,20,2,12,21,7,11,0,0,7,282,33
899,326,297,51,33,17,60,48,30,38,30,36,37,50,52,14,24,20,16,13,13,12,29,5,27,8,444,1,1,7,130,23,44,36,26,27,16,8,180,19,16,6,1,43,12,31,27,13,12,0,0,0,623,77
900,563,583,45,17,16,73,81,85,146,91,69,64,58,66,28,36,54,48,37,21,27,84,14,18,5,151,2,1,12,943,208,180,73,46,8,5,13,533,53,46,33,50,52,65,52,43,47,92,0,0,0,1146,72
901,32,23,1,4,1,3,1,1,1,4,5,5,3,7,1,3,4,0,3,1,4,3,0,10,0,10,0,1,0,34,1,5,1,5,3,1,0,16,1,2,2,2,3,1,2,0,2,1,0,0,0,55,9
902,3,6,2,0,0,0,0,1,0,1,0,0,0,1,0,0,1,0,1,1,0,1,0,0,1,6,0,0,0,2,1,1,0,0,0,1,0,3,0,0,0,0,1,0,0,0,0,2,0,0,0,9,1
903,253,239,29,25,14,44,34,42,34,21,25,24,37,31,9,15,26,11,13,7,14,37,18,51,18,147,3,0,25,230,39,49,31,24,12,11,5,171,7,17,22,18,11,11,20,21,12,32,0,0,0,492,52
904,512,473,54,31,12,57,64,71,65,48,45,69,80,61,31,49,72,42,39,20,30,45,5,48,18,112,1,5,20,776,101,154,81,36,23,5,3,403,25,52,43,52,16,64,30,39,34,48,0,0,20,965,67
905,357,340,46,25,34,65,46,57,39,32,38,56,37,44,13,23,33,20,18,12,19,40,10,75,27,280,1,1,29,274,37,54,47,36,28,12,6,220,9,30,22,22,14,15,24,31,27,26,0,0,5,692,82
906,800,847,94,57,67,145,150,117,108,73,109,121,89,124,34,58,59,45,32,29,38,98,51,195,54,534,7,11,80,715,65,111,93,96,47,34,17,463,15,48,40,44,34,36,54,71,47,74,0,0,116,1531,194
907,0,0,0,0,0,0,0,0,0,0,0,0,0,0,0,0,0,0,0,0,0,0,0,0,0,0,0,0,0,0,0,0,0,0,0,0,0,0,0,0,0,0,0,0,0,0,0,0,0,0,0,0,0
908,477,488,46,37,32,74,70,60,65,36,50,56,74,68,32,33,56,38,35,21,23,59,11,24,26,362,2,15,41,484,73,104,54,44,21,16,11,323,44,43,21,17,60,11,31,33,28,35,0,0,54,911,92
909,134,134,13,16,2,15,26,17,19,7,11,18,19,27,10,10,12,7,9,4,7,19,6,15,3,118,1,1,9,115,12,24,10,15,5,6,7,79,3,13,8,4,3,6,8,11,10,13,0,0,0,268,33
910,105,81,11,3,4,10,14,14,14,9,7,5,15,17,7,9,13,4,5,4,7,14,1,42,2,49,0,1,3,88,8,14,7,15,10,2,1,57,0,10,6,7,1,2,6,7,3,15,0,0,0,186,28
911,899,931,184,94,49,139,141,133,126,113,109,100,116,146,36,48,60,42,21,8,23,142,2,348,27,1035,4,9,64,341,24,106,99,121,88,34,21,493,27,69,44,30,65,20,91,41,33,73,0,0,0,1830,264
912,300,306,38,24,26,70,45,31,39,32,31,33,51,25,14,21,30,19,8,7,13,49,3,57,14,322,2,4,10,194,12,45,28,36,27,14,7,169,9,24,9,8,17,0,18,33,22,29,0,0,0,606,84
913,310,305,37,26,29,52,48,57,37,33,24,34,34,40,12,23,36,15,7,9,9,53,3,53,20,301,0,0,14,224,16,44,36,38,28,13,4,179,4,22,13,8,23,5,18,16,26,44,0,0,0,615,83
914,276,256,32,21,12,54,39,33,33,44,35,37,36,38,13,15,23,10,10,6,9,32,4,35,6,233,2,3,12,237,20,50,37,26,23,6,5,167,10,21,14,13,23,7,31,15,14,19,0,0,8,524,60
915,493,511,83,42,35,104,67,65,60,57,55,68,69,79,27,31,29,36,20,11,12,54,6,168,24,527,1,12,36,230,20,70,63,74,40,17,7,291,17,48,18,23,40,16,47,26,21,35,0,0,0,1004,138
916,4,1,0,1,0,0,0,0,0,1,0,0,1,0,0,1,1,0,0,0,0,0,0,0,0,0,0,0,0,5,0,1,1,0,0,0,0,2,0,0,0,0,1,1,0,0,0,0,0,0,0,5,0
917,154,14,7,2,5,12,17,15,21,13,17,17,12,5,6,1,3,5,3,4,2,1,0,4,17,43,0,1,4,99,0,0,0,0,0,0,0,0,0,0,0,0,0,0,0,0,0,0,0,0,168,0,0
918,351,372,70,23,28,53,57,61,61,53,41,48,28,49,12,18,20,22,10,6,4,59,3,45,18,510,0,0,8,139,30,43,45,36,25,20,10,209,29,15,5,3,30,6,42,32,14,33,0,0,0,723,91
919,100,115,12,9,10,20,12,13,21,10,9,9,10,18,4,9,8,9,3,1,7,21,3,6,12,73,0,4,11,106,14,20,9,8,7,7,3,68,5,7,5,8,2,6,10,10,9,6,0,0,0,215,25
920,705,606,62,53,41,99,83,111,71,77,98,99,97,76,40,37,60,45,27,25,30,80,8,184,36,337,2,7,31,706,110,161,77,77,33,16,10,484,19,48,21,55,28,93,42,52,51,75,0,0,0,1311,136
921,543,552,87,46,38,102,105,78,54,69,61,74,53,95,18,32,40,24,27,12,9,71,7,82,46,656,3,7,21,273,26,65,59,62,49,20,18,299,27,39,11,6,37,10,35,62,39,33,0,0,0,1095,149
922,534,487,65,38,30,91,95,67,64,54,55,55,58,69,37,29,49,36,34,22,14,59,2,69,58,317,2,6,53,514,26,110,67,69,27,15,9,323,12,39,21,25,22,23,53,46,37,45,0,0,0,1021,120
923,0,0,0,0,0,0,0,0,0,0,0,0,0,0,0,0,0,0,0,0,0,0,0,0,0,0,0,0,0,0,0,0,0,0,0,0,0,0,0,0,0,0,0,0,0,0,0,0,0,0,0,0,0
924,363,367,52,29,24,39,49,47,53,42,56,50,43,59,9,23,38,24,19,8,9,57,7,58,36,196,1,2,25,405,51,77,51,35,13,18,7,252,10,32,17,25,18,18,38,29,33,32,0,0,0,730,73
925,0,0,0,0,0,0,0,0,0,0,0,0,0,0,0,0,0,0,0,0,0,0,0,0,0,0,0,0,0,0,0,0,0,0,0,0,0,0,0,0,0,0,0,0,0,0,0,0,0,0,0,0,0
926,1004,1007,162,83,58,153,126,156,131,110,110,137,120,148,34,61,96,70,49,29,43,135,6,240,48,987,1,9,57,663,114,137,114,124,72,44,19,624,71,62,17,13,101,8,118,85,65,84,0,0,0,2011,259
927,0,0,0,0,0,0,0,0,0,0,0,0,0,0,0,0,0,0,0,0,0,0,0,0,0,0,0,0,0,0,0,0,0,0,0,0,0,0,0,0,0,0,0,0,0,0,0,0,0,0,0,0,0
928,14,6,0,2,0,8,0,0,1,1,2,2,0,0,0,0,2,2,0,0,0,0,0,2,0,8,0,0,0,10,3,1,1,1,0,0,1,7,0,0,1,0,0,0,0,5,0,1,0,0,0,20,2
929,296,313,41,35,26,46,43,34,42,32,38,37,35,44,5,26,23,23,19,8,9,43,3,52,18,359,0,1,19,157,13,58,29,26,27,17,5,175,10,29,8,11,10,5,27,20,29,26,0,0,8,601,75
930,210,204,23,16,13,36,27,33,30,18,27,22,34,34,9,9,12,13,11,7,12,28,1,20,3,291,0,1,6,92,21,34,32,20,11,10,4,132,10,13,1,5,27,9,21,20,16,10,0,0,0,414,45
931,0,0,0,0,0,0,0,0,0,0,0,0,0,0,0,0,0,0,0,0,0,0,0,0,0,0,0,0,0,0,0,0,0,0,0,0,0,0,0,0,0,0,0,0,0,0,0,0,0,0,0,0,0
932,142,157,20,19,7,24,28,19,10,15,20,24,21,21,8,10,10,10,7,5,6,15,0,24,1,134,2,1,6,131,9,31,26,17,5,4,4,96,9,11,7,10,9,6,6,8,9,21,0,0,0,299,30
933,355,331,39,29,27,63,54,43,35,42,36,52,43,40,11,25,38,22,24,7,10,46,5,82,11,241,1,2,21,323,19,55,51,32,29,11,7,204,3,35,15,19,9,24,31,13,22,33,0,0,5,681,79
934,1700,1661,248,134,109,361,388,253,212,159,137,144,144,308,41,76,102,63,53,38,74,317,32,109,58,1983,6,13,88,1072,110,202,152,167,113,114,57,915,122,42,23,26,197,31,152,177,78,67,0,0,0,3361,451
935,646,586,100,53,37,106,85,79,63,62,82,76,73,121,28,32,43,38,27,12,23,92,2,54,81,717,0,3,36,339,32,79,59,72,63,29,11,345,33,52,10,7,41,9,45,58,40,50,0,0,0,1232,175
936,4,3,1,0,0,0,1,0,0,0,1,0,0,3,0,0,1,0,0,0,0,0,0,1,0,5,0,0,1,0,0,1,0,0,1,0,0,2,1,0,0,0,1,0,0,0,0,0,0,0,0,7,1
937,134,166,31,16,7,33,26,23,18,10,21,10,14,35,5,7,16,7,3,1,3,14,1,24,4,217,3,2,11,38,10,21,13,10,11,12,5,82,10,5,1,1,20,1,17,11,8,8,0,0,0,300,38
938,339,323,48,21,14,48,46,48,46,40,44,49,36,31,16,30,28,31,15,11,15,45,8,123,16,110,0,1,14,390,44,78,52,41,13,5,6,239,24,38,36,39,17,29,9,19,11,17,0,0,0,662,65
939,0,0,0,0,0,0,0,0,0,0,0,0,0,0,0,0,0,0,0,0,0,0,0,0,0,0,0,0,0,0,0,0,0,0,0,0,0,0,0,0,0,0,0,0,0,0,0,0,0,0,0,0,0
940,175,174,19,16,15,55,42,28,7,13,16,10,18,19,10,19,11,10,7,2,4,28,0,6,13,150,0,2,9,169,11,28,22,21,15,8,1,106,6,10,4,9,2,10,18,13,11,23,0,0,0,349,45
941,676,633,84,52,29,95,76,111,116,85,70,72,80,96,31,44,51,52,40,19,29,77,10,116,60,390,2,5,60,666,102,130,84,69,49,17,9,460,49,62,18,12,77,15,51,51,50,75,0,0,0,1309,144
942,429,402,67,34,19,79,43,63,48,41,33,50,58,48,25,31,40,33,27,20,18,54,10,38,12,315,0,6,39,411,61,78,38,40,21,24,10,272,38,32,20,24,30,10,20,25,29,44,0,0,7,824,95
943,881,842,139,81,67,149,121,103,121,84,92,88,101,154,34,56,76,51,46,29,25,106,8,141,45,901,7,10,52,559,42,120,102,90,84,38,14,490,17,62,36,33,40,22,54,51,70,105,0,0,13,1710,226
944,0,0,0,0,0,0,0,0,0,0,0,0,0,0,0,0,0,0,0,0,0,0,0,0,0,0,0,0,0,0,0,0,0,0,0,0,0,0,0,0,0,0,0,0,0,0,0,0,0,0,0,0,0
945,532,552,88,49,35,86,83,82,63,68,53,58,81,77,27,34,52,44,23,12,13,56,2,84,17,366,0,3,23,589,33,81,75,55,47,24,7,322,26,35,21,21,39,10,25,42,48,55,0,0,10,1074,133
946,783,778,94,60,46,149,85,112,111,78,97,111,120,92,38,55,73,63,29,29,29,90,13,169,20,313,5,2,38,1001,118,185,113,89,40,20,7,572,22,72,53,74,36,116,35,49,50,65,0,0,0,1561,156
947,473,485,56,32,22,98,80,78,57,37,56,62,58,77,22,37,36,39,27,26,14,44,19,36,30,304,1,5,50,513,71,99,56,48,26,19,9,328,45,34,21,21,52,8,22,44,29,52,0,0,10,948,102
948,1592,1533,198,140,98,274,225,222,230,185,179,169,195,218,66,102,135,101,57,43,63,225,19,309,60,1467,13,14,88,1155,187,234,205,186,99,72,22,1005,131,98,29,18,157,19,187,132,102,132,0,0,0,3125,379
949,537,620,95,43,31,114,91,75,77,64,59,84,60,75,24,37,51,31,18,13,25,90,13,55,34,758,5,4,33,255,22,71,60,78,50,24,13,318,26,15,8,6,76,13,83,25,18,48,0,0,0,1157,165
950,313,326,44,19,20,58,36,47,62,32,45,34,23,44,15,14,24,19,15,8,25,55,3,17,32,335,5,3,13,231,67,58,31,21,27,17,5,226,37,6,1,5,57,4,35,44,21,16,0,0,0,639,70
951,0,0,0,0,0,0,0,0,0,0,0,0,0,0,0,0,0,0,0,0,0,0,0,0,0,0,0,0,0,0,0,0,0,0,0,0,0,0,0,0,0,0,0,0,0,0,0,0,0,0,0,0,0
952,858,845,130,63,60,125,128,124,84,88,100,111,98,111,53,57,86,43,41,23,35,143,31,114,7,875,3,7,56,610,53,119,94,99,67,43,17,492,24,70,49,48,58,32,64,44,27,76,0,0,0,1703,226
953,2,1,0,0,0,0,0,1,0,0,0,0,0,0,0,1,0,1,0,0,0,0,0,0,0,0,0,0,0,3,1,1,0,0,0,0,0,2,0,0,0,0,1,0,0,0,1,0,0,0,0,3,0
954,327,334,40,32,16,53,39,56,42,32,33,42,44,57,17,18,20,31,17,15,10,47,5,69,14,235,0,1,12,325,25,56,49,37,26,12,3,208,10,31,8,17,21,12,24,27,24,34,0,0,0,661,78
955,133,118,21,12,6,16,12,12,18,24,12,18,12,34,9,9,16,4,2,1,0,13,2,24,3,110,0,0,12,100,10,20,11,8,11,11,2,73,2,7,2,6,10,5,4,14,10,13,0,0,0,251,32
956,241,229,25,19,12,50,26,38,25,27,28,30,44,33,11,9,27,15,8,7,9,27,2,56,13,105,0,0,13,281,16,42,38,35,12,8,1,152,11,31,18,19,18,16,6,14,6,13,0,0,0,470,56
957,0,0,0,0,0,0,0,0,0,0,0,0,0,0,0,0,0,0,0,0,0,0,0,0,0,0,0,0,0,0,0,0,0,0,0,0,0,0,0,0,0,0,0,0,0,0,0,0,0,0,0,0,0
958,210,226,40,20,17,43,32,27,26,18,29,35,19,25,6,14,23,15,5,8,11,23,3,38,1,294,0,1,6,93,15,36,24,22,19,9,5,130,16,12,4,3,34,5,22,18,9,7,0,0,0,436,55
959,0,0,0,0,0,0,0,0,0,0,0,0,0,0,0,0,0,0,0,0,0,0,0,0,0,0,0,0,0,0,0,0,0,0,0,0,0,0,0,0,0,0,0,0,0,0,0,0,0,0,0,0,0
960,1317,1215,158,97,76,208,182,217,182,159,148,120,142,192,44,62,116,94,56,48,69,162,11,252,77,972,4,6,53,1157,277,224,158,134,80,48,13,934,188,25,22,28,242,21,215,75,61,57,0,0,0,2532,275
961,0,3,0,0,0,1,0,0,0,0,0,1,1,0,0,0,0,0,0,0,0,0,0,0,0,3,0,0,0,0,0,0,0,0,0,0,0,0,0,0,0,0,0,0,0,0,0,0,0,0,3,0,0
962,258,268,32,15,10,42,33,50,31,30,41,33,32,46,13,23,21,16,15,2,12,29,7,51,23,135,2,3,18,287,49,49,52,24,9,7,5,195,23,23,12,2,31,6,19,16,22,41,0,0,0,526,45
963,2082,2198,358,198,170,353,367,346,312,242,245,218,152,438,62,85,109,87,62,36,67,373,16,145,36,3732,3,14,104,230,71,162,226,223,219,112,67,1080,68,36,20,24,400,16,171,136,105,104,0,0,0,4280,621
964,2,4,1,1,0,0,0,0,0,0,0,2,1,0,0,0,1,0,0,0,0,0,0,0,0,1,0,0,0,5,0,1,0,1,0,0,0,2,0,0,0,1,0,0,0,0,0,1,0,0,0,6,1
965,0,0,0,0,0,0,0,0,0,0,0,0,0,0,0,0,0,0,0,0,0,0,0,0,0,0,0,0,0,0,0,0,0,0,0,0,0,0,0,0,0,0,0,0,0,0,0,0,0,0,0,0,0
966,295,336,38,37,18,51,44,54,34,34,37,40,41,37,21,20,40,30,8,8,6,33,1,78,3,150,2,1,20,376,16,57,47,42,22,9,3,196,8,33,18,13,15,20,21,18,21,29,0,0,4,627,76
967,1096,1077,153,92,62,174,149,170,160,136,121,134,107,179,29,43,91,68,63,41,38,163,6,147,45,1180,2,4,94,695,153,192,132,123,67,48,15,730,134,20,10,12,178,9,180,86,36,65,0,0,5,2168,253
968,0,0,0,0,0,0,0,0,0,0,0,0,0,0,0,0,0,0,0,0,0,0,0,0,0,0,0,0,0,0,0,0,0,0,0,0,0,0,0,0,0,0,0,0,0,0,0,0,0,0,0,0,0
969,0,0,0,0,0,0,0,0,0,0,0,0,0,0,0,0,0,0,0,0,0,0,0,0,0,0,0,0,0,0,0,0,0,0,0,0,0,0,0,0,0,0,0,0,0,0,0,0,0,0,0,0,0
970,4,58,0,0,1,2,4,4,2,11,6,15,10,1,3,2,1,0,0,0,0,0,1,7,7,18,0,1,1,27,0,0,1,0,0,0,0,1,0,0,0,0,0,1,0,0,0,0,0,0,59,3,0
971,405,374,49,35,26,75,36,47,45,45,42,54,52,66,22,27,37,27,24,13,11,46,1,120,6,217,3,2,31,399,26,61,63,44,22,21,4,241,6,46,17,23,14,27,29,21,17,41,0,0,0,779,91
972,702,702,124,78,41,131,112,101,88,76,70,79,71,110,27,44,36,38,29,19,24,106,7,53,36,959,0,9,26,314,31,73,74,72,67,35,21,373,25,25,9,9,89,15,73,30,34,64,0,0,0,1404,195
973,0,0,0,0,0,0,0,0,0,0,0,0,0,0,0,0,0,0,0,0,0,0,0,0,0,0,0,0,0,0,0,0,0,0,0,0,0,0,0,0,0,0,0,0,0,0,0,0,0,0,0,0,0
974,9,9,1,0,0,0,1,1,3,2,1,2,1,4,0,0,0,0,0,0,0,2,0,0,0,11,0,0,0,7,0,2,0,1,2,0,0,5,1,1,1,0,1,0,0,1,0,0,0,0,0,18,3
975,462,445,70,40,34,65,57,61,62,54,54,45,51,89,15,29,44,26,10,10,10,81,4,70,25,526,3,3,18,258,16,79,50,35,35,27,12,254,12,38,17,14,22,7,22,35,36,51,0,0,6,901,109
976,307,289,41,24,22,46,42,38,39,36,30,29,38,50,17,10,30,34,14,8,12,36,8,21,29,218,1,3,11,305,26,59,35,34,21,12,4,191,8,26,12,17,6,17,29,28,17,31,0,0,0,596,71
977,0,0,0,0,0,0,0,0,0,0,0,0,0,0,0,0,0,0,0,0,0,0,0,0,0,0,0,0,0,0,0,0,0,0,0,0,0,0,0,0,0,0,0,0,0,0,0,0,0,0,0,0,0
978,1366,1293,132,80,58,175,208,188,172,118,160,173,169,163,67,77,135,131,107,88,117,141,12,283,26,875,4,14,52,1393,275,371,132,112,55,41,33,1019,116,79,42,73,169,83,157,71,104,125,0,0,0,2659,241
979,588,598,81,50,35,102,83,88,74,77,74,77,74,91,23,41,57,33,21,17,24,64,2,62,53,480,2,2,29,556,88,90,79,73,39,27,4,400,30,43,15,17,70,16,34,54,50,71,0,0,0,1186,143
980,671,600,84,34,29,101,107,93,80,77,66,69,85,87,27,35,51,49,31,34,62,70,3,114,59,496,3,4,23,569,124,98,77,52,33,32,8,424,85,7,14,13,111,11,85,43,26,29,0,0,91,1180,125
981,0,0,0,0,0,0,0,0,0,0,0,0,0,0,0,0,0,0,0,0,0,0,0,0,0,0,0,0,0,0,0,0,0,0,0,0,0,0,0,0,0,0,0,0,0,0,0,0,0,0,0,0,0
982,0,0,0,0,0,0,0,0,0,0,0,0,0,0,0,0,0,0,0,0,0,0,0,0,0,0,0,0,0,0,0,0,0,0,0,0,0,0,0,0,0,0,0,0,0,0,0,0,0,0,0,0,0
983,0,0,0,0,0,0,0,0,0,0,0,0,0,0,0,0,0,0,0,0,0,0,0,0,0,0,0,0,0,0,0,0,0,0,0,0,0,0,0,0,0,0,0,0,0,0,0,0,0,0,0,0,0
984,507,494,59,50,37,85,71,69,77,64,55,54,55,105,19,25,32,29,14,10,11,80,7,50,82,526,2,10,23,301,49,62,60,48,45,23,10,297,55,26,6,7,44,2,56,34,29,38,0,0,6,995,126
985,0,0,0,0,0,0,0,0,0,0,0,0,0,0,0,0,0,0,0,0,0,0,0,0,0,0,0,0,0,0,0,0,0,0,0,0,0,0,0,0,0,0,0,0,0,0,0,0,0,0,0,0,0
986,0,0,0,0,0,0,0,0,0,0,0,0,0,0,0,0,0,0,0,0,0,0,0,0,0,0,0,0,0,0,0,0,0,0,0,0,0,0,0,0,0,0,0,0,0,0,0,0,0,0,0,0,0
987,643,616,67,37,54,112,73,88,84,76,63,77,71,103,29,51,74,48,31,16,23,82,15,145,41,376,4,3,52,623,83,126,89,65,37,22,8,430,43,54,20,14,73,12,49,42,49,74,0,0,10,1249,132
988,441,441,50,30,21,66,72,59,53,54,47,44,55,55,26,14,53,39,33,33,21,57,5,129,22,280,6,3,17,420,80,134,48,44,14,13,8,341,45,20,13,18,60,18,49,26,34,58,0,0,0,882,79
989,288,329,31,21,16,41,46,49,45,31,40,42,50,53,10,16,36,24,18,12,14,22,7,47,33,161,3,6,37,323,40,65,49,36,12,12,3,217,32,18,6,4,35,6,25,29,28,34,0,0,0,617,63
990,481,490,77,37,28,101,90,65,62,54,51,56,49,84,12,21,28,20,18,16,21,81,6,104,14,562,1,4,27,253,32,53,50,54,32,36,11,268,23,8,7,7,44,11,46,47,44,31,0,0,0,971,133
991,10,7,2,1,1,0,0,1,1,0,0,2,0,3,0,0,1,1,1,0,0,3,0,0,0,4,0,0,0,13,0,0,1,0,0,1,1,3,0,0,0,0,0,1,1,0,1,0,0,0,0,17,2
992,0,0,0,0,0,0,0,0,0,0,0,0,0,0,0,0,0,0,0,0,0,0,0,0,0,0,0,0,0,0,0,0,0,0,0,0,0,0,0,0,0,0,0,0,0,0,0,0,0,0,0,0,0
993,2,4,1,0,2,2,0,0,0,0,0,0,0,0,0,0,0,0,0,0,0,1,0,0,0,6,0,0,0,0,0,0,0,0,0,1,0,1,0,0,0,0,0,0,1,0,0,0,0,0,0,6,1
994,0,0,0,0,0,0,0,0,0,0,0,0,0,0,0,0,0,0,0,0,0,0,0,0,0,0,0,0,0,0,0,0,0,0,0,0,0,0,0,0,0,0,0,0,0,0,0,0,0,0,0,0,0
995,685,664,107,66,43,101,99,91,85,68,70,67,64,121,23,44,52,45,38,16,40,109,4,54,26,850,0,0,30,385,112,90,59,69,42,39,19,430,47,13,8,19,112,14,79,81,34,23,0,0,0,1349,169
996,473,508,85,40,30,87,82,65,58,53,50,65,54,81,15,26,34,33,17,16,16,74,5,39,21,443,0,6,26,441,36,68,59,57,30,25,12,287,15,24,30,17,26,12,19,41,43,60,0,0,8,973,124
997,0,0,0,0,0,0,0,0,0,0,0,0,0,0,0,0,0,0,0,0,0,0,0,0,0,0,0,0,0,0,0,0,0,0,0,0,0,0,0,0,0,0,0,0,0,0,0,0,0,0,0,0,0
998,0,0,0,0,0,0,0,0,0,0,0,0,0,0,0,0,0,0,0,0,0,0,0,0,0,0,0,0,0,0,0,0,0,0,0,0,0,0,0,0,0,0,0,0,0,0,0,0,0,0,0,0,0
999,1097,1076,190,117,65,198,179,148,144,129,130,144,106,170,39,48,75,58,24,17,24,168,6,105,53,1422,3,5,51,528,49,96,119,94,102,47,21,528,32,43,14,29,108,11,124,57,30,80,0,0,229,1944,264
1000,0,0,0,0,0,0,0,0,0,0,0,0,0,0,0,0,0,0,0,0,0,0,0,0,0,0,0,0,0,0,0,0,0,0,0,0,0,0,0,0,0,0,0,0,0,0,0,0,0,0,0,0,0
1001,641,553,62,41,30,80,81,69,72,59,75,52,55,72,16,36,51,58,33,56,125,71,6,68,13,609,0,5,31,462,66,73,51,48,32,27,12,309,38,12,10,10,75,8,61,54,25,16,0,0,217,977,119
1002,2,1,1,0,0,0,0,0,0,0,1,0,1,0,0,0,0,0,0,0,0,0,0,0,0,1,0,0,1,1,0,0,0,0,0,0,0,0,0,0,0,0,0,0,0,0,0,0,0,0,3,0,0
1003,696,738,102,70,43,135,135,120,85,74,77,95,65,126,20,38,50,35,25,18,23,98,7,142,20,795,0,6,27,437,50,85,65,76,76,34,16,402,45,17,6,9,69,12,56,83,59,46,0,0,0,1434,202
1004,491,447,62,43,37,87,60,52,57,43,64,54,71,45,29,32,61,38,24,14,17,48,6,123,20,281,2,5,47,454,26,85,60,58,30,19,7,285,10,54,29,27,16,22,32,27,21,47,0,0,6,932,114
1005,0,0,0,0,0,0,0,0,0,0,0,0,0,0,0,0,0,0,0,0,0,0,0,0,0,0,0,0,0,0,0,0,0,0,0,0,0,0,0,0,0,0,0,0,0,0,0,0,0,0,0,0,0
1006,802,782,101,57,46,111,141,122,120,70,91,86,90,117,42,54,80,45,34,20,34,123,9,140,43,546,4,7,66,769,117,143,101,72,53,31,17,534,61,77,12,18,83,8,72,53,58,92,0,0,0,1584,173
1007,0,0,0,0,0,0,0,0,0,0,0,0,0,0,0,0,0,0,0,0,0,0,0,0,0,0,0,0,0,0,0,0,0,0,0,0,0,0,0,0,0,0,0,0,0,0,0,0,0,0,0,0,0
1008,3,3,0,0,0,0,0,1,0,0,0,1,0,0,0,1,0,0,0,0,0,3,0,0,0,4,0,0,0,2,1,0,0,0,1,0,0,2,0,0,0,0,0,0,0,0,1,1,0,0,0,6,1
1009,234,231,27,26,20,58,48,30,37,20,18,29,20,39,9,13,9,9,4,2,3,44,1,13,2,371,0,1,16,61,16,20,27,23,20,11,8,125,9,2,2,2,44,1,28,18,8,11,0,0,0,465,62
1010,61,48,5,6,6,8,8,5,7,5,7,8,6,5,3,7,4,2,5,3,2,7,1,5,1,52,0,0,0,50,6,12,10,6,1,2,1,38,8,1,0,2,12,0,5,4,4,2,0,0,0,109,10
1011,434,421,83,36,15,73,57,67,52,43,49,60,58,48,19,19,38,33,20,12,25,48,8,48,54,456,3,3,21,262,36,61,62,45,30,15,11,260,37,23,12,6,34,3,48,32,21,44,0,0,0,855,101
1012,1,2,0,0,0,0,0,0,0,0,0,1,0,0,1,0,0,0,1,0,0,0,0,0,0,1,0,0,0,2,0,0,1,0,0,0,0,1,0,0,0,0,1,0,0,0,0,0,0,0,0,3,0
1013,1027,836,50,38,646,220,125,99,84,60,52,53,65,83,27,29,45,40,25,11,25,86,10,198,72,394,6,3,65,1115,65,109,87,64,24,17,13,379,33,34,16,28,55,33,41,45,46,48,734,0,0,1129,118
1014,578,627,76,48,39,80,77,115,112,98,65,69,69,70,20,30,46,37,34,12,23,85,7,212,46,213,10,2,45,670,90,113,97,73,29,15,9,426,53,38,35,34,59,24,43,51,29,60,0,0,0,1205,126
1015,825,854,163,78,66,160,117,94,102,83,115,101,79,127,31,30,66,54,32,22,35,124,13,191,23,977,0,7,26,442,70,74,85,103,67,44,24,467,38,17,8,14,83,21,79,102,59,46,0,0,0,1679,238
1016,0,0,0,0,0,0,0,0,0,0,0,0,0,0,0,0,0,0,0,0,0,0,0,0,0,0,0,0,0,0,0,0,0,0,0,0,0,0,0,0,0,0,0,0,0,0,0,0,0,0,0,0,0
1017,1192,1112,168,82,59,170,174,179,157,114,138,127,124,145,50,69,129,75,56,46,66,176,13,235,102,832,6,11,44,1061,187,184,133,119,75,52,20,770,159,35,13,22,185,13,183,62,43,55,0,0,19,2285,266
1018,0,0,0,0,0,0,0,0,0,0,0,0,0,0,0,0,0,0,0,0,0,0,0,0,0,0,0,0,0,0,0,0,0,0,0,0,0,0,0,0,0,0,0,0,0,0,0,0,0,0,0,0,0
1019,189,177,30,23,7,32,27,23,29,17,30,15,20,36,9,7,13,11,4,1,6,26,1,23,6,236,1,3,18,78,18,21,19,26,15,5,5,109,13,6,0,1,25,2,31,15,9,7,0,0,0,366,51
1020,0,0,0,0,0,0,0,0,0,0,0,0,0,0,0,0,0,0,0,0,0,0,0,0,0,0,0,0,0,0,0,0,0,0,0,0,0,0,0,0,0,0,0,0,0,0,0,0,0,0,0,0,0
1021,1074,1036,158,93,72,137,156,153,169,135,131,114,92,167,33,54,91,91,54,46,55,109,11,123,25,1252,2,2,84,611,151,180,112,114,73,51,17,698,121,22,15,15,151,8,189,73,44,60,0,0,0,2110,255
1022,1137,1188,231,121,90,214,173,177,151,120,115,120,94,212,41,54,70,56,26,35,30,195,13,124,58,1777,2,11,43,297,63,92,105,98,118,85,33,594,75,19,16,14,156,7,99,101,54,53,0,0,0,2325,334
1023,645,640,69,46,36,71,105,89,83,71,71,64,76,59,27,44,61,73,72,48,49,71,11,149,19,427,2,4,40,633,128,170,53,58,32,21,16,478,40,25,20,27,117,44,58,36,44,67,0,0,0,1285,127
1024,24,22,5,3,2,6,3,10,1,3,3,2,0,1,2,1,1,0,1,0,1,1,1,7,0,25,0,0,2,11,1,3,0,2,1,3,1,11,1,2,0,1,3,0,1,1,0,2,0,0,0,46,7
1025,0,0,0,0,0,0,0,0,0,0,0,0,0,0,0,0,0,0,0,0,0,0,0,0,0,0,0,0,0,0,0,0,0,0,0,0,0,0,0,0,0,0,0,0,0,0,0,0,0,0,0,0,0
1026,1205,1206,176,88,58,161,151,186,191,141,157,150,142,164,61,70,118,83,69,37,54,154,12,317,116,523,9,13,82,1339,188,289,171,119,68,36,12,883,115,85,45,60,127,69,102,93,67,120,0,0,0,2411,235
1027,117,114,14,6,6,18,23,19,11,10,14,10,15,13,3,11,14,11,6,4,7,16,0,30,6,68,0,2,10,115,7,26,8,15,4,7,3,70,2,18,10,8,2,7,7,4,2,10,0,0,0,231,29
1028,0,0,0,0,0,0,0,0,0,0,0,0,0,0,0,0,0,0,0,0,0,0,0,0,0,0,0,0,0,0,0,0,0,0,0,0,0,0,0,0,0,0,0,0,0,0,0,0,0,0,0,0,0
1029,0,0,0,0,0,0,0,0,0,0,0,0,0,0,0,0,0,0,0,0,0,0,0,0,0,0,0,0,0,0,0,0,0,0,0,0,0,0,0,0,0,0,0,0,0,0,0,0,0,0,0,0,0
1030,194,208,28,21,19,63,45,26,20,20,13,14,6,36,7,9,11,8,5,3,8,40,3,14,11,267,0,0,14,93,6,20,18,22,16,12,7,101,12,7,3,1,23,3,17,23,8,4,0,0,0,402,57
1031,7,7,2,0,0,0,3,1,0,0,1,0,0,0,0,2,1,2,0,0,2,0,0,0,0,4,0,0,1,9,1,2,0,1,1,0,0,5,1,0,0,1,0,0,1,1,1,0,0,0,0,14,2
1032,0,0,0,0,0,0,0,0,0,0,0,0,0,0,0,0,0,0,0,0,0,0,0,0,0,0,0,0,0,0,0,0,0,0,0,0,0,0,0,0,0,0,0,0,0,0,0,0,0,0,0,0,0
1033,12,19,1,0,2,4,0,1,2,5,1,1,2,4,0,1,2,1,0,2,1,1,0,0,0,1,0,1,5,24,1,1,2,3,2,0,0,9,1,3,1,2,1,0,0,0,0,1,0,0,0,31,5
1034,860,863,150,85,58,157,125,139,116,93,109,99,81,143,29,40,57,46,24,15,17,140,11,178,19,941,5,6,45,518,66,107,95,83,65,53,22,491,45,28,6,7,100,21,64,97,63,60,0,0,0,1723,223
1035,194,208,27,19,8,36,35,29,33,17,29,22,16,37,7,12,19,14,7,3,4,28,1,10,20,242,1,1,13,114,13,29,26,24,9,16,2,119,14,12,3,4,27,0,22,9,9,19,0,0,0,402,51
1036,382,407,63,24,24,61,50,36,47,43,50,62,57,53,24,28,52,25,12,15,16,47,5,98,27,170,0,2,38,449,24,76,45,47,24,18,5,239,3,44,20,31,15,20,25,19,16,46,0,0,22,767,94
1037,0,0,0,0,0,0,0,0,0,0,0,0,0,0,0,0,0,0,0,0,0,0,0,0,0,0,0,0,0,0,0,0,0,0,0,0,0,0,0,0,0,0,0,0,0,0,0,0,0,0,0,0,0
1038,0,0,0,0,0,0,0,0,0,0,0,0,0,0,0,0,0,0,0,0,0,0,0,0,0,0,0,0,0,0,0,0,0,0,0,0,0,0,0,0,0,0,0,0,0,0,0,0,0,0,0,0,0
1039,0,0,0,0,0,0,0,0,0,0,0,0,0,0,0,0,0,0,0,0,0,0,0,0,0,0,0,0,0,0,0,0,0,0,0,0,0,0,0,0,0,0,0,0,0,0,0,0,0,0,0,0,0
1040,1,8,0,0,0,0,1,0,0,2,4,0,1,0,0,1,0,0,0,0,0,0,0,0,0,8,0,0,1,0,0,0,0,0,0,0,0,0,0,0,0,0,0,0,0,0,0,0,0,0,9,0,0
1041,8,8,1,1,0,1,1,3,3,1,0,0,0,2,0,1,1,0,0,0,0,1,0,0,0,12,0,1,0,3,2,1,1,1,1,0,0,6,0,0,0,0,1,0,1,2,2,0,0,0,0,16,2
1042,852,766,112,57,48,123,123,151,131,75,82,84,75,134,31,41,76,44,42,31,48,110,7,138,66,637,4,7,39,720,138,154,101,73,50,39,11,566,113,18,9,8,157,13,127,43,29,49,0,0,0,1618,173
1043,0,0,0,0,0,0,0,0,0,0,0,0,0,0,0,0,0,0,0,0,0,0,0,0,0,0,0,0,0,0,0,0,0,0,0,0,0,0,0,0,0,0,0,0,0,0,0,0,0,0,0,0,0
1044,0,0,0,0,0,0,0,0,0,0,0,0,0,0,0,0,0,0,0,0,0,0,0,0,0,0,0,0,0,0,0,0,0,0,0,0,0,0,0,0,0,0,0,0,0,0,0,0,0,0,0,0,0
1045,0,0,0,0,0,0,0,0,0,0,0,0,0,0,0,0,0,0,0,0,0,0,0,0,0,0,0,0,0,0,0,0,0,0,0,0,0,0,0,0,0,0,0,0,0,0,0,0,0,0,0,0,0
1046,299,279,36,19,22,39,34,26,34,29,38,32,41,35,11,28,44,35,15,12,16,32,2,55,0,73,5,2,4,437,54,80,40,23,16,8,3,224,11,17,20,25,25,39,24,21,16,26,0,0,0,578,50
1047,769,788,92,64,37,157,128,128,93,85,94,77,81,141,22,32,73,45,28,17,41,122,8,74,26,910,2,8,26,503,107,96,83,83,52,38,23,482,76,15,12,7,123,11,73,106,41,18,0,0,0,1557,196
1048,738,788,147,87,53,109,118,117,104,100,75,85,70,135,30,32,41,36,24,14,24,125,9,42,29,1208,2,2,29,205,39,55,64,63,82,42,32,377,41,13,4,10,110,3,91,45,31,29,0,0,0,1526,219
1049,0,0,0,0,0,0,0,0,0,0,0,0,0,0,0,0,0,0,0,0,0,0,0,0,0,0,0,0,0,0,0,0,0,0,0,0,0,0,0,0,0,0,0,0,0,0,0,0,0,0,0,0,0
1050,0,0,0,0,0,0,0,0,0,0,0,0,0,0,0,0,0,0,0,0,0,0,0,0,0,0,0,0,0,0,0,0,0,0,0,0,0,0,0,0,0,0,0,0,0,0,0,0,0,0,0,0,0
1051,0,0,0,0,0,0,0,0,0,0,0,0,0,0,0,0,0,0,0,0,0,0,0,0,0,0,0,0,0,0,0,0,0,0,0,0,0,0,0,0,0,0,0,0,0,0,0,0,0,0,0,0,0
1052,0,0,0,0,0,0,0,0,0,0,0,0,0,0,0,0,0,0,0,0,0,0,0,0,0,0,0,0,0,0,0,0,0,0,0,0,0,0,0,0,0,0,0,0,0,0,0,0,0,0,0,0,0
1053,1169,1099,206,109,81,216,177,161,152,139,133,135,108,176,33,48,71,58,40,24,27,174,10,68,32,1706,1,9,54,388,70,110,132,125,83,78,24,622,37,28,9,11,203,14,127,75,51,67,0,0,5,2263,310
1054,1414,1439,253,135,104,236,216,236,184,165,160,143,125,275,50,64,72,55,55,29,45,251,6,137,94,2229,3,8,63,313,98,95,139,148,109,88,58,735,94,19,19,21,190,5,128,107,76,76,0,0,0,2853,403
1055,0,0,0,0,0,0,0,0,0,0,0,0,0,0,0,0,0,0,0,0,0,0,0,0,0,0,0,0,0,0,0,0,0,0,0,0,0,0,0,0,0,0,0,0,0,0,0,0,0,0,0,0,0
1056,157,153,38,10,8,22,22,14,12,14,16,18,16,32,8,9,10,18,8,6,13,16,2,25,2,118,1,3,5,154,6,15,13,14,13,7,9,77,8,8,6,1,7,2,10,9,13,13,0,0,0,310,43
1057,0,0,0,0,0,0,0,0,0,0,0,0,0,0,0,0,0,0,0,0,0,0,0,0,0,0,0,0,0,0,0,0,0,0,0,0,0,0,0,0,0,0,0,0,0,0,0,0,0,0,0,0,0
1058,371,219,0,4,513,62,1,2,3,0,2,3,0,0,0,0,0,0,0,0,0,0,0,20,21,155,0,0,21,373,0,0,0,0,0,0,0,0,0,0,0,0,0,0,0,0,0,0,590,0,0,0,0
1059,424,416,64,35,29,79,68,49,63,44,50,44,38,67,20,26,36,25,25,15,16,47,5,58,20,489,1,3,29,235,55,65,46,40,38,18,7,269,45,12,4,6,65,2,76,25,11,23,0,0,0,840,103
1060,1,0,0,0,0,0,0,0,1,0,0,0,0,0,0,0,0,0,0,0,0,0,0,0,0,0,0,0,0,1,1,0,0,0,0,0,0,1,1,0,0,0,0,0,0,0,0,0,0,0,0,1,0
1061,8,8,2,0,1,3,0,2,1,1,2,1,0,1,0,1,0,0,0,0,1,0,0,0,1,15,0,0,0,0,1,1,1,1,0,1,0,5,1,1,0,0,0,0,1,0,2,0,0,0,0,16,2
1062,415,399,88,46,34,72,63,56,55,45,55,36,24,72,13,15,26,20,12,9,9,64,19,16,10,602,0,1,29,137,45,24,29,53,36,24,12,223,40,6,6,11,72,2,38,25,13,10,0,0,0,814,125
1063,16,14,0,1,0,2,4,3,5,0,2,3,3,2,0,0,0,1,1,0,0,3,0,0,3,14,0,0,0,13,2,4,3,0,1,1,0,11,4,1,0,0,3,0,0,1,1,1,0,0,0,30,2
1064,1,1,0,0,0,0,0,0,0,0,0,0,0,0,1,0,0,1,0,0,0,0,0,0,0,1,0,0,0,1,0,1,0,0,0,0,0,1,0,1,0,0,0,0,0,0,0,0,0,0,0,2,0
1065,4,5,0,0,3,0,0,1,0,1,0,1,0,1,0,0,0,1,0,0,1,0,0,0,1,3,0,0,0,5,0,0,0,0,0,0,0,0,0,0,0,0,0,0,0,0,0,0,0,0,9,0,0
1066,2,5,0,0,3,1,0,0,0,0,0,0,2,0,0,0,1,0,0,0,0,0,0,0,0,1,0,0,1,5,0,0,1,0,0,0,0,1,0,0,0,1,0,0,0,0,0,0,0,0,4,3,0
1067,72,83,10,3,5,8,6,17,18,11,10,9,8,12,5,11,7,2,0,2,1,10,0,6,11,98,0,1,4,35,3,7,4,9,7,2,1,33,10,2,1,0,9,2,1,2,3,3,0,0,34,121,19
1068,0,0,0,0,0,0,0,0,0,0,0,0,0,0,0,0,0,0,0,0,0,0,0,0,0,0,0,0,0,0,0,0,0,0,0,0,0,0,0,0,0,0,0,0,0,0,0,0,0,0,0,0,0
1069,234,220,37,25,11,25,30,28,24,18,31,25,38,38,13,16,21,12,12,9,12,29,0,52,18,84,2,3,26,269,14,48,26,20,17,10,5,140,13,22,11,13,17,7,15,18,10,14,0,0,0,454,52
1070,0,0,0,0,0,0,0,0,0,0,0,0,0,0,0,0,0,0,0,0,0,0,0,0,0,0,0,0,0,0,0,0,0,0,0,0,0,0,0,0,0,0,0,0,0,0,0,0,0,0,0,0,0
1071,441,437,59,36,35,79,60,47,45,37,50,55,73,61,13,45,56,29,15,16,21,46,7,93,4,272,4,2,30,466,28,70,53,51,30,13,14,259,7,53,26,26,10,22,30,17,24,44,0,0,5,873,108
1072,879,942,121,64,57,150,128,135,97,109,100,126,112,125,50,61,94,78,49,42,19,104,4,289,24,459,7,8,58,972,68,163,139,100,59,36,12,577,20,95,50,48,30,65,79,47,59,84,0,0,0,1821,207
1073,0,0,0,0,0,0,0,0,0,0,0,0,0,0,0,0,0,0,0,0,0,0,0,0,0,0,0,0,0,0,0,0,0,0,0,0,0,0,0,0,0,0,0,0,0,0,0,0,0,0,0,0,0
1074,1124,1136,210,95,85,217,159,152,167,144,122,118,116,198,36,59,69,49,41,22,22,179,6,95,31,1793,0,13,51,271,66,121,109,133,99,69,23,620,27,25,13,14,207,11,113,89,66,55,0,0,0,2260,324
1075,52,74,7,8,3,7,10,11,12,9,7,7,5,10,1,1,3,5,3,3,4,10,0,13,0,61,0,0,0,52,11,14,4,4,6,2,2,43,3,4,3,3,6,4,10,2,6,2,0,0,0,126,14
1076,355,343,60,20,17,73,55,57,50,39,36,49,30,64,16,12,18,10,6,11,23,52,1,16,23,408,0,7,11,232,60,53,37,33,20,18,10,231,24,10,4,4,52,7,47,46,24,13,0,0,0,698,81
1077,247,244,26,16,9,22,36,31,38,24,32,29,27,34,11,15,26,29,17,10,23,36,2,52,7,172,0,1,12,245,61,71,19,21,11,10,4,197,17,14,19,8,37,19,29,9,21,24,0,0,0,491,46
1078,0,0,0,0,0,0,0,0,0,0,0,0,0,0,0,0,0,0,0,0,0,0,0,0,0,0,0,0,0,0,0,0,0,0,0,0,0,0,0,0,0,0,0,0,0,0,0,0,0,0,0,0,0
1079,30,33,5,1,0,8,0,9,3,6,4,4,6,5,1,2,2,1,3,0,0,3,1,11,0,18,0,0,1,32,1,1,6,3,2,2,1,16,1,1,2,1,1,1,3,2,2,2,0,0,0,63,8
1080,0,0,0,0,0,0,0,0,0,0,0,0,0,0,0,0,0,0,0,0,0,0,0,0,0,0,0,0,0,0,0,0,0,0,0,0,0,0,0,0,0,0,0,0,0,0,0,0,0,0,0,0,0
1081,449,398,42,40,25,84,61,49,56,38,48,48,45,41,19,24,55,38,32,28,33,41,4,119,9,271,1,4,9,430,93,135,38,29,18,12,11,336,32,20,13,21,70,20,46,40,38,36,0,0,0,847,70
1082,442,378,55,27,31,67,50,57,61,39,44,53,51,64,17,32,38,28,20,13,17,56,9,96,13,264,4,5,8,421,26,65,62,44,36,15,3,251,16,32,13,15,44,8,20,33,33,37,0,0,8,812,98
1083,66,72,0,0,2,2,0,3,8,4,11,15,12,2,4,5,4,5,17,17,26,1,2,3,5,23,0,1,2,102,0,0,0,0,0,1,0,1,1,0,0,0,0,0,0,0,0,0,0,0,132,6,1
1084,605,575,75,51,41,99,80,72,68,60,73,74,68,64,28,43,60,50,26,23,44,81,6,121,24,280,2,9,32,706,55,114,85,61,31,18,14,378,36,42,30,32,27,36,39,37,49,50,0,0,18,1162,124
1085,143,158,29,11,21,25,18,23,24,24,13,15,11,28,5,5,7,7,3,1,2,29,1,9,10,227,0,1,6,47,8,16,14,12,16,11,3,80,7,1,3,1,27,0,15,12,8,6,0,0,0,301,42
1086,0,0,0,0,0,0,0,0,0,0,0,0,0,0,0,0,0,0,0,0,0,0,0,0,0,0,0,0,0,0,0,0,0,0,0,0,0,0,0,0,0,0,0,0,0,0,0,0,0,0,0,0,0
1087,141,142,8,7,9,20,23,20,16,13,11,18,21,11,13,18,18,20,15,5,6,11,4,4,15,82,0,2,11,165,40,52,15,4,6,4,3,124,26,8,5,2,19,2,30,13,6,13,0,0,0,283,17
1088,0,0,0,0,0,0,0,0,0,0,0,0,0,0,0,0,0,0,0,0,0,0,0,0,0,0,0,0,0,0,0,0,0,0,0,0,0,0,0,0,0,0,0,0,0,0,0,0,0,0,0,0,0
1089,566,576,116,74,51,111,95,73,67,63,64,52,60,88,18,31,34,22,16,10,20,77,6,37,51,843,0,7,27,171,36,38,46,58,57,34,20,289,33,5,4,6,94,4,60,41,24,18,0,0,9,1133,169
1090,1381,1313,227,108,74,230,138,151,148,198,219,198,173,215,56,92,124,98,61,28,26,130,10,394,25,365,6,8,116,1770,146,273,171,160,99,39,15,903,22,69,75,120,79,205,57,73,82,121,0,0,0,2694,313
1091,0,0,0,0,0,0,0,0,0,0,0,0,0,0,0,0,0,0,0,0,0,0,0,0,0,0,0,0,0,0,0,0,0,0,0,0,0,0,0,0,0,0,0,0,0,0,0,0,0,0,0,0,0
1092,436,388,37,15,13,55,72,51,42,51,45,63,49,42,21,34,52,49,33,27,39,34,2,99,40,159,2,0,35,487,135,130,46,18,11,14,9,363,44,39,29,34,52,24,36,40,25,40,0,0,2,822,52
1093,0,0,0,0,0,0,0,0,0,0,0,0,0,0,0,0,0,0,0,0,0,0,0,0,0,0,0,0,0,0,0,0,0,0,0,0,0,0,0,0,0,0,0,0,0,0,0,0,0,0,0,0,0
1094,584,562,67,45,36,93,95,84,65,73,66,75,79,70,20,34,54,40,22,20,39,69,10,88,19,418,1,3,24,583,38,97,80,74,40,23,4,356,12,34,40,49,35,23,41,29,36,57,0,0,5,1141,141
1095,669,634,100,51,37,108,87,72,83,59,63,65,73,96,24,26,42,54,48,52,77,86,9,59,32,870,1,3,29,300,63,38,44,69,53,23,21,311,55,8,8,14,78,4,52,43,26,23,0,0,180,1123,166
1096,0,0,0,0,0,0,0,0,0,0,0,0,0,0,0,0,0,0,0,0,0,0,0,0,0,0,0,0,0,0,0,0,0,0,0,0,0,0,0,0,0,0,0,0,0,0,0,0,0,0,0,0,0
1097,0,0,0,0,0,0,0,0,0,0,0,0,0,0,0,0,0,0,0,0,0,0,0,0,0,0,0,0,0,0,0,0,0,0,0,0,0,0,0,0,0,0,0,0,0,0,0,0,0,0,0,0,0
1098,3,6,1,1,0,1,0,1,2,0,1,1,0,1,0,0,0,0,0,0,0,0,0,0,0,8,0,0,0,1,1,0,1,0,1,0,0,3,1,0,0,0,1,0,1,0,0,0,0,0,0,9,1
1099,0,0,0,0,0,0,0,0,0,0,0,0,0,0,0,0,0,0,0,0,0,0,0,0,0,0,0,0,0,0,0,0,0,0,0,0,0,0,0,0,0,0,0,0,0,0,0,0,0,0,0,0,0
1100,0,0,0,0,0,0,0,0,0,0,0,0,0,0,0,0,0,0,0,0,0,0,0,0,0,0,0,0,0,0,0,0,0,0,0,0,0,0,0,0,0,0,0,0,0,0,0,0,0,0,0,0,0
1101,109,108,13,3,3,16,25,11,18,9,19,8,9,14,8,13,11,10,6,3,3,15,0,29,5,29,0,0,13,141,11,27,19,13,4,1,2,77,11,6,1,6,10,7,2,11,12,11,0,0,0,217,20
1102,0,0,0,0,0,0,0,0,0,0,0,0,0,0,0,0,0,0,0,0,0,0,0,0,0,0,0,0,0,0,0,0,0,0,0,0,0,0,0,0,0,0,0,0,0,0,0,0,0,0,0,0,0
1103,562,481,73,36,26,86,78,58,71,50,51,68,64,77,33,39,37,49,35,13,29,70,3,105,24,226,1,6,45,633,64,96,70,60,35,16,8,349,35,37,27,39,37,19,28,34,37,56,0,0,0,1043,119
1104,539,503,53,22,17,69,76,75,61,49,73,65,71,50,42,44,62,54,30,32,47,50,11,108,30,206,2,4,46,635,166,176,48,37,18,12,9,466,48,54,42,32,54,38,43,60,38,57,0,0,0,1042,76
1105,0,0,0,0,0,0,0,0,0,0,0,0,0,0,0,0,0,0,0,0,0,0,0,0,0,0,0,0,0,0,0,0,0,0,0,0,0,0,0,0,0,0,0,0,0,0,0,0,0,0,0,0,0
1106,197,177,30,14,11,23,28,23,32,33,26,18,25,22,6,10,13,13,13,5,3,26,1,72,10,41,0,1,10,239,23,42,19,23,16,5,1,129,0,10,14,20,7,25,5,13,7,28,0,0,0,374,45
1107,74,78,12,13,10,7,5,11,15,8,10,8,9,11,4,8,4,2,2,3,2,8,1,6,22,83,0,1,4,35,5,6,10,8,3,7,2,41,9,5,1,1,4,0,6,3,6,6,0,0,0,152,20
1108,28,25,3,2,1,1,2,9,5,2,2,1,3,6,0,1,5,0,1,0,2,7,0,7,2,27,0,0,0,17,3,2,2,5,4,0,0,16,1,0,0,1,8,0,3,1,1,1,0,0,0,53,9
1109,0,0,0,0,0,0,0,0,0,0,0,0,0,0,0,0,0,0,0,0,0,0,0,0,0,0,0,0,0,0,0,0,0,0,0,0,0,0,0,0,0,0,0,0,0,0,0,0,0,0,0,0,0
1110,234,215,38,22,13,25,46,52,34,17,9,21,18,29,11,12,22,16,9,4,16,35,1,60,2,170,2,1,10,203,10,24,25,23,11,9,14,116,14,8,4,6,31,8,13,7,9,16,0,0,0,449,57
1111,0,0,0,0,0,0,0,0,0,0,0,0,0,0,0,0,0,0,0,0,0,0,0,0,0,0,0,0,0,0,0,0,0,0,0,0,0,0,0,0,0,0,0,0,0,0,0,0,0,0,0,0,0
1112,0,0,0,0,0,0,0,0,0,0,0,0,0,0,0,0,0,0,0,0,0,0,0,0,0,0,0,0,0,0,0,0,0,0,0,0,0,0,0,0,0,0,0,0,0,0,0,0,0,0,0,0,0
1113,1,2,0,0,0,0,0,0,1,0,0,0,0,0,0,0,0,1,1,0,0,0,0,0,0,0,0,0,0,3,1,1,0,0,0,0,0,2,0,1,0,0,1,0,0,0,0,0,0,0,0,3,0
1114,877,953,121,81,59,185,152,128,125,89,105,118,103,155,32,48,74,48,33,22,26,126,10,119,162,992,4,6,48,489,104,109,101,91,68,57,19,549,91,62,14,13,106,4,81,53,55,70,0,0,0,1830,235
1115,2,0,0,0,0,0,1,1,0,0,0,0,0,0,0,0,0,0,0,0,0,0,0,0,0,0,0,0,0,2,0,1,0,0,0,0,0,1,0,0,0,0,0,0,0,1,0,0,0,0,0,2,0
1116,159,169,31,20,10,38,24,28,21,26,14,14,14,34,7,5,11,8,3,4,0,16,2,23,17,254,0,1,4,27,10,14,24,18,12,13,1,92,7,3,0,2,30,0,16,18,11,5,0,0,0,328,44
1117,72,56,15,5,4,13,7,6,8,10,4,8,8,17,2,5,4,2,1,0,0,9,1,4,6,113,0,0,1,3,4,2,6,3,8,7,1,31,3,0,0,0,9,2,6,5,4,2,0,0,0,128,19
1118,616,602,107,58,53,115,88,94,73,92,83,56,51,106,13,30,30,26,12,20,11,100,3,27,9,963,1,2,41,172,61,35,42,73,55,44,16,326,59,6,9,15,90,1,58,40,27,21,0,0,2,1216,188
1119,0,0,0,0,0,0,0,0,0,0,0,0,0,0,0,0,0,0,0,0,0,0,0,0,0,0,0,0,0,0,0,0,0,0,0,0,0,0,0,0,0,0,0,0,0,0,0,0,0,0,0,0,0
1120,131,132,26,2,5,22,10,10,11,15,19,22,18,23,9,10,12,14,7,4,6,18,0,26,1,53,0,1,8,174,9,26,18,9,11,7,2,82,3,6,6,11,6,25,11,3,5,6,0,0,0,263,29
1121,0,0,0,0,0,0,0,0,0,0,0,0,0,0,0,0,0,0,0,0,0,0,0,0,0,0,0,0,0,0,0,0,0,0,0,0,0,0,0,0,0,0,0,0,0,0,0,0,0,0,0,0,0
1122,39,59,8,4,1,17,17,3,8,6,7,2,1,5,0,0,5,1,0,0,6,7,1,1,7,81,0,0,0,8,3,3,4,5,0,4,4,23,2,0,0,0,5,0,5,4,3,4,0,0,0,98,13
1123,435,438,62,57,37,81,60,70,58,56,34,42,41,104,12,10,24,15,7,11,20,72,2,33,37,633,1,1,23,143,29,34,39,31,45,30,16,224,34,5,5,3,67,2,46,27,14,21,0,0,0,873,122
1124,903,855,144,76,46,113,78,119,113,108,158,140,111,104,54,42,90,78,43,15,21,105,5,258,10,245,6,8,80,1146,95,208,119,85,57,27,13,604,19,49,35,96,45,137,33,49,55,86,0,0,0,1758,182
1125,0,0,0,0,0,0,0,0,0,0,0,0,0,0,0,0,0,0,0,0,0,0,0,0,0,0,0,0,0,0,0,0,0,0,0,0,0,0,0,0,0,0,0,0,0,0,0,0,0,0,0,0,0
1126,314,315,40,17,13,51,49,42,37,37,27,35,37,51,13,16,32,14,34,18,25,41,0,71,6,221,2,5,12,312,58,86,35,29,13,9,7,237,30,18,12,14,41,26,30,14,21,31,0,0,0,629,58
1127,0,0,0,0,0,0,0,0,0,0,0,0,0,0,0,0,0,0,0,0,0,0,0,0,0,0,0,0,0,0,0,0,0,0,0,0,0,0,0,0,0,0,0,0,0,0,0,0,0,0,0,0,0
1128,238,271,44,23,15,45,52,40,32,33,26,26,26,55,11,11,13,4,6,5,4,38,5,28,24,405,1,4,4,38,15,19,19,23,23,15,12,126,13,6,1,4,42,0,18,21,7,14,0,0,0,509,73
1129,1095,1090,174,97,83,199,178,162,122,96,120,113,122,189,57,61,90,64,47,28,31,152,10,89,151,1257,11,11,69,587,105,133,116,121,85,58,25,643,107,51,22,11,125,3,118,70,51,85,0,0,0,2185,289
1130,74,54,3,6,1,12,12,13,8,6,4,9,13,10,6,4,4,4,2,3,3,5,1,19,4,44,0,1,6,53,14,14,6,8,1,1,3,47,1,4,3,7,3,7,9,3,2,8,0,0,0,128,13
1131,0,0,0,0,0,0,0,0,0,0,0,0,0,0,0,0,0,0,0,0,0,0,0,0,0,0,0,0,0,0,0,0,0,0,0,0,0,0,0,0,0,0,0,0,0,0,0,0,0,0,0,0,0
1132,281,237,35,23,15,45,28,20,30,46,35,45,28,28,13,13,26,24,16,4,11,33,2,91,3,72,3,2,38,307,28,58,33,37,19,4,1,180,2,19,19,20,13,40,10,11,24,22,0,0,0,518,61
1133,478,476,68,49,35,79,75,79,70,55,49,60,45,87,12,20,27,19,15,11,13,86,3,25,17,715,4,3,32,155,53,36,48,52,42,28,12,271,57,7,1,3,93,7,42,30,17,14,0,0,0,954,134
1134,100,112,14,10,6,8,10,6,10,7,3,11,11,13,4,12,17,6,9,8,33,14,1,9,4,121,0,1,5,71,5,4,4,4,4,10,2,33,2,1,2,0,12,1,8,4,1,2,0,0,75,137,20
1135,340,477,40,18,21,55,55,68,46,40,69,82,91,38,28,26,27,28,23,14,18,30,2,34,44,254,0,2,28,453,34,63,47,26,11,11,6,198,33,18,6,6,17,9,34,28,16,31,0,0,241,576,54
1136,1008,988,195,102,63,158,109,94,132,141,183,132,98,153,40,60,68,49,49,26,31,113,14,305,85,315,5,6,97,1169,43,165,137,123,77,44,9,598,19,66,50,78,40,107,46,72,48,72,0,0,0,1996,253
1137,606,590,83,35,45,104,91,72,72,67,74,71,71,98,26,45,62,42,26,15,19,78,10,87,5,460,2,5,28,599,50,90,70,76,51,21,9,367,13,48,38,46,33,33,31,38,39,48,0,0,0,1196,157
1138,1,1,0,1,0,0,0,0,0,0,0,1,0,0,0,0,0,0,0,0,0,0,0,0,0,0,0,0,0,2,0,1,0,0,0,0,0,1,0,0,0,0,0,0,0,0,0,1,0,0,0,2,0
1139,416,460,83,38,32,65,52,52,49,56,54,70,54,64,20,25,40,30,14,10,20,48,2,137,44,151,3,3,36,500,19,72,70,61,32,14,2,270,9,29,14,32,24,72,11,20,13,46,0,0,0,876,109
1140,89,77,7,9,5,15,13,7,8,4,7,11,13,12,3,5,8,7,8,8,3,13,2,14,4,50,0,5,7,84,12,19,10,9,1,5,2,58,12,5,4,3,7,2,9,5,4,7,0,0,0,166,17
1141,271,280,41,29,18,46,35,51,40,35,25,24,21,65,4,18,28,10,6,5,6,44,4,17,5,419,2,2,19,83,14,20,30,36,22,15,8,145,21,2,3,1,40,2,37,21,15,3,0,0,0,551,81
1142,0,3,0,0,0,0,0,1,1,0,0,1,0,0,0,0,0,0,0,0,0,0,0,0,1,1,0,0,0,1,0,0,0,0,0,0,0,0,0,0,0,0,0,0,0,0,0,0,0,0,3,0,0
1143,0,0,0,0,0,0,0,0,0,0,0,0,0,0,0,0,0,0,0,0,0,0,0,0,0,0,0,0,0,0,0,0,0,0,0,0,0,0,0,0,0,0,0,0,0,0,0,0,0,0,0,0,0
1144,0,0,0,0,0,0,0,0,0,0,0,0,0,0,0,0,0,0,0,0,0,0,0,0,0,0,0,0,0,0,0,0,0,0,0,0,0,0,0,0,0,0,0,0,0,0,0,0,0,0,0,0,0
1145,93,78,12,5,5,17,19,15,14,10,10,6,5,6,7,8,6,6,6,1,1,12,0,25,13,63,0,1,13,56,8,15,11,8,4,4,3,53,9,4,2,0,11,7,3,5,5,7,0,0,0,171,19
1146,802,794,76,41,26,89,101,112,123,101,166,123,89,87,24,42,81,72,58,35,57,93,7,179,61,286,1,6,64,992,251,254,92,46,23,25,14,705,32,100,63,89,49,119,32,69,54,98,0,0,0,1596,108
1147,99,109,11,4,4,14,10,14,12,15,15,13,14,12,7,11,11,15,5,8,6,7,0,13,0,32,3,2,1,157,24,35,12,9,5,0,2,87,4,12,7,10,12,9,10,11,4,8,0,0,0,208,16
1148,316,305,60,21,20,64,43,45,43,41,38,32,22,56,9,10,24,13,12,8,8,52,3,11,15,424,0,1,16,151,33,33,31,39,30,15,4,185,38,2,8,3,55,3,30,23,12,11,0,0,0,621,88
1149,416,387,54,31,25,66,63,58,52,48,40,57,46,66,15,20,36,37,17,11,11,50,6,48,25,360,2,3,33,326,69,73,51,32,23,21,5,274,29,20,11,15,41,10,40,32,40,36,0,0,24,779,81
1150,151,144,32,13,11,25,17,25,20,18,22,15,16,18,8,10,12,5,3,4,5,16,1,33,1,69,2,4,10,175,11,28,18,13,11,7,3,91,3,4,9,10,8,22,7,3,10,15,0,0,0,295,34
1151,11,22,0,2,0,5,9,3,3,1,1,1,0,3,0,1,0,0,2,0,0,2,0,0,0,22,0,0,3,8,2,1,1,2,2,0,1,9,2,0,0,1,3,0,0,2,0,1,0,0,0,33,5
1152,6,5,0,0,0,0,0,1,2,0,2,3,0,0,0,1,0,2,0,0,0,0,0,1,0,6,0,0,0,4,1,0,1,0,0,0,0,2,0,0,0,0,0,0,2,0,0,0,0,0,7,4,0
1153,214,215,40,22,20,24,25,30,32,24,26,29,26,43,8,12,13,4,4,7,4,36,3,10,17,306,0,0,13,80,25,19,19,20,21,11,7,122,27,4,3,1,33,3,19,15,8,9,0,0,0,429,59
1154,2201,2129,258,163,114,322,317,359,325,270,284,240,258,300,100,146,201,154,115,76,82,246,22,611,193,858,7,23,129,2487,293,492,302,240,127,63,21,1538,175,142,81,99,216,98,166,203,146,212,0,0,0,4330,451
1155,0,0,0,0,0,0,0,0,0,0,0,0,0,0,0,0,0,0,0,0,0,0,0,0,0,0,0,0,0,0,0,0,0,0,0,0,0,0,0,0,0,0,0,0,0,0,0,0,0,0,0,0,0
1156,3,3,0,0,0,1,0,1,1,0,2,0,0,1,0,0,0,0,0,0,0,0,0,1,0,1,0,0,0,4,0,1,0,0,0,0,0,1,0,1,0,0,0,0,0,0,0,0,0,0,4,2,0
1157,0,0,0,0,0,0,0,0,0,0,0,0,0,0,0,0,0,0,0,0,0,0,0,0,0,0,0,0,0,0,0,0,0,0,0,0,0,0,0,0,0,0,0,0,0,0,0,0,0,0,0,0,0
1158,238,266,28,20,7,57,44,27,38,32,28,30,34,34,11,29,25,15,9,4,9,23,3,52,7,94,0,4,32,312,26,49,36,28,14,13,1,167,5,16,12,22,19,32,9,13,16,23,0,0,4,500,56
1159,183,186,16,18,17,22,26,25,24,17,17,21,35,19,13,13,31,15,11,2,12,15,1,16,3,90,0,1,4,254,23,50,22,22,12,4,1,134,9,21,12,20,12,20,8,4,15,13,0,0,0,369,39
1160,0,0,0,0,0,0,0,0,0,0,0,0,0,0,0,0,0,0,0,0,0,0,0,0,0,0,0,0,0,0,0,0,0,0,0,0,0,0,0,0,0,0,0,0,0,0,0,0,0,0,0,0,0
1161,815,803,110,67,46,130,108,104,98,90,122,136,129,85,44,52,71,60,36,17,36,77,11,155,28,387,5,7,45,980,133,210,106,82,47,17,10,605,29,56,39,70,43,133,48,55,53,79,0,0,0,1618,156
1162,215,183,23,14,13,34,36,25,17,26,18,30,20,38,11,8,15,11,7,8,11,33,5,28,2,174,1,1,8,179,10,23,22,20,21,6,6,108,5,15,16,13,11,7,9,11,4,17,0,0,6,392,53
1163,358,346,72,31,26,77,56,40,46,35,33,37,31,79,8,16,26,11,9,10,7,54,7,24,6,529,0,5,30,103,15,21,27,46,37,19,10,175,31,7,9,5,48,2,19,25,15,14,0,0,0,704,112
1164,394,401,35,21,12,54,38,57,53,53,74,61,47,61,16,34,39,33,20,10,22,55,0,101,32,137,2,2,35,486,106,130,38,28,19,7,8,336,23,39,27,33,26,63,20,29,31,45,0,0,0,795,62
1165,30,20,6,4,1,3,4,1,1,5,6,2,5,4,1,0,0,0,1,2,0,4,1,0,0,37,0,0,0,12,3,2,5,3,2,1,0,16,4,0,0,0,3,0,3,3,2,1,0,0,0,50,6
1166,0,0,0,0,0,0,0,0,0,0,0,0,0,0,0,0,0,0,0,0,0,0,0,0,0,0,0,0,0,0,0,0,0,0,0,0,0,0,0,0,0,0,0,0,0,0,0,0,0,0,0,0,0
1167,339,516,37,29,15,62,73,68,79,55,68,62,77,43,23,23,34,21,13,10,15,48,6,50,33,373,0,1,23,369,45,46,43,24,21,15,2,196,17,14,10,3,19,6,40,36,26,25,0,0,280,575,62
1168,119,144,10,9,8,18,23,25,21,12,19,16,15,21,8,10,12,4,6,4,2,20,3,14,9,117,0,0,12,108,28,27,22,7,11,4,1,100,11,9,4,3,5,5,21,12,16,14,0,0,0,263,23
1169,363,390,52,42,23,100,80,44,41,44,29,41,50,61,13,14,22,27,8,6,8,48,9,139,71,127,0,6,43,358,9,60,44,51,27,14,8,213,6,37,19,26,16,38,17,16,19,19,0,0,0,753,100
1170,0,0,0,0,0,0,0,0,0,0,0,0,0,0,0,0,0,0,0,0,0,0,0,0,0,0,0,0,0,0,0,0,0,0,0,0,0,0,0,0,0,0,0,0,0,0,0,0,0,0,0,0,0
1171,33,32,8,3,1,3,4,8,4,5,6,3,5,4,0,2,0,2,1,0,1,5,0,0,3,53,0,0,0,9,3,1,4,5,2,3,0,18,4,2,1,0,3,0,3,4,1,0,0,0,0,65,10
1172,6,6,1,0,0,1,1,2,1,1,1,0,1,1,0,0,0,0,0,0,1,1,0,0,0,7,0,0,0,5,1,1,0,1,1,0,0,4,0,0,0,1,0,1,2,0,0,0,0,0,0,12,2
1173,0,0,0,0,0,0,0,0,0,0,0,0,0,0,0,0,0,0,0,0,0,0,0,0,0,0,0,0,0,0,0,0,0,0,0,0,0,0,0,0,0,0,0,0,0,0,0,0,0,0,0,0,0
1174,0,0,0,0,0,0,0,0,0,0,0,0,0,0,0,0,0,0,0,0,0,0,0,0,0,0,0,0,0,0,0,0,0,0,0,0,0,0,0,0,0,0,0,0,0,0,0,0,0,0,0,0,0
1175,133,129,18,11,2,22,23,19,17,14,15,16,13,13,10,10,19,11,7,5,6,11,2,41,3,43,0,0,5,168,24,27,30,13,6,2,0,102,11,8,4,8,11,12,9,15,7,17,0,0,0,262,21
1176,0,0,0,0,0,0,0,0,0,0,0,0,0,0,0,0,0,0,0,0,0,0,0,0,0,0,0,0,0,0,0,0,0,0,0,0,0,0,0,0,0,0,0,0,0,0,0,0,0,0,0,0,0
1177,138,133,25,10,14,34,12,13,13,17,22,18,21,18,2,13,11,6,5,3,2,12,2,34,15,67,2,1,10,140,7,18,14,29,5,6,1,80,5,15,3,10,7,16,3,4,7,10,0,0,0,271,41
1178,596,580,86,45,35,96,91,81,88,90,60,61,57,86,28,41,41,39,28,12,18,93,8,60,14,625,1,1,44,423,79,81,88,63,45,19,9,384,40,28,20,20,50,7,68,49,52,50,0,0,7,1169,136
1179,0,2,0,0,0,0,0,0,0,1,0,0,0,0,0,1,0,0,0,0,0,0,0,0,0,1,0,0,0,1,0,0,0,0,0,0,0,0,0,0,0,0,0,0,0,0,0,0,0,0,2,0,0
1180,7,3,0,0,2,0,0,0,1,0,0,0,2,0,0,1,1,2,0,0,1,0,0,0,0,0,0,0,0,10,2,2,0,1,0,0,0,5,1,0,0,0,1,2,1,0,0,0,0,0,0,10,1
1181,109,116,22,5,5,15,12,15,18,19,15,9,11,24,4,7,5,9,10,4,2,14,0,25,16,52,4,0,15,113,8,26,13,16,3,5,2,73,8,8,4,4,9,5,7,12,4,12,0,0,0,225,26
1182,601,608,69,45,32,89,84,72,73,66,87,87,110,78,32,49,54,54,31,18,30,49,5,109,6,227,6,3,36,817,137,160,79,56,29,11,10,482,9,81,48,46,49,63,20,46,49,71,0,0,0,1209,106
1183,2,5,0,0,0,0,0,1,0,2,1,1,0,0,0,2,0,0,0,0,0,0,0,0,0,2,0,0,0,5,0,0,0,0,0,0,0,0,0,0,0,0,0,0,0,0,0,0,0,0,7,0,0
1184,86,98,13,9,5,10,9,12,13,10,12,11,16,7,3,11,12,5,6,2,6,12,3,21,4,52,0,0,6,98,17,14,12,11,2,4,2,62,6,4,5,3,7,3,16,6,6,6,0,0,8,176,19
1185,206,216,16,21,14,26,36,47,27,22,30,19,30,33,11,13,20,12,11,5,7,22,5,74,7,55,0,0,24,257,9,37,36,20,19,4,4,129,2,13,10,14,7,39,3,6,13,22,0,0,0,422,47
1186,0,0,0,0,0,0,0,0,0,0,0,0,0,0,0,0,0,0,0,0,0,0,0,0,0,0,0,0,0,0,0,0,0,0,0,0,0,0,0,0,0,0,0,0,0,0,0,0,0,0,0,0,0
1187,0,0,0,0,0,0,0,0,0,0,0,0,0,0,0,0,0,0,0,0,0,0,0,0,0,0,0,0,0,0,0,0,0,0,0,0,0,0,0,0,0,0,0,0,0,0,0,0,0,0,0,0,0
1188,0,0,0,0,0,0,0,0,0,0,0,0,0,0,0,0,0,0,0,0,0,0,0,0,0,0,0,0,0,0,0,0,0,0,0,0,0,0,0,0,0,0,0,0,0,0,0,0,0,0,0,0,0
1189,0,0,0,0,0,0,0,0,0,0,0,0,0,0,0,0,0,0,0,0,0,0,0,0,0,0,0,0,0,0,0,0,0,0,0,0,0,0,0,0,0,0,0,0,0,0,0,0,0,0,0,0,0
1190,328,347,42,20,22,60,51,45,50,43,37,52,49,40,12,23,25,26,14,10,6,48,6,35,8,325,0,2,35,264,43,61,50,39,21,15,1,230,31,15,10,12,29,12,35,31,23,32,0,0,0,675,76
1191,68,80,5,0,3,8,12,12,9,14,12,14,7,6,1,5,9,11,3,5,2,10,0,21,1,17,2,2,7,98,8,19,7,10,3,3,1,51,1,3,1,4,4,13,0,4,11,10,0,0,0,148,17
1192,267,249,23,15,18,51,38,29,16,25,40,44,45,34,11,25,26,18,11,13,6,28,9,29,14,220,1,5,7,231,18,59,37,29,7,10,6,166,9,17,18,26,16,9,17,26,10,18,0,0,8,508,52
1193,0,0,0,0,0,0,0,0,0,0,0,0,0,0,0,0,0,0,0,0,0,0,0,0,0,0,0,0,0,0,0,0,0,0,0,0,0,0,0,0,0,0,0,0,0,0,0,0,0,0,0,0,0
1194,349,323,28,17,15,33,32,45,46,63,69,53,51,34,14,15,31,29,20,12,22,43,7,58,20,150,1,2,9,425,101,111,34,24,8,9,7,294,12,45,27,30,15,65,18,30,22,30,0,0,0,672,48
1195,35,32,3,3,4,7,2,1,3,1,1,6,6,2,1,4,7,6,2,1,1,6,1,4,0,17,0,1,4,40,3,8,5,4,1,2,0,23,3,4,1,4,2,4,0,3,0,2,0,0,0,67,7
1196,51,47,17,5,1,6,3,2,7,7,5,11,8,6,1,4,0,5,3,3,0,4,7,5,0,76,0,0,2,8,6,4,4,5,8,2,0,29,7,0,1,1,10,1,2,5,2,0,0,0,0,98,15
1197,0,0,0,0,0,0,0,0,0,0,0,0,0,0,0,0,0,0,0,0,0,0,0,0,0,0,0,0,0,0,0,0,0,0,0,0,0,0,0,0,0,0,0,0,0,0,0,0,0,0,0,0,0
1198,349,322,60,28,20,46,48,53,42,32,46,36,49,63,15,22,20,20,15,7,8,41,3,39,6,330,0,1,25,267,48,47,40,27,28,17,7,214,28,15,8,10,22,14,49,21,21,26,0,0,0,671,79
1199,7,7,2,0,0,0,3,0,1,0,2,0,1,0,0,0,1,0,3,0,0,1,2,0,0,3,0,0,1,8,0,3,1,0,1,0,0,5,0,0,0,0,0,0,0,3,1,1,0,0,0,14,1
1200,0,0,0,0,0,0,0,0,0,0,0,0,0,0,0,0,0,0,0,0,0,0,0,0,0,0,0,0,0,0,0,0,0,0,0,0,0,0,0,0,0,0,0,0,0,0,0,0,0,0,0,0,0
1201,325,261,49,23,12,37,35,25,32,55,42,39,40,27,20,20,29,21,20,6,17,37,1,54,2,104,1,2,23,399,62,66,45,24,13,12,3,225,6,42,14,21,28,25,11,19,25,34,0,0,0,586,52
1202,163,156,20,10,18,30,23,17,16,16,17,15,24,35,3,7,14,10,9,1,7,27,4,21,7,148,1,0,9,129,12,20,13,12,10,4,13,84,16,5,4,6,11,2,16,11,5,8,0,0,3,316,39
1203,119,91,10,18,3,15,13,12,21,12,10,10,9,18,5,6,6,8,8,2,3,21,1,18,3,125,1,2,4,56,9,9,11,10,9,8,2,58,5,5,2,3,12,1,10,12,4,4,0,0,0,210,29
1204,82,108,9,7,4,15,12,20,11,11,19,8,8,7,8,10,7,15,8,1,3,7,6,9,0,40,0,2,4,129,3,26,14,5,3,4,2,57,4,9,1,10,5,6,6,4,6,6,0,0,17,173,14
1205,0,0,0,0,0,0,0,0,0,0,0,0,0,0,0,0,0,0,0,0,0,0,0,0,0,0,0,0,0,0,0,0,0,0,0,0,0,0,0,0,0,0,0,0,0,0,0,0,0,0,0,0,0
1206,1,1,0,0,0,1,0,0,0,0,0,0,0,0,0,0,1,0,0,0,0,0,0,0,0,0,0,0,0,2,0,1,0,0,0,0,0,1,0,1,0,0,0,0,0,0,0,0,0,0,0,2,0
1207,230,197,33,31,13,29,30,22,23,20,31,30,25,35,5,13,24,17,7,6,9,24,3,60,3,116,1,2,12,230,14,28,26,26,18,7,5,124,4,4,11,14,8,23,8,10,18,24,0,0,0,427,56
1208,155,160,24,9,8,12,20,14,22,21,11,22,16,26,6,19,13,17,15,6,11,23,2,7,1,53,0,1,19,232,19,39,17,17,12,4,2,110,2,13,13,18,9,21,5,7,10,12,0,0,0,315,35
1209,302,306,30,16,17,31,39,46,51,36,33,46,49,25,18,29,26,34,15,19,8,40,3,48,1,104,1,4,17,430,69,85,37,32,12,6,4,245,6,41,24,23,23,37,11,25,21,34,0,0,0,608,54
1210,0,0,0,0,0,0,0,0,0,0,0,0,0,0,0,0,0,0,0,0,0,0,0,0,0,0,0,0,0,0,0,0,0,0,0,0,0,0,0,0,0,0,0,0,0,0,0,0,0,0,0,0,0
1211,0,0,0,0,0,0,0,0,0,0,0,0,0,0,0,0,0,0,0,0,0,0,0,0,0,0,0,0,0,0,0,0,0,0,0,0,0,0,0,0,0,0,0,0,0,0,0,0,0,0,0,0,0
1212,0,0,0,0,0,0,0,0,0,0,0,0,0,0,0,0,0,0,0,0,0,0,0,0,0,0,0,0,0,0,0,0,0,0,0,0,0,0,0,0,0,0,0,0,0,0,0,0,0,0,0,0,0
1213,0,0,0,0,0,0,0,0,0,0,0,0,0,0,0,0,0,0,0,0,0,0,0,0,0,0,0,0,0,0,0,0,0,0,0,0,0,0,0,0,0,0,0,0,0,0,0,0,0,0,0,0,0
1214,0,0,0,0,0,0,0,0,0,0,0,0,0,0,0,0,0,0,0,0,0,0,0,0,0,0,0,0,0,0,0,0,0,0,0,0,0,0,0,0,0,0,0,0,0,0,0,0,0,0,0,0,0
1215,260,288,47,25,10,35,30,36,33,45,35,30,34,40,5,16,26,25,16,9,9,42,1,71,16,96,0,9,14,341,13,41,32,36,25,9,4,160,6,24,14,11,13,29,11,16,13,23,0,0,0,548,74
1216,322,293,46,28,14,33,31,46,34,35,46,47,42,42,15,18,30,29,22,11,15,31,5,88,5,88,4,4,24,397,33,67,49,40,19,5,2,215,7,14,23,33,16,47,11,16,16,32,0,0,0,615,66
1217,17,28,3,1,2,8,7,2,3,1,1,1,1,2,2,2,2,1,1,1,1,3,6,7,2,10,0,1,1,18,6,6,1,1,1,0,2,17,4,1,0,0,4,1,4,1,1,1,0,0,0,45,4
1218,45,44,5,6,2,3,5,14,10,3,3,5,6,5,1,1,5,3,3,0,0,9,6,3,2,18,0,0,2,58,7,13,1,5,1,2,2,31,4,0,1,3,6,1,6,2,1,7,0,0,0,89,10
1219,15,19,3,3,1,5,1,3,1,1,5,1,1,1,1,1,3,1,0,0,1,1,0,0,0,14,0,0,0,20,4,6,0,1,1,0,1,13,3,0,1,0,3,0,3,2,0,1,0,0,0,34,3
1220,384,387,50,32,14,62,56,55,59,48,47,41,41,70,18,19,41,31,17,7,12,51,6,47,25,406,1,1,30,255,46,63,47,43,28,20,3,250,25,17,11,15,24,11,37,32,38,40,0,0,0,771,94
1221,0,0,0,0,0,0,0,0,0,0,0,0,0,0,0,0,0,0,0,0,0,0,0,0,0,0,0,0,0,0,0,0,0,0,0,0,0,0,0,0,0,0,0,0,0,0,0,0,0,0,0,0,0
1222,0,0,0,0,0,0,0,0,0,0,0,0,0,0,0,0,0,0,0,0,0,0,0,0,0,0,0,0,0,0,0,0,0,0,0,0,0,0,0,0,0,0,0,0,0,0,0,0,0,0,0,0,0
1223,0,0,0,0,0,0,0,0,0,0,0,0,0,0,0,0,0,0,0,0,0,0,0,0,0,0,0,0,0,0,0,0,0,0,0,0,0,0,0,0,0,0,0,0,0,0,0,0,0,0,0,0,0
1224,408,429,54,46,30,113,87,48,43,46,33,48,36,57,12,16,34,23,12,11,13,75,2,69,9,562,1,8,37,149,25,35,36,41,36,28,15,216,33,11,6,13,22,7,29,49,26,20,0,0,0,837,120
1225,1,2,0,0,0,0,0,0,1,1,0,1,0,0,0,0,0,0,0,0,0,0,0,0,1,1,0,0,0,1,0,0,0,0,0,0,0,0,0,0,0,0,0,0,0,0,0,0,0,0,3,0,0
1226,0,0,0,0,0,0,0,0,0,0,0,0,0,0,0,0,0,0,0,0,0,0,0,0,0,0,0,0,0,0,0,0,0,0,0,0,0,0,0,0,0,0,0,0,0,0,0,0,0,0,0,0,0
1227,682,693,133,68,52,101,51,71,70,103,137,94,93,88,26,44,51,60,26,28,17,62,7,218,19,163,4,4,52,908,69,159,90,85,42,14,10,469,8,37,28,52,53,124,28,27,43,69,0,0,6,1369,151
1228,323,340,62,32,20,66,37,48,53,41,34,31,39,60,6,15,20,19,12,7,8,53,2,42,9,429,0,2,23,156,25,23,42,30,34,17,9,180,19,21,12,3,23,4,23,38,19,18,0,0,0,663,90
1229,23,21,1,2,0,1,1,2,1,8,1,8,3,5,1,0,3,4,1,0,0,2,0,0,0,29,0,0,4,11,0,4,1,3,2,1,0,11,4,1,0,3,0,0,1,1,0,1,0,0,5,39,6
1230,67,84,7,6,1,11,7,9,7,13,9,14,8,10,3,3,14,6,7,2,7,7,0,16,5,47,1,3,9,70,8,24,6,8,6,1,1,54,9,6,3,1,8,0,11,3,10,3,0,0,0,151,16
1231,0,0,0,0,0,0,0,0,0,0,0,0,0,0,0,0,0,0,0,0,0,0,0,0,0,0,0,0,0,0,0,0,0,0,0,0,0,0,0,0,0,0,0,0,0,0,0,0,0,0,0,0,0
1232,237,234,31,14,13,37,35,34,18,16,21,31,36,14,17,27,35,21,27,9,7,28,1,17,1,105,0,2,4,341,24,67,44,16,12,3,5,171,5,22,19,18,15,27,9,17,9,30,0,0,0,471,36
1233,792,797,91,57,48,118,114,87,99,104,111,112,130,89,58,52,80,63,41,22,33,80,7,177,5,267,6,6,64,1057,152,213,108,78,38,14,12,615,22,94,58,62,68,74,30,57,54,96,0,0,0,1589,142
1234,226,229,49,21,12,32,18,19,26,31,34,41,25,33,6,15,20,22,14,7,5,25,1,63,3,59,1,2,26,300,22,39,39,25,14,6,4,149,2,12,11,16,14,39,6,9,21,19,0,0,0,455,49
1235,0,0,0,0,0,0,0,0,0,0,0,0,0,0,0,0,0,0,0,0,0,0,0,0,0,0,0,0,0,0,0,0,0,0,0,0,0,0,0,0,0,0,0,0,0,0,0,0,0,0,0,0,0
1236,807,781,78,68,66,143,120,93,101,88,114,110,96,97,46,64,78,62,27,23,27,87,9,178,21,389,5,2,39,945,132,193,99,89,43,24,7,587,18,77,46,69,29,132,43,53,53,67,0,0,0,1588,163
1237,272,273,48,28,16,47,55,39,36,30,32,34,26,43,12,5,17,16,8,4,7,42,0,40,11,365,0,1,1,127,15,30,20,24,23,22,8,142,19,11,3,4,12,3,27,16,17,30,0,0,0,545,77
1238,5,4,5,0,0,0,1,0,0,0,0,2,1,0,0,0,0,0,0,0,0,0,0,1,0,0,0,0,0,8,0,0,1,0,0,1,0,2,0,0,0,0,0,0,1,1,0,0,0,0,0,9,1
1239,216,225,33,22,18,18,33,33,34,19,24,22,12,29,7,17,22,9,19,13,31,26,1,31,4,243,1,3,7,151,19,19,15,23,17,11,5,109,12,1,4,5,16,2,17,22,15,15,0,0,56,385,56
1240,0,0,0,0,0,0,0,0,0,0,0,0,0,0,0,0,0,0,0,0,0,0,0,0,0,0,0,0,0,0,0,0,0,0,0,0,0,0,0,0,0,0,0,0,0,0,0,0,0,0,0,0,0
1241,427,421,45,27,30,75,36,71,51,45,41,55,50,60,21,40,42,36,14,5,19,85,6,43,11,264,0,2,16,506,75,76,55,51,18,16,8,299,45,31,14,14,32,9,57,31,27,39,0,0,0,848,93
1242,310,301,45,30,22,63,46,39,33,34,48,21,34,55,12,15,14,11,10,11,14,54,2,37,0,372,0,2,20,178,29,25,24,29,23,23,11,164,21,10,5,9,25,5,28,25,10,26,0,0,3,608,86
1243,239,204,35,26,15,40,26,30,32,24,28,24,27,40,7,10,11,9,6,5,13,35,3,32,6,286,1,2,8,105,12,24,16,31,22,11,3,119,11,11,6,4,17,1,26,23,11,9,0,0,10,433,67
1244,3,5,0,1,0,1,1,0,2,0,2,0,0,0,0,0,0,0,0,0,0,1,0,0,0,5,0,0,0,3,0,0,0,2,0,0,0,2,0,0,0,0,0,0,1,1,0,0,0,0,0,8,2
1245,1058,1019,154,107,69,107,135,132,136,138,183,132,130,139,49,68,93,79,47,38,33,108,12,318,26,267,7,5,122,1320,114,246,144,113,64,34,8,723,12,51,63,120,61,174,38,40,80,84,0,0,0,2077,219
1246,153,164,17,15,9,37,38,19,23,13,12,14,14,25,11,7,17,12,8,6,4,16,3,28,13,126,0,0,22,125,27,23,13,17,11,4,7,102,11,14,8,9,9,5,13,15,10,8,0,0,0,317,39
1247,348,362,41,25,16,59,68,51,42,39,54,51,41,63,10,18,22,17,10,5,18,60,8,44,10,385,1,2,22,238,54,60,34,35,31,14,6,234,22,20,9,13,25,9,39,33,32,32,0,0,7,703,86
1248,118,135,22,19,9,10,24,16,14,17,13,22,11,17,5,6,12,6,9,2,8,11,1,19,2,188,1,0,2,40,15,10,17,10,9,8,4,73,11,3,3,3,7,1,14,16,10,5,0,0,0,253,31
1249,304,303,42,25,22,45,48,41,39,30,28,47,51,26,24,23,23,28,17,7,8,33,11,15,2,248,1,3,10,317,27,62,44,41,14,7,5,200,7,24,18,23,23,20,26,25,10,24,0,0,8,599,67
1250,779,751,108,74,54,120,83,95,89,113,121,108,95,99,34,57,60,59,30,19,30,82,5,198,16,217,0,4,95,995,79,179,109,92,40,18,11,528,12,40,45,91,31,124,27,36,49,73,0,0,0,1530,161
1251,872,827,156,83,51,135,102,120,122,96,124,118,99,93,39,45,64,59,31,23,45,94,12,273,73,285,5,6,65,980,54,136,125,123,56,31,5,530,25,82,33,61,45,102,29,41,50,62,0,0,0,1699,215
1252,9,7,0,0,0,1,3,0,0,0,0,1,0,1,1,2,1,0,0,1,0,5,0,5,0,4,0,1,0,6,1,0,0,0,3,0,0,4,0,0,0,0,0,0,3,0,0,1,0,0,0,16,3
1253,186,197,40,21,16,33,24,34,30,25,26,17,14,30,7,7,15,8,2,2,4,28,4,20,2,279,1,0,3,74,19,25,21,21,15,4,8,113,10,12,4,5,13,1,20,19,15,14,0,0,0,383,48
1254,855,851,100,64,40,148,134,110,131,99,97,118,136,93,51,71,73,51,38,24,33,95,10,168,34,451,4,8,45,986,128,211,112,98,47,14,13,623,33,65,45,61,42,127,56,49,59,86,0,0,5,1701,172
1255,301,264,26,18,10,47,27,35,43,26,42,42,42,44,16,18,31,23,15,13,18,29,2,81,4,131,1,0,22,324,45,68,30,31,20,5,5,204,14,13,14,27,19,38,8,13,27,31,0,0,0,565,61
1256,389,377,40,35,24,60,45,46,53,50,56,53,58,41,19,23,37,34,24,17,13,38,4,78,14,167,4,4,15,480,67,100,51,49,15,3,7,292,13,20,22,31,26,55,31,26,23,45,0,0,0,766,74
1257,272,264,38,21,17,52,36,28,42,37,23,27,32,42,12,17,21,15,9,11,15,41,1,59,1,345,0,3,15,112,21,39,30,31,19,14,5,159,11,13,9,4,17,3,25,39,16,22,0,0,2,534,69
1258,512,492,67,39,26,64,37,39,77,60,81,49,77,45,39,46,61,46,37,22,27,65,2,105,14,122,2,5,28,726,89,131,66,51,20,12,10,379,14,50,34,35,30,68,30,31,35,52,0,0,0,1004,93
1259,566,522,82,43,34,94,49,67,70,58,65,55,78,78,37,52,48,35,40,20,19,64,6,102,39,303,1,4,48,585,68,126,64,65,34,13,8,378,55,42,25,22,42,15,63,36,29,49,0,0,0,1088,120
1260,1061,1035,109,65,45,155,137,132,129,127,145,162,196,105,57,76,110,89,55,39,54,109,4,208,13,345,6,4,53,1463,249,297,137,105,48,14,12,862,27,143,78,91,100,115,39,73,73,123,0,0,0,2096,179
1261,794,760,98,57,38,114,142,140,117,81,93,99,83,140,31,40,52,56,29,17,29,98,10,238,72,222,8,10,54,940,20,124,130,105,55,27,5,466,21,48,53,51,33,82,40,47,29,62,0,0,0,1554,192
1262,6,9,5,0,0,2,0,1,3,2,0,1,0,1,0,0,0,0,0,0,0,0,0,0,0,11,0,0,0,4,0,0,0,0,1,0,0,1,0,0,0,0,0,0,1,0,0,0,0,0,10,5,1
1263,366,352,71,29,25,69,59,37,49,34,39,35,37,64,16,18,31,25,10,10,15,45,8,64,9,449,0,5,22,161,40,40,34,30,28,31,6,209,24,10,7,10,34,5,32,33,30,24,0,0,0,718,95
1264,1618,1592,267,150,102,279,247,227,188,171,211,173,188,235,79,84,141,99,56,52,49,212,32,489,161,509,9,18,153,1839,58,272,232,211,114,59,18,964,45,133,75,107,67,193,58,98,65,123,0,0,0,3210,402
1265,301,306,39,26,27,58,51,46,37,33,35,27,27,51,10,18,28,18,15,9,14,38,4,42,2,356,1,6,20,176,26,36,30,39,19,14,10,174,15,8,6,8,24,4,32,24,25,28,0,0,0,607,82
1266,305,282,29,24,14,49,42,47,33,38,29,38,37,20,17,27,31,24,30,10,17,31,2,61,4,39,1,3,13,464,76,91,36,25,15,5,2,250,20,25,22,27,13,36,28,17,21,41,0,0,0,587,47
1267,17,18,1,0,0,3,2,3,4,3,2,3,2,5,0,3,0,1,1,1,1,0,0,4,4,9,0,0,0,18,1,4,6,2,0,0,0,13,1,1,2,0,2,1,2,0,0,4,0,0,0,35,2
1268,453,456,93,37,32,80,65,72,63,53,51,42,41,74,25,24,29,23,11,11,10,73,4,78,5,615,0,2,21,184,35,37,46,45,40,36,8,247,15,18,7,9,29,4,51,62,31,21,0,0,0,909,129
1269,4,12,1,0,0,2,5,0,1,1,4,0,1,0,0,0,1,0,0,0,0,0,0,0,0,15,0,0,0,1,1,0,1,1,0,0,1,4,0,0,0,0,0,0,1,0,3,0,0,0,0,16,2
1270,183,151,34,25,16,22,19,25,24,17,10,16,12,36,11,11,8,9,2,5,2,30,0,15,4,234,0,2,7,72,7,17,11,22,19,7,4,87,8,2,2,3,11,3,15,11,15,17,0,0,0,334,52
1271,0,0,0,0,0,0,0,0,0,0,0,0,0,0,0,0,0,0,0,0,0,0,0,0,0,0,0,0,0,0,0,0,0,0,0,0,0,0,0,0,0,0,0,0,0,0,0,0,0,0,0,0,0
1272,94,106,10,17,1,12,13,10,14,6,13,9,15,16,3,7,13,10,4,2,13,12,0,12,3,87,0,2,5,91,14,21,12,9,4,2,5,67,0,10,9,8,9,3,7,7,7,7,0,0,0,200,20
1273,103,119,10,4,4,8,10,23,9,10,4,11,25,22,8,11,19,14,7,7,3,13,2,14,4,41,0,0,13,148,13,32,15,9,4,6,1,80,5,4,3,15,10,17,2,4,4,16,0,0,0,222,20
1274,24,12,1,1,4,1,1,3,1,5,3,0,0,8,0,2,1,4,1,0,0,0,0,1,0,15,0,1,1,18,1,3,1,2,1,1,1,10,1,1,0,0,2,0,0,3,2,1,0,0,0,36,5
1275,10,13,0,0,0,2,3,3,2,2,0,3,0,1,0,2,3,0,2,0,0,0,1,5,0,3,0,0,0,14,1,2,3,1,1,0,0,8,1,1,1,0,3,0,0,1,0,1,0,0,0,23,2
1276,397,385,57,31,24,53,55,59,46,48,37,39,46,39,21,28,48,25,37,21,20,48,6,71,3,46,2,4,16,634,87,107,47,37,16,15,3,312,17,41,30,38,35,49,30,21,18,33,0,0,0,782,71
1277,409,403,61,39,27,59,64,54,59,62,54,46,53,57,20,26,27,20,13,9,7,55,6,39,11,396,0,3,41,316,40,58,66,53,25,14,4,260,18,15,10,21,50,2,54,24,35,31,0,0,5,807,96
1278,275,240,52,34,19,43,34,34,36,34,33,37,23,44,8,6,14,12,5,10,11,26,0,20,9,373,0,1,18,94,10,34,24,32,20,15,6,141,17,6,4,4,24,3,24,27,14,18,0,0,0,515,73
1279,542,546,56,31,19,70,64,82,84,77,81,61,68,56,34,40,63,54,37,15,22,74,9,101,28,203,7,3,44,693,107,161,70,55,23,7,9,432,21,69,31,48,33,81,38,29,32,50,0,0,0,1088,94
1280,418,387,36,28,23,79,53,60,50,44,46,53,82,39,25,34,38,26,27,10,16,36,7,86,3,121,4,3,25,556,100,116,54,32,22,7,4,335,9,56,26,41,40,38,12,36,27,50,0,0,0,805,65
1281,359,371,52,24,24,75,66,57,42,47,29,32,39,66,12,10,32,27,12,7,20,57,7,69,4,455,0,4,23,168,36,42,35,30,29,22,13,207,24,9,12,9,31,10,39,27,24,22,0,0,0,730,94
1282,311,297,39,21,29,40,33,30,42,44,56,47,32,47,10,13,29,23,17,10,10,36,1,100,9,91,1,1,36,369,39,65,43,40,22,4,2,215,2,24,20,24,21,51,16,14,26,17,0,0,0,608,68
1283,483,487,52,30,20,62,54,58,55,46,64,58,66,63,25,52,68,56,44,19,26,52,4,73,2,57,2,3,12,817,76,159,72,37,22,13,3,382,16,44,34,65,26,104,23,28,20,22,0,0,0,970,75
1284,898,863,100,60,50,120,92,113,90,81,90,125,157,104,42,83,119,105,70,44,53,63,12,174,10,110,7,5,33,1410,128,291,89,96,58,13,4,679,24,89,63,97,35,194,51,58,22,46,0,0,0,1761,171
1285,827,779,99,50,39,107,128,133,110,90,95,96,93,100,39,63,84,61,41,38,53,87,3,186,83,485,2,14,82,751,77,173,106,95,41,23,6,521,38,38,28,51,48,44,36,74,77,87,0,0,93,1513,165
1286,938,860,108,55,40,111,119,123,119,99,121,130,127,86,48,80,105,84,71,27,40,105,10,139,35,279,2,4,87,1242,168,279,122,93,36,11,11,720,37,103,80,83,52,111,61,58,49,86,0,0,0,1798,151
1287,301,285,57,38,26,52,37,25,29,33,40,39,31,37,12,15,23,30,19,6,9,28,4,87,34,104,2,2,18,335,14,40,37,41,26,9,4,171,7,23,16,19,14,28,9,12,17,26,0,0,0,586,80
1288,1698,1644,320,147,103,242,214,182,205,249,251,207,193,245,59,99,120,106,78,49,70,203,9,500,107,602,6,17,113,1988,99,273,228,224,110,70,18,1022,50,136,77,121,77,180,69,90,75,147,0,0,0,3342,422
1289,515,476,79,59,33,79,57,69,53,62,57,46,46,89,19,20,37,27,17,17,29,96,2,103,16,596,1,4,30,239,36,54,44,39,44,34,12,263,38,10,7,8,40,6,44,48,32,30,0,0,35,956,129
1290,336,341,37,26,24,44,38,42,41,38,46,67,39,37,28,34,35,21,16,8,14,42,2,81,17,180,1,4,10,382,58,75,47,42,18,8,2,250,21,20,13,25,23,49,22,22,24,31,0,0,6,671,70
1291,634,602,131,60,41,83,82,83,77,78,80,84,63,105,31,38,48,31,16,10,14,81,10,58,42,619,1,3,65,438,62,78,80,64,45,34,12,375,18,22,20,13,55,8,75,57,43,64,0,0,0,1236,155
1292,402,398,72,38,27,66,60,60,41,57,47,35,37,85,15,16,35,21,21,4,11,52,5,66,7,555,2,4,20,141,32,38,44,35,39,20,12,220,21,13,8,10,34,3,34,48,24,25,0,0,6,794,106
1293,53,36,6,4,1,8,16,8,5,0,2,4,10,6,0,3,2,4,4,1,2,3,0,22,7,25,0,1,0,34,5,4,9,6,1,2,1,28,1,4,1,1,7,1,4,5,2,2,0,0,0,89,10
1294,332,415,32,26,25,120,121,49,43,33,39,27,33,56,13,16,22,19,9,18,12,34,13,159,79,190,0,13,88,205,22,43,42,48,25,12,15,207,14,16,21,19,18,11,30,31,18,29,0,0,0,747,100
1295,179,179,17,11,10,28,27,21,18,23,25,25,28,19,8,17,17,21,9,8,13,13,3,27,8,75,1,0,12,232,26,40,26,12,12,7,2,125,25,13,7,6,16,7,18,8,9,16,0,0,8,350,33
1296,200,188,20,16,8,32,31,20,22,18,33,13,33,30,9,13,13,17,11,3,11,35,4,38,1,160,0,0,4,181,16,45,22,19,18,5,2,127,7,12,15,10,13,9,18,15,12,16,0,0,3,385,44
1297,451,432,61,33,19,64,68,54,59,42,53,41,55,62,29,33,41,38,27,16,19,69,4,51,14,238,1,2,31,542,61,86,60,37,35,18,4,301,47,28,15,11,25,14,51,38,34,38,0,0,6,877,94
1298,610,576,77,41,32,94,61,94,93,81,66,75,81,95,24,32,63,48,28,25,16,60,3,123,57,417,3,6,42,535,67,155,80,67,32,18,4,423,25,37,30,32,22,43,30,63,60,81,0,0,0,1186,121
1299,84,86,4,2,4,11,14,13,9,6,11,7,5,11,7,9,14,11,5,6,11,10,0,8,0,28,1,0,6,127,10,26,12,7,6,1,1,63,1,5,3,11,4,14,5,2,4,14,0,0,0,170,15
1300,302,286,45,23,19,44,53,40,25,25,45,39,36,42,22,15,25,17,18,11,12,32,3,89,14,172,1,3,7,299,22,43,44,37,27,7,2,182,13,33,12,15,16,5,10,14,33,31,0,0,7,581,73
1301,24,30,8,2,0,1,1,8,6,2,4,3,1,5,0,3,3,1,1,0,1,4,0,4,0,13,0,0,2,35,1,4,2,6,3,0,0,16,0,1,1,2,1,2,2,3,2,2,0,0,0,54,9
1302,541,575,88,42,50,103,89,68,71,65,53,54,70,104,22,34,45,27,17,15,8,91,5,57,28,600,2,5,59,360,53,64,61,55,58,28,9,328,24,22,17,10,57,12,75,37,35,39,0,0,0,1116,150
1303,67,81,15,7,2,4,12,8,9,12,10,10,7,20,4,4,7,5,1,3,2,6,0,1,9,87,0,0,5,46,4,11,4,11,5,4,2,41,3,3,1,2,8,1,10,3,5,5,0,0,0,148,22
1304,215,176,17,14,10,31,25,22,30,15,16,17,25,25,11,18,24,26,18,11,6,30,4,5,3,92,0,0,5,282,12,51,33,12,12,7,3,130,10,18,11,13,12,22,5,11,10,18,0,0,0,391,34
1305,17,13,1,1,1,1,2,4,3,5,2,1,0,1,1,2,1,4,0,0,0,0,0,1,0,3,0,0,6,20,8,3,1,2,0,0,0,14,1,2,1,1,0,1,1,2,1,4,0,0,5,25,2
1306,328,307,53,25,18,39,42,47,54,40,55,23,39,57,14,14,24,13,17,4,2,55,4,26,13,296,2,2,17,275,43,48,41,34,20,16,5,207,21,10,5,9,41,6,42,26,25,22,0,0,0,635,75
1307,265,291,37,24,14,56,55,38,33,31,30,42,39,25,13,17,22,15,8,4,8,45,9,71,11,162,1,2,9,291,21,49,42,22,21,14,4,173,12,22,22,21,13,9,8,16,15,35,0,0,0,556,61
1308,122,129,22,7,8,18,20,16,8,11,21,10,20,20,8,10,23,12,4,5,2,6,1,23,3,21,3,1,8,191,15,45,16,10,6,2,2,96,6,12,5,16,7,27,8,7,4,4,0,0,0,251,20
1309,82,100,15,9,7,13,11,12,11,7,9,7,10,22,3,4,9,8,1,1,0,23,0,1,11,72,0,1,3,94,3,7,5,7,3,7,8,40,5,3,2,1,12,0,6,3,4,4,0,0,0,182,25
1310,388,397,42,33,32,69,68,48,36,33,50,51,60,25,14,34,45,48,24,20,25,28,2,70,2,105,1,3,15,587,54,117,50,35,26,6,5,293,13,25,23,41,17,87,22,27,16,22,0,0,0,785,72
1311,333,302,33,22,14,57,29,49,40,32,47,35,34,52,12,24,40,24,16,12,21,42,3,89,32,230,0,3,25,253,18,81,31,35,17,14,6,202,20,19,13,16,13,15,16,27,34,29,0,0,5,630,72
1312,357,374,30,26,20,41,79,90,44,47,36,30,41,51,16,26,29,32,17,14,17,45,8,52,11,89,4,4,22,541,48,102,64,35,13,3,8,273,16,22,21,34,14,56,40,25,18,27,0,0,0,731,59
1313,15,8,2,1,0,0,1,0,0,0,1,2,2,6,0,2,0,0,0,0,0,6,0,0,0,14,0,0,2,7,0,2,1,0,0,0,2,5,0,1,1,0,0,0,0,2,0,1,0,0,0,23,2
1314,0,0,0,0,0,0,0,0,0,0,0,0,0,0,0,0,0,0,0,0,0,0,0,0,0,0,0,0,0,0,0,0,0,0,0,0,0,0,0,0,0,0,0,0,0,0,0,0,0,0,0,0,0
1315,131,153,12,7,5,25,21,14,20,11,19,18,24,14,7,11,24,16,16,2,6,12,4,3,0,44,1,0,5,227,28,52,18,11,5,2,2,118,12,6,6,6,27,5,13,27,7,9,0,0,0,284,20
1316,306,265,53,23,19,48,39,28,32,31,33,31,34,49,13,18,33,20,14,5,14,34,4,73,17,158,0,8,18,293,14,42,37,35,18,13,6,165,14,25,12,15,12,6,14,14,20,33,0,0,5,566,72
1317,237,261,36,24,18,28,30,31,30,38,32,30,27,54,15,20,17,11,12,6,8,31,13,38,9,165,0,0,17,256,20,36,35,31,21,12,0,155,7,9,13,34,11,39,11,10,13,8,0,0,0,498,64
1318,0,0,0,0,0,0,0,0,0,0,0,0,0,0,0,0,0,0,0,0,0,0,0,0,0,0,0,0,0,0,0,0,0,0,0,0,0,0,0,0,0,0,0,0,0,0,0,0,0,0,0,0,0
1319,444,447,45,18,14,71,61,58,78,52,46,61,63,74,23,37,45,31,11,22,21,60,2,57,38,219,4,3,57,511,41,93,63,53,23,20,2,295,29,24,21,31,22,50,19,23,29,47,0,0,11,880,98
1320,424,398,41,29,20,48,47,54,47,50,60,56,64,44,20,32,66,43,25,18,20,38,2,47,2,56,3,5,21,686,94,135,37,47,19,8,2,342,21,52,30,40,38,42,37,19,14,49,0,0,0,822,76
1321,217,209,34,16,11,32,28,22,27,36,28,27,31,22,9,19,21,16,8,9,7,23,0,60,21,68,1,2,18,256,10,38,35,23,19,4,3,132,5,18,6,17,8,30,6,13,8,21,0,0,0,426,49
1322,155,144,14,9,5,27,15,28,19,6,11,24,24,15,13,14,17,16,15,6,5,16,2,15,2,46,1,0,14,219,9,52,15,9,10,5,3,103,2,11,15,13,15,17,7,7,6,10,0,0,0,299,27
1323,119,99,6,2,4,8,15,16,22,10,23,12,20,5,7,11,12,10,12,8,8,7,0,20,2,17,1,0,5,173,27,46,13,5,4,2,1,98,6,9,4,7,18,14,13,6,4,17,0,0,0,218,12
1324,661,594,69,48,36,83,74,82,63,52,91,80,86,64,44,58,85,66,50,38,25,61,4,105,5,115,5,4,25,992,108,175,86,74,22,10,9,484,24,48,41,72,22,131,28,44,25,49,0,0,0,1255,115
1325,291,294,31,9,10,39,35,33,37,37,45,37,43,48,14,23,40,19,24,10,19,32,0,52,6,71,1,2,28,425,68,85,34,30,14,5,3,239,16,32,23,28,10,46,24,15,14,31,0,0,0,585,52
1326,234,229,26,10,8,27,19,34,29,34,36,43,38,25,17,19,19,19,18,8,10,24,0,42,16,96,2,3,7,297,42,79,31,20,6,2,6,186,12,29,15,24,8,28,17,13,12,28,0,0,0,463,34
1327,470,471,46,40,22,75,80,75,62,51,45,50,51,67,28,34,51,38,28,13,18,67,3,80,22,313,0,2,11,510,62,94,65,45,23,20,10,319,28,46,18,29,34,13,47,33,26,45,0,0,0,941,98
1328,235,217,33,16,12,39,32,31,32,26,20,29,29,28,17,12,29,14,11,3,4,35,3,71,19,134,3,2,17,203,17,42,42,25,15,3,3,147,8,17,9,8,15,11,12,28,20,19,0,0,7,445,46
1329,50,53,8,1,1,7,7,10,8,3,5,6,7,2,1,5,10,2,5,5,2,8,2,15,8,29,0,1,1,47,0,8,5,5,2,2,2,24,4,1,3,3,3,0,0,3,3,4,0,0,13,90,11
1330,1000,990,115,76,66,144,104,133,126,106,119,107,138,140,48,91,112,104,58,39,50,114,10,138,59,585,3,12,75,1108,134,233,131,88,56,37,17,696,114,64,40,42,72,45,118,62,60,79,0,0,0,1990,198
1331,567,583,69,55,31,93,103,82,91,63,72,54,76,91,28,33,41,32,16,15,18,87,6,46,33,605,3,5,64,388,39,83,76,68,38,33,7,344,30,19,12,15,59,4,67,38,55,45,0,0,0,1150,146
1332,980,950,102,52,36,146,113,110,132,112,151,140,146,96,50,74,130,101,68,37,45,89,13,248,44,233,5,6,50,1331,200,311,123,90,38,10,16,788,55,102,69,101,49,117,65,56,61,113,0,0,0,1930,154
1333,125,138,20,9,6,16,18,12,21,8,16,26,13,17,5,16,17,11,7,4,8,13,0,46,7,63,0,0,1,146,7,26,20,16,8,3,2,82,9,14,6,4,9,3,3,7,12,15,0,0,5,258,29
1334,258,255,27,15,12,30,35,33,27,26,31,38,35,34,22,19,33,25,14,15,17,25,1,41,1,42,2,2,7,417,46,89,42,18,9,5,2,211,7,27,17,32,6,58,20,14,11,19,0,0,0,513,34
1335,215,205,25,11,3,31,29,36,16,19,16,31,24,29,10,17,28,27,10,14,16,28,3,31,6,80,0,5,26,269,17,39,35,25,11,4,5,136,6,18,9,18,10,21,4,12,13,25,0,0,0,420,45
1336,1067,1061,188,112,68,180,118,131,120,104,156,149,133,139,51,72,114,70,44,25,31,123,19,217,34,466,7,5,57,1323,79,149,139,141,77,44,15,644,36,39,44,97,43,210,50,51,33,41,0,0,0,2128,277
1337,178,166,31,18,12,20,28,24,25,19,11,23,14,31,5,12,18,17,6,3,3,24,0,49,14,112,0,3,7,159,10,24,22,15,12,9,5,97,6,21,7,6,9,3,3,8,16,18,0,0,3,341,41
1338,325,325,39,23,17,40,33,36,42,34,36,37,46,28,27,32,38,41,26,19,23,33,2,72,2,50,0,1,16,507,51,115,47,25,11,5,5,259,11,18,21,33,15,82,17,27,15,20,0,0,0,650,46
1339,226,228,22,20,18,34,28,35,35,39,20,19,34,34,13,16,18,20,12,4,6,27,2,29,30,105,1,5,34,248,13,56,28,21,16,12,1,147,13,15,12,17,15,12,10,14,15,24,0,0,0,454,50
1340,43,35,4,0,1,5,10,4,8,4,1,7,5,1,2,2,7,6,3,0,2,6,2,2,1,1,1,0,0,71,12,14,4,5,0,1,0,36,3,2,0,3,3,2,4,11,4,4,0,0,0,78,6
1341,1402,1361,184,149,107,202,158,191,167,168,175,175,197,221,66,93,106,93,67,40,47,157,40,292,58,593,9,10,88,1673,96,219,194,186,101,41,19,856,39,66,69,115,53,248,79,84,47,56,0,0,0,2763,347
1342,131,145,19,4,10,15,26,16,10,16,21,16,21,11,10,13,15,14,10,9,5,15,0,6,24,95,2,0,11,138,18,31,14,10,6,6,6,91,8,12,5,9,7,11,14,7,5,13,0,0,0,276,28
1343,243,211,23,10,5,35,19,26,27,21,20,41,20,38,7,17,23,20,16,20,46,20,5,57,8,147,0,0,9,228,13,22,29,21,12,5,4,106,5,13,13,8,7,7,9,14,15,15,0,0,104,350,42
1344,180,157,18,11,9,35,40,18,20,14,12,28,21,16,7,8,20,12,13,7,3,25,9,24,11,46,2,1,10,234,18,36,23,18,9,6,3,113,9,13,8,17,9,20,12,7,7,11,0,0,0,337,36
1345,5,4,0,0,1,0,0,1,0,1,2,0,0,0,0,0,2,1,0,0,0,1,0,0,0,1,0,0,0,8,1,1,2,0,0,0,0,4,0,1,1,0,1,0,0,0,0,1,0,0,0,9,0
1346,227,218,32,9,6,28,28,24,29,28,23,30,26,32,6,8,33,24,21,8,22,28,2,21,2,61,2,2,4,351,50,65,24,28,7,2,4,180,7,21,13,21,20,23,26,13,14,22,0,0,0,445,41
1347,195,171,27,8,7,35,17,25,18,21,19,26,28,29,15,18,16,16,13,8,5,15,3,62,24,104,0,0,16,157,14,39,29,9,11,9,4,115,6,17,5,9,8,6,11,13,20,20,0,0,8,358,33
1348,42,37,5,4,3,7,7,3,0,2,1,8,6,7,4,5,7,3,4,1,1,1,0,5,0,44,0,0,12,18,5,10,3,5,2,1,1,27,3,2,2,0,2,2,6,3,2,5,0,0,0,79,9
1349,433,405,37,20,4,45,45,49,71,56,58,56,58,47,21,36,44,49,29,18,22,73,3,98,9,118,2,4,20,584,79,139,66,36,17,5,3,345,15,43,31,48,26,50,29,26,32,45,0,0,0,838,61
1350,366,375,48,36,16,80,48,46,42,36,39,51,48,43,22,33,34,36,18,12,14,39,3,123,21,192,2,4,14,382,30,64,48,38,31,15,5,231,16,43,19,16,26,13,9,20,25,44,0,0,1,740,89
1351,318,313,36,24,16,42,34,40,35,21,41,50,43,31,18,31,51,21,21,16,21,39,4,37,1,75,1,1,21,491,70,93,42,28,12,6,5,256,13,35,23,29,31,35,31,25,9,25,0,0,0,631,51
1352,119,120,18,15,5,20,24,15,12,12,17,9,6,28,4,16,10,5,3,3,1,16,3,33,1,139,0,0,8,55,6,7,6,7,5,5,14,50,2,5,5,2,4,9,7,4,2,10,0,0,0,239,31
1353,192,173,19,22,8,23,36,24,13,29,17,16,21,30,13,11,16,12,14,4,6,31,8,55,11,99,1,8,11,172,17,32,16,19,19,8,2,113,6,17,11,7,9,5,9,13,18,18,0,0,0,365,48
1354,66,62,8,5,4,15,8,3,7,8,7,9,8,7,6,4,9,6,5,1,0,8,5,6,2,37,0,1,1,76,7,12,8,5,5,2,2,41,1,1,3,4,5,11,5,3,4,4,0,0,0,128,14
1355,383,380,50,28,22,46,56,54,72,39,56,38,47,60,14,30,43,28,18,8,10,44,2,80,38,278,1,2,23,339,29,96,45,40,30,13,2,255,14,28,21,21,19,30,18,33,35,36,0,0,0,763,85
1356,123,104,13,3,10,16,13,10,9,12,13,10,23,17,6,13,11,13,7,4,3,21,1,32,0,38,2,0,10,144,10,30,18,4,6,4,4,76,3,5,7,13,9,16,4,5,1,13,0,0,0,227,18
1357,506,465,52,34,21,88,91,67,57,41,52,65,70,79,25,41,45,38,24,15,17,49,6,46,60,243,5,5,61,545,41,100,60,66,27,13,9,316,24,30,19,30,21,47,27,25,36,57,0,0,0,971,115
1358,139,149,15,7,12,33,28,18,11,18,11,21,13,17,6,10,6,10,7,4,6,35,0,24,2,72,1,0,15,174,17,16,22,15,10,4,5,89,3,10,11,9,9,16,6,8,4,13,0,0,0,288,34
1359,211,219,29,15,20,40,35,22,25,23,40,22,20,27,10,15,6,17,10,13,6,35,1,35,13,92,6,2,23,258,36,50,25,16,7,9,8,151,10,20,14,20,5,26,9,14,13,20,0,0,0,430,40
1360,1129,1105,76,64,47,143,161,155,165,135,133,137,162,111,61,107,156,133,77,48,48,115,19,196,18,231,8,11,86,1665,284,355,148,97,35,16,17,952,58,71,87,124,71,161,129,102,60,89,0,0,0,2234,165
1361,0,0,0,0,0,0,0,0,0,0,0,0,0,0,0,0,0,0,0,0,0,0,0,0,0,0,0,0,0,0,0,0,0,0,0,0,0,0,0,0,0,0,0,0,0,0,0,0,0,0,0,0,0
1362,285,278,33,30,17,45,52,41,31,35,34,46,43,31,21,20,21,18,5,6,5,29,6,57,6,66,3,1,21,403,15,48,44,49,15,3,4,178,7,19,10,35,10,56,5,13,7,16,0,0,0,563,71
1363,111,114,13,10,5,20,18,19,8,10,11,16,19,23,1,10,7,8,3,2,5,17,1,29,8,62,2,3,22,98,8,11,20,12,11,4,1,67,2,6,2,9,1,26,7,5,7,2,0,0,0,225,28
1364,7,8,0,0,0,0,2,1,1,2,1,1,2,0,0,2,0,1,1,1,0,0,0,0,1,6,0,0,0,8,0,1,1,1,0,0,0,3,0,0,1,0,2,0,0,0,0,0,0,0,6,9,1
1365,161,154,14,6,8,22,21,27,24,24,22,19,24,23,5,7,20,12,8,3,7,19,1,41,12,96,1,0,20,144,18,45,22,14,12,3,1,115,8,12,5,10,7,9,5,16,18,25,0,0,0,315,30
1366,0,0,0,0,0,0,0,0,0,0,0,0,0,0,0,0,0,0,0,0,0,0,0,0,0,0,0,0,0,0,0,0,0,0,0,0,0,0,0,0,0,0,0,0,0,0,0,0,0,0,0,0,0
1367,0,0,0,0,0,0,0,0,0,0,0,0,0,0,0,0,0,0,0,0,0,0,0,0,0,0,0,0,0,0,0,0,0,0,0,0,0,0,0,0,0,0,0,0,0,0,0,0,0,0,0,0,0
1368,306,262,38,21,10,34,42,41,42,23,29,29,30,48,12,12,43,25,10,8,14,57,3,36,51,127,3,1,34,313,23,55,28,28,19,20,3,176,12,13,12,15,11,23,16,17,23,34,0,0,0,568,70
1369,153,178,28,15,10,22,25,31,30,18,8,19,20,21,3,7,16,17,15,5,5,16,0,4,20,138,0,1,20,148,12,34,24,19,6,5,5,105,14,15,8,8,10,10,6,6,11,17,0,0,0,331,35
1370,253,202,19,9,9,36,39,22,21,15,22,34,38,18,12,21,32,27,21,14,19,27,7,9,5,61,0,3,11,359,48,69,30,14,10,4,6,181,16,10,14,7,32,4,26,46,17,9,0,0,0,455,34
1371,142,155,21,10,11,21,20,15,17,17,18,15,22,23,8,15,20,6,11,5,6,16,2,20,17,103,1,1,28,125,7,38,20,11,6,5,6,93,4,4,16,10,8,5,3,17,12,14,0,0,0,297,28
1372,150,158,21,13,6,31,17,20,15,16,10,17,23,16,11,14,32,9,14,5,6,12,2,50,4,35,0,0,12,205,13,51,21,11,10,6,0,112,7,21,9,11,5,16,5,5,9,24,0,0,0,308,27
1373,177,169,10,13,14,32,14,29,19,13,17,19,35,18,7,17,18,21,14,9,10,17,0,8,2,61,0,4,30,241,12,47,19,18,10,6,2,114,7,13,9,14,10,29,5,7,4,16,0,0,8,338,36
1374,55,92,13,55,8,5,9,6,3,12,6,6,6,1,4,2,3,4,2,0,2,0,3,7,28,47,0,0,4,58,0,0,0,0,0,0,0,0,0,0,0,0,0,0,0,0,0,0,0,0,147,0,0
1375,14,6,3,0,1,1,1,0,0,2,0,2,2,7,0,0,0,0,0,0,0,1,0,7,0,11,0,0,1,1,0,0,1,1,1,0,1,4,0,2,0,1,0,1,0,0,0,0,0,0,0,20,3
1376,469,467,49,24,36,80,65,59,50,41,53,47,76,52,31,41,56,43,40,16,28,49,6,76,14,196,2,3,51,588,52,137,50,58,16,12,8,333,15,50,34,47,28,63,16,19,18,43,0,0,11,925,94
1377,572,509,58,33,23,86,95,68,73,50,50,60,69,70,42,37,54,58,32,18,24,81,10,62,25,240,0,4,13,727,58,120,75,43,26,22,14,358,13,52,31,22,49,37,35,42,31,46,0,0,11,1070,105
1378,220,191,22,13,15,43,34,28,19,20,16,24,18,19,12,19,24,28,10,11,11,25,1,31,5,116,0,1,5,252,35,43,24,24,15,4,3,148,4,27,13,18,15,25,6,12,9,19,0,0,0,411,46
1379,450,431,48,27,18,57,42,54,47,38,59,42,66,51,27,37,63,55,50,25,23,52,6,83,6,188,0,5,19,574,26,155,48,34,17,18,8,306,10,56,29,38,21,30,22,17,18,65,0,0,7,874,77
1380,4,3,0,0,0,0,0,3,0,0,1,1,0,1,0,0,0,0,0,0,1,0,1,0,0,5,0,0,0,1,0,1,0,0,1,0,0,2,0,0,1,0,0,0,0,0,0,1,0,0,0,7,1
1381,28,27,2,3,1,4,5,6,1,0,4,4,3,7,1,2,3,4,0,1,0,4,0,14,0,19,0,0,1,21,2,3,2,1,3,1,2,14,2,2,0,2,3,0,0,1,1,3,0,0,0,55,7
1382,1084,1039,96,55,38,132,157,139,144,142,127,132,157,107,58,101,115,131,78,35,59,120,9,159,26,217,5,11,67,1629,245,340,134,91,31,18,21,880,66,77,73,109,64,150,106,79,66,90,0,0,0,2123,161
1383,0,0,0,0,0,0,0,0,0,0,0,0,0,0,0,0,0,0,0,0,0,0,0,0,0,0,0,0,0,0,0,0,0,0,0,0,0,0,0,0,0,0,0,0,0,0,0,0,0,0,0,0,0
1384,182,179,19,14,9,26,24,17,15,24,24,24,26,15,11,15,30,29,14,11,2,12,5,28,2,78,0,3,13,232,20,57,30,15,9,4,1,136,7,13,10,21,9,41,6,10,13,6,0,0,0,361,29
1385,102,97,17,9,3,19,28,9,10,9,2,13,12,15,6,13,6,5,4,2,3,14,3,21,9,75,1,0,12,78,8,7,10,10,2,8,6,51,5,6,6,5,8,3,1,3,4,10,0,0,0,199,26
1386,16,17,2,0,0,3,4,4,2,0,3,2,2,3,0,1,1,0,1,0,0,5,0,4,0,18,0,0,2,9,3,2,0,4,2,0,0,11,0,1,1,0,0,2,4,2,0,1,0,0,0,33,6
1387,198,185,19,14,11,31,20,31,20,10,23,16,28,37,13,15,19,21,17,8,10,20,2,27,4,97,0,1,3,249,20,46,19,24,6,8,5,128,0,17,9,20,9,18,9,11,10,25,0,0,0,383,43
1388,7,0,0,0,0,5,0,1,0,1,0,0,0,0,0,0,0,0,0,0,0,0,0,0,0,3,0,0,0,4,0,0,0,0,0,0,0,0,0,0,0,0,0,0,0,0,0,0,0,0,7,0,0
1389,72,67,10,6,1,22,5,12,8,4,5,3,7,14,3,4,6,8,3,5,6,7,0,4,3,46,1,0,8,77,5,14,9,5,3,3,3,42,7,2,2,3,3,7,5,3,5,5,0,0,0,139,14
1390,388,374,32,20,17,56,52,58,44,40,34,51,49,43,18,36,56,40,33,16,24,43,8,31,3,31,3,1,6,679,53,104,56,45,15,9,3,285,15,25,29,41,13,55,31,24,22,30,0,0,0,762,72
1391,1599,1576,156,120,95,259,213,191,166,154,210,233,285,172,114,143,183,147,100,32,61,141,16,205,15,312,7,14,55,2551,188,397,232,208,78,30,12,1145,12,135,113,183,53,295,60,62,93,139,0,0,0,3175,328
1392,376,342,48,31,22,59,47,52,31,34,53,51,62,41,24,34,30,29,14,12,9,35,4,44,0,74,2,1,32,561,38,82,55,42,21,9,3,250,6,21,22,41,14,70,9,15,16,36,0,0,0,718,75
1393,275,263,43,20,18,50,27,30,28,24,34,36,29,18,21,22,40,29,17,12,21,19,3,19,2,43,7,0,4,460,40,82,36,19,13,5,7,202,17,15,21,25,13,47,13,16,13,22,0,0,0,538,44
1394,226,231,36,15,12,32,28,25,28,20,30,32,30,30,13,20,31,18,12,10,13,22,0,54,7,99,1,1,6,289,17,51,29,26,13,7,3,146,6,30,14,8,9,26,7,9,17,20,0,0,15,442,49
1395,435,435,57,27,17,66,67,62,51,39,50,64,63,41,23,38,51,39,25,19,26,45,4,38,2,58,1,4,15,748,65,133,68,51,14,6,3,340,20,25,25,34,25,68,53,25,24,41,0,0,0,870,74
1396,567,541,79,56,37,104,76,62,62,50,80,78,102,65,28,44,52,34,17,18,13,51,2,111,6,131,3,8,33,814,42,99,102,70,35,11,5,364,12,48,40,59,18,113,12,18,15,29,0,0,0,1108,121
1397,604,573,51,26,31,81,86,92,100,88,77,64,78,62,30,56,71,55,29,14,25,61,12,36,4,139,2,5,24,955,144,154,100,51,22,5,10,486,49,60,24,35,48,71,51,51,42,55,0,0,0,1177,88
1398,1300,1333,160,131,95,208,172,149,151,108,181,205,229,122,70,115,131,104,69,36,49,148,15,180,13,382,10,7,66,1960,136,321,155,175,75,24,20,906,7,118,88,141,47,238,30,46,56,135,0,0,11,2622,294
1399,35,36,2,1,3,6,3,3,4,1,2,3,3,8,1,5,10,3,7,0,2,4,2,1,1,24,0,0,1,42,4,11,1,2,5,0,1,24,0,3,2,0,4,0,4,7,4,0,0,0,0,71,8
1400,867,741,66,38,28,124,178,106,113,81,71,62,79,62,36,57,68,57,46,64,175,97,16,63,5,277,1,5,37,1204,332,229,47,31,11,8,38,696,35,52,55,109,40,153,84,52,40,76,0,0,138,1470,88
1401,78,61,10,5,2,18,11,9,5,5,4,7,11,9,2,5,7,3,3,2,6,15,0,11,2,8,0,0,3,115,4,12,7,11,8,1,0,43,1,2,4,6,3,13,2,3,4,5,0,0,0,139,20
1402,184,189,23,17,16,35,21,29,22,20,19,17,23,22,7,16,22,15,11,4,7,27,5,30,2,106,2,1,23,204,15,24,29,19,10,9,5,111,4,15,16,17,10,18,2,6,8,15,0,0,0,373,43
1403,79,70,10,6,5,12,16,11,8,6,9,5,10,12,6,5,6,2,4,4,3,9,1,10,8,36,0,0,11,83,8,17,2,10,6,3,0,46,3,3,3,5,2,9,3,6,6,6,0,0,13,136,19
1404,131,129,17,10,12,26,29,18,28,11,11,11,14,18,3,5,11,11,2,1,2,20,5,33,13,102,0,1,13,93,7,25,13,18,8,2,5,78,3,4,5,15,4,21,10,4,5,7,0,0,0,260,33
1405,382,389,46,12,21,50,46,56,66,55,58,50,57,37,31,32,47,36,15,7,15,34,4,24,4,114,2,5,34,584,82,118,54,38,17,5,3,317,45,19,15,36,37,55,21,27,21,41,0,0,0,771,63
1406,215,238,19,12,18,36,26,24,24,23,19,19,19,27,15,29,35,34,18,16,13,27,1,32,3,58,1,3,17,338,28,73,21,26,8,9,2,167,4,16,9,21,20,37,12,16,14,18,0,0,0,453,45
1407,287,276,26,16,13,56,36,31,33,32,24,46,50,26,20,26,32,15,10,4,9,58,3,19,7,104,2,2,30,396,28,76,28,35,17,7,4,195,11,17,22,25,26,26,7,18,18,25,0,0,0,563,63
1408,230,224,27,7,6,27,22,30,36,24,27,28,35,37,14,10,40,26,10,5,11,32,2,31,11,64,0,4,26,316,24,61,35,23,7,6,5,161,7,21,15,15,16,21,17,14,17,18,0,0,0,454,41
1409,109,133,22,2,9,30,8,14,18,15,8,15,12,16,4,5,16,13,7,8,6,14,0,17,17,70,0,6,24,108,15,25,11,13,10,4,2,80,10,9,3,4,10,10,4,9,6,15,0,0,0,242,29
1410,920,912,127,67,58,159,130,107,103,73,126,114,185,128,55,79,85,59,32,24,17,104,15,236,10,153,7,12,62,1337,61,192,139,113,64,21,9,599,18,49,69,100,43,186,27,25,27,55,0,0,0,1832,207
1411,462,444,66,36,34,54,41,55,58,47,41,58,60,70,22,53,63,38,31,11,14,54,11,41,9,202,5,9,36,593,33,101,59,43,33,14,8,291,7,46,31,33,27,29,22,32,21,43,0,0,9,897,98
1412,76,80,8,4,9,14,2,11,12,6,7,9,13,12,4,8,11,8,5,3,3,7,0,21,1,37,0,1,0,96,10,20,10,6,4,4,1,55,3,8,2,3,3,14,8,4,5,5,0,0,0,156,15
1413,462,477,37,31,19,74,60,62,51,45,42,47,64,52,29,44,82,60,50,22,26,42,6,44,15,96,4,1,14,759,74,131,65,40,25,11,7,353,7,26,22,35,25,98,36,30,31,43,0,0,0,939,83
1414,93,118,18,3,9,14,7,14,11,17,13,16,11,14,10,10,10,10,9,1,3,11,1,12,1,67,0,0,6,124,8,28,14,13,7,3,0,73,2,10,12,11,5,6,4,2,9,12,0,0,0,211,23
1415,361,342,49,29,22,61,51,43,39,42,53,50,51,43,18,32,38,30,11,7,13,21,7,47,11,122,3,3,25,485,31,93,46,43,29,4,1,247,16,13,18,41,23,67,21,15,14,19,0,0,0,703,77
1416,53,54,5,3,9,3,2,6,6,3,9,6,11,3,3,4,8,6,4,7,5,4,2,0,0,18,1,2,3,81,11,22,5,4,3,1,0,46,2,2,0,3,9,2,9,10,5,4,0,0,0,107,8
1417,126,130,16,6,9,16,13,14,9,12,16,22,18,20,9,8,18,11,9,8,5,17,1,21,3,71,0,1,8,151,8,31,16,14,8,4,2,83,2,14,7,12,6,13,4,8,2,15,0,0,0,256,28
1418,21,27,3,1,0,5,2,2,1,2,1,2,5,6,4,3,4,3,1,0,2,1,0,8,2,1,0,0,2,35,5,5,3,3,0,2,0,18,3,5,0,1,1,1,1,2,3,1,0,0,0,48,5
1419,4,2,0,0,1,0,1,0,0,0,0,0,1,1,0,1,0,0,0,0,0,1,0,0,0,6,0,0,0,0,0,0,0,0,0,1,0,1,0,0,0,0,0,0,0,0,1,0,0,0,0,6,1
1420,91,84,10,3,4,21,20,15,4,7,4,7,11,13,6,9,10,4,8,3,2,14,1,23,3,43,0,0,3,102,11,18,11,9,4,5,1,59,4,6,5,12,2,10,5,2,5,8,0,0,0,175,19
1421,71,67,9,6,8,11,13,16,7,4,7,8,7,7,2,6,4,8,3,1,2,9,0,4,0,13,0,0,1,120,7,15,9,9,6,0,1,47,1,6,1,7,4,12,5,6,3,2,0,0,0,138,16
1422,392,337,42,22,15,41,34,53,45,35,34,40,53,44,18,34,55,49,30,15,21,49,6,44,11,141,2,1,15,509,28,133,44,27,19,10,4,265,4,52,26,24,22,47,11,19,20,40,0,0,8,721,60
1423,470,479,48,19,15,50,75,68,80,71,73,67,60,51,25,38,49,43,24,17,20,56,2,10,8,109,0,3,28,789,118,141,66,42,19,4,8,398,62,34,15,21,36,78,30,43,33,46,0,0,0,949,73
1424,723,771,78,35,23,99,81,106,130,122,125,89,99,92,42,65,85,58,42,26,24,73,8,58,2,197,2,3,44,1180,183,227,107,71,23,11,9,631,83,62,33,62,59,102,46,70,41,73,0,0,0,1494,114
1425,492,486,45,49,37,86,75,48,51,48,40,45,54,37,32,42,73,63,52,32,17,52,7,14,3,157,3,5,29,760,87,139,54,45,25,13,8,371,22,14,17,20,75,10,58,96,34,25,0,0,0,978,91
1426,406,381,46,17,17,72,50,42,51,35,36,42,49,39,13,44,55,45,30,23,34,47,5,55,4,47,3,3,13,657,50,121,54,39,20,8,3,295,22,24,19,43,20,55,39,27,22,24,0,0,7,780,70
1427,10,14,1,1,1,2,3,1,0,3,0,2,2,2,1,0,2,0,1,0,0,2,0,0,0,0,1,0,0,23,2,1,3,0,1,1,0,8,0,0,2,0,0,1,0,2,0,3,0,0,0,24,2
1428,155,142,17,14,8,20,18,13,24,12,26,26,20,19,9,4,28,7,8,1,6,17,2,45,9,64,0,3,16,158,14,29,24,17,11,5,0,100,7,5,8,10,9,28,7,13,5,8,0,0,0,297,33
1429,760,696,101,85,59,135,87,89,75,67,87,104,124,82,47,57,57,45,25,14,20,96,10,178,10,99,4,3,36,1116,47,126,99,91,60,22,8,453,16,44,51,88,23,126,21,19,25,40,0,0,0,1456,181
1430,67,80,8,7,4,12,18,8,3,5,8,10,6,14,3,8,6,7,5,3,2,10,2,5,0,26,0,0,1,113,17,18,8,5,7,1,1,57,7,4,2,3,10,0,7,13,6,5,0,0,0,147,14
1431,1315,1258,187,128,91,215,133,134,140,95,181,205,223,107,78,94,159,117,64,43,62,117,11,150,14,336,9,15,47,1991,99,318,180,173,66,26,15,877,7,119,86,130,38,221,30,54,63,129,0,0,0,2573,280
1432,0,0,0,0,0,0,0,0,0,0,0,0,0,0,0,0,0,0,0,0,0,0,0,0,0,0,0,0,0,0,0,0,0,0,0,0,0,0,0,0,0,0,0,0,0,0,0,0,0,0,0,0,0
1433,14,14,1,1,2,2,2,1,4,1,2,0,2,1,2,1,1,4,1,0,0,0,0,1,0,3,0,0,2,22,6,5,1,1,1,0,0,14,2,0,0,3,2,0,2,3,0,2,0,0,0,28,2
1434,0,0,0,0,0,0,0,0,0,0,0,0,0,0,0,0,0,0,0,0,0,0,0,0,0,0,0,0,0,0,0,0,0,0,0,0,0,0,0,0,0,0,0,0,0,0,0,0,0,0,0,0,0
1435,77,70,7,4,6,9,14,10,7,4,5,7,11,17,4,8,4,10,5,3,6,6,1,4,2,16,0,0,0,124,9,19,9,9,5,2,0,53,2,5,2,11,4,8,5,5,6,5,0,0,0,147,16
1436,531,496,59,27,34,65,75,74,51,41,55,54,70,46,23,42,73,75,54,32,32,45,10,50,8,211,2,1,12,733,35,164,61,41,22,12,15,350,16,34,29,45,21,84,32,24,30,35,0,0,8,1019,90
1437,374,352,52,30,19,46,50,58,41,38,30,35,48,38,19,29,55,41,26,16,12,43,19,10,3,165,0,3,18,508,71,95,49,28,14,9,10,276,31,7,16,19,61,4,27,64,31,16,0,0,0,726,61
1438,349,354,40,24,27,60,52,43,50,24,47,35,56,37,23,27,30,31,20,12,22,43,0,31,7,59,5,3,6,592,52,105,33,33,24,11,3,261,14,27,25,28,15,50,35,23,13,31,0,0,0,703,71
1439,936,908,116,83,65,141,118,102,103,78,129,138,183,124,56,87,74,57,40,21,32,97,11,181,8,141,3,8,40,1452,85,181,131,123,60,26,7,613,24,52,62,112,36,190,24,28,26,59,0,0,0,1844,216
1440,0,0,0,0,0,0,0,0,0,0,0,0,0,0,0,0,0,0,0,0,0,0,0,0,0,0,0,0,0,0,0,0,0,0,0,0,0,0,0,0,0,0,0,0,0,0,0,0,0,0,0,0,0
1441,0,0,0,0,0,0,0,0,0,0,0,0,0,0,0,0,0,0,0,0,0,0,0,0,0,0,0,0,0,0,0,0,0,0,0,0,0,0,0,0,0,0,0,0,0,0,0,0,0,0,0,0,0
1442,69,67,5,5,5,8,7,10,5,4,8,6,11,12,6,6,12,5,6,4,5,6,2,2,3,21,0,0,3,105,4,21,9,1,7,4,0,46,2,4,6,5,6,2,8,5,4,4,0,0,0,136,12
1443,89,92,23,4,3,9,8,12,9,6,10,7,16,22,2,7,9,7,10,3,4,10,1,20,5,67,0,0,0,88,9,14,14,9,3,6,2,57,3,5,6,4,7,10,6,4,4,8,0,0,0,181,20
1444,851,813,86,43,30,122,114,99,103,77,75,86,119,98,49,74,122,109,83,46,35,94,6,203,47,369,2,8,26,1003,81,264,111,68,47,22,10,603,18,65,42,86,49,143,40,43,31,86,0,0,0,1664,147
1445,178,168,12,9,12,19,21,30,18,14,27,16,30,16,7,13,28,15,8,10,17,24,1,10,0,20,1,3,11,300,21,56,27,16,8,2,2,132,7,13,14,19,5,31,16,11,7,9,0,0,0,346,28
1446,0,0,0,0,0,0,0,0,0,0,0,0,0,0,0,0,0,0,0,0,0,0,0,0,0,0,0,0,0,0,0,0,0,0,0,0,0,0,0,0,0,0,0,0,0,0,0,0,0,0,0,0,0
1447,416,457,70,31,18,49,36,71,70,66,64,54,56,56,23,36,47,34,29,9,11,43,3,27,6,136,2,6,16,677,120,117,61,30,17,11,8,364,46,33,10,24,29,71,33,42,28,48,0,0,0,873,66
1448,0,0,0,0,0,0,0,0,0,0,0,0,0,0,0,0,0,0,0,0,0,0,0,0,0,0,0,0,0,0,0,0,0,0,0,0,0,0,0,0,0,0,0,0,0,0,0,0,0,0,0,0,0
1449,313,317,25,18,13,29,47,49,59,46,37,30,50,28,18,28,36,38,20,11,11,37,2,12,6,49,0,1,14,546,75,101,46,29,9,5,3,268,31,28,13,18,18,52,27,34,15,32,0,0,0,630,46
1450,47,55,6,4,2,14,14,7,1,6,2,4,5,5,2,7,5,5,0,1,0,12,0,14,7,12,0,0,6,63,3,8,3,4,5,3,2,28,1,1,2,9,0,13,0,1,1,0,0,0,0,102,14
1451,170,164,17,12,3,29,23,22,33,19,24,18,18,18,14,10,13,12,12,4,13,20,0,17,11,76,0,2,14,214,53,43,22,15,5,2,4,144,17,14,5,12,17,21,16,19,9,14,0,0,0,334,26
1452,168,157,17,17,8,19,15,19,28,27,15,18,25,36,7,8,20,10,6,8,4,18,3,3,7,91,2,0,6,213,29,37,18,12,9,4,4,113,23,5,3,9,16,13,18,8,8,10,0,0,18,307,29
1453,541,509,53,31,23,78,73,71,81,78,69,61,66,80,17,33,60,46,31,18,14,67,9,51,31,207,2,7,21,722,121,129,72,55,21,10,9,417,59,34,20,39,43,63,67,38,19,35,0,0,0,1050,95
1454,0,0,0,0,0,0,0,0,0,0,0,0,0,0,0,0,0,0,0,0,0,0,0,0,0,0,0,0,0,0,0,0,0,0,0,0,0,0,0,0,0,0,0,0,0,0,0,0,0,0,0,0,0
1455,103,111,6,6,7,21,10,20,14,12,9,13,16,6,9,12,18,8,7,7,1,12,1,8,5,37,0,3,2,158,11,26,17,9,9,2,1,75,9,5,9,9,4,10,9,11,3,6,0,0,0,214,21
1456,36,36,3,9,4,3,6,4,1,2,9,7,5,2,2,2,4,1,2,0,0,6,1,10,0,10,0,0,6,45,2,6,6,4,2,1,1,22,1,2,1,5,0,8,0,0,2,3,0,0,0,72,8
1457,668,631,65,54,33,97,73,72,73,66,75,86,112,80,49,65,93,63,33,17,26,67,5,155,5,116,1,5,30,982,56,155,95,79,42,10,8,445,8,30,63,89,39,133,21,18,15,29,0,0,0,1299,139
1458,780,780,135,55,52,127,82,84,98,116,119,105,111,120,35,51,75,52,25,7,27,84,16,533,29,143,7,5,58,769,56,120,102,115,55,29,6,483,33,73,36,62,24,148,17,24,19,47,0,0,0,1560,205
1459,3,6,3,2,0,0,1,0,1,0,0,0,0,0,0,0,0,0,0,0,0,2,0,0,0,8,0,0,1,0,0,0,0,0,0,0,1,1,1,0,0,0,0,0,0,0,0,0,0,0,0,9,1
1460,118,109,16,10,6,8,15,14,20,11,13,16,14,21,6,14,7,12,2,5,4,13,0,11,4,83,1,3,8,117,12,21,14,15,7,2,1,72,4,5,6,0,5,3,9,15,13,12,0,0,16,211,25
1461,22,22,1,4,1,2,4,1,0,5,2,5,1,2,0,3,2,3,2,3,1,2,2,0,2,1,1,0,0,38,4,8,2,3,0,1,0,18,0,6,0,3,0,0,0,4,3,2,0,0,0,44,4
1462,127,142,22,10,16,27,23,16,13,12,11,17,17,17,9,13,8,6,8,3,4,17,0,24,7,95,1,3,24,115,12,21,11,15,9,2,8,78,4,10,5,8,2,24,6,4,3,12,0,0,0,269,34
1463,191,205,19,15,12,32,40,24,28,18,27,19,32,34,9,11,23,3,13,6,4,27,7,11,10,89,2,1,11,265,44,51,25,16,8,4,6,154,28,10,12,9,15,23,15,13,18,11,0,0,0,396,34
1464,377,374,51,12,12,66,65,52,44,49,49,50,52,41,27,30,37,27,21,8,17,41,3,36,10,216,1,2,13,470,60,114,52,33,19,8,4,290,13,30,40,34,40,47,18,20,16,32,0,0,0,751,64
1465,277,298,28,15,16,45,32,45,42,31,41,35,48,35,15,18,44,24,13,5,7,36,3,26,5,179,1,1,2,358,64,70,38,25,18,6,4,225,6,21,25,38,29,42,13,14,11,26,0,0,0,575,53
1466,41,36,8,1,0,8,6,7,3,5,4,4,4,9,2,1,2,4,2,3,3,1,2,8,4,24,0,1,0,38,2,10,4,6,1,1,1,25,1,3,4,6,1,8,0,0,1,1,0,0,0,77,9
1467,276,294,46,16,17,40,42,36,30,26,56,42,44,23,16,19,38,28,11,9,9,22,9,48,2,67,3,6,4,431,30,80,39,34,10,10,2,205,12,22,19,31,17,56,13,16,10,9,0,0,0,570,56
1468,507,478,57,31,20,58,73,59,99,77,59,57,54,52,31,43,61,37,30,15,15,57,6,33,3,167,4,9,13,750,144,144,57,43,15,10,9,422,14,42,34,42,42,78,30,49,43,48,0,0,0,985,77
1469,315,310,16,19,11,40,59,46,50,43,40,47,46,33,13,29,35,22,19,5,13,39,4,14,1,74,5,1,15,511,92,97,40,24,12,4,5,274,14,33,17,29,25,50,18,35,26,27,0,0,0,625,45
1470,260,263,39,19,10,46,42,27,28,38,31,32,32,31,13,26,27,29,13,5,6,29,13,34,8,142,0,3,11,312,23,80,30,29,12,8,3,185,12,10,15,25,10,55,10,16,17,15,0,0,0,523,52
1471,5,6,0,0,1,0,0,0,0,1,0,2,2,0,1,1,0,1,0,0,2,0,0,0,0,1,0,0,0,10,1,2,0,0,0,0,0,3,0,0,0,1,0,1,0,0,0,1,0,0,6,5,0
1472,210,213,35,19,16,26,20,29,15,13,21,25,42,18,15,17,27,19,20,10,13,23,1,52,6,31,1,0,21,311,19,54,25,16,14,13,1,142,9,12,6,18,3,43,17,6,11,17,0,0,0,423,44
1473,629,595,53,44,24,102,66,74,66,64,70,97,113,57,38,64,100,64,32,22,14,60,8,166,4,87,2,3,26,928,43,157,92,92,31,6,4,425,9,34,57,88,21,117,18,25,19,37,0,0,0,1224,133
1474,317,305,38,19,22,44,40,36,33,39,28,42,43,38,14,22,44,30,14,12,18,46,20,46,8,138,2,1,14,393,26,75,41,39,18,9,3,211,11,20,10,29,8,55,14,32,11,21,0,0,0,622,69
1475,192,203,29,13,14,23,38,25,27,26,21,12,27,27,15,13,23,15,6,6,7,28,2,33,2,186,2,3,12,155,12,39,16,20,17,8,5,117,5,20,10,10,9,4,9,15,19,16,0,0,0,395,50
1476,243,246,32,25,16,39,33,25,25,27,31,32,40,33,11,19,34,25,10,7,6,19,6,26,7,55,0,0,11,384,23,54,32,29,18,8,1,165,11,10,14,20,7,50,17,9,18,9,0,0,0,489,56
1477,109,126,8,12,5,19,32,19,13,12,8,23,8,16,3,9,9,10,6,6,3,14,13,24,3,57,0,0,11,127,3,24,25,14,4,4,1,75,4,8,1,12,2,23,9,6,3,7,0,0,0,235,23
1478,105,100,16,7,3,20,13,13,12,11,12,14,16,10,5,6,11,10,6,2,4,14,0,3,0,18,1,1,2,180,13,25,13,14,8,0,1,74,2,5,6,17,8,19,4,6,5,2,0,0,0,205,23
1479,273,246,53,27,15,42,39,27,30,27,34,28,23,26,15,21,32,18,11,11,10,30,4,66,4,106,0,2,16,321,11,59,26,26,22,11,4,159,5,15,14,23,11,43,18,13,10,7,0,0,0,519,63
1480,0,0,0,0,0,0,0,0,0,0,0,0,0,0,0,0,0,0,0,0,0,0,0,0,0,0,0,0,0,0,0,0,0,0,0,0,0,0,0,0,0,0,0,0,0,0,0,0,0,0,0,0,0
1481,285,261,25,12,11,34,40,27,37,19,25,35,32,21,15,30,48,44,22,20,24,25,4,8,5,92,2,3,8,424,55,96,29,18,10,4,5,217,30,11,9,7,36,5,25,57,22,15,0,0,24,522,37
1482,243,215,29,19,10,28,38,21,25,24,28,37,31,27,14,21,29,26,10,16,5,20,4,16,3,73,1,4,11,346,41,60,26,27,11,4,4,173,4,22,18,23,13,27,9,14,10,33,0,0,0,458,46
1483,78,81,3,6,2,18,13,14,9,8,6,14,8,7,9,14,8,6,4,1,2,7,0,6,2,34,0,2,6,109,20,26,16,7,1,1,0,71,10,6,6,8,9,8,8,3,7,6,0,0,0,159,9
1484,811,820,99,64,43,124,96,118,87,89,122,103,121,95,56,75,93,73,46,23,30,74,8,117,4,199,5,8,48,1242,100,204,107,89,59,9,12,580,14,57,57,78,15,116,43,52,59,89,0,0,0,1631,169
1485,146,158,21,6,7,19,23,24,21,17,19,18,17,25,4,10,13,15,7,3,1,34,4,14,4,133,0,0,15,134,17,24,12,15,13,4,7,92,3,12,6,10,8,8,7,13,11,14,0,0,0,304,39
1486,140,124,26,10,6,16,18,14,13,16,14,24,22,14,8,7,19,11,7,3,6,10,1,25,4,29,0,2,13,190,14,31,17,19,5,2,3,91,1,5,10,14,1,16,10,15,7,12,0,0,0,264,29
1487,723,648,80,47,39,112,76,93,68,74,88,102,101,87,41,54,84,56,46,32,20,71,5,44,30,169,2,5,29,1087,69,150,90,82,40,22,8,461,13,79,56,47,15,47,46,42,38,78,0,0,7,1364,152
1488,29,34,0,2,1,2,5,5,4,5,5,1,4,7,4,3,6,4,0,0,0,5,0,3,0,5,0,0,3,52,13,9,3,3,1,1,0,30,2,0,2,2,3,7,3,5,3,3,0,0,0,63,5
1489,0,0,0,0,0,0,0,0,0,0,0,0,0,0,0,0,0,0,0,0,0,0,0,0,0,0,0,0,0,0,0,0,0,0,0,0,0,0,0,0,0,0,0,0,0,0,0,0,0,0,0,0,0
1490,363,379,39,23,20,59,56,42,56,37,42,35,66,51,17,28,45,30,16,17,18,45,8,41,18,159,0,4,23,489,90,97,38,35,19,9,7,295,31,24,19,25,30,39,37,40,26,24,0,0,0,742,70
1491,246,239,23,16,15,24,32,32,30,34,37,31,29,35,15,20,32,21,15,7,10,27,3,12,1,139,1,2,7,320,36,70,32,23,14,4,3,182,11,14,16,28,26,20,7,20,13,27,0,0,3,482,44
1492,352,355,47,19,19,32,30,43,48,43,57,55,41,52,21,39,42,30,29,10,8,42,3,24,12,220,1,1,8,438,56,83,64,30,16,6,7,262,4,25,25,48,38,44,26,18,7,27,0,0,0,707,59
1493,0,0,0,0,0,0,0,0,0,0,0,0,0,0,0,0,0,0,0,0,0,0,0,0,0,0,0,0,0,0,0,0,0,0,0,0,0,0,0,0,0,0,0,0,0,0,0,0,0,0,0,0,0
1494,473,480,41,18,19,61,56,66,86,53,58,76,80,46,26,40,59,42,30,14,20,62,1,21,2,144,1,3,12,769,130,120,79,43,18,3,8,401,20,47,17,34,42,89,21,46,42,43,0,0,0,953,72
1495,370,342,40,19,19,58,46,44,41,36,46,39,61,39,20,33,51,39,17,10,12,42,3,26,3,75,2,2,7,594,68,100,56,40,13,2,5,284,16,40,24,31,21,47,14,17,25,49,0,0,0,712,60
1496,510,461,63,38,41,82,69,58,52,52,48,59,83,63,22,40,53,41,21,12,14,60,3,55,5,94,2,6,32,774,65,98,63,71,31,7,5,340,4,44,27,65,6,67,28,27,31,41,0,0,0,971,114
1497,821,778,127,72,49,111,103,89,118,119,124,106,104,99,42,52,74,47,30,16,26,91,14,532,39,132,4,4,67,807,89,147,117,123,41,18,8,543,19,69,35,78,56,158,26,24,24,54,0,0,0,1599,190
1498,42,69,7,1,0,7,4,10,9,6,2,8,6,4,11,12,9,8,4,1,2,0,0,1,3,16,0,0,4,87,21,24,6,4,0,0,1,56,4,5,3,6,8,15,5,5,3,2,0,0,0,111,5
1499,217,217,32,14,10,34,31,48,21,23,17,28,24,37,10,14,16,12,10,10,12,31,2,21,3,159,0,3,7,239,28,32,27,25,12,10,5,139,10,11,7,8,16,5,22,26,18,16,0,0,0,434,52
1500,129,114,26,10,3,11,11,15,12,7,7,19,22,13,10,9,20,16,9,2,6,15,3,12,6,31,1,2,4,184,8,36,14,7,8,5,3,81,6,8,4,11,10,10,10,1,8,13,0,0,0,243,23
1501,422,278,29,17,9,27,37,31,40,31,34,32,34,27,9,27,37,19,18,39,178,25,1,31,6,83,1,0,11,567,72,74,33,18,9,6,3,215,33,9,16,20,21,35,29,23,13,16,0,0,204,496,36
1502,910,827,107,63,49,105,109,104,101,126,133,103,120,135,33,39,68,44,38,35,147,78,17,535,59,141,5,11,72,897,82,159,107,96,57,25,3,529,25,79,36,73,40,152,23,30,17,54,0,0,172,1565,181
1503,412,391,44,21,20,54,48,58,69,45,66,49,50,49,20,26,33,33,22,18,22,56,3,37,30,162,2,2,31,536,100,118,41,34,15,11,8,327,53,26,17,34,34,56,27,38,22,20,0,0,0,803,68
1504,954,953,98,43,47,126,106,125,134,129,139,132,148,108,54,72,99,98,64,43,58,84,5,301,63,300,3,8,91,1136,186,321,134,96,35,10,7,789,63,61,67,71,56,88,62,117,95,109,0,0,0,1907,148
1505,117,97,17,14,6,16,9,12,9,19,15,9,21,10,3,7,9,12,11,4,5,6,1,11,1,48,1,0,9,143,29,32,10,14,1,1,3,90,14,7,3,10,4,16,5,16,8,7,0,0,0,214,19
1506,91,81,7,3,4,8,11,13,18,13,12,13,5,3,6,8,5,13,6,5,3,16,1,16,4,29,1,1,3,117,24,28,13,6,4,0,1,76,12,3,8,9,10,10,8,5,7,4,0,0,0,172,11
1507,120,124,12,10,11,22,11,12,16,17,11,18,23,12,10,9,12,9,3,4,4,18,3,35,5,16,0,2,3,180,14,36,20,12,6,2,1,91,4,11,5,3,9,20,9,10,11,9,0,0,0,244,21
1508,0,0,0,0,0,0,0,0,0,0,0,0,0,0,0,0,0,0,0,0,0,0,0,0,0,0,0,0,0,0,0,0,0,0,0,0,0,0,0,0,0,0,0,0,0,0,0,0,0,0,0,0,0
1509,227,220,26,21,15,52,17,20,30,27,38,40,28,22,8,12,23,21,12,5,8,22,1,23,4,66,0,1,10,342,20,55,30,27,17,3,2,154,10,12,7,24,5,48,17,11,10,10,0,0,0,447,49
1510,198,220,20,9,4,23,31,32,22,23,23,29,27,27,14,26,30,22,10,6,19,21,3,16,3,59,0,2,9,326,29,60,35,18,10,3,3,158,6,28,15,19,13,24,10,12,9,22,0,0,0,418,34
1511,597,604,56,41,38,98,78,66,74,81,78,77,90,66,25,52,80,74,25,19,23,60,8,93,10,188,6,1,39,856,80,154,94,68,31,5,9,441,8,46,51,49,9,84,35,59,38,62,0,0,0,1201,113
1512,502,448,48,34,24,73,47,59,54,45,54,58,76,43,39,47,76,56,21,22,24,50,1,40,4,107,5,3,22,768,85,144,79,43,17,7,5,380,23,73,30,27,40,65,13,33,32,44,0,0,0,950,72
1513,220,200,12,11,4,18,24,30,40,33,26,25,22,39,18,18,27,20,9,9,11,24,1,8,0,86,3,3,3,316,62,60,26,16,7,6,3,180,9,16,10,25,16,37,13,21,10,23,0,0,0,420,32
1514,389,381,36,28,20,39,53,60,35,36,40,33,50,43,31,33,45,47,29,29,47,36,5,53,25,105,2,1,18,561,92,150,30,36,12,2,9,331,14,26,32,42,47,26,57,38,18,31,0,0,0,770,59
1515,115,108,10,4,3,16,14,20,13,9,12,10,15,14,7,8,17,16,12,6,11,6,0,17,1,38,2,1,3,161,33,38,11,10,5,0,2,99,3,7,9,11,13,11,14,6,5,20,0,0,0,223,17
1516,346,359,42,10,14,55,36,54,53,43,41,43,59,48,18,34,46,34,22,6,17,30,11,35,15,133,2,3,16,490,86,91,41,40,16,7,4,285,41,17,18,30,33,43,38,26,15,24,0,0,0,705,67
1517,169,137,13,12,7,21,17,23,16,18,24,27,20,13,13,19,12,14,8,5,2,22,1,18,2,34,0,0,7,244,19,36,24,19,7,4,1,110,6,12,10,18,8,14,7,8,9,18,0,0,0,306,31
1518,117,122,13,7,3,15,18,19,13,21,19,13,17,12,5,12,14,10,8,5,5,10,4,25,7,66,0,0,2,135,37,33,14,11,6,2,1,104,16,6,7,14,8,17,12,8,12,4,0,0,0,239,20
1519,275,287,22,14,13,42,48,49,39,37,36,28,52,33,14,18,31,20,12,7,17,30,4,16,17,96,1,2,17,409,57,91,37,28,10,3,4,230,29,12,20,22,21,40,32,23,11,20,0,0,0,562,45
1520,325,280,31,19,15,30,59,42,59,34,25,34,29,38,15,25,28,37,18,6,21,40,5,15,8,94,5,5,16,457,97,66,41,24,18,7,3,256,30,21,16,26,26,39,44,21,13,20,0,0,0,605,52
1521,468,482,44,33,30,49,65,80,78,60,62,68,67,56,25,39,60,33,23,10,15,53,10,42,24,219,6,4,15,630,136,119,58,34,28,2,14,391,50,30,36,45,34,63,51,36,21,25,0,0,0,950,78
1522,199,184,21,14,12,38,25,28,21,19,26,30,38,16,12,23,22,8,9,4,4,13,7,33,8,93,1,0,9,232,14,61,27,20,10,6,0,138,5,10,9,19,5,45,3,17,15,10,0,0,0,383,36
1523,17,16,1,1,0,3,0,3,0,2,2,1,3,0,2,1,3,6,3,1,0,1,0,5,1,4,0,0,1,22,1,5,4,0,2,0,0,12,1,0,2,2,1,2,0,0,3,1,0,0,0,33,2
1524,0,0,0,0,0,0,0,0,0,0,0,0,0,0,0,0,0,0,0,0,0,0,0,0,0,0,0,0,0,0,0,0,0,0,0,0,0,0,0,0,0,0,0,0,0,0,0,0,0,0,0,0,0
1525,347,279,47,25,22,54,44,30,31,34,47,44,40,27,13,26,44,33,16,8,14,27,1,43,4,84,0,2,7,485,41,70,48,38,14,5,6,222,5,24,22,34,5,35,23,21,26,27,0,0,0,626,63
1526,49,56,6,4,5,9,5,2,8,4,6,8,11,4,1,3,12,7,2,0,2,6,2,22,6,14,0,0,0,61,8,11,8,5,5,1,0,38,0,0,3,11,0,10,6,2,1,5,0,0,0,105,11
1527,158,163,23,11,5,20,16,23,23,16,18,15,27,25,8,13,22,16,8,7,5,20,1,31,1,51,0,1,7,229,14,32,15,19,15,5,2,102,5,7,10,12,4,33,9,7,10,5,0,0,0,321,41
1528,186,209,14,5,5,23,39,39,31,26,28,28,25,17,17,8,26,26,7,7,4,20,5,18,4,57,0,2,18,291,50,54,19,17,8,0,5,153,3,14,16,19,12,33,9,14,7,26,0,0,33,362,30
1529,105,108,8,13,7,17,18,15,19,7,10,12,10,15,3,9,17,12,4,2,5,10,0,22,5,66,0,0,7,113,9,23,10,15,3,2,3,65,4,4,5,9,8,9,7,6,6,7,0,0,18,195,23
1530,217,209,31,16,12,39,28,43,23,15,24,23,30,32,14,12,17,13,13,4,7,30,4,31,5,158,2,0,18,208,19,44,17,21,15,11,5,132,12,24,12,3,17,10,11,14,10,19,0,0,0,426,52
1531,8,9,0,0,0,2,0,2,2,1,2,2,0,1,0,0,1,1,1,0,0,2,0,0,0,0,0,2,1,14,2,3,0,1,1,0,0,7,0,0,0,2,1,1,1,1,0,1,0,0,0,17,2
1532,1,0,0,0,0,0,0,0,0,0,0,0,0,0,0,0,0,1,0,0,0,0,0,0,0,0,0,0,0,1,1,0,0,0,0,0,0,1,0,0,0,1,0,0,0,0,0,0,0,0,0,1,0
1533,106,81,9,1,2,11,12,18,10,9,10,12,13,10,7,4,12,8,5,4,6,24,0,14,6,47,1,1,2,116,28,18,17,6,5,0,3,77,5,8,2,7,6,19,7,8,6,9,0,0,0,187,14
1534,135,134,6,6,6,13,15,17,21,25,17,15,18,13,8,6,25,23,11,3,8,13,2,16,1,63,0,2,12,173,43,45,16,10,8,0,1,123,8,8,7,15,13,29,7,17,5,14,0,0,0,269,19
1535,74,75,3,3,1,16,16,17,8,14,9,6,4,12,2,6,6,6,2,2,5,11,1,9,1,55,0,0,4,79,12,12,10,12,3,2,1,52,3,8,3,5,5,8,3,5,3,9,0,0,0,149,18
1536,0,0,0,0,0,0,0,0,0,0,0,0,0,0,0,0,0,0,0,0,0,0,0,0,0,0,0,0,0,0,0,0,0,0,0,0,0,0,0,0,0,0,0,0,0,0,0,0,0,0,0,0,0
1537,0,0,0,0,0,0,0,0,0,0,0,0,0,0,0,0,0,0,0,0,0,0,0,0,0,0,0,0,0,0,0,0,0,0,0,0,0,0,0,0,0,0,0,0,0,0,0,0,0,0,0,0,0
1538,9,16,0,0,0,1,0,4,4,0,2,1,1,1,1,1,1,1,1,1,2,3,0,1,0,1,0,0,6,17,4,3,1,3,0,0,0,11,0,0,3,1,2,2,0,1,0,2,0,0,0,25,3
1539,0,0,0,0,0,0,0,0,0,0,0,0,0,0,0,0,0,0,0,0,0,0,0,0,0,0,0,0,0,0,0,0,0,0,0,0,0,0,0,0,0,0,0,0,0,0,0,0,0,0,0,0,0
1540,90,100,19,9,2,15,14,14,8,12,14,4,10,19,4,14,7,4,2,2,0,17,1,1,1,88,0,0,4,95,7,14,14,2,8,6,2,53,5,6,1,6,0,2,4,8,11,10,0,0,12,178,18
1541,130,126,11,6,5,24,27,22,12,9,15,20,18,16,5,13,10,14,8,3,1,17,0,25,1,108,1,0,7,114,7,27,12,17,8,4,3,78,3,7,6,10,5,1,7,12,10,17,0,0,0,256,32
1542,138,155,15,14,12,32,18,17,24,22,14,11,26,23,4,10,10,7,9,3,3,19,2,18,1,128,0,2,10,132,11,20,25,16,8,6,3,89,5,9,10,4,8,3,11,18,8,13,0,0,0,293,33
1543,72,79,8,3,5,14,14,5,12,11,6,6,7,8,7,3,11,7,4,3,3,14,2,10,2,46,1,1,2,87,13,13,8,7,4,4,2,51,5,8,4,4,3,6,4,6,3,8,0,0,0,151,17
1544,178,169,24,9,10,25,27,23,16,12,25,13,22,14,9,13,33,17,13,7,10,25,1,12,1,61,2,0,7,263,21,49,22,15,9,5,3,124,10,8,8,10,7,34,7,13,8,19,0,0,0,347,32
1545,133,108,14,7,12,27,10,14,20,15,10,11,14,14,4,15,10,10,7,6,2,19,1,16,6,80,0,0,19,119,7,18,19,15,9,6,0,74,5,11,5,8,3,1,6,12,9,14,0,0,0,241,30
1546,198,219,22,13,7,24,18,20,30,34,34,28,34,25,15,13,26,26,10,14,4,20,5,11,0,73,1,3,8,316,52,64,21,22,10,2,3,174,4,15,14,31,13,38,16,16,11,16,0,0,0,417,37
1547,390,379,28,25,22,47,46,66,47,47,53,44,71,42,28,25,43,45,23,10,12,45,5,22,0,91,2,4,13,632,53,112,57,36,21,4,6,289,17,45,25,38,16,43,9,30,19,47,0,0,0,769,67
1548,33,37,3,3,1,3,2,4,3,3,6,4,1,9,5,2,12,2,1,0,2,4,0,3,1,12,0,0,3,51,6,9,4,4,2,0,1,26,3,5,3,4,2,4,0,1,0,4,0,0,0,70,7
1549,387,322,41,28,18,47,40,54,43,37,33,38,42,40,18,26,56,37,35,8,33,35,5,68,6,64,4,1,6,555,61,101,52,35,14,5,6,274,11,31,33,38,26,67,15,10,14,29,0,0,0,709,60
1550,0,0,0,0,0,0,0,0,0,0,0,0,0,0,0,0,0,0,0,0,0,0,0,0,0,0,0,0,0,0,0,0,0,0,0,0,0,0,0,0,0,0,0,0,0,0,0,0,0,0,0,0,0
1551,0,0,0,0,0,0,0,0,0,0,0,0,0,0,0,0,0,0,0,0,0,0,0,0,0,0,0,0,0,0,0,0,0,0,0,0,0,0,0,0,0,0,0,0,0,0,0,0,0,0,0,0,0
1552,230,220,12,6,13,22,38,35,43,39,24,22,20,36,10,22,27,19,15,7,8,32,2,88,9,92,1,3,13,242,30,75,31,29,7,3,1,176,16,14,16,20,16,19,10,20,19,26,0,0,0,450,40
1553,312,271,36,11,21,29,36,44,28,26,35,33,33,37,17,25,40,38,27,13,23,31,3,62,12,76,1,2,14,413,56,93,28,25,14,5,7,228,16,39,16,34,15,50,11,13,13,21,0,0,0,583,51
1554,175,163,11,4,6,17,27,28,19,12,18,17,23,20,7,10,28,27,18,11,25,10,1,32,15,50,3,1,14,222,51,65,20,12,7,1,1,157,10,10,10,22,23,12,20,25,11,14,0,0,0,338,21
1555,111,127,13,8,2,15,26,21,14,7,13,9,14,14,12,10,9,14,12,5,6,14,2,12,2,105,0,2,4,111,10,26,15,13,6,4,3,77,6,10,10,5,4,1,6,17,12,6,0,0,0,238,26
1556,258,218,33,10,5,27,37,29,23,26,29,21,39,24,11,22,33,32,19,19,20,17,3,38,6,53,1,0,5,370,64,66,33,18,9,4,5,199,15,28,28,27,11,41,11,12,11,15,0,0,0,476,36
1557,315,350,30,17,13,51,63,47,53,43,50,40,41,47,20,23,45,13,11,4,17,37,5,40,10,166,1,7,16,420,73,80,42,28,18,12,4,257,20,25,27,30,21,27,22,21,29,35,0,0,0,665,62
1558,510,466,64,37,21,61,58,72,61,39,65,61,60,46,25,40,79,57,34,14,33,49,5,104,12,120,3,2,19,711,102,122,71,54,18,4,11,382,14,54,37,50,37,90,14,27,17,42,0,0,0,976,87
1559,94,85,12,2,4,6,12,19,7,9,11,11,15,13,6,2,8,6,11,5,8,12,0,8,3,66,0,0,6,96,13,11,13,8,11,3,0,59,4,7,1,2,8,0,6,15,5,11,0,0,0,179,22
1560,68,55,9,6,2,11,12,5,5,3,10,9,8,7,1,2,6,9,3,1,1,13,0,5,0,54,0,0,12,52,5,13,8,5,4,2,2,39,1,8,3,2,4,2,3,7,4,5,0,0,0,123,13
1561,631,577,46,26,25,81,95,89,75,60,67,64,64,54,35,44,76,78,65,44,65,55,7,103,37,149,8,2,18,884,193,219,61,49,23,7,5,557,21,57,45,56,88,45,74,53,41,77,0,0,0,1208,84
1562,110,96,13,6,3,18,16,18,12,14,10,10,15,10,8,9,19,7,1,2,6,9,2,11,1,7,0,0,6,179,8,33,13,9,8,2,0,73,3,15,7,6,5,12,3,9,2,11,0,0,5,201,19
1563,67,78,8,6,5,9,12,11,9,5,8,10,4,6,2,8,6,16,14,0,4,2,0,13,1,30,0,1,5,95,8,31,5,4,3,2,2,55,3,0,3,12,8,13,3,8,1,4,0,0,0,145,11
1564,184,180,8,11,9,21,19,19,43,29,29,26,21,24,6,13,22,20,6,10,4,24,1,24,2,63,2,5,19,248,62,52,26,15,6,1,3,165,9,14,11,21,20,34,8,20,11,17,0,0,0,364,25
1565,213,204,22,6,6,35,32,20,38,24,27,26,36,22,12,15,25,31,14,5,7,14,2,24,1,93,3,2,8,284,50,60,18,16,11,4,6,165,5,14,16,18,27,28,6,16,11,24,0,0,0,417,37
1566,318,292,37,26,13,41,41,37,48,42,48,27,32,45,14,25,40,26,15,5,17,31,1,22,2,203,5,2,23,352,50,79,33,27,17,7,8,221,16,24,15,29,23,29,13,18,17,37,0,0,0,610,59
1567,274,237,38,13,18,38,38,28,43,28,31,31,39,31,13,14,20,23,10,8,8,39,11,37,3,212,0,5,21,222,25,56,37,30,8,12,4,172,10,25,17,12,12,8,21,18,21,28,0,0,0,511,54
1568,123,125,20,5,3,22,15,27,19,9,23,21,12,20,5,5,11,5,1,2,7,16,1,29,2,94,0,0,23,99,7,30,14,7,8,9,2,77,4,12,3,5,5,6,8,13,12,9,0,0,0,248,26
1569,24,21,3,1,0,3,2,3,3,6,5,1,2,4,0,0,4,3,1,1,2,1,0,9,0,8,0,0,4,24,7,7,5,1,1,0,0,21,0,0,2,3,2,4,1,1,5,3,0,0,0,45,2
1570,251,214,22,12,11,27,43,25,26,20,24,28,18,21,18,16,15,20,18,22,64,15,2,19,3,135,3,3,21,279,37,36,23,17,10,6,3,132,10,11,13,15,16,11,12,12,14,18,0,0,109,356,36
1571,494,453,66,23,25,48,63,75,82,71,60,62,62,64,23,32,45,28,21,15,15,67,7,39,4,257,0,4,37,599,112,105,66,35,33,15,4,370,30,35,36,43,37,49,12,30,38,60,0,0,0,947,87
1572,646,598,96,60,26,98,78,95,101,92,79,84,76,78,33,28,47,42,22,13,14,82,9,390,30,113,3,7,58,634,56,116,93,83,39,17,6,410,20,53,38,66,36,107,22,16,14,38,0,0,0,1244,145
1573,262,270,32,11,13,27,34,29,52,37,30,30,43,32,10,21,40,28,12,6,11,34,4,25,0,82,1,2,18,400,60,85,31,25,18,2,1,222,9,19,11,35,23,50,16,13,15,31,0,0,0,532,46
1574,154,113,14,4,4,26,10,17,14,14,14,17,19,19,6,6,20,13,5,8,22,15,0,27,0,14,1,1,1,223,10,30,15,18,11,0,0,84,5,6,10,10,3,22,7,7,8,6,0,0,25,242,29
1575,56,53,10,6,6,11,8,5,3,4,4,9,13,5,4,5,6,4,0,1,1,4,4,14,1,26,1,1,0,62,4,11,5,8,6,1,0,35,2,3,2,7,1,13,3,2,1,1,0,0,0,109,15
1576,350,337,74,37,21,52,30,37,45,61,45,40,45,63,15,16,21,26,10,3,9,37,2,214,16,69,1,1,43,341,26,55,47,45,20,16,4,213,15,25,17,32,16,59,13,11,4,21,0,0,0,687,85
1577,853,869,122,66,51,130,130,134,118,113,115,103,83,118,38,55,75,63,37,23,39,109,27,592,29,145,5,6,77,841,43,118,129,111,60,36,12,509,29,80,37,74,44,132,25,17,15,56,0,0,0,1722,219
1578,24,21,2,2,2,3,5,2,5,2,3,2,5,7,2,1,0,0,1,0,1,0,0,0,0,24,0,0,0,21,3,1,6,3,2,0,0,15,1,2,2,0,3,0,4,1,1,1,0,0,0,45,5
1579,0,0,0,0,0,0,0,0,0,0,0,0,0,0,0,0,0,0,0,0,0,0,0,0,0,0,0,0,0,0,0,0,0,0,0,0,0,0,0,0,0,0,0,0,0,0,0,0,0,0,0,0,0
1580,232,238,31,15,13,22,22,39,21,18,24,32,31,26,18,27,35,33,20,13,13,17,1,16,1,72,1,2,11,366,26,80,33,17,9,4,6,175,14,16,12,25,13,42,12,5,17,19,0,0,0,470,36
1581,507,532,97,38,35,88,96,83,55,52,72,56,64,85,24,31,41,35,13,8,14,52,8,389,24,95,4,5,46,468,21,80,76,81,25,21,7,311,13,37,32,52,28,86,13,11,10,29,0,0,0,1039,134
1582,110,99,13,11,7,15,19,13,8,12,14,12,17,17,4,8,7,7,4,1,4,16,2,17,0,56,1,2,13,118,7,18,14,16,4,5,1,65,5,14,7,6,4,1,5,5,10,8,0,0,2,207,26
1583,426,397,49,22,10,53,48,64,53,59,58,56,59,47,20,31,53,40,20,15,24,42,3,141,26,147,4,0,42,460,71,131,56,45,15,7,3,328,35,22,16,36,25,39,21,45,45,44,0,0,0,823,70
1584,242,231,33,16,18,29,30,28,25,33,24,25,25,49,11,19,26,21,13,7,6,35,5,27,0,197,0,1,17,226,21,44,30,24,14,9,6,148,8,13,12,10,15,5,18,28,13,26,0,0,6,467,53
1585,394,389,33,30,15,42,46,62,38,63,56,53,67,55,17,26,35,41,23,10,18,53,1,145,22,158,3,3,37,414,74,106,63,38,16,6,5,308,25,30,17,34,26,34,16,37,44,45,0,0,0,783,65
1586,407,411,52,25,25,74,71,72,48,47,39,43,54,74,15,27,28,22,12,10,17,63,4,31,10,278,1,5,20,469,40,70,42,40,33,19,9,253,17,25,6,9,35,8,64,34,30,25,0,0,0,818,101
1587,329,304,41,14,15,34,51,36,37,31,35,30,56,26,20,26,43,44,20,16,19,39,1,35,8,67,0,1,7,514,66,79,51,34,13,5,3,251,8,41,26,41,14,61,14,9,19,18,0,0,0,633,55
1588,178,168,18,11,10,20,22,26,17,24,21,24,23,13,6,16,20,19,11,13,11,21,5,16,2,45,1,0,5,272,36,48,32,15,4,1,4,140,9,26,11,17,9,31,7,10,4,16,0,0,0,346,24
1589,132,97,25,9,7,25,8,12,8,10,17,22,11,17,7,4,15,12,3,1,1,15,0,14,0,97,1,2,6,109,14,20,11,9,14,6,0,74,4,5,9,6,5,7,6,8,8,16,0,0,0,229,29
1590,784,739,81,45,29,105,99,109,102,99,115,110,128,79,38,61,73,57,51,36,33,73,10,275,61,212,3,8,60,894,148,231,108,83,35,6,6,617,63,50,50,67,49,63,36,72,69,98,0,0,0,1523,130
1591,182,185,23,9,2,31,22,32,21,31,28,24,29,21,6,12,23,19,9,5,4,16,3,16,2,77,0,1,16,252,55,59,22,10,9,3,3,161,3,14,11,18,20,37,9,17,13,19,0,0,0,367,25
1592,0,0,0,0,0,0,0,0,0,0,0,0,0,0,0,0,0,0,0,0,0,0,0,0,0,0,0,0,0,0,0,0,0,0,0,0,0,0,0,0,0,0,0,0,0,0,0,0,0,0,0,0,0
1593,143,157,14,6,6,22,21,21,12,10,19,20,19,19,11,20,16,20,11,7,5,21,1,30,5,24,0,2,3,235,26,51,18,15,6,2,2,120,6,21,10,11,4,35,5,8,7,13,0,0,0,300,25
1594,366,281,35,19,19,34,29,39,55,32,32,38,41,41,18,19,41,32,18,23,59,23,2,23,3,149,1,3,23,443,50,74,40,25,7,10,6,212,14,22,15,25,24,34,11,13,23,31,0,0,85,562,48
1595,111,137,12,3,5,18,15,15,27,18,14,22,18,8,9,10,22,11,6,3,2,10,1,11,6,55,1,0,6,168,35,34,16,5,2,1,3,96,2,8,12,8,15,16,6,7,9,13,0,0,37,211,11
1596,306,311,39,23,13,56,55,38,36,27,35,27,44,60,14,24,31,21,11,11,14,38,2,6,7,244,2,2,23,331,21,50,47,37,15,14,6,190,14,14,13,4,23,6,33,28,20,35,0,0,0,617,72
1597,108,116,10,8,4,16,18,10,18,12,9,11,16,11,8,12,9,15,16,6,6,9,0,12,3,38,2,2,2,165,11,35,15,5,6,5,2,79,5,9,3,10,12,17,4,4,4,11,0,0,0,224,18
1598,68,46,4,1,2,11,10,7,1,5,12,9,2,3,2,7,8,10,7,5,4,4,0,6,1,16,0,1,1,89,10,18,8,5,2,1,1,45,1,7,9,3,5,6,2,3,2,7,0,0,0,114,9
1599,497,490,53,36,37,64,52,54,41,45,61,62,79,61,40,51,67,63,26,20,19,56,9,92,20,104,0,6,30,726,53,136,66,45,29,12,8,349,8,42,28,53,19,103,24,17,21,34,0,0,0,987,94
1600,1120,1077,150,86,54,197,141,139,149,171,170,152,153,137,43,75,101,77,32,19,40,111,18,774,47,177,4,12,68,1097,114,231,169,146,54,30,10,754,39,100,76,82,65,218,26,50,23,75,0,0,0,2197,240
1601,968,883,73,34,39,98,142,151,117,93,103,93,107,109,46,71,108,103,83,66,113,102,6,132,42,289,6,4,29,1343,279,303,98,74,34,17,13,818,21,69,67,69,121,70,122,103,66,110,0,0,0,1851,138
1602,317,338,54,22,9,61,45,33,40,39,36,38,44,50,17,24,39,37,14,3,17,33,7,59,6,257,1,2,25,298,30,68,37,36,25,11,5,212,12,35,18,16,12,10,26,33,16,34,0,0,0,655,77
1603,527,522,44,38,30,81,60,86,72,66,73,64,68,58,21,45,46,47,33,11,26,80,4,28,8,142,0,3,7,857,100,132,68,66,24,7,7,404,35,41,28,35,36,75,45,43,32,34,0,0,0,1049,104
1604,143,133,17,10,3,22,13,15,18,12,10,20,27,11,7,15,16,15,8,8,12,17,2,7,1,45,2,6,4,209,23,38,11,16,7,6,1,102,6,6,4,6,8,34,9,6,7,16,0,0,0,276,30
1605,135,141,15,7,7,21,16,24,13,20,13,17,26,14,7,13,15,15,3,4,10,16,0,14,0,43,0,2,3,214,23,37,19,14,6,2,3,104,13,11,10,19,5,12,8,8,6,12,0,0,0,276,25
1606,58,62,7,4,5,7,10,10,8,3,5,12,3,12,3,5,7,2,1,1,2,13,1,8,0,49,0,0,1,61,6,16,5,5,3,4,1,40,0,7,4,2,5,1,5,0,11,5,0,0,0,120,13
1607,234,223,27,24,13,50,34,26,29,25,23,29,23,28,13,13,18,8,10,9,13,42,1,8,5,176,1,4,8,254,18,32,22,28,17,13,4,134,10,12,7,10,13,4,23,13,20,22,0,0,0,457,62
1608,431,466,61,24,23,80,59,56,61,48,54,55,70,58,22,32,61,26,24,12,14,57,2,32,3,410,2,4,28,416,44,94,49,46,35,16,8,292,25,23,15,13,42,12,37,47,32,46,0,0,0,897,105
1609,297,289,46,19,17,46,48,28,44,39,38,35,49,32,17,16,28,24,4,4,7,45,3,44,5,225,0,4,19,286,32,57,41,34,20,9,2,195,13,26,15,16,11,10,21,31,22,30,0,0,12,574,65
1610,296,280,32,22,17,51,36,43,32,35,36,41,32,53,8,26,20,21,7,11,15,38,4,9,2,158,4,0,15,384,33,53,35,37,19,9,4,190,18,18,10,7,16,3,36,30,22,30,0,0,0,576,69
1611,98,91,17,8,8,10,9,10,11,11,6,9,14,25,6,7,15,4,5,4,2,8,1,6,5,15,0,0,10,152,5,24,7,12,7,4,1,60,1,5,3,10,7,15,4,3,6,6,0,0,0,189,24
1612,272,282,25,16,15,50,38,28,34,24,26,32,46,40,24,18,35,26,16,14,18,29,4,18,3,95,1,1,8,424,29,83,29,28,18,5,5,197,15,13,12,26,16,45,10,21,10,29,0,0,0,554,56
1613,21,25,3,3,2,2,5,3,2,2,2,3,2,5,2,1,3,3,0,1,0,2,0,5,1,7,1,0,1,31,1,5,0,2,3,2,0,13,1,0,3,3,0,2,0,1,0,3,0,0,0,46,7
1614,66,85,6,7,3,8,8,7,11,7,6,10,9,10,9,11,11,8,3,3,3,11,1,6,1,18,1,1,6,117,10,17,10,8,5,2,1,53,5,9,3,3,3,9,4,6,6,5,0,0,0,151,16
1615,249,252,31,13,6,31,36,38,22,23,21,35,37,29,13,19,45,25,24,18,15,20,5,69,9,41,0,3,9,365,64,71,27,28,10,2,5,207,16,23,17,39,18,46,9,11,7,21,0,0,0,501,45
1616,133,107,6,7,4,21,13,19,14,30,22,15,16,13,5,6,12,9,7,1,2,18,1,3,0,42,1,2,3,188,26,32,18,10,4,2,3,95,3,11,7,8,9,28,12,5,6,6,0,0,0,240,19
1617,333,327,23,11,11,53,46,48,52,54,41,45,49,40,22,23,35,23,13,9,13,49,3,14,1,64,1,4,21,552,70,93,44,28,15,9,4,263,19,27,16,35,18,64,14,16,21,33,0,0,0,660,56
1618,301,290,35,16,12,47,45,35,28,28,46,32,46,25,19,30,46,26,29,7,17,22,0,28,3,86,1,3,3,467,75,90,45,22,11,3,5,251,21,29,19,24,30,45,24,14,16,29,0,0,0,591,41
1619,509,583,47,34,31,87,82,77,80,74,66,70,67,48,44,42,61,55,31,16,23,57,4,57,6,160,4,7,17,837,104,155,79,51,26,8,7,430,41,43,31,39,37,72,41,44,30,52,0,0,2,1090,92
1620,16,26,3,3,3,3,9,2,1,3,0,3,3,2,0,2,0,3,1,0,0,1,0,4,0,16,0,0,1,21,0,3,1,5,0,1,1,11,1,2,0,0,0,0,2,3,2,1,0,0,0,42,7
1621,263,275,34,28,14,27,34,27,37,31,39,38,40,49,14,22,31,18,4,12,8,31,3,191,13,56,2,1,23,249,19,29,34,43,23,8,3,159,5,23,17,22,14,43,5,10,4,16,0,0,0,538,77
1622,652,655,94,59,43,96,100,86,74,67,80,86,90,98,37,33,57,43,30,18,20,96,10,30,12,474,5,5,24,747,90,108,77,62,49,30,12,428,38,35,23,26,52,11,65,59,52,67,0,0,0,1307,153
1623,149,143,23,12,13,19,13,23,17,22,18,24,19,22,7,7,12,12,5,5,6,13,2,14,1,136,0,1,1,137,16,34,19,17,10,3,1,100,15,12,5,3,10,2,13,17,12,11,0,0,7,285,31
1624,263,236,25,15,19,32,30,41,28,15,24,28,46,34,15,26,28,31,21,10,15,16,0,18,1,41,3,4,13,419,27,75,33,33,7,8,1,184,11,9,13,21,15,55,13,16,13,18,0,0,0,499,49
1625,367,362,35,15,26,58,33,46,38,34,27,46,55,43,25,35,63,34,25,20,25,46,2,88,11,75,1,0,19,533,40,91,52,35,24,11,3,256,7,29,14,28,14,74,13,20,19,38,0,0,0,729,73
1626,626,550,87,48,32,103,88,73,76,54,58,71,64,85,28,44,63,47,29,25,33,68,8,25,20,418,1,6,27,671,80,106,79,58,38,18,14,393,25,34,23,20,40,19,67,46,51,68,0,0,0,1176,128
1627,224,220,9,12,9,40,32,29,27,16,19,22,23,22,9,20,30,33,30,21,26,15,1,31,13,49,1,3,8,338,76,89,17,16,5,3,4,210,9,20,14,23,38,21,26,18,16,25,0,0,0,444,28
1628,261,269,40,13,4,44,38,36,32,38,32,33,35,55,13,13,27,17,15,5,5,35,5,26,5,186,1,2,39,266,32,62,23,35,24,5,2,183,5,19,15,15,15,9,17,25,17,46,0,0,0,530,66
1629,124,125,21,8,2,12,21,13,9,17,17,11,14,26,8,9,13,9,8,6,3,22,0,12,1,91,0,0,10,135,20,22,23,10,6,1,5,87,6,13,1,5,12,3,14,11,7,15,0,0,0,249,22
1630,95,88,14,10,5,18,8,7,11,12,14,14,8,7,4,11,11,5,6,4,7,7,0,4,2,31,0,0,4,142,22,23,11,7,9,0,1,73,7,11,2,9,5,11,9,5,2,12,0,0,0,183,17
1631,220,215,37,14,15,47,29,29,28,22,37,22,24,31,13,13,19,11,8,3,7,26,2,128,13,46,0,2,22,222,14,31,25,27,19,11,2,129,6,14,13,18,12,31,11,7,3,14,0,0,0,435,59
1632,1061,1037,117,85,51,177,146,138,150,131,138,125,139,145,49,70,105,67,54,38,46,127,9,453,25,427,5,10,85,1084,119,226,146,99,87,28,11,716,27,120,63,64,47,60,77,72,79,107,0,0,0,2098,225
1633,181,207,12,8,8,30,20,22,17,14,22,25,27,15,20,24,32,15,25,15,16,21,2,20,2,32,2,1,16,313,21,74,27,16,6,6,1,151,11,15,17,15,14,30,11,9,11,18,0,0,0,388,29
1634,86,108,11,5,6,22,12,13,12,9,9,12,20,7,5,6,9,8,2,11,5,10,1,10,2,77,0,1,5,98,12,22,12,14,2,2,3,67,2,6,2,1,9,5,8,13,6,15,0,0,0,194,21
1635,669,632,69,33,30,98,69,103,88,70,86,76,91,92,28,54,88,64,31,23,31,77,6,77,9,205,2,7,21,974,135,160,89,80,21,12,10,507,58,51,35,37,59,74,38,50,52,53,0,0,0,1301,123
1636,351,398,46,31,18,69,62,56,41,35,57,43,63,33,25,30,43,34,18,7,9,29,5,12,22,161,0,5,27,517,23,80,60,49,18,7,7,244,6,49,23,29,10,26,22,22,20,37,0,0,0,749,81
1637,123,124,12,14,6,19,14,23,17,14,14,11,19,20,3,11,13,12,9,4,1,11,0,29,1,96,0,1,5,115,10,26,17,10,6,5,4,78,1,5,3,7,10,5,7,17,10,13,0,0,0,247,25
1638,27,21,2,0,0,9,2,3,1,0,6,5,5,1,2,3,2,5,1,0,1,0,0,5,0,19,0,1,2,21,3,8,3,1,2,1,0,18,0,1,2,1,2,2,1,5,1,3,0,0,0,48,4
1639,543,490,46,37,20,65,75,63,65,71,75,69,83,67,28,32,63,37,33,32,30,42,4,216,36,160,0,2,54,561,93,162,81,46,19,10,4,415,29,32,32,44,33,47,40,60,45,53,0,0,0,1033,79
1640,264,257,21,9,8,44,43,46,33,28,19,30,34,19,13,25,27,31,20,26,17,28,1,45,13,88,4,2,9,359,78,91,25,20,11,3,4,232,12,22,22,23,27,21,38,19,22,26,0,0,0,521,38
1641,530,529,67,50,31,64,54,67,61,56,67,68,83,59,34,51,64,41,29,22,27,64,12,39,12,223,3,2,12,756,48,140,66,49,33,11,13,360,5,70,41,32,13,35,17,46,36,65,0,0,0,1059,106
1642,24,20,2,0,2,5,1,3,3,1,4,3,2,1,1,2,3,2,1,3,2,3,0,7,1,19,0,0,0,17,6,3,2,5,0,1,0,17,0,4,1,4,0,3,0,1,2,2,0,0,0,44,6
1643,374,362,43,11,26,56,46,41,46,29,30,36,75,57,25,50,52,36,18,7,7,45,5,86,4,71,0,0,21,549,13,96,43,47,14,13,8,234,5,21,26,41,10,65,11,16,12,27,0,0,0,736,82
1644,176,160,26,5,11,28,19,22,20,18,23,19,20,20,13,13,15,8,7,3,7,39,1,10,2,147,1,0,3,172,20,33,24,18,8,8,2,113,8,17,1,6,11,3,12,15,20,20,0,0,0,336,36
1645,490,439,40,25,23,74,74,52,66,59,53,56,57,64,27,36,47,49,28,21,21,57,4,146,31,167,2,2,43,534,83,125,55,50,29,6,6,354,21,27,33,35,24,32,29,46,48,59,0,0,3,926,91
1646,921,882,123,62,30,114,123,126,145,147,126,133,120,118,38,50,75,63,40,35,32,103,13,403,14,347,2,7,103,914,132,225,139,93,59,13,6,667,16,113,61,58,40,52,80,66,67,114,0,0,11,1792,171
1647,306,317,31,17,10,35,24,56,69,40,38,44,44,26,20,31,39,35,22,5,10,27,1,8,0,55,2,2,8,547,82,103,53,26,8,0,4,276,23,35,19,39,18,63,15,18,17,29,0,0,0,623,38
1648,240,241,23,14,15,23,27,36,49,52,23,25,43,28,9,18,22,27,13,5,6,23,2,12,3,52,2,3,16,391,52,73,32,24,7,4,4,196,13,26,14,22,18,43,13,21,11,15,0,0,0,481,39
1649,31,27,2,1,2,4,3,8,1,3,4,4,4,5,0,2,1,5,2,2,0,5,0,3,0,19,0,1,0,35,3,3,4,8,1,0,0,19,0,2,0,0,4,1,3,2,2,5,0,0,0,58,9
1650,2630,2577,464,220,150,382,304,332,364,344,415,332,318,382,127,135,228,171,98,76,65,300,49,1818,88,452,19,16,210,2555,170,391,382,362,181,101,19,1606,91,197,111,245,139,454,73,88,55,153,0,0,0,5207,663
1651,761,734,74,52,47,122,97,79,72,73,88,92,119,107,37,67,97,70,57,33,34,78,7,154,25,181,4,8,28,1088,83,206,73,67,53,31,7,520,7,62,38,76,13,167,37,26,25,69,0,0,0,1495,158
1652,121,107,10,10,8,17,15,17,5,15,14,13,14,12,7,9,16,12,4,6,5,19,2,5,3,29,0,1,3,185,26,26,16,8,10,2,1,89,13,3,4,8,12,22,7,5,5,10,0,0,0,228,21
1653,213,215,21,9,8,35,33,30,33,14,25,25,35,20,12,16,32,35,16,4,5,20,2,43,9,42,1,2,8,321,44,53,29,25,9,5,2,167,7,28,24,32,9,39,5,6,9,8,0,0,0,428,41
1654,697,651,59,24,26,99,88,108,85,57,63,67,69,72,29,51,68,101,57,49,83,93,5,92,34,168,4,8,28,1009,190,230,73,53,22,9,13,590,25,56,50,58,70,49,92,50,55,85,0,0,0,1348,97
1655,55,61,7,9,5,8,14,10,5,8,5,6,11,9,2,0,1,5,3,0,2,6,2,4,0,47,0,0,7,56,5,10,5,9,4,2,1,36,5,2,2,3,3,0,2,5,6,8,0,0,0,116,16
1656,36,46,3,2,1,9,3,6,5,8,5,6,4,9,1,4,3,2,4,2,2,3,0,3,0,46,0,0,1,32,2,7,8,3,6,0,0,26,2,0,1,1,7,0,2,4,3,6,0,0,0,82,9
1657,1,1,0,0,0,0,0,0,0,0,0,1,0,1,0,0,0,0,0,0,0,0,0,0,0,0,0,0,0,2,0,1,0,0,0,0,0,1,0,0,0,0,0,0,0,0,1,0,0,0,0,2,0
1658,422,423,55,26,20,73,54,57,63,55,61,41,62,47,22,35,45,40,18,8,11,52,3,33,13,183,5,2,25,581,100,109,47,37,16,11,11,331,26,37,17,43,29,62,31,36,21,29,0,0,0,845,75
1659,394,344,22,23,9,33,45,48,61,52,52,41,69,42,17,35,54,45,18,10,14,48,2,50,3,47,6,2,11,617,85,117,60,34,12,3,3,314,22,36,21,35,25,72,29,24,20,30,0,0,0,738,52
1660,105,117,21,8,5,25,15,16,17,17,8,10,14,19,4,11,9,5,4,0,3,11,0,15,2,97,0,0,0,108,6,15,16,12,12,5,0,66,6,10,4,5,12,2,6,8,4,9,0,0,0,222,29
1661,1058,1029,91,61,36,104,125,151,188,140,146,136,139,129,60,101,138,90,55,26,31,140,11,82,4,180,0,11,74,1725,212,330,146,105,27,21,12,853,67,86,73,96,66,173,72,62,66,92,0,0,0,2087,165
1662,518,495,45,38,21,73,67,53,53,60,60,64,82,66,30,49,73,59,44,15,16,45,3,54,8,178,3,3,14,750,49,157,61,46,32,15,4,364,26,39,31,56,23,63,29,32,27,38,0,0,0,1013,97
1663,89,92,5,3,11,10,14,10,18,11,16,15,9,14,2,2,15,5,6,3,3,9,1,1,1,33,2,0,9,134,18,32,9,6,5,1,2,73,6,5,4,9,6,21,10,5,4,3,0,0,0,181,14
1664,166,200,22,17,11,36,30,16,18,15,18,19,36,18,8,12,21,22,12,7,10,18,3,17,3,72,0,3,3,265,19,54,17,16,9,9,3,127,10,11,6,16,10,33,10,7,10,14,0,0,0,366,37
1665,15,10,1,0,0,3,4,2,1,1,1,0,0,2,2,2,3,1,1,1,0,0,0,3,0,11,0,0,0,11,1,5,1,0,1,1,0,9,1,3,0,0,1,0,0,1,2,1,0,0,0,25,2
1666,90,111,9,4,8,19,15,18,7,10,10,17,4,9,7,7,13,15,11,4,3,11,1,1,2,54,0,1,5,137,19,26,12,7,7,1,3,75,7,7,9,6,5,4,11,11,7,8,0,0,0,201,18
1667,161,157,15,8,11,22,28,18,10,8,12,22,32,18,7,17,21,17,13,15,13,11,3,5,0,63,0,0,1,246,30,49,16,4,11,4,6,120,14,6,3,5,20,4,8,30,19,11,0,0,0,318,25
1668,181,183,24,16,10,30,20,31,22,13,18,23,22,18,10,15,19,23,13,4,11,22,1,24,2,58,4,0,9,266,22,42,17,22,12,7,2,124,6,8,4,18,12,32,8,10,4,22,0,0,0,364,43
1669,275,252,28,20,12,41,28,27,50,21,29,20,34,33,15,27,42,29,17,10,18,26,6,22,3,80,0,1,20,395,32,89,27,24,10,12,2,196,22,19,15,27,11,43,10,12,14,23,0,0,0,527,48
1670,343,318,50,23,6,40,47,49,45,39,43,42,56,70,11,10,32,16,16,9,9,48,3,20,1,218,2,5,13,399,37,55,38,37,25,13,6,211,10,18,8,16,21,7,51,30,22,28,0,0,0,661,81
1671,0,0,0,0,0,0,0,0,0,0,0,0,0,0,0,0,0,0,0,0,0,0,0,0,0,0,0,0,0,0,0,0,0,0,0,0,0,0,0,0,0,0,0,0,0,0,0,0,0,0,0,0,0
1672,84,86,13,6,4,13,10,14,11,6,8,12,13,9,11,5,10,9,2,1,4,9,0,12,2,59,0,1,19,77,9,12,19,7,5,3,1,56,5,11,3,6,5,3,7,1,5,10,0,0,0,170,16
1673,150,158,19,18,8,11,21,24,28,14,22,18,15,22,8,10,10,11,7,10,9,23,1,17,1,108,0,0,9,172,16,21,25,13,11,5,2,93,12,12,10,13,5,2,8,6,11,14,0,0,22,286,31
1674,0,0,0,0,0,0,0,0,0,0,0,0,0,0,0,0,0,0,0,0,0,0,0,0,0,0,0,0,0,0,0,0,0,0,0,0,0,0,0,0,0,0,0,0,0,0,0,0,0,0,0,0,0
1675,21,19,1,2,1,1,2,1,3,3,1,1,4,4,0,2,3,3,2,0,0,6,0,4,0,20,0,1,0,15,1,4,1,5,0,0,1,12,0,1,1,0,1,1,0,4,2,2,0,0,0,40,6
1676,185,188,19,22,15,40,22,26,25,23,20,15,27,21,7,11,26,17,7,3,5,22,1,21,5,190,0,2,5,149,16,34,25,16,12,8,5,116,8,12,5,4,10,9,21,17,13,17,0,0,0,373,41
1677,384,429,29,20,21,59,51,61,64,52,62,53,52,38,20,28,57,45,21,13,20,47,4,30,11,152,2,2,6,606,75,122,62,40,7,8,8,322,29,37,23,38,24,59,22,33,22,35,0,0,0,813,63
1678,0,0,0,0,0,0,0,0,0,0,0,0,0,0,0,0,0,0,0,0,0,0,0,0,0,0,0,0,0,0,0,0,0,0,0,0,0,0,0,0,0,0,0,0,0,0,0,0,0,0,0,0,0
1679,7,2,2,0,0,0,1,0,0,0,0,0,2,0,0,4,0,0,0,0,0,0,0,1,0,0,0,0,0,8,0,3,1,0,0,0,0,4,0,2,0,0,0,1,0,0,0,1,0,0,0,9,0
1680,414,370,20,16,9,46,59,78,47,37,25,29,38,43,15,19,54,61,40,28,83,37,5,50,12,95,5,2,13,602,104,154,24,25,10,2,10,329,36,35,8,9,56,16,44,61,28,36,0,0,58,726,47
1681,122,115,9,4,3,20,15,16,17,14,23,21,22,12,6,5,11,6,6,4,2,21,0,37,10,38,2,1,8,141,15,45,15,11,5,3,0,94,11,4,7,14,5,9,8,14,8,14,0,0,0,237,19
1682,19,28,1,1,1,0,2,3,2,0,0,3,6,0,8,3,5,6,2,1,3,0,0,2,0,10,0,1,1,33,1,14,0,1,1,0,1,18,1,0,1,2,1,6,2,1,0,4,0,0,0,47,3
1683,931,862,129,70,49,153,132,127,103,110,140,130,139,107,37,60,79,50,33,17,32,96,5,758,29,191,6,13,89,702,38,120,116,135,82,28,6,525,18,76,30,53,32,138,42,37,33,66,0,0,0,1793,251
1684,317,293,25,12,9,41,49,51,49,31,28,17,25,34,13,18,36,46,33,25,36,32,3,50,8,79,5,2,3,460,111,113,38,15,6,2,7,292,49,22,15,11,40,11,44,46,24,30,0,0,0,610,30
1685,95,90,14,13,8,16,5,13,11,16,8,8,16,11,1,9,11,3,6,1,5,10,1,70,1,20,0,0,1,92,6,14,10,14,4,5,2,55,2,7,3,7,4,20,5,1,1,5,0,0,0,185,25
1686,1848,1877,251,127,98,266,325,321,290,237,253,224,232,243,84,96,145,120,65,36,49,263,37,1315,94,276,15,18,171,1799,158,352,293,229,120,54,18,1224,65,172,98,156,101,363,59,62,33,115,0,0,0,3725,421
1687,1971,1960,224,129,113,403,377,286,295,214,236,228,208,258,70,103,159,117,63,50,67,331,53,1642,107,234,16,22,176,1681,144,369,289,239,132,51,30,1254,80,156,111,183,103,340,51,46,37,147,0,0,22,3909,452
1688,0,0,0,0,0,0,0,0,0,0,0,0,0,0,0,0,0,0,0,0,0,0,0,0,0,0,0,0,0,0,0,0,0,0,0,0,0,0,0,0,0,0,0,0,0,0,0,0,0,0,0,0,0
1689,128,134,11,12,6,18,18,17,24,15,17,14,15,17,7,12,13,10,8,3,1,24,0,82,9,19,2,1,6,143,15,24,18,19,9,4,0,89,1,16,7,14,8,24,3,4,1,11,0,0,0,262,32
1690,115,132,18,8,7,17,18,12,11,12,13,16,17,9,15,13,23,9,6,2,7,14,2,28,5,39,0,0,5,168,9,32,12,13,12,1,1,80,6,7,5,11,5,18,5,7,6,10,0,0,11,236,27
1691,0,0,0,0,0,0,0,0,0,0,0,0,0,0,0,0,0,0,0,0,0,0,0,0,0,0,0,0,0,0,0,0,0,0,0,0,0,0,0,0,0,0,0,0,0,0,0,0,0,0,0,0,0
1692,535,488,45,50,29,84,50,54,41,41,56,63,101,56,36,46,70,58,21,25,27,70,8,85,8,87,4,9,26,796,25,118,61,53,38,19,8,322,5,42,36,50,11,82,14,17,31,34,0,0,0,1023,118
1693,0,0,0,0,0,0,0,0,0,0,0,0,0,0,0,0,0,0,0,0,0,0,0,0,0,0,0,0,0,0,0,0,0,0,0,0,0,0,0,0,0,0,0,0,0,0,0,0,0,0,0,0,0
1694,321,323,34,7,12,42,48,55,61,47,34,40,43,37,18,22,35,32,16,7,14,40,3,28,2,57,3,1,23,527,76,102,38,34,12,5,3,270,21,22,23,45,19,54,20,22,25,19,0,0,0,644,54
1695,0,0,0,0,0,0,0,0,0,0,0,0,0,0,0,0,0,0,0,0,0,0,0,0,0,0,0,0,0,0,0,0,0,0,0,0,0,0,0,0,0,0,0,0,0,0,0,0,0,0,0,0,0
1696,389,372,58,36,25,68,46,50,42,34,48,52,58,46,22,27,35,30,13,16,8,47,2,13,17,108,3,8,20,590,25,100,40,43,22,13,7,250,13,40,19,34,11,29,21,33,18,32,0,0,0,761,85
1697,15,17,1,2,1,4,2,2,0,1,3,2,5,2,0,3,3,1,0,0,0,0,0,0,0,8,0,0,2,22,1,9,0,2,1,0,0,13,1,1,0,6,0,0,0,3,1,1,0,0,0,32,3
1698,125,136,10,9,9,21,22,21,19,15,12,17,12,15,5,15,16,14,7,7,2,13,0,9,1,42,0,1,3,205,29,38,15,15,7,0,2,106,9,18,10,5,15,13,7,10,6,13,0,0,0,261,24
1699,0,0,0,0,0,0,0,0,0,0,0,0,0,0,0,0,0,0,0,0,0,0,0,0,0,0,0,0,0,0,0,0,0,0,0,0,0,0,0,0,0,0,0,0,0,0,0,0,0,0,0,0,0
1700,95,92,10,7,7,12,14,15,9,14,9,7,7,11,5,8,18,13,3,2,8,8,1,3,0,23,0,0,4,156,9,28,12,8,4,3,2,66,4,12,1,4,8,21,7,2,2,5,0,0,0,187,17
1701,439,456,63,29,31,63,54,59,46,44,45,55,78,65,35,36,51,33,16,13,17,62,6,23,18,110,2,8,35,693,27,96,63,62,20,15,6,289,9,46,42,37,7,29,36,25,22,36,0,0,0,895,103
1702,1377,1380,232,145,91,256,178,157,175,163,215,192,184,170,52,94,89,71,58,40,44,151,14,1168,37,310,5,10,118,1095,99,173,192,183,111,52,17,827,29,131,60,93,56,185,73,48,50,102,0,0,0,2757,363
1703,91,85,7,5,6,17,9,10,13,7,9,10,12,10,5,8,13,5,8,5,7,10,4,2,0,25,0,2,1,142,14,25,12,8,4,4,0,67,6,3,3,10,5,16,3,7,3,11,0,0,0,176,16
1704,209,187,12,8,9,17,25,50,22,26,12,11,21,17,13,14,33,19,20,12,40,15,2,28,12,27,1,3,2,321,79,88,20,5,6,0,4,202,24,26,3,6,24,11,29,41,18,20,0,0,0,396,15
1705,77,82,5,4,7,10,14,15,8,8,6,7,5,12,3,6,9,8,14,3,2,13,0,0,8,31,1,0,3,116,25,23,4,7,5,0,3,67,18,2,2,0,10,3,16,4,6,6,0,0,0,159,15
1706,1135,1130,110,81,69,160,145,138,113,88,120,122,183,153,81,80,153,136,83,63,48,139,15,222,95,179,7,8,63,1676,68,280,144,114,75,35,18,734,18,97,61,90,53,188,30,60,54,83,0,0,13,2252,242
1707,372,366,27,18,19,52,54,54,52,31,34,34,57,45,37,27,55,44,23,23,20,32,6,101,32,35,4,6,11,543,107,99,38,30,19,8,7,308,5,40,23,49,22,81,12,21,18,37,0,0,0,738,64
1708,609,578,64,42,30,109,90,68,63,38,49,75,104,60,32,59,92,51,45,20,20,76,5,128,5,89,2,5,48,905,43,144,73,76,31,17,8,392,20,31,25,55,22,129,18,25,29,38,0,0,9,1178,132
1709,68,75,5,2,2,12,19,8,6,3,7,10,8,15,5,6,5,14,4,0,4,8,0,7,1,35,1,0,8,91,8,23,5,10,3,2,1,52,3,5,4,6,2,10,8,4,3,7,0,0,0,143,16
1710,0,0,0,0,0,0,0,0,0,0,0,0,0,0,0,0,0,0,0,0,0,0,0,0,0,0,0,0,0,0,0,0,0,0,0,0,0,0,0,0,0,0,0,0,0,0,0,0,0,0,0,0,0
1711,395,321,27,11,7,35,69,67,39,29,29,27,26,29,19,20,48,60,47,31,52,44,6,58,8,80,1,7,3,553,144,144,34,16,8,5,6,357,43,35,18,13,48,13,52,59,30,46,0,0,0,716,35
1712,614,602,51,29,19,87,81,85,87,86,88,70,71,76,22,50,78,59,55,27,36,59,3,164,84,162,2,6,72,723,145,226,69,45,27,8,6,526,4,68,50,55,18,75,42,57,58,99,0,0,0,1216,86
1713,264,254,24,17,9,30,31,38,58,28,42,32,41,29,10,28,32,19,12,2,10,26,2,12,1,42,3,2,14,442,69,78,36,20,10,5,3,221,20,15,12,20,14,50,18,21,24,27,0,0,0,518,38
1714,433,465,54,31,32,77,62,38,50,49,37,45,87,59,28,45,45,44,33,19,15,48,14,18,12,167,1,4,9,673,46,94,63,51,23,16,7,300,7,49,29,31,14,30,16,30,38,56,0,0,0,898,97
1715,114,87,8,12,4,14,15,4,8,9,10,11,18,14,3,11,13,13,10,12,6,6,0,10,3,39,0,0,4,145,12,32,8,6,4,4,4,70,7,7,3,9,5,15,2,8,5,9,0,0,0,201,18
1716,1026,1092,176,107,64,172,112,141,156,123,164,132,145,185,54,56,75,59,29,17,24,127,7,868,36,200,4,8,107,888,59,124,137,172,93,36,4,625,23,86,42,77,48,163,33,34,39,80,0,0,0,2118,305
1717,471,530,31,22,17,60,101,92,60,43,45,43,31,38,27,27,67,66,50,46,65,70,8,63,16,220,5,6,27,656,170,177,34,22,11,6,24,444,50,46,13,15,63,21,67,71,48,50,0,0,0,1001,63
1718,190,177,12,13,4,29,21,34,39,22,22,23,29,23,6,11,17,11,7,10,8,26,0,86,0,38,1,0,17,225,36,56,25,15,12,4,0,148,3,14,13,12,4,18,23,21,15,25,0,0,0,367,31
1719,461,476,40,29,19,55,91,63,69,63,55,58,71,42,22,29,61,42,40,18,25,45,10,176,74,102,1,9,57,508,130,158,61,49,16,4,1,419,8,47,30,42,13,43,36,54,58,88,0,0,0,937,70
1720,0,0,0,0,0,0,0,0,0,0,0,0,0,0,0,0,0,0,0,0,0,0,0,0,0,0,0,0,0,0,0,0,0,0,0,0,0,0,0,0,0,0,0,0,0,0,0,0,0,0,0,0,0
1721,86,72,7,8,7,12,11,7,5,7,11,11,18,7,10,5,9,9,6,1,3,4,2,16,2,13,0,0,5,120,5,17,15,8,6,2,0,53,0,4,9,3,2,14,4,2,3,12,0,0,0,158,16
1722,699,661,92,35,39,123,68,83,81,60,84,80,116,85,45,54,89,75,35,22,30,64,9,37,32,155,4,4,35,1084,52,169,91,86,31,24,7,460,11,90,57,55,14,38,46,36,41,72,0,0,0,1360,148
1723,537,462,69,46,31,68,59,61,55,54,59,77,70,48,29,43,59,52,29,22,19,49,5,137,6,175,4,2,31,639,61,127,63,62,25,15,4,357,17,11,35,64,24,119,19,26,15,27,0,0,0,999,106
1724,27,25,0,1,1,4,3,6,3,8,3,3,7,5,1,2,2,0,0,0,0,3,0,0,0,11,0,0,0,41,5,8,6,2,1,0,0,22,1,3,3,2,1,4,3,3,1,1,0,0,0,52,3
1725,60,62,7,4,6,12,6,13,7,5,8,5,10,8,2,2,12,5,3,0,1,6,1,0,4,28,0,0,4,85,3,9,8,7,4,2,2,35,2,7,5,6,0,4,1,2,3,5,0,0,0,122,15
1726,1245,1285,141,104,65,172,174,172,190,165,229,198,195,148,51,79,120,75,49,31,37,135,12,749,59,306,7,13,101,1283,170,272,184,151,71,35,12,895,35,128,69,95,65,226,73,48,46,110,0,0,0,2530,269
1727,324,340,33,18,15,66,45,52,44,31,31,29,58,42,22,26,50,41,21,7,8,25,3,49,6,127,0,2,31,446,56,97,37,33,17,10,2,252,14,27,36,27,9,38,26,18,18,39,0,0,8,656,62
1728,1158,1114,206,115,85,179,138,147,144,147,149,140,159,182,45,69,89,46,46,23,21,142,15,941,49,259,5,10,97,896,63,121,140,171,113,39,8,655,24,113,50,76,47,144,53,30,36,82,0,0,0,2272,331
1729,0,0,0,0,0,0,0,0,0,0,0,0,0,0,0,0,0,0,0,0,0,0,0,0,0,0,0,0,0,0,0,0,0,0,0,0,0,0,0,0,0,0,0,0,0,0,0,0,0,0,0,0,0
1730,52,59,13,4,0,13,3,7,7,6,6,6,2,10,3,4,6,6,3,3,3,6,1,29,8,5,1,0,2,65,5,6,2,8,4,6,0,31,2,5,3,5,0,8,2,4,1,1,0,0,0,111,18
1731,1310,1241,171,97,78,166,121,139,149,159,218,173,176,142,65,97,90,93,68,89,145,115,8,713,65,333,9,18,96,1309,130,231,153,142,73,33,4,766,37,110,53,97,49,199,53,41,42,85,0,0,337,2214,252
1732,79,56,5,1,3,14,11,6,4,6,3,5,15,1,7,12,5,12,5,3,7,10,0,7,3,38,0,1,1,85,5,24,7,7,3,3,0,49,4,7,5,5,0,7,2,4,4,11,0,0,0,135,13
1733,537,502,43,16,24,63,83,90,69,59,73,69,63,57,25,41,58,56,53,27,19,51,4,164,68,128,3,7,57,608,125,197,66,39,17,4,7,455,11,60,34,36,25,60,28,53,65,83,0,0,0,1039,67
1734,605,589,69,44,18,84,93,66,58,63,80,61,92,52,33,39,61,93,61,36,37,54,6,104,24,62,3,8,33,954,127,214,81,45,20,9,8,504,18,47,36,54,34,117,53,50,41,54,0,0,0,1194,82
1735,322,316,25,29,14,37,48,48,30,30,39,35,41,44,26,29,40,41,24,14,25,19,1,56,4,58,0,2,19,498,76,104,35,33,11,5,4,268,10,26,21,33,14,64,24,26,12,38,0,0,0,638,53
1736,355,333,32,15,11,47,41,55,35,39,35,46,53,47,22,34,52,30,28,12,19,35,4,48,4,101,1,3,18,509,49,109,43,38,13,11,1,264,18,26,27,32,13,37,38,23,21,29,0,0,0,688,63
1737,1053,1104,131,69,72,175,132,138,102,105,86,127,178,126,69,121,146,134,57,41,37,111,14,186,14,210,5,4,115,1609,65,261,154,124,64,34,10,712,34,61,50,99,42,206,36,55,56,73,0,0,5,2152,232
1738,126,114,15,16,5,14,17,14,18,9,21,14,16,11,6,13,15,12,7,3,6,8,1,52,1,32,2,0,8,144,9,29,17,19,8,1,0,83,3,4,7,21,3,21,2,3,7,12,0,0,0,240,28
1739,214,205,14,11,10,35,29,25,24,18,21,35,32,20,10,22,28,30,13,11,11,20,3,18,1,65,1,0,12,319,40,62,25,22,10,3,3,165,11,19,10,22,15,41,10,10,5,22,0,0,0,419,38
1740,865,777,67,47,31,128,121,130,130,108,115,92,114,97,48,63,83,61,44,34,43,86,12,478,10,190,2,5,66,879,163,226,118,96,23,16,10,652,40,101,67,47,30,57,45,83,76,106,0,0,0,1642,145
1741,900,894,118,78,51,140,134,126,85,81,104,118,136,117,60,69,93,77,46,28,25,108,10,223,24,302,1,9,53,1172,78,169,112,92,67,40,12,570,42,98,42,54,41,81,48,45,45,74,0,0,0,1794,211
1742,1032,986,94,68,44,116,129,160,172,133,142,131,127,95,52,83,112,84,67,40,56,113,21,584,14,233,3,9,73,1081,252,286,149,105,36,11,10,849,43,125,54,71,31,82,71,115,100,157,0,0,0,2018,162
1743,506,496,34,21,34,65,63,69,68,52,71,72,87,47,30,47,72,46,44,12,19,49,6,52,15,95,5,5,33,791,100,160,71,51,25,4,2,413,22,22,24,55,13,139,30,32,22,54,0,0,0,1002,82
1744,64,48,10,2,2,13,12,10,8,5,4,6,7,7,2,5,1,2,1,1,0,14,3,16,1,20,1,0,5,66,2,11,6,9,2,4,0,34,1,1,0,7,3,9,4,1,3,5,0,0,0,112,15
1745,742,705,69,55,52,126,97,104,83,79,85,98,99,67,37,67,76,75,45,24,25,84,10,71,24,267,3,6,38,1028,69,173,101,83,38,21,9,494,13,88,56,64,18,43,28,46,53,85,0,0,8,1439,151
1746,146,137,19,8,13,17,16,15,26,17,20,12,21,18,13,16,11,10,10,3,4,14,1,7,8,50,0,1,2,214,20,35,20,15,6,3,3,102,3,7,4,18,2,36,7,5,5,15,0,0,0,283,27
1747,471,473,42,36,19,57,59,67,56,48,87,47,72,53,30,40,52,54,31,13,29,52,1,47,3,150,1,2,21,719,97,132,68,41,24,4,9,375,12,35,24,60,11,122,16,30,19,46,0,0,0,944,78
1748,629,611,84,44,30,90,78,66,63,54,87,94,93,65,38,55,79,64,33,22,29,72,11,191,4,188,2,3,25,816,67,179,79,69,29,18,6,447,25,18,39,75,20,158,34,29,17,32,0,0,0,1240,122
1749,36,41,3,8,3,7,10,3,3,5,7,7,4,1,2,1,3,1,6,1,1,1,2,9,0,13,0,0,0,53,7,10,1,3,3,2,1,27,1,0,1,4,2,11,4,2,1,1,0,0,0,77,9
1750,974,901,110,77,45,137,120,97,112,104,107,109,146,118,60,88,102,90,50,31,39,133,10,71,34,325,7,9,21,1398,108,241,116,109,45,28,13,660,14,123,74,76,23,67,40,62,81,100,0,0,3,1872,195
1751,221,197,34,19,15,31,21,20,18,21,18,26,34,32,15,18,32,17,13,6,5,23,1,39,1,43,1,3,9,321,15,43,30,19,15,10,2,134,4,20,7,22,2,30,8,12,5,24,0,0,0,418,46
1752,586,665,75,48,38,101,85,84,76,54,64,81,101,84,37,37,93,51,36,18,11,77,13,233,5,178,2,7,36,777,33,143,84,75,44,20,5,404,17,20,44,84,24,128,26,16,21,24,0,0,0,1251,144
1753,82,73,3,2,4,16,12,5,9,6,9,8,17,12,9,6,13,7,8,1,0,8,1,10,3,23,0,0,3,115,10,30,10,10,3,0,0,63,6,11,8,6,2,9,3,6,4,8,0,0,0,155,13
1754,622,592,43,29,22,79,79,74,81,63,81,61,80,66,24,55,83,75,67,35,48,69,12,83,18,89,2,3,19,988,123,198,68,65,25,8,7,494,20,45,23,64,34,115,53,40,29,71,0,0,0,1214,105
1755,246,214,24,15,11,28,22,35,38,32,28,27,31,31,15,24,28,12,14,12,10,23,5,131,2,63,0,2,16,241,41,77,20,29,10,5,1,183,12,26,7,26,8,9,16,21,25,33,0,0,0,460,45
1756,199,154,13,3,5,24,25,17,19,14,17,21,24,9,6,9,23,14,18,18,54,20,0,41,7,83,0,0,11,211,17,27,18,11,8,5,2,88,15,7,5,8,8,6,15,7,6,11,0,0,98,255,26
1757,310,305,27,24,12,40,32,40,54,31,42,35,46,29,11,30,37,31,23,22,20,29,4,84,31,62,3,6,22,403,78,97,44,30,13,3,1,266,6,38,19,22,11,34,26,27,32,51,0,0,0,615,47
1758,248,246,18,17,12,42,43,26,25,30,27,27,34,23,18,16,33,25,20,11,16,31,1,81,0,60,1,2,9,340,24,58,30,24,19,8,3,166,6,26,7,19,5,50,14,6,13,20,0,0,0,494,54
1759,84,92,15,3,5,20,3,7,3,9,11,9,15,12,4,13,9,9,5,6,9,9,1,5,4,33,0,1,1,131,7,18,9,10,8,3,1,56,0,14,5,6,4,4,4,7,5,7,0,0,0,176,22
1760,757,711,74,59,62,120,89,79,88,62,76,104,96,74,50,59,86,94,52,34,28,82,7,245,3,200,7,11,33,962,92,200,79,76,42,28,7,524,17,30,47,95,38,165,42,27,27,36,0,0,0,1468,153
1761,329,381,36,23,14,50,43,55,39,38,35,41,51,36,26,39,48,40,25,15,12,44,6,45,5,164,3,6,24,457,41,102,50,34,13,11,6,257,19,36,24,35,12,33,16,26,22,34,0,0,0,710,64
1762,550,585,73,40,26,82,65,95,109,69,75,71,81,65,29,43,44,47,24,8,11,78,1,206,27,220,8,4,57,612,47,132,89,71,22,15,9,385,12,68,53,52,2,45,24,24,36,69,0,0,0,1135,117
1763,131,139,7,8,9,40,26,15,20,13,13,14,15,13,8,9,10,13,8,4,9,16,2,75,5,25,2,1,7,153,16,28,18,22,4,2,3,93,3,10,9,19,5,22,3,5,7,10,0,0,0,270,31
1764,230,231,13,8,7,25,24,37,37,30,28,26,42,29,15,32,27,23,11,13,10,24,1,27,11,40,1,4,10,367,40,67,33,24,10,3,3,180,8,19,12,23,3,59,8,11,12,25,0,0,0,461,40
1765,227,254,20,19,17,28,32,24,38,31,27,28,39,30,9,23,34,24,18,10,7,23,1,18,8,83,0,1,7,363,46,70,36,24,8,3,4,191,11,14,10,30,6,67,13,11,6,23,0,0,0,481,39
1766,0,0,0,0,0,0,0,0,0,0,0,0,0,0,0,0,0,0,0,0,0,0,0,0,0,0,0,0,0,0,0,0,0,0,0,0,0,0,0,0,0,0,0,0,0,0,0,0,0,0,0,0,0
1767,654,660,74,47,41,123,76,98,101,89,86,82,89,77,37,51,62,52,27,15,19,68,5,271,44,223,7,2,63,699,48,162,95,86,37,13,6,447,24,89,63,57,5,54,26,23,27,79,0,0,0,1314,142
1768,74,83,8,14,7,18,15,12,6,5,6,6,2,12,3,6,13,5,1,0,5,13,1,15,0,67,0,1,12,61,2,7,6,6,6,3,6,36,3,5,2,3,1,6,6,0,5,5,0,0,0,157,21
1769,0,0,0,0,0,0,0,0,0,0,0,0,0,0,0,0,0,0,0,0,0,0,0,0,0,0,0,0,0,0,0,0,0,0,0,0,0,0,0,0,0,0,0,0,0,0,0,0,0,0,0,0,0
1770,0,0,0,0,0,0,0,0,0,0,0,0,0,0,0,0,0,0,0,0,0,0,0,0,0,0,0,0,0,0,0,0,0,0,0,0,0,0,0,0,0,0,0,0,0,0,0,0,0,0,0,0,0
1771,380,346,36,17,10,46,55,43,43,35,41,34,53,24,23,36,49,59,41,18,35,28,1,52,6,74,2,5,17,569,73,150,29,35,13,2,6,308,20,31,10,32,11,106,24,11,19,44,0,0,0,726,56
1772,0,0,0,0,0,0,0,0,0,0,0,0,0,0,0,0,0,0,0,0,0,0,0,0,0,0,0,0,0,0,0,0,0,0,0,0,0,0,0,0,0,0,0,0,0,0,0,0,0,0,0,0,0
1773,222,218,18,9,5,37,29,35,35,40,25,33,23,21,13,19,20,16,13,10,12,27,4,23,1,86,1,2,12,311,66,65,34,21,7,0,3,196,6,13,8,22,23,25,28,36,9,26,0,0,0,440,31
1774,1051,997,153,95,54,177,126,113,98,107,148,139,154,109,43,86,111,106,74,32,32,91,13,387,5,250,7,10,61,1315,76,228,137,122,82,28,5,678,17,47,59,112,44,223,54,40,33,49,0,0,0,2048,237
1775,1239,1211,149,61,64,213,149,200,159,160,148,165,179,177,51,97,130,81,59,23,40,145,10,616,63,423,10,9,120,1199,107,264,190,145,91,18,12,827,41,161,106,127,8,89,52,46,69,128,0,0,4,2446,266
1776,37,46,3,3,2,7,9,4,7,4,1,9,6,1,1,4,6,2,3,2,2,7,0,4,0,24,0,0,3,52,11,10,4,5,0,2,1,33,1,2,5,3,4,5,1,6,3,3,0,0,0,83,8
1777,145,119,11,10,4,16,17,24,16,12,11,17,20,6,7,12,27,19,13,6,8,8,1,6,2,24,0,0,10,221,31,45,18,13,3,1,2,113,8,18,4,11,3,34,11,4,8,12,0,0,0,264,19
1778,652,603,54,52,46,123,73,85,56,71,76,84,77,65,42,52,66,49,35,23,29,97,11,179,26,185,4,2,51,797,73,127,69,77,45,20,7,418,23,48,32,39,33,57,31,32,49,74,0,0,11,1244,149
1779,16,8,0,1,2,1,1,2,4,2,2,1,0,2,0,0,2,1,0,0,2,1,0,2,0,5,0,0,1,16,3,3,2,1,1,0,0,10,2,2,0,0,0,3,1,2,0,0,0,0,0,24,2
1780,73,63,4,3,3,13,8,4,6,6,7,6,8,0,1,4,9,9,8,7,28,2,1,11,17,21,0,0,16,70,0,0,0,0,0,0,0,0,0,0,0,0,0,0,0,0,0,0,0,0,136,0,0
1781,45,42,3,5,4,12,7,2,2,2,1,0,5,1,3,3,3,2,6,10,16,0,0,4,9,18,0,0,9,47,0,0,0,0,0,0,0,0,0,0,0,0,0,0,0,0,0,0,0,0,87,0,0
1782,802,733,81,36,20,94,105,99,124,102,118,105,110,64,36,59,95,77,48,33,51,78,6,328,51,175,7,9,69,890,195,245,106,75,26,13,3,663,23,113,48,63,30,55,54,69,76,132,0,0,0,1535,117
1783,18,18,2,1,2,2,2,2,2,2,3,1,2,1,1,2,1,4,3,1,2,0,0,0,0,3,0,0,0,33,8,8,2,0,0,1,0,19,3,3,0,0,6,2,4,0,1,0,0,0,0,36,1
1784,942,919,107,55,57,132,104,152,136,87,140,116,136,100,50,76,135,76,38,34,25,105,18,613,59,209,7,4,56,895,69,211,154,124,49,13,11,631,20,58,64,98,20,149,23,36,62,101,0,0,0,1861,197
1785,832,830,67,41,21,111,137,119,148,150,99,88,118,104,36,57,99,55,61,26,44,81,3,116,11,383,3,3,56,1087,277,235,115,77,25,4,14,747,27,86,49,65,71,81,107,102,66,93,0,0,0,1662,120
1786,775,699,76,64,30,96,94,68,68,73,60,77,96,80,43,53,98,71,66,62,137,62,10,194,23,214,1,9,45,978,79,109,83,59,32,28,8,398,34,57,38,35,22,59,25,28,35,65,0,0,301,1173,127
1787,420,431,44,35,25,80,47,49,37,26,42,58,50,54,32,53,71,42,19,14,17,56,8,113,2,82,1,11,24,610,27,98,53,47,32,16,3,276,7,39,26,46,10,68,13,14,12,41,0,0,0,851,98
1788,308,279,18,14,15,46,33,49,33,16,30,35,39,29,19,24,51,41,30,17,16,32,3,51,11,53,1,2,13,453,66,104,29,31,12,3,3,248,20,41,8,26,14,59,25,14,11,30,0,0,0,587,49
1789,278,254,34,17,14,29,28,35,29,27,25,41,38,25,13,18,31,44,23,9,14,38,1,67,8,56,1,3,10,386,32,56,39,31,14,9,3,184,16,22,5,16,11,51,18,7,11,27,0,0,0,532,57
1790,73,73,5,5,3,9,7,9,11,9,11,12,13,6,2,9,8,8,5,4,2,8,2,3,5,18,0,5,5,108,14,23,17,6,1,1,0,62,3,10,9,7,3,5,6,4,5,10,0,0,0,146,8
1791,201,228,25,10,10,37,47,36,34,19,15,25,26,19,11,13,26,14,14,6,13,29,44,14,5,62,2,4,17,281,20,39,21,22,11,14,5,132,4,10,13,12,22,14,7,14,11,25,0,0,0,429,52
1792,0,0,0,0,0,0,0,0,0,0,0,0,0,0,0,0,0,0,0,0,0,0,0,0,0,0,0,0,0,0,0,0,0,0,0,0,0,0,0,0,0,0,0,0,0,0,0,0,0,0,0,0,0
1793,457,446,39,19,16,58,60,62,79,59,60,70,56,57,22,39,54,44,25,15,25,44,2,69,5,228,1,2,17,579,147,130,49,47,15,4,8,400,14,40,27,31,34,44,40,68,39,63,0,0,0,903,74
1794,0,0,0,0,0,0,0,0,0,0,0,0,0,0,0,0,0,0,0,0,0,0,0,0,0,0,0,0,0,0,0,0,0,0,0,0,0,0,0,0,0,0,0,0,0,0,0,0,0,0,0,0,0
1795,51,46,3,3,2,8,6,12,4,2,3,7,7,0,4,6,6,6,9,2,4,3,1,6,0,6,0,1,3,80,9,18,7,4,3,0,0,41,2,4,4,8,3,11,1,3,4,1,0,0,0,97,7
1796,230,221,26,24,7,27,35,31,19,14,31,25,39,22,10,11,33,28,13,11,7,38,5,54,1,97,1,2,4,287,44,44,32,20,13,9,3,165,9,1,15,30,10,63,6,9,12,10,0,0,0,451,45
1797,352,364,46,19,25,38,50,52,50,54,50,45,42,51,19,26,38,29,19,11,17,35,2,65,6,175,0,3,31,434,79,98,46,36,13,6,7,285,9,33,15,16,40,33,38,38,26,37,0,0,0,716,62
1798,140,117,17,5,4,21,17,16,12,11,12,14,26,15,5,10,15,11,8,14,14,10,0,33,8,36,1,2,12,165,13,33,11,13,7,3,2,82,6,15,7,7,6,9,7,6,6,13,0,0,24,233,25
1799,1564,1604,179,134,84,232,202,278,202,182,208,182,200,226,90,100,169,122,74,75,59,170,20,1011,192,354,16,9,190,1376,133,296,229,242,94,29,18,1041,140,113,83,93,75,118,150,86,80,103,0,0,0,3168,383
1800,494,498,38,30,19,75,78,87,88,71,53,42,58,66,28,31,56,43,32,16,23,58,9,77,5,228,2,6,36,629,145,135,73,43,13,8,9,426,17,49,23,39,42,65,42,52,33,64,0,0,0,992,73
1801,258,231,35,21,12,38,26,24,35,22,33,31,33,30,16,24,24,24,14,4,8,35,4,103,5,108,2,3,15,249,25,42,33,23,15,11,6,155,15,11,13,13,11,4,28,20,13,27,0,0,0,489,55
1802,48,64,2,1,1,2,6,12,15,14,9,3,13,4,5,1,8,2,1,3,2,8,0,12,1,28,0,0,6,65,13,24,8,3,3,0,0,51,1,6,1,4,5,8,6,6,5,9,0,0,0,112,6
1803,266,227,21,14,3,31,42,25,25,17,23,27,28,24,18,29,48,38,23,16,11,30,0,59,6,66,2,4,13,343,55,68,32,27,6,5,5,198,9,22,15,15,7,55,12,7,18,38,0,0,0,493,43
1804,581,520,109,63,39,97,40,45,62,49,77,71,77,80,33,49,55,47,23,18,11,56,5,313,27,103,3,4,73,573,29,94,83,69,41,19,5,340,17,23,25,69,16,112,18,20,10,30,0,0,0,1101,134
1805,286,248,35,29,21,34,32,29,32,23,28,41,29,38,14,24,34,24,21,9,10,27,2,90,6,99,0,3,18,316,14,56,24,44,18,9,2,167,8,3,16,32,5,62,9,13,4,15,0,0,0,534,73
1806,588,583,64,36,21,75,85,91,93,88,81,69,69,68,28,31,67,45,39,28,32,61,9,100,6,319,1,4,48,684,172,165,69,61,20,9,8,504,20,39,30,54,50,78,51,66,45,71,0,0,0,1171,98
1807,790,782,107,48,38,149,94,106,91,75,92,86,123,101,47,57,99,64,34,24,40,97,10,225,35,227,2,5,60,1008,85,150,110,92,43,39,5,524,35,112,35,44,30,70,35,37,43,83,0,0,0,1572,179
1808,891,876,119,53,51,114,121,109,144,126,150,119,132,99,40,65,90,63,42,17,33,80,7,811,20,99,6,3,49,772,108,192,134,118,49,14,9,624,26,103,71,89,23,91,29,52,48,92,0,0,0,1767,190
1809,2,1,0,0,1,0,0,0,1,0,0,0,1,0,0,0,0,0,0,0,0,0,0,0,0,1,0,0,0,2,0,0,1,0,0,0,0,1,0,0,0,0,0,1,0,0,0,0,0,0,0,3,0
1810,216,230,25,15,6,34,25,26,25,15,26,31,47,24,14,21,19,29,19,11,10,24,0,63,0,57,0,3,19,304,35,71,31,16,13,5,2,173,5,10,13,34,3,64,11,7,8,18,0,0,0,446,36
1811,0,0,0,0,0,0,0,0,0,0,0,0,0,0,0,0,0,0,0,0,0,0,0,0,0,0,0,0,0,0,0,0,0,0,0,0,0,0,0,0,0,0,0,0,0,0,0,0,0,0,0,0,0
1812,226,244,48,23,9,51,23,32,29,24,36,25,36,30,14,13,16,17,8,6,5,25,6,133,16,81,0,1,26,207,15,50,31,33,14,6,3,152,23,13,9,22,11,17,19,14,10,14,0,0,0,470,56
1813,0,0,0,0,0,0,0,0,0,0,0,0,0,0,0,0,0,0,0,0,0,0,0,0,0,0,0,0,0,0,0,0,0,0,0,0,0,0,0,0,0,0,0,0,0,0,0,0,0,0,0,0,0
1814,1064,1133,166,93,79,173,122,122,160,130,160,159,160,149,58,77,99,68,44,29,27,122,22,922,67,222,5,4,125,830,4,159,171,165,94,35,3,631,58,69,58,89,10,171,39,41,35,61,0,0,0,2197,297
1815,35,26,3,0,0,1,3,5,3,0,4,6,10,3,3,2,2,6,4,3,2,1,0,7,0,2,0,0,1,51,5,16,8,0,0,0,0,29,0,5,2,1,0,10,1,3,5,2,0,0,0,61,0
1816,0,0,0,0,0,0,0,0,0,0,0,0,0,0,0,0,0,0,0,0,0,0,0,0,0,0,0,0,0,0,0,0,0,0,0,0,0,0,0,0,0,0,0,0,0,0,0,0,0,0,0,0,0
1817,0,0,0,0,0,0,0,0,0,0,0,0,0,0,0,0,0,0,0,0,0,0,0,0,0,0,0,0,0,0,0,0,0,0,0,0,0,0,0,0,0,0,0,0,0,0,0,0,0,0,0,0,0
1818,682,636,116,44,43,91,70,95,91,75,85,104,103,72,38,56,69,43,18,16,15,74,6,510,22,79,4,4,38,655,81,135,99,97,32,19,1,464,19,77,56,60,19,67,18,33,50,65,0,0,0,1318,149
1819,2,2,0,0,0,2,0,0,0,0,0,0,0,0,0,0,2,0,0,0,0,0,0,1,0,0,0,0,0,3,0,2,0,0,0,0,0,2,0,0,2,0,0,0,0,0,0,0,0,0,0,4,0
1820,8,14,1,1,0,0,2,0,2,2,2,1,1,2,0,0,1,3,0,0,0,4,0,0,0,1,0,0,1,20,3,3,1,1,0,1,0,9,0,0,1,3,1,1,1,0,0,2,0,0,0,22,2
1821,5,72,0,2,2,8,14,9,13,16,7,2,1,1,0,0,0,2,0,0,0,0,0,2,23,24,1,0,0,27,0,1,1,0,0,0,0,2,0,0,0,0,0,0,0,0,1,1,0,0,72,5,0
1822,1273,1268,138,69,57,149,150,212,254,187,193,153,176,192,57,99,117,70,42,33,30,163,7,858,63,498,3,8,81,1023,297,295,203,140,54,21,11,1021,25,183,72,84,34,80,86,108,110,239,0,0,0,2541,226
1823,251,251,39,15,20,38,33,34,30,23,28,36,43,38,10,25,21,16,10,8,10,25,4,103,14,91,1,2,31,256,19,51,36,27,21,6,3,163,11,18,18,20,12,34,8,7,11,24,0,0,0,502,57
1824,423,424,50,21,11,49,41,62,82,54,71,52,72,56,17,31,41,31,18,20,18,50,4,292,18,150,3,4,21,355,89,88,66,47,24,6,5,325,33,34,8,8,47,11,47,43,36,58,0,0,0,847,82
1825,534,491,91,49,26,64,80,78,79,48,62,55,73,66,26,28,45,31,22,16,13,73,7,439,24,132,2,5,30,386,2,90,73,77,38,17,3,300,32,43,17,49,5,79,19,19,11,26,0,0,0,1025,135
1826,230,204,25,18,11,40,34,26,28,24,31,32,31,24,10,14,20,15,10,7,6,28,1,88,0,72,1,0,4,268,13,53,34,23,19,3,1,146,5,3,18,30,7,46,10,11,5,11,0,0,0,434,46
1827,301,305,40,26,30,54,41,43,32,28,36,37,45,40,19,21,29,19,16,10,10,30,4,159,20,126,0,2,28,267,43,50,34,38,18,10,7,200,18,24,18,22,11,16,22,30,18,21,0,0,0,606,73
1828,926,916,115,76,50,115,136,125,113,122,154,148,126,105,40,80,97,54,28,24,24,110,11,666,16,144,4,4,57,940,93,192,131,133,47,25,7,628,18,115,76,81,23,96,23,35,55,106,0,0,0,1842,212
1829,327,333,38,22,25,50,45,35,31,40,59,53,62,34,20,29,40,29,17,3,11,17,3,292,9,29,2,2,14,309,44,76,59,37,20,4,2,242,3,38,23,37,11,41,11,22,18,38,0,0,0,660,63
1830,160,140,27,11,6,38,19,21,25,13,11,17,22,19,5,7,16,7,2,4,7,23,1,35,1,112,0,0,11,140,17,34,14,9,13,5,5,97,2,11,5,12,12,9,20,9,7,10,0,0,0,300,32
1831,316,288,50,17,24,56,29,39,34,32,33,38,44,41,22,31,35,13,9,5,9,43,4,60,5,67,4,0,19,445,19,53,41,40,22,9,4,188,3,35,26,25,4,21,10,12,11,41,0,0,0,604,75
1832,231,261,41,14,14,39,33,37,34,23,21,27,34,41,15,14,21,20,16,13,7,28,4,43,10,89,2,1,17,326,26,56,28,21,16,8,7,162,3,31,19,18,13,13,24,10,12,19,0,0,0,492,52
1833,309,293,40,14,19,43,37,48,35,29,34,31,42,63,21,22,33,23,21,5,10,32,4,80,8,156,1,1,18,334,32,56,39,37,11,19,3,197,7,24,14,20,27,23,13,26,20,23,0,0,0,602,70
1834,538,512,61,34,24,107,85,75,60,57,61,70,67,67,25,45,59,41,14,12,12,74,4,81,40,157,5,4,27,732,51,109,63,65,41,14,5,348,3,66,42,45,41,24,33,26,31,37,0,0,0,1050,125
1835,64,51,4,6,1,12,2,3,11,4,13,7,13,6,1,6,9,6,3,2,1,5,1,26,4,9,0,0,2,73,11,13,11,6,3,1,0,45,3,5,9,7,2,11,2,4,0,2,0,0,0,115,10
1836,0,0,0,0,0,0,0,0,0,0,0,0,0,0,0,0,0,0,0,0,0,0,0,0,0,0,0,0,0,0,0,0,0,0,0,0,0,0,0,0,0,0,0,0,0,0,0,0,0,0,0,0,0
1837,113,106,17,5,4,14,21,14,21,18,14,11,12,18,6,6,8,6,3,1,6,14,4,122,0,1,0,0,8,84,1,14,23,16,9,2,0,65,3,10,7,12,1,14,7,4,2,5,0,0,0,219,27
1838,0,0,0,0,0,0,0,0,0,0,0,0,0,0,0,0,0,0,0,0,0,0,0,0,0,0,0,0,0,0,0,0,0,0,0,0,0,0,0,0,0,0,0,0,0,0,0,0,0,0,0,0,0
1839,538,557,62,34,22,80,69,97,97,93,81,76,82,74,18,37,40,33,18,14,10,58,1,407,21,175,2,5,40,444,118,136,80,62,27,4,7,434,11,81,31,35,14,39,30,31,41,121,0,0,0,1095,100
1840,504,516,29,13,13,72,61,77,74,58,50,63,79,49,38,41,70,77,43,29,36,48,3,27,4,96,4,1,15,870,173,182,63,47,16,2,2,485,55,43,32,64,30,123,15,5,38,80,0,0,0,1020,67
1841,144,137,17,11,7,34,16,16,16,13,16,15,19,24,6,13,15,13,4,4,4,18,0,59,5,40,0,0,14,163,7,30,21,15,12,4,1,90,4,6,7,12,2,25,7,10,9,8,0,0,0,281,32
1842,299,256,36,25,16,50,47,33,35,28,39,30,34,41,19,26,33,16,7,9,5,26,3,178,20,39,3,1,16,295,20,49,34,43,19,9,2,176,12,18,11,25,8,67,11,4,7,13,0,0,0,555,73
1843,313,311,34,22,17,49,63,36,45,29,30,40,29,43,18,14,28,22,25,19,18,43,2,89,15,169,3,5,23,318,30,58,44,35,17,12,6,202,6,26,15,16,25,24,18,30,16,26,0,0,0,624,70
1844,489,492,67,39,29,67,53,60,81,61,78,77,79,62,32,29,38,41,26,11,10,41,4,359,4,101,0,3,33,477,85,101,73,59,23,18,2,361,9,47,52,46,17,40,26,32,37,55,0,0,0,981,102
1845,1353,1369,200,129,90,233,144,156,166,172,223,206,201,168,71,98,114,91,54,25,29,152,30,1109,73,308,9,10,106,1077,6,207,212,208,99,46,8,786,55,82,67,110,17,209,55,59,54,78,0,0,0,2722,361
1846,1218,1148,149,103,81,201,144,142,138,95,129,157,190,147,66,105,150,122,57,24,43,123,17,553,8,324,3,6,82,1373,63,195,172,179,90,29,7,735,17,107,99,127,39,140,15,22,58,111,0,0,0,2366,305
1847,854,828,101,61,65,169,123,107,100,74,118,110,120,117,36,57,80,56,40,15,28,105,23,759,43,155,2,8,86,606,40,152,120,134,52,16,11,525,15,48,47,80,17,200,25,21,17,55,0,0,0,1682,213
1848,426,411,49,36,15,74,75,61,48,30,44,42,69,64,19,39,39,37,16,9,15,56,2,142,23,165,1,7,37,460,19,74,66,48,23,18,6,254,10,33,20,35,19,55,22,21,21,18,0,0,9,828,95
1849,76,74,4,3,1,5,12,19,11,16,9,6,12,1,3,7,14,8,8,2,1,8,0,2,0,17,0,0,3,128,22,35,9,4,3,0,0,73,11,7,3,12,6,13,2,1,8,10,0,0,0,150,7
1850,1301,1243,189,79,77,188,164,168,159,123,135,160,196,170,67,114,151,101,55,36,72,140,22,413,70,340,5,12,68,1614,91,201,181,159,83,41,20,776,31,133,98,113,23,85,54,50,61,128,0,0,43,2501,303
1851,96,72,6,7,3,10,13,12,16,10,12,8,7,16,1,6,9,12,3,3,2,12,0,49,2,13,1,1,6,96,7,23,15,7,6,2,0,60,1,6,5,7,0,15,1,4,9,12,0,0,0,168,15
1852,67,67,6,1,2,15,16,8,10,6,7,7,9,15,3,6,7,3,2,1,4,6,1,10,0,51,0,1,3,68,9,18,6,8,3,4,0,48,2,6,3,4,7,6,8,4,2,6,0,0,0,134,15
1853,994,1021,137,77,69,168,158,146,125,111,111,124,132,137,53,58,106,62,47,32,35,127,19,845,79,143,16,14,116,783,44,177,148,142,70,32,8,621,26,74,41,111,29,214,27,27,23,49,0,0,0,2015,252
1854,287,264,32,25,10,61,35,36,28,29,33,45,37,26,25,23,21,25,12,5,9,34,4,89,15,86,2,1,16,338,34,55,32,42,13,9,3,188,5,34,21,21,22,13,16,14,17,25,0,0,0,551,67
1855,695,710,114,72,36,120,85,74,85,86,100,105,93,96,42,41,79,43,27,17,8,82,11,585,36,146,3,5,48,571,5,102,107,108,62,17,4,405,42,45,39,52,7,116,18,15,26,45,0,0,0,1405,191
1856,218,212,19,10,14,30,43,34,39,32,40,27,25,28,13,14,12,9,4,5,6,26,3,200,7,72,2,0,13,133,55,45,29,24,13,2,3,171,9,25,7,11,7,13,18,19,18,44,0,0,0,430,42
1857,270,272,39,16,11,27,39,57,46,30,39,31,37,33,16,22,25,19,14,4,5,32,3,145,10,66,2,1,26,289,45,62,31,42,12,6,2,200,13,17,24,34,9,18,13,13,19,40,0,0,0,542,62
1858,171,163,27,15,16,23,19,25,23,16,19,13,13,22,4,27,17,18,6,9,7,15,1,47,10,107,3,0,8,158,32,30,16,17,9,8,4,116,13,15,5,6,6,10,12,25,9,15,0,0,0,334,38
1859,1358,1241,142,79,87,242,160,160,165,134,161,150,199,149,73,111,157,117,65,45,40,163,13,860,52,311,11,11,80,1261,92,294,183,159,85,31,15,859,25,124,82,120,26,207,25,44,82,124,0,0,4,2595,290
1860,1187,1184,138,97,77,265,257,149,161,117,121,144,135,168,51,67,89,73,39,22,30,171,23,841,31,202,15,18,95,1146,43,191,154,180,97,35,9,709,36,61,47,100,33,298,23,16,21,74,0,0,0,2371,321
1861,0,0,0,0,0,0,0,0,0,0,0,0,0,0,0,0,0,0,0,0,0,0,0,0,0,0,0,0,0,0,0,0,0,0,0,0,0,0,0,0,0,0,0,0,0,0,0,0,0,0,0,0,0
1862,599,594,82,44,28,85,98,89,96,73,76,76,68,82,26,38,60,34,31,18,22,67,5,404,28,249,4,8,68,427,119,131,101,54,30,10,10,455,40,51,16,14,61,13,62,65,58,75,0,0,0,1193,104
1863,683,646,87,49,41,128,81,73,76,56,72,91,102,91,40,60,67,53,50,22,27,63,5,158,15,195,2,8,35,911,63,128,92,67,55,21,8,434,8,97,50,43,52,29,43,28,45,39,0,0,0,1329,151
1864,586,566,87,60,33,103,67,74,61,66,84,79,75,65,34,72,48,33,20,15,11,65,10,468,13,117,7,7,46,484,34,111,80,84,39,13,6,367,23,35,26,46,15,118,17,22,23,42,0,0,0,1152,142
1865,250,283,14,9,5,38,45,47,44,39,24,30,32,23,19,21,40,31,18,7,11,36,1,18,5,93,1,0,10,405,82,88,38,21,6,0,6,241,27,30,18,28,16,46,11,6,18,41,0,0,0,533,33
1866,946,887,96,52,55,145,99,114,126,118,129,122,136,99,59,88,116,85,42,25,33,94,8,428,65,141,3,2,41,1145,164,228,130,117,42,11,10,702,43,63,80,104,20,180,58,65,33,56,0,0,0,1833,180
1867,193,184,25,13,8,24,25,26,32,32,35,33,22,24,9,12,14,11,7,3,2,20,3,127,9,67,1,2,7,161,52,47,31,17,4,7,1,159,4,26,16,10,6,15,11,13,14,44,0,0,0,377,29
1868,19,17,6,2,2,2,3,3,2,1,3,2,0,3,1,0,0,3,0,1,1,1,2,1,0,9,0,0,0,24,0,1,0,2,4,1,0,8,3,2,0,0,1,1,0,0,0,1,0,0,0,36,7
1869,1109,1091,190,94,74,156,130,121,142,116,177,155,163,161,61,75,97,80,38,29,34,107,22,991,65,207,5,3,101,806,5,166,158,180,73,44,5,631,62,69,50,97,8,171,37,39,43,55,0,0,0,2200,302
1870,608,598,73,39,28,97,83,79,75,75,83,76,101,64,36,45,66,47,29,30,21,59,9,223,41,195,2,3,41,692,36,144,79,71,35,23,5,393,28,50,33,48,17,88,36,21,25,47,0,0,7,1199,134
1871,383,432,58,43,22,64,60,51,59,49,56,65,54,66,15,20,40,28,14,8,13,30,4,363,19,55,1,3,51,319,30,74,61,46,30,16,3,260,19,26,28,42,7,80,13,12,13,20,0,0,0,815,95
1872,92,101,3,4,1,16,13,12,14,11,12,18,21,10,6,3,19,12,7,6,2,3,0,6,1,23,0,1,1,161,42,43,11,2,2,1,1,102,8,8,8,12,5,31,3,4,9,14,0,0,0,193,6
1873,523,520,74,38,23,88,75,78,61,68,61,63,88,57,23,53,54,35,22,9,12,61,5,113,20,148,1,4,36,716,50,126,88,58,20,19,4,365,9,71,34,40,28,34,52,30,34,33,0,0,0,1043,101
1874,879,860,123,77,56,125,79,127,109,102,95,127,118,126,49,75,80,60,49,26,36,100,7,199,40,476,1,9,61,946,98,166,123,94,54,30,14,579,16,61,46,52,70,53,62,71,68,80,0,0,0,1739,192
1875,88,65,8,4,5,7,20,8,12,11,6,6,17,9,2,5,13,4,4,0,3,9,0,11,3,35,0,0,5,99,12,18,8,6,7,1,2,54,3,5,4,7,3,4,3,11,7,7,0,0,0,153,16
1876,775,750,106,61,46,112,110,86,63,77,115,118,139,83,53,62,98,62,29,20,28,57,9,557,5,148,4,12,77,713,95,155,104,110,40,24,3,531,20,42,73,123,4,114,16,47,33,59,0,0,0,1525,177
1877,1259,1270,173,88,84,290,282,166,146,122,121,150,127,174,55,78,107,67,44,43,49,163,25,947,29,246,3,15,74,1190,44,211,174,175,112,27,15,758,38,76,51,140,34,275,27,17,25,75,0,0,0,2529,329
1878,780,738,112,58,47,107,99,80,89,80,105,112,113,82,35,75,94,62,39,25,28,76,6,354,53,157,4,5,35,904,150,184,93,100,39,13,6,585,37,57,83,105,19,128,38,47,34,37,0,0,0,1518,158
1879,582,536,78,30,37,74,70,87,77,72,92,70,75,61,29,43,49,53,26,5,14,76,6,354,49,152,5,3,63,486,61,142,74,70,32,16,2,397,11,57,39,45,21,36,39,33,37,79,0,0,0,1118,120
1880,47,63,11,4,5,11,5,1,11,10,7,9,9,3,2,4,6,1,0,1,4,6,0,8,4,17,1,1,6,73,9,16,3,9,2,1,1,41,2,5,9,1,1,2,6,3,3,9,0,0,0,110,13
1881,0,0,0,0,0,0,0,0,0,0,0,0,0,0,0,0,0,0,0,0,0,0,0,0,0,0,0,0,0,0,0,0,0,0,0,0,0,0,0,0,0,0,0,0,0,0,0,0,0,0,0,0,0
1882,906,827,131,58,34,129,118,131,145,120,133,108,117,112,31,49,83,57,33,22,20,102,7,578,59,373,2,4,101,609,180,207,107,94,40,23,13,664,52,78,21,18,95,21,82,104,79,114,0,0,0,1733,170
1883,194,183,19,15,14,23,31,28,23,20,22,24,30,23,6,14,19,18,16,9,3,20,4,49,9,59,5,7,18,226,16,39,22,24,7,12,0,120,21,10,9,9,4,5,10,25,9,18,0,0,14,363,43
1884,506,538,74,47,15,61,73,83,86,68,74,87,79,54,24,38,46,25,21,15,15,59,3,370,14,128,0,6,50,473,69,108,85,68,26,6,8,370,18,41,51,47,19,38,33,31,34,58,0,0,0,1044,108
1885,414,401,70,41,24,67,53,54,42,45,49,58,72,43,16,36,35,25,13,12,10,50,4,324,36,117,2,3,22,307,2,60,66,65,23,16,3,235,28,21,23,30,3,74,17,13,9,17,0,0,0,815,107
1886,827,830,86,60,51,153,81,105,100,82,112,100,111,125,48,79,101,99,39,28,21,76,11,471,25,163,5,6,64,912,48,178,116,105,47,35,5,534,27,76,62,92,8,137,43,26,20,43,0,0,0,1657,192
1887,481,485,64,29,29,65,68,70,58,43,59,66,71,63,25,36,77,39,26,13,11,54,4,256,9,110,2,7,47,531,26,106,73,64,20,16,7,312,22,32,38,60,3,76,30,14,16,21,0,0,0,966,107
1888,279,297,41,25,15,62,38,38,36,27,26,40,35,37,20,25,28,21,10,13,7,32,2,73,5,194,1,2,23,276,38,48,36,40,12,9,7,190,26,11,10,13,16,20,28,26,19,21,0,0,0,576,68
1889,1013,966,153,83,73,197,124,120,103,99,144,132,173,128,70,68,79,44,32,17,31,109,15,687,19,170,2,5,64,1017,58,154,131,160,83,21,5,612,33,61,47,110,23,229,27,12,20,50,0,0,0,1979,269
1890,673,688,96,70,48,143,69,82,79,65,77,107,105,91,45,47,77,33,26,18,19,64,7,513,32,131,6,0,33,639,33,123,85,116,46,17,4,424,12,42,34,75,24,160,11,14,8,44,0,0,0,1361,183
1891,59,64,9,0,1,14,15,7,8,4,9,6,6,16,3,2,5,5,3,1,3,6,2,22,0,23,1,0,4,71,6,17,2,7,3,3,2,40,0,4,4,6,1,6,7,5,2,5,0,0,0,123,15
1892,91,80,12,2,7,18,16,8,11,8,3,8,11,17,1,10,8,7,7,4,2,11,7,4,0,39,0,1,4,116,8,19,8,7,5,4,3,54,3,9,4,4,4,4,3,3,3,17,0,0,0,171,19
1893,480,468,74,46,37,95,58,51,31,39,80,89,87,56,26,46,33,26,8,10,10,46,1,334,6,117,3,3,37,447,21,74,62,77,36,12,4,286,18,29,16,56,14,104,8,4,10,27,0,0,0,948,129
1894,435,409,46,31,21,61,40,52,58,50,61,64,63,63,17,29,54,34,22,10,11,57,5,261,47,110,1,6,25,389,56,104,59,48,24,10,4,305,10,49,42,39,10,28,24,36,28,39,0,0,0,844,86
1895,50,43,10,5,2,6,7,6,6,2,4,7,9,7,2,3,3,3,2,0,2,7,0,15,1,14,1,0,2,60,4,7,3,5,4,2,2,27,0,6,5,5,1,3,0,0,1,6,0,0,0,93,13
1896,513,534,77,36,26,70,54,72,65,70,78,72,99,65,33,33,43,35,21,15,16,67,3,357,9,112,2,3,31,530,84,103,80,65,36,9,3,380,16,38,50,62,25,33,19,38,27,72,0,0,0,1047,113
1897,319,320,22,11,11,40,54,45,46,40,46,49,50,29,13,28,33,49,25,15,14,19,5,26,5,46,2,2,6,547,104,132,41,22,6,1,3,309,41,34,14,41,16,70,9,6,29,49,0,0,0,639,32
1898,344,387,41,23,29,61,52,56,56,38,41,48,58,48,18,23,29,31,20,5,12,42,2,54,14,113,7,1,22,518,32,76,64,40,23,6,5,246,5,41,25,28,17,25,29,20,20,36,0,0,0,731,74
1899,20,17,3,4,2,4,2,1,2,0,0,3,5,6,1,0,2,0,1,0,0,1,1,0,5,6,0,0,1,24,1,1,3,1,3,1,0,10,1,2,0,1,2,0,1,1,1,1,0,0,0,37,5
1900,740,739,61,52,39,108,88,94,88,80,88,70,104,58,46,74,99,98,82,41,37,72,6,199,5,149,7,9,47,1057,136,259,87,71,29,9,10,601,21,41,54,78,17,203,32,57,38,60,0,0,0,1479,119
1901,634,596,93,46,35,108,87,82,92,60,72,59,83,92,28,47,60,42,22,14,20,88,7,213,32,232,3,3,41,699,41,108,92,71,35,27,9,383,15,59,29,51,22,78,32,30,27,40,0,0,0,1230,142
1902,701,642,63,58,36,86,69,78,103,90,86,103,113,82,38,59,74,48,51,23,19,64,4,359,57,114,5,5,36,763,146,177,89,90,26,9,4,541,28,42,54,106,14,134,36,45,42,40,0,0,0,1343,129
1903,269,288,23,12,5,31,42,33,48,31,25,47,39,23,14,26,46,30,20,15,23,24,4,14,5,45,1,3,5,480,101,117,34,17,6,1,2,278,25,19,23,30,19,70,20,12,20,40,0,0,0,557,26
1904,586,632,64,43,35,92,67,85,71,74,95,106,93,46,33,48,83,56,36,17,13,61,3,306,41,52,3,1,27,785,110,167,88,67,27,7,8,474,33,30,44,93,15,126,31,40,25,37,0,0,0,1218,109
1905,0,0,0,0,0,0,0,0,0,0,0,0,0,0,0,0,0,0,0,0,0,0,0,0,0,0,0,0,0,0,0,0,0,0,0,0,0,0,0,0,0,0,0,0,0,0,0,0,0,0,0,0,0
1906,0,0,0,0,0,0,0,0,0,0,0,0,0,0,0,0,0,0,0,0,0,0,0,0,0,0,0,0,0,0,0,0,0,0,0,0,0,0,0,0,0,0,0,0,0,0,0,0,0,0,0,0,0
1907,261,256,23,13,14,46,35,32,57,39,38,32,37,24,11,16,20,13,15,9,11,32,5,180,16,100,2,3,31,180,53,64,38,24,13,4,2,198,17,22,7,6,24,9,33,32,17,31,0,0,21,496,43
1908,221,208,17,17,12,33,29,24,31,20,24,32,37,23,11,19,30,24,10,6,10,20,2,63,2,50,0,0,18,294,24,45,42,23,10,4,3,151,5,27,23,15,7,16,9,15,14,20,0,0,0,429,40
1909,489,510,64,34,27,61,69,63,71,72,64,73,75,68,29,34,47,40,13,11,19,65,1,336,7,82,4,1,38,530,80,98,73,66,28,10,5,360,8,41,50,52,14,37,16,32,42,68,0,0,0,999,109
1910,670,644,47,58,23,92,70,95,87,95,94,84,102,75,35,52,70,63,43,27,23,79,9,355,68,127,6,9,87,653,82,193,98,64,38,11,5,491,26,74,46,58,25,47,42,35,53,85,0,0,0,1314,118
1911,299,317,44,25,22,49,34,35,38,30,29,38,51,29,13,37,39,31,12,15,13,32,1,63,7,75,0,4,28,438,32,65,39,40,18,12,2,208,8,31,23,16,26,21,23,19,11,30,0,0,0,616,72
1912,393,409,47,28,16,61,58,46,62,48,38,53,61,56,25,22,41,27,26,13,19,55,3,96,29,242,4,4,23,401,53,87,57,42,23,12,6,280,8,35,23,20,42,27,29,30,25,41,0,0,0,802,83
1913,296,310,35,15,17,56,35,39,36,44,41,48,47,39,20,21,34,25,16,10,7,21,2,216,5,58,1,3,35,286,44,63,54,39,16,5,1,222,9,25,22,31,13,22,14,24,23,39,0,0,0,606,61
1914,725,699,107,52,36,90,92,100,84,79,93,88,100,103,26,58,91,58,45,27,18,77,3,430,11,140,2,9,47,782,48,148,94,84,49,24,9,456,18,57,48,66,6,122,44,29,22,44,0,0,0,1424,166
1915,585,579,77,42,22,76,77,94,83,61,63,89,89,73,38,53,63,40,32,15,11,66,5,292,76,206,2,5,36,542,57,125,102,82,28,7,5,406,32,41,35,51,34,47,13,27,47,79,0,0,0,1164,122
1916,0,0,0,0,0,0,0,0,0,0,0,0,0,0,0,0,0,0,0,0,0,0,0,0,0,0,0,0,0,0,0,0,0,0,0,0,0,0,0,0,0,0,0,0,0,0,0,0,0,0,0,0,0
1917,0,0,0,0,0,0,0,0,0,0,0,0,0,0,0,0,0,0,0,0,0,0,0,0,0,0,0,0,0,0,0,0,0,0,0,0,0,0,0,0,0,0,0,0,0,0,0,0,0,0,0,0,0
1918,1176,1055,121,88,67,175,145,142,127,115,160,186,185,140,70,101,124,74,33,30,24,124,8,686,244,208,7,5,66,1007,130,271,170,147,61,22,3,804,36,79,66,129,35,201,84,50,32,92,0,0,0,2231,233
1919,0,0,0,0,0,0,0,0,0,0,0,0,0,0,0,0,0,0,0,0,0,0,0,0,0,0,0,0,0,0,0,0,0,0,0,0,0,0,0,0,0,0,0,0,0,0,0,0,0,0,0,0,0
1920,0,0,0,0,0,0,0,0,0,0,0,0,0,0,0,0,0,0,0,0,0,0,0,0,0,0,0,0,0,0,0,0,0,0,0,0,0,0,0,0,0,0,0,0,0,0,0,0,0,0,0,0,0
1921,1013,957,110,87,75,182,116,104,106,110,134,180,154,122,69,81,95,72,44,27,20,82,9,615,230,152,8,3,76,877,114,197,160,139,51,15,10,686,31,77,59,105,35,181,70,25,29,74,0,0,0,1970,215
1922,168,181,20,9,14,30,20,29,20,16,23,21,24,17,12,14,23,11,13,7,2,24,1,53,10,65,3,3,11,203,9,41,27,23,9,4,2,115,6,16,13,10,6,22,6,16,10,10,0,0,0,349,38
1923,1,0,0,0,0,0,0,0,0,0,0,0,0,0,0,0,0,0,1,0,0,0,0,0,0,1,0,0,0,0,1,0,0,0,0,0,0,1,0,0,0,0,1,0,0,0,0,0,0,0,0,1,0
1924,529,517,69,30,29,62,59,66,77,60,78,76,81,73,35,41,53,34,26,24,18,55,5,208,47,211,2,7,37,529,62,129,80,59,30,7,7,374,31,36,38,51,34,47,8,23,39,67,0,0,0,1046,103
1925,28,36,2,0,1,7,6,10,6,6,2,2,4,4,0,1,2,3,1,1,2,4,0,7,0,25,0,2,5,25,5,7,8,4,1,0,0,25,4,2,3,0,2,4,2,7,1,0,0,0,0,64,5
1926,145,144,14,8,4,30,23,15,20,10,21,18,18,20,8,12,15,11,6,2,4,30,1,40,2,90,0,1,6,149,14,27,19,15,7,6,4,92,10,9,4,6,4,7,12,13,9,18,0,0,2,287,32
1927,245,253,40,14,12,46,31,34,34,29,29,32,37,27,13,13,25,21,16,4,10,31,1,91,10,141,1,2,15,237,30,44,37,30,17,4,5,167,16,11,9,7,18,11,24,25,23,23,0,0,0,498,56
1928,170,181,23,13,7,21,25,35,33,20,22,17,17,31,8,8,17,10,9,5,10,20,1,47,1,128,3,0,11,160,27,33,27,20,5,8,3,123,17,14,6,5,16,8,13,17,11,16,0,0,0,351,36
1929,393,360,34,22,34,55,47,46,45,40,34,53,41,68,22,24,37,35,18,9,23,66,5,81,9,181,3,5,15,454,34,57,46,47,33,18,0,235,13,26,20,28,32,21,22,13,18,42,0,0,6,747,98
1930,224,205,21,16,16,38,20,26,29,16,19,29,40,38,15,22,20,18,10,6,5,25,4,29,19,93,0,3,18,263,17,26,36,30,13,10,1,133,8,16,15,12,19,8,16,10,8,21,0,0,0,429,54
1931,889,853,130,71,46,187,115,99,88,94,102,115,116,113,47,61,84,73,39,17,36,109,2,240,35,441,7,16,74,927,84,119,102,106,77,34,12,534,29,87,44,47,80,49,41,48,30,79,0,0,3,1739,229
1932,744,702,69,44,49,122,91,102,98,72,92,96,116,89,37,59,79,74,40,18,21,78,8,429,62,261,1,1,46,638,81,164,115,90,39,15,6,510,35,67,49,54,48,46,11,31,72,97,0,0,0,1446,150
1933,332,315,50,22,26,46,51,46,44,32,49,36,51,51,20,21,27,12,13,7,11,32,5,109,6,225,0,4,17,281,34,59,60,31,15,11,6,216,33,14,5,10,24,15,25,22,31,37,0,0,1,646,63
1934,173,170,26,12,9,27,25,24,15,28,15,25,30,20,11,15,5,16,11,2,7,20,1,148,3,18,1,1,26,145,11,31,29,26,9,3,2,111,1,11,18,20,3,25,7,7,4,15,0,0,0,343,40
1935,184,201,34,13,9,30,40,27,15,14,12,22,24,35,10,12,24,14,12,4,12,22,18,7,15,55,0,1,21,268,16,27,22,26,14,5,5,115,5,20,9,6,18,11,7,10,11,18,0,0,1,384,50
1936,0,0,0,0,0,0,0,0,0,0,0,0,0,0,0,0,0,0,0,0,0,0,0,0,0,0,0,0,0,0,0,0,0,0,0,0,0,0,0,0,0,0,0,0,0,0,0,0,0,0,0,0,0
1937,277,254,33,22,14,51,44,36,35,28,23,27,36,30,13,15,32,18,20,9,9,36,4,119,6,98,2,2,15,285,32,47,33,33,17,9,4,175,18,20,11,14,11,8,24,32,12,25,0,0,0,531,63
1938,179,172,11,5,3,25,22,24,24,23,24,25,27,14,10,15,25,23,17,10,8,16,1,19,0,28,2,2,7,292,57,76,20,13,2,2,1,171,19,22,13,30,8,27,11,2,13,26,0,0,0,351,18
1939,439,463,61,32,30,80,64,55,39,65,58,70,68,48,23,39,49,39,24,11,10,37,2,354,7,102,2,5,32,398,53,71,71,63,27,13,3,301,8,30,43,57,6,69,11,24,14,39,0,0,5,897,106
1940,200,182,19,10,9,29,25,22,17,26,25,26,28,17,8,25,27,15,17,11,10,16,3,42,2,45,1,1,10,278,44,72,24,16,6,2,2,166,5,12,9,28,3,50,10,15,11,23,0,0,0,382,26
1941,104,92,9,3,2,14,19,19,9,7,9,8,14,5,1,9,22,13,8,9,5,11,1,27,0,22,1,1,3,141,27,35,10,8,5,2,0,87,2,6,6,18,1,27,7,7,2,11,0,0,0,196,15
1942,1201,1071,105,57,45,132,117,168,228,207,194,156,155,162,59,66,119,74,52,26,20,130,11,486,48,259,11,12,84,1361,299,332,144,107,47,15,15,959,46,143,84,91,49,115,69,99,105,158,0,0,0,2272,184
1943,948,797,108,66,64,141,121,112,84,74,123,141,159,112,52,77,92,62,33,16,16,92,8,670,3,145,5,11,91,812,79,164,130,121,51,27,6,578,19,39,77,116,10,157,25,41,31,63,0,0,0,1745,205
1944,115,100,17,7,6,12,13,13,9,18,10,16,20,14,5,8,15,8,6,1,4,13,4,70,9,13,0,2,9,108,8,23,12,22,5,2,0,72,3,11,6,9,3,6,8,5,6,15,0,0,0,215,29
1945,0,0,0,0,0,0,0,0,0,0,0,0,0,0,0,0,0,0,0,0,0,0,0,0,0,0,0,0,0,0,0,0,0,0,0,0,0,0,0,0,0,0,0,0,0,0,0,0,0,0,0,0,0
1946,654,670,70,47,35,118,89,102,75,90,87,102,93,74,34,66,64,47,30,16,15,70,6,328,53,284,4,6,65,578,71,154,89,80,40,17,4,455,41,46,41,49,49,64,26,33,37,69,0,0,22,1302,141
1947,0,0,0,0,0,0,0,0,0,0,0,0,0,0,0,0,0,0,0,0,0,0,0,0,0,0,0,0,0,0,0,0,0,0,0,0,0,0,0,0,0,0,0,0,0,0,0,0,0,0,0,0,0
1948,850,853,117,73,54,127,111,106,130,95,109,104,110,122,30,61,86,61,43,34,27,103,17,279,11,590,2,7,25,772,100,173,107,80,54,39,14,567,77,47,26,21,70,45,74,66,61,80,0,0,0,1703,187
1949,467,495,82,42,44,93,49,51,68,57,72,72,63,63,22,31,30,27,25,12,11,48,5,286,14,113,3,2,42,497,20,89,61,78,37,14,0,299,14,23,29,46,7,133,11,4,8,24,0,0,0,962,129
1950,983,952,144,81,80,147,149,138,127,106,102,125,125,142,47,70,92,55,39,20,26,120,12,389,12,569,5,4,62,882,95,167,116,121,66,44,10,619,85,50,21,40,76,45,79,88,55,80,0,0,0,1935,241
1951,762,717,86,48,50,127,98,89,73,89,110,93,141,95,51,59,79,50,33,23,14,71,3,403,123,182,8,4,38,718,83,187,108,97,40,10,6,531,23,56,52,70,37,145,57,26,19,46,0,0,0,1479,153
1952,12,10,0,1,1,1,5,2,2,1,0,0,2,0,2,0,1,2,0,0,0,2,0,6,0,0,0,0,2,14,2,2,2,0,2,0,0,8,0,2,1,3,0,1,0,0,0,1,0,0,0,22,2
1953,405,418,47,29,24,71,48,67,53,52,41,56,71,61,23,26,46,36,19,13,6,34,2,207,52,162,5,2,26,367,42,89,63,57,20,8,5,284,17,42,23,30,34,41,9,21,28,39,0,0,0,823,90
1954,663,614,61,31,39,87,80,89,74,67,74,79,79,51,44,49,94,86,53,38,35,67,4,165,10,119,3,3,32,941,123,213,85,59,22,9,9,520,20,33,23,101,12,171,30,38,41,51,0,0,0,1277,99
1955,18,23,3,1,0,2,1,2,4,8,7,2,2,1,0,2,2,1,0,1,0,2,0,8,2,1,0,1,1,28,10,5,3,3,0,0,0,21,0,1,2,1,2,2,1,1,3,8,0,0,0,41,3
1956,572,583,34,27,19,85,80,78,78,68,75,78,79,39,40,59,90,68,59,31,27,41,4,161,5,103,2,3,36,841,98,209,91,46,15,7,8,474,9,40,30,71,11,169,22,34,29,59,0,0,0,1155,76
1957,383,383,23,12,10,39,53,47,76,51,34,49,50,43,24,27,55,42,50,13,28,40,4,24,4,76,1,1,13,643,113,149,54,30,9,2,2,359,29,27,27,40,23,90,19,14,31,59,0,0,0,766,43
1958,423,448,77,41,38,73,47,49,41,46,64,65,85,49,24,32,39,26,17,11,8,39,0,315,14,98,0,4,23,417,24,73,57,62,37,15,1,269,17,32,22,47,10,99,4,2,8,28,0,0,0,871,115
1959,701,644,117,68,54,114,69,83,55,84,71,117,122,77,45,59,62,23,19,8,19,79,4,442,10,120,6,5,41,717,33,113,96,84,58,26,2,412,19,30,30,60,19,173,18,8,18,37,0,0,0,1345,170
1960,912,852,111,67,46,143,115,115,139,132,155,108,128,95,42,64,80,56,28,22,32,86,10,591,25,193,4,7,84,850,143,217,137,114,42,13,4,670,28,70,72,106,33,55,56,63,67,120,0,0,0,1764,173
1961,161,126,25,18,4,27,24,19,10,11,25,23,28,19,5,8,17,6,4,2,1,11,0,79,14,37,1,2,8,146,14,19,19,15,10,10,1,88,1,13,11,7,4,21,0,4,3,24,0,0,0,287,36
1962,666,649,84,56,24,134,88,84,78,43,66,80,100,70,44,76,69,47,42,23,20,87,11,600,14,63,4,6,35,582,30,117,106,92,46,15,6,412,7,47,50,77,10,97,28,20,20,56,0,0,0,1315,159
1963,1278,1250,142,116,95,240,169,170,136,122,160,183,195,147,78,119,132,96,44,19,42,123,13,1020,16,248,6,10,111,1104,124,215,169,183,105,20,11,827,30,89,113,168,17,203,18,52,47,90,0,0,0,2528,319
1964,0,0,0,0,0,0,0,0,0,0,0,0,0,0,0,0,0,0,0,0,0,0,0,0,0,0,0,0,0,0,0,0,0,0,0,0,0,0,0,0,0,0,0,0,0,0,0,0,0,0,0,0,0
1965,412,441,40,38,33,70,66,53,39,44,45,61,76,45,37,40,52,40,12,12,11,39,5,329,8,49,2,3,26,431,16,87,67,67,23,8,4,272,5,35,36,48,3,69,19,10,16,31,0,0,0,853,102
1966,1466,1367,122,73,64,183,151,196,283,285,248,181,204,189,83,80,107,87,64,33,40,160,9,629,66,215,5,13,116,1780,382,424,191,114,65,20,16,1212,45,202,102,133,71,124,81,135,131,188,0,0,0,2833,215
1967,300,265,52,31,24,31,36,34,46,44,48,45,40,33,9,15,16,17,9,5,5,25,6,237,15,42,0,1,26,238,23,45,45,42,19,9,0,183,3,29,15,23,4,38,5,15,12,39,0,0,0,565,70
1968,0,0,0,0,0,0,0,0,0,0,0,0,0,0,0,0,0,0,0,0,0,0,0,0,0,0,0,0,0,0,0,0,0,0,0,0,0,0,0,0,0,0,0,0,0,0,0,0,0,0,0,0,0
1969,957,835,81,58,45,120,106,105,98,94,100,117,131,112,51,74,118,102,85,38,52,105,12,207,11,189,6,9,59,1299,184,267,104,92,42,16,11,716,22,44,64,114,13,236,37,50,55,81,0,0,0,1792,161
1970,496,487,82,51,35,80,50,44,52,43,60,72,94,51,37,38,52,45,11,10,14,62,6,170,6,107,1,3,42,648,62,77,65,81,32,12,2,331,25,37,39,61,14,94,14,14,16,17,0,0,0,983,127
1971,301,326,45,31,20,50,43,44,33,40,43,52,38,45,9,22,35,14,14,8,10,31,4,94,12,197,2,0,20,298,35,50,51,28,23,9,6,202,30,19,6,7,20,11,35,34,21,19,0,0,4,623,66
1972,514,528,90,54,19,61,63,71,64,46,65,69,95,72,30,37,58,36,27,13,14,58,6,173,3,111,1,7,58,683,56,113,68,65,31,14,7,354,19,39,33,56,18,115,12,18,23,21,0,0,0,1042,117
1973,0,0,0,0,0,0,0,0,0,0,0,0,0,0,0,0,0,0,0,0,0,0,0,0,0,0,0,0,0,0,0,0,0,0,0,0,0,0,0,0,0,0,0,0,0,0,0,0,0,0,0,0,0
1974,108,112,7,2,2,13,12,20,12,15,14,12,17,10,6,13,19,13,10,4,7,12,0,12,0,43,1,1,3,160,30,43,14,8,0,0,4,99,11,8,5,9,8,22,1,2,7,26,0,0,0,220,12
1975,272,270,33,16,14,53,37,34,19,29,31,41,48,23,23,27,39,30,18,5,6,16,3,104,3,40,3,1,29,359,21,74,48,40,6,5,1,195,4,21,19,27,11,51,10,15,17,20,0,0,0,542,52
1976,1402,1325,168,111,108,262,176,189,191,187,204,199,188,175,63,97,92,66,47,22,33,149,9,1013,70,256,11,16,131,1221,121,213,213,219,84,29,9,888,25,165,62,104,26,199,20,62,66,159,0,0,0,2727,341
1977,0,0,0,0,0,0,0,0,0,0,0,0,0,0,0,0,0,0,0,0,0,0,0,0,0,0,0,0,0,0,0,0,0,0,0,0,0,0,0,0,0,0,0,0,0,0,0,0,0,0,0,0,0
1978,667,609,89,66,32,121,63,72,88,82,110,119,111,67,29,44,49,39,17,10,9,59,6,470,29,140,1,0,60,570,61,115,94,106,30,13,6,425,14,73,30,48,16,91,18,29,37,69,0,0,1,1275,155
1979,322,346,36,31,17,64,46,37,43,39,48,57,39,52,16,25,28,15,11,11,9,44,3,112,10,186,1,2,12,342,26,58,44,34,19,15,9,205,20,15,8,20,20,27,20,25,14,36,0,0,0,668,77
1980,2,5,0,0,0,0,0,2,0,0,0,0,1,2,0,1,0,0,0,0,0,1,0,0,0,5,0,0,0,2,0,0,1,1,0,0,0,2,0,0,0,1,0,1,0,0,0,0,0,0,0,7,1
1981,1082,1094,120,61,44,131,144,142,205,201,212,141,164,133,32,71,92,72,44,25,36,106,7,458,57,225,5,5,86,1333,284,335,145,109,33,11,15,932,40,140,99,92,66,92,76,84,99,144,0,0,0,2176,168
1982,0,0,0,0,0,0,0,0,0,0,0,0,0,0,0,0,0,0,0,0,0,0,0,0,0,0,0,0,0,0,0,0,0,0,0,0,0,0,0,0,0,0,0,0,0,0,0,0,0,0,0,0,0
1983,492,492,44,45,55,73,55,80,78,59,83,81,72,56,33,36,37,20,19,6,4,48,3,392,14,93,2,5,51,424,44,82,72,70,31,13,6,318,13,60,29,39,4,59,16,20,35,43,0,0,0,984,120
1984,0,0,0,0,0,0,0,0,0,0,0,0,0,0,0,0,0,0,0,0,0,0,0,0,0,0,0,0,0,0,0,0,0,0,0,0,0,0,0,0,0,0,0,0,0,0,0,0,0,0,0,0,0
1985,0,0,0,0,0,0,0,0,0,0,0,0,0,0,0,0,0,0,0,0,0,0,0,0,0,0,0,0,0,0,0,0,0,0,0,0,0,0,0,0,0,0,0,0,0,0,0,0,0,0,0,0,0
1986,1175,1154,152,93,74,152,157,167,180,176,182,142,165,164,48,66,118,69,44,32,28,120,3,1160,107,363,9,8,100,579,111,259,169,155,77,22,7,800,25,156,93,99,30,60,81,76,76,104,0,0,0,2329,261
1987,555,507,71,58,47,78,50,50,58,62,93,98,87,64,30,38,36,39,22,12,8,61,6,353,25,76,3,3,47,549,45,99,78,66,43,15,2,348,17,30,30,65,1,103,15,18,18,51,0,0,0,1062,126
1988,41,24,2,2,2,3,3,2,3,3,6,2,3,4,0,1,8,7,6,3,1,4,2,1,0,21,0,0,0,41,2,9,2,2,2,2,1,20,0,2,2,2,0,1,5,1,1,6,0,0,0,65,7
1989,1501,1454,217,103,90,237,235,211,179,164,173,198,196,180,79,119,144,109,62,33,32,194,19,616,149,425,6,15,60,1665,56,269,248,192,88,43,19,915,14,72,63,135,41,305,59,81,64,81,0,0,0,2955,342
1990,11,7,1,3,0,1,1,0,3,0,0,1,1,0,0,1,3,1,1,1,0,0,0,1,0,0,1,0,0,16,1,1,1,3,0,0,0,6,1,0,0,0,2,1,0,2,0,0,0,0,0,18,3
1991,3,2,1,0,1,2,0,1,0,0,0,0,0,0,0,0,0,0,0,0,0,0,0,0,0,0,0,0,5,0,0,0,0,0,1,0,0,1,0,0,0,1,0,0,0,0,0,0,0,0,0,5,1
1992,0,0,0,0,0,0,0,0,0,0,0,0,0,0,0,0,0,0,0,0,0,0,0,0,0,0,0,0,0,0,0,0,0,0,0,0,0,0,0,0,0,0,0,0,0,0,0,0,0,0,0,0,0
1993,0,0,0,0,0,0,0,0,0,0,0,0,0,0,0,0,0,0,0,0,0,0,0,0,0,0,0,0,0,0,0,0,0,0,0,0,0,0,0,0,0,0,0,0,0,0,0,0,0,0,0,0,0
1994,643,657,105,74,42,104,68,78,76,90,126,106,92,92,29,37,34,26,17,12,4,88,8,506,36,82,3,8,53,604,52,99,78,84,52,30,5,400,20,39,37,60,2,140,13,10,32,47,0,0,0,1300,171
1995,687,660,80,50,37,93,81,86,110,96,122,93,78,86,27,65,68,50,40,18,15,52,3,598,24,82,7,4,51,578,73,172,108,74,42,10,5,484,4,54,49,76,11,130,34,14,29,83,0,0,0,1347,131
1996,0,0,0,0,0,0,0,0,0,0,0,0,0,0,0,0,0,0,0,0,0,0,0,0,0,0,0,0,0,0,0,0,0,0,0,0,0,0,0,0,0,0,0,0,0,0,0,0,0,0,0,0,0
1997,0,0,0,0,0,0,0,0,0,0,0,0,0,0,0,0,0,0,0,0,0,0,0,0,0,0,0,0,0,0,0,0,0,0,0,0,0,0,0,0,0,0,0,0,0,0,0,0,0,0,0,0,0
1998,674,650,99,51,43,106,95,98,91,99,93,86,68,87,36,43,58,52,25,9,14,71,2,542,71,224,7,6,77,395,49,125,96,68,43,20,14,415,26,61,43,36,19,33,39,43,43,72,0,0,19,1305,145
1999,162,161,34,14,11,33,21,26,27,13,18,18,21,11,6,10,16,9,7,3,6,19,3,129,9,8,2,1,10,161,13,26,21,34,7,4,0,105,4,13,10,13,0,30,5,8,5,17,0,0,0,323,45
2000,596,588,90,50,29,97,93,85,75,78,100,92,91,68,20,36,51,30,20,8,9,62,6,485,31,87,4,6,80,485,52,98,100,84,35,13,6,388,7,67,30,44,4,96,12,30,30,68,0,0,0,1184,138
2001,0,0,0,0,0,0,0,0,0,0,0,0,0,0,0,0,0,0,0,0,0,0,0,0,0,0,0,0,0,0,0,0,0,0,0,0,0,0,0,0,0,0,0,0,0,0,0,0,0,0,0,0,0
2002,313,297,28,20,13,42,33,47,37,29,42,35,44,30,21,26,53,31,16,17,23,23,3,73,1,51,1,2,26,453,53,100,40,35,11,3,3,245,7,25,23,36,3,83,12,18,13,25,0,0,0,610,52
2003,0,0,0,0,0,0,0,0,0,0,0,0,0,0,0,0,0,0,0,0,0,0,0,0,0,0,0,0,0,0,0,0,0,0,0,0,0,0,0,0,0,0,0,0,0,0,0,0,0,0,0,0,0
2004,0,0,0,0,0,0,0,0,0,0,0,0,0,0,0,0,0,0,0,0,0,0,0,0,0,0,0,0,0,0,0,0,0,0,0,0,0,0,0,0,0,0,0,0,0,0,0,0,0,0,0,0,0
2005,313,316,45,11,14,31,40,53,54,51,44,40,42,38,11,26,30,22,21,5,5,46,4,303,36,71,4,1,46,164,28,62,53,44,16,7,1,211,10,49,23,20,8,11,24,16,17,33,0,0,12,617,68
2006,428,432,59,50,24,59,53,72,52,52,81,74,59,64,21,15,28,21,10,10,6,50,4,336,25,63,2,5,53,372,38,77,75,57,35,4,2,288,13,42,24,31,11,63,11,23,23,47,0,0,0,860,98
2007,814,817,121,49,29,162,119,115,107,87,94,112,122,93,31,59,83,69,32,28,24,95,19,748,86,248,3,3,67,457,67,164,115,103,49,20,13,531,23,104,50,53,22,43,41,36,52,107,0,0,11,1620,185
2008,0,0,0,0,0,0,0,0,0,0,0,0,0,0,0,0,0,0,0,0,0,0,0,0,0,0,0,0,0,0,0,0,0,0,0,0,0,0,0,0,0,0,0,0,0,0,0,0,0,0,0,0,0
2009,2102,2147,368,221,156,344,270,245,266,251,322,326,305,307,102,121,155,108,75,42,45,220,27,1604,74,273,16,14,189,2052,162,350,283,305,165,64,14,1343,56,157,118,219,9,414,48,75,87,160,0,0,0,4249,548
2010,0,0,0,0,0,0,0,0,0,0,0,0,0,0,0,0,0,0,0,0,0,0,0,0,0,0,0,0,0,0,0,0,0,0,0,0,0,0,0,0,0,0,0,0,0,0,0,0,0,0,0,0,0
2011,496,504,70,36,24,65,56,76,73,79,72,58,80,68,27,39,42,30,26,5,11,63,6,355,14,176,3,5,39,402,63,87,72,58,35,15,6,336,21,40,48,40,21,55,21,30,26,34,0,0,0,1000,114
2012,397,380,51,41,13,57,44,58,59,52,62,69,40,48,17,22,37,28,9,7,16,47,2,269,18,129,3,6,35,315,38,87,50,33,36,9,6,259,20,31,28,29,14,41,13,23,25,35,0,0,0,777,84
2013,833,876,99,50,40,151,127,122,117,110,121,110,111,93,39,80,91,72,48,27,21,80,10,784,96,226,5,7,65,516,95,187,152,87,42,22,10,595,28,97,46,52,33,49,53,64,67,106,0,0,14,1695,161
2014,40,41,8,5,2,6,2,6,4,10,3,4,7,5,3,2,3,3,4,1,1,2,2,8,1,12,1,0,1,56,1,6,6,5,6,0,0,24,0,7,0,3,1,2,3,1,4,3,0,0,0,81,11
2015,533,553,87,47,18,91,70,72,65,80,96,78,76,63,37,36,43,43,10,10,15,49,3,396,38,103,2,3,30,511,56,98,82,77,28,14,7,362,4,45,35,42,16,92,6,23,28,71,0,0,0,1086,126
2016,1573,1609,210,117,78,214,194,219,232,239,256,231,222,244,76,91,148,111,62,40,42,156,13,1500,124,541,3,17,151,833,131,316,247,220,100,35,11,1060,33,158,131,128,36,101,124,105,102,142,0,0,0,3182,366
2017,129,120,21,9,3,19,13,13,14,27,18,20,18,15,10,13,9,5,7,2,4,9,0,75,16,22,0,1,8,127,10,27,19,19,4,4,1,84,0,14,5,13,4,19,2,7,9,11,0,0,0,249,28
2018,620,645,109,59,48,80,60,66,67,100,129,121,105,67,31,37,38,37,19,12,10,70,3,474,15,68,5,4,45,651,60,110,87,92,54,13,1,417,20,40,44,69,2,128,6,20,25,63,0,0,0,1265,160
2019,702,765,108,51,30,96,125,113,117,101,101,85,106,95,34,42,70,39,26,16,17,95,10,689,33,122,8,6,78,521,64,165,104,97,46,13,8,497,5,83,48,78,11,127,26,13,30,76,0,0,0,1467,164
2020,476,485,46,28,31,88,69,43,51,48,73,74,89,73,40,40,43,43,17,14,16,35,6,367,20,68,1,2,38,459,22,83,74,76,38,7,2,302,11,41,23,41,16,86,19,16,15,34,0,0,0,961,123
2021,233,230,46,22,26,34,32,21,21,19,36,39,38,31,12,12,16,9,12,8,10,19,5,144,16,61,3,6,15,213,8,27,24,19,18,19,6,121,6,20,9,14,3,37,6,5,7,14,0,0,0,463,62
2022,20,23,6,2,1,1,6,2,4,2,2,5,3,1,0,1,2,1,1,0,0,3,1,8,7,8,0,2,0,17,1,1,2,4,2,0,1,11,1,2,2,1,1,2,0,0,0,2,0,0,0,43,7
2023,518,552,91,45,42,106,64,45,57,68,85,94,93,66,28,30,43,31,15,4,14,49,2,353,22,105,7,7,50,524,52,78,85,71,38,14,6,344,5,55,30,55,14,90,1,20,25,49,0,0,0,1070,129
2024,176,183,21,14,14,31,33,18,15,15,32,26,35,31,11,13,27,11,3,0,2,7,3,133,7,16,1,4,20,175,7,40,19,26,12,6,2,112,1,13,9,18,5,38,10,4,2,12,0,0,0,359,46
2025,572,573,55,51,35,84,76,64,66,62,108,80,111,73,42,60,48,21,25,12,11,61,2,388,32,99,7,2,42,573,44,92,94,87,32,16,4,369,9,71,35,59,9,84,3,20,33,46,0,0,0,1145,139
2026,112,131,17,7,9,22,17,13,5,11,20,25,16,17,6,9,9,10,6,7,4,13,0,83,3,16,1,1,5,134,12,20,17,16,10,3,1,79,4,12,5,11,4,25,0,3,3,12,0,0,0,243,30
2027,1235,1253,174,88,67,185,148,180,186,175,162,175,147,173,48,83,119,110,52,36,31,149,13,1090,95,305,18,7,176,784,107,274,169,157,84,26,13,830,21,109,89,102,81,118,48,62,83,117,0,0,19,2469,280
2028,168,183,35,20,13,33,13,17,32,24,25,29,24,22,5,12,12,8,4,4,3,16,0,126,1,33,2,1,19,169,21,36,24,18,14,6,1,120,9,15,10,19,0,38,3,5,5,16,0,0,0,351,39
2029,224,243,42,31,11,29,22,31,20,35,44,37,44,18,16,11,22,7,9,10,7,21,3,179,35,36,1,1,22,190,14,43,32,38,14,7,1,149,1,24,16,17,7,36,0,9,12,27,0,0,0,467,60
2030,1290,1287,174,94,77,187,179,187,218,158,184,158,144,211,59,63,120,88,59,27,35,155,12,1204,35,488,12,5,110,711,121,221,212,153,79,26,24,836,42,125,77,82,105,68,45,88,80,124,0,0,19,2558,282
2031,547,504,77,52,39,87,67,63,52,38,62,91,105,69,30,41,56,24,16,12,9,61,8,426,13,60,1,3,58,482,24,89,74,86,42,8,3,326,18,41,30,56,12,103,10,13,11,32,0,0,0,1051,139
2032,299,287,38,20,23,45,34,28,55,44,42,38,41,36,14,31,28,21,13,4,7,24,2,227,23,83,2,5,16,228,23,54,41,48,22,5,0,193,3,35,14,24,10,43,4,13,13,34,0,0,0,586,75
2033,406,421,54,29,25,70,69,68,59,45,48,45,51,57,20,31,27,29,23,11,7,59,3,407,15,107,1,1,56,237,42,68,58,48,33,13,3,265,18,30,26,28,39,12,14,32,21,45,0,0,16,811,97
2034,0,0,0,0,0,0,0,0,0,0,0,0,0,0,0,0,0,0,0,0,0,0,0,0,0,0,0,0,0,0,0,0,0,0,0,0,0,0,0,0,0,0,0,0,0,0,0,0,0,0,0,0,0
2035,250,284,39,16,15,43,52,41,36,20,25,32,34,34,12,27,29,17,12,8,8,34,45,20,8,76,1,3,31,350,24,50,28,42,11,7,7,169,6,24,12,17,20,15,14,11,15,35,0,0,7,527,67
2036,0,0,0,0,0,0,0,0,0,0,0,0,0,0,0,0,0,0,0,0,0,0,0,0,0,0,0,0,0,0,0,0,0,0,0,0,0,0,0,0,0,0,0,0,0,0,0,0,0,0,0,0,0
2037,57,69,11,3,1,16,10,15,7,2,12,9,7,4,0,4,7,6,3,1,2,6,8,3,1,29,0,1,13,71,10,17,4,11,1,2,1,46,3,1,4,5,4,3,5,5,6,10,0,0,0,126,15
2038,413,400,59,48,38,60,58,46,44,57,56,51,66,61,19,29,28,24,12,12,7,38,2,318,13,78,4,1,36,361,28,78,51,60,25,9,7,258,2,28,26,37,7,70,6,15,22,45,0,0,0,813,101
2039,1312,1191,190,107,67,173,168,165,172,164,186,163,154,167,68,92,128,101,54,22,29,133,7,1112,75,332,9,9,161,798,104,265,168,154,83,32,17,823,22,123,74,100,94,113,28,68,76,125,0,0,6,2497,286
2040,1297,1270,167,121,73,205,172,167,187,178,182,184,196,156,61,87,117,68,51,22,28,145,14,937,56,408,11,15,108,1018,138,264,174,154,85,38,14,867,50,129,77,117,52,140,47,91,67,97,0,0,0,2567,291
2041,564,541,60,46,25,76,72,68,71,64,70,80,89,51,41,51,63,61,31,17,14,55,13,291,9,126,1,4,38,623,74,167,67,68,20,18,2,416,6,57,40,54,20,110,41,19,19,50,0,0,0,1105,108
2042,684,656,76,38,38,124,101,87,102,78,86,83,90,97,33,48,63,49,29,20,22,76,5,657,47,168,4,10,83,366,70,145,91,70,47,21,8,452,12,69,45,49,34,40,32,53,44,74,0,0,0,1340,146
2043,1816,1791,255,101,67,286,248,274,302,234,254,195,250,212,79,121,194,132,94,52,55,202,12,1429,171,529,7,16,101,1342,303,395,260,185,114,43,19,1319,65,188,114,123,107,110,58,135,169,250,0,0,13,3594,361
2044,683,661,96,50,41,122,68,97,99,82,92,95,83,107,32,36,51,54,23,24,20,72,6,656,124,96,3,5,72,382,35,102,94,88,48,27,6,400,9,46,29,37,18,22,33,46,63,97,0,0,20,1324,169
2045,359,319,49,34,23,44,31,50,40,50,46,47,53,49,21,13,35,25,13,10,5,40,6,364,82,31,3,5,40,147,15,66,48,43,25,11,3,211,4,32,23,17,13,20,14,22,26,40,0,0,0,678,82
2046,846,807,149,101,48,131,79,94,75,95,176,149,129,92,42,45,64,42,35,22,15,70,8,643,24,96,3,4,62,813,81,138,120,114,58,21,8,540,26,57,43,96,2,164,26,18,46,62,0,0,0,1653,201
2047,510,499,64,40,27,55,63,57,76,46,69,50,100,47,26,52,68,53,30,26,14,46,5,283,9,97,1,3,23,588,60,136,62,73,27,8,2,368,1,58,31,44,13,86,36,25,22,52,0,0,0,1009,110
2048,543,539,67,26,24,93,81,77,94,61,70,69,77,75,19,28,51,33,25,21,15,76,3,568,131,88,4,4,46,238,31,85,65,82,42,15,7,327,7,66,27,27,24,27,16,34,47,52,0,0,0,1082,146
2049,1934,1948,234,134,115,423,436,327,321,225,206,159,198,288,67,87,123,103,58,37,52,289,35,1920,249,610,11,18,325,714,92,340,315,285,110,51,21,1214,44,204,157,152,51,100,133,119,115,139,0,0,0,3882,467
2050,930,837,115,64,55,115,117,113,125,106,139,124,137,126,40,52,87,56,35,18,29,114,13,617,33,343,2,7,83,669,100,170,114,133,50,19,11,597,26,91,66,85,27,97,30,46,47,82,0,0,0,1767,213
2051,0,0,0,0,0,0,0,0,0,0,0,0,0,0,0,0,0,0,0,0,0,0,0,0,0,0,0,0,0,0,0,0,0,0,0,0,0,0,0,0,0,0,0,0,0,0,0,0,0,0,0,0,0
2052,276,283,36,17,16,52,36,52,51,36,28,22,39,36,10,12,29,14,13,4,9,47,5,254,15,94,2,2,34,153,22,47,38,45,14,9,3,178,9,25,23,20,15,17,12,10,15,32,0,0,0,559,71
2053,668,642,85,45,34,85,57,75,77,86,84,74,113,88,49,58,86,75,36,18,29,56,9,276,10,175,5,6,76,753,61,167,89,99,26,15,4,461,11,78,36,53,13,124,33,27,24,62,0,0,0,1310,144
2054,576,548,113,54,38,84,66,66,53,52,111,112,83,78,26,29,51,26,17,7,15,43,0,403,14,59,4,5,31,608,52,100,69,83,45,14,3,366,19,35,38,47,1,118,13,18,28,49,0,0,0,1124,145
2055,340,387,38,32,22,75,68,35,31,35,46,54,50,36,25,25,41,42,21,7,7,37,1,98,7,118,0,2,24,477,35,88,47,53,14,10,4,251,12,51,23,34,2,61,12,10,16,30,0,0,0,727,81
2056,910,858,107,60,42,112,117,125,145,116,116,113,114,124,48,76,85,66,42,21,28,111,10,971,38,227,4,4,66,448,108,190,127,103,61,15,10,614,7,117,88,79,22,38,46,57,66,94,0,0,12,1756,189
2057,0,0,0,0,0,0,0,0,0,0,0,0,0,0,0,0,0,0,0,0,0,0,0,0,0,0,0,0,0,0,0,0,0,0,0,0,0,0,0,0,0,0,0,0,0,0,0,0,0,0,0,0,0
2058,1019,1046,150,102,74,170,120,99,129,125,182,161,182,129,56,72,70,55,32,24,22,111,11,759,33,142,9,6,47,1058,76,162,152,144,78,34,5,651,31,65,58,113,2,208,20,30,41,83,0,0,0,2065,261
2059,333,333,40,27,31,48,36,43,43,48,45,37,48,47,15,22,35,33,20,11,8,29,2,292,31,104,2,4,32,199,27,65,51,47,21,5,4,220,6,24,24,34,19,23,20,20,22,28,0,0,0,666,77
2060,413,407,52,43,26,66,41,43,48,37,53,54,59,44,28,21,69,50,26,15,8,37,4,148,14,117,1,4,47,485,25,118,53,45,28,8,4,281,16,45,20,44,7,66,12,16,16,39,0,0,0,820,85
2061,1324,1232,226,131,113,194,162,132,124,166,243,223,190,172,64,67,82,64,39,23,32,109,14,948,31,154,5,7,107,1290,98,212,167,178,102,35,13,805,32,76,67,130,5,251,24,49,59,112,0,0,0,2556,328
2062,666,707,79,55,38,92,82,91,102,85,108,94,98,72,45,59,78,61,29,15,20,70,8,663,15,135,6,1,50,495,59,162,95,99,35,13,7,470,8,61,39,78,12,132,22,9,28,81,0,0,0,1373,154
2063,572,523,79,45,26,58,54,86,96,80,71,65,66,85,34,34,47,38,23,18,25,65,8,648,28,94,2,1,44,270,80,107,69,66,41,9,8,380,27,63,23,26,24,15,55,35,33,79,0,0,7,1088,124
2064,239,236,22,16,9,27,39,36,26,22,33,28,46,22,21,24,23,32,16,8,4,21,0,128,8,29,2,3,16,289,22,72,33,33,8,5,1,174,0,25,25,25,4,36,15,10,9,25,0,0,0,475,47
2065,3,0,0,0,0,2,0,0,0,0,0,0,1,0,0,0,0,0,0,0,0,0,0,0,0,0,0,0,0,3,0,0,1,0,0,0,0,1,0,0,0,0,0,1,0,0,0,0,0,0,0,3,0
2066,207,182,29,11,10,31,23,21,18,20,31,28,32,27,11,11,23,15,12,4,8,24,0,88,11,59,1,1,10,219,7,40,33,28,11,6,0,125,3,9,13,24,7,32,7,11,8,11,0,0,0,389,45
2067,0,1,0,0,0,1,0,0,0,0,0,0,0,0,0,0,0,0,0,0,0,0,0,1,0,0,0,0,0,0,0,0,0,0,0,0,0,0,0,0,0,0,0,0,0,0,0,0,0,0,1,0,0
2068,440,401,43,19,19,80,57,71,71,57,58,43,47,65,25,30,41,28,17,8,16,46,3,521,22,69,1,3,30,192,67,66,65,51,32,6,6,293,21,36,16,15,23,21,35,21,33,72,0,0,0,841,95
2069,1339,1305,155,74,48,216,168,207,222,171,199,147,192,182,60,98,124,107,66,29,42,137,7,1460,76,237,11,8,114,731,176,287,194,174,77,29,6,943,21,195,115,111,25,50,60,95,102,169,0,0,9,2635,286
2070,1082,1121,129,79,59,164,167,184,184,144,140,138,131,151,55,76,112,80,39,28,26,117,9,1322,87,187,8,5,92,493,136,229,165,138,71,24,8,771,57,123,38,39,56,45,86,82,86,159,0,0,0,2203,241
2071,431,415,46,26,20,57,64,75,64,48,48,38,49,62,26,36,48,29,23,12,11,64,5,398,24,141,0,5,40,233,40,66,61,52,38,10,4,271,3,46,19,28,17,26,29,27,29,47,0,0,0,846,104
2072,0,0,0,0,0,0,0,0,0,0,0,0,0,0,0,0,0,0,0,0,0,0,0,0,0,0,0,0,0,0,0,0,0,0,0,0,0,0,0,0,0,0,0,0,0,0,0,0,0,0,0,0,0
2073,535,495,72,45,20,55,61,53,63,63,65,66,73,77,32,39,68,55,32,17,20,54,7,248,23,110,4,2,30,606,51,122,72,54,33,15,5,352,7,56,22,48,19,90,34,19,17,40,0,0,6,1024,107
2074,492,477,43,19,19,60,76,97,114,85,63,61,45,73,15,23,29,27,16,14,18,72,3,380,50,251,1,6,63,215,119,116,64,57,28,3,5,392,30,28,18,18,68,7,59,64,45,55,0,0,0,969,93
2075,146,147,17,6,3,28,20,24,28,21,21,21,19,23,10,8,5,7,7,4,4,17,3,117,13,78,1,3,21,57,34,36,23,21,4,1,1,120,9,11,2,3,20,2,22,20,11,20,0,0,0,293,27
2076,461,398,54,33,20,71,51,70,67,49,49,60,38,64,20,31,36,38,28,16,9,55,7,334,99,173,6,9,39,192,42,85,51,52,27,12,8,277,10,42,29,28,12,10,24,36,25,61,0,0,16,843,99
2077,355,310,22,28,11,35,28,42,61,41,45,51,42,47,24,28,36,31,26,9,13,45,1,125,26,100,4,6,19,384,50,96,53,35,12,5,4,255,9,27,18,29,22,32,30,27,27,34,0,0,0,665,56
2078,289,290,35,12,12,44,43,58,48,32,45,40,27,42,15,21,29,20,13,8,7,28,1,348,12,51,4,1,23,139,40,64,49,29,21,6,1,210,2,35,28,24,7,17,13,23,24,37,0,0,0,579,57
2079,327,316,43,24,13,73,51,36,38,21,47,37,47,46,19,25,34,26,11,8,11,33,4,288,26,107,2,2,28,186,25,49,42,42,30,10,2,200,10,37,16,18,12,29,17,15,16,30,0,0,0,643,84
2080,216,201,29,13,9,29,25,31,40,21,31,19,29,22,7,18,16,23,13,7,15,20,5,202,9,35,0,1,19,146,23,50,22,23,15,6,1,140,5,24,19,13,6,19,14,12,11,17,0,0,18,399,45
2081,596,571,63,51,28,104,59,75,60,50,81,80,91,69,36,54,77,67,32,19,22,49,11,199,10,174,7,9,43,714,44,150,82,71,38,13,3,401,12,56,33,53,9,101,25,16,31,65,0,0,0,1167,125
2082,0,0,0,0,0,0,0,0,0,0,0,0,0,0,0,0,0,0,0,0,0,0,0,0,0,0,0,0,0,0,0,0,0,0,0,0,0,0,0,0,0,0,0,0,0,0,0,0,0,0,0,0,0
2083,0,0,0,0,0,0,0,0,0,0,0,0,0,0,0,0,0,0,0,0,0,0,0,0,0,0,0,0,0,0,0,0,0,0,0,0,0,0,0,0,0,0,0,0,0,0,0,0,0,0,0,0,0
2084,0,0,0,0,0,0,0,0,0,0,0,0,0,0,0,0,0,0,0,0,0,0,0,0,0,0,0,0,0,0,0,0,0,0,0,0,0,0,0,0,0,0,0,0,0,0,0,0,0,0,0,0,0
2085,276,265,30,19,16,57,34,31,33,23,32,31,42,34,15,22,41,25,11,8,9,28,1,116,23,57,0,1,11,332,7,62,39,41,17,6,1,173,3,30,14,28,4,44,9,16,14,11,0,0,0,541,65
2086,0,0,0,0,0,0,0,0,0,0,0,0,0,0,0,0,0,0,0,0,0,0,0,0,0,0,0,0,0,0,0,0,0,0,0,0,0,0,0,0,0,0,0,0,0,0,0,0,0,0,0,0,0
2087,516,484,52,33,30,107,127,78,63,65,46,42,43,80,21,39,36,25,25,10,15,63,7,423,13,64,3,6,49,435,16,92,69,78,38,10,4,307,16,33,17,54,1,103,7,18,17,41,0,0,0,1000,130
2088,500,539,54,49,29,87,63,75,75,75,71,60,69,72,17,28,53,42,33,11,14,62,7,401,79,236,3,3,61,249,84,85,62,62,37,12,11,353,18,54,32,25,21,14,40,50,34,65,0,0,5,1034,122
2089,26,31,1,1,2,2,6,3,2,3,2,7,3,6,1,3,5,5,1,0,1,3,0,0,0,18,1,0,0,38,9,9,2,3,0,2,0,25,1,6,2,1,0,1,6,1,3,4,0,0,0,57,5
2090,0,0,0,0,0,0,0,0,0,0,0,0,0,0,0,0,0,0,0,0,0,0,0,0,0,0,0,0,0,0,0,0,0,0,0,0,0,0,0,0,0,0,0,0,0,0,0,0,0,0,0,0,0
2091,0,0,0,0,0,0,0,0,0,0,0,0,0,0,0,0,0,0,0,0,0,0,0,0,0,0,0,0,0,0,0,0,0,0,0,0,0,0,0,0,0,0,0,0,0,0,0,0,0,0,0,0,0
2092,58,53,4,5,2,5,4,6,10,8,8,10,11,7,1,6,4,8,1,1,1,9,0,15,0,16,0,0,1,79,4,13,7,10,4,0,0,38,0,8,4,4,1,12,0,1,3,5,0,0,0,111,14
2093,25,54,1,15,11,2,2,5,5,3,3,4,4,3,1,2,4,6,3,2,3,0,5,3,5,23,0,0,0,43,3,7,3,1,2,0,1,17,3,2,2,1,1,1,1,2,2,2,0,0,32,47,4
2094,0,0,0,0,0,0,0,0,0,0,0,0,0,0,0,0,0,0,0,0,0,0,0,0,0,0,0,0,0,0,0,0,0,0,0,0,0,0,0,0,0,0,0,0,0,0,0,0,0,0,0,0,0
2095,597,628,79,27,34,72,89,109,88,67,76,86,80,91,29,42,57,59,32,16,19,73,6,468,133,215,4,2,55,342,83,121,96,65,34,17,10,426,15,87,31,27,25,17,47,51,46,80,0,0,0,1225,126
2096,454,435,36,31,23,71,66,53,63,54,50,62,71,61,26,27,51,41,25,11,27,40,3,355,64,165,0,13,38,251,64,107,53,56,21,11,7,319,19,52,27,21,17,16,29,48,27,63,0,0,0,889,95
2097,0,0,0,0,0,0,0,0,0,0,0,0,0,0,0,0,0,0,0,0,0,0,0,0,0,0,0,0,0,0,0,0,0,0,0,0,0,0,0,0,0,0,0,0,0,0,0,0,0,0,0,0,0
2098,0,0,0,0,0,0,0,0,0,0,0,0,0,0,0,0,0,0,0,0,0,0,0,0,0,0,0,0,0,0,0,0,0,0,0,0,0,0,0,0,0,0,0,0,0,0,0,0,0,0,0,0,0
2099,142,146,15,8,5,19,16,34,30,18,23,12,17,16,7,12,13,15,5,2,3,18,1,153,6,17,0,3,17,91,17,30,29,13,8,4,1,102,19,16,1,7,9,4,11,12,13,10,0,0,0,288,26
2100,648,688,75,46,45,92,88,92,102,81,98,83,90,83,43,45,82,62,29,17,25,58,5,678,62,150,4,6,68,363,61,117,88,83,48,14,14,425,23,48,33,42,37,28,61,49,36,68,0,0,7,1329,159
2101,237,229,20,17,10,40,45,32,36,21,21,25,32,26,8,13,30,15,14,11,13,37,14,6,5,146,3,0,15,277,40,60,26,14,15,9,5,169,10,20,11,20,15,12,18,13,18,32,0,0,0,466,43
2102,378,355,39,20,17,61,41,48,56,55,51,42,58,30,19,20,43,41,19,12,18,43,2,142,21,68,2,0,21,477,69,102,51,39,24,1,3,289,11,35,27,26,28,27,27,32,22,54,0,0,0,733,67
2103,0,0,0,0,0,0,0,0,0,0,0,0,0,0,0,0,0,0,0,0,0,0,0,0,0,0,0,0,0,0,0,0,0,0,0,0,0,0,0,0,0,0,0,0,0,0,0,0,0,0,0,0,0
2104,325,333,31,20,13,44,35,51,47,35,49,38,56,41,11,20,43,27,24,12,10,51,1,111,26,79,3,4,25,409,60,90,38,38,16,8,3,253,15,29,23,24,15,32,24,31,29,31,0,0,0,658,65
2105,0,0,0,0,0,0,0,0,0,0,0,0,0,0,0,0,0,0,0,0,0,0,0,0,0,0,0,0,0,0,0,0,0,0,0,0,0,0,0,0,0,0,0,0,0,0,0,0,0,0,0,0,0
2106,186,186,27,18,15,16,21,27,25,21,28,23,31,20,13,14,22,20,11,4,3,13,3,59,24,41,1,1,3,240,9,51,32,21,11,3,1,128,4,11,10,15,5,43,10,14,7,9,0,0,0,372,36
2107,434,450,56,40,22,71,52,50,69,72,59,62,67,63,19,32,39,30,16,12,5,48,7,439,5,77,2,4,25,325,27,91,60,64,31,14,0,287,13,48,27,33,6,31,25,37,24,43,0,0,0,884,109
2108,84,64,5,5,2,13,8,13,9,8,11,10,8,4,6,4,14,6,4,2,6,10,2,27,7,18,0,0,9,85,4,18,14,10,4,1,0,51,0,5,3,3,1,20,4,5,6,4,0,0,0,148,15
2109,497,544,62,41,29,94,37,99,65,58,47,64,64,90,33,28,52,39,24,24,22,69,79,24,18,237,5,2,18,658,52,93,61,60,28,15,17,326,16,53,14,24,44,31,23,29,37,55,0,0,11,1030,120
2110,474,507,61,24,13,64,74,90,101,76,65,62,47,86,25,28,33,31,16,16,12,57,3,398,46,269,4,8,56,197,133,104,75,56,23,6,5,402,35,39,22,16,61,6,54,77,35,57,0,0,0,981,90
2111,0,0,0,0,0,0,0,0,0,0,0,0,0,0,0,0,0,0,0,0,0,0,0,0,0,0,0,0,0,0,0,0,0,0,0,0,0,0,0,0,0,0,0,0,0,0,0,0,0,0,0,0,0
2112,59,58,15,6,4,3,6,15,10,7,8,6,10,6,6,4,3,2,0,1,1,4,0,23,0,16,2,0,14,62,4,14,7,7,3,2,1,38,0,6,3,9,1,11,3,0,3,2,0,0,0,117,13
2113,1300,1264,158,103,57,154,185,216,214,160,166,161,180,175,63,84,125,87,52,29,42,153,11,1422,49,130,8,17,99,828,138,278,176,173,78,30,10,883,33,151,96,97,23,54,67,127,88,147,0,0,0,2564,291
2114,317,343,47,21,14,63,44,52,55,32,39,44,36,39,10,28,28,24,18,4,15,47,3,248,54,124,2,2,24,203,37,65,41,41,23,6,5,218,9,32,15,16,16,5,22,27,28,48,0,0,15,645,75
2115,344,368,50,18,16,54,50,48,44,56,50,40,45,41,15,28,38,29,20,15,20,35,4,247,61,152,1,7,35,205,49,67,40,47,25,9,5,242,10,44,21,22,15,10,33,27,25,35,0,0,0,712,86
2116,447,419,67,35,20,48,64,62,80,46,59,44,58,59,24,23,44,36,20,12,22,43,13,335,73,163,0,5,50,227,58,97,59,42,29,7,8,300,9,42,22,26,17,8,42,38,32,64,0,0,19,847,86
2117,264,262,29,17,12,37,29,27,32,33,38,32,27,32,13,19,32,33,15,14,12,43,1,105,9,63,2,1,15,330,46,66,27,23,21,9,2,194,14,23,13,18,9,24,21,24,12,36,0,0,0,526,55
2118,116,119,18,5,5,14,9,20,9,18,15,19,16,12,3,9,13,16,5,5,4,20,2,31,4,20,1,1,15,161,19,32,16,12,6,3,1,89,5,12,10,5,5,13,12,5,8,14,0,0,0,235,22
2119,0,0,0,0,0,0,0,0,0,0,0,0,0,0,0,0,0,0,0,0,0,0,0,0,0,0,0,0,0,0,0,0,0,0,0,0,0,0,0,0,0,0,0,0,0,0,0,0,0,0,0,0,0
2120,0,0,0,0,0,0,0,0,0,0,0,0,0,0,0,0,0,0,0,0,0,0,0,0,0,0,0,0,0,0,0,0,0,0,0,0,0,0,0,0,0,0,0,0,0,0,0,0,0,0,0,0,0
2121,0,0,0,0,0,0,0,0,0,0,0,0,0,0,0,0,0,0,0,0,0,0,0,0,0,0,0,0,0,0,0,0,0,0,0,0,0,0,0,0,0,0,0,0,0,0,0,0,0,0,0,0,0
2122,1156,1177,159,80,43,194,151,195,220,156,134,130,132,151,53,99,107,96,50,30,20,133,25,1219,139,209,9,9,134,589,131,228,162,160,64,27,15,787,46,81,73,70,78,53,116,77,73,120,0,0,17,2316,266
2123,399,429,57,19,20,57,78,58,71,58,43,58,54,65,14,28,43,28,7,15,10,45,4,425,32,44,1,1,42,279,29,92,68,44,24,15,2,274,12,49,27,23,4,26,27,30,28,48,0,0,9,819,85
2124,157,163,18,10,9,23,28,29,19,16,14,22,24,14,9,11,25,11,13,2,4,19,4,19,4,43,1,0,15,234,27,40,20,17,8,6,1,119,7,17,7,8,7,13,24,15,8,13,0,0,0,320,32
2125,417,409,48,35,20,68,59,44,49,39,41,48,64,56,27,32,62,34,12,17,15,56,4,171,55,103,3,5,25,460,17,79,60,55,34,12,1,258,5,26,22,41,9,68,15,32,15,25,0,0,0,826,102
2126,0,0,0,0,0,0,0,0,0,0,0,0,0,0,0,0,0,0,0,0,0,0,0,0,0,0,0,0,0,0,0,0,0,0,0,0,0,0,0,0,0,0,0,0,0,0,0,0,0,0,0,0,0
2127,0,0,0,0,0,0,0,0,0,0,0,0,0,0,0,0,0,0,0,0,0,0,0,0,0,0,0,0,0,0,0,0,0,0,0,0,0,0,0,0,0,0,0,0,0,0,0,0,0,0,0,0,0
2128,483,461,60,42,28,71,68,54,64,53,47,60,70,56,29,47,61,38,19,8,17,52,3,196,48,143,3,4,18,529,20,96,66,64,36,11,4,297,6,25,21,52,12,98,20,26,13,24,0,0,0,944,115
2129,0,0,0,0,0,0,0,0,0,0,0,0,0,0,0,0,0,0,0,0,0,0,0,0,0,0,0,0,0,0,0,0,0,0,0,0,0,0,0,0,0,0,0,0,0,0,0,0,0,0,0,0,0
2130,0,0,0,0,0,0,0,0,0,0,0,0,0,0,0,0,0,0,0,0,0,0,0,0,0,0,0,0,0,0,0,0,0,0,0,0,0,0,0,0,0,0,0,0,0,0,0,0,0,0,0,0,0
2131,974,981,126,67,47,147,142,142,175,149,143,118,108,154,40,56,77,69,39,38,22,96,9,940,69,397,3,5,116,416,178,208,126,108,51,28,11,710,37,70,44,63,39,60,85,89,102,121,0,0,38,1917,198
2132,973,1007,127,73,56,141,124,174,200,137,128,104,96,153,42,54,92,77,34,27,21,120,9,927,54,449,5,8,131,397,144,227,131,100,62,23,17,704,36,64,49,48,38,43,85,101,105,135,0,0,5,1975,202
2133,179,180,26,12,8,31,24,23,25,22,26,26,26,20,5,11,19,17,7,7,9,15,0,77,5,31,3,0,19,224,34,55,24,18,9,3,1,144,9,18,7,21,10,21,15,7,19,17,0,0,0,359,31
2134,0,0,0,0,0,0,0,0,0,0,0,0,0,0,0,0,0,0,0,0,0,0,0,0,0,0,0,0,0,0,0,0,0,0,0,0,0,0,0,0,0,0,0,0,0,0,0,0,0,0,0,0,0
2135,1003,1080,107,65,35,155,161,205,240,147,132,121,126,135,40,51,86,76,34,30,28,109,7,877,91,515,8,12,123,450,239,253,164,102,50,14,13,835,76,62,32,35,127,13,132,119,98,141,0,0,0,2083,179
2136,489,423,58,19,14,72,62,55,62,68,56,49,81,46,21,28,50,59,36,19,23,34,6,171,23,103,3,0,32,574,80,144,70,45,18,8,2,367,18,48,25,37,29,41,33,48,34,54,0,0,0,912,73
2137,0,0,0,0,0,0,0,0,0,0,0,0,0,0,0,0,0,0,0,0,0,0,0,0,0,0,0,0,0,0,0,0,0,0,0,0,0,0,0,0,0,0,0,0,0,0,0,0,0,0,0,0,0
2138,582,546,66,36,32,80,76,79,68,80,60,63,81,76,44,38,57,66,38,15,14,59,2,168,28,143,3,1,41,742,99,161,66,62,32,8,6,434,17,58,31,43,30,68,44,53,28,62,0,0,7,1121,108
2139,0,0,0,0,0,0,0,0,0,0,0,0,0,0,0,0,0,0,0,0,0,0,0,0,0,0,0,0,0,0,0,0,0,0,0,0,0,0,0,0,0,0,0,0,0,0,0,0,0,0,0,0,0
2140,136,130,6,5,10,18,21,12,22,15,19,20,20,18,10,8,11,16,9,6,4,16,2,48,7,31,1,1,5,171,30,44,22,8,6,2,1,113,7,18,12,8,11,10,12,10,9,16,0,0,0,266,17
2141,0,0,0,0,0,0,0,0,0,0,0,0,0,0,0,0,0,0,0,0,0,0,0,0,0,0,0,0,0,0,0,0,0,0,0,0,0,0,0,0,0,0,0,0,0,0,0,0,0,0,0,0,0
2142,0,0,0,0,0,0,0,0,0,0,0,0,0,0,0,0,0,0,0,0,0,0,0,0,0,0,0,0,0,0,0,0,0,0,0,0,0,0,0,0,0,0,0,0,0,0,0,0,0,0,0,0,0
2143,817,802,107,55,53,97,101,122,149,102,98,103,117,112,39,54,69,66,33,16,28,98,6,860,56,96,9,7,91,494,74,137,122,111,52,20,10,526,29,84,48,54,11,40,58,64,62,76,0,0,0,1619,193
2144,3,3,0,0,0,0,0,0,0,0,0,0,0,0,0,0,1,0,2,0,3,0,0,0,0,0,0,0,1,5,0,0,0,0,0,0,0,0,0,0,0,0,0,0,0,0,0,0,0,0,6,0,0
2145,0,0,0,0,0,0,0,0,0,0,0,0,0,0,0,0,0,0,0,0,0,0,0,0,0,0,0,0,0,0,0,0,0,0,0,0,0,0,0,0,0,0,0,0,0,0,0,0,0,0,0,0,0
2146,17,17,7,0,1,2,2,2,2,0,4,7,2,0,0,1,0,1,1,1,1,0,0,0,0,6,0,0,0,28,5,4,4,1,1,0,0,15,0,3,0,0,1,0,4,3,0,4,0,0,0,34,2
2147,193,192,22,14,12,38,29,25,22,30,27,26,26,23,14,19,11,10,10,6,1,20,2,72,15,57,0,1,19,219,12,36,32,26,9,3,1,119,1,9,10,14,8,46,6,9,7,9,30,0,0,355,39
2148,895,988,117,62,34,129,114,142,182,142,152,129,114,115,46,47,88,77,32,19,22,120,7,996,71,311,1,7,112,378,133,218,144,102,60,21,6,684,35,58,42,55,37,47,107,99,98,106,0,0,0,1883,189
2149,0,0,0,0,0,0,0,0,0,0,0,0,0,0,0,0,0,0,0,0,0,0,0,0,0,0,0,0,0,0,0,0,0,0,0,0,0,0,0,0,0,0,0,0,0,0,0,0,0,0,0,0,0
2150,242,282,41,19,9,35,29,38,47,28,29,45,40,37,8,13,25,24,18,8,7,24,1,275,12,29,1,4,29,173,20,53,40,39,16,3,3,174,4,23,19,14,3,19,21,26,17,28,0,0,0,524,61
2151,0,0,0,0,0,0,0,0,0,0,0,0,0,0,0,0,0,0,0,0,0,0,0,0,0,0,0,0,0,0,0,0,0,0,0,0,0,0,0,0,0,0,0,0,0,0,0,0,0,0,0,0,0
2152,0,0,0,0,0,0,0,0,0,0,0,0,0,0,0,0,0,0,0,0,0,0,0,0,0,0,0,0,0,0,0,0,0,0,0,0,0,0,0,0,0,0,0,0,0,0,0,0,0,0,0,0,0
2153,365,388,55,25,23,39,33,62,55,45,65,67,38,53,28,36,37,22,12,12,7,39,5,330,3,61,5,0,17,332,35,81,52,42,23,14,4,251,5,27,30,38,6,60,21,8,17,39,0,0,0,753,83
2154,0,0,0,0,0,0,0,0,0,0,0,0,0,0,0,0,0,0,0,0,0,0,0,0,0,0,0,0,0,0,0,0,0,0,0,0,0,0,0,0,0,0,0,0,0,0,0,0,0,0,0,0,0
2155,0,0,0,0,0,0,0,0,0,0,0,0,0,0,0,0,0,0,0,0,0,0,0,0,0,0,0,0,0,0,0,0,0,0,0,0,0,0,0,0,0,0,0,0,0,0,0,0,0,0,0,0,0
2156,0,0,0,0,0,0,0,0,0,0,0,0,0,0,0,0,0,0,0,0,0,0,0,0,0,0,0,0,0,0,0,0,0,0,0,0,0,0,0,0,0,0,0,0,0,0,0,0,0,0,0,0,0
2157,0,0,0,0,0,0,0,0,0,0,0,0,0,0,0,0,0,0,0,0,0,0,0,0,0,0,0,0,0,0,0,0,0,0,0,0,0,0,0,0,0,0,0,0,0,0,0,0,0,0,0,0,0
2158,0,0,0,0,0,0,0,0,0,0,0,0,0,0,0,0,0,0,0,0,0,0,0,0,0,0,0,0,0,0,0,0,0,0,0,0,0,0,0,0,0,0,0,0,0,0,0,0,0,0,0,0,0
2159,0,0,0,0,0,0,0,0,0,0,0,0,0,0,0,0,0,0,0,0,0,0,0,0,0,0,0,0,0,0,0,0,0,0,0,0,0,0,0,0,0,0,0,0,0,0,0,0,0,0,0,0,0
2160,0,0,0,0,0,0,0,0,0,0,0,0,0,0,0,0,0,0,0,0,0,0,0,0,0,0,0,0,0,0,0,0,0,0,0,0,0,0,0,0,0,0,0,0,0,0,0,0,0,0,0,0,0
2161,0,0,0,0,0,0,0,0,0,0,0,0,0,0,0,0,0,0,0,0,0,0,0,0,0,0,0,0,0,0,0,0,0,0,0,0,0,0,0,0,0,0,0,0,0,0,0,0,0,0,0,0,0
2162,0,0,0,0,0,0,0,0,0,0,0,0,0,0,0,0,0,0,0,0,0,0,0,0,0,0,0,0,0,0,0,0,0,0,0,0,0,0,0,0,0,0,0,0,0,0,0,0,0,0,0,0,0
2163,0,0,0,0,0,0,0,0,0,0,0,0,0,0,0,0,0,0,0,0,0,0,0,0,0,0,0,0,0,0,0,0,0,0,0,0,0,0,0,0,0,0,0,0,0,0,0,0,0,0,0,0,0
2164,0,0,0,0,0,0,0,0,0,0,0,0,0,0,0,0,0,0,0,0,0,0,0,0,0,0,0,0,0,0,0,0,0,0,0,0,0,0,0,0,0,0,0,0,0,0,0,0,0,0,0,0,0
2165,44,45,5,1,3,2,5,9,3,3,7,6,7,1,1,5,4,10,9,4,2,2,1,1,2,13,0,2,5,65,8,16,6,4,3,0,0,37,9,2,1,1,5,0,7,5,2,5,0,0,0,89,7
2166,0,0,0,0,0,0,0,0,0,0,0,0,0,0,0,0,0,0,0,0,0,0,0,0,0,0,0,0,0,0,0,0,0,0,0,0,0,0,0,0,0,0,0,0,0,0,0,0,0,0,0,0,0
2167,0,0,0,0,0,0,0,0,0,0,0,0,0,0,0,0,0,0,0,0,0,0,0,0,0,0,0,0,0,0,0,0,0,0,0,0,0,0,0,0,0,0,0,0,0,0,0,0,0,0,0,0,0
2168,0,0,0,0,0,0,0,0,0,0,0,0,0,0,0,0,0,0,0,0,0,0,0,0,0,0,0,0,0,0,0,0,0,0,0,0,0,0,0,0,0,0,0,0,0,0,0,0,0,0,0,0,0
2169,489,424,55,32,30,62,80,63,44,43,42,51,66,57,30,36,61,42,33,14,22,50,10,30,16,161,4,5,23,664,46,107,60,46,30,9,10,308,13,47,25,33,23,17,37,35,31,47,0,0,0,913,95
2170,0,0,0,0,0,0,0,0,0,0,0,0,0,0,0,0,0,0,0,0,0,0,0,0,0,0,0,0,0,0,0,0,0,0,0,0,0,0,0,0,0,0,0,0,0,0,0,0,0,0,0,0,0
2171,0,0,0,0,0,0,0,0,0,0,0,0,0,0,0,0,0,0,0,0,0,0,0,0,0,0,0,0,0,0,0,0,0,0,0,0,0,0,0,0,0,0,0,0,0,0,0,0,0,0,0,0,0
2172,0,0,0,0,0,0,0,0,0,0,0,0,0,0,0,0,0,0,0,0,0,0,0,0,0,0,0,0,0,0,0,0,0,0,0,0,0,0,0,0,0,0,0,0,0,0,0,0,0,0,0,0,0
2173,54,53,4,2,1,4,14,11,10,7,6,10,6,8,1,1,5,4,6,1,1,5,0,39,0,17,1,1,3,46,10,11,7,9,2,0,1,40,7,7,4,2,3,1,2,3,6,5,0,0,0,107,12
2174,0,0,0,0,0,0,0,0,0,0,0,0,0,0,0,0,0,0,0,0,0,0,0,0,0,0,0,0,0,0,0,0,0,0,0,0,0,0,0,0,0,0,0,0,0,0,0,0,0,0,0,0,0
2175,4,0,0,0,0,0,0,0,1,1,0,0,0,0,1,1,0,0,0,0,0,0,0,2,0,0,0,0,0,2,0,0,0,0,0,0,0,0,0,0,0,0,0,0,0,0,0,0,0,0,4,0,0
2176,0,0,0,0,0,0,0,0,0,0,0,0,0,0,0,0,0,0,0,0,0,0,0,0,0,0,0,0,0,0,0,0,0,0,0,0,0,0,0,0,0,0,0,0,0,0,0,0,0,0,0,0,0
2177,1,2,2,0,0,0,0,0,0,0,0,1,0,0,0,0,0,0,0,0,0,0,0,0,0,0,0,0,0,3,0,0,1,0,0,0,0,1,0,0,0,0,0,0,1,0,0,0,0,0,0,3,0
2178,3,5,1,0,0,0,0,1,1,1,1,0,0,0,1,0,0,1,0,0,1,0,0,2,0,4,0,0,0,2,2,1,0,1,0,0,0,4,0,1,0,1,0,0,1,0,0,1,0,0,0,8,1
2179,0,0,0,0,0,0,0,0,0,0,0,0,0,0,0,0,0,0,0,0,0,0,0,0,0,0,0,0,0,0,0,0,0,0,0,0,0,0,0,0,0,0,0,0,0,0,0,0,0,0,0,0,0
2180,0,0,0,0,0,0,0,0,0,0,0,0,0,0,0,0,0,0,0,0,0,0,0,0,0,0,0,0,0,0,0,0,0,0,0,0,0,0,0,0,0,0,0,0,0,0,0,0,0,0,0,0,0
2181,0,0,0,0,0,0,0,0,0,0,0,0,0,0,0,0,0,0,0,0,0,0,0,0,0,0,0,0,0,0,0,0,0,0,0,0,0,0,0,0,0,0,0,0,0,0,0,0,0,0,0,0,0
2182,0,0,0,0,0,0,0,0,0,0,0,0,0,0,0,0,0,0,0,0,0,0,0,0,0,0,0,0,0,0,0,0,0,0,0,0,0,0,0,0,0,0,0,0,0,0,0,0,0,0,0,0,0
2183,0,0,0,0,0,0,0,0,0,0,0,0,0,0,0,0,0,0,0,0,0,0,0,0,0,0,0,0,0,0,0,0,0,0,0,0,0,0,0,0,0,0,0,0,0,0,0,0,0,0,0,0,0
2184,14,18,2,0,0,3,4,2,2,1,4,0,3,3,0,3,3,1,0,0,1,0,0,1,1,3,0,0,0,27,2,8,2,2,0,0,0,14,0,4,1,1,2,1,1,0,2,2,0,0,0,32,2
2185,0,0,0,0,0,0,0,0,0,0,0,0,0,0,0,0,0,0,0,0,0,0,0,0,0,0,0,0,0,0,0,0,0,0,0,0,0,0,0,0,0,0,0,0,0,0,0,0,0,0,0,0,0
2186,0,0,0,0,0,0,0,0,0,0,0,0,0,0,0,0,0,0,0,0,0,0,0,0,0,0,0,0,0,0,0,0,0,0,0,0,0,0,0,0,0,0,0,0,0,0,0,0,0,0,0,0,0
2187,71,67,11,0,2,7,14,13,6,8,5,7,12,6,3,4,6,12,7,2,4,9,3,2,0,44,2,1,3,83,7,10,10,8,2,1,4,42,5,3,2,1,9,4,4,1,6,7,0,0,0,138,15
2188,0,0,0,0,0,0,0,0,0,0,0,0,0,0,0,0,0,0,0,0,0,0,0,0,0,0,0,0,0,0,0,0,0,0,0,0,0,0,0,0,0,0,0,0,0,0,0,0,0,0,0,0,0
2189,0,0,0,0,0,0,0,0,0,0,0,0,0,0,0,0,0,0,0,0,0,0,0,0,0,0,0,0,0,0,0,0,0,0,0,0,0,0,0,0,0,0,0,0,0,0,0,0,0,0,0,0,0
2190,0,0,0,0,0,0,0,0,0,0,0,0,0,0,0,0,0,0,0,0,0,0,0,0,0,0,0,0,0,0,0,0,0,0,0,0,0,0,0,0,0,0,0,0,0,0,0,0,0,0,0,0,0
2191,0,0,0,0,0,0,0,0,0,0,0,0,0,0,0,0,0,0,0,0,0,0,0,0,0,0,0,0,0,0,0,0,0,0,0,0,0,0,0,0,0,0,0,0,0,0,0,0,0,0,0,0,0
2192,176,131,22,6,7,20,24,19,21,15,10,13,25,21,8,12,22,8,18,5,9,22,4,11,3,42,1,3,5,238,20,37,23,18,9,3,1,111,8,17,12,5,8,8,9,21,7,16,0,0,0,307,31
2193,952,991,183,92,81,160,129,144,139,127,130,105,95,197,42,36,42,36,22,13,23,147,20,112,179,653,2,7,104,866,17,80,123,117,91,65,11,504,31,1,8,16,100,22,153,95,50,28,0,0,0,1943,284
2194,0,0,0,0,0,0,0,0,0,0,0,0,0,0,0,0,0,0,0,0,0,0,0,0,0,0,0,0,0,0,0,0,0,0,0,0,0,0,0,0,0,0,0,0,0,0,0,0,0,0,0,0,0
2195,0,0,0,0,0,0,0,0,0,0,0,0,0,0,0,0,0,0,0,0,0,0,0,0,0,0,0,0,0,0,0,0,0,0,0,0,0,0,0,0,0,0,0,0,0,0,0,0,0,0,0,0,0
2196,0,0,0,0,0,0,0,0,0,0,0,0,0,0,0,0,0,0,0,0,0,0,0,0,0,0,0,0,0,0,0,0,0,0,0,0,0,0,0,0,0,0,0,0,0,0,0,0,0,0,0,0,0
2197,0,0,0,0,0,0,0,0,0,0,0,0,0,0,0,0,0,0,0,0,0,0,0,0,0,0,0,0,0,0,0,0,0,0,0,0,0,0,0,0,0,0,0,0,0,0,0,0,0,0,0,0,0
2198,0,0,0,0,0,0,0,0,0,0,0,0,0,0,0,0,0,0,0,0,0,0,0,0,0,0,0,0,0,0,0,0,0,0,0,0,0,0,0,0,0,0,0,0,0,0,0,0,0,0,0,0,0
2199,1894,1519,0,8,2219,1027,126,21,5,3,2,2,0,0,0,0,0,0,0,0,0,0,2,1287,102,311,15,5,139,1552,0,0,0,0,0,0,0,0,0,0,0,0,0,0,0,0,0,0,3413,0,0,0,0
2200,114,676,1,3,136,427,106,39,32,11,5,2,2,0,1,2,4,5,1,3,10,0,6,37,83,155,4,6,19,480,0,0,0,0,0,0,0,0,0,0,0,0,0,0,0,0,0,0,0,502,288,0,0
2201,0,0,0,0,0,0,0,0,0,0,0,0,0,0,0,0,0,0,0,0,0,0,0,0,0,0,0,0,0,0,0,0,0,0,0,0,0,0,0,0,0,0,0,0,0,0,0,0,0,0,0,0,0
2202,870,900,76,28,35,117,170,212,165,123,97,113,92,131,35,43,78,51,30,25,36,113,11,503,52,329,7,11,78,779,212,195,143,97,30,16,13,706,162,81,42,42,86,32,26,33,72,130,0,0,0,1770,156
2203,0,0,0,0,0,0,0,0,0,0,0,0,0,0,0,0,0,0,0,0,0,0,0,0,0,0,0,0,0,0,0,0,0,0,0,0,0,0,0,0,0,0,0,0,0,0,0,0,0,0,0,0,0
2204,0,0,0,0,0,0,0,0,0,0,0,0,0,0,0,0,0,0,0,0,0,0,0,0,0,0,0,0,0,0,0,0,0,0,0,0,0,0,0,0,0,0,0,0,0,0,0,0,0,0,0,0,0
2205,249,252,31,7,8,34,30,33,32,27,33,26,40,33,9,26,23,26,28,20,17,18,3,13,5,71,2,2,10,395,42,88,31,21,11,3,4,200,26,17,14,15,22,16,25,20,22,23,0,0,0,501,39
2206,447,4121,4,6,616,2925,619,167,128,63,19,5,4,4,1,1,3,1,0,0,0,2,48,214,426,765,12,24,140,2939,0,1,3,3,0,2,0,9,0,0,0,0,4,1,1,3,0,0,0,4533,0,35,5
2207,0,0,0,0,0,0,0,0,0,0,0,0,0,0,0,0,0,0,0,0,0,0,0,0,0,0,0,0,0,0,0,0,0,0,0,0,0,0,0,0,0,0,0,0,0,0,0,0,0,0,0,0,0
2208,0,0,0,0,0,0,0,0,0,0,0,0,0,0,0,0,0,0,0,0,0,0,0,0,0,0,0,0,0,0,0,0,0,0,0,0,0,0,0,0,0,0,0,0,0,0,0,0,0,0,0,0,0
2209,0,0,0,0,0,0,0,0,0,0,0,0,0,0,0,0,0,0,0,0,0,0,0,0,0,0,0,0,0,0,0,0,0,0,0,0,0,0,0,0,0,0,0,0,0,0,0,0,0,0,0,0,0
2210,0,0,0,0,0,0,0,0,0,0,0,0,0,0,0,0,0,0,0,0,0,0,0,0,0,0,0,0,0,0,0,0,0,0,0,0,0,0,0,0,0,0,0,0,0,0,0,0,0,0,0,0,0
2211,0,0,0,0,0,0,0,0,0,0,0,0,0,0,0,0,0,0,0,0,0,0,0,0,0,0,0,0,0,0,0,0,0,0,0,0,0,0,0,0,0,0,0,0,0,0,0,0,0,0,0,0,0
2212,0,0,0,0,0,0,0,0,0,0,0,0,0,0,0,0,0,0,0,0,0,0,0,0,0,0,0,0,0,0,0,0,0,0,0,0,0,0,0,0,0,0,0,0,0,0,0,0,0,0,0,0,0
2213,0,0,0,0,0,0,0,0,0,0,0,0,0,0,0,0,0,0,0,0,0,0,0,0,0,0,0,0,0,0,0,0,0,0,0,0,0,0,0,0,0,0,0,0,0,0,0,0,0,0,0,0,0
2214,214,199,32,15,14,34,25,36,19,22,15,29,24,22,6,20,25,22,10,11,12,20,3,16,10,77,1,1,7,298,19,35,29,27,15,5,3,133,7,15,9,14,15,12,17,15,9,20,0,0,0,413,50
2215,2561,2194,0,11,2946,1571,166,34,10,6,5,4,0,0,2,0,0,0,0,0,0,0,7,1392,116,628,26,3,214,2369,0,0,0,0,0,0,0,0,0,0,0,0,0,0,0,0,0,0,4755,0,0,0,0
2216,0,0,0,0,0,0,0,0,0,0,0,0,0,0,0,0,0,0,0,0,0,0,0,0,0,0,0,0,0,0,0,0,0,0,0,0,0,0,0,0,0,0,0,0,0,0,0,0,0,0,0,0,0
2217,610,613,65,41,31,92,102,98,67,58,59,55,87,79,32,40,87,64,43,21,25,77,25,14,16,350,2,6,30,780,92,159,77,53,29,20,13,443,34,56,26,34,53,26,38,32,51,93,0,0,0,1223,115
2218,0,0,0,0,0,0,0,0,0,0,0,0,0,0,0,0,0,0,0,0,0,0,0,0,0,0,0,0,0,0,0,0,0,0,0,0,0,0,0,0,0,0,0,0,0,0,0,0,0,0,0,0,0
2219,228,270,34,25,21,33,36,33,33,26,24,29,39,21,9,22,28,26,17,8,10,24,1,12,9,113,0,3,16,344,26,52,38,23,13,10,4,166,4,16,17,19,17,14,15,28,11,25,0,0,3,495,50
2220,297,281,30,17,9,44,43,38,44,26,37,30,37,35,13,25,32,32,25,11,24,26,3,75,5,72,2,2,9,410,64,86,35,28,13,6,3,235,34,25,22,26,11,64,5,23,9,16,0,0,0,578,50
2221,117,98,13,6,6,18,11,14,7,5,13,16,19,12,5,8,15,14,10,7,8,8,1,4,1,15,1,2,3,188,10,35,13,16,4,2,0,80,1,16,10,9,5,7,5,6,9,12,0,0,0,215,22
2222,4,1,0,0,0,1,1,0,1,0,0,0,0,1,0,1,0,0,0,0,0,0,0,2,0,0,0,0,0,3,0,1,1,0,0,0,0,2,0,0,0,1,0,0,0,1,0,0,0,0,0,5,0
2223,86,72,10,6,2,11,18,8,10,8,14,9,8,10,6,8,9,6,3,2,5,5,5,3,0,7,1,2,3,137,9,20,14,7,6,0,1,57,1,10,5,4,6,3,5,8,3,12,0,0,0,158,14
2224,3,2,1,0,1,1,0,0,0,0,0,1,0,0,1,0,0,0,0,0,0,0,0,0,0,0,0,0,0,5,0,1,1,0,0,0,0,2,0,0,1,0,0,1,0,0,0,0,0,0,0,5,0
2225,0,0,0,0,0,0,0,0,0,0,0,0,0,0,0,0,0,0,0,0,0,0,0,0,0,0,0,0,0,0,0,0,0,0,0,0,0,0,0,0,0,0,0,0,0,0,0,0,0,0,0,0,0
2226,455,407,58,31,26,63,57,51,52,42,61,56,73,75,24,33,48,36,16,5,8,47,3,59,15,206,1,5,26,547,32,111,49,49,21,17,7,286,8,47,25,23,17,15,25,24,42,60,0,0,0,862,94
2227,0,0,0,0,0,0,0,0,0,0,0,0,0,0,0,0,0,0,0,0,0,0,0,0,0,0,0,0,0,0,0,0,0,0,0,0,0,0,0,0,0,0,0,0,0,0,0,0,0,0,0,0,0
2228,0,0,0,0,0,0,0,0,0,0,0,0,0,0,0,0,0,0,0,0,0,0,0,0,0,0,0,0,0,0,0,0,0,0,0,0,0,0,0,0,0,0,0,0,0,0,0,0,0,0,0,0,0
2229,0,0,0,0,0,0,0,0,0,0,0,0,0,0,0,0,0,0,0,0,0,0,0,0,0,0,0,0,0,0,0,0,0,0,0,0,0,0,0,0,0,0,0,0,0,0,0,0,0,0,0,0,0
2230,232,189,23,13,9,21,32,31,24,13,21,30,45,21,10,23,25,15,17,12,17,19,0,12,4,49,2,0,24,330,28,69,34,19,9,2,0,161,20,7,17,21,16,12,16,14,19,19,0,0,20,401,30
2231,0,0,0,0,0,0,0,0,0,0,0,0,0,0,0,0,0,0,0,0,0,0,0,0,0,0,0,0,0,0,0,0,0,0,0,0,0,0,0,0,0,0,0,0,0,0,0,0,0,0,0,0,0
2232,62,81,6,6,3,12,8,8,16,5,8,6,10,5,8,4,11,7,4,0,5,11,2,3,2,36,0,0,9,91,10,22,5,5,5,2,2,51,3,7,3,3,5,2,6,4,6,12,0,0,0,143,14
2233,0,0,0,0,0,0,0,0,0,0,0,0,0,0,0,0,0,0,0,0,0,0,0,0,0,0,0,0,0,0,0,0,0,0,0,0,0,0,0,0,0,0,0,0,0,0,0,0,0,0,0,0,0
2234,0,0,0,0,0,0,0,0,0,0,0,0,0,0,0,0,0,0,0,0,0,0,0,0,0,0,0,0,0,0,0,0,0,0,0,0,0,0,0,0,0,0,0,0,0,0,0,0,0,0,0,0,0
2235,0,0,0,0,0,0,0,0,0,0,0,0,0,0,0,0,0,0,0,0,0,0,0,0,0,0,0,0,0,0,0,0,0,0,0,0,0,0,0,0,0,0,0,0,0,0,0,0,0,0,0,0,0
2236,0,0,0,0,0,0,0,0,0,0,0,0,0,0,0,0,0,0,0,0,0,0,0,0,0,0,0,0,0,0,0,0,0,0,0,0,0,0,0,0,0,0,0,0,0,0,0,0,0,0,0,0,0
2237,12,10,0,1,0,2,1,1,1,2,2,3,3,2,0,0,1,0,0,0,2,1,0,0,0,3,0,0,0,19,1,3,2,1,0,0,0,7,1,1,0,0,0,0,2,1,1,1,0,0,5,17,1
2238,24,28,3,4,1,8,1,3,1,3,3,1,3,4,0,1,5,3,3,0,1,4,0,1,0,16,0,0,2,33,3,2,5,0,3,1,1,15,0,1,2,2,2,1,0,2,0,5,0,0,0,52,5
2239,1444,1499,0,4,1733,988,170,28,9,1,2,3,3,0,1,1,0,0,0,0,0,0,4,1097,79,411,11,2,155,1184,0,0,0,0,0,0,0,0,0,0,0,0,0,0,0,0,0,0,2943,0,0,0,0
2240,0,0,0,0,0,0,0,0,0,0,0,0,0,0,0,0,0,0,0,0,0,0,0,0,0,0,0,0,0,0,0,0,0,0,0,0,0,0,0,0,0,0,0,0,0,0,0,0,0,0,0,0,0
2241,0,0,0,0,0,0,0,0,0,0,0,0,0,0,0,0,0,0,0,0,0,0,0,0,0,0,0,0,0,0,0,0,0,0,0,0,0,0,0,0,0,0,0,0,0,0,0,0,0,0,0,0,0
2242,0,0,0,0,0,0,0,0,0,0,0,0,0,0,0,0,0,0,0,0,0,0,0,0,0,0,0,0,0,0,0,0,0,0,0,0,0,0,0,0,0,0,0,0,0,0,0,0,0,0,0,0,0
2243,431,437,53,26,31,72,44,60,56,39,45,48,58,71,28,44,52,38,28,13,19,43,10,41,30,117,4,3,46,617,50,109,49,36,24,19,8,295,8,40,22,25,21,25,33,43,24,54,0,0,9,859,87
2244,636,592,83,41,36,76,79,88,77,62,78,66,95,92,44,31,68,52,38,28,30,64,9,44,22,206,4,7,54,882,70,146,80,69,36,14,10,425,10,66,32,34,33,33,51,53,33,80,0,0,2,1226,129
2245,247,238,32,16,10,44,37,44,27,23,20,18,43,25,18,14,27,21,21,8,20,17,2,22,1,105,2,2,21,330,29,72,27,26,10,6,5,175,8,20,13,14,15,26,20,20,6,33,0,0,0,485,47
2246,0,0,0,0,0,0,0,0,0,0,0,0,0,0,0,0,0,0,0,0,0,0,0,0,0,0,0,0,0,0,0,0,0,0,0,0,0,0,0,0,0,0,0,0,0,0,0,0,0,0,0,0,0
2247,0,0,0,0,0,0,0,0,0,0,0,0,0,0,0,0,0,0,0,0,0,0,0,0,0,0,0,0,0,0,0,0,0,0,0,0,0,0,0,0,0,0,0,0,0,0,0,0,0,0,0,0,0
2248,0,0,0,0,0,0,0,0,0,0,0,0,0,0,0,0,0,0,0,0,0,0,0,0,0,0,0,0,0,0,0,0,0,0,0,0,0,0,0,0,0,0,0,0,0,0,0,0,0,0,0,0,0
2249,1184,1242,138,50,65,137,147,297,428,219,127,86,70,212,29,41,47,44,24,16,20,229,7,689,30,616,2,13,77,992,71,297,227,122,60,25,8,810,115,30,25,32,214,24,144,101,53,72,0,0,79,2347,215
2250,128,137,22,6,7,14,18,35,23,23,16,10,13,23,3,8,6,8,3,2,4,21,2,83,6,57,0,1,11,105,16,36,17,14,6,1,4,94,29,8,6,7,7,4,3,8,10,12,0,0,0,265,25
2251,165,144,9,11,7,17,24,18,20,16,12,17,25,15,8,15,29,18,12,7,18,11,3,12,1,26,0,0,15,252,19,52,18,10,11,3,1,114,10,4,14,8,12,11,15,12,12,16,0,0,11,298,25
2252,0,0,0,0,0,0,0,0,0,0,0,0,0,0,0,0,0,0,0,0,0,0,0,0,0,0,0,0,0,0,0,0,0,0,0,0,0,0,0,0,0,0,0,0,0,0,0,0,0,0,0,0,0
2253,597,637,57,36,20,59,89,183,132,104,69,61,59,82,15,34,45,42,30,20,30,67,15,624,21,88,2,6,67,411,194,174,86,54,21,8,8,545,143,80,33,30,57,21,36,52,32,61,0,0,0,1234,91
2254,1510,1475,125,65,55,205,234,272,336,247,209,161,164,213,58,93,113,97,57,49,53,179,13,1123,107,379,10,11,108,1234,340,427,241,136,51,15,22,1232,139,145,97,153,105,153,108,47,95,190,0,0,0,2985,224
2255,0,0,0,0,0,0,0,0,0,0,0,0,0,0,0,0,0,0,0,0,0,0,0,0,0,0,0,0,0,0,0,0,0,0,0,0,0,0,0,0,0,0,0,0,0,0,0,0,0,0,0,0,0
2256,222,163,21,17,16,21,23,24,25,17,17,25,31,17,12,16,28,20,8,8,15,24,4,12,0,44,0,1,12,312,31,58,29,21,7,4,1,151,13,14,11,12,16,11,23,18,17,16,0,0,0,385,33
2257,371,406,38,21,17,53,47,91,87,60,54,32,45,40,18,24,23,34,16,12,16,49,7,251,35,118,1,2,30,333,76,109,62,31,17,5,7,307,39,30,25,40,21,42,27,10,25,48,0,0,0,777,60
2258,0,0,0,0,0,0,0,0,0,0,0,0,0,0,0,0,0,0,0,0,0,0,0,0,0,0,0,0,0,0,0,0,0,0,0,0,0,0,0,0,0,0,0,0,0,0,0,0,0,0,0,0,0
2259,768,739,117,47,35,113,91,88,76,101,113,98,95,127,40,69,68,66,36,17,17,93,10,68,4,416,2,6,42,959,65,161,113,91,43,17,12,502,27,85,36,43,57,26,38,41,56,93,0,0,0,1507,163
2260,0,0,0,0,0,0,0,0,0,0,0,0,0,0,0,0,0,0,0,0,0,0,0,0,0,0,0,0,0,0,0,0,0,0,0,0,0,0,0,0,0,0,0,0,0,0,0,0,0,0,0,0,0
2261,1323,1185,135,127,117,182,147,161,132,149,171,142,196,140,79,106,125,109,51,32,46,161,19,105,18,607,4,18,70,1667,119,295,161,143,80,36,16,850,52,144,72,62,71,55,59,76,93,166,0,0,0,2508,275
2262,157,143,24,10,11,22,24,21,15,14,16,21,25,18,9,7,18,13,6,1,9,16,2,5,0,62,0,1,11,219,11,26,25,17,5,10,1,95,5,12,10,12,6,9,8,8,15,10,0,0,0,300,33
2263,525,446,46,29,15,66,59,68,63,38,48,54,81,55,30,41,63,57,36,24,31,67,6,20,4,127,2,9,31,772,77,138,70,41,15,15,6,362,44,18,34,43,34,35,37,35,43,39,0,0,30,941,77
2264,2151,2372,177,93,69,283,333,569,454,336,258,236,221,248,104,134,207,177,97,90,174,263,18,2157,95,374,26,13,177,1663,605,604,267,187,69,29,33,1794,421,253,122,112,190,91,130,170,114,191,0,0,378,4145,318
2265,391,363,27,23,7,43,58,99,88,57,53,45,33,40,14,20,27,24,11,15,18,52,3,388,12,45,0,2,41,263,107,107,56,34,14,3,5,326,84,51,19,23,27,14,25,34,16,33,0,0,0,754,56
2266,0,0,0,0,0,0,0,0,0,0,0,0,0,0,0,0,0,0,0,0,0,0,0,0,0,0,0,0,0,0,0,0,0,0,0,0,0,0,0,0,0,0,0,0,0,0,0,0,0,0,0,0,0
2267,394,393,62,20,23,73,70,49,44,34,39,44,66,57,21,29,49,22,17,19,11,38,1,10,9,193,3,4,31,536,32,69,41,66,22,8,8,246,15,37,24,33,16,24,20,20,28,29,0,0,6,781,104
2268,441,476,51,35,36,67,48,65,57,33,40,62,67,44,26,46,61,39,30,21,36,53,4,71,6,120,4,4,37,671,78,125,54,44,23,16,5,345,11,21,26,58,17,131,17,15,18,31,0,0,0,917,88
2269,1067,1065,90,47,36,121,172,231,207,170,143,129,107,108,61,70,99,77,39,34,41,150,9,646,30,437,6,3,96,905,340,332,130,107,32,10,11,962,173,103,48,42,94,55,140,65,96,146,0,0,0,2132,160
2270,1659,1696,160,81,55,158,243,335,384,282,225,183,197,212,64,90,124,121,80,50,72,239,7,1287,183,386,7,18,108,1359,408,476,272,145,63,20,20,1404,141,165,134,137,146,181,145,56,98,201,0,0,0,3355,248
2271,129,85,12,3,6,16,16,13,17,10,13,11,12,9,6,9,14,12,8,7,5,15,0,15,0,24,2,3,10,160,28,25,15,13,3,1,2,87,8,7,9,14,3,20,1,11,6,8,0,0,0,214,19
2272,1115,1180,108,36,36,128,191,323,254,203,142,100,104,138,44,56,79,57,49,32,53,162,8,1185,57,162,12,7,122,742,350,319,169,105,37,6,20,1006,246,127,65,57,100,62,65,90,70,124,0,0,0,2295,168
2273,435,384,55,20,19,61,49,75,40,38,37,48,59,59,23,28,49,40,37,12,26,44,4,20,15,123,1,1,40,615,57,109,42,50,22,10,6,296,40,19,23,25,25,29,34,39,29,33,0,0,0,819,88
2274,187,215,24,16,14,34,34,26,16,16,21,24,32,24,4,21,21,25,12,5,7,26,2,8,10,57,2,5,11,307,19,53,25,19,12,7,3,138,3,21,6,14,9,13,18,15,17,22,0,0,0,402,41
2275,363,339,27,23,13,43,47,79,100,56,53,33,28,48,12,17,23,23,15,7,10,45,4,254,37,96,1,5,34,271,89,102,42,38,13,7,3,294,29,40,27,33,38,34,27,6,21,39,0,0,0,702,61
2276,44,40,7,4,3,5,6,3,7,6,5,7,2,5,2,3,5,5,2,1,1,5,0,5,4,13,0,0,2,60,3,5,5,8,3,0,1,25,0,3,5,0,0,0,5,2,5,5,0,0,0,84,12
2277,2,0,0,0,0,0,1,0,1,0,0,0,0,0,0,0,0,0,0,0,0,0,0,0,0,0,0,0,0,2,0,1,0,0,0,0,0,1,0,0,0,0,0,0,0,1,0,0,0,0,0,2,0
2278,0,0,0,0,0,0,0,0,0,0,0,0,0,0,0,0,0,0,0,0,0,0,0,0,0,0,0,0,0,0,0,0,0,0,0,0,0,0,0,0,0,0,0,0,0,0,0,0,0,0,0,0,0
2279,0,0,0,0,0,0,0,0,0,0,0,0,0,0,0,0,0,0,0,0,0,0,0,0,0,0,0,0,0,0,0,0,0,0,0,0,0,0,0,0,0,0,0,0,0,0,0,0,0,0,0,0,0
2280,274,305,26,9,13,29,34,62,62,49,48,34,27,32,13,17,28,20,21,12,9,34,4,203,26,48,3,3,22,270,70,83,44,26,7,8,3,241,20,27,27,26,23,34,21,13,25,25,0,0,0,579,44
2281,94,110,13,5,8,12,17,12,11,6,12,8,14,16,10,5,15,10,4,6,4,16,0,9,4,18,0,0,7,166,6,17,8,14,8,6,1,60,2,9,4,2,3,4,10,9,11,6,0,0,0,204,29
2282,1674,1725,160,57,57,189,232,387,406,311,222,194,173,218,69,104,123,118,71,44,53,211,22,1379,25,355,10,11,158,1439,480,496,269,150,59,16,16,1486,116,140,97,95,179,29,266,194,151,219,0,0,0,3399,241
2283,2680,2761,239,149,89,291,419,744,599,462,341,321,241,376,95,147,197,158,81,62,90,340,19,3066,18,818,26,14,143,1337,562,704,480,287,98,29,27,2187,379,134,107,122,160,70,286,327,279,323,0,0,0,5441,441
2284,742,689,60,47,26,79,105,140,136,101,102,83,99,75,30,48,79,48,40,22,20,91,6,241,81,167,4,5,59,868,218,219,96,54,29,6,11,633,62,49,32,56,72,45,54,81,80,102,0,0,0,1431,100
2285,548,511,45,24,17,65,74,116,116,83,78,50,65,76,15,27,37,33,25,17,17,79,0,378,54,181,8,2,44,392,129,148,85,37,21,6,11,437,41,50,29,44,46,80,32,17,40,58,0,0,0,1059,75
2286,575,601,57,27,19,81,110,137,108,82,94,56,61,73,34,32,35,36,23,11,20,80,5,320,14,265,4,2,47,519,145,136,98,62,25,10,4,480,58,66,26,18,37,13,76,60,53,73,0,0,0,1176,101
2287,0,0,0,0,0,0,0,0,0,0,0,0,0,0,0,0,0,0,0,0,0,0,0,0,0,0,0,0,0,0,0,0,0,0,0,0,0,0,0,0,0,0,0,0,0,0,0,0,0,0,0,0,0
2288,407,370,55,39,21,56,50,51,49,46,43,51,48,62,19,27,33,24,14,7,11,71,24,19,11,157,0,2,14,550,42,66,46,53,28,12,5,252,29,32,7,11,31,13,16,41,34,38,0,0,0,777,98
2289,727,704,76,24,19,87,98,163,132,132,111,77,79,80,25,43,66,48,23,27,31,90,7,566,46,161,4,3,45,599,185,228,110,49,31,6,9,618,55,69,55,76,61,81,58,28,48,87,0,0,0,1431,95
2290,1253,1295,180,110,81,196,217,178,164,128,143,143,195,174,70,95,100,91,49,36,41,157,75,47,77,609,5,20,49,1666,145,225,164,158,81,50,15,838,80,96,34,25,95,40,71,129,113,155,0,0,3,2545,304
2291,433,435,51,21,13,55,68,70,64,47,43,47,54,44,24,29,49,47,25,33,37,47,5,85,6,99,4,2,20,647,115,148,45,35,14,8,8,373,49,29,19,39,18,116,11,36,30,26,0,0,0,868,65
2292,1887,1922,225,109,74,275,312,433,355,293,240,208,200,246,66,116,127,99,76,51,71,233,18,1105,36,1094,14,19,110,1413,418,428,311,214,71,20,33,1495,198,190,65,58,135,63,238,215,133,200,0,0,5,3804,338
2293,251,254,23,16,6,30,35,35,30,15,23,35,38,27,14,25,36,28,20,11,19,39,2,6,11,70,1,6,20,389,43,65,29,24,16,6,4,187,21,14,15,17,22,20,22,18,20,18,0,0,0,505,50
2294,46,58,5,0,4,5,7,8,3,4,3,5,12,4,0,3,8,5,6,2,4,16,0,1,2,20,0,0,2,79,7,16,8,3,4,0,1,39,5,5,1,3,4,3,3,4,5,6,0,0,0,104,8
2295,755,710,82,57,48,99,89,101,71,76,90,121,120,83,42,66,68,66,41,25,14,106,15,33,16,194,1,10,50,1146,52,172,96,78,51,22,9,480,24,58,57,55,23,53,19,62,53,76,0,0,9,1456,160
2296,261,240,23,18,25,31,23,38,34,22,25,33,26,29,11,22,31,24,22,17,18,29,1,39,0,73,1,2,14,371,33,75,24,29,11,7,4,183,5,12,11,41,6,72,8,6,8,14,0,0,0,501,51
2297,513,522,63,32,28,77,72,76,60,48,53,59,78,70,29,41,69,52,22,25,15,66,3,43,8,209,2,5,42,723,55,111,74,65,30,14,5,354,13,59,28,25,23,17,38,32,46,73,0,0,0,1035,114
2298,384,374,50,21,18,53,45,57,51,33,36,50,44,48,19,28,42,32,37,20,20,54,3,36,19,109,2,10,19,560,48,85,57,44,19,9,5,267,11,36,15,22,29,19,24,43,23,45,0,0,0,758,77
2299,233,217,34,9,7,29,33,41,28,24,26,28,26,29,8,20,23,28,7,12,13,25,4,13,11,67,1,2,15,337,26,69,30,25,11,4,2,167,7,23,7,14,20,14,14,24,8,36,0,0,1,449,42
2300,467,553,49,33,21,59,93,115,107,86,67,40,54,64,20,32,41,37,18,9,16,59,1,293,23,210,2,3,46,442,179,140,61,46,15,1,14,456,57,53,20,26,58,17,80,36,46,63,0,0,0,1020,76
2301,572,549,60,43,38,93,80,73,71,54,78,91,72,68,30,37,67,33,28,20,23,62,10,49,7,230,1,5,35,784,70,118,75,65,36,17,6,387,15,65,30,26,35,21,38,40,42,75,0,0,0,1121,124
2302,975,945,112,83,52,134,104,124,108,100,115,113,153,120,41,86,96,117,85,42,51,84,15,355,51,226,5,17,44,1207,130,233,154,119,33,22,10,701,23,98,73,96,57,75,85,34,50,110,0,0,8,1912,184
2303,890,860,83,30,22,91,102,210,231,151,141,93,79,118,23,60,60,58,44,16,22,116,14,680,13,217,9,5,73,739,248,261,140,76,27,12,6,770,62,90,43,47,100,23,127,90,92,96,0,0,0,1750,121
2304,95,105,21,3,5,14,6,14,10,11,10,5,17,16,5,8,17,8,5,2,8,15,4,2,0,36,1,1,2,154,11,30,10,8,5,3,3,70,5,8,13,5,4,5,7,4,6,13,0,0,0,200,19
2305,574,572,47,36,16,84,75,63,106,74,66,50,66,62,24,55,70,79,41,41,33,58,6,134,4,134,3,5,25,835,144,170,86,55,15,5,10,485,62,58,37,69,31,106,11,41,28,42,0,0,0,1146,85
2306,238,216,16,20,14,32,26,32,30,16,21,30,25,33,12,19,22,30,16,9,16,35,2,35,16,80,0,1,7,313,22,53,31,23,9,8,6,152,8,26,10,12,11,12,17,22,18,16,0,0,0,454,46
2307,184,178,29,18,7,36,30,29,17,16,19,16,24,14,11,21,17,16,3,3,9,27,15,11,0,92,0,0,14,230,30,32,23,22,7,7,4,125,10,13,7,8,16,9,11,10,18,23,0,0,0,362,40
2308,384,370,39,28,18,68,62,50,37,43,48,43,42,35,22,25,49,40,24,22,17,42,7,129,30,63,0,4,24,497,44,81,67,40,16,10,6,264,8,41,26,26,23,17,29,29,12,53,0,0,0,754,72
2309,349,363,44,29,18,58,44,50,41,46,47,49,57,40,22,24,42,25,14,11,3,48,5,40,4,141,1,5,25,491,45,84,49,35,18,16,3,250,3,40,17,15,10,16,35,30,40,44,0,0,2,710,72
2310,488,502,56,27,18,69,63,75,62,44,57,61,78,58,30,22,63,53,40,27,31,56,3,21,22,135,3,2,28,776,86,139,73,39,23,11,7,378,36,29,33,45,60,34,36,32,33,40,0,0,14,976,80
2311,1062,1075,83,46,35,116,158,196,167,150,184,135,158,123,54,85,109,90,58,36,43,111,11,413,142,202,6,11,63,1289,332,320,161,100,28,9,11,961,90,92,82,83,89,75,55,115,127,153,0,0,0,2137,148
2312,14,17,6,0,1,3,1,1,0,2,3,1,5,1,1,3,0,1,0,2,0,0,5,1,0,15,0,0,1,9,5,6,1,0,1,1,0,14,0,5,2,1,3,0,2,0,0,1,0,0,0,31,2
2313,479,441,60,32,30,81,82,81,62,44,43,44,60,64,14,30,43,34,21,11,14,70,4,52,21,291,2,6,43,501,22,66,66,61,26,18,9,268,16,44,14,20,26,22,45,26,25,30,0,0,12,908,114
2314,505,514,68,49,28,65,74,63,60,60,60,59,71,63,29,39,56,45,27,16,21,66,2,54,26,202,3,3,27,702,70,120,67,52,25,17,9,360,23,54,40,28,18,30,48,38,32,49,0,0,0,1019,103
2315,979,964,98,54,49,117,137,171,113,83,112,99,145,125,39,75,107,108,66,55,65,125,41,172,49,302,5,13,59,1302,177,276,138,97,36,18,12,754,59,48,51,82,86,120,92,80,61,75,0,0,26,1917,163
2316,965,949,131,82,51,158,163,138,146,113,114,91,128,133,50,58,84,70,35,19,22,128,37,47,67,422,3,8,54,1276,98,166,139,107,67,31,14,622,63,67,27,27,60,21,47,96,92,122,0,0,0,1914,219
2317,309,282,35,23,22,38,40,40,34,40,22,43,38,36,10,22,37,29,19,6,9,48,4,33,3,113,1,1,29,407,40,59,41,38,23,3,3,207,6,34,13,9,11,16,29,22,25,42,0,0,0,591,67
2318,0,0,0,0,0,0,0,0,0,0,0,0,0,0,0,0,0,0,0,0,0,0,0,0,0,0,0,0,0,0,0,0,0,0,0,0,0,0,0,0,0,0,0,0,0,0,0,0,0,0,0,0,0
2319,458,419,44,29,30,51,66,66,45,43,39,57,60,57,15,36,59,47,41,23,22,47,3,79,5,106,3,2,24,655,69,134,56,39,21,8,8,335,6,18,25,52,16,139,15,21,11,32,0,0,0,877,76
2320,4,4,1,0,0,1,0,0,0,1,1,0,1,0,0,2,0,0,1,0,0,0,0,0,0,3,0,0,0,5,0,1,2,0,0,0,0,3,0,1,0,0,1,0,0,1,0,0,0,0,0,8,0
2321,0,0,0,0,0,0,0,0,0,0,0,0,0,0,0,0,0,0,0,0,0,0,0,0,0,0,0,0,0,0,0,0,0,0,0,0,0,0,0,0,0,0,0,0,0,0,0,0,0,0,0,0,0
2322,623,629,87,42,47,73,73,93,87,65,99,57,76,107,40,51,50,52,31,13,20,89,7,50,19,239,1,4,67,865,69,125,83,71,39,16,13,416,3,54,32,32,25,17,65,44,59,85,0,0,3,1249,139
2323,6,8,4,0,1,0,1,2,0,1,1,2,1,0,0,0,0,1,0,0,0,0,0,0,0,8,0,0,0,6,0,3,0,0,0,0,1,4,1,0,1,0,0,0,0,1,0,1,0,0,0,14,1
2324,1608,1502,202,136,93,205,210,235,212,190,196,201,224,227,67,118,148,119,72,35,45,175,16,230,79,533,7,11,152,2082,193,304,201,174,103,51,23,1049,11,131,83,80,76,36,166,140,123,203,0,0,0,3110,351
2325,182,170,21,18,5,43,17,23,26,14,17,17,15,35,13,10,24,18,7,2,4,23,1,22,6,103,1,1,13,205,11,25,20,28,8,7,5,104,6,14,11,4,7,5,20,10,12,15,0,0,0,352,48
2326,15,14,1,0,0,3,3,2,4,2,2,2,1,1,1,2,1,1,0,1,0,2,2,0,1,9,0,0,0,17,5,2,5,0,1,0,0,13,2,1,1,2,3,0,1,0,3,0,0,0,0,29,1
2327,77,89,12,5,4,8,12,9,11,15,7,10,16,8,11,8,5,4,2,2,5,12,10,3,3,30,0,1,3,116,12,15,13,8,7,3,0,58,0,4,1,1,7,2,6,17,10,10,0,0,0,166,18
2328,390,367,39,19,21,58,59,59,47,35,53,57,51,47,19,18,36,48,23,17,13,38,11,171,18,59,2,6,31,459,49,110,51,48,18,6,2,284,11,45,34,30,25,36,29,23,20,31,0,0,0,757,74
2329,436,430,42,17,10,32,59,96,107,73,61,49,53,33,25,26,39,34,23,13,13,61,6,347,7,100,2,3,39,362,143,131,62,45,13,1,3,398,28,37,25,17,57,13,51,57,48,65,0,0,0,866,62
2330,236,242,35,16,14,26,27,39,31,31,37,27,28,40,7,7,20,17,12,14,9,41,8,16,7,129,0,4,7,307,28,41,37,23,14,5,8,156,22,16,8,6,19,5,9,25,18,28,0,0,0,478,50
2331,443,413,35,18,10,44,41,56,58,46,37,45,54,44,22,41,50,46,44,39,87,39,3,53,10,93,4,0,15,678,84,129,45,33,7,4,4,306,24,29,21,47,24,88,9,30,14,20,0,0,156,700,48
2332,72,59,13,10,3,5,10,8,9,4,10,8,13,9,4,1,7,5,3,2,1,6,1,3,1,30,0,2,2,92,8,11,6,12,7,0,0,44,7,6,1,0,4,0,7,8,3,8,0,0,0,131,19
2333,716,711,92,46,40,120,94,81,86,78,77,91,104,95,42,76,97,52,36,21,19,80,12,50,11,318,4,1,44,987,80,156,111,81,35,20,10,493,11,85,36,32,19,34,57,52,52,115,0,0,0,1427,146
2334,213,211,28,19,13,32,24,33,25,26,33,24,23,40,7,12,20,17,11,1,1,35,20,8,20,97,0,0,11,268,21,30,24,28,16,6,4,129,15,18,3,7,21,4,5,23,16,17,0,0,11,413,54
2335,141,138,18,7,9,28,13,24,20,21,17,15,21,18,8,5,17,11,2,2,3,20,9,13,4,42,0,2,6,203,17,31,19,18,10,1,2,98,12,10,1,4,8,1,13,20,10,19,0,0,0,279,31
2336,0,0,0,0,0,0,0,0,0,0,0,0,0,0,0,0,0,0,0,0,0,0,0,0,0,0,0,0,0,0,0,0,0,0,0,0,0,0,0,0,0,0,0,0,0,0,0,0,0,0,0,0,0
2337,118,116,18,3,4,28,13,21,13,16,10,16,15,15,5,6,12,6,8,3,4,18,0,2,11,33,0,2,1,185,31,18,15,13,11,1,1,90,8,10,2,5,15,8,9,7,11,15,0,0,0,234,26
2338,28,33,3,4,5,2,2,2,6,2,4,3,5,1,4,1,7,3,3,0,1,3,2,0,5,27,0,0,3,24,4,5,8,3,1,1,0,22,5,3,1,1,2,2,2,3,0,3,0,0,0,61,5
2339,198,209,12,14,8,35,26,34,32,23,19,16,19,33,6,15,19,17,13,13,13,40,0,39,19,119,0,1,5,224,19,47,27,17,11,8,5,134,9,16,4,10,21,3,14,18,9,30,0,0,0,407,41
2340,223,196,24,17,12,32,41,33,25,15,22,33,18,26,12,12,15,11,7,12,15,37,8,8,16,129,0,3,8,247,22,30,28,17,17,7,7,128,9,17,6,5,17,5,9,12,24,24,0,0,0,419,48
2341,617,617,77,33,21,84,69,78,66,59,68,81,103,63,38,42,68,77,54,51,39,63,10,105,11,127,3,7,30,941,67,194,82,59,27,12,11,452,8,45,38,51,14,138,35,49,24,50,0,0,0,1234,109
2342,0,0,0,0,0,0,0,0,0,0,0,0,0,0,0,0,0,0,0,0,0,0,0,0,0,0,0,0,0,0,0,0,0,0,0,0,0,0,0,0,0,0,0,0,0,0,0,0,0,0,0,0,0
2343,575,549,78,47,41,85,74,66,72,46,64,89,91,58,26,40,65,54,37,20,24,47,9,49,9,215,3,5,43,791,47,140,67,66,34,16,8,378,7,54,22,31,24,24,43,44,54,75,0,0,0,1124,124
2344,1092,1099,132,67,44,155,145,151,163,123,141,128,170,119,75,83,128,98,66,41,43,119,19,96,71,381,4,16,64,1540,151,292,138,119,62,22,12,796,46,126,63,59,68,54,131,71,59,119,0,0,27,2164,215
2345,336,298,33,17,17,58,33,43,34,28,39,39,43,37,16,28,28,40,28,11,12,50,7,15,3,66,0,5,23,515,39,84,30,34,17,10,7,221,1,44,20,21,7,32,14,19,20,43,0,0,0,634,68
2346,210,218,27,9,8,27,30,30,22,22,25,32,36,20,15,16,25,25,15,7,13,24,9,7,3,22,2,0,17,368,29,69,29,22,10,5,0,164,1,29,10,22,5,17,6,20,20,34,0,0,6,422,37
2347,1287,1320,169,93,75,197,140,171,202,169,163,152,185,187,72,85,118,106,66,52,39,166,25,77,100,638,7,14,89,1657,230,231,174,118,60,62,20,895,123,55,36,45,126,42,95,138,112,123,0,0,85,2522,260
2348,15,20,0,1,0,2,6,4,3,0,1,2,2,2,0,2,1,5,1,0,1,2,0,0,0,0,0,0,0,35,2,6,4,1,1,0,0,14,0,1,0,1,1,7,0,0,4,0,0,0,0,35,2
2349,397,385,34,27,27,66,58,50,57,44,41,40,53,54,15,19,44,30,21,15,24,63,3,52,39,146,1,2,39,500,52,84,49,33,26,16,7,267,9,41,23,13,25,24,54,24,26,28,0,0,0,782,82
2350,40,38,5,3,1,9,8,7,4,3,5,9,7,3,1,4,1,1,1,0,1,5,0,0,0,13,0,1,1,63,6,5,6,7,2,1,0,27,3,0,2,0,4,2,3,3,3,7,0,0,0,78,10
2351,406,410,52,34,17,73,65,51,53,45,46,47,64,83,24,22,28,22,12,10,11,57,33,11,30,175,6,7,31,523,38,61,65,50,28,12,6,260,19,28,11,8,42,8,22,39,30,53,0,0,0,816,96
2352,90,89,12,3,2,11,15,13,16,12,7,9,11,11,3,13,12,9,3,3,3,11,3,28,17,46,0,0,2,83,16,32,10,5,7,1,1,72,5,18,3,3,9,2,12,4,9,7,0,0,0,179,14
2353,312,270,30,24,18,41,28,43,33,28,34,47,49,44,20,27,27,17,14,10,16,32,8,8,2,101,1,3,16,443,17,72,35,31,19,12,3,189,16,25,9,8,14,22,17,22,21,35,0,0,0,582,65
2354,205,196,15,7,11,22,26,24,23,23,28,26,32,23,13,14,30,17,19,9,17,22,3,45,4,27,1,2,19,300,38,63,33,17,10,2,1,164,20,14,13,23,5,49,2,19,10,9,0,0,0,401,30
2355,295,312,32,11,16,53,54,42,27,36,37,35,41,40,19,24,40,25,18,10,6,41,7,13,6,166,2,1,29,383,38,71,41,33,19,6,5,213,15,23,17,20,27,12,21,23,15,40,0,0,0,607,63
2356,538,542,58,29,29,63,76,75,87,58,64,59,74,68,27,53,55,52,37,31,29,56,39,81,36,187,0,6,36,695,94,158,70,54,21,7,12,416,41,24,29,46,49,70,45,35,35,42,0,0,0,1080,94
2357,922,892,80,48,46,111,119,139,112,97,97,103,136,98,56,77,121,97,81,44,66,86,9,204,51,241,4,4,39,1262,247,293,111,85,24,12,14,786,50,63,57,86,132,80,95,62,64,97,0,0,0,1814,135
2358,21,22,1,1,2,1,1,3,3,3,2,5,1,4,2,1,4,3,3,1,2,0,0,0,0,11,0,0,0,32,1,7,2,3,2,0,0,15,2,0,1,2,1,2,1,1,2,3,0,0,0,43,5
2359,479,452,67,40,31,73,58,73,48,46,48,42,81,54,31,39,56,38,27,16,13,50,5,34,10,168,1,4,39,670,31,94,64,48,30,18,6,291,11,28,23,23,31,20,34,46,35,40,0,0,22,909,102
2360,663,647,91,45,29,86,86,95,86,66,73,67,87,103,35,48,81,56,45,16,31,84,9,55,57,246,3,3,32,905,116,127,85,64,34,24,14,464,60,32,27,24,66,20,59,71,47,58,0,0,0,1310,136
2361,479,448,64,33,20,66,75,55,56,44,46,52,75,72,28,36,56,36,25,10,16,62,5,25,60,182,1,2,34,618,82,83,49,54,27,15,11,321,36,20,15,10,57,21,28,48,39,47,0,0,0,927,107
2362,367,355,41,24,20,63,37,34,34,26,38,46,58,33,13,39,47,45,33,26,28,37,3,14,10,101,0,2,26,566,76,104,37,41,11,8,6,283,31,24,16,29,40,23,32,21,32,35,0,0,10,712,66
2363,1,0,0,0,0,0,0,0,1,0,0,0,0,0,0,0,0,0,0,0,0,0,0,0,0,0,0,0,0,1,1,0,0,0,0,0,0,1,0,0,0,0,0,0,0,0,0,1,0,0,0,1,0
2364,958,864,100,39,42,134,144,131,114,96,94,120,119,87,33,91,109,93,75,39,63,99,10,255,41,300,2,9,56,1149,243,280,116,66,42,18,11,776,46,81,57,66,122,101,85,73,57,88,0,0,0,1822,137
2365,568,585,89,38,42,95,84,77,76,76,68,65,81,65,26,40,49,36,34,15,19,78,8,61,20,234,2,6,70,752,69,115,58,74,48,12,9,385,18,65,29,37,21,6,32,47,43,87,0,0,0,1153,143
2366,797,733,98,49,49,137,114,121,93,99,83,88,106,97,43,46,73,45,35,24,30,100,4,138,25,354,5,11,77,916,93,122,108,93,56,17,13,502,23,95,25,29,30,27,40,93,53,87,0,0,3,1527,179
2367,455,481,68,28,15,91,52,67,77,71,69,49,58,88,18,25,35,24,17,20,11,53,5,82,25,199,3,5,45,572,73,83,70,54,30,16,3,329,15,51,24,25,14,21,29,53,40,57,0,0,0,936,103
2368,333,304,39,18,17,61,50,45,39,29,36,35,42,50,14,21,38,15,18,13,15,42,2,23,31,164,2,3,22,390,46,54,40,33,24,9,7,213,37,12,10,9,28,7,23,32,23,32,0,0,0,637,73
2369,482,555,84,37,24,68,77,82,61,57,56,60,69,59,31,44,55,47,29,15,25,57,10,21,4,264,3,6,54,675,61,118,60,66,28,14,8,355,16,43,16,19,22,21,48,54,39,77,0,0,4,1033,116
2370,86,101,6,4,6,17,14,18,11,13,8,14,11,18,8,8,7,7,4,1,5,7,2,27,7,38,1,0,7,105,11,17,18,8,6,3,1,64,6,7,2,1,8,3,16,9,4,8,0,0,0,187,18
2371,432,427,57,28,27,61,62,68,54,47,41,63,70,59,16,30,48,31,16,15,19,47,14,72,35,190,0,2,25,521,72,100,48,54,17,14,7,312,16,41,21,20,35,17,37,34,34,57,0,0,0,859,92
2372,317,331,30,17,14,43,57,53,39,38,28,34,49,39,21,27,35,42,26,7,13,36,29,7,6,146,3,4,8,445,63,89,36,31,14,7,8,248,20,31,22,12,26,14,29,12,33,49,0,0,0,648,60
2373,320,308,43,21,20,51,50,32,41,36,44,42,45,45,13,24,34,21,12,5,12,37,1,43,3,118,2,4,34,423,45,65,36,38,24,7,3,218,16,31,22,20,13,3,13,29,22,49,0,0,6,622,72
2374,494,418,31,18,11,51,35,49,54,46,33,36,46,43,12,24,38,39,59,99,156,32,3,27,15,103,3,4,19,738,94,85,30,28,10,3,9,259,24,22,12,18,22,47,25,28,24,37,0,0,306,606,50
2375,196,34,0,0,6,41,23,23,32,25,25,29,8,0,5,1,3,1,1,4,3,0,6,10,48,55,2,1,1,107,0,0,0,0,0,0,0,0,0,0,0,0,0,0,0,0,0,0,0,0,230,0,0
2376,1212,1210,138,93,61,170,156,167,205,163,145,125,166,189,59,91,127,82,64,33,43,145,23,272,98,318,4,9,98,1600,141,241,183,134,76,30,19,824,55,98,51,64,98,59,84,87,106,122,0,0,0,2422,259
2377,4,0,0,1,1,1,0,0,0,0,0,1,0,0,0,0,0,0,0,0,0,0,0,1,0,0,0,0,3,0,1,0,1,0,0,0,0,2,0,0,0,1,0,0,0,0,0,1,0,0,0,4,0
2378,697,673,70,34,27,115,75,90,79,68,67,72,108,80,44,67,90,75,62,30,47,70,5,30,18,218,0,7,30,1062,126,215,83,54,31,15,13,537,58,39,42,57,55,52,62,54,44,74,0,0,0,1370,113
2379,485,483,31,20,20,67,72,73,64,58,48,60,74,48,26,45,62,53,41,28,33,45,33,137,18,148,2,6,36,588,93,172,60,43,15,6,8,397,23,23,29,46,48,70,52,35,30,41,0,0,6,962,72
2380,118,122,12,6,4,11,16,22,18,17,11,15,10,18,7,11,11,8,8,6,14,15,3,9,1,34,0,2,5,186,44,42,7,7,5,1,4,110,8,11,6,8,8,18,10,17,11,13,0,0,0,240,17
2381,0,0,0,0,0,0,0,0,0,0,0,0,0,0,0,0,0,0,0,0,0,0,0,0,0,0,0,0,0,0,0,0,0,0,0,0,0,0,0,0,0,0,0,0,0,0,0,0,0,0,0,0,0
2382,0,0,0,0,0,0,0,0,0,0,0,0,0,0,0,0,0,0,0,0,0,0,0,0,0,0,0,0,0,0,0,0,0,0,0,0,0,0,0,0,0,0,0,0,0,0,0,0,0,0,0,0,0
2383,208,221,17,11,6,25,37,26,28,24,24,24,25,18,14,15,32,27,29,12,18,17,1,36,1,40,2,0,24,325,42,90,17,18,8,2,4,181,4,19,19,26,8,65,7,9,4,20,0,0,0,429,32
2384,39,52,6,1,3,9,7,11,4,2,4,5,11,3,4,4,3,2,1,0,3,8,0,1,0,17,0,0,4,69,11,7,5,6,1,1,2,33,2,4,2,4,5,2,0,3,1,10,0,0,0,91,10
2385,695,675,85,47,43,107,70,97,86,70,88,103,97,85,43,64,84,49,32,20,26,74,6,136,16,262,4,4,16,926,96,157,98,58,41,17,16,483,17,83,43,42,38,28,47,47,51,87,0,0,0,1370,132
2386,296,254,10,9,11,43,44,34,30,30,27,40,51,15,16,28,43,40,27,14,19,19,5,44,0,32,0,0,15,454,51,117,46,19,9,1,0,243,7,34,27,37,13,60,10,9,15,31,0,0,0,550,29
2387,949,904,84,57,40,130,133,124,102,78,97,104,174,101,50,68,112,108,81,51,75,84,14,134,19,182,5,2,52,1445,129,317,127,84,38,21,7,723,9,85,50,115,24,204,57,62,44,73,0,0,0,1853,150
2388,0,0,0,0,0,0,0,0,0,0,0,0,0,0,0,0,0,0,0,0,0,0,0,0,0,0,0,0,0,0,0,0,0,0,0,0,0,0,0,0,0,0,0,0,0,0,0,0,0,0,0,0,0
2389,69,77,4,2,4,3,7,8,15,9,11,9,12,10,4,4,8,10,6,5,6,9,0,2,0,9,1,1,1,132,34,22,7,6,3,0,1,73,5,0,5,7,7,13,6,9,7,14,0,0,0,146,10
2390,393,378,48,27,16,51,54,36,40,47,46,32,70,61,28,34,49,42,19,10,17,44,3,16,5,54,0,4,23,666,45,101,54,32,28,13,2,275,1,43,27,30,20,21,17,33,29,54,0,0,0,771,75
2391,306,318,33,20,21,51,41,45,48,28,39,29,34,45,18,31,27,29,14,13,10,48,2,55,4,119,0,10,11,423,45,61,45,32,19,8,6,216,5,38,24,21,18,14,19,15,23,39,0,0,0,624,65
2392,73,83,10,1,5,7,12,11,13,6,11,7,12,12,6,7,8,9,6,6,3,4,2,11,6,2,1,0,0,134,39,15,7,8,4,1,1,75,5,7,7,10,3,15,3,12,8,5,0,0,0,156,14
2393,95,89,6,2,0,4,9,8,10,13,17,11,18,8,9,9,20,11,8,5,12,4,1,12,3,9,0,1,2,156,32,39,9,5,3,2,0,90,6,7,7,10,9,18,12,11,5,5,0,0,0,184,10
2394,27,50,5,1,5,3,1,5,7,7,4,8,5,6,1,1,6,5,0,0,1,6,0,9,0,8,0,0,6,54,2,12,5,3,2,1,1,26,1,5,4,2,2,1,1,1,2,7,0,0,0,77,7
2395,224,188,10,7,10,30,26,29,19,21,23,23,27,24,9,21,26,31,17,14,16,29,1,17,1,54,0,4,8,327,44,73,26,20,5,5,1,174,1,14,19,27,6,58,2,8,9,30,0,0,0,412,31
2396,634,569,86,48,30,97,76,84,67,70,81,84,99,77,30,46,57,40,21,24,22,64,7,66,1,219,1,10,70,829,60,128,98,63,43,10,8,410,15,56,41,32,29,18,37,59,41,82,0,0,2,1201,124
2397,41,42,1,0,0,1,10,11,5,4,10,12,5,0,1,4,6,3,3,2,3,2,0,2,1,6,0,0,1,73,21,24,3,0,1,0,0,49,1,6,2,5,2,8,5,9,7,4,0,0,0,83,1
2398,182,173,15,13,8,36,28,19,13,22,16,14,34,23,12,17,25,17,11,8,7,17,2,22,6,112,0,1,8,204,26,43,19,21,11,4,2,126,12,19,10,3,20,4,17,9,13,19,0,0,6,349,38
2399,0,0,0,0,0,0,0,0,0,0,0,0,0,0,0,0,0,0,0,0,0,0,0,0,0,0,0,0,0,0,0,0,0,0,0,0,0,0,0,0,0,0,0,0,0,0,0,0,0,0,0,0,0
2400,353,325,52,26,13,29,35,60,39,35,52,49,44,49,22,23,37,28,17,10,14,44,3,44,10,163,1,2,39,416,24,68,54,47,19,3,7,222,14,34,15,22,12,8,18,44,26,29,0,0,0,678,76
2401,5,6,0,1,1,1,1,1,1,0,2,0,0,2,0,1,0,0,0,0,0,0,0,0,0,0,0,0,0,11,1,2,0,0,0,1,0,4,1,0,0,0,0,1,0,1,0,1,0,0,0,11,1
2402,764,680,102,43,21,107,95,111,92,68,69,98,124,110,28,54,72,61,48,25,30,86,6,159,40,336,4,3,46,850,87,162,98,70,44,24,11,496,32,91,36,19,85,16,68,40,35,74,0,0,5,1439,149
2403,628,575,50,37,25,97,95,74,65,66,50,73,82,64,41,50,77,79,49,24,25,80,18,41,6,210,4,6,29,889,86,180,68,62,26,15,10,447,26,51,38,49,18,34,54,48,46,83,0,0,0,1203,113
2404,199,182,36,14,17,29,29,21,21,18,24,31,25,18,11,15,17,15,7,5,7,21,0,10,4,85,1,0,8,273,21,29,27,21,12,6,5,121,7,19,13,10,4,10,11,10,12,25,0,0,0,381,44
2405,154,141,20,10,9,17,22,19,27,17,16,16,22,16,4,14,14,13,10,8,3,18,1,47,16,32,0,1,24,174,22,25,24,18,7,5,1,102,4,9,8,8,7,7,14,21,9,15,0,0,6,289,31
2406,942,918,102,57,29,131,136,159,144,112,119,108,129,112,37,55,88,80,51,46,49,116,6,501,59,433,8,8,86,759,143,266,146,95,37,21,7,715,82,93,55,45,70,40,96,92,58,84,0,0,0,1860,160
2407,803,759,72,37,43,115,105,136,92,86,96,109,110,75,43,60,87,71,55,33,39,98,9,196,12,350,4,6,69,916,125,209,128,77,29,18,8,594,36,62,70,49,35,38,113,63,61,67,0,0,9,1553,132
2408,0,0,0,0,0,0,0,0,0,0,0,0,0,0,0,0,0,0,0,0,0,0,0,0,0,0,0,0,0,0,0,0,0,0,0,0,0,0,0,0,0,0,0,0,0,0,0,0,0,0,0,0,0
2409,960,912,98,40,34,135,142,131,113,112,115,116,151,122,69,81,113,89,42,20,51,98,19,112,55,299,2,8,65,1312,141,272,130,84,46,21,13,707,52,118,50,70,59,47,100,92,47,72,0,0,1,1871,164
2410,188,200,16,7,8,32,22,17,24,25,19,21,28,35,11,14,24,22,22,9,15,17,5,12,0,35,0,3,14,319,23,56,18,22,12,7,1,139,1,24,21,16,9,19,12,7,12,18,0,0,0,388,42
2411,642,644,88,30,24,93,95,87,114,81,88,80,93,87,35,38,62,45,31,23,26,66,8,331,53,338,4,3,48,501,102,162,110,74,27,10,5,490,60,56,26,33,46,26,66,73,38,66,0,0,0,1286,116
2412,343,308,36,16,15,42,54,67,52,39,23,27,31,33,11,17,36,35,32,21,29,35,4,27,3,84,0,1,14,518,98,117,39,18,11,3,7,293,15,29,20,40,21,69,19,26,27,27,0,0,0,651,39
2413,138,139,16,5,6,23,17,19,9,20,15,16,23,15,10,14,20,13,2,3,6,25,5,9,1,78,0,0,15,169,11,36,21,8,6,6,4,92,5,10,2,8,8,3,17,6,7,26,0,0,0,277,24
2414,500,531,62,39,30,89,60,63,67,54,49,71,90,73,28,28,51,36,27,17,23,74,9,44,7,209,3,5,30,724,39,109,70,55,27,26,6,332,19,50,20,17,25,26,40,33,39,63,0,0,6,1025,114
2415,579,584,67,45,28,80,80,78,95,71,61,76,67,93,48,46,64,35,20,19,25,65,9,55,59,185,6,9,45,795,116,116,76,69,23,21,5,426,54,31,12,32,67,30,46,48,46,60,0,0,29,1134,118
2416,23,20,0,2,3,2,2,1,1,1,5,2,5,7,0,0,1,1,3,2,5,0,0,1,2,6,0,0,0,34,10,5,0,2,1,0,1,19,1,2,2,2,1,3,2,3,3,0,0,0,2,41,4
2417,112,128,11,3,3,17,8,24,11,11,9,17,18,12,6,10,24,18,11,3,11,13,1,5,0,9,1,0,5,219,18,29,17,11,9,4,0,88,0,15,6,11,2,16,5,10,6,17,0,0,0,240,24
2418,5,17,0,0,0,3,2,1,2,1,3,1,5,0,1,0,1,0,0,0,2,0,0,2,3,4,0,1,0,12,3,2,0,0,0,0,0,5,0,0,0,0,1,1,1,2,0,0,0,0,15,7,0
2419,789,737,95,75,43,102,100,93,98,72,98,85,114,115,36,45,97,76,42,29,19,92,5,31,5,352,4,3,60,1066,84,180,112,84,45,22,6,533,19,65,25,31,36,41,75,69,60,112,0,0,6,1520,157
2420,50,39,8,4,5,6,3,4,6,6,5,5,9,4,0,2,8,4,0,2,1,7,0,0,0,19,0,0,1,69,6,10,3,4,4,3,0,30,4,7,1,0,6,1,6,1,0,4,0,0,0,89,11
2421,42,45,4,5,4,12,6,3,3,5,6,6,5,3,2,0,7,4,4,2,3,3,0,1,0,18,0,0,1,67,18,11,3,3,2,0,2,39,2,3,2,4,4,10,5,4,4,1,0,0,0,87,7
2422,133,130,15,7,3,13,24,14,13,11,21,13,11,14,9,13,18,19,13,2,8,22,0,19,3,32,3,3,9,194,16,44,18,10,4,2,4,98,2,24,11,14,6,24,5,0,4,8,0,0,0,263,20
2423,633,580,32,26,17,67,94,121,106,85,70,56,73,61,33,39,55,65,48,26,56,83,9,45,9,158,5,4,24,959,222,187,55,51,20,8,12,555,23,42,33,51,50,108,51,85,57,55,0,0,0,1213,91
2424,134,128,19,5,5,12,14,11,15,5,11,21,22,17,8,12,20,21,11,12,8,13,1,19,2,31,1,0,7,201,20,46,14,11,6,3,2,102,4,15,12,8,10,26,4,2,7,14,0,0,0,262,22
2425,446,464,48,24,16,70,65,58,73,49,51,63,58,70,27,42,41,44,23,17,31,40,14,71,15,167,1,2,29,611,75,132,62,45,25,8,4,351,20,45,30,28,27,20,57,48,31,45,0,0,0,910,82
2426,590,605,61,34,37,104,88,79,71,77,63,76,90,75,32,44,45,53,33,27,28,78,5,28,2,306,1,2,68,783,68,145,70,66,38,15,10,412,20,47,14,7,28,27,54,65,63,87,0,0,0,1195,129
2427,41,29,7,0,4,4,8,3,3,3,7,4,4,2,4,2,4,2,1,1,4,3,1,3,2,14,1,0,3,46,16,12,4,1,0,1,1,35,6,5,1,4,5,5,5,1,2,1,0,0,0,70,3
2428,120,121,13,11,8,19,14,19,17,9,12,16,14,20,3,10,13,10,4,4,6,19,1,13,1,68,1,1,6,150,12,22,19,14,10,1,2,80,2,15,2,13,9,9,4,7,7,12,0,0,0,241,27
2429,723,638,80,52,32,103,98,85,90,87,96,95,126,94,35,44,55,55,33,15,21,65,6,78,10,338,5,6,50,868,95,195,108,54,35,19,6,512,22,70,47,52,35,51,35,54,45,101,0,0,0,1361,114
2430,1,1,0,0,0,0,0,0,0,0,0,0,0,0,0,0,0,1,1,0,0,0,0,0,0,0,0,0,0,2,0,1,0,0,0,0,0,1,0,1,0,0,0,0,0,0,0,0,0,0,0,2,0
2431,380,335,57,28,26,50,46,32,42,48,38,52,53,51,16,29,46,26,17,12,14,32,5,53,17,138,3,2,28,469,54,94,38,40,17,16,2,261,7,43,19,29,22,15,23,26,25,52,0,0,0,715,75
2432,377,349,59,23,20,53,46,38,58,27,41,50,42,64,11,31,39,27,24,13,14,46,3,21,15,167,2,1,35,482,41,60,44,43,17,20,7,232,14,39,16,13,12,11,28,21,32,46,0,0,0,726,87
2433,292,285,30,16,17,90,65,35,38,16,32,24,30,39,11,20,23,11,14,10,13,43,9,42,2,194,1,3,34,292,18,45,36,39,18,8,8,172,11,30,10,7,6,13,12,21,22,40,0,0,0,577,73
2434,306,280,32,28,21,52,37,32,44,42,28,29,39,45,17,26,30,17,14,5,7,41,17,24,3,166,7,4,24,341,36,73,34,31,16,8,6,204,12,26,13,15,25,8,15,27,20,43,0,0,0,586,61
2435,0,0,0,0,0,0,0,0,0,0,0,0,0,0,0,0,0,0,0,0,0,0,0,0,0,0,0,0,0,0,0,0,0,0,0,0,0,0,0,0,0,0,0,0,0,0,0,0,0,0,0,0,0
2436,243,282,24,13,6,32,48,50,33,30,28,32,33,28,12,16,32,23,21,15,22,27,4,21,9,79,3,4,4,401,95,89,19,20,5,7,6,241,14,22,12,28,20,46,25,31,24,19,0,0,0,525,38
2437,0,0,0,0,0,0,0,0,0,0,0,0,0,0,0,0,0,0,0,0,0,0,0,0,0,0,0,0,0,0,0,0,0,0,0,0,0,0,0,0,0,0,0,0,0,0,0,0,0,0,0,0,0
2438,409,414,38,30,28,49,55,50,61,40,38,53,62,27,17,29,55,47,44,31,37,32,1,58,11,90,5,0,26,632,82,142,59,35,15,4,5,342,10,55,18,65,14,90,14,15,14,47,0,0,0,823,59
2439,102,79,10,11,8,18,16,15,10,13,10,10,10,9,5,2,9,1,1,4,7,12,1,10,5,44,2,0,10,109,12,13,17,11,6,3,0,62,4,11,6,3,1,10,6,7,4,10,0,0,0,181,20
2440,380,359,44,18,24,46,40,41,38,33,37,46,63,38,27,26,49,49,45,26,26,23,3,56,23,114,1,6,17,519,48,133,46,44,13,5,2,291,15,28,20,51,27,95,8,16,12,19,0,0,0,739,64
2441,639,130,0,1,29,98,134,93,59,69,74,61,45,0,20,18,25,9,10,7,17,0,10,35,142,201,2,4,1,374,0,0,0,0,0,0,0,0,0,0,0,0,0,0,0,0,0,0,0,0,769,0,0
2442,282,273,34,14,15,37,40,46,32,26,30,35,36,35,18,14,40,24,20,7,10,42,11,17,1,159,0,4,20,343,27,60,34,36,15,9,4,185,12,17,13,14,21,18,25,18,17,30,0,0,0,555,64
2443,393,379,58,33,16,59,65,50,38,44,45,52,37,62,21,30,34,35,19,12,11,51,5,54,2,191,1,3,29,487,43,82,53,39,23,13,7,260,9,56,25,25,5,34,17,23,21,45,0,0,0,772,82
2444,0,0,0,0,0,0,0,0,0,0,0,0,0,0,0,0,0,0,0,0,0,0,0,0,0,0,0,0,0,0,0,0,0,0,0,0,0,0,0,0,0,0,0,0,0,0,0,0,0,0,0,0,0
2445,1746,1670,178,105,65,224,231,233,249,227,223,248,246,206,97,159,196,139,100,56,58,176,8,768,153,427,9,11,145,1895,321,482,249,179,78,21,19,1349,45,188,138,190,51,249,97,97,91,203,0,0,0,3416,297
2446,1008,1007,83,51,45,148,146,135,142,119,158,134,155,102,68,85,109,119,62,24,22,108,14,495,90,253,2,5,81,1075,191,307,145,97,45,11,12,808,21,89,83,119,34,141,63,41,84,133,0,0,0,2015,165
2447,74,89,10,7,5,17,12,10,11,8,7,9,10,5,6,12,12,10,4,1,2,5,7,4,1,20,0,0,1,130,10,24,8,11,5,2,0,60,4,10,3,6,4,3,14,5,4,7,0,0,0,163,18
2448,140,163,17,5,8,23,19,17,21,19,18,10,24,27,5,18,13,15,9,4,15,16,2,20,13,47,3,1,13,204,42,32,17,16,4,5,4,120,12,7,2,6,18,5,15,14,22,19,0,0,0,303,29
2449,0,0,0,0,0,0,0,0,0,0,0,0,0,0,0,0,0,0,0,0,0,0,0,0,0,0,0,0,0,0,0,0,0,0,0,0,0,0,0,0,0,0,0,0,0,0,0,0,0,0,0,0,0
2450,205,211,31,15,10,33,37,17,24,15,25,20,34,25,10,28,23,12,13,5,7,32,11,22,0,70,0,3,6,304,22,48,21,23,9,7,7,137,6,10,14,19,9,21,23,12,7,16,0,0,0,416,46
2451,0,0,0,0,0,0,0,0,0,0,0,0,0,0,0,0,0,0,0,0,0,0,0,0,0,0,0,0,0,0,0,0,0,0,0,0,0,0,0,0,0,0,0,0,0,0,0,0,0,0,0,0,0
2452,0,0,0,0,0,0,0,0,0,0,0,0,0,0,0,0,0,0,0,0,0,0,0,0,0,0,0,0,0,0,0,0,0,0,0,0,0,0,0,0,0,0,0,0,0,0,0,0,0,0,0,0,0
2453,0,0,0,0,0,0,0,0,0,0,0,0,0,0,0,0,0,0,0,0,0,0,0,0,0,0,0,0,0,0,0,0,0,0,0,0,0,0,0,0,0,0,0,0,0,0,0,0,0,0,0,0,0
2454,79,85,7,3,4,15,18,8,9,9,8,11,17,7,1,5,10,7,8,5,8,4,1,2,1,22,0,0,10,128,18,26,8,11,1,2,1,67,3,9,8,9,3,6,8,8,4,9,0,0,0,164,15
2455,735,723,84,59,31,90,90,94,91,102,101,102,106,79,50,54,74,65,39,28,38,81,10,92,10,314,7,10,45,970,133,199,103,74,35,13,7,564,45,64,56,83,35,58,89,33,45,56,0,0,12,1446,129
2456,797,791,78,28,41,98,121,142,111,101,93,93,100,101,38,67,95,56,64,32,37,92,35,261,106,255,7,4,38,882,138,238,121,65,30,16,13,621,10,72,43,49,29,37,70,83,96,132,0,0,0,1588,124
2457,817,806,106,49,36,111,113,137,101,78,92,95,133,102,40,53,101,77,44,28,25,102,7,135,54,443,3,8,25,948,106,200,115,98,34,20,11,584,50,89,29,29,107,17,77,52,44,90,0,0,0,1623,163
2458,329,298,18,12,12,32,36,51,58,48,38,27,46,37,19,22,36,27,16,17,39,36,2,8,6,59,0,3,13,536,92,101,39,17,14,4,1,268,10,27,18,27,30,42,28,42,16,28,0,0,46,581,36
2459,214,212,33,19,9,27,15,24,29,21,25,29,38,20,19,14,26,20,22,10,7,19,2,17,10,105,0,2,10,280,28,43,36,20,15,4,3,149,15,21,10,7,20,7,22,12,16,19,0,0,0,426,42
2460,0,0,0,0,0,0,0,0,0,0,0,0,0,0,0,0,0,0,0,0,0,0,0,0,0,0,0,0,0,0,0,0,0,0,0,0,0,0,0,0,0,0,0,0,0,0,0,0,0,0,0,0,0
2461,88,115,9,6,6,17,14,20,19,9,9,9,7,17,7,5,11,10,5,4,7,12,3,11,2,13,0,0,3,171,15,26,14,7,7,4,1,74,10,10,9,5,6,16,3,5,3,7,0,0,0,203,19
2462,42,35,2,1,2,4,6,10,6,2,7,4,1,3,2,2,11,1,2,2,3,6,1,7,2,12,0,1,3,51,2,6,6,3,5,0,1,23,4,1,1,2,2,1,4,2,2,4,0,0,0,77,9
2463,0,0,0,0,0,0,0,0,0,0,0,0,0,0,0,0,0,0,0,0,0,0,0,0,0,0,0,0,0,0,0,0,0,0,0,0,0,0,0,0,0,0,0,0,0,0,0,0,0,0,0,0,0
2464,372,354,58,31,23,52,55,40,57,43,46,53,49,39,21,15,28,29,18,11,11,47,9,14,13,150,3,4,33,500,48,91,41,40,23,11,4,258,15,56,13,20,14,15,23,27,26,49,0,0,0,726,78
2465,312,299,30,26,16,25,37,48,58,44,40,24,50,50,10,22,27,16,22,14,8,44,1,8,3,66,0,6,19,508,79,79,41,25,19,4,4,251,9,20,20,26,21,48,22,31,24,30,0,0,0,611,52
2466,620,655,64,35,35,87,96,95,104,86,81,82,83,91,29,37,61,55,25,18,32,79,8,294,48,333,1,2,42,547,107,161,102,62,32,14,6,484,70,68,21,31,42,27,68,61,42,54,0,0,0,1275,114
2467,295,285,21,20,10,30,41,37,35,37,30,40,48,25,20,19,34,44,23,17,29,20,7,41,4,55,1,1,19,452,50,117,38,27,8,3,2,245,7,30,23,42,13,75,11,3,9,32,0,0,0,580,40
2468,0,0,0,0,0,0,0,0,0,0,0,0,0,0,0,0,0,0,0,0,0,0,0,0,0,0,0,0,0,0,0,0,0,0,0,0,0,0,0,0,0,0,0,0,0,0,0,0,0,0,0,0,0
2469,266,269,28,25,14,49,28,46,26,30,46,20,36,36,16,15,30,22,16,7,6,39,3,8,3,116,0,4,12,389,36,49,32,34,19,8,3,181,21,18,13,9,16,8,38,23,12,23,0,0,0,535,64
2470,963,893,123,64,49,136,131,139,151,107,129,106,120,110,40,47,105,74,52,28,27,118,13,169,107,233,4,9,99,1222,107,178,154,125,49,14,13,640,37,71,53,49,88,44,57,58,76,107,0,0,0,1856,201
2471,0,0,0,0,0,0,0,0,0,0,0,0,0,0,0,0,0,0,0,0,0,0,0,0,0,0,0,0,0,0,0,0,0,0,0,0,0,0,0,0,0,0,0,0,0,0,0,0,0,0,0,0,0
2472,8,1,0,0,0,2,1,0,1,2,1,0,2,0,0,0,0,0,0,0,0,0,0,0,0,5,0,0,0,4,0,0,0,1,1,0,0,2,1,0,0,0,1,0,0,0,0,0,0,0,0,9,2
2473,0,1,0,0,0,0,0,0,0,0,0,0,1,0,0,0,0,0,0,0,0,0,0,0,0,0,0,0,0,1,0,0,0,0,0,0,0,0,0,0,0,0,0,0,0,0,0,0,0,0,1,0,0
2474,609,614,76,42,36,90,86,107,91,73,72,60,71,92,33,49,60,39,23,19,17,87,21,140,53,168,7,9,52,773,48,114,101,78,36,20,4,401,21,34,23,39,37,21,44,49,63,70,0,0,0,1223,138
2475,2,0,0,0,0,0,1,0,0,0,0,1,0,0,0,0,0,0,0,0,0,0,0,0,0,0,0,0,0,2,0,0,0,0,0,0,0,0,0,0,0,0,0,0,0,0,0,0,0,0,2,0,0
2476,2,2,0,0,0,1,0,0,1,0,0,0,0,1,0,0,0,0,0,0,0,1,0,3,0,0,0,0,1,0,0,0,0,1,0,0,0,1,0,1,0,0,0,0,0,0,0,0,0,0,0,4,1
2477,173,159,16,8,5,30,18,16,12,14,18,24,37,18,12,24,22,23,13,4,12,6,0,20,6,48,1,2,5,250,13,63,21,21,4,3,1,126,9,12,15,19,8,19,9,8,10,17,0,0,0,332,29
2478,0,0,0,0,0,0,0,0,0,0,0,0,0,0,0,0,0,0,0,0,0,0,0,0,0,0,0,0,0,0,0,0,0,0,0,0,0,0,0,0,0,0,0,0,0,0,0,0,0,0,0,0,0
2479,360,371,41,18,11,32,52,56,78,54,60,39,33,40,26,29,36,27,23,9,16,51,3,136,32,195,3,4,10,348,82,107,55,28,7,7,10,296,29,32,26,19,9,10,26,26,49,70,0,0,0,731,52
2480,190,172,28,11,13,19,28,21,26,14,24,30,22,17,9,13,19,19,16,4,3,26,1,26,4,34,0,1,3,293,19,45,25,19,14,4,1,127,12,20,16,13,4,16,14,9,10,13,0,0,0,362,38
2481,137,169,8,2,1,19,22,23,38,24,24,23,19,17,7,12,11,12,11,4,8,21,2,4,1,43,3,2,11,240,48,47,20,14,3,0,4,136,7,11,17,15,11,28,11,14,9,13,0,0,0,306,21
2482,543,526,54,37,28,81,72,73,96,65,54,54,77,59,36,39,51,45,45,13,23,67,7,311,34,271,4,8,32,402,78,155,83,47,24,10,8,405,57,46,35,22,47,19,60,40,27,52,0,0,0,1069,89
2483,325,282,44,18,18,41,51,39,38,21,33,30,46,49,14,21,35,13,26,16,9,45,4,15,14,142,1,2,20,409,48,49,41,30,19,12,6,205,18,17,12,10,32,20,33,17,20,26,0,0,0,607,67
2484,35,61,1,1,3,12,3,7,10,10,12,10,7,5,2,2,0,2,0,1,7,1,1,5,7,29,0,0,5,49,0,0,0,1,0,0,0,1,0,0,0,0,0,0,0,0,0,1,0,0,92,4,1
2485,0,2,1,0,0,1,0,0,0,0,0,0,0,0,0,0,0,0,0,0,0,0,0,0,0,0,0,0,0,2,0,1,0,0,0,0,0,1,0,0,0,0,0,0,0,1,0,0,0,0,0,2,0
2486,0,0,0,0,0,0,0,0,0,0,0,0,0,0,0,0,0,0,0,0,0,0,0,0,0,0,0,0,0,0,0,0,0,0,0,0,0,0,0,0,0,0,0,0,0,0,0,0,0,0,0,0,0
2487,450,464,36,36,20,58,45,90,73,57,61,40,77,51,22,34,47,35,25,15,23,69,12,109,8,241,1,3,33,507,71,117,63,42,26,12,6,337,24,30,30,36,17,23,81,37,31,28,0,0,1,913,86
2488,178,163,19,16,7,27,24,31,12,22,22,22,14,20,13,17,21,15,15,8,4,12,3,10,12,58,0,2,6,250,33,35,25,23,9,3,1,129,11,18,4,11,16,7,21,10,12,19,0,0,0,341,36
2489,1717,1699,214,107,92,249,233,242,195,165,189,207,219,215,107,125,201,166,126,70,85,209,27,199,52,674,8,12,98,2346,308,444,190,174,88,40,33,1277,135,108,81,73,150,41,178,179,133,199,0,0,0,3416,335
2490,5,2,0,0,0,5,0,0,1,0,0,0,0,0,0,0,0,0,1,0,0,0,0,0,1,4,0,0,0,2,0,0,1,1,0,0,0,2,0,0,0,0,0,1,0,0,1,0,0,0,0,7,1
2491,70,68,6,2,1,9,7,10,10,11,10,11,5,8,1,4,11,9,5,6,1,11,0,14,0,39,0,0,1,84,10,16,10,3,6,1,2,48,2,9,4,2,5,1,5,7,4,9,0,0,0,138,12
2492,461,410,70,36,28,70,51,61,60,58,46,53,56,69,18,34,39,30,16,13,15,48,4,36,38,165,3,4,62,559,73,84,57,44,29,11,9,307,21,42,26,21,51,11,23,47,36,29,0,0,0,871,93
2493,1,1,0,0,0,0,0,0,0,0,0,0,0,0,1,0,0,1,0,0,0,0,0,0,0,0,0,0,0,2,0,1,0,0,0,0,0,1,0,0,0,0,0,0,0,0,1,0,0,0,0,2,0
2494,0,0,0,0,0,0,0,0,0,0,0,0,0,0,0,0,0,0,0,0,0,0,0,0,0,0,0,0,0,0,0,0,0,0,0,0,0,0,0,0,0,0,0,0,0,0,0,0,0,0,0,0,0
2495,400,316,48,20,19,49,56,38,39,29,41,39,49,42,28,28,42,36,37,17,24,35,0,51,28,120,2,2,27,486,68,117,37,35,21,7,2,287,14,28,28,45,16,101,15,12,8,20,0,0,0,716,65
2496,420,395,52,20,22,65,53,65,61,51,48,53,57,38,10,20,35,33,32,26,31,43,4,31,24,181,1,3,40,531,113,103,45,37,21,11,5,335,44,18,20,16,44,10,48,45,48,42,0,0,0,815,74
2497,0,0,0,0,0,0,0,0,0,0,0,0,0,0,0,0,0,0,0,0,0,0,0,0,0,0,0,0,0,0,0,0,0,0,0,0,0,0,0,0,0,0,0,0,0,0,0,0,0,0,0,0,0
2498,606,546,71,31,21,93,86,77,99,58,75,60,77,75,21,38,53,46,22,25,37,87,6,38,56,269,4,3,49,727,150,151,61,42,26,20,12,462,56,19,18,26,65,15,69,76,56,62,0,0,0,1152,100
2499,795,767,114,49,47,117,101,101,103,90,96,103,105,94,36,71,86,66,48,24,28,83,7,45,27,428,0,11,52,992,98,167,127,72,43,21,13,541,47,49,22,29,133,33,47,54,48,79,0,0,13,1549,149
2500,138,120,18,5,4,25,21,26,19,10,19,10,18,14,6,6,16,9,7,3,7,15,3,9,18,72,0,0,15,141,27,39,14,9,5,3,4,101,12,7,8,5,17,0,16,11,11,14,0,0,0,258,21
2501,419,413,50,22,8,77,80,63,66,37,50,56,47,43,20,28,40,39,30,12,18,46,11,57,32,141,2,3,57,529,101,110,52,33,22,12,5,335,36,23,15,17,52,9,48,60,33,42,0,0,1,831,72
2502,350,354,54,39,22,48,57,52,46,25,48,39,45,55,17,18,33,30,20,10,11,35,2,55,20,150,0,4,34,439,42,59,42,43,23,12,7,228,16,19,17,18,37,8,25,32,20,36,0,0,0,704,85
2503,668,640,73,34,34,92,70,107,106,86,57,98,110,80,30,46,76,42,34,18,35,80,14,132,21,318,11,4,55,753,94,167,106,57,29,13,14,480,31,62,42,49,32,28,98,38,53,47,0,0,0,1308,113
2504,752,768,76,33,44,121,99,122,100,92,90,97,107,95,41,68,75,56,42,44,40,78,21,193,13,396,3,4,68,822,109,199,108,63,47,16,9,551,37,75,43,52,39,34,105,56,51,59,0,0,32,1488,135
2505,534,516,61,41,37,71,67,82,66,46,56,54,89,73,31,45,67,35,33,18,24,54,8,22,51,213,1,6,30,719,90,119,83,46,27,19,5,389,54,19,15,25,63,19,44,55,47,48,0,0,0,1050,97
2506,122,131,10,10,4,23,13,17,11,14,13,19,12,18,10,17,19,17,5,5,5,11,3,14,0,35,1,0,4,196,24,36,15,13,6,5,0,99,4,10,10,11,4,7,8,9,12,24,0,0,0,253,24
2507,604,593,84,36,24,84,81,82,74,59,79,81,92,75,39,49,58,42,31,11,23,93,6,33,19,214,4,6,41,874,93,131,83,67,31,20,6,431,32,35,17,26,73,29,94,33,32,60,0,0,0,1197,124
2508,26,26,0,1,1,3,2,3,7,4,3,5,1,5,0,2,4,5,1,1,0,4,0,0,0,4,0,0,3,45,4,8,5,3,1,0,0,21,1,3,4,1,3,2,1,3,2,1,0,0,0,52,4
2509,110,85,9,2,5,8,15,26,17,10,8,7,15,8,3,9,9,11,6,3,7,17,5,7,0,23,0,2,2,156,34,25,12,12,1,1,2,87,4,7,4,9,11,18,6,15,5,8,0,0,0,195,16
2510,0,0,0,0,0,0,0,0,0,0,0,0,0,0,0,0,0,0,0,0,0,0,0,0,0,0,0,0,0,0,0,0,0,0,0,0,0,0,0,0,0,0,0,0,0,0,0,0,0,0,0,0,0
2511,34,44,3,1,4,10,9,8,5,0,4,6,5,3,0,4,4,5,3,0,0,4,6,1,0,16,1,2,9,43,5,15,4,5,1,1,0,31,4,2,3,3,7,3,1,2,3,3,0,0,0,78,7
2512,0,1,0,0,0,0,1,0,0,0,0,0,0,0,0,0,0,0,0,0,0,0,0,0,0,0,0,0,0,1,1,0,0,0,0,0,0,1,0,0,0,0,0,0,0,0,0,1,0,0,0,1,0
2513,273,253,24,11,26,31,25,27,39,14,33,38,42,21,12,14,39,34,33,16,19,28,1,55,12,104,1,3,16,334,47,93,23,23,16,5,3,210,10,26,17,31,20,69,8,8,9,12,0,0,0,526,47
2514,562,562,87,56,34,101,77,65,65,56,71,77,69,67,33,44,56,44,26,9,27,60,6,36,17,248,2,6,59,750,57,94,82,65,48,14,6,366,13,67,21,15,25,25,45,41,48,66,0,0,0,1124,133
2515,199,184,28,10,9,30,15,20,25,17,19,31,26,30,15,22,17,20,16,4,4,25,2,40,4,47,1,3,10,276,11,50,19,23,14,6,2,125,11,19,11,16,7,15,14,9,8,15,0,0,0,383,45
2516,721,748,96,48,29,115,112,114,96,82,78,72,112,92,40,65,62,49,51,31,38,87,17,123,38,243,1,2,37,1008,172,216,87,44,31,29,12,591,80,72,23,35,78,15,65,75,52,96,0,0,0,1469,116
2517,230,165,10,8,11,43,34,35,25,27,14,13,13,30,7,6,14,12,16,16,52,9,2,17,21,88,0,2,33,232,13,28,12,15,6,5,7,86,5,10,6,12,16,3,7,9,6,12,0,0,112,283,33
2518,1169,1118,149,76,75,183,154,134,162,111,146,162,181,122,59,82,129,104,57,43,34,124,23,66,47,462,6,15,119,1549,136,243,172,121,67,34,13,786,40,136,56,39,68,46,91,90,91,129,0,0,20,2267,235
2519,943,878,100,49,42,121,128,135,119,108,101,102,151,111,58,88,87,75,41,43,55,107,12,90,26,321,3,11,43,1315,228,226,121,86,40,17,16,734,87,61,46,42,94,20,111,85,76,112,0,0,0,1821,159
2520,53,57,7,0,5,4,6,12,5,6,3,7,11,10,3,4,4,7,7,2,1,6,0,7,4,26,0,0,4,69,10,13,8,5,3,1,1,41,3,3,4,1,7,3,9,6,1,4,0,0,0,110,10
2521,194,193,16,10,11,39,20,35,36,23,34,18,20,16,14,15,16,11,10,4,12,27,2,10,5,40,1,0,13,316,67,66,21,13,9,2,2,180,5,14,12,20,21,39,9,23,13,24,0,0,0,387,26
2522,307,374,38,25,17,60,46,49,44,37,45,49,51,45,19,21,30,23,17,9,8,48,4,86,21,113,1,6,35,415,55,72,38,47,13,8,7,240,15,35,16,15,26,20,31,20,24,38,0,0,9,672,75
2523,88,97,2,4,3,12,11,11,17,14,12,14,19,9,6,7,11,15,4,3,3,8,2,2,0,17,0,3,0,161,34,33,14,5,3,0,1,90,2,9,11,11,17,12,5,16,2,5,0,0,0,185,9
2524,1100,1066,126,71,49,153,145,130,157,111,146,141,174,141,64,93,111,98,65,39,45,107,8,121,11,457,4,9,53,1503,179,283,157,114,41,32,12,818,63,111,84,88,49,72,111,65,73,102,0,0,0,2166,199
2525,595,618,91,37,34,99,109,73,73,70,74,67,86,85,31,34,69,55,24,8,24,70,19,23,2,318,4,1,75,771,59,126,83,76,25,17,15,401,16,39,16,17,35,36,42,48,52,100,0,0,0,1213,133
2526,104,101,9,3,2,18,10,16,18,22,14,16,10,15,5,6,11,1,4,6,9,10,0,9,1,18,0,0,9,168,33,29,13,12,3,2,0,92,2,5,8,4,15,20,10,13,6,9,0,0,0,205,17
2527,146,150,15,11,11,22,16,16,12,13,19,26,24,20,14,15,20,15,5,8,2,12,1,4,3,43,1,1,9,234,17,36,21,19,6,5,1,105,7,18,3,4,10,9,13,13,9,19,0,0,0,296,31
2528,326,325,31,20,13,54,41,52,52,34,33,36,47,37,26,31,29,30,25,14,17,29,2,51,32,122,3,0,13,428,52,88,45,42,16,4,2,249,15,35,20,17,30,9,28,29,26,40,0,0,0,651,64
2529,484,470,51,32,23,60,56,83,53,54,55,66,67,50,33,43,40,48,30,13,29,68,1,177,28,203,0,5,17,523,79,102,67,50,31,15,3,347,23,42,20,20,37,18,62,38,37,50,0,0,0,954,99
2530,429,413,34,33,15,55,67,60,58,58,50,66,63,57,29,36,40,28,19,11,18,45,1,141,22,205,3,2,20,448,77,92,64,50,25,8,2,318,15,28,24,18,29,11,54,27,42,70,0,0,0,842,85
2531,218,216,18,10,13,23,26,19,21,20,21,35,33,28,14,23,23,27,19,12,14,35,2,67,2,42,1,2,6,312,38,60,31,19,13,3,3,167,7,10,18,30,4,61,10,2,9,16,0,0,0,434,38
2532,193,180,13,11,10,27,22,29,39,16,23,19,30,15,17,13,24,14,8,11,10,22,2,41,2,51,3,0,15,259,26,54,29,19,10,4,0,142,5,28,15,21,10,12,20,4,10,17,0,0,2,371,33
2533,0,1,0,0,0,0,0,0,0,0,0,0,1,0,0,0,0,0,0,0,0,0,0,0,0,1,0,0,0,0,0,0,0,0,0,0,0,0,0,0,0,0,0,0,0,0,0,0,0,0,1,0,0
2534,445,437,53,15,15,72,60,82,73,58,58,50,52,65,20,28,46,35,25,10,11,54,5,93,23,256,3,0,17,485,81,122,63,42,19,8,7,342,18,31,12,18,44,12,53,34,49,71,0,0,0,882,76
2535,645,624,64,36,19,82,75,96,110,67,79,71,93,87,26,41,70,43,33,33,62,82,10,257,48,297,3,6,47,601,100,154,81,49,36,8,9,437,39,45,26,24,48,35,60,33,54,73,0,0,122,1147,102
2536,99,104,24,6,2,7,14,18,23,10,12,10,15,8,5,8,10,5,4,1,0,21,1,45,11,54,0,0,7,85,15,19,15,12,5,4,1,71,10,10,4,6,5,11,7,8,2,8,0,0,0,203,22
2537,3,2,2,0,0,0,0,0,1,0,2,0,0,0,0,0,0,0,0,0,0,0,0,3,0,1,0,0,0,1,0,0,0,1,0,0,0,1,0,1,0,0,0,0,0,0,0,0,0,0,1,4,1
2538,418,430,45,25,16,69,53,43,52,27,53,54,72,42,27,41,49,45,34,30,33,38,2,103,0,47,2,4,24,666,64,103,52,59,22,7,2,309,18,14,20,53,20,104,20,11,19,30,0,0,18,830,90
2539,862,822,103,58,46,155,107,109,135,100,91,87,105,128,59,62,79,67,40,23,24,106,15,35,50,305,2,5,37,1235,138,150,106,120,50,21,9,594,38,71,35,34,83,29,124,38,44,98,0,0,0,1684,200
2540,641,590,65,31,24,93,86,114,96,84,77,74,83,88,29,41,51,36,36,28,31,64,3,277,34,341,2,5,31,538,103,156,74,62,35,12,11,453,58,55,38,35,44,24,53,31,56,59,0,0,9,1222,120
2541,400,390,33,26,16,46,46,65,77,58,52,48,45,61,35,31,44,27,17,7,7,49,2,226,43,99,3,4,46,367,79,106,66,40,17,4,4,316,9,36,31,47,11,72,19,25,26,40,0,0,0,790,65
2542,107,103,11,4,7,11,10,13,19,11,17,16,14,13,5,7,10,8,6,8,11,9,1,10,1,40,0,1,7,150,36,30,11,10,3,3,1,94,12,1,5,4,13,3,19,14,12,11,0,0,0,210,17
2543,260,275,28,16,6,39,46,42,35,34,38,22,45,34,16,15,25,28,14,7,15,30,3,6,7,99,0,1,6,413,70,77,35,21,7,1,10,221,8,18,8,29,23,37,26,27,24,21,0,0,0,535,39
2544,0,0,0,0,0,0,0,0,0,0,0,0,0,0,0,0,0,0,0,0,0,0,0,0,0,0,0,0,0,0,0,0,0,0,0,0,0,0,0,0,0,0,0,0,0,0,0,0,0,0,0,0,0
2545,34,28,13,17,1,0,1,0,1,0,2,0,1,12,1,0,0,1,2,1,2,7,2,4,12,25,0,3,0,16,0,0,0,0,0,0,0,0,0,0,0,0,0,0,0,0,0,0,0,0,62,0,0
2546,1113,1154,122,71,54,170,151,186,153,128,138,186,132,103,66,63,131,115,91,52,44,111,33,344,99,417,4,7,65,1298,184,341,155,109,52,16,18,875,19,93,58,66,38,47,105,99,142,208,0,0,0,2267,195
2547,0,0,0,0,0,0,0,0,0,0,0,0,0,0,0,0,0,0,0,0,0,0,0,0,0,0,0,0,0,0,0,0,0,0,0,0,0,0,0,0,0,0,0,0,0,0,0,0,0,0,0,0,0
2548,40,38,6,1,0,18,12,3,4,1,4,3,5,3,1,2,3,2,2,1,2,5,0,0,4,25,0,0,1,48,6,9,3,7,0,0,2,27,0,3,3,1,6,0,7,1,4,2,0,0,0,78,9
2549,0,0,0,0,0,0,0,0,0,0,0,0,0,0,0,0,0,0,0,0,0,0,0,0,0,0,0,0,0,0,0,0,0,0,0,0,0,0,0,0,0,0,0,0,0,0,0,0,0,0,0,0,0
2550,814,863,86,71,45,127,104,122,101,92,95,108,127,83,60,85,76,86,54,40,38,77,12,129,22,327,3,10,36,1138,158,241,124,81,31,16,11,662,31,104,56,34,85,34,90,66,68,94,0,0,0,1677,139
2551,289,249,42,19,8,52,33,36,30,35,39,21,37,46,14,15,26,22,15,10,11,27,5,13,16,95,1,3,14,391,39,60,31,34,18,10,0,192,12,23,11,10,27,14,34,18,15,28,0,0,0,538,62
2552,350,294,34,22,19,54,53,36,32,32,32,50,37,53,20,25,30,28,18,14,18,37,3,22,4,95,1,4,22,493,52,68,48,33,17,13,2,233,17,34,11,12,38,13,35,22,22,29,0,0,0,644,65
2553,272,247,25,11,12,50,24,30,49,30,28,35,40,33,15,18,29,22,22,10,11,25,1,12,7,91,1,3,12,392,42,78,34,30,12,6,0,202,15,24,6,10,36,14,29,16,12,40,0,0,3,516,48
2554,1,0,0,0,0,0,0,0,0,0,0,0,1,0,0,0,0,0,0,0,0,0,0,0,0,0,0,0,0,1,0,0,0,0,0,0,0,0,0,0,0,0,0,0,0,0,0,0,0,0,1,0,0
2555,362,344,48,30,17,52,41,57,55,42,44,45,42,47,18,22,34,25,11,19,17,40,5,50,27,169,3,1,43,408,52,64,45,34,24,16,4,239,14,34,15,17,38,15,16,34,28,28,0,0,7,699,78
2556,524,514,51,33,33,72,68,76,62,65,66,52,72,59,16,44,67,49,45,18,31,59,4,73,13,189,2,5,29,723,119,138,62,46,27,12,8,412,44,41,18,21,53,6,53,68,44,64,0,0,0,1038,93
2557,354,384,41,21,27,66,51,51,40,48,38,49,54,48,20,36,33,25,17,8,17,48,4,31,35,180,0,1,48,439,45,61,50,32,28,14,8,238,23,22,13,18,35,5,20,34,35,33,0,0,5,733,82
2558,657,658,44,46,29,79,77,116,120,97,77,71,95,69,31,48,73,66,38,25,29,85,7,20,6,168,5,4,23,1082,192,212,73,51,20,13,12,573,23,53,43,57,78,89,56,67,56,51,0,0,0,1315,96
2559,0,0,0,0,0,0,0,0,0,0,0,0,0,0,0,0,0,0,0,0,0,0,0,0,0,0,0,0,0,0,0,0,0,0,0,0,0,0,0,0,0,0,0,0,0,0,0,0,0,0,0,0,0
2560,1,2,0,0,0,0,0,1,0,0,0,0,2,0,0,0,0,0,0,0,0,0,0,0,0,0,0,0,0,3,1,1,0,0,0,0,0,2,0,1,1,0,0,0,0,0,0,0,0,0,0,3,0
2561,4,4,0,0,0,0,1,1,0,0,1,1,0,1,0,0,0,0,1,0,0,2,0,0,0,0,0,0,0,8,0,2,0,1,0,0,0,3,0,1,0,0,1,0,0,1,0,0,0,0,0,8,1
2562,0,0,0,0,0,0,0,0,0,0,0,0,0,0,0,0,0,0,0,0,0,0,0,0,0,0,0,0,0,0,0,0,0,0,0,0,0,0,0,0,0,0,0,0,0,0,0,0,0,0,0,0,0
2563,0,0,0,0,0,0,0,0,0,0,0,0,0,0,0,0,0,0,0,0,0,0,0,0,0,0,0,0,0,0,0,0,0,0,0,0,0,0,0,0,0,0,0,0,0,0,0,0,0,0,0,0,0
2564,0,1,0,0,0,0,0,0,0,0,0,0,1,0,0,0,0,0,0,0,0,0,0,0,0,0,0,0,0,1,0,0,0,0,0,0,0,0,0,0,0,0,0,0,0,0,0,0,0,0,1,0,0
2565,371,365,45,28,30,56,43,38,40,38,39,42,56,65,13,29,38,35,24,19,11,47,3,37,10,101,3,2,24,556,25,84,49,39,18,14,8,237,18,27,28,40,12,32,20,12,15,33,0,0,0,736,79
2566,377,390,37,25,23,56,63,65,48,44,40,44,53,39,17,33,37,39,24,18,24,38,1,16,23,152,1,1,15,558,98,103,48,35,13,11,6,314,22,28,18,21,41,4,44,47,34,55,0,0,0,767,65
2567,160,155,10,4,6,26,16,27,27,17,16,15,23,31,6,14,20,12,5,10,9,21,2,2,1,40,1,1,5,263,44,35,23,14,4,3,5,128,6,11,5,28,9,21,8,7,15,18,0,0,0,315,26
2568,78,101,10,6,2,11,13,14,14,8,9,12,15,10,3,8,8,13,8,5,6,4,0,8,5,50,0,2,9,105,25,31,11,7,0,1,3,78,7,6,1,5,10,4,11,12,8,14,0,0,0,179,11
2569,267,258,23,19,13,59,41,27,43,24,25,25,41,32,21,22,27,21,17,9,7,29,4,21,12,97,1,6,16,368,67,61,31,22,19,6,3,209,24,15,11,15,30,4,24,38,22,26,0,0,0,525,50
2570,936,886,99,50,38,111,136,114,141,134,131,103,113,83,53,73,92,94,51,47,59,100,16,108,12,372,3,13,43,1255,170,268,111,103,36,15,11,714,48,90,77,73,66,66,104,55,53,82,0,0,13,1809,165
2571,47,54,8,6,2,7,4,3,11,7,7,2,5,4,7,3,8,6,2,1,3,5,1,0,10,23,0,1,6,60,8,13,3,5,4,3,0,36,3,2,3,3,2,2,6,3,3,9,0,0,0,101,12
2572,402,387,58,25,22,52,53,45,38,38,41,52,58,60,33,44,39,34,27,12,14,44,5,66,14,70,3,1,22,608,46,104,64,37,21,8,5,285,23,40,33,39,22,40,20,20,22,26,0,0,0,789,71
2573,268,233,41,15,10,28,23,41,31,34,36,35,44,28,11,15,38,25,7,6,13,20,2,130,36,67,2,1,14,249,55,75,26,25,16,5,1,203,11,16,22,29,7,43,13,12,18,32,0,0,0,501,47
2574,389,368,43,19,13,49,75,74,44,40,35,37,50,37,14,31,42,46,35,18,28,27,4,77,20,79,0,3,27,547,57,133,48,37,20,3,3,301,7,30,24,41,27,80,16,23,23,30,0,0,0,757,63
2575,204,215,19,14,13,34,40,33,41,23,24,30,22,30,10,14,15,14,5,4,11,23,1,44,24,143,0,2,15,190,25,54,29,24,10,2,5,149,5,9,11,10,19,6,37,14,18,20,0,0,0,419,41
2576,916,897,105,53,39,138,102,117,109,97,125,116,119,92,51,78,97,98,76,60,52,89,8,163,34,275,1,9,52,1271,149,335,101,80,39,21,5,730,35,55,53,115,64,247,37,40,26,58,0,0,9,1804,145
2577,0,0,0,0,0,0,0,0,0,0,0,0,0,0,0,0,0,0,0,0,0,0,0,0,0,0,0,0,0,0,0,0,0,0,0,0,0,0,0,0,0,0,0,0,0,0,0,0,0,0,0,0,0
2578,0,0,0,0,0,0,0,0,0,0,0,0,0,0,0,0,0,0,0,0,0,0,0,0,0,0,0,0,0,0,0,0,0,0,0,0,0,0,0,0,0,0,0,0,0,0,0,0,0,0,0,0,0
2579,545,516,52,36,29,76,56,57,71,61,72,79,62,64,23,42,70,69,36,22,18,66,7,27,6,301,0,2,39,679,51,130,81,57,31,7,8,365,16,29,10,18,21,26,66,45,47,87,0,0,18,1043,103
2580,37,29,8,3,3,9,10,3,3,6,1,3,1,2,0,0,2,1,3,1,0,7,0,4,1,39,0,0,7,15,3,5,1,3,0,1,4,17,1,2,0,1,2,1,2,2,3,3,0,0,0,66,8
2581,22,24,1,2,1,5,6,2,2,5,1,2,3,6,0,3,1,0,1,0,2,3,0,0,3,25,0,0,4,14,1,1,1,0,2,2,2,9,5,0,0,1,0,0,1,1,0,1,0,0,0,46,6
2582,365,366,43,28,18,54,49,53,56,54,42,52,54,30,14,24,38,24,10,13,20,55,3,103,15,222,2,1,8,377,47,96,62,31,15,11,5,267,16,25,14,23,30,16,46,18,46,33,0,0,0,731,62
2583,2,3,0,1,1,0,1,1,0,0,0,0,0,1,0,0,0,0,0,0,0,0,0,0,0,1,0,0,0,4,0,0,0,0,1,0,0,1,0,0,0,1,0,0,0,0,0,0,0,0,0,5,1
2584,478,475,42,29,16,75,54,81,74,55,69,67,71,66,21,33,47,36,22,16,22,57,3,214,55,232,6,0,59,384,81,141,69,38,29,6,6,370,40,41,39,28,49,31,38,22,35,47,0,0,0,953,79
2585,198,190,25,11,13,24,20,28,15,16,16,25,41,16,11,19,26,30,19,5,8,20,2,37,1,50,0,3,10,285,38,65,23,19,9,2,2,158,6,3,16,39,7,54,6,5,9,13,0,0,0,388,32
2586,0,3,0,0,0,0,0,0,1,1,1,0,0,0,0,0,0,0,0,0,0,0,0,0,1,1,0,0,0,1,0,0,0,0,0,0,0,0,0,0,0,0,0,0,0,0,0,0,0,0,3,0,0
2587,520,508,50,32,18,50,57,90,79,71,70,61,67,67,31,42,62,27,37,25,41,51,5,52,8,320,1,3,22,617,114,153,74,45,19,12,4,421,19,54,28,38,62,30,47,54,36,53,0,0,8,1020,80
2588,2,3,0,1,0,2,0,0,0,1,1,0,0,0,0,0,0,0,0,0,0,0,0,0,0,2,0,0,0,3,0,0,0,0,0,0,0,0,0,0,0,0,0,0,0,0,0,0,0,0,5,0,0
2589,2138,2255,217,118,107,444,539,380,352,248,256,216,237,248,79,111,169,151,105,48,78,290,35,863,118,1440,10,41,92,1794,317,668,277,216,80,21,64,1643,134,202,120,139,63,56,161,194,256,318,0,0,0,4393,381
2590,0,0,0,0,0,0,0,0,0,0,0,0,0,0,0,0,0,0,0,0,0,0,0,0,0,0,0,0,0,0,0,0,0,0,0,0,0,0,0,0,0,0,0,0,0,0,0,0,0,0,0,0,0
2591,0,0,0,0,0,0,0,0,0,0,0,0,0,0,0,0,0,0,0,0,0,0,0,0,0,0,0,0,0,0,0,0,0,0,0,0,0,0,0,0,0,0,0,0,0,0,0,0,0,0,0,0,0
2592,0,0,0,0,0,0,0,0,0,0,0,0,0,0,0,0,0,0,0,0,0,0,0,0,0,0,0,0,0,0,0,0,0,0,0,0,0,0,0,0,0,0,0,0,0,0,0,0,0,0,0,0,0
2593,1621,1464,160,86,65,233,210,198,202,182,205,199,206,215,82,115,188,193,81,44,62,159,14,371,105,470,13,7,107,1998,218,404,229,155,90,30,15,1141,27,173,131,155,58,142,82,77,103,193,0,0,0,3085,290
2594,0,0,0,0,0,0,0,0,0,0,0,0,0,0,0,0,0,0,0,0,0,0,0,0,0,0,0,0,0,0,0,0,0,0,0,0,0,0,0,0,0,0,0,0,0,0,0,0,0,0,0,0,0
2595,671,612,54,37,37,85,82,76,75,71,82,82,113,70,39,52,85,75,44,22,26,76,4,152,45,201,1,3,55,822,98,182,94,63,27,10,10,484,11,55,60,70,24,66,31,41,52,74,0,0,13,1270,110
2596,248,258,24,25,10,44,36,32,34,26,30,33,24,29,12,27,36,21,17,7,7,32,7,15,0,108,6,0,22,348,39,61,28,26,13,11,3,181,17,21,15,10,24,15,17,21,19,22,0,0,0,506,53
2597,455,454,57,25,15,58,62,53,66,58,51,53,78,51,31,36,51,42,30,17,30,45,8,73,10,140,0,8,33,637,74,140,67,44,20,8,4,357,15,60,10,28,49,22,48,29,28,68,0,0,0,909,76
2598,523,519,68,33,29,74,75,58,53,58,75,74,94,63,27,32,54,49,33,24,17,52,6,44,1,101,3,7,56,824,79,134,67,60,23,11,9,383,28,42,35,49,28,91,25,26,24,35,0,0,0,1042,103
2599,283,239,37,20,12,49,32,45,35,28,26,34,30,37,11,16,20,18,12,4,7,49,4,99,5,99,0,2,28,285,47,44,32,30,12,10,5,180,9,17,16,13,21,16,26,17,16,29,0,0,11,511,57
2600,82,53,4,9,8,7,9,10,3,4,5,8,14,2,7,10,13,6,3,1,6,6,1,3,0,45,0,0,4,82,18,21,11,3,2,2,1,58,6,5,3,3,5,3,2,6,10,15,0,0,0,135,8
2601,303,291,38,23,11,49,33,44,41,29,30,39,51,42,24,25,31,17,14,7,13,33,7,41,14,106,2,2,19,403,60,71,33,32,9,13,5,223,15,30,16,17,21,16,22,28,25,33,0,0,0,594,59
2602,289,299,39,18,14,51,31,39,51,29,32,40,40,35,14,26,27,21,15,10,12,44,5,13,11,90,2,6,18,443,54,63,44,27,18,6,5,217,16,30,9,11,24,13,42,17,25,30,0,0,2,586,56
2603,151,154,23,20,10,22,20,24,14,19,19,15,17,19,8,13,17,11,6,5,5,18,2,10,3,79,0,2,8,201,21,26,23,12,11,6,3,102,12,11,4,8,12,6,20,9,4,16,0,0,0,305,32
2604,166,181,28,8,14,29,11,15,25,23,14,20,29,24,12,21,26,13,7,6,6,16,1,51,19,49,1,1,17,208,20,36,27,17,7,9,2,118,7,11,14,10,24,3,11,13,6,19,0,0,0,347,35
2605,14,16,1,0,2,4,1,0,4,1,1,1,0,5,0,2,5,1,1,0,0,1,1,0,0,4,1,0,7,17,1,5,1,0,2,1,0,10,0,1,0,0,1,2,0,0,2,4,0,0,0,30,3
2606,80,71,10,4,3,14,8,9,9,8,6,11,10,5,2,10,10,13,2,2,6,9,2,10,0,8,1,0,2,128,2,26,11,7,6,1,0,53,2,4,5,3,6,10,4,3,3,13,0,0,0,151,14
2607,28,21,1,3,1,10,1,5,2,2,2,4,6,1,1,1,1,0,1,3,0,4,1,0,0,3,0,0,1,44,0,8,3,2,1,0,1,15,1,2,0,0,2,0,3,3,2,2,0,0,3,46,4
2608,172,173,18,6,9,33,28,20,21,24,15,24,20,18,11,18,20,10,11,8,14,17,2,13,0,46,1,0,18,265,38,44,21,15,11,1,4,134,6,8,7,16,17,34,11,9,9,17,0,0,0,345,31
2609,0,0,0,0,0,0,0,0,0,0,0,0,0,0,0,0,0,0,0,0,0,0,0,0,0,0,0,0,0,0,0,0,0,0,0,0,0,0,0,0,0,0,0,0,0,0,0,0,0,0,0,0,0
2610,611,653,52,36,27,71,80,119,140,107,84,88,76,74,42,56,60,29,21,15,16,71,5,277,40,279,3,10,28,622,142,196,105,58,21,5,6,533,35,65,42,34,26,22,43,76,81,109,0,0,0,1264,90
2611,434,451,51,36,21,70,58,68,61,42,48,61,66,67,27,19,45,32,31,14,17,51,9,27,12,222,2,3,12,598,57,88,67,40,25,17,8,302,28,24,13,15,71,25,30,27,28,41,0,0,0,885,90
2612,496,451,59,34,33,71,60,52,64,54,48,63,79,57,28,34,65,52,19,14,13,48,18,25,3,148,2,3,24,724,47,127,52,54,27,11,9,327,16,46,28,34,15,45,49,17,27,50,0,0,0,947,101
2613,149,156,14,13,10,30,23,22,20,17,9,14,25,18,13,15,19,14,4,5,4,16,1,6,7,115,0,0,17,159,27,15,25,11,9,8,4,99,6,10,13,7,10,3,11,14,15,10,0,0,4,301,32
2614,1320,1336,132,71,48,145,170,203,190,165,174,187,196,158,82,109,142,160,76,50,56,142,15,229,155,495,14,11,109,1628,256,437,202,116,45,19,13,1088,61,116,67,83,113,117,84,135,140,172,0,0,13,2643,193
2615,660,601,63,41,33,103,82,72,62,37,79,79,100,58,32,55,87,82,64,36,40,56,7,128,10,157,5,7,31,916,90,188,86,64,26,9,12,475,22,30,49,89,21,164,31,4,16,49,0,0,0,1261,111
2616,0,0,0,0,0,0,0,0,0,0,0,0,0,0,0,0,0,0,0,0,0,0,0,0,0,0,0,0,0,0,0,0,0,0,0,0,0,0,0,0,0,0,0,0,0,0,0,0,0,0,0,0,0
2617,268,276,40,21,9,37,50,26,31,31,40,28,40,29,16,22,28,26,20,6,7,37,2,9,1,151,2,1,26,352,38,70,37,32,14,7,2,200,7,23,13,13,16,10,31,19,29,39,0,0,0,544,55
2618,0,0,0,0,0,0,0,0,0,0,0,0,0,0,0,0,0,0,0,0,0,0,0,0,0,0,0,0,0,0,0,0,0,0,0,0,0,0,0,0,0,0,0,0,0,0,0,0,0,0,0,0,0
2619,81,94,10,5,4,13,18,8,6,9,10,7,20,11,7,7,13,11,2,3,1,10,1,6,0,10,0,2,25,131,9,17,10,11,8,3,0,58,3,12,4,5,5,6,12,1,4,6,0,0,0,175,22
2620,0,0,0,0,0,0,0,0,0,0,0,0,0,0,0,0,0,0,0,0,0,0,0,0,0,0,0,0,0,0,0,0,0,0,0,0,0,0,0,0,0,0,0,0,0,0,0,0,0,0,0,0,0
2621,1323,1289,149,81,69,194,173,187,216,169,167,148,171,187,57,98,109,90,65,53,57,172,7,591,81,712,6,22,93,1100,229,330,202,131,61,22,19,994,118,111,64,70,102,78,111,70,110,160,0,0,0,2612,233
2622,257,242,36,17,11,30,24,49,41,27,35,33,29,13,8,19,21,35,17,14,14,26,6,41,6,39,2,0,25,380,42,84,37,24,8,3,3,201,2,14,25,26,6,50,17,22,12,27,0,0,0,499,38
2623,438,402,49,30,17,72,55,64,42,37,52,44,62,42,22,34,47,47,40,18,24,42,2,47,34,128,2,5,15,607,74,141,55,30,17,11,6,334,20,42,25,42,29,101,15,17,11,32,0,0,0,840,64
2624,384,357,66,19,18,46,34,53,54,55,45,44,56,56,23,33,36,29,16,7,10,41,19,62,35,143,2,2,36,442,63,86,52,44,14,13,3,275,22,30,18,14,34,12,33,31,43,38,0,0,0,741,74
2625,0,2,0,0,0,0,0,0,1,1,0,0,0,0,0,0,0,0,0,0,0,0,0,2,0,0,0,0,0,0,0,1,0,0,0,0,0,1,0,0,0,0,1,0,0,0,0,0,0,0,0,2,0
2626,0,0,0,0,0,0,0,0,0,0,0,0,0,0,0,0,0,0,0,0,0,0,0,0,0,0,0,0,0,0,0,0,0,0,0,0,0,0,0,0,0,0,0,0,0,0,0,0,0,0,0,0,0
2627,824,821,100,62,43,108,93,150,122,102,108,119,123,96,39,63,72,55,34,31,30,95,5,420,48,500,3,3,56,610,153,189,132,74,48,19,8,623,71,74,41,55,76,38,67,33,75,93,0,0,0,1645,149
2628,0,0,0,0,0,0,0,0,0,0,0,0,0,0,0,0,0,0,0,0,0,0,0,0,0,0,0,0,0,0,0,0,0,0,0,0,0,0,0,0,0,0,0,0,0,0,0,0,0,0,0,0,0
2629,192,198,18,10,1,30,28,40,33,18,22,35,28,22,9,16,21,18,7,9,9,16,1,26,4,75,1,3,6,274,46,61,31,14,8,4,1,165,17,24,12,7,18,10,17,14,20,26,0,0,0,390,27
2630,220,224,23,9,18,35,29,21,23,34,30,25,35,33,16,21,26,22,11,5,12,16,2,13,2,52,0,1,32,342,44,59,31,22,11,2,4,173,20,16,12,27,11,34,7,12,15,19,0,0,0,444,39
2631,514,515,46,24,12,78,86,77,65,53,64,57,58,48,31,38,64,66,33,32,30,67,5,51,46,222,0,5,26,674,71,154,69,61,16,11,6,388,10,38,42,43,39,43,23,53,44,53,0,0,4,1025,94
2632,180,168,24,10,8,26,15,17,22,24,24,17,22,37,9,12,16,17,9,13,8,18,2,22,10,81,0,5,13,215,12,47,22,16,10,5,4,116,8,12,9,5,22,5,11,14,11,19,0,0,0,348,35
2633,273,269,35,20,7,41,33,35,49,28,33,37,40,30,12,16,24,26,14,10,15,37,3,25,3,157,0,0,20,334,59,87,36,19,11,5,5,222,13,26,22,18,28,19,22,32,18,24,0,0,0,542,40
2634,569,579,72,35,30,90,80,86,81,66,66,75,94,53,32,45,51,52,25,19,30,66,4,88,21,194,2,4,23,812,89,167,63,56,33,11,9,428,19,64,23,28,58,22,47,47,34,86,0,0,12,1136,109
2635,356,360,50,23,21,72,48,31,41,41,40,35,53,34,24,30,43,36,27,15,15,37,6,33,6,62,1,5,8,595,37,88,43,44,23,11,2,248,14,33,39,31,11,42,14,17,17,30,0,0,0,716,80
2636,379,437,56,28,14,38,66,71,71,58,46,51,55,36,22,28,35,21,20,18,26,56,0,37,6,227,1,3,29,513,84,112,46,35,26,7,7,317,19,35,26,21,36,24,43,42,25,46,0,0,0,816,75
2637,0,0,0,0,0,0,0,0,0,0,0,0,0,0,0,0,0,0,0,0,0,0,0,0,0,0,0,0,0,0,0,0,0,0,0,0,0,0,0,0,0,0,0,0,0,0,0,0,0,0,0,0,0
2638,2,0,0,0,0,1,0,0,0,1,0,0,0,0,0,0,0,0,0,0,0,0,0,0,0,0,0,0,2,0,0,1,0,0,0,0,0,1,0,0,0,0,0,0,0,1,0,0,0,0,0,2,0
2639,0,0,0,0,0,0,0,0,0,0,0,0,0,0,0,0,0,0,0,0,0,0,0,0,0,0,0,0,0,0,0,0,0,0,0,0,0,0,0,0,0,0,0,0,0,0,0,0,0,0,0,0,0
2640,422,430,34,22,23,63,37,78,80,59,54,48,61,41,23,38,47,50,21,13,11,49,6,111,48,138,3,2,31,513,72,135,60,47,22,4,1,341,25,38,18,26,26,34,23,36,51,64,0,0,0,852,74
2641,492,455,50,20,23,81,50,60,68,63,68,60,80,57,13,40,59,36,25,10,33,51,2,55,10,338,4,7,21,510,103,139,57,42,22,12,5,380,25,35,27,21,52,23,54,48,50,45,0,0,5,942,81
2642,0,0,0,0,0,0,0,0,0,0,0,0,0,0,0,0,0,0,0,0,0,0,0,0,0,0,0,0,0,0,0,0,0,0,0,0,0,0,0,0,0,0,0,0,0,0,0,0,0,0,0,0,0
2643,717,666,110,53,51,108,102,85,95,77,76,81,70,101,31,46,61,58,31,34,17,96,5,20,82,483,1,12,33,747,101,141,90,70,31,26,17,476,49,50,12,13,83,10,53,52,69,85,0,0,0,1383,144
2644,135,141,11,11,3,24,31,17,26,12,17,17,19,5,6,9,10,12,13,8,12,13,2,29,4,25,0,3,6,207,31,48,17,11,5,2,1,115,2,15,8,21,6,18,7,15,6,17,0,0,9,267,19
2645,1,0,0,0,0,0,0,0,0,1,0,0,0,0,0,0,0,0,0,0,0,0,0,0,0,0,0,0,0,1,1,0,0,0,0,0,0,1,0,0,0,0,0,0,0,1,0,0,0,0,0,1,0
2646,0,0,0,0,0,0,0,0,0,0,0,0,0,0,0,0,0,0,0,0,0,0,0,0,0,0,0,0,0,0,0,0,0,0,0,0,0,0,0,0,0,0,0,0,0,0,0,0,0,0,0,0,0
2647,0,0,0,0,0,0,0,0,0,0,0,0,0,0,0,0,0,0,0,0,0,0,0,0,0,0,0,0,0,0,0,0,0,0,0,0,0,0,0,0,0,0,0,0,0,0,0,0,0,0,0,0,0
2648,0,0,0,0,0,0,0,0,0,0,0,0,0,0,0,0,0,0,0,0,0,0,0,0,0,0,0,0,0,0,0,0,0,0,0,0,0,0,0,0,0,0,0,0,0,0,0,0,0,0,0,0,0
2649,0,0,0,0,0,0,0,0,0,0,0,0,0,0,0,0,0,0,0,0,0,0,0,0,0,0,0,0,0,0,0,0,0,0,0,0,0,0,0,0,0,0,0,0,0,0,0,0,0,0,0,0,0
2650,2541,2437,518,255,177,445,353,333,417,372,305,183,168,474,69,83,132,93,56,47,50,448,35,313,638,1514,15,25,235,2203,61,185,248,291,276,151,44,1256,162,56,26,29,165,22,242,203,171,180,0,0,0,4978,762
2651,582,561,61,30,18,71,84,143,126,67,65,55,57,70,29,33,57,48,26,15,15,73,7,297,52,180,2,7,70,528,127,170,107,45,15,2,11,477,48,48,42,46,51,59,22,51,52,58,0,0,0,1143,73
2652,388,363,42,29,9,46,66,51,50,45,47,63,49,35,24,20,43,34,15,18,26,39,4,60,19,139,3,1,20,505,63,109,58,37,14,9,3,293,16,45,16,18,41,12,44,29,25,47,0,0,0,751,63
2653,304,296,31,23,16,43,29,45,37,43,42,46,45,52,8,12,38,21,20,8,7,34,5,77,22,102,2,2,26,364,55,78,38,29,16,9,3,228,11,28,16,20,21,17,23,21,26,45,0,0,0,600,57
2654,863,879,107,61,50,157,121,116,113,86,87,101,141,124,49,65,83,64,45,26,33,113,14,42,27,510,3,14,41,1091,110,165,109,84,56,26,24,574,48,34,25,38,133,44,49,58,60,85,0,0,0,1742,190
2655,0,0,0,0,0,0,0,0,0,0,0,0,0,0,0,0,0,0,0,0,0,0,0,0,0,0,0,0,0,0,0,0,0,0,0,0,0,0,0,0,0,0,0,0,0,0,0,0,0,0,0,0,0
2656,270,293,29,15,13,41,40,45,37,32,26,31,47,32,16,23,40,30,13,12,18,23,4,12,3,88,0,2,30,424,51,87,33,22,14,4,7,218,14,22,16,33,15,57,17,16,8,20,0,0,0,563,47
2657,77,69,16,6,6,9,15,6,6,10,6,7,13,5,1,3,9,6,7,4,3,8,3,13,6,56,0,1,5,62,11,10,11,6,5,1,3,47,5,7,1,2,12,2,7,1,2,8,0,0,3,143,15
2658,2,1,0,0,0,0,0,0,2,0,0,0,0,0,0,0,0,0,0,0,0,1,0,0,0,0,0,0,0,3,0,0,1,0,0,0,0,1,0,0,1,0,0,0,0,0,0,0,0,0,0,3,0
2659,410,423,46,32,19,53,42,71,83,49,57,53,40,76,22,31,40,22,24,7,20,46,5,135,52,227,2,6,24,382,88,100,63,37,18,3,11,320,30,34,27,34,35,30,40,31,20,39,0,0,14,819,69
2660,357,366,42,19,26,73,30,64,54,36,50,37,46,55,18,25,41,23,13,15,10,46,5,24,22,207,0,3,13,449,37,56,44,41,29,13,5,225,25,5,8,10,47,13,45,35,19,18,0,0,14,709,88
2661,0,0,0,0,0,0,0,0,0,0,0,0,0,0,0,0,0,0,0,0,0,0,0,0,0,0,0,0,0,0,0,0,0,0,0,0,0,0,0,0,0,0,0,0,0,0,0,0,0,0,0,0,0
2662,416,407,68,40,27,84,61,56,40,34,50,50,50,73,18,25,40,14,16,8,15,54,3,40,6,226,0,3,34,511,25,76,40,52,23,19,10,245,12,35,6,16,25,18,29,28,26,50,0,0,7,816,104
2663,692,682,65,38,24,96,96,109,122,78,93,89,92,92,39,45,71,52,34,30,35,74,4,80,6,449,0,5,68,762,151,194,69,74,24,15,15,542,31,68,38,43,78,42,62,74,42,64,0,0,0,1374,128
2664,3,1,0,0,0,0,0,1,0,1,0,0,0,0,0,0,0,0,0,0,0,2,0,0,0,0,0,0,0,4,0,0,0,1,0,0,0,1,0,0,0,0,0,0,0,0,0,1,0,0,0,4,1
2665,408,390,50,21,18,56,47,61,61,40,38,43,56,43,11,26,32,39,39,24,32,61,2,34,34,123,3,3,25,574,42,107,45,53,16,14,2,279,13,28,25,29,27,35,20,27,36,39,0,0,16,782,85
2666,354,350,51,26,13,43,42,47,59,44,32,57,52,41,24,21,37,33,13,11,22,36,7,124,37,120,1,3,15,397,74,88,61,41,9,9,1,283,27,41,27,39,29,23,30,25,19,23,0,0,0,704,60
2667,0,0,0,0,0,0,0,0,0,0,0,0,0,0,0,0,0,0,0,0,0,0,0,0,0,0,0,0,0,0,0,0,0,0,0,0,0,0,0,0,0,0,0,0,0,0,0,0,0,0,0,0,0
2668,808,768,106,50,51,96,100,129,114,98,76,80,103,133,36,67,72,54,58,33,24,96,8,27,109,481,2,22,65,862,100,197,96,82,42,25,13,555,55,60,13,14,83,20,36,86,68,120,0,0,0,1576,162
2669,60,48,3,7,2,3,8,6,9,8,7,5,5,9,1,2,8,6,4,2,3,10,0,23,13,20,0,0,4,48,13,13,6,7,3,0,1,43,5,4,3,3,8,2,3,4,1,10,0,0,0,108,11
2670,242,222,22,19,14,34,30,25,38,33,24,27,34,39,13,22,15,18,7,8,19,23,0,22,26,143,0,6,28,239,23,36,30,25,15,11,2,142,19,5,3,7,25,6,26,28,13,10,0,0,22,442,53
2671,163,149,15,9,5,14,19,29,32,21,20,21,19,20,11,9,17,9,4,4,14,20,0,84,6,80,3,1,4,134,41,53,23,16,0,1,3,137,14,16,17,9,10,4,5,14,22,26,0,0,1,311,20
2672,15,15,4,0,0,2,0,2,0,0,2,1,3,0,4,3,4,2,0,1,1,1,1,0,3,9,0,0,0,17,9,3,3,0,0,1,0,16,1,1,0,0,5,1,3,1,1,3,0,0,0,30,1
2673,158,167,22,12,22,24,26,17,18,24,19,21,21,27,9,9,11,5,7,5,4,22,4,30,41,114,0,0,23,113,15,18,14,17,14,10,4,92,8,5,4,4,16,3,13,11,14,14,0,0,0,325,45
2674,517,411,22,14,4,48,46,60,60,46,34,42,37,35,17,30,45,42,50,70,199,27,2,97,23,78,3,3,26,696,78,111,38,24,12,3,5,271,5,34,16,27,11,61,31,25,17,44,0,0,299,629,44
2675,0,0,0,0,0,0,0,0,0,0,0,0,0,0,0,0,0,0,0,0,0,0,0,0,0,0,0,0,0,0,0,0,0,0,0,0,0,0,0,0,0,0,0,0,0,0,0,0,0,0,0,0,0
2676,136,143,11,13,7,21,25,18,16,13,17,20,16,20,7,12,10,11,7,5,6,24,2,19,17,47,2,0,20,172,24,25,18,11,12,5,2,97,7,17,6,7,3,4,6,14,11,22,0,0,0,279,30
2677,645,601,38,29,31,90,77,80,79,63,91,83,84,78,35,43,63,83,62,36,42,59,9,148,25,180,2,1,34,847,110,195,92,59,24,11,6,497,20,79,45,42,31,39,43,49,70,79,0,0,0,1246,100
2678,142,141,24,10,5,31,23,21,16,13,27,15,11,23,5,7,9,17,7,1,3,15,3,5,11,130,1,2,17,114,21,27,18,18,11,3,1,99,7,8,2,4,25,2,21,14,10,6,0,0,0,283,33
2679,651,637,79,37,28,126,111,74,69,74,93,69,89,86,32,41,61,38,40,22,37,82,7,58,22,435,3,2,53,708,127,116,85,60,43,21,9,461,30,53,30,47,41,32,67,39,51,71,0,0,19,1269,133
2680,295,310,30,17,7,57,42,51,36,27,33,25,43,36,12,15,37,34,34,11,19,39,2,43,21,124,0,5,10,400,44,72,47,28,8,7,10,216,5,27,17,30,21,26,14,29,24,23,0,0,0,605,53
2681,1063,1029,131,60,44,154,142,152,134,101,125,126,130,142,60,76,129,94,70,56,48,118,9,178,38,368,5,5,48,1441,165,256,145,121,50,24,12,773,37,98,77,76,87,61,47,114,75,101,0,0,6,2086,207
2682,304,274,27,11,7,31,42,51,28,32,32,30,39,36,14,18,40,31,29,19,29,32,5,50,3,35,1,1,23,460,63,88,47,22,14,4,2,240,2,20,24,35,13,49,29,18,16,34,0,0,0,578,42
2683,164,139,14,7,10,25,18,17,16,12,24,21,29,15,12,19,16,14,9,5,7,13,4,10,0,19,1,1,5,263,31,42,21,15,7,5,0,121,9,15,7,9,7,32,7,11,7,17,0,0,0,303,27
2684,421,415,46,12,17,52,52,64,43,56,52,51,63,31,25,31,49,57,37,26,25,47,6,87,4,134,0,2,19,584,63,150,58,36,25,2,2,336,12,46,36,37,39,27,19,28,38,54,0,0,0,836,65
2685,385,418,52,23,15,42,55,77,56,50,55,51,46,37,22,32,47,43,30,16,14,40,2,204,25,209,2,2,15,344,78,116,56,36,22,8,3,319,66,17,15,24,41,21,40,35,26,34,0,0,0,803,69
2686,354,342,39,14,16,39,49,68,61,49,37,32,42,53,19,28,38,35,19,12,17,29,3,35,6,220,0,6,18,408,82,112,51,24,13,6,5,293,21,33,22,24,27,25,45,45,19,32,0,0,0,696,48
2687,727,676,70,42,39,97,103,121,112,88,86,89,87,94,40,54,70,46,30,23,33,79,7,268,90,287,4,8,54,685,134,196,88,80,35,9,8,550,66,61,47,53,45,55,65,50,46,62,0,0,0,1403,132
2688,1346,1294,166,73,56,178,156,217,236,174,163,184,178,140,73,94,122,86,65,55,76,148,12,527,147,596,9,10,110,1229,290,394,160,129,72,14,15,1074,119,115,96,106,116,98,110,114,74,126,0,0,0,2640,230
2689,411,412,45,36,31,58,40,59,49,36,38,41,60,56,28,37,49,53,25,12,13,57,5,56,8,84,0,3,13,654,38,105,49,45,26,12,6,281,19,31,24,47,21,41,26,26,13,33,0,0,0,823,89
2690,212,200,18,7,6,43,39,31,20,26,28,29,36,15,6,14,21,18,9,8,10,28,3,33,13,63,1,0,6,293,36,57,34,12,12,2,5,158,7,26,13,10,15,11,14,18,19,25,0,0,0,412,31
2691,1,0,0,0,0,0,0,0,0,0,0,0,0,0,0,0,0,0,0,0,1,0,0,0,0,0,0,0,0,1,1,0,0,0,0,0,0,1,0,0,0,0,0,0,1,0,0,0,0,0,0,1,0
2692,1410,1340,142,75,54,192,172,170,170,136,182,188,201,126,82,115,178,173,107,72,86,129,12,199,75,507,2,9,58,1888,314,415,205,140,47,16,12,1149,87,124,91,124,91,122,103,159,112,136,0,0,0,2750,215
2693,1869,1861,240,148,110,295,258,273,303,219,236,182,258,250,87,122,176,99,83,49,71,271,19,143,318,1749,4,13,123,1361,256,345,251,180,112,69,35,1248,141,53,23,30,244,25,277,242,113,100,0,0,43,3687,396
2694,0,0,0,0,0,0,0,0,0,0,0,0,0,0,0,0,0,0,0,0,0,0,0,0,0,0,0,0,0,0,0,0,0,0,0,0,0,0,0,0,0,0,0,0,0,0,0,0,0,0,0,0,0
2695,488,479,47,40,37,65,52,64,66,58,62,69,85,36,30,27,57,40,31,21,26,54,4,49,3,107,4,4,38,758,97,121,72,56,22,5,6,379,25,38,33,49,26,103,23,20,29,33,0,0,0,967,89
2696,58,51,7,2,2,5,5,8,5,9,5,8,8,10,2,6,7,4,7,3,2,4,0,15,0,17,0,0,1,76,8,20,7,2,3,0,2,42,4,7,2,7,2,1,2,2,9,6,0,0,0,109,7
2697,0,0,0,0,0,0,0,0,0,0,0,0,0,0,0,0,0,0,0,0,0,0,0,0,0,0,0,0,0,0,0,0,0,0,0,0,0,0,0,0,0,0,0,0,0,0,0,0,0,0,0,0,0
2698,1,2,1,0,0,0,0,0,0,0,0,0,1,0,0,0,0,0,0,0,1,0,0,1,0,1,0,0,0,1,0,0,0,0,0,0,0,0,0,0,0,0,0,0,0,0,0,0,0,0,3,0,0
2699,379,359,43,12,11,68,55,76,54,38,45,50,42,41,20,16,32,37,27,12,14,45,11,41,13,215,2,1,28,427,37,99,53,42,14,15,2,262,17,26,22,18,29,21,41,28,22,38,0,0,0,738,73
2700,0,0,0,0,0,0,0,0,0,0,0,0,0,0,0,0,0,0,0,0,0,0,0,0,0,0,0,0,0,0,0,0,0,0,0,0,0,0,0,0,0,0,0,0,0,0,0,0,0,0,0,0,0
2701,260,242,18,19,9,30,24,30,31,27,35,38,46,28,13,29,37,28,18,11,14,17,1,19,7,73,0,2,19,381,43,83,30,32,9,5,0,202,7,17,17,22,25,23,18,31,18,24,0,0,0,502,46
2702,1,1,0,0,0,0,0,0,0,0,0,0,1,0,0,0,0,1,0,0,0,0,0,0,0,0,0,0,0,2,0,1,0,0,0,0,0,1,0,0,0,0,0,0,0,1,0,0,0,0,0,2,0
2703,316,336,21,22,21,55,41,41,40,28,31,45,52,54,15,29,46,41,23,9,8,30,1,72,4,69,0,4,9,493,28,93,39,33,22,8,4,227,10,28,21,38,18,27,23,15,14,33,0,0,0,652,67
2704,80,73,5,4,3,14,7,6,15,9,5,5,11,17,3,7,13,10,9,3,0,7,3,1,0,12,0,0,13,124,12,20,11,8,6,1,0,58,0,4,6,9,4,9,9,2,5,10,0,0,0,153,15
2705,202,186,15,5,11,14,34,33,44,27,25,21,14,28,10,12,17,19,11,5,7,36,2,112,16,67,0,1,24,166,34,77,23,10,12,1,3,160,17,12,14,14,17,23,13,9,23,18,0,0,0,388,26
2706,334,385,28,22,13,56,47,53,50,44,44,51,47,31,26,32,44,35,24,20,19,33,3,80,32,109,4,4,19,468,49,136,43,29,19,7,2,285,11,35,23,41,28,85,13,17,9,23,0,0,0,719,57
2707,197,220,24,19,12,26,27,25,35,27,20,31,35,27,12,15,16,13,12,9,6,26,0,27,4,123,1,1,15,246,30,47,37,19,10,8,1,152,14,14,12,15,14,8,26,11,14,24,0,0,0,417,38
2708,654,619,57,38,33,104,81,80,94,85,78,78,86,60,32,48,69,77,49,31,30,63,2,158,42,264,1,7,57,742,126,209,81,66,31,6,3,522,35,56,36,50,37,71,32,51,64,90,0,0,6,1267,106
2709,0,0,0,0,0,0,0,0,0,0,0,0,0,0,0,0,0,0,0,0,0,0,0,0,0,0,0,0,0,0,0,0,0,0,0,0,0,0,0,0,0,0,0,0,0,0,0,0,0,0,0,0,0
2710,0,0,0,0,0,0,0,0,0,0,0,0,0,0,0,0,0,0,0,0,0,0,0,0,0,0,0,0,0,0,0,0,0,0,0,0,0,0,0,0,0,0,0,0,0,0,0,0,0,0,0,0,0
2711,143,156,13,10,10,15,25,25,25,20,12,16,22,25,7,9,20,8,8,5,4,20,1,4,13,83,1,0,13,184,9,29,23,14,7,5,5,92,14,2,0,3,25,1,19,13,10,5,0,0,0,299,31
2712,221,206,20,8,13,32,38,20,25,30,17,20,33,30,12,18,21,28,10,12,7,33,2,14,11,128,1,2,19,250,20,48,27,16,21,6,3,141,11,2,13,16,17,10,11,25,17,19,0,0,0,427,46
2713,1332,1269,231,100,96,226,174,165,161,141,138,153,155,231,61,81,113,85,58,35,36,161,6,46,100,996,3,6,127,1317,217,164,160,145,89,56,26,857,103,29,23,31,183,42,157,134,89,66,0,0,1,2600,316
2714,147,132,30,4,3,13,11,25,20,18,20,16,21,14,15,6,20,15,8,6,5,9,4,6,0,68,0,1,10,190,21,37,21,11,6,5,2,103,2,10,7,13,14,8,13,11,10,15,0,0,0,279,24
2715,205,200,28,13,13,31,34,31,20,23,23,24,26,31,11,11,21,12,11,7,8,27,4,31,19,86,0,0,7,258,35,35,25,20,13,9,3,140,3,31,15,11,10,7,9,10,20,24,0,0,0,405,45
2716,445,468,44,24,21,64,56,68,84,55,61,58,64,60,32,28,50,46,20,15,21,42,6,45,7,72,3,3,29,748,79,138,62,48,25,5,3,360,19,40,21,50,22,100,22,26,25,35,0,0,0,913,81
2717,154,133,20,11,4,29,28,23,14,10,14,21,18,19,5,8,16,13,11,1,2,20,0,8,7,68,0,3,22,179,21,28,26,13,12,2,1,103,8,12,3,4,15,13,11,10,8,19,0,0,0,287,28
2718,35,37,3,4,0,3,3,5,2,1,6,4,8,3,3,6,5,3,3,2,2,6,2,1,0,17,0,0,1,51,1,16,5,6,0,0,0,28,3,1,2,5,2,1,2,1,5,6,0,0,0,72,6
2719,556,546,54,39,21,69,64,97,71,77,67,80,75,63,34,36,61,54,34,28,21,57,6,121,42,244,3,2,29,655,104,187,73,51,21,9,5,450,24,46,46,42,35,64,32,38,44,79,0,0,0,1102,86
2720,379,369,37,21,20,42,37,90,52,49,45,46,48,48,17,22,35,32,24,7,25,51,3,32,4,229,3,5,28,444,94,103,56,25,16,10,5,309,8,44,17,23,48,20,52,41,22,34,0,0,1,747,56
2721,929,865,123,76,51,154,143,122,130,102,95,101,91,148,50,62,70,50,38,29,27,132,6,48,74,710,4,8,81,863,114,129,103,98,73,32,20,569,76,15,18,29,122,32,110,80,44,43,0,0,0,1794,223
2722,488,514,39,28,27,54,76,84,129,64,69,67,60,64,14,36,47,33,18,13,24,56,6,61,27,133,1,1,22,751,150,140,72,33,16,7,9,427,16,60,23,29,19,48,56,45,65,66,0,0,29,973,65
2723,256,244,33,24,23,38,31,37,46,25,21,27,37,37,15,17,22,16,9,2,10,30,1,31,4,200,2,0,19,243,33,46,34,28,14,10,3,168,31,9,3,7,34,17,23,5,13,26,0,0,5,495,55
2724,759,707,91,60,36,104,101,93,85,82,79,85,97,67,48,70,81,92,49,27,41,78,9,50,50,294,1,6,44,1012,86,205,89,89,34,21,6,530,17,65,44,47,76,50,42,61,47,81,0,0,0,1466,150
2725,0,0,0,0,0,0,0,0,0,0,0,0,0,0,0,0,0,0,0,0,0,0,0,0,0,0,0,0,0,0,0,0,0,0,0,0,0,0,0,0,0,0,0,0,0,0,0,0,0,0,0,0,0
2726,831,865,81,42,38,124,108,130,99,99,94,113,117,90,51,72,94,93,58,42,51,100,9,230,19,269,3,5,48,1113,121,295,105,81,33,15,11,661,34,79,58,62,64,48,48,58,86,124,0,0,1,1695,140
2727,0,0,0,0,0,0,0,0,0,0,0,0,0,0,0,0,0,0,0,0,0,0,0,0,0,0,0,0,0,0,0,0,0,0,0,0,0,0,0,0,0,0,0,0,0,0,0,0,0,0,0,0,0
2728,270,247,42,15,9,36,42,29,47,44,32,20,32,30,12,17,23,18,10,14,12,33,1,20,0,184,1,3,14,294,47,64,35,20,17,8,3,194,11,21,20,14,25,11,31,21,20,20,0,0,0,517,48
2729,176,173,21,16,12,19,24,19,20,16,15,26,32,31,7,12,18,14,8,5,7,27,14,6,1,73,1,3,8,243,21,34,19,17,11,3,7,112,4,9,10,15,8,12,18,9,8,19,0,0,3,346,38
2730,116,134,11,6,5,22,25,22,23,14,12,16,15,9,5,8,14,8,9,5,5,16,0,14,1,49,1,0,4,181,38,27,14,13,4,2,4,102,1,10,8,10,4,14,13,15,9,18,0,0,0,250,23
2731,126,110,24,6,3,14,16,12,8,10,13,21,21,12,5,12,20,18,5,2,8,6,2,14,0,19,2,0,10,189,13,26,9,15,5,6,3,77,5,8,9,13,5,13,4,5,7,8,0,0,0,236,29
2732,284,289,19,20,15,42,27,51,55,42,43,23,36,31,12,19,39,23,14,7,10,45,4,37,8,45,2,3,9,465,79,87,35,25,15,4,2,247,5,27,18,16,11,25,32,38,34,41,0,0,0,573,46
2733,573,602,55,41,34,93,66,98,107,70,82,69,78,63,32,44,53,44,29,21,27,69,6,271,59,343,2,4,28,462,128,163,67,56,28,13,9,464,88,26,21,31,50,26,45,63,60,54,0,0,6,1169,106
2734,741,740,72,38,26,89,97,145,178,112,100,93,75,91,35,41,67,44,26,24,40,88,6,116,19,232,4,4,32,1068,222,212,104,57,24,8,15,642,23,88,37,51,20,62,91,63,86,121,0,0,0,1481,104
2735,993,1010,121,86,52,139,145,166,144,130,148,122,136,111,45,58,103,59,54,40,41,103,6,459,64,660,2,6,46,760,209,246,141,94,32,22,25,769,145,33,46,62,102,37,79,98,89,78,0,0,0,2003,173
2736,239,223,30,12,8,16,33,43,40,30,27,34,33,42,10,13,17,13,14,14,13,20,2,42,19,103,1,1,22,272,70,75,27,17,8,6,2,205,41,7,16,16,49,5,18,29,9,15,0,0,1,461,33
2737,268,260,28,20,10,31,28,50,39,25,34,26,28,24,16,14,38,33,17,14,26,27,4,50,1,60,2,5,18,388,45,94,36,22,7,3,5,212,5,19,12,37,6,51,17,19,22,24,0,0,5,523,37
2738,525,358,41,24,14,40,33,38,49,34,41,45,67,36,16,40,52,52,50,63,98,50,3,29,38,176,2,3,21,611,30,64,44,33,16,7,4,198,10,11,13,19,17,16,36,21,22,33,0,0,307,576,60
2739,295,278,37,19,17,35,32,55,62,45,43,42,28,37,14,9,18,10,9,10,6,45,2,49,19,165,2,1,19,316,74,52,42,29,13,5,7,222,12,11,16,13,25,14,39,40,24,28,0,0,0,573,54
2740,124,134,13,4,6,16,24,19,18,21,13,9,14,18,8,15,19,8,8,4,4,17,4,6,16,78,1,0,3,150,13,29,18,16,9,4,0,89,16,12,4,4,14,7,11,2,7,12,0,0,0,258,29
2741,2216,2128,500,258,190,380,248,258,329,318,256,157,146,453,52,89,122,85,67,45,50,341,38,109,315,910,8,21,156,2787,22,88,164,278,266,163,30,1011,37,101,31,19,117,22,113,205,204,162,0,0,0,4344,737
2742,38,48,5,4,2,12,3,10,4,4,5,6,6,4,6,2,2,4,3,0,1,3,0,1,1,23,0,0,3,58,5,5,9,6,4,0,0,29,2,2,5,1,2,2,4,3,3,5,0,0,0,86,10
2743,0,0,0,0,0,0,0,0,0,0,0,0,0,0,0,0,0,0,0,0,0,0,0,0,0,0,0,0,0,0,0,0,0,0,0,0,0,0,0,0,0,0,0,0,0,0,0,0,0,0,0,0,0
2744,93,95,9,4,5,11,10,18,14,17,5,4,15,7,5,12,9,7,7,2,6,21,0,3,4,36,1,1,1,142,16,22,7,11,7,2,2,67,2,7,12,7,5,12,3,6,5,8,0,0,0,188,22
2745,304,284,37,11,10,48,37,25,46,29,36,37,46,38,15,24,43,25,32,13,13,23,0,83,5,74,0,4,13,409,48,93,36,30,11,8,3,229,10,26,26,26,31,30,24,14,19,23,0,0,0,588,52
2746,759,762,88,48,38,107,114,109,96,79,95,92,119,83,35,60,77,68,56,37,35,85,16,124,18,245,6,10,42,1060,99,212,108,85,29,13,13,559,27,103,47,38,70,51,36,59,40,88,0,0,7,1514,140
2747,915,895,128,74,42,155,142,143,144,116,91,82,116,171,40,60,73,45,33,19,30,106,5,58,129,898,3,12,42,663,123,153,121,103,68,31,10,609,66,19,15,16,121,11,139,117,55,50,0,0,0,1810,212
2748,771,722,85,53,43,112,118,110,128,89,86,97,84,108,26,49,64,62,26,23,30,100,6,99,205,558,3,6,66,550,152,150,92,62,39,23,22,540,59,19,13,9,102,12,124,105,46,51,0,0,0,1493,146
2749,488,428,62,32,19,77,60,63,65,44,63,50,53,67,28,41,42,26,29,20,18,57,4,40,69,253,3,7,38,502,45,86,47,62,35,14,6,295,31,8,15,14,64,16,58,47,27,15,0,0,0,916,117
2750,7,4,0,1,0,0,1,0,0,3,2,0,1,1,0,0,0,1,0,0,0,1,0,0,0,6,0,0,0,5,0,1,1,0,0,1,0,3,1,0,0,0,0,0,0,1,0,1,0,0,0,11,1
2751,566,581,46,42,29,89,83,82,71,70,54,65,87,69,34,41,67,54,39,20,23,82,2,36,16,419,5,6,47,616,47,136,83,64,19,25,10,384,28,39,35,37,36,32,47,40,38,52,0,0,0,1147,118
2752,311,309,31,20,9,37,32,51,35,29,41,48,55,44,18,19,36,36,18,15,11,35,1,44,9,93,0,1,25,447,58,103,36,34,14,3,3,251,15,24,28,22,19,19,24,32,30,38,0,0,0,620,54
2753,539,494,55,31,23,64,71,77,78,83,65,65,61,69,27,32,44,54,33,22,22,57,10,208,50,249,1,2,31,482,94,131,72,60,14,7,12,390,42,41,27,30,49,40,57,35,30,39,0,0,10,1023,93
2754,116,116,15,10,8,6,16,28,23,12,18,15,11,14,8,10,8,7,8,1,4,10,1,15,6,45,0,0,6,159,27,31,19,10,8,1,0,96,5,3,5,7,10,3,16,17,15,15,0,0,0,232,19
2755,998,881,97,48,46,133,135,123,106,79,127,119,129,108,53,77,103,106,90,50,60,90,10,108,32,320,5,10,39,1355,135,276,143,101,44,11,7,717,27,111,44,65,79,65,35,111,66,114,0,0,16,1863,163
2756,0,12,0,0,0,0,0,2,2,2,2,2,1,0,0,1,0,0,0,0,0,0,0,1,0,10,0,0,0,1,0,0,0,0,0,0,0,0,0,0,0,0,0,0,0,0,0,0,0,0,12,0,0
2757,618,631,50,28,16,97,86,116,150,94,73,67,63,72,30,43,57,52,28,25,20,82,4,47,9,252,8,5,46,878,156,200,90,46,23,7,10,532,32,71,49,54,15,87,46,36,50,92,0,0,0,1249,86
2758,591,571,55,48,26,86,83,107,81,64,58,72,56,57,42,45,73,63,34,26,22,64,16,155,31,94,3,2,27,834,91,165,99,42,25,16,7,445,17,54,54,68,57,51,33,35,15,61,0,0,0,1162,90
2759,925,930,136,54,48,140,196,162,146,108,104,78,111,146,33,47,79,49,23,23,26,146,15,301,380,427,7,8,46,671,59,144,118,126,78,20,18,563,33,69,35,35,64,32,111,63,42,79,0,0,0,1855,242
2760,172,184,14,6,7,23,34,26,21,26,21,19,33,26,6,12,20,21,10,5,5,21,1,4,12,124,0,1,4,210,19,45,28,16,10,4,3,125,23,7,6,7,22,11,18,9,9,13,0,0,0,356,33
2761,2,2,1,0,1,0,0,0,1,0,0,0,1,0,0,0,0,0,0,0,0,0,0,0,4,0,0,0,0,0,0,0,0,1,0,0,0,1,0,1,0,0,0,0,0,0,0,0,0,0,0,4,1
2762,9,2,2,0,0,1,0,0,0,1,1,1,1,3,0,0,0,1,0,0,0,0,0,4,0,6,0,0,0,1,2,0,0,1,1,0,0,4,0,0,2,0,1,0,1,0,0,0,0,0,0,11,2
2763,223,243,29,9,6,28,30,42,44,35,23,29,31,31,7,14,24,30,14,13,7,20,0,19,6,63,1,0,11,366,42,66,39,27,10,0,2,186,9,16,15,23,11,49,9,17,15,22,0,0,0,466,39
2764,506,450,59,31,15,65,60,79,56,43,56,48,86,48,34,48,56,41,27,21,26,57,16,26,5,203,1,3,52,650,63,151,55,42,24,16,5,356,24,36,35,27,35,25,52,37,29,56,0,0,0,956,87
2765,1099,1104,91,47,31,129,144,221,265,189,126,108,117,137,48,58,117,87,68,38,46,136,13,76,20,364,9,7,69,1645,352,342,137,88,30,18,18,985,60,149,62,87,45,126,83,100,100,173,0,0,0,2203,154
2766,149,150,15,11,9,21,18,21,22,14,22,14,21,14,14,14,17,12,7,4,6,23,13,9,2,20,0,5,11,239,21,42,22,11,12,4,0,112,11,15,8,10,7,15,12,7,6,21,0,0,0,299,27
2767,1,2,0,0,0,1,0,0,0,1,0,0,0,1,0,0,0,0,0,0,0,0,0,0,0,0,0,0,0,3,0,0,1,0,0,0,0,1,0,0,0,0,0,0,0,0,0,1,0,0,0,3,0
2768,333,330,43,22,9,39,33,74,66,54,38,45,34,58,12,16,19,17,14,4,7,59,1,51,25,156,1,4,23,402,89,68,32,32,15,8,5,249,9,17,18,18,15,11,46,39,34,42,0,0,50,613,60
2769,673,718,103,57,35,80,92,107,120,133,112,79,64,104,27,36,48,39,18,16,18,103,8,360,111,314,4,8,55,531,112,109,97,86,55,13,9,481,66,44,28,20,57,10,55,56,68,77,0,0,0,1391,163
2770,0,0,0,0,0,0,0,0,0,0,0,0,0,0,0,0,0,0,0,0,0,0,0,0,0,0,0,0,0,0,0,0,0,0,0,0,0,0,0,0,0,0,0,0,0,0,0,0,0,0,0,0,0
2771,0,0,0,0,0,0,0,0,0,0,0,0,0,0,0,0,0,0,0,0,0,0,0,0,0,0,0,0,0,0,0,0,0,0,0,0,0,0,0,0,0,0,0,0,0,0,0,0,0,0,0,0,0
2772,244,256,27,20,16,31,34,49,53,33,37,25,22,32,5,13,18,13,13,5,5,49,0,52,27,121,3,4,19,274,62,50,23,32,17,4,4,192,16,22,15,17,19,14,29,25,16,19,0,0,0,500,57
2773,505,503,62,26,21,65,91,86,64,82,77,70,59,58,31,39,38,27,14,20,15,63,6,190,42,241,5,2,50,472,75,127,82,59,20,12,3,378,52,24,29,24,31,20,43,59,38,58,0,0,0,1008,94
2774,726,743,74,32,39,84,87,107,123,103,91,91,127,68,35,51,87,62,47,22,36,103,7,69,38,210,5,5,49,1086,152,226,101,79,26,11,6,601,19,64,73,106,32,69,30,54,61,93,0,0,1,1468,122
2775,382,351,43,25,23,54,42,63,47,53,38,35,45,43,14,37,38,24,25,14,17,53,6,14,17,299,2,3,18,374,37,68,60,46,21,5,7,244,36,21,2,17,50,22,30,11,15,40,0,0,0,733,79
2776,445,383,45,32,24,66,53,51,59,32,43,48,65,56,23,34,55,32,25,25,18,42,7,64,38,192,3,6,12,506,35,101,64,42,19,8,11,280,10,38,22,29,29,29,24,33,31,35,0,0,0,828,80
2777,714,694,66,40,23,87,114,111,115,85,75,67,122,70,36,52,81,74,49,37,35,69,8,173,54,241,7,5,46,874,128,238,102,61,31,10,5,575,29,72,51,80,36,81,19,52,40,115,0,0,0,1408,107
2778,93,81,9,10,6,19,7,8,17,10,11,9,14,15,1,6,6,4,5,1,3,13,0,3,2,73,0,0,3,93,2,16,10,13,6,2,2,51,7,3,2,1,7,6,8,0,7,10,0,0,0,174,23
2779,710,661,73,38,36,98,117,98,124,74,102,82,96,99,31,39,70,50,32,12,28,72,7,164,74,376,4,12,80,654,133,159,110,71,37,11,7,528,33,70,37,28,77,10,56,60,70,87,0,0,0,1371,126
2780,777,816,123,44,25,86,103,135,151,114,102,90,105,113,43,54,76,48,34,24,33,90,11,428,147,196,5,13,80,713,150,200,122,79,46,15,5,617,34,63,30,48,39,82,50,107,65,99,0,0,1,1592,145
2781,425,375,19,19,19,63,61,58,45,33,51,52,50,46,18,41,53,55,19,21,19,58,3,35,12,167,1,3,12,567,94,114,55,31,13,11,7,325,30,35,31,33,18,33,24,42,34,45,0,0,0,800,62
2782,648,728,66,36,27,80,98,153,154,72,96,68,64,89,27,42,61,64,39,21,38,81,3,105,10,181,2,3,46,1026,159,226,75,48,32,8,17,565,50,37,40,59,69,71,69,61,51,58,0,0,0,1376,105
2783,373,353,45,23,18,59,49,52,33,42,37,47,48,36,16,29,35,35,26,25,23,48,1,61,25,89,2,5,22,521,38,95,50,41,23,9,2,258,12,37,19,21,28,20,20,38,26,37,0,0,0,726,75
2784,50,55,7,5,3,11,4,9,14,4,1,6,8,9,1,3,4,3,1,2,1,9,0,5,0,28,0,0,4,68,5,11,5,6,2,1,3,33,1,2,3,2,2,2,3,5,6,7,0,0,0,105,12
2785,146,141,12,6,5,29,26,16,19,22,22,12,15,30,2,14,15,13,7,5,3,14,1,65,14,108,1,0,6,92,22,38,18,12,9,3,3,105,17,6,10,7,12,8,11,15,10,9,0,0,0,287,27
2786,822,812,72,25,13,82,104,191,205,142,121,82,84,101,44,39,66,69,38,24,26,106,2,145,19,239,9,5,43,1172,220,259,137,63,25,10,6,720,60,34,42,57,101,79,108,77,86,76,0,0,0,1634,104
2787,417,435,60,42,28,58,62,67,87,62,47,37,54,73,10,16,47,25,14,11,8,44,2,142,141,224,5,4,20,314,29,61,63,63,31,7,8,262,27,32,8,13,27,8,60,28,21,38,0,0,0,852,109
2788,0,0,0,0,0,0,0,0,0,0,0,0,0,0,0,0,0,0,0,0,0,0,0,0,0,0,0,0,0,0,0,0,0,0,0,0,0,0,0,0,0,0,0,0,0,0,0,0,0,0,0,0,0
2789,0,0,0,0,0,0,0,0,0,0,0,0,0,0,0,0,0,0,0,0,0,0,0,0,0,0,0,0,0,0,0,0,0,0,0,0,0,0,0,0,0,0,0,0,0,0,0,0,0,0,0,0,0
2790,242,275,31,7,4,31,29,55,63,53,35,31,32,24,9,15,16,18,12,6,14,32,3,21,3,92,3,3,24,368,79,74,38,21,11,2,3,228,13,26,18,25,12,34,15,22,29,34,0,0,0,517,37
2791,1362,1351,137,75,57,171,189,229,244,168,156,182,136,178,71,101,143,115,83,54,74,150,10,685,105,771,9,10,81,1042,358,331,182,136,58,28,18,1111,204,76,76,76,127,53,122,134,118,125,0,0,0,2713,240
2792,53,66,6,3,2,7,9,3,9,9,11,18,15,4,3,4,4,3,2,3,1,3,0,6,0,26,0,1,4,82,2,7,10,5,0,0,0,24,3,0,0,1,3,2,5,4,4,2,0,0,53,66,5
2793,572,520,59,36,25,89,57,88,75,72,64,62,81,68,21,46,67,42,36,17,21,66,4,80,29,225,4,4,44,702,91,169,72,55,17,10,10,424,28,42,35,61,25,67,28,35,29,74,0,0,0,1092,92
2794,1118,1100,113,53,35,160,147,181,198,152,157,126,164,132,68,79,109,79,58,34,46,127,17,436,60,453,2,9,92,1149,225,302,163,105,51,20,13,879,106,91,44,64,84,40,103,138,90,119,0,0,0,2218,189
2795,117,98,8,2,5,17,18,16,13,10,16,9,13,6,4,12,15,15,11,5,8,12,1,15,12,50,0,3,2,132,25,33,17,7,5,2,1,90,8,12,12,3,15,3,9,7,6,15,0,0,0,215,15
2796,386,340,33,22,13,53,45,62,49,26,40,48,41,49,25,31,37,40,20,20,22,50,7,87,5,69,1,2,13,542,66,100,58,33,13,4,8,282,11,39,36,39,34,31,15,20,28,29,0,0,0,726,58
2797,322,372,23,20,7,40,44,80,91,56,41,50,47,32,19,11,27,19,18,8,8,53,3,25,4,134,2,4,33,489,93,126,57,27,6,0,5,314,24,43,13,31,25,56,26,18,35,43,0,0,0,694,38
2798,578,666,51,27,17,76,64,151,177,98,78,65,67,87,28,38,50,29,21,15,19,86,8,128,25,236,1,4,27,815,207,168,95,45,24,7,9,555,54,13,35,46,74,26,95,71,75,66,0,0,0,1244,85
2799,0,0,0,0,0,0,0,0,0,0,0,0,0,0,0,0,0,0,0,0,0,0,0,0,0,0,0,0,0,0,0,0,0,0,0,0,0,0,0,0,0,0,0,0,0,0,0,0,0,0,0,0,0
2800,1592,1592,145,50,41,183,224,392,331,233,193,138,148,221,81,103,166,124,84,51,55,221,6,898,86,482,9,14,133,1556,334,521,240,126,56,20,23,1320,159,152,114,139,143,148,81,115,92,177,0,0,0,3184,225
2801,531,598,65,30,34,87,91,89,92,55,64,57,81,75,39,42,54,29,21,19,17,88,6,121,139,237,2,7,48,569,96,120,78,45,24,25,13,401,49,13,8,11,80,6,44,69,61,60,0,0,0,1129,107
2802,1,7,0,0,0,0,0,1,2,1,2,1,0,0,0,0,0,1,0,0,0,0,0,0,1,3,0,0,0,4,0,0,0,0,0,0,0,0,0,0,0,0,0,0,0,0,0,0,0,0,8,0,0
2803,34,49,6,3,1,2,7,3,8,4,7,6,9,4,3,4,5,2,4,0,0,5,2,0,0,24,0,0,7,50,9,7,6,8,2,0,0,32,6,6,0,0,7,4,4,0,4,1,0,0,0,83,10
2804,0,0,0,0,0,0,0,0,0,0,0,0,0,0,0,0,0,0,0,0,0,0,0,0,0,0,0,0,0,0,0,0,0,0,0,0,0,0,0,0,0,0,0,0,0,0,0,0,0,0,0,0,0
2805,307,301,37,32,24,45,45,58,44,28,41,36,42,51,12,10,28,15,5,7,5,43,0,15,69,194,0,4,37,289,35,58,41,26,27,12,3,202,51,18,7,6,37,3,35,16,12,17,0,0,0,608,68
2806,891,905,108,66,58,140,130,158,137,112,106,98,127,142,37,48,76,45,32,25,21,130,6,93,208,608,5,8,92,776,129,155,108,103,68,36,8,607,141,34,13,18,142,8,112,51,34,54,0,0,0,1796,215
2807,1105,1089,165,92,88,176,151,187,135,118,116,133,145,161,45,54,101,73,48,28,30,148,9,167,171,743,4,10,84,1006,138,164,125,118,93,45,18,701,136,17,28,33,158,20,144,79,36,50,0,0,0,2194,274
2808,553,533,58,40,25,64,81,88,88,47,65,73,68,91,33,32,40,51,20,13,35,74,5,60,73,352,4,5,33,554,81,96,72,51,36,22,8,366,71,21,19,11,90,14,66,37,16,21,0,0,17,1069,117
2809,284,309,48,25,19,61,37,46,41,33,32,30,35,29,18,19,26,22,21,9,6,36,6,14,33,209,3,4,15,309,46,60,39,20,21,11,7,204,36,11,2,11,38,19,27,8,21,31,0,0,0,593,59
2810,481,439,72,31,21,90,66,69,66,49,38,45,65,54,20,43,34,46,26,12,16,57,5,43,14,294,0,11,14,539,59,94,61,45,28,22,5,314,56,14,11,10,58,32,37,22,26,48,0,0,0,920,100
2811,734,766,107,53,51,110,90,115,114,102,73,93,107,98,43,53,69,43,37,30,35,77,12,47,43,533,1,4,22,838,84,151,77,58,42,28,13,453,90,34,7,19,76,43,58,17,31,78,0,0,164,1336,141
2812,1108,1040,139,84,50,150,140,185,158,121,137,136,155,123,61,69,101,80,49,29,37,144,28,127,98,541,3,10,81,1260,155,290,144,110,61,27,9,796,54,67,41,49,93,91,50,101,107,143,0,0,0,2148,207
2813,347,339,53,26,17,53,41,47,51,54,39,47,48,51,13,25,27,17,12,5,5,55,8,34,38,231,2,3,14,356,45,56,42,38,22,13,5,221,41,13,5,3,44,9,32,14,21,39,0,0,21,665,78
2814,41,50,1,2,4,4,6,11,7,8,2,2,8,5,3,3,1,6,5,4,7,2,1,2,4,14,2,1,2,65,13,16,9,2,1,1,0,42,2,6,5,1,6,3,5,6,4,4,0,0,0,91,4
2815,309,290,16,16,10,40,49,43,46,31,40,33,46,34,23,23,31,29,20,17,24,28,1,65,17,68,0,0,7,441,61,94,41,29,13,5,2,245,5,38,24,28,26,22,21,26,23,32,0,0,0,599,49
2816,267,310,29,11,7,35,34,46,80,34,35,36,38,23,16,21,28,26,16,8,17,37,2,17,1,84,0,4,33,436,73,86,50,25,8,3,3,248,12,46,16,17,22,40,17,17,18,43,0,0,1,576,39
2817,231,238,28,22,10,25,33,38,45,42,26,30,25,36,8,13,13,12,10,5,10,38,3,33,24,119,1,1,13,275,60,52,32,16,12,7,4,183,10,9,14,11,23,11,27,38,17,23,0,0,10,459,39
2818,380,341,48,29,25,43,50,52,42,44,40,42,49,42,24,27,29,30,15,12,15,63,9,49,14,188,2,6,23,430,52,87,48,37,24,7,5,260,13,27,10,18,42,21,16,37,37,39,0,0,0,721,73
2819,231,254,27,16,8,32,36,56,56,43,40,28,26,27,8,10,22,7,3,5,4,31,0,45,17,128,0,0,21,274,67,64,29,25,11,4,3,203,16,18,14,10,26,4,39,28,30,18,0,0,0,485,43
2820,391,365,31,22,18,54,50,56,49,56,52,36,44,49,21,23,45,44,29,20,17,40,1,101,21,144,1,1,22,465,72,132,44,29,15,8,6,306,10,33,28,44,17,49,27,23,24,51,0,0,0,756,58
2821,13,26,2,1,1,3,1,3,5,0,1,1,1,5,3,0,2,1,3,1,1,4,0,7,0,0,1,0,1,30,1,5,3,2,1,1,0,13,1,2,2,1,1,1,1,3,0,1,0,0,0,39,4
2822,177,162,18,12,8,26,21,16,19,25,26,21,24,22,8,13,19,13,17,9,10,12,1,38,11,65,0,2,8,214,37,57,22,14,4,6,1,141,8,16,10,16,7,28,8,7,18,23,0,0,2,337,25
2823,1870,1889,175,93,70,242,272,444,410,270,217,188,231,256,87,106,150,121,75,67,69,216,30,359,217,1164,8,24,124,1833,523,529,268,141,64,25,42,1592,306,58,91,109,334,42,158,223,150,121,0,0,0,3759,272
2824,561,574,64,35,22,61,65,116,138,84,72,49,59,96,25,41,43,33,17,13,16,86,4,85,40,231,4,7,51,713,141,120,77,53,33,15,7,446,22,48,27,36,36,15,83,65,56,58,0,0,0,1135,108
2825,626,575,70,36,27,82,72,120,122,89,87,77,63,82,25,27,42,34,32,8,16,90,6,81,39,268,4,3,50,750,141,136,98,69,29,7,4,484,21,62,34,35,39,29,88,63,44,69,0,0,0,1201,109
2826,1563,1448,155,84,66,206,210,266,253,214,184,196,184,191,75,127,121,115,63,61,49,191,27,679,271,335,18,11,152,1518,308,357,241,165,68,21,18,1178,74,119,60,101,79,147,111,190,111,186,0,0,0,3011,272
2827,1696,1776,289,111,97,296,242,302,284,204,191,164,187,313,81,95,133,84,56,34,46,263,27,523,612,847,13,17,136,1297,108,264,247,216,132,60,26,1053,63,129,54,47,118,58,194,123,113,154,0,0,1,3471,434
2828,159,178,19,13,13,29,24,29,28,21,14,16,18,23,10,7,22,6,5,8,6,26,6,4,3,118,0,2,9,195,26,32,15,23,9,4,5,114,2,14,7,11,14,4,18,12,10,22,0,0,0,337,41
2829,550,575,44,18,12,45,60,145,166,102,79,62,53,49,25,34,39,38,26,11,22,95,5,37,4,185,0,6,30,858,166,196,72,49,9,4,11,507,44,61,39,42,36,68,40,39,42,96,0,0,0,1125,73
2830,539,572,47,16,9,49,68,139,142,93,77,56,69,79,14,28,44,22,29,18,21,91,5,114,31,190,1,2,21,747,183,164,92,39,11,4,11,504,44,17,21,30,81,24,90,81,59,57,0,0,0,1111,65
2831,79,75,7,8,6,11,13,7,15,15,6,5,13,9,3,5,8,3,9,2,0,9,5,9,0,31,1,1,9,98,12,24,10,6,5,1,1,59,5,9,3,8,5,3,7,6,7,6,0,0,0,154,13
2832,632,665,77,29,29,75,82,128,100,98,82,81,94,77,23,58,60,47,27,19,26,85,6,201,65,223,4,2,24,772,105,183,96,80,22,13,3,502,40,43,32,56,53,83,66,35,37,57,0,0,6,1291,118
2833,258,273,16,6,7,22,36,70,70,56,30,29,32,28,11,16,18,10,8,8,7,51,3,61,12,65,1,1,23,365,89,72,53,25,3,4,0,246,29,3,15,18,47,11,31,35,21,36,0,0,0,531,32
2834,88,91,12,4,9,19,18,7,9,8,10,8,12,8,7,7,12,6,3,4,4,12,6,2,5,50,0,1,9,106,15,14,13,14,3,3,1,63,7,9,4,5,7,3,6,5,3,14,0,0,0,179,21
2835,1,1,0,0,0,0,0,0,0,0,1,0,1,0,0,0,0,0,0,0,0,0,1,0,0,0,0,0,0,1,0,1,0,0,0,0,0,1,0,0,0,0,0,0,0,0,0,1,0,0,0,2,0
2836,747,683,69,28,37,96,78,106,116,81,94,74,117,76,35,60,74,65,40,35,61,88,11,98,30,142,4,6,60,1079,167,218,111,48,34,10,9,597,51,51,49,65,41,67,58,45,69,101,0,0,0,1430,101
2837,181,188,12,8,7,21,26,38,44,36,25,16,22,20,9,4,16,18,12,4,12,19,2,34,6,85,1,1,11,229,66,58,23,15,7,1,2,172,14,6,12,8,24,12,35,24,19,18,0,0,0,369,25
2838,86,39,26,6,0,4,6,7,4,3,0,1,0,7,1,0,0,3,6,6,44,1,1,8,16,24,0,0,0,76,0,0,0,0,0,0,0,0,0,0,0,0,0,0,0,0,0,0,0,0,125,0,0
2839,129,136,12,66,8,18,5,5,5,6,8,6,6,3,2,5,4,11,16,21,47,11,1,23,32,97,0,2,4,106,0,0,0,0,0,0,0,0,0,0,0,0,0,0,0,0,0,0,0,0,265,0,0
2840,321,304,17,12,8,35,45,52,57,38,32,49,50,40,11,29,36,30,17,6,16,45,6,33,18,60,3,4,28,473,59,101,49,29,13,6,0,257,8,21,27,41,16,39,9,25,24,47,0,0,0,625,48
2841,603,534,53,30,26,60,90,83,84,65,64,80,74,50,28,45,74,37,49,27,50,68,8,72,22,147,7,1,41,839,143,188,56,53,23,11,7,481,40,44,44,59,28,55,38,32,64,77,0,0,0,1137,94
2842,41,61,5,0,1,4,6,7,14,7,5,10,12,6,0,4,8,5,0,2,1,5,2,16,7,19,0,1,3,54,13,13,8,4,1,0,1,40,2,1,2,3,3,2,9,4,8,6,0,0,10,92,6
2843,1380,1284,112,79,51,188,198,196,169,149,129,178,160,151,65,126,162,139,100,77,87,148,32,172,88,467,8,15,48,1834,251,420,161,115,61,22,24,1054,50,116,97,130,82,219,65,92,85,118,0,0,0,2664,222
2844,617,531,50,28,36,95,69,101,103,69,73,64,81,77,16,49,44,40,20,24,24,85,9,241,26,238,2,5,52,575,123,122,74,75,24,11,7,436,53,34,24,21,49,26,50,79,44,56,0,0,19,1129,117
2845,0,0,0,0,0,0,0,0,0,0,0,0,0,0,0,0,0,0,0,0,0,0,0,0,0,0,0,0,0,0,0,0,0,0,0,0,0,0,0,0,0,0,0,0,0,0,0,0,0,0,0,0,0
2846,359,349,44,17,19,51,44,63,75,64,43,33,56,34,17,17,32,26,14,12,11,36,5,166,58,123,2,2,42,310,69,94,55,34,18,3,5,278,26,24,17,19,24,37,15,52,27,37,0,0,0,708,60
2847,87,74,10,4,3,13,12,14,14,8,7,13,12,10,1,9,4,8,1,1,5,12,0,9,5,42,1,2,7,95,16,21,12,6,5,0,2,62,5,7,5,8,4,4,6,3,7,13,0,0,0,161,13
2848,428,399,32,22,26,64,43,64,59,48,58,67,59,39,19,35,54,33,24,14,17,50,5,78,5,131,0,0,34,574,59,111,66,37,22,11,3,309,17,41,33,22,42,16,13,24,34,67,0,0,0,827,73
2849,187,180,15,11,8,24,26,32,27,27,23,20,26,19,9,9,17,11,9,7,21,26,1,23,44,99,0,1,1,198,42,45,22,24,8,4,0,145,13,23,10,10,16,2,14,17,14,26,0,0,9,358,36
2850,296,336,26,9,9,35,42,69,76,45,49,30,39,45,17,27,21,19,14,9,9,42,2,14,9,177,0,2,25,403,95,99,43,22,17,2,3,281,15,21,25,19,38,17,46,37,30,33,0,0,0,632,44
2851,357,330,34,18,20,65,52,55,48,43,32,39,57,38,15,22,27,28,15,16,20,43,5,55,28,200,2,3,17,377,84,91,44,32,14,7,6,278,22,37,23,23,39,15,30,33,23,33,0,0,0,687,59
2852,0,0,0,0,0,0,0,0,0,0,0,0,0,0,0,0,0,0,0,0,0,0,0,0,0,0,0,0,0,0,0,0,0,0,0,0,0,0,0,0,0,0,0,0,0,0,0,0,0,0,0,0,0
2853,747,706,80,42,28,84,77,105,123,102,91,92,116,87,42,53,68,69,45,32,39,78,11,71,32,192,6,7,59,1075,136,247,100,64,28,8,10,593,12,63,63,85,45,94,36,48,58,89,0,0,0,1453,110
2854,500,509,64,38,26,78,68,72,81,59,66,73,60,60,15,32,56,38,18,18,19,68,9,173,66,467,6,6,43,239,74,102,53,62,30,12,13,346,33,20,21,10,75,7,81,31,32,36,0,0,0,1009,117
2855,404,436,45,24,16,56,41,70,63,64,58,48,55,46,15,35,40,42,28,19,21,54,1,63,40,220,2,0,34,480,53,102,62,42,17,10,10,296,21,24,11,26,35,31,17,36,36,59,0,0,0,840,79
2856,286,302,21,10,7,37,33,67,74,54,33,28,25,37,21,15,24,20,14,11,17,40,6,16,2,141,0,0,7,416,107,85,33,28,6,0,9,268,14,39,17,22,24,38,20,22,22,50,0,0,0,588,43
2857,1739,1731,184,94,82,240,212,319,267,185,196,231,216,235,76,130,189,152,92,72,94,204,12,343,256,977,5,14,77,1786,307,505,228,188,64,31,26,1349,85,123,91,97,195,40,161,133,198,226,0,0,0,3470,309
2858,292,336,21,14,11,37,45,75,77,37,38,43,33,41,14,21,16,30,10,7,12,46,6,21,5,161,0,1,4,430,99,82,49,20,12,3,7,272,13,31,18,22,20,33,28,32,31,44,0,0,2,626,42
2859,144,112,19,13,7,21,17,24,11,12,18,12,17,21,7,12,8,10,3,3,2,19,0,16,3,66,1,2,14,154,10,26,13,12,7,3,6,77,2,12,5,7,3,12,3,8,9,16,0,0,7,249,28
2860,380,399,38,22,18,76,56,75,74,41,46,42,42,56,25,35,31,20,17,6,10,49,2,62,95,130,2,2,47,439,72,87,59,25,26,14,5,288,45,11,2,5,51,3,31,46,46,48,0,0,0,779,70
2861,834,828,117,70,50,120,102,129,127,106,119,92,115,133,47,48,65,60,29,19,22,92,14,80,173,604,2,10,90,689,121,164,97,87,54,26,18,567,124,29,15,11,128,16,116,41,31,56,0,0,0,1662,185
2862,662,692,85,54,37,100,90,108,108,67,81,72,93,110,43,44,65,41,19,26,20,91,11,52,170,417,4,5,79,616,73,136,101,74,40,24,8,456,90,28,11,12,93,14,88,44,31,45,0,0,0,1354,146
2863,1204,1126,149,93,78,184,144,181,149,127,144,140,136,223,55,60,105,70,62,34,37,159,14,132,130,787,7,10,74,1176,136,182,149,111,91,48,23,740,100,37,19,39,199,38,157,73,31,47,0,0,6,2324,273
2864,83,62,9,6,4,17,8,11,14,5,7,6,13,12,2,4,6,5,3,4,2,7,1,4,7,49,0,0,5,79,11,14,12,3,6,2,2,50,10,3,3,1,10,1,5,2,9,6,0,0,0,145,13
2865,206,196,26,25,15,18,22,23,26,24,14,19,28,39,12,24,17,9,7,6,14,34,0,9,21,154,0,2,14,202,25,37,20,19,19,8,3,131,15,11,3,8,26,8,23,9,12,16,0,0,0,402,49
2866,582,533,69,28,29,64,79,81,61,44,36,68,84,75,32,43,54,59,47,38,65,59,7,40,57,360,0,10,13,628,80,108,76,44,30,19,7,364,55,22,8,20,64,31,50,18,29,67,0,0,94,1021,100
2867,330,309,27,20,71,99,31,32,30,31,29,34,40,31,17,24,33,24,14,14,14,24,6,28,16,100,1,7,18,463,20,55,28,32,18,6,4,163,7,27,15,17,8,26,9,15,10,29,140,0,0,499,60
2868,449,460,45,29,11,49,46,94,98,78,64,51,62,68,22,14,28,34,19,15,32,50,1,113,58,190,4,1,30,512,115,129,64,44,16,5,5,378,7,39,32,33,14,40,57,51,51,54,0,0,18,891,70
2869,397,422,37,13,14,33,45,102,110,74,45,51,31,66,21,24,29,24,11,12,20,57,4,21,16,279,2,0,10,487,110,113,61,29,15,7,8,343,11,30,30,27,39,24,64,43,36,39,0,0,0,819,59
2870,350,298,52,23,18,44,43,45,54,30,28,37,41,36,15,25,34,28,19,12,18,46,3,36,37,168,4,7,20,373,46,60,37,38,21,9,7,218,16,12,6,15,27,20,18,30,31,43,0,0,0,648,75
2871,278,265,33,14,19,31,40,50,59,36,45,41,23,34,8,14,21,13,12,4,2,44,6,37,15,140,1,5,20,319,63,49,35,35,16,4,4,206,16,20,10,15,24,8,34,25,23,31,0,0,0,543,59
2872,474,479,56,36,24,70,81,73,55,54,47,71,71,52,25,38,46,37,33,17,22,45,9,55,32,223,2,1,38,593,65,128,72,62,15,10,4,356,21,27,18,27,44,38,29,53,42,57,0,0,0,953,91
2873,619,561,76,33,30,90,91,89,100,62,54,65,84,69,37,44,58,48,31,18,29,72,8,80,8,225,1,4,34,820,96,162,75,64,33,8,8,446,24,54,37,40,53,34,23,48,48,85,0,0,0,1180,113
2874,262,276,15,11,15,23,33,59,71,40,36,32,30,36,10,14,25,18,26,5,10,29,1,38,5,101,1,4,15,373,80,85,43,23,4,5,2,242,30,23,7,9,30,11,29,35,36,32,0,0,1,537,34
2875,0,0,0,0,0,0,0,0,0,0,0,0,0,0,0,0,0,0,0,0,0,0,0,0,0,0,0,0,0,0,0,0,0,0,0,0,0,0,0,0,0,0,0,0,0,0,0,0,0,0,0,0,0
2876,0,0,0,0,0,0,0,0,0,0,0,0,0,0,0,0,0,0,0,0,0,0,0,0,0,0,0,0,0,0,0,0,0,0,0,0,0,0,0,0,0,0,0,0,0,0,0,0,0,0,0,0,0
2877,300,292,29,15,19,48,34,42,36,34,37,43,40,41,15,19,29,22,28,13,20,28,5,43,27,161,1,2,10,343,65,80,34,25,15,3,9,231,21,27,22,15,29,15,29,20,15,38,0,0,0,592,52
2878,676,666,71,35,29,102,87,81,94,85,73,80,102,72,35,51,65,69,50,36,47,78,8,91,50,232,1,5,34,921,126,210,81,62,33,9,11,532,17,63,38,58,57,108,29,47,46,69,0,0,0,1342,115
2879,523,523,48,35,12,69,86,75,69,56,66,61,92,62,26,31,67,51,28,23,28,61,3,47,27,149,6,1,26,787,103,172,66,56,20,6,5,428,13,44,46,72,26,59,23,44,41,60,0,0,0,1046,87
2880,298,294,25,12,8,35,43,76,102,31,29,29,28,32,15,14,20,11,17,9,12,44,2,13,3,110,2,2,3,457,97,96,38,26,4,1,7,269,22,37,15,17,36,20,31,27,20,44,0,0,0,592,38
2881,268,300,26,17,0,39,31,71,80,51,27,23,27,29,11,17,20,18,12,7,9,53,5,27,1,130,3,2,27,373,79,70,51,20,10,1,7,238,22,33,18,15,26,10,34,19,28,33,0,0,3,565,38
2882,157,148,29,7,11,21,12,21,21,13,16,15,30,22,10,10,16,11,6,8,6,20,2,9,3,93,1,2,4,191,10,26,25,19,5,5,3,93,6,11,4,5,6,13,10,6,11,21,0,0,12,293,32
2883,562,566,61,31,23,82,71,80,92,68,62,73,96,71,36,43,54,41,34,18,44,48,6,79,49,131,5,2,47,809,131,158,79,51,26,7,7,459,46,44,38,46,25,49,43,34,57,77,0,0,13,1115,91
2884,269,309,45,17,13,35,53,45,54,41,52,23,26,45,16,13,20,10,7,6,13,44,5,97,98,173,3,5,10,187,22,50,33,41,18,11,3,178,12,29,17,17,15,4,27,15,13,29,0,0,13,565,73
2885,246,278,19,18,7,26,33,66,72,34,33,36,34,23,10,13,20,21,8,0,12,39,1,22,10,120,2,2,17,350,88,72,52,17,3,1,5,238,20,27,17,23,21,14,28,24,24,40,0,0,7,517,26
2886,375,362,37,14,9,58,55,67,44,52,45,39,49,38,25,43,48,23,20,18,19,34,1,91,55,179,1,2,24,384,85,98,47,31,19,8,6,294,25,27,21,18,31,13,24,31,38,66,0,0,0,737,64
2887,328,294,38,33,8,40,33,49,53,38,41,34,33,33,20,26,26,23,20,18,18,38,2,55,59,165,2,1,17,321,63,95,39,26,13,7,4,247,15,17,14,15,32,4,32,35,45,38,0,0,9,613,50
2888,454,430,51,18,20,70,60,63,62,37,61,56,76,51,20,24,54,47,31,16,21,46,4,32,46,141,1,2,21,637,68,133,73,31,17,9,8,339,6,27,53,51,20,50,18,26,24,64,0,0,0,884,65
2889,49,51,4,7,2,9,9,7,6,2,4,7,6,4,2,6,5,8,4,2,2,4,5,0,0,33,0,0,1,61,12,18,4,5,1,1,1,42,4,6,3,5,5,1,7,2,3,6,0,0,0,100,8
2890,283,276,29,21,8,33,19,31,46,31,31,44,36,24,22,19,39,30,19,21,27,29,4,46,16,69,2,5,16,401,69,72,38,26,16,3,3,227,17,15,22,29,12,25,20,23,31,33,0,0,7,552,48
2891,286,340,32,24,14,38,39,47,46,60,42,32,41,32,13,33,36,23,19,11,9,35,0,71,18,135,1,0,19,382,96,81,44,29,13,4,4,271,17,19,19,23,37,10,38,40,39,29,0,0,0,626,50
2892,111,115,14,2,6,10,13,23,17,21,19,14,9,17,1,4,9,10,3,1,3,30,1,29,24,47,0,1,11,113,15,18,15,8,8,4,4,72,10,2,1,3,10,1,4,12,16,13,0,0,0,226,24
2893,547,545,37,22,16,48,71,155,138,78,70,50,75,79,19,21,39,40,19,20,17,78,4,49,18,303,0,2,23,693,142,152,94,43,18,8,7,464,15,41,22,39,58,20,68,79,49,73,0,0,0,1092,76
2894,901,921,118,56,37,127,153,185,135,114,95,112,106,145,44,56,80,45,32,26,33,123,9,165,229,387,4,5,110,913,172,192,116,100,33,38,15,666,99,13,16,14,125,8,77,127,103,84,0,0,0,1822,186
2895,6,8,0,1,1,0,0,1,0,2,2,3,2,0,1,1,0,0,0,0,0,0,0,0,1,3,0,0,1,9,0,0,0,0,0,0,0,0,0,0,0,0,0,0,0,0,0,0,0,0,14,0,0
2896,3,0,0,0,0,0,0,1,0,0,0,0,0,0,0,0,0,0,0,0,0,2,0,0,0,0,0,0,0,3,0,0,0,0,0,0,0,0,0,0,0,0,0,0,0,0,0,0,0,0,3,0,0
2897,363,394,22,10,14,50,49,107,113,58,53,31,42,50,19,22,31,17,13,10,8,38,0,13,3,173,1,1,39,527,134,114,60,24,9,4,6,351,22,48,26,18,47,16,46,42,34,52,0,0,0,757,43
2898,532,525,41,26,21,65,102,79,79,55,45,64,75,39,32,52,63,49,27,28,48,67,4,72,47,216,0,2,18,698,114,174,64,48,17,10,8,435,20,58,38,37,66,30,43,43,36,64,0,0,0,1057,83
2899,74,81,3,2,1,14,13,21,14,11,10,10,12,15,5,8,2,2,2,0,4,6,1,2,2,19,1,2,2,126,34,24,4,6,3,1,0,72,3,5,4,6,13,9,8,7,10,7,0,0,16,139,10
2900,574,551,88,46,27,71,76,99,94,57,54,72,68,88,21,32,42,30,30,20,21,89,3,40,30,613,2,3,105,329,73,84,69,65,37,21,13,362,112,18,5,9,65,0,54,37,40,22,0,0,0,1125,136
2901,790,755,105,68,57,129,111,108,114,76,84,95,107,124,33,49,58,49,33,20,27,98,4,70,73,792,2,11,147,446,112,150,86,82,63,21,13,527,154,12,9,10,109,4,75,52,55,47,0,0,1,1544,179
2902,1266,1331,212,87,75,206,198,206,156,134,152,175,147,201,82,90,98,67,55,35,54,167,16,163,110,1333,11,8,179,777,185,206,142,122,85,45,33,818,217,28,22,16,187,11,109,84,79,65,0,0,124,2473,285
2903,412,478,22,17,19,57,56,124,139,81,54,49,42,41,9,16,27,28,14,8,16,71,4,29,9,250,6,9,17,566,128,126,78,34,10,7,6,389,19,29,24,31,47,27,56,56,37,63,0,0,0,890,57
2904,330,320,34,23,33,52,42,44,38,29,27,34,57,52,17,20,38,28,18,16,20,28,0,27,25,320,0,2,51,225,46,39,29,37,24,10,4,189,60,6,1,2,39,5,24,19,16,17,0,0,78,572,75
2905,393,382,52,26,32,71,60,56,46,45,30,38,52,74,27,23,24,29,16,10,13,51,6,21,48,238,2,0,48,412,57,61,45,41,29,16,7,256,34,19,13,15,29,7,38,16,28,57,0,0,0,775,93
2906,172,189,23,10,8,33,31,22,23,10,21,22,30,29,12,13,19,13,12,6,15,9,4,20,9,53,1,2,13,259,11,47,17,22,4,12,3,116,5,19,8,11,4,17,9,15,12,16,0,0,0,361,41
2907,549,544,49,25,15,100,149,108,106,70,56,48,46,78,26,23,32,36,13,15,19,79,11,433,27,226,5,5,56,330,61,159,72,51,18,8,19,388,48,36,26,44,41,46,22,33,33,59,0,0,0,1093,96
2908,0,0,0,0,0,0,0,0,0,0,0,0,0,0,0,0,0,0,0,0,0,0,0,0,0,0,0,0,0,0,0,0,0,0,0,0,0,0,0,0,0,0,0,0,0,0,0,0,0,0,0,0,0
2909,416,470,67,28,22,73,65,61,71,77,69,46,40,46,25,25,32,33,22,10,14,60,4,255,58,175,0,3,34,357,69,82,54,55,24,13,9,306,37,36,17,9,34,3,41,43,36,50,0,0,0,886,101
2910,313,314,53,20,12,59,41,43,52,54,47,35,31,45,12,22,21,15,4,5,6,50,3,162,37,139,2,3,21,260,54,53,41,42,19,4,7,220,28,21,9,16,19,7,28,34,30,28,0,0,0,627,72
2911,0,0,0,0,0,0,0,0,0,0,0,0,0,0,0,0,0,0,0,0,0,0,0,0,0,0,0,0,0,0,0,0,0,0,0,0,0,0,0,0,0,0,0,0,0,0,0,0,0,0,0,0,0
2912,115,141,4,7,5,13,14,22,28,29,17,8,22,10,5,9,15,13,8,3,8,16,1,6,2,46,0,2,9,190,43,45,11,9,4,0,2,114,4,14,4,6,11,6,18,13,12,26,0,0,18,238,15
2913,407,336,72,23,20,69,50,46,65,40,49,38,38,46,13,24,19,20,18,12,46,35,3,168,73,128,2,1,34,334,54,55,32,47,24,6,3,221,31,18,10,8,28,3,38,17,34,34,0,0,115,628,80
2914,430,430,54,35,16,56,52,63,48,50,56,61,65,51,20,48,46,32,29,16,24,38,4,38,33,220,1,3,34,527,61,102,70,37,20,15,5,310,12,26,23,23,41,28,23,46,45,43,0,0,7,853,77
2915,631,777,53,25,18,86,104,190,195,115,91,73,67,97,35,30,49,29,22,17,21,91,3,90,28,206,9,13,41,1018,221,182,89,72,15,8,16,603,50,53,41,32,54,9,71,93,95,105,0,0,16,1392,111
2916,725,692,71,39,24,125,121,81,98,92,92,86,95,54,41,63,73,73,49,30,53,57,6,149,38,300,3,10,35,876,190,221,92,55,27,8,13,606,39,100,28,49,73,43,59,69,55,91,0,0,0,1417,103
2917,350,319,39,20,9,30,35,59,56,39,46,48,37,45,15,22,35,31,27,14,31,31,14,24,9,139,4,2,16,461,73,94,38,37,19,5,2,268,22,16,17,31,21,38,34,23,23,43,0,0,5,664,63
2918,720,766,134,45,35,143,126,96,86,92,76,87,94,104,35,39,62,48,27,25,29,103,16,247,97,710,1,5,78,332,88,125,78,80,47,33,20,471,59,37,13,21,93,13,81,45,49,60,0,0,0,1486,180
2919,906,899,129,70,73,145,143,133,137,113,116,109,116,118,37,49,75,65,31,28,21,97,11,132,242,608,5,16,76,715,143,164,112,95,54,31,20,619,173,18,22,23,114,3,128,69,46,23,0,0,0,1805,200
2920,538,655,52,17,19,65,66,169,169,92,85,75,66,65,19,32,42,20,20,18,12,90,6,37,22,313,3,3,54,755,162,141,87,41,13,9,9,462,45,53,20,22,56,15,73,47,49,82,0,0,129,1064,72
2921,114,101,13,16,6,18,8,15,15,9,7,12,13,24,2,7,11,7,2,1,4,25,1,19,30,69,0,0,5,91,18,13,9,14,6,4,4,68,18,2,1,1,9,0,20,11,4,2,0,0,0,215,28
2922,395,373,38,27,16,46,50,57,56,43,56,54,50,43,15,33,48,28,19,18,23,48,5,61,11,140,2,2,11,536,51,121,61,24,17,8,8,290,19,35,27,34,35,11,25,28,22,54,0,0,0,768,57
2923,75,79,6,4,2,2,4,19,23,10,12,12,14,11,6,4,5,5,2,2,3,8,2,7,2,10,2,0,11,120,32,21,12,5,4,0,0,74,6,3,3,6,7,1,13,13,7,15,0,0,4,150,9
2924,431,433,53,24,16,40,51,76,64,51,50,48,59,57,16,42,45,35,36,24,30,47,4,55,23,125,1,3,48,605,131,116,60,34,14,8,8,371,44,38,36,37,18,43,30,27,38,60,0,0,0,864,64
2925,85,105,9,5,2,10,7,26,29,15,18,10,6,14,4,2,4,5,3,2,5,14,1,3,2,23,0,0,5,156,23,25,11,6,7,0,3,75,9,8,2,5,12,1,9,11,9,9,0,0,1,189,16
2926,510,557,48,23,14,59,65,130,150,77,63,54,59,72,17,30,45,23,29,16,21,72,8,45,9,255,3,5,48,694,171,146,77,46,16,9,7,472,32,76,29,28,49,24,64,64,48,58,0,0,0,1067,78
2927,769,741,96,39,41,72,110,137,123,85,106,97,87,137,32,38,55,46,41,29,29,110,11,185,218,414,4,10,39,629,146,132,88,72,49,31,14,532,135,14,19,14,117,4,113,64,39,13,0,0,0,1510,166
2928,357,331,41,17,16,58,49,58,60,45,33,46,42,56,24,22,27,20,11,9,10,44,1,51,119,225,1,6,27,258,65,52,51,41,24,7,5,245,61,8,7,10,48,3,50,36,13,9,0,0,0,688,77
2929,564,536,60,33,23,70,67,96,100,69,70,61,85,64,20,46,54,35,33,25,23,66,4,123,116,293,4,4,24,532,98,134,79,54,26,13,8,412,31,34,24,28,51,14,53,43,62,72,0,0,9,1091,101
2930,40,37,1,5,0,4,5,10,10,3,5,2,4,10,0,3,2,2,1,0,1,9,0,4,0,10,0,0,2,61,10,5,9,3,2,0,1,30,7,1,2,2,3,1,3,4,1,6,0,0,0,77,6
2931,863,908,107,218,36,116,82,104,114,99,72,85,72,79,28,50,64,55,63,79,133,115,8,142,154,560,4,7,72,824,82,118,66,49,30,7,9,361,21,41,30,22,37,7,40,45,45,73,0,0,796,975,95
2932,645,636,34,19,16,77,107,150,174,96,78,59,63,76,25,46,56,34,35,22,31,83,4,42,10,165,3,8,7,1042,185,220,86,48,16,9,9,573,45,85,32,30,100,28,82,77,42,52,0,0,0,1281,82
2933,440,425,57,31,34,81,76,62,51,63,51,55,52,52,15,17,28,25,18,18,11,68,6,59,41,396,2,5,71,285,75,77,43,56,27,17,6,301,83,8,5,1,68,4,39,36,31,26,0,0,0,865,106
2934,146,147,22,10,14,18,22,20,18,10,13,19,27,15,6,8,14,12,4,10,6,25,1,3,0,101,0,3,15,170,17,22,15,14,17,5,2,92,1,15,8,11,8,13,4,13,6,13,0,0,0,293,38
2935,651,701,35,11,13,78,98,187,179,102,85,58,70,84,31,40,67,43,36,25,33,77,8,54,10,163,2,5,12,1098,259,225,80,51,12,10,6,643,57,85,33,38,100,31,89,90,50,70,0,0,29,1323,79
2936,285,279,21,15,9,47,33,42,32,27,31,37,50,27,21,25,35,25,17,19,20,31,7,29,17,78,4,0,4,425,63,82,31,29,16,3,3,227,4,32,17,36,23,43,12,25,18,17,0,0,6,558,51
2937,0,0,0,0,0,0,0,0,0,0,0,0,0,0,0,0,0,0,0,0,0,0,0,0,0,0,0,0,0,0,0,0,0,0,0,0,0,0,0,0,0,0,0,0,0,0,0,0,0,0,0,0,0
2938,425,386,33,29,26,49,66,67,81,45,62,52,48,42,16,28,38,41,23,11,19,35,14,171,65,110,2,3,40,406,73,126,53,47,14,5,5,323,18,31,18,18,27,32,29,55,32,63,0,0,0,811,71
2939,109,116,10,2,8,19,22,15,18,6,13,8,16,14,3,6,16,10,8,4,13,14,2,9,10,48,1,1,2,152,17,38,10,10,3,1,5,84,5,13,5,11,7,14,6,3,6,14,0,0,2,223,19
2940,86,83,3,1,1,9,14,28,25,9,11,6,12,8,7,2,3,6,8,2,0,14,3,5,8,14,2,2,5,130,24,25,12,8,1,1,1,72,8,6,5,5,9,1,6,16,8,8,0,0,8,161,11
2941,326,343,18,6,8,54,47,84,106,49,39,24,44,39,10,15,22,27,14,8,17,38,1,25,11,82,1,3,30,516,138,115,34,31,6,2,4,330,39,23,20,16,38,7,37,55,44,51,0,0,0,669,43
2942,250,285,25,10,6,34,43,66,66,34,25,20,27,34,12,17,25,31,17,7,10,26,3,22,10,74,0,2,32,392,104,69,41,17,7,3,6,247,25,19,9,16,32,3,30,48,25,40,0,0,1,534,33
2943,711,626,84,40,36,106,99,104,91,67,78,75,101,85,27,53,68,62,35,25,21,80,5,28,69,349,4,6,89,787,99,132,96,75,37,19,10,468,58,37,18,27,55,22,61,43,71,76,0,0,5,1332,141
2944,527,529,53,19,18,77,85,103,106,74,70,64,57,70,18,36,38,42,15,21,28,62,5,106,68,220,3,2,41,611,120,160,71,44,19,7,9,430,17,43,34,61,13,47,49,52,49,65,0,0,17,1039,79
2945,661,592,62,44,31,96,92,95,90,76,90,79,92,80,28,40,59,37,37,18,34,73,6,42,109,243,2,5,26,820,135,158,78,78,35,7,5,496,37,55,22,26,47,28,91,54,51,85,0,0,0,1253,125
2946,459,463,52,35,36,80,79,79,50,42,55,56,62,65,28,26,39,30,16,14,12,66,4,13,47,303,3,7,67,478,49,71,60,59,31,17,7,294,40,34,19,14,32,7,50,24,36,38,0,0,3,919,114
2947,137,141,27,12,13,15,10,14,14,17,14,18,16,28,10,12,12,5,10,5,4,22,1,0,9,121,0,0,8,139,12,18,17,13,8,9,4,81,10,8,8,6,7,8,5,6,8,15,0,0,0,278,34
2948,605,629,46,17,18,67,86,164,172,91,66,69,64,65,26,29,56,57,23,20,24,74,3,62,5,162,3,5,11,983,188,203,97,40,17,8,7,560,48,65,38,34,106,40,63,73,40,53,0,0,0,1234,72
2949,269,284,17,14,11,54,37,55,51,34,32,30,29,39,11,12,27,26,15,8,16,35,3,92,27,105,0,1,22,303,53,78,49,22,13,2,4,221,14,16,12,27,20,48,27,16,22,19,0,0,0,553,41
2950,272,237,42,16,10,39,26,44,29,24,34,23,33,36,14,22,27,24,18,12,11,25,0,28,4,110,3,1,15,348,29,53,35,25,15,10,4,171,6,28,17,21,4,22,11,18,11,33,0,0,0,509,54
2951,541,544,54,19,19,78,76,66,74,59,75,58,81,54,35,38,71,58,32,31,26,81,18,40,7,214,0,6,25,775,124,132,72,52,22,16,8,426,46,31,32,41,41,78,54,21,28,54,0,0,0,1085,98
2952,979,1002,69,32,30,99,146,208,229,142,119,98,121,117,32,63,109,78,58,50,51,130,13,110,41,170,9,8,97,1533,287,302,135,84,30,9,18,865,94,94,42,61,55,53,112,138,106,110,0,0,0,1981,141
2953,300,335,35,18,12,37,31,57,48,36,40,53,36,38,25,35,34,37,13,11,12,27,6,30,53,93,3,2,11,437,58,87,53,32,14,5,2,251,19,33,11,14,23,17,38,32,36,28,0,0,0,635,53
2954,298,261,30,17,19,36,38,30,34,31,35,39,38,30,18,24,36,24,10,11,28,31,1,32,7,68,2,1,20,428,48,81,43,28,13,6,1,220,15,35,15,24,28,12,15,13,26,37,0,0,0,559,48
2955,882,877,67,34,28,83,101,170,202,134,130,97,114,100,44,56,92,75,42,38,46,106,14,87,33,146,7,5,65,1402,285,284,128,65,24,7,12,805,91,78,46,47,65,59,99,120,94,106,0,0,2,1757,108
2956,170,158,15,9,6,27,22,23,21,23,18,27,27,13,7,14,18,14,12,5,12,15,4,17,21,57,1,0,6,222,44,44,28,14,8,0,2,140,6,10,6,9,14,12,13,29,17,24,0,0,0,328,24
2957,662,614,81,58,40,73,83,80,93,99,69,80,78,91,30,40,62,36,37,20,21,105,4,47,179,423,1,5,37,580,69,109,75,83,43,16,12,407,45,39,14,6,77,13,88,45,36,44,0,0,21,1255,154
2958,153,157,14,7,7,27,25,31,29,23,24,14,15,18,7,13,10,14,3,4,6,19,4,32,24,103,4,0,4,139,38,39,18,17,10,1,2,125,8,10,8,6,12,7,21,24,15,14,0,0,0,310,30
2959,544,563,58,31,27,64,90,86,70,65,67,70,91,64,23,40,63,45,28,22,31,72,11,49,54,422,1,6,33,531,95,108,81,53,30,15,12,394,28,30,22,34,47,28,54,57,42,52,0,0,0,1107,110
2960,1329,1415,202,126,78,214,238,233,195,160,165,157,150,191,47,97,110,74,61,33,42,171,19,481,146,1262,5,12,76,743,175,204,173,161,87,45,36,881,88,67,27,27,184,24,177,80,77,130,0,0,0,2744,329
2961,244,238,28,12,12,51,31,31,26,31,21,28,30,31,10,8,27,13,15,12,12,53,1,19,19,182,2,6,25,228,38,40,24,28,15,12,4,161,12,9,16,13,13,10,15,16,19,38,0,0,0,482,59
2962,125,133,18,8,7,19,23,15,22,12,15,17,16,17,7,13,21,6,4,4,1,13,1,9,14,106,2,1,4,121,16,29,23,10,6,5,2,91,9,10,7,4,6,5,15,12,6,17,0,0,0,258,23
2963,146,173,20,17,13,18,31,26,21,25,17,16,19,19,6,14,17,12,8,3,4,13,3,12,18,108,0,1,29,148,16,38,15,27,5,3,3,107,8,6,4,9,9,4,15,17,19,16,0,0,6,313,38
2964,1473,1459,253,136,86,225,190,223,191,183,180,183,161,233,50,82,113,91,40,34,67,211,15,195,223,1259,5,12,108,1115,138,182,165,179,122,67,19,872,168,53,17,9,164,20,162,117,83,79,0,0,54,2878,387
2965,172,209,19,13,11,16,13,25,15,38,38,37,40,26,10,17,8,11,11,4,9,20,2,20,45,111,1,2,15,185,19,23,16,10,12,5,3,88,14,0,3,6,19,1,18,10,5,12,0,0,113,268,30
2966,208,173,14,9,6,31,33,30,23,17,10,27,28,24,8,10,12,18,16,9,29,27,2,15,30,107,0,2,16,209,20,16,24,21,9,6,3,99,17,3,4,2,22,2,23,7,10,9,0,0,68,313,39
2967,1199,1177,144,71,59,180,172,144,148,113,132,161,162,178,53,78,116,86,86,69,76,148,16,93,176,759,5,7,91,1229,135,162,115,112,74,45,22,665,109,42,7,14,140,19,130,70,48,86,0,0,311,2065,253
2968,1202,1260,190,82,86,177,169,178,183,157,144,124,150,200,54,73,114,78,56,21,50,176,24,52,194,662,5,11,70,1444,176,197,125,154,85,49,22,808,256,16,14,9,208,6,117,86,51,45,0,0,0,2462,310
2969,1441,1346,206,100,92,234,189,196,174,183,157,133,167,205,63,84,135,97,68,56,65,183,20,95,271,741,7,24,103,1526,194,244,144,144,98,69,20,913,288,9,14,22,208,7,129,97,76,63,0,0,32,2755,331
2970,698,784,103,52,37,115,115,102,113,79,99,104,92,102,37,50,62,48,41,20,26,85,7,48,131,539,3,3,37,714,95,130,90,96,50,22,11,494,59,47,12,12,82,9,118,65,36,54,0,0,0,1482,179
2971,114,122,17,16,8,17,19,9,18,14,9,21,16,15,8,6,10,4,10,3,7,9,2,6,0,85,0,0,13,130,18,22,13,12,9,4,2,80,3,13,7,9,9,3,9,9,6,12,0,0,0,236,27
2972,49,46,11,6,1,7,5,10,4,6,5,4,5,12,0,3,3,4,2,0,1,6,1,4,0,39,0,0,2,49,4,7,8,5,1,2,2,29,3,6,2,1,1,3,3,3,1,6,0,0,0,95,10
2973,463,456,50,24,19,70,72,62,71,51,54,46,69,67,21,30,58,31,23,17,24,60,5,83,46,191,2,4,34,554,77,119,70,40,23,11,6,346,21,32,30,34,19,71,37,36,24,42,0,0,6,913,80
2974,352,366,35,5,4,40,53,93,62,42,38,35,38,34,15,28,36,44,20,11,19,66,4,13,4,115,0,5,15,562,120,119,24,27,17,5,8,320,23,34,7,12,26,32,35,56,43,52,0,0,0,718,57
2975,0,0,0,0,0,0,0,0,0,0,0,0,0,0,0,0,0,0,0,0,0,0,0,0,0,0,0,0,0,0,0,0,0,0,0,0,0,0,0,0,0,0,0,0,0,0,0,0,0,0,0,0,0
2976,391,422,50,35,16,50,65,58,52,53,53,44,47,47,21,29,41,44,25,15,14,54,5,82,48,186,2,8,24,458,63,114,58,38,24,6,5,308,10,28,21,39,24,59,30,31,30,36,0,0,0,813,73
2977,0,0,0,0,0,0,0,0,0,0,0,0,0,0,0,0,0,0,0,0,0,0,0,0,0,0,0,0,0,0,0,0,0,0,0,0,0,0,0,0,0,0,0,0,0,0,0,0,0,0,0,0,0
2978,531,533,68,40,31,66,63,82,81,78,74,80,68,63,24,27,54,39,19,15,36,56,3,70,67,317,6,5,40,556,100,134,79,45,29,13,7,407,30,46,24,18,47,20,56,47,35,84,0,0,0,1064,94
2979,416,430,36,39,17,72,61,57,56,46,72,53,52,61,34,36,37,27,16,22,14,38,5,70,52,222,1,4,26,466,72,127,48,43,14,8,11,323,26,40,11,15,42,12,41,29,34,73,0,0,0,846,76
2980,410,415,48,41,31,61,72,64,60,44,41,54,41,60,23,27,35,30,15,9,16,53,4,115,59,381,4,5,30,227,52,76,47,36,39,8,11,269,28,27,9,11,58,9,48,19,24,36,0,0,2,823,94
2981,0,2,0,0,0,0,0,1,0,1,0,0,0,0,0,0,0,0,0,0,0,0,0,0,0,1,0,0,0,1,0,0,0,0,0,0,0,0,0,0,0,0,0,0,0,0,0,0,0,0,2,0,0
2982,445,429,43,38,20,60,53,70,60,59,58,42,71,46,20,30,46,40,27,16,18,57,9,43,18,188,3,6,26,581,105,103,61,49,19,6,6,349,43,44,21,31,35,43,44,23,25,40,0,0,5,869,80
2983,1,3,0,0,0,0,0,0,1,0,1,1,1,0,0,0,0,0,0,0,0,0,0,0,0,0,0,1,0,3,0,0,0,0,0,0,0,0,0,0,0,0,0,0,0,0,0,0,0,0,4,0,0
2984,1104,1101,133,81,78,171,139,184,161,143,133,126,149,182,46,56,97,78,38,35,32,143,19,906,120,553,8,9,87,503,118,199,123,128,79,35,25,707,94,41,35,40,142,20,86,94,76,79,0,0,0,2205,267
2985,382,365,51,26,26,43,39,55,46,43,46,48,47,54,17,15,29,31,23,12,22,74,7,22,53,258,1,3,30,373,48,56,45,38,21,22,7,237,30,13,10,9,46,7,57,20,16,29,0,0,6,741,88
2986,715,694,88,56,46,103,92,102,84,73,81,80,83,102,33,57,67,56,34,31,42,99,8,72,111,460,2,3,45,708,73,103,79,67,51,33,10,416,51,24,10,11,91,9,87,44,46,43,0,0,91,1318,161
2987,654,623,97,49,36,113,87,69,77,66,82,92,87,82,35,43,64,58,23,18,22,77,11,28,61,376,4,8,67,722,89,111,97,75,40,21,6,439,62,37,26,20,31,25,67,43,47,81,0,0,0,1277,142
2988,400,424,34,28,22,51,71,74,69,49,48,48,42,54,23,23,45,41,22,16,10,54,13,101,63,229,0,10,55,353,85,99,57,40,23,5,8,317,22,31,17,29,34,9,37,52,28,58,0,0,0,824,76
2989,322,301,43,22,11,48,40,38,35,45,36,42,48,22,13,27,43,27,18,18,25,22,13,26,2,144,0,3,10,425,74,74,55,28,8,7,5,251,33,21,14,23,26,32,30,17,27,28,0,0,0,623,48
2990,197,208,27,13,12,70,72,24,26,18,17,17,21,18,7,10,9,12,7,5,4,16,8,45,63,163,0,4,22,100,45,57,22,19,7,2,7,159,19,15,7,5,26,5,17,27,19,19,0,0,0,405,35
2991,732,690,72,41,27,110,81,117,132,94,89,83,101,94,27,55,68,54,38,12,28,99,6,172,87,353,4,6,70,724,135,149,95,95,42,11,6,533,45,57,37,36,59,12,60,76,66,85,0,0,0,1422,154
2992,246,250,17,9,6,33,34,37,36,31,36,34,35,33,16,21,30,13,22,12,11,30,1,31,28,123,2,0,10,301,88,80,27,21,8,2,4,230,27,14,10,17,33,18,31,34,28,18,0,0,0,496,35
2993,806,801,66,54,34,107,106,117,135,92,118,110,97,100,51,65,87,66,44,39,40,79,5,91,97,272,4,5,30,1103,168,214,121,91,32,10,7,643,41,74,27,29,60,49,82,80,86,115,0,0,6,1601,140
2994,459,379,36,30,11,57,71,60,70,50,42,51,68,57,17,29,47,36,20,13,18,55,2,54,42,257,4,2,14,463,105,125,44,40,11,4,13,342,40,18,15,26,42,25,44,48,40,44,0,0,6,832,68
2995,269,295,27,17,13,36,39,54,41,39,53,38,52,29,6,20,18,17,9,14,12,30,4,53,28,162,2,1,13,301,51,87,47,20,14,4,2,225,17,20,8,10,19,15,42,32,31,31,0,0,6,558,40
2996,403,399,60,32,25,53,58,60,66,41,56,44,54,55,20,21,43,16,22,10,18,48,7,26,90,280,1,2,22,374,48,68,53,42,27,20,4,262,34,20,5,5,48,6,53,43,21,27,0,0,4,798,93
2997,870,850,100,49,44,144,107,173,166,119,128,83,107,107,37,51,60,59,42,23,25,96,9,173,147,514,3,9,63,802,156,247,123,88,36,12,12,674,69,47,31,37,60,42,111,76,91,110,0,0,0,1720,148
2998,105,81,8,5,2,19,14,8,7,7,13,9,23,7,4,6,9,8,7,9,16,5,0,21,0,15,1,1,7,141,21,34,12,9,1,2,1,80,4,12,5,5,9,7,6,7,12,13,0,0,0,186,13
2999,223,228,13,9,12,36,34,36,35,26,24,25,33,24,12,19,30,17,13,8,12,33,3,83,29,71,0,1,8,256,31,70,40,24,6,4,1,176,16,17,12,16,26,29,15,14,12,19,0,0,2,449,35
3000,151,155,17,14,14,29,15,27,24,14,18,21,16,21,9,7,13,11,10,3,4,19,1,31,15,93,2,0,15,149,22,40,20,13,7,7,2,111,11,5,7,11,9,9,20,19,9,11,0,0,0,306,29
3001,230,190,28,7,13,30,18,37,29,22,23,28,22,31,11,18,19,21,11,7,12,33,0,25,43,175,0,0,15,162,22,41,24,22,19,6,3,137,21,12,3,3,29,0,27,19,16,7,0,0,0,420,50
3002,614,574,35,29,16,54,86,126,120,68,79,69,70,59,29,33,43,40,31,26,110,65,8,161,156,297,4,1,83,478,211,163,67,42,12,3,7,505,53,25,15,27,76,11,74,84,75,65,0,0,148,1040,64
3003,1160,1060,149,79,74,129,116,133,137,110,121,122,137,147,60,82,137,110,70,59,94,154,17,73,215,554,11,12,57,1281,113,153,99,109,59,54,15,602,191,14,13,19,189,6,68,41,30,31,0,0,327,1893,237
3004,323,352,38,21,12,52,61,49,49,40,45,43,50,32,16,20,34,24,18,12,20,39,3,18,80,218,2,4,25,325,50,79,47,36,20,8,4,244,37,21,9,7,44,7,44,36,16,23,0,0,0,675,68
3005,142,133,30,9,4,19,28,16,13,12,10,12,18,15,9,12,16,19,8,4,3,18,4,7,0,82,1,0,9,172,8,31,18,16,7,3,4,87,3,14,6,8,6,16,1,8,9,16,0,0,0,275,30
3006,415,451,38,22,14,37,64,100,108,67,48,46,44,44,15,23,36,40,21,9,16,74,2,30,2,105,0,1,7,719,132,133,57,34,15,5,7,383,38,46,28,18,75,22,58,36,26,36,0,0,0,866,61
3007,476,502,50,22,17,61,61,80,92,60,68,55,56,67,25,29,52,45,21,18,34,65,7,56,90,232,1,4,27,561,76,112,70,48,27,9,7,349,27,47,18,18,40,21,41,31,40,66,0,0,29,949,91
3008,221,204,27,8,10,27,26,32,26,28,20,24,29,28,12,16,17,19,28,12,22,14,12,21,14,70,1,2,9,296,25,78,16,32,5,2,4,162,6,13,10,25,15,38,14,10,12,19,0,0,0,425,43
3009,342,333,41,15,11,52,46,51,59,55,37,42,40,44,15,27,35,25,17,10,10,43,1,108,31,109,3,3,18,402,69,91,52,37,16,4,2,271,29,23,22,34,18,45,31,18,19,32,0,0,0,675,59
3010,348,341,35,21,12,50,60,46,57,39,36,43,54,48,20,33,30,25,14,13,14,39,4,20,38,170,1,2,15,439,81,89,51,24,13,6,10,274,25,20,14,16,20,29,40,40,28,42,0,0,0,689,53
3011,420,444,35,14,7,33,52,107,94,75,43,44,49,50,26,32,38,45,26,15,19,60,12,37,11,64,7,7,33,693,137,161,59,33,9,3,4,406,42,31,20,18,39,33,56,59,52,56,0,0,0,864,49
3012,0,1,0,0,0,0,0,0,0,0,0,0,0,0,0,0,0,1,0,0,0,0,0,0,0,0,0,0,0,1,1,0,0,0,0,0,0,1,0,0,0,0,0,0,1,0,0,0,0,0,0,1,0
3013,99,109,8,7,5,21,18,10,8,11,14,7,20,11,7,12,12,13,4,2,2,16,0,3,2,45,0,1,1,156,16,32,7,9,6,4,2,76,3,11,4,8,4,10,13,0,8,15,0,0,0,208,21
3014,901,847,64,45,33,116,121,173,204,132,115,86,113,95,45,45,70,47,45,24,29,146,14,210,225,594,3,9,104,589,322,263,96,70,23,7,21,802,79,65,25,38,117,24,103,151,104,96,0,0,0,1748,121
3015,6,10,2,0,1,1,0,0,2,2,1,1,0,2,0,0,1,1,1,0,0,1,0,6,0,0,0,0,0,10,2,2,0,0,2,0,0,6,2,1,1,1,0,0,0,0,0,1,0,0,0,16,2
3016,461,472,34,23,11,59,60,72,58,53,42,51,67,51,28,43,73,48,42,31,39,48,7,50,32,180,1,2,20,641,88,140,72,36,19,5,10,370,14,39,33,50,35,66,21,34,26,52,0,0,0,933,70
3017,147,170,15,13,5,29,22,37,30,21,21,10,27,10,6,6,19,9,5,6,11,15,1,28,8,145,1,0,10,124,57,43,13,6,11,2,4,136,11,9,5,2,26,4,29,15,13,22,0,0,12,305,23
3018,435,411,37,28,14,50,42,56,61,52,59,61,57,61,23,39,39,42,23,28,24,50,20,35,6,187,1,3,10,584,75,117,59,37,23,8,6,325,26,34,15,22,29,51,42,27,33,46,0,0,0,846,74
3019,836,733,97,59,35,140,101,82,89,92,102,114,104,119,41,68,89,57,47,24,38,71,7,50,73,442,5,12,71,909,94,141,121,93,52,20,9,530,62,59,28,28,51,24,76,53,59,90,0,0,6,1563,174
3020,4,5,1,0,0,1,0,0,0,0,1,2,2,0,1,1,0,0,0,0,0,0,0,0,0,0,0,0,0,9,0,0,0,0,0,0,0,0,0,0,0,0,0,0,0,0,0,0,0,0,9,0,0
3021,186,201,36,17,10,23,19,26,20,19,19,22,24,35,7,13,21,21,14,8,12,21,3,7,6,86,1,1,25,258,28,37,23,24,12,6,3,133,13,21,14,14,7,5,14,7,9,29,0,0,0,387,45
3022,438,472,61,20,14,66,52,92,71,73,59,56,60,58,29,35,47,23,9,15,30,40,9,159,36,146,0,4,30,526,74,144,67,50,13,8,4,360,35,26,19,39,34,58,50,27,29,43,0,0,0,910,75
3023,1673,1748,157,70,75,249,229,313,375,263,222,195,229,216,74,103,157,105,80,38,57,214,18,379,248,728,7,15,224,1802,372,508,241,163,62,18,30,1394,52,168,150,159,68,134,176,142,133,212,0,0,0,3421,273
3024,521,538,44,21,16,69,92,114,92,82,73,51,49,59,25,31,52,42,35,17,20,75,7,26,14,186,7,4,30,785,162,168,62,39,16,5,13,465,23,49,23,26,49,38,40,78,50,89,0,0,4,1055,73
3025,3,6,0,0,0,3,1,0,0,1,1,0,0,0,0,0,0,0,1,0,1,1,0,0,0,0,0,0,0,9,0,0,0,1,1,0,0,2,0,0,0,0,1,0,0,1,0,0,0,0,0,9,2
3026,277,281,19,11,17,42,33,49,58,27,40,32,37,36,18,24,24,21,13,6,10,41,1,47,44,191,0,1,23,251,59,73,46,21,13,7,3,222,18,17,7,12,27,17,32,30,18,44,0,0,0,558,44
3027,173,155,19,7,7,26,18,23,17,19,15,27,28,22,6,13,21,15,12,7,8,18,1,43,27,47,0,0,7,203,30,41,27,14,9,3,2,126,6,14,13,12,14,13,14,14,7,19,0,0,0,328,28
3028,467,383,44,17,18,49,52,66,59,56,43,47,53,32,18,32,42,33,31,35,81,42,4,45,27,229,4,3,12,526,117,118,47,31,11,4,7,335,45,20,15,20,57,16,39,46,33,44,0,0,96,754,53
3029,255,262,33,15,17,45,36,29,22,28,18,40,34,14,22,22,34,24,24,13,12,35,4,31,2,86,1,2,6,385,27,66,30,33,12,7,4,179,3,25,8,28,7,49,12,10,15,22,0,0,3,514,56
3030,267,290,35,27,23,57,26,42,30,26,24,41,29,48,15,17,29,30,12,11,5,30,2,79,20,125,1,2,21,307,18,55,47,26,19,8,5,178,9,13,19,31,5,44,8,14,10,25,0,0,0,557,58
3031,650,627,83,49,37,131,100,74,92,66,71,72,77,89,40,52,68,43,33,16,12,72,13,89,85,356,6,7,41,680,66,122,71,81,40,19,14,413,41,35,19,9,77,7,65,56,48,56,0,0,0,1277,154
3032,840,817,121,66,50,135,119,113,107,106,90,98,128,155,37,51,53,64,32,23,14,95,13,92,148,535,7,3,57,802,85,137,127,88,62,22,15,536,53,54,9,15,85,15,97,90,50,68,0,0,0,1657,187
3033,1045,1033,124,99,65,173,165,131,132,114,110,143,155,158,46,75,76,65,39,23,37,148,14,134,131,439,8,10,153,1189,93,164,154,121,75,34,16,657,68,73,26,23,99,16,73,83,77,119,0,0,0,2078,246
3034,567,518,71,28,29,87,92,79,78,54,64,80,65,76,26,31,54,35,29,15,17,75,2,82,95,240,2,3,66,595,67,113,59,71,41,13,6,370,41,35,19,20,53,6,40,56,37,63,0,0,0,1085,131
3035,660,656,76,53,35,97,96,89,91,69,80,84,105,74,23,58,67,63,44,17,29,66,5,74,41,283,3,10,53,847,77,151,85,71,44,24,4,456,34,30,18,26,94,16,58,77,53,50,0,0,0,1316,143
3036,940,863,103,53,40,136,121,138,116,102,89,109,118,124,47,68,99,91,61,28,44,116,7,98,53,323,2,7,60,1253,100,211,123,106,50,32,6,628,53,43,29,36,128,27,74,96,83,59,0,0,0,1803,194
3037,123,106,10,11,6,19,13,21,20,9,18,17,12,14,6,10,15,5,4,5,4,10,1,15,9,30,0,1,12,161,11,33,18,14,6,2,0,84,10,2,5,3,12,2,20,10,7,13,0,0,0,229,22
3038,232,223,26,10,9,39,39,29,29,28,29,21,36,27,10,19,32,14,12,5,13,28,3,11,16,82,0,1,17,325,33,45,38,28,13,4,2,163,12,5,9,9,36,6,15,29,18,24,0,0,0,455,47
3039,350,308,48,21,19,53,38,41,37,35,42,31,50,48,12,25,28,24,13,21,33,39,8,39,13,170,2,7,25,394,20,68,40,37,17,9,8,199,14,10,12,13,44,4,24,31,26,21,0,0,28,630,71
3040,197,197,21,11,14,17,27,36,40,31,25,24,22,20,8,6,18,13,15,11,10,25,0,38,26,95,0,2,8,225,34,55,30,21,6,5,2,153,7,20,7,7,26,9,18,12,14,33,0,0,0,394,34
3041,17,23,3,0,1,3,2,2,1,0,3,6,2,1,3,0,2,3,2,1,0,5,1,4,0,1,0,1,0,33,2,6,2,2,1,0,1,14,2,3,3,0,1,0,2,1,1,1,0,0,0,40,4
3042,599,577,76,53,34,79,76,82,71,68,73,58,73,79,34,37,51,58,28,32,29,85,4,49,70,296,4,4,17,732,82,113,77,66,40,20,7,405,43,20,21,20,71,20,48,57,52,53,0,0,0,1176,133
3043,256,248,28,12,27,38,41,32,32,18,28,28,30,44,15,18,20,27,16,4,17,29,4,33,32,110,0,3,19,303,24,49,32,22,19,13,3,162,15,6,5,7,25,3,24,26,24,27,0,0,0,504,57
3044,120,117,12,7,3,13,16,10,17,10,9,12,16,28,6,7,20,16,4,8,6,17,0,9,0,42,0,0,3,183,13,27,17,11,8,3,2,81,5,11,8,12,8,17,2,7,5,6,0,0,0,237,24
3045,813,822,75,35,23,73,103,182,185,154,110,93,85,102,34,37,75,53,42,22,33,119,8,215,196,533,3,9,88,583,326,226,111,61,20,11,14,769,88,50,36,18,83,18,123,136,110,107,0,0,0,1635,106
3046,1191,1236,155,77,64,215,198,229,190,136,155,143,146,146,49,81,103,84,42,25,39,150,10,1099,106,594,3,7,96,512,178,192,174,145,77,34,22,822,107,53,48,39,166,26,99,102,102,80,0,0,0,2427,278
3047,732,724,48,16,29,92,119,133,104,90,79,84,118,91,51,44,86,77,49,28,50,68,6,72,61,359,3,4,31,920,240,250,98,48,20,11,8,675,98,41,41,42,91,37,76,90,68,91,0,0,0,1456,87
3048,511,497,57,22,15,82,86,88,90,55,64,48,71,64,29,37,50,32,29,17,13,59,3,84,82,307,4,4,26,498,95,149,83,46,19,5,7,404,40,15,22,26,42,27,59,39,73,61,0,0,0,1008,77
3049,517,462,32,29,26,62,96,77,69,54,63,52,66,51,21,35,62,35,30,34,24,61,4,39,38,304,1,2,16,575,141,145,54,47,20,0,12,419,63,24,13,18,50,30,48,63,50,60,0,0,0,979,79
3050,316,298,39,27,17,43,46,42,36,33,36,50,26,39,11,25,37,22,25,14,12,34,1,37,51,175,1,2,16,331,40,66,31,36,12,14,6,205,18,10,14,8,45,11,20,28,26,25,0,0,10,604,68
3051,356,326,39,19,14,53,45,42,40,41,42,52,40,45,16,32,43,30,19,22,17,31,4,45,18,76,3,3,34,499,67,97,51,27,20,6,3,271,19,38,25,31,31,29,32,14,19,33,0,0,0,682,56
3052,0,0,0,0,0,0,0,0,0,0,0,0,0,0,0,0,0,0,0,0,0,0,0,0,0,0,0,0,0,0,0,0,0,0,0,0,0,0,0,0,0,0,0,0,0,0,0,0,0,0,0,0,0
3053,446,465,53,34,27,73,63,58,51,39,47,53,58,37,21,41,61,55,35,23,22,60,6,49,7,182,3,1,15,648,41,112,71,48,23,9,9,313,7,34,32,38,13,75,22,24,29,39,0,0,0,911,89
3054,475,437,54,34,31,70,54,67,51,26,65,56,65,48,28,29,63,50,33,21,21,46,3,24,10,203,0,2,20,650,35,110,65,48,34,10,5,307,36,47,33,23,13,24,22,25,22,62,0,0,0,912,97
3055,302,269,28,18,18,42,39,35,29,32,25,32,45,35,21,21,34,39,28,12,16,22,6,34,18,77,2,3,12,419,58,90,33,27,13,5,4,230,11,19,16,22,21,47,15,24,25,30,0,0,0,571,49
3056,0,0,0,0,0,0,0,0,0,0,0,0,0,0,0,0,0,0,0,0,0,0,0,0,0,0,0,0,0,0,0,0,0,0,0,0,0,0,0,0,0,0,0,0,0,0,0,0,0,0,0,0,0
3057,319,309,30,21,19,56,64,25,48,36,32,30,45,39,17,33,29,23,16,17,18,30,1,40,10,128,0,1,32,416,56,76,40,30,14,10,6,232,15,21,16,23,24,38,20,15,17,43,0,0,0,628,60
3058,576,575,52,23,25,61,98,93,133,92,81,76,69,65,18,44,49,37,28,20,19,68,1,136,154,416,2,6,47,389,227,150,86,45,13,4,12,537,69,37,17,15,69,12,77,115,64,62,0,0,0,1151,74
3059,195,194,25,11,7,16,30,27,33,27,30,24,26,24,10,19,17,20,6,1,6,30,3,21,38,134,0,0,17,176,40,61,26,10,12,4,3,156,13,18,5,10,19,6,18,17,23,27,0,0,0,389,29
3060,119,121,7,7,4,14,26,19,21,9,18,12,17,17,7,11,19,3,7,3,10,9,3,22,21,73,0,0,9,112,20,46,14,12,4,1,1,98,10,5,1,6,12,5,19,14,8,18,0,0,4,236,18
3061,199,202,24,9,15,38,23,36,32,20,32,29,25,24,6,12,15,13,3,6,9,30,4,22,17,89,0,0,9,260,38,50,25,20,8,5,4,150,12,11,13,11,20,1,19,20,20,23,0,0,6,395,37
3062,292,299,43,30,28,39,31,47,37,35,46,35,36,37,11,18,37,22,7,4,9,39,6,235,30,181,1,4,33,101,22,45,45,34,18,8,7,179,23,12,9,10,43,4,29,25,11,13,0,0,14,577,67
3063,1059,1036,147,73,42,164,190,175,120,115,139,122,129,119,49,66,94,86,46,39,37,143,14,275,60,1057,1,7,57,624,171,230,133,79,62,36,28,739,47,59,56,52,123,27,122,87,74,92,0,0,0,2095,205
3064,372,403,42,14,18,62,49,53,55,57,23,50,73,49,23,26,40,35,16,23,26,41,3,44,17,176,0,5,57,473,82,118,37,42,18,9,4,310,23,42,31,41,33,43,17,14,18,48,0,0,0,775,73
3065,475,429,48,24,19,57,77,101,82,55,61,65,56,36,16,27,34,34,19,10,28,55,6,104,29,325,1,2,27,410,169,136,56,38,17,3,5,424,45,48,20,20,69,3,60,50,27,82,0,0,0,904,63
3066,85,100,8,6,8,8,9,15,11,9,10,17,14,10,7,8,13,7,3,7,7,8,0,11,2,13,0,1,3,155,15,28,14,11,4,0,1,73,3,10,8,10,7,5,7,4,8,11,0,0,0,185,16
3067,933,946,110,78,55,157,128,117,115,92,103,122,142,123,69,76,80,71,56,34,30,121,9,75,21,515,5,9,52,1193,127,187,125,112,63,19,15,648,57,105,36,68,22,75,43,63,47,132,0,0,6,1873,209
3068,346,337,23,27,13,35,56,73,60,39,36,44,48,45,17,20,26,31,14,13,17,46,1,43,76,192,3,1,23,344,52,97,55,30,13,5,7,259,30,9,6,6,28,18,54,34,35,39,0,0,0,683,55
3069,86,82,13,4,2,14,9,11,13,7,13,11,8,18,5,7,5,3,1,8,4,12,1,8,12,72,1,0,13,61,7,14,10,12,3,4,2,52,5,6,3,2,3,3,8,6,4,12,0,0,0,168,21
3070,225,254,21,10,12,47,71,33,42,26,24,25,22,29,11,12,13,18,7,6,10,40,15,75,25,114,3,3,25,219,16,70,32,28,11,2,6,165,11,14,10,21,25,21,25,13,10,15,0,0,0,479,47
3071,0,0,0,0,0,0,0,0,0,0,0,0,0,0,0,0,0,0,0,0,0,0,0,0,0,0,0,0,0,0,0,0,0,0,0,0,0,0,0,0,0,0,0,0,0,0,0,0,0,0,0,0,0
3072,0,0,0,0,0,0,0,0,0,0,0,0,0,0,0,0,0,0,0,0,0,0,0,0,0,0,0,0,0,0,0,0,0,0,0,0,0,0,0,0,0,0,0,0,0,0,0,0,0,0,0,0,0
3073,904,896,110,52,58,123,100,145,135,98,129,101,138,98,47,53,89,80,47,46,50,101,7,154,95,385,8,7,62,1082,155,240,125,94,47,17,9,687,48,73,57,89,55,106,62,59,60,78,0,0,0,1800,167
3074,586,584,64,34,26,75,85,99,102,73,82,82,83,70,20,43,64,45,24,13,20,66,2,103,93,325,3,4,39,601,109,175,88,52,21,7,11,463,57,34,12,27,38,30,69,63,52,81,0,0,3,1167,91
3075,264,261,23,18,8,33,42,54,54,31,36,27,33,30,7,11,35,18,12,13,17,23,3,59,13,200,0,1,11,238,80,82,26,18,10,4,7,227,15,23,10,13,39,5,39,26,15,42,0,0,0,525,39
3076,406,418,45,20,12,40,52,62,88,67,60,49,49,40,18,25,39,43,29,16,21,49,2,136,35,268,2,3,38,340,112,122,62,37,15,4,4,356,19,18,13,24,47,24,37,52,38,84,0,0,2,822,60
3077,0,0,0,0,0,0,0,0,0,0,0,0,0,0,0,0,0,0,0,0,0,0,0,0,0,0,0,0,0,0,0,0,0,0,0,0,0,0,0,0,0,0,0,0,0,0,0,0,0,0,0,0,0
3078,1261,1324,179,94,59,209,172,176,160,169,149,169,152,200,75,92,116,89,68,51,45,161,24,197,270,687,10,15,67,1315,129,219,190,142,92,43,20,835,89,66,22,21,139,25,145,135,79,114,0,0,1,2584,297
3079,615,674,56,36,19,82,91,138,125,82,81,68,70,68,20,43,92,65,49,17,20,67,8,33,18,210,7,8,27,978,222,193,87,43,22,7,12,586,44,65,20,30,56,47,69,82,69,104,0,0,0,1289,84
3080,263,260,17,10,10,33,33,39,25,24,39,29,34,34,18,29,30,29,21,14,25,30,5,28,26,77,0,1,4,382,37,94,33,24,10,3,4,205,12,26,15,21,17,43,10,15,19,27,0,0,5,518,41
3081,18,1,0,0,0,0,0,0,0,0,0,0,0,0,0,0,0,0,2,1,16,0,0,1,0,0,0,0,0,18,0,0,0,0,0,0,0,0,0,0,0,0,0,0,0,0,0,0,0,0,19,0,0
3082,107,111,16,4,4,11,18,19,12,9,16,15,8,19,3,10,16,12,5,1,7,13,1,6,5,39,1,3,4,159,9,21,17,10,5,6,2,70,7,4,3,6,14,4,10,7,9,6,0,0,0,218,23
3083,369,340,50,27,21,60,37,40,42,41,33,48,52,27,25,35,40,35,20,28,19,29,3,67,31,144,3,4,10,447,56,96,35,28,25,12,4,256,13,35,15,18,42,29,33,24,15,32,0,0,12,697,69
3084,541,524,41,28,13,68,76,118,108,74,63,63,54,58,36,50,43,48,20,16,37,51,6,99,45,378,3,4,43,487,213,149,69,43,17,5,7,503,46,59,20,19,76,9,84,68,32,90,0,0,2,1063,72
3085,330,327,35,12,11,44,41,50,33,34,38,54,59,40,20,29,34,29,20,14,28,32,5,55,5,114,1,1,34,442,63,106,42,28,12,6,6,263,10,29,29,33,19,34,27,9,21,52,0,0,0,657,52
3086,0,0,0,0,0,0,0,0,0,0,0,0,0,0,0,0,0,0,0,0,0,0,0,0,0,0,0,0,0,0,0,0,0,0,0,0,0,0,0,0,0,0,0,0,0,0,0,0,0,0,0,0,0
3087,329,293,32,20,16,36,43,61,47,43,38,36,52,36,11,24,28,25,17,5,8,44,4,40,53,200,1,5,18,301,84,84,42,33,7,5,6,261,28,20,14,15,23,16,45,29,32,39,0,0,0,622,51
3088,445,406,39,21,25,52,72,104,75,54,58,41,44,51,19,24,31,22,20,15,33,51,2,103,11,343,1,3,24,364,170,114,49,32,16,1,10,392,39,37,12,20,61,6,64,51,33,69,0,0,12,839,59
3089,632,619,63,32,20,70,75,115,93,88,84,71,69,88,33,47,79,55,35,15,25,94,11,82,31,302,5,4,41,775,150,170,93,54,29,8,9,513,57,37,35,47,64,64,66,52,39,52,0,0,0,1251,100
3090,776,769,76,44,23,118,113,157,166,140,88,74,89,112,35,46,54,50,30,17,20,93,11,157,86,507,2,4,30,748,223,232,110,67,20,6,15,673,57,98,48,69,52,19,58,87,71,114,0,0,0,1545,108
3091,0,0,0,0,0,0,0,0,0,0,0,0,0,0,0,0,0,0,0,0,0,0,0,0,0,0,0,0,0,0,0,0,0,0,0,0,0,0,0,0,0,0,0,0,0,0,0,0,0,0,0,0,0
3092,0,0,0,0,0,0,0,0,0,0,0,0,0,0,0,0,0,0,0,0,0,0,0,0,0,0,0,0,0,0,0,0,0,0,0,0,0,0,0,0,0,0,0,0,0,0,0,0,0,0,0,0,0
3093,311,304,42,17,16,54,49,89,45,38,19,20,36,44,6,20,22,19,15,9,13,42,5,106,16,147,1,3,26,311,40,77,43,33,16,4,7,220,65,15,7,11,34,20,21,11,8,28,0,0,0,615,60
3094,1744,1726,185,100,67,310,373,326,274,207,207,180,209,202,79,113,125,129,67,48,62,207,40,599,136,727,10,17,142,1799,190,496,268,192,52,28,36,1262,121,101,97,125,152,196,163,84,87,136,0,0,0,3470,308
3095,12,16,2,1,1,0,1,3,3,3,3,5,2,1,0,2,1,0,0,0,0,0,0,4,0,5,0,0,0,19,1,7,1,1,0,1,0,11,1,1,0,2,2,3,0,0,2,0,0,0,0,28,2
3096,260,269,33,15,16,70,69,35,42,29,19,23,27,27,9,17,29,19,6,8,7,29,4,93,52,79,2,4,20,275,19,72,38,32,10,3,7,181,17,15,12,16,18,22,28,9,18,26,0,0,0,529,52
3097,830,730,73,25,27,86,105,165,136,82,107,89,91,81,42,45,71,75,50,52,78,80,3,236,51,275,4,6,87,898,250,215,103,55,25,10,6,664,76,67,21,26,83,16,121,105,65,84,0,0,116,1444,96
3098,740,766,27,17,474,430,88,73,38,40,23,36,33,45,12,25,32,21,17,8,19,48,10,240,46,231,3,1,74,901,33,87,45,35,18,4,3,225,69,15,9,12,29,28,28,11,11,13,887,0,0,619,60
3099,334,321,57,22,14,39,36,56,68,45,36,40,40,38,9,22,30,20,21,9,11,42,5,143,20,210,4,0,7,266,98,81,50,26,12,7,5,279,19,26,3,18,44,19,32,24,45,49,0,0,0,655,50
3100,454,423,40,20,24,75,66,61,47,48,39,58,71,52,26,34,50,44,28,19,14,61,2,22,13,185,5,0,17,633,30,97,64,46,30,13,6,286,26,44,23,28,11,25,14,31,29,55,0,0,0,877,95
3101,65,83,14,2,4,15,6,13,15,2,12,8,6,12,2,6,11,5,2,2,4,7,1,20,6,37,0,0,4,80,13,17,7,7,4,4,1,53,7,2,0,3,14,1,6,6,8,6,0,0,0,148,16
3102,202,204,18,9,9,34,43,29,35,33,26,20,28,17,12,19,14,14,9,5,10,22,0,67,5,84,1,2,14,233,71,61,28,17,7,3,1,188,17,21,6,7,21,6,30,32,22,26,0,0,0,406,28
3103,328,329,46,22,12,43,43,49,44,46,52,45,47,45,14,17,32,32,11,8,12,37,8,281,31,159,2,3,34,139,44,51,49,39,27,7,4,221,28,13,13,17,38,3,34,18,27,30,0,0,0,657,77
3104,850,864,61,43,28,101,133,183,211,159,111,100,96,93,37,49,66,43,34,15,28,123,9,169,72,514,1,5,41,903,264,272,131,62,19,8,14,770,70,92,64,62,58,30,85,109,87,113,0,0,9,1705,103
3105,659,610,84,41,29,83,82,92,76,61,67,77,87,96,40,39,63,56,35,35,41,85,3,134,23,198,2,8,29,872,74,130,68,72,34,26,12,416,13,77,28,27,51,49,49,34,28,60,0,0,21,1248,144
3106,88,88,11,5,3,11,10,17,8,15,12,10,16,11,3,5,10,11,2,2,4,10,2,12,19,30,0,1,3,109,11,21,17,11,2,3,0,65,6,0,2,2,9,0,11,17,6,12,0,0,0,176,16
3107,636,597,70,32,30,97,83,78,54,47,71,58,77,57,32,48,74,53,69,73,86,44,16,108,45,222,5,3,14,820,56,115,58,46,25,15,13,328,20,63,19,23,42,25,39,25,26,46,0,0,264,969,99
3108,184,154,31,12,10,26,19,16,14,14,20,20,24,35,6,11,18,12,9,10,6,25,3,41,1,63,3,1,6,220,4,20,15,18,14,10,5,86,4,8,9,12,4,12,5,6,10,16,0,0,4,334,47
3109,968,803,83,47,115,290,124,125,120,82,85,89,87,110,38,58,75,66,42,25,33,77,8,253,35,788,3,8,53,623,120,174,90,70,40,35,11,540,44,46,31,38,98,13,73,65,61,71,252,0,0,1519,156
3110,399,370,37,29,23,57,51,43,39,42,31,44,62,46,27,38,48,35,26,20,27,44,7,34,3,63,2,4,15,641,41,112,45,36,20,14,5,273,11,24,29,46,17,53,22,17,21,33,0,0,0,769,75
3111,440,449,23,18,237,144,76,45,40,21,27,30,23,45,17,16,33,16,20,6,12,40,8,139,72,227,5,5,23,410,37,67,35,31,12,5,13,200,45,11,4,3,49,7,39,22,7,13,293,0,0,596,61
3112,0,0,0,0,0,0,0,0,0,0,0,0,0,0,0,0,0,0,0,0,0,0,0,0,0,0,0,0,0,0,0,0,0,0,0,0,0,0,0,0,0,0,0,0,0,0,0,0,0,0,0,0,0
3113,746,685,59,36,34,101,96,138,131,86,82,93,82,94,42,54,64,58,40,21,24,96,9,205,43,304,6,5,88,771,186,212,89,61,23,10,16,597,61,47,24,15,73,18,120,82,78,79,0,0,6,1425,110
3114,132,151,11,8,6,20,10,19,17,19,15,15,16,16,12,8,22,27,9,8,14,11,4,24,3,64,0,0,7,181,19,42,22,11,10,2,1,107,4,20,7,10,11,8,14,5,9,19,0,0,0,283,24
3115,0,0,0,0,0,0,0,0,0,0,0,0,0,0,0,0,0,0,0,0,0,0,0,0,0,0,0,0,0,0,0,0,0,0,0,0,0,0,0,0,0,0,0,0,0,0,0,0,0,0,0,0,0
3116,8,8,0,0,0,2,3,0,0,1,0,0,0,0,2,3,2,1,0,0,2,0,0,1,0,2,0,0,0,13,2,0,2,2,0,0,0,6,0,0,1,1,0,1,1,0,0,2,0,0,0,16,2
3117,34,34,11,6,0,0,3,5,2,4,4,5,4,2,2,3,3,6,2,2,1,3,0,2,1,15,0,0,8,42,6,8,3,0,3,1,2,23,1,1,3,3,4,7,0,0,1,3,0,0,0,68,6
3118,0,0,0,0,0,0,0,0,0,0,0,0,0,0,0,0,0,0,0,0,0,0,0,0,0,0,0,0,0,0,0,0,0,0,0,0,0,0,0,0,0,0,0,0,0,0,0,0,0,0,0,0,0
3119,867,859,71,49,42,104,127,160,152,110,121,97,110,85,48,63,83,54,36,41,79,94,6,229,46,616,3,5,38,783,329,240,119,55,25,6,18,792,89,91,30,24,114,19,118,79,70,158,0,0,33,1693,104
3120,0,0,0,0,0,0,0,0,0,0,0,0,0,0,0,0,0,0,0,0,0,0,0,0,0,0,0,0,0,0,0,0,0,0,0,0,0,0,0,0,0,0,0,0,0,0,0,0,0,0,0,0,0
3121,0,0,0,0,0,0,0,0,0,0,0,0,0,0,0,0,0,0,0,0,0,0,0,0,0,0,0,0,0,0,0,0,0,0,0,0,0,0,0,0,0,0,0,0,0,0,0,0,0,0,0,0,0
3122,5,8,1,0,0,1,1,0,3,1,1,1,2,0,1,0,1,0,0,0,0,0,0,0,2,4,0,0,1,6,3,2,0,0,0,0,0,5,1,1,2,0,0,0,0,0,0,1,0,0,6,7,0
3123,642,612,84,33,22,84,90,98,68,56,73,67,89,87,39,47,65,78,54,31,29,60,11,18,70,272,4,6,49,824,69,179,95,57,38,12,6,456,30,62,38,55,57,74,27,27,27,59,0,0,0,1254,113
3124,106,105,9,6,5,21,22,17,11,8,18,13,17,8,4,4,15,8,3,4,8,10,1,7,8,67,0,0,4,124,8,19,22,13,4,3,1,70,4,2,5,3,14,3,14,12,4,9,0,0,0,211,21
3125,0,0,0,0,0,0,0,0,0,0,0,0,0,0,0,0,0,0,0,0,0,0,0,0,0,0,0,0,0,0,0,0,0,0,0,0,0,0,0,0,0,0,0,0,0,0,0,0,0,0,0,0,0
3126,359,384,33,20,15,44,55,48,55,50,43,44,60,39,22,25,46,35,20,16,19,54,2,48,9,221,3,3,16,441,100,104,48,23,21,5,8,309,38,20,14,27,37,44,39,28,29,33,0,0,0,743,57
3127,0,0,0,0,0,0,0,0,0,0,0,0,0,0,0,0,0,0,0,0,0,0,0,0,0,0,0,0,0,0,0,0,0,0,0,0,0,0,0,0,0,0,0,0,0,0,0,0,0,0,0,0,0
3128,0,0,0,0,0,0,0,0,0,0,0,0,0,0,0,0,0,0,0,0,0,0,0,0,0,0,0,0,0,0,0,0,0,0,0,0,0,0,0,0,0,0,0,0,0,0,0,0,0,0,0,0,0
3129,741,701,90,47,31,70,79,102,77,84,103,75,96,81,51,75,105,83,55,33,36,69,10,58,15,159,6,4,33,1157,162,245,72,73,34,9,7,602,15,55,53,97,21,155,54,59,35,58,0,0,0,1442,123
3130,434,481,54,23,7,46,68,92,87,59,71,60,48,38,31,33,52,31,29,15,20,51,5,21,14,159,3,4,22,687,157,188,36,26,15,6,7,435,32,40,9,22,42,36,40,56,59,99,0,0,1,914,54
3131,239,280,30,10,5,39,40,54,44,31,36,28,35,36,6,17,27,16,10,4,11,40,7,73,7,129,2,1,40,260,22,71,39,34,10,2,5,183,51,16,2,9,20,26,25,11,5,18,0,0,0,519,51
3132,325,370,45,18,12,42,55,63,55,42,39,41,53,56,10,20,34,17,17,15,8,53,5,69,108,175,5,6,51,276,68,78,50,31,23,7,5,262,36,16,13,9,61,5,46,18,26,32,0,0,0,695,66
3133,370,369,35,16,24,40,64,94,62,43,44,41,38,57,18,23,28,22,19,14,16,41,6,140,81,129,2,1,21,359,73,81,56,43,13,6,5,277,53,26,8,9,64,6,56,22,13,20,0,0,21,718,67
3134,797,808,68,41,31,100,113,106,125,113,107,112,107,80,41,78,106,71,51,32,28,95,6,78,48,352,2,7,36,1076,226,264,128,51,23,10,11,713,49,92,57,56,30,87,54,80,77,131,0,0,0,1605,95
3135,275,263,17,13,13,31,21,37,28,29,36,47,42,32,15,28,41,42,21,10,16,19,1,30,8,49,0,1,12,437,67,103,27,24,10,5,1,237,10,22,12,38,12,71,19,24,9,20,0,0,0,538,40
3136,0,0,0,0,0,0,0,0,0,0,0,0,0,0,0,0,0,0,0,0,0,0,0,0,0,0,0,0,0,0,0,0,0,0,0,0,0,0,0,0,0,0,0,0,0,0,0,0,0,0,0,0,0
3137,0,0,0,0,0,0,0,0,0,0,0,0,0,0,0,0,0,0,0,0,0,0,0,0,0,0,0,0,0,0,0,0,0,0,0,0,0,0,0,0,0,0,0,0,0,0,0,0,0,0,0,0,0
3138,248,232,27,22,11,45,34,28,38,27,34,29,31,23,11,25,17,25,15,9,9,20,3,25,9,138,1,0,38,266,69,72,27,24,6,2,6,206,25,29,7,4,35,6,27,26,20,27,0,0,0,480,38
3139,73,84,10,9,10,9,12,5,8,11,8,11,7,9,5,1,13,8,4,2,3,12,2,12,3,42,0,1,1,96,6,19,13,7,5,2,1,53,4,11,1,4,6,5,7,5,5,5,0,0,0,157,15
3140,677,688,58,27,34,75,86,106,118,106,86,88,93,92,45,54,65,62,39,20,27,84,9,174,35,283,3,3,60,798,207,217,83,67,16,5,12,607,53,51,21,17,80,19,111,106,70,79,0,0,0,1365,100
3141,138,160,17,9,14,28,23,24,13,13,12,20,18,31,4,7,14,16,8,5,5,17,1,21,1,58,3,1,4,209,7,17,18,12,12,9,4,79,5,12,8,8,4,11,9,9,6,7,0,0,6,292,37
3142,944,665,0,6,1210,346,28,6,0,6,0,4,2,0,0,1,0,0,0,0,0,0,2,243,59,274,7,6,81,937,0,0,0,0,0,0,0,0,0,0,0,0,0,0,0,0,0,0,1609,0,0,0,0
3143,206,206,24,16,16,29,31,24,24,17,24,15,28,20,7,13,32,20,16,7,12,37,0,13,24,81,1,5,24,264,37,54,21,23,14,3,3,155,10,20,9,20,12,26,12,8,10,28,0,0,0,412,43
3144,952,688,13,10,956,456,29,25,14,12,14,12,4,15,4,15,13,12,11,6,4,15,4,152,29,292,5,3,62,1093,25,24,14,6,7,1,3,80,9,9,5,5,9,12,12,8,4,7,1417,0,18,205,17
3145,759,777,82,55,27,111,159,206,111,72,70,86,67,117,33,40,56,48,36,28,28,104,13,256,128,332,5,6,45,751,154,181,103,76,39,15,15,583,130,35,12,16,141,15,105,58,19,52,0,0,5,1531,145
3146,0,1,0,0,0,0,1,0,0,0,0,0,0,0,0,0,0,0,0,0,0,0,0,0,0,1,0,0,0,0,1,0,0,0,0,0,0,1,0,0,0,0,0,0,0,1,0,0,0,0,0,1,0
3147,0,0,0,0,0,0,0,0,0,0,0,0,0,0,0,0,0,0,0,0,0,0,0,0,0,0,0,0,0,0,0,0,0,0,0,0,0,0,0,0,0,0,0,0,0,0,0,0,0,0,0,0,0
3148,874,876,81,40,33,115,95,126,137,134,118,124,118,100,55,80,98,83,51,36,30,96,9,103,54,395,7,10,36,1136,222,281,108,76,32,8,14,741,34,108,43,69,36,83,47,98,95,128,0,0,16,1734,130
3149,31,44,5,2,1,7,3,5,8,3,6,3,6,9,1,2,3,2,2,2,0,5,0,10,1,24,0,0,1,39,6,4,4,4,2,1,2,23,1,2,1,4,3,1,4,1,2,4,0,0,0,75,9
3150,937,1031,65,28,31,90,139,271,283,170,125,100,101,120,31,56,66,64,43,19,28,138,6,173,92,555,9,7,48,1078,302,319,170,70,25,7,9,902,85,142,81,80,67,37,84,104,86,136,0,0,0,1968,111
3151,1421,1494,134,64,45,134,210,356,365,219,205,144,175,182,64,88,109,74,48,36,44,219,16,242,109,954,11,17,84,1482,395,445,216,131,32,15,25,1259,118,176,126,93,112,53,149,168,109,155,0,0,3,2912,203
3152,64,67,4,1,2,7,9,16,9,12,7,8,6,12,4,4,12,3,3,5,1,6,1,2,3,35,1,1,15,73,16,19,10,7,1,1,1,55,7,5,3,3,8,0,5,12,6,6,0,0,0,131,10
3153,474,463,46,21,20,64,56,70,93,53,78,45,71,60,26,30,38,45,32,17,20,52,5,150,30,313,4,1,29,405,146,140,49,39,26,6,5,411,28,27,14,22,53,44,56,31,56,80,0,0,0,937,76
3154,5,2,0,0,0,0,2,1,1,0,0,0,0,0,0,0,0,0,0,0,0,3,0,5,0,0,0,0,0,2,0,1,0,0,1,0,0,2,0,0,0,1,0,0,0,0,0,1,0,0,0,7,1
3155,0,0,0,0,0,0,0,0,0,0,0,0,0,0,0,0,0,0,0,0,0,0,0,0,0,0,0,0,0,0,0,0,0,0,0,0,0,0,0,0,0,0,0,0,0,0,0,0,0,0,0,0,0
3156,305,356,33,11,10,36,59,66,81,59,50,36,39,29,10,25,23,18,9,11,14,42,4,69,37,185,4,1,8,353,98,90,59,21,8,5,1,282,29,37,27,34,22,13,25,40,20,35,0,0,44,617,35
3157,252,223,16,17,11,38,29,23,31,22,35,30,32,34,12,24,38,24,14,10,10,25,3,19,7,181,0,1,4,260,20,64,43,18,13,5,4,167,20,26,16,6,9,20,16,15,6,33,0,0,0,475,40
3158,326,298,19,21,11,36,40,52,50,33,47,45,48,38,17,23,37,26,17,12,16,36,1,28,40,190,1,7,27,330,103,95,39,27,6,6,5,281,38,29,12,6,79,9,34,38,15,21,0,0,0,624,44
3159,509,565,44,27,17,68,78,126,90,61,82,56,67,67,28,33,52,39,32,21,12,74,7,88,188,204,0,6,99,482,110,128,93,56,23,4,5,419,61,27,12,14,88,12,77,41,29,58,0,0,27,1047,88
3160,0,0,0,0,0,0,0,0,0,0,0,0,0,0,0,0,0,0,0,0,0,0,0,0,0,0,0,0,0,0,0,0,0,0,0,0,0,0,0,0,0,0,0,0,0,0,0,0,0,0,0,0,0
3161,157,163,17,11,9,31,19,23,12,15,18,13,12,21,8,15,18,21,10,8,6,33,0,24,5,52,0,0,4,235,21,30,21,7,8,14,3,104,2,17,11,9,15,8,11,15,5,11,0,0,0,320,32
3162,128,137,17,7,5,24,20,14,16,9,17,15,23,19,6,8,18,11,5,5,6,20,3,16,7,81,0,1,6,151,19,31,16,17,4,4,3,94,11,8,2,7,18,1,8,21,9,9,0,0,0,265,28
3163,168,200,23,12,8,25,34,26,23,22,22,26,18,30,9,12,19,16,8,6,9,20,3,49,6,60,1,0,3,246,24,40,28,17,7,8,3,127,5,22,13,5,21,14,13,8,9,17,0,0,3,365,35
3164,70,76,10,5,9,12,14,11,9,7,7,14,8,5,2,4,13,4,3,0,1,8,0,21,7,32,0,1,7,78,6,11,11,9,2,3,2,44,4,1,2,1,7,3,5,9,8,4,0,0,3,143,16
3165,314,281,31,22,7,39,39,53,46,52,39,36,37,33,18,28,28,21,16,7,11,32,3,31,24,143,7,1,47,339,81,84,38,37,7,1,5,253,41,37,10,3,24,6,31,38,26,37,0,0,0,595,50
3166,482,492,40,15,20,60,71,90,100,85,66,62,68,55,21,35,38,31,31,14,21,51,5,165,47,323,3,1,23,407,143,155,74,32,15,5,8,432,25,31,21,24,43,33,53,63,61,78,0,0,0,974,60
3167,4,30,0,1,0,3,4,7,1,3,3,2,3,0,2,2,1,2,0,0,0,0,0,0,3,1,0,0,1,29,2,1,1,0,0,0,0,4,0,0,0,0,0,0,1,1,1,1,0,0,27,7,0
3168,126,149,11,8,6,19,17,27,22,23,20,14,22,7,8,9,13,14,9,6,3,17,0,14,13,116,0,2,12,118,42,49,10,12,4,2,3,122,14,11,4,3,31,3,22,14,8,12,0,0,0,275,21
3169,49,55,6,3,4,7,3,7,4,6,9,4,5,8,4,3,9,8,5,2,0,7,1,11,2,37,0,0,2,51,11,15,8,1,1,1,2,39,7,5,2,3,3,3,7,2,2,5,0,0,8,96,5
3170,48,43,11,5,3,10,16,7,4,0,4,3,4,3,0,5,1,3,6,0,4,2,2,0,0,22,0,0,7,60,4,9,4,4,5,0,2,28,0,2,3,4,2,3,3,2,2,7,0,0,0,91,11
3171,2,4,0,1,0,0,0,1,0,0,1,1,2,0,0,0,0,0,0,0,0,0,0,0,0,0,0,0,0,6,0,0,0,0,0,0,0,0,0,0,0,0,0,0,0,0,0,0,0,0,6,0,0
3172,8,32,0,1,1,1,0,2,3,3,7,5,7,0,6,3,0,1,0,0,0,0,2,0,1,7,0,0,2,28,0,0,0,0,0,0,0,0,0,0,0,0,0,0,0,0,0,0,0,0,40,0,0
3173,1415,1381,135,68,73,253,289,241,249,161,156,142,157,178,59,79,124,97,55,48,61,171,9,214,128,636,16,17,144,1632,306,373,218,125,41,14,27,1104,206,135,37,30,110,18,124,157,143,144,80,0,0,2716,207
3174,134,145,17,9,5,8,33,39,25,23,17,16,9,23,4,7,10,6,4,0,2,22,1,23,11,101,2,1,4,136,33,42,11,14,3,1,6,110,10,16,10,5,8,7,7,24,9,14,0,0,3,276,24
3175,337,335,36,18,35,54,44,33,38,33,44,40,46,36,14,28,31,42,34,15,17,34,1,17,7,183,1,2,19,442,34,93,46,29,19,6,7,234,11,44,19,25,28,39,15,8,13,32,0,0,7,665,61
3176,1280,1130,72,47,773,504,177,111,111,90,68,64,65,73,27,23,43,24,18,13,18,89,16,464,76,447,5,5,186,1211,44,168,103,71,19,8,10,423,128,26,12,24,55,45,43,25,22,43,1213,0,0,1197,108
3177,191,227,20,12,6,26,26,42,34,25,27,29,26,33,12,16,23,18,6,3,6,28,2,24,26,176,2,4,19,165,62,68,22,18,6,2,5,183,15,24,4,3,45,8,26,28,15,15,0,0,0,418,31
3178,8,2,0,0,0,1,0,0,2,2,0,0,0,4,0,0,0,0,0,0,0,1,0,0,0,10,0,0,0,0,0,0,2,1,0,0,0,3,0,0,1,0,0,0,0,1,0,1,0,0,0,10,1
3179,244,234,19,16,5,31,31,38,42,40,30,22,35,24,11,19,27,25,13,6,10,34,6,35,7,130,0,3,17,280,58,63,32,28,8,2,3,194,19,25,5,6,22,2,28,32,26,29,0,0,10,468,41
3180,230,201,22,25,10,27,24,28,20,26,16,24,33,25,18,17,25,30,12,11,10,28,4,6,13,108,0,3,12,285,19,60,27,24,9,5,5,149,4,23,14,21,17,22,7,12,9,20,0,0,0,431,43
3181,1,0,0,0,0,0,0,0,0,0,0,0,0,0,1,0,0,0,0,0,0,0,0,0,0,0,0,0,0,1,0,0,0,0,0,0,0,0,0,0,0,0,0,0,0,0,0,0,0,0,1,0,0
3182,480,484,49,33,41,87,78,68,48,51,53,48,71,77,19,38,48,48,24,23,20,40,9,25,5,227,0,1,19,678,37,113,57,63,24,15,8,317,27,39,30,27,7,25,33,42,36,51,0,0,0,964,110
3183,1,13,0,0,0,0,1,1,1,2,4,0,2,0,1,1,0,0,0,0,0,1,0,1,1,1,0,0,1,10,0,0,0,0,0,0,0,0,0,0,0,0,0,0,0,0,0,0,0,0,14,0,0
3184,499,517,64,37,20,53,71,68,58,64,70,89,78,56,28,39,61,55,35,17,12,41,4,68,56,170,3,4,14,697,87,156,83,48,22,7,3,406,32,28,39,67,28,83,33,38,27,31,0,0,0,1016,80
3185,141,137,8,8,4,15,19,24,17,24,23,21,13,20,9,13,15,7,6,3,5,24,2,9,12,85,1,1,23,145,32,42,20,14,3,1,3,115,19,10,6,3,18,5,18,11,9,16,0,0,0,278,21
3186,350,315,23,11,10,46,47,63,53,38,43,40,53,43,13,25,37,29,23,12,15,41,1,46,54,191,3,2,33,335,107,100,42,31,12,4,3,299,43,31,10,14,60,9,43,43,22,24,0,0,2,663,50
3187,1028,1033,72,55,26,123,175,196,200,152,141,127,127,112,63,65,100,82,60,43,32,110,14,374,107,630,5,8,83,840,320,318,121,77,34,23,16,909,76,58,39,58,120,65,131,99,101,162,0,0,0,2061,150
3188,171,175,25,6,13,20,22,28,30,30,24,19,23,28,8,9,15,15,6,4,5,16,2,5,16,100,1,1,28,193,41,46,26,20,6,0,3,142,24,14,4,4,19,2,17,24,12,22,0,0,0,346,29
3189,45,40,10,2,0,11,10,7,9,1,3,6,4,3,5,6,3,1,1,1,0,2,0,3,0,11,0,1,2,68,3,18,4,2,0,3,1,31,0,3,4,5,2,8,0,3,2,4,0,0,0,85,6
3190,0,0,0,0,0,0,0,0,0,0,0,0,0,0,0,0,0,0,0,0,0,0,0,0,0,0,0,0,0,0,0,0,0,0,0,0,0,0,0,0,0,0,0,0,0,0,0,0,0,0,0,0,0
3191,0,0,0,0,0,0,0,0,0,0,0,0,0,0,0,0,0,0,0,0,0,0,0,0,0,0,0,0,0,0,0,0,0,0,0,0,0,0,0,0,0,0,0,0,0,0,0,0,0,0,0,0,0
3192,115,102,11,3,5,15,21,14,13,14,12,11,15,7,5,10,20,6,10,3,6,16,4,17,3,83,0,0,3,107,17,24,15,11,7,2,2,78,9,11,2,14,0,9,10,8,6,9,0,0,0,217,22
3193,0,0,0,0,0,0,0,0,0,0,0,0,0,0,0,0,0,0,0,0,0,0,0,0,0,0,0,0,0,0,0,0,0,0,0,0,0,0,0,0,0,0,0,0,0,0,0,0,0,0,0,0,0
3194,409,449,40,9,21,59,59,72,76,63,53,56,68,45,26,39,36,39,22,13,23,39,7,42,30,310,1,3,39,426,141,137,55,28,16,5,7,389,41,40,12,6,103,14,56,56,28,33,0,0,0,858,56
3195,922,878,103,40,46,127,152,160,123,138,105,92,106,117,44,49,81,74,47,35,40,121,9,239,142,616,1,8,31,754,308,199,104,81,33,21,21,767,101,34,27,40,145,44,104,111,92,69,0,0,0,1800,156
3196,0,0,0,0,0,0,0,0,0,0,0,0,0,0,0,0,0,0,0,0,0,0,0,0,0,0,0,0,0,0,0,0,0,0,0,0,0,0,0,0,0,0,0,0,0,0,0,0,0,0,0,0,0
3197,237,253,33,16,26,48,20,25,25,20,36,29,37,34,15,20,28,20,14,14,8,22,2,18,1,49,0,2,10,408,14,76,28,23,15,8,3,167,4,15,24,27,17,23,19,13,7,18,0,0,0,490,49
3198,0,0,0,0,0,0,0,0,0,0,0,0,0,0,0,0,0,0,0,0,0,0,0,0,0,0,0,0,0,0,0,0,0,0,0,0,0,0,0,0,0,0,0,0,0,0,0,0,0,0,0,0,0
3199,469,471,47,24,14,69,76,99,95,53,56,55,53,62,25,35,45,29,13,15,14,61,9,89,143,185,5,1,66,442,98,117,76,53,20,6,4,374,52,23,15,20,87,6,61,38,23,49,0,0,0,940,83
3200,914,818,45,37,415,270,98,118,84,56,73,60,75,75,33,36,60,48,27,16,25,81,12,150,117,283,6,8,62,1094,93,152,89,64,19,13,6,436,41,51,32,41,52,15,26,71,45,62,588,0,0,1144,102
3201,836,824,84,26,26,85,116,179,182,120,113,88,102,102,40,49,80,71,46,32,33,86,6,147,66,348,5,1,57,1030,248,239,127,76,21,8,12,731,145,72,37,17,80,9,73,94,98,106,0,0,0,1660,117
3202,622,622,68,20,27,87,99,159,110,68,81,68,64,92,29,31,62,36,33,19,22,69,5,199,104,216,9,6,36,669,132,166,90,51,35,9,7,490,113,25,8,10,116,16,84,62,14,42,13,0,7,1224,102
3203,135,123,12,11,6,16,12,16,11,15,9,12,16,18,9,11,20,22,13,8,5,16,1,11,6,68,2,1,6,163,27,38,13,12,7,4,1,102,5,13,16,14,5,13,8,6,8,14,0,0,0,258,24
3204,242,246,24,12,4,32,33,32,32,24,28,22,42,26,11,19,29,31,23,12,24,28,2,17,19,105,3,0,7,335,28,83,41,18,11,2,4,187,9,26,15,24,26,26,17,13,13,18,0,0,0,488,35
3205,160,190,27,11,8,26,17,32,21,23,23,21,22,22,6,8,21,11,9,6,8,28,0,22,41,115,1,2,25,144,39,41,16,16,8,6,5,131,19,5,6,4,32,1,26,12,10,16,0,0,0,350,35
3206,170,169,23,10,13,17,31,37,25,19,17,20,22,13,5,14,19,12,6,7,4,25,2,30,33,69,1,1,6,197,31,42,28,21,6,3,1,132,34,10,3,4,34,3,27,9,1,7,0,0,0,339,31
3207,98,80,9,4,2,12,13,6,13,12,10,10,12,15,7,10,7,14,4,1,4,13,2,12,2,19,0,0,2,141,17,25,10,10,7,1,0,70,3,6,7,11,7,5,6,8,2,15,0,0,0,178,18
3208,360,349,21,14,16,60,47,48,37,39,40,53,62,34,22,36,45,50,32,14,15,24,4,21,8,94,1,1,15,565,102,128,41,35,11,4,1,322,6,23,33,43,13,85,35,34,25,25,0,0,0,709,51
3209,388,366,31,11,13,39,53,52,69,65,43,41,51,27,25,23,45,27,27,31,38,43,3,22,31,161,2,3,52,480,117,93,47,28,12,1,2,300,35,38,10,5,48,4,40,40,32,48,0,0,116,638,43
3210,8,8,0,0,2,0,0,1,0,0,4,4,2,0,1,1,0,0,0,0,1,0,0,0,1,2,0,0,0,13,0,0,0,0,0,0,0,0,0,0,0,0,0,0,0,0,0,0,0,0,16,0,0
3211,590,550,45,27,13,57,103,119,156,97,63,48,70,74,31,34,41,30,15,15,20,82,6,83,40,400,4,6,21,580,140,188,102,38,14,5,7,494,52,73,41,49,30,24,58,66,37,64,0,0,9,1131,64
3212,13,11,0,1,1,2,2,1,0,2,2,3,0,2,0,1,0,1,0,0,0,6,0,0,0,5,0,0,0,19,2,2,1,0,3,0,0,8,1,1,1,0,0,3,1,0,0,1,0,0,0,24,3
3213,0,0,0,0,0,0,0,0,0,0,0,0,0,0,0,0,0,0,0,0,0,0,0,0,0,0,0,0,0,0,0,0,0,0,0,0,0,0,0,0,0,0,0,0,0,0,0,0,0,0,0,0,0
3214,351,350,34,25,18,45,39,50,36,28,35,32,61,39,21,23,46,39,26,28,24,52,7,37,3,64,3,3,17,567,31,103,26,31,24,18,4,237,13,17,19,33,11,46,18,25,21,34,0,0,0,701,77
3215,1065,1026,90,58,30,118,126,156,235,148,145,142,128,153,68,89,92,85,41,18,33,136,16,124,221,459,3,4,60,1204,330,282,143,89,35,16,17,912,64,72,60,61,76,29,125,123,137,165,0,0,2,2089,157
3216,327,323,33,18,11,47,42,60,48,35,42,45,36,41,13,15,38,33,21,16,18,38,2,28,23,191,0,2,16,388,98,93,41,27,10,3,8,280,57,18,14,13,60,14,33,29,22,20,0,0,0,650,48
3217,216,244,20,6,8,18,30,58,45,38,29,22,24,26,11,9,22,26,13,15,8,32,1,31,33,143,3,2,7,240,75,71,26,11,8,4,7,202,24,20,13,11,13,10,35,31,17,28,0,0,0,460,30
3218,353,319,40,20,13,49,52,44,37,30,42,31,47,40,15,31,42,32,21,13,13,60,2,17,2,199,3,1,8,440,28,73,53,42,14,11,4,225,23,36,21,23,9,25,17,21,21,29,0,0,0,672,71
3219,961,894,108,60,25,147,181,230,136,116,105,87,88,133,38,53,71,57,47,19,37,117,15,257,208,442,6,10,43,874,185,221,119,95,39,22,20,701,153,31,11,17,183,24,127,62,24,69,0,0,0,1855,176
3220,948,1017,60,47,32,112,162,241,186,140,106,105,124,76,57,63,85,104,82,33,39,111,10,59,34,252,5,16,47,1542,324,359,124,63,24,12,13,919,73,94,31,40,96,70,80,141,114,180,0,0,1,1964,112
3221,2,1,0,0,0,0,1,0,0,1,0,0,0,0,0,0,1,0,0,0,0,0,0,2,0,0,0,0,0,1,1,1,0,0,0,0,0,2,0,0,0,0,0,0,0,1,0,1,0,0,0,3,0
3222,254,235,21,22,14,39,35,41,30,28,29,29,35,30,9,25,36,11,10,11,5,29,3,30,4,113,0,3,23,313,32,71,38,22,12,6,2,183,14,28,20,22,9,25,13,12,16,24,0,0,0,489,42
3223,0,0,0,0,0,0,0,0,0,0,0,0,0,0,0,0,0,0,0,0,0,0,0,0,0,0,0,0,0,0,0,0,0,0,0,0,0,0,0,0,0,0,0,0,0,0,0,0,0,0,0,0,0
3224,340,322,37,21,15,47,33,58,41,42,34,41,43,54,24,25,46,26,14,12,14,35,2,64,15,134,4,2,17,424,71,92,32,38,18,6,4,261,29,32,15,16,36,14,35,29,23,32,0,0,0,662,66
3225,200,186,21,5,12,24,26,30,34,14,29,26,31,25,11,20,13,16,10,7,6,26,2,35,76,69,0,1,32,171,58,39,35,25,5,2,1,165,25,8,10,11,40,3,26,14,11,17,0,0,0,386,33
3226,373,391,40,19,14,57,70,66,62,50,46,47,43,62,18,19,44,31,16,9,15,36,2,72,153,169,2,2,61,303,77,83,70,36,20,7,3,296,43,23,13,15,70,6,38,30,28,30,0,0,0,764,66
3227,655,644,56,30,25,75,87,144,146,98,74,63,72,70,27,49,43,50,34,23,28,105,7,98,46,301,6,4,58,779,165,176,97,54,25,7,10,534,106,62,18,11,59,11,58,68,73,68,0,0,27,1272,96
3228,390,378,31,17,22,53,59,64,43,28,30,47,58,34,29,31,54,45,34,19,23,47,7,51,19,117,5,1,21,547,36,113,55,43,23,5,3,278,8,48,24,33,12,62,16,21,18,36,0,0,0,768,74
3229,0,0,0,0,0,0,0,0,0,0,0,0,0,0,0,0,0,0,0,0,0,0,0,0,0,0,0,0,0,0,0,0,0,0,0,0,0,0,0,0,0,0,0,0,0,0,0,0,0,0,0,0,0
3230,27,46,2,2,2,8,11,3,4,7,0,3,2,2,0,7,10,4,2,1,1,2,0,13,5,9,0,3,1,42,7,7,8,2,0,2,1,27,1,7,4,3,0,4,3,0,1,4,0,0,0,73,5
3231,779,782,77,41,28,98,98,126,125,108,122,113,97,106,33,61,79,50,39,31,43,86,4,161,266,505,2,8,39,576,189,218,89,77,30,11,10,624,61,35,22,29,119,28,120,92,46,72,0,0,65,1496,128
3232,58,64,6,8,3,9,7,8,5,6,7,6,8,7,3,5,8,9,2,1,2,12,6,1,1,55,0,0,7,52,19,11,7,5,2,1,3,48,9,2,3,7,10,1,3,1,5,7,0,0,0,122,11
3233,0,0,0,0,0,0,0,0,0,0,0,0,0,0,0,0,0,0,0,0,0,0,0,0,0,0,0,0,0,0,0,0,0,0,0,0,0,0,0,0,0,0,0,0,0,0,0,0,0,0,0,0,0
3234,224,224,19,13,5,30,47,36,33,25,25,28,33,37,12,16,13,22,14,5,12,23,2,29,22,139,0,1,22,233,39,51,31,26,14,4,2,167,13,14,13,7,16,9,25,22,14,34,0,0,0,448,46
3235,68,60,14,5,1,9,10,7,12,6,10,8,6,8,1,3,7,5,1,3,7,5,0,5,6,43,2,1,3,68,19,11,12,6,2,0,2,52,14,2,3,3,13,2,6,1,3,5,0,0,0,128,10
3236,92,171,10,36,5,11,23,19,21,12,14,20,16,11,6,5,13,9,10,3,5,14,1,5,18,110,1,1,8,119,14,18,9,9,5,4,0,59,9,8,2,7,10,2,6,3,5,7,0,0,101,162,18
3237,222,197,32,10,15,19,28,40,36,20,25,29,25,30,7,17,18,20,10,7,12,19,6,12,14,137,0,2,15,233,59,53,20,21,6,3,7,169,20,19,4,4,25,1,19,32,15,30,0,0,6,413,37
3238,243,251,22,18,6,26,36,41,44,28,32,24,35,27,13,24,26,29,13,10,16,24,7,11,36,146,0,1,19,274,50,92,30,24,5,3,4,208,18,14,14,10,31,13,28,41,13,26,0,0,0,494,36
3239,137,127,13,10,7,26,29,18,24,12,15,17,15,14,6,5,12,12,5,4,11,9,0,3,28,79,0,2,20,132,36,45,13,14,3,1,2,114,7,8,8,3,23,11,17,15,8,14,0,0,6,258,20
3240,188,166,12,9,11,27,35,26,24,20,20,24,22,19,9,16,22,11,10,11,14,12,2,14,27,70,1,0,14,226,27,56,28,14,10,3,0,138,4,16,22,14,19,22,7,6,5,23,0,0,7,347,27
3241,583,574,53,38,27,72,84,103,85,69,66,72,78,70,26,62,66,40,35,19,22,70,6,70,91,156,7,7,38,782,103,171,97,67,17,5,5,465,48,48,30,29,49,27,34,67,57,76,0,0,0,1157,94
3242,348,322,23,20,23,47,36,63,64,43,39,34,38,50,21,33,28,24,15,11,14,44,1,16,71,182,1,5,16,378,76,96,40,32,15,5,6,270,22,25,6,22,51,21,32,36,27,28,0,0,0,670,58
3243,197,194,16,11,11,57,50,21,25,15,17,22,9,24,12,14,18,15,8,6,10,30,3,36,27,185,0,3,9,128,38,48,23,13,8,0,12,142,18,26,16,10,11,7,16,16,6,16,0,0,0,391,33
3244,570,550,70,21,25,79,82,100,89,72,70,76,74,89,30,37,44,43,19,14,26,60,2,63,36,312,6,5,54,642,97,144,85,56,25,8,9,424,41,50,27,20,56,10,47,67,39,67,0,0,9,1111,98
3245,0,0,0,0,0,0,0,0,0,0,0,0,0,0,0,0,0,0,0,0,0,0,0,0,0,0,0,0,0,0,0,0,0,0,0,0,0,0,0,0,0,0,0,0,0,0,0,0,0,0,0,0,0
3246,0,0,0,0,0,0,0,0,0,0,0,0,0,0,0,0,0,0,0,0,0,0,0,0,0,0,0,0,0,0,0,0,0,0,0,0,0,0,0,0,0,0,0,0,0,0,0,0,0,0,0,0,0
3247,511,523,54,11,14,55,67,108,95,78,63,55,70,67,23,34,55,46,35,12,32,60,7,61,67,301,1,2,19,576,182,171,51,43,20,2,9,478,65,55,17,21,33,21,72,70,56,68,0,0,0,1034,74
3248,516,540,50,21,20,69,90,103,65,77,51,64,80,54,29,46,66,37,31,16,28,59,7,66,22,285,8,2,45,621,109,154,75,58,13,10,7,426,45,50,24,25,61,15,36,43,56,71,0,0,0,1056,88
3249,9,22,2,0,0,2,1,2,1,9,4,2,2,0,1,3,1,0,0,0,0,1,1,0,4,4,0,2,1,19,0,0,0,0,0,0,0,0,0,0,0,0,0,0,0,0,0,0,0,0,31,0,0
3250,132,148,5,6,2,14,11,22,32,26,20,13,15,15,12,7,20,18,6,8,12,16,0,16,3,76,1,2,3,179,47,52,13,8,3,2,4,129,9,14,3,10,15,17,20,15,13,13,0,0,0,280,17
3251,0,0,0,0,0,0,0,0,0,0,0,0,0,0,0,0,0,0,0,0,0,0,0,0,0,0,0,0,0,0,0,0,0,0,0,0,0,0,0,0,0,0,0,0,0,0,0,0,0,0,0,0,0
3252,587,535,48,23,29,66,57,100,83,75,88,82,93,85,35,42,59,39,28,17,16,57,4,84,57,198,1,9,28,741,106,181,74,57,14,9,10,451,35,55,45,60,26,75,37,43,30,45,0,0,0,1122,90
3253,1475,1463,129,61,38,168,201,249,342,273,239,173,198,177,49,95,118,100,50,39,46,193,20,175,63,872,12,10,148,1638,503,469,188,117,43,20,16,1356,126,157,43,54,122,100,149,176,187,242,0,0,0,2938,196
3254,143,145,5,9,4,25,23,12,22,23,15,24,28,8,5,9,20,15,4,5,8,24,2,17,5,83,0,0,14,167,39,38,32,10,5,2,0,126,17,12,11,7,20,3,11,16,8,21,0,0,0,288,17
3255,854,917,77,42,22,105,92,165,204,158,135,109,109,111,45,57,91,55,39,21,30,104,18,137,174,348,7,4,54,1029,276,298,118,63,26,8,14,803,59,74,52,56,54,20,128,122,104,134,0,0,0,1771,111
3256,19,20,0,0,2,1,0,4,4,5,3,5,3,2,2,2,0,0,1,0,1,4,0,5,1,6,0,0,3,24,9,8,0,2,0,1,0,20,3,5,0,1,4,1,2,1,1,2,0,0,0,39,3
3257,591,559,67,24,21,87,87,86,91,93,85,60,72,57,34,42,69,44,27,20,23,61,6,75,38,280,3,3,63,682,106,152,93,70,19,4,8,452,55,50,22,32,62,17,53,52,36,73,0,0,0,1150,101
3258,1,1,0,0,0,0,0,0,0,1,1,0,0,0,0,0,0,0,0,0,0,0,0,0,0,1,0,0,0,1,0,0,0,0,0,0,0,0,0,0,0,0,0,0,0,0,0,0,0,0,2,0,0
3259,1099,1205,115,57,51,150,160,198,233,178,164,147,145,155,52,90,92,70,34,27,39,147,8,252,353,764,5,11,54,857,373,276,133,99,55,20,23,979,153,52,24,23,126,33,182,159,110,117,0,0,0,2304,197
3260,436,423,50,20,16,78,78,66,53,47,58,51,51,52,13,31,51,41,19,13,24,47,2,59,18,267,1,2,36,474,87,115,67,37,18,9,6,339,25,45,29,24,34,7,42,50,35,48,0,0,0,859,70
3261,774,807,81,33,29,134,129,141,145,134,110,100,89,98,36,41,61,54,28,14,14,110,10,170,172,634,4,2,55,534,229,172,104,64,38,17,18,642,93,37,14,16,77,10,137,106,76,76,0,0,0,1581,137
3262,4,7,0,0,0,0,4,1,0,1,0,1,0,0,0,1,2,1,0,0,0,0,0,1,0,0,0,0,1,9,5,1,0,1,0,0,0,7,0,0,1,0,1,0,1,1,1,2,0,0,0,11,1
3263,83,98,13,8,3,14,12,19,12,11,14,17,8,9,7,6,8,7,4,1,3,5,0,4,2,46,0,2,5,122,26,18,11,13,3,0,2,73,11,7,9,1,19,2,7,4,6,7,0,0,4,177,18
3264,238,244,19,20,5,19,39,46,35,32,32,34,32,25,14,24,22,21,15,7,17,24,2,10,41,138,1,1,9,280,92,62,30,22,3,4,6,219,42,19,6,14,44,10,26,7,21,30,0,0,0,482,35
3265,196,237,17,5,5,27,35,44,50,38,24,25,27,33,12,11,18,15,3,8,10,26,2,19,40,134,0,1,9,228,64,63,28,6,5,4,4,174,21,9,6,7,13,10,34,23,19,32,0,0,54,379,19
3266,242,235,23,10,12,36,45,27,37,26,30,33,25,30,15,15,24,22,10,13,14,30,4,34,27,188,1,3,19,201,35,63,36,24,8,7,4,177,14,9,13,16,21,25,16,24,17,22,0,0,0,477,43
3267,133,145,8,3,3,21,16,20,20,12,11,19,17,9,12,18,19,29,8,7,11,15,5,1,8,64,0,1,14,185,20,47,13,16,6,0,4,106,5,22,10,9,15,13,4,5,5,18,0,0,0,278,26
3268,348,329,29,22,19,47,54,50,54,30,30,45,37,39,24,46,36,34,16,14,15,36,4,34,7,149,1,1,22,459,44,76,52,33,21,9,4,239,27,28,24,31,7,32,19,15,18,38,0,0,0,677,67
3269,125,110,15,9,3,10,17,11,22,17,13,10,11,16,10,7,21,13,6,4,10,10,1,23,4,50,0,1,12,144,25,32,14,17,6,1,0,95,7,14,6,3,9,2,7,14,16,17,0,0,0,235,24
3270,175,159,17,8,4,21,23,25,27,24,23,19,28,20,6,16,12,16,6,13,6,20,2,22,45,81,2,5,18,159,38,56,25,16,5,2,1,143,11,8,8,8,24,11,20,31,8,14,0,0,0,334,24
3271,152,156,21,7,4,14,14,33,28,24,19,25,17,11,7,13,16,9,12,12,6,16,0,11,35,69,2,4,5,182,46,44,23,16,3,3,1,136,10,8,9,10,22,10,27,16,6,18,0,0,0,308,23
3272,599,636,52,49,30,80,97,114,100,103,86,86,72,80,25,45,61,36,26,9,20,64,8,118,151,364,2,8,51,533,176,177,82,56,21,9,9,530,50,56,26,20,79,18,77,91,54,59,0,0,5,1230,95
3273,804,804,70,43,30,130,143,146,146,113,99,100,104,95,47,46,59,49,44,23,37,84,7,201,105,552,1,6,31,705,257,225,103,61,32,12,14,704,95,35,25,28,139,42,109,88,72,71,0,0,0,1608,119
3274,254,248,39,10,9,21,35,25,37,28,27,35,46,34,10,27,40,25,12,10,12,20,0,23,5,63,4,2,20,385,51,94,27,20,10,3,4,209,4,14,21,31,13,54,20,19,12,21,0,0,0,502,37
3275,0,0,0,0,0,0,0,0,0,0,0,0,0,0,0,0,0,0,0,0,0,0,0,0,0,0,0,0,0,0,0,0,0,0,0,0,0,0,0,0,0,0,0,0,0,0,0,0,0,0,0,0,0
3276,0,0,0,0,0,0,0,0,0,0,0,0,0,0,0,0,0,0,0,0,0,0,0,0,0,0,0,0,0,0,0,0,0,0,0,0,0,0,0,0,0,0,0,0,0,0,0,0,0,0,0,0,0
3277,442,502,58,37,24,44,69,100,85,71,61,65,71,58,22,23,36,22,12,14,10,62,6,94,141,365,3,2,37,296,116,123,63,46,21,9,6,384,61,23,9,11,49,17,74,66,36,38,0,0,0,944,82
3278,700,636,71,28,34,96,107,114,111,74,80,68,82,98,25,37,66,55,41,37,38,74,6,194,110,389,3,4,35,595,193,169,85,68,29,10,9,563,60,24,19,34,129,40,82,63,59,53,0,0,0,1336,116
3279,646,638,65,33,27,90,85,140,115,78,82,89,84,53,29,58,64,43,32,20,25,72,5,140,213,397,6,6,36,481,152,177,105,51,18,12,10,525,57,35,20,27,79,13,110,73,42,69,0,0,16,1268,91
3280,573,571,59,20,24,61,79,92,111,102,68,71,70,76,26,43,58,57,36,15,18,58,3,45,23,284,2,2,17,768,233,162,72,35,12,7,16,537,27,56,27,35,81,69,73,72,34,63,0,0,0,1144,70
3281,266,266,19,9,6,29,39,42,33,32,34,39,45,33,22,20,35,34,12,17,12,20,1,26,10,86,0,0,16,393,64,90,25,26,14,1,4,224,11,19,16,30,9,60,22,26,10,21,0,0,0,532,45
3282,1,2,0,0,0,0,1,1,0,0,1,0,0,0,0,0,0,0,0,0,0,0,0,0,0,0,0,0,0,3,0,0,0,0,0,0,0,0,0,0,0,0,0,0,0,0,0,0,0,0,3,0,0
3283,14,40,1,0,3,3,1,3,3,9,10,5,6,0,5,0,1,1,0,0,0,3,0,1,6,4,0,0,2,41,0,0,0,0,0,0,0,0,0,0,0,0,0,0,0,0,0,0,0,0,54,0,0
3284,142,171,14,12,5,16,16,23,31,28,30,27,21,17,4,9,14,10,5,9,5,17,4,3,14,69,2,1,9,211,43,35,18,8,6,1,3,114,25,9,4,6,25,5,16,6,8,10,0,0,54,259,18
3285,134,122,16,6,8,14,24,23,19,16,24,17,16,12,9,9,8,9,8,4,4,10,2,7,9,90,1,0,10,137,43,35,15,11,3,2,3,112,28,6,6,6,26,2,13,8,5,12,0,0,0,256,19
3286,342,337,38,15,19,45,38,61,40,36,55,53,47,45,14,24,50,28,19,6,8,38,4,44,28,133,1,2,8,459,68,100,48,29,14,8,4,271,25,23,31,37,20,55,23,16,22,19,0,0,0,679,55
3287,181,173,14,9,7,26,21,31,26,25,17,22,28,26,10,9,19,23,6,6,6,23,6,20,5,74,1,0,9,239,24,48,21,17,8,9,1,128,12,8,11,17,5,28,10,5,10,22,0,0,0,354,35
3288,33,36,1,1,1,3,3,7,5,8,2,3,4,4,5,6,3,4,1,1,3,4,0,1,12,23,0,0,0,33,13,15,3,1,1,0,1,34,2,2,1,2,5,2,5,6,3,6,0,0,0,69,3
3289,269,308,26,14,14,55,51,57,50,48,33,30,29,49,9,23,24,17,8,6,6,28,2,50,75,238,3,2,18,189,82,65,39,17,16,6,8,233,36,10,7,5,37,10,45,33,17,33,0,0,0,577,47
3290,450,453,44,26,26,58,50,71,111,77,71,49,47,46,23,35,36,25,22,7,10,69,4,68,143,352,6,2,25,303,143,115,58,40,18,4,10,388,56,23,5,12,56,7,84,60,42,43,0,0,0,903,72
3291,94,89,15,5,4,11,11,13,4,8,8,13,16,11,2,11,14,17,3,2,5,10,1,2,4,29,1,1,1,144,12,26,14,7,7,1,1,68,3,4,7,9,1,7,3,5,18,11,0,0,0,183,16
3292,206,185,21,10,10,20,28,32,25,20,18,30,21,13,10,17,20,30,15,10,13,28,3,11,25,56,0,2,16,278,24,59,23,21,11,4,2,144,11,15,16,16,15,15,3,12,17,24,0,0,0,391,38
3293,382,361,39,20,13,36,44,68,54,46,45,46,54,46,20,23,51,42,24,15,16,41,5,84,134,134,2,5,24,355,88,126,48,36,12,4,4,318,28,24,27,33,17,35,31,20,38,65,0,0,0,743,56
3294,557,504,53,34,26,65,63,106,103,80,67,53,73,73,24,21,42,47,26,13,14,78,1,118,133,358,5,12,29,405,121,142,54,54,26,9,11,417,47,32,24,18,77,17,80,54,31,37,0,0,0,1061,100
3295,0,0,0,0,0,0,0,0,0,0,0,0,0,0,0,0,0,0,0,0,0,0,0,0,0,0,0,0,0,0,0,0,0,0,0,0,0,0,0,0,0,0,0,0,0,0,0,0,0,0,0,0,0
3296,314,298,22,8,12,35,45,64,66,39,36,27,30,40,18,24,36,28,15,12,16,39,5,39,57,155,2,2,23,329,134,96,32,22,9,4,4,301,38,23,14,17,17,12,61,43,36,40,0,0,0,612,39
3297,629,672,55,25,12,74,80,100,123,114,86,86,102,85,36,55,55,54,32,21,19,87,6,54,21,259,6,5,28,922,263,196,86,39,23,3,12,622,43,62,28,34,85,67,99,70,44,90,0,0,4,1297,77
3298,1,5,1,0,1,0,0,1,0,1,0,0,2,0,0,0,0,0,0,0,0,0,0,0,0,1,0,0,0,5,0,0,0,0,0,0,0,0,0,0,0,0,0,0,0,0,0,0,0,0,6,0,0
3299,458,485,50,18,31,65,62,72,71,62,60,53,56,66,18,39,50,45,36,19,20,50,9,130,160,180,1,2,34,427,59,144,67,52,21,7,5,355,26,37,19,41,25,28,37,25,47,70,0,0,0,943,85
3300,371,330,33,19,16,51,52,51,55,46,27,54,45,50,20,25,41,35,15,14,17,35,5,7,90,181,0,5,39,374,97,91,57,35,9,3,6,298,25,36,17,12,43,29,28,44,31,33,0,0,0,701,53
3301,742,704,55,39,45,101,85,132,111,77,85,78,109,86,38,50,77,71,44,20,50,93,10,87,124,238,3,9,37,938,131,204,98,88,25,10,8,564,67,54,43,43,49,28,30,92,75,83,14,0,0,1432,131
3302,159,163,18,11,6,29,25,29,21,18,22,12,28,17,12,13,10,9,10,5,6,21,2,51,32,76,1,5,10,145,22,50,17,15,9,6,1,120,9,10,11,14,5,9,17,6,12,27,0,0,0,322,31
3303,278,247,34,14,13,32,43,51,44,42,28,22,35,33,11,19,22,19,14,4,13,32,4,73,72,170,2,5,13,186,48,83,27,30,16,1,3,208,15,7,10,13,35,7,46,36,18,21,0,0,0,525,50
3304,83,72,12,6,5,10,10,7,10,8,8,13,11,8,3,9,10,7,7,3,3,5,0,8,1,53,0,0,3,90,5,25,10,5,5,3,1,54,5,6,6,4,1,10,5,6,2,9,0,0,0,155,14
3305,0,0,0,0,0,0,0,0,0,0,0,0,0,0,0,0,0,0,0,0,0,0,0,0,0,0,0,0,0,0,0,0,0,0,0,0,0,0,0,0,0,0,0,0,0,0,0,0,0,0,0,0,0
3306,156,169,12,8,12,27,21,24,24,16,20,20,21,22,8,11,24,13,6,7,7,22,2,14,33,104,4,3,8,157,24,52,26,16,7,2,1,128,9,10,9,10,22,6,17,18,9,18,0,0,0,325,26
3307,279,241,40,13,16,34,17,37,38,36,48,33,31,22,13,26,24,19,17,13,9,34,1,31,18,171,3,0,9,287,42,72,24,38,16,5,0,197,17,21,15,9,29,8,23,18,21,36,0,0,0,520,59
3308,174,171,15,9,7,19,30,24,25,18,14,25,30,19,9,11,15,12,16,5,17,25,3,35,23,77,0,2,5,200,61,50,22,10,8,5,1,157,24,23,7,4,32,1,20,12,15,19,0,0,0,345,24
3309,112,118,7,9,7,15,23,21,19,11,10,14,13,21,9,6,10,11,7,3,1,13,2,2,24,54,1,1,11,135,13,31,10,8,6,6,2,76,4,6,9,7,6,5,12,9,10,8,0,0,11,219,22
3310,132,113,18,6,3,11,18,24,9,10,15,15,19,16,14,13,17,8,3,9,7,10,0,10,1,28,0,0,1,205,12,33,18,17,3,5,0,88,6,10,4,10,8,15,7,7,7,14,0,0,0,245,25
3311,1042,1016,93,44,45,134,155,200,188,151,157,125,128,130,50,64,101,75,35,25,30,128,26,103,76,802,5,11,29,1006,352,299,124,85,42,13,11,926,134,49,47,46,183,22,155,117,86,87,0,0,19,2039,151
3312,1243,1276,121,68,47,165,165,222,268,219,168,169,166,144,61,76,121,75,38,36,41,149,26,129,103,911,7,7,53,1283,415,354,176,90,44,19,18,1116,121,73,50,63,216,39,209,160,96,89,0,0,30,2489,171
3313,976,982,90,48,30,110,138,168,207,158,132,130,130,100,49,61,84,66,52,33,27,145,28,87,100,741,7,7,41,947,376,260,136,76,31,17,11,907,110,57,44,43,157,28,184,107,90,87,0,0,2,1956,135
3314,1198,1198,115,70,41,177,198,182,240,202,164,138,148,187,50,81,89,73,50,14,24,153,8,48,314,907,4,7,82,1026,355,291,159,124,36,24,20,1009,124,77,41,52,159,23,211,108,101,113,0,0,0,2396,204
3315,1416,1380,144,67,56,205,208,230,283,224,197,189,176,187,72,82,100,71,43,32,35,195,12,51,319,1049,5,10,127,1223,424,368,166,133,61,29,16,1197,162,99,72,56,192,27,222,114,100,153,0,0,0,2796,239
3316,721,784,89,52,23,90,126,154,119,101,105,102,92,91,34,55,61,40,27,22,21,101,13,221,370,398,6,9,69,419,127,206,87,64,49,18,12,563,76,64,27,18,91,14,68,89,55,61,0,0,0,1505,143
3317,1501,1422,168,79,81,222,206,230,243,212,206,196,179,202,63,101,138,92,52,32,39,182,19,307,396,807,9,12,129,1244,400,352,188,150,74,18,22,1204,95,119,43,55,209,53,182,172,94,182,0,0,0,2923,264
3318,1169,1064,142,72,69,168,156,165,152,114,130,157,141,147,71,97,108,89,37,28,38,152,18,95,162,527,5,10,98,1318,114,243,142,142,66,40,7,754,39,52,53,60,83,62,99,89,107,110,0,0,10,2223,255
3319,0,4,0,0,0,1,0,0,0,0,0,1,1,0,0,1,0,0,0,0,0,0,0,0,1,2,0,0,0,1,0,0,0,0,0,0,0,0,0,0,0,0,0,0,0,0,0,0,0,0,4,0,0
3320,1,5,0,0,0,0,0,1,1,2,1,1,0,0,0,0,0,0,0,0,0,0,0,0,0,1,0,0,0,5,0,0,0,0,0,0,0,0,0,0,0,0,0,0,0,0,0,0,0,0,6,0,0
3321,167,172,15,9,6,29,16,16,19,20,20,21,35,22,11,11,28,20,7,7,9,18,2,44,7,90,0,1,2,193,10,50,19,19,12,6,0,116,2,16,11,15,7,26,9,6,7,17,0,0,0,339,37
3322,381,394,41,32,23,40,54,54,37,40,50,55,48,42,22,30,62,33,28,34,11,39,2,29,35,168,1,6,13,521,44,111,41,44,15,14,6,275,18,31,26,32,23,33,8,28,29,47,0,0,0,775,79
3323,304,287,25,20,12,38,41,35,39,30,39,33,43,46,22,23,50,23,25,11,11,25,5,31,37,190,2,1,19,306,50,69,40,31,14,10,3,217,17,26,15,20,28,19,24,32,14,22,0,0,4,587,58
3324,8,54,0,0,1,3,1,3,2,11,9,12,10,0,2,2,3,1,1,0,1,0,0,1,16,10,0,0,0,35,2,1,0,0,0,0,0,3,2,1,0,0,0,0,0,0,0,0,0,0,58,4,0
3325,128,184,13,16,9,16,13,14,32,19,21,18,17,10,10,17,19,13,12,15,17,11,3,22,23,89,0,1,4,170,37,28,4,1,2,1,1,74,0,7,4,7,6,6,14,12,7,11,0,0,178,134,5
3326,436,415,46,16,19,65,61,59,70,48,45,57,63,42,22,36,44,32,27,23,21,55,8,39,52,189,2,7,20,534,142,102,53,44,19,6,5,371,67,24,22,18,74,13,51,36,26,40,0,0,0,851,74
3327,363,382,20,11,12,46,42,70,63,51,51,55,53,45,23,25,38,39,24,11,16,50,6,24,4,178,5,6,29,493,143,94,53,26,16,5,5,342,20,34,20,33,51,28,43,36,30,47,0,0,0,745,52
3328,256,251,21,13,15,22,31,49,48,32,33,36,33,37,14,14,25,20,16,9,12,27,2,25,18,133,1,3,11,314,83,71,28,17,9,5,7,220,28,25,12,13,13,16,30,20,22,41,0,0,0,507,38
3329,421,409,48,30,12,55,73,77,49,60,51,45,58,45,29,27,40,33,15,17,18,48,3,44,48,230,5,2,24,474,110,113,50,38,17,5,9,342,70,28,12,16,83,14,35,25,23,36,0,0,5,825,69
3330,42,48,1,3,5,3,7,8,9,9,4,4,2,5,3,0,2,4,5,1,3,12,0,3,15,18,0,0,4,50,27,8,5,3,0,2,1,46,7,1,5,5,5,4,9,6,3,1,0,0,0,90,6
3331,271,250,22,10,9,45,31,23,40,23,30,28,49,25,19,26,30,43,16,15,16,21,3,29,6,96,0,2,14,371,59,95,33,25,6,3,3,224,11,28,15,31,13,73,12,12,11,18,0,0,0,521,37
3332,0,0,0,0,0,0,0,0,0,0,0,0,0,0,0,0,0,0,0,0,0,0,0,0,0,0,0,0,0,0,0,0,0,0,0,0,0,0,0,0,0,0,0,0,0,0,0,0,0,0,0,0,0
3333,277,268,25,10,13,34,47,48,44,22,28,41,39,32,13,13,35,25,21,6,10,39,7,15,65,145,0,2,20,291,62,81,35,26,12,2,5,223,18,16,8,20,37,13,25,37,24,25,0,0,0,545,45
3334,293,271,20,16,4,48,36,50,38,37,41,45,30,32,13,25,41,21,12,7,10,38,3,41,7,152,2,2,20,337,57,88,41,32,9,2,3,232,29,31,17,20,19,5,30,18,30,33,0,0,0,564,46
3335,264,235,35,24,18,48,29,39,24,27,19,27,33,32,11,18,36,17,9,7,8,38,7,42,71,121,3,0,16,239,30,48,42,25,17,3,5,170,16,9,11,7,11,4,25,32,30,25,0,0,4,495,50
3336,119,110,10,11,3,17,13,19,12,15,13,14,17,14,9,10,15,9,1,4,8,15,1,7,23,61,1,1,7,128,21,40,11,13,5,3,0,93,4,8,7,5,21,10,13,9,7,9,0,0,0,229,21
3337,1330,1396,91,55,42,152,171,243,301,233,214,158,168,165,55,81,137,107,69,41,57,186,25,144,66,880,8,7,124,1472,437,403,178,112,39,15,18,1202,102,122,37,43,114,87,138,191,162,206,0,0,71,2655,184
3338,572,596,67,34,14,62,94,104,101,66,63,71,65,65,23,43,60,54,36,40,34,72,11,82,70,369,5,3,20,608,290,154,55,25,22,10,17,573,68,40,44,52,93,52,89,65,35,35,0,0,0,1168,74
3339,685,658,75,38,26,97,123,130,105,79,86,78,82,81,30,40,67,43,39,23,22,79,5,156,111,408,2,2,37,622,221,168,78,57,27,14,13,578,79,25,29,27,100,34,94,80,57,53,0,0,0,1343,111
3340,807,816,113,49,39,88,148,160,126,101,124,90,102,122,32,39,64,31,32,14,16,133,5,273,148,846,1,8,37,305,154,167,107,83,46,16,19,592,148,9,16,19,93,13,127,79,40,48,0,0,1,1622,164
3341,570,557,53,29,17,83,86,119,78,83,66,70,79,75,24,37,59,23,25,15,26,80,4,62,51,330,3,3,48,626,115,137,90,58,21,7,11,439,42,55,23,26,48,12,61,55,40,77,0,0,0,1127,97
3342,887,839,92,39,35,117,133,150,151,125,127,105,118,100,38,73,76,53,39,27,20,108,16,127,241,539,3,7,64,729,241,237,123,65,38,10,13,727,63,87,26,27,96,31,114,97,61,125,0,0,27,1699,126
3343,823,779,101,64,51,115,113,126,146,98,120,95,80,124,33,42,73,45,34,20,22,100,9,276,152,749,2,12,55,347,145,151,116,74,48,21,16,571,142,6,15,21,117,10,91,89,42,38,0,0,16,1586,159
3344,0,2,0,0,0,0,0,0,1,0,0,1,0,0,0,0,0,0,0,0,0,0,0,0,0,0,0,0,0,2,0,0,0,0,0,0,0,0,0,0,0,0,0,0,0,0,0,0,0,0,2,0,0
3345,633,623,67,36,31,73,102,121,97,88,81,87,76,67,17,50,52,44,33,16,23,95,8,177,176,375,7,6,48,459,126,177,101,57,21,14,6,502,60,28,18,25,77,37,86,80,36,55,0,0,7,1249,98
3346,2,13,0,1,0,0,1,1,1,2,1,4,3,0,0,0,1,0,0,0,0,0,0,0,2,3,0,0,0,10,0,0,0,0,0,0,0,0,0,0,0,0,0,0,0,0,0,0,0,0,15,0,0
3347,215,219,17,13,17,30,32,32,35,30,28,29,31,28,12,13,23,15,12,4,8,25,10,54,116,114,4,1,27,108,40,67,38,13,8,5,3,174,28,18,8,7,21,6,23,27,22,14,0,0,0,434,29
3348,792,808,61,44,16,73,82,188,157,111,111,86,120,95,36,61,62,67,59,29,38,104,15,81,121,170,13,2,63,1135,239,250,99,58,29,6,16,697,112,127,39,25,61,26,67,104,69,67,0,0,24,1576,109
3349,291,255,19,16,15,44,24,50,42,43,30,37,37,25,22,18,22,30,24,7,14,27,1,17,3,52,1,4,16,452,92,84,33,21,12,2,4,248,34,22,22,30,24,24,26,14,13,39,0,0,0,546,39
3350,263,285,32,19,14,44,30,26,32,26,37,32,49,29,9,27,45,18,18,7,17,37,5,11,3,187,5,2,17,318,22,81,41,27,13,6,4,194,29,28,13,9,12,16,25,18,17,27,0,0,0,548,50
3351,700,673,35,25,24,68,87,173,146,90,75,68,95,64,50,46,84,68,32,10,34,99,8,62,100,153,5,4,53,988,264,221,96,51,20,5,5,662,108,105,36,20,57,31,59,107,78,61,0,0,4,1369,81
3352,362,372,25,18,12,42,51,66,56,48,42,54,49,52,22,26,41,35,26,12,18,39,3,18,58,212,6,2,41,394,84,110,58,36,10,2,6,306,18,30,12,21,55,25,51,34,22,38,0,0,2,732,54
3353,295,280,32,19,10,38,43,39,39,45,48,42,49,28,9,17,32,16,16,9,18,26,4,26,38,160,0,2,7,338,91,72,44,27,13,2,3,252,57,30,9,9,57,9,25,23,15,18,0,0,0,575,45
3354,187,207,24,13,12,25,26,36,25,25,28,27,31,32,9,9,18,13,12,5,6,18,2,8,15,95,2,7,14,251,27,49,30,23,6,4,4,143,6,19,14,12,15,12,7,13,20,25,0,0,0,394,37
3355,336,301,36,20,16,52,48,44,48,26,30,53,35,44,20,31,35,35,20,6,8,30,0,23,64,262,2,1,13,272,35,82,58,32,11,10,2,230,16,25,14,17,24,22,33,32,13,34,0,0,6,631,55
3356,162,152,13,11,10,24,21,12,15,13,21,20,23,20,9,13,27,20,11,11,5,15,4,20,2,48,0,0,8,232,18,42,20,19,9,4,1,113,11,12,11,9,7,21,8,3,16,15,0,0,0,314,33
3357,168,158,16,16,7,23,16,30,16,22,20,20,21,20,5,15,20,17,10,5,9,18,0,9,3,90,0,2,15,207,19,40,24,14,8,3,5,113,12,11,10,17,5,9,9,7,17,16,0,0,0,326,30
3358,233,258,20,11,16,41,24,32,31,24,24,32,42,26,16,14,27,32,25,9,15,30,2,28,3,99,0,2,13,344,29,79,33,29,9,6,1,186,8,26,8,22,11,58,15,9,12,17,0,0,0,491,45
3359,307,323,28,6,13,43,45,61,68,53,45,44,45,26,15,21,27,22,16,15,8,29,3,40,55,211,1,1,21,298,130,105,31,21,11,0,7,305,37,33,17,22,18,27,47,35,23,46,0,0,1,629,39
3360,0,7,0,0,0,0,0,1,1,2,0,1,1,0,0,1,0,0,0,0,0,0,0,0,3,0,0,0,1,3,0,0,0,0,0,0,0,0,0,0,0,0,0,0,0,0,0,0,0,0,7,0,0
3361,371,372,40,27,16,55,40,49,38,44,40,61,55,31,23,32,51,41,18,12,10,60,2,34,13,151,3,4,24,512,53,88,51,48,17,8,4,269,31,32,25,44,11,36,22,19,21,28,0,0,0,743,77
3362,464,518,30,21,13,64,54,91,118,90,80,65,66,60,27,27,38,25,29,12,15,57,5,110,48,196,1,2,25,595,207,156,66,37,9,5,5,485,14,50,24,29,37,28,93,63,66,81,0,0,0,982,56
3363,1196,1189,188,87,66,206,197,208,188,147,133,161,116,203,43,58,85,56,34,18,30,161,13,390,635,1081,11,8,69,178,182,177,136,161,78,30,27,791,217,19,8,9,236,10,126,87,43,36,0,0,0,2385,296
3364,328,339,36,18,11,55,41,37,52,32,36,39,53,36,22,35,42,35,25,10,13,39,1,33,8,161,4,5,22,433,41,83,46,26,22,9,6,233,21,26,26,23,16,40,22,7,24,28,0,0,5,662,63
3365,0,2,0,0,0,0,0,0,0,0,0,0,2,0,0,0,0,0,0,0,0,0,0,0,0,0,0,0,0,2,0,0,0,0,0,0,0,0,0,0,0,0,0,0,0,0,0,0,0,0,2,0,0
3366,770,783,57,25,25,89,95,131,171,138,112,114,101,100,31,42,72,49,43,29,26,103,9,87,81,399,3,6,90,878,312,242,70,58,27,6,18,733,109,66,34,39,48,51,121,105,65,95,0,0,0,1553,109
3367,555,543,56,39,25,87,82,68,76,53,52,51,74,67,30,62,75,55,35,19,22,70,5,79,13,298,6,2,20,675,47,129,76,52,35,16,10,365,28,36,31,56,15,47,35,27,32,58,0,0,0,1098,113
3368,162,155,18,12,14,29,22,19,19,15,18,17,25,13,12,9,20,23,12,3,2,15,5,7,5,128,1,0,8,163,14,42,14,16,15,5,1,107,18,21,7,8,8,3,9,6,6,21,0,0,0,317,37
3369,192,166,28,11,11,32,32,32,13,18,22,21,26,19,9,15,19,10,9,7,6,18,1,63,10,74,0,1,9,200,22,39,23,15,18,4,2,123,4,21,13,22,8,24,4,8,7,12,0,0,0,358,39
3370,88,74,5,1,0,7,7,14,20,23,12,8,7,17,3,3,11,8,1,1,3,11,1,3,6,26,0,2,7,117,26,22,13,5,2,2,1,71,3,5,3,2,12,5,13,14,6,8,0,0,3,159,10
3371,74,81,2,3,3,11,6,8,14,6,12,9,15,12,2,4,8,10,8,7,7,8,2,1,1,29,0,0,5,117,32,23,6,8,2,0,2,73,11,6,6,6,5,9,8,7,3,12,0,0,0,155,12
3372,71,76,5,5,1,12,11,15,13,6,12,6,9,6,6,9,5,4,4,4,5,9,0,4,5,47,0,2,5,84,17,22,10,9,4,0,0,62,11,7,2,1,14,1,8,7,3,8,0,0,0,147,13
3373,40,31,1,1,0,2,5,9,11,5,3,6,4,3,1,3,2,5,1,0,0,9,0,6,6,5,0,1,1,52,14,13,1,3,2,1,0,34,2,4,1,1,4,1,7,4,0,10,0,0,0,71,6
3374,0,0,0,0,0,0,0,0,0,0,0,0,0,0,0,0,0,0,0,0,0,0,0,0,0,0,0,0,0,0,0,0,0,0,0,0,0,0,0,0,0,0,0,0,0,0,0,0,0,0,0,0,0
3375,1817,1766,297,140,105,315,274,297,270,220,213,181,209,294,65,80,124,102,53,53,33,258,24,632,838,1689,11,15,86,288,264,280,196,202,149,66,28,1185,310,25,17,17,384,9,166,129,64,64,0,0,0,3583,445
3376,488,536,60,26,27,73,81,99,90,74,59,60,59,75,30,27,29,35,31,16,8,65,3,142,272,244,5,1,38,319,102,138,74,47,22,13,6,402,57,59,17,13,53,13,50,58,32,50,0,0,0,1024,88
3377,466,431,58,34,26,52,50,60,77,68,52,58,60,70,11,39,41,26,24,14,21,56,3,110,148,193,2,3,25,413,60,132,61,47,25,9,3,337,21,24,26,24,16,40,43,34,41,68,0,0,0,897,84
3378,1440,1450,201,137,100,264,218,224,189,198,169,180,146,252,52,69,110,61,37,38,33,212,16,583,267,1584,6,8,55,371,131,186,146,160,112,69,36,840,149,30,16,15,247,15,149,85,67,67,0,0,45,2845,377
3379,329,316,34,24,10,42,29,31,33,26,34,42,64,24,26,32,52,54,28,13,21,26,3,34,1,114,1,1,8,483,62,106,47,34,8,5,3,265,6,26,14,35,11,87,33,7,11,35,0,0,0,645,50
3380,334,314,39,11,18,36,34,59,56,33,38,45,48,28,17,28,40,30,21,22,17,28,3,52,95,149,4,2,14,329,69,104,36,39,12,5,2,267,15,22,24,27,26,25,27,20,34,47,0,0,0,648,58
3381,597,594,80,30,37,89,100,91,85,48,72,69,78,87,39,37,53,39,27,14,35,81,5,90,78,315,2,3,62,636,123,128,73,50,34,16,15,439,32,49,20,14,74,32,33,34,68,83,0,0,3,1188,115
3382,0,0,0,0,0,0,0,0,0,0,0,0,0,0,0,0,0,0,0,0,0,0,0,0,0,0,0,0,0,0,0,0,0,0,0,0,0,0,0,0,0,0,0,0,0,0,0,0,0,0,0,0,0
3383,1388,1448,191,111,76,212,239,236,183,164,179,203,163,211,65,83,101,90,57,30,37,205,9,618,113,1655,4,7,59,371,204,202,172,176,104,53,21,932,182,33,17,13,323,12,223,59,35,35,0,0,0,2836,354
3384,11,14,1,0,0,0,4,2,1,2,2,1,0,2,1,0,1,4,0,1,1,2,0,0,6,9,0,0,3,7,1,2,2,1,2,0,0,8,1,2,0,0,0,2,0,0,0,3,0,0,0,25,3
3385,72,71,5,7,2,9,6,4,15,8,10,17,8,5,2,5,9,7,7,1,2,14,0,3,0,30,0,0,7,103,14,24,7,10,4,0,0,59,3,6,3,8,4,14,3,6,5,7,0,0,0,143,14
3386,565,551,42,19,8,63,82,115,141,107,91,60,80,68,20,30,47,27,25,10,10,71,2,28,24,251,5,1,20,785,197,197,80,41,12,6,3,536,31,54,18,19,84,41,62,98,59,70,0,0,0,1116,62
3387,931,918,82,48,34,130,126,191,192,135,119,91,119,110,39,64,90,63,38,16,36,126,7,255,102,388,7,6,42,1042,236,257,132,87,38,13,11,774,66,81,29,35,114,45,64,120,106,114,0,0,0,1849,149
3388,38,58,1,5,5,5,5,6,6,6,13,12,8,2,5,0,3,1,4,0,3,6,0,6,16,32,0,0,2,40,1,8,4,3,1,0,1,18,4,0,0,0,2,3,2,3,1,3,0,0,42,54,5
3389,152,203,10,6,5,17,31,37,35,39,29,27,20,27,4,17,9,13,4,2,6,17,1,28,29,137,0,0,7,153,54,26,20,12,1,1,5,119,20,13,2,5,5,12,15,16,9,22,0,0,90,265,19
3390,1194,1213,99,52,41,125,146,206,262,202,195,148,147,173,39,77,96,76,55,40,49,179,22,214,249,783,6,15,87,1031,441,321,143,88,54,18,20,1085,112,77,52,56,143,25,187,175,121,137,0,0,3,2404,180
3391,527,500,51,34,27,77,61,74,80,63,51,60,69,81,26,36,58,42,28,13,12,84,9,40,79,254,3,7,22,613,61,101,65,63,35,18,4,347,17,29,23,30,31,40,44,37,49,47,0,0,0,1027,120
3392,1592,1662,131,72,53,198,217,288,342,276,240,215,219,193,80,109,137,91,72,45,55,221,17,189,274,961,8,24,51,1730,577,496,194,116,58,28,21,1490,131,175,58,42,192,62,204,258,174,194,0,0,13,3241,223
3393,734,716,44,41,18,99,88,139,162,133,112,77,85,90,33,41,60,55,33,14,15,111,6,81,120,483,3,8,32,717,240,206,100,66,16,10,11,649,55,67,23,21,78,30,107,104,81,83,0,0,3,1447,103
3394,241,243,31,18,10,37,31,39,40,39,35,31,35,43,11,12,11,15,10,6,8,22,1,29,70,197,1,3,17,166,51,51,45,21,10,5,4,187,22,11,5,9,29,10,21,18,33,29,0,0,0,484,40
3395,868,908,125,55,58,131,152,124,151,131,122,111,97,120,30,42,62,53,25,23,21,143,7,110,146,999,1,6,45,462,165,177,126,87,58,20,15,648,129,41,11,8,132,16,124,87,50,50,0,0,0,1776,180
3396,1265,1246,165,88,58,181,153,206,228,196,174,158,146,170,55,82,90,82,48,30,40,161,13,224,220,1286,5,12,79,672,261,290,166,114,72,30,20,953,185,60,19,17,196,19,183,119,78,77,0,0,13,2498,236
3397,1069,1076,164,75,53,170,136,178,190,160,134,134,123,159,51,51,85,57,34,18,30,143,9,173,173,1145,1,5,40,599,202,223,111,115,68,25,21,765,172,48,12,13,157,21,113,97,61,71,0,0,43,2102,229
3398,1939,1904,297,153,119,329,277,310,302,231,244,196,233,299,92,101,138,98,80,28,40,276,20,884,769,1676,12,17,105,360,255,279,205,240,142,85,29,1235,340,31,15,27,333,45,262,66,53,63,0,0,1,3842,496
3399,673,640,100,56,42,118,98,106,95,83,79,71,62,102,21,34,46,45,33,14,18,90,7,162,77,908,2,3,18,136,102,96,66,70,58,26,11,429,123,17,8,11,120,5,43,59,25,18,0,0,7,1306,165
3400,1110,1162,156,86,69,170,190,193,170,139,151,117,121,188,36,48,81,65,42,40,38,172,6,315,168,1526,0,4,31,222,166,170,143,110,83,38,24,734,162,31,17,19,217,8,75,104,54,47,0,0,65,2207,255
3401,116,111,7,4,2,17,17,19,19,16,10,7,16,12,4,11,12,16,16,6,12,4,1,19,16,72,0,0,6,113,64,33,10,7,3,0,3,120,18,7,7,4,20,10,18,19,8,9,0,0,0,227,13
3402,923,934,170,79,49,145,173,165,128,113,102,97,104,130,32,44,59,51,35,30,27,124,4,236,96,1241,3,11,34,232,133,140,107,95,67,42,19,603,149,21,10,5,197,6,46,75,45,49,0,0,4,1853,223
3403,0,0,0,0,0,0,0,0,0,0,0,0,0,0,0,0,0,0,0,0,0,0,0,0,0,0,0,0,0,0,0,0,0,0,0,0,0,0,0,0,0,0,0,0,0,0,0,0,0,0,0,0,0
3404,532,601,54,33,29,91,107,79,82,80,78,52,75,61,27,33,55,39,29,25,13,91,2,180,110,368,5,3,22,443,84,107,93,58,28,16,11,397,34,40,19,25,43,19,48,61,47,61,0,0,0,1133,113
3405,288,297,15,8,7,24,35,71,86,51,44,37,36,26,10,15,29,20,16,6,11,38,0,19,9,92,3,1,10,451,115,98,39,27,6,1,1,287,15,27,5,17,47,19,41,32,36,48,0,0,5,580,35
3406,234,190,11,9,8,29,8,21,21,23,19,29,20,17,14,15,32,14,14,35,58,27,1,39,38,80,0,0,4,262,29,23,11,10,6,2,1,82,6,5,2,6,8,7,9,14,15,10,0,0,226,198,19
3407,279,259,22,13,14,37,53,33,30,24,37,25,30,32,15,19,41,34,22,14,14,29,4,26,3,103,0,4,8,390,49,85,26,32,12,5,3,212,5,14,12,30,11,75,15,13,11,26,0,0,0,538,52
3408,430,443,44,30,20,69,67,80,73,61,49,55,50,56,28,24,31,23,14,16,17,66,2,52,105,359,1,3,24,327,88,109,64,42,16,9,7,335,36,24,19,19,45,18,59,31,32,52,0,0,14,859,74
3409,177,177,23,9,13,23,26,14,24,16,22,21,23,28,12,8,20,20,11,7,11,23,1,31,30,105,3,0,7,177,22,30,24,19,14,5,3,117,7,16,5,8,17,7,11,20,12,14,0,0,0,354,41
3410,632,696,76,43,25,83,102,118,115,86,101,82,91,77,36,43,52,32,34,21,34,77,9,141,346,376,8,8,60,380,113,144,86,67,28,8,13,459,71,61,19,16,50,19,64,54,55,50,0,0,107,1221,116
3411,122,141,9,5,6,14,15,13,20,12,12,22,17,18,9,14,25,17,9,5,10,11,3,23,7,57,1,1,6,165,20,33,17,17,8,3,0,98,5,12,12,11,4,13,10,3,7,21,0,0,0,263,28
3412,566,559,58,37,30,72,89,102,94,78,63,54,69,69,22,34,62,41,39,23,37,52,3,109,261,353,3,5,40,351,87,122,62,53,30,8,8,370,48,43,22,17,54,15,44,60,32,35,0,0,134,991,99
3413,4,9,0,0,0,0,1,0,0,2,1,3,3,0,1,0,1,1,0,0,0,0,0,0,1,1,0,0,0,11,0,0,0,0,0,0,0,0,0,0,0,0,0,0,0,0,0,0,0,0,13,0,0
3414,234,228,32,17,15,34,32,31,22,20,21,19,34,25,12,19,30,32,11,6,13,37,4,31,47,80,2,1,15,282,16,57,28,24,11,11,4,151,9,19,12,16,14,13,7,16,21,24,0,0,0,462,50
3415,423,451,40,18,7,40,57,102,95,78,62,45,51,53,13,31,40,29,17,9,18,69,4,26,13,187,3,5,14,622,150,109,64,36,15,6,7,387,18,26,10,18,61,32,45,74,42,61,0,0,4,870,64
3416,432,411,42,17,17,69,48,81,91,55,50,54,51,46,14,23,44,25,23,12,19,62,4,150,61,200,4,3,17,404,107,104,63,38,16,7,8,343,31,35,9,11,52,19,29,62,39,56,0,0,0,843,69
3417,313,326,51,20,11,50,56,54,42,43,40,31,46,44,15,23,24,14,10,10,14,41,2,96,58,183,4,4,36,256,48,54,53,34,17,8,7,221,14,25,10,10,31,10,33,30,24,34,0,0,0,639,66
3418,227,258,15,7,7,23,34,46,61,53,27,34,29,29,11,14,21,15,13,8,6,32,1,8,7,86,0,1,13,369,86,96,19,14,11,5,1,232,14,21,11,3,35,14,33,45,26,30,0,0,0,485,31
3419,126,147,7,2,5,7,21,23,31,27,33,27,20,8,7,7,9,11,7,3,7,11,0,50,18,54,1,2,5,143,62,48,16,11,3,0,1,141,3,10,6,14,14,15,26,13,16,24,0,0,0,273,15
3420,306,322,11,7,13,34,41,59,78,56,44,45,57,29,21,18,28,23,14,12,15,23,1,79,31,138,0,3,16,360,155,112,34,27,3,0,3,334,13,32,20,21,30,19,63,41,34,61,0,0,0,628,33
3421,132,173,15,5,6,14,24,23,29,26,26,17,20,11,15,12,16,10,7,4,8,17,3,11,3,55,2,0,10,221,47,44,24,10,3,1,3,132,21,15,7,6,11,8,22,9,14,19,0,0,13,292,17
3422,170,187,18,10,5,26,24,24,34,19,24,25,30,17,13,15,15,14,6,6,11,21,4,51,45,57,1,2,5,192,26,57,24,23,5,2,2,139,8,17,7,11,5,18,13,17,20,23,0,0,0,357,32
3423,617,574,76,30,33,108,102,84,88,61,66,67,73,69,40,56,50,55,22,17,20,74,6,83,50,296,2,6,62,686,137,143,79,53,29,15,10,466,28,29,15,18,77,18,27,51,73,130,0,0,0,1191,107
3424,862,840,111,54,35,141,126,128,97,110,117,104,108,138,38,55,83,55,35,22,32,113,9,88,133,602,2,9,60,799,89,187,92,108,58,32,6,572,51,54,34,25,46,14,55,104,99,90,0,0,0,1702,204
3425,35,39,3,0,0,7,18,8,6,3,2,4,2,1,1,4,4,2,0,0,2,7,1,15,7,18,1,0,3,29,9,14,5,2,1,0,1,32,2,2,2,0,2,3,7,5,6,3,0,0,1,73,4
3426,719,711,81,31,26,74,99,164,183,105,77,72,88,82,35,36,42,45,33,24,33,100,6,229,85,297,5,5,39,764,191,189,114,65,23,9,11,602,49,72,27,20,63,32,52,103,72,112,0,0,0,1430,108
3427,150,188,8,13,3,22,26,27,29,22,19,15,26,13,6,7,30,14,14,6,17,21,3,43,27,87,1,2,6,169,40,35,10,7,2,1,5,100,3,8,5,4,12,11,11,15,7,24,0,0,113,225,15
3428,539,508,43,20,20,60,63,108,117,71,77,63,65,74,23,36,46,38,23,17,20,63,16,63,11,169,7,3,25,753,128,144,80,51,17,10,5,435,31,57,41,27,38,18,64,64,38,57,0,0,0,1047,83
3429,2,1,0,0,0,1,0,0,0,1,0,0,0,0,1,0,0,0,0,0,0,0,0,0,0,3,0,0,0,0,0,0,1,0,0,0,0,1,0,0,1,0,0,0,0,0,0,0,0,0,0,3,0
3430,258,226,23,14,7,23,28,35,39,27,37,42,32,22,14,19,20,27,20,14,12,29,8,20,4,35,0,2,14,401,82,74,39,19,6,4,1,225,28,21,23,21,15,27,21,15,16,38,0,0,0,484,30
3431,255,225,19,13,11,36,33,28,45,27,36,19,31,25,12,25,19,29,22,11,14,25,4,27,10,44,0,3,14,378,90,73,22,21,9,4,3,222,23,14,19,34,23,33,22,12,17,25,0,0,0,480,37
3432,100,77,4,4,6,9,10,15,15,16,14,9,6,12,5,6,10,8,5,3,4,16,0,8,23,48,0,2,5,91,36,30,7,5,1,2,3,84,16,8,2,7,13,6,16,9,3,4,0,0,0,177,11
3433,862,910,118,66,48,147,130,133,132,121,117,100,93,139,29,51,71,49,42,23,19,144,6,399,87,1025,3,6,42,204,112,127,95,126,59,38,12,569,122,14,6,13,193,7,146,41,9,18,0,0,0,1772,235
3434,518,477,58,35,25,75,68,63,73,62,58,54,74,60,28,41,54,35,29,14,21,68,3,62,96,376,2,1,37,418,65,131,68,43,33,9,9,358,32,46,16,28,37,41,38,37,32,51,0,0,0,995,94
3435,451,451,38,19,27,75,56,66,62,48,55,63,68,45,36,48,55,39,20,21,27,34,3,27,93,300,1,3,33,442,74,136,54,43,12,15,4,338,25,41,28,25,33,34,30,35,29,58,0,0,38,864,74
3436,672,679,70,30,22,81,78,116,131,98,92,86,105,71,33,54,70,53,32,17,26,86,26,80,7,259,9,5,44,921,156,175,135,58,20,9,4,557,39,94,37,38,51,32,80,71,53,62,0,0,21,1330,91
3437,1172,1155,188,114,75,203,214,153,164,156,171,144,98,165,49,50,77,53,32,23,21,177,10,592,204,1197,8,6,48,262,103,142,135,131,107,53,19,690,146,21,6,11,182,20,121,97,42,44,0,0,3,2324,310
3438,380,360,50,20,11,40,53,62,57,42,54,38,52,26,29,38,50,30,25,15,12,36,8,82,92,150,0,2,28,378,57,129,54,27,22,4,2,295,18,29,13,18,22,23,28,40,43,61,0,0,5,735,55
3439,384,438,32,15,11,78,60,74,75,56,45,44,42,43,18,25,34,27,31,19,29,64,4,112,57,210,2,3,21,413,110,89,60,37,11,7,6,320,22,40,10,15,34,22,21,50,43,63,0,0,61,761,61
3440,1,0,0,0,0,0,0,0,0,0,0,0,1,0,0,0,0,0,0,0,0,0,0,0,0,1,0,0,0,0,1,0,0,0,0,0,0,1,0,0,0,0,1,0,0,0,0,0,0,0,0,1,0
3441,268,312,25,15,12,21,22,55,90,64,40,22,29,49,20,13,29,20,11,10,9,24,2,13,11,125,2,3,5,419,90,92,37,26,5,7,3,260,10,23,6,8,42,19,40,36,41,35,0,0,0,580,41
3442,299,301,38,14,9,53,45,63,53,38,38,28,40,42,18,22,23,10,7,9,9,41,2,112,37,279,2,4,6,158,41,60,35,41,22,6,3,208,23,21,4,6,40,4,28,30,30,22,0,0,0,600,72
3443,135,132,8,1,1,19,26,26,17,10,14,14,19,9,7,16,27,15,13,8,4,13,1,18,0,38,0,3,12,195,33,53,17,7,7,1,1,119,7,14,10,14,6,26,9,6,12,15,0,0,0,267,16
3444,443,468,35,23,15,65,70,67,90,84,77,61,63,38,19,29,40,35,24,7,15,54,3,49,75,265,3,3,52,461,182,140,54,26,13,2,12,429,51,41,22,27,26,27,86,67,31,51,0,0,7,904,53
3445,2177,2306,193,101,84,273,355,396,466,347,293,288,250,341,106,124,178,154,99,68,75,292,21,500,491,1556,8,14,110,1783,874,609,230,184,75,23,56,2051,216,123,113,118,230,40,393,295,264,259,0,0,1,4482,338
3446,1276,1332,118,69,39,162,197,234,282,236,180,161,171,148,58,93,120,62,45,35,42,156,7,157,235,892,4,14,42,1257,424,395,151,104,42,22,22,1160,87,124,45,44,161,36,168,175,154,166,0,0,3,2605,190
3447,289,266,19,8,9,30,40,47,73,54,42,18,35,43,19,21,24,18,9,4,9,33,5,35,15,42,6,3,23,426,90,85,48,20,6,4,2,255,35,24,16,13,29,22,33,17,25,41,0,0,1,554,32
3448,327,314,26,32,14,40,43,58,52,26,39,40,34,44,11,21,34,35,22,10,23,37,1,22,2,126,0,5,31,454,85,83,39,21,14,7,9,258,29,21,23,38,20,31,24,19,22,31,0,0,0,641,51
3449,198,220,22,8,4,22,40,44,48,38,21,24,27,21,11,15,17,16,8,4,4,24,4,57,24,123,0,1,6,203,92,58,22,10,9,3,5,199,7,16,13,17,17,17,36,23,20,33,0,0,0,418,27
3450,183,215,6,6,2,19,29,36,57,34,20,25,23,26,13,17,13,25,10,5,4,28,1,56,15,100,1,3,8,214,84,58,25,13,5,1,5,191,9,19,13,14,9,15,33,21,24,34,0,0,0,398,24
3451,177,210,14,7,10,12,29,36,48,32,30,20,21,25,8,5,21,16,8,4,8,33,2,38,17,104,1,1,12,212,75,57,24,11,7,1,5,180,7,17,9,17,13,9,38,21,26,23,0,0,1,386,24
3452,366,328,30,22,15,49,38,59,77,45,47,35,46,45,19,23,27,35,16,17,12,37,6,34,6,121,3,1,14,509,79,108,52,32,13,3,4,291,15,43,27,24,31,24,41,26,29,31,0,0,0,694,52
3453,717,680,92,60,42,110,91,103,89,79,80,75,101,103,33,46,66,54,33,17,29,94,6,70,126,529,4,4,40,618,89,154,84,67,42,31,8,475,39,58,28,36,55,46,50,47,43,73,0,0,18,1379,148
3454,61,78,3,2,1,5,5,13,22,9,10,11,13,4,3,6,10,9,2,0,3,8,1,5,4,26,0,0,2,101,29,21,9,3,3,1,1,67,4,3,4,4,14,4,12,9,8,5,0,0,0,139,8
3455,45,55,5,9,5,3,7,4,9,7,7,4,3,1,1,4,4,3,8,6,5,5,0,7,13,34,1,0,1,44,1,2,4,2,2,1,0,12,3,1,1,0,0,1,1,2,0,3,0,0,59,41,5
3456,187,171,21,16,6,27,31,19,23,22,16,19,20,19,3,13,22,16,16,9,16,24,4,20,22,73,1,1,15,222,19,49,25,11,14,6,2,126,13,12,13,17,8,11,4,19,14,15,0,0,0,358,33
3457,204,195,18,18,7,28,14,33,26,18,24,22,26,20,10,24,27,30,11,13,9,21,1,20,2,62,2,0,15,297,35,60,34,24,4,3,1,161,9,20,8,14,5,59,13,9,8,16,0,0,0,399,32
3458,269,264,33,7,16,43,37,40,30,27,40,33,40,22,7,26,35,24,25,8,16,24,1,36,5,118,2,2,11,358,56,96,27,27,10,2,4,222,12,21,15,28,7,67,29,8,14,21,0,0,0,533,43
3459,24,120,0,1,1,3,6,8,10,10,25,25,25,0,14,6,5,3,1,1,0,0,3,7,24,20,0,0,3,87,0,0,0,0,0,0,0,0,0,0,0,0,0,0,0,0,0,0,0,0,144,0,0
3460,1195,1183,157,82,74,172,159,194,167,162,186,131,147,184,63,72,112,58,35,33,44,146,12,499,173,969,1,9,54,661,174,246,146,123,71,45,16,821,84,52,28,19,148,14,137,132,107,100,0,0,28,2350,255
3461,232,232,21,5,12,42,33,36,45,39,26,17,22,20,17,17,24,16,16,10,14,32,3,26,63,133,0,4,10,225,108,59,28,9,11,5,4,224,38,17,19,17,33,8,39,21,20,12,0,0,1,463,29
3462,277,318,17,7,8,34,24,64,58,51,51,40,46,29,12,20,37,27,7,13,14,36,0,32,46,149,3,0,24,341,143,91,38,18,5,3,5,303,50,32,11,17,17,33,46,33,29,35,0,0,2,593,31
3463,188,173,18,4,16,26,22,38,34,19,25,26,24,15,9,17,15,14,10,4,8,17,1,23,2,73,0,3,12,247,34,49,28,20,10,1,1,143,12,18,13,19,11,24,11,7,10,18,0,0,0,361,32
3464,1020,1011,144,78,64,183,162,153,135,140,128,129,108,155,32,52,93,43,37,16,29,150,4,481,70,1231,5,6,32,202,125,141,107,115,76,40,22,626,121,15,12,13,215,7,147,50,22,24,0,0,48,1983,253
3465,242,258,20,19,7,20,23,73,71,34,45,22,19,32,12,9,24,17,7,6,7,33,8,43,7,76,0,2,12,352,81,89,36,16,6,1,4,233,27,14,13,20,32,18,25,24,28,32,0,0,0,500,27
3466,121,113,13,3,4,17,17,14,20,11,15,17,17,17,4,8,20,7,1,7,7,15,2,12,3,57,0,0,3,157,15,34,16,10,7,2,2,86,5,16,14,14,1,15,6,4,5,6,0,0,0,234,21
3467,316,292,35,22,13,41,40,53,61,38,27,42,40,35,12,23,22,13,15,5,16,55,0,117,40,150,7,0,15,279,56,81,35,35,17,4,3,231,18,18,11,11,38,13,16,30,36,40,0,0,11,597,59
3468,97,115,6,1,2,14,14,22,29,23,14,12,13,4,11,6,7,14,4,1,4,11,2,6,1,35,0,2,3,163,36,41,8,6,3,0,4,98,3,15,5,3,17,5,10,17,9,14,0,0,0,212,13
3469,0,2,0,0,0,1,0,0,0,0,0,0,0,0,0,0,0,1,0,0,0,0,0,0,1,1,0,0,0,0,0,0,0,0,0,0,0,0,0,0,0,0,0,0,0,0,0,0,0,0,2,0,0
3470,142,136,13,6,2,8,13,28,25,26,22,13,25,13,5,10,17,15,8,7,1,21,1,45,2,40,2,0,6,182,52,51,17,15,1,0,1,137,8,15,9,4,14,8,29,18,14,18,0,0,0,278,17
3471,110,118,6,4,4,10,11,20,40,19,17,10,18,13,7,8,8,9,8,1,5,10,2,1,7,41,0,0,1,176,51,44,17,7,2,0,0,121,8,14,3,6,13,6,11,24,14,22,0,0,0,228,9
3472,348,413,23,22,12,31,60,76,92,68,44,37,62,39,12,21,31,38,21,14,17,41,3,73,42,182,5,2,18,436,162,107,43,20,3,4,7,346,11,35,19,20,28,33,60,38,40,62,0,0,82,679,34
3473,381,358,30,19,12,47,40,64,105,66,43,26,43,44,12,22,30,32,17,8,13,66,5,23,0,146,4,1,24,536,122,106,45,34,9,8,5,329,25,18,22,37,22,11,34,38,53,69,0,0,0,739,56
3474,349,352,35,18,18,54,56,56,68,44,34,35,62,43,13,22,47,24,12,10,17,33,1,55,10,140,1,1,46,447,53,107,56,35,15,3,4,273,17,28,24,40,18,40,32,19,24,31,0,0,0,701,57
3475,234,288,20,8,14,30,31,37,71,51,34,22,31,43,11,17,32,15,9,4,5,37,4,39,14,55,1,2,26,381,82,73,31,24,12,4,2,228,29,16,11,19,23,14,28,18,29,41,0,0,5,517,42
3476,155,189,13,9,6,23,21,32,37,25,24,18,21,20,11,18,10,22,8,4,2,20,0,37,27,93,1,2,9,175,50,46,23,14,6,3,3,145,7,20,6,7,15,10,10,33,21,16,0,0,3,341,26
3477,892,865,98,73,73,126,133,121,115,79,101,100,117,131,31,69,84,62,44,26,41,133,13,119,160,595,6,3,53,808,91,180,100,97,58,31,17,574,62,51,29,37,57,15,48,120,83,72,0,0,5,1752,203
3478,152,138,16,14,12,29,27,22,22,20,13,17,23,17,3,6,14,8,5,4,9,9,2,16,18,93,0,1,16,144,30,31,16,16,9,4,2,108,9,9,7,9,14,5,8,9,15,23,0,0,0,290,31
3479,0,0,0,0,0,0,0,0,0,0,0,0,0,0,0,0,0,0,0,0,0,0,0,0,0,0,0,0,0,0,0,0,0,0,0,0,0,0,0,0,0,0,0,0,0,0,0,0,0,0,0,0,0
3480,390,382,43,14,16,59,66,56,50,45,38,50,49,63,20,26,39,35,20,5,16,62,2,51,24,229,1,6,39,420,72,67,60,41,17,12,8,277,17,24,14,24,35,19,10,29,41,64,0,0,0,772,78
3481,641,612,81,29,31,99,82,93,92,70,74,76,72,90,31,55,70,38,28,19,28,95,6,95,80,315,3,6,58,690,116,138,81,57,36,20,11,459,38,44,21,27,68,19,29,42,84,87,0,0,0,1253,124
3482,308,265,25,17,13,28,24,38,71,48,48,32,44,42,14,15,27,21,8,15,7,36,6,63,8,89,1,0,20,386,88,93,36,25,9,4,2,257,24,15,11,13,29,23,37,32,25,48,0,0,6,567,40
3483,63,54,3,2,1,5,7,6,18,9,8,7,12,4,4,8,7,5,3,2,0,6,2,16,7,30,0,0,4,58,34,23,2,4,0,0,2,65,5,0,1,8,3,0,16,10,6,16,0,0,0,117,6
3484,19,31,3,1,0,2,6,8,7,3,4,4,3,1,1,1,0,1,2,2,0,1,0,17,0,7,0,0,0,26,15,8,5,1,0,0,0,29,2,2,3,0,3,0,6,4,3,6,0,0,0,50,1
3485,25,28,4,0,0,1,2,8,11,6,8,0,1,1,1,2,0,2,3,0,1,2,0,10,2,10,0,1,2,28,16,8,4,1,1,0,0,30,0,2,2,5,1,1,4,6,2,7,0,0,0,53,2
3486,298,312,31,23,18,44,51,51,47,46,39,34,35,30,16,11,34,24,11,8,11,46,3,129,61,181,3,1,13,219,38,71,42,29,17,7,6,210,13,14,11,14,24,3,37,32,28,34,0,0,11,599,59
3487,225,246,13,6,8,29,26,40,69,49,29,23,26,32,13,15,30,11,4,5,6,37,3,20,7,103,3,1,14,320,73,75,29,17,7,4,4,209,35,15,13,16,20,27,20,18,20,25,0,0,0,471,32
3488,0,0,0,0,0,0,0,0,0,0,0,0,0,0,0,0,0,0,0,0,0,0,0,0,0,0,0,0,0,0,0,0,0,0,0,0,0,0,0,0,0,0,0,0,0,0,0,0,0,0,0,0,0
3489,412,377,43,27,21,51,67,68,58,42,45,47,49,46,25,28,46,26,18,7,18,57,7,51,98,287,1,5,18,322,86,96,51,46,23,6,3,311,39,21,6,15,56,22,39,31,35,47,0,0,0,789,78
3490,720,715,107,48,41,105,96,106,111,88,72,94,99,97,27,58,65,41,30,20,34,96,3,216,102,543,3,4,43,521,97,143,94,90,36,21,13,494,55,34,27,26,57,22,71,71,56,75,0,0,0,1435,160
3491,823,830,94,53,44,95,121,134,120,107,90,101,110,103,38,56,89,58,52,46,63,79,6,108,169,764,5,1,37,563,162,188,102,75,44,9,19,599,92,34,28,31,80,30,97,61,59,87,0,0,84,1569,147
3492,173,189,11,11,13,27,30,33,40,32,25,21,18,18,8,16,16,12,11,0,4,16,5,26,4,96,1,1,10,219,50,59,23,15,6,2,3,158,12,15,19,19,6,10,21,18,21,17,0,0,0,362,26
3493,1610,1492,217,111,100,260,207,268,241,195,221,184,194,254,61,78,120,72,59,32,28,200,9,227,222,1838,9,12,82,703,246,318,206,140,105,47,28,1090,121,50,23,25,229,20,207,174,111,130,0,0,12,3090,320
3494,160,200,13,8,5,13,23,37,40,36,32,28,32,10,9,10,15,14,5,7,4,19,1,13,11,79,0,0,6,250,73,69,29,8,2,2,1,184,9,18,6,11,22,8,33,32,24,21,0,0,0,360,13
3495,334,284,38,23,13,39,26,41,38,32,36,43,44,36,12,33,47,39,20,6,11,41,1,65,13,160,1,3,10,365,25,77,46,33,20,10,1,212,13,18,19,28,13,55,11,18,8,29,0,0,0,618,64
3496,860,879,111,84,62,137,131,116,99,103,94,97,100,140,42,60,82,53,43,29,27,129,11,78,228,731,4,5,96,586,73,122,106,107,53,36,24,521,60,44,23,12,61,26,54,107,59,75,0,0,0,1739,220
3497,718,745,96,49,33,105,118,127,123,105,97,98,72,122,30,46,54,35,21,22,28,82,6,105,123,818,3,3,38,367,138,149,107,78,42,17,10,541,79,18,5,10,119,10,97,81,65,57,0,0,0,1463,147
3498,823,851,132,71,40,167,136,120,125,91,105,106,96,131,33,54,52,41,19,11,19,125,9,205,264,1077,4,8,26,81,101,108,106,104,51,36,19,525,116,22,12,9,163,7,91,41,26,38,0,0,0,1674,210
3499,152,157,8,6,7,18,26,27,21,19,22,27,16,13,10,20,14,16,9,6,9,15,6,11,2,71,1,2,8,208,28,53,22,20,3,1,1,128,6,11,7,11,4,32,13,11,11,22,0,0,0,309,25
3500,225,247,20,9,6,20,32,55,69,37,24,28,26,24,10,14,17,18,7,5,10,41,2,38,7,67,2,2,12,342,80,67,33,18,7,3,4,212,31,15,12,22,27,16,21,20,16,32,0,0,3,469,32
3501,805,796,138,67,54,145,132,112,94,110,93,101,76,133,30,45,54,37,37,24,20,99,9,283,39,1052,1,4,59,154,68,94,94,89,66,34,21,466,71,11,13,17,179,5,56,54,35,25,0,0,0,1601,210
3502,1290,1328,209,115,82,263,182,183,195,146,161,184,142,192,43,56,94,62,49,38,43,179,19,306,578,1380,5,15,51,264,164,156,137,138,121,51,33,800,253,28,25,25,153,19,154,30,55,58,0,0,0,2618,343
3503,263,277,15,9,7,42,36,40,61,50,38,40,34,29,13,20,17,24,13,6,12,34,1,20,33,123,1,2,30,330,106,92,28,22,6,1,5,260,27,32,16,16,21,16,38,35,20,39,0,0,0,540,34
3504,90,101,7,4,2,15,15,11,12,17,14,19,14,12,7,8,6,10,3,5,4,6,2,22,0,43,2,1,3,118,30,25,12,10,3,2,1,83,5,14,1,3,12,4,8,8,15,13,0,0,0,191,16
3505,1208,1263,182,97,81,247,181,179,160,157,161,141,128,207,47,69,96,59,45,40,40,154,14,725,479,878,9,16,57,293,116,155,143,124,83,61,39,721,137,35,12,22,127,46,104,64,70,104,0,0,15,2456,307
3506,179,158,13,18,7,25,22,27,34,23,16,31,28,13,5,7,16,19,7,1,6,19,5,16,3,68,0,1,21,223,31,45,25,19,7,1,3,131,9,8,12,18,7,19,18,11,8,21,0,0,0,337,30
3507,180,203,28,18,14,25,33,30,16,20,21,25,24,36,10,8,24,13,10,4,4,20,1,19,49,130,0,2,14,168,16,27,29,25,15,4,2,118,13,4,4,4,15,3,11,25,22,17,0,0,10,373,46
3508,157,206,10,5,10,27,32,26,27,37,45,27,21,17,9,8,11,8,1,2,6,34,4,29,5,83,1,2,5,234,21,34,9,9,5,2,7,87,16,4,4,8,15,3,10,6,11,10,0,0,119,244,23
3509,254,271,36,19,8,36,54,55,29,24,36,31,24,48,17,15,16,11,11,10,12,33,6,52,62,191,0,2,15,197,47,50,28,26,9,14,7,181,21,16,10,12,22,4,16,40,16,24,0,0,0,525,56
3510,105,112,7,7,7,4,10,22,28,16,13,9,20,11,5,10,11,10,6,3,4,14,0,6,8,36,0,0,3,164,51,32,17,3,1,3,2,109,12,12,4,7,8,10,8,18,14,16,0,0,0,217,9
3511,146,115,13,7,2,21,21,20,25,22,11,22,15,18,4,9,12,5,6,5,8,15,3,15,13,52,0,3,23,152,38,35,17,15,6,2,0,113,10,10,3,6,23,4,7,16,13,21,0,0,0,261,23
3512,773,872,44,22,20,82,116,170,212,142,119,95,92,102,41,46,71,70,45,25,30,101,15,122,33,346,4,3,88,1034,341,280,101,52,14,4,17,809,68,111,43,60,74,60,68,108,86,131,0,0,1,1644,87
3513,905,1011,72,27,21,99,155,163,181,166,148,128,164,86,46,61,86,80,49,41,32,111,12,135,33,437,6,8,103,1182,391,318,113,68,18,11,15,934,54,134,50,51,80,72,100,117,106,170,0,0,0,1916,112
3514,811,764,65,37,21,77,113,139,147,129,124,122,113,92,28,48,71,56,37,18,33,105,14,92,56,378,2,7,68,958,229,247,115,65,23,11,8,698,61,72,60,54,87,52,58,86,66,102,0,0,0,1575,107
3515,559,611,30,31,17,69,70,114,153,110,80,71,78,60,16,25,52,44,25,18,21,86,3,39,63,260,3,6,40,756,231,176,85,39,14,5,9,559,73,46,26,28,42,37,76,78,75,78,0,0,3,1167,67
3516,63,59,2,5,2,6,7,10,15,10,11,8,5,5,1,5,9,7,1,0,4,9,1,4,5,14,0,0,8,90,26,21,9,3,1,0,1,61,5,6,6,7,6,5,5,10,4,7,0,0,3,119,5
3517,0,0,0,0,0,0,0,0,0,0,0,0,0,0,0,0,0,0,0,0,0,0,0,0,0,0,0,0,0,0,0,0,0,0,0,0,0,0,0,0,0,0,0,0,0,0,0,0,0,0,0,0,0
3518,1889,2044,157,81,52,248,254,338,401,355,298,242,253,217,99,133,191,159,99,73,75,208,17,279,328,989,9,13,41,2257,795,561,242,138,61,16,42,1855,182,204,122,117,214,89,247,210,229,241,0,0,0,3933,257
3519,738,696,108,49,45,116,100,124,93,92,94,75,81,102,21,45,69,54,31,19,23,93,5,280,82,616,2,8,34,407,75,152,94,60,56,23,14,474,46,29,19,21,74,6,65,88,55,71,0,0,0,1434,153
3520,718,788,75,29,15,93,90,115,171,111,111,98,94,109,30,43,68,63,42,14,29,106,13,81,126,404,5,10,14,853,295,221,80,55,33,5,14,703,62,89,49,46,92,24,88,78,85,90,0,0,0,1506,107
3521,1233,1227,105,51,31,131,164,201,259,213,174,149,158,166,55,94,114,92,63,32,41,167,17,119,15,421,6,7,136,1739,344,368,150,109,49,22,14,1056,41,153,62,66,109,95,98,148,129,155,0,0,2,2458,194
3522,152,177,5,6,3,20,19,38,36,32,27,18,25,21,4,12,15,10,8,3,7,20,0,5,14,77,3,0,22,208,69,62,17,8,2,3,3,164,27,10,11,4,9,15,18,23,26,21,0,0,0,329,16
3523,607,649,61,30,26,70,92,94,132,103,102,62,81,75,30,41,59,63,24,20,20,71,5,87,16,216,1,5,65,861,203,176,82,48,31,3,11,554,27,83,31,34,58,58,52,60,63,88,0,0,0,1256,93
3524,85,89,7,5,3,25,10,13,16,8,14,10,10,8,4,6,8,4,8,5,7,3,1,16,11,40,0,0,3,103,42,23,10,3,4,0,3,85,7,7,4,10,15,5,17,12,2,6,0,0,0,174,10
3525,54,100,7,3,4,19,24,11,13,15,15,7,12,5,3,2,1,1,3,2,4,3,1,21,15,59,0,1,1,56,1,6,6,9,2,0,0,24,2,1,2,0,9,0,2,4,2,2,0,0,77,77,11
3526,172,184,11,10,6,13,21,24,37,23,27,22,20,25,11,19,16,22,12,9,7,21,7,14,3,67,1,0,4,260,48,57,30,15,4,4,0,158,7,23,19,9,8,15,27,13,13,24,0,0,0,356,23
3527,336,356,28,18,13,35,51,53,74,56,47,50,48,47,14,24,46,20,10,13,12,33,8,72,5,113,4,2,27,461,107,108,43,26,12,6,5,307,26,33,12,16,39,24,47,32,27,51,0,0,0,692,49
3528,702,669,179,87,52,105,91,93,110,100,70,45,53,133,18,18,29,40,10,7,19,112,13,124,252,275,2,10,76,619,22,29,64,87,87,47,4,340,30,21,4,5,31,3,99,72,35,40,0,0,0,1371,225
3529,113,107,8,6,2,8,15,22,28,17,8,10,14,13,7,8,11,8,6,4,6,19,0,13,0,18,3,1,11,174,36,27,10,13,3,3,2,94,16,7,4,4,8,10,13,8,9,15,0,0,0,220,21
3530,820,764,96,47,45,128,96,124,121,84,94,92,103,120,32,64,71,67,39,24,31,106,8,131,81,399,4,6,69,886,185,150,107,88,43,15,15,603,54,51,24,27,103,29,40,50,91,134,0,0,0,1584,161
3531,639,676,56,26,23,85,84,108,117,103,76,72,84,67,42,47,76,66,33,26,31,93,8,94,8,275,4,8,34,884,146,174,99,66,18,8,15,526,30,75,46,49,34,40,60,61,61,70,0,0,0,1315,107
3532,116,143,12,4,3,11,18,24,15,18,23,18,20,12,6,19,18,7,10,3,9,9,0,18,2,67,1,2,7,162,19,52,15,9,5,1,3,104,7,8,6,11,4,25,11,9,8,15,0,0,0,259,18
3533,1484,1407,167,115,88,246,206,217,188,169,163,153,187,186,81,102,151,102,74,37,47,212,20,95,199,709,6,17,87,1758,161,298,178,185,83,53,15,973,47,74,75,108,88,91,109,116,123,142,0,0,0,2891,336
3534,92,89,3,3,3,11,10,20,24,19,11,17,13,11,0,5,6,11,6,0,1,7,1,4,4,23,2,0,4,143,34,30,16,6,3,0,0,89,10,4,5,10,12,9,14,6,5,14,0,0,0,181,9
3535,315,298,66,38,35,62,46,35,55,49,27,25,23,48,6,7,19,7,9,6,8,42,3,74,102,168,2,7,23,234,3,16,27,46,38,18,2,150,18,9,3,1,17,4,42,23,16,17,0,0,0,613,104
3536,1551,1637,244,121,105,288,283,254,237,209,235,189,184,273,59,65,106,64,39,28,30,175,12,483,446,1981,4,14,55,193,158,201,199,188,125,55,35,961,195,32,20,30,337,9,167,61,43,67,0,0,39,3149,403
3537,497,481,27,9,14,47,59,88,103,77,77,57,60,50,28,32,55,51,27,31,34,52,14,140,10,162,7,2,31,612,150,154,55,37,16,4,4,420,40,35,20,22,49,29,59,56,32,78,0,0,71,907,61
3538,185,182,23,5,5,16,22,34,46,24,23,24,33,20,6,14,19,14,8,6,5,20,3,41,2,59,0,0,14,248,60,64,19,15,6,4,1,169,12,13,10,9,18,17,26,19,17,28,0,0,0,367,26
3539,487,548,29,17,11,45,89,97,131,100,81,66,68,59,19,30,44,29,20,18,14,68,1,31,4,173,8,5,34,779,167,184,65,35,13,6,8,478,59,31,27,40,44,15,59,53,56,94,0,0,0,1035,62
3540,1116,1050,189,85,78,172,156,170,154,133,145,127,118,178,47,53,71,55,37,16,19,163,5,462,41,1377,2,5,82,192,87,139,133,117,86,49,26,637,100,5,18,21,224,15,88,66,46,54,0,0,0,2166,278
3541,246,203,35,12,4,23,19,35,34,41,27,20,39,27,21,17,19,16,14,5,12,29,7,41,6,82,4,4,18,287,52,57,40,17,13,1,3,183,11,20,14,18,11,9,27,24,19,30,0,0,0,449,34
3542,166,189,18,9,7,15,18,32,34,30,21,23,26,31,9,17,21,6,9,1,11,17,1,17,2,79,0,1,12,243,33,56,21,19,4,3,4,140,9,27,9,15,11,9,19,18,12,11,0,0,0,355,30
3543,108,258,5,3,2,23,28,24,18,28,38,68,45,4,13,12,9,9,5,4,8,20,7,31,60,92,0,0,11,165,20,12,3,6,4,0,2,47,9,3,5,3,11,1,3,6,2,4,0,0,253,113,12
3544,447,474,58,42,30,63,54,73,66,49,52,56,51,63,18,36,46,36,28,14,16,70,2,58,122,354,2,11,42,330,64,85,49,60,23,20,5,306,20,34,19,21,31,13,38,48,35,47,0,0,24,897,108
3545,91,104,11,7,6,11,15,20,27,20,7,8,11,9,5,6,9,6,4,0,3,10,1,14,4,38,0,1,4,133,26,35,7,8,1,1,4,82,7,8,4,5,11,7,14,7,3,16,0,0,2,193,14
3546,0,0,0,0,0,0,0,0,0,0,0,0,0,0,0,0,0,0,0,0,0,0,0,0,0,0,0,0,0,0,0,0,0,0,0,0,0,0,0,0,0,0,0,0,0,0,0,0,0,0,0,0,0
3547,53,73,8,2,2,7,10,15,14,10,10,7,7,4,2,3,2,2,2,4,7,8,2,5,5,41,0,1,8,64,15,28,4,3,1,0,3,54,9,6,2,2,5,3,4,8,6,9,0,0,2,124,7
3548,769,779,103,49,41,126,113,118,104,110,106,100,89,109,28,48,55,55,32,23,23,116,3,343,126,663,0,5,33,375,98,161,94,77,65,19,10,524,60,38,21,15,101,4,75,78,60,72,0,0,18,1530,171
3549,324,315,23,20,6,26,52,44,65,51,37,43,45,36,7,24,44,35,11,11,20,39,5,59,4,135,3,1,21,411,117,91,45,20,11,5,5,294,28,29,4,17,32,22,51,34,25,52,0,0,0,639,41
3550,311,392,26,13,11,27,52,57,86,74,40,53,33,44,16,22,33,28,25,11,16,36,2,36,52,155,2,3,15,438,133,108,44,30,11,1,5,332,43,39,19,19,27,24,45,48,29,39,0,0,0,703,47
3551,183,197,17,6,5,30,29,29,46,22,23,26,25,18,13,14,16,21,5,4,11,20,4,11,29,86,0,1,14,235,87,51,31,12,3,3,2,189,23,22,12,15,10,17,20,29,21,20,0,0,0,380,20
3552,373,377,37,24,13,46,43,65,44,59,45,49,52,52,11,31,40,46,19,19,17,38,2,44,90,280,3,8,31,292,48,100,49,45,17,10,4,273,21,31,14,18,28,10,40,42,31,38,0,0,0,750,76
3553,654,659,110,65,41,114,96,100,91,75,82,63,64,116,24,39,48,34,21,13,19,98,5,351,240,512,1,2,37,165,54,70,79,77,42,23,25,370,63,21,7,14,54,29,60,33,43,46,0,0,18,1295,167
3554,463,434,33,31,11,62,62,67,70,43,51,59,66,55,31,34,60,43,28,13,25,53,3,70,5,214,4,3,31,567,87,129,61,52,14,0,11,354,22,42,21,46,20,48,36,31,26,62,0,0,0,897,77
3555,279,308,29,11,8,31,34,50,76,48,40,32,32,41,12,18,30,23,13,10,12,37,1,19,3,99,3,3,12,447,96,87,33,29,11,1,5,262,26,34,16,10,21,12,34,27,33,49,0,0,0,587,46
3556,274,230,26,10,5,27,29,35,49,34,18,28,32,21,11,25,31,21,20,11,25,46,0,29,26,175,1,6,5,262,139,53,26,15,9,3,7,252,40,12,16,26,33,12,54,23,16,20,0,0,1,503,34
3557,388,371,25,10,8,46,45,65,105,56,57,33,49,41,20,23,48,27,20,14,20,47,7,58,11,218,3,1,28,433,174,113,48,19,9,5,8,376,20,47,23,16,46,28,29,48,55,64,0,0,0,759,41
3558,423,336,42,18,17,62,58,64,59,45,45,52,40,58,20,25,21,29,14,14,11,65,3,9,241,330,3,4,42,127,80,76,43,39,16,19,5,278,54,7,4,4,83,1,50,37,15,23,0,0,7,752,79
3559,0,0,0,0,0,0,0,0,0,0,0,0,0,0,0,0,0,0,0,0,0,0,0,0,0,0,0,0,0,0,0,0,0,0,0,0,0,0,0,0,0,0,0,0,0,0,0,0,0,0,0,0,0
3560,242,254,39,15,11,47,44,35,51,28,17,24,29,46,11,11,22,14,8,3,4,37,5,22,106,261,0,4,29,69,48,45,25,29,7,12,7,173,31,3,4,2,50,3,33,21,12,14,0,0,0,496,55
3561,259,217,23,9,5,35,27,41,33,29,30,33,42,32,13,16,28,22,8,11,10,29,2,27,0,67,2,3,29,346,45,71,39,27,8,4,0,194,13,29,15,17,10,31,14,17,21,27,0,0,0,476,39
3562,79,87,5,4,6,21,15,10,14,7,8,10,13,9,4,5,12,6,4,3,4,6,1,2,42,84,1,2,17,17,15,18,9,10,2,2,3,59,7,4,1,1,18,0,7,7,9,5,0,0,0,166,17
3563,227,4060,0,23,1395,2158,405,140,102,46,10,4,2,0,0,2,0,0,0,0,0,0,43,151,391,765,8,24,155,2750,0,0,0,0,0,0,0,0,0,0,0,0,0,0,0,0,0,0,0,4287,0,0,0
3564,128,137,10,1,2,13,17,28,44,34,11,16,12,21,6,13,11,8,2,3,0,13,0,11,8,44,1,1,15,185,55,44,14,10,4,2,1,130,19,4,7,10,15,11,17,11,13,23,0,0,0,265,17
3565,349,358,24,17,13,40,43,60,86,59,36,36,47,32,33,26,37,27,27,10,9,45,2,89,4,139,2,3,20,448,131,110,45,30,8,2,6,332,28,30,16,21,38,32,38,36,42,51,0,0,0,707,46
3566,213,237,16,3,7,24,28,39,65,52,36,18,25,25,7,21,19,16,9,3,5,32,1,20,3,94,2,0,8,322,80,72,29,20,7,0,3,211,11,27,12,9,19,18,24,26,24,41,0,0,0,450,30
3567,282,273,38,28,26,71,60,34,42,29,19,33,31,40,13,9,13,8,5,3,6,47,3,10,192,252,1,1,42,54,25,47,26,33,16,12,9,168,35,6,4,3,50,0,31,15,15,9,0,0,0,555,70
3568,11,3,2,0,1,1,1,0,0,1,2,0,0,2,1,0,1,1,1,0,0,0,0,1,0,0,0,0,0,13,0,2,0,1,0,1,0,4,1,0,0,0,1,0,2,0,0,0,0,0,0,14,2
3569,1077,1126,118,52,47,134,138,158,230,163,178,137,164,149,36,74,110,77,48,18,51,121,18,133,86,644,5,9,56,1252,311,300,147,97,42,16,18,931,70,87,74,96,131,76,85,106,86,120,0,0,11,2192,173
3570,323,325,28,17,13,45,46,47,61,51,54,47,42,40,16,23,36,25,17,10,8,22,1,43,28,179,1,3,18,375,104,100,45,24,8,4,6,291,26,37,17,24,51,17,25,34,26,34,0,0,0,648,42
3571,251,264,8,14,9,29,32,47,69,40,34,33,36,19,13,20,18,19,13,14,9,39,1,16,24,108,1,1,13,351,105,82,31,13,3,3,4,241,29,29,19,17,16,17,34,29,27,24,0,0,35,480,23
3572,198,187,24,7,5,21,13,34,43,30,29,26,18,22,15,13,15,15,9,11,12,23,9,31,6,65,2,4,9,259,51,62,26,17,10,1,1,168,4,26,13,14,14,12,20,21,19,25,0,0,0,385,29
3573,296,341,20,8,13,37,42,63,77,61,41,29,43,35,16,17,24,19,13,16,14,49,3,24,39,152,7,1,20,391,112,98,34,27,8,5,6,290,42,41,17,21,19,17,38,31,29,35,0,0,0,637,46
3574,335,370,56,20,24,53,54,57,43,36,38,47,52,46,20,22,29,31,20,3,8,46,3,123,51,329,1,3,11,184,50,70,47,30,31,11,4,243,15,17,6,8,49,3,41,36,34,34,0,0,0,705,76
3575,160,198,21,10,6,15,24,30,44,39,17,18,19,16,11,20,19,11,10,4,9,15,10,32,3,77,0,1,7,228,49,56,28,12,5,0,5,155,11,29,11,12,8,10,23,22,14,15,0,0,0,358,22
3576,0,1,0,0,0,1,0,0,0,0,0,0,0,0,0,0,0,0,0,0,0,0,0,0,0,0,0,0,0,1,0,0,0,0,0,0,0,0,0,0,0,0,0,0,0,0,0,0,0,0,1,0,0
3577,159,164,14,6,7,36,30,20,29,23,18,15,17,22,4,10,12,8,7,12,10,23,1,7,106,153,1,2,21,32,32,30,16,17,15,4,2,116,28,6,2,6,33,3,18,8,6,6,0,0,0,323,38
3578,94,83,4,1,1,5,10,17,27,14,12,8,15,9,3,4,8,10,7,3,4,15,1,7,0,27,0,1,7,134,45,22,11,8,3,0,1,90,9,6,4,2,4,5,9,15,8,28,0,0,0,177,12
3579,563,583,59,47,32,123,85,84,76,60,60,70,72,85,27,45,44,30,29,17,22,79,6,46,167,564,3,2,38,320,46,108,65,60,42,25,9,355,32,30,16,16,44,7,49,80,41,40,0,0,15,1131,136
3580,14,15,1,2,2,1,2,3,1,2,0,3,4,5,0,0,0,2,0,0,0,1,0,0,2,11,0,0,0,16,1,2,2,2,2,0,0,9,0,0,0,1,1,1,2,2,0,2,0,0,0,29,4
3581,102,107,19,6,3,16,35,15,18,11,6,9,6,13,1,1,8,6,2,6,4,24,3,11,21,92,0,3,11,68,33,20,7,9,2,2,7,80,10,5,7,7,15,4,14,11,2,5,0,0,1,208,20
3582,4,6,0,1,0,0,1,0,0,0,2,1,2,0,1,0,1,0,0,0,1,0,0,2,0,0,0,0,0,8,0,0,0,0,0,0,0,0,0,0,0,0,0,0,0,0,0,0,0,0,10,0,0
3583,750,736,109,48,42,144,129,124,100,72,78,83,76,103,50,34,80,43,35,21,21,94,6,75,230,615,1,8,50,501,79,134,92,84,46,24,18,477,43,48,23,26,42,13,63,92,60,67,0,0,5,1481,172
3584,244,257,39,21,16,24,40,40,38,31,22,28,32,32,14,18,19,19,13,9,9,37,3,40,48,144,0,1,43,222,36,52,33,24,14,8,6,173,5,22,6,3,22,5,19,18,26,47,0,0,0,501,52
3585,443,424,36,17,21,57,54,71,59,68,62,49,64,38,25,37,51,39,34,15,21,49,4,72,4,166,3,4,53,561,62,141,71,49,17,2,2,344,27,47,30,39,22,63,24,18,25,49,0,0,0,867,70
3586,160,169,23,3,6,19,17,45,27,21,16,16,14,26,6,9,19,16,6,8,5,27,1,24,4,63,1,1,13,222,29,39,16,19,13,3,2,121,6,10,11,12,12,7,15,17,12,19,0,0,0,329,37
3587,18,7,1,0,1,3,3,3,0,3,1,1,1,2,1,0,0,0,0,1,0,4,0,0,10,14,0,0,0,1,1,2,1,1,1,1,0,7,2,0,0,0,2,0,2,1,0,0,0,0,2,23,3
3588,77,85,10,8,3,11,13,11,20,15,6,5,9,12,5,6,5,3,3,5,1,11,0,5,44,77,0,2,4,30,14,14,13,11,5,2,0,59,10,3,1,1,12,1,7,8,7,9,0,0,0,162,18
3589,86,74,9,7,2,9,12,11,12,12,13,12,13,13,0,5,7,6,5,1,3,8,8,7,0,25,0,2,6,112,20,20,9,10,5,0,1,65,4,12,2,4,5,7,8,2,6,15,0,0,0,160,16
3590,535,542,72,42,41,88,101,83,70,81,42,61,61,107,12,25,32,20,18,16,30,75,8,93,227,595,0,4,31,119,54,58,60,53,42,21,22,310,104,15,8,12,52,10,58,14,14,23,0,0,0,1077,138
3591,202,267,22,13,3,28,18,42,51,56,40,24,35,23,9,14,19,24,9,4,9,26,4,19,0,104,2,1,11,328,86,87,26,13,6,0,6,224,19,21,16,21,15,14,16,25,32,45,0,0,0,469,25
3592,388,393,66,28,28,71,59,69,47,51,46,56,39,51,15,22,23,29,12,9,8,52,3,104,68,465,2,0,16,123,38,53,42,48,27,17,10,235,53,5,6,8,41,3,48,35,13,23,0,0,0,781,102
3593,242,253,24,8,10,29,28,40,47,36,42,28,32,23,13,18,35,20,16,10,9,27,11,47,4,71,1,2,14,345,91,85,25,20,5,5,3,234,27,25,7,11,29,24,25,26,24,36,0,0,0,495,33
3594,2,1,0,0,0,0,0,0,0,2,1,0,0,0,0,0,0,0,0,0,0,0,0,0,0,0,0,0,0,3,0,0,0,0,0,0,0,0,0,0,0,0,0,0,0,0,0,0,0,0,3,0,0
3595,1284,1397,174,116,77,226,219,225,210,174,154,169,148,207,41,72,101,72,61,30,28,177,20,360,347,1460,7,7,43,437,130,199,161,148,86,59,31,814,151,38,18,25,156,19,138,126,62,81,0,0,45,2636,324
3596,527,507,59,32,25,75,76,86,76,62,43,64,86,79,18,33,58,45,21,6,31,59,9,99,117,257,3,3,61,485,92,129,70,51,31,10,7,390,33,39,19,9,44,18,53,57,48,70,0,0,0,1034,99
3597,876,880,131,90,65,170,117,145,112,104,109,115,94,148,25,57,59,38,20,27,23,107,6,344,36,1094,1,3,72,200,60,107,102,83,55,60,22,489,92,13,10,12,175,6,68,49,34,30,0,0,27,1729,220
3598,386,373,32,29,23,53,64,59,48,49,45,51,37,57,22,28,46,27,13,11,13,52,4,267,92,234,5,2,34,121,53,77,34,49,23,14,7,257,33,19,5,7,31,4,40,30,38,50,0,0,0,759,93
3599,313,292,45,16,15,50,38,46,32,37,37,29,48,51,21,16,23,26,14,14,9,38,6,27,37,236,2,2,10,285,34,65,35,36,21,8,3,202,21,19,13,14,16,5,20,32,31,31,0,0,14,591,68
3600,326,314,42,24,17,52,39,52,43,38,55,32,44,37,15,26,29,24,10,10,9,42,2,53,30,158,0,3,50,344,57,59,54,36,20,7,2,235,19,20,10,10,30,11,10,24,46,55,0,0,0,640,65
3601,846,934,125,60,43,144,153,133,111,107,93,102,111,131,54,58,81,73,25,25,30,121,12,166,248,722,7,15,67,543,80,163,132,83,61,42,11,572,24,45,33,35,113,14,114,64,65,65,0,0,0,1780,197
3602,92,112,7,4,0,10,19,25,30,21,6,11,12,10,1,9,9,7,1,0,2,20,1,6,0,40,0,0,10,147,30,32,14,12,4,0,0,92,12,6,5,6,10,3,8,10,12,20,0,0,0,204,16
3603,464,466,52,19,32,58,68,74,68,54,55,67,58,75,20,34,42,40,23,21,19,51,5,63,148,303,5,6,24,376,59,101,62,60,27,13,4,326,30,38,16,13,38,11,41,51,34,54,0,0,0,930,104
3604,780,721,102,61,55,115,102,105,123,91,82,74,90,110,35,42,64,52,23,19,23,133,6,67,250,639,5,7,64,463,57,126,96,84,53,34,12,462,50,46,23,29,48,17,43,99,55,52,0,0,0,1501,183
3605,221,300,12,12,3,30,44,56,66,46,27,22,29,23,8,19,34,24,13,15,9,29,0,17,28,94,1,3,20,358,108,92,31,13,6,2,5,257,28,39,19,26,16,15,32,33,24,25,0,0,0,521,26
3606,50,49,2,1,0,9,11,7,9,10,7,9,5,3,1,4,6,4,3,0,1,7,6,15,0,16,1,0,1,60,15,19,7,5,1,0,0,47,4,5,1,4,6,2,10,5,4,6,0,0,0,99,6
3607,209,192,25,11,6,39,24,25,23,30,19,25,24,22,9,17,23,19,12,3,14,31,2,32,52,105,0,0,22,188,27,48,25,20,14,6,2,142,9,17,3,6,12,5,19,26,24,21,0,0,0,401,42
3608,142,136,4,7,7,6,13,27,30,27,19,21,17,12,15,13,11,11,5,4,14,15,5,11,24,41,0,1,11,185,47,40,20,11,2,1,1,122,20,14,7,4,6,7,11,20,14,19,0,0,23,255,15
3609,375,404,20,8,3,28,47,67,66,59,57,50,41,30,18,23,40,47,35,35,64,41,3,35,31,150,2,6,25,527,134,102,44,14,11,4,3,312,36,36,18,20,28,14,40,45,28,47,0,0,150,629,32
3610,230,269,14,8,5,19,36,48,55,40,30,30,40,20,12,35,21,15,15,8,12,36,7,57,7,98,0,1,21,308,102,81,29,17,6,3,4,242,13,34,16,18,23,23,28,25,29,33,0,0,0,499,30
3611,96,128,7,7,2,14,23,14,19,17,24,14,7,16,3,7,12,9,3,1,10,15,1,10,31,42,0,4,8,128,27,32,16,7,4,2,3,91,10,8,11,6,9,15,14,5,4,9,0,0,0,224,16
3612,5,7,2,0,0,1,0,0,2,3,0,2,0,0,1,0,0,0,0,0,0,1,0,0,1,8,0,0,0,3,3,2,0,0,1,0,0,6,1,0,0,0,3,0,0,2,0,0,0,0,0,12,1
3613,267,270,41,12,7,36,25,51,40,43,28,33,33,28,19,23,22,32,20,5,15,24,4,44,2,78,1,6,8,394,36,105,40,20,13,3,1,218,23,18,20,19,14,33,26,13,21,31,0,0,0,537,37
3614,132,133,15,4,0,16,8,35,39,22,23,16,18,13,5,10,8,7,2,4,2,18,0,10,1,35,0,0,5,214,43,45,21,7,3,3,1,123,8,10,12,7,5,6,10,20,16,29,0,0,0,265,14
3615,0,0,0,0,0,0,0,0,0,0,0,0,0,0,0,0,0,0,0,0,0,0,0,0,0,0,0,0,0,0,0,0,0,0,0,0,0,0,0,0,0,0,0,0,0,0,0,0,0,0,0,0,0
3616,50,61,4,5,5,8,9,14,8,4,2,5,10,9,4,5,7,1,3,0,1,7,1,0,27,55,0,0,8,20,13,8,4,8,3,1,2,39,6,0,0,0,11,2,8,6,4,2,0,0,0,111,14
3617,121,108,10,7,4,31,19,14,18,17,12,16,15,9,4,8,11,14,0,3,3,14,0,20,2,38,0,1,10,158,20,37,19,7,3,3,2,91,8,17,6,6,9,7,10,10,10,8,0,0,0,229,15
3618,94,98,13,7,6,16,8,8,9,9,18,13,14,8,6,12,13,13,5,4,6,4,2,11,5,16,0,0,4,154,22,30,11,10,5,2,0,80,4,7,6,10,3,23,7,2,2,16,0,0,0,192,17
3619,731,706,132,49,58,118,80,130,114,93,69,73,64,129,18,46,69,46,15,13,28,93,8,319,274,451,7,4,73,301,48,85,77,80,64,34,16,404,18,43,12,7,75,12,65,84,45,43,0,0,16,1421,194
3620,220,227,20,18,15,35,27,30,24,22,31,32,31,38,12,17,18,22,7,10,6,32,1,62,6,140,1,0,10,227,23,50,32,24,9,9,4,151,6,10,12,18,6,38,10,11,13,27,0,0,0,447,46
3621,263,283,16,11,4,28,26,65,66,51,41,36,26,25,15,18,33,17,15,4,11,38,3,4,2,93,5,0,11,428,88,95,35,21,5,5,3,252,21,27,11,17,19,9,41,25,31,51,0,0,0,546,34
3622,127,120,10,3,4,7,21,18,12,13,22,14,11,18,11,19,20,16,8,0,8,12,3,6,0,27,0,0,1,210,27,36,18,10,5,2,2,100,4,12,6,13,4,18,12,11,4,16,0,0,0,247,19
3623,368,385,59,22,16,50,51,45,34,25,45,63,45,52,25,39,36,41,39,16,19,31,4,90,27,191,2,3,9,427,29,95,41,42,24,3,8,242,8,23,15,38,8,64,13,18,15,40,0,0,38,715,77
3624,74,80,6,5,2,12,11,7,17,19,9,3,13,9,3,10,8,3,1,1,2,13,0,8,2,23,0,1,10,110,16,31,5,5,3,3,1,64,5,10,6,5,7,2,7,4,6,12,0,0,0,154,12
3625,59,66,7,3,4,8,7,9,13,6,9,9,9,4,6,1,8,9,4,2,3,4,0,18,0,8,0,1,2,96,16,23,7,5,2,2,0,55,3,8,4,8,12,5,5,3,2,5,0,0,0,125,9
3626,825,819,130,65,47,131,154,125,132,98,110,92,62,132,26,40,66,43,25,17,21,128,12,344,322,522,3,9,66,366,49,111,111,108,62,34,12,487,26,47,9,9,96,19,75,94,51,61,0,0,0,1644,216
3627,208,227,17,15,8,28,27,36,35,26,27,29,31,22,14,13,19,16,21,11,10,30,0,34,1,86,2,1,13,298,34,58,34,24,11,0,4,165,13,15,13,20,14,30,14,16,11,19,0,0,0,435,39
3628,0,0,0,0,0,0,0,0,0,0,0,0,0,0,0,0,0,0,0,0,0,0,0,0,0,0,0,0,0,0,0,0,0,0,0,0,0,0,0,0,0,0,0,0,0,0,0,0,0,0,0,0,0
3629,149,147,13,7,7,20,17,24,18,25,21,18,21,11,9,14,19,12,10,8,9,13,0,4,0,13,1,1,15,262,31,63,20,8,6,0,2,130,5,14,17,24,4,31,8,9,9,9,0,0,0,296,16
3630,0,0,0,0,0,0,0,0,0,0,0,0,0,0,0,0,0,0,0,0,0,0,0,0,0,0,0,0,0,0,0,0,0,0,0,0,0,0,0,0,0,0,0,0,0,0,0,0,0,0,0,0,0
3631,212,252,17,10,4,29,31,32,39,38,26,28,38,33,12,14,27,21,12,7,14,32,5,18,63,95,2,1,6,274,66,80,29,15,5,3,6,204,16,23,19,20,23,18,38,8,9,30,0,0,0,464,29
3632,120,105,7,9,3,12,14,29,20,12,14,7,10,7,7,10,21,9,6,6,4,18,2,8,0,37,0,2,8,168,30,36,15,12,3,2,0,98,10,6,4,7,9,8,14,16,11,13,0,0,3,222,17
3633,300,333,40,19,12,55,43,58,37,35,34,51,42,50,13,16,29,20,9,13,11,46,2,21,95,285,3,8,26,193,34,64,40,40,16,12,4,210,24,17,8,12,19,8,22,43,31,26,0,0,7,626,72
3634,106,134,7,5,5,12,21,27,16,9,16,15,16,10,7,11,11,14,9,4,6,19,6,18,2,33,0,2,1,178,18,29,20,16,4,2,1,90,3,8,7,18,4,14,6,4,7,19,0,0,0,240,23
3635,2,4,0,1,0,0,0,0,0,1,1,0,1,2,0,0,0,0,0,0,0,0,0,1,2,2,0,0,0,1,0,0,0,0,0,0,0,0,0,0,0,0,0,0,0,0,0,0,0,0,6,0,0
3636,333,331,52,18,27,48,53,57,53,40,30,40,35,61,15,28,27,13,12,12,7,36,8,24,176,345,0,3,29,79,66,47,36,35,21,17,6,228,48,11,4,6,60,3,36,25,20,15,0,0,0,664,79
3637,2,19,0,2,1,1,2,1,4,2,4,1,1,0,0,0,1,0,0,0,0,1,0,0,2,6,0,0,0,13,0,0,0,0,0,0,0,0,0,0,0,0,0,0,0,0,0,0,0,0,21,0,0
3638,271,247,43,28,10,36,52,39,17,29,36,26,30,32,9,14,25,22,24,9,6,31,3,40,67,247,0,2,19,140,26,47,37,20,20,11,5,166,8,12,11,9,27,1,36,16,24,22,0,0,0,518,56
3639,215,224,19,11,2,16,28,52,51,43,31,21,30,15,10,18,15,21,10,3,9,34,3,8,4,79,1,4,12,328,76,72,32,17,5,1,3,206,21,16,15,13,25,7,22,24,37,26,0,0,0,439,26
3640,127,124,25,12,7,20,15,10,21,26,11,13,12,24,10,8,11,4,0,1,1,20,1,82,43,85,3,0,3,34,11,18,12,16,14,3,2,76,22,0,1,2,14,7,13,5,3,9,0,0,0,251,35
3641,0,0,0,0,0,0,0,0,0,0,0,0,0,0,0,0,0,0,0,0,0,0,0,0,0,0,0,0,0,0,0,0,0,0,0,0,0,0,0,0,0,0,0,0,0,0,0,0,0,0,0,0,0
3642,542,528,50,25,19,61,56,78,112,83,64,80,68,61,26,32,58,52,29,12,25,79,2,70,16,239,2,2,32,707,153,145,69,44,17,7,13,448,30,40,49,50,66,40,59,38,27,49,0,0,11,1059,81
3643,203,205,18,4,7,26,22,37,37,35,38,26,30,24,8,14,19,15,7,10,3,28,7,8,40,76,0,4,15,258,59,69,30,11,10,2,2,183,23,20,13,23,14,26,23,7,7,27,0,0,0,408,25
3644,629,651,82,49,30,99,116,85,88,98,64,68,66,92,28,42,59,36,19,17,17,125,4,56,78,772,1,7,27,335,78,117,66,76,41,28,11,417,19,52,14,10,90,5,61,57,38,71,0,0,0,1280,156
3645,748,753,80,51,51,130,127,105,110,90,73,89,86,116,30,46,71,45,23,19,27,132,7,57,421,717,4,4,85,206,141,132,76,78,53,27,16,523,109,8,10,10,152,11,82,62,38,41,0,0,1,1500,174
3646,680,678,59,29,24,83,76,98,121,122,94,100,84,79,33,61,70,63,31,17,22,92,4,109,20,192,2,6,32,993,199,208,85,64,24,5,9,594,57,60,49,57,93,52,69,57,49,51,0,0,11,1347,102
3647,391,410,41,29,31,57,85,49,57,51,52,43,38,67,9,29,35,19,24,14,8,63,3,46,47,507,0,2,16,180,37,68,52,38,33,14,7,249,22,28,13,9,46,4,24,34,25,44,0,0,12,789,92
3648,442,405,25,14,15,58,72,54,85,66,51,49,61,38,19,37,39,35,27,23,33,46,5,92,10,97,3,3,12,625,179,151,49,27,9,3,6,424,12,57,54,50,69,42,33,27,22,58,0,0,0,847,45
3649,129,135,14,0,5,20,20,20,29,19,26,12,24,13,7,6,12,5,7,5,6,14,3,8,3,37,0,1,5,207,49,34,14,5,6,0,4,112,1,17,17,8,15,5,8,11,9,21,0,0,23,241,15
3650,186,179,21,3,3,28,30,26,35,28,24,18,22,12,10,9,20,17,12,11,9,27,0,44,7,42,1,4,1,266,78,53,18,17,6,2,2,176,3,37,15,25,29,19,13,8,8,19,0,0,0,365,27
3651,97,101,10,6,3,14,17,17,25,8,10,13,7,15,4,6,13,10,6,4,3,7,0,20,2,36,0,0,1,139,32,36,6,11,3,0,2,90,3,15,11,10,14,10,3,8,7,9,0,0,0,198,16
3652,0,0,0,0,0,0,0,0,0,0,0,0,0,0,0,0,0,0,0,0,0,0,0,0,0,0,0,0,0,0,0,0,0,0,0,0,0,0,0,0,0,0,0,0,0,0,0,0,0,0,0,0,0
3653,423,416,34,23,18,56,52,64,68,53,60,72,50,70,24,29,29,35,21,17,13,51,2,21,72,251,3,2,43,445,88,121,58,35,13,15,5,335,17,53,27,29,29,45,35,12,20,68,0,0,0,839,68
3654,607,602,88,48,38,90,100,103,88,75,72,69,82,85,26,46,55,40,11,15,15,63,8,123,127,556,2,1,30,362,76,142,65,62,39,19,12,415,60,21,11,13,95,18,55,59,45,38,0,0,0,1209,132
3655,733,757,107,59,47,122,103,82,104,95,97,101,81,128,35,35,66,49,30,25,19,105,12,213,164,762,1,3,42,293,72,111,97,88,52,32,12,464,80,17,16,17,74,12,93,78,27,50,0,0,3,1487,184
3656,0,1,0,0,0,0,0,1,0,0,0,0,0,0,0,0,0,0,0,0,0,0,0,0,1,0,0,0,0,0,0,0,0,0,0,0,0,0,0,0,0,0,0,0,0,0,0,0,0,0,1,0,0
3657,70,87,16,5,1,9,11,12,22,11,9,10,10,8,5,8,6,2,0,3,1,8,0,2,1,26,1,3,7,117,18,18,12,10,2,0,2,62,11,5,3,5,5,3,8,7,5,10,0,0,0,157,14
3658,88,115,7,9,7,14,18,12,15,15,9,15,24,6,4,10,10,5,5,4,3,11,3,26,2,14,0,0,8,150,20,24,16,11,2,3,2,78,3,8,9,16,3,14,2,8,6,9,0,0,0,203,18
3659,105,97,8,7,6,14,12,12,13,4,8,16,8,16,9,8,14,18,11,3,2,13,3,8,4,7,0,8,1,171,18,22,8,16,8,2,0,74,3,5,9,13,2,15,5,7,8,7,0,0,0,202,26
3660,126,101,14,7,2,15,15,16,15,18,18,12,20,12,3,6,12,12,10,6,5,9,1,16,10,24,3,2,13,158,26,34,14,14,7,0,0,95,10,8,2,12,13,8,16,10,8,8,0,0,0,227,21
3661,718,701,107,69,51,120,103,109,101,89,86,76,82,101,21,44,56,31,29,27,18,99,7,210,127,850,1,4,22,198,48,93,100,85,45,30,17,418,53,22,14,17,69,12,78,86,28,39,0,0,0,1419,177
3662,150,148,14,9,4,14,23,20,16,23,20,16,15,20,6,12,19,21,15,7,10,14,4,29,2,63,1,1,5,193,30,52,15,15,2,4,3,121,3,12,12,15,2,35,9,5,8,20,0,0,0,298,24
3663,649,622,83,50,44,108,123,96,67,69,70,62,90,84,31,46,57,54,27,21,27,62,4,88,225,464,8,5,36,441,72,130,85,76,37,20,9,429,42,37,32,17,38,17,58,80,50,58,0,0,0,1271,142
3664,0,0,0,0,0,0,0,0,0,0,0,0,0,0,0,0,0,0,0,0,0,0,0,0,0,0,0,0,0,0,0,0,0,0,0,0,0,0,0,0,0,0,0,0,0,0,0,0,0,0,0,0,0
3665,426,393,41,15,9,54,53,67,70,61,53,48,55,55,21,33,53,38,21,12,16,44,4,33,39,236,1,5,37,464,95,125,57,36,14,7,6,340,21,56,21,25,31,56,30,12,30,58,0,0,0,819,63
3666,229,232,15,11,8,30,34,38,54,37,25,28,27,30,11,9,26,21,9,4,9,35,1,12,2,135,3,2,21,285,61,81,28,12,11,0,6,199,19,14,10,11,16,7,17,18,29,58,0,0,0,461,29
3667,214,258,45,18,11,37,47,38,24,30,28,26,24,29,9,19,13,15,12,3,8,36,3,29,68,191,1,5,15,160,30,33,32,34,16,8,2,155,13,19,8,16,17,6,14,20,18,24,0,0,0,472,60
3668,0,0,0,0,0,0,0,0,0,0,0,0,0,0,0,0,0,0,0,0,0,0,0,0,0,0,0,0,0,0,0,0,0,0,0,0,0,0,0,0,0,0,0,0,0,0,0,0,0,0,0,0,0
3669,92,79,7,6,3,7,10,14,11,13,14,9,8,20,7,3,12,6,6,4,5,6,1,3,0,8,0,1,16,142,13,22,17,9,3,2,0,66,5,6,7,14,1,8,5,10,2,8,0,0,0,171,14
3670,689,645,92,51,31,84,126,87,81,77,83,91,87,105,34,32,78,38,33,15,18,91,7,504,147,462,0,2,44,168,81,102,79,68,66,15,15,426,45,36,12,11,61,2,62,55,48,94,0,0,0,1334,164
3671,200,193,14,7,9,15,33,29,37,37,28,21,28,16,5,9,25,22,17,8,8,25,8,6,34,61,0,2,15,267,72,70,24,13,7,1,2,189,23,16,16,22,21,19,31,4,17,20,0,0,0,393,23
3672,184,193,33,8,6,27,22,36,17,20,28,18,22,24,13,10,26,22,13,0,5,27,3,7,3,60,0,1,14,289,34,40,29,18,7,6,4,138,8,16,13,17,9,24,17,14,4,16,0,0,0,377,35
3673,347,336,49,20,5,54,56,45,66,50,40,39,37,48,19,22,29,28,12,2,21,41,3,69,13,132,5,2,28,431,64,86,42,40,17,7,4,260,26,38,13,11,19,32,36,31,21,33,0,0,0,683,68
3674,144,149,12,4,3,13,12,26,35,20,21,19,20,13,7,9,19,15,17,7,13,8,0,25,3,32,2,1,3,227,68,50,13,17,2,0,1,151,5,21,12,19,19,18,6,11,15,25,0,0,0,293,20
3675,0,0,0,0,0,0,0,0,0,0,0,0,0,0,0,0,0,0,0,0,0,0,0,0,0,0,0,0,0,0,0,0,0,0,0,0,0,0,0,0,0,0,0,0,0,0,0,0,0,0,0,0,0
3676,122,128,15,6,5,10,13,23,22,24,20,18,18,19,2,7,16,8,5,2,3,14,1,23,2,40,2,1,2,179,52,33,15,12,5,1,1,119,12,7,8,14,14,4,12,10,15,23,0,0,0,250,19
3677,440,387,57,26,27,47,65,61,56,43,48,68,48,56,15,30,35,27,23,16,14,65,2,56,44,482,1,1,14,227,47,86,53,41,28,17,5,277,21,34,8,10,56,2,33,41,31,41,0,0,0,827,91
3678,77,72,9,3,2,2,11,11,12,6,13,12,10,7,2,3,12,9,7,2,5,11,0,13,3,22,1,0,9,101,21,21,16,7,2,0,0,67,7,13,4,3,2,10,8,11,3,6,0,0,0,149,9
3679,284,292,40,23,11,41,31,43,50,40,41,31,43,46,10,15,24,21,6,8,8,44,3,31,45,346,1,1,14,135,27,51,39,37,15,8,7,184,12,30,9,5,38,2,27,21,16,24,0,0,0,576,67
3680,190,188,19,19,15,31,26,21,32,27,20,30,18,33,7,11,19,8,9,4,3,26,2,8,27,250,1,0,8,82,17,31,30,26,8,4,5,121,6,17,6,2,28,1,19,13,10,19,0,0,0,378,43
3681,234,222,32,22,11,27,29,27,36,36,34,20,26,33,16,18,22,20,6,6,7,28,3,39,11,101,1,1,15,285,51,49,32,26,10,7,2,177,18,17,9,10,19,25,24,25,7,23,0,0,0,456,45
3682,424,384,54,40,25,59,76,50,51,35,39,50,52,52,20,19,39,28,21,15,24,59,6,25,139,394,0,1,23,220,40,50,42,33,25,23,9,222,17,8,0,5,48,2,42,49,25,26,0,0,75,733,90
3683,211,209,25,8,9,18,29,19,39,48,36,35,36,31,10,14,16,13,11,4,6,13,1,16,61,86,1,0,12,243,65,64,30,20,4,2,3,188,18,24,9,18,17,30,30,8,12,22,0,0,0,420,29
3684,55,54,4,2,1,6,9,9,1,6,10,7,13,7,3,5,7,5,2,2,5,5,1,9,0,16,2,0,6,75,29,18,3,4,1,1,1,57,2,9,3,3,8,9,4,6,4,9,0,0,0,109,7
3685,391,365,58,23,15,78,65,53,43,44,46,42,50,57,20,23,33,21,10,8,20,47,4,60,82,313,0,1,36,260,41,79,47,42,24,13,6,252,12,18,14,14,45,5,54,23,23,44,0,0,0,756,85
3686,150,139,19,5,4,10,15,23,16,18,13,25,22,27,5,15,12,18,11,4,11,16,0,12,9,36,0,0,8,224,25,37,15,19,6,4,2,108,6,12,7,14,1,25,12,5,7,19,0,0,0,289,31
3687,218,197,22,9,9,33,34,31,40,31,22,26,29,24,11,11,14,7,16,9,12,25,2,53,112,158,4,2,21,63,31,42,29,27,12,5,2,148,34,9,4,5,29,3,19,17,14,14,0,0,0,415,46
3688,228,250,18,13,4,31,36,43,31,19,31,26,28,25,10,13,32,26,15,18,23,36,4,45,9,52,5,3,12,348,30,61,39,26,10,5,3,174,6,25,25,22,8,28,16,6,14,24,0,0,0,478,44
3689,145,140,17,10,7,21,15,19,22,21,18,18,20,19,6,12,14,15,6,8,5,12,0,1,0,36,0,1,13,234,31,37,21,21,3,3,0,116,10,13,19,19,6,17,9,10,5,8,0,0,0,285,27
3690,101,108,9,4,4,14,20,15,18,14,10,24,11,16,5,7,12,3,2,5,5,11,2,5,36,93,1,4,1,67,14,19,14,16,5,3,1,72,9,10,6,3,9,5,10,12,2,6,0,0,0,209,25
3691,0,0,0,0,0,0,0,0,0,0,0,0,0,0,0,0,0,0,0,0,0,0,0,0,0,0,0,0,0,0,0,0,0,0,0,0,0,0,0,0,0,0,0,0,0,0,0,0,0,0,0,0,0
3692,0,0,0,0,0,0,0,0,0,0,0,0,0,0,0,0,0,0,0,0,0,0,0,0,0,0,0,0,0,0,0,0,0,0,0,0,0,0,0,0,0,0,0,0,0,0,0,0,0,0,0,0,0
3693,38,35,5,2,0,5,2,4,4,5,8,5,5,0,3,3,6,4,3,3,3,3,0,3,0,3,0,1,1,65,7,15,8,3,0,0,0,33,2,4,3,2,1,8,2,3,2,6,0,0,0,73,3
3694,0,0,0,0,0,0,0,0,0,0,0,0,0,0,0,0,0,0,0,0,0,0,0,0,0,0,0,0,0,0,0,0,0,0,0,0,0,0,0,0,0,0,0,0,0,0,0,0,0,0,0,0,0
3695,0,0,0,0,0,0,0,0,0,0,0,0,0,0,0,0,0,0,0,0,0,0,0,0,0,0,0,0,0,0,0,0,0,0,0,0,0,0,0,0,0,0,0,0,0,0,0,0,0,0,0,0,0
3696,129,124,13,3,5,17,20,21,26,13,16,11,16,17,7,12,13,16,5,5,5,12,3,13,0,33,1,2,15,186,19,46,18,11,7,0,1,102,9,9,11,19,4,21,6,13,5,5,0,0,0,253,19
3697,237,247,21,17,8,34,30,34,45,40,31,36,39,24,17,21,18,16,16,5,10,22,5,23,75,109,0,0,9,263,76,73,32,23,6,2,4,216,19,17,26,26,17,30,27,11,18,25,0,0,0,484,35
3698,1398,1338,215,134,90,232,247,210,186,137,135,145,145,257,60,75,86,71,57,33,42,179,9,404,286,1585,1,26,57,368,92,147,139,140,105,83,37,743,103,25,16,22,129,26,141,149,77,55,0,0,53,2683,365
3699,68,75,4,3,0,15,7,7,22,11,7,7,9,5,3,5,9,11,6,2,6,4,0,10,0,14,0,0,3,116,35,28,9,3,1,0,1,77,3,14,8,8,10,5,7,8,2,12,0,0,0,143,5
3700,379,374,49,23,11,64,51,72,66,49,42,37,40,50,15,21,35,28,19,13,13,55,1,115,258,177,2,4,28,168,49,72,51,41,27,14,3,257,29,40,8,3,31,6,45,38,24,33,0,0,0,753,85
3701,139,137,12,2,4,21,16,18,27,23,15,23,23,12,4,8,18,12,7,5,5,21,3,46,2,45,0,1,4,175,37,46,12,11,1,1,7,115,3,20,9,16,17,11,9,10,7,13,0,0,1,275,20
3702,147,146,25,7,5,26,12,32,26,17,16,18,19,21,4,14,15,6,4,4,6,16,4,20,5,30,1,0,12,221,27,30,24,13,11,2,2,109,12,9,4,8,9,12,22,10,10,13,0,0,0,293,28
3703,85,94,15,3,2,8,19,15,16,12,8,7,9,6,4,10,9,12,4,4,1,15,0,16,0,26,2,1,13,121,17,22,16,6,4,3,1,69,3,9,10,11,1,13,6,8,1,7,0,0,0,179,14
3704,0,0,0,0,0,0,0,0,0,0,0,0,0,0,0,0,0,0,0,0,0,0,0,0,0,0,0,0,0,0,0,0,0,0,0,0,0,0,0,0,0,0,0,0,0,0,0,0,0,0,0,0,0
3705,498,512,70,37,29,68,76,74,71,65,64,70,64,64,23,28,48,39,19,12,22,67,2,158,246,388,1,0,60,155,98,107,71,52,27,13,8,376,95,26,12,8,81,8,51,41,20,34,0,0,0,1010,100
3706,159,145,13,5,13,16,12,15,26,11,31,17,22,14,14,11,17,20,9,11,11,16,0,12,4,28,2,2,9,247,25,63,23,7,10,1,0,129,3,18,9,24,7,22,14,5,11,16,0,0,0,304,18
3707,112,104,12,6,7,8,12,14,23,22,10,13,18,17,5,4,14,14,7,1,2,7,0,26,6,26,0,0,2,156,42,35,10,7,5,2,1,102,1,21,5,8,19,12,8,8,8,12,0,0,0,216,15
3708,394,451,65,25,19,62,89,59,49,55,36,47,51,71,27,33,29,26,27,8,13,54,1,109,285,274,2,2,30,142,57,88,54,40,16,14,15,284,40,33,9,6,42,11,46,35,19,43,0,0,0,845,85
3709,1211,1193,195,120,67,209,177,181,159,148,154,126,136,218,42,57,81,56,40,20,32,186,16,77,387,1215,7,12,90,600,110,164,146,125,92,63,23,723,49,41,14,14,126,17,154,127,83,98,0,0,0,2404,303
3710,391,429,37,20,16,64,70,77,72,62,71,62,49,39,15,19,38,27,13,2,10,57,1,63,16,157,7,3,19,554,112,100,52,34,17,9,5,329,32,25,31,37,41,25,39,36,28,35,0,0,37,783,65
3711,813,805,90,67,31,138,126,117,122,107,93,76,121,116,41,58,71,63,41,15,21,104,10,160,156,527,5,4,96,660,129,183,107,82,41,23,16,581,43,62,17,30,59,23,81,82,71,113,0,0,0,1618,162
3712,244,224,23,11,13,33,24,27,31,22,25,35,29,20,16,25,29,30,14,9,22,30,3,11,0,80,0,1,12,361,37,73,29,22,10,6,3,180,12,27,13,21,7,39,16,11,10,24,0,0,0,468,41
3713,574,568,79,44,22,84,86,68,71,88,60,69,95,68,31,34,55,34,30,16,33,75,3,148,147,470,1,8,25,340,63,122,68,63,34,15,15,380,51,27,8,27,77,17,41,54,41,37,0,0,0,1142,127
3714,455,467,59,26,13,72,51,71,72,64,62,65,77,42,21,41,49,40,18,16,20,43,5,72,16,184,0,1,10,634,127,141,73,40,11,6,5,403,33,32,32,47,56,41,44,44,34,40,0,0,0,922,62
3715,474,413,68,30,37,63,59,67,67,58,48,37,58,62,34,29,50,26,19,6,15,54,0,351,118,277,3,1,36,101,41,78,56,53,25,19,8,280,26,21,7,5,48,4,33,28,44,64,0,0,2,885,105
3716,219,228,22,15,9,34,25,31,43,26,30,31,31,29,11,24,24,15,7,3,9,28,1,14,18,117,3,1,22,271,45,60,28,22,15,3,1,174,10,40,17,17,7,23,11,9,11,29,0,0,9,438,41
3717,267,294,35,11,11,41,43,36,42,36,54,32,46,36,12,19,29,15,13,7,11,32,2,17,32,155,2,1,28,324,55,78,42,29,12,3,2,221,10,40,19,23,22,32,20,9,14,32,0,0,14,547,46
3718,195,171,21,14,10,26,34,16,24,10,25,33,23,19,7,21,16,14,12,6,3,32,2,47,8,91,0,1,2,215,12,38,28,13,14,9,2,116,2,11,11,15,4,31,9,9,7,17,0,0,0,366,38
3719,7,7,1,1,0,2,0,1,1,0,2,1,1,1,1,0,0,0,0,0,0,2,0,1,6,1,0,0,0,6,0,0,0,0,0,0,0,0,0,0,0,0,0,0,0,0,0,0,0,0,14,0,0
3720,73,71,8,3,3,7,6,1,14,14,10,7,8,11,6,5,11,13,4,4,2,7,0,7,1,3,1,0,3,129,23,22,5,9,4,1,0,64,2,5,6,6,4,13,5,8,7,8,0,0,0,144,14
3721,100,107,16,3,5,15,13,16,14,6,15,12,20,6,11,7,11,9,9,3,4,12,1,28,5,50,1,0,4,118,5,27,16,11,4,3,2,68,3,5,6,4,4,13,5,4,10,14,0,0,0,207,20
3722,356,375,48,32,27,54,46,63,51,39,46,37,41,53,23,23,31,24,17,9,15,52,9,75,126,222,1,3,63,232,44,61,42,37,32,15,5,236,48,17,7,5,28,9,43,30,19,30,0,0,0,731,89
3723,316,332,35,16,14,64,45,39,51,48,37,30,31,47,23,25,38,16,18,16,10,45,3,72,14,65,2,2,21,469,71,77,57,26,21,6,1,259,28,29,9,20,25,34,24,37,21,32,0,0,0,648,54
3724,383,386,31,16,8,37,39,60,73,44,47,41,39,35,19,24,58,57,23,28,54,36,4,38,14,123,2,5,7,576,150,114,46,20,8,2,7,347,14,66,40,36,46,27,21,36,18,43,0,0,63,706,37
3725,220,212,21,17,10,19,23,25,27,23,31,28,28,19,10,25,39,20,15,12,18,22,2,39,3,53,1,2,9,323,32,82,28,19,10,3,1,175,4,25,17,23,9,37,15,11,13,21,0,0,0,432,33
3726,181,183,25,10,7,36,17,25,32,26,19,19,21,23,6,16,13,13,12,7,11,26,4,40,4,66,0,2,5,243,57,57,16,11,9,2,5,157,5,28,14,21,23,13,12,9,10,22,0,0,2,362,27
3727,647,628,89,58,46,89,81,101,82,76,90,74,84,80,35,40,43,40,29,9,21,108,4,145,190,567,0,12,37,320,60,102,89,70,39,28,11,399,10,67,23,17,51,15,35,45,55,81,0,0,8,1267,148
3728,343,342,47,23,24,54,49,34,46,41,43,39,40,57,24,26,29,20,15,6,15,53,9,81,83,268,1,2,13,228,33,50,46,42,21,18,3,213,5,26,12,12,21,6,27,24,30,50,0,0,7,678,84
3729,505,508,61,47,31,78,84,69,62,51,60,70,58,68,16,37,46,41,21,16,23,74,3,405,126,343,2,4,26,104,51,87,54,52,42,20,11,317,36,30,8,8,37,5,48,33,49,63,0,0,0,1013,125
3730,128,115,16,1,1,13,11,26,27,23,12,17,17,13,9,7,11,12,6,0,8,13,4,9,30,46,1,0,9,144,45,37,14,9,4,3,1,113,11,8,9,22,11,17,12,4,4,15,0,0,0,243,17
3731,130,126,6,4,3,21,13,22,22,19,17,18,22,8,9,9,7,14,6,7,10,19,5,15,9,38,1,0,2,186,35,31,11,14,5,0,1,97,2,14,12,10,18,9,4,10,3,15,0,0,36,220,20
3732,614,628,93,51,44,95,95,82,85,78,68,60,77,95,29,34,63,43,29,16,15,90,9,87,120,399,4,1,73,549,75,132,92,58,34,18,14,423,17,42,16,14,54,21,61,70,50,78,0,0,0,1242,124
3733,229,256,21,11,4,26,31,38,44,35,33,35,28,29,26,19,22,17,16,7,7,36,1,22,26,122,0,1,22,291,49,62,35,27,12,5,1,191,11,21,19,18,15,30,21,7,14,35,0,0,0,485,45
3734,864,852,116,63,58,139,139,124,107,84,96,94,82,120,58,66,87,44,48,32,31,128,14,171,220,678,4,9,82,538,88,155,113,97,52,33,15,553,31,43,20,19,111,10,101,88,61,69,0,0,11,1705,197
3735,250,231,30,16,12,30,21,38,48,48,32,32,28,33,10,12,24,22,8,5,4,28,2,54,6,73,2,2,30,312,42,62,37,29,14,3,0,187,21,21,8,9,18,23,20,23,12,32,0,0,0,481,46
3736,155,148,9,12,6,14,20,22,18,12,16,15,26,18,13,18,26,20,12,3,8,15,1,11,0,28,0,1,6,256,27,58,16,12,8,4,0,125,3,16,8,16,9,32,2,9,12,18,0,0,0,303,24
3737,125,94,4,5,3,10,21,19,27,21,9,18,12,13,1,5,12,10,6,2,5,16,2,22,1,35,0,0,0,159,47,30,10,9,4,2,1,103,6,12,10,8,12,12,6,11,7,19,0,0,6,213,16
3738,23,26,2,0,1,0,1,3,1,5,6,6,3,2,1,2,1,4,1,1,0,9,2,0,4,15,0,1,3,24,3,7,4,2,0,0,1,17,1,0,0,0,2,5,3,1,2,3,0,0,4,45,3
3739,504,462,62,43,29,88,77,68,48,58,44,53,68,89,20,35,36,35,29,15,17,52,9,101,114,394,5,4,41,298,44,69,54,53,36,25,9,290,19,39,29,26,14,6,35,39,38,45,0,0,6,960,123
3740,144,145,21,13,6,31,22,16,13,17,16,11,21,18,6,12,17,12,9,2,0,26,11,16,6,90,1,1,7,157,10,29,17,17,7,3,6,89,3,11,4,10,6,14,8,9,9,15,0,0,0,289,33
3741,149,176,26,7,10,20,15,25,33,16,13,18,27,24,2,8,18,16,12,10,9,16,2,38,41,128,0,1,3,112,13,20,16,19,10,11,4,93,2,11,3,4,8,6,17,18,14,10,0,0,0,325,44
3742,119,175,7,12,3,16,27,32,29,19,18,13,18,19,8,13,16,11,7,1,6,19,0,33,2,41,1,1,3,213,44,40,20,13,5,0,4,126,4,25,9,11,12,13,7,12,11,22,0,0,0,294,22
3743,171,180,21,15,7,30,23,21,16,14,15,18,29,28,12,26,18,13,11,4,9,21,7,16,11,79,1,2,4,231,8,41,20,23,10,6,3,111,2,17,5,10,4,29,8,5,13,18,0,0,0,351,42
3744,254,259,35,32,9,42,38,46,28,31,25,29,32,43,12,12,20,20,10,8,11,30,4,40,124,198,2,0,20,125,38,54,26,32,13,8,5,176,10,18,8,7,25,6,24,25,25,28,0,0,7,506,58
3745,291,317,33,17,10,55,42,57,31,34,34,38,38,34,14,25,33,36,20,14,20,23,1,60,8,84,1,2,14,438,50,97,43,23,23,2,2,240,3,35,25,31,14,46,22,16,10,38,0,0,0,608,50
3746,488,516,68,34,27,85,92,60,68,61,69,58,65,80,23,29,52,33,20,15,12,53,7,111,111,458,0,3,25,289,62,101,58,60,41,7,10,339,46,22,13,15,64,8,48,47,35,41,0,0,0,1004,118
3747,257,247,35,14,23,49,42,34,45,24,34,23,31,33,12,11,24,15,7,7,9,32,5,67,42,209,0,6,26,149,31,53,34,24,17,10,3,172,34,16,4,8,24,7,17,23,15,24,0,0,0,504,54
3748,0,0,0,0,0,0,0,0,0,0,0,0,0,0,0,0,0,0,0,0,0,0,0,0,0,0,0,0,0,0,0,0,0,0,0,0,0,0,0,0,0,0,0,0,0,0,0,0,0,0,0,0,0
3749,144,149,24,2,8,19,19,18,17,18,19,16,14,17,4,13,19,15,8,6,11,26,0,14,5,24,1,0,7,242,22,27,19,19,14,1,1,103,6,8,6,16,4,31,5,7,4,16,0,0,0,293,35
3750,534,589,71,30,31,98,91,100,84,68,71,64,74,94,33,23,31,39,21,12,9,79,6,155,332,364,2,7,43,214,66,115,82,52,29,14,18,376,43,45,12,12,51,15,55,45,54,44,0,0,0,1123,113
3751,682,659,103,50,33,79,71,105,104,101,86,69,81,89,39,45,82,42,32,23,28,79,9,116,56,192,6,5,55,902,128,157,97,73,38,17,3,513,51,58,21,43,57,66,60,64,34,59,0,0,0,1341,131
3752,1240,1131,177,104,82,231,165,160,131,115,141,138,151,153,79,86,114,93,43,18,29,161,10,165,261,981,7,14,94,839,95,190,145,151,70,50,24,725,84,82,45,46,109,31,87,63,78,100,0,0,16,2355,295
3753,11,8,0,0,0,1,3,1,3,2,2,2,1,0,0,0,0,0,1,0,0,3,0,1,0,3,0,0,0,15,0,5,3,0,0,0,0,8,2,0,1,1,2,0,1,1,0,0,0,0,0,19,0
3754,248,258,44,22,13,36,23,40,45,24,31,29,28,32,9,22,30,24,8,7,8,31,7,54,12,108,1,0,12,312,60,47,27,25,19,6,5,189,18,25,11,9,16,16,25,26,14,29,0,0,0,506,55
3755,159,171,25,10,7,16,24,22,38,20,26,20,16,21,4,15,12,11,9,6,8,20,1,20,8,51,3,3,10,234,39,36,21,19,6,7,1,129,21,18,3,4,14,14,19,18,7,11,0,0,0,330,33
3756,137,123,7,5,3,14,10,19,32,20,18,22,18,16,8,6,17,15,3,0,8,19,2,31,2,31,0,0,2,192,48,42,11,14,5,1,1,122,6,10,11,11,21,14,8,10,6,25,0,0,0,260,21
3757,222,239,37,12,7,29,31,15,28,35,25,26,32,37,14,18,25,31,17,9,10,23,0,16,10,168,1,3,12,251,21,65,27,22,15,7,3,160,18,15,10,19,8,16,21,12,11,30,0,0,0,461,47
3758,183,168,23,10,6,22,23,21,16,24,29,29,23,23,6,15,21,14,7,10,7,22,2,26,35,109,0,0,16,163,26,45,22,17,12,4,2,128,2,16,4,8,17,7,16,24,11,23,0,0,0,351,35
3759,405,427,56,29,33,55,59,57,64,57,59,44,52,54,10,20,51,28,18,16,9,61,7,109,101,201,4,2,31,377,43,82,58,44,26,17,5,275,24,35,22,21,22,23,30,34,27,37,0,0,0,832,92
3760,0,0,0,0,0,0,0,0,0,0,0,0,0,0,0,0,0,0,0,0,0,0,0,0,0,0,0,0,0,0,0,0,0,0,0,0,0,0,0,0,0,0,0,0,0,0,0,0,0,0,0,0,0
3761,605,588,91,34,27,93,81,87,91,75,73,75,75,96,26,45,44,37,25,22,24,72,6,122,124,531,1,8,44,357,90,154,66,51,39,16,12,428,53,28,20,14,81,22,58,56,32,64,0,0,0,1193,118
3762,262,269,38,18,10,44,37,35,35,32,40,31,40,28,15,16,27,21,19,10,5,30,3,39,18,132,1,1,10,327,23,72,39,24,12,6,5,181,8,11,23,31,12,47,4,14,8,23,0,0,12,519,47
3763,300,337,13,17,9,38,57,60,67,57,47,27,33,33,10,21,33,26,15,12,22,40,1,28,16,199,2,0,16,375,150,81,33,22,9,2,10,307,37,27,19,18,27,14,43,42,33,47,0,0,0,637,43
3764,293,247,26,8,4,19,35,48,61,38,33,37,32,46,19,20,18,27,12,13,20,24,5,30,18,126,2,1,9,349,127,71,19,20,9,3,6,255,23,26,21,21,25,13,33,42,22,29,0,0,23,517,38
3765,546,545,40,19,21,62,80,97,142,79,86,69,69,36,25,35,52,43,32,9,21,74,5,41,46,262,2,4,38,693,277,148,71,34,15,5,8,558,49,51,36,46,54,31,73,82,70,66,0,0,0,1091,62
3766,4,8,1,0,0,1,1,2,0,0,1,0,4,1,0,0,0,0,0,0,1,0,0,2,3,4,0,0,0,3,0,0,0,0,0,0,0,0,0,0,0,0,0,0,0,0,0,0,0,0,12,0,0
3767,128,126,9,6,6,17,16,11,16,12,14,17,28,2,9,18,27,11,11,2,15,7,3,5,2,18,0,0,8,218,25,45,23,13,1,1,0,108,5,11,12,20,4,22,13,5,4,12,0,0,7,247,15
3768,716,645,101,50,43,94,79,80,95,78,60,74,78,99,29,49,47,33,40,41,93,98,7,135,181,546,3,6,28,455,41,115,70,70,50,23,11,380,11,44,26,19,45,9,41,38,69,78,0,0,123,1238,154
3769,136,130,13,17,9,19,34,25,10,15,12,16,18,25,9,8,9,8,3,0,3,13,0,8,14,123,0,0,6,115,5,25,17,11,7,8,4,77,8,8,5,1,12,2,13,5,9,14,0,0,0,266,30
3770,112,123,8,12,8,18,18,12,11,12,13,16,19,10,5,11,20,12,6,1,11,12,1,13,0,31,1,1,5,183,25,33,14,13,6,2,1,94,5,8,12,13,3,25,7,3,3,15,0,0,0,235,22
3771,764,707,112,44,40,124,132,106,82,86,85,89,86,119,34,45,81,49,25,18,22,92,7,158,234,590,6,6,50,420,77,131,100,75,63,25,8,479,16,83,33,25,55,15,54,34,65,99,0,0,0,1471,171
3772,751,787,110,47,41,115,112,104,102,76,97,99,90,126,39,41,73,47,43,30,38,108,27,140,166,502,2,10,80,611,86,130,82,94,51,27,17,487,80,33,22,30,81,17,71,62,37,54,0,0,11,1527,189
3773,5,2,1,1,0,0,0,1,0,0,2,0,1,0,0,0,1,0,0,0,0,0,0,0,0,7,0,0,0,0,0,1,0,0,1,0,0,2,1,0,0,0,1,0,0,0,0,0,0,0,0,7,1
3774,20,37,3,2,1,3,4,11,8,5,2,1,4,2,1,2,1,5,1,0,0,1,0,8,0,15,0,0,0,34,11,8,1,2,1,1,1,25,1,4,5,0,5,4,0,1,3,2,0,0,0,57,5
3775,380,391,36,20,19,78,70,65,43,40,41,54,54,51,16,21,37,18,20,6,14,68,4,122,69,250,2,3,25,296,36,71,49,42,22,17,8,245,18,35,28,18,13,15,28,30,22,38,0,0,0,771,89
3776,38,279,0,2,70,169,33,23,9,4,1,1,0,0,0,0,0,0,1,1,3,0,5,22,41,59,1,2,14,173,0,0,0,0,0,0,0,0,0,0,0,0,0,0,0,0,0,0,0,265,52,0,0
3777,74,76,14,3,2,12,11,9,13,6,2,14,12,16,5,6,5,9,4,0,1,6,2,10,17,54,1,2,7,57,10,15,8,12,2,2,2,51,1,6,7,4,4,1,4,9,6,9,0,0,0,150,18
3778,123,133,11,8,4,19,23,21,16,11,11,11,18,9,9,14,18,10,14,4,14,11,0,1,5,21,0,2,2,225,39,46,21,4,6,0,2,118,11,7,13,18,9,23,7,11,12,7,0,0,0,256,12
3779,207,221,21,14,22,28,33,26,29,16,21,24,41,23,9,23,33,26,9,3,14,13,3,19,7,52,2,3,9,333,34,63,28,24,8,4,3,164,11,25,12,23,6,47,7,11,8,14,0,0,0,428,39
3780,218,187,25,11,11,33,25,34,33,22,23,24,28,32,7,13,23,14,8,3,5,31,5,73,39,102,1,1,15,169,24,43,27,18,20,7,0,139,19,21,6,14,7,11,12,14,16,19,0,0,0,405,45
3781,0,0,0,0,0,0,0,0,0,0,0,0,0,0,0,0,0,0,0,0,0,0,0,0,0,0,0,0,0,0,0,0,0,0,0,0,0,0,0,0,0,0,0,0,0,0,0,0,0,0,0,0,0
3782,376,362,36,20,18,43,50,56,62,40,57,45,55,30,22,37,44,30,20,9,13,51,3,25,37,179,5,3,33,453,73,111,56,41,11,5,3,300,15,51,20,24,24,42,30,14,28,52,0,0,0,738,60
3783,195,189,42,11,6,12,25,33,27,30,21,19,27,26,14,9,20,19,8,7,7,21,0,41,12,73,2,3,25,228,42,55,24,16,18,1,0,156,20,12,6,12,10,22,14,17,12,31,0,0,0,384,35
3784,0,0,0,0,0,0,0,0,0,0,0,0,0,0,0,0,0,0,0,0,0,0,0,0,0,0,0,0,0,0,0,0,0,0,0,0,0,0,0,0,0,0,0,0,0,0,0,0,0,0,0,0,0
3785,0,0,0,0,0,0,0,0,0,0,0,0,0,0,0,0,0,0,0,0,0,0,0,0,0,0,0,0,0,0,0,0,0,0,0,0,0,0,0,0,0,0,0,0,0,0,0,0,0,0,0,0,0
3786,340,315,34,18,13,47,37,51,58,54,60,44,46,39,18,24,27,23,11,4,9,38,5,50,2,186,2,4,17,389,100,94,44,28,8,6,6,286,33,21,19,23,26,35,20,39,32,38,0,0,0,655,48
3787,180,203,20,8,11,19,28,27,43,25,30,30,24,25,7,18,24,11,4,3,5,21,1,6,14,103,1,0,19,239,44,53,27,20,9,2,2,157,10,24,9,20,9,20,25,5,10,25,0,0,0,383,33
3788,455,452,54,27,13,61,58,68,88,69,66,69,64,60,23,27,26,24,25,13,14,58,4,48,14,255,3,5,35,543,113,114,52,36,20,13,11,359,46,33,23,34,29,40,33,47,41,33,0,0,0,907,80
3789,6,41,0,0,7,24,4,6,0,0,3,1,0,0,0,0,0,1,1,0,0,0,0,5,8,5,0,0,2,27,0,0,0,0,0,0,0,0,0,0,0,0,0,0,0,0,0,0,0,36,11,0,0
3790,115,108,10,5,1,10,13,16,25,13,25,16,17,13,7,6,14,7,5,3,3,14,0,1,20,67,1,1,10,123,26,35,23,7,6,0,0,97,5,20,5,10,5,11,7,5,11,18,0,0,0,223,13
3791,217,188,15,15,5,13,22,32,59,40,30,25,22,22,6,10,23,14,12,9,7,24,2,26,9,114,0,3,17,234,121,49,25,16,5,1,2,219,20,20,23,14,22,12,31,31,27,19,0,0,0,405,24
3792,315,287,28,15,10,32,37,59,67,56,38,23,30,50,20,12,34,18,15,10,11,37,5,48,13,141,0,2,39,354,139,78,32,19,9,4,8,289,32,28,23,25,22,15,40,40,29,35,0,0,0,602,40
3793,282,272,22,15,6,36,44,50,58,53,44,31,19,28,7,16,23,16,22,11,11,42,1,22,16,173,3,1,16,322,129,89,22,19,9,2,6,276,27,30,19,24,33,10,35,32,28,38,0,0,0,554,36
3794,679,656,120,47,34,101,103,109,84,93,71,85,65,68,44,36,64,39,32,19,21,100,15,94,238,677,5,8,26,272,73,133,76,68,36,27,19,432,41,43,24,23,55,16,54,77,41,58,0,0,0,1335,150
3795,140,150,11,9,4,14,18,32,10,10,19,25,22,13,12,9,24,15,13,6,5,19,1,25,5,36,0,2,8,213,32,49,16,11,7,3,2,120,5,11,8,15,3,26,11,12,9,20,0,0,0,290,23
3796,750,677,92,47,35,102,121,110,107,80,83,91,98,94,28,40,55,49,38,28,30,99,13,241,363,480,3,7,56,264,141,147,92,87,39,11,13,530,121,34,18,13,119,9,72,65,29,50,0,0,0,1427,150
3797,450,450,55,31,17,83,67,75,56,43,49,41,62,80,23,24,47,26,26,17,18,60,9,58,150,469,6,3,25,180,45,89,55,44,36,9,12,290,20,21,9,13,35,10,47,52,33,50,0,0,0,900,101
3798,0,0,0,0,0,0,0,0,0,0,0,0,0,0,0,0,0,0,0,0,0,0,0,0,0,0,0,0,0,0,0,0,0,0,0,0,0,0,0,0,0,0,0,0,0,0,0,0,0,0,0,0,0
3799,72,502,0,2,122,276,92,30,29,19,3,0,1,0,0,0,0,0,0,0,0,0,9,20,53,86,0,2,15,389,0,0,0,0,0,0,0,0,0,0,0,0,0,0,0,0,0,0,0,574,0,0,0
3800,312,282,35,16,11,45,32,34,25,22,33,29,45,24,29,24,45,35,30,20,30,30,5,17,10,28,1,5,10,518,64,116,32,24,11,6,2,255,21,21,24,29,27,48,17,24,20,24,0,0,0,594,43
3801,59,53,4,0,1,7,13,16,18,5,5,4,4,4,3,3,3,1,2,1,2,16,0,9,2,8,0,0,2,91,18,18,8,7,0,1,0,52,4,4,2,4,5,16,2,6,0,9,0,0,0,112,8
3802,137,147,24,11,4,21,20,28,27,11,20,18,20,8,6,10,13,13,6,3,6,15,0,31,7,49,0,1,11,185,25,38,22,19,7,1,0,112,12,11,7,3,12,14,15,24,6,8,0,0,0,284,27
3803,219,212,36,10,12,28,14,31,41,38,32,25,16,36,9,17,18,16,10,9,8,25,0,47,13,77,4,2,21,267,43,36,34,30,12,3,2,160,21,22,5,9,15,19,23,14,7,25,0,0,0,431,47
3804,1,1,0,0,0,0,2,0,0,0,0,0,0,0,0,0,0,0,0,0,0,0,0,0,0,0,0,0,0,2,0,1,0,0,0,0,0,1,0,0,0,0,0,0,0,0,0,1,0,0,0,2,0
3805,135,136,21,13,3,21,18,21,21,15,15,13,21,21,7,9,14,15,7,5,4,7,1,16,85,95,3,3,15,53,15,27,18,14,5,7,3,89,5,13,2,3,16,3,19,17,7,4,0,0,0,271,29
3806,217,207,26,20,11,47,22,29,29,20,23,18,42,23,4,16,23,14,16,11,11,19,11,25,7,96,2,2,10,271,21,50,30,25,11,7,2,146,2,22,12,14,9,25,15,12,8,27,0,0,0,424,45
3807,211,212,11,15,20,48,30,28,21,16,32,35,25,31,7,9,27,21,13,4,5,25,6,35,11,87,2,3,11,268,21,35,27,30,11,11,1,136,3,23,16,17,5,21,12,11,12,16,0,0,2,421,53
3808,499,577,78,35,26,83,87,79,76,67,63,63,65,82,30,41,60,45,19,17,14,46,7,16,54,498,3,7,24,467,71,109,76,52,33,19,6,366,36,61,14,15,45,19,61,36,37,42,0,0,25,1051,110
3809,571,516,73,37,33,94,87,96,76,63,61,50,46,69,26,36,47,40,28,26,28,71,7,105,108,394,4,7,45,417,42,57,55,48,42,26,8,278,14,51,20,16,12,7,46,43,29,40,0,0,144,943,124
3810,471,463,59,50,30,80,55,66,58,41,51,60,56,65,20,44,41,30,24,17,19,68,1,80,88,425,2,2,27,309,34,64,63,50,40,18,9,278,16,36,20,31,19,6,35,37,37,41,0,0,0,934,117
3811,567,550,66,42,22,76,90,101,64,61,53,70,79,91,33,38,58,38,25,18,20,72,6,127,436,284,6,7,25,226,63,124,80,67,30,10,10,384,54,52,17,8,39,21,57,46,36,54,0,0,7,1110,117
3812,0,0,0,0,0,0,0,0,0,0,0,0,0,0,0,0,0,0,0,0,0,0,0,0,0,0,0,0,0,0,0,0,0,0,0,0,0,0,0,0,0,0,0,0,0,0,0,0,0,0,0,0,0
3813,399,357,38,28,22,77,50,57,33,44,48,46,49,63,18,27,43,29,20,6,20,38,3,29,25,356,2,0,20,321,40,65,47,38,23,20,7,240,31,31,16,16,24,10,32,22,24,34,0,0,0,756,88
3814,212,208,45,12,20,38,24,36,30,24,26,29,12,43,12,16,6,8,6,3,3,27,2,23,43,273,0,2,8,69,13,20,30,24,20,11,2,120,24,4,2,3,22,4,20,16,11,14,0,0,0,420,57
3815,159,159,16,12,6,15,14,31,40,24,25,23,17,20,7,11,12,11,3,2,8,21,1,45,7,32,2,0,6,225,39,38,23,19,7,1,2,129,13,16,7,8,17,16,10,17,5,20,0,0,0,318,29
3816,254,294,26,84,30,36,35,30,22,24,27,36,36,24,20,14,24,22,15,6,12,25,1,21,21,218,2,5,14,266,17,60,30,26,7,3,5,148,23,25,8,10,12,7,14,12,13,24,0,0,122,426,41
3817,265,295,27,11,7,43,42,40,36,37,40,41,44,31,17,26,27,25,4,6,12,44,0,9,22,183,1,0,27,318,61,73,39,24,17,4,4,222,10,47,19,18,18,33,16,9,15,37,0,0,0,560,49
3818,310,329,24,6,6,38,53,79,58,50,48,32,32,36,19,19,29,16,17,21,20,36,1,69,39,114,5,7,29,375,153,77,34,24,8,7,6,309,70,11,13,11,61,6,33,40,34,30,0,0,4,635,45
3819,226,233,21,14,6,28,50,47,67,35,23,20,20,25,6,14,18,10,12,6,15,22,2,63,23,109,2,3,18,239,107,61,20,13,6,1,10,218,61,11,10,6,34,4,27,31,24,10,0,0,1,458,30
3820,147,134,8,3,4,17,19,30,38,22,25,13,14,20,4,5,12,8,11,3,4,21,2,22,7,59,0,2,7,182,54,40,20,10,5,1,2,132,11,17,13,17,13,12,7,16,10,16,0,0,0,281,18
3821,258,264,34,14,13,33,38,45,25,41,37,42,36,39,14,18,32,12,5,5,9,30,0,44,15,53,2,2,23,383,55,65,38,26,15,6,1,206,24,22,11,14,23,20,28,31,11,22,0,0,0,522,48
3822,620,585,94,63,36,86,82,92,85,65,88,68,57,94,36,33,47,33,19,15,24,88,5,134,143,554,5,2,31,331,93,111,60,61,45,28,9,407,52,25,24,24,76,19,57,57,33,40,0,0,0,1205,143
3823,358,376,36,38,16,56,53,55,42,36,35,47,52,43,15,32,43,31,27,14,20,43,4,25,5,103,1,3,11,582,66,100,47,38,17,11,3,282,17,37,19,46,13,65,23,13,12,37,0,0,0,734,69
3824,449,433,67,30,22,78,79,74,62,54,46,50,48,62,20,32,28,25,17,8,10,70,9,29,286,423,2,8,29,96,54,59,46,53,34,15,12,273,7,24,19,15,54,15,47,21,24,47,0,0,4,878,114
3825,384,363,37,19,14,42,45,48,76,61,50,59,45,55,18,21,41,19,9,14,6,68,9,43,15,205,2,3,8,462,81,92,54,31,17,9,7,291,38,14,23,20,32,40,16,32,33,43,0,0,0,747,64
3826,437,406,40,21,15,47,58,45,76,69,74,77,55,41,23,25,36,36,19,13,18,55,7,59,11,190,2,4,21,549,112,135,52,31,18,7,6,361,51,22,22,30,31,64,23,48,34,36,0,0,0,843,62
3827,662,652,98,52,41,127,121,69,87,75,63,91,69,77,27,39,55,52,28,14,30,99,11,81,149,585,1,11,49,427,50,100,79,74,46,26,18,393,40,45,27,24,43,13,61,45,39,56,0,0,0,1314,164
3828,1,2,1,0,0,0,0,1,0,1,0,0,0,0,0,0,0,0,0,0,0,0,0,0,1,0,0,0,0,2,0,0,0,0,0,0,0,0,0,0,0,0,0,0,0,0,0,0,0,0,3,0,0
3829,28,39,0,1,2,2,5,9,12,9,7,0,2,2,0,0,2,1,3,3,3,4,0,11,2,9,0,0,0,45,7,12,5,2,1,0,1,28,1,7,3,2,2,3,4,2,0,4,0,0,0,67,4
3830,174,159,16,7,5,35,46,38,34,22,14,12,16,20,7,11,11,6,6,3,6,18,3,32,5,76,3,2,24,188,36,48,25,14,4,7,1,135,15,15,9,16,17,15,7,10,12,19,0,0,0,333,26
3831,781,776,81,65,52,163,119,116,90,78,96,94,88,102,48,43,82,51,31,22,28,108,8,214,211,628,4,4,48,440,71,131,104,94,68,19,10,497,14,62,24,28,66,14,62,54,76,97,0,0,0,1557,191
3832,0,0,0,0,0,0,0,0,0,0,0,0,0,0,0,0,0,0,0,0,0,0,0,0,0,0,0,0,0,0,0,0,0,0,0,0,0,0,0,0,0,0,0,0,0,0,0,0,0,0,0,0,0
3833,582,632,78,42,32,113,103,93,70,79,65,84,65,68,38,32,72,36,34,21,20,69,9,88,206,610,0,2,27,272,71,132,65,65,32,21,17,403,27,25,19,18,43,29,67,53,56,66,0,0,2,1212,135
3834,0,0,0,0,0,0,0,0,0,0,0,0,0,0,0,0,0,0,0,0,0,0,0,0,0,0,0,0,0,0,0,0,0,0,0,0,0,0,0,0,0,0,0,0,0,0,0,0,0,0,0,0,0
3835,161,174,8,7,4,10,30,38,36,23,33,20,17,21,9,8,19,8,6,9,3,26,0,35,2,82,0,1,7,208,65,48,22,13,6,3,1,158,14,21,12,16,12,23,12,10,16,22,0,0,0,335,23
3836,0,0,0,0,0,0,0,0,0,0,0,0,0,0,0,0,0,0,0,0,0,0,0,0,0,0,0,0,0,0,0,0,0,0,0,0,0,0,0,0,0,0,0,0,0,0,0,0,0,0,0,0,0
3837,182,184,21,14,12,34,27,28,26,22,20,17,22,37,8,13,8,13,11,3,5,25,3,38,64,114,1,3,16,127,17,25,31,24,9,8,2,116,6,20,7,10,6,5,8,16,15,23,0,0,0,366,43
3838,92,95,9,5,3,9,12,14,13,14,8,12,12,12,7,10,14,5,5,6,4,13,0,37,10,30,1,0,3,106,20,19,11,8,7,1,3,69,6,11,5,2,6,5,17,7,4,6,0,0,0,187,19
3839,682,538,34,20,301,377,40,43,26,33,38,28,33,44,14,23,29,30,25,16,19,47,8,56,19,148,2,3,34,950,42,80,36,29,17,6,5,215,9,25,25,24,10,41,21,14,20,26,632,0,0,588,57
3840,25,32,4,5,3,2,5,4,5,8,1,5,3,2,1,1,0,1,0,0,3,4,0,4,1,17,0,0,2,33,5,8,3,2,2,0,1,21,2,5,2,4,0,3,1,0,1,3,0,0,0,57,5
3841,0,0,0,0,0,0,0,0,0,0,0,0,0,0,0,0,0,0,0,0,0,0,0,0,0,0,0,0,0,0,0,0,0,0,0,0,0,0,0,0,0,0,0,0,0,0,0,0,0,0,0,0,0
3842,1,1,0,0,0,0,0,0,0,0,0,0,0,0,1,0,1,0,0,0,0,0,0,0,0,1,0,0,0,1,0,0,0,0,0,0,0,0,0,0,0,0,0,0,0,0,0,0,0,0,2,0,0
3843,339,352,39,18,8,57,46,58,47,46,43,35,53,40,11,31,28,29,25,21,20,36,2,92,269,163,4,3,17,141,50,86,50,34,23,7,3,253,35,37,7,7,31,6,37,29,28,36,0,0,0,691,67
3844,421,861,23,35,14,62,77,80,115,128,135,173,132,34,56,30,48,36,24,18,33,29,10,89,207,239,2,4,32,699,94,48,20,16,6,2,5,191,53,11,5,10,32,7,21,22,13,17,0,0,886,396,29
3845,290,288,15,19,12,17,43,73,75,51,46,25,32,35,11,9,25,19,11,8,18,34,4,53,24,150,0,7,20,320,165,76,30,18,4,1,8,302,77,18,9,12,53,6,28,41,27,31,0,0,8,570,31
3846,118,110,12,3,0,14,18,25,18,11,2,7,20,16,10,3,14,16,9,7,11,12,0,5,6,21,1,2,0,193,25,46,11,10,2,2,2,98,8,5,6,16,10,27,4,8,7,7,0,0,0,228,16
3847,0,0,0,0,0,0,0,0,0,0,0,0,0,0,0,0,0,0,0,0,0,0,0,0,0,0,0,0,0,0,0,0,0,0,0,0,0,0,0,0,0,0,0,0,0,0,0,0,0,0,0,0,0
3848,347,382,18,14,19,72,55,73,71,61,51,41,42,39,17,20,24,27,14,11,14,46,5,63,15,184,1,1,16,444,124,112,50,29,7,4,7,333,30,44,23,36,42,45,18,28,17,50,0,0,0,729,47
3849,954,887,119,58,43,126,154,140,143,136,95,109,115,143,42,49,73,59,41,22,39,135,5,259,464,762,6,14,94,237,143,179,121,105,57,24,16,645,151,56,19,22,145,7,82,75,34,54,0,0,0,1841,202
3850,13,9,0,0,1,4,2,0,6,0,3,1,0,0,1,0,0,1,1,0,0,2,0,0,0,9,0,0,0,13,6,3,2,1,0,0,0,12,3,2,0,2,1,1,1,0,0,2,0,0,0,22,1
3851,0,1,0,0,0,0,0,0,0,0,0,0,0,0,0,0,0,0,0,1,0,0,0,0,0,0,0,0,0,1,0,0,0,0,0,0,0,0,0,0,0,0,0,0,0,0,0,0,0,0,1,0,0
3852,73,64,4,6,3,10,16,14,12,9,11,4,10,5,5,3,9,3,1,1,1,10,1,6,0,34,0,1,3,92,21,19,8,3,4,1,2,58,6,4,6,3,8,14,2,6,1,8,0,0,0,137,10
3853,5,3,0,0,0,3,0,0,2,0,0,1,0,1,0,0,0,0,0,0,0,1,0,0,0,1,0,1,0,6,1,0,1,1,0,0,0,3,0,0,0,0,1,0,1,1,0,0,0,0,0,8,1
3854,0,0,0,0,0,0,0,0,0,0,0,0,0,0,0,0,0,0,0,0,0,0,0,0,0,0,0,0,0,0,0,0,0,0,0,0,0,0,0,0,0,0,0,0,0,0,0,0,0,0,0,0,0
3855,0,0,0,0,0,0,0,0,0,0,0,0,0,0,0,0,0,0,0,0,0,0,0,0,0,0,0,0,0,0,0,0,0,0,0,0,0,0,0,0,0,0,0,0,0,0,0,0,0,0,0,0,0
3856,262,244,38,19,14,58,43,31,38,28,24,25,25,38,7,17,23,15,10,7,8,38,4,45,31,267,1,3,20,135,17,28,30,28,20,15,5,143,11,18,17,14,8,4,11,20,11,29,0,0,0,506,68
3857,89,81,5,4,3,8,7,18,21,23,12,3,6,17,2,6,7,3,4,0,3,18,0,8,2,11,0,2,12,135,35,26,12,4,5,1,0,83,2,9,8,12,7,10,4,12,8,11,0,0,0,170,10
3858,782,793,62,35,31,85,110,130,206,133,106,99,94,97,28,39,65,45,37,21,35,117,8,166,77,417,6,5,34,862,328,178,85,52,21,4,23,691,107,78,49,42,93,63,59,53,34,113,0,0,109,1466,100
3859,489,501,68,26,26,78,84,80,65,51,56,63,57,66,24,29,44,36,16,18,21,82,5,132,100,368,0,4,58,323,63,73,56,49,33,22,15,311,62,14,10,16,61,15,47,31,29,26,0,0,0,990,119
3860,0,1,0,0,0,0,0,0,0,0,1,0,0,0,0,0,0,0,0,0,0,0,0,0,0,0,0,0,0,1,0,0,0,0,0,0,0,0,0,0,0,0,0,0,0,0,0,0,0,0,1,0,0
3861,0,0,0,0,0,0,0,0,0,0,0,0,0,0,0,0,0,0,0,0,0,0,0,0,0,0,0,0,0,0,0,0,0,0,0,0,0,0,0,0,0,0,0,0,0,0,0,0,0,0,0,0,0
3862,271,290,40,20,15,32,42,46,38,30,36,37,37,38,11,20,28,24,11,8,11,37,2,19,32,244,1,4,15,244,23,49,38,35,24,11,0,180,19,31,11,6,23,10,24,16,21,19,0,0,0,561,70
3863,66,82,3,1,1,12,8,10,15,7,6,8,16,6,6,4,8,7,3,3,14,10,1,15,7,53,0,1,5,66,35,15,5,6,2,0,4,67,10,6,5,4,11,5,7,8,2,9,0,0,0,148,12
3864,44,49,8,0,0,6,4,8,14,4,13,4,2,5,1,4,2,3,2,1,1,11,0,5,3,29,0,0,1,55,25,14,2,2,0,0,3,46,7,3,2,2,10,7,5,3,3,4,0,0,0,93,5
3865,4,2,0,0,0,1,0,0,0,0,0,0,1,1,0,0,1,1,1,0,0,0,0,0,0,0,0,0,0,6,2,0,0,1,0,0,0,3,0,0,1,0,1,1,0,0,0,0,0,0,0,6,1
3866,331,366,27,16,13,23,42,55,77,56,66,48,51,44,22,23,25,25,19,12,13,40,4,45,12,136,1,1,9,489,107,91,41,28,14,5,3,289,30,24,9,28,23,49,23,41,31,31,0,0,49,648,50
3867,318,343,34,22,23,35,47,55,55,36,46,44,47,47,21,18,36,20,15,9,9,42,1,22,16,193,4,3,34,388,56,84,59,22,13,7,8,249,11,41,17,22,24,43,15,19,16,41,0,0,0,661,50
3868,111,99,20,7,5,21,12,25,11,5,15,18,11,12,5,7,9,7,8,4,4,4,15,4,0,96,0,3,7,85,17,22,16,5,8,4,2,74,7,18,2,3,12,3,9,5,7,8,0,0,0,210,19
3869,82,80,10,3,4,14,6,14,5,7,11,9,20,10,3,9,5,11,6,5,3,7,0,30,0,33,0,0,2,97,4,22,15,9,3,3,0,56,5,7,5,3,0,19,2,1,5,9,0,0,0,162,15
3870,71,62,4,3,0,8,18,15,7,6,6,3,7,7,3,1,7,7,6,5,5,15,3,18,4,54,0,2,1,51,20,15,7,5,4,1,2,54,5,12,4,4,9,3,3,5,3,6,0,0,0,133,12
3871,124,133,6,10,2,12,11,26,28,23,18,15,7,22,11,9,12,4,2,6,8,25,1,29,4,71,0,2,7,143,38,26,21,16,2,1,3,107,12,11,13,9,10,11,8,11,6,16,0,0,0,257,22
3872,51,48,3,2,2,4,8,7,17,10,10,6,7,5,3,2,3,2,1,1,0,6,0,4,0,16,0,0,5,74,17,19,5,6,1,0,0,48,2,7,5,3,4,8,1,5,3,10,0,0,0,99,7
3873,124,178,12,2,5,10,22,20,30,31,26,23,21,18,8,13,12,12,6,5,8,18,2,12,7,63,2,2,13,201,43,36,18,13,2,1,2,115,9,21,8,12,13,18,11,7,1,15,0,0,47,255,18
3874,1,2,0,0,0,0,0,0,0,1,0,0,0,0,0,0,1,0,1,0,0,0,0,3,0,0,0,0,0,0,0,0,1,0,0,0,0,1,1,0,0,0,0,0,0,0,0,0,0,0,0,3,0
3875,45,53,8,7,0,7,5,5,6,10,5,5,8,1,3,7,5,2,4,1,1,8,0,13,2,19,0,1,5,58,12,6,3,8,4,1,1,35,3,5,2,1,3,4,6,5,1,5,0,0,0,98,14
3876,440,440,32,23,16,47,67,55,53,40,55,69,62,41,25,39,58,51,49,29,26,43,2,33,24,72,5,3,13,728,142,154,46,41,13,1,7,404,25,29,41,66,36,70,23,51,29,34,0,0,0,880,62
3877,259,279,14,11,8,26,43,47,71,39,43,30,34,35,14,14,17,21,15,6,15,35,3,67,13,106,0,0,12,337,133,78,27,20,8,1,5,272,59,34,14,24,32,26,16,16,15,36,0,0,2,536,34
3878,1595,1605,253,129,105,212,211,246,231,185,184,183,211,246,87,95,158,95,71,27,43,228,12,361,424,1088,7,11,162,1135,129,301,192,174,118,60,30,1004,51,131,71,87,45,76,111,123,105,204,0,0,0,3200,382
3879,0,0,0,0,0,0,0,0,0,0,0,0,0,0,0,0,0,0,0,0,0,0,0,0,0,0,0,0,0,0,0,0,0,0,0,0,0,0,0,0,0,0,0,0,0,0,0,0,0,0,0,0,0
3880,249,272,41,25,17,33,40,32,26,32,29,30,29,53,13,16,21,15,10,5,15,39,6,18,16,275,1,2,15,188,21,39,30,27,10,21,6,154,10,23,8,8,20,12,29,13,11,20,0,0,0,521,64
3881,102,91,10,4,8,17,13,13,17,17,8,5,8,12,2,9,8,10,9,6,5,12,0,2,5,39,0,1,6,140,21,30,14,5,2,1,4,77,4,3,3,18,8,20,1,7,4,9,0,0,0,193,12
3882,884,886,109,80,64,156,155,122,113,79,100,94,108,118,43,62,67,47,42,29,35,147,8,293,213,487,6,2,119,642,78,154,110,103,66,29,17,557,53,67,44,50,43,39,78,42,60,81,0,0,0,1770,215
3883,238,227,41,15,6,19,25,39,46,46,32,30,31,23,14,8,18,21,7,3,4,37,2,27,10,141,2,0,21,262,53,61,30,23,9,4,3,183,18,14,10,21,18,23,20,24,17,18,0,0,14,451,39
3884,392,404,40,17,15,37,45,60,56,39,44,44,46,43,20,43,71,45,35,25,26,45,2,21,17,50,5,1,8,692,105,132,42,35,18,8,3,343,28,18,28,40,28,78,29,37,22,35,0,0,0,796,64
3885,219,226,15,13,8,22,30,45,34,24,20,23,41,19,9,20,31,22,16,11,10,32,0,8,5,40,4,0,10,378,67,75,29,16,5,3,4,199,17,16,12,25,10,39,20,24,16,20,0,0,0,445,28
3886,603,645,56,37,24,61,83,106,161,89,87,64,77,105,27,35,57,47,28,19,24,61,10,99,30,305,4,5,40,755,309,152,58,50,15,7,18,609,100,63,30,43,95,66,53,42,32,85,0,0,0,1248,90
3887,2,1,0,0,0,0,0,0,1,0,1,1,0,0,0,0,0,0,0,0,0,0,0,1,0,0,0,0,0,2,0,0,0,0,0,0,0,0,0,0,0,0,0,0,0,0,0,0,0,0,3,0,0
3888,0,0,0,0,0,0,0,0,0,0,0,0,0,0,0,0,0,0,0,0,0,0,0,0,0,0,0,0,0,0,0,0,0,0,0,0,0,0,0,0,0,0,0,0,0,0,0,0,0,0,0,0,0
3889,70,61,4,4,0,4,12,13,21,8,11,7,8,17,2,2,3,1,1,2,1,10,0,14,5,32,0,0,2,78,25,16,5,4,3,2,2,57,6,6,7,9,1,5,2,10,4,7,0,0,0,131,11
3890,49,57,3,0,0,3,8,13,11,12,4,9,10,11,0,1,6,3,0,0,3,9,0,6,0,35,1,1,4,59,35,11,6,4,0,1,1,58,10,7,4,4,5,5,4,4,4,11,0,0,0,106,6
3891,7,4,0,1,0,1,3,1,2,1,0,0,0,0,0,0,0,2,0,0,0,0,0,0,0,0,0,0,0,11,3,2,0,1,0,0,0,6,0,1,0,1,1,3,0,0,0,0,0,0,0,11,1
3892,254,278,14,14,6,42,40,51,73,37,43,15,19,23,14,14,25,24,17,13,18,30,1,55,16,134,0,1,14,311,140,87,19,22,3,0,7,278,46,32,14,19,43,23,25,22,16,38,0,0,0,532,32
3893,166,197,13,14,5,16,23,35,45,38,24,23,22,21,6,7,10,13,8,5,5,30,1,40,11,100,1,1,11,198,80,40,24,10,5,3,6,168,34,17,10,12,24,18,10,13,7,23,0,0,0,363,24
3894,209,232,11,6,5,29,31,53,53,36,29,23,24,23,8,9,23,9,19,16,10,24,1,51,14,141,5,2,3,224,113,57,24,13,7,1,6,221,45,28,5,14,29,21,22,22,5,30,0,0,0,441,27
3895,590,578,72,33,23,88,66,87,76,68,59,62,78,74,25,39,63,59,38,36,44,78,9,153,331,384,4,14,38,235,61,109,85,55,22,12,14,358,48,48,11,8,46,10,57,48,38,44,0,0,118,1050,103
3896,469,443,80,37,24,72,66,62,55,57,52,49,49,83,16,37,44,23,12,11,16,67,8,55,80,460,1,3,34,271,34,51,49,56,41,15,13,259,16,33,25,15,13,12,30,41,35,39,0,0,0,912,125
3897,0,0,0,0,0,0,0,0,0,0,0,0,0,0,0,0,0,0,0,0,0,0,0,0,0,0,0,0,0,0,0,0,0,0,0,0,0,0,0,0,0,0,0,0,0,0,0,0,0,0,0,0,0
3898,117,124,10,4,7,18,16,18,10,15,12,21,15,15,7,9,18,18,6,3,11,8,1,30,7,58,1,0,6,138,8,34,20,10,5,1,4,82,2,7,7,20,2,16,3,8,3,14,0,0,0,241,20
3899,474,349,18,14,212,265,36,37,19,22,10,17,27,24,9,18,28,18,12,7,14,16,3,44,18,100,1,8,17,632,37,55,20,20,7,4,3,146,7,14,14,19,14,37,5,5,15,16,454,0,0,369,34
3900,224,239,27,18,13,32,20,35,33,22,29,29,29,36,10,15,23,13,14,8,21,36,1,43,30,223,1,4,13,148,18,36,30,29,11,9,7,140,16,15,10,6,12,7,23,14,18,19,0,0,0,463,56
3901,32,27,3,1,1,7,5,6,2,3,6,4,4,5,1,2,4,1,0,0,1,3,0,14,5,7,0,0,1,32,2,8,5,4,0,1,0,20,1,0,0,3,2,4,3,1,1,5,0,0,4,55,5
3902,1234,1274,205,109,81,253,189,180,183,145,136,147,143,215,45,48,74,55,50,36,34,180,11,168,295,1646,3,10,38,337,146,149,136,121,104,70,28,754,110,42,15,13,147,12,157,121,73,64,0,0,0,2508,323
3903,704,681,132,50,47,106,95,101,100,95,88,73,63,115,21,42,53,44,26,8,20,106,6,131,124,852,3,5,25,239,64,69,86,83,43,45,14,404,62,22,8,12,77,6,66,67,45,39,0,0,0,1385,185
3904,226,252,20,9,7,23,21,25,33,31,22,30,41,24,13,24,36,26,18,18,34,23,2,13,25,160,0,0,27,251,37,43,27,12,11,3,4,137,9,25,8,16,11,16,11,5,13,23,0,0,120,358,30
3905,0,0,0,0,0,0,0,0,0,0,0,0,0,0,0,0,0,0,0,0,0,0,0,0,0,0,0,0,0,0,0,0,0,0,0,0,0,0,0,0,0,0,0,0,0,0,0,0,0,0,0,0,0
3906,208,246,24,22,9,42,44,23,65,25,17,15,24,31,11,14,16,10,12,10,11,29,6,61,22,152,1,1,9,202,77,58,20,17,7,1,8,188,34,23,12,13,39,14,16,14,4,19,0,0,25,429,33
3907,83,184,5,16,6,17,13,23,22,28,37,22,23,12,4,3,7,9,3,2,3,12,6,11,54,54,0,2,0,140,0,0,0,0,0,0,0,0,0,0,0,0,0,0,0,0,0,0,0,0,267,0,0
3908,2,3,0,0,0,0,1,2,0,0,0,0,1,0,0,0,1,0,0,0,0,0,0,0,0,4,0,0,0,1,1,0,0,1,0,0,0,2,0,0,0,0,1,0,0,1,0,0,0,0,0,5,1
3909,92,102,6,5,3,13,16,22,26,8,15,11,16,11,3,9,6,9,4,2,3,6,1,16,5,55,1,1,3,112,49,33,12,1,3,0,3,101,14,16,6,8,18,10,3,6,8,12,0,0,0,194,7
3910,1,1,0,0,0,0,0,0,0,1,1,0,0,0,0,0,0,0,0,0,0,0,0,0,1,0,0,0,0,1,0,0,0,0,0,0,0,0,0,0,0,0,0,0,0,0,0,0,0,0,2,0,0
3911,195,196,15,7,4,18,32,48,37,26,32,15,18,17,10,12,21,17,11,9,10,32,3,35,6,98,1,0,9,239,99,38,21,8,7,2,9,184,32,34,4,11,31,12,12,13,8,27,0,0,0,391,26
3912,235,290,17,5,5,22,23,57,75,60,49,23,33,28,10,15,27,14,9,9,9,35,3,44,17,120,1,5,4,331,110,82,35,15,8,1,5,256,25,44,16,28,30,28,21,14,15,35,0,0,0,525,29
3913,179,193,13,12,14,59,38,26,37,22,18,14,11,24,4,6,15,14,7,4,5,29,3,31,7,132,0,0,9,190,46,56,23,11,4,1,9,150,13,27,13,18,14,16,10,12,7,20,0,0,0,372,25
3914,156,165,10,8,5,20,27,40,37,40,24,14,18,20,6,9,6,5,3,2,7,20,0,29,9,69,2,5,5,202,66,44,21,12,7,2,1,153,11,14,15,19,19,20,11,11,12,21,0,0,0,321,22
3915,196,197,23,15,14,51,52,25,31,16,16,16,20,18,8,9,19,12,8,11,10,19,6,32,7,140,1,1,13,193,43,59,17,22,7,0,7,155,13,20,7,16,16,22,14,13,8,26,0,0,2,391,36
3916,112,137,9,5,7,15,25,31,35,23,10,8,11,12,4,7,9,10,8,2,2,16,1,26,2,61,1,0,6,152,39,42,14,10,1,1,4,111,5,17,16,9,14,16,5,10,8,11,0,0,0,249,16
3917,723,763,112,69,51,130,92,106,96,76,84,87,88,136,30,39,58,42,34,20,29,107,7,94,585,657,2,12,26,103,80,109,87,81,56,24,21,458,10,28,30,44,75,21,76,45,46,83,0,0,6,1480,182
3918,497,508,88,40,18,73,80,67,67,67,53,47,55,75,28,28,55,28,26,12,19,79,3,167,263,393,6,6,38,129,52,86,71,52,34,17,11,323,43,11,20,21,18,16,55,51,39,49,0,0,0,1005,114
3919,53,50,5,3,3,8,1,10,8,9,1,4,6,9,2,3,7,5,7,3,4,5,13,7,0,18,0,1,0,64,2,15,2,9,1,4,0,33,0,12,0,3,1,5,5,2,3,2,0,0,0,103,14
3920,152,177,22,13,9,25,30,28,23,10,32,25,11,23,3,9,17,8,9,6,5,21,3,8,40,191,1,1,11,74,20,34,19,19,3,6,7,108,7,7,5,11,14,6,15,15,12,16,0,0,0,329,35
3921,0,0,0,0,0,0,0,0,0,0,0,0,0,0,0,0,0,0,0,0,0,0,0,0,0,0,0,0,0,0,0,0,0,0,0,0,0,0,0,0,0,0,0,0,0,0,0,0,0,0,0,0,0
3922,39,36,5,1,3,4,2,11,5,6,3,1,6,4,0,4,3,5,2,2,5,3,0,1,1,43,0,0,2,28,7,12,4,6,0,0,1,30,1,6,1,3,6,0,4,6,2,1,0,0,0,75,7
3923,626,543,86,42,37,117,97,93,77,64,72,61,74,113,21,31,40,41,16,14,15,58,6,150,348,505,2,4,38,116,63,107,74,58,44,14,16,376,42,18,17,22,29,14,62,61,73,38,0,0,5,1164,132
3924,1,4,0,0,1,1,1,1,0,0,0,0,1,0,0,0,0,0,0,0,0,0,0,0,1,0,0,0,0,4,0,0,0,0,0,0,0,0,0,0,0,0,0,0,0,0,0,0,0,0,5,0,0
3925,525,529,74,38,24,86,71,89,73,51,65,79,81,73,23,28,44,32,22,12,23,66,11,142,165,335,3,3,47,348,53,88,66,75,26,23,7,338,61,23,16,11,48,13,49,49,33,35,0,0,0,1054,131
3926,0,0,0,0,0,0,0,0,0,0,0,0,0,0,0,0,0,0,0,0,0,0,0,0,0,0,0,0,0,0,0,0,0,0,0,0,0,0,0,0,0,0,0,0,0,0,0,0,0,0,0,0,0
3927,1,1,0,0,0,0,0,0,0,0,0,0,1,0,0,1,0,0,0,0,0,0,0,0,0,2,0,0,0,0,0,1,0,0,0,0,0,1,0,0,0,0,0,0,0,1,0,0,0,0,0,2,0
3928,492,567,36,19,11,65,81,103,108,73,60,58,84,41,27,48,79,68,28,11,17,42,4,144,86,227,1,6,22,569,231,191,60,23,9,2,14,530,61,45,43,50,44,79,49,54,41,64,0,0,0,1059,48
3929,108,132,14,3,2,38,23,16,21,12,16,10,12,10,3,3,8,11,6,5,8,19,6,37,29,50,0,3,6,109,28,44,16,5,2,1,5,101,7,6,6,5,9,18,12,13,7,18,0,0,0,240,13
3930,0,5,0,0,0,1,0,0,2,0,0,0,1,1,0,0,0,0,0,0,0,0,0,0,0,2,0,0,0,3,0,0,0,0,0,0,0,0,0,0,0,0,0,0,0,0,0,0,0,0,5,0,0
3931,0,3,0,0,0,0,0,0,1,0,1,0,0,0,0,0,0,0,0,0,0,1,0,0,1,0,0,0,0,2,0,0,0,0,0,0,0,0,0,0,0,0,0,0,0,0,0,0,0,0,3,0,0
3932,0,7,0,0,0,2,0,1,1,0,1,1,1,0,0,0,0,0,0,0,0,0,0,0,3,1,0,0,1,2,0,0,0,0,0,0,0,0,0,0,0,0,0,0,0,0,0,0,0,0,7,0,0
3933,1,2,0,0,0,0,1,1,0,1,0,0,0,0,0,0,0,0,0,0,0,0,0,0,1,1,0,0,0,1,0,0,0,0,0,0,0,0,0,0,0,0,0,0,0,0,0,0,0,0,3,0,0
3934,5,17,0,1,0,4,2,4,4,1,1,0,3,1,0,1,0,0,0,0,0,0,0,0,6,11,0,1,0,4,0,0,0,0,0,0,0,0,0,0,0,0,0,0,0,0,0,0,0,0,22,0,0
3935,0,0,0,0,0,0,0,0,0,0,0,0,0,0,0,0,0,0,0,0,0,0,0,0,0,0,0,0,0,0,0,0,0,0,0,0,0,0,0,0,0,0,0,0,0,0,0,0,0,0,0,0,0
3936,0,0,0,0,0,0,0,0,0,0,0,0,0,0,0,0,0,0,0,0,0,0,0,0,0,0,0,0,0,0,0,0,0,0,0,0,0,0,0,0,0,0,0,0,0,0,0,0,0,0,0,0,0
3937,6,16,0,0,2,4,1,2,2,3,2,1,1,0,1,0,1,0,1,0,0,1,0,0,5,11,0,0,1,5,0,0,0,0,0,0,0,0,0,0,0,0,0,0,0,0,0,0,0,0,22,0,0
3938,0,10,0,0,1,0,2,0,0,0,2,2,0,0,0,0,1,1,0,0,0,1,0,0,4,4,0,0,0,2,0,0,0,0,0,0,0,0,0,0,0,0,0,0,0,0,0,0,0,0,10,0,0
3939,0,0,0,0,0,0,0,0,0,0,0,0,0,0,0,0,0,0,0,0,0,0,0,0,0,0,0,0,0,0,0,0,0,0,0,0,0,0,0,0,0,0,0,0,0,0,0,0,0,0,0,0,0
3940,137,153,17,5,7,18,17,23,25,21,13,20,18,18,10,14,11,14,10,6,5,18,2,65,20,44,0,2,13,144,71,28,9,15,6,1,5,135,42,4,4,10,18,14,6,15,13,9,0,0,0,290,27
3941,46,56,3,3,2,10,7,8,5,8,6,7,11,6,3,2,5,3,1,2,5,5,2,9,10,17,0,0,2,62,30,14,3,2,1,2,1,53,14,4,5,3,5,3,1,8,6,4,0,0,2,100,6
3942,24,23,3,1,0,4,3,2,5,6,3,4,3,1,0,0,4,1,1,3,0,3,0,0,9,6,0,1,3,28,12,5,4,2,1,0,0,24,9,2,1,3,4,2,0,0,1,2,0,0,0,47,3
3943,216,215,30,8,9,26,25,50,42,33,35,32,18,30,5,9,18,16,9,6,7,23,3,48,38,148,1,2,19,172,117,48,18,14,5,0,10,212,38,8,8,8,46,15,6,30,22,31,0,0,2,429,29
3944,88,97,4,1,1,9,12,24,19,16,12,9,15,4,4,3,15,7,8,5,2,15,0,17,12,32,0,0,8,116,60,20,10,6,3,0,2,101,31,4,5,4,12,7,10,15,8,5,0,0,0,185,11
3945,565,528,68,42,31,93,101,74,82,59,76,50,69,79,20,30,55,26,28,8,17,85,2,166,322,423,6,4,36,134,47,103,74,66,38,12,11,351,41,10,16,24,26,12,66,63,45,48,0,0,0,1093,127
3946,772,797,79,46,26,114,116,149,180,141,111,107,82,108,21,27,45,40,32,20,18,107,17,136,54,747,7,5,97,506,236,162,112,71,33,15,13,642,66,50,14,16,149,17,123,34,63,110,0,0,26,1543,132
3947,6,16,0,0,0,3,1,2,3,1,3,3,1,0,0,3,0,0,0,0,0,2,0,1,4,7,0,0,1,9,0,0,0,0,0,0,0,0,0,0,0,0,0,0,0,0,0,0,0,0,22,0,0
3948,0,0,0,0,0,0,0,0,0,0,0,0,0,0,0,0,0,0,0,0,0,0,0,0,0,0,0,0,0,0,0,0,0,0,0,0,0,0,0,0,0,0,0,0,0,0,0,0,0,0,0,0,0
3949,685,680,69,35,22,84,78,125,169,125,94,97,86,96,25,38,56,42,15,9,22,78,6,95,149,434,2,2,64,613,250,187,67,51,24,6,16,601,62,32,23,25,112,24,65,101,77,80,0,0,47,1318,97
3950,0,0,0,0,0,0,0,0,0,0,0,0,0,0,0,0,0,0,0,0,0,0,0,0,0,0,0,0,0,0,0,0,0,0,0,0,0,0,0,0,0,0,0,0,0,0,0,0,0,0,0,0,0
3951,871,904,96,57,31,112,114,168,212,152,155,93,92,126,36,52,65,54,29,15,17,99,17,166,63,823,2,4,101,599,259,209,115,77,44,14,17,735,71,67,22,18,183,19,115,65,68,107,0,0,0,1775,152
3952,67,74,3,3,3,10,7,14,14,13,11,10,9,4,3,4,12,6,5,1,4,5,0,23,10,12,0,0,8,88,41,30,4,4,1,1,0,81,8,2,7,9,3,12,13,8,8,11,0,0,1,140,6
3953,0,0,0,0,0,0,0,0,0,0,0,0,0,0,0,0,0,0,0,0,0,0,0,0,0,0,0,0,0,0,0,0,0,0,0,0,0,0,0,0,0,0,0,0,0,0,0,0,0,0,0,0,0
3954,9,15,0,1,1,4,1,3,2,3,4,2,1,0,0,0,2,0,0,0,0,0,0,1,4,11,0,0,0,8,0,0,0,0,0,0,0,0,0,0,0,0,0,0,0,0,0,0,0,0,24,0,0
3955,251,277,16,10,7,18,36,46,63,38,35,31,37,20,20,16,24,28,19,15,17,32,2,87,43,88,5,1,5,297,110,104,33,8,5,1,6,267,35,31,15,28,14,39,34,31,13,27,0,0,0,528,20
3956,0,0,0,0,0,0,0,0,0,0,0,0,0,0,0,0,0,0,0,0,0,0,0,0,0,0,0,0,0,0,0,0,0,0,0,0,0,0,0,0,0,0,0,0,0,0,0,0,0,0,0,0,0
3957,23,30,1,2,0,5,4,7,7,5,7,8,2,0,0,1,2,0,1,0,1,0,0,0,9,28,0,0,0,16,0,0,0,0,0,0,0,0,0,0,0,0,0,0,0,0,0,0,0,0,53,0,0
3958,0,0,0,0,0,0,0,0,0,0,0,0,0,0,0,0,0,0,0,0,0,0,0,0,0,0,0,0,0,0,0,0,0,0,0,0,0,0,0,0,0,0,0,0,0,0,0,0,0,0,0,0,0
3959,12,16,0,0,2,3,2,5,3,1,2,3,1,1,0,0,1,1,1,0,1,1,0,1,4,16,0,0,0,7,0,0,0,0,0,0,0,0,0,0,0,0,0,0,0,0,0,0,0,0,28,0,0
3960,0,0,0,0,0,0,0,0,0,0,0,0,0,0,0,0,0,0,0,0,0,0,0,0,0,0,0,0,0,0,0,0,0,0,0,0,0,0,0,0,0,0,0,0,0,0,0,0,0,0,0,0,0
3961,0,0,0,0,0,0,0,0,0,0,0,0,0,0,0,0,0,0,0,0,0,0,0,0,0,0,0,0,0,0,0,0,0,0,0,0,0,0,0,0,0,0,0,0,0,0,0,0,0,0,0,0,0
3962,0,0,0,0,0,0,0,0,0,0,0,0,0,0,0,0,0,0,0,0,0,0,0,0,0,0,0,0,0,0,0,0,0,0,0,0,0,0,0,0,0,0,0,0,0,0,0,0,0,0,0,0,0
3963,0,0,0,0,0,0,0,0,0,0,0,0,0,0,0,0,0,0,0,0,0,0,0,0,0,0,0,0,0,0,0,0,0,0,0,0,0,0,0,0,0,0,0,0,0,0,0,0,0,0,0,0,0
3964,0,0,0,0,0,0,0,0,0,0,0,0,0,0,0,0,0,0,0,0,0,0,0,0,0,0,0,0,0,0,0,0,0,0,0,0,0,0,0,0,0,0,0,0,0,0,0,0,0,0,0,0,0
3965,396,418,45,18,22,106,103,52,57,41,33,23,43,66,14,15,31,29,18,16,22,60,5,99,86,222,3,3,16,380,98,88,29,34,11,5,28,293,71,13,18,24,34,27,27,40,22,17,0,0,6,808,78
3966,488,556,51,24,22,62,75,108,118,86,59,53,53,63,20,32,49,39,30,21,25,54,2,169,126,273,3,0,30,441,238,146,54,31,15,7,14,505,99,27,22,31,88,17,33,67,58,63,0,0,0,1044,67
3967,172,188,16,5,11,19,25,37,39,26,20,20,38,22,8,8,13,13,10,7,11,12,1,48,43,104,1,0,12,151,101,49,16,13,5,2,3,189,34,11,8,7,38,3,16,28,19,25,0,0,0,360,23
3968,768,884,97,56,38,130,128,134,169,121,109,97,88,113,38,52,66,46,29,12,18,111,11,62,116,851,4,5,39,564,179,161,112,76,50,21,11,610,31,57,20,16,111,13,154,92,55,61,0,0,47,1605,158
3969,319,321,35,28,18,55,51,54,51,40,41,37,31,61,10,16,26,14,15,5,3,49,4,29,43,347,1,1,15,200,67,60,42,24,13,14,10,230,6,18,7,3,46,8,62,38,21,21,0,0,0,640,61
3970,525,587,73,26,32,73,64,113,107,81,83,53,74,68,26,27,37,31,28,16,24,76,15,49,70,594,9,4,25,346,128,125,63,51,26,20,11,424,29,32,18,13,72,7,128,53,33,39,0,0,0,1112,108
3971,649,697,105,84,45,141,108,82,76,73,70,81,81,112,26,30,36,33,22,20,13,108,4,146,156,911,0,8,19,102,41,80,55,78,57,42,13,366,59,27,4,9,85,15,60,48,10,49,0,0,22,1324,190
3972,799,905,121,52,51,158,167,141,124,95,92,97,85,153,37,47,59,29,26,27,21,122,4,91,249,1162,2,9,35,152,65,111,89,99,67,34,26,491,59,34,15,14,136,12,90,62,37,32,0,0,0,1704,226
3973,734,731,117,52,53,125,97,117,94,88,75,79,103,131,24,38,42,46,27,26,18,113,5,78,601,618,3,9,36,115,87,120,69,61,63,32,21,453,12,49,28,33,70,21,70,36,45,89,0,0,3,1462,177
3974,0,1,0,0,0,0,0,1,0,0,0,0,0,0,0,0,0,0,0,0,0,0,0,0,0,1,0,0,0,0,0,0,0,0,0,0,0,0,0,0,0,0,0,0,0,0,0,0,0,0,1,0,0
3975,563,600,85,60,29,119,114,99,82,69,60,50,43,103,23,34,45,21,23,12,11,81,4,134,135,787,2,6,13,82,37,64,56,63,58,31,9,318,54,20,2,7,60,12,64,34,18,47,0,0,24,1139,161
3976,0,0,0,0,0,0,0,0,0,0,0,0,0,0,0,0,0,0,0,0,0,0,0,0,0,0,0,0,0,0,0,0,0,0,0,0,0,0,0,0,0,0,0,0,0,0,0,0,0,0,0,0,0
3977,0,2,0,0,0,0,0,0,2,0,0,0,0,0,0,0,0,0,0,0,0,0,0,0,0,0,0,0,1,1,0,0,0,0,0,0,0,0,0,0,0,0,0,0,0,0,0,0,0,0,2,0,0
3978,0,0,0,0,0,0,0,0,0,0,0,0,0,0,0,0,0,0,0,0,0,0,0,0,0,0,0,0,0,0,0,0,0,0,0,0,0,0,0,0,0,0,0,0,0,0,0,0,0,0,0,0,0
3979,110,763,0,10,23,111,108,126,127,100,78,66,35,0,7,16,8,6,8,15,26,3,4,30,102,461,3,3,16,254,0,0,0,0,0,0,0,0,0,0,0,0,0,0,0,0,0,0,0,0,873,0,0
3980,120,837,3,10,34,132,124,127,117,116,92,73,38,0,12,10,7,8,12,14,23,5,7,27,112,508,2,3,18,280,0,0,0,0,0,0,0,0,0,0,0,0,0,0,0,0,0,0,0,0,957,0,0
3981,2,1,0,0,0,0,0,0,0,0,1,0,1,0,0,0,0,0,0,0,0,1,0,0,0,0,0,0,0,3,0,0,0,0,0,0,0,0,0,0,0,0,0,0,0,0,0,0,0,0,3,0,0
3982,28,23,1,0,0,6,6,3,4,5,1,3,2,4,1,4,3,1,1,0,2,4,1,4,0,9,0,1,0,36,14,5,3,1,0,1,1,25,8,4,1,0,3,1,2,4,2,0,0,0,0,51,3
3983,0,0,0,0,0,0,0,0,0,0,0,0,0,0,0,0,0,0,0,0,0,0,0,0,0,0,0,0,0,0,0,0,0,0,0,0,0,0,0,0,0,0,0,0,0,0,0,0,0,0,0,0,0
3984,193,166,28,6,5,14,21,37,45,24,18,18,22,37,8,5,11,17,2,6,13,22,3,30,40,88,1,2,18,177,68,51,18,12,1,0,10,160,35,9,4,12,16,17,7,29,14,17,0,0,0,359,23
3985,0,0,0,0,0,0,0,0,0,0,0,0,0,0,0,0,0,0,0,0,0,0,0,0,0,0,0,0,0,0,0,0,0,0,0,0,0,0,0,0,0,0,0,0,0,0,0,0,0,0,0,0,0
3986,3,1,0,0,0,1,0,1,0,2,0,0,0,0,0,0,0,0,0,0,0,0,0,0,0,1,0,0,2,1,0,0,0,0,0,0,0,0,0,0,0,0,0,0,0,0,0,0,0,0,4,0,0
3987,1,4,0,0,0,0,0,0,0,0,2,2,0,0,0,0,0,0,0,1,0,0,0,1,1,2,0,0,0,1,0,0,0,0,0,0,0,0,0,0,0,0,0,0,0,0,0,0,0,0,5,0,0
3988,60,94,2,0,3,12,18,18,15,16,14,10,10,2,3,5,6,3,8,4,4,1,1,22,21,42,0,1,2,65,16,9,2,3,0,0,2,32,10,3,1,1,6,0,2,5,2,2,0,0,86,68,5
3989,26,24,3,3,0,2,0,3,9,3,1,4,5,0,1,3,2,5,3,0,2,1,0,7,12,6,1,0,3,21,9,7,3,2,1,0,0,22,3,1,0,0,4,1,1,4,1,7,0,0,5,45,3
3990,376,363,31,21,15,47,50,61,78,73,49,43,37,56,11,33,29,22,21,6,5,51,8,51,55,252,4,1,27,341,140,90,39,30,21,7,4,331,36,17,4,12,52,15,39,75,34,47,0,0,2,737,62
3991,101,100,12,8,6,19,18,18,16,10,11,9,11,13,6,2,8,6,4,3,0,21,0,14,33,125,0,1,4,24,5,13,12,7,9,6,3,55,2,3,3,2,15,1,16,7,3,3,0,0,0,201,25
3992,304,322,38,27,16,56,45,56,44,24,41,38,34,39,21,22,33,21,13,7,6,45,1,196,91,179,3,3,21,132,17,53,42,35,30,9,4,190,22,20,22,12,26,4,17,20,14,33,0,0,0,626,78
3993,212,180,23,15,14,42,35,24,20,27,27,22,16,40,9,15,20,7,7,2,5,22,3,81,55,160,1,1,9,82,16,26,23,27,18,5,3,118,11,14,8,4,20,1,15,17,13,15,0,0,0,392,53
3994,0,0,0,0,0,0,0,0,0,0,0,0,0,0,0,0,0,0,0,0,0,0,0,0,0,0,0,0,0,0,0,0,0,0,0,0,0,0,0,0,0,0,0,0,0,0,0,0,0,0,0,0,0
3995,441,447,79,54,29,74,78,63,64,50,51,46,44,52,21,34,35,29,17,10,6,52,2,62,79,668,0,6,21,50,31,62,48,45,35,21,10,252,6,31,13,12,23,6,51,41,38,31,0,0,22,866,111
3996,88,87,8,5,4,7,11,13,20,14,18,9,12,10,3,5,7,12,5,1,3,8,1,10,10,79,1,0,9,65,28,17,16,10,5,0,0,76,4,6,3,4,14,4,24,6,5,6,0,0,0,175,15
3997,16,18,3,0,0,1,5,3,6,4,1,1,2,0,1,2,1,1,0,2,0,1,0,8,1,7,2,0,2,14,8,7,2,0,1,0,0,18,5,0,0,0,3,1,0,3,1,5,0,0,1,33,1
3998,0,0,0,0,0,0,0,0,0,0,0,0,0,0,0,0,0,0,0,0,0,0,0,0,0,0,0,0,0,0,0,0,0,0,0,0,0,0,0,0,0,0,0,0,0,0,0,0,0,0,0,0,0
3999,200,234,19,4,7,20,32,68,48,33,31,21,25,25,13,7,11,17,4,3,6,40,1,50,39,128,1,2,16,197,96,44,26,8,9,1,7,191,51,11,2,6,24,8,12,30,24,23,0,0,32,402,25
4000,25,27,2,2,1,5,2,9,4,2,2,1,5,2,1,2,2,0,1,3,2,4,2,5,6,8,0,0,4,27,10,8,3,3,1,0,0,25,3,3,0,0,4,2,2,2,5,4,0,0,0,52,4
4001,215,223,19,10,5,22,39,44,51,28,40,21,27,25,14,14,17,15,10,10,11,16,0,77,49,106,1,0,23,182,116,61,24,14,8,0,4,227,50,13,11,8,31,4,16,32,37,25,0,0,0,438,26
4002,11,22,0,0,1,0,1,2,2,4,3,4,4,0,1,2,2,1,1,1,3,1,0,5,8,4,0,0,1,15,2,1,1,0,0,0,0,4,0,0,0,1,0,0,1,1,0,1,0,0,26,7,0
4003,128,206,3,5,8,33,27,37,28,27,41,17,26,12,4,9,11,13,9,7,11,6,1,53,42,71,1,1,14,151,72,30,10,7,0,1,3,123,26,10,3,5,28,6,6,13,18,8,0,0,115,219,11
4004,107,102,12,9,7,30,19,16,11,7,12,6,12,18,3,9,11,3,6,3,3,12,2,27,22,53,0,1,12,92,22,27,9,5,6,1,6,76,17,4,5,6,7,5,10,10,7,5,0,0,0,209,18
4005,0,0,0,0,0,0,0,0,0,0,0,0,0,0,0,0,0,0,0,0,0,0,0,0,0,0,0,0,0,0,0,0,0,0,0,0,0,0,0,0,0,0,0,0,0,0,0,0,0,0,0,0,0
4006,46,50,1,6,0,4,10,9,15,9,3,8,6,2,2,1,5,2,1,1,5,6,0,8,15,7,1,0,2,63,38,10,3,6,1,0,0,58,11,5,1,2,6,4,8,6,10,5,0,0,0,96,7
4007,92,74,6,4,1,12,7,14,18,13,5,9,13,6,4,4,13,7,5,10,8,7,1,17,19,23,0,0,2,104,59,18,5,8,3,0,1,94,22,2,4,6,11,5,8,14,14,8,0,0,0,166,12
4008,181,187,13,7,5,18,24,39,37,23,20,28,17,29,6,17,20,21,10,8,9,17,1,48,42,55,0,1,17,204,96,56,18,8,5,3,4,190,57,5,10,11,22,20,10,23,21,11,0,0,0,368,20
4009,0,0,0,0,0,0,0,0,0,0,0,0,0,0,0,0,0,0,0,0,0,0,0,0,0,0,0,0,0,0,0,0,0,0,0,0,0,0,0,0,0,0,0,0,0,0,0,0,0,0,0,0,0
4010,3,3,0,0,0,0,1,0,1,1,0,0,0,0,0,1,2,0,0,0,0,0,0,0,0,2,0,0,0,4,0,0,0,0,0,0,0,0,0,0,0,0,0,0,0,0,0,0,0,0,6,0,0
4011,0,0,0,0,0,0,0,0,0,0,0,0,0,0,0,0,0,0,0,0,0,0,0,0,0,0,0,0,0,0,0,0,0,0,0,0,0,0,0,0,0,0,0,0,0,0,0,0,0,0,0,0,0
4012,0,0,0,0,0,0,0,0,0,0,0,0,0,0,0,0,0,0,0,0,0,0,0,0,0,0,0,0,0,0,0,0,0,0,0,0,0,0,0,0,0,0,0,0,0,0,0,0,0,0,0,0,0
4013,1,0,1,0,0,0,0,0,0,0,0,0,0,0,0,0,0,0,0,0,0,0,0,0,0,0,0,0,0,1,0,0,0,0,0,0,0,0,0,0,0,0,0,0,0,0,0,0,0,0,1,0,0
4014,11,11,1,0,0,2,2,3,1,2,1,4,2,0,0,1,0,0,0,2,0,1,0,1,2,8,1,0,0,10,0,0,0,0,0,0,0,0,0,0,0,0,0,0,0,0,0,0,0,0,22,0,0
4015,594,610,50,44,24,76,80,108,76,54,66,69,66,64,43,44,66,63,44,36,44,87,6,44,20,97,5,5,25,1002,127,202,67,52,19,12,12,491,33,25,38,71,52,120,30,54,27,41,0,0,0,1204,95
4016,83,92,9,5,5,11,5,10,13,6,8,18,15,9,8,7,15,10,6,0,5,10,1,8,3,26,0,0,2,135,2,22,17,10,4,3,0,58,1,9,4,6,2,12,8,4,5,7,0,0,0,175,17
4017,181,174,13,8,6,21,29,24,20,13,10,18,32,15,12,18,29,20,21,9,19,18,1,9,3,31,1,1,4,305,64,65,13,13,6,4,2,167,9,11,15,22,15,46,4,15,16,14,0,0,0,355,25
4018,424,416,58,42,35,72,71,70,50,53,46,44,44,60,12,34,25,15,13,14,12,70,4,29,182,531,1,1,19,73,33,62,35,45,42,22,7,246,28,17,3,4,52,7,39,28,29,39,0,0,0,840,116
4019,0,0,0,0,0,0,0,0,0,0,0,0,0,0,0,0,0,0,0,0,0,0,0,0,0,0,0,0,0,0,0,0,0,0,0,0,0,0,0,0,0,0,0,0,0,0,0,0,0,0,0,0,0
4020,97,93,7,1,2,46,24,13,10,13,11,11,15,4,4,6,4,7,1,3,5,3,3,21,31,38,0,2,1,94,29,39,7,5,3,1,1,85,11,9,7,8,14,6,11,8,2,9,0,0,13,177,10
4021,186,188,14,2,2,17,27,40,33,22,32,21,39,11,6,21,20,21,17,8,6,15,1,43,30,67,2,0,4,227,101,73,20,9,3,0,2,208,24,19,16,23,19,32,23,20,10,22,0,0,0,374,14
4022,126,158,7,2,4,11,12,27,34,17,21,31,23,4,11,13,17,19,5,8,3,15,0,45,30,27,0,1,7,174,69,61,11,9,2,1,1,154,16,20,9,20,20,20,8,11,16,14,0,0,0,284,13
4023,0,0,0,0,0,0,0,0,0,0,0,0,0,0,0,0,0,0,0,0,0,0,0,0,0,0,0,0,0,0,0,0,0,0,0,0,0,0,0,0,0,0,0,0,0,0,0,0,0,0,0,0,0
4024,0,0,0,0,0,0,0,0,0,0,0,0,0,0,0,0,0,0,0,0,0,0,0,0,0,0,0,0,0,0,0,0,0,0,0,0,0,0,0,0,0,0,0,0,0,0,0,0,0,0,0,0,0
4025,0,0,0,0,0,0,0,0,0,0,0,0,0,0,0,0,0,0,0,0,0,0,0,0,0,0,0,0,0,0,0,0,0,0,0,0,0,0,0,0,0,0,0,0,0,0,0,0,0,0,0,0,0
4026,0,0,0,0,0,0,0,0,0,0,0,0,0,0,0,0,0,0,0,0,0,0,0,0,0,0,0,0,0,0,0,0,0,0,0,0,0,0,0,0,0,0,0,0,0,0,0,0,0,0,0,0,0
4027,282,336,15,11,9,41,44,65,65,49,37,27,41,27,10,13,39,29,26,19,21,30,4,58,42,78,3,2,33,398,185,86,35,20,6,3,3,338,84,16,15,24,34,36,26,41,35,27,0,0,4,614,32
4028,103,109,10,6,3,21,19,13,14,11,18,19,18,9,6,6,13,8,5,1,4,8,0,25,3,39,0,2,1,142,8,27,18,15,6,1,0,75,2,8,4,18,3,19,6,4,4,7,0,0,0,212,22
4029,168,189,13,13,7,22,30,33,38,18,22,21,21,23,9,13,12,14,12,12,8,16,2,47,26,130,1,3,7,141,84,40,9,10,4,2,11,160,38,9,4,6,29,9,11,21,17,16,0,0,3,354,27
4030,145,165,15,5,1,10,25,35,41,23,24,21,17,14,6,11,15,11,8,5,7,16,2,59,33,65,1,0,14,136,65,36,15,12,3,0,4,135,28,9,5,9,23,6,10,19,9,17,0,0,33,277,19
4031,0,0,0,0,0,0,0,0,0,0,0,0,0,0,0,0,0,0,0,0,0,0,0,0,0,0,0,0,0,0,0,0,0,0,0,0,0,0,0,0,0,0,0,0,0,0,0,0,0,0,0,0,0
4032,32,79,0,1,3,4,5,3,16,9,20,14,8,5,6,1,2,2,3,6,1,2,3,8,24,20,0,2,4,50,0,0,0,0,0,0,0,0,0,0,0,0,0,0,0,0,0,0,0,0,111,0,0
4033,1,0,0,0,0,0,0,0,0,0,0,0,0,0,1,0,0,0,0,0,0,0,0,0,1,0,0,0,0,0,0,0,0,0,0,0,0,0,0,0,0,0,0,0,0,0,0,0,0,0,1,0,0
4034,0,0,0,0,0,0,0,0,0,0,0,0,0,0,0,0,0,0,0,0,0,0,0,0,0,0,0,0,0,0,0,0,0,0,0,0,0,0,0,0,0,0,0,0,0,0,0,0,0,0,0,0,0
4035,168,166,8,9,5,21,21,51,46,22,13,18,30,22,3,9,10,7,10,9,7,13,1,39,25,106,0,0,22,141,92,52,16,13,6,0,1,180,36,4,6,12,32,3,8,31,24,24,0,0,0,334,20
4036,1,4,0,0,0,1,0,1,2,0,0,1,0,0,0,0,0,0,0,0,0,0,0,1,1,1,0,0,0,2,3,0,0,0,0,0,0,3,0,0,0,0,1,0,0,0,2,0,0,0,2,3,0
4037,19,13,2,1,0,1,3,3,4,3,2,3,2,1,1,0,0,1,1,1,0,3,0,5,0,2,0,0,0,25,8,2,1,3,1,0,0,15,3,0,1,3,0,2,0,1,5,0,0,0,0,32,4
4038,29,39,1,0,0,6,10,7,8,7,6,1,5,1,3,1,2,5,4,1,0,0,1,8,5,6,0,0,1,47,28,13,3,1,0,0,0,45,10,3,5,2,4,3,7,4,5,2,0,0,1,67,1
4039,0,0,0,0,0,0,0,0,0,0,0,0,0,0,0,0,0,0,0,0,0,0,0,0,0,0,0,0,0,0,0,0,0,0,0,0,0,0,0,0,0,0,0,0,0,0,0,0,0,0,0,0,0
4040,75,85,4,4,2,14,16,17,11,17,12,15,4,10,1,3,8,10,2,3,3,4,0,12,3,44,1,0,9,91,22,19,6,4,1,1,1,54,14,2,1,4,4,2,4,8,5,10,0,0,47,113,7
4041,300,347,38,25,9,43,85,62,56,41,37,29,31,34,10,21,22,19,14,7,16,48,4,81,69,213,0,5,35,240,91,89,32,26,17,2,10,267,48,14,14,8,53,15,15,33,35,32,0,0,2,645,55
4042,437,452,35,23,22,65,82,92,77,73,64,58,55,53,18,17,41,24,19,8,12,51,9,53,67,380,6,5,22,347,83,84,47,36,23,9,3,285,10,31,7,8,50,11,73,40,17,38,0,0,159,730,71
4043,385,380,70,11,15,65,33,67,83,54,56,45,42,56,19,18,31,17,15,8,15,45,13,16,56,421,0,3,20,236,86,87,43,34,21,9,10,290,19,24,4,5,67,8,82,41,18,22,0,0,0,765,74
4044,596,621,85,46,25,92,90,98,122,88,80,81,71,73,28,30,39,32,14,16,13,94,8,68,96,597,4,4,33,407,174,116,85,57,31,12,13,488,27,36,20,23,89,10,137,79,25,42,0,0,0,1217,113
4045,563,559,97,44,38,97,82,94,62,62,66,62,71,101,25,25,43,28,21,15,9,80,5,130,73,564,2,2,34,312,44,67,67,56,43,30,14,321,26,28,20,22,34,7,65,30,31,58,0,0,12,1110,143
4046,613,698,103,68,51,97,92,106,96,85,86,65,86,120,24,39,35,27,18,13,12,88,6,64,242,865,4,3,42,85,57,77,68,82,55,26,11,376,62,26,7,6,78,6,59,44,44,44,0,0,48,1263,174
4047,889,4251,13,7,362,2786,936,426,299,153,64,32,12,5,12,5,6,1,7,1,5,8,55,263,997,896,8,28,130,2763,3,9,6,4,3,4,5,34,0,8,8,9,0,7,2,0,0,0,0,4946,60,134,16
4048,34,41,1,1,0,8,3,9,12,3,2,2,6,1,5,3,4,2,4,2,1,6,0,11,5,20,0,0,5,34,20,10,4,1,2,0,1,38,9,1,0,3,7,2,3,2,5,6,0,0,0,75,4
4049,295,354,14,10,7,32,53,47,80,55,40,45,42,32,19,22,51,29,22,15,10,24,4,101,51,98,2,2,15,376,168,118,30,22,4,1,5,348,37,35,20,18,30,51,49,33,23,52,0,0,1,648,32
4050,176,1123,5,11,33,176,158,159,188,147,133,79,51,2,14,15,18,17,18,19,51,5,6,40,141,680,4,0,18,410,0,0,0,0,0,0,0,0,0,0,0,0,0,0,0,0,0,0,0,0,1299,0,0
4051,0,0,0,0,0,0,0,0,0,0,0,0,0,0,0,0,0,0,0,0,0,0,0,0,0,0,0,0,0,0,0,0,0,0,0,0,0,0,0,0,0,0,0,0,0,0,0,0,0,0,0,0,0
4052,0,1,0,0,0,0,0,0,0,1,0,0,0,0,0,0,0,0,0,0,0,0,0,0,0,1,0,0,0,0,0,0,0,0,0,0,0,0,0,0,0,0,0,0,0,0,0,0,0,0,1,0,0
4053,61,70,8,2,1,10,9,14,16,6,10,13,3,8,0,5,5,3,4,1,3,10,0,7,14,25,0,0,5,80,21,16,10,3,4,0,2,56,15,5,2,3,4,6,3,4,7,7,0,0,0,131,9
4054,14,15,0,0,0,2,5,1,4,2,1,4,1,0,1,0,0,2,1,2,1,2,0,4,2,7,0,0,0,16,14,3,3,0,0,0,0,20,7,2,0,1,1,4,2,2,0,1,0,0,0,29,0
4055,0,1,0,0,0,1,0,0,0,0,0,0,0,0,0,0,0,0,0,0,0,0,0,0,0,1,0,0,0,0,0,0,0,0,0,0,0,0,0,0,0,0,0,0,0,0,0,0,0,0,1,0,0
4056,98,121,0,6,4,25,24,22,19,20,26,27,10,7,3,2,11,3,1,2,6,1,3,14,39,74,2,0,5,82,0,0,0,0,0,0,0,0,0,0,0,0,0,0,0,0,0,0,0,0,219,0,0
4057,5,10,0,1,0,3,1,2,3,1,1,0,1,0,0,0,0,0,0,0,1,1,0,0,1,11,0,0,0,3,0,0,0,0,0,0,0,0,0,0,0,0,0,0,0,0,0,0,0,0,15,0,0
4058,98,112,5,9,3,5,21,27,14,17,12,15,10,21,2,6,4,12,6,4,2,15,1,25,27,70,0,2,10,75,47,24,10,10,5,2,1,99,21,3,5,4,24,3,1,16,10,12,0,0,0,210,18
4059,14,16,0,1,0,2,1,2,3,2,3,5,2,0,0,2,3,1,1,1,0,1,0,6,2,4,0,1,2,15,10,5,0,1,1,0,0,17,1,0,1,0,5,1,2,1,2,4,0,0,1,29,2
4060,268,272,23,19,21,86,58,33,30,16,15,24,37,36,12,17,14,18,8,6,18,49,4,80,82,206,3,1,34,130,57,66,22,20,10,4,16,195,41,7,12,9,35,7,13,25,25,21,0,0,0,540,50
4061,29,34,1,0,0,3,7,12,5,1,3,4,6,2,2,3,1,2,3,1,1,6,0,3,10,15,0,0,4,31,14,7,3,3,0,0,1,28,9,0,0,2,4,0,3,4,2,4,0,0,5,58,4
4062,1,0,0,0,0,0,0,0,0,0,0,1,0,0,0,0,0,0,0,0,0,0,0,0,0,0,0,0,0,1,0,0,0,0,0,0,0,0,0,0,0,0,0,0,0,0,0,0,0,0,1,0,0
4063,3,1,0,0,0,0,0,0,1,2,0,0,0,0,0,1,0,0,0,0,0,0,0,0,0,1,0,0,0,3,2,1,0,0,0,0,0,3,2,0,0,0,0,0,0,1,0,0,0,0,0,4,0
4064,279,328,35,22,20,74,69,49,40,23,26,36,26,43,11,21,21,16,10,19,12,34,8,46,55,420,1,3,10,64,19,36,28,40,26,13,8,170,5,20,7,6,13,6,41,28,21,23,0,0,0,607,87
4065,449,385,48,37,32,81,80,54,57,32,46,52,40,76,19,29,27,26,14,10,12,62,3,75,51,441,1,0,16,247,38,41,38,52,40,19,10,238,23,26,17,9,30,3,49,30,23,28,0,0,0,834,121
4066,63,92,5,3,7,13,20,13,13,14,17,10,12,5,2,3,6,5,2,0,1,4,1,4,14,86,0,0,6,44,16,8,7,5,1,3,1,41,3,3,1,1,9,3,7,6,6,2,0,0,51,104,10
4067,624,598,86,54,49,118,84,101,81,63,64,69,63,84,25,34,46,47,25,26,19,84,2,159,87,654,1,8,37,274,37,73,72,85,53,28,6,354,15,35,19,17,47,18,51,38,42,72,0,0,0,1222,172
4068,209,218,27,16,12,36,48,30,25,29,22,23,29,30,5,15,11,12,9,5,12,31,7,67,58,158,1,2,15,119,29,34,16,26,21,8,2,136,9,17,10,7,23,10,24,10,15,11,0,0,8,419,57
4069,551,516,84,59,32,88,76,79,57,66,52,50,65,84,25,30,39,29,26,18,18,90,6,148,43,659,0,8,24,179,36,66,53,65,41,35,7,303,26,46,11,5,60,1,34,27,46,47,0,0,9,1058,148
4070,0,0,0,0,0,0,0,0,0,0,0,0,0,0,0,0,0,0,0,0,0,0,0,0,0,0,0,0,0,0,0,0,0,0,0,0,0,0,0,0,0,0,0,0,0,0,0,0,0,0,0,0,0
4071,560,551,78,44,27,89,101,67,73,55,69,70,64,91,32,32,42,39,33,20,17,68,14,150,64,605,4,6,55,213,42,77,76,71,46,25,3,340,25,49,12,5,54,6,29,52,37,71,0,0,0,1111,145
4072,670,672,109,57,48,143,94,107,81,61,72,72,90,127,20,39,44,37,22,17,20,82,11,183,77,788,0,15,67,201,53,75,76,87,42,38,15,386,45,43,11,9,72,7,43,29,45,82,0,0,0,1342,182
4073,247,225,20,15,15,40,28,31,29,17,23,26,40,31,14,20,27,21,19,9,14,33,6,21,0,163,0,1,10,271,23,55,36,19,13,8,5,159,19,14,10,15,5,13,15,10,20,38,0,0,0,472,45
4074,1180,1103,167,93,75,211,155,155,146,107,129,139,134,203,56,66,97,77,50,32,33,158,6,229,196,1118,2,4,76,652,77,152,148,126,99,50,18,670,50,69,44,45,90,7,122,67,67,109,0,0,14,2269,293
4075,300,325,33,11,3,19,54,77,65,47,42,31,28,28,19,16,37,34,26,11,13,31,4,103,50,101,2,4,15,346,134,110,32,16,8,1,8,309,33,16,21,31,31,36,35,32,23,51,0,0,0,625,33
4076,147,120,24,12,8,15,24,20,13,11,20,13,18,12,10,12,12,12,9,4,3,15,7,32,7,58,2,1,14,146,6,28,21,13,8,3,4,83,5,7,12,15,7,9,4,4,8,12,0,0,0,267,28
4077,107,136,5,0,2,21,12,33,30,14,21,17,17,6,6,11,9,10,9,5,7,8,1,17,17,28,2,2,15,161,76,41,17,2,2,0,2,140,38,7,7,8,9,13,8,22,12,16,0,0,0,243,6
4078,85,113,7,3,7,9,18,21,19,14,16,10,13,16,5,3,6,6,7,5,2,11,2,20,15,42,1,1,9,108,48,27,7,12,2,0,2,98,18,2,5,6,14,7,5,16,15,10,0,0,0,198,16
4079,15,14,0,1,1,0,2,2,0,2,2,1,1,5,2,1,1,2,0,0,6,0,0,4,1,14,0,0,1,9,4,3,1,0,0,0,2,10,3,0,1,1,0,0,1,2,1,1,0,0,0,29,2
4080,64,84,7,3,3,11,12,20,10,13,7,10,5,10,3,4,8,5,3,1,4,9,0,16,28,32,0,0,1,71,43,21,6,3,1,2,2,78,20,7,3,4,4,15,3,7,8,7,0,0,0,148,8
4081,105,98,5,2,2,14,17,21,18,9,10,11,18,7,5,6,9,9,8,7,7,18,2,17,23,57,0,0,1,103,44,36,8,2,3,1,4,98,28,4,4,5,12,4,8,18,7,8,0,0,1,202,10
4082,76,114,2,2,6,13,23,22,30,17,19,10,13,1,2,3,12,3,2,1,6,3,0,9,22,78,1,0,5,75,12,9,3,0,1,0,0,25,10,1,1,0,1,2,2,4,3,1,0,0,146,44,1
4083,272,327,11,10,13,26,38,80,78,46,45,21,46,31,15,16,25,28,11,13,8,38,2,81,75,124,2,5,22,288,153,80,36,17,8,4,4,302,65,14,13,21,46,18,20,42,36,27,0,0,13,586,33
4084,117,148,9,3,1,9,23,23,32,23,17,18,15,8,3,9,17,13,10,8,12,12,3,45,11,37,0,1,5,163,67,45,17,6,0,0,4,139,18,14,10,14,9,18,17,19,11,9,0,0,0,265,10
4085,0,0,0,0,0,0,0,0,0,0,0,0,0,0,0,0,0,0,0,0,0,0,0,0,0,0,0,0,0,0,0,0,0,0,0,0,0,0,0,0,0,0,0,0,0,0,0,0,0,0,0,0,0
4086,199,238,19,12,10,19,28,50,52,37,19,18,24,39,15,7,24,9,8,5,7,35,3,57,53,120,2,1,22,179,97,55,20,12,6,3,9,202,45,9,8,11,28,14,17,27,23,20,0,0,0,437,30
4087,42,55,2,0,2,11,9,10,12,6,9,5,4,7,0,0,3,2,1,3,4,7,1,17,14,15,0,0,1,49,11,5,5,4,2,0,0,27,7,0,0,3,2,1,5,2,5,2,0,0,35,62,6
4088,12,15,4,0,0,0,2,2,3,9,0,0,0,6,0,0,0,0,0,1,0,0,0,5,2,14,0,0,0,6,2,3,2,1,0,0,1,9,3,1,1,1,3,0,0,0,0,0,0,0,1,26,2
4089,0,1,0,0,0,0,0,0,1,0,0,0,0,0,0,0,0,0,0,0,0,0,0,0,0,0,0,0,0,1,0,0,0,0,0,0,0,0,0,0,0,0,0,0,0,0,0,0,0,0,1,0,0
4090,23,20,3,0,0,5,2,5,7,2,2,5,0,0,0,1,3,3,1,0,1,3,0,8,3,13,0,0,0,19,10,10,0,2,1,0,0,23,7,2,1,1,3,1,0,4,0,4,0,0,0,43,3
4091,5,4,1,0,0,0,0,0,0,3,3,0,0,1,0,0,0,0,0,1,0,0,0,1,3,2,0,0,1,2,0,1,1,0,0,0,0,2,0,0,0,0,0,1,0,0,0,1,0,0,4,5,0
4092,4,3,3,0,0,0,1,0,1,1,0,0,1,0,0,0,0,0,0,0,0,0,0,0,0,0,1,0,1,5,1,0,0,0,0,1,0,2,1,0,0,0,0,0,0,0,1,0,0,0,0,7,1
4093,142,173,13,13,5,22,15,31,36,34,19,23,22,18,7,12,9,9,7,2,1,17,2,21,25,105,1,3,13,145,60,39,21,12,4,1,5,142,22,10,7,6,31,5,10,17,11,23,0,0,0,315,22
4094,438,467,76,39,28,91,97,71,50,51,49,47,64,67,13,10,24,20,11,8,12,77,6,93,89,665,1,2,20,29,24,53,45,55,31,22,16,246,36,20,5,2,59,11,45,26,16,26,0,0,0,905,124
4095,928,904,166,78,70,148,142,130,107,87,102,107,103,162,33,40,69,43,42,28,21,154,17,86,287,1205,7,6,44,180,48,111,91,95,80,38,34,497,52,24,14,12,139,10,101,69,50,26,0,0,0,1832,247
4096,169,159,32,9,6,32,25,25,25,15,31,22,23,23,5,16,7,6,5,1,5,15,5,26,21,193,2,0,12,69,48,30,21,16,11,2,3,131,9,7,4,5,19,1,29,25,15,17,0,0,0,328,32
4097,114,129,13,6,4,27,22,24,20,21,12,14,14,18,1,9,9,6,3,2,5,13,4,2,9,137,0,0,5,86,28,23,21,12,6,2,2,94,4,13,6,2,13,6,22,16,8,4,0,0,0,243,22
4098,211,213,32,19,7,58,14,32,36,36,12,25,17,33,8,8,11,13,10,6,11,36,3,42,43,308,1,2,9,16,19,12,19,18,17,11,12,108,19,5,0,4,26,6,13,14,8,13,0,0,0,424,58
4099,1126,1117,161,113,73,177,170,184,150,132,156,132,118,186,29,65,116,56,36,14,27,148,14,108,383,1512,4,5,65,152,84,162,136,113,100,47,24,666,77,48,14,12,142,8,115,85,71,94,0,0,0,2243,284
4100,164,183,8,3,2,17,23,26,48,23,31,9,17,19,7,14,29,30,8,10,6,17,3,54,25,28,1,2,9,225,81,69,23,8,2,0,2,185,19,19,12,19,14,35,22,14,13,18,0,0,0,347,12
4101,163,164,19,7,2,17,39,35,34,25,18,11,18,21,8,9,16,11,9,4,8,16,2,50,27,33,0,3,11,201,73,46,13,12,8,3,2,157,39,4,8,16,15,10,14,20,19,12,0,0,0,327,25
4102,186,247,13,2,3,21,44,51,39,36,22,29,15,15,10,20,24,25,16,9,12,27,3,40,31,39,1,4,11,304,125,68,21,13,7,1,2,237,70,11,6,12,17,28,21,24,29,19,0,0,0,433,23
4103,84,91,7,4,1,8,16,14,24,14,11,12,6,14,6,1,8,9,4,4,2,10,2,16,7,33,0,1,6,110,51,22,7,6,1,1,3,91,25,4,4,6,7,11,9,10,9,6,0,0,0,175,11
4104,142,169,6,2,3,18,16,38,30,31,21,13,27,11,5,10,15,21,9,9,13,13,2,60,22,38,0,3,9,177,70,52,15,10,4,0,4,155,48,6,6,6,21,13,6,22,14,13,0,0,0,311,18
4105,189,202,25,6,4,20,40,41,46,25,25,16,26,14,6,14,23,18,12,7,1,22,3,70,28,65,0,1,17,207,97,45,21,8,8,1,8,188,40,16,6,16,22,20,9,28,20,11,0,0,0,391,25
4106,6,8,1,1,0,0,0,0,3,0,0,1,1,0,2,0,1,2,0,0,1,1,0,0,0,0,0,0,1,13,1,3,1,1,0,0,0,6,3,1,0,1,0,0,1,0,0,0,0,0,0,14,1
4107,0,2,0,0,0,1,0,0,1,0,0,0,0,0,0,0,0,0,0,0,0,0,0,0,0,1,0,0,0,1,1,0,0,0,0,0,0,1,0,0,1,0,0,0,0,0,0,0,0,0,1,1,0
4108,91,92,6,3,1,18,11,23,17,11,9,11,10,17,2,4,7,7,7,2,5,12,1,21,2,33,0,0,12,114,52,23,6,8,2,0,3,94,27,5,6,8,10,6,2,8,14,8,0,0,0,183,13
4109,140,170,14,6,0,17,24,23,36,29,20,19,18,24,6,10,15,11,8,9,4,17,1,37,26,39,0,3,7,197,84,42,17,8,7,0,3,161,37,6,8,10,19,15,15,19,15,17,0,0,0,310,18
4110,97,96,3,5,3,9,16,26,17,11,15,11,10,5,3,9,11,11,6,5,4,13,2,9,20,18,1,3,12,128,63,31,10,5,2,0,1,112,30,4,9,8,15,10,8,13,7,8,0,0,0,193,8
4111,1,1,0,0,0,1,0,0,0,0,0,0,0,0,0,0,0,0,0,1,0,0,0,0,0,1,0,0,0,1,1,0,0,0,0,0,0,1,1,0,0,0,0,0,0,0,0,0,0,0,1,1,0
4112,16,22,1,0,0,3,3,2,3,3,4,1,1,0,2,5,0,4,2,2,1,1,2,6,8,6,0,0,2,14,0,0,0,0,0,0,0,0,0,0,0,0,0,0,0,0,0,0,0,0,38,0,0
4113,196,180,29,14,1,83,34,20,24,14,17,18,15,21,4,7,10,13,10,5,6,31,5,32,34,156,2,2,16,129,57,43,15,13,4,2,13,147,34,4,5,6,29,6,7,16,18,22,0,0,0,376,32
4114,12,17,1,0,1,6,2,2,3,0,1,4,2,1,0,1,3,1,1,0,0,0,0,5,5,8,0,0,1,10,5,7,2,1,0,0,0,15,1,1,2,0,5,0,1,1,2,2,0,0,0,29,1
4115,273,306,30,12,14,49,91,52,35,36,36,25,34,45,10,18,13,14,13,7,8,37,1,109,101,155,2,3,47,161,85,84,32,21,15,1,8,246,63,10,11,12,50,3,8,33,30,26,0,0,0,579,45
4116,380,424,36,22,15,64,106,67,75,48,44,41,46,35,20,27,23,34,19,11,12,59,4,120,121,228,4,3,29,295,158,101,39,42,6,1,14,361,87,17,17,19,57,14,30,47,33,40,0,0,11,793,63
4117,96,106,15,9,1,7,18,24,18,22,14,5,16,13,4,5,7,5,4,2,1,12,2,24,18,62,0,1,11,84,50,24,6,10,2,2,3,97,27,2,4,7,15,3,5,11,12,11,0,0,0,202,17
4118,9,12,0,0,0,2,1,1,3,3,2,1,2,0,0,0,4,1,0,1,0,0,0,0,3,1,0,0,0,17,9,4,0,0,0,0,0,13,6,0,0,1,5,0,0,0,0,1,0,0,4,17,0
4119,143,159,25,17,9,24,31,15,16,10,18,16,28,9,11,15,14,20,2,9,2,11,4,15,6,46,0,6,15,210,14,29,12,29,12,3,0,99,0,11,12,12,0,25,1,12,8,18,0,0,0,302,44
4120,91,76,11,9,2,9,14,7,13,12,6,12,13,13,8,5,9,6,5,4,1,8,0,22,2,32,0,1,0,110,7,15,18,8,4,4,0,56,1,8,4,8,3,15,5,4,4,4,0,0,0,167,16
4121,434,469,63,34,27,70,92,63,53,41,51,48,58,81,21,39,33,30,26,15,10,48,5,252,134,260,2,3,56,191,25,72,69,41,31,17,12,267,20,28,15,19,37,7,29,29,32,51,0,0,6,897,101
4122,506,456,78,34,25,79,86,67,57,43,55,55,73,82,23,27,27,41,11,17,13,69,9,159,293,361,1,5,40,94,37,60,56,55,34,24,8,274,15,27,15,13,43,10,53,34,26,38,0,0,39,923,121
4123,1,6,0,1,0,1,0,1,1,1,1,0,1,0,0,0,0,0,0,0,0,0,0,1,2,2,0,0,0,2,0,0,0,0,0,0,0,0,0,0,0,0,0,0,0,0,0,0,0,0,7,0,0
4124,0,0,0,0,0,0,0,0,0,0,0,0,0,0,0,0,0,0,0,0,0,0,0,0,0,0,0,0,0,0,0,0,0,0,0,0,0,0,0,0,0,0,0,0,0,0,0,0,0,0,0,0,0
4125,223,270,13,9,5,26,41,35,57,44,34,33,31,27,10,14,34,21,14,13,7,25,5,56,35,89,1,4,5,298,117,84,25,14,2,2,7,251,22,24,13,33,22,39,34,21,17,26,0,0,0,493,25
4126,136,144,9,3,1,15,18,28,23,14,20,17,23,18,11,15,22,9,12,7,4,11,0,53,21,59,2,3,3,139,69,44,16,8,1,1,4,143,14,8,9,14,12,29,16,13,8,20,0,0,0,280,14
4127,420,401,75,44,39,73,52,65,64,53,58,45,43,62,11,12,21,14,11,7,9,63,4,20,82,663,1,3,21,27,22,47,40,52,37,20,9,227,30,6,7,3,67,0,36,45,16,17,0,0,0,821,118
4128,176,169,20,6,5,15,26,35,34,24,24,20,19,17,4,18,17,16,9,9,8,19,2,56,27,57,0,1,7,195,79,54,13,10,5,2,5,168,26,17,12,12,13,26,23,5,15,19,0,0,2,343,22
4129,392,448,38,12,10,42,65,83,104,72,55,48,47,46,28,20,49,44,14,10,11,42,0,103,76,120,7,3,13,518,208,134,50,25,8,4,6,435,38,41,37,40,40,65,47,48,35,44,0,0,0,840,43
4130,300,324,14,12,8,38,39,69,61,57,39,31,40,33,16,27,41,25,30,12,12,20,5,92,59,85,1,0,11,371,162,113,34,17,6,2,3,337,39,31,25,45,26,44,33,35,23,36,0,0,0,624,28
4131,37,50,2,4,0,7,3,6,9,6,4,6,7,7,4,1,7,5,3,1,0,5,0,20,13,16,0,0,1,37,23,12,4,3,2,1,0,45,2,5,4,5,7,3,7,2,2,8,0,0,0,87,6
4132,73,105,2,0,2,9,19,16,13,15,13,7,11,3,8,3,16,12,4,3,8,14,1,34,15,36,1,0,0,91,37,29,6,6,1,3,2,84,15,7,6,4,7,11,9,6,7,12,0,0,0,178,12
4133,0,0,0,0,0,0,0,0,0,0,0,0,0,0,0,0,0,0,0,0,0,0,0,0,0,0,0,0,0,0,0,0,0,0,0,0,0,0,0,0,0,0,0,0,0,0,0,0,0,0,0,0,0
4134,42,52,8,0,1,5,4,9,10,4,9,10,5,3,1,4,5,4,3,2,3,4,0,15,8,22,0,3,5,41,17,15,6,0,1,0,3,42,5,5,4,6,1,7,4,4,4,2,0,0,0,94,4
4135,185,201,15,5,9,19,24,26,54,32,23,21,16,22,12,14,32,18,10,5,7,22,3,42,38,58,1,2,7,235,88,66,20,11,4,3,3,195,22,12,13,17,19,25,28,25,16,18,0,0,0,386,21
4136,216,237,24,14,7,27,57,46,31,32,22,22,28,28,9,13,16,16,5,7,9,40,7,25,35,157,0,3,15,211,76,60,25,13,11,3,7,195,52,19,10,9,30,17,9,14,20,15,0,0,0,453,34
4137,245,229,21,9,5,30,27,42,61,33,32,26,26,31,18,16,14,19,13,8,10,33,0,18,31,173,0,1,14,237,101,58,20,20,12,3,5,219,58,11,16,21,31,21,15,13,14,19,0,0,0,474,40
4138,333,346,44,14,15,51,47,69,70,61,44,36,29,36,12,27,30,24,17,8,12,33,9,52,72,205,2,1,32,306,162,85,33,20,12,4,10,326,92,22,17,19,55,30,27,18,22,24,0,0,1,678,46
4139,321,345,51,14,19,90,86,46,53,30,25,29,30,42,9,13,34,27,11,6,1,50,5,29,68,207,1,1,35,320,82,70,21,28,17,8,17,243,72,20,10,12,31,20,16,21,19,22,0,0,1,665,70
4140,285,271,37,16,11,48,55,48,54,33,38,27,30,37,10,13,17,13,8,11,5,45,6,35,58,186,1,0,23,247,125,46,29,15,16,3,10,244,73,13,18,17,29,19,23,17,17,18,0,0,13,543,44
4141,120,128,11,6,9,15,16,28,27,18,11,8,18,22,4,7,7,12,8,5,3,13,0,13,17,66,1,0,7,144,61,23,9,13,4,3,3,116,31,5,8,11,25,9,6,5,9,7,0,0,0,248,23
4142,24,58,3,1,2,2,3,10,4,10,9,8,11,1,5,4,2,1,3,0,1,2,0,4,17,21,0,1,1,38,0,1,0,1,0,0,0,2,0,0,0,0,0,0,1,1,0,0,0,0,76,6,1
4143,33,39,5,1,1,2,5,3,3,5,5,6,4,2,2,2,5,8,3,2,3,5,1,3,7,15,0,0,3,43,11,7,6,4,1,0,1,30,10,2,4,3,0,3,2,2,0,4,0,0,0,72,6
4144,620,673,115,53,52,127,112,102,80,65,83,62,66,124,23,31,36,32,14,15,10,91,3,42,125,991,0,3,31,98,53,62,60,65,58,27,25,350,63,2,3,3,117,8,68,37,31,18,0,0,16,1277,175
4145,474,518,62,53,39,97,63,67,60,76,52,58,51,103,17,19,29,22,14,10,19,81,4,12,63,830,0,4,9,70,49,52,52,48,40,24,18,283,52,1,2,7,94,10,50,37,13,17,0,0,0,992,130
4146,567,625,61,45,38,86,91,99,91,63,74,88,69,87,32,34,56,33,24,20,13,88,2,17,99,762,2,1,43,266,91,113,78,60,42,10,10,404,109,21,9,7,95,10,48,45,25,35,0,0,50,1142,122
4147,288,262,33,24,13,60,56,35,40,21,38,28,30,60,9,6,18,10,8,4,4,53,1,21,42,450,0,0,12,24,17,33,28,33,22,14,7,154,28,8,6,5,41,1,33,14,8,10,0,0,0,550,76
4148,412,465,71,38,26,95,65,80,57,47,52,53,40,81,6,16,31,12,11,11,15,70,4,40,82,678,1,3,24,45,24,35,45,30,45,28,15,222,26,7,4,5,67,7,41,31,20,14,0,0,13,864,118
4149,1093,1090,188,105,82,197,176,142,130,93,120,107,127,170,50,69,102,61,42,22,51,149,7,193,135,1583,2,4,71,188,60,139,103,114,92,53,35,596,22,66,37,29,58,25,119,98,73,69,0,0,8,2175,294
4150,545,557,105,46,53,102,75,67,77,69,61,51,65,112,14,26,45,22,18,12,18,64,6,46,83,814,4,4,16,129,35,51,62,48,47,39,14,296,50,19,2,2,87,1,35,36,25,39,0,0,6,1096,148
4151,0,0,0,0,0,0,0,0,0,0,0,0,0,0,0,0,0,0,0,0,0,0,0,0,0,0,0,0,0,0,0,0,0,0,0,0,0,0,0,0,0,0,0,0,0,0,0,0,0,0,0,0,0
4152,0,0,0,0,0,0,0,0,0,0,0,0,0,0,0,0,0,0,0,0,0,0,0,0,0,0,0,0,0,0,0,0,0,0,0,0,0,0,0,0,0,0,0,0,0,0,0,0,0,0,0,0,0
4153,402,536,42,16,26,105,97,75,76,56,62,65,51,47,30,27,33,20,18,11,13,68,13,58,147,290,3,5,38,384,87,75,31,30,12,2,16,253,62,16,13,15,36,28,27,20,16,20,0,0,286,652,60
4154,70,134,2,4,1,9,10,21,20,25,25,32,17,9,9,5,5,4,1,1,1,3,2,11,45,50,0,0,5,91,8,4,1,0,1,0,0,14,3,1,0,2,2,1,0,4,0,1,0,0,180,24,1
4155,0,0,0,0,0,0,0,0,0,0,0,0,0,0,0,0,0,0,0,0,0,0,0,0,0,0,0,0,0,0,0,0,0,0,0,0,0,0,0,0,0,0,0,0,0,0,0,0,0,0,0,0,0
4156,255,285,12,5,9,24,45,51,60,46,42,29,37,22,15,9,38,19,19,8,15,35,4,71,35,68,1,3,14,344,125,105,28,13,5,2,4,282,29,27,22,30,27,43,23,26,19,36,0,0,0,540,24
4157,163,191,12,1,2,18,32,35,45,23,29,22,18,14,12,11,23,19,6,6,9,17,2,58,30,52,1,2,12,197,81,68,20,7,5,0,3,184,16,11,10,21,21,25,20,17,21,22,0,0,0,354,15
4158,12,16,1,0,0,2,2,0,4,4,1,1,1,0,2,1,3,4,1,0,1,0,1,4,0,1,0,0,1,21,10,7,1,0,0,0,0,18,0,2,2,3,2,2,1,4,1,1,0,0,1,27,0
4159,0,0,0,0,0,0,0,0,0,0,0,0,0,0,0,0,0,0,0,0,0,0,0,0,0,0,0,0,0,0,0,0,0,0,0,0,0,0,0,0,0,0,0,0,0,0,0,0,0,0,0,0,0
4160,4,3,0,0,0,0,2,1,1,0,0,0,0,0,0,0,0,2,0,0,0,1,0,0,0,2,0,0,0,5,0,2,1,0,0,0,0,3,0,0,0,0,1,0,1,0,0,1,0,0,0,7,0
4161,96,95,7,3,4,14,22,12,18,19,12,10,15,11,0,5,7,7,4,5,8,8,1,26,13,21,0,0,6,124,44,29,11,8,3,0,1,96,11,9,3,10,10,14,15,8,4,12,0,0,0,191,12
4162,130,129,17,9,6,13,16,24,21,23,17,11,20,15,4,7,12,11,3,6,4,20,1,13,9,123,0,3,9,101,54,36,9,11,2,2,5,119,28,8,8,9,17,9,14,5,6,15,0,0,0,259,20
4163,82,70,3,5,2,12,14,20,17,9,5,9,8,11,4,1,6,6,2,1,2,15,1,10,10,51,0,2,3,75,38,15,6,3,8,1,1,72,16,8,1,7,10,6,4,5,6,9,0,0,0,152,13
4164,185,191,17,12,11,22,34,42,47,31,26,11,20,19,5,15,11,11,2,2,7,31,1,13,35,119,4,1,11,192,81,40,25,12,5,3,6,172,43,12,13,6,22,13,15,17,14,17,0,0,0,376,26
4165,166,167,16,13,6,19,34,34,39,26,19,15,16,23,11,9,16,8,8,2,5,14,1,11,32,141,0,1,9,138,76,38,14,14,8,3,3,156,43,11,4,10,22,17,12,9,16,12,0,0,0,333,28
4166,194,206,15,4,74,67,22,27,26,19,19,14,12,18,4,9,8,11,7,6,5,33,2,40,25,95,1,0,13,224,55,31,17,13,3,4,3,126,27,12,10,9,22,10,9,8,8,11,116,0,0,284,23
4167,975,1024,106,69,79,281,277,125,126,80,84,97,88,134,39,35,67,53,37,28,42,152,18,122,185,719,5,11,81,858,230,223,91,84,30,19,54,731,197,51,40,53,105,61,56,53,63,52,0,0,12,1987,187
4168,1054,1094,153,73,58,219,175,154,124,127,122,144,130,164,53,69,89,66,48,13,29,138,58,342,558,776,7,13,47,347,84,164,131,132,75,40,24,650,48,93,32,33,100,6,79,80,89,90,0,0,10,2138,271
4169,3,11,0,0,0,1,0,1,4,2,2,2,0,1,0,0,1,0,0,0,0,0,0,1,4,0,0,0,0,9,0,0,0,0,0,0,0,0,0,0,0,0,0,0,0,0,0,0,0,0,14,0,0
4170,936,913,135,71,66,159,152,135,126,114,105,110,126,135,31,50,68,48,35,20,12,151,10,317,635,656,9,7,75,140,50,144,116,103,78,31,18,540,40,47,23,21,88,22,87,75,63,74,0,0,31,1818,230
4171,288,285,28,21,15,60,40,46,32,24,34,27,45,34,13,21,38,21,17,10,6,41,13,16,5,265,3,3,12,256,53,59,29,30,15,10,7,203,29,20,12,17,46,3,20,18,12,26,0,0,0,573,62
4172,3,3,2,0,0,0,1,0,0,0,0,0,1,1,0,0,0,1,0,0,0,0,0,0,1,0,0,0,1,4,1,0,0,0,1,0,0,2,0,0,0,0,0,1,0,1,0,0,0,0,0,6,1
4173,136,164,13,4,4,15,20,26,28,26,19,15,28,16,6,9,18,11,10,3,7,22,0,25,21,45,2,0,4,203,83,43,17,12,2,1,2,160,13,14,10,16,23,27,17,13,7,20,0,0,0,300,17
4174,125,120,6,3,3,14,13,21,31,21,18,15,19,10,10,10,10,8,11,3,8,11,1,28,12,44,0,0,5,155,54,50,13,9,2,1,0,129,13,10,7,19,11,19,19,9,11,11,0,0,0,245,12
4175,123,152,11,5,0,8,23,26,36,35,16,15,21,10,8,6,17,5,11,6,4,12,2,48,18,50,0,1,8,148,68,42,15,9,2,0,4,140,10,18,10,5,12,20,16,16,12,21,0,0,0,275,15
4176,155,169,18,3,7,12,22,22,41,17,16,26,25,20,6,18,24,13,7,7,7,13,1,56,26,49,4,1,7,180,64,53,24,9,6,0,2,158,22,16,8,17,16,22,14,18,11,14,0,0,0,324,17
4177,0,0,0,0,0,0,0,0,0,0,0,0,0,0,0,0,0,0,0,0,0,0,0,0,0,0,0,0,0,0,0,0,0,0,0,0,0,0,0,0,0,0,0,0,0,0,0,0,0,0,0,0,0
4178,370,344,34,20,26,96,75,53,42,42,40,30,40,50,15,14,30,24,19,7,10,47,7,45,61,240,0,2,34,325,109,75,30,37,15,5,14,285,77,17,15,26,37,20,27,19,29,18,0,0,0,714,71
4179,0,0,0,0,0,0,0,0,0,0,0,0,0,0,0,0,0,0,0,0,0,0,0,0,0,0,0,0,0,0,0,0,0,0,0,0,0,0,0,0,0,0,0,0,0,0,0,0,0,0,0,0,0
4180,536,583,64,26,22,64,107,114,115,91,63,43,51,79,23,35,45,39,26,12,21,79,8,71,93,339,0,1,42,565,233,121,54,43,21,13,16,501,143,35,34,36,60,39,47,36,35,36,0,0,0,1119,93
4181,0,0,0,0,0,0,0,0,0,0,0,0,0,0,0,0,0,0,0,0,0,0,0,0,0,0,0,0,0,0,0,0,0,0,0,0,0,0,0,0,0,0,0,0,0,0,0,0,0,0,0,0,0
4182,170,192,18,10,4,30,32,29,33,26,26,16,26,25,10,6,16,10,10,5,5,25,1,21,12,122,1,2,3,200,77,38,13,15,8,3,6,160,30,21,12,10,19,17,11,14,14,12,0,0,2,360,32
4183,142,171,11,4,2,31,21,34,52,26,21,11,21,19,4,8,5,9,7,3,1,23,3,25,35,65,0,0,15,170,76,41,20,13,4,1,2,157,40,14,9,13,16,9,15,13,13,15,0,0,0,313,20
4184,967,1011,155,90,71,166,163,145,137,112,111,119,134,141,43,51,78,55,37,24,20,126,9,249,166,996,4,11,80,463,67,143,131,125,72,41,14,593,48,54,25,35,63,29,84,82,64,109,0,0,10,1968,252
4185,1,3,0,0,0,0,0,1,1,0,0,0,1,0,0,0,0,0,0,0,0,1,0,0,0,0,0,0,0,4,1,0,1,0,0,0,0,2,1,0,0,1,0,0,0,0,0,0,0,0,0,4,0
4186,754,801,117,71,35,132,116,113,90,85,86,102,99,103,34,51,72,49,32,25,23,120,6,225,494,646,2,3,61,118,61,130,88,86,58,31,15,469,33,42,20,22,65,21,79,62,61,64,0,0,28,1527,190
4187,460,446,70,44,30,95,68,59,62,55,54,44,46,76,16,16,34,39,17,14,7,60,4,105,128,560,0,4,42,63,34,47,54,39,37,27,14,252,44,11,5,11,52,3,53,40,13,20,0,0,0,906,117
4188,0,0,0,0,0,0,0,0,0,0,0,0,0,0,0,0,0,0,0,0,0,0,0,0,0,0,0,0,0,0,0,0,0,0,0,0,0,0,0,0,0,0,0,0,0,0,0,0,0,0,0,0,0
4189,920,949,140,81,59,175,166,137,124,99,115,101,114,150,38,44,74,56,36,22,20,118,9,442,297,917,3,11,90,100,83,128,85,112,73,54,16,551,75,26,23,25,124,8,110,55,51,54,0,0,5,1864,255
4190,3,1,0,0,0,2,0,0,1,0,0,0,0,0,0,0,0,0,0,0,0,1,0,0,0,4,0,0,0,0,0,0,0,1,0,0,0,1,0,0,0,0,0,0,0,0,1,0,0,0,0,4,1
4191,451,454,53,32,26,101,81,55,61,45,49,65,58,73,20,39,27,22,15,16,9,58,17,154,240,341,1,6,26,120,37,64,56,60,31,22,5,275,11,27,19,13,55,3,22,34,48,43,0,0,5,900,118
4192,215,191,25,18,11,41,30,37,28,27,24,33,22,45,8,7,8,8,4,2,2,26,3,7,37,343,1,0,7,8,14,26,12,30,18,10,4,114,10,5,2,4,39,0,23,17,9,5,0,0,0,406,62
4193,0,0,0,0,0,0,0,0,0,0,0,0,0,0,0,0,0,0,0,0,0,0,0,0,0,0,0,0,0,0,0,0,0,0,0,0,0,0,0,0,0,0,0,0,0,0,0,0,0,0,0,0,0
4194,38,440,1,2,63,251,95,26,21,11,2,2,3,1,0,0,0,0,0,0,0,0,5,17,42,66,3,3,8,334,0,2,1,1,0,0,0,4,0,0,0,0,0,0,4,0,0,0,0,467,0,11,1
4195,0,0,0,0,0,0,0,0,0,0,0,0,0,0,0,0,0,0,0,0,0,0,0,0,0,0,0,0,0,0,0,0,0,0,0,0,0,0,0,0,0,0,0,0,0,0,0,0,0,0,0,0,0
4196,0,0,0,0,0,0,0,0,0,0,0,0,0,0,0,0,0,0,0,0,0,0,0,0,0,0,0,0,0,0,0,0,0,0,0,0,0,0,0,0,0,0,0,0,0,0,0,0,0,0,0,0,0
4197,559,614,87,42,46,120,71,86,81,75,65,60,58,126,17,40,40,29,20,10,21,79,1,146,192,702,2,7,36,87,62,67,50,59,51,32,18,339,70,15,12,6,76,10,72,46,17,15,0,0,0,1173,160
4198,0,1,0,0,0,0,0,0,0,0,0,0,0,0,1,0,0,0,0,0,0,0,0,0,0,1,0,0,0,0,0,0,0,0,0,0,0,0,0,0,0,0,0,0,0,0,0,0,0,0,1,0,0
4199,0,0,0,0,0,0,0,0,0,0,0,0,0,0,0,0,0,0,0,0,0,0,0,0,0,0,0,0,0,0,0,0,0,0,0,0,0,0,0,0,0,0,0,0,0,0,0,0,0,0,0,0,0
4200,0,0,0,0,0,0,0,0,0,0,0,0,0,0,0,0,0,0,0,0,0,0,0,0,0,0,0,0,0,0,0,0,0,0,0,0,0,0,0,0,0,0,0,0,0,0,0,0,0,0,0,0,0
4201,384,373,36,13,18,181,78,36,45,29,26,27,42,56,7,21,22,19,18,6,17,60,11,21,55,293,3,5,42,327,106,107,25,35,17,1,16,307,89,17,16,20,43,26,26,30,27,13,0,0,0,757,69
4202,1,4,0,0,0,0,0,0,0,2,1,0,1,1,0,0,0,0,0,0,0,0,0,1,1,2,0,0,1,0,0,2,0,0,0,0,0,2,1,0,0,0,0,1,0,0,0,0,0,0,1,4,0
4203,452,490,78,51,29,83,91,71,82,58,51,46,45,77,15,21,28,9,12,14,3,78,8,28,102,687,1,5,24,87,37,59,42,50,42,17,17,264,47,1,5,9,74,11,54,31,20,12,0,0,6,936,126
4204,406,397,70,32,23,65,64,56,62,51,56,37,50,84,12,20,23,8,9,11,7,63,8,11,95,602,2,3,20,62,35,50,36,52,36,15,10,234,48,1,2,3,82,5,37,18,17,21,0,0,0,803,113
4205,398,423,59,33,32,65,82,56,60,56,48,37,43,80,11,14,21,20,11,10,12,71,4,36,72,680,2,2,7,18,30,43,39,41,34,22,15,224,25,14,4,4,71,2,41,31,15,17,0,0,0,821,112
4206,463,389,69,45,31,68,70,60,74,48,52,56,31,74,20,21,15,15,14,10,13,66,4,21,43,753,0,2,13,16,26,46,34,51,42,25,8,232,35,10,7,11,74,1,47,23,14,10,0,0,1,851,126
4207,360,376,56,23,13,52,66,70,64,41,30,54,49,62,10,12,30,17,14,10,10,53,4,13,15,507,0,5,21,171,59,64,48,43,22,12,6,254,64,12,1,5,64,9,28,30,18,23,0,0,0,736,83
4208,547,515,67,37,23,92,96,70,73,65,49,62,74,82,27,39,46,20,19,15,27,79,4,147,352,431,5,8,40,75,36,80,67,55,38,24,13,313,20,32,13,17,43,15,52,41,33,47,0,0,0,1062,130
4209,104,113,13,10,5,25,25,16,12,10,9,13,8,15,5,13,11,4,2,0,2,19,1,21,5,162,0,0,7,21,5,13,12,8,8,8,4,58,5,12,2,2,4,1,6,8,8,10,0,0,0,217,28
4210,338,312,56,23,29,48,54,45,40,34,44,42,40,67,9,16,28,20,9,4,1,41,5,143,85,341,0,1,21,54,28,35,31,40,26,19,7,186,28,7,2,11,34,1,43,27,12,21,0,0,0,650,92
4211,784,840,113,56,70,122,126,130,97,83,73,118,90,135,37,48,54,39,33,24,45,131,11,267,134,655,3,10,42,502,92,102,88,87,65,36,16,486,44,52,34,40,85,37,62,40,41,51,0,0,40,1584,204
4212,0,0,0,0,0,0,0,0,0,0,0,0,0,0,0,0,0,0,0,0,0,0,0,0,0,0,0,0,0,0,0,0,0,0,0,0,0,0,0,0,0,0,0,0,0,0,0,0,0,0,0,0,0
4213,38,36,4,1,1,8,10,6,6,6,4,5,4,3,1,1,5,6,0,0,0,3,0,15,8,9,0,2,1,39,13,9,5,1,0,0,3,31,3,2,5,6,0,3,1,3,5,3,0,0,0,74,4
4214,0,0,0,0,0,0,0,0,0,0,0,0,0,0,0,0,0,0,0,0,0,0,0,0,0,0,0,0,0,0,0,0,0,0,0,0,0,0,0,0,0,0,0,0,0,0,0,0,0,0,0,0,0
4215,0,0,0,0,0,0,0,0,0,0,0,0,0,0,0,0,0,0,0,0,0,0,0,0,0,0,0,0,0,0,0,0,0,0,0,0,0,0,0,0,0,0,0,0,0,0,0,0,0,0,0,0,0
4216,20,58,2,0,0,5,4,9,9,9,13,9,5,0,4,3,2,0,0,2,1,1,1,6,24,11,0,0,0,36,0,0,0,0,0,0,0,0,0,0,0,0,0,0,0,0,0,0,0,0,78,0,0
4217,829,822,141,80,77,158,120,107,93,78,81,129,99,132,25,34,55,31,37,23,21,130,11,164,207,1101,1,5,53,109,70,84,73,84,87,42,21,461,100,24,11,10,100,4,94,67,26,25,0,0,0,1651,234
4218,676,652,89,69,46,123,110,108,103,77,63,66,66,116,20,28,59,28,25,17,21,94,6,284,188,707,3,7,59,74,36,92,60,79,55,33,17,372,38,24,21,23,65,3,81,53,32,32,0,0,2,1326,184
4219,1080,1027,139,72,62,213,162,138,132,119,105,98,109,170,50,66,83,70,53,40,88,138,9,364,259,799,4,7,70,595,131,159,105,121,82,32,21,651,52,76,47,48,106,42,100,57,53,70,0,0,86,2021,256
4220,0,0,0,0,0,0,0,0,0,0,0,0,0,0,0,0,0,0,0,0,0,0,0,0,0,0,0,0,0,0,0,0,0,0,0,0,0,0,0,0,0,0,0,0,0,0,0,0,0,0,0,0,0
4221,196,195,25,23,13,43,29,28,18,22,29,21,25,22,7,22,18,12,2,7,1,24,0,86,57,138,1,1,6,102,14,27,27,26,16,6,3,119,9,14,6,3,14,2,20,13,15,23,0,0,0,391,51
4222,1356,1372,207,116,91,218,209,191,163,168,167,162,175,189,50,83,110,91,64,38,44,192,19,784,398,934,1,6,107,479,59,175,163,137,100,65,37,736,55,89,46,55,109,26,89,74,87,106,0,0,87,2641,339
4223,430,455,81,49,27,89,85,54,50,49,51,50,35,78,14,15,31,19,9,12,21,66,2,29,78,699,0,4,36,37,25,39,41,50,38,22,17,232,40,9,6,6,68,2,33,35,15,18,0,0,0,885,127
4224,0,0,0,0,0,0,0,0,0,0,0,0,0,0,0,0,0,0,0,0,0,0,0,0,0,0,0,0,0,0,0,0,0,0,0,0,0,0,0,0,0,0,0,0,0,0,0,0,0,0,0,0,0
4225,214,215,36,22,11,40,32,37,37,21,26,23,16,41,9,10,10,8,6,4,8,32,1,15,54,339,0,2,5,13,11,24,23,27,19,11,4,119,22,3,0,2,40,2,19,15,8,8,0,0,0,429,61
4226,283,273,40,22,16,47,36,51,30,31,35,26,35,41,12,22,21,14,8,9,9,51,3,16,118,366,1,6,14,32,23,36,40,25,24,8,9,165,28,10,6,2,25,3,32,23,17,19,0,0,0,556,66
4227,978,1864,50,39,55,146,191,259,270,315,305,312,252,85,94,86,93,53,48,29,66,94,26,159,494,675,5,16,60,1407,203,112,47,25,10,8,9,414,102,27,23,37,54,32,33,38,28,40,0,0,2001,841,52
4228,1,0,0,0,0,0,0,0,1,0,0,0,0,0,0,0,0,0,0,0,0,0,0,0,0,0,0,0,0,1,1,0,0,0,0,0,0,1,0,0,0,0,0,0,1,0,0,0,0,0,0,1,0
4229,965,1009,191,99,63,219,140,132,118,104,114,97,103,198,33,48,54,29,24,24,25,159,5,64,138,1501,3,4,45,214,62,93,92,95,77,61,39,519,60,40,6,4,172,7,79,64,41,46,0,0,0,1974,272
4230,103,120,16,8,14,13,17,13,17,18,18,9,10,17,4,3,12,8,7,2,4,13,11,5,2,57,2,0,6,140,6,20,13,14,8,3,3,67,0,8,4,12,4,13,4,9,2,11,0,0,0,223,28
4231,0,2,0,0,0,0,0,0,1,0,0,1,0,0,0,0,0,0,0,0,0,0,0,0,1,0,0,0,0,1,0,0,0,0,0,0,0,0,0,0,0,0,0,0,0,0,0,0,0,0,2,0,0
4232,0,0,0,0,0,0,0,0,0,0,0,0,0,0,0,0,0,0,0,0,0,0,0,0,0,0,0,0,0,0,0,0,0,0,0,0,0,0,0,0,0,0,0,0,0,0,0,0,0,0,0,0,0
4233,513,566,86,57,25,92,81,89,80,67,61,73,63,78,20,28,38,25,17,10,24,65,5,29,41,866,2,4,14,118,51,82,58,69,37,22,12,331,72,12,4,6,68,8,80,40,20,21,0,0,0,1079,140
4234,267,335,23,7,11,48,59,72,50,51,32,32,43,31,12,18,22,22,9,10,10,40,2,25,49,178,2,4,32,310,127,71,26,17,10,6,5,262,68,16,18,20,45,17,16,18,24,20,0,0,60,542,38
4235,642,575,89,55,41,127,106,91,95,73,68,58,47,122,17,21,36,30,15,10,13,103,4,49,126,959,0,0,18,61,43,52,66,61,48,32,24,326,70,26,4,6,91,4,61,35,16,13,0,0,0,1217,165
4236,255,282,47,43,17,40,55,30,41,39,36,30,33,34,7,13,18,12,11,4,6,21,2,10,17,431,1,1,6,69,25,34,35,25,15,16,8,158,39,5,5,5,31,2,37,18,8,8,0,0,0,537,64
4237,453,455,74,36,41,120,93,71,65,47,43,39,45,62,20,12,23,24,16,7,11,59,9,46,53,632,0,4,19,145,38,50,45,50,31,19,21,254,59,7,4,7,49,4,48,45,16,15,0,0,0,908,121
4238,577,591,91,58,38,99,99,109,67,51,76,73,57,107,18,27,38,31,18,10,9,92,4,39,110,929,1,2,13,70,28,64,53,66,40,28,27,306,59,15,9,3,73,8,52,44,21,22,0,0,0,1168,161
4239,0,0,0,0,0,0,0,0,0,0,0,0,0,0,0,0,0,0,0,0,0,0,0,0,0,0,0,0,0,0,0,0,0,0,0,0,0,0,0,0,0,0,0,0,0,0,0,0,0,0,0,0,0
4240,429,462,54,35,22,85,81,67,52,48,53,57,54,65,21,35,33,23,12,11,11,72,21,189,208,311,3,5,22,132,39,65,60,51,29,20,9,273,20,31,24,8,47,1,31,34,42,35,0,0,0,891,109
4241,729,711,122,77,54,123,85,121,98,68,82,83,73,115,40,41,47,42,36,22,18,93,2,42,71,1138,2,5,26,154,50,93,83,79,55,36,18,414,102,15,9,4,90,5,90,42,29,28,0,0,0,1440,188
4242,436,438,78,51,31,71,83,65,48,44,54,49,55,87,12,19,16,17,10,8,20,56,7,32,68,657,0,3,12,95,22,40,45,33,40,32,14,226,34,14,4,2,55,7,37,32,19,22,0,0,0,874,119
4243,0,0,0,0,0,0,0,0,0,0,0,0,0,0,0,0,0,0,0,0,0,0,0,0,0,0,0,0,0,0,0,0,0,0,0,0,0,0,0,0,0,0,0,0,0,0,0,0,0,0,0,0,0
4244,517,552,88,35,39,95,110,71,74,71,59,61,38,106,19,24,39,27,20,9,11,73,3,14,228,755,1,3,22,43,38,63,54,63,43,24,15,300,44,17,4,7,58,11,52,55,22,30,0,0,8,1061,145
4245,696,676,95,59,38,149,123,89,94,88,80,75,91,91,32,39,45,29,24,11,23,97,5,140,347,725,2,6,31,116,66,105,80,74,52,16,18,411,118,15,6,9,103,11,43,46,27,33,0,0,57,1315,160
4246,873,853,129,62,55,149,141,155,116,87,80,96,92,159,44,39,57,38,28,27,18,154,14,65,571,942,5,11,26,92,98,130,101,89,54,33,25,530,50,74,23,11,84,4,87,96,34,67,0,0,34,1692,201
4247,11,7,0,0,0,2,1,2,3,1,1,1,0,0,1,1,2,2,0,0,1,0,0,2,0,1,1,0,2,12,1,3,1,2,0,0,0,7,2,0,1,0,1,1,0,1,1,0,0,0,0,18,2
4248,432,360,34,26,15,54,51,64,59,49,52,47,55,33,17,42,48,42,28,18,23,35,8,35,14,99,1,4,22,609,94,130,55,40,12,5,3,339,27,41,30,39,41,53,21,35,17,35,0,0,0,792,60
4249,584,576,88,45,38,116,97,77,72,64,63,65,69,98,23,33,50,40,17,12,14,79,4,229,181,484,5,7,42,208,76,88,66,65,49,21,10,375,12,36,21,24,40,6,52,69,56,59,0,0,0,1160,145
4250,1133,1097,159,111,85,201,171,157,126,101,107,97,142,179,58,89,120,81,39,39,34,134,14,1159,333,344,7,12,114,247,41,134,126,131,98,54,23,607,30,98,54,58,57,59,61,49,39,102,0,0,21,2209,306
4251,191,180,18,25,14,44,31,32,23,17,24,18,17,36,10,3,9,9,7,0,10,24,0,4,16,310,0,0,4,37,18,23,22,21,15,6,5,110,41,3,3,0,24,2,26,4,4,3,0,0,5,366,47
4252,0,0,0,0,0,0,0,0,0,0,0,0,0,0,0,0,0,0,0,0,0,0,0,0,0,0,0,0,0,0,0,0,0,0,0,0,0,0,0,0,0,0,0,0,0,0,0,0,0,0,0,0,0
4253,481,489,85,26,32,78,83,85,69,42,56,50,67,69,22,33,44,31,17,8,12,61,4,309,186,307,3,2,28,131,29,59,68,68,43,14,5,286,42,31,11,11,50,8,30,36,25,42,0,0,9,961,130
4254,728,716,64,36,30,110,88,105,91,92,86,106,119,77,30,56,86,82,59,26,32,69,5,63,22,228,4,1,52,1069,171,224,97,59,34,8,10,603,59,66,45,59,63,103,43,62,45,58,0,0,0,1444,111
4255,260,250,45,17,18,55,68,35,28,25,33,26,15,52,7,11,6,10,7,3,8,41,1,7,22,429,0,4,6,41,17,24,22,29,13,15,13,133,33,2,1,2,29,3,24,19,12,8,0,0,2,508,70
4256,290,333,49,31,28,54,51,32,41,41,33,25,49,39,15,19,30,29,10,7,4,36,5,346,84,88,3,5,26,66,14,40,39,43,27,8,5,176,7,23,14,21,17,17,23,12,13,29,0,0,17,606,83
4257,520,551,95,52,34,91,91,79,73,60,66,47,60,93,15,23,34,27,18,18,13,82,6,27,41,860,1,3,15,118,42,64,65,58,41,27,12,309,71,10,8,9,59,3,71,40,20,18,0,0,7,1064,138
4258,0,0,0,0,0,0,0,0,0,0,0,0,0,0,0,0,0,0,0,0,0,0,0,0,0,0,0,0,0,0,0,0,0,0,0,0,0,0,0,0,0,0,0,0,0,0,0,0,0,0,0,0,0
4259,297,299,62,22,20,59,50,37,38,43,34,32,34,42,10,18,22,15,5,8,2,43,7,10,59,495,0,3,5,17,30,29,26,30,33,13,8,169,18,0,0,0,55,3,39,28,16,10,0,0,0,596,84
4260,285,311,46,26,21,51,68,46,41,28,25,27,33,49,12,11,18,14,8,10,5,57,4,9,59,483,1,2,13,25,30,33,21,43,25,14,7,173,20,0,1,4,60,6,38,21,11,12,0,0,0,596,89
4261,484,520,71,35,34,90,81,74,67,60,47,62,53,100,20,27,34,25,15,14,11,84,1,15,113,815,1,3,10,46,43,53,66,48,42,20,16,288,31,1,4,4,87,8,58,44,31,20,0,0,0,1004,126
4262,371,397,72,27,20,68,75,49,49,48,50,35,43,86,9,15,29,14,13,7,10,49,4,23,105,554,0,3,23,56,40,40,39,46,28,19,11,223,63,5,7,7,44,8,44,25,12,8,0,0,0,768,104
4263,788,825,124,68,59,176,138,120,105,84,88,85,77,129,21,40,43,37,21,20,15,163,5,53,206,1208,2,5,55,79,74,80,84,68,75,36,32,449,118,11,9,15,99,9,88,39,33,28,0,0,0,1613,211
4264,939,918,162,79,84,176,128,124,126,103,111,93,104,156,37,47,55,55,20,25,20,152,11,62,225,1372,6,9,56,116,76,89,89,97,83,45,32,511,131,16,16,17,108,15,93,38,34,43,0,0,0,1857,257
4265,892,848,135,76,49,152,151,118,106,98,99,95,81,179,37,53,67,45,31,24,20,124,10,356,258,900,1,5,65,145,80,98,73,109,76,30,25,491,62,24,24,13,106,10,98,70,36,48,0,0,41,1699,240
4266,828,871,126,82,55,131,118,130,129,91,96,105,100,126,42,62,82,51,27,24,32,90,9,914,280,285,4,4,78,125,43,115,107,101,72,30,13,481,31,63,27,37,25,38,62,75,56,67,0,0,60,1639,216
4267,538,562,75,42,35,96,91,89,71,62,63,60,59,93,32,35,48,33,18,16,11,71,4,547,180,263,4,5,47,50,36,85,61,67,40,25,10,324,10,40,24,19,32,28,52,51,28,40,0,0,10,1090,142
4268,323,316,41,24,13,67,33,36,43,44,50,36,44,36,18,24,24,31,17,12,9,37,2,87,42,266,1,1,29,211,25,74,44,31,20,9,7,210,24,31,18,25,14,27,13,8,18,32,0,0,0,639,67
4269,309,278,55,21,22,56,36,38,30,35,29,37,35,64,10,12,21,19,7,1,7,52,2,13,129,413,0,1,14,15,24,31,30,27,35,10,8,165,23,18,1,4,29,3,26,28,12,21,0,0,0,587,80
4270,818,821,130,58,43,142,150,117,99,98,95,98,102,136,36,61,48,29,36,22,15,124,9,45,572,883,2,8,33,87,97,126,92,81,63,29,24,512,45,64,20,13,96,3,93,87,43,48,0,0,0,1639,197
4271,461,486,85,42,31,95,75,80,57,60,52,55,49,73,13,19,33,28,12,9,5,74,7,16,242,626,4,2,22,28,39,60,47,45,37,27,14,269,42,7,7,7,73,6,41,50,17,19,0,0,0,947,123
4272,464,467,33,29,21,68,49,68,69,60,63,65,79,37,22,35,57,47,32,19,28,50,0,38,3,165,3,6,20,696,141,158,62,45,14,1,4,425,13,55,35,37,22,39,50,64,45,65,0,0,0,931,64
4273,214,199,34,16,8,40,23,21,24,29,20,22,29,27,13,17,14,23,5,5,7,36,3,111,29,121,1,3,23,122,20,25,22,31,15,7,3,123,11,13,9,9,16,5,14,13,16,17,0,0,11,402,56
4274,0,0,0,0,0,0,0,0,0,0,0,0,0,0,0,0,0,0,0,0,0,0,0,0,0,0,0,0,0,0,0,0,0,0,0,0,0,0,0,0,0,0,0,0,0,0,0,0,0,0,0,0,0
4275,416,449,61,40,31,76,48,78,50,52,57,53,51,88,11,23,34,17,22,9,8,56,4,16,37,720,0,4,21,63,26,46,47,46,36,13,20,234,67,4,3,5,50,4,36,35,16,14,0,0,4,861,115
4276,753,718,114,56,64,110,114,124,99,81,88,80,64,111,33,48,77,44,29,26,23,86,5,545,220,409,2,10,42,238,43,138,88,90,63,29,5,456,83,42,13,20,61,23,57,48,41,68,0,0,0,1471,187
4277,424,409,47,18,23,61,62,62,41,37,42,57,65,40,29,36,56,40,24,24,28,41,7,41,7,111,0,6,15,646,117,125,49,30,21,5,8,355,19,26,35,50,26,85,8,26,26,54,0,0,0,833,64
4278,1947,1904,250,161,119,361,361,315,274,192,221,193,223,308,74,111,129,107,58,53,54,287,18,273,1013,2185,9,19,91,243,168,270,240,219,164,68,37,1166,365,37,22,28,242,34,125,139,93,81,0,0,9,3842,488
4279,154,174,31,16,15,29,25,19,25,24,15,20,19,26,4,9,12,13,3,2,3,18,0,13,15,264,1,2,12,21,14,21,22,12,14,8,5,96,35,1,1,3,19,1,16,10,5,5,0,0,0,328,39
4280,216,182,19,9,13,25,24,22,34,20,24,30,28,30,11,19,21,19,13,11,11,15,6,22,4,69,0,2,11,284,61,55,29,22,6,1,2,176,18,21,11,24,20,18,13,15,12,24,0,0,0,398,31
4281,0,0,0,0,0,0,0,0,0,0,0,0,0,0,0,0,0,0,0,0,0,0,0,0,0,0,0,0,0,0,0,0,0,0,0,0,0,0,0,0,0,0,0,0,0,0,0,0,0,0,0,0,0
4282,502,596,84,48,28,68,78,92,77,64,70,67,61,110,30,23,52,34,18,19,13,62,5,401,163,363,1,6,43,116,27,86,78,65,36,28,7,327,49,43,19,19,35,12,35,28,24,63,0,0,0,1098,136
4283,699,692,66,38,27,93,84,107,100,82,91,82,105,60,37,54,92,63,44,34,54,78,5,68,10,238,9,6,22,1033,192,196,99,58,17,5,8,575,33,83,37,57,43,74,27,85,51,85,0,0,99,1292,88
4284,123,105,20,7,7,23,23,18,16,15,10,15,11,27,3,5,4,5,2,3,1,13,1,2,16,198,0,0,1,10,17,18,17,11,9,3,2,77,6,0,1,1,27,2,11,17,10,2,0,0,0,228,25
4285,244,220,34,15,17,46,40,35,28,27,27,35,21,40,7,17,14,15,6,3,8,29,1,5,48,375,0,1,6,28,21,31,30,28,15,9,5,139,15,0,2,5,36,4,38,24,8,7,0,0,9,455,57
4286,232,350,38,18,17,66,53,59,48,41,40,38,20,33,5,16,14,17,6,4,13,36,1,15,37,442,2,4,5,76,17,19,20,29,12,9,12,118,45,0,0,3,23,3,17,15,8,4,0,0,142,440,62
4287,0,0,0,0,0,0,0,0,0,0,0,0,0,0,0,0,0,0,0,0,0,0,0,0,0,0,0,0,0,0,0,0,0,0,0,0,0,0,0,0,0,0,0,0,0,0,0,0,0,0,0,0,0
4288,715,743,103,50,36,120,112,127,94,90,81,86,96,121,26,39,63,39,25,24,23,103,6,288,257,632,6,7,55,207,72,121,93,76,44,36,13,455,16,44,24,19,53,7,80,78,60,74,0,0,17,1441,169
4289,1058,1071,134,85,67,177,161,156,138,121,122,112,139,178,46,71,88,78,44,31,34,147,16,427,520,677,6,9,74,400,77,147,140,122,88,44,17,635,28,68,36,34,63,6,99,112,81,108,0,0,6,2123,271
4290,0,0,0,0,0,0,0,0,0,0,0,0,0,0,0,0,0,0,0,0,0,0,0,0,0,0,0,0,0,0,0,0,0,0,0,0,0,0,0,0,0,0,0,0,0,0,0,0,0,0,0,0,0
4291,166,151,14,13,4,17,21,23,22,27,22,16,18,13,7,17,23,19,12,7,9,13,3,21,3,35,3,3,9,240,53,51,21,15,5,1,1,147,20,13,12,17,7,30,9,14,8,17,0,0,0,317,22
4292,302,312,58,24,19,62,43,54,41,44,39,31,31,54,8,14,15,15,7,5,8,42,3,10,63,502,0,1,6,29,28,34,26,35,17,21,11,172,17,1,4,7,48,3,46,25,16,5,0,0,0,614,84
4293,1080,1102,160,77,66,159,185,162,143,116,150,132,130,171,54,75,98,66,55,35,32,116,15,811,287,705,9,7,63,285,53,162,158,158,65,40,11,647,92,77,26,20,124,25,59,64,55,105,0,0,46,2136,274
4294,1323,1370,265,149,103,272,207,189,188,145,156,129,117,232,41,65,87,56,30,21,36,205,16,279,230,1899,2,10,64,193,66,127,166,141,126,65,36,727,151,24,5,10,194,10,108,81,64,80,0,0,0,2693,368
4295,563,552,100,38,34,68,86,92,72,51,59,59,59,82,25,43,70,44,30,20,19,64,3,728,45,125,3,7,69,135,11,83,75,60,48,24,9,310,7,49,21,23,18,12,30,43,44,63,0,0,19,1096,141
4296,442,427,45,29,25,70,60,46,65,59,48,60,64,34,29,30,49,40,31,24,26,35,9,37,13,128,3,1,21,657,130,112,54,48,19,7,3,373,34,34,33,46,39,68,20,34,23,42,0,0,0,869,77
4297,406,390,59,33,43,105,70,55,49,43,35,57,43,53,10,15,20,19,14,10,7,56,3,8,90,645,0,1,16,33,20,44,34,45,23,30,14,210,30,8,1,4,71,4,36,26,17,13,0,0,0,796,112
4298,459,501,89,49,24,83,65,76,59,58,57,47,51,71,13,27,33,25,24,14,13,82,4,31,56,760,1,4,32,72,19,50,53,38,42,30,14,246,20,25,8,4,46,1,44,48,26,24,0,0,27,933,124
4299,411,412,78,42,33,73,59,57,45,51,37,52,36,89,12,16,32,15,9,9,9,69,5,14,39,694,0,10,35,26,14,28,32,30,43,24,21,192,10,17,3,0,40,2,32,48,16,24,0,0,0,823,118
4300,396,384,53,34,33,79,55,57,55,46,46,51,36,73,15,13,31,6,13,6,8,70,1,7,125,598,0,6,14,29,22,43,50,40,29,17,14,215,26,11,6,7,57,6,36,30,17,19,0,0,1,779,100
4301,402,349,32,16,12,50,45,52,63,42,44,50,63,38,24,30,55,43,18,15,22,37,2,47,2,40,1,1,22,636,85,122,50,39,11,5,4,316,28,28,13,24,38,76,21,16,32,40,0,0,0,751,59
4302,36,31,5,8,0,6,4,3,4,2,4,4,7,2,1,3,2,5,1,4,1,1,0,0,6,17,0,1,1,42,4,6,6,7,1,0,0,24,4,7,1,3,1,4,0,0,2,2,0,0,0,67,8
4303,159,118,25,12,10,35,15,21,15,16,15,12,15,25,2,8,10,3,2,2,6,28,1,4,10,247,0,0,6,9,8,11,7,12,17,11,3,69,8,0,0,0,20,1,17,12,8,3,0,0,0,277,43
4304,0,0,0,0,0,0,0,0,0,0,0,0,0,0,0,0,0,0,0,0,0,0,0,0,0,0,0,0,0,0,0,0,0,0,0,0,0,0,0,0,0,0,0,0,0,0,0,0,0,0,0,0,0
4305,901,923,124,68,52,146,144,155,112,91,86,104,98,154,37,63,101,82,41,30,31,105,9,1255,64,150,11,14,69,252,22,125,111,127,70,33,12,500,11,73,43,35,24,19,44,92,68,91,0,0,68,1756,242
4306,270,250,49,30,17,49,34,42,35,28,31,29,27,42,11,15,18,13,5,6,6,33,3,14,57,417,1,3,7,18,29,34,19,26,23,15,7,153,18,0,1,3,44,8,28,29,15,7,0,0,0,520,71
4307,146,184,16,10,7,23,18,26,24,25,16,28,29,12,8,17,23,13,11,6,9,9,1,9,3,59,0,1,5,252,67,53,25,14,2,0,2,163,6,25,14,14,10,22,9,25,13,25,0,0,0,330,18
4308,170,164,19,12,10,21,20,31,23,14,22,29,17,26,4,10,19,19,8,6,3,21,4,110,61,93,2,2,10,52,3,31,22,12,10,16,1,95,2,19,13,10,0,4,7,7,12,21,0,0,0,334,39
4309,753,698,108,46,45,134,117,106,104,78,82,71,79,90,32,61,88,66,35,13,19,77,6,826,240,222,5,6,57,89,49,122,81,96,57,29,9,443,20,58,27,29,41,42,62,74,38,52,0,0,0,1451,191
4310,273,251,18,19,13,29,25,38,42,33,23,37,38,31,15,34,32,30,12,12,16,27,1,35,3,51,0,3,15,416,64,82,39,20,11,2,4,222,15,23,9,24,35,41,17,15,15,28,0,0,0,524,37
4311,192,234,19,7,7,30,45,37,25,27,24,21,31,16,9,24,27,19,11,6,12,29,4,23,4,92,0,0,5,298,72,70,24,10,6,4,6,192,7,32,15,13,14,27,11,29,18,26,0,0,0,426,26
4312,274,300,46,30,12,56,49,39,39,37,34,34,22,52,10,10,22,16,10,5,3,48,1,6,22,498,0,1,17,29,9,30,33,28,18,23,8,149,11,17,3,5,32,3,25,22,16,15,0,0,0,574,77
4313,443,418,66,53,35,78,66,57,52,41,48,43,41,70,22,28,39,19,23,12,13,55,8,206,46,448,2,10,23,118,27,51,59,52,32,19,9,249,24,34,13,6,24,12,30,49,18,39,0,0,0,861,112
4314,44,393,0,1,75,238,59,34,14,12,3,1,0,0,0,0,0,0,0,0,0,0,2,21,58,90,1,4,17,244,0,0,0,0,0,0,0,0,0,0,0,0,0,0,0,0,0,0,0,437,0,0,0
4315,512,548,87,58,37,104,73,80,72,50,58,63,54,92,14,23,25,33,18,8,15,96,8,7,142,805,0,6,12,80,26,46,56,57,51,28,15,279,35,8,7,3,80,9,61,45,17,14,0,0,0,1060,151
4316,258,229,38,22,7,26,30,32,36,39,37,21,33,32,7,15,16,19,16,14,20,27,3,23,18,115,0,1,6,321,62,57,28,20,19,6,2,194,13,17,11,8,21,21,17,28,20,38,0,0,0,487,47
4317,0,0,0,0,0,0,0,0,0,0,0,0,0,0,0,0,0,0,0,0,0,0,0,0,0,0,0,0,0,0,0,0,0,0,0,0,0,0,0,0,0,0,0,0,0,0,0,0,0,0,0,0,0
4318,105,115,10,7,5,16,13,15,20,10,17,12,12,14,2,8,14,19,1,7,4,14,2,22,1,19,0,2,2,172,19,29,14,15,7,1,0,85,3,2,8,11,12,14,5,7,9,14,0,0,0,220,23
4319,215,181,42,14,11,39,41,26,28,23,18,22,29,39,5,3,11,10,6,2,5,22,1,10,21,344,0,1,8,11,10,29,20,12,15,17,5,108,8,8,3,0,30,1,17,19,13,9,0,0,0,396,49
4320,289,292,30,12,8,35,30,47,38,29,38,35,37,24,18,29,32,36,28,19,24,32,1,18,31,61,2,2,20,446,70,98,37,25,12,2,4,248,11,31,17,31,19,44,19,19,21,36,0,0,0,581,43
4321,755,733,92,47,45,138,116,94,96,76,73,81,123,99,42,70,75,58,26,20,27,90,11,641,332,223,5,8,56,212,26,130,87,96,53,22,15,429,8,81,48,44,13,14,31,38,44,108,0,0,42,1446,186
4322,131,118,22,10,6,12,19,25,15,17,18,8,20,10,4,6,12,14,8,8,6,9,1,5,12,38,0,1,5,187,31,42,16,8,5,1,3,106,8,13,10,10,8,20,7,6,6,18,0,0,0,249,17
4323,413,437,67,42,31,58,83,75,49,48,42,37,52,73,15,16,31,13,13,10,23,72,2,176,38,484,3,9,21,117,16,37,45,49,31,22,17,217,26,26,11,9,17,9,29,42,20,28,0,0,0,850,119
4324,716,718,116,66,46,119,106,126,99,74,77,100,70,102,27,43,52,37,13,18,17,126,4,150,138,989,5,2,30,116,41,87,74,88,58,33,19,400,91,7,3,3,124,3,55,41,41,32,0,0,0,1434,198
4325,388,411,45,50,29,76,68,67,41,41,41,43,42,74,12,16,34,15,12,3,9,81,3,199,38,403,2,2,19,133,20,38,36,47,30,22,15,208,13,32,12,8,23,14,33,38,18,17,0,0,7,792,114
4326,481,494,56,28,22,51,73,63,71,39,50,49,78,47,34,63,55,41,36,23,29,67,8,17,45,122,2,3,17,761,87,130,71,42,25,10,7,372,21,32,26,46,27,85,24,42,28,41,0,0,5,970,84
4327,567,534,61,27,29,78,77,83,85,62,70,68,77,44,34,37,64,69,34,22,27,53,11,47,1,96,4,5,17,920,135,166,69,59,21,5,7,462,28,40,25,51,54,102,24,33,39,66,0,0,0,1101,92
4328,1232,1300,135,110,59,194,186,205,224,175,170,145,138,204,51,73,95,74,49,37,18,190,10,1023,376,823,6,11,85,198,131,213,162,158,95,51,8,818,37,57,39,53,112,30,121,153,107,109,0,0,12,2520,312
4329,548,567,73,48,44,93,88,95,76,51,63,56,51,81,22,33,46,25,30,13,23,104,7,225,48,600,4,11,31,189,29,67,72,66,38,27,15,314,42,32,14,16,29,17,31,62,15,56,0,0,0,1115,146
4330,534,4025,0,8,554,2540,774,308,214,115,29,13,2,0,2,0,0,0,0,0,0,0,42,275,653,687,18,30,185,2669,0,0,0,0,0,0,0,0,0,0,0,0,0,0,0,0,0,0,0,4559,0,0,0
4331,316,298,45,26,25,50,52,34,44,32,32,22,34,41,11,31,27,29,19,10,9,41,14,15,4,299,2,3,17,260,62,58,28,23,22,11,10,214,34,24,15,16,42,8,31,15,13,16,0,0,0,614,66
4332,895,831,90,68,52,155,127,135,117,82,97,99,116,111,44,58,96,72,38,15,33,121,10,708,372,354,4,15,61,202,37,144,126,113,61,25,12,518,14,110,66,60,26,8,41,39,51,103,0,0,18,1708,211
4333,590,542,80,48,30,89,69,77,82,70,64,70,61,78,19,52,53,53,34,21,13,69,6,213,21,634,3,6,40,209,65,117,75,61,36,20,7,381,36,32,43,32,18,31,65,39,31,54,0,0,8,1124,124
4334,395,345,67,37,21,69,63,48,40,40,43,29,36,76,14,27,25,24,12,10,7,52,2,181,58,356,3,3,15,122,12,27,46,50,33,15,10,193,19,24,4,10,20,14,18,38,18,28,0,0,0,740,108
4335,178,190,8,7,13,25,28,35,16,15,22,24,37,16,18,20,23,18,15,8,9,11,3,23,7,38,2,1,5,289,53,48,26,17,11,3,0,158,12,17,14,28,9,30,1,10,11,26,0,0,0,368,31
4336,282,293,51,22,23,48,61,44,36,29,26,34,18,41,13,9,21,16,12,9,8,54,0,26,24,498,1,1,8,17,8,37,28,29,28,12,10,152,23,8,2,5,29,0,39,18,16,12,0,0,0,575,79
4337,501,580,83,45,41,95,96,78,67,65,68,72,47,105,18,30,40,21,7,10,15,78,1,49,44,892,1,4,17,73,26,64,60,52,40,23,17,282,35,8,6,5,60,11,73,37,21,26,0,0,57,1024,132
4338,105,102,17,9,7,18,23,14,16,7,14,5,12,26,2,5,7,2,1,1,1,20,1,0,37,146,0,6,6,11,5,5,6,8,13,6,5,48,13,2,0,3,14,0,8,1,6,1,0,0,0,207,32
4339,142,144,28,6,10,27,23,19,25,18,10,18,19,15,4,4,15,7,3,8,4,23,0,49,14,167,2,4,4,46,5,14,15,14,10,9,6,73,6,9,6,4,13,4,11,9,6,5,0,0,0,286,39
4340,0,0,0,0,0,0,0,0,0,0,0,0,0,0,0,0,0,0,0,0,0,0,0,0,0,0,0,0,0,0,0,0,0,0,0,0,0,0,0,0,0,0,0,0,0,0,0,0,0,0,0,0,0
4341,239,2029,0,2,321,1319,318,119,106,59,18,5,0,0,0,1,0,0,0,0,0,0,19,123,320,398,8,9,66,1325,0,0,0,0,0,0,0,0,0,0,0,0,0,0,0,0,0,0,0,2268,0,0,0
4342,1129,1146,177,81,67,175,146,211,166,141,137,148,107,192,51,44,79,72,47,32,36,166,9,498,330,758,7,18,107,548,56,180,192,133,76,39,17,693,32,55,23,22,146,21,84,139,72,99,0,0,0,2275,265
4343,1001,1008,189,105,76,172,161,148,129,96,114,112,98,168,40,52,83,55,26,25,11,149,6,336,62,1386,4,8,50,157,53,85,89,134,98,58,18,535,80,17,15,13,98,6,114,93,47,52,0,0,0,2009,308
4344,440,405,72,48,40,77,76,49,49,45,47,48,40,75,17,14,30,18,12,7,14,67,2,41,42,710,0,5,16,29,21,48,32,42,37,27,14,221,24,8,4,3,43,5,52,30,21,31,0,0,0,845,120
4345,205,211,30,16,11,29,28,45,28,29,27,22,14,38,8,10,21,11,13,4,2,30,1,80,62,144,0,4,16,109,8,33,30,22,24,5,2,124,11,4,4,5,25,2,20,26,16,11,0,0,0,416,53
4346,1230,1204,142,90,71,247,247,190,161,125,149,147,149,160,63,77,98,67,45,22,30,154,13,428,354,1147,4,10,118,360,118,202,162,153,87,38,19,779,65,43,21,31,119,6,202,97,85,110,0,0,0,2434,297
4347,33,35,2,2,2,6,3,5,4,1,5,1,9,7,5,2,2,5,1,1,0,5,0,2,1,23,0,0,0,42,11,8,4,3,1,2,0,29,5,3,2,2,2,0,5,4,2,4,0,0,0,68,6
4348,260,258,37,21,18,40,40,23,34,30,34,26,31,41,8,21,29,24,15,3,5,38,6,11,6,252,2,4,14,223,50,54,23,18,18,12,7,182,31,22,12,7,47,1,18,14,11,19,0,0,0,518,55
4349,1039,1080,158,113,87,173,191,145,125,99,104,93,82,182,34,54,86,52,49,38,61,193,18,398,150,1143,11,17,70,312,23,90,108,107,79,56,43,506,49,57,19,31,59,38,59,95,46,53,0,0,69,2050,285
4350,266,253,22,9,14,40,47,45,24,29,26,46,36,15,14,20,34,27,14,16,14,27,3,14,2,54,2,0,13,431,64,82,35,23,10,6,1,221,11,18,19,27,18,59,7,13,18,31,0,0,0,519,40
4351,450,426,71,40,22,71,79,41,50,43,61,55,50,80,25,25,41,18,12,16,14,62,4,300,20,461,0,1,28,62,10,48,60,36,43,29,7,233,35,14,2,5,59,3,38,23,23,31,0,0,0,876,115
4352,382,383,56,42,17,60,54,71,44,47,45,42,38,67,18,26,28,21,14,9,13,53,3,217,7,457,3,3,21,54,20,44,49,51,28,22,4,218,20,27,8,11,30,14,23,18,17,50,0,0,0,765,105
4353,863,876,152,96,62,138,146,115,118,108,111,97,85,148,31,43,51,46,28,23,19,122,12,268,62,1220,1,5,16,155,36,85,95,93,90,47,17,463,86,15,16,17,61,7,102,78,40,41,0,0,6,1733,247
4354,712,663,128,76,49,139,92,118,82,82,68,80,68,107,18,32,47,27,20,15,18,109,8,97,63,1126,2,6,30,43,30,68,79,69,58,35,24,363,33,11,4,7,71,13,98,61,35,30,0,0,0,1375,186
4355,133,142,10,7,6,25,23,26,17,23,15,23,15,15,9,6,14,10,10,3,0,18,1,33,13,111,0,1,15,101,19,46,19,8,7,1,4,104,13,21,8,11,4,18,8,4,3,14,0,0,0,275,20
4356,222,264,32,23,13,26,41,34,24,26,34,38,31,36,11,20,25,18,21,13,6,14,7,7,11,238,0,4,6,213,41,47,20,20,12,11,5,156,16,15,15,8,42,7,21,10,6,16,0,0,45,441,48
4357,95,102,21,5,5,16,11,5,10,11,15,7,11,20,10,10,10,4,5,3,2,16,2,4,0,102,0,0,7,82,16,22,5,10,4,9,1,67,9,6,5,1,16,1,13,9,1,6,0,0,0,197,24
4358,431,412,55,32,26,70,61,66,41,42,37,48,46,73,16,19,33,26,29,30,48,45,5,214,56,433,1,2,19,113,9,49,50,46,32,14,8,208,37,9,4,1,51,6,36,23,22,19,0,0,90,753,100
4359,1261,1207,173,103,69,191,190,195,176,140,131,133,135,195,58,71,109,90,63,40,45,161,20,1095,78,1030,7,8,73,157,113,177,140,130,87,62,29,738,222,46,20,14,142,13,70,65,69,77,0,0,16,2452,308
4360,166,188,18,7,7,35,32,32,30,13,9,19,23,26,9,18,20,11,8,7,1,29,1,5,2,152,1,1,6,186,12,41,25,17,13,6,2,116,10,12,5,7,9,9,11,19,23,11,0,0,0,354,38
4361,207,176,28,18,14,37,28,22,30,19,20,21,23,29,9,7,20,13,8,1,2,34,1,69,17,262,0,2,7,25,17,18,27,24,14,7,5,112,15,0,5,5,28,3,24,15,14,3,0,0,0,383,50
4362,177,150,8,16,14,39,31,15,25,14,13,19,18,9,20,12,16,15,7,11,7,18,0,11,2,74,1,1,1,237,39,50,23,12,8,1,3,136,6,14,10,21,15,21,5,9,17,18,0,0,0,327,24
4363,476,444,73,31,26,77,59,78,73,51,49,60,57,68,21,33,31,29,19,5,17,63,4,364,121,300,5,5,30,91,35,70,59,53,47,12,6,282,22,21,9,9,45,6,45,47,31,47,0,0,0,920,118
4364,937,894,173,92,76,161,134,116,102,94,84,97,104,149,38,54,76,64,35,28,35,119,10,441,104,578,8,6,47,637,11,109,87,127,100,42,10,486,20,59,46,75,21,123,18,27,31,66,0,0,0,1831,279
4365,14,7,0,0,0,1,1,0,1,1,2,2,0,0,0,1,1,7,2,0,2,0,0,1,0,11,0,0,0,9,2,4,2,0,1,0,0,9,1,1,3,1,0,2,0,1,0,0,0,0,0,21,1
4366,364,337,79,36,20,49,65,40,52,52,36,34,32,56,12,19,26,24,10,5,9,45,5,97,11,529,0,2,8,49,15,34,38,40,35,20,6,188,28,7,6,11,25,0,40,31,23,17,0,0,0,701,101
4367,1256,1151,151,101,54,182,188,187,162,141,133,132,147,168,48,80,116,100,77,38,46,156,12,467,61,1360,4,15,66,422,125,246,164,123,76,44,20,798,76,82,63,83,28,45,104,102,86,129,0,0,0,2407,263
4368,483,490,66,45,40,77,73,67,65,57,55,61,58,65,19,26,40,28,34,14,19,64,6,196,55,574,2,4,22,114,30,68,53,62,31,23,13,280,10,26,15,17,32,16,50,44,30,40,0,0,0,973,129
4369,3,2,0,0,0,0,1,1,0,0,0,0,0,1,0,0,1,0,1,0,0,0,0,0,0,0,0,0,0,5,0,1,1,0,0,0,0,2,0,1,0,0,0,0,0,0,1,0,0,0,0,5,0
4370,216,205,21,27,15,38,23,25,20,21,31,24,32,32,10,15,23,13,5,8,3,35,2,64,19,279,1,1,9,46,14,24,24,27,11,14,5,119,11,6,3,4,35,2,21,14,14,9,0,0,0,421,57
4371,201,177,32,22,14,38,23,27,26,16,22,22,29,32,7,5,16,12,5,4,8,18,1,54,28,243,0,1,8,43,7,23,18,31,17,8,2,106,20,4,1,4,15,1,23,20,10,8,0,0,0,378,58
4372,175,156,18,23,9,20,30,15,17,19,30,18,24,23,5,9,20,7,4,4,13,23,1,59,2,225,1,1,9,33,7,21,11,19,17,9,4,88,17,4,4,1,14,2,19,10,9,8,0,0,0,331,49
4373,509,518,75,38,31,85,64,69,71,76,72,52,68,80,31,34,40,33,20,12,7,69,3,403,158,333,0,5,49,76,51,72,83,68,37,13,6,330,9,31,23,7,47,21,45,56,37,54,0,0,0,1027,124
4374,2,1,0,0,0,0,0,0,1,0,1,0,0,1,0,0,0,0,0,0,0,0,0,0,0,0,0,0,0,3,0,0,1,0,0,0,0,1,0,0,0,0,0,1,0,0,0,0,0,0,0,3,0
4375,438,434,52,18,21,56,70,53,47,46,47,41,55,51,20,34,45,33,39,37,52,55,4,412,49,298,2,0,24,83,44,53,57,41,23,19,7,244,70,23,6,5,47,3,30,24,17,19,0,0,101,771,90
4376,447,459,86,45,20,75,50,69,82,67,62,38,51,62,14,23,30,35,14,11,12,60,3,256,108,262,1,9,33,234,18,63,56,62,40,16,3,258,18,9,10,12,49,8,31,61,24,36,0,0,26,880,121
4377,181,177,29,20,13,44,22,26,20,15,17,18,15,25,6,12,21,8,6,8,6,27,2,48,8,255,0,1,7,37,6,17,17,27,15,7,5,94,12,3,3,2,13,8,17,15,10,11,0,0,0,358,54
4378,102,133,19,12,0,22,23,18,7,10,19,9,16,21,3,6,16,13,4,4,3,10,2,22,11,160,0,3,8,29,11,10,15,19,8,6,1,70,8,4,4,3,19,3,13,9,4,3,0,0,0,235,34
4379,249,214,36,25,12,51,44,28,26,18,37,28,25,39,9,8,25,3,5,9,3,32,1,87,8,322,0,0,10,35,9,21,28,27,20,15,4,124,20,4,6,3,25,1,26,19,8,12,0,0,0,463,66
4380,178,183,23,9,14,31,29,28,17,15,24,21,21,30,9,8,22,16,10,7,7,20,1,63,51,183,2,2,10,49,18,36,16,19,18,8,1,116,11,7,1,4,20,0,28,19,9,17,0,0,0,361,46
4381,470,440,78,41,31,75,52,71,83,51,53,48,46,77,17,20,27,31,19,13,12,65,4,193,123,314,3,7,31,235,13,64,61,54,44,17,5,258,22,14,8,15,53,6,32,48,26,34,0,0,6,904,120
4382,117,99,12,7,6,18,9,13,10,11,10,16,18,25,4,6,10,9,3,6,4,19,1,18,14,91,0,1,9,82,11,18,17,11,6,3,3,69,8,9,11,11,4,5,7,4,4,6,0,0,0,216,23
4383,664,608,77,50,39,95,96,87,109,70,76,91,71,103,27,46,62,42,27,13,19,72,2,238,213,549,3,8,55,204,68,126,89,80,40,18,7,428,31,32,18,3,85,7,105,51,38,58,0,0,0,1272,145
4384,0,0,0,0,0,0,0,0,0,0,0,0,0,0,0,0,0,0,0,0,0,0,0,0,0,0,0,0,0,0,0,0,0,0,0,0,0,0,0,0,0,0,0,0,0,0,0,0,0,0,0,0,0
4385,227,249,27,21,13,35,37,29,36,27,27,29,33,47,8,13,23,16,8,6,13,28,3,242,10,161,5,1,20,34,32,30,29,30,13,14,2,150,39,9,5,4,37,4,12,14,7,19,0,0,11,465,59
4386,220,217,27,18,14,39,39,23,37,22,34,28,26,27,13,8,20,15,8,8,12,19,3,76,13,292,1,1,15,36,21,31,32,13,19,10,6,132,15,2,5,5,29,4,32,15,15,10,0,0,0,437,48
4387,490,505,69,47,43,83,86,71,65,46,56,63,68,96,18,35,30,24,10,15,11,59,7,297,34,535,1,6,25,90,41,51,59,57,43,22,12,285,54,5,7,9,59,10,49,41,29,22,0,0,0,995,134
4388,376,363,59,30,29,72,56,47,43,50,46,40,40,61,16,26,23,22,11,9,14,45,3,194,11,451,0,1,16,63,19,49,34,45,31,22,6,206,26,22,8,13,39,19,14,14,25,26,0,0,0,739,104
4389,285,275,61,32,10,34,29,38,38,29,36,38,33,47,16,12,25,22,6,6,6,42,1,54,30,392,0,5,12,66,27,40,31,27,22,16,5,168,19,3,6,10,40,1,31,31,13,14,0,0,6,554,70
4390,315,297,47,23,15,64,45,36,43,35,34,35,44,40,13,17,28,25,5,8,6,49,3,201,32,317,0,4,18,37,24,40,34,35,32,11,5,181,27,13,2,4,45,1,29,25,15,20,0,0,0,612,83
4391,284,279,50,19,16,43,42,43,41,34,36,25,28,44,10,19,24,12,11,9,8,49,0,109,16,363,0,1,20,54,21,34,36,35,19,14,5,164,28,8,2,5,21,4,41,24,11,20,0,0,7,556,73
4392,1179,1902,142,87,174,735,331,222,222,146,139,110,107,129,32,46,83,69,72,48,59,128,14,142,216,648,4,10,84,1963,178,212,132,126,49,26,13,736,57,77,38,55,77,65,91,76,90,110,0,1071,0,2010,214
4393,462,449,59,37,32,96,71,79,51,66,37,53,51,52,24,18,37,41,10,14,17,66,1,171,138,413,1,2,46,139,51,74,60,52,38,9,9,293,25,11,5,11,50,1,78,31,39,42,0,0,9,902,108
4394,401,389,68,34,22,58,47,55,60,54,48,36,38,70,14,32,32,31,15,13,15,48,1,122,40,473,0,2,24,128,42,62,36,47,35,12,10,244,12,24,10,13,28,9,48,39,20,41,0,0,0,790,104
4395,792,4405,0,0,391,3027,914,458,261,96,31,17,2,0,0,0,0,0,0,0,0,0,48,496,887,1033,3,35,199,2496,0,0,0,0,0,0,0,0,0,0,0,0,0,0,0,0,0,0,0,5197,0,0,0
4396,323,327,76,22,23,58,41,49,36,34,36,35,31,52,16,23,29,13,7,11,16,42,4,112,41,438,0,1,20,34,14,36,39,36,29,18,6,178,18,6,6,11,37,9,37,17,16,21,0,0,0,650,89
4397,48,55,11,3,5,8,7,5,8,4,3,6,6,8,2,5,2,7,3,1,2,7,0,27,1,55,0,0,4,16,1,7,8,4,2,5,1,28,3,2,3,1,3,3,1,3,4,5,0,0,0,103,12
4398,131,140,16,12,4,28,21,17,15,11,11,11,17,13,9,6,11,18,13,7,13,18,7,6,6,138,0,1,6,107,20,24,14,13,8,6,4,89,9,12,6,5,18,3,9,10,5,12,0,0,0,271,31
4399,80,79,16,6,7,9,13,17,12,6,7,11,5,14,3,2,5,2,5,3,2,14,4,11,13,119,0,1,2,9,2,10,4,11,6,6,2,41,6,0,0,3,8,1,9,7,4,3,0,0,0,159,25
4400,465,488,69,38,22,70,72,51,82,60,53,70,50,59,19,32,50,39,22,13,13,69,10,174,13,537,1,4,23,191,62,90,60,49,30,23,6,320,36,25,41,40,17,16,40,42,27,36,0,0,0,953,108
4401,206,287,30,14,23,88,46,50,30,26,21,22,15,30,8,7,13,11,13,9,9,28,2,65,28,288,1,3,5,101,18,22,17,16,15,9,10,107,14,2,4,4,20,3,24,11,14,11,0,99,3,391,50
4402,333,346,41,25,19,63,47,44,47,40,33,44,47,57,19,22,22,21,16,9,18,45,3,48,21,472,0,5,22,108,24,63,44,40,19,14,6,210,30,14,2,3,40,7,37,29,26,22,0,0,9,670,79
4403,421,389,57,29,23,61,56,60,59,50,48,41,49,58,13,21,43,30,20,16,15,61,3,137,48,497,0,6,16,103,23,65,50,36,28,19,12,233,8,28,9,8,23,10,47,46,21,33,0,0,11,799,95
4404,290,294,36,19,10,44,69,40,41,24,33,38,30,59,12,13,13,19,17,15,8,44,5,191,22,283,5,5,13,60,23,32,37,36,16,17,7,168,50,3,3,3,34,8,22,23,10,12,0,0,0,584,76
4405,175,162,30,16,8,22,25,16,21,20,20,24,18,30,5,12,15,8,6,8,5,28,0,129,10,161,0,1,5,31,17,23,19,20,13,9,2,103,29,4,2,5,13,5,14,14,5,12,0,0,1,336,44
4406,198,202,27,16,8,48,29,34,42,18,23,15,18,29,9,8,13,14,8,6,3,32,2,78,57,124,1,3,19,116,6,27,28,28,16,9,1,115,8,8,3,5,19,5,16,19,13,19,0,0,0,400,54
4407,393,434,54,23,33,83,70,76,60,39,49,57,47,56,20,20,36,23,9,4,5,63,5,334,124,251,0,4,33,76,38,75,46,54,31,12,7,263,14,24,6,12,34,8,40,51,38,36,0,0,0,827,104
4408,80,76,8,7,2,16,7,11,9,8,10,8,7,10,5,6,11,5,5,4,3,14,1,1,0,81,0,0,1,72,19,22,6,5,4,3,2,61,7,2,5,4,16,0,11,6,2,8,0,0,0,156,14
4409,217,215,33,18,13,28,31,28,35,29,28,22,16,36,12,10,29,19,7,5,5,28,4,100,7,264,0,4,11,42,17,33,21,28,15,10,4,128,34,4,1,3,32,6,15,14,8,11,0,0,2,430,57
4410,555,566,82,42,44,86,103,90,78,59,48,58,55,90,26,46,40,29,28,14,15,88,4,72,26,857,2,4,19,137,34,83,70,56,40,28,15,326,47,16,10,8,72,9,52,38,36,38,0,0,0,1121,139
4411,491,503,73,44,45,85,78,69,60,47,65,60,63,71,21,39,33,27,19,9,8,78,1,232,27,607,1,4,31,91,29,47,60,69,38,26,8,277,41,22,15,18,50,12,35,20,23,41,0,0,6,988,141
4412,0,0,0,0,0,0,0,0,0,0,0,0,0,0,0,0,0,0,0,0,0,0,0,0,0,0,0,0,0,0,0,0,0,0,0,0,0,0,0,0,0,0,0,0,0,0,0,0,0,0,0,0,0
4413,332,335,36,19,13,57,43,43,51,31,44,49,46,51,19,28,36,26,7,8,11,49,1,64,19,307,1,1,39,235,33,74,42,35,19,16,3,222,15,24,36,32,12,34,14,9,15,31,0,0,3,664,73
4414,139,195,25,6,17,78,38,18,12,19,12,16,11,31,5,9,11,4,1,4,0,17,1,47,29,169,0,1,12,75,4,17,13,7,3,14,3,61,14,1,1,1,14,2,15,3,7,3,0,106,0,228,27
4415,582,540,97,43,41,80,79,79,80,63,61,67,79,89,25,39,45,26,29,15,16,69,4,344,61,573,2,6,27,105,27,64,68,69,41,26,14,309,47,12,3,2,73,5,53,42,35,37,0,0,11,1111,150
4416,285,291,40,21,15,65,56,34,37,37,24,26,39,52,10,14,26,26,10,7,11,26,1,163,7,337,2,0,14,52,15,40,36,32,23,17,2,165,12,17,8,14,25,11,12,19,20,27,0,0,11,565,74
4417,0,0,0,0,0,0,0,0,0,0,0,0,0,0,0,0,0,0,0,0,0,0,0,0,0,0,0,0,0,0,0,0,0,0,0,0,0,0,0,0,0,0,0,0,0,0,0,0,0,0,0,0,0
4418,609,608,92,61,41,112,77,72,85,65,71,66,84,85,18,35,47,49,38,24,18,77,7,384,100,446,4,5,49,222,37,103,82,66,43,25,12,368,9,66,20,12,34,15,34,51,41,86,0,0,0,1217,146
4419,473,472,84,29,24,68,72,103,71,60,54,55,47,65,20,22,31,21,14,21,18,66,11,131,94,365,4,8,34,298,14,52,73,61,42,20,4,266,28,29,28,45,9,45,21,8,14,39,0,0,0,945,127
4420,33,31,4,2,4,4,3,4,7,4,0,7,6,1,3,1,4,2,2,0,0,6,0,24,4,28,0,1,0,7,2,7,6,1,1,1,0,18,3,2,0,1,4,2,2,2,2,0,0,0,15,49,3
4421,149,161,13,10,10,22,33,28,19,15,25,12,27,16,5,4,18,9,11,4,8,21,2,31,11,200,1,2,8,55,18,29,21,15,15,6,0,104,18,6,3,3,17,3,12,17,10,15,0,0,0,310,36
4422,81,67,11,6,3,11,11,13,7,6,8,14,12,10,2,5,4,5,6,5,0,9,3,7,0,58,1,1,2,76,10,16,6,11,4,4,0,51,5,9,3,4,15,0,6,3,2,4,0,0,0,148,19
4423,6,6,1,1,0,1,0,2,0,1,2,2,0,1,0,0,0,0,0,1,0,0,0,1,0,0,0,0,0,11,0,0,1,1,1,0,0,3,0,0,0,0,0,0,3,0,0,0,0,0,0,12,2
4424,854,837,115,61,45,135,123,119,112,122,86,123,98,134,38,70,72,47,35,23,22,111,7,351,276,718,1,7,69,262,96,161,109,103,66,21,10,566,50,40,20,14,89,5,149,64,52,83,0,0,0,1691,200
4425,306,330,56,23,28,59,45,38,38,43,39,30,29,47,11,24,20,24,13,6,3,60,5,213,35,266,2,6,18,91,34,33,33,28,24,21,6,179,43,4,3,2,39,10,28,25,14,11,0,0,30,606,79
4426,279,250,34,19,14,46,44,50,30,25,24,27,39,50,9,16,20,17,15,5,9,36,10,188,24,234,0,2,13,58,28,40,32,27,15,19,3,164,37,3,2,7,39,6,24,24,15,7,0,0,4,525,64
4427,377,377,63,41,28,56,56,45,52,30,49,44,50,65,24,22,27,22,12,5,14,49,3,206,30,396,2,2,27,88,33,57,28,45,26,26,5,220,49,7,7,4,47,7,31,28,25,15,0,0,14,740,102
4428,1019,986,143,79,60,162,136,138,115,119,131,112,134,113,49,83,91,78,58,30,35,139,7,250,97,883,8,9,84,667,91,204,129,124,58,37,13,656,53,86,68,81,32,108,59,27,45,97,0,0,3,2002,232
4429,231,251,39,26,20,31,25,31,31,32,35,26,35,38,10,17,7,9,6,8,15,41,1,161,25,237,2,6,9,41,17,27,23,35,17,11,5,135,35,3,0,4,27,5,25,16,10,10,0,0,8,474,68
4430,215,218,27,28,22,34,40,30,21,28,23,17,22,41,10,10,9,12,12,10,3,34,4,50,11,320,0,1,10,37,10,23,25,22,13,14,7,114,9,2,6,4,29,2,21,15,14,12,0,0,8,425,56
4431,60,51,4,2,4,19,14,4,9,6,3,7,6,8,0,2,3,4,2,0,5,9,1,4,2,97,0,1,0,6,4,5,4,11,4,2,1,31,9,0,2,2,1,1,6,3,4,3,0,0,0,111,18
4432,0,0,0,0,0,0,0,0,0,0,0,0,0,0,0,0,0,0,0,0,0,0,0,0,0,0,0,0,0,0,0,0,0,0,0,0,0,0,0,0,0,0,0,0,0,0,0,0,0,0,0,0,0
4433,112,91,13,11,12,12,11,17,17,8,12,12,8,15,7,6,9,8,3,0,5,17,0,69,4,114,1,0,1,14,5,14,10,12,10,4,2,57,19,0,1,0,10,5,10,4,6,2,0,0,0,203,28
4434,493,524,79,51,38,89,72,80,60,50,61,48,62,92,19,23,35,21,20,9,11,97,2,87,21,781,2,3,25,96,28,43,50,57,50,28,13,269,17,16,14,12,48,6,70,41,20,25,0,0,0,1017,148
4435,256,234,30,22,6,39,53,45,25,24,26,27,22,29,19,18,25,19,13,14,15,19,0,39,15,349,1,1,7,78,25,47,35,21,19,7,5,159,19,11,2,6,34,8,28,18,18,15,0,0,5,485,52
4436,178,188,20,18,15,27,28,23,23,21,21,16,23,35,8,13,12,12,8,4,10,29,4,47,29,236,1,1,12,36,14,24,26,21,15,7,3,110,6,17,5,3,11,3,16,18,15,16,0,0,0,366,46
4437,449,420,62,33,41,80,62,64,46,39,50,58,58,80,24,26,33,27,18,7,8,53,4,240,45,442,2,5,40,91,23,54,59,44,41,15,11,247,36,10,4,3,60,4,43,33,23,31,0,0,0,869,111
4438,412,428,56,33,24,81,79,79,51,52,53,42,38,50,18,24,20,27,17,15,13,68,3,78,18,629,1,2,27,82,21,59,55,52,27,23,7,244,25,28,10,12,41,6,46,30,22,24,0,0,0,840,109
4439,792,762,103,80,40,145,109,114,85,103,81,94,94,130,33,45,60,43,39,28,28,100,8,512,54,742,1,8,30,199,80,114,104,72,55,47,11,483,122,7,7,13,103,25,60,62,41,43,0,0,0,1554,185
4440,297,294,34,24,9,38,35,49,28,34,38,45,36,43,17,19,28,20,25,15,16,38,6,186,14,281,1,2,10,91,47,45,43,37,16,10,5,203,49,4,3,6,43,11,36,25,10,16,0,0,0,591,68
4441,14,24,0,4,1,1,7,4,1,0,4,2,1,3,0,1,1,1,0,2,2,3,0,19,0,12,0,0,2,5,1,4,3,2,0,2,0,12,3,0,0,0,3,0,1,0,2,3,0,0,0,38,4
4442,349,324,45,26,27,59,51,44,36,36,38,52,34,39,20,22,40,26,16,10,19,33,6,120,12,332,4,3,33,163,40,89,35,21,20,16,8,229,15,22,24,27,8,13,35,28,28,29,0,0,6,667,65
4443,216,193,22,16,18,36,32,30,30,19,22,22,31,34,14,13,16,13,12,4,4,21,2,145,51,139,0,1,10,61,19,21,32,20,22,5,4,123,5,24,6,2,12,1,8,10,20,35,0,0,0,409,51
4444,250,253,28,25,23,44,32,28,37,20,22,26,28,40,16,18,25,17,8,7,18,41,3,50,16,378,0,1,7,48,16,27,34,26,28,13,1,145,15,14,6,5,25,1,32,18,12,17,0,0,0,503,68
4445,67,70,11,5,8,8,6,9,12,5,10,11,13,9,6,5,2,5,1,1,3,7,0,10,8,104,0,1,3,11,4,12,5,12,4,3,1,41,7,0,0,1,6,0,7,11,4,5,0,0,0,137,20
4446,193,192,16,15,13,51,35,24,27,23,24,23,24,32,5,11,20,10,7,2,3,20,1,116,38,151,2,1,15,61,14,23,21,24,18,7,4,111,0,28,8,8,15,2,6,15,10,19,0,0,0,385,53
4447,178,185,24,13,11,23,27,31,25,27,23,28,15,34,7,8,10,11,5,10,6,25,1,125,16,179,1,2,5,34,25,28,25,11,19,9,2,119,20,0,2,7,27,7,22,13,9,12,0,0,0,363,41
4448,254,245,32,22,17,36,35,39,30,38,32,32,24,45,12,16,15,18,10,9,7,30,0,56,23,343,1,6,4,66,20,38,26,31,15,15,2,147,17,6,2,6,29,7,16,22,19,23,0,0,21,478,63
4449,291,295,47,16,18,48,46,45,42,26,29,38,30,47,17,16,23,20,13,13,10,42,7,184,18,281,0,0,18,78,28,35,41,32,25,16,2,179,54,0,2,6,35,9,30,19,11,13,0,0,0,586,75
4450,479,434,78,26,40,79,73,61,50,59,53,45,42,85,17,30,33,22,14,18,7,81,5,155,9,611,2,5,44,82,36,44,51,42,32,37,11,253,33,5,8,8,47,14,55,26,25,32,0,0,0,913,122
4451,106,99,12,11,7,17,15,12,14,10,15,13,11,16,2,5,7,8,6,5,1,18,4,5,4,166,0,1,3,22,7,11,15,12,8,3,3,59,12,1,1,4,11,1,7,14,4,4,0,0,0,205,26
4452,19,15,3,2,0,1,3,0,0,1,5,2,3,3,0,3,2,2,1,1,2,0,0,1,1,20,0,0,0,12,2,5,0,3,2,0,0,12,1,0,2,1,0,2,2,1,1,2,0,0,0,34,5
4453,486,461,77,59,29,76,51,51,46,52,57,70,67,81,22,28,53,34,19,14,15,46,3,182,46,363,2,3,39,309,22,59,67,56,41,23,5,273,22,36,28,48,12,43,24,14,15,31,0,0,0,947,125
4454,524,550,73,24,22,83,80,94,85,76,68,73,48,86,20,28,46,25,23,20,23,77,2,77,54,809,1,5,20,106,34,102,76,51,44,15,10,332,33,23,12,11,52,8,50,51,44,48,0,0,12,1062,120
4455,108,89,11,5,4,11,14,13,12,12,9,15,11,11,3,13,12,16,9,2,2,12,3,6,2,79,0,0,3,104,3,25,14,10,8,1,2,63,10,6,5,6,5,2,7,5,5,12,0,0,0,197,21
4456,74,60,13,2,1,7,13,15,13,7,3,4,8,15,1,2,4,4,5,2,6,9,0,40,2,65,0,1,5,21,11,9,7,3,5,5,2,42,9,0,0,1,8,4,7,5,2,6,0,0,0,134,15
4457,104,121,10,6,8,15,26,23,9,15,11,12,11,19,2,4,10,8,5,4,5,22,1,32,28,109,0,5,3,47,10,18,12,13,7,7,2,69,8,2,3,5,12,2,10,9,5,13,0,0,0,225,29
4458,202,198,38,14,18,36,47,32,29,18,24,20,19,28,4,8,15,5,5,2,6,32,0,24,25,310,1,2,7,31,14,21,27,19,14,11,6,112,13,10,1,1,21,1,25,24,6,10,0,0,0,400,50
4459,1046,1034,164,88,65,170,136,128,118,129,142,128,125,161,41,69,98,72,48,27,33,138,11,464,136,810,5,6,92,556,37,143,139,134,95,42,10,600,53,88,69,82,26,90,48,18,44,82,0,0,0,2080,281
4460,116,104,12,11,10,22,10,23,8,15,14,8,13,18,4,2,10,9,6,5,4,16,1,75,22,88,0,1,3,30,8,19,12,15,9,4,1,68,3,10,3,6,10,1,5,3,10,17,0,0,0,220,29
4461,366,326,67,31,21,47,55,51,39,40,45,42,39,52,14,21,30,19,14,5,11,49,3,69,23,526,2,4,17,48,17,33,39,47,32,11,10,189,20,6,7,4,55,1,37,23,17,19,0,0,4,688,100
4462,78,76,10,4,7,10,11,11,17,5,6,11,6,23,2,6,3,4,2,0,4,12,1,4,0,130,0,0,0,19,4,14,6,7,7,3,3,44,13,1,1,1,7,1,4,9,2,5,0,0,0,154,20
4463,837,878,109,58,32,149,153,119,96,64,105,105,139,98,41,51,105,85,47,33,31,95,9,308,56,697,2,9,73,561,73,195,117,93,49,18,21,566,34,72,51,58,28,58,65,57,57,86,0,0,0,1715,181
4464,444,454,88,46,36,71,55,62,49,57,67,51,42,85,14,17,33,30,10,14,17,54,3,138,11,625,2,1,31,87,25,42,44,44,42,34,8,239,38,7,5,9,54,7,41,27,22,29,0,0,0,898,128
4465,113,102,15,6,3,19,20,13,15,13,9,7,9,27,6,3,11,4,4,4,3,24,1,11,5,173,0,1,7,17,5,9,14,12,8,5,4,57,12,0,2,3,10,0,12,10,5,3,0,0,0,215,29
4466,340,338,61,44,38,43,50,42,47,32,37,30,32,59,14,19,16,20,16,8,12,58,1,30,34,499,1,1,12,100,23,31,29,32,30,22,12,179,17,6,8,10,43,7,33,17,19,19,0,0,0,678,96
4467,727,756,92,51,41,102,119,104,84,81,63,82,95,91,29,47,69,73,46,59,81,74,11,472,172,478,3,8,64,275,45,103,101,86,38,17,9,399,11,72,27,23,38,13,25,49,48,93,0,0,222,1261,150
4468,108,87,22,7,6,11,17,23,17,10,9,10,8,15,5,7,10,1,4,2,1,10,0,21,14,146,1,1,4,8,6,8,15,14,5,5,2,55,11,4,0,0,21,0,2,10,4,3,0,0,0,195,26
4469,274,309,41,38,38,48,40,44,42,32,45,30,31,46,4,12,14,11,10,4,5,48,4,34,21,424,0,4,18,78,30,32,20,32,30,20,4,168,17,11,12,13,32,3,21,20,16,23,0,0,0,583,86
4470,135,178,27,12,17,32,35,23,20,12,13,15,13,25,9,13,11,7,4,1,4,20,2,23,10,247,0,1,10,20,6,13,19,16,15,9,4,82,12,4,4,2,24,2,14,9,6,5,0,0,0,313,44
4471,322,292,70,30,22,52,42,46,37,35,35,36,30,44,12,17,20,13,12,6,10,45,1,70,19,488,1,3,11,21,19,29,39,36,32,14,4,173,23,5,1,1,55,2,22,35,11,18,0,0,0,614,86
4472,43,34,6,5,2,4,2,3,13,3,4,4,5,11,0,1,4,2,3,2,0,3,1,8,5,51,0,0,1,11,1,7,3,2,5,2,1,21,0,1,0,0,6,2,5,2,3,2,0,0,0,77,10
4473,527,500,80,58,39,102,82,68,63,60,47,56,50,75,24,27,45,26,19,10,22,74,1,97,31,798,0,3,31,66,23,44,70,59,51,24,9,280,32,9,5,9,106,2,41,36,25,15,0,0,0,1027,143
4474,420,416,77,29,48,63,47,61,49,47,55,58,54,59,22,23,39,19,14,9,10,53,5,56,23,659,1,7,39,46,20,52,52,55,31,18,9,237,32,10,7,5,72,2,37,33,20,19,0,0,0,836,113
4475,334,351,43,27,25,47,49,62,50,38,47,34,38,53,9,22,22,28,19,17,12,43,4,104,3,407,1,9,19,138,64,60,35,25,11,24,11,230,25,23,19,34,4,18,30,35,14,28,0,0,6,679,71
4476,225,260,29,26,23,55,43,44,28,23,19,25,28,41,7,10,9,12,9,5,5,44,1,34,5,374,0,1,14,56,18,19,19,19,20,19,10,124,12,8,5,4,21,3,23,14,13,21,0,0,0,485,68
4477,0,0,0,0,0,0,0,0,0,0,0,0,0,0,0,0,0,0,0,0,0,0,0,0,0,0,0,0,0,0,0,0,0,0,0,0,0,0,0,0,0,0,0,0,0,0,0,0,0,0,0,0,0
4478,68,75,7,8,4,8,14,4,9,7,10,9,10,7,3,4,8,5,5,3,6,12,4,0,1,64,1,0,6,67,12,8,14,7,5,2,1,49,7,4,5,6,14,2,3,3,0,5,0,0,0,143,15
4479,51,39,6,0,1,1,0,3,3,2,5,11,11,2,4,6,9,8,4,8,1,5,0,1,7,39,0,0,0,43,1,0,0,3,2,1,0,7,3,0,0,0,1,0,2,0,1,0,0,0,61,29,6
4480,281,283,33,17,20,52,45,42,43,24,27,35,41,38,11,19,31,20,12,9,10,35,17,13,8,229,1,1,24,271,51,51,37,28,14,12,6,199,29,20,12,13,49,9,28,13,9,17,0,0,0,564,60
4481,1194,1121,166,118,86,198,201,148,159,138,141,118,128,210,43,57,69,59,43,18,23,192,12,214,86,1794,2,7,80,120,60,110,142,134,112,64,16,638,100,23,7,10,197,8,111,63,62,57,0,0,0,2315,326
4482,59,43,6,5,2,7,13,6,10,7,6,6,8,5,1,1,1,2,2,0,2,12,1,2,4,73,0,1,5,16,2,7,7,6,4,2,1,29,4,1,1,1,3,0,7,2,4,6,0,0,0,102,13
4483,0,0,0,0,0,0,0,0,0,0,0,0,0,0,0,0,0,0,0,0,0,0,0,0,0,0,0,0,0,0,0,0,0,0,0,0,0,0,0,0,0,0,0,0,0,0,0,0,0,0,0,0,0
4484,68,55,2,2,2,15,25,11,5,4,5,4,5,14,1,3,2,3,5,4,3,8,0,5,5,96,0,3,1,13,3,9,5,4,3,5,3,32,9,3,0,0,3,0,6,5,2,4,0,0,0,123,15
4485,84,66,8,1,6,9,18,11,8,11,8,10,10,8,5,2,8,4,4,6,2,11,7,5,6,60,0,0,3,69,10,14,9,7,7,1,2,50,9,6,8,0,7,1,10,2,1,6,0,0,0,150,17
4486,173,203,21,14,15,35,44,30,30,22,20,24,19,23,11,10,4,10,3,4,5,32,4,69,4,230,1,5,8,55,14,24,25,28,12,7,3,113,19,2,3,4,31,2,19,11,11,11,0,0,0,376,50
4487,3,1,0,0,2,0,0,0,0,0,2,0,0,0,0,0,0,0,0,0,0,0,0,0,0,4,0,0,0,0,0,0,0,1,0,0,0,1,0,0,0,0,0,1,0,0,0,0,0,0,0,4,1
4488,955,888,136,86,76,168,119,139,115,86,124,114,116,125,37,46,78,55,28,22,25,148,10,440,53,630,8,7,54,641,29,101,104,142,79,37,14,506,40,62,48,69,20,95,37,34,36,65,0,0,0,1843,272
4489,392,379,59,44,28,67,53,46,43,38,47,63,47,62,13,27,38,20,11,8,11,46,4,218,42,236,2,4,13,252,12,50,34,47,43,18,6,210,9,20,23,36,9,35,8,19,17,34,0,0,0,771,114
4490,1348,1319,218,124,101,226,164,175,170,145,123,161,162,213,69,77,109,82,68,40,39,201,16,413,130,1498,6,19,67,518,71,160,165,174,105,63,22,760,33,110,41,40,89,32,84,122,85,124,0,0,6,2661,364
4491,84,114,15,7,5,25,14,10,15,9,17,9,12,11,3,6,9,5,4,2,5,15,0,12,1,152,0,0,6,27,9,10,9,14,9,4,2,57,12,2,2,1,9,1,9,10,7,4,0,0,0,198,29
4492,0,0,0,0,0,0,0,0,0,0,0,0,0,0,0,0,0,0,0,0,0,0,0,0,0,0,0,0,0,0,0,0,0,0,0,0,0,0,0,0,0,0,0,0,0,0,0,0,0,0,0,0,0
4493,0,0,0,0,0,0,0,0,0,0,0,0,0,0,0,0,0,0,0,0,0,0,0,0,0,0,0,0,0,0,0,0,0,0,0,0,0,0,0,0,0,0,0,0,0,0,0,0,0,0,0,0,0
4494,567,550,66,33,36,109,88,82,68,46,63,61,69,70,22,36,64,46,31,26,22,79,6,202,43,463,1,4,29,369,44,125,68,39,44,27,10,357,27,44,37,44,17,39,38,23,30,58,0,0,0,1117,120
4495,0,0,0,0,0,0,0,0,0,0,0,0,0,0,0,0,0,0,0,0,0,0,0,0,0,0,0,0,0,0,0,0,0,0,0,0,0,0,0,0,0,0,0,0,0,0,0,0,0,0,0,0,0
4496,177,174,22,14,9,41,26,24,23,21,9,23,17,25,10,14,17,13,6,6,2,29,0,20,20,249,0,2,5,55,15,21,20,20,14,11,2,103,10,6,6,6,16,5,16,17,11,10,0,0,1,350,47
4497,297,266,47,27,15,54,49,34,29,27,33,33,32,41,15,18,17,19,3,11,6,53,1,62,38,382,0,2,18,60,20,31,26,31,29,15,4,156,25,6,5,5,24,4,46,15,12,14,0,0,10,553,79
4498,23,32,3,2,3,6,3,3,2,3,1,2,1,5,1,2,6,6,1,1,2,2,1,1,0,15,0,0,1,37,5,9,3,1,1,1,1,21,4,3,1,2,5,1,2,1,0,2,0,0,0,55,4
4499,461,453,57,34,28,78,59,57,45,48,52,41,63,74,23,24,53,27,26,21,21,83,4,89,108,508,3,8,31,163,39,43,50,53,42,24,9,260,31,12,10,17,50,11,49,27,18,35,0,0,0,914,128
4500,0,0,0,0,0,0,0,0,0,0,0,0,0,0,0,0,0,0,0,0,0,0,0,0,0,0,0,0,0,0,0,0,0,0,0,0,0,0,0,0,0,0,0,0,0,0,0,0,0,0,0,0,0
4501,532,504,91,40,27,91,90,70,65,63,62,61,53,87,19,39,32,22,32,6,13,73,1,70,140,667,2,2,10,144,42,56,64,68,42,25,7,304,55,13,7,7,51,8,87,31,25,20,0,0,1,1035,142
4502,21,17,5,2,2,4,1,3,3,4,3,3,1,1,0,0,1,0,0,0,0,5,0,3,0,30,0,0,1,4,0,0,2,2,3,0,1,8,1,1,0,0,2,0,3,1,0,0,0,0,0,38,6
4503,0,0,0,0,0,0,0,0,0,0,0,0,0,0,0,0,0,0,0,0,0,0,0,0,0,0,0,0,0,0,0,0,0,0,0,0,0,0,0,0,0,0,0,0,0,0,0,0,0,0,0,0,0
4504,258,237,35,10,10,35,46,29,30,26,24,27,38,33,20,24,28,17,10,12,10,31,3,33,22,232,1,2,8,194,21,57,30,21,7,13,8,157,6,25,5,6,22,8,11,25,18,31,0,0,10,485,49
4505,0,1,0,0,1,0,0,0,0,0,0,0,0,0,0,0,0,0,0,0,0,0,0,0,0,0,0,0,0,1,0,0,0,0,0,0,0,0,0,0,0,0,0,0,0,0,0,0,0,0,1,0,0
4506,267,271,37,14,22,43,39,28,29,26,35,26,37,48,18,21,36,18,14,10,5,32,1,105,68,237,0,3,20,104,8,49,41,36,15,11,3,163,8,39,16,14,9,31,12,11,8,15,0,0,0,538,65
4507,774,739,112,65,50,133,108,89,92,73,68,80,83,131,37,39,56,43,46,42,61,105,4,109,152,1035,2,5,23,183,54,66,78,81,50,52,13,394,49,19,11,16,77,14,102,48,32,26,0,0,103,1410,196
4508,11,9,1,0,0,2,1,2,1,2,1,2,1,0,0,1,0,2,1,1,1,1,0,1,0,7,0,0,2,10,3,3,2,0,1,0,0,9,1,1,1,0,1,1,2,0,2,0,0,0,0,20,1
4509,21,22,3,3,3,3,3,0,2,3,1,5,4,0,0,1,2,3,1,0,3,3,0,0,0,41,0,0,0,2,1,2,4,1,2,2,0,12,1,0,0,0,4,0,5,0,1,1,0,0,0,43,5
4510,159,164,22,13,12,38,21,20,11,10,24,26,27,14,4,13,21,13,8,5,8,13,0,49,3,153,0,0,16,102,13,38,18,16,10,7,3,105,15,12,12,11,1,13,11,6,14,10,0,0,0,323,36
4511,21,17,3,0,0,1,1,2,4,1,4,2,1,4,1,1,2,3,4,0,1,3,0,5,0,16,0,0,1,16,7,5,2,0,3,0,0,17,1,1,1,1,5,0,3,4,1,0,0,0,0,38,3
4512,182,203,24,17,16,37,33,37,17,21,30,30,35,24,6,4,7,14,5,4,5,19,1,46,31,200,0,7,13,87,12,27,18,26,19,8,2,112,5,20,9,14,9,13,11,5,11,15,0,0,0,385,55
4513,1654,1752,282,168,120,305,238,195,191,207,270,246,216,239,69,106,112,82,62,48,52,198,15,539,231,1693,5,15,197,711,98,249,226,202,142,71,23,1011,37,202,97,100,90,109,87,47,85,157,0,0,0,3406,438
4514,313,318,31,12,19,47,35,49,32,39,36,37,43,42,17,21,46,29,22,20,20,34,3,129,11,222,1,1,21,243,33,72,53,30,19,12,1,220,10,22,18,24,21,33,24,19,20,29,0,0,0,631,62
4515,343,350,46,23,32,52,56,37,35,39,61,58,40,55,17,16,26,29,8,8,6,49,6,125,44,309,0,2,49,158,23,39,52,44,35,10,3,206,8,41,22,24,12,19,14,14,15,37,0,0,0,693,92
4516,613,563,81,51,39,100,87,84,57,87,84,84,69,97,31,30,37,37,24,8,16,73,3,186,104,628,0,4,45,206,33,77,62,95,44,21,9,341,18,54,38,37,29,37,23,23,26,56,0,0,0,1176,169
4517,767,735,109,57,37,138,84,102,112,88,78,104,101,91,40,67,79,62,30,24,23,76,16,367,147,587,2,4,68,311,28,123,119,89,56,30,7,452,17,83,55,62,13,68,24,48,33,49,0,0,0,1502,182
4518,1,1,0,0,0,0,0,0,1,0,0,0,0,0,0,0,0,1,0,0,0,0,0,0,0,2,0,0,0,0,0,0,0,0,0,0,0,0,0,0,0,0,0,0,0,0,0,0,0,0,2,0,0
4519,0,0,0,0,0,0,0,0,0,0,0,0,0,0,0,0,0,0,0,0,0,0,0,0,0,0,0,0,0,0,0,0,0,0,0,0,0,0,0,0,0,0,0,0,0,0,0,0,0,0,0,0,0
4520,603,608,77,74,47,109,80,78,68,77,102,100,67,86,31,31,32,29,13,17,15,78,3,182,83,623,0,0,66,254,43,102,78,65,44,35,5,372,12,80,34,28,32,47,30,20,28,61,0,0,0,1211,149
4521,82,75,17,15,11,6,3,15,13,4,5,10,9,11,3,3,10,4,6,3,1,8,3,5,1,76,1,0,6,65,11,15,7,8,3,4,3,51,7,4,3,2,9,3,9,5,4,5,0,0,0,157,18
4522,0,0,0,0,0,0,0,0,0,0,0,0,0,0,0,0,0,0,0,0,0,0,0,0,0,0,0,0,0,0,0,0,0,0,0,0,0,0,0,0,0,0,0,0,0,0,0,0,0,0,0,0,0
4523,0,3,0,0,0,2,0,0,0,0,0,0,0,1,0,0,0,0,0,0,0,0,0,0,0,2,0,0,0,1,0,0,0,0,0,0,0,0,0,0,0,0,0,0,0,0,0,0,0,0,3,0,0
4524,132,132,17,6,8,27,16,21,19,12,18,11,18,21,7,4,12,11,7,2,7,20,1,33,6,137,0,0,4,83,31,26,14,12,5,4,5,97,12,18,2,5,5,9,5,8,13,20,0,0,0,264,26
4525,59,57,3,3,5,21,18,11,6,3,5,4,4,5,0,2,3,2,2,1,5,13,0,10,4,88,0,0,1,13,0,7,7,3,5,4,2,28,2,1,1,1,5,1,8,4,3,2,0,0,3,113,14
4526,27,19,2,0,0,11,1,1,4,2,4,4,3,1,2,1,2,3,2,2,0,1,0,4,7,23,0,0,0,12,4,4,2,3,2,1,0,16,1,1,0,0,4,1,3,4,1,1,0,0,0,46,6
4527,0,0,0,0,0,0,0,0,0,0,0,0,0,0,0,0,0,0,0,0,0,0,0,0,0,0,0,0,0,0,0,0,0,0,0,0,0,0,0,0,0,0,0,0,0,0,0,0,0,0,0,0,0
4528,45,44,10,1,4,4,7,4,10,6,4,4,6,12,2,1,1,1,3,2,3,4,1,6,9,51,0,3,0,19,6,8,2,3,5,4,0,28,5,1,0,0,5,0,11,3,1,2,0,0,0,89,12
4529,2010,1961,269,156,104,368,313,279,235,234,259,258,267,261,103,126,155,139,93,68,50,234,15,598,108,2408,7,13,129,693,222,356,241,217,136,80,34,1286,94,171,97,98,89,88,160,114,152,223,0,0,0,3971,467
4530,469,453,59,30,20,63,67,70,75,60,58,39,48,74,18,21,48,43,21,15,25,68,15,79,41,501,6,5,33,242,81,81,54,40,20,25,9,310,25,28,16,14,60,15,61,25,23,43,0,0,32,890,94
4531,608,582,77,43,40,104,102,92,82,63,60,56,63,93,20,41,55,35,26,12,19,107,6,97,13,790,2,4,45,233,70,93,69,66,35,35,10,378,50,29,13,12,72,6,95,23,37,41,0,0,0,1190,146
4532,237,234,28,20,15,42,46,30,33,25,25,26,31,31,11,16,18,12,14,7,9,32,4,30,51,305,1,4,7,69,12,28,26,24,28,12,2,132,17,5,2,4,31,5,31,13,11,13,0,0,0,471,66
4533,479,449,69,40,26,62,85,77,47,60,46,37,50,64,20,28,47,40,24,23,18,65,2,71,14,485,0,4,28,324,50,107,45,44,28,26,7,307,10,42,13,8,53,12,30,54,30,55,0,0,0,928,105
4534,334,320,51,19,15,44,31,50,53,31,40,41,45,47,13,18,34,29,18,17,14,44,2,76,43,300,4,3,13,213,16,65,46,37,25,9,5,203,9,27,21,14,21,6,15,18,38,34,0,0,3,651,76
4535,359,353,48,33,21,72,45,51,47,41,43,32,50,52,17,22,38,25,14,8,15,38,4,93,18,352,1,9,17,218,34,59,48,34,26,18,5,224,20,35,9,15,19,16,12,13,26,59,0,0,0,712,83
4536,1,4,0,0,1,1,2,0,0,1,0,0,0,0,0,0,0,0,0,0,0,0,0,0,0,0,0,0,0,5,0,0,0,0,0,0,0,0,0,0,0,0,0,0,0,0,0,0,0,0,5,0,0
4537,313,303,41,20,19,43,48,47,31,37,28,48,37,58,11,14,39,13,11,13,19,39,3,52,41,340,0,6,11,163,43,61,36,15,17,23,7,202,25,13,9,11,31,8,42,18,16,29,0,0,0,616,62
4538,208,185,29,23,8,24,32,32,27,12,18,24,26,26,13,17,23,12,13,8,4,22,2,60,17,184,1,1,19,109,15,42,23,20,15,9,2,126,5,17,12,19,10,15,8,8,13,19,0,0,0,393,46
4539,0,0,0,0,0,0,0,0,0,0,0,0,0,0,0,0,0,0,0,0,0,0,0,0,0,0,0,0,0,0,0,0,0,0,0,0,0,0,0,0,0,0,0,0,0,0,0,0,0,0,0,0,0
4540,478,459,50,24,26,67,64,66,57,64,61,40,55,80,23,35,49,38,22,21,17,78,7,115,46,447,1,2,23,296,79,78,57,52,24,16,13,319,26,51,18,20,28,34,23,13,30,76,0,0,0,937,105
4541,0,0,0,0,0,0,0,0,0,0,0,0,0,0,0,0,0,0,0,0,0,0,0,0,0,0,0,0,0,0,0,0,0,0,0,0,0,0,0,0,0,0,0,0,0,0,0,0,0,0,0,0,0
4542,0,0,0,0,0,0,0,0,0,0,0,0,0,0,0,0,0,0,0,0,0,0,0,0,0,0,0,0,0,0,0,0,0,0,0,0,0,0,0,0,0,0,0,0,0,0,0,0,0,0,0,0,0
4543,438,405,51,43,39,98,53,43,56,46,60,63,50,59,21,15,25,20,14,12,19,56,1,124,64,431,1,4,48,170,25,54,49,57,30,21,7,243,6,41,18,24,16,30,33,14,17,44,0,0,0,843,115
4544,0,0,0,0,0,0,0,0,0,0,0,0,0,0,0,0,0,0,0,0,0,0,0,0,0,0,0,0,0,0,0,0,0,0,0,0,0,0,0,0,0,0,0,0,0,0,0,0,0,0,0,0,0
4545,0,0,0,0,0,0,0,0,0,0,0,0,0,0,0,0,0,0,0,0,0,0,0,0,0,0,0,0,0,0,0,0,0,0,0,0,0,0,0,0,0,0,0,0,0,0,0,0,0,0,0,0,0
4546,220,211,32,21,12,27,32,34,25,13,25,17,37,36,14,12,20,18,6,10,9,31,3,104,23,174,0,6,18,103,16,51,24,18,17,11,2,139,10,23,11,10,8,18,17,14,11,17,0,0,0,431,48
4547,429,442,69,33,21,62,52,51,59,39,54,54,55,64,19,28,49,36,17,11,19,79,1,186,39,364,3,5,21,252,25,67,39,62,34,23,5,255,20,44,18,19,19,23,16,20,22,54,0,0,0,871,124
4548,515,509,87,44,16,85,77,68,87,56,60,54,50,73,22,38,39,45,23,17,14,69,4,159,65,425,2,6,38,325,35,118,61,57,37,14,9,331,14,33,32,35,30,17,28,29,42,71,0,0,0,1024,117
4549,506,514,72,42,34,65,78,73,63,58,68,57,59,79,23,26,44,44,31,21,25,58,10,95,97,557,1,2,28,230,104,83,73,32,26,23,12,353,32,33,14,22,59,4,72,37,37,43,0,0,34,986,93
4550,0,0,0,0,0,0,0,0,0,0,0,0,0,0,0,0,0,0,0,0,0,0,0,0,0,0,0,0,0,0,0,0,0,0,0,0,0,0,0,0,0,0,0,0,0,0,0,0,0,0,0,0,0
4551,0,0,0,0,0,0,0,0,0,0,0,0,0,0,0,0,0,0,0,0,0,0,0,0,0,0,0,0,0,0,0,0,0,0,0,0,0,0,0,0,0,0,0,0,0,0,0,0,0,0,0,0,0
4552,511,525,80,36,24,81,91,81,70,64,55,67,56,58,21,31,57,32,18,18,27,69,6,78,63,584,4,6,37,258,101,99,61,42,24,36,6,369,48,30,25,21,69,7,63,29,31,46,0,0,0,1036,108
4553,0,0,0,0,0,0,0,0,0,0,0,0,0,0,0,0,0,0,0,0,0,0,0,0,0,0,0,0,0,0,0,0,0,0,0,0,0,0,0,0,0,0,0,0,0,0,0,0,0,0,0,0,0
4554,448,458,69,33,29,64,74,57,52,57,37,53,79,61,26,31,45,32,31,13,20,43,1,252,55,357,0,10,37,194,24,71,73,51,22,29,4,274,22,33,20,29,16,35,26,27,25,41,0,0,0,906,106
4555,887,835,166,60,63,139,128,122,135,89,95,86,87,162,37,42,40,46,32,34,28,131,11,112,15,1181,2,7,63,331,109,138,85,77,54,48,17,528,78,44,19,13,104,6,132,50,38,44,0,0,76,1646,196
4556,0,0,0,0,0,0,0,0,0,0,0,0,0,0,0,0,0,0,0,0,0,0,0,0,0,0,0,0,0,0,0,0,0,0,0,0,0,0,0,0,0,0,0,0,0,0,0,0,0,0,0,0,0
4557,610,619,65,57,40,106,91,84,66,77,55,88,90,67,36,49,53,53,35,20,21,76,5,183,52,738,0,4,16,231,72,105,70,77,45,18,12,399,33,56,31,31,27,28,50,23,57,63,0,0,0,1229,152
4558,0,0,0,0,0,0,0,0,0,0,0,0,0,0,0,0,0,0,0,0,0,0,0,0,0,0,0,0,0,0,0,0,0,0,0,0,0,0,0,0,0,0,0,0,0,0,0,0,0,0,0,0,0
4559,0,0,0,0,0,0,0,0,0,0,0,0,0,0,0,0,0,0,0,0,0,0,0,0,0,0,0,0,0,0,0,0,0,0,0,0,0,0,0,0,0,0,0,0,0,0,0,0,0,0,0,0,0
4560,710,720,95,56,36,118,134,90,107,78,69,86,76,102,33,43,59,49,42,23,29,105,4,78,17,976,3,2,51,299,84,110,86,78,40,34,17,449,56,26,14,13,91,9,111,38,41,50,0,0,3,1427,169
4561,883,844,134,68,64,154,114,108,125,110,106,117,118,108,30,47,68,57,28,20,17,134,4,413,79,818,1,7,39,366,37,121,112,128,68,29,11,506,10,79,60,84,24,32,47,47,45,78,0,0,0,1727,236
4562,390,341,28,33,26,40,54,58,48,40,23,30,28,60,13,18,18,26,16,30,102,40,11,42,27,383,1,2,17,248,38,65,28,23,18,16,7,195,23,11,8,11,43,6,34,18,17,24,0,0,144,587,64
4563,946,981,136,98,57,157,141,119,113,86,125,109,128,123,49,79,96,82,49,23,23,134,10,467,109,768,3,7,66,497,57,153,123,136,69,32,14,584,29,71,47,61,38,76,55,59,66,82,0,0,0,1927,251
4564,38,32,2,0,2,6,5,3,7,8,5,2,3,3,2,5,4,3,3,0,4,3,0,10,2,15,0,0,2,41,3,16,3,5,0,1,0,28,4,4,3,1,2,1,2,5,3,3,0,0,0,70,6
4565,208,221,35,13,12,28,39,35,28,20,35,35,28,19,12,12,19,22,7,6,11,13,2,6,15,123,1,2,22,258,14,66,24,19,9,6,1,139,19,20,13,12,2,14,16,11,7,25,0,0,45,384,35
4566,905,911,126,71,65,117,127,131,117,109,123,122,108,102,39,65,92,76,44,29,40,113,8,77,62,1150,3,7,52,457,137,172,107,94,55,40,14,619,48,73,41,35,103,24,116,63,49,67,0,0,6,1810,203
4567,3,6,0,0,1,0,2,0,0,1,0,1,2,0,0,0,0,1,0,1,0,0,0,1,0,3,0,0,0,5,0,0,0,0,0,0,0,0,0,0,0,0,0,0,0,0,0,0,0,0,9,0,0
4568,517,533,73,43,29,89,68,71,66,76,68,66,65,99,25,32,43,25,21,18,10,63,5,169,50,635,3,0,29,159,46,92,60,58,41,22,9,328,34,45,25,20,24,16,40,23,38,63,0,0,0,1050,130
4569,1297,1312,211,117,71,186,178,186,159,118,157,145,154,216,60,90,145,117,51,35,53,160,13,383,84,1292,6,10,69,752,116,234,165,121,80,67,29,812,67,141,51,50,62,66,51,45,88,191,0,0,7,2602,297
4570,1036,1082,176,103,77,198,168,140,161,122,134,114,126,179,32,53,87,57,27,12,21,131,9,157,161,1387,4,9,44,347,120,146,131,102,68,54,29,650,128,23,6,13,153,15,125,95,56,36,0,0,0,2118,253
4571,16,11,3,1,1,3,0,2,0,3,5,3,0,1,1,0,1,1,0,0,0,2,0,11,0,12,0,0,0,4,0,3,2,1,1,1,0,8,0,2,1,0,0,1,0,1,0,3,0,0,0,27,3
4572,683,606,82,62,34,89,90,95,96,76,84,88,83,102,32,35,51,40,23,22,18,87,1,43,50,979,4,5,17,190,91,105,88,70,40,23,13,430,72,31,15,15,65,10,60,60,54,48,0,0,0,1289,146
4573,208,186,38,18,12,32,27,30,24,17,11,21,22,33,7,6,21,13,6,3,11,42,0,33,9,205,1,1,7,138,18,20,16,15,18,11,9,107,7,21,4,11,20,5,18,6,6,9,0,0,0,394,53
4574,1115,1066,190,80,49,173,158,151,141,121,126,119,122,171,53,80,99,93,52,37,38,128,13,289,163,1003,4,14,64,631,75,219,169,113,67,32,22,697,33,70,66,81,54,32,47,74,82,158,0,0,0,2181,234
4575,7,2,1,1,0,2,0,0,1,0,1,0,0,2,0,0,1,0,0,0,0,0,0,0,0,5,0,0,0,4,0,0,0,1,1,0,0,2,0,0,0,0,2,0,0,0,0,0,0,0,0,9,2
4576,481,477,63,45,27,89,66,86,74,70,63,63,49,67,11,23,44,30,23,10,10,45,6,15,37,734,3,7,6,150,61,69,65,46,34,20,11,306,48,22,14,14,60,6,37,43,29,33,0,0,0,958,111
4577,0,0,0,0,0,0,0,0,0,0,0,0,0,0,0,0,0,0,0,0,0,0,0,0,0,0,0,0,0,0,0,0,0,0,0,0,0,0,0,0,0,0,0,0,0,0,0,0,0,0,0,0,0
4578,577,568,83,45,26,90,98,76,90,71,62,72,72,84,22,25,38,45,27,21,21,77,8,61,24,707,2,2,30,311,91,108,69,45,43,26,10,392,30,48,32,27,57,6,63,38,27,64,0,0,0,1145,124
4579,510,509,67,69,34,112,58,69,58,54,60,72,68,60,22,47,41,24,24,16,10,54,1,217,63,462,1,6,40,229,29,63,55,81,33,23,9,293,26,35,28,25,17,34,27,29,31,41,0,0,0,1019,146
4580,0,0,0,0,0,0,0,0,0,0,0,0,0,0,0,0,0,0,0,0,0,0,0,0,0,0,0,0,0,0,0,0,0,0,0,0,0,0,0,0,0,0,0,0,0,0,0,0,0,0,0,0,0
4581,0,0,0,0,0,0,0,0,0,0,0,0,0,0,0,0,0,0,0,0,0,0,0,0,0,0,0,0,0,0,0,0,0,0,0,0,0,0,0,0,0,0,0,0,0,0,0,0,0,0,0,0,0
4582,1166,1143,191,128,87,219,156,133,161,162,187,142,127,167,23,49,88,48,33,24,22,162,9,582,127,1067,3,10,134,377,46,126,147,153,101,59,12,644,31,112,54,64,42,75,53,36,58,119,0,0,0,2309,325
4583,1036,990,162,96,58,169,133,143,148,106,127,132,131,145,54,53,84,49,36,28,29,143,9,456,102,1025,2,5,69,358,42,143,118,124,93,44,15,579,8,86,69,75,38,46,56,60,53,88,0,0,0,2026,276
4584,1004,1014,139,76,53,177,165,161,133,121,141,116,116,155,46,62,78,55,31,28,37,128,8,62,115,1419,0,5,30,379,153,155,133,95,63,50,19,668,108,50,20,23,131,10,88,106,46,86,0,0,0,2018,227
4585,487,525,57,29,28,76,73,58,73,60,65,77,64,82,18,30,45,32,31,20,16,78,2,16,34,653,1,1,16,289,86,102,61,49,27,24,8,357,29,54,21,19,50,11,70,41,26,36,0,0,0,1012,108
4586,0,0,0,0,0,0,0,0,0,0,0,0,0,0,0,0,0,0,0,0,0,0,0,0,0,0,0,0,0,0,0,0,0,0,0,0,0,0,0,0,0,0,0,0,0,0,0,0,0,0,0,0,0
4587,340,292,36,26,14,45,47,48,26,36,37,40,28,42,14,37,25,22,13,19,17,60,2,44,17,408,1,4,10,146,64,68,42,18,16,18,5,231,72,7,5,3,59,7,21,24,16,17,0,0,6,626,57
4588,0,0,0,0,0,0,0,0,0,0,0,0,0,0,0,0,0,0,0,0,0,0,0,0,0,0,0,0,0,0,0,0,0,0,0,0,0,0,0,0,0,0,0,0,0,0,0,0,0,0,0,0,0
4589,234,210,38,18,18,36,31,32,30,25,22,23,14,40,11,11,29,7,7,5,7,40,1,22,25,331,0,0,6,59,25,24,29,21,17,15,3,134,22,5,2,3,25,0,31,23,11,12,0,0,0,444,56
4590,1066,1079,89,59,42,155,142,134,130,94,124,137,160,85,56,97,135,141,113,57,90,105,20,123,36,456,2,6,72,1430,196,397,135,93,43,7,15,886,74,135,64,94,48,194,71,40,61,105,0,0,0,2145,158
4591,342,333,52,33,22,44,43,54,44,32,41,41,49,47,19,16,36,23,12,13,5,49,4,35,54,472,0,2,10,98,55,44,50,42,17,11,8,227,38,16,1,2,52,3,45,32,17,21,0,0,0,675,78
4592,148,172,18,19,8,27,27,18,11,20,22,18,24,27,6,11,9,7,9,4,9,26,2,61,22,155,1,0,17,62,23,27,10,10,21,10,1,102,3,14,5,9,10,11,8,13,11,18,0,0,0,320,42
4593,117,109,15,3,9,29,24,14,18,15,10,14,12,15,2,8,12,3,1,2,3,17,0,4,14,167,0,0,2,39,16,25,11,13,9,5,0,79,13,3,5,3,17,0,15,9,8,6,0,0,0,226,27
4594,1368,1327,226,105,76,249,192,179,197,187,192,181,152,207,56,63,94,45,55,13,31,195,16,619,155,1180,6,17,141,561,48,147,179,201,110,67,7,759,32,118,62,80,48,116,73,28,60,142,0,0,0,2695,385
4595,1018,1042,150,78,69,176,148,161,135,137,132,136,139,158,44,53,85,64,25,24,21,125,9,667,162,617,10,5,100,490,69,139,138,148,75,32,17,618,23,91,51,46,35,63,49,53,74,133,0,0,0,2060,272
4596,403,422,62,29,19,83,87,46,54,50,45,44,56,66,14,21,38,27,14,13,5,52,3,22,31,590,2,4,8,165,54,58,54,37,28,22,9,262,51,12,15,9,52,3,45,32,18,25,0,0,0,825,96
4597,535,642,72,68,27,74,109,93,82,61,63,69,79,69,29,33,62,48,31,14,21,73,13,32,41,539,5,1,29,517,99,112,81,50,25,14,10,391,50,40,25,27,85,17,54,28,27,38,0,0,119,1058,99
4598,339,289,45,39,15,60,33,36,37,24,37,48,49,37,14,30,32,22,12,11,20,27,1,193,30,212,1,4,27,160,28,47,44,42,19,13,4,197,13,21,13,18,13,18,25,16,21,39,0,0,0,628,78
4599,2236,2208,325,209,159,396,348,329,296,292,309,291,268,337,85,114,138,109,68,41,53,277,12,1511,158,1998,12,14,137,602,136,296,241,309,175,111,26,1294,114,167,91,109,92,104,62,150,151,254,0,0,0,4444,621
4600,0,0,0,0,0,0,0,0,0,0,0,0,0,0,0,0,0,0,0,0,0,0,0,0,0,0,0,0,0,0,0,0,0,0,0,0,0,0,0,0,0,0,0,0,0,0,0,0,0,0,0,0,0
4601,796,811,143,72,28,129,106,116,111,75,97,115,93,125,37,54,79,67,33,22,26,79,15,453,135,492,1,6,59,446,47,125,108,106,62,27,11,486,19,68,34,47,30,36,38,53,67,94,0,0,0,1607,206
4602,428,392,62,32,25,65,46,51,55,43,56,51,30,65,19,24,29,35,14,24,36,58,2,16,34,597,2,3,11,155,49,60,35,36,20,23,8,231,27,19,8,11,44,3,38,20,19,42,0,0,101,719,87
4603,274,257,37,32,14,33,38,28,37,26,33,31,21,34,19,16,26,25,18,12,11,40,1,32,34,346,2,1,9,106,28,40,35,26,16,14,6,165,33,12,8,14,19,6,20,18,16,19,0,0,0,531,62
4604,89,99,7,8,2,15,22,12,20,7,8,8,11,15,7,12,13,5,2,2,4,8,4,1,2,89,0,0,3,89,15,24,7,8,4,3,4,65,8,10,4,8,14,2,4,9,0,6,0,0,0,188,19
4605,725,738,94,46,28,111,117,123,130,89,91,63,73,99,33,40,67,49,46,33,37,94,9,103,24,1002,5,3,21,296,138,155,88,62,35,18,25,521,135,30,12,15,145,15,58,46,31,34,0,0,10,1453,140
4606,7,11,2,1,0,3,1,1,3,0,1,0,0,0,1,0,2,1,1,0,0,1,2,0,1,8,0,0,0,7,3,2,2,0,1,0,0,8,0,0,0,0,3,0,4,1,0,0,0,0,0,18,1
4607,276,310,39,28,26,47,51,58,37,44,36,31,26,47,7,13,18,12,7,7,7,45,2,49,27,418,2,3,10,75,29,44,39,29,19,15,6,181,46,2,3,1,36,2,33,28,17,13,0,0,0,586,69
4608,613,600,71,46,31,92,90,103,89,68,72,68,68,97,28,32,43,47,25,31,18,94,4,93,33,708,0,2,26,347,59,118,84,66,43,24,5,399,24,48,18,21,43,11,47,47,53,87,0,0,0,1213,138
4609,517,524,78,41,32,87,76,69,67,52,60,75,59,65,26,30,60,39,31,17,15,62,5,183,26,439,2,3,30,353,26,73,61,69,44,22,7,302,8,43,28,27,13,16,15,31,45,76,0,0,0,1041,142
4610,673,670,113,49,50,121,88,89,109,67,75,88,88,92,24,44,52,45,33,15,10,91,4,67,42,968,1,5,23,233,76,103,94,80,40,29,10,432,90,12,6,3,100,7,82,65,38,29,0,0,0,1343,159
4611,378,424,63,34,30,77,54,44,62,55,50,60,48,48,21,22,22,28,14,8,8,54,1,253,34,361,2,1,43,107,29,58,43,50,43,12,5,240,22,37,22,26,9,16,12,29,31,36,0,0,0,802,110
4612,0,0,0,0,0,0,0,0,0,0,0,0,0,0,0,0,0,0,0,0,0,0,0,0,0,0,0,0,0,0,0,0,0,0,0,0,0,0,0,0,0,0,0,0,0,0,0,0,0,0,0,0,0
4613,762,683,104,64,36,116,106,89,110,112,95,87,72,144,31,41,49,32,24,20,19,94,3,468,64,655,4,3,48,200,41,95,88,90,66,35,5,420,40,60,40,31,33,26,16,53,50,71,0,0,9,1436,196
4614,314,334,26,21,10,60,45,56,40,37,33,42,44,40,13,19,31,25,25,13,17,51,1,48,9,361,1,0,11,217,42,70,43,39,13,13,4,224,10,19,30,21,41,25,27,19,15,17,0,0,5,643,69
4615,515,539,65,38,30,103,71,64,65,55,66,69,80,80,19,35,48,33,30,16,22,65,8,129,85,529,4,3,24,272,46,90,70,49,41,24,9,329,18,43,18,20,29,26,25,47,44,59,0,0,0,1054,123
4616,647,604,74,41,32,99,113,123,103,78,62,60,63,99,24,38,36,51,35,11,16,93,6,56,51,944,6,4,26,158,103,118,82,54,45,21,12,435,75,22,8,14,93,3,104,43,30,43,0,0,0,1251,132
4617,233,239,38,11,13,41,57,24,24,23,23,37,24,35,11,15,17,14,14,4,17,30,1,15,26,305,0,2,7,116,27,39,35,30,16,9,1,157,31,13,5,7,10,5,18,30,18,20,0,0,0,472,56
4618,1105,1092,179,89,66,166,159,140,153,137,159,142,155,178,51,60,79,51,40,29,21,143,8,541,135,1007,4,10,103,389,49,145,160,152,77,46,13,642,12,85,82,82,55,43,65,58,74,86,0,0,0,2197,288
4619,879,855,151,85,72,142,111,123,116,135,131,96,89,141,34,38,73,46,24,12,21,94,9,394,92,793,1,5,94,346,40,91,93,135,84,37,6,486,24,78,42,52,34,62,43,22,43,86,0,0,0,1734,262
4620,539,537,85,60,38,80,73,77,77,80,67,76,48,66,20,35,40,32,23,6,7,86,7,287,59,496,1,1,51,174,29,85,62,78,51,12,6,323,4,43,46,41,27,26,39,25,29,43,0,0,0,1076,147
4621,878,830,121,66,48,149,137,131,111,83,87,84,98,146,42,47,69,52,41,22,39,135,4,94,51,1358,2,3,46,150,124,123,107,68,59,48,19,548,102,25,22,15,114,3,121,58,34,54,0,0,0,1708,194
4622,628,661,77,48,48,105,93,100,87,73,74,76,85,98,31,41,51,29,31,24,23,95,5,64,76,832,3,6,19,284,76,114,73,58,48,29,15,413,67,36,16,13,50,14,48,67,39,63,0,0,3,1286,150
4623,801,782,124,65,60,133,115,100,111,108,125,121,112,104,31,35,70,26,12,22,20,89,6,479,73,756,0,11,52,206,57,92,104,114,67,29,8,471,19,66,36,44,47,38,21,45,63,92,0,0,0,1583,218
4624,905,893,115,67,56,159,153,129,117,96,108,101,105,147,36,51,75,39,39,34,27,144,7,100,66,1439,1,4,28,153,133,146,85,87,71,35,24,581,102,24,18,19,115,2,139,59,51,52,0,0,0,1798,217
4625,0,0,0,0,0,0,0,0,0,0,0,0,0,0,0,0,0,0,0,0,0,0,0,0,0,0,0,0,0,0,0,0,0,0,0,0,0,0,0,0,0,0,0,0,0,0,0,0,0,0,0,0,0
4626,1339,1275,190,107,81,219,184,191,179,116,151,150,153,197,61,82,106,98,67,53,43,186,12,307,112,1490,2,3,39,649,112,238,175,125,91,52,25,818,45,111,53,49,85,23,78,90,109,175,0,0,27,2587,293
4627,547,461,95,46,30,66,60,48,67,51,52,55,62,79,36,35,49,45,29,22,16,65,3,171,16,433,2,2,48,333,30,68,64,65,37,27,5,296,4,42,21,33,9,22,14,35,48,68,0,0,0,1008,134
4628,193,225,37,15,6,28,24,28,25,22,27,28,26,40,13,17,21,14,8,5,5,29,1,19,1,249,1,2,4,141,16,32,27,26,15,10,2,128,6,6,8,19,18,12,19,13,7,20,0,0,0,418,53
4629,683,664,96,73,46,121,99,96,96,82,61,62,66,128,19,18,59,44,36,28,32,85,8,59,24,1006,0,3,25,222,91,91,84,60,49,37,14,426,136,10,6,7,124,1,45,42,21,34,0,0,0,1347,160
4630,189,218,19,8,12,30,49,31,24,32,17,24,18,40,10,9,21,3,9,5,10,36,1,24,15,272,1,2,13,79,18,17,27,18,13,12,7,112,16,8,9,5,6,6,10,19,12,21,0,0,6,401,50
4631,128,129,35,13,6,13,16,13,22,10,9,12,16,16,4,9,11,12,4,2,6,28,2,10,4,190,0,2,10,39,19,14,13,7,9,8,6,76,11,5,2,2,12,0,25,11,2,6,0,0,0,257,30
4632,399,368,59,42,23,52,63,54,52,45,32,53,48,55,27,27,30,21,9,16,13,46,4,26,24,544,1,7,9,152,40,69,42,36,25,27,4,243,44,10,12,16,29,9,34,31,31,27,0,0,0,767,92
4633,468,504,49,43,33,73,56,67,65,46,50,52,66,69,34,42,49,35,17,17,35,74,8,70,13,481,2,3,16,379,53,88,54,57,35,21,6,314,17,39,33,37,52,21,43,22,19,31,0,0,0,972,119
4634,148,153,21,13,6,27,20,17,17,14,20,21,19,20,7,7,14,12,12,6,4,24,2,54,16,136,5,1,9,78,22,33,16,13,3,11,4,102,4,7,10,9,7,7,11,12,15,20,0,0,0,301,31
4635,541,586,58,43,44,124,112,87,78,63,49,57,67,96,24,22,37,40,27,11,16,72,10,29,12,846,1,5,11,213,84,91,75,52,36,22,14,374,96,6,5,7,97,5,54,52,25,27,0,0,0,1127,124
4636,0,0,0,0,0,0,0,0,0,0,0,0,0,0,0,0,0,0,0,0,0,0,0,0,0,0,0,0,0,0,0,0,0,0,0,0,0,0,0,0,0,0,0,0,0,0,0,0,0,0,0,0,0
4637,1107,1052,156,106,84,177,126,128,143,124,125,151,155,149,49,84,109,79,44,24,24,122,16,446,29,898,4,15,96,655,68,173,131,154,75,32,20,653,19,100,63,65,35,56,33,56,82,144,0,0,0,2159,281
4638,0,0,0,0,0,0,0,0,0,0,0,0,0,0,0,0,0,0,0,0,0,0,0,0,0,0,0,0,0,0,0,0,0,0,0,0,0,0,0,0,0,0,0,0,0,0,0,0,0,0,0,0,0
4639,226,235,35,17,10,45,45,28,31,30,22,25,30,25,7,12,27,19,10,9,9,25,3,20,13,354,0,0,15,56,37,44,27,25,21,7,1,162,24,9,4,3,35,3,37,20,15,12,0,0,0,461,54
4640,945,927,136,79,48,125,151,133,137,123,107,107,123,127,43,59,72,55,49,45,39,114,6,207,62,1016,4,6,48,523,112,186,118,95,52,45,14,622,39,85,45,36,52,27,54,79,90,115,0,0,11,1861,206
4641,527,507,79,35,37,86,64,78,61,62,61,60,62,71,18,35,43,29,19,22,38,74,4,61,55,645,2,3,17,247,54,89,70,49,40,18,10,330,53,17,14,17,43,12,50,51,35,38,0,0,4,1030,117
4642,931,924,144,71,56,217,177,133,115,118,119,92,86,162,23,32,64,47,33,14,16,136,9,426,158,791,6,4,153,308,29,83,118,137,82,46,9,504,27,96,40,52,31,68,39,24,43,84,0,0,0,1855,274
4643,344,313,48,32,21,44,48,55,53,38,31,41,28,57,9,21,27,19,17,9,11,48,0,18,3,500,0,2,13,121,50,55,49,25,18,18,6,221,63,4,3,3,56,6,33,30,15,8,0,0,0,657,67
4644,963,935,105,70,58,140,120,140,112,103,97,123,122,141,46,53,105,68,54,50,60,131,6,118,15,1051,2,7,35,664,100,184,127,80,70,36,19,616,37,59,53,65,89,50,82,55,41,85,0,0,12,1886,205
4645,0,0,0,0,0,0,0,0,0,0,0,0,0,0,0,0,0,0,0,0,0,0,0,0,0,0,0,0,0,0,0,0,0,0,0,0,0,0,0,0,0,0,0,0,0,0,0,0,0,0,0,0,0
4646,575,886,80,39,75,194,136,124,100,75,79,88,76,78,23,31,53,41,24,20,41,84,4,108,98,895,3,8,40,305,54,85,69,44,37,29,12,330,51,28,12,10,45,5,58,42,38,41,0,0,396,1065,122
4647,238,268,34,24,20,42,32,34,23,25,36,28,37,38,16,18,17,19,16,6,13,28,2,82,14,260,0,2,19,127,34,41,31,29,18,7,6,166,9,16,8,8,12,4,16,33,29,31,0,0,0,506,60
4648,127,140,22,13,12,23,18,22,11,17,18,16,16,15,6,5,8,9,6,7,4,19,10,7,7,128,0,1,8,106,30,23,17,10,7,8,2,97,7,8,7,9,19,4,12,13,9,9,0,0,0,267,27
4649,640,576,95,56,36,95,108,70,70,86,98,97,96,90,27,37,36,24,17,11,3,64,6,258,70,605,2,8,26,241,36,93,84,85,48,23,3,372,7,58,37,42,26,31,34,42,39,56,0,0,0,1216,159
4650,773,782,119,60,33,149,120,121,108,78,74,94,88,125,29,44,47,50,54,31,45,86,6,66,31,1141,2,2,29,278,119,127,90,65,48,39,22,510,159,9,8,12,125,3,54,68,34,38,0,0,0,1555,174
4651,405,409,44,43,20,60,53,72,49,41,58,39,48,66,18,29,40,38,12,10,28,46,1,129,19,380,2,3,27,253,25,72,49,41,40,14,6,247,10,27,22,31,16,21,12,18,23,67,0,0,0,814,101
4652,771,761,126,63,42,145,165,131,101,80,70,62,69,153,21,33,46,28,23,25,13,136,9,350,119,706,4,15,119,210,10,70,84,112,67,36,17,396,14,69,28,32,25,56,40,25,25,82,0,0,0,1532,232
4653,0,5,0,0,0,1,1,0,0,0,0,1,1,0,0,0,0,1,0,0,0,0,0,0,1,1,0,0,0,3,0,0,0,0,0,0,0,0,0,0,0,0,0,0,0,0,0,0,0,0,5,0,0
4654,0,0,0,0,0,0,0,0,0,0,0,0,0,0,0,0,0,0,0,0,0,0,0,0,0,0,0,0,0,0,0,0,0,0,0,0,0,0,0,0,0,0,0,0,0,0,0,0,0,0,0,0,0
4655,906,873,160,83,75,151,114,127,109,98,119,95,133,132,44,67,58,52,18,14,20,110,5,405,96,868,3,8,59,335,37,135,117,118,58,46,10,521,11,70,70,62,34,36,65,51,49,73,0,0,0,1779,232
4656,0,0,0,0,0,0,0,0,0,0,0,0,0,0,0,0,0,0,0,0,0,0,0,0,0,0,0,0,0,0,0,0,0,0,0,0,0,0,0,0,0,0,0,0,0,0,0,0,0,0,0,0,0
4657,438,469,60,45,33,72,55,38,53,63,89,68,60,81,22,28,26,24,6,10,12,62,2,219,57,421,1,3,27,177,21,49,63,66,33,20,6,258,6,43,23,26,16,34,28,12,21,49,0,0,0,907,125
4658,0,0,0,0,0,0,0,0,0,0,0,0,0,0,0,0,0,0,0,0,0,0,0,0,0,0,0,0,0,0,0,0,0,0,0,0,0,0,0,0,0,0,0,0,0,0,0,0,0,0,0,0,0
4659,518,529,65,49,41,92,59,78,53,48,62,82,69,81,25,46,45,50,18,16,14,54,3,248,20,425,1,4,44,302,34,80,67,75,35,19,8,318,10,52,26,32,16,37,14,37,34,60,0,0,0,1047,137
4660,0,0,0,0,0,0,0,0,0,0,0,0,0,0,0,0,0,0,0,0,0,0,0,0,0,0,0,0,0,0,0,0,0,0,0,0,0,0,0,0,0,0,0,0,0,0,0,0,0,0,0,0,0
4661,2868,2747,419,254,199,470,380,387,377,391,431,386,343,420,96,135,187,142,99,50,68,381,26,1747,218,2600,16,31,187,790,157,393,361,353,224,127,37,1652,123,219,128,156,125,107,107,168,194,325,0,0,0,5615,741
4662,237,236,28,18,16,28,40,41,32,24,21,23,39,38,10,10,17,19,17,7,17,28,1,55,23,297,2,2,12,81,19,53,29,23,8,12,7,151,10,11,7,10,18,7,15,22,35,16,0,0,0,473,50
4663,1512,1448,245,146,106,229,206,184,199,194,220,184,189,250,48,66,105,74,42,33,44,196,13,942,120,1396,8,12,94,375,81,188,188,190,132,63,17,859,68,136,76,59,61,61,50,94,108,146,0,0,0,2960,402
4664,3834,3784,623,367,248,670,531,512,578,534,519,416,398,679,150,168,254,194,90,65,72,550,38,2587,444,2876,18,37,309,1309,149,423,518,453,314,218,46,2121,97,477,239,214,126,153,112,110,187,406,0,0,0,7618,1031
4665,0,0,0,0,0,0,0,0,0,0,0,0,0,0,0,0,0,0,0,0,0,0,0,0,0,0,0,0,0,0,0,0,0,0,0,0,0,0,0,0,0,0,0,0,0,0,0,0,0,0,0,0,0
4666,0,0,0,0,0,0,0,0,0,0,0,0,0,0,0,0,0,0,0,0,0,0,0,0,0,0,0,0,0,0,0,0,0,0,0,0,0,0,0,0,0,0,0,0,0,0,0,0,0,0,0,0,0
4667,174,171,30,21,7,28,25,26,23,11,13,16,24,33,3,14,13,6,10,5,7,30,1,46,9,231,1,2,8,47,17,24,15,17,13,14,2,102,12,3,3,2,25,1,15,16,13,12,0,0,0,345,46
4668,681,665,94,57,27,113,100,93,80,90,87,88,77,108,26,41,53,45,35,16,31,85,5,135,35,744,1,7,33,386,69,104,83,60,51,39,11,417,59,44,19,17,33,8,78,70,45,44,0,0,0,1346,161
4669,706,733,108,60,55,102,96,75,108,101,112,94,103,126,35,28,59,49,23,9,12,84,8,298,102,653,3,6,89,280,24,95,102,102,61,26,6,416,15,71,40,44,25,49,37,22,28,85,0,0,0,1439,195
4670,353,320,31,25,30,65,42,50,35,41,33,42,36,67,14,28,30,29,22,11,9,33,5,88,18,395,1,3,18,145,33,58,49,36,25,10,6,217,9,20,10,10,19,14,20,43,29,43,0,0,0,673,77
4671,0,0,0,0,0,0,0,0,0,0,0,0,0,0,0,0,0,0,0,0,0,0,0,0,0,0,0,0,0,0,0,0,0,0,0,0,0,0,0,0,0,0,0,0,0,0,0,0,0,0,0,0,0
4672,624,616,96,47,40,119,84,70,81,64,77,82,81,92,25,29,66,50,33,20,18,66,6,229,39,531,4,1,51,379,44,97,60,82,45,24,15,367,16,60,30,35,15,32,14,41,39,85,0,0,3,1237,166
4673,577,548,99,41,22,106,86,85,72,65,62,64,54,104,21,23,53,27,24,15,17,85,4,70,47,834,2,2,22,144,51,79,51,57,45,35,12,330,40,17,13,12,78,8,34,39,43,46,0,0,0,1125,149
4674,1466,1399,240,128,104,229,173,179,207,166,200,198,161,259,52,76,111,85,43,30,42,182,12,819,114,1433,5,13,74,395,80,164,172,191,122,63,23,815,62,101,62,77,70,73,36,81,111,142,0,0,4,2861,399
4675,404,418,69,26,30,64,46,67,45,50,45,48,55,56,21,35,33,22,21,15,10,64,5,106,36,490,0,0,14,171,30,80,46,51,33,11,7,258,5,27,13,16,23,11,27,43,38,55,0,0,0,822,102
4676,0,0,0,0,0,0,0,0,0,0,0,0,0,0,0,0,0,0,0,0,0,0,0,0,0,0,0,0,0,0,0,0,0,0,0,0,0,0,0,0,0,0,0,0,0,0,0,0,0,0,0,0,0
4677,401,369,51,31,29,61,54,58,42,45,44,41,52,53,19,21,31,26,25,17,19,51,1,73,29,417,1,4,13,232,42,67,38,53,29,16,3,248,16,24,12,18,46,21,21,23,29,38,0,0,0,770,101
4678,0,0,0,0,0,0,0,0,0,0,0,0,0,0,0,0,0,0,0,0,0,0,0,0,0,0,0,0,0,0,0,0,0,0,0,0,0,0,0,0,0,0,0,0,0,0,0,0,0,0,0,0,0
4679,743,742,129,65,54,107,109,86,102,71,86,102,95,121,31,40,54,44,27,29,30,103,5,76,43,825,5,14,27,490,54,116,75,73,63,44,12,437,12,42,22,23,64,17,43,78,63,73,0,0,6,1479,192
4680,728,757,105,69,40,150,116,99,97,70,94,89,96,108,31,37,59,57,29,25,25,89,7,140,49,826,0,4,51,408,37,122,96,84,54,36,9,438,30,74,31,37,26,21,56,51,33,79,0,0,19,1466,183
4681,180,201,25,3,20,66,46,32,15,21,17,19,19,25,6,6,12,6,3,3,6,31,2,35,13,296,0,0,3,32,10,33,20,15,16,6,8,108,18,4,6,5,21,2,16,14,11,11,0,0,0,381,45
4682,191,186,31,9,17,24,20,17,35,23,21,23,23,26,9,11,16,13,11,8,10,30,0,30,15,224,1,0,6,101,32,34,24,17,11,11,2,131,18,14,8,6,10,2,23,23,11,16,0,0,0,377,41
4683,269,278,42,17,17,50,36,35,30,29,23,40,39,30,21,22,30,21,14,11,11,29,9,14,5,208,2,2,13,294,54,64,36,19,16,10,5,204,31,20,16,17,43,6,24,14,13,20,0,0,0,547,50
4684,440,383,58,38,21,46,63,54,59,47,46,47,63,74,19,20,40,25,19,9,13,62,4,104,17,504,2,3,28,161,56,62,54,36,33,23,4,268,13,19,12,13,31,19,25,46,44,46,0,0,0,823,96
4685,229,201,29,12,16,43,21,28,27,21,21,23,32,37,6,16,28,16,10,7,10,27,3,58,12,226,2,1,9,119,17,37,25,27,16,10,2,134,7,15,7,9,19,5,17,14,17,24,0,0,0,430,55
4686,131,139,20,3,9,31,24,27,15,15,12,11,15,22,5,7,16,9,2,4,3,20,3,29,3,208,0,1,3,23,12,23,15,13,13,7,1,84,11,2,5,5,17,1,10,11,9,13,0,0,0,270,34
4687,735,716,114,73,43,112,99,119,102,76,77,81,76,101,49,44,59,37,30,28,26,105,1,98,17,921,3,3,26,382,70,124,85,65,63,37,10,454,66,30,21,17,41,7,84,88,50,50,0,0,0,1451,175
4688,481,504,75,60,30,78,59,52,70,67,54,58,62,78,26,30,48,32,34,17,10,45,8,120,25,563,0,3,33,233,24,78,65,69,36,22,3,297,13,47,26,15,18,17,38,34,35,54,0,0,0,985,130
4689,1338,1302,236,139,108,241,176,153,168,180,196,185,147,215,29,67,82,63,50,22,21,162,10,653,131,1187,5,3,143,508,45,152,160,198,120,55,11,741,39,129,72,83,52,84,50,42,62,128,0,0,0,2640,384
4690,1178,1086,171,97,72,202,156,152,136,123,114,123,147,169,52,77,102,76,37,30,58,170,10,188,91,1270,2,10,54,639,82,179,124,136,88,53,17,679,31,76,47,44,103,43,78,77,79,101,0,0,7,2257,294
4691,306,282,41,26,23,55,45,28,39,35,31,43,41,63,11,13,16,15,8,4,5,46,6,31,13,464,0,1,9,64,27,40,23,32,30,14,6,172,22,5,9,10,38,3,20,26,21,18,0,0,0,588,82
4692,1,2,0,0,0,1,0,0,0,0,0,2,0,0,0,0,0,0,0,0,0,0,0,0,0,3,0,0,0,0,0,0,0,0,0,0,0,0,0,0,0,0,0,0,0,0,0,0,0,0,3,0,0
4693,395,408,79,30,20,88,57,38,71,59,54,58,54,50,12,19,24,15,13,7,5,50,1,193,39,354,0,5,44,167,15,40,62,65,34,14,1,231,14,46,19,16,12,28,30,13,18,35,0,0,0,803,114
4694,315,277,35,11,13,49,43,47,45,32,37,33,33,64,14,11,17,12,9,6,8,73,4,28,13,380,2,0,16,149,29,34,41,19,21,20,9,173,19,15,6,3,24,4,24,34,19,25,0,0,0,592,69
4695,670,636,89,42,32,111,88,102,90,79,112,91,76,108,16,33,41,33,21,17,21,104,5,446,49,633,1,5,36,131,37,92,80,93,50,28,7,387,31,45,38,29,28,19,21,45,43,88,0,0,0,1306,178
4696,0,0,0,0,0,0,0,0,0,0,0,0,0,0,0,0,0,0,0,0,0,0,0,0,0,0,0,0,0,0,0,0,0,0,0,0,0,0,0,0,0,0,0,0,0,0,0,0,0,0,0,0,0
4697,3229,3197,506,250,228,661,678,504,420,347,284,271,300,555,94,156,188,156,101,73,103,551,53,2104,588,2431,17,26,344,863,52,326,376,412,280,167,65,1678,63,380,181,155,108,107,98,95,160,331,0,0,0,6426,924
4698,897,999,133,107,74,130,105,103,122,91,117,108,105,130,39,35,75,48,73,84,117,100,5,462,94,808,2,9,50,466,37,85,100,94,66,37,10,429,30,60,37,36,31,35,21,44,55,80,0,0,377,1519,207
4699,36,32,10,2,2,8,8,3,3,2,1,3,3,7,1,2,2,2,1,1,0,7,0,0,1,42,0,0,2,23,0,4,3,4,3,2,1,17,1,1,0,1,2,0,3,4,1,4,0,0,0,68,10
4700,804,757,107,75,43,127,117,113,102,71,85,96,89,131,34,47,53,56,38,23,35,119,4,114,37,1182,1,5,28,190,69,112,95,73,62,27,26,464,72,16,15,24,93,12,62,63,46,61,0,0,0,1561,188
4701,514,527,91,45,38,83,83,84,60,49,57,68,62,71,19,28,41,40,24,18,16,64,4,90,16,615,5,4,22,285,61,81,66,59,28,27,10,332,46,34,20,19,26,8,54,55,37,33,0,0,1,1040,124
4702,275,317,40,22,19,55,43,44,41,35,24,42,34,52,21,15,23,25,7,6,14,30,0,32,18,458,0,5,6,73,22,51,42,30,23,10,5,183,19,11,6,5,27,3,42,29,21,20,0,0,4,588,68
4703,1348,1347,208,129,80,266,237,200,183,175,161,143,135,230,33,73,86,67,38,22,26,203,17,606,188,1188,5,16,180,495,26,138,172,206,118,62,12,734,37,120,63,71,46,103,58,47,58,131,0,0,0,2695,398
4704,467,437,65,40,24,89,72,59,60,43,43,54,53,77,15,29,38,28,13,14,21,67,4,128,19,489,0,4,16,244,22,66,51,54,33,23,8,257,14,45,24,23,12,4,29,33,27,46,0,0,12,892,118
4705,401,377,63,37,19,76,52,47,60,56,55,58,26,68,16,18,24,24,11,10,6,52,2,279,22,324,5,4,27,115,24,44,56,54,31,14,5,228,19,28,18,25,10,14,14,29,35,36,0,0,0,778,104
4706,0,0,0,0,0,0,0,0,0,0,0,0,0,0,0,0,0,0,0,0,0,0,0,0,0,0,0,0,0,0,0,0,0,0,0,0,0,0,0,0,0,0,0,0,0,0,0,0,0,0,0,0,0
4707,0,1,0,0,0,0,0,0,0,0,0,0,0,0,0,0,1,0,0,0,0,0,0,0,0,0,0,0,0,1,0,0,0,0,0,0,0,0,0,0,0,0,0,0,0,0,0,0,0,0,1,0,0
4708,0,0,0,0,0,0,0,0,0,0,0,0,0,0,0,0,0,0,0,0,0,0,0,0,0,0,0,0,0,0,0,0,0,0,0,0,0,0,0,0,0,0,0,0,0,0,0,0,0,0,0,0,0
4709,139,134,18,8,6,27,24,22,12,6,22,12,9,25,5,9,14,8,6,8,8,24,2,10,2,126,1,0,1,131,25,21,12,10,8,6,7,89,16,7,10,7,17,2,12,7,3,8,0,0,0,273,31
4710,196,223,20,8,10,29,43,28,20,14,26,30,30,28,11,19,24,20,15,10,10,24,10,5,4,188,1,2,12,197,39,48,20,23,16,6,2,154,24,9,15,7,38,7,23,11,3,17,0,0,0,419,47
4711,154,161,19,17,11,27,21,24,28,16,19,24,21,19,5,10,15,6,5,9,4,15,4,14,5,194,1,1,7,89,19,35,23,13,14,3,2,109,18,9,3,3,7,2,21,18,15,13,0,0,0,315,32
4712,541,525,101,42,38,80,74,72,51,59,65,64,67,89,19,28,38,32,26,21,24,76,7,80,16,663,1,3,24,272,25,70,68,57,37,27,14,298,18,35,16,12,34,18,32,36,36,61,0,0,5,1061,135
4713,758,707,123,60,52,116,94,103,103,79,77,102,91,132,26,43,58,42,30,13,16,105,8,116,50,897,3,5,60,326,31,124,93,95,53,29,11,436,34,74,29,28,17,14,55,60,48,77,0,0,0,1465,188
4714,0,0,0,0,0,0,0,0,0,0,0,0,0,0,0,0,0,0,0,0,0,0,0,0,0,0,0,0,0,0,0,0,0,0,0,0,0,0,0,0,0,0,0,0,0,0,0,0,0,0,0,0,0
4715,816,837,119,71,55,141,126,129,108,100,125,122,90,114,43,50,60,44,27,15,14,100,12,559,68,724,0,4,49,237,51,125,103,117,64,25,13,498,36,62,37,41,45,33,32,49,61,102,0,0,0,1653,219
4716,324,298,40,31,22,51,46,45,54,24,33,32,33,57,9,15,16,13,13,12,11,65,2,44,15,473,2,5,16,65,27,32,22,29,29,16,13,168,26,8,5,4,53,4,10,24,17,17,0,0,0,622,87
4717,832,940,96,62,76,278,239,122,90,79,75,68,59,152,26,42,56,30,27,21,23,151,15,408,163,776,2,7,141,260,16,90,112,123,75,44,13,473,29,75,41,51,21,67,40,21,40,88,0,0,0,1772,255
4718,416,393,36,34,36,96,61,50,52,55,38,37,39,70,17,27,31,17,23,12,19,59,5,53,35,606,0,2,12,96,37,59,58,42,31,19,5,251,27,8,3,6,33,4,42,50,38,40,0,0,0,809,97
4719,925,856,131,91,64,138,119,123,106,97,89,88,107,139,43,66,60,45,54,35,34,152,10,90,22,1202,4,4,32,417,39,131,93,100,72,47,20,502,37,49,26,25,55,27,54,96,54,79,0,0,2,1779,239
4720,1976,2022,301,155,132,325,321,347,280,251,235,217,208,379,69,101,153,100,50,37,58,279,15,1395,319,1406,18,23,152,670,55,222,238,247,190,99,31,1082,44,240,116,120,59,94,61,54,88,206,0,0,0,3998,567
4721,334,299,40,23,18,52,34,37,50,37,41,29,31,72,11,26,27,19,16,7,10,53,0,59,13,492,0,3,10,56,29,45,41,32,22,19,5,193,27,7,6,12,37,4,18,34,19,29,0,0,0,633,78
4722,513,547,83,47,49,93,81,93,65,67,41,70,51,88,27,24,38,16,21,11,13,82,3,18,25,886,0,0,38,90,39,67,61,53,35,35,13,303,36,14,8,7,50,18,41,56,33,40,0,0,0,1060,136
4723,343,342,59,35,29,55,40,47,37,34,35,33,47,68,12,28,30,14,10,19,15,38,2,31,18,473,0,1,3,157,15,36,36,35,31,18,10,181,17,18,6,8,20,8,17,24,28,35,0,0,3,682,94
4724,0,0,0,0,0,0,0,0,0,0,0,0,0,0,0,0,0,0,0,0,0,0,0,0,0,0,0,0,0,0,0,0,0,0,0,0,0,0,0,0,0,0,0,0,0,0,0,0,0,0,0,0,0
4725,1057,1033,158,102,63,185,149,133,137,125,138,129,122,159,47,63,69,53,31,35,54,138,14,688,78,939,4,10,52,305,60,137,114,133,77,47,16,584,52,79,41,47,44,34,26,62,90,109,0,0,82,2008,273
4726,0,0,0,0,0,0,0,0,0,0,0,0,0,0,0,0,0,0,0,0,0,0,0,0,0,0,0,0,0,0,0,0,0,0,0,0,0,0,0,0,0,0,0,0,0,0,0,0,0,0,0,0,0
4727,974,942,164,77,70,160,147,132,124,119,100,111,118,174,34,39,65,47,35,23,27,150,8,82,61,1444,1,9,70,241,70,132,101,107,69,63,16,558,51,40,6,14,108,17,97,98,48,79,0,0,0,1916,255
4728,977,924,153,93,59,160,104,126,133,129,147,140,109,159,47,50,66,48,23,15,22,118,11,657,85,793,3,8,60,284,46,130,128,120,80,41,10,555,42,82,41,49,22,41,35,69,70,104,0,0,5,1896,251
4729,944,862,141,80,67,167,109,103,123,92,111,116,107,139,44,61,78,60,32,23,24,129,9,151,87,1032,4,5,62,456,43,143,109,105,66,45,15,526,30,82,35,26,32,28,62,69,61,101,0,0,9,1797,231
4730,428,405,60,29,28,76,65,70,57,46,52,48,54,53,16,19,44,22,12,12,13,57,5,66,32,610,0,3,13,104,51,65,64,41,27,19,6,273,32,16,6,8,36,0,47,50,37,41,0,0,0,833,93
4731,435,433,49,29,37,81,86,80,65,51,45,51,43,71,15,14,34,20,12,11,7,67,7,86,9,659,0,1,8,98,37,64,60,50,30,17,9,267,37,10,6,4,44,2,50,40,35,39,0,0,0,868,106
4732,402,356,66,28,26,67,51,43,50,39,49,44,64,59,25,17,17,22,8,13,11,59,2,85,34,540,0,4,8,85,48,56,47,39,22,21,8,241,27,10,10,3,33,0,43,52,28,35,0,0,0,758,90
4733,659,668,99,54,30,110,91,102,99,60,83,81,75,100,28,50,55,38,36,29,18,89,6,116,27,942,3,6,20,207,79,102,87,71,51,33,6,429,46,19,10,12,49,2,81,80,72,58,0,0,0,1327,161
4734,0,0,0,0,0,0,0,0,0,0,0,0,0,0,0,0,0,0,0,0,0,0,0,0,0,0,0,0,0,0,0,0,0,0,0,0,0,0,0,0,0,0,0,0,0,0,0,0,0,0,0,0,0
4735,701,734,105,55,41,121,113,127,111,91,69,87,66,111,32,33,69,33,25,18,17,111,4,31,43,1073,3,6,59,216,70,100,100,70,39,47,13,439,67,23,5,7,82,13,52,77,64,49,0,0,0,1435,169
4736,524,488,82,51,30,77,78,78,62,71,48,45,67,104,21,24,41,26,17,12,12,66,2,61,36,782,1,0,10,120,37,64,63,44,48,25,11,292,17,10,9,9,67,8,59,42,31,40,0,0,0,1012,128
4737,10,39,2,0,1,1,4,3,1,1,7,8,7,2,1,0,3,4,0,0,2,2,0,2,7,11,0,3,0,26,0,0,0,0,0,0,0,0,0,0,0,0,0,0,0,0,0,0,0,0,49,0,0
4738,52,41,10,1,2,11,12,6,6,7,5,5,5,4,1,3,5,2,2,0,1,5,0,3,0,48,0,0,7,35,4,11,7,4,3,1,1,31,5,1,3,1,8,0,2,1,3,7,0,0,0,93,9
4739,0,0,0,0,0,0,0,0,0,0,0,0,0,0,0,0,0,0,0,0,0,0,0,0,0,0,0,0,0,0,0,0,0,0,0,0,0,0,0,0,0,0,0,0,0,0,0,0,0,0,0,0,0
4740,644,617,83,59,44,121,90,86,72,64,71,56,79,91,41,39,65,44,26,21,24,85,10,58,36,797,1,7,21,331,29,95,66,59,45,35,20,349,31,40,12,17,38,10,41,52,46,62,0,0,5,1256,159
4741,126,125,18,7,9,21,15,19,14,14,16,15,13,26,5,4,13,8,5,9,9,11,1,4,4,188,1,1,6,46,5,20,12,11,7,8,5,68,6,4,2,2,14,1,11,9,4,15,0,0,0,251,31
4742,1016,981,134,88,68,187,151,161,144,87,116,123,99,159,36,67,65,64,34,27,32,155,10,67,87,1453,3,8,60,309,98,155,122,98,69,53,18,613,78,32,12,12,116,23,86,117,68,69,0,0,18,1979,238
4743,357,330,40,25,31,52,56,44,43,43,49,50,37,55,18,20,30,20,10,6,14,44,3,59,19,473,0,1,7,125,30,58,49,30,23,21,4,215,21,13,5,5,31,2,47,42,20,29,0,0,0,687,78
4744,554,519,78,40,42,112,79,70,70,70,66,57,59,83,25,26,51,25,19,21,16,64,3,113,99,624,5,9,23,197,35,96,47,69,46,26,5,324,37,43,13,15,42,19,54,28,30,43,0,0,0,1073,146
4745,0,0,0,0,0,0,0,0,0,0,0,0,0,0,0,0,0,0,0,0,0,0,0,0,0,0,0,0,0,0,0,0,0,0,0,0,0,0,0,0,0,0,0,0,0,0,0,0,0,0,0,0,0
4746,640,663,95,40,34,124,106,94,100,91,66,73,73,121,30,33,44,31,20,24,13,91,2,138,54,946,3,4,14,142,53,95,105,68,40,27,13,401,54,12,6,11,46,1,78,89,51,53,0,0,0,1303,148
4747,525,546,94,42,39,89,89,74,68,74,55,61,59,88,14,24,35,33,24,10,14,85,4,42,63,751,2,2,15,192,40,77,70,53,32,29,14,315,32,23,19,18,56,3,41,46,32,45,0,0,6,1065,128
4748,0,0,0,0,0,0,0,0,0,0,0,0,0,0,0,0,0,0,0,0,0,0,0,0,0,0,0,0,0,0,0,0,0,0,0,0,0,0,0,0,0,0,0,0,0,0,0,0,0,0,0,0,0
4749,263,257,31,18,21,59,47,40,34,24,19,30,34,39,8,19,16,5,10,8,9,49,1,11,15,439,0,0,9,45,21,17,33,30,22,15,5,143,21,7,4,7,28,3,18,22,17,16,0,0,3,517,72
4750,937,914,142,102,51,181,141,125,113,100,111,115,101,148,42,62,43,54,24,20,30,146,6,177,39,1444,3,7,36,139,76,129,116,91,69,36,27,544,150,13,11,10,146,9,89,46,30,40,0,0,19,1832,223
4751,0,0,0,0,0,0,0,0,0,0,0,0,0,0,0,0,0,0,0,0,0,0,0,0,0,0,0,0,0,0,0,0,0,0,0,0,0,0,0,0,0,0,0,0,0,0,0,0,0,0,0,0,0
4752,575,543,80,40,42,98,99,99,77,56,66,63,59,80,25,36,43,22,22,23,11,77,2,23,35,864,1,6,49,138,64,76,65,60,41,25,13,344,41,16,4,11,57,16,53,45,42,59,0,0,5,1113,139
4753,0,0,0,0,0,0,0,0,0,0,0,0,0,0,0,0,0,0,0,0,0,0,0,0,0,0,0,0,0,0,0,0,0,0,0,0,0,0,0,0,0,0,0,0,0,0,0,0,0,0,0,0,0
4754,0,0,0,0,0,0,0,0,0,0,0,0,0,0,0,0,0,0,0,0,0,0,0,0,0,0,0,0,0,0,0,0,0,0,0,0,0,0,0,0,0,0,0,0,0,0,0,0,0,0,0,0,0
4755,511,522,66,52,41,89,89,66,69,57,62,55,55,90,14,26,25,31,13,16,15,102,7,118,14,806,1,6,19,62,59,61,61,61,40,21,12,315,83,14,7,10,94,3,45,25,17,17,0,0,0,1033,134
4756,0,1,0,0,0,0,0,0,0,0,1,0,0,0,0,0,0,0,0,0,0,0,0,1,0,0,0,0,0,0,0,0,0,0,0,0,0,0,0,0,0,0,0,0,0,0,0,0,0,0,1,0,0
4757,375,378,49,31,19,72,62,63,49,41,32,37,47,71,12,15,25,23,22,18,15,50,1,25,22,564,0,6,23,112,28,47,44,38,29,19,10,215,23,18,8,8,31,6,25,37,25,34,0,0,0,753,96
4758,0,0,0,0,0,0,0,0,0,0,0,0,0,0,0,0,0,0,0,0,0,0,0,0,0,0,0,0,0,0,0,0,0,0,0,0,0,0,0,0,0,0,0,0,0,0,0,0,0,0,0,0,0
4759,307,281,48,26,21,52,42,48,31,18,28,22,23,51,10,21,34,23,21,12,10,47,1,25,10,446,2,3,16,85,27,32,33,26,23,16,10,167,25,18,5,6,37,3,17,15,18,23,0,0,0,588,75
4760,0,0,0,0,0,0,0,0,0,0,0,0,0,0,0,0,0,0,0,0,0,0,0,0,0,0,0,0,0,0,0,0,0,0,0,0,0,0,0,0,0,0,0,0,0,0,0,0,0,0,0,0,0
4761,0,0,0,0,0,0,0,0,0,0,0,0,0,0,0,0,0,0,0,0,0,0,0,0,0,0,0,0,0,0,0,0,0,0,0,0,0,0,0,0,0,0,0,0,0,0,0,0,0,0,0,0,0
4762,16,20,0,3,3,3,2,6,0,2,2,1,3,1,1,0,3,1,0,0,2,3,0,0,0,17,0,0,1,18,7,6,1,2,0,1,0,17,1,3,2,0,3,1,1,4,0,2,0,0,0,36,3
4763,3,1,0,0,0,0,1,1,0,0,0,0,0,0,1,0,1,0,0,0,0,0,2,0,0,0,0,0,0,2,0,2,0,0,0,0,0,2,0,0,0,0,1,0,0,1,0,0,0,0,0,4,0
4764,113,135,22,4,5,19,34,26,20,15,12,7,12,20,1,3,6,6,7,4,1,24,1,5,6,207,0,1,3,25,14,22,20,10,6,7,2,81,5,5,1,3,18,1,24,9,6,9,0,0,0,248,25
4765,1466,1411,201,119,89,271,194,224,189,168,156,147,158,218,44,90,90,82,79,72,73,213,10,170,104,2283,4,9,41,256,193,232,184,142,91,69,27,938,106,45,18,14,186,12,267,124,64,102,0,0,0,2877,329
4766,1301,1293,191,119,76,220,208,180,193,155,150,135,129,208,55,65,104,65,48,38,42,213,8,270,49,2061,2,25,43,136,121,168,165,123,97,64,33,771,190,28,14,18,238,16,111,47,57,52,0,0,8,2586,317
4767,8,10,0,0,1,0,0,2,2,0,4,2,2,1,1,0,0,0,0,0,1,2,0,2,4,1,0,0,4,7,0,0,1,1,0,0,0,2,1,0,0,0,0,0,0,1,0,0,0,0,11,7,1
4768,0,0,0,0,0,0,0,0,0,0,0,0,0,0,0,0,0,0,0,0,0,0,0,0,0,0,0,0,0,0,0,0,0,0,0,0,0,0,0,0,0,0,0,0,0,0,0,0,0,0,0,0,0
4769,611,569,112,43,53,110,78,68,88,78,85,69,62,91,22,32,45,24,18,13,15,74,4,372,80,477,2,5,53,187,25,71,79,80,50,25,7,337,11,67,35,32,22,31,22,19,29,69,0,0,0,1180,162
4770,810,771,111,66,61,144,111,121,91,105,98,78,96,94,37,44,61,48,36,30,22,127,9,122,134,1080,3,9,38,186,38,101,97,101,61,35,16,449,18,52,21,19,45,4,61,81,66,82,0,0,3,1578,213
4771,0,0,0,0,0,0,0,0,0,0,0,0,0,0,0,0,0,0,0,0,0,0,0,0,0,0,0,0,0,0,0,0,0,0,0,0,0,0,0,0,0,0,0,0,0,0,0,0,0,0,0,0,0
4772,727,674,116,72,51,101,105,88,86,78,91,65,89,128,22,36,47,38,35,27,24,102,6,193,118,852,3,5,35,189,34,81,75,95,50,41,12,388,46,42,12,18,57,12,61,41,42,57,0,0,6,1395,198
4773,0,0,0,0,0,0,0,0,0,0,0,0,0,0,0,0,0,0,0,0,0,0,0,0,0,0,0,0,0,0,0,0,0,0,0,0,0,0,0,0,0,0,0,0,0,0,0,0,0,0,0,0,0
4774,1180,1123,144,91,57,193,186,147,144,128,122,129,131,220,45,66,87,72,55,39,53,194,14,106,80,1621,1,12,70,399,88,174,161,94,72,52,40,681,81,65,24,21,111,11,80,110,65,113,0,0,0,2303,258
4775,636,584,89,47,38,108,103,85,76,68,71,68,68,114,22,31,48,26,19,15,22,102,9,82,85,880,1,8,16,139,37,77,75,69,39,36,14,347,10,46,18,11,24,2,52,67,48,69,0,0,0,1220,158
4776,308,295,46,18,13,48,46,44,41,45,32,29,36,53,12,20,22,20,13,9,11,45,2,43,25,477,0,1,6,49,26,49,39,28,23,12,7,184,31,14,3,4,29,3,54,24,9,13,0,0,5,598,70
4777,484,438,65,44,32,79,75,64,57,43,50,58,49,70,11,39,49,23,15,10,25,64,4,122,61,542,2,3,28,160,21,70,49,54,38,26,6,264,31,25,20,14,43,11,39,21,18,42,0,0,5,917,124
4778,59,43,9,5,3,8,2,10,5,4,4,6,10,4,3,5,4,6,2,0,8,4,4,2,0,53,0,1,4,38,10,7,6,4,6,1,1,35,4,4,1,3,10,1,5,3,1,3,0,0,0,102,12
4779,46,70,8,8,6,12,5,13,7,11,3,6,8,10,1,3,3,1,1,0,0,10,0,2,6,83,0,0,4,21,2,8,3,4,2,2,6,27,5,2,1,0,3,0,5,5,2,4,0,0,0,116,14
4780,305,309,40,26,30,59,40,45,46,37,45,29,32,45,8,12,23,16,9,13,7,52,2,57,8,453,1,2,3,88,16,42,43,32,19,17,6,175,6,30,9,5,10,4,25,25,16,45,0,0,13,601,74
4781,518,497,87,66,47,91,65,65,73,67,51,65,52,82,18,26,26,14,14,14,9,83,6,31,9,883,0,2,19,65,30,57,53,51,50,32,8,281,43,19,10,6,81,2,35,47,14,24,0,0,0,1015,141
4782,831,835,129,85,59,157,134,121,113,89,82,105,83,137,30,57,67,47,26,21,23,101,10,193,43,1282,0,7,36,95,77,116,110,89,65,34,17,508,130,20,13,9,121,9,88,39,41,38,0,0,0,1666,205
4783,0,0,0,0,0,0,0,0,0,0,0,0,0,0,0,0,0,0,0,0,0,0,0,0,0,0,0,0,0,0,0,0,0,0,0,0,0,0,0,0,0,0,0,0,0,0,0,0,0,0,0,0,0
4784,0,0,0,0,0,0,0,0,0,0,0,0,0,0,0,0,0,0,0,0,0,0,0,0,0,0,0,0,0,0,0,0,0,0,0,0,0,0,0,0,0,0,0,0,0,0,0,0,0,0,0,0,0
4785,205,236,23,15,19,36,35,45,30,32,22,33,21,30,11,17,12,11,8,7,11,23,3,27,33,327,0,0,5,46,25,44,29,18,16,10,3,145,24,3,0,0,28,2,38,20,15,15,0,0,4,437,47
4786,700,694,92,53,38,102,146,104,90,85,74,69,66,98,32,32,60,39,43,30,37,104,2,67,45,1144,3,4,15,114,76,134,78,69,43,30,17,447,67,20,5,9,86,5,130,49,35,41,0,0,0,1394,159
4787,631,654,125,52,50,121,95,87,72,78,83,64,66,124,18,35,45,25,16,13,12,104,4,53,24,1090,0,4,20,90,36,59,71,60,60,43,15,344,59,22,7,11,88,4,52,42,25,34,0,0,1,1284,178
4788,933,923,131,75,77,175,144,125,117,112,92,120,123,144,26,60,68,42,40,31,28,126,6,91,25,1535,2,4,29,164,71,125,98,112,63,52,20,541,66,24,10,16,168,9,65,76,48,59,0,0,0,1856,247
4789,724,718,81,62,52,152,119,93,83,72,70,92,87,113,26,51,55,41,26,34,32,101,8,90,5,1174,3,5,23,134,47,95,76,73,50,44,21,406,43,15,13,15,126,8,46,64,33,43,0,0,0,1442,188
4790,557,540,80,58,35,100,67,95,60,57,54,60,57,101,25,29,42,40,26,18,18,75,1,87,16,829,0,4,13,147,29,64,68,54,38,37,12,302,9,51,14,12,25,5,59,34,28,65,0,0,5,1092,141
4791,316,345,50,41,26,55,53,43,35,33,33,43,42,66,9,20,19,25,5,10,6,47,1,67,0,533,0,4,10,46,22,28,25,39,28,19,12,173,26,3,4,2,54,3,26,17,24,14,0,0,0,661,98
4792,275,258,43,18,21,55,37,36,31,29,38,19,26,47,7,14,16,15,11,4,8,58,3,39,6,399,0,2,12,72,18,24,25,33,15,16,11,142,7,34,6,0,12,5,20,19,17,22,0,0,0,533,75
4793,738,739,120,72,54,101,99,104,94,90,70,85,83,104,24,42,59,50,39,24,35,128,5,115,19,1109,0,8,23,198,38,96,81,80,53,35,24,407,16,62,21,14,30,5,67,42,60,90,0,0,3,1474,192
4794,521,541,77,43,36,80,76,79,73,65,51,57,68,76,28,46,41,34,29,14,29,60,3,155,73,647,3,5,12,164,31,104,60,63,37,17,12,324,41,47,14,8,41,15,56,27,40,35,0,0,2,1060,129
4795,0,0,0,0,0,0,0,0,0,0,0,0,0,0,0,0,0,0,0,0,0,0,0,0,0,0,0,0,0,0,0,0,0,0,0,0,0,0,0,0,0,0,0,0,0,0,0,0,0,0,0,0,0
4796,15,16,2,4,1,3,0,1,4,0,0,1,3,3,1,1,1,1,2,2,1,0,2,3,0,17,0,0,0,9,3,2,0,1,0,2,1,9,2,0,0,2,1,1,1,2,0,0,0,0,0,31,4
4797,380,360,41,31,22,71,73,46,56,52,40,51,34,51,18,20,29,24,14,10,7,50,6,30,36,508,0,3,23,134,40,71,46,43,33,7,5,245,25,19,7,2,47,8,55,25,29,28,0,0,0,740,88
4798,0,0,0,0,0,0,0,0,0,0,0,0,0,0,0,0,0,0,0,0,0,0,0,0,0,0,0,0,0,0,0,0,0,0,0,0,0,0,0,0,0,0,0,0,0,0,0,0,0,0,0,0,0
4799,35,32,2,1,5,6,7,5,5,2,1,4,5,14,0,2,1,0,0,2,0,5,0,2,0,63,0,0,1,1,2,2,5,2,4,3,0,18,3,1,0,0,5,0,4,1,3,1,0,0,0,67,9
4800,0,0,0,0,0,0,0,0,0,0,0,0,0,0,0,0,0,0,0,0,0,0,0,0,0,0,0,0,0,0,0,0,0,0,0,0,0,0,0,0,0,0,0,0,0,0,0,0,0,0,0,0,0
4801,849,771,129,61,38,138,124,126,123,78,88,95,77,135,34,46,55,63,29,33,25,123,5,90,61,1289,0,7,31,137,90,130,110,82,51,39,15,517,66,27,10,7,110,6,148,78,33,32,0,0,0,1620,187
4802,0,0,0,0,0,0,0,0,0,0,0,0,0,0,0,0,0,0,0,0,0,0,0,0,0,0,0,0,0,0,0,0,0,0,0,0,0,0,0,0,0,0,0,0,0,0,0,0,0,0,0,0,0
4803,136,2512,16,192,161,421,399,329,274,261,250,178,89,4,16,20,15,4,2,3,12,2,11,116,562,1183,17,9,5,745,0,0,0,0,0,0,0,0,0,0,0,0,0,0,0,0,0,0,0,0,2648,0,0
4804,5,1,1,1,1,0,1,0,0,0,0,0,1,0,0,0,0,0,0,0,1,0,0,1,0,4,0,0,0,1,0,0,0,0,0,0,0,0,0,0,0,0,0,0,0,0,0,0,0,0,6,0,0
4805,94,4084,22,66,89,473,686,557,553,555,529,323,155,2,48,39,32,11,11,8,18,1,34,61,1157,1595,83,2,23,1223,0,0,0,0,0,0,0,0,0,0,0,0,0,0,0,0,0,0,0,0,4178,0,0
4806,71,59,7,3,5,10,11,10,10,8,6,7,7,13,1,6,4,7,3,2,2,8,1,9,7,97,0,0,2,14,9,14,8,10,1,4,0,46,3,1,1,1,12,1,14,4,6,3,0,0,0,130,15
4807,39,54,5,3,5,3,12,13,4,7,7,2,3,9,1,4,0,3,0,0,1,11,0,0,0,83,0,0,5,5,3,5,3,5,2,1,4,23,3,0,1,0,5,0,3,8,2,1,0,0,0,93,12
4808,18,14,0,3,1,1,9,1,0,1,1,0,1,3,1,1,1,4,1,1,2,0,0,5,0,23,0,0,2,2,0,1,3,0,1,0,2,7,1,1,2,1,0,0,0,1,1,0,0,0,0,32,3
4809,0,0,0,0,0,0,0,0,0,0,0,0,0,0,0,0,0,0,0,0,0,0,0,0,0,0,0,0,0,0,0,0,0,0,0,0,0,0,0,0,0,0,0,0,0,0,0,0,0,0,0,0,0
4810,0,0,0,0,0,0,0,0,0,0,0,0,0,0,0,0,0,0,0,0,0,0,0,0,0,0,0,0,0,0,0,0,0,0,0,0,0,0,0,0,0,0,0,0,0,0,0,0,0,0,0,0,0
4811,98,93,22,10,6,11,18,12,13,12,15,4,14,16,4,5,6,2,2,0,0,19,0,8,6,139,0,0,5,33,4,9,13,11,8,5,2,52,4,7,1,2,5,0,7,7,5,14,0,0,0,191,26
4812,0,0,0,0,0,0,0,0,0,0,0,0,0,0,0,0,0,0,0,0,0,0,0,0,0,0,0,0,0,0,0,0,0,0,0,0,0,0,0,0,0,0,0,0,0,0,0,0,0,0,0,0,0
4813,0,0,0,0,0,0,0,0,0,0,0,0,0,0,0,0,0,0,0,0,0,0,0,0,0,0,0,0,0,0,0,0,0,0,0,0,0,0,0,0,0,0,0,0,0,0,0,0,0,0,0,0,0
4814,1197,1175,195,108,73,236,171,157,154,117,124,147,138,199,48,64,98,69,46,32,25,171,11,235,124,1682,3,13,50,254,55,113,136,135,114,62,22,637,56,74,34,24,68,8,107,99,76,91,0,0,17,2355,333
4815,112,121,14,9,9,38,38,16,10,9,4,12,6,17,3,5,8,1,2,2,4,26,4,21,14,164,0,3,7,20,2,10,15,16,4,8,4,59,3,9,5,3,6,1,6,6,14,6,0,0,0,233,32
4816,481,513,99,59,35,91,71,59,79,48,59,49,56,86,10,30,25,30,13,8,15,72,4,70,72,684,1,4,30,129,20,41,57,55,44,31,11,259,27,31,8,7,28,2,38,27,41,50,0,0,5,989,141
4817,0,0,0,0,0,0,0,0,0,0,0,0,0,0,0,0,0,0,0,0,0,0,0,0,0,0,0,0,0,0,0,0,0,0,0,0,0,0,0,0,0,0,0,0,0,0,0,0,0,0,0,0,0
4818,0,0,0,0,0,0,0,0,0,0,0,0,0,0,0,0,0,0,0,0,0,0,0,0,0,0,0,0,0,0,0,0,0,0,0,0,0,0,0,0,0,0,0,0,0,0,0,0,0,0,0,0,0
4819,755,756,103,58,41,147,135,116,92,81,90,82,83,106,34,36,58,43,43,28,21,114,12,113,105,925,2,5,22,327,93,120,96,84,46,27,20,486,62,16,7,15,81,9,127,92,41,36,0,0,0,1511,177
4820,0,6,0,0,0,0,0,2,0,0,0,2,2,0,0,0,0,0,0,0,0,0,0,0,0,1,0,0,0,5,0,0,0,0,0,0,0,0,0,0,0,0,0,0,0,0,0,0,0,0,6,0,0
4821,399,389,55,34,27,62,62,66,44,27,49,56,44,75,11,25,37,18,23,8,10,55,2,91,34,521,0,3,11,126,25,42,55,43,39,14,7,225,18,20,7,6,20,6,57,27,30,34,0,0,9,779,103
4822,341,303,49,34,19,54,37,49,45,26,34,37,35,58,15,28,27,21,16,16,13,31,10,74,16,416,0,4,13,111,23,50,53,35,21,14,4,200,6,20,12,11,26,4,42,31,30,18,0,0,0,644,74
4823,479,510,78,36,21,115,83,78,58,53,47,59,63,86,19,20,38,19,23,16,11,66,9,141,39,636,3,4,36,121,22,73,58,60,37,25,9,284,10,36,22,13,29,20,42,51,29,32,0,0,0,989,131
4824,998,980,139,78,60,157,161,162,115,123,110,141,102,165,30,58,69,69,42,36,30,131,7,268,89,1299,1,12,44,258,70,143,140,110,72,38,22,595,19,78,32,33,70,26,79,110,78,70,0,0,0,1978,242
4825,2062,2065,293,200,153,363,312,310,287,249,261,262,193,354,56,88,137,89,60,62,42,356,21,1036,250,2235,7,17,138,423,79,264,261,267,165,87,40,1163,20,125,83,86,69,52,101,192,161,274,0,0,0,4127,559
4826,361,367,64,35,27,64,39,39,56,56,51,53,46,54,12,13,24,17,11,11,16,40,1,207,51,359,2,3,23,82,22,51,44,47,31,15,5,215,3,29,11,18,14,6,12,34,29,59,0,0,0,728,98
4827,115,127,25,10,10,24,17,22,10,13,10,10,18,17,2,3,9,5,5,5,3,24,1,32,14,147,1,0,8,39,6,15,15,17,6,5,4,68,3,2,2,2,8,1,16,8,13,13,0,0,0,242,32
4828,832,807,111,57,42,165,158,137,109,85,92,88,92,125,38,62,57,45,28,22,18,108,12,120,115,985,1,6,43,357,88,149,89,90,58,30,19,523,79,15,12,20,87,20,132,80,40,38,0,0,0,1639,197
4829,313,356,43,19,16,73,48,47,44,33,31,42,59,32,16,27,31,25,22,10,12,39,9,42,3,199,1,1,25,389,66,67,50,30,19,7,8,247,34,22,9,10,28,26,35,23,26,34,0,0,0,669,64
4830,612,589,83,48,44,115,112,91,73,69,60,68,70,97,23,23,39,37,30,13,18,88,6,40,61,792,2,6,32,262,46,96,66,74,47,24,11,364,51,24,9,12,56,14,79,54,34,31,0,0,0,1201,156
4831,23,32,1,2,1,1,1,7,2,3,2,0,11,4,1,2,4,2,3,1,1,6,2,0,0,14,0,0,1,38,1,9,5,2,1,0,1,19,4,3,1,3,6,0,2,0,0,0,0,0,0,55,4
4832,330,318,44,28,16,47,50,48,33,37,32,34,47,33,16,21,33,30,27,15,12,45,1,49,7,250,2,3,32,304,41,73,46,32,16,12,5,225,36,15,4,7,15,19,38,26,31,34,0,0,0,648,65
4833,899,913,134,76,67,148,121,159,150,104,114,94,124,120,48,42,70,62,26,15,17,121,13,146,92,1155,6,1,52,347,90,165,120,104,66,25,17,587,74,19,14,13,107,20,144,100,56,40,0,0,0,1812,212
4834,0,0,0,0,0,0,0,0,0,0,0,0,0,0,0,0,0,0,0,0,0,0,0,0,0,0,0,0,0,0,0,0,0,0,0,0,0,0,0,0,0,0,0,0,0,0,0,0,0,0,0,0,0
4835,1094,1156,168,100,80,214,165,183,153,142,140,118,139,208,45,66,63,51,33,21,20,141,13,556,133,1180,6,11,58,293,66,141,125,149,97,51,17,646,14,81,50,66,36,36,65,73,96,129,0,0,0,2250,314
4836,109,114,14,10,11,9,15,15,21,14,8,7,13,13,7,13,11,4,13,5,3,17,1,14,3,66,0,0,3,136,17,23,17,14,5,2,2,80,10,7,1,4,9,6,13,13,11,6,0,0,0,223,23
4837,0,0,0,0,0,0,0,0,0,0,0,0,0,0,0,0,0,0,0,0,0,0,0,0,0,0,0,0,0,0,0,0,0,0,0,0,0,0,0,0,0,0,0,0,0,0,0,0,0,0,0,0,0
4838,39,35,7,6,1,6,8,4,1,4,3,6,7,8,1,2,2,2,2,1,3,0,0,6,11,31,0,0,2,24,5,5,6,5,3,1,0,25,4,0,2,1,4,1,6,7,0,0,0,0,0,74,9
4839,178,170,26,9,6,17,20,33,26,26,22,16,17,18,10,18,16,11,11,9,5,32,19,18,13,123,0,1,25,149,30,51,19,20,4,7,2,133,11,7,7,7,14,9,34,13,20,11,0,0,0,348,33
4840,1221,1257,145,59,58,182,189,210,202,166,150,133,167,135,53,105,125,104,62,43,37,153,52,155,83,1002,5,8,148,1025,248,332,171,113,52,25,23,964,107,58,48,56,114,48,188,108,106,131,0,0,0,2478,213
4841,366,371,38,24,13,61,53,49,69,44,50,31,46,78,21,15,44,20,14,8,17,42,20,42,22,282,2,2,38,329,72,83,37,31,19,16,9,267,21,16,14,18,29,13,41,46,35,34,0,0,0,737,75
4842,474,467,58,32,30,81,58,75,68,56,66,63,76,56,27,34,35,28,18,11,19,50,16,47,37,343,2,3,59,434,109,112,67,42,20,15,6,371,46,34,21,21,42,23,73,36,33,42,0,0,1,940,83
4843,468,419,51,35,30,69,75,74,63,49,52,55,47,50,26,17,39,31,20,13,27,64,6,108,54,531,1,2,20,165,43,92,54,58,31,12,5,295,41,15,8,8,43,12,71,37,31,29,0,0,0,887,106
4844,877,887,128,58,68,134,115,119,127,90,98,113,118,149,45,58,76,61,29,31,30,117,5,194,80,1173,1,4,48,259,47,117,109,115,75,35,11,509,29,46,16,16,43,14,113,69,70,93,0,0,23,1741,236
4845,866,875,115,64,56,149,138,133,102,86,94,100,98,147,45,61,65,58,42,28,33,127,6,137,77,1257,2,9,47,206,49,128,112,104,64,40,14,511,24,28,16,16,51,13,125,59,83,96,0,0,9,1732,222
4846,1417,1431,236,88,67,267,248,226,207,164,159,148,174,250,42,75,107,69,49,32,35,205,16,85,172,1993,3,20,65,494,155,233,145,163,116,48,33,893,131,58,26,20,150,27,181,133,77,90,0,0,0,2848,360
4847,527,500,87,34,38,87,114,72,61,53,55,55,50,76,19,21,29,29,38,18,20,71,6,61,64,682,4,4,38,168,40,77,57,67,32,21,12,306,31,20,7,13,54,3,55,48,44,31,0,0,9,1018,132
4848,531,557,57,40,31,126,83,83,77,47,69,65,69,65,21,32,43,33,28,26,21,72,10,176,21,692,0,1,58,130,48,86,63,83,35,16,9,340,54,19,15,10,61,9,47,40,40,45,0,0,0,1088,143
4849,435,447,52,35,29,76,52,62,73,52,58,50,42,76,17,23,45,30,20,19,23,48,4,101,62,608,0,3,14,90,28,75,64,56,22,18,9,272,17,22,9,9,29,6,57,31,38,54,0,0,0,882,105
4850,393,375,63,23,39,75,55,49,44,33,53,47,48,53,16,12,25,28,23,10,19,53,4,81,19,554,0,6,15,89,53,62,43,42,33,11,8,252,35,6,4,6,51,2,52,26,32,38,0,0,0,768,94
4851,771,747,103,59,47,124,121,108,113,83,88,81,97,121,25,43,61,50,36,29,23,106,3,134,50,1158,3,4,22,144,97,134,92,74,56,26,18,497,73,26,7,10,122,7,93,57,58,44,0,0,0,1518,174
4852,1317,1306,178,108,104,234,201,184,161,161,166,131,148,210,43,72,105,90,47,49,44,187,10,439,284,1545,5,14,73,253,71,189,149,124,111,63,34,741,45,54,43,40,75,18,107,121,109,129,0,0,23,2600,332
4853,0,0,0,0,0,0,0,0,0,0,0,0,0,0,0,0,0,0,0,0,0,0,0,0,0,0,0,0,0,0,0,0,0,0,0,0,0,0,0,0,0,0,0,0,0,0,0,0,0,0,0,0,0
4854,826,771,111,66,48,135,142,103,93,89,83,89,105,120,42,42,64,52,39,35,25,114,6,266,30,1097,1,17,30,150,36,106,90,79,72,36,21,440,20,45,21,16,80,23,32,51,69,83,0,0,14,1583,208
4855,1156,1175,189,93,90,199,176,167,157,129,126,128,111,181,42,57,90,71,61,27,52,185,9,371,101,1466,3,24,49,308,36,154,135,132,94,42,38,631,24,68,27,32,90,15,54,89,99,133,0,0,15,2316,306
4856,905,977,160,89,67,185,127,146,127,103,131,113,98,152,35,47,60,54,24,19,19,126,10,430,146,959,8,4,60,265,33,113,118,132,83,27,20,526,8,51,47,37,36,21,49,53,95,129,0,0,7,1875,262
4857,478,474,63,32,34,89,76,61,61,60,56,52,53,64,24,34,45,27,30,15,27,49,3,81,56,395,0,7,43,367,54,92,63,59,26,16,8,318,65,26,8,10,34,12,31,40,46,46,0,0,0,952,109
4858,523,534,87,47,17,70,84,61,77,68,67,47,57,68,36,33,65,24,23,16,34,76,6,129,43,416,0,2,41,420,89,109,56,58,37,19,6,374,73,31,19,17,42,13,42,42,39,56,0,0,0,1057,120
4859,1181,1220,164,73,66,214,202,176,180,147,129,137,136,184,58,72,88,67,49,31,40,188,17,85,98,1341,6,7,108,739,136,193,160,142,69,43,29,772,78,32,19,23,165,22,130,125,86,92,0,0,0,2401,283
4860,435,473,66,36,24,80,66,52,67,48,52,60,54,65,23,33,40,32,20,15,16,59,0,120,13,605,1,4,23,142,35,80,59,56,32,20,4,286,48,25,12,8,37,5,42,31,39,39,0,0,0,908,112
4861,0,0,0,0,0,0,0,0,0,0,0,0,0,0,0,0,0,0,0,0,0,0,0,0,0,0,0,0,0,0,0,0,0,0,0,0,0,0,0,0,0,0,0,0,0,0,0,0,0,0,0,0,0
4862,0,0,0,0,0,0,0,0,0,0,0,0,0,0,0,0,0,0,0,0,0,0,0,0,0,0,0,0,0,0,0,0,0,0,0,0,0,0,0,0,0,0,0,0,0,0,0,0,0,0,0,0,0
4863,2,1,1,0,0,0,0,1,0,0,0,0,0,0,1,0,0,0,0,0,0,0,0,0,0,3,0,0,0,0,0,0,1,0,0,0,0,1,0,1,0,0,0,0,0,0,0,0,0,0,0,3,0
4864,34,29,2,0,1,2,5,2,7,5,3,8,7,3,1,4,1,3,3,0,1,5,1,1,6,22,0,0,2,31,1,11,5,5,1,0,0,23,4,1,0,0,3,2,5,2,2,4,0,0,0,63,6
4865,781,788,131,81,48,113,122,113,129,88,109,91,62,119,37,47,49,43,28,24,32,103,6,369,120,823,1,6,46,198,46,87,95,100,72,33,13,446,9,53,31,36,33,22,41,51,67,103,0,0,0,1569,218
4866,236,223,33,18,12,43,28,33,29,26,27,26,29,34,12,19,27,13,8,10,4,28,4,44,7,332,0,0,8,64,13,46,24,19,22,11,4,139,4,15,4,3,20,3,30,11,28,21,0,0,0,459,56
4867,1149,1119,180,96,66,198,209,189,184,129,149,102,123,209,32,47,70,42,34,31,23,155,11,519,137,1168,5,6,84,338,50,126,138,142,99,52,21,628,12,61,42,50,46,31,69,65,107,145,0,0,0,2268,314
4868,0,0,0,0,0,0,0,0,0,0,0,0,0,0,0,0,0,0,0,0,0,0,0,0,0,0,0,0,0,0,0,0,0,0,0,0,0,0,0,0,0,0,0,0,0,0,0,0,0,0,0,0,0
4869,291,291,38,27,22,54,48,39,39,36,30,30,36,46,10,16,27,17,8,7,8,44,1,78,55,378,0,4,16,50,14,47,17,35,29,9,10,161,10,12,7,13,11,7,20,19,22,40,0,0,6,576,83
4870,641,632,98,54,41,99,91,91,79,66,74,72,68,119,37,28,53,52,25,23,17,86,6,237,41,825,1,17,23,123,31,96,63,81,48,27,16,362,17,33,20,25,50,12,34,46,54,71,0,0,5,1268,172
4871,1,4,0,0,0,1,0,0,0,0,1,0,0,2,0,0,0,0,0,0,0,1,0,0,0,0,0,0,5,0,0,0,0,0,1,0,0,1,0,0,0,0,0,0,0,0,1,0,0,0,0,5,1
4872,347,364,53,35,25,44,56,66,28,25,56,41,43,41,14,18,37,23,20,18,25,43,2,58,19,520,0,4,16,92,35,63,43,43,19,16,7,226,31,9,7,6,40,10,45,23,21,34,0,0,0,711,85
4873,0,0,0,0,0,0,0,0,0,0,0,0,0,0,0,0,0,0,0,0,0,0,0,0,0,0,0,0,0,0,0,0,0,0,0,0,0,0,0,0,0,0,0,0,0,0,0,0,0,0,0,0,0
4874,1048,1078,134,80,71,186,173,149,125,134,133,147,128,159,39,59,95,69,47,26,46,126,5,218,81,1537,2,4,28,251,146,180,116,126,85,33,18,704,105,25,13,17,167,15,143,68,65,86,0,0,0,2126,262
4875,0,0,0,0,0,0,0,0,0,0,0,0,0,0,0,0,0,0,0,0,0,0,0,0,0,0,0,0,0,0,0,0,0,0,0,0,0,0,0,0,0,0,0,0,0,0,0,0,0,0,0,0,0
4876,451,461,53,24,21,54,66,88,81,52,64,51,71,59,23,20,41,35,23,7,20,59,26,68,33,338,3,5,55,384,86,118,68,49,13,9,9,352,41,22,11,20,33,17,72,52,34,50,0,0,0,912,80
4877,648,692,68,38,29,104,108,109,106,73,85,86,104,78,32,56,62,51,21,18,21,91,39,89,60,455,5,14,86,592,124,178,88,70,28,18,8,514,59,25,27,29,39,20,110,63,72,70,0,0,0,1340,124
4878,536,529,73,36,35,105,63,65,64,59,73,66,73,63,34,52,45,37,27,16,18,61,3,101,38,498,2,2,22,399,85,84,68,55,45,15,9,361,60,26,14,11,40,5,43,54,44,64,0,0,0,1065,124
4879,729,704,106,45,46,114,92,108,108,95,63,82,91,114,35,39,72,49,29,23,27,95,6,172,67,602,5,4,63,514,86,125,94,86,42,28,11,472,82,33,13,20,65,22,46,58,62,71,0,0,0,1433,167
4880,121,140,21,9,6,19,35,22,20,20,18,14,15,22,6,6,7,2,7,3,3,6,0,12,2,212,0,0,6,29,11,15,22,12,13,3,3,79,12,5,3,2,14,1,14,11,10,7,0,0,0,261,31
4881,1166,1128,169,107,82,208,180,170,164,135,110,143,133,162,57,70,81,61,39,28,22,173,17,225,88,1565,7,5,66,321,100,173,147,105,106,39,26,696,75,18,21,23,157,14,142,107,64,75,0,0,9,2285,276
4882,1751,1779,294,138,100,236,244,308,283,239,195,219,211,292,66,103,135,71,59,41,41,255,18,421,192,2283,3,15,105,493,195,290,241,177,126,72,32,1133,122,29,33,43,245,11,224,165,128,133,0,0,0,3530,407
4883,540,564,59,61,30,50,71,85,93,71,69,76,71,68,26,48,50,35,28,26,19,68,2,166,134,507,1,4,25,265,70,118,72,58,33,21,6,378,21,26,19,20,48,7,67,72,56,42,0,0,11,1093,118
4884,276,281,37,18,14,48,53,46,31,34,40,19,35,41,19,15,24,15,12,8,11,37,1,51,44,317,1,4,16,123,25,55,41,35,18,7,3,184,12,8,4,11,18,8,35,25,23,40,0,0,0,557,63
4885,2053,1970,305,202,152,322,296,266,251,257,239,223,242,310,75,129,183,135,78,44,56,258,20,703,64,2529,6,17,130,554,120,283,254,263,176,65,31,1192,175,72,46,54,211,33,175,143,125,158,0,0,0,4023,535
4886,1005,1033,168,105,66,191,149,173,158,134,114,126,107,151,40,61,63,49,27,10,12,134,8,65,86,1622,1,6,60,190,54,144,138,114,94,41,14,599,74,11,12,12,137,10,126,95,64,58,0,0,0,2038,263
4887,937,855,137,78,49,144,144,131,129,92,125,122,85,150,28,45,72,44,34,23,28,132,5,47,21,1498,1,7,28,185,61,122,112,100,70,41,18,524,94,17,18,16,80,9,75,95,76,44,0,0,9,1783,229
4888,196,194,22,12,16,31,23,39,40,19,20,21,21,26,13,9,21,6,10,4,10,27,3,12,4,314,0,1,9,47,13,29,34,21,13,6,4,120,23,3,5,2,15,0,18,27,16,11,0,0,0,390,44
4889,1198,1199,198,105,85,211,172,190,151,163,186,131,128,203,50,52,85,57,37,29,20,144,19,500,145,1286,8,7,62,370,60,160,162,139,95,46,28,690,16,92,54,60,52,30,56,92,97,141,0,0,0,2397,308
4890,4,2,1,0,0,1,1,0,0,1,0,2,0,0,0,0,0,0,0,0,0,0,0,0,0,6,0,0,0,0,1,0,0,0,1,0,0,2,0,0,0,1,0,0,0,1,0,0,0,0,0,6,1
4891,0,0,0,0,0,0,0,0,0,0,0,0,0,0,0,0,0,0,0,0,0,0,0,0,0,0,0,0,0,0,0,0,0,0,0,0,0,0,0,0,0,0,0,0,0,0,0,0,0,0,0,0,0
4892,0,0,0,0,0,0,0,0,0,0,0,0,0,0,0,0,0,0,0,0,0,0,0,0,0,0,0,0,0,0,0,0,0,0,0,0,0,0,0,0,0,0,0,0,0,0,0,0,0,0,0,0,0
4893,673,657,96,49,55,116,109,100,73,83,62,76,77,100,21,39,50,42,33,27,29,93,4,136,37,1037,2,6,30,78,25,69,77,81,43,38,21,354,46,30,22,30,49,3,48,36,36,54,0,0,5,1325,183
4894,78,76,8,7,2,21,17,9,6,12,4,5,15,10,1,4,7,5,3,2,6,10,3,50,6,77,0,0,8,10,3,13,9,6,8,4,1,44,5,5,5,3,2,1,2,7,6,8,0,0,2,152,19
4895,0,0,0,0,0,0,0,0,0,0,0,0,0,0,0,0,0,0,0,0,0,0,0,0,0,0,0,0,0,0,0,0,0,0,0,0,0,0,0,0,0,0,0,0,0,0,0,0,0,0,0,0,0
4896,0,0,0,0,0,0,0,0,0,0,0,0,0,0,0,0,0,0,0,0,0,0,0,0,0,0,0,0,0,0,0,0,0,0,0,0,0,0,0,0,0,0,0,0,0,0,0,0,0,0,0,0,0
4897,940,924,147,89,53,196,146,145,111,91,90,78,92,143,35,48,69,68,51,53,35,124,8,219,50,1412,0,10,39,126,44,105,96,87,75,47,35,489,52,33,39,35,75,8,78,46,46,77,0,0,26,1838,244
4898,433,410,66,31,27,92,63,69,47,34,50,48,36,60,21,21,39,27,13,10,15,74,3,108,19,630,2,2,22,57,22,55,42,48,31,25,11,234,21,19,17,17,42,2,26,27,23,40,0,0,0,843,115
4899,1232,1204,170,99,79,229,212,157,121,150,156,149,146,174,57,81,107,86,47,37,32,147,7,105,28,2005,2,11,39,239,81,216,163,141,97,41,17,756,162,24,19,26,108,9,111,143,81,73,0,0,2,2434,296
4900,2,3,1,1,0,0,0,1,0,1,0,0,0,1,0,0,0,0,0,0,0,0,0,0,5,0,0,0,0,0,0,0,0,0,1,0,0,1,0,0,0,0,0,0,1,0,0,0,0,0,0,5,1
4901,1444,1418,230,127,116,240,233,229,192,177,158,190,140,230,50,61,94,57,42,30,30,236,9,131,133,2299,2,12,64,212,75,181,200,199,122,50,15,842,110,32,16,16,193,7,189,154,65,60,0,0,0,2862,386
4902,0,0,0,0,0,0,0,0,0,0,0,0,0,0,0,0,0,0,0,0,0,0,0,0,0,0,0,0,0,0,0,0,0,0,0,0,0,0,0,0,0,0,0,0,0,0,0,0,0,0,0,0,0
4903,0,0,0,0,0,0,0,0,0,0,0,0,0,0,0,0,0,0,0,0,0,0,0,0,0,0,0,0,0,0,0,0,0,0,0,0,0,0,0,0,0,0,0,0,0,0,0,0,0,0,0,0,0
4904,0,0,0,0,0,0,0,0,0,0,0,0,0,0,0,0,0,0,0,0,0,0,0,0,0,0,0,0,0,0,0,0,0,0,0,0,0,0,0,0,0,0,0,0,0,0,0,0,0,0,0,0,0
4905,173,261,0,48,144,173,6,5,2,8,10,8,8,0,6,3,4,1,2,4,2,0,1,26,106,233,0,5,0,63,0,0,0,0,0,0,0,0,0,0,0,0,0,0,0,0,0,0,0,0,434,0,0
4906,717,694,85,62,43,121,112,110,83,79,79,75,108,71,36,52,59,49,37,33,34,83,9,196,136,729,1,7,19,314,84,115,90,91,41,20,17,458,28,27,20,21,43,14,76,89,65,75,0,0,0,1411,169
4907,395,413,55,21,21,87,68,79,52,38,42,44,48,62,14,28,32,18,23,12,11,53,8,120,7,502,1,3,29,138,33,56,49,51,31,17,7,244,34,20,6,13,40,5,32,29,31,34,0,0,0,808,106
4908,0,0,0,0,0,0,0,0,0,0,0,0,0,0,0,0,0,0,0,0,0,0,0,0,0,0,0,0,0,0,0,0,0,0,0,0,0,0,0,0,0,0,0,0,0,0,0,0,0,0,0,0,0
4909,851,844,156,74,80,154,131,99,107,78,99,99,87,162,34,48,75,30,21,18,13,130,10,128,64,1311,2,4,28,148,29,79,71,87,79,65,20,430,28,57,16,22,30,26,47,43,61,100,0,0,0,1695,251
4910,1,1,0,0,0,0,0,0,0,0,1,1,0,0,0,0,0,0,0,0,0,0,0,0,0,2,0,0,0,0,0,1,0,0,0,0,0,1,0,0,0,0,0,0,0,0,1,0,0,0,0,2,0
4911,613,533,79,45,41,130,108,90,58,74,68,58,56,89,22,25,30,22,22,15,24,90,0,58,7,1003,2,5,18,53,36,73,60,65,42,29,17,322,60,25,6,14,84,8,34,30,23,38,0,0,0,1146,153
4912,173,174,43,9,12,38,19,29,17,15,16,17,16,33,5,3,11,6,5,6,4,43,3,43,13,246,0,1,18,23,3,10,25,20,11,11,6,86,5,15,6,2,5,2,7,11,13,20,0,0,0,347,48
4913,0,0,0,0,0,0,0,0,0,0,0,0,0,0,0,0,0,0,0,0,0,0,0,0,0,0,0,0,0,0,0,0,0,0,0,0,0,0,0,0,0,0,0,0,0,0,0,0,0,0,0,0,0
4914,263,274,37,24,20,69,47,42,36,20,27,36,18,50,13,12,19,9,9,9,2,38,1,13,8,470,0,2,7,36,17,28,36,28,22,13,5,149,35,4,7,4,40,0,19,16,11,13,0,0,15,522,68
4915,851,837,111,76,58,160,142,107,111,86,106,106,100,127,32,38,71,33,36,28,33,127,7,56,11,1489,0,6,27,92,58,124,86,103,73,32,18,494,118,33,13,13,115,6,58,44,38,56,0,0,7,1681,226
4916,3,2,0,1,1,0,0,0,0,0,0,2,0,1,0,0,0,0,0,0,0,0,0,0,0,5,0,0,0,0,0,0,0,0,1,0,0,1,0,0,0,0,0,0,0,0,0,1,0,0,0,5,1
4917,0,0,0,0,0,0,0,0,0,0,0,0,0,0,0,0,0,0,0,0,0,0,0,0,0,0,0,0,0,0,0,0,0,0,0,0,0,0,0,0,0,0,0,0,0,0,0,0,0,0,0,0,0
4918,4,5,2,0,0,0,0,1,1,2,0,0,0,0,0,0,0,0,0,0,0,3,0,0,0,9,0,0,0,0,0,0,0,1,1,0,0,2,0,1,0,0,0,1,0,0,0,0,0,0,0,9,2
4919,932,946,150,95,78,184,168,136,96,97,100,111,106,152,43,51,52,47,30,28,24,130,4,30,13,1678,1,8,31,113,44,101,97,107,91,52,17,509,93,39,20,14,70,11,99,54,45,64,0,0,6,1872,267
4920,0,0,0,0,0,0,0,0,0,0,0,0,0,0,0,0,0,0,0,0,0,0,0,0,0,0,0,0,0,0,0,0,0,0,0,0,0,0,0,0,0,0,0,0,0,0,0,0,0,0,0,0,0
4921,0,0,0,0,0,0,0,0,0,0,0,0,0,0,0,0,0,0,0,0,0,0,0,0,0,0,0,0,0,0,0,0,0,0,0,0,0,0,0,0,0,0,0,0,0,0,0,0,0,0,0,0,0
4922,0,0,0,0,0,0,0,0,0,0,0,0,0,0,0,0,0,0,0,0,0,0,0,0,0,0,0,0,0,0,0,0,0,0,0,0,0,0,0,0,0,0,0,0,0,0,0,0,0,0,0,0,0
4923,0,0,0,0,0,0,0,0,0,0,0,0,0,0,0,0,0,0,0,0,0,0,0,0,0,0,0,0,0,0,0,0,0,0,0,0,0,0,0,0,0,0,0,0,0,0,0,0,0,0,0,0,0
4924,0,0,0,0,0,0,0,0,0,0,0,0,0,0,0,0,0,0,0,0,0,0,0,0,0,0,0,0,0,0,0,0,0,0,0,0,0,0,0,0,0,0,0,0,0,0,0,0,0,0,0,0,0
4925,371,359,47,37,25,63,58,48,56,45,43,39,37,66,12,19,26,17,15,11,5,61,1,4,3,674,0,4,14,30,27,37,45,43,26,20,9,207,45,3,11,4,39,2,42,27,19,15,0,0,0,730,98
4926,0,0,0,0,0,0,0,0,0,0,0,0,0,0,0,0,0,0,0,0,0,0,0,0,0,0,0,0,0,0,0,0,0,0,0,0,0,0,0,0,0,0,0,0,0,0,0,0,0,0,0,0,0
4927,0,0,0,0,0,0,0,0,0,0,0,0,0,0,0,0,0,0,0,0,0,0,0,0,0,0,0,0,0,0,0,0,0,0,0,0,0,0,0,0,0,0,0,0,0,0,0,0,0,0,0,0,0
4928,0,0,0,0,0,0,0,0,0,0,0,0,0,0,0,0,0,0,0,0,0,0,0,0,0,0,0,0,0,0,0,0,0,0,0,0,0,0,0,0,0,0,0,0,0,0,0,0,0,0,0,0,0
4929,0,0,0,0,0,0,0,0,0,0,0,0,0,0,0,0,0,0,0,0,0,0,0,0,0,0,0,0,0,0,0,0,0,0,0,0,0,0,0,0,0,0,0,0,0,0,0,0,0,0,0,0,0
4930,0,0,0,0,0,0,0,0,0,0,0,0,0,0,0,0,0,0,0,0,0,0,0,0,0,0,0,0,0,0,0,0,0,0,0,0,0,0,0,0,0,0,0,0,0,0,0,0,0,0,0,0,0
4931,726,709,109,62,53,143,110,104,97,75,89,88,65,112,26,35,53,37,22,20,26,109,5,59,10,1255,0,3,16,87,64,93,78,87,60,30,15,427,90,26,12,9,107,5,53,44,30,51,0,0,0,1435,192
4932,490,518,99,37,30,92,65,82,79,51,65,59,45,85,25,25,38,17,23,13,11,67,9,14,6,907,0,3,16,53,17,66,56,55,30,33,15,272,69,23,7,9,38,3,52,30,18,23,0,0,0,1008,133
4933,2023,1948,278,164,123,372,306,255,254,207,189,228,244,333,95,139,190,120,64,46,65,299,26,479,71,2850,5,14,118,408,106,266,223,245,158,100,36,1134,54,121,69,76,127,57,111,150,157,212,0,0,3,3968,539
4934,787,760,131,77,46,115,112,118,78,76,91,83,88,130,43,43,59,53,37,32,22,113,11,40,21,1366,0,4,28,77,58,93,98,80,59,27,29,444,100,32,16,14,96,2,56,40,29,59,0,0,0,1547,195
4935,0,0,0,0,0,0,0,0,0,0,0,0,0,0,0,0,0,0,0,0,0,0,0,0,0,0,0,0,0,0,0,0,0,0,0,0,0,0,0,0,0,0,0,0,0,0,0,0,0,0,0,0,0
4936,0,0,0,0,0,0,0,0,0,0,0,0,0,0,0,0,0,0,0,0,0,0,0,0,0,0,0,0,0,0,0,0,0,0,0,0,0,0,0,0,0,0,0,0,0,0,0,0,0,0,0,0,0
4937,81,79,16,3,6,17,15,10,10,6,5,3,9,13,2,1,7,5,3,4,7,18,1,8,3,128,1,0,4,15,0,10,7,1,6,7,5,36,4,6,0,1,1,4,3,4,4,9,0,0,0,160,19
4938,8,7,1,1,1,2,0,2,1,0,1,1,0,2,1,0,0,0,0,0,0,2,0,0,0,15,0,0,0,0,0,1,1,1,0,1,0,4,0,0,1,1,0,1,0,0,0,1,0,0,0,15,2
4939,0,0,0,0,0,0,0,0,0,0,0,0,0,0,0,0,0,0,0,0,0,0,0,0,0,0,0,0,0,0,0,0,0,0,0,0,0,0,0,0,0,0,0,0,0,0,0,0,0,0,0,0,0
4940,0,0,0,0,0,0,0,0,0,0,0,0,0,0,0,0,0,0,0,0,0,0,0,0,0,0,0,0,0,0,0,0,0,0,0,0,0,0,0,0,0,0,0,0,0,0,0,0,0,0,0,0,0
4941,0,0,0,0,0,0,0,0,0,0,0,0,0,0,0,0,0,0,0,0,0,0,0,0,0,0,0,0,0,0,0,0,0,0,0,0,0,0,0,0,0,0,0,0,0,0,0,0,0,0,0,0,0
4942,0,0,0,0,0,0,0,0,0,0,0,0,0,0,0,0,0,0,0,0,0,0,0,0,0,0,0,0,0,0,0,0,0,0,0,0,0,0,0,0,0,0,0,0,0,0,0,0,0,0,0,0,0
4943,0,0,0,0,0,0,0,0,0,0,0,0,0,0,0,0,0,0,0,0,0,0,0,0,0,0,0,0,0,0,0,0,0,0,0,0,0,0,0,0,0,0,0,0,0,0,0,0,0,0,0,0,0
4944,0,0,0,0,0,0,0,0,0,0,0,0,0,0,0,0,0,0,0,0,0,0,0,0,0,0,0,0,0,0,0,0,0,0,0,0,0,0,0,0,0,0,0,0,0,0,0,0,0,0,0,0,0
4945,227,236,33,22,15,34,35,24,30,24,25,26,26,29,9,17,22,16,16,14,7,39,3,16,4,409,0,0,6,25,23,30,27,29,18,7,6,140,24,10,3,3,40,1,19,12,9,19,0,0,0,463,60
4946,1277,1237,165,101,87,240,204,196,155,137,129,152,136,250,43,65,75,54,46,35,27,217,10,16,16,2357,0,11,43,61,116,139,141,134,102,42,49,723,145,29,26,33,121,13,129,98,65,64,0,0,0,2514,327
4947,1,3,0,0,0,0,1,1,0,0,0,0,0,1,0,0,0,0,0,0,0,1,0,0,0,4,0,0,0,0,0,0,0,1,0,0,0,1,0,0,0,0,0,0,0,0,0,1,0,0,0,4,1
4948,0,0,0,0,0,0,0,0,0,0,0,0,0,0,0,0,0,0,0,0,0,0,0,0,0,0,0,0,0,0,0,0,0,0,0,0,0,0,0,0,0,0,0,0,0,0,0,0,0,0,0,0,0
4949,28,42,2,1,2,1,2,3,3,9,8,8,5,5,0,4,0,7,4,3,2,1,0,11,4,33,0,0,6,16,2,5,1,4,1,2,0,15,0,2,1,1,1,0,1,4,3,2,0,0,22,48,7
4950,1036,1080,165,115,82,177,145,151,147,121,108,113,109,196,45,52,65,51,41,29,28,176,3,27,22,1957,0,11,27,69,71,132,119,107,86,50,32,597,116,28,13,11,107,12,103,93,61,53,0,0,0,2116,275
4951,0,0,0,0,0,0,0,0,0,0,0,0,0,0,0,0,0,0,0,0,0,0,0,0,0,0,0,0,0,0,0,0,0,0,0,0,0,0,0,0,0,0,0,0,0,0,0,0,0,0,0,0,0
4952,0,0,0,0,0,0,0,0,0,0,0,0,0,0,0,0,0,0,0,0,0,0,0,0,0,0,0,0,0,0,0,0,0,0,0,0,0,0,0,0,0,0,0,0,0,0,0,0,0,0,0,0,0
4953,6,5,0,0,1,2,0,0,0,0,1,2,2,2,1,0,0,0,0,0,0,0,0,0,0,11,0,0,0,0,0,1,0,1,1,0,0,3,0,2,0,0,0,0,0,0,0,1,0,0,0,11,2
4954,6,9,3,0,2,0,1,1,3,0,0,0,1,1,0,1,0,1,0,0,0,1,0,5,0,3,0,1,1,5,1,0,1,0,1,1,0,4,0,2,0,1,1,0,0,0,0,0,0,0,0,15,2
4955,3,3,0,0,0,1,0,1,0,0,0,0,0,2,0,0,0,0,1,0,0,1,0,0,0,6,0,0,0,0,1,0,0,0,1,0,0,2,0,1,0,0,0,0,0,0,1,0,0,0,0,6,1
4956,0,0,0,0,0,0,0,0,0,0,0,0,0,0,0,0,0,0,0,0,0,0,0,0,0,0,0,0,0,0,0,0,0,0,0,0,0,0,0,0,0,0,0,0,0,0,0,0,0,0,0,0,0
4957,0,0,0,0,0,0,0,0,0,0,0,0,0,0,0,0,0,0,0,0,0,0,0,0,0,0,0,0,0,0,0,0,0,0,0,0,0,0,0,0,0,0,0,0,0,0,0,0,0,0,0,0,0
4958,0,0,0,0,0,0,0,0,0,0,0,0,0,0,0,0,0,0,0,0,0,0,0,0,0,0,0,0,0,0,0,0,0,0,0,0,0,0,0,0,0,0,0,0,0,0,0,0,0,0,0,0,0
4959,0,0,0,0,0,0,0,0,0,0,0,0,0,0,0,0,0,0,0,0,0,0,0,0,0,0,0,0,0,0,0,0,0,0,0,0,0,0,0,0,0,0,0,0,0,0,0,0,0,0,0,0,0
4960,508,483,96,51,25,89,54,59,73,46,60,73,50,88,17,19,24,30,20,17,25,75,2,16,10,916,2,3,17,25,40,54,52,50,54,20,9,279,51,7,4,6,50,7,52,39,36,27,0,0,24,967,133
4961,0,0,0,0,0,0,0,0,0,0,0,0,0,0,0,0,0,0,0,0,0,0,0,0,0,0,0,0,0,0,0,0,0,0,0,0,0,0,0,0,0,0,0,0,0,0,0,0,0,0,0,0,0
4962,0,0,0,0,0,0,0,0,0,0,0,0,0,0,0,0,0,0,0,0,0,0,0,0,0,0,0,0,0,0,0,0,0,0,0,0,0,0,0,0,0,0,0,0,0,0,0,0,0,0,0,0,0
4963,0,0,0,0,0,0,0,0,0,0,0,0,0,0,0,0,0,0,0,0,0,0,0,0,0,0,0,0,0,0,0,0,0,0,0,0,0,0,0,0,0,0,0,0,0,0,0,0,0,0,0,0,0
4964,0,0,0,0,0,0,0,0,0,0,0,0,0,0,0,0,0,0,0,0,0,0,0,0,0,0,0,0,0,0,0,0,0,0,0,0,0,0,0,0,0,0,0,0,0,0,0,0,0,0,0,0,0
4965,0,0,0,0,0,0,0,0,0,0,0,0,0,0,0,0,0,0,0,0,0,0,0,0,0,0,0,0,0,0,0,0,0,0,0,0,0,0,0,0,0,0,0,0,0,0,0,0,0,0,0,0,0
4966,0,0,0,0,0,0,0,0,0,0,0,0,0,0,0,0,0,0,0,0,0,0,0,0,0,0,0,0,0,0,0,0,0,0,0,0,0,0,0,0,0,0,0,0,0,0,0,0,0,0,0,0,0
4967,190,217,30,16,16,41,31,24,20,23,38,21,27,40,5,8,11,11,4,0,4,37,0,1,5,389,0,0,4,8,17,25,21,20,17,11,6,117,18,6,2,2,21,2,30,16,8,12,0,0,0,407,54
4968,168,168,24,15,14,36,38,19,24,21,16,16,20,34,8,5,13,3,1,1,5,23,1,13,5,303,0,0,6,8,10,16,19,13,15,9,7,89,12,4,7,2,11,2,22,14,8,7,0,0,0,336,44
4969,276,252,51,29,13,39,32,33,43,27,36,48,19,55,5,10,16,7,11,6,5,43,0,31,19,438,0,1,6,33,5,26,23,33,20,16,9,132,5,20,11,7,7,11,16,6,18,31,0,0,0,528,78
4970,703,732,122,65,48,134,119,103,98,65,76,91,90,99,33,40,49,35,28,34,26,80,5,18,23,1296,0,0,18,75,49,77,79,83,52,29,28,397,71,16,8,5,73,12,87,60,33,32,0,0,0,1435,192
4971,18,14,1,3,1,2,2,2,3,1,3,2,1,3,0,0,0,1,0,1,0,6,0,7,0,24,0,0,0,1,1,1,3,0,1,0,2,8,0,1,1,0,2,0,2,0,0,2,0,0,0,32,3
4972,0,0,0,0,0,0,0,0,0,0,0,0,0,0,0,0,0,0,0,0,0,0,0,0,0,0,0,0,0,0,0,0,0,0,0,0,0,0,0,0,0,0,0,0,0,0,0,0,0,0,0,0,0
4973,0,0,0,0,0,0,0,0,0,0,0,0,0,0,0,0,0,0,0,0,0,0,0,0,0,0,0,0,0,0,0,0,0,0,0,0,0,0,0,0,0,0,0,0,0,0,0,0,0,0,0,0,0
4974,350,323,62,21,26,57,56,64,49,38,31,35,26,65,8,19,20,21,11,9,7,48,2,13,2,619,0,2,9,26,20,33,34,41,36,7,12,183,41,4,1,5,30,4,32,25,20,21,0,0,0,673,96
4975,0,0,0,0,0,0,0,0,0,0,0,0,0,0,0,0,0,0,0,0,0,0,0,0,0,0,0,0,0,0,0,0,0,0,0,0,0,0,0,0,0,0,0,0,0,0,0,0,0,0,0,0,0
4976,201,193,32,14,11,44,37,30,24,19,25,17,18,30,6,7,14,11,11,8,7,29,2,5,5,356,0,0,7,19,18,23,21,21,15,14,3,115,17,3,0,2,24,3,27,21,9,9,0,0,0,394,53
4977,0,0,0,0,0,0,0,0,0,0,0,0,0,0,0,0,0,0,0,0,0,0,0,0,0,0,0,0,0,0,0,0,0,0,0,0,0,0,0,0,0,0,0,0,0,0,0,0,0,0,0,0,0
4978,0,0,0,0,0,0,0,0,0,0,0,0,0,0,0,0,0,0,0,0,0,0,0,0,0,0,0,0,0,0,0,0,0,0,0,0,0,0,0,0,0,0,0,0,0,0,0,0,0,0,0,0,0
4979,105,102,12,16,6,18,20,12,16,9,11,12,9,27,2,4,5,3,5,1,2,17,0,19,9,162,0,0,1,16,2,7,14,13,8,8,1,53,0,13,5,5,5,1,5,4,5,10,0,0,0,207,30
4980,0,0,0,0,0,0,0,0,0,0,0,0,0,0,0,0,0,0,0,0,0,0,0,0,0,0,0,0,0,0,0,0,0,0,0,0,0,0,0,0,0,0,0,0,0,0,0,0,0,0,0,0,0
4981,5,7,0,0,4,0,0,3,0,2,0,0,0,0,0,0,0,0,0,0,0,3,0,0,0,12,0,0,0,0,0,0,1,0,0,0,1,2,1,0,0,1,0,0,0,0,0,0,0,0,0,12,1
4982,0,0,0,0,0,0,0,0,0,0,0,0,0,0,0,0,0,0,0,0,0,0,0,0,0,0,0,0,0,0,0,0,0,0,0,0,0,0,0,0,0,0,0,0,0,0,0,0,0,0,0,0,0
4983,1,2,0,0,0,0,0,0,0,0,1,0,0,1,1,0,0,0,0,0,0,0,0,0,0,3,0,0,0,0,0,0,1,0,0,0,0,1,0,0,0,0,0,0,0,0,1,0,0,0,0,3,0
4984,0,0,0,0,0,0,0,0,0,0,0,0,0,0,0,0,0,0,0,0,0,0,0,0,0,0,0,0,0,0,0,0,0,0,0,0,0,0,0,0,0,0,0,0,0,0,0,0,0,0,0,0,0
4985,0,0,0,0,0,0,0,0,0,0,0,0,0,0,0,0,0,0,0,0,0,0,0,0,0,0,0,0,0,0,0,0,0,0,0,0,0,0,0,0,0,0,0,0,0,0,0,0,0,0,0,0,0
4986,92,92,13,8,7,16,19,16,15,15,6,9,14,16,1,1,2,5,3,2,0,16,1,5,0,165,0,0,2,11,15,16,11,11,4,4,2,63,11,4,0,3,12,1,10,9,4,9,0,0,0,184,21
4987,0,0,0,0,0,0,0,0,0,0,0,0,0,0,0,0,0,0,0,0,0,0,0,0,0,0,0,0,0,0,0,0,0,0,0,0,0,0,0,0,0,0,0,0,0,0,0,0,0,0,0,0,0
4988,927,906,142,96,68,194,132,115,141,104,112,93,97,163,33,39,64,39,31,16,23,131,2,33,49,1642,2,6,22,77,31,95,101,107,89,53,15,491,43,27,23,12,125,21,126,48,37,29,0,0,0,1833,264
4989,0,0,0,0,0,0,0,0,0,0,0,0,0,0,0,0,0,0,0,0,0,0,0,0,0,0,0,0,0,0,0,0,0,0,0,0,0,0,0,0,0,0,0,0,0,0,0,0,0,0,0,0,0
4990,1601,1534,252,154,116,256,251,237,211,163,183,184,144,270,60,73,87,76,64,34,46,274,10,99,43,2806,3,8,36,130,63,150,173,193,125,99,32,835,70,45,15,38,191,36,244,78,59,59,0,0,0,3135,449
4991,35,16,7,7,5,3,2,1,0,1,4,6,1,3,0,0,3,1,0,1,1,5,1,0,3,44,0,0,1,2,0,0,3,2,2,1,2,10,0,2,0,1,0,1,0,2,0,4,0,0,0,51,7
4992,379,391,53,34,29,69,73,50,53,43,57,35,51,69,13,15,21,11,6,7,6,75,5,18,16,704,1,2,6,18,15,36,45,52,45,15,3,211,25,12,9,6,45,5,56,22,19,12,0,0,0,770,115
4993,0,0,0,0,0,0,0,0,0,0,0,0,0,0,0,0,0,0,0,0,0,0,0,0,0,0,0,0,0,0,0,0,0,0,0,0,0,0,0,0,0,0,0,0,0,0,0,0,0,0,0,0,0
4994,1,3,0,0,0,0,0,1,0,1,0,0,0,0,0,0,0,2,0,0,0,0,1,2,0,0,0,0,0,1,0,2,0,0,0,0,0,2,0,0,1,0,0,0,0,0,0,1,0,0,0,4,0
4995,0,0,0,0,0,0,0,0,0,0,0,0,0,0,0,0,0,0,0,0,0,0,0,0,0,0,0,0,0,0,0,0,0,0,0,0,0,0,0,0,0,0,0,0,0,0,0,0,0,0,0,0,0
4996,0,0,0,0,0,0,0,0,0,0,0,0,0,0,0,0,0,0,0,0,0,0,0,0,0,0,0,0,0,0,0,0,0,0,0,0,0,0,0,0,0,0,0,0,0,0,0,0,0,0,0,0,0
